game_id,pitcher_id,game_date,side,last3_starts,last3_appearances,clean_features,identity_source,identity_temporal_verification
"822696","676917","2026-08-13","home","[{""gameId"":""822699"",""date"":""2026-08-07"",""pitcherId"":""676917"",""side"":""home"",""started"":true,""source"":""BOXSCORE_START"",""k"":8,""ip"":""6.0"",""bf"":26,""pitches"":100,""competition"":""MLB_REGULAR_INFERRED""},{""gameId"":""824891"",""date"":""2026-08-02"",""pitcherId"":""676917"",""side"":""away"",""started"":true,""source"":""BOXSCORE_START"",""k"":3,""ip"":""6.0"",""bf"":23,""pitches"":90,""competition"":""MLB_REGULAR_INFERRED""},{""gameId"":""822703"",""date"":""2026-07-28"",""pitcherId"":""676917"",""side"":""home"",""started"":true,""source"":""BOXSCORE_START"",""k"":3,""ip"":""6.0"",""bf"":25,""pitches"":98,""competition"":""MLB_REGULAR_INFERRED""}]","[{""gameId"":""822699"",""date"":""2026-08-07"",""pitcherId"":""676917"",""side"":""home"",""started"":true,""source"":""LIVE_APPEARANCE"",""k"":8,""ip"":""6.0"",""bf"":26,""pitches"":100,""competition"":""MLB_REGULAR_INFERRED""},{""gameId"":""824891"",""date"":""2026-08-02"",""pitcherId"":""676917"",""side"":""away"",""started"":true,""source"":""LIVE_APPEARANCE"",""k"":3,""ip"":""6.0"",""bf"":23,""pitches"":90,""competition"":""MLB_REGULAR_INFERRED""},{""gameId"":""822703"",""date"":""2026-07-28"",""pitcherId"":""676917"",""side"":""home"",""started"":true,""source"":""LIVE_APPEARANCE"",""k"":3,""ip"":""6.0"",""bf"":25,""pitches"":98,""competition"":""MLB_REGULAR_INFERRED""}]","{""last3Ks1"":8,""last3Ks2"":3,""last3Ks3"":3,""last3Ip1"":6,""last3Ip2"":6,""last3Ip3"":6,""last3Bf1"":26,""last3Bf2"":23,""last3Bf3"":25,""last5KsAvg"":6.2,""last5KsStd"":2.6381811916545836,""last5IpAvg"":6,""last5BfAvg"":23.8,""last5PitchCountAvg"":94.6,""pitchesLast3Starts"":288,""pitchesLast3Appearances"":288,""daysSinceLastStart"":6,""daysSinceLastAppearance"":6}","LINESCORE_DEFENSE_PITCHER","NOT_VERIFIABLE"
"822702","641793","2026-07-29","home","[{""gameId"":""824979"",""date"":""2026-07-18"",""pitcherId"":""641793"",""side"":""away"",""started"":true,""source"":""BOXSCORE_START"",""k"":4,""ip"":""6.0"",""bf"":30,""pitches"":96,""competition"":""MLB_REGULAR_INFERRED""},{""gameId"":""824821"",""date"":""2026-06-28"",""pitcherId"":""641793"",""side"":""away"",""started"":true,""source"":""BOXSCORE_START"",""k"":3,""ip"":""5.0"",""bf"":20,""pitches"":82,""competition"":""MLB_REGULAR_INFERRED""},{""gameId"":""822721"",""date"":""2026-06-17"",""pitcherId"":""641793"",""side"":""home"",""started"":true,""source"":""BOXSCORE_START"",""k"":2,""ip"":""5.0"",""bf"":24,""pitches"":99,""competition"":""MLB_REGULAR_INFERRED""}]","[{""gameId"":""822707"",""date"":""2026-07-24"",""pitcherId"":""641793"",""side"":""home"",""started"":false,""source"":""LIVE_APPEARANCE"",""k"":5,""ip"":""5.0"",""bf"":20,""pitches"":77,""competition"":""MLB_REGULAR_INFERRED""},{""gameId"":""824979"",""date"":""2026-07-18"",""pitcherId"":""641793"",""side"":""away"",""started"":true,""source"":""LIVE_APPEARANCE"",""k"":4,""ip"":""6.0"",""bf"":30,""pitches"":96,""competition"":""MLB_REGULAR_INFERRED""},{""gameId"":""822709"",""date"":""2026-07-10"",""pitcherId"":""641793"",""side"":""home"",""started"":false,""source"":""LIVE_APPEARANCE"",""k"":5,""ip"":""4.0"",""bf"":15,""pitches"":69,""competition"":""MLB_REGULAR_INFERRED""}]","{""last3Ks1"":4,""last3Ks2"":3,""last3Ks3"":2,""last3Ip1"":6,""last3Ip2"":5,""last3Ip3"":5,""last3Bf1"":30,""last3Bf2"":20,""last3Bf3"":24,""last5KsAvg"":3.6,""last5KsStd"":1.019803902718557,""last5IpAvg"":5.4,""last5BfAvg"":23.4,""last5PitchCountAvg"":85,""pitchesLast3Starts"":277,""pitchesLast3Appearances"":242,""daysSinceLastStart"":11,""daysSinceLastAppearance"":5}","LINESCORE_DEFENSE_PITCHER","NOT_VERIFIABLE"
"822707","687223","2026-07-24","home","[{""gameId"":""824329"",""date"":""2026-07-21"",""pitcherId"":""687223"",""side"":""away"",""started"":true,""source"":""BOXSCORE_START"",""k"":2,""ip"":""1.2"",""bf"":11,""pitches"":36,""competition"":""MLB_REGULAR_INFERRED""},{""gameId"":""822709"",""date"":""2026-07-10"",""pitcherId"":""687223"",""side"":""home"",""started"":true,""source"":""BOXSCORE_START"",""k"":4,""ip"":""3.0"",""bf"":12,""pitches"":45,""competition"":""MLB_REGULAR_INFERRED""},{""gameId"":""822716"",""date"":""2026-07-04"",""pitcherId"":""687223"",""side"":""home"",""started"":true,""source"":""BOXSCORE_START"",""k"":3,""ip"":""1.0"",""bf"":8,""pitches"":37,""competition"":""MLB_REGULAR_INFERRED""}]","[{""gameId"":""824329"",""date"":""2026-07-21"",""pitcherId"":""687223"",""side"":""away"",""started"":true,""source"":""LIVE_APPEARANCE"",""k"":2,""ip"":""1.2"",""bf"":11,""pitches"":36,""competition"":""MLB_REGULAR_INFERRED""},{""gameId"":""824979"",""date"":""2026-07-18"",""pitcherId"":""687223"",""side"":""away"",""started"":false,""source"":""LIVE_APPEARANCE"",""k"":1,""ip"":""0.1"",""bf"":3,""pitches"":7,""competition"":""MLB_REGULAR_INFERRED""},{""gameId"":""822709"",""date"":""2026-07-10"",""pitcherId"":""687223"",""side"":""home"",""started"":true,""source"":""LIVE_APPEARANCE"",""k"":4,""ip"":""3.0"",""bf"":12,""pitches"":45,""competition"":""MLB_REGULAR_INFERRED""}]","{""last3Ks1"":2,""last3Ks2"":4,""last3Ks3"":3,""last3Ip1"":1.6666666666666667,""last3Ip2"":3,""last3Ip3"":1,""last3Bf1"":11,""last3Bf2"":12,""last3Bf3"":8,""last5KsAvg"":3,""last5KsStd"":0.7071067811865476,""last5IpAvg"":2.25,""last5BfAvg"":10.75,""last5PitchCountAvg"":44,""pitchesLast3Starts"":118,""pitchesLast3Appearances"":88,""daysSinceLastStart"":3,""daysSinceLastAppearance"":3}","LINESCORE_DEFENSE_PITCHER","NOT_VERIFIABLE"
"822708","676917","2026-07-12","home","[{""gameId"":""822715"",""date"":""2026-07-05"",""pitcherId"":""676917"",""side"":""home"",""started"":true,""source"":""BOXSCORE_START"",""k"":3,""ip"":""2.1"",""bf"":15,""pitches"":63,""competition"":""MLB_REGULAR_INFERRED""},{""gameId"":""822717"",""date"":""2026-06-25"",""pitcherId"":""676917"",""side"":""home"",""started"":true,""source"":""BOXSCORE_START"",""k"":7,""ip"":""6.0"",""bf"":25,""pitches"":97,""competition"":""MLB_REGULAR_INFERRED""},{""gameId"":""822967"",""date"":""2026-06-20"",""pitcherId"":""676917"",""side"":""away"",""started"":true,""source"":""BOXSCORE_START"",""k"":1,""ip"":""2.2"",""bf"":16,""pitches"":68,""competition"":""MLB_REGULAR_INFERRED""}]","[{""gameId"":""822715"",""date"":""2026-07-05"",""pitcherId"":""676917"",""side"":""home"",""started"":true,""source"":""LIVE_APPEARANCE"",""k"":3,""ip"":""2.1"",""bf"":15,""pitches"":63,""competition"":""MLB_REGULAR_INFERRED""},{""gameId"":""824742"",""date"":""2026-06-30"",""pitcherId"":""676917"",""side"":""away"",""started"":false,""source"":""LIVE_APPEARANCE"",""k"":13,""ip"":""7.0"",""bf"":23,""pitches"":100,""competition"":""MLB_REGULAR_INFERRED""},{""gameId"":""822717"",""date"":""2026-06-25"",""pitcherId"":""676917"",""side"":""home"",""started"":true,""source"":""LIVE_APPEARANCE"",""k"":7,""ip"":""6.0"",""bf"":25,""pitches"":97,""competition"":""MLB_REGULAR_INFERRED""}]","{""last3Ks1"":3,""last3Ks2"":7,""last3Ks3"":1,""last3Ip1"":2.3333333333333335,""last3Ip2"":6,""last3Ip3"":2.6666666666666665,""last3Bf1"":15,""last3Bf2"":25,""last3Bf3"":16,""last5KsAvg"":3.8,""last5KsStd"":2.3151673805580453,""last5IpAvg"":4.2,""last5BfAvg"":20.2,""last5PitchCountAvg"":81,""pitchesLast3Starts"":228,""pitchesLast3Appearances"":260,""daysSinceLastStart"":7,""daysSinceLastAppearance"":7}","LINESCORE_DEFENSE_PITCHER","NOT_VERIFIABLE"
"822709","687223","2026-07-10","home","[{""gameId"":""822716"",""date"":""2026-07-04"",""pitcherId"":""687223"",""side"":""home"",""started"":true,""source"":""BOXSCORE_START"",""k"":3,""ip"":""1.0"",""bf"":8,""pitches"":37,""competition"":""MLB_REGULAR_INFERRED""},{""gameId"":""822719"",""date"":""2026-06-24"",""pitcherId"":""687223"",""side"":""home"",""started"":true,""source"":""BOXSCORE_START"",""k"":3,""ip"":""3.1"",""bf"":12,""pitches"":58,""competition"":""MLB_REGULAR_INFERRED""}]","[{""gameId"":""822713"",""date"":""2026-07-07"",""pitcherId"":""687223"",""side"":""home"",""started"":false,""source"":""LIVE_APPEARANCE"",""k"":0,""ip"":""1.0"",""bf"":3,""pitches"":16,""competition"":""MLB_REGULAR_INFERRED""},{""gameId"":""822716"",""date"":""2026-07-04"",""pitcherId"":""687223"",""side"":""home"",""started"":true,""source"":""LIVE_APPEARANCE"",""k"":3,""ip"":""1.0"",""bf"":8,""pitches"":37,""competition"":""MLB_REGULAR_INFERRED""},{""gameId"":""824740"",""date"":""2026-07-01"",""pitcherId"":""687223"",""side"":""away"",""started"":false,""source"":""LIVE_APPEARANCE"",""k"":1,""ip"":""1.0"",""bf"":5,""pitches"":16,""competition"":""MLB_REGULAR_INFERRED""}]","{""last3Ks1"":3,""last3Ks2"":3,""last3Ks3"":null,""last3Ip1"":1,""last3Ip2"":3.3333333333333335,""last3Ip3"":null,""last3Bf1"":8,""last3Bf2"":12,""last3Bf3"":null,""last5KsAvg"":3,""last5KsStd"":0,""last5IpAvg"":2.166666666666667,""last5BfAvg"":10,""last5PitchCountAvg"":47.5,""pitchesLast3Starts"":95,""pitchesLast3Appearances"":69,""daysSinceLastStart"":6,""daysSinceLastAppearance"":3}","LINESCORE_DEFENSE_PITCHER","NOT_VERIFIABLE"
"822710","656492","2026-07-08","home","[{""gameId"":""822714"",""date"":""2026-07-03"",""pitcherId"":""656492"",""side"":""home"",""started"":true,""source"":""BOXSCORE_START"",""k"":2,""ip"":""5.0"",""bf"":20,""pitches"":83,""competition"":""MLB_REGULAR_INFERRED""},{""gameId"":""822720"",""date"":""2026-06-22"",""pitcherId"":""656492"",""side"":""home"",""started"":true,""source"":""BOXSCORE_START"",""k"":9,""ip"":""7.1"",""bf"":27,""pitches"":105,""competition"":""MLB_REGULAR_INFERRED""},{""gameId"":""822723"",""date"":""2026-06-16"",""pitcherId"":""656492"",""side"":""home"",""started"":true,""source"":""BOXSCORE_START"",""k"":6,""ip"":""6.0"",""bf"":26,""pitches"":100,""competition"":""MLB_REGULAR_INFERRED""}]","[{""gameId"":""822714"",""date"":""2026-07-03"",""pitcherId"":""656492"",""side"":""home"",""started"":true,""source"":""LIVE_APPEARANCE"",""k"":2,""ip"":""5.0"",""bf"":20,""pitches"":83,""competition"":""MLB_REGULAR_INFERRED""},{""gameId"":""824825"",""date"":""2026-06-27"",""pitcherId"":""656492"",""side"":""away"",""started"":false,""source"":""LIVE_APPEARANCE"",""k"":9,""ip"":""7.0"",""bf"":26,""pitches"":112,""competition"":""MLB_REGULAR_INFERRED""},{""gameId"":""822720"",""date"":""2026-06-22"",""pitcherId"":""656492"",""side"":""home"",""started"":true,""source"":""LIVE_APPEARANCE"",""k"":9,""ip"":""7.1"",""bf"":27,""pitches"":105,""competition"":""MLB_REGULAR_INFERRED""}]","{""last3Ks1"":2,""last3Ks2"":9,""last3Ks3"":6,""last3Ip1"":5,""last3Ip2"":7.333333333333333,""last3Ip3"":6,""last3Bf1"":20,""last3Bf2"":27,""last3Bf3"":26,""last5KsAvg"":5.2,""last5KsStd"":2.3151673805580453,""last5IpAvg"":5.866666666666666,""last5BfAvg"":22.8,""last5PitchCountAvg"":90,""pitchesLast3Starts"":288,""pitchesLast3Appearances"":300,""daysSinceLastStart"":5,""daysSinceLastAppearance"":5}","LINESCORE_DEFENSE_PITCHER","NOT_VERIFIABLE"
"822712","571945","2026-07-06","home","[{""gameId"":""824741"",""date"":""2026-06-29"",""pitcherId"":""571945"",""side"":""away"",""started"":true,""source"":""BOXSCORE_START"",""k"":3,""ip"":""7.0"",""bf"":30,""pitches"":97,""competition"":""MLB_REGULAR_INFERRED""},{""gameId"":""822740"",""date"":""2026-05-06"",""pitcherId"":""571945"",""side"":""home"",""started"":true,""source"":""BOXSCORE_START"",""k"":3,""ip"":""5.1"",""bf"":19,""pitches"":74,""competition"":""MLB_REGULAR_INFERRED""},{""gameId"":""822753"",""date"":""2026-04-08"",""pitcherId"":""571945"",""side"":""home"",""started"":true,""source"":""BOXSCORE_START"",""k"":3,""ip"":""3.0"",""bf"":17,""pitches"":55,""competition"":""MLB_REGULAR_INFERRED""}]","[{""gameId"":""824741"",""date"":""2026-06-29"",""pitcherId"":""571945"",""side"":""away"",""started"":true,""source"":""LIVE_APPEARANCE"",""k"":3,""ip"":""7.0"",""bf"":30,""pitches"":97,""competition"":""MLB_REGULAR_INFERRED""},{""gameId"":""822719"",""date"":""2026-06-24"",""pitcherId"":""571945"",""side"":""home"",""started"":false,""source"":""LIVE_APPEARANCE"",""k"":1,""ip"":""3.1"",""bf"":16,""pitches"":60,""competition"":""MLB_REGULAR_INFERRED""},{""gameId"":""822966"",""date"":""2026-06-19"",""pitcherId"":""571945"",""side"":""away"",""started"":false,""source"":""LIVE_APPEARANCE"",""k"":2,""ip"":""6.0"",""bf"":26,""pitches"":85,""competition"":""MLB_REGULAR_INFERRED""}]","{""last3Ks1"":3,""last3Ks2"":3,""last3Ks3"":3,""last3Ip1"":7,""last3Ip2"":5.333333333333333,""last3Ip3"":3,""last3Bf1"":30,""last3Bf2"":19,""last3Bf3"":17,""last5KsAvg"":3.4,""last5KsStd"":0.4898979485566356,""last5IpAvg"":4.933333333333333,""last5BfAvg"":23.2,""last5PitchCountAvg"":82,""pitchesLast3Starts"":226,""pitchesLast3Appearances"":242,""daysSinceLastStart"":7,""daysSinceLastAppearance"":7}","LINESCORE_DEFENSE_PITCHER","NOT_VERIFIABLE"
"822713","674841","2026-07-07","home","[{""gameId"":""824824"",""date"":""2026-06-26"",""pitcherId"":""674841"",""side"":""away"",""started"":true,""source"":""BOXSCORE_START"",""k"":5,""ip"":""4.1"",""bf"":20,""pitches"":88,""competition"":""MLB_REGULAR_INFERRED""},{""gameId"":""822968"",""date"":""2026-06-21"",""pitcherId"":""674841"",""side"":""away"",""started"":true,""source"":""BOXSCORE_START"",""k"":6,""ip"":""4.0"",""bf"":16,""pitches"":68,""competition"":""MLB_REGULAR_INFERRED""},{""gameId"":""822724"",""date"":""2026-06-15"",""pitcherId"":""674841"",""side"":""home"",""started"":true,""source"":""BOXSCORE_START"",""k"":5,""ip"":""4.0"",""bf"":18,""pitches"":58,""competition"":""MLB_REGULAR_INFERRED""}]","[{""gameId"":""824740"",""date"":""2026-07-01"",""pitcherId"":""674841"",""side"":""away"",""started"":false,""source"":""LIVE_APPEARANCE"",""k"":6,""ip"":""4.2"",""bf"":17,""pitches"":74,""competition"":""MLB_REGULAR_INFERRED""},{""gameId"":""824824"",""date"":""2026-06-26"",""pitcherId"":""674841"",""side"":""away"",""started"":true,""source"":""LIVE_APPEARANCE"",""k"":5,""ip"":""4.1"",""bf"":20,""pitches"":88,""competition"":""MLB_REGULAR_INFERRED""},{""gameId"":""822968"",""date"":""2026-06-21"",""pitcherId"":""674841"",""side"":""away"",""started"":true,""source"":""LIVE_APPEARANCE"",""k"":6,""ip"":""4.0"",""bf"":16,""pitches"":68,""competition"":""MLB_REGULAR_INFERRED""}]","{""last3Ks1"":5,""last3Ks2"":6,""last3Ks3"":5,""last3Ip1"":4.333333333333333,""last3Ip2"":4,""last3Ip3"":4,""last3Bf1"":20,""last3Bf2"":16,""last3Bf3"":18,""last5KsAvg"":5,""last5KsStd"":0.6324555320336759,""last5IpAvg"":4.2,""last5BfAvg"":18.6,""last5PitchCountAvg"":77.2,""pitchesLast3Starts"":214,""pitchesLast3Appearances"":230,""daysSinceLastStart"":11,""daysSinceLastAppearance"":6}","LINESCORE_DEFENSE_PITCHER","NOT_VERIFIABLE"
"822714","656492","2026-07-03","home","[{""gameId"":""822720"",""date"":""2026-06-22"",""pitcherId"":""656492"",""side"":""home"",""started"":true,""source"":""BOXSCORE_START"",""k"":9,""ip"":""7.1"",""bf"":27,""pitches"":105,""competition"":""MLB_REGULAR_INFERRED""},{""gameId"":""822723"",""date"":""2026-06-16"",""pitcherId"":""656492"",""side"":""home"",""started"":true,""source"":""BOXSCORE_START"",""k"":6,""ip"":""6.0"",""bf"":26,""pitches"":100,""competition"":""MLB_REGULAR_INFERRED""},{""gameId"":""823215"",""date"":""2026-06-10"",""pitcherId"":""656492"",""side"":""away"",""started"":true,""source"":""BOXSCORE_START"",""k"":5,""ip"":""6.0"",""bf"":24,""pitches"":100,""competition"":""MLB_REGULAR_INFERRED""}]","[{""gameId"":""824825"",""date"":""2026-06-27"",""pitcherId"":""656492"",""side"":""away"",""started"":false,""source"":""LIVE_APPEARANCE"",""k"":9,""ip"":""7.0"",""bf"":26,""pitches"":112,""competition"":""MLB_REGULAR_INFERRED""},{""gameId"":""822720"",""date"":""2026-06-22"",""pitcherId"":""656492"",""side"":""home"",""started"":true,""source"":""LIVE_APPEARANCE"",""k"":9,""ip"":""7.1"",""bf"":27,""pitches"":105,""competition"":""MLB_REGULAR_INFERRED""},{""gameId"":""822723"",""date"":""2026-06-16"",""pitcherId"":""656492"",""side"":""home"",""started"":true,""source"":""LIVE_APPEARANCE"",""k"":6,""ip"":""6.0"",""bf"":26,""pitches"":100,""competition"":""MLB_REGULAR_INFERRED""}]","{""last3Ks1"":9,""last3Ks2"":6,""last3Ks3"":5,""last3Ip1"":7.333333333333333,""last3Ip2"":6,""last3Ip3"":6,""last3Bf1"":27,""last3Bf2"":26,""last3Bf3"":24,""last5KsAvg"":5.8,""last5KsStd"":1.7204650534085253,""last5IpAvg"":5.866666666666666,""last5BfAvg"":23,""last5PitchCountAvg"":91.4,""pitchesLast3Starts"":305,""pitchesLast3Appearances"":317,""daysSinceLastStart"":11,""daysSinceLastAppearance"":6}","LINESCORE_DEFENSE_PITCHER","NOT_VERIFIABLE"
"822716","687223","2026-07-04","home","[{""gameId"":""822719"",""date"":""2026-06-24"",""pitcherId"":""687223"",""side"":""home"",""started"":true,""source"":""BOXSCORE_START"",""k"":3,""ip"":""3.1"",""bf"":12,""pitches"":58,""competition"":""MLB_REGULAR_INFERRED""}]","[{""gameId"":""824740"",""date"":""2026-07-01"",""pitcherId"":""687223"",""side"":""away"",""started"":false,""source"":""LIVE_APPEARANCE"",""k"":1,""ip"":""1.0"",""bf"":5,""pitches"":16,""competition"":""MLB_REGULAR_INFERRED""},{""gameId"":""822719"",""date"":""2026-06-24"",""pitcherId"":""687223"",""side"":""home"",""started"":true,""source"":""LIVE_APPEARANCE"",""k"":3,""ip"":""3.1"",""bf"":12,""pitches"":58,""competition"":""MLB_REGULAR_INFERRED""}]","{""last3Ks1"":3,""last3Ks2"":null,""last3Ks3"":null,""last3Ip1"":3.3333333333333335,""last3Ip2"":null,""last3Ip3"":null,""last3Bf1"":12,""last3Bf2"":null,""last3Bf3"":null,""last5KsAvg"":3,""last5KsStd"":0,""last5IpAvg"":3.3333333333333335,""last5BfAvg"":12,""last5PitchCountAvg"":58,""pitchesLast3Starts"":58,""pitchesLast3Appearances"":74,""daysSinceLastStart"":10,""daysSinceLastAppearance"":3}","LINESCORE_DEFENSE_PITCHER","NOT_VERIFIABLE"
"822717","676917","2026-06-25","home","[{""gameId"":""822967"",""date"":""2026-06-20"",""pitcherId"":""676917"",""side"":""away"",""started"":true,""source"":""BOXSCORE_START"",""k"":1,""ip"":""2.2"",""bf"":16,""pitches"":68,""competition"":""MLB_REGULAR_INFERRED""},{""gameId"":""825074"",""date"":""2026-06-07"",""pitcherId"":""676917"",""side"":""away"",""started"":true,""source"":""BOXSCORE_START"",""k"":2,""ip"":""5.0"",""bf"":22,""pitches"":88,""competition"":""MLB_REGULAR_INFERRED""},{""gameId"":""822730"",""date"":""2026-06-01"",""pitcherId"":""676917"",""side"":""home"",""started"":true,""source"":""BOXSCORE_START"",""k"":6,""ip"":""5.0"",""bf"":23,""pitches"":89,""competition"":""MLB_REGULAR_INFERRED""}]","[{""gameId"":""822967"",""date"":""2026-06-20"",""pitcherId"":""676917"",""side"":""away"",""started"":true,""source"":""LIVE_APPEARANCE"",""k"":1,""ip"":""2.2"",""bf"":16,""pitches"":68,""competition"":""MLB_REGULAR_INFERRED""},{""gameId"":""825074"",""date"":""2026-06-07"",""pitcherId"":""676917"",""side"":""away"",""started"":true,""source"":""LIVE_APPEARANCE"",""k"":2,""ip"":""5.0"",""bf"":22,""pitches"":88,""competition"":""MLB_REGULAR_INFERRED""},{""gameId"":""822730"",""date"":""2026-06-01"",""pitcherId"":""676917"",""side"":""home"",""started"":true,""source"":""LIVE_APPEARANCE"",""k"":6,""ip"":""5.0"",""bf"":23,""pitches"":89,""competition"":""MLB_REGULAR_INFERRED""}]","{""last3Ks1"":1,""last3Ks2"":2,""last3Ks3"":6,""last3Ip1"":2.6666666666666665,""last3Ip2"":5,""last3Ip3"":5,""last3Bf1"":16,""last3Bf2"":22,""last3Bf3"":23,""last5KsAvg"":5,""last5KsStd"":3.03315017762062,""last5IpAvg"":5.133333333333333,""last5BfAvg"":22.6,""last5PitchCountAvg"":83.2,""pitchesLast3Starts"":245,""pitchesLast3Appearances"":245,""daysSinceLastStart"":5,""daysSinceLastAppearance"":5}","LINESCORE_DEFENSE_PITCHER","NOT_VERIFIABLE"
"822718","676571","2026-06-23","home","[{""gameId"":""822966"",""date"":""2026-06-19"",""pitcherId"":""676571"",""side"":""away"",""started"":true,""source"":""BOXSCORE_START"",""k"":1,""ip"":""2.0"",""bf"":7,""pitches"":23,""competition"":""MLB_REGULAR_INFERRED""},{""gameId"":""824432"",""date"":""2026-05-27"",""pitcherId"":""676571"",""side"":""away"",""started"":true,""source"":""BOXSCORE_START"",""k"":1,""ip"":""1.0"",""bf"":3,""pitches"":13,""competition"":""MLB_REGULAR_INFERRED""},{""gameId"":""824437"",""date"":""2026-05-25"",""pitcherId"":""676571"",""side"":""away"",""started"":true,""source"":""BOXSCORE_START"",""k"":0,""ip"":""2.0"",""bf"":7,""pitches"":29,""competition"":""MLB_REGULAR_INFERRED""}]","[{""gameId"":""822966"",""date"":""2026-06-19"",""pitcherId"":""676571"",""side"":""away"",""started"":true,""source"":""LIVE_APPEARANCE"",""k"":1,""ip"":""2.0"",""bf"":7,""pitches"":23,""competition"":""MLB_REGULAR_INFERRED""},{""gameId"":""822721"",""date"":""2026-06-17"",""pitcherId"":""676571"",""side"":""home"",""started"":false,""source"":""LIVE_APPEARANCE"",""k"":0,""ip"":""1.0"",""bf"":5,""pitches"":23,""competition"":""MLB_REGULAR_INFERRED""},{""gameId"":""824432"",""date"":""2026-05-27"",""pitcherId"":""676571"",""side"":""away"",""started"":true,""source"":""LIVE_APPEARANCE"",""k"":1,""ip"":""1.0"",""bf"":3,""pitches"":13,""competition"":""MLB_REGULAR_INFERRED""}]","{""last3Ks1"":1,""last3Ks2"":1,""last3Ks3"":0,""last3Ip1"":2,""last3Ip2"":1,""last3Ip3"":2,""last3Bf1"":7,""last3Bf2"":3,""last3Bf3"":7,""last5KsAvg"":1,""last5KsStd"":0.6324555320336759,""last5IpAvg"":1.7333333333333332,""last5BfAvg"":6.4,""last5PitchCountAvg"":25.8,""pitchesLast3Starts"":65,""pitchesLast3Appearances"":59,""daysSinceLastStart"":4,""daysSinceLastAppearance"":4}","LINESCORE_DEFENSE_PITCHER","NOT_VERIFIABLE"
"822719","687223","2026-06-24","home","[]","[]","{""last3Ks1"":null,""last3Ks2"":null,""last3Ks3"":null,""last3Ip1"":null,""last3Ip2"":null,""last3Ip3"":null,""last3Bf1"":null,""last3Bf2"":null,""last3Bf3"":null,""last5KsAvg"":null,""last5KsStd"":null,""last5IpAvg"":null,""last5BfAvg"":null,""last5PitchCountAvg"":null,""pitchesLast3Starts"":null,""pitchesLast3Appearances"":null,""daysSinceLastStart"":null,""daysSinceLastAppearance"":null}","LINESCORE_DEFENSE_PITCHER","NOT_VERIFIABLE"
"822776","453286","2026-08-13","home","[{""gameId"":""823426"",""date"":""2026-08-08"",""pitcherId"":""453286"",""side"":""away"",""started"":true,""source"":""BOXSCORE_START"",""k"":4,""ip"":""5.1"",""bf"":21,""pitches"":84,""competition"":""MLB_REGULAR_INFERRED""},{""gameId"":""822783"",""date"":""2026-08-02"",""pitcherId"":""453286"",""side"":""home"",""started"":true,""source"":""BOXSCORE_START"",""k"":5,""ip"":""6.0"",""bf"":23,""pitches"":84,""competition"":""MLB_REGULAR_INFERRED""},{""gameId"":""822705"",""date"":""2026-07-27"",""pitcherId"":""453286"",""side"":""away"",""started"":true,""source"":""BOXSCORE_START"",""k"":4,""ip"":""2.2"",""bf"":15,""pitches"":75,""competition"":""MLB_REGULAR_INFERRED""}]","[{""gameId"":""823426"",""date"":""2026-08-08"",""pitcherId"":""453286"",""side"":""away"",""started"":true,""source"":""LIVE_APPEARANCE"",""k"":4,""ip"":""5.1"",""bf"":21,""pitches"":84,""competition"":""MLB_REGULAR_INFERRED""},{""gameId"":""822783"",""date"":""2026-08-02"",""pitcherId"":""453286"",""side"":""home"",""started"":true,""source"":""LIVE_APPEARANCE"",""k"":5,""ip"":""6.0"",""bf"":23,""pitches"":84,""competition"":""MLB_REGULAR_INFERRED""},{""gameId"":""822705"",""date"":""2026-07-27"",""pitcherId"":""453286"",""side"":""away"",""started"":true,""source"":""LIVE_APPEARANCE"",""k"":4,""ip"":""2.2"",""bf"":15,""pitches"":75,""competition"":""MLB_REGULAR_INFERRED""}]","{""last3Ks1"":4,""last3Ks2"":5,""last3Ks3"":4,""last3Ip1"":5.333333333333333,""last3Ip2"":6,""last3Ip3"":2.6666666666666665,""last3Bf1"":21,""last3Bf2"":23,""last3Bf3"":15,""last5KsAvg"":3.4,""last5KsStd"":1.7435595774162693,""last5IpAvg"":3.9333333333333327,""last5BfAvg"":18.6,""last5PitchCountAvg"":81.4,""pitchesLast3Starts"":243,""pitchesLast3Appearances"":243,""daysSinceLastStart"":5,""daysSinceLastAppearance"":5}","LINESCORE_DEFENSE_PITCHER","NOT_VERIFIABLE"
"822785","669456","2026-07-23","home","[{""gameId"":""822790"",""date"":""2026-07-18"",""pitcherId"":""669456"",""side"":""home"",""started"":true,""source"":""BOXSCORE_START"",""k"":6,""ip"":""6.0"",""bf"":22,""pitches"":80,""competition"":""MLB_REGULAR_INFERRED""},{""gameId"":""823278"",""date"":""2026-07-10"",""pitcherId"":""669456"",""side"":""away"",""started"":true,""source"":""BOXSCORE_START"",""k"":4,""ip"":""4.2"",""bf"":22,""pitches"":97,""competition"":""MLB_REGULAR_INFERRED""},{""gameId"":""823118"",""date"":""2026-07-04"",""pitcherId"":""669456"",""side"":""away"",""started"":true,""source"":""BOXSCORE_START"",""k"":3,""ip"":""4.0"",""bf"":21,""pitches"":89,""competition"":""MLB_REGULAR_INFERRED""}]","[{""gameId"":""822790"",""date"":""2026-07-18"",""pitcherId"":""669456"",""side"":""home"",""started"":true,""source"":""LIVE_APPEARANCE"",""k"":6,""ip"":""6.0"",""bf"":22,""pitches"":80,""competition"":""MLB_REGULAR_INFERRED""},{""gameId"":""823278"",""date"":""2026-07-10"",""pitcherId"":""669456"",""side"":""away"",""started"":true,""source"":""LIVE_APPEARANCE"",""k"":4,""ip"":""4.2"",""bf"":22,""pitches"":97,""competition"":""MLB_REGULAR_INFERRED""},{""gameId"":""823118"",""date"":""2026-07-04"",""pitcherId"":""669456"",""side"":""away"",""started"":true,""source"":""LIVE_APPEARANCE"",""k"":3,""ip"":""4.0"",""bf"":21,""pitches"":89,""competition"":""MLB_REGULAR_INFERRED""}]","{""last3Ks1"":6,""last3Ks2"":4,""last3Ks3"":3,""last3Ip1"":6,""last3Ip2"":4.666666666666667,""last3Ip3"":4,""last3Bf1"":22,""last3Bf2"":22,""last3Bf3"":21,""last5KsAvg"":3.8,""last5KsStd"":1.32664991614216,""last5IpAvg"":4.733333333333333,""last5BfAvg"":21.6,""last5PitchCountAvg"":86.6,""pitchesLast3Starts"":266,""pitchesLast3Appearances"":266,""daysSinceLastStart"":5,""daysSinceLastAppearance"":5}","LINESCORE_DEFENSE_PITCHER","NOT_VERIFIABLE"
"822787","592332","2026-07-21","home","[{""gameId"":""823274"",""date"":""2026-07-12"",""pitcherId"":""592332"",""side"":""away"",""started"":true,""source"":""BOXSCORE_START"",""k"":8,""ip"":""6.0"",""bf"":25,""pitches"":103,""competition"":""MLB_REGULAR_INFERRED""},{""gameId"":""823205"",""date"":""2026-07-06"",""pitcherId"":""592332"",""side"":""away"",""started"":true,""source"":""BOXSCORE_START"",""k"":8,""ip"":""5.1"",""bf"":26,""pitches"":92,""competition"":""MLB_REGULAR_INFERRED""},{""gameId"":""822797"",""date"":""2026-06-25"",""pitcherId"":""592332"",""side"":""home"",""started"":true,""source"":""BOXSCORE_START"",""k"":4,""ip"":""6.0"",""bf"":28,""pitches"":99,""competition"":""MLB_REGULAR_INFERRED""}]","[{""gameId"":""823274"",""date"":""2026-07-12"",""pitcherId"":""592332"",""side"":""away"",""started"":true,""source"":""LIVE_APPEARANCE"",""k"":8,""ip"":""6.0"",""bf"":25,""pitches"":103,""competition"":""MLB_REGULAR_INFERRED""},{""gameId"":""823205"",""date"":""2026-07-06"",""pitcherId"":""592332"",""side"":""away"",""started"":true,""source"":""LIVE_APPEARANCE"",""k"":8,""ip"":""5.1"",""bf"":26,""pitches"":92,""competition"":""MLB_REGULAR_INFERRED""},{""gameId"":""822793"",""date"":""2026-06-30"",""pitcherId"":""592332"",""side"":""home"",""started"":false,""source"":""LIVE_APPEARANCE"",""k"":7,""ip"":""6.0"",""bf"":25,""pitches"":96,""competition"":""MLB_REGULAR_INFERRED""}]","{""last3Ks1"":8,""last3Ks2"":8,""last3Ks3"":4,""last3Ip1"":6,""last3Ip2"":5.333333333333333,""last3Ip3"":6,""last3Bf1"":25,""last3Bf2"":26,""last3Bf3"":28,""last5KsAvg"":5.6,""last5KsStd"":2.0591260281974,""last5IpAvg"":4.866666666666666,""last5BfAvg"":23.2,""last5PitchCountAvg"":91,""pitchesLast3Starts"":294,""pitchesLast3Appearances"":291,""daysSinceLastStart"":9,""daysSinceLastAppearance"":9}","LINESCORE_DEFENSE_PITCHER","NOT_VERIFIABLE"
"822789","693686","2026-07-17","home","[{""gameId"":""823203"",""date"":""2026-07-07"",""pitcherId"":""693686"",""side"":""away"",""started"":true,""source"":""BOXSCORE_START"",""k"":1,""ip"":""4.0"",""bf"":18,""pitches"":55,""competition"":""MLB_REGULAR_INFERRED""},{""gameId"":""824832"",""date"":""2026-05-31"",""pitcherId"":""693686"",""side"":""away"",""started"":true,""source"":""BOXSCORE_START"",""k"":2,""ip"":""3.0"",""bf"":17,""pitches"":70,""competition"":""MLB_REGULAR_INFERRED""},{""gameId"":""822819"",""date"":""2026-05-10"",""pitcherId"":""693686"",""side"":""home"",""started"":true,""source"":""BOXSCORE_START"",""k"":2,""ip"":""3.0"",""bf"":11,""pitches"":38,""competition"":""MLB_REGULAR_INFERRED""}]","[{""gameId"":""823276"",""date"":""2026-07-11"",""pitcherId"":""693686"",""side"":""away"",""started"":false,""source"":""LIVE_APPEARANCE"",""k"":1,""ip"":""2.0"",""bf"":8,""pitches"":39,""competition"":""MLB_REGULAR_INFERRED""},{""gameId"":""823203"",""date"":""2026-07-07"",""pitcherId"":""693686"",""side"":""away"",""started"":true,""source"":""LIVE_APPEARANCE"",""k"":1,""ip"":""4.0"",""bf"":18,""pitches"":55,""competition"":""MLB_REGULAR_INFERRED""},{""gameId"":""822796"",""date"":""2026-06-26"",""pitcherId"":""693686"",""side"":""home"",""started"":false,""source"":""LIVE_APPEARANCE"",""k"":3,""ip"":""2.2"",""bf"":9,""pitches"":35,""competition"":""MLB_REGULAR_INFERRED""}]","{""last3Ks1"":1,""last3Ks2"":2,""last3Ks3"":2,""last3Ip1"":4,""last3Ip2"":3,""last3Ip3"":3,""last3Bf1"":18,""last3Bf2"":17,""last3Bf3"":11,""last5KsAvg"":1.6666666666666667,""last5KsStd"":0.4714045207910317,""last5IpAvg"":3.3333333333333335,""last5BfAvg"":15.333333333333334,""last5PitchCountAvg"":54.333333333333336,""pitchesLast3Starts"":163,""pitchesLast3Appearances"":129,""daysSinceLastStart"":10,""daysSinceLastAppearance"":6}","LINESCORE_DEFENSE_PITCHER","NOT_VERIFIABLE"
"822792","702056","2026-06-29","home","[{""gameId"":""822798"",""date"":""2026-06-24"",""pitcherId"":""702056"",""side"":""home"",""started"":true,""source"":""BOXSCORE_START"",""k"":5,""ip"":""5.2"",""bf"":25,""pitches"":105,""competition"":""MLB_REGULAR_INFERRED""},{""gameId"":""824748"",""date"":""2026-06-18"",""pitcherId"":""702056"",""side"":""away"",""started"":true,""source"":""BOXSCORE_START"",""k"":6,""ip"":""7.1"",""bf"":26,""pitches"":95,""competition"":""MLB_REGULAR_INFERRED""},{""gameId"":""824833"",""date"":""2026-05-30"",""pitcherId"":""702056"",""side"":""away"",""started"":true,""source"":""BOXSCORE_START"",""k"":4,""ip"":""5.0"",""bf"":21,""pitches"":92,""competition"":""MLB_REGULAR_INFERRED""}]","[{""gameId"":""822798"",""date"":""2026-06-24"",""pitcherId"":""702056"",""side"":""home"",""started"":true,""source"":""LIVE_APPEARANCE"",""k"":5,""ip"":""5.2"",""bf"":25,""pitches"":105,""competition"":""MLB_REGULAR_INFERRED""},{""gameId"":""824748"",""date"":""2026-06-18"",""pitcherId"":""702056"",""side"":""away"",""started"":true,""source"":""LIVE_APPEARANCE"",""k"":6,""ip"":""7.1"",""bf"":26,""pitches"":95,""competition"":""MLB_REGULAR_INFERRED""},{""gameId"":""822810"",""date"":""2026-06-05"",""pitcherId"":""702056"",""side"":""home"",""started"":false,""source"":""LIVE_APPEARANCE"",""k"":5,""ip"":""5.2"",""bf"":24,""pitches"":91,""competition"":""MLB_REGULAR_INFERRED""}]","{""last3Ks1"":5,""last3Ks2"":6,""last3Ks3"":4,""last3Ip1"":5.666666666666667,""last3Ip2"":7.333333333333333,""last3Ip3"":5,""last3Bf1"":25,""last3Bf2"":26,""last3Bf3"":21,""last5KsAvg"":5.8,""last5KsStd"":1.32664991614216,""last5IpAvg"":6,""last5BfAvg"":23.2,""last5PitchCountAvg"":95,""pitchesLast3Starts"":292,""pitchesLast3Appearances"":291,""daysSinceLastStart"":5,""daysSinceLastAppearance"":5}","LINESCORE_DEFENSE_PITCHER","NOT_VERIFIABLE"
"822795","669456","2026-06-28","home","[{""gameId"":""822799"",""date"":""2026-06-23"",""pitcherId"":""669456"",""side"":""home"",""started"":true,""source"":""BOXSCORE_START"",""k"":2,""ip"":""3.2"",""bf"":19,""pitches"":75,""competition"":""MLB_REGULAR_INFERRED""}]","[{""gameId"":""822799"",""date"":""2026-06-23"",""pitcherId"":""669456"",""side"":""home"",""started"":true,""source"":""LIVE_APPEARANCE"",""k"":2,""ip"":""3.2"",""bf"":19,""pitches"":75,""competition"":""MLB_REGULAR_INFERRED""}]","{""last3Ks1"":2,""last3Ks2"":null,""last3Ks3"":null,""last3Ip1"":3.6666666666666665,""last3Ip2"":null,""last3Ip3"":null,""last3Bf1"":19,""last3Bf2"":null,""last3Bf3"":null,""last5KsAvg"":2,""last5KsStd"":0,""last5IpAvg"":3.6666666666666665,""last5BfAvg"":19,""last5PitchCountAvg"":75,""pitchesLast3Starts"":75,""pitchesLast3Appearances"":75,""daysSinceLastStart"":5,""daysSinceLastAppearance"":5}","LINESCORE_DEFENSE_PITCHER","NOT_VERIFIABLE"
"822796","571578","2026-06-26","home","[{""gameId"":""824665"",""date"":""2026-06-20"",""pitcherId"":""571578"",""side"":""away"",""started"":true,""source"":""BOXSCORE_START"",""k"":4,""ip"":""3.2"",""bf"":20,""pitches"":101,""competition"":""MLB_REGULAR_INFERRED""},{""gameId"":""822806"",""date"":""2026-06-08"",""pitcherId"":""571578"",""side"":""home"",""started"":true,""source"":""BOXSCORE_START"",""k"":3,""ip"":""3.0"",""bf"":18,""pitches"":79,""competition"":""MLB_REGULAR_INFERRED""},{""gameId"":""824917"",""date"":""2026-06-03"",""pitcherId"":""571578"",""side"":""away"",""started"":true,""source"":""BOXSCORE_START"",""k"":1,""ip"":""5.0"",""bf"":23,""pitches"":85,""competition"":""MLB_REGULAR_INFERRED""}]","[{""gameId"":""824665"",""date"":""2026-06-20"",""pitcherId"":""571578"",""side"":""away"",""started"":true,""source"":""LIVE_APPEARANCE"",""k"":4,""ip"":""3.2"",""bf"":20,""pitches"":101,""competition"":""MLB_REGULAR_INFERRED""},{""gameId"":""822806"",""date"":""2026-06-08"",""pitcherId"":""571578"",""side"":""home"",""started"":true,""source"":""LIVE_APPEARANCE"",""k"":3,""ip"":""3.0"",""bf"":18,""pitches"":79,""competition"":""MLB_REGULAR_INFERRED""},{""gameId"":""824917"",""date"":""2026-06-03"",""pitcherId"":""571578"",""side"":""away"",""started"":true,""source"":""LIVE_APPEARANCE"",""k"":1,""ip"":""5.0"",""bf"":23,""pitches"":85,""competition"":""MLB_REGULAR_INFERRED""}]","{""last3Ks1"":4,""last3Ks2"":3,""last3Ks3"":1,""last3Ip1"":3.6666666666666665,""last3Ip2"":3,""last3Ip3"":5,""last3Bf1"":20,""last3Bf2"":18,""last3Bf3"":23,""last5KsAvg"":3.8,""last5KsStd"":1.9390719429665317,""last5IpAvg"":4.533333333333333,""last5BfAvg"":21,""last5PitchCountAvg"":85.8,""pitchesLast3Starts"":265,""pitchesLast3Appearances"":265,""daysSinceLastStart"":6,""daysSinceLastAppearance"":6}","LINESCORE_DEFENSE_PITCHER","NOT_VERIFIABLE"
"822797","592332","2026-06-25","home","[{""gameId"":""824663"",""date"":""2026-06-19"",""pitcherId"":""592332"",""side"":""away"",""started"":true,""source"":""BOXSCORE_START"",""k"":3,""ip"":""2.0"",""bf"":17,""pitches"":68,""competition"":""MLB_REGULAR_INFERRED""},{""gameId"":""822807"",""date"":""2026-06-07"",""pitcherId"":""592332"",""side"":""home"",""started"":true,""source"":""BOXSCORE_START"",""k"":5,""ip"":""5.0"",""bf"":20,""pitches"":93,""competition"":""MLB_REGULAR_INFERRED""},{""gameId"":""824918"",""date"":""2026-06-02"",""pitcherId"":""592332"",""side"":""away"",""started"":true,""source"":""BOXSCORE_START"",""k"":8,""ip"":""6.0"",""bf"":25,""pitches"":96,""competition"":""MLB_REGULAR_INFERRED""}]","[{""gameId"":""824663"",""date"":""2026-06-19"",""pitcherId"":""592332"",""side"":""away"",""started"":true,""source"":""LIVE_APPEARANCE"",""k"":3,""ip"":""2.0"",""bf"":17,""pitches"":68,""competition"":""MLB_REGULAR_INFERRED""},{""gameId"":""822807"",""date"":""2026-06-07"",""pitcherId"":""592332"",""side"":""home"",""started"":true,""source"":""LIVE_APPEARANCE"",""k"":5,""ip"":""5.0"",""bf"":20,""pitches"":93,""competition"":""MLB_REGULAR_INFERRED""},{""gameId"":""824918"",""date"":""2026-06-02"",""pitcherId"":""592332"",""side"":""away"",""started"":true,""source"":""LIVE_APPEARANCE"",""k"":8,""ip"":""6.0"",""bf"":25,""pitches"":96,""competition"":""MLB_REGULAR_INFERRED""}]","{""last3Ks1"":3,""last3Ks2"":5,""last3Ks3"":8,""last3Ip1"":2,""last3Ip2"":5,""last3Ip3"":6,""last3Bf1"":17,""last3Bf2"":20,""last3Bf3"":25,""last5KsAvg"":5.8,""last5KsStd"":1.9390719429665317,""last5IpAvg"":4.933333333333334,""last5BfAvg"":22.2,""last5PitchCountAvg"":89.2,""pitchesLast3Starts"":257,""pitchesLast3Appearances"":257,""daysSinceLastStart"":6,""daysSinceLastAppearance"":6}","LINESCORE_DEFENSE_PITCHER","NOT_VERIFIABLE"
"822798","702056","2026-06-24","home","[{""gameId"":""824748"",""date"":""2026-06-18"",""pitcherId"":""702056"",""side"":""away"",""started"":true,""source"":""BOXSCORE_START"",""k"":6,""ip"":""7.1"",""bf"":26,""pitches"":95,""competition"":""MLB_REGULAR_INFERRED""},{""gameId"":""824833"",""date"":""2026-05-30"",""pitcherId"":""702056"",""side"":""away"",""started"":true,""source"":""BOXSCORE_START"",""k"":4,""ip"":""5.0"",""bf"":21,""pitches"":92,""competition"":""MLB_REGULAR_INFERRED""},{""gameId"":""823547"",""date"":""2026-05-20"",""pitcherId"":""702056"",""side"":""away"",""started"":true,""source"":""BOXSCORE_START"",""k"":8,""ip"":""6.0"",""bf"":20,""pitches"":95,""competition"":""MLB_REGULAR_INFERRED""}]","[{""gameId"":""824748"",""date"":""2026-06-18"",""pitcherId"":""702056"",""side"":""away"",""started"":true,""source"":""LIVE_APPEARANCE"",""k"":6,""ip"":""7.1"",""bf"":26,""pitches"":95,""competition"":""MLB_REGULAR_INFERRED""},{""gameId"":""822810"",""date"":""2026-06-05"",""pitcherId"":""702056"",""side"":""home"",""started"":false,""source"":""LIVE_APPEARANCE"",""k"":5,""ip"":""5.2"",""bf"":24,""pitches"":91,""competition"":""MLB_REGULAR_INFERRED""},{""gameId"":""824833"",""date"":""2026-05-30"",""pitcherId"":""702056"",""side"":""away"",""started"":true,""source"":""LIVE_APPEARANCE"",""k"":4,""ip"":""5.0"",""bf"":21,""pitches"":92,""competition"":""MLB_REGULAR_INFERRED""}]","{""last3Ks1"":6,""last3Ks2"":4,""last3Ks3"":8,""last3Ip1"":7.333333333333333,""last3Ip2"":5,""last3Ip3"":6,""last3Bf1"":26,""last3Bf2"":21,""last3Bf3"":20,""last5KsAvg"":6,""last5KsStd"":1.2649110640673518,""last5IpAvg"":5.666666666666666,""last5BfAvg"":21.6,""last5PitchCountAvg"":91.4,""pitchesLast3Starts"":282,""pitchesLast3Appearances"":278,""daysSinceLastStart"":6,""daysSinceLastAppearance"":6}","LINESCORE_DEFENSE_PITCHER","NOT_VERIFIABLE"
"822871","677958","2026-07-21","home","[{""gameId"":""822875"",""date"":""2026-07-11"",""pitcherId"":""677958"",""side"":""home"",""started"":true,""source"":""BOXSCORE_START"",""k"":6,""ip"":""5.2"",""bf"":28,""pitches"":91,""competition"":""MLB_REGULAR_INFERRED""},{""gameId"":""822879"",""date"":""2026-07-05"",""pitcherId"":""677958"",""side"":""home"",""started"":true,""source"":""BOXSCORE_START"",""k"":4,""ip"":""4.1"",""bf"":18,""pitches"":85,""competition"":""MLB_REGULAR_INFERRED""},{""gameId"":""822795"",""date"":""2026-06-28"",""pitcherId"":""677958"",""side"":""away"",""started"":true,""source"":""BOXSCORE_START"",""k"":5,""ip"":""6.0"",""bf"":23,""pitches"":92,""competition"":""MLB_REGULAR_INFERRED""}]","[{""gameId"":""822875"",""date"":""2026-07-11"",""pitcherId"":""677958"",""side"":""home"",""started"":true,""source"":""LIVE_APPEARANCE"",""k"":6,""ip"":""5.2"",""bf"":28,""pitches"":91,""competition"":""MLB_REGULAR_INFERRED""},{""gameId"":""822879"",""date"":""2026-07-05"",""pitcherId"":""677958"",""side"":""home"",""started"":true,""source"":""LIVE_APPEARANCE"",""k"":4,""ip"":""4.1"",""bf"":18,""pitches"":85,""competition"":""MLB_REGULAR_INFERRED""},{""gameId"":""822795"",""date"":""2026-06-28"",""pitcherId"":""677958"",""side"":""away"",""started"":true,""source"":""LIVE_APPEARANCE"",""k"":5,""ip"":""6.0"",""bf"":23,""pitches"":92,""competition"":""MLB_REGULAR_INFERRED""}]","{""last3Ks1"":6,""last3Ks2"":4,""last3Ks3"":5,""last3Ip1"":5.666666666666667,""last3Ip2"":4.333333333333333,""last3Ip3"":6,""last3Bf1"":28,""last3Bf2"":18,""last3Bf3"":23,""last5KsAvg"":4.8,""last5KsStd"":0.7483314773547882,""last5IpAvg"":4.866666666666666,""last5BfAvg"":22.2,""last5PitchCountAvg"":86.4,""pitchesLast3Starts"":268,""pitchesLast3Appearances"":268,""daysSinceLastStart"":10,""daysSinceLastAppearance"":10}","LINESCORE_DEFENSE_PITCHER","NOT_VERIFIABLE"
"822875","677958","2026-07-11","home","[{""gameId"":""822879"",""date"":""2026-07-05"",""pitcherId"":""677958"",""side"":""home"",""started"":true,""source"":""BOXSCORE_START"",""k"":4,""ip"":""4.1"",""bf"":18,""pitches"":85,""competition"":""MLB_REGULAR_INFERRED""},{""gameId"":""822795"",""date"":""2026-06-28"",""pitcherId"":""677958"",""side"":""away"",""started"":true,""source"":""BOXSCORE_START"",""k"":5,""ip"":""6.0"",""bf"":23,""pitches"":92,""competition"":""MLB_REGULAR_INFERRED""},{""gameId"":""822888"",""date"":""2026-06-16"",""pitcherId"":""677958"",""side"":""home"",""started"":true,""source"":""BOXSCORE_START"",""k"":4,""ip"":""3.1"",""bf"":20,""pitches"":70,""competition"":""MLB_REGULAR_INFERRED""}]","[{""gameId"":""822879"",""date"":""2026-07-05"",""pitcherId"":""677958"",""side"":""home"",""started"":true,""source"":""LIVE_APPEARANCE"",""k"":4,""ip"":""4.1"",""bf"":18,""pitches"":85,""competition"":""MLB_REGULAR_INFERRED""},{""gameId"":""822795"",""date"":""2026-06-28"",""pitcherId"":""677958"",""side"":""away"",""started"":true,""source"":""LIVE_APPEARANCE"",""k"":5,""ip"":""6.0"",""bf"":23,""pitches"":92,""competition"":""MLB_REGULAR_INFERRED""},{""gameId"":""823851"",""date"":""2026-06-22"",""pitcherId"":""677958"",""side"":""away"",""started"":false,""source"":""LIVE_APPEARANCE"",""k"":9,""ip"":""5.0"",""bf"":19,""pitches"":76,""competition"":""MLB_REGULAR_INFERRED""}]","{""last3Ks1"":4,""last3Ks2"":5,""last3Ks3"":4,""last3Ip1"":4.333333333333333,""last3Ip2"":6,""last3Ip3"":3.3333333333333335,""last3Bf1"":18,""last3Bf2"":23,""last3Bf3"":20,""last5KsAvg"":4,""last5KsStd"":1.0954451150103321,""last5IpAvg"":4.933333333333333,""last5BfAvg"":21.4,""last5PitchCountAvg"":85.2,""pitchesLast3Starts"":247,""pitchesLast3Appearances"":253,""daysSinceLastStart"":6,""daysSinceLastAppearance"":6}","LINESCORE_DEFENSE_PITCHER","NOT_VERIFIABLE"
"822876","669022","2026-07-12","home","[{""gameId"":""822880"",""date"":""2026-07-08"",""pitcherId"":""669022"",""side"":""home"",""started"":true,""source"":""BOXSCORE_START"",""k"":7,""ip"":""5.0"",""bf"":25,""pitches"":90,""competition"":""MLB_REGULAR_INFERRED""},{""gameId"":""822797"",""date"":""2026-06-25"",""pitcherId"":""669022"",""side"":""away"",""started"":true,""source"":""BOXSCORE_START"",""k"":5,""ip"":""7.0"",""bf"":25,""pitches"":98,""competition"":""MLB_REGULAR_INFERRED""},{""gameId"":""822885"",""date"":""2026-06-20"",""pitcherId"":""669022"",""side"":""home"",""started"":true,""source"":""BOXSCORE_START"",""k"":6,""ip"":""6.0"",""bf"":23,""pitches"":95,""competition"":""MLB_REGULAR_INFERRED""}]","[{""gameId"":""822880"",""date"":""2026-07-08"",""pitcherId"":""669022"",""side"":""home"",""started"":true,""source"":""LIVE_APPEARANCE"",""k"":7,""ip"":""5.0"",""bf"":25,""pitches"":90,""competition"":""MLB_REGULAR_INFERRED""},{""gameId"":""824419"",""date"":""2026-07-01"",""pitcherId"":""669022"",""side"":""away"",""started"":false,""source"":""LIVE_APPEARANCE"",""k"":7,""ip"":""5.0"",""bf"":24,""pitches"":92,""competition"":""MLB_REGULAR_INFERRED""},{""gameId"":""822797"",""date"":""2026-06-25"",""pitcherId"":""669022"",""side"":""away"",""started"":true,""source"":""LIVE_APPEARANCE"",""k"":5,""ip"":""7.0"",""bf"":25,""pitches"":98,""competition"":""MLB_REGULAR_INFERRED""}]","{""last3Ks1"":7,""last3Ks2"":5,""last3Ks3"":6,""last3Ip1"":5,""last3Ip2"":7,""last3Ip3"":6,""last3Bf1"":25,""last3Bf2"":25,""last3Bf3"":23,""last5KsAvg"":6.8,""last5KsStd"":1.7204650534085253,""last5IpAvg"":6,""last5BfAvg"":25.2,""last5PitchCountAvg"":94.4,""pitchesLast3Starts"":283,""pitchesLast3Appearances"":280,""daysSinceLastStart"":4,""daysSinceLastAppearance"":4}","LINESCORE_DEFENSE_PITCHER","NOT_VERIFIABLE"
"822879","677958","2026-07-05","home","[{""gameId"":""822795"",""date"":""2026-06-28"",""pitcherId"":""677958"",""side"":""away"",""started"":true,""source"":""BOXSCORE_START"",""k"":5,""ip"":""6.0"",""bf"":23,""pitches"":92,""competition"":""MLB_REGULAR_INFERRED""},{""gameId"":""822888"",""date"":""2026-06-16"",""pitcherId"":""677958"",""side"":""home"",""started"":true,""source"":""BOXSCORE_START"",""k"":4,""ip"":""3.1"",""bf"":20,""pitches"":70,""competition"":""MLB_REGULAR_INFERRED""},{""gameId"":""822892"",""date"":""2026-06-05"",""pitcherId"":""677958"",""side"":""home"",""started"":true,""source"":""BOXSCORE_START"",""k"":5,""ip"":""5.0"",""bf"":22,""pitches"":94,""competition"":""MLB_REGULAR_INFERRED""}]","[{""gameId"":""822795"",""date"":""2026-06-28"",""pitcherId"":""677958"",""side"":""away"",""started"":true,""source"":""LIVE_APPEARANCE"",""k"":5,""ip"":""6.0"",""bf"":23,""pitches"":92,""competition"":""MLB_REGULAR_INFERRED""},{""gameId"":""823851"",""date"":""2026-06-22"",""pitcherId"":""677958"",""side"":""away"",""started"":false,""source"":""LIVE_APPEARANCE"",""k"":9,""ip"":""5.0"",""bf"":19,""pitches"":76,""competition"":""MLB_REGULAR_INFERRED""},{""gameId"":""822888"",""date"":""2026-06-16"",""pitcherId"":""677958"",""side"":""home"",""started"":true,""source"":""LIVE_APPEARANCE"",""k"":4,""ip"":""3.1"",""bf"":20,""pitches"":70,""competition"":""MLB_REGULAR_INFERRED""}]","{""last3Ks1"":5,""last3Ks2"":4,""last3Ks3"":5,""last3Ip1"":6,""last3Ip2"":3.3333333333333335,""last3Ip3"":5,""last3Bf1"":23,""last3Bf2"":20,""last3Bf3"":22,""last5KsAvg"":4.2,""last5KsStd"":1.16619037896906,""last5IpAvg"":5.066666666666667,""last5BfAvg"":22.2,""last5PitchCountAvg"":85.2,""pitchesLast3Starts"":256,""pitchesLast3Appearances"":238,""daysSinceLastStart"":7,""daysSinceLastAppearance"":7}","LINESCORE_DEFENSE_PITCHER","NOT_VERIFIABLE"
"822881","594798","2026-07-07","home","[{""gameId"":""823850"",""date"":""2026-06-24"",""pitcherId"":""594798"",""side"":""away"",""started"":true,""source"":""BOXSCORE_START"",""k"":8,""ip"":""6.0"",""bf"":23,""pitches"":91,""competition"":""MLB_REGULAR_INFERRED""},{""gameId"":""822886"",""date"":""2026-06-19"",""pitcherId"":""594798"",""side"":""home"",""started"":true,""source"":""BOXSCORE_START"",""k"":9,""ip"":""6.0"",""bf"":27,""pitches"":106,""competition"":""MLB_REGULAR_INFERRED""},{""gameId"":""822890"",""date"":""2026-06-07"",""pitcherId"":""594798"",""side"":""home"",""started"":true,""source"":""BOXSCORE_START"",""k"":6,""ip"":""6.0"",""bf"":23,""pitches"":87,""competition"":""MLB_REGULAR_INFERRED""}]","[{""gameId"":""824418"",""date"":""2026-06-30"",""pitcherId"":""594798"",""side"":""away"",""started"":false,""source"":""LIVE_APPEARANCE"",""k"":9,""ip"":""7.0"",""bf"":25,""pitches"":96,""competition"":""MLB_REGULAR_INFERRED""},{""gameId"":""823850"",""date"":""2026-06-24"",""pitcherId"":""594798"",""side"":""away"",""started"":true,""source"":""LIVE_APPEARANCE"",""k"":8,""ip"":""6.0"",""bf"":23,""pitches"":91,""competition"":""MLB_REGULAR_INFERRED""},{""gameId"":""822886"",""date"":""2026-06-19"",""pitcherId"":""594798"",""side"":""home"",""started"":true,""source"":""LIVE_APPEARANCE"",""k"":9,""ip"":""6.0"",""bf"":27,""pitches"":106,""competition"":""MLB_REGULAR_INFERRED""}]","{""last3Ks1"":8,""last3Ks2"":9,""last3Ks3"":6,""last3Ip1"":6,""last3Ip2"":6,""last3Ip3"":6,""last3Bf1"":23,""last3Bf2"":27,""last3Bf3"":23,""last5KsAvg"":7.4,""last5KsStd"":1.2,""last5IpAvg"":5.8,""last5BfAvg"":23.4,""last5PitchCountAvg"":94.4,""pitchesLast3Starts"":284,""pitchesLast3Appearances"":293,""daysSinceLastStart"":13,""daysSinceLastAppearance"":7}","LINESCORE_DEFENSE_PITCHER","NOT_VERIFIABLE"
"822882","615698","2026-07-04","home","[{""gameId"":""822794"",""date"":""2026-06-27"",""pitcherId"":""615698"",""side"":""away"",""started"":true,""source"":""BOXSCORE_START"",""k"":5,""ip"":""4.0"",""bf"":15,""pitches"":55,""competition"":""MLB_REGULAR_INFERRED""},{""gameId"":""823849"",""date"":""2026-06-23"",""pitcherId"":""615698"",""side"":""away"",""started"":true,""source"":""BOXSCORE_START"",""k"":1,""ip"":""2.0"",""bf"":9,""pitches"":34,""competition"":""MLB_REGULAR_INFERRED""}]","[{""gameId"":""822794"",""date"":""2026-06-27"",""pitcherId"":""615698"",""side"":""away"",""started"":true,""source"":""LIVE_APPEARANCE"",""k"":5,""ip"":""4.0"",""bf"":15,""pitches"":55,""competition"":""MLB_REGULAR_INFERRED""},{""gameId"":""823849"",""date"":""2026-06-23"",""pitcherId"":""615698"",""side"":""away"",""started"":true,""source"":""LIVE_APPEARANCE"",""k"":1,""ip"":""2.0"",""bf"":9,""pitches"":34,""competition"":""MLB_REGULAR_INFERRED""},{""gameId"":""822889"",""date"":""2026-06-18"",""pitcherId"":""615698"",""side"":""home"",""started"":false,""source"":""LIVE_APPEARANCE"",""k"":1,""ip"":""2.0"",""bf"":10,""pitches"":36,""competition"":""MLB_REGULAR_INFERRED""}]","{""last3Ks1"":5,""last3Ks2"":1,""last3Ks3"":null,""last3Ip1"":4,""last3Ip2"":2,""last3Ip3"":null,""last3Bf1"":15,""last3Bf2"":9,""last3Bf3"":null,""last5KsAvg"":3,""last5KsStd"":2,""last5IpAvg"":3,""last5BfAvg"":12,""last5PitchCountAvg"":44.5,""pitchesLast3Starts"":89,""pitchesLast3Appearances"":125,""daysSinceLastStart"":7,""daysSinceLastAppearance"":7}","LINESCORE_DEFENSE_PITCHER","NOT_VERIFIABLE"
"822884","543135","2026-07-02","home","[{""gameId"":""822796"",""date"":""2026-06-26"",""pitcherId"":""543135"",""side"":""away"",""started"":true,""source"":""BOXSCORE_START"",""k"":9,""ip"":""7.0"",""bf"":26,""pitches"":92,""competition"":""MLB_REGULAR_INFERRED""},{""gameId"":""822883"",""date"":""2026-06-21"",""pitcherId"":""543135"",""side"":""home"",""started"":true,""source"":""BOXSCORE_START"",""k"":9,""ip"":""6.0"",""bf"":25,""pitches"":94,""competition"":""MLB_REGULAR_INFERRED""},{""gameId"":""824105"",""date"":""2026-06-09"",""pitcherId"":""543135"",""side"":""away"",""started"":true,""source"":""BOXSCORE_START"",""k"":3,""ip"":""5.2"",""bf"":23,""pitches"":88,""competition"":""MLB_REGULAR_INFERRED""}]","[{""gameId"":""822796"",""date"":""2026-06-26"",""pitcherId"":""543135"",""side"":""away"",""started"":true,""source"":""LIVE_APPEARANCE"",""k"":9,""ip"":""7.0"",""bf"":26,""pitches"":92,""competition"":""MLB_REGULAR_INFERRED""},{""gameId"":""822883"",""date"":""2026-06-21"",""pitcherId"":""543135"",""side"":""home"",""started"":true,""source"":""LIVE_APPEARANCE"",""k"":9,""ip"":""6.0"",""bf"":25,""pitches"":94,""competition"":""MLB_REGULAR_INFERRED""},{""gameId"":""824105"",""date"":""2026-06-09"",""pitcherId"":""543135"",""side"":""away"",""started"":true,""source"":""LIVE_APPEARANCE"",""k"":3,""ip"":""5.2"",""bf"":23,""pitches"":88,""competition"":""MLB_REGULAR_INFERRED""}]","{""last3Ks1"":9,""last3Ks2"":9,""last3Ks3"":3,""last3Ip1"":7,""last3Ip2"":6,""last3Ip3"":5.666666666666667,""last3Bf1"":26,""last3Bf2"":25,""last3Bf3"":23,""last5KsAvg"":6.8,""last5KsStd"":2.227105745132009,""last5IpAvg"":6.333333333333334,""last5BfAvg"":26.4,""last5PitchCountAvg"":91.4,""pitchesLast3Starts"":274,""pitchesLast3Appearances"":274,""daysSinceLastStart"":6,""daysSinceLastAppearance"":6}","LINESCORE_DEFENSE_PITCHER","NOT_VERIFIABLE"
"822951","693855","2026-07-12","home","[{""gameId"":""822956"",""date"":""2026-07-07"",""pitcherId"":""693855"",""side"":""home"",""started"":true,""source"":""BOXSCORE_START"",""k"":12,""ip"":""5.1"",""bf"":21,""pitches"":94,""competition"":""MLB_REGULAR_INFERRED""},{""gameId"":""824093"",""date"":""2026-07-02"",""pitcherId"":""693855"",""side"":""away"",""started"":true,""source"":""BOXSCORE_START"",""k"":8,""ip"":""6.0"",""bf"":23,""pitches"":83,""competition"":""MLB_REGULAR_INFERRED""},{""gameId"":""822967"",""date"":""2026-06-20"",""pitcherId"":""693855"",""side"":""home"",""started"":true,""source"":""BOXSCORE_START"",""k"":4,""ip"":""5.0"",""bf"":22,""pitches"":81,""competition"":""MLB_REGULAR_INFERRED""}]","[{""gameId"":""822956"",""date"":""2026-07-07"",""pitcherId"":""693855"",""side"":""home"",""started"":true,""source"":""LIVE_APPEARANCE"",""k"":12,""ip"":""5.1"",""bf"":21,""pitches"":94,""competition"":""MLB_REGULAR_INFERRED""},{""gameId"":""824093"",""date"":""2026-07-02"",""pitcherId"":""693855"",""side"":""away"",""started"":true,""source"":""LIVE_APPEARANCE"",""k"":8,""ip"":""6.0"",""bf"":23,""pitches"":83,""competition"":""MLB_REGULAR_INFERRED""},{""gameId"":""822961"",""date"":""2026-06-25"",""pitcherId"":""693855"",""side"":""home"",""started"":false,""source"":""LIVE_APPEARANCE"",""k"":7,""ip"":""6.2"",""bf"":21,""pitches"":90,""competition"":""MLB_REGULAR_INFERRED""}]","{""last3Ks1"":12,""last3Ks2"":8,""last3Ks3"":4,""last3Ip1"":5.333333333333333,""last3Ip2"":6,""last3Ip3"":5,""last3Bf1"":21,""last3Bf2"":23,""last3Bf3"":22,""last5KsAvg"":6.2,""last5KsStd"":3.4871191548325386,""last5IpAvg"":4.466666666666667,""last5BfAvg"":17.6,""last5PitchCountAvg"":67.6,""pitchesLast3Starts"":258,""pitchesLast3Appearances"":267,""daysSinceLastStart"":5,""daysSinceLastAppearance"":5}","LINESCORE_DEFENSE_PITCHER","NOT_VERIFIABLE"
"822952","663556","2026-07-24","home","[{""gameId"":""824739"",""date"":""2026-07-19"",""pitcherId"":""663556"",""side"":""away"",""started"":true,""source"":""BOXSCORE_START"",""k"":3,""ip"":""5.0"",""bf"":24,""pitches"":87,""competition"":""MLB_REGULAR_INFERRED""},{""gameId"":""822957"",""date"":""2026-07-08"",""pitcherId"":""663556"",""side"":""home"",""started"":true,""source"":""BOXSCORE_START"",""k"":5,""ip"":""6.1"",""bf"":22,""pitches"":85,""competition"":""MLB_REGULAR_INFERRED""},{""gameId"":""822963"",""date"":""2026-06-23"",""pitcherId"":""663556"",""side"":""home"",""started"":true,""source"":""BOXSCORE_START"",""k"":4,""ip"":""6.0"",""bf"":25,""pitches"":75,""competition"":""MLB_REGULAR_INFERRED""}]","[{""gameId"":""824739"",""date"":""2026-07-19"",""pitcherId"":""663556"",""side"":""away"",""started"":true,""source"":""LIVE_APPEARANCE"",""k"":3,""ip"":""5.0"",""bf"":24,""pitches"":87,""competition"":""MLB_REGULAR_INFERRED""},{""gameId"":""822957"",""date"":""2026-07-08"",""pitcherId"":""663556"",""side"":""home"",""started"":true,""source"":""LIVE_APPEARANCE"",""k"":5,""ip"":""6.1"",""bf"":22,""pitches"":85,""competition"":""MLB_REGULAR_INFERRED""},{""gameId"":""822963"",""date"":""2026-06-23"",""pitcherId"":""663556"",""side"":""home"",""started"":true,""source"":""LIVE_APPEARANCE"",""k"":4,""ip"":""6.0"",""bf"":25,""pitches"":75,""competition"":""MLB_REGULAR_INFERRED""}]","{""last3Ks1"":3,""last3Ks2"":5,""last3Ks3"":4,""last3Ip1"":5,""last3Ip2"":6.333333333333333,""last3Ip3"":6,""last3Bf1"":24,""last3Bf2"":22,""last3Bf3"":25,""last5KsAvg"":4.2,""last5KsStd"":1.16619037896906,""last5IpAvg"":5.2,""last5BfAvg"":23,""last5PitchCountAvg"":82.2,""pitchesLast3Starts"":247,""pitchesLast3Appearances"":247,""daysSinceLastStart"":5,""daysSinceLastAppearance"":5}","LINESCORE_DEFENSE_PITCHER","NOT_VERIFIABLE"
"822954","656876","2026-07-09","home","[{""gameId"":""824171"",""date"":""2026-07-04"",""pitcherId"":""656876"",""side"":""away"",""started"":true,""source"":""BOXSCORE_START"",""k"":2,""ip"":""5.0"",""bf"":22,""pitches"":77,""competition"":""MLB_REGULAR_INFERRED""},{""gameId"":""822959"",""date"":""2026-06-28"",""pitcherId"":""656876"",""side"":""home"",""started"":true,""source"":""BOXSCORE_START"",""k"":5,""ip"":""6.0"",""bf"":24,""pitches"":99,""competition"":""MLB_REGULAR_INFERRED""},{""gameId"":""822964"",""date"":""2026-06-22"",""pitcherId"":""656876"",""side"":""home"",""started"":true,""source"":""BOXSCORE_START"",""k"":5,""ip"":""6.0"",""bf"":24,""pitches"":90,""competition"":""MLB_REGULAR_INFERRED""}]","[{""gameId"":""824171"",""date"":""2026-07-04"",""pitcherId"":""656876"",""side"":""away"",""started"":true,""source"":""LIVE_APPEARANCE"",""k"":2,""ip"":""5.0"",""bf"":22,""pitches"":77,""competition"":""MLB_REGULAR_INFERRED""},{""gameId"":""822959"",""date"":""2026-06-28"",""pitcherId"":""656876"",""side"":""home"",""started"":true,""source"":""LIVE_APPEARANCE"",""k"":5,""ip"":""6.0"",""bf"":24,""pitches"":99,""competition"":""MLB_REGULAR_INFERRED""},{""gameId"":""822964"",""date"":""2026-06-22"",""pitcherId"":""656876"",""side"":""home"",""started"":true,""source"":""LIVE_APPEARANCE"",""k"":5,""ip"":""6.0"",""bf"":24,""pitches"":90,""competition"":""MLB_REGULAR_INFERRED""}]","{""last3Ks1"":2,""last3Ks2"":5,""last3Ks3"":5,""last3Ip1"":5,""last3Ip2"":6,""last3Ip3"":6,""last3Bf1"":22,""last3Bf2"":24,""last3Bf3"":24,""last5KsAvg"":6.4,""last5KsStd"":3.6660605559646724,""last5IpAvg"":6.2,""last5BfAvg"":24,""last5PitchCountAvg"":93,""pitchesLast3Starts"":266,""pitchesLast3Appearances"":266,""daysSinceLastStart"":5,""daysSinceLastAppearance"":5}","LINESCORE_DEFENSE_PITCHER","NOT_VERIFIABLE"
"822955","607259","2026-07-10","home","[{""gameId"":""824173"",""date"":""2026-07-03"",""pitcherId"":""607259"",""side"":""away"",""started"":true,""source"":""BOXSCORE_START"",""k"":3,""ip"":""5.1"",""bf"":21,""pitches"":85,""competition"":""MLB_REGULAR_INFERRED""},{""gameId"":""822962"",""date"":""2026-06-26"",""pitcherId"":""607259"",""side"":""home"",""started"":true,""source"":""BOXSCORE_START"",""k"":3,""ip"":""5.2"",""bf"":23,""pitches"":85,""competition"":""MLB_REGULAR_INFERRED""},{""gameId"":""822968"",""date"":""2026-06-21"",""pitcherId"":""607259"",""side"":""home"",""started"":true,""source"":""BOXSCORE_START"",""k"":5,""ip"":""6.0"",""bf"":24,""pitches"":88,""competition"":""MLB_REGULAR_INFERRED""}]","[{""gameId"":""824173"",""date"":""2026-07-03"",""pitcherId"":""607259"",""side"":""away"",""started"":true,""source"":""LIVE_APPEARANCE"",""k"":3,""ip"":""5.1"",""bf"":21,""pitches"":85,""competition"":""MLB_REGULAR_INFERRED""},{""gameId"":""822962"",""date"":""2026-06-26"",""pitcherId"":""607259"",""side"":""home"",""started"":true,""source"":""LIVE_APPEARANCE"",""k"":3,""ip"":""5.2"",""bf"":23,""pitches"":85,""competition"":""MLB_REGULAR_INFERRED""},{""gameId"":""822968"",""date"":""2026-06-21"",""pitcherId"":""607259"",""side"":""home"",""started"":true,""source"":""LIVE_APPEARANCE"",""k"":5,""ip"":""6.0"",""bf"":24,""pitches"":88,""competition"":""MLB_REGULAR_INFERRED""}]","{""last3Ks1"":3,""last3Ks2"":3,""last3Ks3"":5,""last3Ip1"":5.333333333333333,""last3Ip2"":5.666666666666667,""last3Ip3"":6,""last3Bf1"":21,""last3Bf2"":23,""last3Bf3"":24,""last5KsAvg"":3.8,""last5KsStd"":1.469693845669907,""last5IpAvg"":5.866666666666666,""last5BfAvg"":23.4,""last5PitchCountAvg"":85.4,""pitchesLast3Starts"":258,""pitchesLast3Appearances"":258,""daysSinceLastStart"":7,""daysSinceLastAppearance"":7}","LINESCORE_DEFENSE_PITCHER","NOT_VERIFIABLE"
"822956","693855","2026-07-07","home","[{""gameId"":""824093"",""date"":""2026-07-02"",""pitcherId"":""693855"",""side"":""away"",""started"":true,""source"":""BOXSCORE_START"",""k"":8,""ip"":""6.0"",""bf"":23,""pitches"":83,""competition"":""MLB_REGULAR_INFERRED""},{""gameId"":""822967"",""date"":""2026-06-20"",""pitcherId"":""693855"",""side"":""home"",""started"":true,""source"":""BOXSCORE_START"",""k"":4,""ip"":""5.0"",""bf"":22,""pitches"":81,""competition"":""MLB_REGULAR_INFERRED""},{""gameId"":""822972"",""date"":""2026-06-08"",""pitcherId"":""693855"",""side"":""home"",""started"":true,""source"":""BOXSCORE_START"",""k"":5,""ip"":""4.0"",""bf"":14,""pitches"":55,""competition"":""MLB_REGULAR_INFERRED""}]","[{""gameId"":""824093"",""date"":""2026-07-02"",""pitcherId"":""693855"",""side"":""away"",""started"":true,""source"":""LIVE_APPEARANCE"",""k"":8,""ip"":""6.0"",""bf"":23,""pitches"":83,""competition"":""MLB_REGULAR_INFERRED""},{""gameId"":""822961"",""date"":""2026-06-25"",""pitcherId"":""693855"",""side"":""home"",""started"":false,""source"":""LIVE_APPEARANCE"",""k"":7,""ip"":""6.2"",""bf"":21,""pitches"":90,""competition"":""MLB_REGULAR_INFERRED""},{""gameId"":""822967"",""date"":""2026-06-20"",""pitcherId"":""693855"",""side"":""home"",""started"":true,""source"":""LIVE_APPEARANCE"",""k"":4,""ip"":""5.0"",""bf"":22,""pitches"":81,""competition"":""MLB_REGULAR_INFERRED""}]","{""last3Ks1"":8,""last3Ks2"":4,""last3Ks3"":5,""last3Ip1"":6,""last3Ip2"":5,""last3Ip3"":4,""last3Bf1"":23,""last3Bf2"":22,""last3Bf3"":14,""last5KsAvg"":4.75,""last5KsStd"":2.165063509461097,""last5IpAvg"":4.25,""last5BfAvg"":16.75,""last5PitchCountAvg"":61,""pitchesLast3Starts"":219,""pitchesLast3Appearances"":254,""daysSinceLastStart"":5,""daysSinceLastAppearance"":5}","LINESCORE_DEFENSE_PITCHER","NOT_VERIFIABLE"
"822957","663556","2026-07-08","home","[{""gameId"":""822963"",""date"":""2026-06-23"",""pitcherId"":""663556"",""side"":""home"",""started"":true,""source"":""BOXSCORE_START"",""k"":4,""ip"":""6.0"",""bf"":25,""pitches"":75,""competition"":""MLB_REGULAR_INFERRED""},{""gameId"":""823940"",""date"":""2026-06-17"",""pitcherId"":""663556"",""side"":""away"",""started"":true,""source"":""BOXSCORE_START"",""k"":3,""ip"":""3.2"",""bf"":19,""pitches"":83,""competition"":""MLB_REGULAR_INFERRED""},{""gameId"":""823859"",""date"":""2026-06-06"",""pitcherId"":""663556"",""side"":""away"",""started"":true,""source"":""BOXSCORE_START"",""k"":6,""ip"":""5.0"",""bf"":25,""pitches"":81,""competition"":""MLB_REGULAR_INFERRED""}]","[{""gameId"":""822963"",""date"":""2026-06-23"",""pitcherId"":""663556"",""side"":""home"",""started"":true,""source"":""LIVE_APPEARANCE"",""k"":4,""ip"":""6.0"",""bf"":25,""pitches"":75,""competition"":""MLB_REGULAR_INFERRED""},{""gameId"":""823940"",""date"":""2026-06-17"",""pitcherId"":""663556"",""side"":""away"",""started"":true,""source"":""LIVE_APPEARANCE"",""k"":3,""ip"":""3.2"",""bf"":19,""pitches"":83,""competition"":""MLB_REGULAR_INFERRED""},{""gameId"":""823859"",""date"":""2026-06-06"",""pitcherId"":""663556"",""side"":""away"",""started"":true,""source"":""LIVE_APPEARANCE"",""k"":6,""ip"":""5.0"",""bf"":25,""pitches"":81,""competition"":""MLB_REGULAR_INFERRED""}]","{""last3Ks1"":4,""last3Ks2"":3,""last3Ks3"":6,""last3Ip1"":6,""last3Ip2"":3.6666666666666665,""last3Ip3"":5,""last3Bf1"":25,""last3Bf2"":19,""last3Bf3"":25,""last5KsAvg"":3.8,""last5KsStd"":1.16619037896906,""last5IpAvg"":4.999999999999999,""last5BfAvg"":21.8,""last5PitchCountAvg"":78.6,""pitchesLast3Starts"":239,""pitchesLast3Appearances"":239,""daysSinceLastStart"":15,""daysSinceLastAppearance"":15}","LINESCORE_DEFENSE_PITCHER","NOT_VERIFIABLE"
"822958","643377","2026-07-06","home","[{""gameId"":""822965"",""date"":""2026-06-24"",""pitcherId"":""643377"",""side"":""home"",""started"":true,""source"":""BOXSCORE_START"",""k"":7,""ip"":""5.0"",""bf"":24,""pitches"":88,""competition"":""MLB_REGULAR_INFERRED""},{""gameId"":""822966"",""date"":""2026-06-19"",""pitcherId"":""643377"",""side"":""home"",""started"":true,""source"":""BOXSCORE_START"",""k"":5,""ip"":""5.0"",""bf"":18,""pitches"":69,""competition"":""MLB_REGULAR_INFERRED""},{""gameId"":""823857"",""date"":""2026-06-07"",""pitcherId"":""643377"",""side"":""away"",""started"":true,""source"":""BOXSCORE_START"",""k"":4,""ip"":""5.0"",""bf"":17,""pitches"":62,""competition"":""MLB_REGULAR_INFERRED""}]","[{""gameId"":""824096"",""date"":""2026-06-30"",""pitcherId"":""643377"",""side"":""away"",""started"":false,""source"":""LIVE_APPEARANCE"",""k"":5,""ip"":""6.0"",""bf"":22,""pitches"":71,""competition"":""MLB_REGULAR_INFERRED""},{""gameId"":""822965"",""date"":""2026-06-24"",""pitcherId"":""643377"",""side"":""home"",""started"":true,""source"":""LIVE_APPEARANCE"",""k"":7,""ip"":""5.0"",""bf"":24,""pitches"":88,""competition"":""MLB_REGULAR_INFERRED""},{""gameId"":""822966"",""date"":""2026-06-19"",""pitcherId"":""643377"",""side"":""home"",""started"":true,""source"":""LIVE_APPEARANCE"",""k"":5,""ip"":""5.0"",""bf"":18,""pitches"":69,""competition"":""MLB_REGULAR_INFERRED""}]","{""last3Ks1"":7,""last3Ks2"":5,""last3Ks3"":4,""last3Ip1"":5,""last3Ip2"":5,""last3Ip3"":5,""last3Bf1"":24,""last3Bf2"":18,""last3Bf3"":17,""last5KsAvg"":4.8,""last5KsStd"":1.32664991614216,""last5IpAvg"":4.2,""last5BfAvg"":17.8,""last5PitchCountAvg"":65.8,""pitchesLast3Starts"":219,""pitchesLast3Appearances"":228,""daysSinceLastStart"":12,""daysSinceLastAppearance"":6}","LINESCORE_DEFENSE_PITCHER","NOT_VERIFIABLE"
"822959","656876","2026-06-28","home","[{""gameId"":""822964"",""date"":""2026-06-22"",""pitcherId"":""656876"",""side"":""home"",""started"":true,""source"":""BOXSCORE_START"",""k"":5,""ip"":""6.0"",""bf"":24,""pitches"":90,""competition"":""MLB_REGULAR_INFERRED""},{""gameId"":""823939"",""date"":""2026-06-16"",""pitcherId"":""656876"",""side"":""away"",""started"":true,""source"":""BOXSCORE_START"",""k"":7,""ip"":""7.0"",""bf"":26,""pitches"":102,""competition"":""MLB_REGULAR_INFERRED""},{""gameId"":""822970"",""date"":""2026-06-10"",""pitcherId"":""656876"",""side"":""home"",""started"":true,""source"":""BOXSCORE_START"",""k"":13,""ip"":""7.0"",""bf"":24,""pitches"":97,""competition"":""MLB_REGULAR_INFERRED""}]","[{""gameId"":""822964"",""date"":""2026-06-22"",""pitcherId"":""656876"",""side"":""home"",""started"":true,""source"":""LIVE_APPEARANCE"",""k"":5,""ip"":""6.0"",""bf"":24,""pitches"":90,""competition"":""MLB_REGULAR_INFERRED""},{""gameId"":""823939"",""date"":""2026-06-16"",""pitcherId"":""656876"",""side"":""away"",""started"":true,""source"":""LIVE_APPEARANCE"",""k"":7,""ip"":""7.0"",""bf"":26,""pitches"":102,""competition"":""MLB_REGULAR_INFERRED""},{""gameId"":""822970"",""date"":""2026-06-10"",""pitcherId"":""656876"",""side"":""home"",""started"":true,""source"":""LIVE_APPEARANCE"",""k"":13,""ip"":""7.0"",""bf"":24,""pitches"":97,""competition"":""MLB_REGULAR_INFERRED""}]","{""last3Ks1"":5,""last3Ks2"":7,""last3Ks3"":13,""last3Ip1"":6,""last3Ip2"":7,""last3Ip3"":7,""last3Bf1"":24,""last3Bf2"":26,""last3Bf3"":24,""last5KsAvg"":7.6,""last5KsStd"":3.2,""last5IpAvg"":6.2,""last5BfAvg"":22.8,""last5PitchCountAvg"":89.2,""pitchesLast3Starts"":289,""pitchesLast3Appearances"":289,""daysSinceLastStart"":6,""daysSinceLastAppearance"":6}","LINESCORE_DEFENSE_PITCHER","NOT_VERIFIABLE"
"822961","668984","2026-06-25","home","[]","[{""gameId"":""823940"",""date"":""2026-06-17"",""pitcherId"":""668984"",""side"":""away"",""started"":false,""source"":""LIVE_APPEARANCE"",""k"":0,""ip"":""0.1"",""bf"":4,""pitches"":19,""competition"":""MLB_REGULAR_INFERRED""},{""gameId"":""822970"",""date"":""2026-06-10"",""pitcherId"":""668984"",""side"":""home"",""started"":false,""source"":""LIVE_APPEARANCE"",""k"":0,""ip"":""0.1"",""bf"":1,""pitches"":2,""competition"":""MLB_REGULAR_INFERRED""},{""gameId"":""822972"",""date"":""2026-06-08"",""pitcherId"":""668984"",""side"":""home"",""started"":false,""source"":""LIVE_APPEARANCE"",""k"":1,""ip"":""1.1"",""bf"":4,""pitches"":12,""competition"":""MLB_REGULAR_INFERRED""}]","{""last3Ks1"":null,""last3Ks2"":null,""last3Ks3"":null,""last3Ip1"":null,""last3Ip2"":null,""last3Ip3"":null,""last3Bf1"":null,""last3Bf2"":null,""last3Bf3"":null,""last5KsAvg"":null,""last5KsStd"":null,""last5IpAvg"":null,""last5BfAvg"":null,""last5PitchCountAvg"":null,""pitchesLast3Starts"":null,""pitchesLast3Appearances"":33,""daysSinceLastStart"":null,""daysSinceLastAppearance"":8}","LINESCORE_DEFENSE_PITCHER","NOT_VERIFIABLE"
"822962","607259","2026-06-26","home","[{""gameId"":""822968"",""date"":""2026-06-21"",""pitcherId"":""607259"",""side"":""home"",""started"":true,""source"":""BOXSCORE_START"",""k"":5,""ip"":""6.0"",""bf"":24,""pitches"":88,""competition"":""MLB_REGULAR_INFERRED""},{""gameId"":""823938"",""date"":""2026-06-15"",""pitcherId"":""607259"",""side"":""away"",""started"":true,""source"":""BOXSCORE_START"",""k"":6,""ip"":""5.1"",""bf"":22,""pitches"":96,""competition"":""MLB_REGULAR_INFERRED""},{""gameId"":""822969"",""date"":""2026-06-09"",""pitcherId"":""607259"",""side"":""home"",""started"":true,""source"":""BOXSCORE_START"",""k"":2,""ip"":""7.0"",""bf"":27,""pitches"":73,""competition"":""MLB_REGULAR_INFERRED""}]","[{""gameId"":""822968"",""date"":""2026-06-21"",""pitcherId"":""607259"",""side"":""home"",""started"":true,""source"":""LIVE_APPEARANCE"",""k"":5,""ip"":""6.0"",""bf"":24,""pitches"":88,""competition"":""MLB_REGULAR_INFERRED""},{""gameId"":""823938"",""date"":""2026-06-15"",""pitcherId"":""607259"",""side"":""away"",""started"":true,""source"":""LIVE_APPEARANCE"",""k"":6,""ip"":""5.1"",""bf"":22,""pitches"":96,""competition"":""MLB_REGULAR_INFERRED""},{""gameId"":""822969"",""date"":""2026-06-09"",""pitcherId"":""607259"",""side"":""home"",""started"":true,""source"":""LIVE_APPEARANCE"",""k"":2,""ip"":""7.0"",""bf"":27,""pitches"":73,""competition"":""MLB_REGULAR_INFERRED""}]","{""last3Ks1"":5,""last3Ks2"":6,""last3Ks3"":2,""last3Ip1"":6,""last3Ip2"":5.333333333333333,""last3Ip3"":7,""last3Bf1"":24,""last3Bf2"":22,""last3Bf3"":27,""last5KsAvg"":3.8,""last5KsStd"":1.9390719429665317,""last5IpAvg"":5.866666666666666,""last5BfAvg"":24.4,""last5PitchCountAvg"":80.6,""pitchesLast3Starts"":257,""pitchesLast3Appearances"":257,""daysSinceLastStart"":5,""daysSinceLastAppearance"":5}","LINESCORE_DEFENSE_PITCHER","NOT_VERIFIABLE"
"822963","663556","2026-06-23","home","[{""gameId"":""823940"",""date"":""2026-06-17"",""pitcherId"":""663556"",""side"":""away"",""started"":true,""source"":""BOXSCORE_START"",""k"":3,""ip"":""3.2"",""bf"":19,""pitches"":83,""competition"":""MLB_REGULAR_INFERRED""},{""gameId"":""823859"",""date"":""2026-06-06"",""pitcherId"":""663556"",""side"":""away"",""started"":true,""source"":""BOXSCORE_START"",""k"":6,""ip"":""5.0"",""bf"":25,""pitches"":81,""competition"":""MLB_REGULAR_INFERRED""},{""gameId"":""822976"",""date"":""2026-05-31"",""pitcherId"":""663556"",""side"":""home"",""started"":true,""source"":""BOXSCORE_START"",""k"":3,""ip"":""5.0"",""bf"":19,""pitches"":70,""competition"":""MLB_REGULAR_INFERRED""}]","[{""gameId"":""823940"",""date"":""2026-06-17"",""pitcherId"":""663556"",""side"":""away"",""started"":true,""source"":""LIVE_APPEARANCE"",""k"":3,""ip"":""3.2"",""bf"":19,""pitches"":83,""competition"":""MLB_REGULAR_INFERRED""},{""gameId"":""823859"",""date"":""2026-06-06"",""pitcherId"":""663556"",""side"":""away"",""started"":true,""source"":""LIVE_APPEARANCE"",""k"":6,""ip"":""5.0"",""bf"":25,""pitches"":81,""competition"":""MLB_REGULAR_INFERRED""},{""gameId"":""822976"",""date"":""2026-05-31"",""pitcherId"":""663556"",""side"":""home"",""started"":true,""source"":""LIVE_APPEARANCE"",""k"":3,""ip"":""5.0"",""bf"":19,""pitches"":70,""competition"":""MLB_REGULAR_INFERRED""}]","{""last3Ks1"":3,""last3Ks2"":6,""last3Ks3"":3,""last3Ip1"":3.6666666666666665,""last3Ip2"":5,""last3Ip3"":5,""last3Bf1"":19,""last3Bf2"":25,""last3Bf3"":19,""last5KsAvg"":4.2,""last5KsStd"":1.469693845669907,""last5IpAvg"":4.8,""last5BfAvg"":21.4,""last5PitchCountAvg"":81.6,""pitchesLast3Starts"":234,""pitchesLast3Appearances"":234,""daysSinceLastStart"":6,""daysSinceLastAppearance"":6}","LINESCORE_DEFENSE_PITCHER","NOT_VERIFIABLE"
"822965","643377","2026-06-24","home","[{""gameId"":""822966"",""date"":""2026-06-19"",""pitcherId"":""643377"",""side"":""home"",""started"":true,""source"":""BOXSCORE_START"",""k"":5,""ip"":""5.0"",""bf"":18,""pitches"":69,""competition"":""MLB_REGULAR_INFERRED""},{""gameId"":""823857"",""date"":""2026-06-07"",""pitcherId"":""643377"",""side"":""away"",""started"":true,""source"":""BOXSCORE_START"",""k"":4,""ip"":""5.0"",""bf"":17,""pitches"":62,""competition"":""MLB_REGULAR_INFERRED""},{""gameId"":""822974"",""date"":""2026-06-01"",""pitcherId"":""643377"",""side"":""home"",""started"":true,""source"":""BOXSCORE_START"",""k"":5,""ip"":""4.0"",""bf"":19,""pitches"":72,""competition"":""MLB_REGULAR_INFERRED""}]","[{""gameId"":""822966"",""date"":""2026-06-19"",""pitcherId"":""643377"",""side"":""home"",""started"":true,""source"":""LIVE_APPEARANCE"",""k"":5,""ip"":""5.0"",""bf"":18,""pitches"":69,""competition"":""MLB_REGULAR_INFERRED""},{""gameId"":""823857"",""date"":""2026-06-07"",""pitcherId"":""643377"",""side"":""away"",""started"":true,""source"":""LIVE_APPEARANCE"",""k"":4,""ip"":""5.0"",""bf"":17,""pitches"":62,""competition"":""MLB_REGULAR_INFERRED""},{""gameId"":""822974"",""date"":""2026-06-01"",""pitcherId"":""643377"",""side"":""home"",""started"":true,""source"":""LIVE_APPEARANCE"",""k"":5,""ip"":""4.0"",""bf"":19,""pitches"":72,""competition"":""MLB_REGULAR_INFERRED""}]","{""last3Ks1"":5,""last3Ks2"":4,""last3Ks3"":5,""last3Ip1"":5,""last3Ip2"":5,""last3Ip3"":4,""last3Bf1"":18,""last3Bf2"":17,""last3Bf3"":19,""last5KsAvg"":4.6,""last5KsStd"":1.019803902718557,""last5IpAvg"":4.2,""last5BfAvg"":16.6,""last5PitchCountAvg"":60.6,""pitchesLast3Starts"":203,""pitchesLast3Appearances"":203,""daysSinceLastStart"":5,""daysSinceLastAppearance"":5}","LINESCORE_DEFENSE_PITCHER","NOT_VERIFIABLE"
"823029","669160","2026-07-12","home","[{""gameId"":""823036"",""date"":""2026-07-06"",""pitcherId"":""669160"",""side"":""home"",""started"":true,""source"":""BOXSCORE_START"",""k"":7,""ip"":""4.2"",""bf"":18,""pitches"":81,""competition"":""MLB_REGULAR_INFERRED""},{""gameId"":""824906"",""date"":""2026-07-02"",""pitcherId"":""669160"",""side"":""away"",""started"":true,""source"":""BOXSCORE_START"",""k"":1,""ip"":""0.2"",""bf"":9,""pitches"":34,""competition"":""MLB_REGULAR_INFERRED""},{""gameId"":""824095"",""date"":""2026-06-21"",""pitcherId"":""669160"",""side"":""away"",""started"":true,""source"":""BOXSCORE_START"",""k"":2,""ip"":""2.0"",""bf"":13,""pitches"":44,""competition"":""MLB_REGULAR_INFERRED""}]","[{""gameId"":""823036"",""date"":""2026-07-06"",""pitcherId"":""669160"",""side"":""home"",""started"":true,""source"":""LIVE_APPEARANCE"",""k"":7,""ip"":""4.2"",""bf"":18,""pitches"":81,""competition"":""MLB_REGULAR_INFERRED""},{""gameId"":""824906"",""date"":""2026-07-02"",""pitcherId"":""669160"",""side"":""away"",""started"":true,""source"":""LIVE_APPEARANCE"",""k"":1,""ip"":""0.2"",""bf"":9,""pitches"":34,""competition"":""MLB_REGULAR_INFERRED""},{""gameId"":""824095"",""date"":""2026-06-21"",""pitcherId"":""669160"",""side"":""away"",""started"":true,""source"":""LIVE_APPEARANCE"",""k"":2,""ip"":""2.0"",""bf"":13,""pitches"":44,""competition"":""MLB_REGULAR_INFERRED""}]","{""last3Ks1"":7,""last3Ks2"":1,""last3Ks3"":2,""last3Ip1"":4.666666666666667,""last3Ip2"":0.6666666666666666,""last3Ip3"":2,""last3Bf1"":18,""last3Bf2"":9,""last3Bf3"":13,""last5KsAvg"":5,""last5KsStd"":3.03315017762062,""last5IpAvg"":4.466666666666667,""last5BfAvg"":18,""last5PitchCountAvg"":72.2,""pitchesLast3Starts"":159,""pitchesLast3Appearances"":159,""daysSinceLastStart"":6,""daysSinceLastAppearance"":6}","LINESCORE_DEFENSE_PITCHER","NOT_VERIFIABLE"
"823030","669461","2026-07-11","home","[{""gameId"":""824656"",""date"":""2026-07-05"",""pitcherId"":""669461"",""side"":""away"",""started"":true,""source"":""BOXSCORE_START"",""k"":3,""ip"":""5.0"",""bf"":23,""pitches"":78,""competition"":""MLB_REGULAR_INFERRED""},{""gameId"":""823041"",""date"":""2026-06-24"",""pitcherId"":""669461"",""side"":""home"",""started"":true,""source"":""BOXSCORE_START"",""k"":3,""ip"":""5.1"",""bf"":26,""pitches"":98,""competition"":""MLB_REGULAR_INFERRED""},{""gameId"":""824098"",""date"":""2026-06-18"",""pitcherId"":""669461"",""side"":""away"",""started"":true,""source"":""BOXSCORE_START"",""k"":2,""ip"":""1.2"",""bf"":13,""pitches"":48,""competition"":""MLB_REGULAR_INFERRED""}]","[{""gameId"":""824656"",""date"":""2026-07-05"",""pitcherId"":""669461"",""side"":""away"",""started"":true,""source"":""LIVE_APPEARANCE"",""k"":3,""ip"":""5.0"",""bf"":23,""pitches"":78,""competition"":""MLB_REGULAR_INFERRED""},{""gameId"":""824907"",""date"":""2026-06-30"",""pitcherId"":""669461"",""side"":""away"",""started"":false,""source"":""LIVE_APPEARANCE"",""k"":9,""ip"":""5.0"",""bf"":21,""pitches"":98,""competition"":""MLB_REGULAR_INFERRED""},{""gameId"":""823041"",""date"":""2026-06-24"",""pitcherId"":""669461"",""side"":""home"",""started"":true,""source"":""LIVE_APPEARANCE"",""k"":3,""ip"":""5.1"",""bf"":26,""pitches"":98,""competition"":""MLB_REGULAR_INFERRED""}]","{""last3Ks1"":3,""last3Ks2"":3,""last3Ks3"":2,""last3Ip1"":5,""last3Ip2"":5.333333333333333,""last3Ip3"":1.6666666666666667,""last3Bf1"":23,""last3Bf2"":26,""last3Bf3"":13,""last5KsAvg"":3.2,""last5KsStd"":0.7483314773547882,""last5IpAvg"":4.333333333333333,""last5BfAvg"":20.6,""last5PitchCountAvg"":78.6,""pitchesLast3Starts"":224,""pitchesLast3Appearances"":274,""daysSinceLastStart"":6,""daysSinceLastAppearance"":6}","LINESCORE_DEFENSE_PITCHER","NOT_VERIFIABLE"
"823033","681517","2026-07-10","home","[{""gameId"":""824658"",""date"":""2026-07-04"",""pitcherId"":""681517"",""side"":""away"",""started"":true,""source"":""BOXSCORE_START"",""k"":6,""ip"":""5.0"",""bf"":20,""pitches"":77,""competition"":""MLB_REGULAR_INFERRED""},{""gameId"":""823037"",""date"":""2026-06-28"",""pitcherId"":""681517"",""side"":""home"",""started"":true,""source"":""BOXSCORE_START"",""k"":5,""ip"":""5.0"",""bf"":20,""pitches"":87,""competition"":""MLB_REGULAR_INFERRED""},{""gameId"":""823043"",""date"":""2026-06-23"",""pitcherId"":""681517"",""side"":""home"",""started"":true,""source"":""BOXSCORE_START"",""k"":3,""ip"":""6.1"",""bf"":23,""pitches"":85,""competition"":""MLB_REGULAR_INFERRED""}]","[{""gameId"":""824658"",""date"":""2026-07-04"",""pitcherId"":""681517"",""side"":""away"",""started"":true,""source"":""LIVE_APPEARANCE"",""k"":6,""ip"":""5.0"",""bf"":20,""pitches"":77,""competition"":""MLB_REGULAR_INFERRED""},{""gameId"":""823037"",""date"":""2026-06-28"",""pitcherId"":""681517"",""side"":""home"",""started"":true,""source"":""LIVE_APPEARANCE"",""k"":5,""ip"":""5.0"",""bf"":20,""pitches"":87,""competition"":""MLB_REGULAR_INFERRED""},{""gameId"":""823043"",""date"":""2026-06-23"",""pitcherId"":""681517"",""side"":""home"",""started"":true,""source"":""LIVE_APPEARANCE"",""k"":3,""ip"":""6.1"",""bf"":23,""pitches"":85,""competition"":""MLB_REGULAR_INFERRED""}]","{""last3Ks1"":6,""last3Ks2"":5,""last3Ks3"":3,""last3Ip1"":5,""last3Ip2"":5,""last3Ip3"":6.333333333333333,""last3Bf1"":20,""last3Bf2"":20,""last3Bf3"":23,""last5KsAvg"":4.4,""last5KsStd"":2.1540659228538015,""last5IpAvg"":5.266666666666667,""last5BfAvg"":21.2,""last5PitchCountAvg"":81.8,""pitchesLast3Starts"":249,""pitchesLast3Appearances"":249,""daysSinceLastStart"":6,""daysSinceLastAppearance"":6}","LINESCORE_DEFENSE_PITCHER","NOT_VERIFIABLE"
"823034","669467","2026-07-09","home","[{""gameId"":""824659"",""date"":""2026-07-03"",""pitcherId"":""669467"",""side"":""away"",""started"":true,""source"":""BOXSCORE_START"",""k"":2,""ip"":""5.2"",""bf"":24,""pitches"":102,""competition"":""MLB_REGULAR_INFERRED""},{""gameId"":""823038"",""date"":""2026-06-27"",""pitcherId"":""669467"",""side"":""home"",""started"":true,""source"":""BOXSCORE_START"",""k"":4,""ip"":""6.2"",""bf"":28,""pitches"":98,""competition"":""MLB_REGULAR_INFERRED""},{""gameId"":""823040"",""date"":""2026-06-22"",""pitcherId"":""669467"",""side"":""home"",""started"":true,""source"":""BOXSCORE_START"",""k"":2,""ip"":""6.0"",""bf"":24,""pitches"":85,""competition"":""MLB_REGULAR_INFERRED""}]","[{""gameId"":""824659"",""date"":""2026-07-03"",""pitcherId"":""669467"",""side"":""away"",""started"":true,""source"":""LIVE_APPEARANCE"",""k"":2,""ip"":""5.2"",""bf"":24,""pitches"":102,""competition"":""MLB_REGULAR_INFERRED""},{""gameId"":""823038"",""date"":""2026-06-27"",""pitcherId"":""669467"",""side"":""home"",""started"":true,""source"":""LIVE_APPEARANCE"",""k"":4,""ip"":""6.2"",""bf"":28,""pitches"":98,""competition"":""MLB_REGULAR_INFERRED""},{""gameId"":""823040"",""date"":""2026-06-22"",""pitcherId"":""669467"",""side"":""home"",""started"":true,""source"":""LIVE_APPEARANCE"",""k"":2,""ip"":""6.0"",""bf"":24,""pitches"":85,""competition"":""MLB_REGULAR_INFERRED""}]","{""last3Ks1"":2,""last3Ks2"":4,""last3Ks3"":2,""last3Ip1"":5.666666666666667,""last3Ip2"":6.666666666666667,""last3Ip3"":6,""last3Bf1"":24,""last3Bf2"":28,""last3Bf3"":24,""last5KsAvg"":3.8,""last5KsStd"":1.6,""last5IpAvg"":6.2666666666666675,""last5BfAvg"":24.8,""last5PitchCountAvg"":94,""pitchesLast3Starts"":285,""pitchesLast3Appearances"":285,""daysSinceLastStart"":6,""daysSinceLastAppearance"":6}","LINESCORE_DEFENSE_PITCHER","NOT_VERIFIABLE"
"823035","690928","2026-07-07","home","[]","[{""gameId"":""823049"",""date"":""2026-06-05"",""pitcherId"":""690928"",""side"":""home"",""started"":false,""source"":""LIVE_APPEARANCE"",""k"":6,""ip"":""5.0"",""bf"":19,""pitches"":78,""competition"":""MLB_REGULAR_INFERRED""},{""gameId"":""823053"",""date"":""2026-05-31"",""pitcherId"":""690928"",""side"":""home"",""started"":false,""source"":""LIVE_APPEARANCE"",""k"":4,""ip"":""3.2"",""bf"":15,""pitches"":61,""competition"":""MLB_REGULAR_INFERRED""}]","{""last3Ks1"":null,""last3Ks2"":null,""last3Ks3"":null,""last3Ip1"":null,""last3Ip2"":null,""last3Ip3"":null,""last3Bf1"":null,""last3Bf2"":null,""last3Bf3"":null,""last5KsAvg"":null,""last5KsStd"":null,""last5IpAvg"":null,""last5BfAvg"":null,""last5PitchCountAvg"":null,""pitchesLast3Starts"":null,""pitchesLast3Appearances"":139,""daysSinceLastStart"":null,""daysSinceLastAppearance"":32}","LINESCORE_DEFENSE_PITCHER","NOT_VERIFIABLE"
"823036","669160","2026-07-06","home","[{""gameId"":""824906"",""date"":""2026-07-02"",""pitcherId"":""669160"",""side"":""away"",""started"":true,""source"":""BOXSCORE_START"",""k"":1,""ip"":""0.2"",""bf"":9,""pitches"":34,""competition"":""MLB_REGULAR_INFERRED""},{""gameId"":""824095"",""date"":""2026-06-21"",""pitcherId"":""669160"",""side"":""away"",""started"":true,""source"":""BOXSCORE_START"",""k"":2,""ip"":""2.0"",""bf"":13,""pitches"":44,""competition"":""MLB_REGULAR_INFERRED""},{""gameId"":""823046"",""date"":""2026-06-15"",""pitcherId"":""669160"",""side"":""home"",""started"":true,""source"":""BOXSCORE_START"",""k"":9,""ip"":""9.0"",""bf"":28,""pitches"":101,""competition"":""MLB_REGULAR_INFERRED""}]","[{""gameId"":""824906"",""date"":""2026-07-02"",""pitcherId"":""669160"",""side"":""away"",""started"":true,""source"":""LIVE_APPEARANCE"",""k"":1,""ip"":""0.2"",""bf"":9,""pitches"":34,""competition"":""MLB_REGULAR_INFERRED""},{""gameId"":""824095"",""date"":""2026-06-21"",""pitcherId"":""669160"",""side"":""away"",""started"":true,""source"":""LIVE_APPEARANCE"",""k"":2,""ip"":""2.0"",""bf"":13,""pitches"":44,""competition"":""MLB_REGULAR_INFERRED""},{""gameId"":""823046"",""date"":""2026-06-15"",""pitcherId"":""669160"",""side"":""home"",""started"":true,""source"":""LIVE_APPEARANCE"",""k"":9,""ip"":""9.0"",""bf"":28,""pitches"":101,""competition"":""MLB_REGULAR_INFERRED""}]","{""last3Ks1"":1,""last3Ks2"":2,""last3Ks3"":9,""last3Ip1"":0.6666666666666666,""last3Ip2"":2,""last3Ip3"":9,""last3Bf1"":9,""last3Bf2"":13,""last3Bf3"":28,""last5KsAvg"":5.4,""last5KsStd"":3.3823069050575527,""last5IpAvg"":4.666666666666666,""last5BfAvg"":19.2,""last5PitchCountAvg"":74,""pitchesLast3Starts"":179,""pitchesLast3Appearances"":179,""daysSinceLastStart"":4,""daysSinceLastAppearance"":4}","LINESCORE_DEFENSE_PITCHER","NOT_VERIFIABLE"
"823037","681517","2026-06-28","home","[{""gameId"":""823043"",""date"":""2026-06-23"",""pitcherId"":""681517"",""side"":""home"",""started"":true,""source"":""BOXSCORE_START"",""k"":3,""ip"":""6.1"",""bf"":23,""pitches"":85,""competition"":""MLB_REGULAR_INFERRED""},{""gameId"":""823044"",""date"":""2026-06-17"",""pitcherId"":""681517"",""side"":""home"",""started"":true,""source"":""BOXSCORE_START"",""k"":7,""ip"":""6.0"",""bf"":24,""pitches"":81,""competition"":""MLB_REGULAR_INFERRED""},{""gameId"":""823049"",""date"":""2026-06-05"",""pitcherId"":""681517"",""side"":""home"",""started"":true,""source"":""BOXSCORE_START"",""k"":1,""ip"":""4.0"",""bf"":19,""pitches"":79,""competition"":""MLB_REGULAR_INFERRED""}]","[{""gameId"":""823043"",""date"":""2026-06-23"",""pitcherId"":""681517"",""side"":""home"",""started"":true,""source"":""LIVE_APPEARANCE"",""k"":3,""ip"":""6.1"",""bf"":23,""pitches"":85,""competition"":""MLB_REGULAR_INFERRED""},{""gameId"":""823044"",""date"":""2026-06-17"",""pitcherId"":""681517"",""side"":""home"",""started"":true,""source"":""LIVE_APPEARANCE"",""k"":7,""ip"":""6.0"",""bf"":24,""pitches"":81,""competition"":""MLB_REGULAR_INFERRED""},{""gameId"":""823049"",""date"":""2026-06-05"",""pitcherId"":""681517"",""side"":""home"",""started"":true,""source"":""LIVE_APPEARANCE"",""k"":1,""ip"":""4.0"",""bf"":19,""pitches"":79,""competition"":""MLB_REGULAR_INFERRED""}]","{""last3Ks1"":3,""last3Ks2"":7,""last3Ks3"":1,""last3Ip1"":6.333333333333333,""last3Ip2"":6,""last3Ip3"":4,""last3Bf1"":23,""last3Bf2"":24,""last3Bf3"":19,""last5KsAvg"":4.6,""last5KsStd"":2.5768197453450252,""last5IpAvg"":5.133333333333333,""last5BfAvg"":22.2,""last5PitchCountAvg"":82,""pitchesLast3Starts"":245,""pitchesLast3Appearances"":245,""daysSinceLastStart"":5,""daysSinceLastAppearance"":5}","LINESCORE_DEFENSE_PITCHER","NOT_VERIFIABLE"
"823038","669467","2026-06-27","home","[{""gameId"":""823040"",""date"":""2026-06-22"",""pitcherId"":""669467"",""side"":""home"",""started"":true,""source"":""BOXSCORE_START"",""k"":2,""ip"":""6.0"",""bf"":24,""pitches"":85,""competition"":""MLB_REGULAR_INFERRED""},{""gameId"":""823045"",""date"":""2026-06-16"",""pitcherId"":""669467"",""side"":""home"",""started"":true,""source"":""BOXSCORE_START"",""k"":6,""ip"":""7.0"",""bf"":24,""pitches"":92,""competition"":""MLB_REGULAR_INFERRED""},{""gameId"":""823618"",""date"":""2026-06-10"",""pitcherId"":""669467"",""side"":""away"",""started"":true,""source"":""BOXSCORE_START"",""k"":5,""ip"":""6.0"",""bf"":24,""pitches"":93,""competition"":""MLB_REGULAR_INFERRED""}]","[{""gameId"":""823040"",""date"":""2026-06-22"",""pitcherId"":""669467"",""side"":""home"",""started"":true,""source"":""LIVE_APPEARANCE"",""k"":2,""ip"":""6.0"",""bf"":24,""pitches"":85,""competition"":""MLB_REGULAR_INFERRED""},{""gameId"":""823045"",""date"":""2026-06-16"",""pitcherId"":""669467"",""side"":""home"",""started"":true,""source"":""LIVE_APPEARANCE"",""k"":6,""ip"":""7.0"",""bf"":24,""pitches"":92,""competition"":""MLB_REGULAR_INFERRED""},{""gameId"":""823618"",""date"":""2026-06-10"",""pitcherId"":""669467"",""side"":""away"",""started"":true,""source"":""LIVE_APPEARANCE"",""k"":5,""ip"":""6.0"",""bf"":24,""pitches"":93,""competition"":""MLB_REGULAR_INFERRED""}]","{""last3Ks1"":2,""last3Ks2"":6,""last3Ks3"":5,""last3Ip1"":6,""last3Ip2"":7,""last3Ip3"":6,""last3Bf1"":24,""last3Bf2"":24,""last3Bf3"":24,""last5KsAvg"":4.2,""last5KsStd"":1.469693845669907,""last5IpAvg"":5.533333333333333,""last5BfAvg"":22.6,""last5PitchCountAvg"":86,""pitchesLast3Starts"":270,""pitchesLast3Appearances"":270,""daysSinceLastStart"":5,""daysSinceLastAppearance"":5}","LINESCORE_DEFENSE_PITCHER","NOT_VERIFIABLE"
"823039","700241","2026-06-26","home","[{""gameId"":""824097"",""date"":""2026-06-19"",""pitcherId"":""700241"",""side"":""away"",""started"":true,""source"":""BOXSCORE_START"",""k"":2,""ip"":""5.0"",""bf"":23,""pitches"":95,""competition"":""MLB_REGULAR_INFERRED""},{""gameId"":""823047"",""date"":""2026-06-07"",""pitcherId"":""700241"",""side"":""home"",""started"":true,""source"":""BOXSCORE_START"",""k"":5,""ip"":""6.0"",""bf"":23,""pitches"":83,""competition"":""MLB_REGULAR_INFERRED""},{""gameId"":""823050"",""date"":""2026-06-01"",""pitcherId"":""700241"",""side"":""home"",""started"":true,""source"":""BOXSCORE_START"",""k"":1,""ip"":""6.0"",""bf"":23,""pitches"":87,""competition"":""MLB_REGULAR_INFERRED""}]","[{""gameId"":""824097"",""date"":""2026-06-19"",""pitcherId"":""700241"",""side"":""away"",""started"":true,""source"":""LIVE_APPEARANCE"",""k"":2,""ip"":""5.0"",""bf"":23,""pitches"":95,""competition"":""MLB_REGULAR_INFERRED""},{""gameId"":""823047"",""date"":""2026-06-07"",""pitcherId"":""700241"",""side"":""home"",""started"":true,""source"":""LIVE_APPEARANCE"",""k"":5,""ip"":""6.0"",""bf"":23,""pitches"":83,""competition"":""MLB_REGULAR_INFERRED""},{""gameId"":""823050"",""date"":""2026-06-01"",""pitcherId"":""700241"",""side"":""home"",""started"":true,""source"":""LIVE_APPEARANCE"",""k"":1,""ip"":""6.0"",""bf"":23,""pitches"":87,""competition"":""MLB_REGULAR_INFERRED""}]","{""last3Ks1"":2,""last3Ks2"":5,""last3Ks3"":1,""last3Ip1"":5,""last3Ip2"":6,""last3Ip3"":6,""last3Bf1"":23,""last3Bf2"":23,""last3Bf3"":23,""last5KsAvg"":3,""last5KsStd"":2.0976176963403033,""last5IpAvg"":5.2,""last5BfAvg"":23.4,""last5PitchCountAvg"":89,""pitchesLast3Starts"":265,""pitchesLast3Appearances"":265,""daysSinceLastStart"":7,""daysSinceLastAppearance"":7}","LINESCORE_DEFENSE_PITCHER","NOT_VERIFIABLE"
"823041","669461","2026-06-24","home","[{""gameId"":""824098"",""date"":""2026-06-18"",""pitcherId"":""669461"",""side"":""away"",""started"":true,""source"":""BOXSCORE_START"",""k"":2,""ip"":""1.2"",""bf"":13,""pitches"":48,""competition"":""MLB_REGULAR_INFERRED""},{""gameId"":""823048"",""date"":""2026-06-06"",""pitcherId"":""669461"",""side"":""home"",""started"":true,""source"":""BOXSCORE_START"",""k"":4,""ip"":""4.1"",""bf"":21,""pitches"":84,""competition"":""MLB_REGULAR_INFERRED""},{""gameId"":""823053"",""date"":""2026-05-31"",""pitcherId"":""669461"",""side"":""home"",""started"":true,""source"":""BOXSCORE_START"",""k"":4,""ip"":""5.1"",""bf"":20,""pitches"":85,""competition"":""MLB_REGULAR_INFERRED""}]","[{""gameId"":""824098"",""date"":""2026-06-18"",""pitcherId"":""669461"",""side"":""away"",""started"":true,""source"":""LIVE_APPEARANCE"",""k"":2,""ip"":""1.2"",""bf"":13,""pitches"":48,""competition"":""MLB_REGULAR_INFERRED""},{""gameId"":""823048"",""date"":""2026-06-06"",""pitcherId"":""669461"",""side"":""home"",""started"":true,""source"":""LIVE_APPEARANCE"",""k"":4,""ip"":""4.1"",""bf"":21,""pitches"":84,""competition"":""MLB_REGULAR_INFERRED""},{""gameId"":""823053"",""date"":""2026-05-31"",""pitcherId"":""669461"",""side"":""home"",""started"":true,""source"":""LIVE_APPEARANCE"",""k"":4,""ip"":""5.1"",""bf"":20,""pitches"":85,""competition"":""MLB_REGULAR_INFERRED""}]","{""last3Ks1"":2,""last3Ks2"":4,""last3Ks3"":4,""last3Ip1"":1.6666666666666667,""last3Ip2"":4.333333333333333,""last3Ip3"":5.333333333333333,""last3Bf1"":13,""last3Bf2"":21,""last3Bf3"":20,""last5KsAvg"":5.8,""last5KsStd"":3.124099870362662,""last5IpAvg"":4.2,""last5BfAvg"":19.8,""last5PitchCountAvg"":79,""pitchesLast3Starts"":217,""pitchesLast3Appearances"":217,""daysSinceLastStart"":6,""daysSinceLastAppearance"":6}","LINESCORE_DEFENSE_PITCHER","NOT_VERIFIABLE"
"823043","681517","2026-06-23","home","[{""gameId"":""823044"",""date"":""2026-06-17"",""pitcherId"":""681517"",""side"":""home"",""started"":true,""source"":""BOXSCORE_START"",""k"":7,""ip"":""6.0"",""bf"":24,""pitches"":81,""competition"":""MLB_REGULAR_INFERRED""},{""gameId"":""823049"",""date"":""2026-06-05"",""pitcherId"":""681517"",""side"":""home"",""started"":true,""source"":""BOXSCORE_START"",""k"":1,""ip"":""4.0"",""bf"":19,""pitches"":79,""competition"":""MLB_REGULAR_INFERRED""},{""gameId"":""823054"",""date"":""2026-05-30"",""pitcherId"":""681517"",""side"":""home"",""started"":true,""source"":""BOXSCORE_START"",""k"":4,""ip"":""4.1"",""bf"":21,""pitches"":78,""competition"":""MLB_REGULAR_INFERRED""}]","[{""gameId"":""823044"",""date"":""2026-06-17"",""pitcherId"":""681517"",""side"":""home"",""started"":true,""source"":""LIVE_APPEARANCE"",""k"":7,""ip"":""6.0"",""bf"":24,""pitches"":81,""competition"":""MLB_REGULAR_INFERRED""},{""gameId"":""823049"",""date"":""2026-06-05"",""pitcherId"":""681517"",""side"":""home"",""started"":true,""source"":""LIVE_APPEARANCE"",""k"":1,""ip"":""4.0"",""bf"":19,""pitches"":79,""competition"":""MLB_REGULAR_INFERRED""},{""gameId"":""823054"",""date"":""2026-05-30"",""pitcherId"":""681517"",""side"":""home"",""started"":true,""source"":""LIVE_APPEARANCE"",""k"":4,""ip"":""4.1"",""bf"":21,""pitches"":78,""competition"":""MLB_REGULAR_INFERRED""}]","{""last3Ks1"":7,""last3Ks2"":1,""last3Ks3"":4,""last3Ip1"":6,""last3Ip2"":4,""last3Ip3"":4.333333333333333,""last3Bf1"":24,""last3Bf2"":19,""last3Bf3"":21,""last5KsAvg"":4.4,""last5KsStd"":2.727636339397171,""last5IpAvg"":5.066666666666666,""last5BfAvg"":22.6,""last5PitchCountAvg"":83,""pitchesLast3Starts"":238,""pitchesLast3Appearances"":238,""daysSinceLastStart"":6,""daysSinceLastAppearance"":6}","LINESCORE_DEFENSE_PITCHER","NOT_VERIFIABLE"
"823096","693433","2026-08-26","home","[{""gameId"":""824156"",""date"":""2026-08-16"",""pitcherId"":""693433"",""side"":""away"",""started"":true,""source"":""BOXSCORE_START"",""k"":5,""ip"":""6.0"",""bf"":22,""pitches"":75,""competition"":""MLB_REGULAR_INFERRED""},{""gameId"":""823512"",""date"":""2026-08-11"",""pitcherId"":""693433"",""side"":""away"",""started"":true,""source"":""BOXSCORE_START"",""k"":5,""ip"":""5.0"",""bf"":18,""pitches"":92,""competition"":""MLB_REGULAR_INFERRED""},{""gameId"":""823106"",""date"":""2026-08-05"",""pitcherId"":""693433"",""side"":""home"",""started"":true,""source"":""BOXSCORE_START"",""k"":5,""ip"":""7.0"",""bf"":26,""pitches"":91,""competition"":""MLB_REGULAR_INFERRED""}]","[{""gameId"":""824156"",""date"":""2026-08-16"",""pitcherId"":""693433"",""side"":""away"",""started"":true,""source"":""LIVE_APPEARANCE"",""k"":5,""ip"":""6.0"",""bf"":22,""pitches"":75,""competition"":""MLB_REGULAR_INFERRED""},{""gameId"":""823512"",""date"":""2026-08-11"",""pitcherId"":""693433"",""side"":""away"",""started"":true,""source"":""LIVE_APPEARANCE"",""k"":5,""ip"":""5.0"",""bf"":18,""pitches"":92,""competition"":""MLB_REGULAR_INFERRED""},{""gameId"":""823106"",""date"":""2026-08-05"",""pitcherId"":""693433"",""side"":""home"",""started"":true,""source"":""LIVE_APPEARANCE"",""k"":5,""ip"":""7.0"",""bf"":26,""pitches"":91,""competition"":""MLB_REGULAR_INFERRED""}]","{""last3Ks1"":5,""last3Ks2"":5,""last3Ks3"":5,""last3Ip1"":6,""last3Ip2"":5,""last3Ip3"":7,""last3Bf1"":22,""last3Bf2"":18,""last3Bf3"":26,""last5KsAvg"":5.6,""last5KsStd"":1.2,""last5IpAvg"":5.6,""last5BfAvg"":22.6,""last5PitchCountAvg"":88.8,""pitchesLast3Starts"":258,""pitchesLast3Appearances"":258,""daysSinceLastStart"":10,""daysSinceLastAppearance"":10}","PITCHERS_PITCHER_ID",""
"823096","666200","2026-08-26","away","[{""gameId"":""823420"",""date"":""2026-08-21"",""pitcherId"":""666200"",""side"":""home"",""started"":true,""source"":""BOXSCORE_START"",""k"":9,""ip"":""5.2"",""bf"":24,""pitches"":110,""competition"":""MLB_REGULAR_INFERRED""},{""gameId"":""823671"",""date"":""2026-08-15"",""pitcherId"":""666200"",""side"":""away"",""started"":true,""source"":""BOXSCORE_START"",""k"":9,""ip"":""6.2"",""bf"":28,""pitches"":109,""competition"":""MLB_REGULAR_INFERRED""},{""gameId"":""823425"",""date"":""2026-08-09"",""pitcherId"":""666200"",""side"":""home"",""started"":true,""source"":""BOXSCORE_START"",""k"":12,""ip"":""7.0"",""bf"":27,""pitches"":100,""competition"":""MLB_REGULAR_INFERRED""}]","[{""gameId"":""823420"",""date"":""2026-08-21"",""pitcherId"":""666200"",""side"":""home"",""started"":true,""source"":""LIVE_APPEARANCE"",""k"":9,""ip"":""5.2"",""bf"":24,""pitches"":110,""competition"":""MLB_REGULAR_INFERRED""},{""gameId"":""823671"",""date"":""2026-08-15"",""pitcherId"":""666200"",""side"":""away"",""started"":true,""source"":""LIVE_APPEARANCE"",""k"":9,""ip"":""6.2"",""bf"":28,""pitches"":109,""competition"":""MLB_REGULAR_INFERRED""},{""gameId"":""823425"",""date"":""2026-08-09"",""pitcherId"":""666200"",""side"":""home"",""started"":true,""source"":""LIVE_APPEARANCE"",""k"":12,""ip"":""7.0"",""bf"":27,""pitches"":100,""competition"":""MLB_REGULAR_INFERRED""}]","{""last3Ks1"":9,""last3Ks2"":9,""last3Ks3"":12,""last3Ip1"":5.666666666666667,""last3Ip2"":6.666666666666667,""last3Ip3"":7,""last3Bf1"":24,""last3Bf2"":28,""last3Bf3"":27,""last5KsAvg"":8.4,""last5KsStd"":2.33238075793812,""last5IpAvg"":6.733333333333334,""last5BfAvg"":27.2,""last5PitchCountAvg"":103.4,""pitchesLast3Starts"":319,""pitchesLast3Appearances"":319,""daysSinceLastStart"":5,""daysSinceLastAppearance"":5}","PITCHERS_PITCHER_ID",""
"823110","676106","2026-07-22","home","[{""gameId"":""822951"",""date"":""2026-07-12"",""pitcherId"":""676106"",""side"":""away"",""started"":true,""source"":""BOXSCORE_START"",""k"":2,""ip"":""1.2"",""bf"":6,""pitches"":19,""competition"":""MLB_REGULAR_INFERRED""},{""gameId"":""823117"",""date"":""2026-07-05"",""pitcherId"":""676106"",""side"":""home"",""started"":true,""source"":""BOXSCORE_START"",""k"":5,""ip"":""7.0"",""bf"":24,""pitches"":92,""competition"":""MLB_REGULAR_INFERRED""},{""gameId"":""824422"",""date"":""2026-06-28"",""pitcherId"":""676106"",""side"":""away"",""started"":true,""source"":""BOXSCORE_START"",""k"":6,""ip"":""5.2"",""bf"":25,""pitches"":98,""competition"":""MLB_REGULAR_INFERRED""}]","[{""gameId"":""822951"",""date"":""2026-07-12"",""pitcherId"":""676106"",""side"":""away"",""started"":true,""source"":""LIVE_APPEARANCE"",""k"":2,""ip"":""1.2"",""bf"":6,""pitches"":19,""competition"":""MLB_REGULAR_INFERRED""},{""gameId"":""823117"",""date"":""2026-07-05"",""pitcherId"":""676106"",""side"":""home"",""started"":true,""source"":""LIVE_APPEARANCE"",""k"":5,""ip"":""7.0"",""bf"":24,""pitches"":92,""competition"":""MLB_REGULAR_INFERRED""},{""gameId"":""824422"",""date"":""2026-06-28"",""pitcherId"":""676106"",""side"":""away"",""started"":true,""source"":""LIVE_APPEARANCE"",""k"":6,""ip"":""5.2"",""bf"":25,""pitches"":98,""competition"":""MLB_REGULAR_INFERRED""}]","{""last3Ks1"":2,""last3Ks2"":5,""last3Ks3"":6,""last3Ip1"":1.6666666666666667,""last3Ip2"":7,""last3Ip3"":5.666666666666667,""last3Bf1"":6,""last3Bf2"":24,""last3Bf3"":25,""last5KsAvg"":4.4,""last5KsStd"":1.624807680927192,""last5IpAvg"":4.933333333333333,""last5BfAvg"":19.6,""last5PitchCountAvg"":75.4,""pitchesLast3Starts"":209,""pitchesLast3Appearances"":209,""daysSinceLastStart"":10,""daysSinceLastAppearance"":10}","LINESCORE_DEFENSE_PITCHER","NOT_VERIFIABLE"
"823113","669302","2026-07-19","home","[{""gameId"":""822953"",""date"":""2026-07-11"",""pitcherId"":""669302"",""side"":""away"",""started"":true,""source"":""BOXSCORE_START"",""k"":5,""ip"":""6.2"",""bf"":30,""pitches"":96,""competition"":""MLB_REGULAR_INFERRED""},{""gameId"":""823118"",""date"":""2026-07-04"",""pitcherId"":""669302"",""side"":""home"",""started"":true,""source"":""BOXSCORE_START"",""k"":7,""ip"":""7.1"",""bf"":23,""pitches"":91,""competition"":""MLB_REGULAR_INFERRED""},{""gameId"":""824421"",""date"":""2026-06-27"",""pitcherId"":""669302"",""side"":""away"",""started"":true,""source"":""BOXSCORE_START"",""k"":7,""ip"":""7.0"",""bf"":28,""pitches"":103,""competition"":""MLB_REGULAR_INFERRED""}]","[{""gameId"":""822953"",""date"":""2026-07-11"",""pitcherId"":""669302"",""side"":""away"",""started"":true,""source"":""LIVE_APPEARANCE"",""k"":5,""ip"":""6.2"",""bf"":30,""pitches"":96,""competition"":""MLB_REGULAR_INFERRED""},{""gameId"":""823118"",""date"":""2026-07-04"",""pitcherId"":""669302"",""side"":""home"",""started"":true,""source"":""LIVE_APPEARANCE"",""k"":7,""ip"":""7.1"",""bf"":23,""pitches"":91,""competition"":""MLB_REGULAR_INFERRED""},{""gameId"":""824421"",""date"":""2026-06-27"",""pitcherId"":""669302"",""side"":""away"",""started"":true,""source"":""LIVE_APPEARANCE"",""k"":7,""ip"":""7.0"",""bf"":28,""pitches"":103,""competition"":""MLB_REGULAR_INFERRED""}]","{""last3Ks1"":5,""last3Ks2"":7,""last3Ks3"":7,""last3Ip1"":6.666666666666667,""last3Ip2"":7.333333333333333,""last3Ip3"":7,""last3Bf1"":30,""last3Bf2"":23,""last3Bf3"":28,""last5KsAvg"":7.4,""last5KsStd"":1.624807680927192,""last5IpAvg"":6.866666666666665,""last5BfAvg"":25.6,""last5PitchCountAvg"":95.6,""pitchesLast3Starts"":290,""pitchesLast3Appearances"":290,""daysSinceLastStart"":8,""daysSinceLastAppearance"":8}","LINESCORE_DEFENSE_PITCHER","NOT_VERIFIABLE"
"823114","622491","2026-07-21","home","[{""gameId"":""822955"",""date"":""2026-07-10"",""pitcherId"":""622491"",""side"":""away"",""started"":true,""source"":""BOXSCORE_START"",""k"":4,""ip"":""5.0"",""bf"":25,""pitches"":91,""competition"":""MLB_REGULAR_INFERRED""},{""gameId"":""823120"",""date"":""2026-07-03"",""pitcherId"":""622491"",""side"":""home"",""started"":true,""source"":""BOXSCORE_START"",""k"":4,""ip"":""6.0"",""bf"":26,""pitches"":101,""competition"":""MLB_REGULAR_INFERRED""},{""gameId"":""824423"",""date"":""2026-06-26"",""pitcherId"":""622491"",""side"":""away"",""started"":true,""source"":""BOXSCORE_START"",""k"":4,""ip"":""6.0"",""bf"":22,""pitches"":91,""competition"":""MLB_REGULAR_INFERRED""}]","[{""gameId"":""822955"",""date"":""2026-07-10"",""pitcherId"":""622491"",""side"":""away"",""started"":true,""source"":""LIVE_APPEARANCE"",""k"":4,""ip"":""5.0"",""bf"":25,""pitches"":91,""competition"":""MLB_REGULAR_INFERRED""},{""gameId"":""823120"",""date"":""2026-07-03"",""pitcherId"":""622491"",""side"":""home"",""started"":true,""source"":""LIVE_APPEARANCE"",""k"":4,""ip"":""6.0"",""bf"":26,""pitches"":101,""competition"":""MLB_REGULAR_INFERRED""},{""gameId"":""824423"",""date"":""2026-06-26"",""pitcherId"":""622491"",""side"":""away"",""started"":true,""source"":""LIVE_APPEARANCE"",""k"":4,""ip"":""6.0"",""bf"":22,""pitches"":91,""competition"":""MLB_REGULAR_INFERRED""}]","{""last3Ks1"":4,""last3Ks2"":4,""last3Ks3"":4,""last3Ip1"":5,""last3Ip2"":6,""last3Ip3"":6,""last3Bf1"":25,""last3Bf2"":26,""last3Bf3"":22,""last5KsAvg"":4.6,""last5KsStd"":0.8,""last5IpAvg"":5.666666666666667,""last5BfAvg"":23.6,""last5PitchCountAvg"":98.2,""pitchesLast3Starts"":283,""pitchesLast3Appearances"":283,""daysSinceLastStart"":11,""daysSinceLastAppearance"":11}","LINESCORE_DEFENSE_PITCHER","NOT_VERIFIABLE"
"823115","682243","2026-07-17","home","[{""gameId"":""823846"",""date"":""2026-07-09"",""pitcherId"":""682243"",""side"":""away"",""started"":true,""source"":""BOXSCORE_START"",""k"":3,""ip"":""5.0"",""bf"":28,""pitches"":81,""competition"":""MLB_REGULAR_INFERRED""},{""gameId"":""823119"",""date"":""2026-07-02"",""pitcherId"":""682243"",""side"":""home"",""started"":true,""source"":""BOXSCORE_START"",""k"":8,""ip"":""7.0"",""bf"":24,""pitches"":90,""competition"":""MLB_REGULAR_INFERRED""},{""gameId"":""823366"",""date"":""2026-06-25"",""pitcherId"":""682243"",""side"":""away"",""started"":true,""source"":""BOXSCORE_START"",""k"":11,""ip"":""5.2"",""bf"":22,""pitches"":90,""competition"":""MLB_REGULAR_INFERRED""}]","[{""gameId"":""823846"",""date"":""2026-07-09"",""pitcherId"":""682243"",""side"":""away"",""started"":true,""source"":""LIVE_APPEARANCE"",""k"":3,""ip"":""5.0"",""bf"":28,""pitches"":81,""competition"":""MLB_REGULAR_INFERRED""},{""gameId"":""823119"",""date"":""2026-07-02"",""pitcherId"":""682243"",""side"":""home"",""started"":true,""source"":""LIVE_APPEARANCE"",""k"":8,""ip"":""7.0"",""bf"":24,""pitches"":90,""competition"":""MLB_REGULAR_INFERRED""},{""gameId"":""823366"",""date"":""2026-06-25"",""pitcherId"":""682243"",""side"":""away"",""started"":true,""source"":""LIVE_APPEARANCE"",""k"":11,""ip"":""5.2"",""bf"":22,""pitches"":90,""competition"":""MLB_REGULAR_INFERRED""}]","{""last3Ks1"":3,""last3Ks2"":8,""last3Ks3"":11,""last3Ip1"":5,""last3Ip2"":7,""last3Ip3"":5.666666666666667,""last3Bf1"":28,""last3Bf2"":24,""last3Bf3"":22,""last5KsAvg"":7.6,""last5KsStd"":2.6532998322843198,""last5IpAvg"":5.733333333333333,""last5BfAvg"":22,""last5PitchCountAvg"":84.2,""pitchesLast3Starts"":261,""pitchesLast3Appearances"":261,""daysSinceLastStart"":8,""daysSinceLastAppearance"":8}","LINESCORE_DEFENSE_PITCHER","NOT_VERIFIABLE"
"823117","676106","2026-07-05","home","[{""gameId"":""824422"",""date"":""2026-06-28"",""pitcherId"":""676106"",""side"":""away"",""started"":true,""source"":""BOXSCORE_START"",""k"":6,""ip"":""5.2"",""bf"":25,""pitches"":98,""competition"":""MLB_REGULAR_INFERRED""},{""gameId"":""823126"",""date"":""2026-06-20"",""pitcherId"":""676106"",""side"":""home"",""started"":true,""source"":""BOXSCORE_START"",""k"":6,""ip"":""5.1"",""bf"":22,""pitches"":76,""competition"":""MLB_REGULAR_INFERRED""},{""gameId"":""824829"",""date"":""2026-06-08"",""pitcherId"":""676106"",""side"":""away"",""started"":true,""source"":""BOXSCORE_START"",""k"":3,""ip"":""5.0"",""bf"":21,""pitches"":92,""competition"":""MLB_REGULAR_INFERRED""}]","[{""gameId"":""824422"",""date"":""2026-06-28"",""pitcherId"":""676106"",""side"":""away"",""started"":true,""source"":""LIVE_APPEARANCE"",""k"":6,""ip"":""5.2"",""bf"":25,""pitches"":98,""competition"":""MLB_REGULAR_INFERRED""},{""gameId"":""823126"",""date"":""2026-06-20"",""pitcherId"":""676106"",""side"":""home"",""started"":true,""source"":""LIVE_APPEARANCE"",""k"":6,""ip"":""5.1"",""bf"":22,""pitches"":76,""competition"":""MLB_REGULAR_INFERRED""},{""gameId"":""824829"",""date"":""2026-06-08"",""pitcherId"":""676106"",""side"":""away"",""started"":true,""source"":""LIVE_APPEARANCE"",""k"":3,""ip"":""5.0"",""bf"":21,""pitches"":92,""competition"":""MLB_REGULAR_INFERRED""}]","{""last3Ks1"":6,""last3Ks2"":6,""last3Ks3"":3,""last3Ip1"":5.666666666666667,""last3Ip2"":5.333333333333333,""last3Ip3"":5,""last3Bf1"":25,""last3Bf2"":22,""last3Bf3"":21,""last5KsAvg"":5,""last5KsStd"":1.6733200530681511,""last5IpAvg"":5.6,""last5BfAvg"":22,""last5PitchCountAvg"":88.8,""pitchesLast3Starts"":266,""pitchesLast3Appearances"":266,""daysSinceLastStart"":7,""daysSinceLastAppearance"":7}","LINESCORE_DEFENSE_PITCHER","NOT_VERIFIABLE"
"823118","669302","2026-07-04","home","[{""gameId"":""824421"",""date"":""2026-06-27"",""pitcherId"":""669302"",""side"":""away"",""started"":true,""source"":""BOXSCORE_START"",""k"":7,""ip"":""7.0"",""bf"":28,""pitches"":103,""competition"":""MLB_REGULAR_INFERRED""},{""gameId"":""823123"",""date"":""2026-06-21"",""pitcherId"":""669302"",""side"":""home"",""started"":true,""source"":""BOXSCORE_START"",""k"":8,""ip"":""6.1"",""bf"":22,""pitches"":94,""competition"":""MLB_REGULAR_INFERRED""},{""gameId"":""823128"",""date"":""2026-06-16"",""pitcherId"":""669302"",""side"":""home"",""started"":true,""source"":""BOXSCORE_START"",""k"":10,""ip"":""7.0"",""bf"":25,""pitches"":94,""competition"":""MLB_REGULAR_INFERRED""}]","[{""gameId"":""824421"",""date"":""2026-06-27"",""pitcherId"":""669302"",""side"":""away"",""started"":true,""source"":""LIVE_APPEARANCE"",""k"":7,""ip"":""7.0"",""bf"":28,""pitches"":103,""competition"":""MLB_REGULAR_INFERRED""},{""gameId"":""823123"",""date"":""2026-06-21"",""pitcherId"":""669302"",""side"":""home"",""started"":true,""source"":""LIVE_APPEARANCE"",""k"":8,""ip"":""6.1"",""bf"":22,""pitches"":94,""competition"":""MLB_REGULAR_INFERRED""},{""gameId"":""823128"",""date"":""2026-06-16"",""pitcherId"":""669302"",""side"":""home"",""started"":true,""source"":""LIVE_APPEARANCE"",""k"":10,""ip"":""7.0"",""bf"":25,""pitches"":94,""competition"":""MLB_REGULAR_INFERRED""}]","{""last3Ks1"":7,""last3Ks2"":8,""last3Ks3"":10,""last3Ip1"":7,""last3Ip2"":6.333333333333333,""last3Ip3"":7,""last3Bf1"":28,""last3Bf2"":22,""last3Bf3"":25,""last5KsAvg"":7.6,""last5KsStd"":1.624807680927192,""last5IpAvg"":6.333333333333333,""last5BfAvg"":24,""last5PitchCountAvg"":99,""pitchesLast3Starts"":291,""pitchesLast3Appearances"":291,""daysSinceLastStart"":7,""daysSinceLastAppearance"":7}","LINESCORE_DEFENSE_PITCHER","NOT_VERIFIABLE"
"823119","682243","2026-07-02","home","[{""gameId"":""823366"",""date"":""2026-06-25"",""pitcherId"":""682243"",""side"":""away"",""started"":true,""source"":""BOXSCORE_START"",""k"":11,""ip"":""5.2"",""bf"":22,""pitches"":90,""competition"":""MLB_REGULAR_INFERRED""},{""gameId"":""823124"",""date"":""2026-06-19"",""pitcherId"":""682243"",""side"":""home"",""started"":true,""source"":""BOXSCORE_START"",""k"":7,""ip"":""5.0"",""bf"":16,""pitches"":66,""competition"":""MLB_REGULAR_INFERRED""},{""gameId"":""824269"",""date"":""2026-06-06"",""pitcherId"":""682243"",""side"":""away"",""started"":true,""source"":""BOXSCORE_START"",""k"":9,""ip"":""6.0"",""bf"":20,""pitches"":94,""competition"":""MLB_REGULAR_INFERRED""}]","[{""gameId"":""823366"",""date"":""2026-06-25"",""pitcherId"":""682243"",""side"":""away"",""started"":true,""source"":""LIVE_APPEARANCE"",""k"":11,""ip"":""5.2"",""bf"":22,""pitches"":90,""competition"":""MLB_REGULAR_INFERRED""},{""gameId"":""823124"",""date"":""2026-06-19"",""pitcherId"":""682243"",""side"":""home"",""started"":true,""source"":""LIVE_APPEARANCE"",""k"":7,""ip"":""5.0"",""bf"":16,""pitches"":66,""competition"":""MLB_REGULAR_INFERRED""},{""gameId"":""824269"",""date"":""2026-06-06"",""pitcherId"":""682243"",""side"":""away"",""started"":true,""source"":""LIVE_APPEARANCE"",""k"":9,""ip"":""6.0"",""bf"":20,""pitches"":94,""competition"":""MLB_REGULAR_INFERRED""}]","{""last3Ks1"":11,""last3Ks2"":7,""last3Ks3"":9,""last3Ip1"":5.666666666666667,""last3Ip2"":5,""last3Ip3"":6,""last3Bf1"":22,""last3Bf2"":16,""last3Bf3"":20,""last5KsAvg"":8,""last5KsStd"":1.7888543819998317,""last5IpAvg"":5.466666666666667,""last5BfAvg"":18.8,""last5PitchCountAvg"":78.6,""pitchesLast3Starts"":250,""pitchesLast3Appearances"":250,""daysSinceLastStart"":7,""daysSinceLastAppearance"":7}","LINESCORE_DEFENSE_PITCHER","NOT_VERIFIABLE"
"823120","622491","2026-07-03","home","[{""gameId"":""824423"",""date"":""2026-06-26"",""pitcherId"":""622491"",""side"":""away"",""started"":true,""source"":""BOXSCORE_START"",""k"":4,""ip"":""6.0"",""bf"":22,""pitches"":91,""competition"":""MLB_REGULAR_INFERRED""},{""gameId"":""824268"",""date"":""2026-06-07"",""pitcherId"":""622491"",""side"":""away"",""started"":true,""source"":""BOXSCORE_START"",""k"":5,""ip"":""5.2"",""bf"":21,""pitches"":100,""competition"":""MLB_REGULAR_INFERRED""},{""gameId"":""824196"",""date"":""2026-05-14"",""pitcherId"":""622491"",""side"":""away"",""started"":true,""source"":""BOXSCORE_START"",""k"":6,""ip"":""5.2"",""bf"":24,""pitches"":108,""competition"":""MLB_REGULAR_INFERRED""}]","[{""gameId"":""824423"",""date"":""2026-06-26"",""pitcherId"":""622491"",""side"":""away"",""started"":true,""source"":""LIVE_APPEARANCE"",""k"":4,""ip"":""6.0"",""bf"":22,""pitches"":91,""competition"":""MLB_REGULAR_INFERRED""},{""gameId"":""823124"",""date"":""2026-06-19"",""pitcherId"":""622491"",""side"":""home"",""started"":false,""source"":""LIVE_APPEARANCE"",""k"":4,""ip"":""4.0"",""bf"":19,""pitches"":63,""competition"":""MLB_REGULAR_INFERRED""},{""gameId"":""824268"",""date"":""2026-06-07"",""pitcherId"":""622491"",""side"":""away"",""started"":true,""source"":""LIVE_APPEARANCE"",""k"":5,""ip"":""5.2"",""bf"":21,""pitches"":100,""competition"":""MLB_REGULAR_INFERRED""}]","{""last3Ks1"":4,""last3Ks2"":5,""last3Ks3"":6,""last3Ip1"":6,""last3Ip2"":5.666666666666667,""last3Ip3"":5.666666666666667,""last3Bf1"":22,""last3Bf2"":21,""last3Bf3"":24,""last5KsAvg"":5.2,""last5KsStd"":0.7483314773547882,""last5IpAvg"":5.466666666666667,""last5BfAvg"":22.2,""last5PitchCountAvg"":96.8,""pitchesLast3Starts"":299,""pitchesLast3Appearances"":254,""daysSinceLastStart"":7,""daysSinceLastAppearance"":7}","LINESCORE_DEFENSE_PITCHER","NOT_VERIFIABLE"
"823121","669923","2026-06-29","home","[{""gameId"":""823365"",""date"":""2026-06-23"",""pitcherId"":""669923"",""side"":""away"",""started"":true,""source"":""BOXSCORE_START"",""k"":5,""ip"":""6.0"",""bf"":27,""pitches"":91,""competition"":""MLB_REGULAR_INFERRED""},{""gameId"":""823127"",""date"":""2026-06-17"",""pitcherId"":""669923"",""side"":""home"",""started"":true,""source"":""BOXSCORE_START"",""k"":5,""ip"":""6.0"",""bf"":25,""pitches"":92,""competition"":""MLB_REGULAR_INFERRED""},{""gameId"":""824831"",""date"":""2026-06-10"",""pitcherId"":""669923"",""side"":""away"",""started"":true,""source"":""BOXSCORE_START"",""k"":10,""ip"":""6.0"",""bf"":27,""pitches"":104,""competition"":""MLB_REGULAR_INFERRED""}]","[{""gameId"":""823365"",""date"":""2026-06-23"",""pitcherId"":""669923"",""side"":""away"",""started"":true,""source"":""LIVE_APPEARANCE"",""k"":5,""ip"":""6.0"",""bf"":27,""pitches"":91,""competition"":""MLB_REGULAR_INFERRED""},{""gameId"":""823127"",""date"":""2026-06-17"",""pitcherId"":""669923"",""side"":""home"",""started"":true,""source"":""LIVE_APPEARANCE"",""k"":5,""ip"":""6.0"",""bf"":25,""pitches"":92,""competition"":""MLB_REGULAR_INFERRED""},{""gameId"":""824831"",""date"":""2026-06-10"",""pitcherId"":""669923"",""side"":""away"",""started"":true,""source"":""LIVE_APPEARANCE"",""k"":10,""ip"":""6.0"",""bf"":27,""pitches"":104,""competition"":""MLB_REGULAR_INFERRED""}]","{""last3Ks1"":5,""last3Ks2"":5,""last3Ks3"":10,""last3Ip1"":6,""last3Ip2"":6,""last3Ip3"":6,""last3Bf1"":27,""last3Bf2"":25,""last3Bf3"":27,""last5KsAvg"":5.8,""last5KsStd"":2.1354156504062622,""last5IpAvg"":5.466666666666667,""last5BfAvg"":24.8,""last5PitchCountAvg"":92.6,""pitchesLast3Starts"":287,""pitchesLast3Appearances"":287,""daysSinceLastStart"":6,""daysSinceLastAppearance"":6}","LINESCORE_DEFENSE_PITCHER","NOT_VERIFIABLE"
"823180","657277","2026-08-26","home","[{""gameId"":""824721"",""date"":""2026-08-21"",""pitcherId"":""657277"",""side"":""away"",""started"":true,""source"":""BOXSCORE_START"",""k"":2,""ip"":""2.2"",""bf"":18,""pitches"":70,""competition"":""MLB_REGULAR_INFERRED""},{""gameId"":""823184"",""date"":""2026-08-15"",""pitcherId"":""657277"",""side"":""home"",""started"":true,""source"":""BOXSCORE_START"",""k"":7,""ip"":""6.0"",""bf"":22,""pitches"":80,""competition"":""MLB_REGULAR_INFERRED""},{""gameId"":""823190"",""date"":""2026-08-09"",""pitcherId"":""657277"",""side"":""home"",""started"":true,""source"":""BOXSCORE_START"",""k"":2,""ip"":""8.0"",""bf"":28,""pitches"":100,""competition"":""MLB_REGULAR_INFERRED""}]","[{""gameId"":""824721"",""date"":""2026-08-21"",""pitcherId"":""657277"",""side"":""away"",""started"":true,""source"":""LIVE_APPEARANCE"",""k"":2,""ip"":""2.2"",""bf"":18,""pitches"":70,""competition"":""MLB_REGULAR_INFERRED""},{""gameId"":""823184"",""date"":""2026-08-15"",""pitcherId"":""657277"",""side"":""home"",""started"":true,""source"":""LIVE_APPEARANCE"",""k"":7,""ip"":""6.0"",""bf"":22,""pitches"":80,""competition"":""MLB_REGULAR_INFERRED""},{""gameId"":""823190"",""date"":""2026-08-09"",""pitcherId"":""657277"",""side"":""home"",""started"":true,""source"":""LIVE_APPEARANCE"",""k"":2,""ip"":""8.0"",""bf"":28,""pitches"":100,""competition"":""MLB_REGULAR_INFERRED""}]","{""last3Ks1"":2,""last3Ks2"":7,""last3Ks3"":2,""last3Ip1"":2.6666666666666665,""last3Ip2"":6,""last3Ip3"":8,""last3Bf1"":18,""last3Bf2"":22,""last3Bf3"":28,""last5KsAvg"":4.6,""last5KsStd"":2.4979991993593593,""last5IpAvg"":5.7333333333333325,""last5BfAvg"":23,""last5PitchCountAvg"":88.4,""pitchesLast3Starts"":250,""pitchesLast3Appearances"":250,""daysSinceLastStart"":5,""daysSinceLastAppearance"":5}","PITCHERS_PITCHER_ID",""
"823180","666157","2026-08-26","away","[{""gameId"":""824477"",""date"":""2026-08-16"",""pitcherId"":""666157"",""side"":""home"",""started"":true,""source"":""BOXSCORE_START"",""k"":2,""ip"":""5.0"",""bf"":19,""pitches"":73,""competition"":""MLB_REGULAR_INFERRED""},{""gameId"":""824563"",""date"":""2026-08-11"",""pitcherId"":""666157"",""side"":""away"",""started"":true,""source"":""BOXSCORE_START"",""k"":5,""ip"":""4.0"",""bf"":18,""pitches"":70,""competition"":""MLB_REGULAR_INFERRED""},{""gameId"":""824492"",""date"":""2026-07-11"",""pitcherId"":""666157"",""side"":""home"",""started"":true,""source"":""BOXSCORE_START"",""k"":4,""ip"":""5.0"",""bf"":22,""pitches"":78,""competition"":""MLB_REGULAR_INFERRED""}]","[{""gameId"":""825045"",""date"":""2026-08-21"",""pitcherId"":""666157"",""side"":""away"",""started"":false,""source"":""LIVE_APPEARANCE"",""k"":2,""ip"":""3.1"",""bf"":22,""pitches"":91,""competition"":""MLB_REGULAR_INFERRED""},{""gameId"":""824477"",""date"":""2026-08-16"",""pitcherId"":""666157"",""side"":""home"",""started"":true,""source"":""LIVE_APPEARANCE"",""k"":2,""ip"":""5.0"",""bf"":19,""pitches"":73,""competition"":""MLB_REGULAR_INFERRED""},{""gameId"":""824563"",""date"":""2026-08-11"",""pitcherId"":""666157"",""side"":""away"",""started"":true,""source"":""LIVE_APPEARANCE"",""k"":5,""ip"":""4.0"",""bf"":18,""pitches"":70,""competition"":""MLB_REGULAR_INFERRED""}]","{""last3Ks1"":2,""last3Ks2"":5,""last3Ks3"":4,""last3Ip1"":5,""last3Ip2"":4,""last3Ip3"":5,""last3Bf1"":19,""last3Bf2"":18,""last3Bf3"":22,""last5KsAvg"":3.8,""last5KsStd"":0.9797958971132712,""last5IpAvg"":5,""last5BfAvg"":21,""last5PitchCountAvg"":82.8,""pitchesLast3Starts"":221,""pitchesLast3Appearances"":234,""daysSinceLastStart"":10,""daysSinceLastAppearance"":5}","PITCHERS_PITCHER_ID",""
"823192","657277","2026-07-29","home","[{""gameId"":""823196"",""date"":""2026-07-24"",""pitcherId"":""657277"",""side"":""home"",""started"":true,""source"":""BOXSCORE_START"",""k"":4,""ip"":""6.0"",""bf"":25,""pitches"":99,""competition"":""MLB_REGULAR_INFERRED""},{""gameId"":""823116"",""date"":""2026-07-18"",""pitcherId"":""657277"",""side"":""away"",""started"":true,""source"":""BOXSCORE_START"",""k"":5,""ip"":""6.2"",""bf"":26,""pitches"":100,""competition"":""MLB_REGULAR_INFERRED""},{""gameId"":""823202"",""date"":""2026-07-08"",""pitcherId"":""657277"",""side"":""home"",""started"":true,""source"":""BOXSCORE_START"",""k"":2,""ip"":""7.0"",""bf"":30,""pitches"":106,""competition"":""MLB_REGULAR_INFERRED""}]","[{""gameId"":""823196"",""date"":""2026-07-24"",""pitcherId"":""657277"",""side"":""home"",""started"":true,""source"":""LIVE_APPEARANCE"",""k"":4,""ip"":""6.0"",""bf"":25,""pitches"":99,""competition"":""MLB_REGULAR_INFERRED""},{""gameId"":""823116"",""date"":""2026-07-18"",""pitcherId"":""657277"",""side"":""away"",""started"":true,""source"":""LIVE_APPEARANCE"",""k"":5,""ip"":""6.2"",""bf"":26,""pitches"":100,""competition"":""MLB_REGULAR_INFERRED""},{""gameId"":""823202"",""date"":""2026-07-08"",""pitcherId"":""657277"",""side"":""home"",""started"":true,""source"":""LIVE_APPEARANCE"",""k"":2,""ip"":""7.0"",""bf"":30,""pitches"":106,""competition"":""MLB_REGULAR_INFERRED""}]","{""last3Ks1"":4,""last3Ks2"":5,""last3Ks3"":2,""last3Ip1"":6,""last3Ip2"":6.666666666666667,""last3Ip3"":7,""last3Bf1"":25,""last3Bf2"":26,""last3Bf3"":30,""last5KsAvg"":3.8,""last5KsStd"":1.6,""last5IpAvg"":5.933333333333334,""last5BfAvg"":25.2,""last5PitchCountAvg"":94.6,""pitchesLast3Starts"":305,""pitchesLast3Appearances"":305,""daysSinceLastStart"":5,""daysSinceLastAppearance"":5}","LINESCORE_DEFENSE_PITCHER","NOT_VERIFIABLE"
"823199","686790","2026-07-12","home","[{""gameId"":""823203"",""date"":""2026-07-07"",""pitcherId"":""686790"",""side"":""home"",""started"":true,""source"":""BOXSCORE_START"",""k"":0,""ip"":""2.1"",""bf"":18,""pitches"":58,""competition"":""MLB_REGULAR_INFERRED""},{""gameId"":""823206"",""date"":""2026-06-26"",""pitcherId"":""686790"",""side"":""home"",""started"":true,""source"":""BOXSCORE_START"",""k"":3,""ip"":""5.1"",""bf"":24,""pitches"":90,""competition"":""MLB_REGULAR_INFERRED""},{""gameId"":""823854"",""date"":""2026-06-20"",""pitcherId"":""686790"",""side"":""away"",""started"":true,""source"":""BOXSCORE_START"",""k"":1,""ip"":""3.0"",""bf"":20,""pitches"":69,""competition"":""MLB_REGULAR_INFERRED""}]","[{""gameId"":""823203"",""date"":""2026-07-07"",""pitcherId"":""686790"",""side"":""home"",""started"":true,""source"":""LIVE_APPEARANCE"",""k"":0,""ip"":""2.1"",""bf"":18,""pitches"":58,""competition"":""MLB_REGULAR_INFERRED""},{""gameId"":""823206"",""date"":""2026-06-26"",""pitcherId"":""686790"",""side"":""home"",""started"":true,""source"":""LIVE_APPEARANCE"",""k"":3,""ip"":""5.1"",""bf"":24,""pitches"":90,""competition"":""MLB_REGULAR_INFERRED""},{""gameId"":""823854"",""date"":""2026-06-20"",""pitcherId"":""686790"",""side"":""away"",""started"":true,""source"":""LIVE_APPEARANCE"",""k"":1,""ip"":""3.0"",""bf"":20,""pitches"":69,""competition"":""MLB_REGULAR_INFERRED""}]","{""last3Ks1"":0,""last3Ks2"":3,""last3Ks3"":1,""last3Ip1"":2.3333333333333335,""last3Ip2"":5.333333333333333,""last3Ip3"":3,""last3Bf1"":18,""last3Bf2"":24,""last3Bf3"":20,""last5KsAvg"":2.8,""last5KsStd"":2.1354156504062622,""last5IpAvg"":4.133333333333333,""last5BfAvg"":21,""last5PitchCountAvg"":78.2,""pitchesLast3Starts"":217,""pitchesLast3Appearances"":217,""daysSinceLastStart"":5,""daysSinceLastAppearance"":5}","LINESCORE_DEFENSE_PITCHER","NOT_VERIFIABLE"
"823202","657277","2026-07-08","home","[{""gameId"":""824336"",""date"":""2026-07-03"",""pitcherId"":""657277"",""side"":""away"",""started"":true,""source"":""BOXSCORE_START"",""k"":2,""ip"":""3.0"",""bf"":21,""pitches"":76,""competition"":""MLB_REGULAR_INFERRED""},{""gameId"":""823207"",""date"":""2026-06-27"",""pitcherId"":""657277"",""side"":""home"",""started"":true,""source"":""BOXSCORE_START"",""k"":6,""ip"":""7.0"",""bf"":24,""pitches"":92,""competition"":""MLB_REGULAR_INFERRED""},{""gameId"":""823852"",""date"":""2026-06-21"",""pitcherId"":""657277"",""side"":""away"",""started"":true,""source"":""BOXSCORE_START"",""k"":5,""ip"":""8.0"",""bf"":29,""pitches"":103,""competition"":""MLB_REGULAR_INFERRED""}]","[{""gameId"":""824336"",""date"":""2026-07-03"",""pitcherId"":""657277"",""side"":""away"",""started"":true,""source"":""LIVE_APPEARANCE"",""k"":2,""ip"":""3.0"",""bf"":21,""pitches"":76,""competition"":""MLB_REGULAR_INFERRED""},{""gameId"":""823207"",""date"":""2026-06-27"",""pitcherId"":""657277"",""side"":""home"",""started"":true,""source"":""LIVE_APPEARANCE"",""k"":6,""ip"":""7.0"",""bf"":24,""pitches"":92,""competition"":""MLB_REGULAR_INFERRED""},{""gameId"":""823852"",""date"":""2026-06-21"",""pitcherId"":""657277"",""side"":""away"",""started"":true,""source"":""LIVE_APPEARANCE"",""k"":5,""ip"":""8.0"",""bf"":29,""pitches"":103,""competition"":""MLB_REGULAR_INFERRED""}]","{""last3Ks1"":2,""last3Ks2"":6,""last3Ks3"":5,""last3Ip1"":3,""last3Ip2"":7,""last3Ip3"":8,""last3Bf1"":21,""last3Bf2"":24,""last3Bf3"":29,""last5KsAvg"":4.8,""last5KsStd"":1.7204650534085253,""last5IpAvg"":6.6,""last5BfAvg"":24.8,""last5PitchCountAvg"":93,""pitchesLast3Starts"":271,""pitchesLast3Appearances"":271,""daysSinceLastStart"":5,""daysSinceLastAppearance"":5}","LINESCORE_DEFENSE_PITCHER","NOT_VERIFIABLE"
"823203","686790","2026-07-07","home","[{""gameId"":""823206"",""date"":""2026-06-26"",""pitcherId"":""686790"",""side"":""home"",""started"":true,""source"":""BOXSCORE_START"",""k"":3,""ip"":""5.1"",""bf"":24,""pitches"":90,""competition"":""MLB_REGULAR_INFERRED""},{""gameId"":""823854"",""date"":""2026-06-20"",""pitcherId"":""686790"",""side"":""away"",""started"":true,""source"":""BOXSCORE_START"",""k"":1,""ip"":""3.0"",""bf"":20,""pitches"":69,""competition"":""MLB_REGULAR_INFERRED""},{""gameId"":""824670"",""date"":""2026-06-07"",""pitcherId"":""686790"",""side"":""away"",""started"":true,""source"":""BOXSCORE_START"",""k"":6,""ip"":""5.0"",""bf"":21,""pitches"":87,""competition"":""MLB_REGULAR_INFERRED""}]","[{""gameId"":""823206"",""date"":""2026-06-26"",""pitcherId"":""686790"",""side"":""home"",""started"":true,""source"":""LIVE_APPEARANCE"",""k"":3,""ip"":""5.1"",""bf"":24,""pitches"":90,""competition"":""MLB_REGULAR_INFERRED""},{""gameId"":""823854"",""date"":""2026-06-20"",""pitcherId"":""686790"",""side"":""away"",""started"":true,""source"":""LIVE_APPEARANCE"",""k"":1,""ip"":""3.0"",""bf"":20,""pitches"":69,""competition"":""MLB_REGULAR_INFERRED""},{""gameId"":""824670"",""date"":""2026-06-07"",""pitcherId"":""686790"",""side"":""away"",""started"":true,""source"":""LIVE_APPEARANCE"",""k"":6,""ip"":""5.0"",""bf"":21,""pitches"":87,""competition"":""MLB_REGULAR_INFERRED""}]","{""last3Ks1"":3,""last3Ks2"":1,""last3Ks3"":6,""last3Ip1"":5.333333333333333,""last3Ip2"":3,""last3Ip3"":5,""last3Bf1"":24,""last3Bf2"":20,""last3Bf3"":21,""last5KsAvg"":4,""last5KsStd"":1.8973665961010275,""last5IpAvg"":4.933333333333333,""last5BfAvg"":23,""last5PitchCountAvg"":83.8,""pitchesLast3Starts"":246,""pitchesLast3Appearances"":246,""daysSinceLastStart"":11,""daysSinceLastAppearance"":11}","LINESCORE_DEFENSE_PITCHER","NOT_VERIFIABLE"
"823204","592662","2026-06-28","home","[{""gameId"":""823210"",""date"":""2026-06-23"",""pitcherId"":""592662"",""side"":""home"",""started"":true,""source"":""BOXSCORE_START"",""k"":6,""ip"":""8.0"",""bf"":29,""pitches"":102,""competition"":""MLB_REGULAR_INFERRED""},{""gameId"":""823215"",""date"":""2026-06-10"",""pitcherId"":""592662"",""side"":""home"",""started"":true,""source"":""BOXSCORE_START"",""k"":3,""ip"":""5.2"",""bf"":24,""pitches"":93,""competition"":""MLB_REGULAR_INFERRED""},{""gameId"":""824354"",""date"":""2026-05-31"",""pitcherId"":""592662"",""side"":""away"",""started"":true,""source"":""BOXSCORE_START"",""k"":6,""ip"":""4.0"",""bf"":19,""pitches"":96,""competition"":""MLB_REGULAR_INFERRED""}]","[{""gameId"":""823210"",""date"":""2026-06-23"",""pitcherId"":""592662"",""side"":""home"",""started"":true,""source"":""LIVE_APPEARANCE"",""k"":6,""ip"":""8.0"",""bf"":29,""pitches"":102,""competition"":""MLB_REGULAR_INFERRED""},{""gameId"":""824912"",""date"":""2026-06-17"",""pitcherId"":""592662"",""side"":""away"",""started"":false,""source"":""LIVE_APPEARANCE"",""k"":8,""ip"":""6.1"",""bf"":23,""pitches"":94,""competition"":""MLB_REGULAR_INFERRED""},{""gameId"":""824912"",""date"":""2026-06-16"",""pitcherId"":""592662"",""side"":""away"",""started"":false,""source"":""LIVE_APPEARANCE"",""k"":8,""ip"":""6.1"",""bf"":23,""pitches"":94,""competition"":""MLB_REGULAR_INFERRED""}]","{""last3Ks1"":6,""last3Ks2"":3,""last3Ks3"":6,""last3Ip1"":8,""last3Ip2"":5.666666666666667,""last3Ip3"":4,""last3Bf1"":29,""last3Bf2"":24,""last3Bf3"":19,""last5KsAvg"":4,""last5KsStd"":1.6733200530681511,""last5IpAvg"":5.2666666666666675,""last5BfAvg"":23.2,""last5PitchCountAvg"":95.6,""pitchesLast3Starts"":291,""pitchesLast3Appearances"":290,""daysSinceLastStart"":5,""daysSinceLastAppearance"":5}","LINESCORE_DEFENSE_PITCHER","NOT_VERIFIABLE"
"823205","694738","2026-07-06","home","[{""gameId"":""823209"",""date"":""2026-06-25"",""pitcherId"":""694738"",""side"":""home"",""started"":true,""source"":""BOXSCORE_START"",""k"":6,""ip"":""6.0"",""bf"":24,""pitches"":108,""competition"":""MLB_REGULAR_INFERRED""},{""gameId"":""823853"",""date"":""2026-06-19"",""pitcherId"":""694738"",""side"":""away"",""started"":true,""source"":""BOXSCORE_START"",""k"":7,""ip"":""6.0"",""bf"":25,""pitches"":98,""competition"":""MLB_REGULAR_INFERRED""},{""gameId"":""824669"",""date"":""2026-06-06"",""pitcherId"":""694738"",""side"":""away"",""started"":true,""source"":""BOXSCORE_START"",""k"":5,""ip"":""5.2"",""bf"":22,""pitches"":98,""competition"":""MLB_REGULAR_INFERRED""}]","[{""gameId"":""825066"",""date"":""2026-06-30"",""pitcherId"":""694738"",""side"":""away"",""started"":false,""source"":""LIVE_APPEARANCE"",""k"":4,""ip"":""2.2"",""bf"":19,""pitches"":84,""competition"":""MLB_REGULAR_INFERRED""},{""gameId"":""823209"",""date"":""2026-06-25"",""pitcherId"":""694738"",""side"":""home"",""started"":true,""source"":""LIVE_APPEARANCE"",""k"":6,""ip"":""6.0"",""bf"":24,""pitches"":108,""competition"":""MLB_REGULAR_INFERRED""},{""gameId"":""824669"",""date"":""2026-06-06"",""pitcherId"":""694738"",""side"":""away"",""started"":true,""source"":""LIVE_APPEARANCE"",""k"":5,""ip"":""5.2"",""bf"":22,""pitches"":98,""competition"":""MLB_REGULAR_INFERRED""}]","{""last3Ks1"":6,""last3Ks2"":7,""last3Ks3"":5,""last3Ip1"":6,""last3Ip2"":6,""last3Ip3"":5.666666666666667,""last3Bf1"":24,""last3Bf2"":25,""last3Bf3"":22,""last5KsAvg"":5.8,""last5KsStd"":1.16619037896906,""last5IpAvg"":5.333333333333334,""last5BfAvg"":23.6,""last5PitchCountAvg"":98.6,""pitchesLast3Starts"":304,""pitchesLast3Appearances"":290,""daysSinceLastStart"":11,""daysSinceLastAppearance"":6}","LINESCORE_DEFENSE_PITCHER","NOT_VERIFIABLE"
"823206","686790","2026-06-26","home","[{""gameId"":""823854"",""date"":""2026-06-20"",""pitcherId"":""686790"",""side"":""away"",""started"":true,""source"":""BOXSCORE_START"",""k"":1,""ip"":""3.0"",""bf"":20,""pitches"":69,""competition"":""MLB_REGULAR_INFERRED""},{""gameId"":""824670"",""date"":""2026-06-07"",""pitcherId"":""686790"",""side"":""away"",""started"":true,""source"":""BOXSCORE_START"",""k"":6,""ip"":""5.0"",""bf"":21,""pitches"":87,""competition"":""MLB_REGULAR_INFERRED""},{""gameId"":""823782"",""date"":""2026-06-02"",""pitcherId"":""686790"",""side"":""away"",""started"":true,""source"":""BOXSCORE_START"",""k"":4,""ip"":""5.0"",""bf"":22,""pitches"":87,""competition"":""MLB_REGULAR_INFERRED""}]","[{""gameId"":""823854"",""date"":""2026-06-20"",""pitcherId"":""686790"",""side"":""away"",""started"":true,""source"":""LIVE_APPEARANCE"",""k"":1,""ip"":""3.0"",""bf"":20,""pitches"":69,""competition"":""MLB_REGULAR_INFERRED""},{""gameId"":""824670"",""date"":""2026-06-07"",""pitcherId"":""686790"",""side"":""away"",""started"":true,""source"":""LIVE_APPEARANCE"",""k"":6,""ip"":""5.0"",""bf"":21,""pitches"":87,""competition"":""MLB_REGULAR_INFERRED""},{""gameId"":""823782"",""date"":""2026-06-02"",""pitcherId"":""686790"",""side"":""away"",""started"":true,""source"":""LIVE_APPEARANCE"",""k"":4,""ip"":""5.0"",""bf"":22,""pitches"":87,""competition"":""MLB_REGULAR_INFERRED""}]","{""last3Ks1"":1,""last3Ks2"":6,""last3Ks3"":4,""last3Ip1"":3,""last3Ip2"":5,""last3Ip3"":5,""last3Bf1"":20,""last3Bf2"":21,""last3Bf3"":22,""last5KsAvg"":4.2,""last5KsStd"":1.8330302779823362,""last5IpAvg"":4.6,""last5BfAvg"":21.8,""last5PitchCountAvg"":79,""pitchesLast3Starts"":243,""pitchesLast3Appearances"":243,""daysSinceLastStart"":6,""daysSinceLastAppearance"":6}","LINESCORE_DEFENSE_PITCHER","NOT_VERIFIABLE"
"823207","657277","2026-06-27","home","[{""gameId"":""823852"",""date"":""2026-06-21"",""pitcherId"":""657277"",""side"":""away"",""started"":true,""source"":""BOXSCORE_START"",""k"":5,""ip"":""8.0"",""bf"":29,""pitches"":103,""competition"":""MLB_REGULAR_INFERRED""},{""gameId"":""823218"",""date"":""2026-06-08"",""pitcherId"":""657277"",""side"":""home"",""started"":true,""source"":""BOXSCORE_START"",""k"":7,""ip"":""8.0"",""bf"":27,""pitches"":99,""competition"":""MLB_REGULAR_INFERRED""},{""gameId"":""823780"",""date"":""2026-06-03"",""pitcherId"":""657277"",""side"":""away"",""started"":true,""source"":""BOXSCORE_START"",""k"":4,""ip"":""7.0"",""bf"":23,""pitches"":95,""competition"":""MLB_REGULAR_INFERRED""}]","[{""gameId"":""823852"",""date"":""2026-06-21"",""pitcherId"":""657277"",""side"":""away"",""started"":true,""source"":""LIVE_APPEARANCE"",""k"":5,""ip"":""8.0"",""bf"":29,""pitches"":103,""competition"":""MLB_REGULAR_INFERRED""},{""gameId"":""823218"",""date"":""2026-06-08"",""pitcherId"":""657277"",""side"":""home"",""started"":true,""source"":""LIVE_APPEARANCE"",""k"":7,""ip"":""8.0"",""bf"":27,""pitches"":99,""competition"":""MLB_REGULAR_INFERRED""},{""gameId"":""823780"",""date"":""2026-06-03"",""pitcherId"":""657277"",""side"":""away"",""started"":true,""source"":""LIVE_APPEARANCE"",""k"":4,""ip"":""7.0"",""bf"":23,""pitches"":95,""competition"":""MLB_REGULAR_INFERRED""}]","{""last3Ks1"":5,""last3Ks2"":7,""last3Ks3"":4,""last3Ip1"":8,""last3Ip2"":8,""last3Ip3"":7,""last3Bf1"":29,""last3Bf2"":27,""last3Bf3"":23,""last5KsAvg"":5.2,""last5KsStd"":0.9797958971132712,""last5IpAvg"":6.866666666666665,""last5BfAvg"":25.6,""last5PitchCountAvg"":96.2,""pitchesLast3Starts"":297,""pitchesLast3Appearances"":297,""daysSinceLastStart"":6,""daysSinceLastAppearance"":6}","LINESCORE_DEFENSE_PITCHER","NOT_VERIFIABLE"
"823209","694738","2026-06-25","home","[{""gameId"":""823853"",""date"":""2026-06-19"",""pitcherId"":""694738"",""side"":""away"",""started"":true,""source"":""BOXSCORE_START"",""k"":7,""ip"":""6.0"",""bf"":25,""pitches"":98,""competition"":""MLB_REGULAR_INFERRED""},{""gameId"":""824669"",""date"":""2026-06-06"",""pitcherId"":""694738"",""side"":""away"",""started"":true,""source"":""BOXSCORE_START"",""k"":5,""ip"":""5.2"",""bf"":22,""pitches"":98,""competition"":""MLB_REGULAR_INFERRED""},{""gameId"":""823781"",""date"":""2026-06-01"",""pitcherId"":""694738"",""side"":""away"",""started"":true,""source"":""BOXSCORE_START"",""k"":4,""ip"":""4.0"",""bf"":23,""pitches"":96,""competition"":""MLB_REGULAR_INFERRED""}]","[{""gameId"":""824669"",""date"":""2026-06-06"",""pitcherId"":""694738"",""side"":""away"",""started"":true,""source"":""LIVE_APPEARANCE"",""k"":5,""ip"":""5.2"",""bf"":22,""pitches"":98,""competition"":""MLB_REGULAR_INFERRED""},{""gameId"":""823781"",""date"":""2026-06-01"",""pitcherId"":""694738"",""side"":""away"",""started"":true,""source"":""LIVE_APPEARANCE"",""k"":4,""ip"":""4.0"",""bf"":23,""pitches"":96,""competition"":""MLB_REGULAR_INFERRED""},{""gameId"":""823219"",""date"":""2026-05-25"",""pitcherId"":""694738"",""side"":""home"",""started"":true,""source"":""LIVE_APPEARANCE"",""k"":7,""ip"":""5.0"",""bf"":24,""pitches"":93,""competition"":""MLB_REGULAR_INFERRED""}]","{""last3Ks1"":7,""last3Ks2"":5,""last3Ks3"":4,""last3Ip1"":6,""last3Ip2"":5.666666666666667,""last3Ip3"":4,""last3Bf1"":25,""last3Bf2"":22,""last3Bf3"":23,""last5KsAvg"":5.2,""last5KsStd"":1.6,""last5IpAvg"":5.333333333333334,""last5BfAvg"":23.4,""last5PitchCountAvg"":95.2,""pitchesLast3Starts"":292,""pitchesLast3Appearances"":287,""daysSinceLastStart"":6,""daysSinceLastAppearance"":19}","LINESCORE_DEFENSE_PITCHER","NOT_VERIFIABLE"
"823210","592662","2026-06-23","home","[{""gameId"":""823215"",""date"":""2026-06-10"",""pitcherId"":""592662"",""side"":""home"",""started"":true,""source"":""BOXSCORE_START"",""k"":3,""ip"":""5.2"",""bf"":24,""pitches"":93,""competition"":""MLB_REGULAR_INFERRED""},{""gameId"":""824354"",""date"":""2026-05-31"",""pitcherId"":""592662"",""side"":""away"",""started"":true,""source"":""BOXSCORE_START"",""k"":6,""ip"":""4.0"",""bf"":19,""pitches"":96,""competition"":""MLB_REGULAR_INFERRED""},{""gameId"":""823220"",""date"":""2026-05-24"",""pitcherId"":""592662"",""side"":""home"",""started"":true,""source"":""BOXSCORE_START"",""k"":3,""ip"":""4.0"",""bf"":21,""pitches"":92,""competition"":""MLB_REGULAR_INFERRED""}]","[{""gameId"":""824912"",""date"":""2026-06-17"",""pitcherId"":""592662"",""side"":""away"",""started"":false,""source"":""LIVE_APPEARANCE"",""k"":8,""ip"":""6.1"",""bf"":23,""pitches"":94,""competition"":""MLB_REGULAR_INFERRED""},{""gameId"":""824912"",""date"":""2026-06-16"",""pitcherId"":""592662"",""side"":""away"",""started"":false,""source"":""LIVE_APPEARANCE"",""k"":8,""ip"":""6.1"",""bf"":23,""pitches"":94,""competition"":""MLB_REGULAR_INFERRED""},{""gameId"":""823215"",""date"":""2026-06-10"",""pitcherId"":""592662"",""side"":""home"",""started"":true,""source"":""LIVE_APPEARANCE"",""k"":3,""ip"":""5.2"",""bf"":24,""pitches"":93,""competition"":""MLB_REGULAR_INFERRED""}]","{""last3Ks1"":3,""last3Ks2"":6,""last3Ks3"":3,""last3Ip1"":5.666666666666667,""last3Ip2"":4,""last3Ip3"":4,""last3Bf1"":24,""last3Bf2"":19,""last3Bf3"":21,""last5KsAvg"":4.2,""last5KsStd"":1.9390719429665317,""last5IpAvg"":4.866666666666667,""last5BfAvg"":22,""last5PitchCountAvg"":93.8,""pitchesLast3Starts"":281,""pitchesLast3Appearances"":281,""daysSinceLastStart"":13,""daysSinceLastAppearance"":6}","LINESCORE_DEFENSE_PITCHER","NOT_VERIFIABLE"
"823255","681190","2026-08-26","home","[{""gameId"":""823262"",""date"":""2026-08-21"",""pitcherId"":""681190"",""side"":""home"",""started"":true,""source"":""BOXSCORE_START"",""k"":3,""ip"":""7.0"",""bf"":24,""pitches"":87,""competition"":""MLB_REGULAR_INFERRED""},{""gameId"":""823268"",""date"":""2026-08-09"",""pitcherId"":""681190"",""side"":""home"",""started"":true,""source"":""BOXSCORE_START"",""k"":1,""ip"":""5.0"",""bf"":17,""pitches"":62,""competition"":""MLB_REGULAR_INFERRED""},{""gameId"":""823841"",""date"":""2026-07-25"",""pitcherId"":""681190"",""side"":""away"",""started"":true,""source"":""BOXSCORE_START"",""k"":0,""ip"":""2.2"",""bf"":10,""pitches"":37,""competition"":""MLB_REGULAR_INFERRED""}]","[{""gameId"":""823262"",""date"":""2026-08-21"",""pitcherId"":""681190"",""side"":""home"",""started"":true,""source"":""LIVE_APPEARANCE"",""k"":3,""ip"":""7.0"",""bf"":24,""pitches"":87,""competition"":""MLB_REGULAR_INFERRED""},{""gameId"":""824400"",""date"":""2026-08-15"",""pitcherId"":""681190"",""side"":""away"",""started"":false,""source"":""LIVE_APPEARANCE"",""k"":5,""ip"":""5.0"",""bf"":23,""pitches"":90,""competition"":""MLB_REGULAR_INFERRED""},{""gameId"":""823268"",""date"":""2026-08-09"",""pitcherId"":""681190"",""side"":""home"",""started"":true,""source"":""LIVE_APPEARANCE"",""k"":1,""ip"":""5.0"",""bf"":17,""pitches"":62,""competition"":""MLB_REGULAR_INFERRED""}]","{""last3Ks1"":3,""last3Ks2"":1,""last3Ks3"":0,""last3Ip1"":7,""last3Ip2"":5,""last3Ip3"":2.6666666666666665,""last3Bf1"":24,""last3Bf2"":17,""last3Bf3"":10,""last5KsAvg"":1,""last5KsStd"":1.0954451150103321,""last5IpAvg"":4.199999999999999,""last5BfAvg"":17.6,""last5PitchCountAvg"":61.6,""pitchesLast3Starts"":186,""pitchesLast3Appearances"":239,""daysSinceLastStart"":5,""daysSinceLastAppearance"":5}","PITCHERS_PITCHER_ID",""
"823255","696149","2026-08-26","away","[{""gameId"":""823911"",""date"":""2026-08-21"",""pitcherId"":""696149"",""side"":""away"",""started"":true,""source"":""BOXSCORE_START"",""k"":6,""ip"":""4.0"",""bf"":19,""pitches"":88,""competition"":""MLB_REGULAR_INFERRED""},{""gameId"":""823346"",""date"":""2026-08-14"",""pitcherId"":""696149"",""side"":""home"",""started"":true,""source"":""BOXSCORE_START"",""k"":5,""ip"":""5.0"",""bf"":20,""pitches"":87,""competition"":""MLB_REGULAR_INFERRED""},{""gameId"":""823348"",""date"":""2026-08-08"",""pitcherId"":""696149"",""side"":""home"",""started"":true,""source"":""BOXSCORE_START"",""k"":5,""ip"":""6.0"",""bf"":21,""pitches"":85,""competition"":""MLB_REGULAR_INFERRED""}]","[{""gameId"":""823911"",""date"":""2026-08-21"",""pitcherId"":""696149"",""side"":""away"",""started"":true,""source"":""LIVE_APPEARANCE"",""k"":6,""ip"":""4.0"",""bf"":19,""pitches"":88,""competition"":""MLB_REGULAR_INFERRED""},{""gameId"":""823346"",""date"":""2026-08-14"",""pitcherId"":""696149"",""side"":""home"",""started"":true,""source"":""LIVE_APPEARANCE"",""k"":5,""ip"":""5.0"",""bf"":20,""pitches"":87,""competition"":""MLB_REGULAR_INFERRED""},{""gameId"":""823348"",""date"":""2026-08-08"",""pitcherId"":""696149"",""side"":""home"",""started"":true,""source"":""LIVE_APPEARANCE"",""k"":5,""ip"":""6.0"",""bf"":21,""pitches"":85,""competition"":""MLB_REGULAR_INFERRED""}]","{""last3Ks1"":6,""last3Ks2"":5,""last3Ks3"":5,""last3Ip1"":4,""last3Ip2"":5,""last3Ip3"":6,""last3Bf1"":19,""last3Bf2"":20,""last3Bf3"":21,""last5KsAvg"":4.8,""last5KsStd"":0.9797958971132712,""last5IpAvg"":4.933333333333334,""last5BfAvg"":21,""last5PitchCountAvg"":89.4,""pitchesLast3Starts"":260,""pitchesLast3Appearances"":260,""daysSinceLastStart"":5,""daysSinceLastAppearance"":5}","PITCHERS_PITCHER_ID",""
"823274","608566","2026-07-12","home","[{""gameId"":""823280"",""date"":""2026-07-07"",""pitcherId"":""608566"",""side"":""home"",""started"":true,""source"":""BOXSCORE_START"",""k"":4,""ip"":""5.0"",""bf"":20,""pitches"":82,""competition"":""MLB_REGULAR_INFERRED""},{""gameId"":""825093"",""date"":""2026-04-25"",""pitcherId"":""608566"",""side"":""away"",""started"":true,""source"":""BOXSCORE_START"",""k"":2,""ip"":""6.0"",""bf"":26,""pitches"":75,""competition"":""MLB_REGULAR_INFERRED""},{""gameId"":""824049"",""date"":""2026-04-18"",""pitcherId"":""608566"",""side"":""away"",""started"":true,""source"":""BOXSCORE_START"",""k"":5,""ip"":""5.2"",""bf"":20,""pitches"":88,""competition"":""MLB_REGULAR_INFERRED""}]","[{""gameId"":""823280"",""date"":""2026-07-07"",""pitcherId"":""608566"",""side"":""home"",""started"":true,""source"":""LIVE_APPEARANCE"",""k"":4,""ip"":""5.0"",""bf"":20,""pitches"":82,""competition"":""MLB_REGULAR_INFERRED""},{""gameId"":""823935"",""date"":""2026-07-02"",""pitcherId"":""608566"",""side"":""away"",""started"":false,""source"":""LIVE_APPEARANCE"",""k"":1,""ip"":""3.0"",""bf"":13,""pitches"":56,""competition"":""MLB_REGULAR_INFERRED""},{""gameId"":""823309"",""date"":""2026-05-01"",""pitcherId"":""608566"",""side"":""home"",""started"":false,""source"":""LIVE_APPEARANCE"",""k"":2,""ip"":""5.0"",""bf"":23,""pitches"":95,""competition"":""MLB_REGULAR_INFERRED""}]","{""last3Ks1"":4,""last3Ks2"":2,""last3Ks3"":5,""last3Ip1"":5,""last3Ip2"":6,""last3Ip3"":5.666666666666667,""last3Bf1"":20,""last3Bf2"":26,""last3Bf3"":20,""last5KsAvg"":4,""last5KsStd"":1.0954451150103321,""last5IpAvg"":5.333333333333334,""last5BfAvg"":21.4,""last5PitchCountAvg"":84.6,""pitchesLast3Starts"":245,""pitchesLast3Appearances"":233,""daysSinceLastStart"":5,""daysSinceLastAppearance"":5}","LINESCORE_DEFENSE_PITCHER","NOT_VERIFIABLE"
"823276","621111","2026-07-11","home","[{""gameId"":""823282"",""date"":""2026-07-06"",""pitcherId"":""621111"",""side"":""home"",""started"":true,""source"":""BOXSCORE_START"",""k"":4,""ip"":""5.0"",""bf"":24,""pitches"":93,""competition"":""MLB_REGULAR_INFERRED""},{""gameId"":""823285"",""date"":""2026-06-26"",""pitcherId"":""621111"",""side"":""home"",""started"":true,""source"":""BOXSCORE_START"",""k"":5,""ip"":""5.1"",""bf"":20,""pitches"":74,""competition"":""MLB_REGULAR_INFERRED""},{""gameId"":""822885"",""date"":""2026-06-20"",""pitcherId"":""621111"",""side"":""away"",""started"":true,""source"":""BOXSCORE_START"",""k"":7,""ip"":""5.1"",""bf"":21,""pitches"":87,""competition"":""MLB_REGULAR_INFERRED""}]","[{""gameId"":""823282"",""date"":""2026-07-06"",""pitcherId"":""621111"",""side"":""home"",""started"":true,""source"":""LIVE_APPEARANCE"",""k"":4,""ip"":""5.0"",""bf"":24,""pitches"":93,""competition"":""MLB_REGULAR_INFERRED""},{""gameId"":""824660"",""date"":""2026-07-01"",""pitcherId"":""621111"",""side"":""away"",""started"":false,""source"":""LIVE_APPEARANCE"",""k"":6,""ip"":""4.0"",""bf"":23,""pitches"":85,""competition"":""MLB_REGULAR_INFERRED""},{""gameId"":""823285"",""date"":""2026-06-26"",""pitcherId"":""621111"",""side"":""home"",""started"":true,""source"":""LIVE_APPEARANCE"",""k"":5,""ip"":""5.1"",""bf"":20,""pitches"":74,""competition"":""MLB_REGULAR_INFERRED""}]","{""last3Ks1"":4,""last3Ks2"":5,""last3Ks3"":7,""last3Ip1"":5,""last3Ip2"":5.333333333333333,""last3Ip3"":5.333333333333333,""last3Bf1"":24,""last3Bf2"":20,""last3Bf3"":21,""last5KsAvg"":5.2,""last5KsStd"":1.16619037896906,""last5IpAvg"":5.266666666666667,""last5BfAvg"":22.2,""last5PitchCountAvg"":85.2,""pitchesLast3Starts"":254,""pitchesLast3Appearances"":252,""daysSinceLastStart"":5,""daysSinceLastAppearance"":5}","LINESCORE_DEFENSE_PITCHER","NOT_VERIFIABLE"
"823279","650633","2026-07-08","home","[{""gameId"":""823933"",""date"":""2026-07-03"",""pitcherId"":""650633"",""side"":""away"",""started"":true,""source"":""BOXSCORE_START"",""k"":5,""ip"":""6.0"",""bf"":23,""pitches"":75,""competition"":""MLB_REGULAR_INFERRED""},{""gameId"":""823281"",""date"":""2026-06-28"",""pitcherId"":""650633"",""side"":""home"",""started"":true,""source"":""BOXSCORE_START"",""k"":5,""ip"":""4.1"",""bf"":22,""pitches"":90,""competition"":""MLB_REGULAR_INFERRED""},{""gameId"":""823288"",""date"":""2026-06-22"",""pitcherId"":""650633"",""side"":""home"",""started"":true,""source"":""BOXSCORE_START"",""k"":5,""ip"":""7.0"",""bf"":27,""pitches"":93,""competition"":""MLB_REGULAR_INFERRED""}]","[{""gameId"":""823933"",""date"":""2026-07-03"",""pitcherId"":""650633"",""side"":""away"",""started"":true,""source"":""LIVE_APPEARANCE"",""k"":5,""ip"":""6.0"",""bf"":23,""pitches"":75,""competition"":""MLB_REGULAR_INFERRED""},{""gameId"":""823281"",""date"":""2026-06-28"",""pitcherId"":""650633"",""side"":""home"",""started"":true,""source"":""LIVE_APPEARANCE"",""k"":5,""ip"":""4.1"",""bf"":22,""pitches"":90,""competition"":""MLB_REGULAR_INFERRED""},{""gameId"":""823288"",""date"":""2026-06-22"",""pitcherId"":""650633"",""side"":""home"",""started"":true,""source"":""LIVE_APPEARANCE"",""k"":5,""ip"":""7.0"",""bf"":27,""pitches"":93,""competition"":""MLB_REGULAR_INFERRED""}]","{""last3Ks1"":5,""last3Ks2"":5,""last3Ks3"":5,""last3Ip1"":6,""last3Ip2"":4.333333333333333,""last3Ip3"":7,""last3Bf1"":23,""last3Bf2"":22,""last3Bf3"":27,""last5KsAvg"":3.8,""last5KsStd"":1.6,""last5IpAvg"":5.666666666666666,""last5BfAvg"":24.8,""last5PitchCountAvg"":91.4,""pitchesLast3Starts"":258,""pitchesLast3Appearances"":258,""daysSinceLastStart"":5,""daysSinceLastAppearance"":5}","LINESCORE_DEFENSE_PITCHER","NOT_VERIFIABLE"
"823280","608566","2026-07-07","home","[{""gameId"":""825093"",""date"":""2026-04-25"",""pitcherId"":""608566"",""side"":""away"",""started"":true,""source"":""BOXSCORE_START"",""k"":2,""ip"":""6.0"",""bf"":26,""pitches"":75,""competition"":""MLB_REGULAR_INFERRED""},{""gameId"":""824049"",""date"":""2026-04-18"",""pitcherId"":""608566"",""side"":""away"",""started"":true,""source"":""BOXSCORE_START"",""k"":5,""ip"":""5.2"",""bf"":20,""pitches"":88,""competition"":""MLB_REGULAR_INFERRED""},{""gameId"":""823316"",""date"":""2026-04-11"",""pitcherId"":""608566"",""side"":""home"",""started"":true,""source"":""BOXSCORE_START"",""k"":5,""ip"":""5.0"",""bf"":20,""pitches"":86,""competition"":""MLB_REGULAR_INFERRED""}]","[{""gameId"":""823935"",""date"":""2026-07-02"",""pitcherId"":""608566"",""side"":""away"",""started"":false,""source"":""LIVE_APPEARANCE"",""k"":1,""ip"":""3.0"",""bf"":13,""pitches"":56,""competition"":""MLB_REGULAR_INFERRED""},{""gameId"":""823309"",""date"":""2026-05-01"",""pitcherId"":""608566"",""side"":""home"",""started"":false,""source"":""LIVE_APPEARANCE"",""k"":2,""ip"":""5.0"",""bf"":23,""pitches"":95,""competition"":""MLB_REGULAR_INFERRED""},{""gameId"":""825093"",""date"":""2026-04-25"",""pitcherId"":""608566"",""side"":""away"",""started"":true,""source"":""LIVE_APPEARANCE"",""k"":2,""ip"":""6.0"",""bf"":26,""pitches"":75,""competition"":""MLB_REGULAR_INFERRED""}]","{""last3Ks1"":2,""last3Ks2"":5,""last3Ks3"":5,""last3Ip1"":6,""last3Ip2"":5.666666666666667,""last3Ip3"":5,""last3Bf1"":26,""last3Bf2"":20,""last3Bf3"":20,""last5KsAvg"":3.4,""last5KsStd"":1.624807680927192,""last5IpAvg"":4.933333333333334,""last5BfAvg"":21,""last5PitchCountAvg"":81.2,""pitchesLast3Starts"":249,""pitchesLast3Appearances"":226,""daysSinceLastStart"":73,""daysSinceLastAppearance"":5}","LINESCORE_DEFENSE_PITCHER","NOT_VERIFIABLE"
"823281","650633","2026-06-28","home","[{""gameId"":""823288"",""date"":""2026-06-22"",""pitcherId"":""650633"",""side"":""home"",""started"":true,""source"":""BOXSCORE_START"",""k"":5,""ip"":""7.0"",""bf"":27,""pitches"":93,""competition"":""MLB_REGULAR_INFERRED""},{""gameId"":""823045"",""date"":""2026-06-16"",""pitcherId"":""650633"",""side"":""away"",""started"":true,""source"":""BOXSCORE_START"",""k"":1,""ip"":""4.1"",""bf"":22,""pitches"":93,""competition"":""MLB_REGULAR_INFERRED""},{""gameId"":""823287"",""date"":""2026-06-10"",""pitcherId"":""650633"",""side"":""home"",""started"":true,""source"":""BOXSCORE_START"",""k"":3,""ip"":""6.2"",""bf"":30,""pitches"":106,""competition"":""MLB_REGULAR_INFERRED""}]","[{""gameId"":""823288"",""date"":""2026-06-22"",""pitcherId"":""650633"",""side"":""home"",""started"":true,""source"":""LIVE_APPEARANCE"",""k"":5,""ip"":""7.0"",""bf"":27,""pitches"":93,""competition"":""MLB_REGULAR_INFERRED""},{""gameId"":""823045"",""date"":""2026-06-16"",""pitcherId"":""650633"",""side"":""away"",""started"":true,""source"":""LIVE_APPEARANCE"",""k"":1,""ip"":""4.1"",""bf"":22,""pitches"":93,""competition"":""MLB_REGULAR_INFERRED""},{""gameId"":""823287"",""date"":""2026-06-10"",""pitcherId"":""650633"",""side"":""home"",""started"":true,""source"":""LIVE_APPEARANCE"",""k"":3,""ip"":""6.2"",""bf"":30,""pitches"":106,""competition"":""MLB_REGULAR_INFERRED""}]","{""last3Ks1"":5,""last3Ks2"":1,""last3Ks3"":3,""last3Ip1"":7,""last3Ip2"":4.333333333333333,""last3Ip3"":6.666666666666667,""last3Bf1"":27,""last3Bf2"":22,""last3Bf3"":30,""last5KsAvg"":3,""last5KsStd"":1.4142135623730951,""last5IpAvg"":6,""last5BfAvg"":25.4,""last5PitchCountAvg"":92.4,""pitchesLast3Starts"":292,""pitchesLast3Appearances"":292,""daysSinceLastStart"":6,""daysSinceLastAppearance"":6}","LINESCORE_DEFENSE_PITCHER","NOT_VERIFIABLE"
"823282","621111","2026-07-06","home","[{""gameId"":""823285"",""date"":""2026-06-26"",""pitcherId"":""621111"",""side"":""home"",""started"":true,""source"":""BOXSCORE_START"",""k"":5,""ip"":""5.1"",""bf"":20,""pitches"":74,""competition"":""MLB_REGULAR_INFERRED""},{""gameId"":""822885"",""date"":""2026-06-20"",""pitcherId"":""621111"",""side"":""away"",""started"":true,""source"":""BOXSCORE_START"",""k"":7,""ip"":""5.1"",""bf"":21,""pitches"":87,""competition"":""MLB_REGULAR_INFERRED""},{""gameId"":""823289"",""date"":""2026-06-08"",""pitcherId"":""621111"",""side"":""home"",""started"":true,""source"":""BOXSCORE_START"",""k"":4,""ip"":""4.2"",""bf"":22,""pitches"":86,""competition"":""MLB_REGULAR_INFERRED""}]","[{""gameId"":""824660"",""date"":""2026-07-01"",""pitcherId"":""621111"",""side"":""away"",""started"":false,""source"":""LIVE_APPEARANCE"",""k"":6,""ip"":""4.0"",""bf"":23,""pitches"":85,""competition"":""MLB_REGULAR_INFERRED""},{""gameId"":""823285"",""date"":""2026-06-26"",""pitcherId"":""621111"",""side"":""home"",""started"":true,""source"":""LIVE_APPEARANCE"",""k"":5,""ip"":""5.1"",""bf"":20,""pitches"":74,""competition"":""MLB_REGULAR_INFERRED""},{""gameId"":""822885"",""date"":""2026-06-20"",""pitcherId"":""621111"",""side"":""away"",""started"":true,""source"":""LIVE_APPEARANCE"",""k"":7,""ip"":""5.1"",""bf"":21,""pitches"":87,""competition"":""MLB_REGULAR_INFERRED""}]","{""last3Ks1"":5,""last3Ks2"":7,""last3Ks3"":4,""last3Ip1"":5.333333333333333,""last3Ip2"":5.333333333333333,""last3Ip3"":4.666666666666667,""last3Bf1"":20,""last3Bf2"":21,""last3Bf3"":22,""last5KsAvg"":4.8,""last5KsStd"":1.7204650534085253,""last5IpAvg"":5.333333333333333,""last5BfAvg"":21,""last5PitchCountAvg"":78.2,""pitchesLast3Starts"":247,""pitchesLast3Appearances"":246,""daysSinceLastStart"":10,""daysSinceLastAppearance"":5}","LINESCORE_DEFENSE_PITCHER","NOT_VERIFIABLE"
"823283","606996","2026-06-27","home","[]","[{""gameId"":""823286"",""date"":""2026-06-23"",""pitcherId"":""606996"",""side"":""home"",""started"":false,""source"":""LIVE_APPEARANCE"",""k"":3,""ip"":""2.0"",""bf"":9,""pitches"":45,""competition"":""MLB_REGULAR_INFERRED""},{""gameId"":""822883"",""date"":""2026-06-21"",""pitcherId"":""606996"",""side"":""away"",""started"":false,""source"":""LIVE_APPEARANCE"",""k"":2,""ip"":""1.0"",""bf"":4,""pitches"":11,""competition"":""MLB_REGULAR_INFERRED""},{""gameId"":""822885"",""date"":""2026-06-20"",""pitcherId"":""606996"",""side"":""away"",""started"":false,""source"":""LIVE_APPEARANCE"",""k"":1,""ip"":""0.2"",""bf"":2,""pitches"":10,""competition"":""MLB_REGULAR_INFERRED""}]","{""last3Ks1"":null,""last3Ks2"":null,""last3Ks3"":null,""last3Ip1"":null,""last3Ip2"":null,""last3Ip3"":null,""last3Bf1"":null,""last3Bf2"":null,""last3Bf3"":null,""last5KsAvg"":null,""last5KsStd"":null,""last5IpAvg"":null,""last5BfAvg"":null,""last5PitchCountAvg"":null,""pitchesLast3Starts"":null,""pitchesLast3Appearances"":66,""daysSinceLastStart"":null,""daysSinceLastAppearance"":4}","LINESCORE_DEFENSE_PITCHER","NOT_VERIFIABLE"
"823284","676664","2026-06-24","home","[]","[]","{""last3Ks1"":null,""last3Ks2"":null,""last3Ks3"":null,""last3Ip1"":null,""last3Ip2"":null,""last3Ip3"":null,""last3Bf1"":null,""last3Bf2"":null,""last3Bf3"":null,""last5KsAvg"":null,""last5KsStd"":null,""last5IpAvg"":null,""last5BfAvg"":null,""last5PitchCountAvg"":null,""pitchesLast3Starts"":null,""pitchesLast3Appearances"":null,""daysSinceLastStart"":null,""daysSinceLastAppearance"":null}","LINESCORE_DEFENSE_PITCHER","NOT_VERIFIABLE"
"823285","621111","2026-06-26","home","[{""gameId"":""822885"",""date"":""2026-06-20"",""pitcherId"":""621111"",""side"":""away"",""started"":true,""source"":""BOXSCORE_START"",""k"":7,""ip"":""5.1"",""bf"":21,""pitches"":87,""competition"":""MLB_REGULAR_INFERRED""},{""gameId"":""823289"",""date"":""2026-06-08"",""pitcherId"":""621111"",""side"":""home"",""started"":true,""source"":""BOXSCORE_START"",""k"":4,""ip"":""4.2"",""bf"":22,""pitches"":86,""competition"":""MLB_REGULAR_INFERRED""},{""gameId"":""823456"",""date"":""2026-06-03"",""pitcherId"":""621111"",""side"":""away"",""started"":true,""source"":""BOXSCORE_START"",""k"":6,""ip"":""6.0"",""bf"":24,""pitches"":86,""competition"":""MLB_REGULAR_INFERRED""}]","[{""gameId"":""822885"",""date"":""2026-06-20"",""pitcherId"":""621111"",""side"":""away"",""started"":true,""source"":""LIVE_APPEARANCE"",""k"":7,""ip"":""5.1"",""bf"":21,""pitches"":87,""competition"":""MLB_REGULAR_INFERRED""},{""gameId"":""823289"",""date"":""2026-06-08"",""pitcherId"":""621111"",""side"":""home"",""started"":true,""source"":""LIVE_APPEARANCE"",""k"":4,""ip"":""4.2"",""bf"":22,""pitches"":86,""competition"":""MLB_REGULAR_INFERRED""},{""gameId"":""823456"",""date"":""2026-06-03"",""pitcherId"":""621111"",""side"":""away"",""started"":true,""source"":""LIVE_APPEARANCE"",""k"":6,""ip"":""6.0"",""bf"":24,""pitches"":86,""competition"":""MLB_REGULAR_INFERRED""}]","{""last3Ks1"":7,""last3Ks2"":4,""last3Ks3"":6,""last3Ip1"":5.333333333333333,""last3Ip2"":4.666666666666667,""last3Ip3"":6,""last3Bf1"":21,""last3Bf2"":22,""last3Bf3"":24,""last5KsAvg"":4.6,""last5KsStd"":1.7435595774162693,""last5IpAvg"":5.266666666666667,""last5BfAvg"":21.4,""last5PitchCountAvg"":80.4,""pitchesLast3Starts"":259,""pitchesLast3Appearances"":259,""daysSinceLastStart"":6,""daysSinceLastAppearance"":6}","LINESCORE_DEFENSE_PITCHER","NOT_VERIFIABLE"
"823286","593974","2026-06-23","home","[{""gameId"":""822883"",""date"":""2026-06-21"",""pitcherId"":""593974"",""side"":""away"",""started"":true,""source"":""BOXSCORE_START"",""k"":0,""ip"":""1.0"",""bf"":4,""pitches"":11,""competition"":""MLB_REGULAR_INFERRED""},{""gameId"":""823046"",""date"":""2026-06-15"",""pitcherId"":""593974"",""side"":""away"",""started"":true,""source"":""BOXSCORE_START"",""k"":1,""ip"":""1.0"",""bf"":3,""pitches"":11,""competition"":""MLB_REGULAR_INFERRED""}]","[{""gameId"":""822883"",""date"":""2026-06-21"",""pitcherId"":""593974"",""side"":""away"",""started"":true,""source"":""LIVE_APPEARANCE"",""k"":0,""ip"":""1.0"",""bf"":4,""pitches"":11,""competition"":""MLB_REGULAR_INFERRED""},{""gameId"":""822886"",""date"":""2026-06-19"",""pitcherId"":""593974"",""side"":""away"",""started"":false,""source"":""LIVE_APPEARANCE"",""k"":0,""ip"":""1.2"",""bf"":6,""pitches"":19,""competition"":""MLB_REGULAR_INFERRED""},{""gameId"":""823045"",""date"":""2026-06-16"",""pitcherId"":""593974"",""side"":""away"",""started"":false,""source"":""LIVE_APPEARANCE"",""k"":0,""ip"":""1.0"",""bf"":4,""pitches"":13,""competition"":""MLB_REGULAR_INFERRED""}]","{""last3Ks1"":0,""last3Ks2"":1,""last3Ks3"":null,""last3Ip1"":1,""last3Ip2"":1,""last3Ip3"":null,""last3Bf1"":4,""last3Bf2"":3,""last3Bf3"":null,""last5KsAvg"":0.5,""last5KsStd"":0.5,""last5IpAvg"":1,""last5BfAvg"":3.5,""last5PitchCountAvg"":11,""pitchesLast3Starts"":22,""pitchesLast3Appearances"":43,""daysSinceLastStart"":2,""daysSinceLastAppearance"":2}","LINESCORE_DEFENSE_PITCHER","NOT_VERIFIABLE"
"823351","683003","2026-07-29","home","[{""gameId"":""823352"",""date"":""2026-07-24"",""pitcherId"":""683003"",""side"":""home"",""started"":true,""source"":""BOXSCORE_START"",""k"":5,""ip"":""6.0"",""bf"":21,""pitches"":83,""competition"":""MLB_REGULAR_INFERRED""},{""gameId"":""823360"",""date"":""2026-07-08"",""pitcherId"":""683003"",""side"":""home"",""started"":true,""source"":""BOXSCORE_START"",""k"":8,""ip"":""6.0"",""bf"":18,""pitches"":77,""competition"":""MLB_REGULAR_INFERRED""},{""gameId"":""823442"",""date"":""2026-07-02"",""pitcherId"":""683003"",""side"":""away"",""started"":true,""source"":""BOXSCORE_START"",""k"":6,""ip"":""4.0"",""bf"":16,""pitches"":73,""competition"":""MLB_REGULAR_INFERRED""}]","[{""gameId"":""823352"",""date"":""2026-07-24"",""pitcherId"":""683003"",""side"":""home"",""started"":true,""source"":""LIVE_APPEARANCE"",""k"":5,""ip"":""6.0"",""bf"":21,""pitches"":83,""competition"":""MLB_REGULAR_INFERRED""},{""gameId"":""824414"",""date"":""2026-07-18"",""pitcherId"":""683003"",""side"":""away"",""started"":false,""source"":""LIVE_APPEARANCE"",""k"":9,""ip"":""5.0"",""bf"":19,""pitches"":74,""competition"":""MLB_REGULAR_INFERRED""},{""gameId"":""824414"",""date"":""2026-07-17"",""pitcherId"":""683003"",""side"":""away"",""started"":false,""source"":""LIVE_APPEARANCE"",""k"":9,""ip"":""5.0"",""bf"":19,""pitches"":74,""competition"":""MLB_REGULAR_INFERRED""}]","{""last3Ks1"":5,""last3Ks2"":8,""last3Ks3"":6,""last3Ip1"":6,""last3Ip2"":6,""last3Ip3"":4,""last3Bf1"":21,""last3Bf2"":18,""last3Bf3"":16,""last5KsAvg"":5.2,""last5KsStd"":1.7204650534085253,""last5IpAvg"":4.733333333333333,""last5BfAvg"":17.4,""last5PitchCountAvg"":71.8,""pitchesLast3Starts"":233,""pitchesLast3Appearances"":231,""daysSinceLastStart"":5,""daysSinceLastAppearance"":5}","LINESCORE_DEFENSE_PITCHER","NOT_VERIFIABLE"
"823359","656605","2026-07-09","home","[{""gameId"":""822714"",""date"":""2026-07-03"",""pitcherId"":""656605"",""side"":""away"",""started"":true,""source"":""BOXSCORE_START"",""k"":1,""ip"":""6.0"",""bf"":26,""pitches"":83,""competition"":""MLB_REGULAR_INFERRED""},{""gameId"":""823362"",""date"":""2026-06-28"",""pitcherId"":""656605"",""side"":""home"",""started"":true,""source"":""BOXSCORE_START"",""k"":4,""ip"":""6.0"",""bf"":23,""pitches"":79,""competition"":""MLB_REGULAR_INFERRED""},{""gameId"":""823365"",""date"":""2026-06-23"",""pitcherId"":""656605"",""side"":""home"",""started"":true,""source"":""BOXSCORE_START"",""k"":4,""ip"":""6.0"",""bf"":26,""pitches"":92,""competition"":""MLB_REGULAR_INFERRED""}]","[{""gameId"":""822714"",""date"":""2026-07-03"",""pitcherId"":""656605"",""side"":""away"",""started"":true,""source"":""LIVE_APPEARANCE"",""k"":1,""ip"":""6.0"",""bf"":26,""pitches"":83,""competition"":""MLB_REGULAR_INFERRED""},{""gameId"":""823362"",""date"":""2026-06-28"",""pitcherId"":""656605"",""side"":""home"",""started"":true,""source"":""LIVE_APPEARANCE"",""k"":4,""ip"":""6.0"",""bf"":23,""pitches"":79,""competition"":""MLB_REGULAR_INFERRED""},{""gameId"":""823365"",""date"":""2026-06-23"",""pitcherId"":""656605"",""side"":""home"",""started"":true,""source"":""LIVE_APPEARANCE"",""k"":4,""ip"":""6.0"",""bf"":26,""pitches"":92,""competition"":""MLB_REGULAR_INFERRED""}]","{""last3Ks1"":1,""last3Ks2"":4,""last3Ks3"":4,""last3Ip1"":6,""last3Ip2"":6,""last3Ip3"":6,""last3Bf1"":26,""last3Bf2"":23,""last3Bf3"":26,""last5KsAvg"":4,""last5KsStd"":1.8973665961010275,""last5IpAvg"":5.6,""last5BfAvg"":24.8,""last5PitchCountAvg"":89.8,""pitchesLast3Starts"":254,""pitchesLast3Appearances"":254,""daysSinceLastStart"":6,""daysSinceLastAppearance"":6}","LINESCORE_DEFENSE_PITCHER","NOT_VERIFIABLE"
"823360","683003","2026-07-08","home","[{""gameId"":""823442"",""date"":""2026-07-02"",""pitcherId"":""683003"",""side"":""away"",""started"":true,""source"":""BOXSCORE_START"",""k"":6,""ip"":""4.0"",""bf"":16,""pitches"":73,""competition"":""MLB_REGULAR_INFERRED""},{""gameId"":""823364"",""date"":""2026-06-27"",""pitcherId"":""683003"",""side"":""home"",""started"":true,""source"":""BOXSCORE_START"",""k"":4,""ip"":""4.2"",""bf"":20,""pitches"":81,""competition"":""MLB_REGULAR_INFERRED""},{""gameId"":""824343"",""date"":""2026-06-21"",""pitcherId"":""683003"",""side"":""away"",""started"":true,""source"":""BOXSCORE_START"",""k"":3,""ip"":""3.0"",""bf"":12,""pitches"":45,""competition"":""MLB_REGULAR_INFERRED""}]","[{""gameId"":""823442"",""date"":""2026-07-02"",""pitcherId"":""683003"",""side"":""away"",""started"":true,""source"":""LIVE_APPEARANCE"",""k"":6,""ip"":""4.0"",""bf"":16,""pitches"":73,""competition"":""MLB_REGULAR_INFERRED""},{""gameId"":""823364"",""date"":""2026-06-27"",""pitcherId"":""683003"",""side"":""home"",""started"":true,""source"":""LIVE_APPEARANCE"",""k"":4,""ip"":""4.2"",""bf"":20,""pitches"":81,""competition"":""MLB_REGULAR_INFERRED""},{""gameId"":""824343"",""date"":""2026-06-21"",""pitcherId"":""683003"",""side"":""away"",""started"":true,""source"":""LIVE_APPEARANCE"",""k"":3,""ip"":""3.0"",""bf"":12,""pitches"":45,""competition"":""MLB_REGULAR_INFERRED""}]","{""last3Ks1"":6,""last3Ks2"":4,""last3Ks3"":3,""last3Ip1"":4,""last3Ip2"":4.666666666666667,""last3Ip3"":3,""last3Bf1"":16,""last3Bf2"":20,""last3Bf3"":12,""last5KsAvg"":4.2,""last5KsStd"":0.9797958971132712,""last5IpAvg"":3.9333333333333336,""last5BfAvg"":16.8,""last5PitchCountAvg"":69.8,""pitchesLast3Starts"":199,""pitchesLast3Appearances"":199,""daysSinceLastStart"":6,""daysSinceLastAppearance"":6}","LINESCORE_DEFENSE_PITCHER","NOT_VERIFIABLE"
"823361","694973","2026-07-07","home","[{""gameId"":""823363"",""date"":""2026-06-26"",""pitcherId"":""694973"",""side"":""home"",""started"":true,""source"":""BOXSCORE_START"",""k"":7,""ip"":""5.0"",""bf"":23,""pitches"":96,""competition"":""MLB_REGULAR_INFERRED""},{""gameId"":""824342"",""date"":""2026-06-20"",""pitcherId"":""694973"",""side"":""away"",""started"":true,""source"":""BOXSCORE_START"",""k"":8,""ip"":""6.0"",""bf"":24,""pitches"":104,""competition"":""MLB_REGULAR_INFERRED""},{""gameId"":""823374"",""date"":""2026-06-09"",""pitcherId"":""694973"",""side"":""home"",""started"":true,""source"":""BOXSCORE_START"",""k"":7,""ip"":""6.0"",""bf"":25,""pitches"":103,""competition"":""MLB_REGULAR_INFERRED""}]","[{""gameId"":""823363"",""date"":""2026-06-26"",""pitcherId"":""694973"",""side"":""home"",""started"":true,""source"":""LIVE_APPEARANCE"",""k"":7,""ip"":""5.0"",""bf"":23,""pitches"":96,""competition"":""MLB_REGULAR_INFERRED""},{""gameId"":""824342"",""date"":""2026-06-20"",""pitcherId"":""694973"",""side"":""away"",""started"":true,""source"":""LIVE_APPEARANCE"",""k"":8,""ip"":""6.0"",""bf"":24,""pitches"":104,""competition"":""MLB_REGULAR_INFERRED""},{""gameId"":""823374"",""date"":""2026-06-09"",""pitcherId"":""694973"",""side"":""home"",""started"":true,""source"":""LIVE_APPEARANCE"",""k"":7,""ip"":""6.0"",""bf"":25,""pitches"":103,""competition"":""MLB_REGULAR_INFERRED""}]","{""last3Ks1"":7,""last3Ks2"":8,""last3Ks3"":7,""last3Ip1"":5,""last3Ip2"":6,""last3Ip3"":6,""last3Bf1"":23,""last3Bf2"":24,""last3Bf3"":25,""last5KsAvg"":7.8,""last5KsStd"":1.16619037896906,""last5IpAvg"":5.4,""last5BfAvg"":23.6,""last5PitchCountAvg"":103,""pitchesLast3Starts"":303,""pitchesLast3Appearances"":303,""daysSinceLastStart"":11,""daysSinceLastAppearance"":11}","LINESCORE_DEFENSE_PITCHER","NOT_VERIFIABLE"
"823362","656605","2026-06-28","home","[{""gameId"":""823365"",""date"":""2026-06-23"",""pitcherId"":""656605"",""side"":""home"",""started"":true,""source"":""BOXSCORE_START"",""k"":4,""ip"":""6.0"",""bf"":26,""pitches"":92,""competition"":""MLB_REGULAR_INFERRED""},{""gameId"":""824991"",""date"":""2026-06-16"",""pitcherId"":""656605"",""side"":""away"",""started"":true,""source"":""BOXSCORE_START"",""k"":7,""ip"":""5.1"",""bf"":24,""pitches"":96,""competition"":""MLB_REGULAR_INFERRED""},{""gameId"":""824914"",""date"":""2026-06-05"",""pitcherId"":""656605"",""side"":""away"",""started"":true,""source"":""BOXSCORE_START"",""k"":4,""ip"":""4.2"",""bf"":25,""pitches"":99,""competition"":""MLB_REGULAR_INFERRED""}]","[{""gameId"":""823365"",""date"":""2026-06-23"",""pitcherId"":""656605"",""side"":""home"",""started"":true,""source"":""LIVE_APPEARANCE"",""k"":4,""ip"":""6.0"",""bf"":26,""pitches"":92,""competition"":""MLB_REGULAR_INFERRED""},{""gameId"":""824991"",""date"":""2026-06-16"",""pitcherId"":""656605"",""side"":""away"",""started"":true,""source"":""LIVE_APPEARANCE"",""k"":7,""ip"":""5.1"",""bf"":24,""pitches"":96,""competition"":""MLB_REGULAR_INFERRED""},{""gameId"":""824914"",""date"":""2026-06-05"",""pitcherId"":""656605"",""side"":""away"",""started"":true,""source"":""LIVE_APPEARANCE"",""k"":4,""ip"":""4.2"",""bf"":25,""pitches"":99,""competition"":""MLB_REGULAR_INFERRED""}]","{""last3Ks1"":4,""last3Ks2"":7,""last3Ks3"":4,""last3Ip1"":6,""last3Ip2"":5.333333333333333,""last3Ip3"":4.666666666666667,""last3Bf1"":26,""last3Bf2"":24,""last3Bf3"":25,""last5KsAvg"":5,""last5KsStd"":1.0954451150103321,""last5IpAvg"":5.2,""last5BfAvg"":24.6,""last5PitchCountAvg"":93,""pitchesLast3Starts"":287,""pitchesLast3Appearances"":287,""daysSinceLastStart"":5,""daysSinceLastAppearance"":5}","LINESCORE_DEFENSE_PITCHER","NOT_VERIFIABLE"
"823363","694973","2026-06-26","home","[{""gameId"":""824342"",""date"":""2026-06-20"",""pitcherId"":""694973"",""side"":""away"",""started"":true,""source"":""BOXSCORE_START"",""k"":8,""ip"":""6.0"",""bf"":24,""pitches"":104,""competition"":""MLB_REGULAR_INFERRED""},{""gameId"":""823374"",""date"":""2026-06-09"",""pitcherId"":""694973"",""side"":""home"",""started"":true,""source"":""BOXSCORE_START"",""k"":7,""ip"":""6.0"",""bf"":25,""pitches"":103,""competition"":""MLB_REGULAR_INFERRED""},{""gameId"":""824188"",""date"":""2026-06-03"",""pitcherId"":""694973"",""side"":""away"",""started"":true,""source"":""BOXSCORE_START"",""k"":7,""ip"":""4.2"",""bf"":23,""pitches"":109,""competition"":""MLB_REGULAR_INFERRED""}]","[{""gameId"":""824342"",""date"":""2026-06-20"",""pitcherId"":""694973"",""side"":""away"",""started"":true,""source"":""LIVE_APPEARANCE"",""k"":8,""ip"":""6.0"",""bf"":24,""pitches"":104,""competition"":""MLB_REGULAR_INFERRED""},{""gameId"":""823374"",""date"":""2026-06-09"",""pitcherId"":""694973"",""side"":""home"",""started"":true,""source"":""LIVE_APPEARANCE"",""k"":7,""ip"":""6.0"",""bf"":25,""pitches"":103,""competition"":""MLB_REGULAR_INFERRED""},{""gameId"":""824188"",""date"":""2026-06-03"",""pitcherId"":""694973"",""side"":""away"",""started"":true,""source"":""LIVE_APPEARANCE"",""k"":7,""ip"":""4.2"",""bf"":23,""pitches"":109,""competition"":""MLB_REGULAR_INFERRED""}]","{""last3Ks1"":8,""last3Ks2"":7,""last3Ks3"":7,""last3Ip1"":6,""last3Ip2"":6,""last3Ip3"":4.666666666666667,""last3Bf1"":24,""last3Bf2"":25,""last3Bf3"":23,""last5KsAvg"":6.8,""last5KsStd"":2.6381811916545836,""last5IpAvg"":5.4,""last5BfAvg"":23.8,""last5PitchCountAvg"":103.4,""pitchesLast3Starts"":316,""pitchesLast3Appearances"":316,""daysSinceLastStart"":6,""daysSinceLastAppearance"":6}","LINESCORE_DEFENSE_PITCHER","NOT_VERIFIABLE"
"823365","656605","2026-06-23","home","[{""gameId"":""824991"",""date"":""2026-06-16"",""pitcherId"":""656605"",""side"":""away"",""started"":true,""source"":""BOXSCORE_START"",""k"":7,""ip"":""5.1"",""bf"":24,""pitches"":96,""competition"":""MLB_REGULAR_INFERRED""},{""gameId"":""824914"",""date"":""2026-06-05"",""pitcherId"":""656605"",""side"":""away"",""started"":true,""source"":""BOXSCORE_START"",""k"":4,""ip"":""4.2"",""bf"":25,""pitches"":99,""competition"":""MLB_REGULAR_INFERRED""},{""gameId"":""823375"",""date"":""2026-05-30"",""pitcherId"":""656605"",""side"":""home"",""started"":true,""source"":""BOXSCORE_START"",""k"":5,""ip"":""4.0"",""bf"":23,""pitches"":77,""competition"":""MLB_REGULAR_INFERRED""}]","[{""gameId"":""824991"",""date"":""2026-06-16"",""pitcherId"":""656605"",""side"":""away"",""started"":true,""source"":""LIVE_APPEARANCE"",""k"":7,""ip"":""5.1"",""bf"":24,""pitches"":96,""competition"":""MLB_REGULAR_INFERRED""},{""gameId"":""824914"",""date"":""2026-06-05"",""pitcherId"":""656605"",""side"":""away"",""started"":true,""source"":""LIVE_APPEARANCE"",""k"":4,""ip"":""4.2"",""bf"":25,""pitches"":99,""competition"":""MLB_REGULAR_INFERRED""},{""gameId"":""823375"",""date"":""2026-05-30"",""pitcherId"":""656605"",""side"":""home"",""started"":true,""source"":""LIVE_APPEARANCE"",""k"":5,""ip"":""4.0"",""bf"":23,""pitches"":77,""competition"":""MLB_REGULAR_INFERRED""}]","{""last3Ks1"":7,""last3Ks2"":4,""last3Ks3"":5,""last3Ip1"":5.333333333333333,""last3Ip2"":4.666666666666667,""last3Ip3"":4,""last3Bf1"":24,""last3Bf2"":25,""last3Bf3"":23,""last5KsAvg"":4.8,""last5KsStd"":1.32664991614216,""last5IpAvg"":5.133333333333334,""last5BfAvg"":23.8,""last5PitchCountAvg"":91.2,""pitchesLast3Starts"":272,""pitchesLast3Appearances"":272,""daysSinceLastStart"":7,""daysSinceLastAppearance"":7}","LINESCORE_DEFENSE_PITCHER","NOT_VERIFIABLE"
"823366","696149","2026-06-25","home","[{""gameId"":""824345"",""date"":""2026-06-19"",""pitcherId"":""696149"",""side"":""away"",""started"":true,""source"":""BOXSCORE_START"",""k"":1,""ip"":""6.0"",""bf"":26,""pitches"":74,""competition"":""MLB_REGULAR_INFERRED""},{""gameId"":""824189"",""date"":""2026-06-02"",""pitcherId"":""696149"",""side"":""away"",""started"":true,""source"":""BOXSCORE_START"",""k"":3,""ip"":""5.0"",""bf"":23,""pitches"":91,""competition"":""MLB_REGULAR_INFERRED""},{""gameId"":""823376"",""date"":""2026-05-27"",""pitcherId"":""696149"",""side"":""home"",""started"":true,""source"":""BOXSCORE_START"",""k"":5,""ip"":""5.0"",""bf"":24,""pitches"":91,""competition"":""MLB_REGULAR_INFERRED""}]","[{""gameId"":""824345"",""date"":""2026-06-19"",""pitcherId"":""696149"",""side"":""away"",""started"":true,""source"":""LIVE_APPEARANCE"",""k"":1,""ip"":""6.0"",""bf"":26,""pitches"":74,""competition"":""MLB_REGULAR_INFERRED""},{""gameId"":""824916"",""date"":""2026-06-07"",""pitcherId"":""696149"",""side"":""away"",""started"":false,""source"":""LIVE_APPEARANCE"",""k"":7,""ip"":""5.1"",""bf"":20,""pitches"":88,""competition"":""MLB_REGULAR_INFERRED""},{""gameId"":""824189"",""date"":""2026-06-02"",""pitcherId"":""696149"",""side"":""away"",""started"":true,""source"":""LIVE_APPEARANCE"",""k"":3,""ip"":""5.0"",""bf"":23,""pitches"":91,""competition"":""MLB_REGULAR_INFERRED""}]","{""last3Ks1"":1,""last3Ks2"":3,""last3Ks3"":5,""last3Ip1"":6,""last3Ip2"":5,""last3Ip3"":5,""last3Bf1"":26,""last3Bf2"":23,""last3Bf3"":24,""last5KsAvg"":4.4,""last5KsStd"":3.5552777669262356,""last5IpAvg"":4.8,""last5BfAvg"":22.4,""last5PitchCountAvg"":85.6,""pitchesLast3Starts"":256,""pitchesLast3Appearances"":253,""daysSinceLastStart"":6,""daysSinceLastAppearance"":6}","LINESCORE_DEFENSE_PITCHER","NOT_VERIFIABLE"
"823367","677952","2026-06-24","home","[{""gameId"":""824992"",""date"":""2026-06-17"",""pitcherId"":""677952"",""side"":""away"",""started"":true,""source"":""BOXSCORE_START"",""k"":7,""ip"":""6.0"",""bf"":25,""pitches"":93,""competition"":""MLB_REGULAR_INFERRED""},{""gameId"":""824915"",""date"":""2026-06-06"",""pitcherId"":""677952"",""side"":""away"",""started"":true,""source"":""BOXSCORE_START"",""k"":5,""ip"":""5.0"",""bf"":25,""pitches"":86,""competition"":""MLB_REGULAR_INFERRED""},{""gameId"":""823373"",""date"":""2026-05-31"",""pitcherId"":""677952"",""side"":""home"",""started"":true,""source"":""BOXSCORE_START"",""k"":11,""ip"":""6.0"",""bf"":22,""pitches"":80,""competition"":""MLB_REGULAR_INFERRED""}]","[{""gameId"":""824992"",""date"":""2026-06-17"",""pitcherId"":""677952"",""side"":""away"",""started"":true,""source"":""LIVE_APPEARANCE"",""k"":7,""ip"":""6.0"",""bf"":25,""pitches"":93,""competition"":""MLB_REGULAR_INFERRED""},{""gameId"":""824915"",""date"":""2026-06-06"",""pitcherId"":""677952"",""side"":""away"",""started"":true,""source"":""LIVE_APPEARANCE"",""k"":5,""ip"":""5.0"",""bf"":25,""pitches"":86,""competition"":""MLB_REGULAR_INFERRED""},{""gameId"":""823373"",""date"":""2026-05-31"",""pitcherId"":""677952"",""side"":""home"",""started"":true,""source"":""LIVE_APPEARANCE"",""k"":11,""ip"":""6.0"",""bf"":22,""pitches"":80,""competition"":""MLB_REGULAR_INFERRED""}]","{""last3Ks1"":7,""last3Ks2"":5,""last3Ks3"":11,""last3Ip1"":6,""last3Ip2"":5,""last3Ip3"":6,""last3Bf1"":25,""last3Bf2"":25,""last3Bf3"":22,""last5KsAvg"":7.4,""last5KsStd"":2.33238075793812,""last5IpAvg"":6.066666666666666,""last5BfAvg"":25.6,""last5PitchCountAvg"":90.4,""pitchesLast3Starts"":259,""pitchesLast3Appearances"":259,""daysSinceLastStart"":7,""daysSinceLastAppearance"":7}","LINESCORE_DEFENSE_PITCHER","NOT_VERIFIABLE"
"823434","666200","2026-07-24","home","[{""gameId"":""823441"",""date"":""2026-07-18"",""pitcherId"":""666200"",""side"":""home"",""started"":true,""source"":""BOXSCORE_START"",""k"":7,""ip"":""5.0"",""bf"":20,""pitches"":90,""competition"":""MLB_REGULAR_INFERRED""},{""gameId"":""824494"",""date"":""2026-07-09"",""pitcherId"":""666200"",""side"":""away"",""started"":true,""source"":""BOXSCORE_START"",""k"":11,""ip"":""7.0"",""bf"":26,""pitches"":96,""competition"":""MLB_REGULAR_INFERRED""},{""gameId"":""824092"",""date"":""2026-07-04"",""pitcherId"":""666200"",""side"":""away"",""started"":true,""source"":""BOXSCORE_START"",""k"":9,""ip"":""6.0"",""bf"":23,""pitches"":95,""competition"":""MLB_REGULAR_INFERRED""}]","[{""gameId"":""823441"",""date"":""2026-07-18"",""pitcherId"":""666200"",""side"":""home"",""started"":true,""source"":""LIVE_APPEARANCE"",""k"":7,""ip"":""5.0"",""bf"":20,""pitches"":90,""competition"":""MLB_REGULAR_INFERRED""},{""gameId"":""824494"",""date"":""2026-07-09"",""pitcherId"":""666200"",""side"":""away"",""started"":true,""source"":""LIVE_APPEARANCE"",""k"":11,""ip"":""7.0"",""bf"":26,""pitches"":96,""competition"":""MLB_REGULAR_INFERRED""},{""gameId"":""824092"",""date"":""2026-07-04"",""pitcherId"":""666200"",""side"":""away"",""started"":true,""source"":""LIVE_APPEARANCE"",""k"":9,""ip"":""6.0"",""bf"":23,""pitches"":95,""competition"":""MLB_REGULAR_INFERRED""}]","{""last3Ks1"":7,""last3Ks2"":11,""last3Ks3"":9,""last3Ip1"":5,""last3Ip2"":7,""last3Ip3"":6,""last3Bf1"":20,""last3Bf2"":26,""last3Bf3"":23,""last5KsAvg"":9.2,""last5KsStd"":2.5612496949731396,""last5IpAvg"":5.933333333333334,""last5BfAvg"":23.8,""last5PitchCountAvg"":96.2,""pitchesLast3Starts"":281,""pitchesLast3Appearances"":281,""daysSinceLastStart"":6,""daysSinceLastAppearance"":6}","LINESCORE_DEFENSE_PITCHER","NOT_VERIFIABLE"
"823525","677960","2026-07-05","home","[{""gameId"":""823529"",""date"":""2026-06-29"",""pitcherId"":""677960"",""side"":""home"",""started"":true,""source"":""BOXSCORE_START"",""k"":3,""ip"":""1.2"",""bf"":14,""pitches"":55,""competition"":""MLB_REGULAR_INFERRED""},{""gameId"":""824259"",""date"":""2026-06-24"",""pitcherId"":""677960"",""side"":""away"",""started"":true,""source"":""BOXSCORE_START"",""k"":6,""ip"":""6.0"",""bf"":26,""pitches"":97,""competition"":""MLB_REGULAR_INFERRED""},{""gameId"":""823533"",""date"":""2026-06-18"",""pitcherId"":""677960"",""side"":""home"",""started"":true,""source"":""BOXSCORE_START"",""k"":8,""ip"":""6.1"",""bf"":22,""pitches"":88,""competition"":""MLB_REGULAR_INFERRED""}]","[{""gameId"":""823529"",""date"":""2026-06-29"",""pitcherId"":""677960"",""side"":""home"",""started"":true,""source"":""LIVE_APPEARANCE"",""k"":3,""ip"":""1.2"",""bf"":14,""pitches"":55,""competition"":""MLB_REGULAR_INFERRED""},{""gameId"":""824259"",""date"":""2026-06-24"",""pitcherId"":""677960"",""side"":""away"",""started"":true,""source"":""LIVE_APPEARANCE"",""k"":6,""ip"":""6.0"",""bf"":26,""pitches"":97,""competition"":""MLB_REGULAR_INFERRED""},{""gameId"":""823533"",""date"":""2026-06-18"",""pitcherId"":""677960"",""side"":""home"",""started"":true,""source"":""LIVE_APPEARANCE"",""k"":8,""ip"":""6.1"",""bf"":22,""pitches"":88,""competition"":""MLB_REGULAR_INFERRED""}]","{""last3Ks1"":3,""last3Ks2"":6,""last3Ks3"":8,""last3Ip1"":1.6666666666666667,""last3Ip2"":6,""last3Ip3"":6.333333333333333,""last3Bf1"":14,""last3Bf2"":26,""last3Bf3"":22,""last5KsAvg"":6.2,""last5KsStd"":2.5612496949731396,""last5IpAvg"":5.333333333333334,""last5BfAvg"":23.4,""last5PitchCountAvg"":88,""pitchesLast3Starts"":240,""pitchesLast3Appearances"":240,""daysSinceLastStart"":6,""daysSinceLastAppearance"":6}","LINESCORE_DEFENSE_PITCHER","NOT_VERIFIABLE"
"823526","694341","2026-07-04","home","[]","[{""gameId"":""823551"",""date"":""2026-05-07"",""pitcherId"":""694341"",""side"":""home"",""started"":false,""source"":""LIVE_APPEARANCE"",""k"":1,""ip"":""3.0"",""bf"":13,""pitches"":52,""competition"":""MLB_REGULAR_INFERRED""}]","{""last3Ks1"":null,""last3Ks2"":null,""last3Ks3"":null,""last3Ip1"":null,""last3Ip2"":null,""last3Ip3"":null,""last3Bf1"":null,""last3Bf2"":null,""last3Bf3"":null,""last5KsAvg"":null,""last5KsStd"":null,""last5IpAvg"":null,""last5BfAvg"":null,""last5PitchCountAvg"":null,""pitchesLast3Starts"":null,""pitchesLast3Appearances"":52,""daysSinceLastStart"":null,""daysSinceLastAppearance"":58}","LINESCORE_DEFENSE_PITCHER","NOT_VERIFIABLE"
"823527","543037","2026-07-03","home","[{""gameId"":""824745"",""date"":""2026-06-27"",""pitcherId"":""543037"",""side"":""away"",""started"":true,""source"":""BOXSCORE_START"",""k"":5,""ip"":""5.1"",""bf"":24,""pitches"":89,""competition"":""MLB_REGULAR_INFERRED""},{""gameId"":""824261"",""date"":""2026-06-22"",""pitcherId"":""543037"",""side"":""away"",""started"":true,""source"":""BOXSCORE_START"",""k"":5,""ip"":""4.1"",""bf"":24,""pitches"":89,""competition"":""MLB_REGULAR_INFERRED""},{""gameId"":""823535"",""date"":""2026-06-16"",""pitcherId"":""543037"",""side"":""home"",""started"":true,""source"":""BOXSCORE_START"",""k"":6,""ip"":""6.0"",""bf"":23,""pitches"":90,""competition"":""MLB_REGULAR_INFERRED""}]","[{""gameId"":""824745"",""date"":""2026-06-27"",""pitcherId"":""543037"",""side"":""away"",""started"":true,""source"":""LIVE_APPEARANCE"",""k"":5,""ip"":""5.1"",""bf"":24,""pitches"":89,""competition"":""MLB_REGULAR_INFERRED""},{""gameId"":""824261"",""date"":""2026-06-22"",""pitcherId"":""543037"",""side"":""away"",""started"":true,""source"":""LIVE_APPEARANCE"",""k"":5,""ip"":""4.1"",""bf"":24,""pitches"":89,""competition"":""MLB_REGULAR_INFERRED""},{""gameId"":""823535"",""date"":""2026-06-16"",""pitcherId"":""543037"",""side"":""home"",""started"":true,""source"":""LIVE_APPEARANCE"",""k"":6,""ip"":""6.0"",""bf"":23,""pitches"":90,""competition"":""MLB_REGULAR_INFERRED""}]","{""last3Ks1"":5,""last3Ks2"":5,""last3Ks3"":6,""last3Ip1"":5.333333333333333,""last3Ip2"":4.333333333333333,""last3Ip3"":6,""last3Bf1"":24,""last3Bf2"":24,""last3Bf3"":23,""last5KsAvg"":4.4,""last5KsStd"":1.3564659966250536,""last5IpAvg"":4.999999999999999,""last5BfAvg"":23,""last5PitchCountAvg"":86.8,""pitchesLast3Starts"":268,""pitchesLast3Appearances"":268,""daysSinceLastStart"":6,""daysSinceLastAppearance"":6}","LINESCORE_DEFENSE_PITCHER","NOT_VERIFIABLE"
"823529","677960","2026-06-29","home","[{""gameId"":""824259"",""date"":""2026-06-24"",""pitcherId"":""677960"",""side"":""away"",""started"":true,""source"":""BOXSCORE_START"",""k"":6,""ip"":""6.0"",""bf"":26,""pitches"":97,""competition"":""MLB_REGULAR_INFERRED""},{""gameId"":""823533"",""date"":""2026-06-18"",""pitcherId"":""677960"",""side"":""home"",""started"":true,""source"":""BOXSCORE_START"",""k"":8,""ip"":""6.1"",""bf"":22,""pitches"":88,""competition"":""MLB_REGULAR_INFERRED""},{""gameId"":""823538"",""date"":""2026-06-05"",""pitcherId"":""677960"",""side"":""home"",""started"":true,""source"":""BOXSCORE_START"",""k"":4,""ip"":""6.0"",""bf"":26,""pitches"":93,""competition"":""MLB_REGULAR_INFERRED""}]","[{""gameId"":""824259"",""date"":""2026-06-24"",""pitcherId"":""677960"",""side"":""away"",""started"":true,""source"":""LIVE_APPEARANCE"",""k"":6,""ip"":""6.0"",""bf"":26,""pitches"":97,""competition"":""MLB_REGULAR_INFERRED""},{""gameId"":""823533"",""date"":""2026-06-18"",""pitcherId"":""677960"",""side"":""home"",""started"":true,""source"":""LIVE_APPEARANCE"",""k"":8,""ip"":""6.1"",""bf"":22,""pitches"":88,""competition"":""MLB_REGULAR_INFERRED""},{""gameId"":""823538"",""date"":""2026-06-05"",""pitcherId"":""677960"",""side"":""home"",""started"":true,""source"":""LIVE_APPEARANCE"",""k"":4,""ip"":""6.0"",""bf"":26,""pitches"":93,""competition"":""MLB_REGULAR_INFERRED""}]","{""last3Ks1"":6,""last3Ks2"":8,""last3Ks3"":4,""last3Ip1"":6,""last3Ip2"":6.333333333333333,""last3Ip3"":6,""last3Bf1"":26,""last3Bf2"":22,""last3Bf3"":26,""last5KsAvg"":6.4,""last5KsStd"":2.33238075793812,""last5IpAvg"":6.4,""last5BfAvg"":25.8,""last5PitchCountAvg"":96,""pitchesLast3Starts"":278,""pitchesLast3Appearances"":278,""daysSinceLastStart"":5,""daysSinceLastAppearance"":5}","LINESCORE_DEFENSE_PITCHER","NOT_VERIFIABLE"
"823530","701542","2026-07-01","home","[{""gameId"":""824743"",""date"":""2026-06-26"",""pitcherId"":""701542"",""side"":""away"",""started"":true,""source"":""BOXSCORE_START"",""k"":0,""ip"":""5.2"",""bf"":27,""pitches"":90,""competition"":""MLB_REGULAR_INFERRED""},{""gameId"":""823532"",""date"":""2026-06-20"",""pitcherId"":""701542"",""side"":""home"",""started"":true,""source"":""BOXSCORE_START"",""k"":8,""ip"":""5.2"",""bf"":28,""pitches"":90,""competition"":""MLB_REGULAR_INFERRED""},{""gameId"":""824427"",""date"":""2026-06-08"",""pitcherId"":""701542"",""side"":""away"",""started"":true,""source"":""BOXSCORE_START"",""k"":5,""ip"":""4.1"",""bf"":20,""pitches"":91,""competition"":""MLB_REGULAR_INFERRED""}]","[{""gameId"":""824743"",""date"":""2026-06-26"",""pitcherId"":""701542"",""side"":""away"",""started"":true,""source"":""LIVE_APPEARANCE"",""k"":0,""ip"":""5.2"",""bf"":27,""pitches"":90,""competition"":""MLB_REGULAR_INFERRED""},{""gameId"":""823532"",""date"":""2026-06-20"",""pitcherId"":""701542"",""side"":""home"",""started"":true,""source"":""LIVE_APPEARANCE"",""k"":8,""ip"":""5.2"",""bf"":28,""pitches"":90,""competition"":""MLB_REGULAR_INFERRED""},{""gameId"":""824427"",""date"":""2026-06-08"",""pitcherId"":""701542"",""side"":""away"",""started"":true,""source"":""LIVE_APPEARANCE"",""k"":5,""ip"":""4.1"",""bf"":20,""pitches"":91,""competition"":""MLB_REGULAR_INFERRED""}]","{""last3Ks1"":0,""last3Ks2"":8,""last3Ks3"":5,""last3Ip1"":5.666666666666667,""last3Ip2"":5.666666666666667,""last3Ip3"":4.333333333333333,""last3Bf1"":27,""last3Bf2"":28,""last3Bf3"":20,""last5KsAvg"":4.2,""last5KsStd"":2.6381811916545836,""last5IpAvg"":5.533333333333333,""last5BfAvg"":25.2,""last5PitchCountAvg"":87.6,""pitchesLast3Starts"":271,""pitchesLast3Appearances"":271,""daysSinceLastStart"":5,""daysSinceLastAppearance"":5}","LINESCORE_DEFENSE_PITCHER","NOT_VERIFIABLE"
"823596","640455","2026-07-29","home","[{""gameId"":""823601"",""date"":""2026-07-24"",""pitcherId"":""640455"",""side"":""home"",""started"":true,""source"":""BOXSCORE_START"",""k"":3,""ip"":""6.0"",""bf"":24,""pitches"":84,""competition"":""MLB_REGULAR_INFERRED""},{""gameId"":""823441"",""date"":""2026-07-18"",""pitcherId"":""640455"",""side"":""away"",""started"":true,""source"":""BOXSCORE_START"",""k"":7,""ip"":""4.2"",""bf"":24,""pitches"":99,""competition"":""MLB_REGULAR_INFERRED""},{""gameId"":""823606"",""date"":""2026-07-09"",""pitcherId"":""640455"",""side"":""home"",""started"":true,""source"":""BOXSCORE_START"",""k"":6,""ip"":""7.0"",""bf"":26,""pitches"":97,""competition"":""MLB_REGULAR_INFERRED""}]","[{""gameId"":""823601"",""date"":""2026-07-24"",""pitcherId"":""640455"",""side"":""home"",""started"":true,""source"":""LIVE_APPEARANCE"",""k"":3,""ip"":""6.0"",""bf"":24,""pitches"":84,""competition"":""MLB_REGULAR_INFERRED""},{""gameId"":""823441"",""date"":""2026-07-18"",""pitcherId"":""640455"",""side"":""away"",""started"":true,""source"":""LIVE_APPEARANCE"",""k"":7,""ip"":""4.2"",""bf"":24,""pitches"":99,""competition"":""MLB_REGULAR_INFERRED""},{""gameId"":""823606"",""date"":""2026-07-09"",""pitcherId"":""640455"",""side"":""home"",""started"":true,""source"":""LIVE_APPEARANCE"",""k"":6,""ip"":""7.0"",""bf"":26,""pitches"":97,""competition"":""MLB_REGULAR_INFERRED""}]","{""last3Ks1"":3,""last3Ks2"":7,""last3Ks3"":6,""last3Ip1"":6,""last3Ip2"":4.666666666666667,""last3Ip3"":7,""last3Bf1"":24,""last3Bf2"":24,""last3Bf3"":26,""last5KsAvg"":4.8,""last5KsStd"":1.469693845669907,""last5IpAvg"":5.666666666666667,""last5BfAvg"":24.2,""last5PitchCountAvg"":95.6,""pitchesLast3Starts"":280,""pitchesLast3Appearances"":280,""daysSinceLastStart"":5,""daysSinceLastAppearance"":5}","LINESCORE_DEFENSE_PITCHER","NOT_VERIFIABLE"
"823605","681035","2026-07-08","home","[{""gameId"":""824904"",""date"":""2026-07-03"",""pitcherId"":""681035"",""side"":""away"",""started"":true,""source"":""BOXSCORE_START"",""k"":7,""ip"":""4.0"",""bf"":18,""pitches"":82,""competition"":""MLB_REGULAR_INFERRED""},{""gameId"":""823609"",""date"":""2026-06-27"",""pitcherId"":""681035"",""side"":""home"",""started"":true,""source"":""BOXSCORE_START"",""k"":6,""ip"":""4.1"",""bf"":18,""pitches"":82,""competition"":""MLB_REGULAR_INFERRED""},{""gameId"":""823293"",""date"":""2026-06-05"",""pitcherId"":""681035"",""side"":""away"",""started"":true,""source"":""BOXSCORE_START"",""k"":3,""ip"":""5.2"",""bf"":21,""pitches"":98,""competition"":""MLB_REGULAR_INFERRED""}]","[{""gameId"":""824904"",""date"":""2026-07-03"",""pitcherId"":""681035"",""side"":""away"",""started"":true,""source"":""LIVE_APPEARANCE"",""k"":7,""ip"":""4.0"",""bf"":18,""pitches"":82,""competition"":""MLB_REGULAR_INFERRED""},{""gameId"":""823609"",""date"":""2026-06-27"",""pitcherId"":""681035"",""side"":""home"",""started"":true,""source"":""LIVE_APPEARANCE"",""k"":6,""ip"":""4.1"",""bf"":18,""pitches"":82,""competition"":""MLB_REGULAR_INFERRED""},{""gameId"":""823293"",""date"":""2026-06-05"",""pitcherId"":""681035"",""side"":""away"",""started"":true,""source"":""LIVE_APPEARANCE"",""k"":3,""ip"":""5.2"",""bf"":21,""pitches"":98,""competition"":""MLB_REGULAR_INFERRED""}]","{""last3Ks1"":7,""last3Ks2"":6,""last3Ks3"":3,""last3Ip1"":4,""last3Ip2"":4.333333333333333,""last3Ip3"":5.666666666666667,""last3Bf1"":18,""last3Bf2"":18,""last3Bf3"":21,""last5KsAvg"":5.8,""last5KsStd"":1.7204650534085253,""last5IpAvg"":4.933333333333334,""last5BfAvg"":20.4,""last5PitchCountAvg"":90.4,""pitchesLast3Starts"":262,""pitchesLast3Appearances"":262,""daysSinceLastStart"":5,""daysSinceLastAppearance"":5}","LINESCORE_DEFENSE_PITCHER","NOT_VERIFIABLE"
"823606","640455","2026-07-09","home","[{""gameId"":""824903"",""date"":""2026-07-04"",""pitcherId"":""640455"",""side"":""away"",""started"":true,""source"":""BOXSCORE_START"",""k"":4,""ip"":""5.0"",""bf"":24,""pitches"":108,""competition"":""MLB_REGULAR_INFERRED""},{""gameId"":""822792"",""date"":""2026-06-29"",""pitcherId"":""640455"",""side"":""away"",""started"":true,""source"":""BOXSCORE_START"",""k"":4,""ip"":""5.2"",""bf"":23,""pitches"":90,""competition"":""MLB_REGULAR_INFERRED""},{""gameId"":""823611"",""date"":""2026-06-24"",""pitcherId"":""640455"",""side"":""home"",""started"":true,""source"":""BOXSCORE_START"",""k"":4,""ip"":""3.0"",""bf"":19,""pitches"":86,""competition"":""MLB_REGULAR_INFERRED""}]","[{""gameId"":""824903"",""date"":""2026-07-04"",""pitcherId"":""640455"",""side"":""away"",""started"":true,""source"":""LIVE_APPEARANCE"",""k"":4,""ip"":""5.0"",""bf"":24,""pitches"":108,""competition"":""MLB_REGULAR_INFERRED""},{""gameId"":""822792"",""date"":""2026-06-29"",""pitcherId"":""640455"",""side"":""away"",""started"":true,""source"":""LIVE_APPEARANCE"",""k"":4,""ip"":""5.2"",""bf"":23,""pitches"":90,""competition"":""MLB_REGULAR_INFERRED""},{""gameId"":""823611"",""date"":""2026-06-24"",""pitcherId"":""640455"",""side"":""home"",""started"":true,""source"":""LIVE_APPEARANCE"",""k"":4,""ip"":""3.0"",""bf"":19,""pitches"":86,""competition"":""MLB_REGULAR_INFERRED""}]","{""last3Ks1"":4,""last3Ks2"":4,""last3Ks3"":4,""last3Ip1"":5,""last3Ip2"":5.666666666666667,""last3Ip3"":3,""last3Bf1"":24,""last3Bf2"":23,""last3Bf3"":19,""last5KsAvg"":4.25,""last5KsStd"":0.4330127018922193,""last5IpAvg"":4.75,""last5BfAvg"":22.25,""last5PitchCountAvg"":94.75,""pitchesLast3Starts"":284,""pitchesLast3Appearances"":284,""daysSinceLastStart"":5,""daysSinceLastAppearance"":5}","LINESCORE_DEFENSE_PITCHER","NOT_VERIFIABLE"
"823607","672335","2026-07-07","home","[{""gameId"":""823608"",""date"":""2026-06-28"",""pitcherId"":""672335"",""side"":""home"",""started"":true,""source"":""BOXSCORE_START"",""k"":2,""ip"":""1.0"",""bf"":3,""pitches"":9,""competition"":""MLB_REGULAR_INFERRED""}]","[{""gameId"":""824900"",""date"":""2026-07-06"",""pitcherId"":""672335"",""side"":""away"",""started"":false,""source"":""LIVE_APPEARANCE"",""k"":3,""ip"":""1.1"",""bf"":5,""pitches"":16,""competition"":""MLB_REGULAR_INFERRED""},{""gameId"":""823608"",""date"":""2026-06-28"",""pitcherId"":""672335"",""side"":""home"",""started"":true,""source"":""LIVE_APPEARANCE"",""k"":2,""ip"":""1.0"",""bf"":3,""pitches"":9,""competition"":""MLB_REGULAR_INFERRED""},{""gameId"":""823610"",""date"":""2026-06-26"",""pitcherId"":""672335"",""side"":""home"",""started"":false,""source"":""LIVE_APPEARANCE"",""k"":1,""ip"":""2.0"",""bf"":7,""pitches"":21,""competition"":""MLB_REGULAR_INFERRED""}]","{""last3Ks1"":2,""last3Ks2"":null,""last3Ks3"":null,""last3Ip1"":1,""last3Ip2"":null,""last3Ip3"":null,""last3Bf1"":3,""last3Bf2"":null,""last3Bf3"":null,""last5KsAvg"":2,""last5KsStd"":0,""last5IpAvg"":1,""last5BfAvg"":3,""last5PitchCountAvg"":9,""pitchesLast3Starts"":9,""pitchesLast3Appearances"":46,""daysSinceLastStart"":9,""daysSinceLastAppearance"":1}","LINESCORE_DEFENSE_PITCHER","NOT_VERIFIABLE"
"823608","672335","2026-06-28","home","[]","[{""gameId"":""823610"",""date"":""2026-06-26"",""pitcherId"":""672335"",""side"":""home"",""started"":false,""source"":""LIVE_APPEARANCE"",""k"":1,""ip"":""2.0"",""bf"":7,""pitches"":21,""competition"":""MLB_REGULAR_INFERRED""},{""gameId"":""823614"",""date"":""2026-06-23"",""pitcherId"":""672335"",""side"":""home"",""started"":false,""source"":""LIVE_APPEARANCE"",""k"":1,""ip"":""2.1"",""bf"":7,""pitches"":29,""competition"":""MLB_REGULAR_INFERRED""},{""gameId"":""823447"",""date"":""2026-06-20"",""pitcherId"":""672335"",""side"":""away"",""started"":false,""source"":""LIVE_APPEARANCE"",""k"":3,""ip"":""2.0"",""bf"":10,""pitches"":32,""competition"":""MLB_REGULAR_INFERRED""}]","{""last3Ks1"":null,""last3Ks2"":null,""last3Ks3"":null,""last3Ip1"":null,""last3Ip2"":null,""last3Ip3"":null,""last3Bf1"":null,""last3Bf2"":null,""last3Bf3"":null,""last5KsAvg"":null,""last5KsStd"":null,""last5IpAvg"":null,""last5BfAvg"":null,""last5PitchCountAvg"":null,""pitchesLast3Starts"":null,""pitchesLast3Appearances"":82,""daysSinceLastStart"":null,""daysSinceLastAppearance"":2}","LINESCORE_DEFENSE_PITCHER","NOT_VERIFIABLE"
"823610","804267","2026-06-26","home","[{""gameId"":""822735"",""date"":""2026-05-20"",""pitcherId"":""804267"",""side"":""away"",""started"":true,""source"":""BOXSCORE_START"",""k"":3,""ip"":""4.1"",""bf"":19,""pitches"":80,""competition"":""MLB_REGULAR_INFERRED""}]","[{""gameId"":""822735"",""date"":""2026-05-20"",""pitcherId"":""804267"",""side"":""away"",""started"":true,""source"":""LIVE_APPEARANCE"",""k"":3,""ip"":""4.1"",""bf"":19,""pitches"":80,""competition"":""MLB_REGULAR_INFERRED""}]","{""last3Ks1"":3,""last3Ks2"":null,""last3Ks3"":null,""last3Ip1"":4.333333333333333,""last3Ip2"":null,""last3Ip3"":null,""last3Bf1"":19,""last3Bf2"":null,""last3Bf3"":null,""last5KsAvg"":3,""last5KsStd"":0,""last5IpAvg"":4.333333333333333,""last5BfAvg"":19,""last5PitchCountAvg"":80,""pitchesLast3Starts"":80,""pitchesLast3Appearances"":80,""daysSinceLastStart"":37,""daysSinceLastAppearance"":37}","LINESCORE_DEFENSE_PITCHER","NOT_VERIFIABLE"
"823614","673540","2026-06-23","home","[{""gameId"":""824504"",""date"":""2026-06-16"",""pitcherId"":""673540"",""side"":""away"",""started"":true,""source"":""BOXSCORE_START"",""k"":5,""ip"":""4.0"",""bf"":17,""pitches"":82,""competition"":""MLB_REGULAR_INFERRED""},{""gameId"":""824693"",""date"":""2026-04-17"",""pitcherId"":""673540"",""side"":""away"",""started"":true,""source"":""BOXSCORE_START"",""k"":3,""ip"":""3.1"",""bf"":18,""pitches"":65,""competition"":""MLB_REGULAR_INFERRED""},{""gameId"":""823644"",""date"":""2026-04-11"",""pitcherId"":""673540"",""side"":""home"",""started"":true,""source"":""BOXSCORE_START"",""k"":3,""ip"":""2.1"",""bf"":17,""pitches"":72,""competition"":""MLB_REGULAR_INFERRED""}]","[{""gameId"":""824504"",""date"":""2026-06-16"",""pitcherId"":""673540"",""side"":""away"",""started"":true,""source"":""LIVE_APPEARANCE"",""k"":5,""ip"":""4.0"",""bf"":17,""pitches"":82,""competition"":""MLB_REGULAR_INFERRED""},{""gameId"":""824693"",""date"":""2026-04-17"",""pitcherId"":""673540"",""side"":""away"",""started"":true,""source"":""LIVE_APPEARANCE"",""k"":3,""ip"":""3.1"",""bf"":18,""pitches"":65,""competition"":""MLB_REGULAR_INFERRED""},{""gameId"":""823644"",""date"":""2026-04-11"",""pitcherId"":""673540"",""side"":""home"",""started"":true,""source"":""LIVE_APPEARANCE"",""k"":3,""ip"":""2.1"",""bf"":17,""pitches"":72,""competition"":""MLB_REGULAR_INFERRED""}]","{""last3Ks1"":5,""last3Ks2"":3,""last3Ks3"":3,""last3Ip1"":4,""last3Ip2"":3.3333333333333335,""last3Ip3"":2.3333333333333335,""last3Bf1"":17,""last3Bf2"":18,""last3Bf3"":17,""last5KsAvg"":5.4,""last5KsStd"":2.33238075793812,""last5IpAvg"":4.2666666666666675,""last5BfAvg"":19.8,""last5PitchCountAvg"":79.8,""pitchesLast3Starts"":219,""pitchesLast3Appearances"":219,""daysSinceLastStart"":7,""daysSinceLastAppearance"":7}","LINESCORE_DEFENSE_PITCHER","NOT_VERIFIABLE"
"823681","671737","2026-07-12","home","[{""gameId"":""823687"",""date"":""2026-07-07"",""pitcherId"":""671737"",""side"":""home"",""started"":true,""source"":""BOXSCORE_START"",""k"":10,""ip"":""7.0"",""bf"":24,""pitches"":101,""competition"":""MLB_REGULAR_INFERRED""},{""gameId"":""823688"",""date"":""2026-06-26"",""pitcherId"":""671737"",""side"":""home"",""started"":true,""source"":""BOXSCORE_START"",""k"":7,""ip"":""7.0"",""bf"":27,""pitches"":99,""competition"":""MLB_REGULAR_INFERRED""},{""gameId"":""825068"",""date"":""2026-06-20"",""pitcherId"":""671737"",""side"":""away"",""started"":true,""source"":""BOXSCORE_START"",""k"":4,""ip"":""5.0"",""bf"":20,""pitches"":91,""competition"":""MLB_REGULAR_INFERRED""}]","[{""gameId"":""823687"",""date"":""2026-07-07"",""pitcherId"":""671737"",""side"":""home"",""started"":true,""source"":""LIVE_APPEARANCE"",""k"":10,""ip"":""7.0"",""bf"":24,""pitches"":101,""competition"":""MLB_REGULAR_INFERRED""},{""gameId"":""824174"",""date"":""2026-07-01"",""pitcherId"":""671737"",""side"":""away"",""started"":false,""source"":""LIVE_APPEARANCE"",""k"":0,""ip"":""0.0"",""bf"":0,""pitches"":0,""competition"":""MLB_REGULAR_INFERRED""},{""gameId"":""823688"",""date"":""2026-06-26"",""pitcherId"":""671737"",""side"":""home"",""started"":true,""source"":""LIVE_APPEARANCE"",""k"":7,""ip"":""7.0"",""bf"":27,""pitches"":99,""competition"":""MLB_REGULAR_INFERRED""}]","{""last3Ks1"":10,""last3Ks2"":7,""last3Ks3"":4,""last3Ip1"":7,""last3Ip2"":7,""last3Ip3"":5,""last3Bf1"":24,""last3Bf2"":27,""last3Bf3"":20,""last5KsAvg"":5.8,""last5KsStd"":2.4819347291981715,""last5IpAvg"":5.6,""last5BfAvg"":23.8,""last5PitchCountAvg"":96.8,""pitchesLast3Starts"":291,""pitchesLast3Appearances"":200,""daysSinceLastStart"":5,""daysSinceLastAppearance"":5}","LINESCORE_DEFENSE_PITCHER","NOT_VERIFIABLE"
"823682","657746","2026-07-11","home","[{""gameId"":""823525"",""date"":""2026-07-05"",""pitcherId"":""657746"",""side"":""away"",""started"":true,""source"":""BOXSCORE_START"",""k"":9,""ip"":""7.0"",""bf"":24,""pitches"":106,""competition"":""MLB_REGULAR_INFERRED""},{""gameId"":""823691"",""date"":""2026-06-24"",""pitcherId"":""657746"",""side"":""home"",""started"":true,""source"":""BOXSCORE_START"",""k"":9,""ip"":""6.0"",""bf"":27,""pitches"":98,""competition"":""MLB_REGULAR_INFERRED""},{""gameId"":""823697"",""date"":""2026-06-06"",""pitcherId"":""657746"",""side"":""home"",""started"":true,""source"":""BOXSCORE_START"",""k"":5,""ip"":""6.0"",""bf"":26,""pitches"":102,""competition"":""MLB_REGULAR_INFERRED""}]","[{""gameId"":""823525"",""date"":""2026-07-05"",""pitcherId"":""657746"",""side"":""away"",""started"":true,""source"":""LIVE_APPEARANCE"",""k"":9,""ip"":""7.0"",""bf"":24,""pitches"":106,""competition"":""MLB_REGULAR_INFERRED""},{""gameId"":""824175"",""date"":""2026-06-30"",""pitcherId"":""657746"",""side"":""away"",""started"":false,""source"":""LIVE_APPEARANCE"",""k"":5,""ip"":""4.0"",""bf"":21,""pitches"":91,""competition"":""MLB_REGULAR_INFERRED""},{""gameId"":""823691"",""date"":""2026-06-24"",""pitcherId"":""657746"",""side"":""home"",""started"":true,""source"":""LIVE_APPEARANCE"",""k"":9,""ip"":""6.0"",""bf"":27,""pitches"":98,""competition"":""MLB_REGULAR_INFERRED""}]","{""last3Ks1"":9,""last3Ks2"":9,""last3Ks3"":5,""last3Ip1"":7,""last3Ip2"":6,""last3Ip3"":6,""last3Bf1"":24,""last3Bf2"":27,""last3Bf3"":26,""last5KsAvg"":8.2,""last5KsStd"":1.5999999999999999,""last5IpAvg"":6.533333333333333,""last5BfAvg"":26.8,""last5PitchCountAvg"":100.4,""pitchesLast3Starts"":306,""pitchesLast3Appearances"":295,""daysSinceLastStart"":6,""daysSinceLastAppearance"":6}","LINESCORE_DEFENSE_PITCHER","NOT_VERIFIABLE"
"823683","641927","2026-07-09","home","[{""gameId"":""823375"",""date"":""2026-05-30"",""pitcherId"":""641927"",""side"":""away"",""started"":true,""source"":""BOXSCORE_START"",""k"":3,""ip"":""4.2"",""bf"":27,""pitches"":97,""competition"":""MLB_REGULAR_INFERRED""},{""gameId"":""824759"",""date"":""2026-05-24"",""pitcherId"":""641927"",""side"":""away"",""started"":true,""source"":""BOXSCORE_START"",""k"":3,""ip"":""5.0"",""bf"":22,""pitches"":82,""competition"":""MLB_REGULAR_INFERRED""},{""gameId"":""823708"",""date"":""2026-05-17"",""pitcherId"":""641927"",""side"":""home"",""started"":true,""source"":""BOXSCORE_START"",""k"":1,""ip"":""5.0"",""bf"":23,""pitches"":77,""competition"":""MLB_REGULAR_INFERRED""}]","[{""gameId"":""823375"",""date"":""2026-05-30"",""pitcherId"":""641927"",""side"":""away"",""started"":true,""source"":""LIVE_APPEARANCE"",""k"":3,""ip"":""4.2"",""bf"":27,""pitches"":97,""competition"":""MLB_REGULAR_INFERRED""},{""gameId"":""824759"",""date"":""2026-05-24"",""pitcherId"":""641927"",""side"":""away"",""started"":true,""source"":""LIVE_APPEARANCE"",""k"":3,""ip"":""5.0"",""bf"":22,""pitches"":82,""competition"":""MLB_REGULAR_INFERRED""},{""gameId"":""823708"",""date"":""2026-05-17"",""pitcherId"":""641927"",""side"":""home"",""started"":true,""source"":""LIVE_APPEARANCE"",""k"":1,""ip"":""5.0"",""bf"":23,""pitches"":77,""competition"":""MLB_REGULAR_INFERRED""}]","{""last3Ks1"":3,""last3Ks2"":3,""last3Ks3"":1,""last3Ip1"":4.666666666666667,""last3Ip2"":5,""last3Ip3"":5,""last3Bf1"":27,""last3Bf2"":22,""last3Bf3"":23,""last5KsAvg"":2.6,""last5KsStd"":0.8,""last5IpAvg"":5.133333333333334,""last5BfAvg"":23.4,""last5PitchCountAvg"":84.2,""pitchesLast3Starts"":256,""pitchesLast3Appearances"":256,""daysSinceLastStart"":40,""daysSinceLastAppearance"":40}","LINESCORE_DEFENSE_PITCHER","NOT_VERIFIABLE"
"823686","687570","2026-06-28","home","[{""gameId"":""825069"",""date"":""2026-06-19"",""pitcherId"":""687570"",""side"":""away"",""started"":true,""source"":""BOXSCORE_START"",""k"":4,""ip"":""6.0"",""bf"":30,""pitches"":97,""competition"":""MLB_REGULAR_INFERRED""},{""gameId"":""823696"",""date"":""2026-06-07"",""pitcherId"":""687570"",""side"":""home"",""started"":true,""source"":""BOXSCORE_START"",""k"":7,""ip"":""4.1"",""bf"":18,""pitches"":77,""competition"":""MLB_REGULAR_INFERRED""},{""gameId"":""823700"",""date"":""2026-06-02"",""pitcherId"":""687570"",""side"":""home"",""started"":true,""source"":""BOXSCORE_START"",""k"":7,""ip"":""6.0"",""bf"":27,""pitches"":94,""competition"":""MLB_REGULAR_INFERRED""}]","[{""gameId"":""825069"",""date"":""2026-06-19"",""pitcherId"":""687570"",""side"":""away"",""started"":true,""source"":""LIVE_APPEARANCE"",""k"":4,""ip"":""6.0"",""bf"":30,""pitches"":97,""competition"":""MLB_REGULAR_INFERRED""},{""gameId"":""823696"",""date"":""2026-06-07"",""pitcherId"":""687570"",""side"":""home"",""started"":true,""source"":""LIVE_APPEARANCE"",""k"":7,""ip"":""4.1"",""bf"":18,""pitches"":77,""competition"":""MLB_REGULAR_INFERRED""},{""gameId"":""823700"",""date"":""2026-06-02"",""pitcherId"":""687570"",""side"":""home"",""started"":true,""source"":""LIVE_APPEARANCE"",""k"":7,""ip"":""6.0"",""bf"":27,""pitches"":94,""competition"":""MLB_REGULAR_INFERRED""}]","{""last3Ks1"":4,""last3Ks2"":7,""last3Ks3"":7,""last3Ip1"":6,""last3Ip2"":4.333333333333333,""last3Ip3"":6,""last3Bf1"":30,""last3Bf2"":18,""last3Bf3"":27,""last5KsAvg"":4.8,""last5KsStd"":2.227105745132009,""last5IpAvg"":4.933333333333333,""last5BfAvg"":23.8,""last5PitchCountAvg"":89.2,""pitchesLast3Starts"":268,""pitchesLast3Appearances"":268,""daysSinceLastStart"":9,""daysSinceLastAppearance"":9}","LINESCORE_DEFENSE_PITCHER","NOT_VERIFIABLE"
"823687","671737","2026-07-07","home","[{""gameId"":""823688"",""date"":""2026-06-26"",""pitcherId"":""671737"",""side"":""home"",""started"":true,""source"":""BOXSCORE_START"",""k"":7,""ip"":""7.0"",""bf"":27,""pitches"":99,""competition"":""MLB_REGULAR_INFERRED""},{""gameId"":""825068"",""date"":""2026-06-20"",""pitcherId"":""671737"",""side"":""away"",""started"":true,""source"":""BOXSCORE_START"",""k"":4,""ip"":""5.0"",""bf"":20,""pitches"":91,""competition"":""MLB_REGULAR_INFERRED""},{""gameId"":""824267"",""date"":""2026-06-09"",""pitcherId"":""671737"",""side"":""away"",""started"":true,""source"":""BOXSCORE_START"",""k"":3,""ip"":""4.1"",""bf"":23,""pitches"":89,""competition"":""MLB_REGULAR_INFERRED""}]","[{""gameId"":""824174"",""date"":""2026-07-01"",""pitcherId"":""671737"",""side"":""away"",""started"":false,""source"":""LIVE_APPEARANCE"",""k"":0,""ip"":""0.0"",""bf"":0,""pitches"":0,""competition"":""MLB_REGULAR_INFERRED""},{""gameId"":""823688"",""date"":""2026-06-26"",""pitcherId"":""671737"",""side"":""home"",""started"":true,""source"":""LIVE_APPEARANCE"",""k"":7,""ip"":""7.0"",""bf"":27,""pitches"":99,""competition"":""MLB_REGULAR_INFERRED""},{""gameId"":""825068"",""date"":""2026-06-20"",""pitcherId"":""671737"",""side"":""away"",""started"":true,""source"":""LIVE_APPEARANCE"",""k"":4,""ip"":""5.0"",""bf"":20,""pitches"":91,""competition"":""MLB_REGULAR_INFERRED""}]","{""last3Ks1"":7,""last3Ks2"":4,""last3Ks3"":3,""last3Ip1"":7,""last3Ip2"":5,""last3Ip3"":4.333333333333333,""last3Bf1"":27,""last3Bf2"":20,""last3Bf3"":23,""last5KsAvg"":5,""last5KsStd"":1.4142135623730951,""last5IpAvg"":5,""last5BfAvg"":22.8,""last5PitchCountAvg"":94,""pitchesLast3Starts"":279,""pitchesLast3Appearances"":190,""daysSinceLastStart"":11,""daysSinceLastAppearance"":6}","LINESCORE_DEFENSE_PITCHER","NOT_VERIFIABLE"
"823688","671737","2026-06-26","home","[{""gameId"":""825068"",""date"":""2026-06-20"",""pitcherId"":""671737"",""side"":""away"",""started"":true,""source"":""BOXSCORE_START"",""k"":4,""ip"":""5.0"",""bf"":20,""pitches"":91,""competition"":""MLB_REGULAR_INFERRED""},{""gameId"":""824267"",""date"":""2026-06-09"",""pitcherId"":""671737"",""side"":""away"",""started"":true,""source"":""BOXSCORE_START"",""k"":3,""ip"":""4.1"",""bf"":23,""pitches"":89,""competition"":""MLB_REGULAR_INFERRED""},{""gameId"":""823701"",""date"":""2026-06-03"",""pitcherId"":""671737"",""side"":""home"",""started"":true,""source"":""BOXSCORE_START"",""k"":5,""ip"":""4.2"",""bf"":25,""pitches"":104,""competition"":""MLB_REGULAR_INFERRED""}]","[{""gameId"":""825068"",""date"":""2026-06-20"",""pitcherId"":""671737"",""side"":""away"",""started"":true,""source"":""LIVE_APPEARANCE"",""k"":4,""ip"":""5.0"",""bf"":20,""pitches"":91,""competition"":""MLB_REGULAR_INFERRED""},{""gameId"":""824267"",""date"":""2026-06-09"",""pitcherId"":""671737"",""side"":""away"",""started"":true,""source"":""LIVE_APPEARANCE"",""k"":3,""ip"":""4.1"",""bf"":23,""pitches"":89,""competition"":""MLB_REGULAR_INFERRED""},{""gameId"":""823701"",""date"":""2026-06-03"",""pitcherId"":""671737"",""side"":""home"",""started"":true,""source"":""LIVE_APPEARANCE"",""k"":5,""ip"":""4.2"",""bf"":25,""pitches"":104,""competition"":""MLB_REGULAR_INFERRED""}]","{""last3Ks1"":4,""last3Ks2"":3,""last3Ks3"":5,""last3Ip1"":5,""last3Ip2"":4.333333333333333,""last3Ip3"":4.666666666666667,""last3Bf1"":20,""last3Bf2"":23,""last3Bf3"":25,""last5KsAvg"":5,""last5KsStd"":1.4142135623730951,""last5IpAvg"":4.6,""last5BfAvg"":21,""last5PitchCountAvg"":88.8,""pitchesLast3Starts"":284,""pitchesLast3Appearances"":284,""daysSinceLastStart"":6,""daysSinceLastAppearance"":6}","LINESCORE_DEFENSE_PITCHER","NOT_VERIFIABLE"
"823689","702474","2026-06-27","home","[{""gameId"":""825067"",""date"":""2026-06-21"",""pitcherId"":""702474"",""side"":""away"",""started"":true,""source"":""BOXSCORE_START"",""k"":1,""ip"":""5.0"",""bf"":23,""pitches"":75,""competition"":""MLB_REGULAR_INFERRED""},{""gameId"":""822887"",""date"":""2026-06-15"",""pitcherId"":""702474"",""side"":""away"",""started"":true,""source"":""BOXSCORE_START"",""k"":2,""ip"":""4.2"",""bf"":18,""pitches"":59,""competition"":""MLB_REGULAR_INFERRED""},{""gameId"":""824266"",""date"":""2026-06-10"",""pitcherId"":""702474"",""side"":""away"",""started"":true,""source"":""BOXSCORE_START"",""k"":4,""ip"":""3.0"",""bf"":13,""pitches"":58,""competition"":""MLB_REGULAR_INFERRED""}]","[{""gameId"":""825067"",""date"":""2026-06-21"",""pitcherId"":""702474"",""side"":""away"",""started"":true,""source"":""LIVE_APPEARANCE"",""k"":1,""ip"":""5.0"",""bf"":23,""pitches"":75,""competition"":""MLB_REGULAR_INFERRED""},{""gameId"":""822887"",""date"":""2026-06-15"",""pitcherId"":""702474"",""side"":""away"",""started"":true,""source"":""LIVE_APPEARANCE"",""k"":2,""ip"":""4.2"",""bf"":18,""pitches"":59,""competition"":""MLB_REGULAR_INFERRED""},{""gameId"":""824266"",""date"":""2026-06-10"",""pitcherId"":""702474"",""side"":""away"",""started"":true,""source"":""LIVE_APPEARANCE"",""k"":4,""ip"":""3.0"",""bf"":13,""pitches"":58,""competition"":""MLB_REGULAR_INFERRED""}]","{""last3Ks1"":1,""last3Ks2"":2,""last3Ks3"":4,""last3Ip1"":5,""last3Ip2"":4.666666666666667,""last3Ip3"":3,""last3Bf1"":23,""last3Bf2"":18,""last3Bf3"":13,""last5KsAvg"":2.3333333333333335,""last5KsStd"":1.247219128924647,""last5IpAvg"":4.222222222222222,""last5BfAvg"":18,""last5PitchCountAvg"":64,""pitchesLast3Starts"":192,""pitchesLast3Appearances"":192,""daysSinceLastStart"":6,""daysSinceLastAppearance"":6}","LINESCORE_DEFENSE_PITCHER","NOT_VERIFIABLE"
"823690","696070","2026-06-23","home","[{""gameId"":""823705"",""date"":""2026-05-18"",""pitcherId"":""696070"",""side"":""home"",""started"":true,""source"":""BOXSCORE_START"",""k"":3,""ip"":""4.0"",""bf"":15,""pitches"":46,""competition"":""MLB_REGULAR_INFERRED""}]","[{""gameId"":""824760"",""date"":""2026-05-23"",""pitcherId"":""696070"",""side"":""away"",""started"":false,""source"":""LIVE_APPEARANCE"",""k"":3,""ip"":""3.0"",""bf"":12,""pitches"":45,""competition"":""MLB_REGULAR_INFERRED""},{""gameId"":""823705"",""date"":""2026-05-18"",""pitcherId"":""696070"",""side"":""home"",""started"":true,""source"":""LIVE_APPEARANCE"",""k"":3,""ip"":""4.0"",""bf"":15,""pitches"":46,""competition"":""MLB_REGULAR_INFERRED""},{""gameId"":""823709"",""date"":""2026-05-14"",""pitcherId"":""696070"",""side"":""home"",""started"":false,""source"":""LIVE_APPEARANCE"",""k"":3,""ip"":""2.0"",""bf"":9,""pitches"":41,""competition"":""MLB_REGULAR_INFERRED""}]","{""last3Ks1"":3,""last3Ks2"":null,""last3Ks3"":null,""last3Ip1"":4,""last3Ip2"":null,""last3Ip3"":null,""last3Bf1"":15,""last3Bf2"":null,""last3Bf3"":null,""last5KsAvg"":3,""last5KsStd"":0,""last5IpAvg"":4,""last5BfAvg"":15,""last5PitchCountAvg"":46,""pitchesLast3Starts"":46,""pitchesLast3Appearances"":132,""daysSinceLastStart"":36,""daysSinceLastAppearance"":31}","LINESCORE_DEFENSE_PITCHER","NOT_VERIFIABLE"
"823691","657746","2026-06-24","home","[{""gameId"":""823697"",""date"":""2026-06-06"",""pitcherId"":""657746"",""side"":""home"",""started"":true,""source"":""BOXSCORE_START"",""k"":5,""ip"":""6.0"",""bf"":26,""pitches"":102,""competition"":""MLB_REGULAR_INFERRED""},{""gameId"":""823702"",""date"":""2026-06-01"",""pitcherId"":""657746"",""side"":""home"",""started"":true,""source"":""BOXSCORE_START"",""k"":9,""ip"":""6.0"",""bf"":27,""pitches"":98,""competition"":""MLB_REGULAR_INFERRED""},{""gameId"":""824597"",""date"":""2026-05-26"",""pitcherId"":""657746"",""side"":""away"",""started"":true,""source"":""BOXSCORE_START"",""k"":9,""ip"":""7.2"",""bf"":30,""pitches"":98,""competition"":""MLB_REGULAR_INFERRED""}]","[{""gameId"":""822889"",""date"":""2026-06-18"",""pitcherId"":""657746"",""side"":""away"",""started"":false,""source"":""LIVE_APPEARANCE"",""k"":7,""ip"":""5.0"",""bf"":20,""pitches"":97,""competition"":""MLB_REGULAR_INFERRED""},{""gameId"":""823697"",""date"":""2026-06-06"",""pitcherId"":""657746"",""side"":""home"",""started"":true,""source"":""LIVE_APPEARANCE"",""k"":5,""ip"":""6.0"",""bf"":26,""pitches"":102,""competition"":""MLB_REGULAR_INFERRED""},{""gameId"":""823702"",""date"":""2026-06-01"",""pitcherId"":""657746"",""side"":""home"",""started"":true,""source"":""LIVE_APPEARANCE"",""k"":9,""ip"":""6.0"",""bf"":27,""pitches"":98,""competition"":""MLB_REGULAR_INFERRED""}]","{""last3Ks1"":5,""last3Ks2"":9,""last3Ks3"":9,""last3Ip1"":6,""last3Ip2"":6,""last3Ip3"":7.666666666666667,""last3Bf1"":26,""last3Bf2"":27,""last3Bf3"":30,""last5KsAvg"":7.8,""last5KsStd"":1.6,""last5IpAvg"":6.333333333333334,""last5BfAvg"":25.4,""last5PitchCountAvg"":97.4,""pitchesLast3Starts"":298,""pitchesLast3Appearances"":297,""daysSinceLastStart"":18,""daysSinceLastAppearance"":6}","LINESCORE_DEFENSE_PITCHER","NOT_VERIFIABLE"
"823759","675660","2026-07-24","home","[{""gameId"":""823763"",""date"":""2026-07-18"",""pitcherId"":""675660"",""side"":""home"",""started"":true,""source"":""BOXSCORE_START"",""k"":9,""ip"":""6.0"",""bf"":25,""pitches"":90,""competition"":""MLB_REGULAR_INFERRED""},{""gameId"":""823356"",""date"":""2026-07-11"",""pitcherId"":""675660"",""side"":""away"",""started"":true,""source"":""BOXSCORE_START"",""k"":6,""ip"":""6.1"",""bf"":25,""pitches"":83,""competition"":""MLB_REGULAR_INFERRED""},{""gameId"":""823036"",""date"":""2026-07-06"",""pitcherId"":""675660"",""side"":""away"",""started"":true,""source"":""BOXSCORE_START"",""k"":2,""ip"":""6.0"",""bf"":26,""pitches"":85,""competition"":""MLB_REGULAR_INFERRED""}]","[{""gameId"":""823763"",""date"":""2026-07-18"",""pitcherId"":""675660"",""side"":""home"",""started"":true,""source"":""LIVE_APPEARANCE"",""k"":9,""ip"":""6.0"",""bf"":25,""pitches"":90,""competition"":""MLB_REGULAR_INFERRED""},{""gameId"":""823356"",""date"":""2026-07-11"",""pitcherId"":""675660"",""side"":""away"",""started"":true,""source"":""LIVE_APPEARANCE"",""k"":6,""ip"":""6.1"",""bf"":25,""pitches"":83,""competition"":""MLB_REGULAR_INFERRED""},{""gameId"":""823036"",""date"":""2026-07-06"",""pitcherId"":""675660"",""side"":""away"",""started"":true,""source"":""LIVE_APPEARANCE"",""k"":2,""ip"":""6.0"",""bf"":26,""pitches"":85,""competition"":""MLB_REGULAR_INFERRED""}]","{""last3Ks1"":9,""last3Ks2"":6,""last3Ks3"":2,""last3Ip1"":6,""last3Ip2"":6.333333333333333,""last3Ip3"":6,""last3Bf1"":25,""last3Bf2"":25,""last3Bf3"":26,""last5KsAvg"":5,""last5KsStd"":2.449489742783178,""last5IpAvg"":5.533333333333333,""last5BfAvg"":23.4,""last5PitchCountAvg"":89.4,""pitchesLast3Starts"":258,""pitchesLast3Appearances"":258,""daysSinceLastStart"":6,""daysSinceLastAppearance"":6}","LINESCORE_DEFENSE_PITCHER","NOT_VERIFIABLE"
"823760","687075","2026-07-21","home","[{""gameId"":""825061"",""date"":""2026-07-05"",""pitcherId"":""687075"",""side"":""away"",""started"":true,""source"":""BOXSCORE_START"",""k"":4,""ip"":""4.0"",""bf"":20,""pitches"":92,""competition"":""MLB_REGULAR_INFERRED""},{""gameId"":""824501"",""date"":""2026-06-23"",""pitcherId"":""687075"",""side"":""away"",""started"":true,""source"":""BOXSCORE_START"",""k"":10,""ip"":""6.0"",""bf"":19,""pitches"":80,""competition"":""MLB_REGULAR_INFERRED""},{""gameId"":""823774"",""date"":""2026-06-17"",""pitcherId"":""687075"",""side"":""home"",""started"":true,""source"":""BOXSCORE_START"",""k"":6,""ip"":""3.2"",""bf"":15,""pitches"":65,""competition"":""MLB_REGULAR_INFERRED""}]","[{""gameId"":""823357"",""date"":""2026-07-11"",""pitcherId"":""687075"",""side"":""away"",""started"":false,""source"":""LIVE_APPEARANCE"",""k"":3,""ip"":""3.0"",""bf"":16,""pitches"":83,""competition"":""MLB_REGULAR_INFERRED""},{""gameId"":""823357"",""date"":""2026-07-10"",""pitcherId"":""687075"",""side"":""away"",""started"":false,""source"":""LIVE_APPEARANCE"",""k"":3,""ip"":""3.0"",""bf"":16,""pitches"":83,""competition"":""MLB_REGULAR_INFERRED""},{""gameId"":""825061"",""date"":""2026-07-05"",""pitcherId"":""687075"",""side"":""away"",""started"":true,""source"":""LIVE_APPEARANCE"",""k"":4,""ip"":""4.0"",""bf"":20,""pitches"":92,""competition"":""MLB_REGULAR_INFERRED""}]","{""last3Ks1"":4,""last3Ks2"":10,""last3Ks3"":6,""last3Ip1"":4,""last3Ip2"":6,""last3Ip3"":3.6666666666666665,""last3Bf1"":20,""last3Bf2"":19,""last3Bf3"":15,""last5KsAvg"":5,""last5KsStd"":2.8284271247461903,""last5IpAvg"":4.933333333333333,""last5BfAvg"":19.6,""last5PitchCountAvg"":78.4,""pitchesLast3Starts"":237,""pitchesLast3Appearances"":258,""daysSinceLastStart"":16,""daysSinceLastAppearance"":10}","LINESCORE_DEFENSE_PITCHER","NOT_VERIFIABLE"
"823761","701656","2026-07-22","home","[{""gameId"":""823766"",""date"":""2026-07-17"",""pitcherId"":""701656"",""side"":""home"",""started"":true,""source"":""BOXSCORE_START"",""k"":4,""ip"":""5.0"",""bf"":17,""pitches"":73,""competition"":""MLB_REGULAR_INFERRED""},{""gameId"":""823034"",""date"":""2026-07-09"",""pitcherId"":""701656"",""side"":""away"",""started"":true,""source"":""BOXSCORE_START"",""k"":4,""ip"":""5.1"",""bf"":21,""pitches"":76,""competition"":""MLB_REGULAR_INFERRED""},{""gameId"":""823788"",""date"":""2026-05-22"",""pitcherId"":""701656"",""side"":""home"",""started"":true,""source"":""BOXSCORE_START"",""k"":7,""ip"":""5.0"",""bf"":19,""pitches"":85,""competition"":""MLB_REGULAR_INFERRED""}]","[{""gameId"":""823766"",""date"":""2026-07-17"",""pitcherId"":""701656"",""side"":""home"",""started"":true,""source"":""LIVE_APPEARANCE"",""k"":4,""ip"":""5.0"",""bf"":17,""pitches"":73,""competition"":""MLB_REGULAR_INFERRED""},{""gameId"":""823034"",""date"":""2026-07-09"",""pitcherId"":""701656"",""side"":""away"",""started"":true,""source"":""LIVE_APPEARANCE"",""k"":4,""ip"":""5.1"",""bf"":21,""pitches"":76,""competition"":""MLB_REGULAR_INFERRED""},{""gameId"":""823788"",""date"":""2026-05-22"",""pitcherId"":""701656"",""side"":""home"",""started"":true,""source"":""LIVE_APPEARANCE"",""k"":7,""ip"":""5.0"",""bf"":19,""pitches"":85,""competition"":""MLB_REGULAR_INFERRED""}]","{""last3Ks1"":4,""last3Ks2"":4,""last3Ks3"":7,""last3Ip1"":5,""last3Ip2"":5.333333333333333,""last3Ip3"":5,""last3Bf1"":17,""last3Bf2"":21,""last3Bf3"":19,""last5KsAvg"":5.4,""last5KsStd"":1.3564659966250536,""last5IpAvg"":5.066666666666666,""last5BfAvg"":19.6,""last5PitchCountAvg"":78.4,""pitchesLast3Starts"":234,""pitchesLast3Appearances"":234,""daysSinceLastStart"":5,""daysSinceLastAppearance"":5}","LINESCORE_DEFENSE_PITCHER","NOT_VERIFIABLE"
"823764","688107","2026-07-19","home","[{""gameId"":""823358"",""date"":""2026-07-12"",""pitcherId"":""688107"",""side"":""away"",""started"":true,""source"":""BOXSCORE_START"",""k"":3,""ip"":""3.0"",""bf"":18,""pitches"":58,""competition"":""MLB_REGULAR_INFERRED""},{""gameId"":""823035"",""date"":""2026-07-07"",""pitcherId"":""688107"",""side"":""away"",""started"":true,""source"":""BOXSCORE_START"",""k"":4,""ip"":""7.2"",""bf"":29,""pitches"":94,""competition"":""MLB_REGULAR_INFERRED""},{""gameId"":""823771"",""date"":""2026-06-29"",""pitcherId"":""688107"",""side"":""home"",""started"":true,""source"":""BOXSCORE_START"",""k"":5,""ip"":""5.2"",""bf"":24,""pitches"":96,""competition"":""MLB_REGULAR_INFERRED""}]","[{""gameId"":""823358"",""date"":""2026-07-12"",""pitcherId"":""688107"",""side"":""away"",""started"":true,""source"":""LIVE_APPEARANCE"",""k"":3,""ip"":""3.0"",""bf"":18,""pitches"":58,""competition"":""MLB_REGULAR_INFERRED""},{""gameId"":""823035"",""date"":""2026-07-07"",""pitcherId"":""688107"",""side"":""away"",""started"":true,""source"":""LIVE_APPEARANCE"",""k"":4,""ip"":""7.2"",""bf"":29,""pitches"":94,""competition"":""MLB_REGULAR_INFERRED""},{""gameId"":""823771"",""date"":""2026-06-29"",""pitcherId"":""688107"",""side"":""home"",""started"":true,""source"":""LIVE_APPEARANCE"",""k"":5,""ip"":""5.2"",""bf"":24,""pitches"":96,""competition"":""MLB_REGULAR_INFERRED""}]","{""last3Ks1"":3,""last3Ks2"":4,""last3Ks3"":5,""last3Ip1"":3,""last3Ip2"":7.666666666666667,""last3Ip3"":5.666666666666667,""last3Bf1"":18,""last3Bf2"":29,""last3Bf3"":24,""last5KsAvg"":4.8,""last5KsStd"":1.32664991614216,""last5IpAvg"":5.6000000000000005,""last5BfAvg"":22.8,""last5PitchCountAvg"":87.4,""pitchesLast3Starts"":248,""pitchesLast3Appearances"":248,""daysSinceLastStart"":7,""daysSinceLastAppearance"":7}","LINESCORE_DEFENSE_PITCHER","NOT_VERIFIABLE"
"823765","694819","2026-07-02","home","[{""gameId"":""823773"",""date"":""2026-06-26"",""pitcherId"":""694819"",""side"":""home"",""started"":true,""source"":""BOXSCORE_START"",""k"":8,""ip"":""6.0"",""bf"":23,""pitches"":107,""competition"":""MLB_REGULAR_INFERRED""},{""gameId"":""824910"",""date"":""2026-06-19"",""pitcherId"":""694819"",""side"":""away"",""started"":true,""source"":""BOXSCORE_START"",""k"":7,""ip"":""6.0"",""bf"":24,""pitches"":91,""competition"":""MLB_REGULAR_INFERRED""},{""gameId"":""824351"",""date"":""2026-06-06"",""pitcherId"":""694819"",""side"":""away"",""started"":true,""source"":""BOXSCORE_START"",""k"":8,""ip"":""7.0"",""bf"":29,""pitches"":98,""competition"":""MLB_REGULAR_INFERRED""}]","[{""gameId"":""823773"",""date"":""2026-06-26"",""pitcherId"":""694819"",""side"":""home"",""started"":true,""source"":""LIVE_APPEARANCE"",""k"":8,""ip"":""6.0"",""bf"":23,""pitches"":107,""competition"":""MLB_REGULAR_INFERRED""},{""gameId"":""824910"",""date"":""2026-06-19"",""pitcherId"":""694819"",""side"":""away"",""started"":true,""source"":""LIVE_APPEARANCE"",""k"":7,""ip"":""6.0"",""bf"":24,""pitches"":91,""competition"":""MLB_REGULAR_INFERRED""},{""gameId"":""824351"",""date"":""2026-06-06"",""pitcherId"":""694819"",""side"":""away"",""started"":true,""source"":""LIVE_APPEARANCE"",""k"":8,""ip"":""7.0"",""bf"":29,""pitches"":98,""competition"":""MLB_REGULAR_INFERRED""}]","{""last3Ks1"":8,""last3Ks2"":7,""last3Ks3"":8,""last3Ip1"":6,""last3Ip2"":6,""last3Ip3"":7,""last3Bf1"":23,""last3Bf2"":24,""last3Bf3"":29,""last5KsAvg"":8.6,""last5KsStd"":1.7435595774162693,""last5IpAvg"":6.6,""last5BfAvg"":25,""last5PitchCountAvg"":96,""pitchesLast3Starts"":296,""pitchesLast3Appearances"":296,""daysSinceLastStart"":6,""daysSinceLastAppearance"":6}","LINESCORE_DEFENSE_PITCHER","NOT_VERIFIABLE"
"823766","701656","2026-07-17","home","[{""gameId"":""823034"",""date"":""2026-07-09"",""pitcherId"":""701656"",""side"":""away"",""started"":true,""source"":""BOXSCORE_START"",""k"":4,""ip"":""5.1"",""bf"":21,""pitches"":76,""competition"":""MLB_REGULAR_INFERRED""},{""gameId"":""823788"",""date"":""2026-05-22"",""pitcherId"":""701656"",""side"":""home"",""started"":true,""source"":""BOXSCORE_START"",""k"":7,""ip"":""5.0"",""bf"":19,""pitches"":85,""competition"":""MLB_REGULAR_INFERRED""},{""gameId"":""823706"",""date"":""2026-05-16"",""pitcherId"":""701656"",""side"":""away"",""started"":true,""source"":""BOXSCORE_START"",""k"":7,""ip"":""5.0"",""bf"":22,""pitches"":84,""competition"":""MLB_REGULAR_INFERRED""}]","[{""gameId"":""823034"",""date"":""2026-07-09"",""pitcherId"":""701656"",""side"":""away"",""started"":true,""source"":""LIVE_APPEARANCE"",""k"":4,""ip"":""5.1"",""bf"":21,""pitches"":76,""competition"":""MLB_REGULAR_INFERRED""},{""gameId"":""823788"",""date"":""2026-05-22"",""pitcherId"":""701656"",""side"":""home"",""started"":true,""source"":""LIVE_APPEARANCE"",""k"":7,""ip"":""5.0"",""bf"":19,""pitches"":85,""competition"":""MLB_REGULAR_INFERRED""},{""gameId"":""823706"",""date"":""2026-05-16"",""pitcherId"":""701656"",""side"":""away"",""started"":true,""source"":""LIVE_APPEARANCE"",""k"":7,""ip"":""5.0"",""bf"":22,""pitches"":84,""competition"":""MLB_REGULAR_INFERRED""}]","{""last3Ks1"":4,""last3Ks2"":7,""last3Ks3"":7,""last3Ip1"":5.333333333333333,""last3Ip2"":5,""last3Ip3"":5,""last3Bf1"":21,""last3Bf2"":19,""last3Bf3"":22,""last5KsAvg"":6.2,""last5KsStd"":1.469693845669907,""last5IpAvg"":5.266666666666667,""last5BfAvg"":20.4,""last5PitchCountAvg"":79,""pitchesLast3Starts"":245,""pitchesLast3Appearances"":245,""daysSinceLastStart"":8,""daysSinceLastAppearance"":8}","LINESCORE_DEFENSE_PITCHER","NOT_VERIFIABLE"
"823769","605540","2026-06-28","home","[{""gameId"":""824502"",""date"":""2026-06-22"",""pitcherId"":""605540"",""side"":""away"",""started"":true,""source"":""BOXSCORE_START"",""k"":10,""ip"":""6.0"",""bf"":19,""pitches"":79,""competition"":""MLB_REGULAR_INFERRED""},{""gameId"":""823800"",""date"":""2026-04-24"",""pitcherId"":""605540"",""side"":""home"",""started"":true,""source"":""BOXSCORE_START"",""k"":3,""ip"":""5.0"",""bf"":21,""pitches"":71,""competition"":""MLB_REGULAR_INFERRED""},{""gameId"":""823882"",""date"":""2026-04-18"",""pitcherId"":""605540"",""side"":""away"",""started"":true,""source"":""BOXSCORE_START"",""k"":4,""ip"":""7.0"",""bf"":25,""pitches"":92,""competition"":""MLB_REGULAR_INFERRED""}]","[{""gameId"":""824502"",""date"":""2026-06-22"",""pitcherId"":""605540"",""side"":""away"",""started"":true,""source"":""LIVE_APPEARANCE"",""k"":10,""ip"":""6.0"",""bf"":19,""pitches"":79,""competition"":""MLB_REGULAR_INFERRED""},{""gameId"":""823800"",""date"":""2026-04-24"",""pitcherId"":""605540"",""side"":""home"",""started"":true,""source"":""LIVE_APPEARANCE"",""k"":3,""ip"":""5.0"",""bf"":21,""pitches"":71,""competition"":""MLB_REGULAR_INFERRED""},{""gameId"":""823882"",""date"":""2026-04-18"",""pitcherId"":""605540"",""side"":""away"",""started"":true,""source"":""LIVE_APPEARANCE"",""k"":4,""ip"":""7.0"",""bf"":25,""pitches"":92,""competition"":""MLB_REGULAR_INFERRED""}]","{""last3Ks1"":10,""last3Ks2"":3,""last3Ks3"":4,""last3Ip1"":6,""last3Ip2"":5,""last3Ip3"":7,""last3Bf1"":19,""last3Bf2"":21,""last3Bf3"":25,""last5KsAvg"":5.4,""last5KsStd"":2.4979991993593593,""last5IpAvg"":5.933333333333334,""last5BfAvg"":23,""last5PitchCountAvg"":81.2,""pitchesLast3Starts"":242,""pitchesLast3Appearances"":242,""daysSinceLastStart"":6,""daysSinceLastAppearance"":6}","LINESCORE_DEFENSE_PITCHER","NOT_VERIFIABLE"
"823770","690986","2026-06-27","home","[{""gameId"":""824909"",""date"":""2026-06-20"",""pitcherId"":""690986"",""side"":""away"",""started"":true,""source"":""BOXSCORE_START"",""k"":7,""ip"":""6.1"",""bf"":23,""pitches"":85,""competition"":""MLB_REGULAR_INFERRED""},{""gameId"":""824998"",""date"":""2026-06-08"",""pitcherId"":""690986"",""side"":""away"",""started"":true,""source"":""BOXSCORE_START"",""k"":4,""ip"":""2.1"",""bf"":17,""pitches"":71,""competition"":""MLB_REGULAR_INFERRED""},{""gameId"":""823782"",""date"":""2026-06-02"",""pitcherId"":""690986"",""side"":""home"",""started"":true,""source"":""BOXSCORE_START"",""k"":12,""ip"":""5.2"",""bf"":23,""pitches"":106,""competition"":""MLB_REGULAR_INFERRED""}]","[{""gameId"":""824909"",""date"":""2026-06-20"",""pitcherId"":""690986"",""side"":""away"",""started"":true,""source"":""LIVE_APPEARANCE"",""k"":7,""ip"":""6.1"",""bf"":23,""pitches"":85,""competition"":""MLB_REGULAR_INFERRED""},{""gameId"":""824998"",""date"":""2026-06-08"",""pitcherId"":""690986"",""side"":""away"",""started"":true,""source"":""LIVE_APPEARANCE"",""k"":4,""ip"":""2.1"",""bf"":17,""pitches"":71,""competition"":""MLB_REGULAR_INFERRED""},{""gameId"":""823782"",""date"":""2026-06-02"",""pitcherId"":""690986"",""side"":""home"",""started"":true,""source"":""LIVE_APPEARANCE"",""k"":12,""ip"":""5.2"",""bf"":23,""pitches"":106,""competition"":""MLB_REGULAR_INFERRED""}]","{""last3Ks1"":7,""last3Ks2"":4,""last3Ks3"":12,""last3Ip1"":6.333333333333333,""last3Ip2"":2.3333333333333335,""last3Ip3"":5.666666666666667,""last3Bf1"":23,""last3Bf2"":17,""last3Bf3"":23,""last5KsAvg"":7.2,""last5KsStd"":3.867815921162743,""last5IpAvg"":5.466666666666667,""last5BfAvg"":21.8,""last5PitchCountAvg"":89.6,""pitchesLast3Starts"":262,""pitchesLast3Appearances"":262,""daysSinceLastStart"":7,""daysSinceLastAppearance"":7}","LINESCORE_DEFENSE_PITCHER","NOT_VERIFIABLE"
"823771","688107","2026-06-29","home","[{""gameId"":""824908"",""date"":""2026-06-21"",""pitcherId"":""688107"",""side"":""away"",""started"":true,""source"":""BOXSCORE_START"",""k"":7,""ip"":""6.0"",""bf"":23,""pitches"":97,""competition"":""MLB_REGULAR_INFERRED""},{""gameId"":""823775"",""date"":""2026-06-16"",""pitcherId"":""688107"",""side"":""home"",""started"":true,""source"":""BOXSCORE_START"",""k"":5,""ip"":""5.2"",""bf"":20,""pitches"":92,""competition"":""MLB_REGULAR_INFERRED""},{""gameId"":""824999"",""date"":""2026-06-09"",""pitcherId"":""688107"",""side"":""away"",""started"":true,""source"":""BOXSCORE_START"",""k"":7,""ip"":""5.0"",""bf"":25,""pitches"":93,""competition"":""MLB_REGULAR_INFERRED""}]","[{""gameId"":""824908"",""date"":""2026-06-21"",""pitcherId"":""688107"",""side"":""away"",""started"":true,""source"":""LIVE_APPEARANCE"",""k"":7,""ip"":""6.0"",""bf"":23,""pitches"":97,""competition"":""MLB_REGULAR_INFERRED""},{""gameId"":""823775"",""date"":""2026-06-16"",""pitcherId"":""688107"",""side"":""home"",""started"":true,""source"":""LIVE_APPEARANCE"",""k"":5,""ip"":""5.2"",""bf"":20,""pitches"":92,""competition"":""MLB_REGULAR_INFERRED""},{""gameId"":""824999"",""date"":""2026-06-09"",""pitcherId"":""688107"",""side"":""away"",""started"":true,""source"":""LIVE_APPEARANCE"",""k"":7,""ip"":""5.0"",""bf"":25,""pitches"":93,""competition"":""MLB_REGULAR_INFERRED""}]","{""last3Ks1"":7,""last3Ks2"":5,""last3Ks3"":7,""last3Ip1"":6,""last3Ip2"":5.666666666666667,""last3Ip3"":5,""last3Bf1"":23,""last3Bf2"":20,""last3Bf3"":25,""last5KsAvg"":5.6,""last5KsStd"":1.2,""last5IpAvg"":5.2,""last5BfAvg"":22,""last5PitchCountAvg"":90.8,""pitchesLast3Starts"":282,""pitchesLast3Appearances"":282,""daysSinceLastStart"":8,""daysSinceLastAppearance"":8}","LINESCORE_DEFENSE_PITCHER","NOT_VERIFIABLE"
"823773","694819","2026-06-26","home","[{""gameId"":""824910"",""date"":""2026-06-19"",""pitcherId"":""694819"",""side"":""away"",""started"":true,""source"":""BOXSCORE_START"",""k"":7,""ip"":""6.0"",""bf"":24,""pitches"":91,""competition"":""MLB_REGULAR_INFERRED""},{""gameId"":""824351"",""date"":""2026-06-06"",""pitcherId"":""694819"",""side"":""away"",""started"":true,""source"":""BOXSCORE_START"",""k"":8,""ip"":""7.0"",""bf"":29,""pitches"":98,""competition"":""MLB_REGULAR_INFERRED""},{""gameId"":""824187"",""date"":""2026-05-31"",""pitcherId"":""694819"",""side"":""away"",""started"":true,""source"":""BOXSCORE_START"",""k"":8,""ip"":""7.0"",""bf"":25,""pitches"":88,""competition"":""MLB_REGULAR_INFERRED""}]","[{""gameId"":""824910"",""date"":""2026-06-19"",""pitcherId"":""694819"",""side"":""away"",""started"":true,""source"":""LIVE_APPEARANCE"",""k"":7,""ip"":""6.0"",""bf"":24,""pitches"":91,""competition"":""MLB_REGULAR_INFERRED""},{""gameId"":""824351"",""date"":""2026-06-06"",""pitcherId"":""694819"",""side"":""away"",""started"":true,""source"":""LIVE_APPEARANCE"",""k"":8,""ip"":""7.0"",""bf"":29,""pitches"":98,""competition"":""MLB_REGULAR_INFERRED""},{""gameId"":""824187"",""date"":""2026-05-31"",""pitcherId"":""694819"",""side"":""away"",""started"":true,""source"":""LIVE_APPEARANCE"",""k"":8,""ip"":""7.0"",""bf"":25,""pitches"":88,""competition"":""MLB_REGULAR_INFERRED""}]","{""last3Ks1"":7,""last3Ks2"":8,""last3Ks3"":8,""last3Ip1"":6,""last3Ip2"":7,""last3Ip3"":7,""last3Bf1"":24,""last3Bf2"":29,""last3Bf3"":25,""last5KsAvg"":8.6,""last5KsStd"":1.7435595774162693,""last5IpAvg"":6.6,""last5BfAvg"":24.8,""last5PitchCountAvg"":89.4,""pitchesLast3Starts"":277,""pitchesLast3Appearances"":277,""daysSinceLastStart"":7,""daysSinceLastAppearance"":7}","LINESCORE_DEFENSE_PITCHER","NOT_VERIFIABLE"
"823837","687473","2026-07-29","home","[{""gameId"":""823843"",""date"":""2026-07-24"",""pitcherId"":""687473"",""side"":""home"",""started"":true,""source"":""BOXSCORE_START"",""k"":4,""ip"":""3.1"",""bf"":13,""pitches"":57,""competition"":""MLB_REGULAR_INFERRED""},{""gameId"":""824335"",""date"":""2026-07-02"",""pitcherId"":""687473"",""side"":""away"",""started"":true,""source"":""BOXSCORE_START"",""k"":2,""ip"":""3.0"",""bf"":16,""pitches"":51,""competition"":""MLB_REGULAR_INFERRED""},{""gameId"":""823038"",""date"":""2026-06-27"",""pitcherId"":""687473"",""side"":""away"",""started"":true,""source"":""BOXSCORE_START"",""k"":4,""ip"":""3.1"",""bf"":15,""pitches"":63,""competition"":""MLB_REGULAR_INFERRED""}]","[{""gameId"":""823843"",""date"":""2026-07-24"",""pitcherId"":""687473"",""side"":""home"",""started"":true,""source"":""LIVE_APPEARANCE"",""k"":4,""ip"":""3.1"",""bf"":13,""pitches"":57,""competition"":""MLB_REGULAR_INFERRED""},{""gameId"":""824165"",""date"":""2026-07-21"",""pitcherId"":""687473"",""side"":""away"",""started"":false,""source"":""LIVE_APPEARANCE"",""k"":2,""ip"":""2.0"",""bf"":6,""pitches"":24,""competition"":""MLB_REGULAR_INFERRED""},{""gameId"":""823763"",""date"":""2026-07-18"",""pitcherId"":""687473"",""side"":""away"",""started"":false,""source"":""LIVE_APPEARANCE"",""k"":2,""ip"":""2.1"",""bf"":11,""pitches"":38,""competition"":""MLB_REGULAR_INFERRED""}]","{""last3Ks1"":4,""last3Ks2"":2,""last3Ks3"":4,""last3Ip1"":3.3333333333333335,""last3Ip2"":3,""last3Ip3"":3.3333333333333335,""last3Bf1"":13,""last3Bf2"":16,""last3Bf3"":15,""last5KsAvg"":3.4,""last5KsStd"":1.7435595774162693,""last5IpAvg"":3.7333333333333334,""last5BfAvg"":17.6,""last5PitchCountAvg"":66,""pitchesLast3Starts"":171,""pitchesLast3Appearances"":119,""daysSinceLastStart"":5,""daysSinceLastAppearance"":5}","LINESCORE_DEFENSE_PITCHER","NOT_VERIFIABLE"
"823842","663969","2026-07-12","home","[{""gameId"":""823848"",""date"":""2026-07-08"",""pitcherId"":""663969"",""side"":""home"",""started"":true,""source"":""BOXSCORE_START"",""k"":3,""ip"":""5.0"",""bf"":21,""pitches"":71,""competition"":""MLB_REGULAR_INFERRED""},{""gameId"":""824982"",""date"":""2026-07-03"",""pitcherId"":""663969"",""side"":""away"",""started"":true,""source"":""BOXSCORE_START"",""k"":2,""ip"":""3.1"",""bf"":18,""pitches"":71,""competition"":""MLB_REGULAR_INFERRED""},{""gameId"":""823037"",""date"":""2026-06-28"",""pitcherId"":""663969"",""side"":""away"",""started"":true,""source"":""BOXSCORE_START"",""k"":1,""ip"":""7.1"",""bf"":27,""pitches"":97,""competition"":""MLB_REGULAR_INFERRED""}]","[{""gameId"":""823848"",""date"":""2026-07-08"",""pitcherId"":""663969"",""side"":""home"",""started"":true,""source"":""LIVE_APPEARANCE"",""k"":3,""ip"":""5.0"",""bf"":21,""pitches"":71,""competition"":""MLB_REGULAR_INFERRED""},{""gameId"":""824982"",""date"":""2026-07-03"",""pitcherId"":""663969"",""side"":""away"",""started"":true,""source"":""LIVE_APPEARANCE"",""k"":2,""ip"":""3.1"",""bf"":18,""pitches"":71,""competition"":""MLB_REGULAR_INFERRED""},{""gameId"":""823037"",""date"":""2026-06-28"",""pitcherId"":""663969"",""side"":""away"",""started"":true,""source"":""LIVE_APPEARANCE"",""k"":1,""ip"":""7.1"",""bf"":27,""pitches"":97,""competition"":""MLB_REGULAR_INFERRED""}]","{""last3Ks1"":3,""last3Ks2"":2,""last3Ks3"":1,""last3Ip1"":5,""last3Ip2"":3.3333333333333335,""last3Ip3"":7.333333333333333,""last3Bf1"":21,""last3Bf2"":18,""last3Bf3"":27,""last5KsAvg"":2.8,""last5KsStd"":1.16619037896906,""last5IpAvg"":5.133333333333334,""last5BfAvg"":22.2,""last5PitchCountAvg"":81.4,""pitchesLast3Starts"":239,""pitchesLast3Appearances"":239,""daysSinceLastStart"":4,""daysSinceLastAppearance"":4}","LINESCORE_DEFENSE_PITCHER","NOT_VERIFIABLE"
"823843","687473","2026-07-24","home","[{""gameId"":""824335"",""date"":""2026-07-02"",""pitcherId"":""687473"",""side"":""away"",""started"":true,""source"":""BOXSCORE_START"",""k"":2,""ip"":""3.0"",""bf"":16,""pitches"":51,""competition"":""MLB_REGULAR_INFERRED""},{""gameId"":""823038"",""date"":""2026-06-27"",""pitcherId"":""687473"",""side"":""away"",""started"":true,""source"":""BOXSCORE_START"",""k"":4,""ip"":""3.1"",""bf"":15,""pitches"":63,""competition"":""MLB_REGULAR_INFERRED""},{""gameId"":""823852"",""date"":""2026-06-21"",""pitcherId"":""687473"",""side"":""home"",""started"":true,""source"":""BOXSCORE_START"",""k"":6,""ip"":""4.1"",""bf"":18,""pitches"":68,""competition"":""MLB_REGULAR_INFERRED""}]","[{""gameId"":""824165"",""date"":""2026-07-21"",""pitcherId"":""687473"",""side"":""away"",""started"":false,""source"":""LIVE_APPEARANCE"",""k"":2,""ip"":""2.0"",""bf"":6,""pitches"":24,""competition"":""MLB_REGULAR_INFERRED""},{""gameId"":""823763"",""date"":""2026-07-18"",""pitcherId"":""687473"",""side"":""away"",""started"":false,""source"":""LIVE_APPEARANCE"",""k"":2,""ip"":""2.1"",""bf"":11,""pitches"":38,""competition"":""MLB_REGULAR_INFERRED""},{""gameId"":""823845"",""date"":""2026-07-10"",""pitcherId"":""687473"",""side"":""home"",""started"":false,""source"":""LIVE_APPEARANCE"",""k"":1,""ip"":""2.0"",""bf"":6,""pitches"":23,""competition"":""MLB_REGULAR_INFERRED""}]","{""last3Ks1"":2,""last3Ks2"":4,""last3Ks3"":6,""last3Ip1"":3,""last3Ip2"":3.3333333333333335,""last3Ip3"":4.333333333333333,""last3Bf1"":16,""last3Bf2"":15,""last3Bf3"":18,""last5KsAvg"":3.4,""last5KsStd"":1.7435595774162693,""last5IpAvg"":3.866666666666667,""last5BfAvg"":18.2,""last5PitchCountAvg"":67.8,""pitchesLast3Starts"":182,""pitchesLast3Appearances"":85,""daysSinceLastStart"":22,""daysSinceLastAppearance"":3}","LINESCORE_DEFENSE_PITCHER","NOT_VERIFIABLE"
"823846","676083","2026-07-09","home","[{""gameId"":""823866"",""date"":""2026-05-20"",""pitcherId"":""676083"",""side"":""home"",""started"":true,""source"":""BOXSCORE_START"",""k"":3,""ip"":""5.0"",""bf"":23,""pitches"":86,""competition"":""MLB_REGULAR_INFERRED""},{""gameId"":""822983"",""date"":""2026-05-15"",""pitcherId"":""676083"",""side"":""away"",""started"":true,""source"":""BOXSCORE_START"",""k"":4,""ip"":""5.2"",""bf"":28,""pitches"":100,""competition"":""MLB_REGULAR_INFERRED""},{""gameId"":""823869"",""date"":""2026-05-09"",""pitcherId"":""676083"",""side"":""home"",""started"":true,""source"":""BOXSCORE_START"",""k"":6,""ip"":""6.0"",""bf"":26,""pitches"":94,""competition"":""MLB_REGULAR_INFERRED""}]","[{""gameId"":""822812"",""date"":""2026-05-25"",""pitcherId"":""676083"",""side"":""away"",""started"":false,""source"":""LIVE_APPEARANCE"",""k"":3,""ip"":""5.0"",""bf"":23,""pitches"":93,""competition"":""MLB_REGULAR_INFERRED""},{""gameId"":""823866"",""date"":""2026-05-20"",""pitcherId"":""676083"",""side"":""home"",""started"":true,""source"":""LIVE_APPEARANCE"",""k"":3,""ip"":""5.0"",""bf"":23,""pitches"":86,""competition"":""MLB_REGULAR_INFERRED""},{""gameId"":""822983"",""date"":""2026-05-15"",""pitcherId"":""676083"",""side"":""away"",""started"":true,""source"":""LIVE_APPEARANCE"",""k"":4,""ip"":""5.2"",""bf"":28,""pitches"":100,""competition"":""MLB_REGULAR_INFERRED""}]","{""last3Ks1"":3,""last3Ks2"":4,""last3Ks3"":6,""last3Ip1"":5,""last3Ip2"":5.666666666666667,""last3Ip3"":6,""last3Bf1"":23,""last3Bf2"":28,""last3Bf3"":26,""last5KsAvg"":4.2,""last5KsStd"":1.6,""last5IpAvg"":5.4,""last5BfAvg"":23.2,""last5PitchCountAvg"":85.6,""pitchesLast3Starts"":280,""pitchesLast3Appearances"":279,""daysSinceLastStart"":50,""daysSinceLastAppearance"":45}","LINESCORE_DEFENSE_PITCHER","NOT_VERIFIABLE"
"823847","676974","2026-07-07","home","[{""gameId"":""823039"",""date"":""2026-06-26"",""pitcherId"":""676974"",""side"":""away"",""started"":true,""source"":""BOXSCORE_START"",""k"":5,""ip"":""7.0"",""bf"":25,""pitches"":89,""competition"":""MLB_REGULAR_INFERRED""},{""gameId"":""823854"",""date"":""2026-06-20"",""pitcherId"":""676974"",""side"":""home"",""started"":true,""source"":""BOXSCORE_START"",""k"":7,""ip"":""5.0"",""bf"":23,""pitches"":98,""competition"":""MLB_REGULAR_INFERRED""},{""gameId"":""823858"",""date"":""2026-06-09"",""pitcherId"":""676974"",""side"":""home"",""started"":true,""source"":""BOXSCORE_START"",""k"":5,""ip"":""5.1"",""bf"":24,""pitches"":95,""competition"":""MLB_REGULAR_INFERRED""}]","[{""gameId"":""823039"",""date"":""2026-06-26"",""pitcherId"":""676974"",""side"":""away"",""started"":true,""source"":""LIVE_APPEARANCE"",""k"":5,""ip"":""7.0"",""bf"":25,""pitches"":89,""competition"":""MLB_REGULAR_INFERRED""},{""gameId"":""823854"",""date"":""2026-06-20"",""pitcherId"":""676974"",""side"":""home"",""started"":true,""source"":""LIVE_APPEARANCE"",""k"":7,""ip"":""5.0"",""bf"":23,""pitches"":98,""competition"":""MLB_REGULAR_INFERRED""},{""gameId"":""823858"",""date"":""2026-06-09"",""pitcherId"":""676974"",""side"":""home"",""started"":true,""source"":""LIVE_APPEARANCE"",""k"":5,""ip"":""5.1"",""bf"":24,""pitches"":95,""competition"":""MLB_REGULAR_INFERRED""}]","{""last3Ks1"":5,""last3Ks2"":7,""last3Ks3"":5,""last3Ip1"":7,""last3Ip2"":5,""last3Ip3"":5.333333333333333,""last3Bf1"":25,""last3Bf2"":23,""last3Bf3"":24,""last5KsAvg"":6,""last5KsStd"":0.8944271909999159,""last5IpAvg"":6.066666666666666,""last5BfAvg"":24.6,""last5PitchCountAvg"":96,""pitchesLast3Starts"":282,""pitchesLast3Appearances"":282,""daysSinceLastStart"":11,""daysSinceLastAppearance"":11}","LINESCORE_DEFENSE_PITCHER","NOT_VERIFIABLE"
"823848","663969","2026-07-08","home","[{""gameId"":""824982"",""date"":""2026-07-03"",""pitcherId"":""663969"",""side"":""away"",""started"":true,""source"":""BOXSCORE_START"",""k"":2,""ip"":""3.1"",""bf"":18,""pitches"":71,""competition"":""MLB_REGULAR_INFERRED""},{""gameId"":""823037"",""date"":""2026-06-28"",""pitcherId"":""663969"",""side"":""away"",""started"":true,""source"":""BOXSCORE_START"",""k"":1,""ip"":""7.1"",""bf"":27,""pitches"":97,""competition"":""MLB_REGULAR_INFERRED""},{""gameId"":""823851"",""date"":""2026-06-22"",""pitcherId"":""663969"",""side"":""home"",""started"":true,""source"":""BOXSCORE_START"",""k"":4,""ip"":""6.0"",""bf"":24,""pitches"":89,""competition"":""MLB_REGULAR_INFERRED""}]","[{""gameId"":""824982"",""date"":""2026-07-03"",""pitcherId"":""663969"",""side"":""away"",""started"":true,""source"":""LIVE_APPEARANCE"",""k"":2,""ip"":""3.1"",""bf"":18,""pitches"":71,""competition"":""MLB_REGULAR_INFERRED""},{""gameId"":""823037"",""date"":""2026-06-28"",""pitcherId"":""663969"",""side"":""away"",""started"":true,""source"":""LIVE_APPEARANCE"",""k"":1,""ip"":""7.1"",""bf"":27,""pitches"":97,""competition"":""MLB_REGULAR_INFERRED""},{""gameId"":""823851"",""date"":""2026-06-22"",""pitcherId"":""663969"",""side"":""home"",""started"":true,""source"":""LIVE_APPEARANCE"",""k"":4,""ip"":""6.0"",""bf"":24,""pitches"":89,""competition"":""MLB_REGULAR_INFERRED""}]","{""last3Ks1"":2,""last3Ks2"":1,""last3Ks3"":4,""last3Ip1"":3.3333333333333335,""last3Ip2"":7.333333333333333,""last3Ip3"":6,""last3Bf1"":18,""last3Bf2"":27,""last3Bf3"":24,""last5KsAvg"":2.6,""last5KsStd"":1.2000000000000002,""last5IpAvg"":5.133333333333333,""last5BfAvg"":22.2,""last5PitchCountAvg"":81.6,""pitchesLast3Starts"":257,""pitchesLast3Appearances"":257,""daysSinceLastStart"":5,""daysSinceLastAppearance"":5}","LINESCORE_DEFENSE_PITCHER","NOT_VERIFIABLE"
"823849","645261","2026-06-23","home","[{""gameId"":""823450"",""date"":""2026-06-17"",""pitcherId"":""645261"",""side"":""away"",""started"":true,""source"":""BOXSCORE_START"",""k"":6,""ip"":""6.0"",""bf"":28,""pitches"":102,""competition"":""MLB_REGULAR_INFERRED""},{""gameId"":""823857"",""date"":""2026-06-07"",""pitcherId"":""645261"",""side"":""home"",""started"":true,""source"":""BOXSCORE_START"",""k"":7,""ip"":""7.0"",""bf"":25,""pitches"":90,""competition"":""MLB_REGULAR_INFERRED""},{""gameId"":""822730"",""date"":""2026-06-01"",""pitcherId"":""645261"",""side"":""away"",""started"":true,""source"":""BOXSCORE_START"",""k"":5,""ip"":""7.0"",""bf"":26,""pitches"":95,""competition"":""MLB_REGULAR_INFERRED""}]","[{""gameId"":""823450"",""date"":""2026-06-17"",""pitcherId"":""645261"",""side"":""away"",""started"":true,""source"":""LIVE_APPEARANCE"",""k"":6,""ip"":""6.0"",""bf"":28,""pitches"":102,""competition"":""MLB_REGULAR_INFERRED""},{""gameId"":""823857"",""date"":""2026-06-07"",""pitcherId"":""645261"",""side"":""home"",""started"":true,""source"":""LIVE_APPEARANCE"",""k"":7,""ip"":""7.0"",""bf"":25,""pitches"":90,""competition"":""MLB_REGULAR_INFERRED""},{""gameId"":""822730"",""date"":""2026-06-01"",""pitcherId"":""645261"",""side"":""away"",""started"":true,""source"":""LIVE_APPEARANCE"",""k"":5,""ip"":""7.0"",""bf"":26,""pitches"":95,""competition"":""MLB_REGULAR_INFERRED""}]","{""last3Ks1"":6,""last3Ks2"":7,""last3Ks3"":5,""last3Ip1"":6,""last3Ip2"":7,""last3Ip3"":7,""last3Bf1"":28,""last3Bf2"":25,""last3Bf3"":26,""last5KsAvg"":5,""last5KsStd"":1.4142135623730951,""last5IpAvg"":6.333333333333334,""last5BfAvg"":27,""last5PitchCountAvg"":95.2,""pitchesLast3Starts"":287,""pitchesLast3Appearances"":287,""daysSinceLastStart"":6,""daysSinceLastAppearance"":6}","LINESCORE_DEFENSE_PITCHER","NOT_VERIFIABLE"
"823850","691587","2026-06-24","home","[{""gameId"":""822809"",""date"":""2026-05-27"",""pitcherId"":""691587"",""side"":""away"",""started"":true,""source"":""BOXSCORE_START"",""k"":9,""ip"":""4.0"",""bf"":15,""pitches"":73,""competition"":""MLB_REGULAR_INFERRED""},{""gameId"":""823863"",""date"":""2026-05-22"",""pitcherId"":""691587"",""side"":""home"",""started"":true,""source"":""BOXSCORE_START"",""k"":5,""ip"":""6.1"",""bf"":20,""pitches"":86,""competition"":""MLB_REGULAR_INFERRED""},{""gameId"":""822982"",""date"":""2026-05-17"",""pitcherId"":""691587"",""side"":""away"",""started"":true,""source"":""BOXSCORE_START"",""k"":5,""ip"":""5.0"",""bf"":23,""pitches"":102,""competition"":""MLB_REGULAR_INFERRED""}]","[{""gameId"":""822809"",""date"":""2026-05-27"",""pitcherId"":""691587"",""side"":""away"",""started"":true,""source"":""LIVE_APPEARANCE"",""k"":9,""ip"":""4.0"",""bf"":15,""pitches"":73,""competition"":""MLB_REGULAR_INFERRED""},{""gameId"":""823863"",""date"":""2026-05-22"",""pitcherId"":""691587"",""side"":""home"",""started"":true,""source"":""LIVE_APPEARANCE"",""k"":5,""ip"":""6.1"",""bf"":20,""pitches"":86,""competition"":""MLB_REGULAR_INFERRED""},{""gameId"":""822982"",""date"":""2026-05-17"",""pitcherId"":""691587"",""side"":""away"",""started"":true,""source"":""LIVE_APPEARANCE"",""k"":5,""ip"":""5.0"",""bf"":23,""pitches"":102,""competition"":""MLB_REGULAR_INFERRED""}]","{""last3Ks1"":9,""last3Ks2"":5,""last3Ks3"":5,""last3Ip1"":4,""last3Ip2"":6.333333333333333,""last3Ip3"":5,""last3Bf1"":15,""last3Bf2"":20,""last3Bf3"":23,""last5KsAvg"":6.2,""last5KsStd"":1.469693845669907,""last5IpAvg"":5.133333333333333,""last5BfAvg"":21.2,""last5PitchCountAvg"":89.6,""pitchesLast3Starts"":261,""pitchesLast3Appearances"":261,""daysSinceLastStart"":28,""daysSinceLastAppearance"":28}","LINESCORE_DEFENSE_PITCHER","NOT_VERIFIABLE"
"823925","686218","2026-07-12","home","[{""gameId"":""823931"",""date"":""2026-07-05"",""pitcherId"":""686218"",""side"":""home"",""started"":true,""source"":""BOXSCORE_START"",""k"":5,""ip"":""4.1"",""bf"":19,""pitches"":96,""competition"":""MLB_REGULAR_INFERRED""},{""gameId"":""823281"",""date"":""2026-06-28"",""pitcherId"":""686218"",""side"":""away"",""started"":true,""source"":""BOXSCORE_START"",""k"":5,""ip"":""5.0"",""bf"":20,""pitches"":84,""competition"":""MLB_REGULAR_INFERRED""},{""gameId"":""823941"",""date"":""2026-06-07"",""pitcherId"":""686218"",""side"":""home"",""started"":true,""source"":""BOXSCORE_START"",""k"":2,""ip"":""1.1"",""bf"":9,""pitches"":49,""competition"":""MLB_REGULAR_INFERRED""}]","[{""gameId"":""823931"",""date"":""2026-07-05"",""pitcherId"":""686218"",""side"":""home"",""started"":true,""source"":""LIVE_APPEARANCE"",""k"":5,""ip"":""4.1"",""bf"":19,""pitches"":96,""competition"":""MLB_REGULAR_INFERRED""},{""gameId"":""823281"",""date"":""2026-06-28"",""pitcherId"":""686218"",""side"":""away"",""started"":true,""source"":""LIVE_APPEARANCE"",""k"":5,""ip"":""5.0"",""bf"":20,""pitches"":84,""competition"":""MLB_REGULAR_INFERRED""},{""gameId"":""823934"",""date"":""2026-06-21"",""pitcherId"":""686218"",""side"":""home"",""started"":false,""source"":""LIVE_APPEARANCE"",""k"":4,""ip"":""3.1"",""bf"":21,""pitches"":82,""competition"":""MLB_REGULAR_INFERRED""}]","{""last3Ks1"":5,""last3Ks2"":5,""last3Ks3"":2,""last3Ip1"":4.333333333333333,""last3Ip2"":5,""last3Ip3"":1.3333333333333333,""last3Bf1"":19,""last3Bf2"":20,""last3Bf3"":9,""last5KsAvg"":3.4,""last5KsStd"":1.3564659966250538,""last5IpAvg"":4.2,""last5BfAvg"":17.6,""last5PitchCountAvg"":77.6,""pitchesLast3Starts"":229,""pitchesLast3Appearances"":262,""daysSinceLastStart"":7,""daysSinceLastAppearance"":7}","LINESCORE_DEFENSE_PITCHER","NOT_VERIFIABLE"
"823926","808967","2026-07-11","home","[{""gameId"":""823932"",""date"":""2026-07-04"",""pitcherId"":""808967"",""side"":""home"",""started"":true,""source"":""BOXSCORE_START"",""k"":10,""ip"":""7.0"",""bf"":25,""pitches"":100,""competition"":""MLB_REGULAR_INFERRED""},{""gameId"":""823283"",""date"":""2026-06-27"",""pitcherId"":""808967"",""side"":""away"",""started"":true,""source"":""BOXSCORE_START"",""k"":4,""ip"":""6.0"",""bf"":24,""pitches"":89,""competition"":""MLB_REGULAR_INFERRED""},{""gameId"":""823937"",""date"":""2026-06-20"",""pitcherId"":""808967"",""side"":""home"",""started"":true,""source"":""BOXSCORE_START"",""k"":6,""ip"":""6.0"",""bf"":26,""pitches"":102,""competition"":""MLB_REGULAR_INFERRED""}]","[{""gameId"":""823932"",""date"":""2026-07-04"",""pitcherId"":""808967"",""side"":""home"",""started"":true,""source"":""LIVE_APPEARANCE"",""k"":10,""ip"":""7.0"",""bf"":25,""pitches"":100,""competition"":""MLB_REGULAR_INFERRED""},{""gameId"":""823283"",""date"":""2026-06-27"",""pitcherId"":""808967"",""side"":""away"",""started"":true,""source"":""LIVE_APPEARANCE"",""k"":4,""ip"":""6.0"",""bf"":24,""pitches"":89,""competition"":""MLB_REGULAR_INFERRED""},{""gameId"":""823937"",""date"":""2026-06-20"",""pitcherId"":""808967"",""side"":""home"",""started"":true,""source"":""LIVE_APPEARANCE"",""k"":6,""ip"":""6.0"",""bf"":26,""pitches"":102,""competition"":""MLB_REGULAR_INFERRED""}]","{""last3Ks1"":10,""last3Ks2"":4,""last3Ks3"":6,""last3Ip1"":7,""last3Ip2"":6,""last3Ip3"":6,""last3Bf1"":25,""last3Bf2"":24,""last3Bf3"":26,""last5KsAvg"":6.8,""last5KsStd"":2.7129319932501077,""last5IpAvg"":6.466666666666667,""last5BfAvg"":24.6,""last5PitchCountAvg"":97.6,""pitchesLast3Starts"":291,""pitchesLast3Appearances"":291,""daysSinceLastStart"":7,""daysSinceLastAppearance"":7}","LINESCORE_DEFENSE_PITCHER","NOT_VERIFIABLE"
"823928","808963","2026-07-08","home","[{""gameId"":""823935"",""date"":""2026-07-02"",""pitcherId"":""808963"",""side"":""home"",""started"":true,""source"":""BOXSCORE_START"",""k"":3,""ip"":""3.0"",""bf"":18,""pitches"":88,""competition"":""MLB_REGULAR_INFERRED""},{""gameId"":""823285"",""date"":""2026-06-26"",""pitcherId"":""808963"",""side"":""away"",""started"":true,""source"":""BOXSCORE_START"",""k"":2,""ip"":""4.0"",""bf"":20,""pitches"":81,""competition"":""MLB_REGULAR_INFERRED""},{""gameId"":""823936"",""date"":""2026-06-19"",""pitcherId"":""808963"",""side"":""home"",""started"":true,""source"":""BOXSCORE_START"",""k"":6,""ip"":""5.2"",""bf"":21,""pitches"":90,""competition"":""MLB_REGULAR_INFERRED""}]","[{""gameId"":""823935"",""date"":""2026-07-02"",""pitcherId"":""808963"",""side"":""home"",""started"":true,""source"":""LIVE_APPEARANCE"",""k"":3,""ip"":""3.0"",""bf"":18,""pitches"":88,""competition"":""MLB_REGULAR_INFERRED""},{""gameId"":""823285"",""date"":""2026-06-26"",""pitcherId"":""808963"",""side"":""away"",""started"":true,""source"":""LIVE_APPEARANCE"",""k"":2,""ip"":""4.0"",""bf"":20,""pitches"":81,""competition"":""MLB_REGULAR_INFERRED""},{""gameId"":""823936"",""date"":""2026-06-19"",""pitcherId"":""808963"",""side"":""home"",""started"":true,""source"":""LIVE_APPEARANCE"",""k"":6,""ip"":""5.2"",""bf"":21,""pitches"":90,""competition"":""MLB_REGULAR_INFERRED""}]","{""last3Ks1"":3,""last3Ks2"":2,""last3Ks3"":6,""last3Ip1"":3,""last3Ip2"":4,""last3Ip3"":5.666666666666667,""last3Bf1"":18,""last3Bf2"":20,""last3Bf3"":21,""last5KsAvg"":5.6,""last5KsStd"":2.8705400188814645,""last5IpAvg"":5,""last5BfAvg"":20.8,""last5PitchCountAvg"":88.2,""pitchesLast3Starts"":259,""pitchesLast3Appearances"":259,""daysSinceLastStart"":6,""daysSinceLastAppearance"":6}","LINESCORE_DEFENSE_PITCHER","NOT_VERIFIABLE"
"823929","680736","2026-07-07","home","[{""gameId"":""823690"",""date"":""2026-06-23"",""pitcherId"":""680736"",""side"":""away"",""started"":true,""source"":""BOXSCORE_START"",""k"":3,""ip"":""7.0"",""bf"":28,""pitches"":92,""competition"":""MLB_REGULAR_INFERRED""},{""gameId"":""823939"",""date"":""2026-06-16"",""pitcherId"":""680736"",""side"":""home"",""started"":true,""source"":""BOXSCORE_START"",""k"":5,""ip"":""6.0"",""bf"":21,""pitches"":67,""competition"":""MLB_REGULAR_INFERRED""},{""gameId"":""825076"",""date"":""2026-06-04"",""pitcherId"":""680736"",""side"":""away"",""started"":true,""source"":""BOXSCORE_START"",""k"":4,""ip"":""6.0"",""bf"":24,""pitches"":84,""competition"":""MLB_REGULAR_INFERRED""}]","[{""gameId"":""824984"",""date"":""2026-06-30"",""pitcherId"":""680736"",""side"":""away"",""started"":false,""source"":""LIVE_APPEARANCE"",""k"":11,""ip"":""7.0"",""bf"":27,""pitches"":110,""competition"":""MLB_REGULAR_INFERRED""},{""gameId"":""823690"",""date"":""2026-06-23"",""pitcherId"":""680736"",""side"":""away"",""started"":true,""source"":""LIVE_APPEARANCE"",""k"":3,""ip"":""7.0"",""bf"":28,""pitches"":92,""competition"":""MLB_REGULAR_INFERRED""},{""gameId"":""823939"",""date"":""2026-06-16"",""pitcherId"":""680736"",""side"":""home"",""started"":true,""source"":""LIVE_APPEARANCE"",""k"":5,""ip"":""6.0"",""bf"":21,""pitches"":67,""competition"":""MLB_REGULAR_INFERRED""}]","{""last3Ks1"":3,""last3Ks2"":5,""last3Ks3"":4,""last3Ip1"":7,""last3Ip2"":6,""last3Ip3"":6,""last3Bf1"":28,""last3Bf2"":21,""last3Bf3"":24,""last5KsAvg"":5,""last5KsStd"":2.0976176963403033,""last5IpAvg"":6.2,""last5BfAvg"":24,""last5PitchCountAvg"":86.2,""pitchesLast3Starts"":243,""pitchesLast3Appearances"":269,""daysSinceLastStart"":14,""daysSinceLastAppearance"":7}","LINESCORE_DEFENSE_PITCHER","NOT_VERIFIABLE"
"823930","641778","2026-07-06","home","[{""gameId"":""824986"",""date"":""2026-06-29"",""pitcherId"":""641778"",""side"":""away"",""started"":true,""source"":""BOXSCORE_START"",""k"":2,""ip"":""6.0"",""bf"":28,""pitches"":95,""competition"":""MLB_REGULAR_INFERRED""},{""gameId"":""823938"",""date"":""2026-06-15"",""pitcherId"":""641778"",""side"":""home"",""started"":true,""source"":""BOXSCORE_START"",""k"":4,""ip"":""6.0"",""bf"":26,""pitches"":93,""competition"":""MLB_REGULAR_INFERRED""},{""gameId"":""823374"",""date"":""2026-06-09"",""pitcherId"":""641778"",""side"":""away"",""started"":true,""source"":""BOXSCORE_START"",""k"":5,""ip"":""5.2"",""bf"":20,""pitches"":89,""competition"":""MLB_REGULAR_INFERRED""}]","[{""gameId"":""824986"",""date"":""2026-06-29"",""pitcherId"":""641778"",""side"":""away"",""started"":true,""source"":""LIVE_APPEARANCE"",""k"":2,""ip"":""6.0"",""bf"":28,""pitches"":95,""competition"":""MLB_REGULAR_INFERRED""},{""gameId"":""823692"",""date"":""2026-06-22"",""pitcherId"":""641778"",""side"":""away"",""started"":false,""source"":""LIVE_APPEARANCE"",""k"":2,""ip"":""6.0"",""bf"":21,""pitches"":84,""competition"":""MLB_REGULAR_INFERRED""},{""gameId"":""823938"",""date"":""2026-06-15"",""pitcherId"":""641778"",""side"":""home"",""started"":true,""source"":""LIVE_APPEARANCE"",""k"":4,""ip"":""6.0"",""bf"":26,""pitches"":93,""competition"":""MLB_REGULAR_INFERRED""}]","{""last3Ks1"":2,""last3Ks2"":4,""last3Ks3"":5,""last3Ip1"":6,""last3Ip2"":6,""last3Ip3"":5.666666666666667,""last3Bf1"":28,""last3Bf2"":26,""last3Bf3"":20,""last5KsAvg"":3.2,""last5KsStd"":1.469693845669907,""last5IpAvg"":5.666666666666667,""last5BfAvg"":23.2,""last5PitchCountAvg"":88.6,""pitchesLast3Starts"":277,""pitchesLast3Appearances"":272,""daysSinceLastStart"":7,""daysSinceLastAppearance"":7}","LINESCORE_DEFENSE_PITCHER","NOT_VERIFIABLE"
"823931","686218","2026-07-05","home","[{""gameId"":""823281"",""date"":""2026-06-28"",""pitcherId"":""686218"",""side"":""away"",""started"":true,""source"":""BOXSCORE_START"",""k"":5,""ip"":""5.0"",""bf"":20,""pitches"":84,""competition"":""MLB_REGULAR_INFERRED""},{""gameId"":""823941"",""date"":""2026-06-07"",""pitcherId"":""686218"",""side"":""home"",""started"":true,""source"":""BOXSCORE_START"",""k"":2,""ip"":""1.1"",""bf"":9,""pitches"":49,""competition"":""MLB_REGULAR_INFERRED""},{""gameId"":""825078"",""date"":""2026-06-01"",""pitcherId"":""686218"",""side"":""away"",""started"":true,""source"":""BOXSCORE_START"",""k"":3,""ip"":""6.1"",""bf"":22,""pitches"":92,""competition"":""MLB_REGULAR_INFERRED""}]","[{""gameId"":""823281"",""date"":""2026-06-28"",""pitcherId"":""686218"",""side"":""away"",""started"":true,""source"":""LIVE_APPEARANCE"",""k"":5,""ip"":""5.0"",""bf"":20,""pitches"":84,""competition"":""MLB_REGULAR_INFERRED""},{""gameId"":""823934"",""date"":""2026-06-21"",""pitcherId"":""686218"",""side"":""home"",""started"":false,""source"":""LIVE_APPEARANCE"",""k"":4,""ip"":""3.1"",""bf"":21,""pitches"":82,""competition"":""MLB_REGULAR_INFERRED""},{""gameId"":""823941"",""date"":""2026-06-07"",""pitcherId"":""686218"",""side"":""home"",""started"":true,""source"":""LIVE_APPEARANCE"",""k"":2,""ip"":""1.1"",""bf"":9,""pitches"":49,""competition"":""MLB_REGULAR_INFERRED""}]","{""last3Ks1"":5,""last3Ks2"":2,""last3Ks3"":3,""last3Ip1"":5,""last3Ip2"":1.3333333333333333,""last3Ip3"":6.333333333333333,""last3Bf1"":20,""last3Bf2"":9,""last3Bf3"":22,""last5KsAvg"":3.8,""last5KsStd"":1.9390719429665317,""last5IpAvg"":4.266666666666667,""last5BfAvg"":17.8,""last5PitchCountAvg"":76,""pitchesLast3Starts"":225,""pitchesLast3Appearances"":215,""daysSinceLastStart"":7,""daysSinceLastAppearance"":7}","LINESCORE_DEFENSE_PITCHER","NOT_VERIFIABLE"
"823932","808967","2026-07-04","home","[{""gameId"":""823283"",""date"":""2026-06-27"",""pitcherId"":""808967"",""side"":""away"",""started"":true,""source"":""BOXSCORE_START"",""k"":4,""ip"":""6.0"",""bf"":24,""pitches"":89,""competition"":""MLB_REGULAR_INFERRED""},{""gameId"":""823937"",""date"":""2026-06-20"",""pitcherId"":""808967"",""side"":""home"",""started"":true,""source"":""BOXSCORE_START"",""k"":6,""ip"":""6.0"",""bf"":26,""pitches"":102,""competition"":""MLB_REGULAR_INFERRED""},{""gameId"":""823942"",""date"":""2026-06-06"",""pitcherId"":""808967"",""side"":""home"",""started"":true,""source"":""BOXSCORE_START"",""k"":4,""ip"":""8.0"",""bf"":26,""pitches"":93,""competition"":""MLB_REGULAR_INFERRED""}]","[{""gameId"":""823283"",""date"":""2026-06-27"",""pitcherId"":""808967"",""side"":""away"",""started"":true,""source"":""LIVE_APPEARANCE"",""k"":4,""ip"":""6.0"",""bf"":24,""pitches"":89,""competition"":""MLB_REGULAR_INFERRED""},{""gameId"":""823937"",""date"":""2026-06-20"",""pitcherId"":""808967"",""side"":""home"",""started"":true,""source"":""LIVE_APPEARANCE"",""k"":6,""ip"":""6.0"",""bf"":26,""pitches"":102,""competition"":""MLB_REGULAR_INFERRED""},{""gameId"":""823942"",""date"":""2026-06-06"",""pitcherId"":""808967"",""side"":""home"",""started"":true,""source"":""LIVE_APPEARANCE"",""k"":4,""ip"":""8.0"",""bf"":26,""pitches"":93,""competition"":""MLB_REGULAR_INFERRED""}]","{""last3Ks1"":4,""last3Ks2"":6,""last3Ks3"":4,""last3Ip1"":6,""last3Ip2"":6,""last3Ip3"":8,""last3Bf1"":24,""last3Bf2"":26,""last3Bf3"":26,""last5KsAvg"":5.4,""last5KsStd"":2.4979991993593593,""last5IpAvg"":6.466666666666666,""last5BfAvg"":25,""last5PitchCountAvg"":96,""pitchesLast3Starts"":284,""pitchesLast3Appearances"":284,""daysSinceLastStart"":7,""daysSinceLastAppearance"":7}","LINESCORE_DEFENSE_PITCHER","NOT_VERIFIABLE"
"823933","660271","2026-07-03","home","[{""gameId"":""823691"",""date"":""2026-06-24"",""pitcherId"":""660271"",""side"":""away"",""started"":true,""source"":""BOXSCORE_START"",""k"":8,""ip"":""6.0"",""bf"":24,""pitches"":89,""competition"":""MLB_REGULAR_INFERRED""},{""gameId"":""823940"",""date"":""2026-06-17"",""pitcherId"":""660271"",""side"":""home"",""started"":true,""source"":""BOXSCORE_START"",""k"":5,""ip"":""6.0"",""bf"":27,""pitches"":91,""competition"":""MLB_REGULAR_INFERRED""},{""gameId"":""823372"",""date"":""2026-06-10"",""pitcherId"":""660271"",""side"":""away"",""started"":true,""source"":""BOXSCORE_START"",""k"":6,""ip"":""6.2"",""bf"":29,""pitches"":102,""competition"":""MLB_REGULAR_INFERRED""}]","[{""gameId"":""823691"",""date"":""2026-06-24"",""pitcherId"":""660271"",""side"":""away"",""started"":true,""source"":""LIVE_APPEARANCE"",""k"":8,""ip"":""6.0"",""bf"":24,""pitches"":89,""competition"":""MLB_REGULAR_INFERRED""},{""gameId"":""823940"",""date"":""2026-06-17"",""pitcherId"":""660271"",""side"":""home"",""started"":true,""source"":""LIVE_APPEARANCE"",""k"":5,""ip"":""6.0"",""bf"":27,""pitches"":91,""competition"":""MLB_REGULAR_INFERRED""},{""gameId"":""823372"",""date"":""2026-06-10"",""pitcherId"":""660271"",""side"":""away"",""started"":true,""source"":""LIVE_APPEARANCE"",""k"":6,""ip"":""6.2"",""bf"":29,""pitches"":102,""competition"":""MLB_REGULAR_INFERRED""}]","{""last3Ks1"":8,""last3Ks2"":5,""last3Ks3"":6,""last3Ip1"":6,""last3Ip2"":6,""last3Ip3"":6.666666666666667,""last3Bf1"":24,""last3Bf2"":27,""last3Bf3"":29,""last5KsAvg"":6.4,""last5KsStd"":1.0198039027185568,""last5IpAvg"":6.133333333333334,""last5BfAvg"":24.6,""last5PitchCountAvg"":94,""pitchesLast3Starts"":282,""pitchesLast3Appearances"":282,""daysSinceLastStart"":9,""daysSinceLastAppearance"":9}","LINESCORE_DEFENSE_PITCHER","NOT_VERIFIABLE"
"823988","680570","2026-08-26","home","[{""gameId"":""824153"",""date"":""2026-08-20"",""pitcherId"":""680570"",""side"":""away"",""started"":true,""source"":""BOXSCORE_START"",""k"":6,""ip"":""7.0"",""bf"":27,""pitches"":99,""competition"":""MLB_REGULAR_INFERRED""},{""gameId"":""823993"",""date"":""2026-08-14"",""pitcherId"":""680570"",""side"":""home"",""started"":true,""source"":""BOXSCORE_START"",""k"":5,""ip"":""4.0"",""bf"":17,""pitches"":89,""competition"":""MLB_REGULAR_INFERRED""},{""gameId"":""823835"",""date"":""2026-08-09"",""pitcherId"":""680570"",""side"":""away"",""started"":true,""source"":""BOXSCORE_START"",""k"":8,""ip"":""4.0"",""bf"":20,""pitches"":83,""competition"":""MLB_REGULAR_INFERRED""}]","[{""gameId"":""824153"",""date"":""2026-08-20"",""pitcherId"":""680570"",""side"":""away"",""started"":true,""source"":""LIVE_APPEARANCE"",""k"":6,""ip"":""7.0"",""bf"":27,""pitches"":99,""competition"":""MLB_REGULAR_INFERRED""},{""gameId"":""823993"",""date"":""2026-08-14"",""pitcherId"":""680570"",""side"":""home"",""started"":true,""source"":""LIVE_APPEARANCE"",""k"":5,""ip"":""4.0"",""bf"":17,""pitches"":89,""competition"":""MLB_REGULAR_INFERRED""},{""gameId"":""823835"",""date"":""2026-08-09"",""pitcherId"":""680570"",""side"":""away"",""started"":true,""source"":""LIVE_APPEARANCE"",""k"":8,""ip"":""4.0"",""bf"":20,""pitches"":83,""competition"":""MLB_REGULAR_INFERRED""}]","{""last3Ks1"":6,""last3Ks2"":5,""last3Ks3"":8,""last3Ip1"":7,""last3Ip2"":4,""last3Ip3"":4,""last3Bf1"":27,""last3Bf2"":17,""last3Bf3"":20,""last5KsAvg"":6.2,""last5KsStd"":0.9797958971132712,""last5IpAvg"":5.4,""last5BfAvg"":22.4,""last5PitchCountAvg"":93.4,""pitchesLast3Starts"":271,""pitchesLast3Appearances"":271,""daysSinceLastStart"":6,""daysSinceLastAppearance"":6}","PITCHERS_PITCHER_ID",""
"823988","676282","2026-08-26","away","[{""gameId"":""824317"",""date"":""2026-08-21"",""pitcherId"":""676282"",""side"":""away"",""started"":true,""source"":""BOXSCORE_START"",""k"":5,""ip"":""4.2"",""bf"":22,""pitches"":89,""competition"":""MLB_REGULAR_INFERRED""},{""gameId"":""824400"",""date"":""2026-08-15"",""pitcherId"":""676282"",""side"":""home"",""started"":true,""source"":""BOXSCORE_START"",""k"":7,""ip"":""6.0"",""bf"":20,""pitches"":87,""competition"":""MLB_REGULAR_INFERRED""},{""gameId"":""824564"",""date"":""2026-08-09"",""pitcherId"":""676282"",""side"":""away"",""started"":true,""source"":""BOXSCORE_START"",""k"":3,""ip"":""1.0"",""bf"":6,""pitches"":31,""competition"":""MLB_REGULAR_INFERRED""}]","[{""gameId"":""824317"",""date"":""2026-08-21"",""pitcherId"":""676282"",""side"":""away"",""started"":true,""source"":""LIVE_APPEARANCE"",""k"":5,""ip"":""4.2"",""bf"":22,""pitches"":89,""competition"":""MLB_REGULAR_INFERRED""},{""gameId"":""824400"",""date"":""2026-08-15"",""pitcherId"":""676282"",""side"":""home"",""started"":true,""source"":""LIVE_APPEARANCE"",""k"":7,""ip"":""6.0"",""bf"":20,""pitches"":87,""competition"":""MLB_REGULAR_INFERRED""},{""gameId"":""824564"",""date"":""2026-08-09"",""pitcherId"":""676282"",""side"":""away"",""started"":true,""source"":""LIVE_APPEARANCE"",""k"":3,""ip"":""1.0"",""bf"":6,""pitches"":31,""competition"":""MLB_REGULAR_INFERRED""}]","{""last3Ks1"":5,""last3Ks2"":7,""last3Ks3"":3,""last3Ip1"":4.666666666666667,""last3Ip2"":6,""last3Ip3"":1,""last3Bf1"":22,""last3Bf2"":20,""last3Bf3"":6,""last5KsAvg"":5.6,""last5KsStd"":1.7435595774162693,""last5IpAvg"":4.133333333333334,""last5BfAvg"":17.8,""last5PitchCountAvg"":75.4,""pitchesLast3Starts"":207,""pitchesLast3Appearances"":207,""daysSinceLastStart"":5,""daysSinceLastAppearance"":5}","PITCHERS_PITCHER_ID",""
"824004","672282","2026-07-22","home","[{""gameId"":""824009"",""date"":""2026-07-17"",""pitcherId"":""672282"",""side"":""home"",""started"":true,""source"":""BOXSCORE_START"",""k"":7,""ip"":""6.0"",""bf"":22,""pitches"":86,""competition"":""MLB_REGULAR_INFERRED""},{""gameId"":""822877"",""date"":""2026-07-09"",""pitcherId"":""672282"",""side"":""away"",""started"":true,""source"":""BOXSCORE_START"",""k"":6,""ip"":""4.0"",""bf"":20,""pitches"":82,""competition"":""MLB_REGULAR_INFERRED""},{""gameId"":""824013"",""date"":""2026-07-03"",""pitcherId"":""672282"",""side"":""home"",""started"":true,""source"":""BOXSCORE_START"",""k"":5,""ip"":""5.0"",""bf"":26,""pitches"":104,""competition"":""MLB_REGULAR_INFERRED""}]","[{""gameId"":""824009"",""date"":""2026-07-17"",""pitcherId"":""672282"",""side"":""home"",""started"":true,""source"":""LIVE_APPEARANCE"",""k"":7,""ip"":""6.0"",""bf"":22,""pitches"":86,""competition"":""MLB_REGULAR_INFERRED""},{""gameId"":""822877"",""date"":""2026-07-09"",""pitcherId"":""672282"",""side"":""away"",""started"":true,""source"":""LIVE_APPEARANCE"",""k"":6,""ip"":""4.0"",""bf"":20,""pitches"":82,""competition"":""MLB_REGULAR_INFERRED""},{""gameId"":""824013"",""date"":""2026-07-03"",""pitcherId"":""672282"",""side"":""home"",""started"":true,""source"":""LIVE_APPEARANCE"",""k"":5,""ip"":""5.0"",""bf"":26,""pitches"":104,""competition"":""MLB_REGULAR_INFERRED""}]","{""last3Ks1"":7,""last3Ks2"":6,""last3Ks3"":5,""last3Ip1"":6,""last3Ip2"":4,""last3Ip3"":5,""last3Bf1"":22,""last3Bf2"":20,""last3Bf3"":26,""last5KsAvg"":6,""last5KsStd"":1.4142135623730951,""last5IpAvg"":5.333333333333334,""last5BfAvg"":23.8,""last5PitchCountAvg"":92.2,""pitchesLast3Starts"":272,""pitchesLast3Appearances"":272,""daysSinceLastStart"":5,""daysSinceLastAppearance"":5}","LINESCORE_DEFENSE_PITCHER","NOT_VERIFIABLE"
"824005","700712","2026-07-21","home","[{""gameId"":""822880"",""date"":""2026-07-08"",""pitcherId"":""700712"",""side"":""away"",""started"":true,""source"":""BOXSCORE_START"",""k"":3,""ip"":""4.0"",""bf"":17,""pitches"":90,""competition"":""MLB_REGULAR_INFERRED""},{""gameId"":""823119"",""date"":""2026-07-02"",""pitcherId"":""700712"",""side"":""away"",""started"":true,""source"":""BOXSCORE_START"",""k"":6,""ip"":""5.2"",""bf"":24,""pitches"":107,""competition"":""MLB_REGULAR_INFERRED""},{""gameId"":""824014"",""date"":""2026-06-26"",""pitcherId"":""700712"",""side"":""home"",""started"":true,""source"":""BOXSCORE_START"",""k"":5,""ip"":""4.1"",""bf"":21,""pitches"":71,""competition"":""MLB_REGULAR_INFERRED""}]","[{""gameId"":""822880"",""date"":""2026-07-08"",""pitcherId"":""700712"",""side"":""away"",""started"":true,""source"":""LIVE_APPEARANCE"",""k"":3,""ip"":""4.0"",""bf"":17,""pitches"":90,""competition"":""MLB_REGULAR_INFERRED""},{""gameId"":""823119"",""date"":""2026-07-02"",""pitcherId"":""700712"",""side"":""away"",""started"":true,""source"":""LIVE_APPEARANCE"",""k"":6,""ip"":""5.2"",""bf"":24,""pitches"":107,""competition"":""MLB_REGULAR_INFERRED""},{""gameId"":""824014"",""date"":""2026-06-26"",""pitcherId"":""700712"",""side"":""home"",""started"":true,""source"":""LIVE_APPEARANCE"",""k"":5,""ip"":""4.1"",""bf"":21,""pitches"":71,""competition"":""MLB_REGULAR_INFERRED""}]","{""last3Ks1"":3,""last3Ks2"":6,""last3Ks3"":5,""last3Ip1"":4,""last3Ip2"":5.666666666666667,""last3Ip3"":4.333333333333333,""last3Bf1"":17,""last3Bf2"":24,""last3Bf3"":21,""last5KsAvg"":4.6,""last5KsStd"":1.3564659966250536,""last5IpAvg"":5.2,""last5BfAvg"":22.4,""last5PitchCountAvg"":89.2,""pitchesLast3Starts"":268,""pitchesLast3Appearances"":268,""daysSinceLastStart"":13,""daysSinceLastAppearance"":13}","LINESCORE_DEFENSE_PITCHER","NOT_VERIFIABLE"
"824007","696270","2026-07-19","home","[{""gameId"":""823682"",""date"":""2026-07-11"",""pitcherId"":""696270"",""side"":""away"",""started"":true,""source"":""BOXSCORE_START"",""k"":1,""ip"":""5.0"",""bf"":18,""pitches"":75,""competition"":""MLB_REGULAR_INFERRED""},{""gameId"":""824010"",""date"":""2026-07-05"",""pitcherId"":""696270"",""side"":""home"",""started"":true,""source"":""BOXSCORE_START"",""k"":6,""ip"":""4.0"",""bf"":20,""pitches"":87,""competition"":""MLB_REGULAR_INFERRED""},{""gameId"":""823121"",""date"":""2026-06-29"",""pitcherId"":""696270"",""side"":""away"",""started"":true,""source"":""BOXSCORE_START"",""k"":3,""ip"":""5.0"",""bf"":20,""pitches"":81,""competition"":""MLB_REGULAR_INFERRED""}]","[{""gameId"":""823682"",""date"":""2026-07-11"",""pitcherId"":""696270"",""side"":""away"",""started"":true,""source"":""LIVE_APPEARANCE"",""k"":1,""ip"":""5.0"",""bf"":18,""pitches"":75,""competition"":""MLB_REGULAR_INFERRED""},{""gameId"":""824010"",""date"":""2026-07-05"",""pitcherId"":""696270"",""side"":""home"",""started"":true,""source"":""LIVE_APPEARANCE"",""k"":6,""ip"":""4.0"",""bf"":20,""pitches"":87,""competition"":""MLB_REGULAR_INFERRED""},{""gameId"":""823121"",""date"":""2026-06-29"",""pitcherId"":""696270"",""side"":""away"",""started"":true,""source"":""LIVE_APPEARANCE"",""k"":3,""ip"":""5.0"",""bf"":20,""pitches"":81,""competition"":""MLB_REGULAR_INFERRED""}]","{""last3Ks1"":1,""last3Ks2"":6,""last3Ks3"":3,""last3Ip1"":5,""last3Ip2"":4,""last3Ip3"":5,""last3Bf1"":18,""last3Bf2"":20,""last3Bf3"":20,""last5KsAvg"":4,""last5KsStd"":2.6076809620810595,""last5IpAvg"":5,""last5BfAvg"":20.4,""last5PitchCountAvg"":84.4,""pitchesLast3Starts"":243,""pitchesLast3Appearances"":243,""daysSinceLastStart"":8,""daysSinceLastAppearance"":8}","LINESCORE_DEFENSE_PITCHER","NOT_VERIFIABLE"
"824009","672282","2026-07-17","home","[{""gameId"":""822877"",""date"":""2026-07-09"",""pitcherId"":""672282"",""side"":""away"",""started"":true,""source"":""BOXSCORE_START"",""k"":6,""ip"":""4.0"",""bf"":20,""pitches"":82,""competition"":""MLB_REGULAR_INFERRED""},{""gameId"":""824013"",""date"":""2026-07-03"",""pitcherId"":""672282"",""side"":""home"",""started"":true,""source"":""BOXSCORE_START"",""k"":5,""ip"":""5.0"",""bf"":26,""pitches"":104,""competition"":""MLB_REGULAR_INFERRED""},{""gameId"":""824015"",""date"":""2026-06-27"",""pitcherId"":""672282"",""side"":""home"",""started"":true,""source"":""BOXSCORE_START"",""k"":8,""ip"":""5.2"",""bf"":24,""pitches"":99,""competition"":""MLB_REGULAR_INFERRED""}]","[{""gameId"":""822877"",""date"":""2026-07-09"",""pitcherId"":""672282"",""side"":""away"",""started"":true,""source"":""LIVE_APPEARANCE"",""k"":6,""ip"":""4.0"",""bf"":20,""pitches"":82,""competition"":""MLB_REGULAR_INFERRED""},{""gameId"":""824013"",""date"":""2026-07-03"",""pitcherId"":""672282"",""side"":""home"",""started"":true,""source"":""LIVE_APPEARANCE"",""k"":5,""ip"":""5.0"",""bf"":26,""pitches"":104,""competition"":""MLB_REGULAR_INFERRED""},{""gameId"":""824015"",""date"":""2026-06-27"",""pitcherId"":""672282"",""side"":""home"",""started"":true,""source"":""LIVE_APPEARANCE"",""k"":8,""ip"":""5.2"",""bf"":24,""pitches"":99,""competition"":""MLB_REGULAR_INFERRED""}]","{""last3Ks1"":6,""last3Ks2"":5,""last3Ks3"":8,""last3Ip1"":4,""last3Ip2"":5,""last3Ip3"":5.666666666666667,""last3Bf1"":20,""last3Bf2"":26,""last3Bf3"":24,""last5KsAvg"":5.2,""last5KsStd"":1.7204650534085253,""last5IpAvg"":5.533333333333333,""last5BfAvg"":24.2,""last5PitchCountAvg"":93,""pitchesLast3Starts"":285,""pitchesLast3Appearances"":285,""daysSinceLastStart"":8,""daysSinceLastAppearance"":8}","LINESCORE_DEFENSE_PITCHER","NOT_VERIFIABLE"
"824010","696270","2026-07-05","home","[{""gameId"":""823121"",""date"":""2026-06-29"",""pitcherId"":""696270"",""side"":""away"",""started"":true,""source"":""BOXSCORE_START"",""k"":3,""ip"":""5.0"",""bf"":20,""pitches"":81,""competition"":""MLB_REGULAR_INFERRED""},{""gameId"":""824017"",""date"":""2026-06-23"",""pitcherId"":""696270"",""side"":""home"",""started"":true,""source"":""BOXSCORE_START"",""k"":8,""ip"":""6.0"",""bf"":19,""pitches"":90,""competition"":""MLB_REGULAR_INFERRED""},{""gameId"":""824989"",""date"":""2026-06-18"",""pitcherId"":""696270"",""side"":""away"",""started"":true,""source"":""BOXSCORE_START"",""k"":2,""ip"":""5.0"",""bf"":25,""pitches"":89,""competition"":""MLB_REGULAR_INFERRED""}]","[{""gameId"":""823121"",""date"":""2026-06-29"",""pitcherId"":""696270"",""side"":""away"",""started"":true,""source"":""LIVE_APPEARANCE"",""k"":3,""ip"":""5.0"",""bf"":20,""pitches"":81,""competition"":""MLB_REGULAR_INFERRED""},{""gameId"":""824017"",""date"":""2026-06-23"",""pitcherId"":""696270"",""side"":""home"",""started"":true,""source"":""LIVE_APPEARANCE"",""k"":8,""ip"":""6.0"",""bf"":19,""pitches"":90,""competition"":""MLB_REGULAR_INFERRED""},{""gameId"":""824989"",""date"":""2026-06-18"",""pitcherId"":""696270"",""side"":""away"",""started"":true,""source"":""LIVE_APPEARANCE"",""k"":2,""ip"":""5.0"",""bf"":25,""pitches"":89,""competition"":""MLB_REGULAR_INFERRED""}]","{""last3Ks1"":3,""last3Ks2"":8,""last3Ks3"":2,""last3Ip1"":5,""last3Ip2"":6,""last3Ip3"":5,""last3Bf1"":20,""last3Bf2"":19,""last3Bf3"":25,""last5KsAvg"":3.75,""last5KsStd"":2.48746859276655,""last5IpAvg"":4.833333333333333,""last5BfAvg"":21.25,""last5PitchCountAvg"":85,""pitchesLast3Starts"":260,""pitchesLast3Appearances"":260,""daysSinceLastStart"":6,""daysSinceLastAppearance"":6}","LINESCORE_DEFENSE_PITCHER","NOT_VERIFIABLE"
"824011","691951","2026-06-28","home","[{""gameId"":""824016"",""date"":""2026-06-22"",""pitcherId"":""691951"",""side"":""home"",""started"":true,""source"":""BOXSCORE_START"",""k"":3,""ip"":""4.2"",""bf"":21,""pitches"":91,""competition"":""MLB_REGULAR_INFERRED""},{""gameId"":""825072"",""date"":""2026-06-17"",""pitcherId"":""691951"",""side"":""away"",""started"":true,""source"":""BOXSCORE_START"",""k"":1,""ip"":""3.0"",""bf"":19,""pitches"":77,""competition"":""MLB_REGULAR_INFERRED""}]","[{""gameId"":""824016"",""date"":""2026-06-22"",""pitcherId"":""691951"",""side"":""home"",""started"":true,""source"":""LIVE_APPEARANCE"",""k"":3,""ip"":""4.2"",""bf"":21,""pitches"":91,""competition"":""MLB_REGULAR_INFERRED""},{""gameId"":""825072"",""date"":""2026-06-17"",""pitcherId"":""691951"",""side"":""away"",""started"":true,""source"":""LIVE_APPEARANCE"",""k"":1,""ip"":""3.0"",""bf"":19,""pitches"":77,""competition"":""MLB_REGULAR_INFERRED""},{""gameId"":""824025"",""date"":""2026-06-08"",""pitcherId"":""691951"",""side"":""home"",""started"":false,""source"":""LIVE_APPEARANCE"",""k"":1,""ip"":""1.0"",""bf"":3,""pitches"":8,""competition"":""MLB_REGULAR_INFERRED""}]","{""last3Ks1"":3,""last3Ks2"":1,""last3Ks3"":null,""last3Ip1"":4.666666666666667,""last3Ip2"":3,""last3Ip3"":null,""last3Bf1"":21,""last3Bf2"":19,""last3Bf3"":null,""last5KsAvg"":2,""last5KsStd"":1,""last5IpAvg"":3.8333333333333335,""last5BfAvg"":20,""last5PitchCountAvg"":84,""pitchesLast3Starts"":168,""pitchesLast3Appearances"":176,""daysSinceLastStart"":6,""daysSinceLastAppearance"":6}","LINESCORE_DEFENSE_PITCHER","NOT_VERIFIABLE"
"824012","691951","2026-07-04","home","[{""gameId"":""824011"",""date"":""2026-06-28"",""pitcherId"":""691951"",""side"":""home"",""started"":true,""source"":""BOXSCORE_START"",""k"":4,""ip"":""5.0"",""bf"":21,""pitches"":81,""competition"":""MLB_REGULAR_INFERRED""},{""gameId"":""824016"",""date"":""2026-06-22"",""pitcherId"":""691951"",""side"":""home"",""started"":true,""source"":""BOXSCORE_START"",""k"":3,""ip"":""4.2"",""bf"":21,""pitches"":91,""competition"":""MLB_REGULAR_INFERRED""},{""gameId"":""825072"",""date"":""2026-06-17"",""pitcherId"":""691951"",""side"":""away"",""started"":true,""source"":""BOXSCORE_START"",""k"":1,""ip"":""3.0"",""bf"":19,""pitches"":77,""competition"":""MLB_REGULAR_INFERRED""}]","[{""gameId"":""824011"",""date"":""2026-06-28"",""pitcherId"":""691951"",""side"":""home"",""started"":true,""source"":""LIVE_APPEARANCE"",""k"":4,""ip"":""5.0"",""bf"":21,""pitches"":81,""competition"":""MLB_REGULAR_INFERRED""},{""gameId"":""824016"",""date"":""2026-06-22"",""pitcherId"":""691951"",""side"":""home"",""started"":true,""source"":""LIVE_APPEARANCE"",""k"":3,""ip"":""4.2"",""bf"":21,""pitches"":91,""competition"":""MLB_REGULAR_INFERRED""},{""gameId"":""825072"",""date"":""2026-06-17"",""pitcherId"":""691951"",""side"":""away"",""started"":true,""source"":""LIVE_APPEARANCE"",""k"":1,""ip"":""3.0"",""bf"":19,""pitches"":77,""competition"":""MLB_REGULAR_INFERRED""}]","{""last3Ks1"":4,""last3Ks2"":3,""last3Ks3"":1,""last3Ip1"":5,""last3Ip2"":4.666666666666667,""last3Ip3"":3,""last3Bf1"":21,""last3Bf2"":21,""last3Bf3"":19,""last5KsAvg"":2.6666666666666665,""last5KsStd"":1.247219128924647,""last5IpAvg"":4.222222222222222,""last5BfAvg"":20.333333333333332,""last5PitchCountAvg"":83,""pitchesLast3Starts"":249,""pitchesLast3Appearances"":249,""daysSinceLastStart"":6,""daysSinceLastAppearance"":6}","LINESCORE_DEFENSE_PITCHER","NOT_VERIFIABLE"
"824013","672282","2026-07-03","home","[{""gameId"":""824015"",""date"":""2026-06-27"",""pitcherId"":""672282"",""side"":""home"",""started"":true,""source"":""BOXSCORE_START"",""k"":8,""ip"":""5.2"",""bf"":24,""pitches"":99,""competition"":""MLB_REGULAR_INFERRED""},{""gameId"":""824987"",""date"":""2026-06-21"",""pitcherId"":""672282"",""side"":""away"",""started"":true,""source"":""BOXSCORE_START"",""k"":4,""ip"":""6.0"",""bf"":27,""pitches"":90,""competition"":""MLB_REGULAR_INFERRED""},{""gameId"":""825070"",""date"":""2026-06-16"",""pitcherId"":""672282"",""side"":""away"",""started"":true,""source"":""BOXSCORE_START"",""k"":3,""ip"":""7.0"",""bf"":24,""pitches"":90,""competition"":""MLB_REGULAR_INFERRED""}]","[{""gameId"":""824015"",""date"":""2026-06-27"",""pitcherId"":""672282"",""side"":""home"",""started"":true,""source"":""LIVE_APPEARANCE"",""k"":8,""ip"":""5.2"",""bf"":24,""pitches"":99,""competition"":""MLB_REGULAR_INFERRED""},{""gameId"":""824987"",""date"":""2026-06-21"",""pitcherId"":""672282"",""side"":""away"",""started"":true,""source"":""LIVE_APPEARANCE"",""k"":4,""ip"":""6.0"",""bf"":27,""pitches"":90,""competition"":""MLB_REGULAR_INFERRED""},{""gameId"":""825070"",""date"":""2026-06-16"",""pitcherId"":""672282"",""side"":""away"",""started"":true,""source"":""LIVE_APPEARANCE"",""k"":3,""ip"":""7.0"",""bf"":24,""pitches"":90,""competition"":""MLB_REGULAR_INFERRED""}]","{""last3Ks1"":8,""last3Ks2"":4,""last3Ks3"":3,""last3Ip1"":5.666666666666667,""last3Ip2"":6,""last3Ip3"":7,""last3Bf1"":24,""last3Bf2"":27,""last3Bf3"":24,""last5KsAvg"":6,""last5KsStd"":2.280350850198276,""last5IpAvg"":6.333333333333334,""last5BfAvg"":23.6,""last5PitchCountAvg"":91.8,""pitchesLast3Starts"":279,""pitchesLast3Appearances"":279,""daysSinceLastStart"":6,""daysSinceLastAppearance"":6}","LINESCORE_DEFENSE_PITCHER","NOT_VERIFIABLE"
"824014","700712","2026-06-26","home","[{""gameId"":""824988"",""date"":""2026-06-20"",""pitcherId"":""700712"",""side"":""away"",""started"":true,""source"":""BOXSCORE_START"",""k"":6,""ip"":""5.0"",""bf"":20,""pitches"":90,""competition"":""MLB_REGULAR_INFERRED""},{""gameId"":""825071"",""date"":""2026-06-15"",""pitcherId"":""700712"",""side"":""away"",""started"":true,""source"":""BOXSCORE_START"",""k"":3,""ip"":""7.0"",""bf"":30,""pitches"":88,""competition"":""MLB_REGULAR_INFERRED""},{""gameId"":""824023"",""date"":""2026-06-09"",""pitcherId"":""700712"",""side"":""home"",""started"":true,""source"":""BOXSCORE_START"",""k"":7,""ip"":""5.0"",""bf"":24,""pitches"":107,""competition"":""MLB_REGULAR_INFERRED""}]","[{""gameId"":""824988"",""date"":""2026-06-20"",""pitcherId"":""700712"",""side"":""away"",""started"":true,""source"":""LIVE_APPEARANCE"",""k"":6,""ip"":""5.0"",""bf"":20,""pitches"":90,""competition"":""MLB_REGULAR_INFERRED""},{""gameId"":""825071"",""date"":""2026-06-15"",""pitcherId"":""700712"",""side"":""away"",""started"":true,""source"":""LIVE_APPEARANCE"",""k"":3,""ip"":""7.0"",""bf"":30,""pitches"":88,""competition"":""MLB_REGULAR_INFERRED""},{""gameId"":""824023"",""date"":""2026-06-09"",""pitcherId"":""700712"",""side"":""home"",""started"":true,""source"":""LIVE_APPEARANCE"",""k"":7,""ip"":""5.0"",""bf"":24,""pitches"":107,""competition"":""MLB_REGULAR_INFERRED""}]","{""last3Ks1"":6,""last3Ks2"":3,""last3Ks3"":7,""last3Ip1"":5,""last3Ip2"":7,""last3Ip3"":5,""last3Bf1"":20,""last3Bf2"":30,""last3Bf3"":24,""last5KsAvg"":5.6,""last5KsStd"":1.4966629547095764,""last5IpAvg"":5.8,""last5BfAvg"":24.8,""last5PitchCountAvg"":95.2,""pitchesLast3Starts"":285,""pitchesLast3Appearances"":285,""daysSinceLastStart"":6,""daysSinceLastAppearance"":6}","LINESCORE_DEFENSE_PITCHER","NOT_VERIFIABLE"
"824015","672282","2026-06-27","home","[{""gameId"":""824987"",""date"":""2026-06-21"",""pitcherId"":""672282"",""side"":""away"",""started"":true,""source"":""BOXSCORE_START"",""k"":4,""ip"":""6.0"",""bf"":27,""pitches"":90,""competition"":""MLB_REGULAR_INFERRED""},{""gameId"":""825070"",""date"":""2026-06-16"",""pitcherId"":""672282"",""side"":""away"",""started"":true,""source"":""BOXSCORE_START"",""k"":3,""ip"":""7.0"",""bf"":24,""pitches"":90,""competition"":""MLB_REGULAR_INFERRED""},{""gameId"":""824022"",""date"":""2026-06-10"",""pitcherId"":""672282"",""side"":""home"",""started"":true,""source"":""BOXSCORE_START"",""k"":9,""ip"":""7.0"",""bf"":22,""pitches"":89,""competition"":""MLB_REGULAR_INFERRED""}]","[{""gameId"":""824987"",""date"":""2026-06-21"",""pitcherId"":""672282"",""side"":""away"",""started"":true,""source"":""LIVE_APPEARANCE"",""k"":4,""ip"":""6.0"",""bf"":27,""pitches"":90,""competition"":""MLB_REGULAR_INFERRED""},{""gameId"":""825070"",""date"":""2026-06-16"",""pitcherId"":""672282"",""side"":""away"",""started"":true,""source"":""LIVE_APPEARANCE"",""k"":3,""ip"":""7.0"",""bf"":24,""pitches"":90,""competition"":""MLB_REGULAR_INFERRED""},{""gameId"":""824022"",""date"":""2026-06-10"",""pitcherId"":""672282"",""side"":""home"",""started"":true,""source"":""LIVE_APPEARANCE"",""k"":9,""ip"":""7.0"",""bf"":22,""pitches"":89,""competition"":""MLB_REGULAR_INFERRED""}]","{""last3Ks1"":4,""last3Ks2"":3,""last3Ks3"":9,""last3Ip1"":6,""last3Ip2"":7,""last3Ip3"":7,""last3Bf1"":27,""last3Bf2"":24,""last3Bf3"":22,""last5KsAvg"":5.8,""last5KsStd"":2.1354156504062622,""last5IpAvg"":6.2,""last5BfAvg"":23.4,""last5PitchCountAvg"":90.4,""pitchesLast3Starts"":269,""pitchesLast3Appearances"":269,""daysSinceLastStart"":6,""daysSinceLastAppearance"":6}","LINESCORE_DEFENSE_PITCHER","NOT_VERIFIABLE"
"824017","696270","2026-06-23","home","[{""gameId"":""824989"",""date"":""2026-06-18"",""pitcherId"":""696270"",""side"":""away"",""started"":true,""source"":""BOXSCORE_START"",""k"":2,""ip"":""5.0"",""bf"":25,""pitches"":89,""competition"":""MLB_REGULAR_INFERRED""},{""gameId"":""824702"",""date"":""2026-03-30"",""pitcherId"":""696270"",""side"":""away"",""started"":true,""source"":""BOXSCORE_START"",""k"":2,""ip"":""3.1"",""bf"":21,""pitches"":80,""competition"":""MLB_REGULAR_INFERRED""}]","[{""gameId"":""824989"",""date"":""2026-06-18"",""pitcherId"":""696270"",""side"":""away"",""started"":true,""source"":""LIVE_APPEARANCE"",""k"":2,""ip"":""5.0"",""bf"":25,""pitches"":89,""competition"":""MLB_REGULAR_INFERRED""},{""gameId"":""824033"",""date"":""2026-05-19"",""pitcherId"":""696270"",""side"":""home"",""started"":false,""source"":""LIVE_APPEARANCE"",""k"":0,""ip"":""2.0"",""bf"":11,""pitches"":34,""competition"":""MLB_REGULAR_INFERRED""},{""gameId"":""824034"",""date"":""2026-05-17"",""pitcherId"":""696270"",""side"":""home"",""started"":false,""source"":""LIVE_APPEARANCE"",""k"":2,""ip"":""2.0"",""bf"":10,""pitches"":35,""competition"":""MLB_REGULAR_INFERRED""}]","{""last3Ks1"":2,""last3Ks2"":2,""last3Ks3"":null,""last3Ip1"":5,""last3Ip2"":3.3333333333333335,""last3Ip3"":null,""last3Bf1"":25,""last3Bf2"":21,""last3Bf3"":null,""last5KsAvg"":2,""last5KsStd"":0,""last5IpAvg"":4.166666666666667,""last5BfAvg"":23,""last5PitchCountAvg"":84.5,""pitchesLast3Starts"":169,""pitchesLast3Appearances"":158,""daysSinceLastStart"":5,""daysSinceLastAppearance"":5}","LINESCORE_DEFENSE_PITCHER","NOT_VERIFIABLE"
"824018","667755","2026-06-24","home","[{""gameId"":""824990"",""date"":""2026-06-19"",""pitcherId"":""667755"",""side"":""away"",""started"":true,""source"":""BOXSCORE_START"",""k"":6,""ip"":""5.0"",""bf"":24,""pitches"":105,""competition"":""MLB_REGULAR_INFERRED""},{""gameId"":""823941"",""date"":""2026-06-07"",""pitcherId"":""667755"",""side"":""away"",""started"":true,""source"":""BOXSCORE_START"",""k"":2,""ip"":""6.0"",""bf"":27,""pitches"":88,""competition"":""MLB_REGULAR_INFERRED""},{""gameId"":""824027"",""date"":""2026-06-01"",""pitcherId"":""667755"",""side"":""home"",""started"":true,""source"":""BOXSCORE_START"",""k"":7,""ip"":""4.2"",""bf"":25,""pitches"":108,""competition"":""MLB_REGULAR_INFERRED""}]","[{""gameId"":""824990"",""date"":""2026-06-19"",""pitcherId"":""667755"",""side"":""away"",""started"":true,""source"":""LIVE_APPEARANCE"",""k"":6,""ip"":""5.0"",""bf"":24,""pitches"":105,""competition"":""MLB_REGULAR_INFERRED""},{""gameId"":""823941"",""date"":""2026-06-07"",""pitcherId"":""667755"",""side"":""away"",""started"":true,""source"":""LIVE_APPEARANCE"",""k"":2,""ip"":""6.0"",""bf"":27,""pitches"":88,""competition"":""MLB_REGULAR_INFERRED""},{""gameId"":""824027"",""date"":""2026-06-01"",""pitcherId"":""667755"",""side"":""home"",""started"":true,""source"":""LIVE_APPEARANCE"",""k"":7,""ip"":""4.2"",""bf"":25,""pitches"":108,""competition"":""MLB_REGULAR_INFERRED""}]","{""last3Ks1"":6,""last3Ks2"":2,""last3Ks3"":7,""last3Ip1"":5,""last3Ip2"":6,""last3Ip3"":4.666666666666667,""last3Bf1"":24,""last3Bf2"":27,""last3Bf3"":25,""last5KsAvg"":5.2,""last5KsStd"":1.9390719429665317,""last5IpAvg"":5.466666666666667,""last5BfAvg"":25.2,""last5PitchCountAvg"":101.8,""pitchesLast3Starts"":301,""pitchesLast3Appearances"":301,""daysSinceLastStart"":5,""daysSinceLastAppearance"":5}","LINESCORE_DEFENSE_PITCHER","NOT_VERIFIABLE"
"824083","607625","2026-07-22","home","[{""gameId"":""824090"",""date"":""2026-07-17"",""pitcherId"":""607625"",""side"":""home"",""started"":true,""source"":""BOXSCORE_START"",""k"":3,""ip"":""6.0"",""bf"":23,""pitches"":90,""competition"":""MLB_REGULAR_INFERRED""},{""gameId"":""824814"",""date"":""2026-07-12"",""pitcherId"":""607625"",""side"":""away"",""started"":true,""source"":""BOXSCORE_START"",""k"":6,""ip"":""4.0"",""bf"":19,""pitches"":89,""competition"":""MLB_REGULAR_INFERRED""},{""gameId"":""823607"",""date"":""2026-07-07"",""pitcherId"":""607625"",""side"":""away"",""started"":true,""source"":""BOXSCORE_START"",""k"":4,""ip"":""4.1"",""bf"":24,""pitches"":94,""competition"":""MLB_REGULAR_INFERRED""}]","[{""gameId"":""824090"",""date"":""2026-07-17"",""pitcherId"":""607625"",""side"":""home"",""started"":true,""source"":""LIVE_APPEARANCE"",""k"":3,""ip"":""6.0"",""bf"":23,""pitches"":90,""competition"":""MLB_REGULAR_INFERRED""},{""gameId"":""823607"",""date"":""2026-07-07"",""pitcherId"":""607625"",""side"":""away"",""started"":true,""source"":""LIVE_APPEARANCE"",""k"":4,""ip"":""4.1"",""bf"":24,""pitches"":94,""competition"":""MLB_REGULAR_INFERRED""},{""gameId"":""822961"",""date"":""2026-06-25"",""pitcherId"":""607625"",""side"":""away"",""started"":true,""source"":""LIVE_APPEARANCE"",""k"":3,""ip"":""5.0"",""bf"":24,""pitches"":90,""competition"":""MLB_REGULAR_INFERRED""}]","{""last3Ks1"":3,""last3Ks2"":6,""last3Ks3"":4,""last3Ip1"":6,""last3Ip2"":4,""last3Ip3"":4.333333333333333,""last3Bf1"":23,""last3Bf2"":19,""last3Bf3"":24,""last5KsAvg"":3.2,""last5KsStd"":1.9390719429665317,""last5IpAvg"":5.066666666666666,""last5BfAvg"":22.6,""last5PitchCountAvg"":89.6,""pitchesLast3Starts"":273,""pitchesLast3Appearances"":274,""daysSinceLastStart"":5,""daysSinceLastAppearance"":5}","LINESCORE_DEFENSE_PITCHER","NOT_VERIFIABLE"
"824085","679883","2026-07-21","home","[{""gameId"":""824817"",""date"":""2026-07-10"",""pitcherId"":""679883"",""side"":""away"",""started"":true,""source"":""BOXSCORE_START"",""k"":3,""ip"":""5.0"",""bf"":24,""pitches"":96,""competition"":""MLB_REGULAR_INFERRED""},{""gameId"":""824091"",""date"":""2026-07-05"",""pitcherId"":""679883"",""side"":""home"",""started"":true,""source"":""BOXSCORE_START"",""k"":4,""ip"":""5.0"",""bf"":18,""pitches"":69,""competition"":""MLB_REGULAR_INFERRED""},{""gameId"":""824580"",""date"":""2026-06-28"",""pitcherId"":""679883"",""side"":""away"",""started"":true,""source"":""BOXSCORE_START"",""k"":4,""ip"":""4.0"",""bf"":20,""pitches"":86,""competition"":""MLB_REGULAR_INFERRED""}]","[{""gameId"":""824817"",""date"":""2026-07-10"",""pitcherId"":""679883"",""side"":""away"",""started"":true,""source"":""LIVE_APPEARANCE"",""k"":3,""ip"":""5.0"",""bf"":24,""pitches"":96,""competition"":""MLB_REGULAR_INFERRED""},{""gameId"":""824091"",""date"":""2026-07-05"",""pitcherId"":""679883"",""side"":""home"",""started"":true,""source"":""LIVE_APPEARANCE"",""k"":4,""ip"":""5.0"",""bf"":18,""pitches"":69,""competition"":""MLB_REGULAR_INFERRED""},{""gameId"":""824580"",""date"":""2026-06-28"",""pitcherId"":""679883"",""side"":""away"",""started"":true,""source"":""LIVE_APPEARANCE"",""k"":4,""ip"":""4.0"",""bf"":20,""pitches"":86,""competition"":""MLB_REGULAR_INFERRED""}]","{""last3Ks1"":3,""last3Ks2"":4,""last3Ks3"":4,""last3Ip1"":5,""last3Ip2"":5,""last3Ip3"":4,""last3Bf1"":24,""last3Bf2"":18,""last3Bf3"":20,""last5KsAvg"":4.4,""last5KsStd"":1.0198039027185568,""last5IpAvg"":4.933333333333334,""last5BfAvg"":20.8,""last5PitchCountAvg"":85.8,""pitchesLast3Starts"":251,""pitchesLast3Appearances"":251,""daysSinceLastStart"":11,""daysSinceLastAppearance"":11}","LINESCORE_DEFENSE_PITCHER","NOT_VERIFIABLE"
"824086","702070","2026-07-19","home","[{""gameId"":""824813"",""date"":""2026-07-11"",""pitcherId"":""702070"",""side"":""away"",""started"":true,""source"":""BOXSCORE_START"",""k"":9,""ip"":""7.0"",""bf"":27,""pitches"":100,""competition"":""MLB_REGULAR_INFERRED""},{""gameId"":""824089"",""date"":""2026-07-06"",""pitcherId"":""702070"",""side"":""home"",""started"":true,""source"":""BOXSCORE_START"",""k"":7,""ip"":""5.0"",""bf"":26,""pitches"":105,""competition"":""MLB_REGULAR_INFERRED""},{""gameId"":""822965"",""date"":""2026-06-24"",""pitcherId"":""702070"",""side"":""away"",""started"":true,""source"":""BOXSCORE_START"",""k"":5,""ip"":""5.0"",""bf"":27,""pitches"":108,""competition"":""MLB_REGULAR_INFERRED""}]","[{""gameId"":""824813"",""date"":""2026-07-11"",""pitcherId"":""702070"",""side"":""away"",""started"":true,""source"":""LIVE_APPEARANCE"",""k"":9,""ip"":""7.0"",""bf"":27,""pitches"":100,""competition"":""MLB_REGULAR_INFERRED""},{""gameId"":""824089"",""date"":""2026-07-06"",""pitcherId"":""702070"",""side"":""home"",""started"":true,""source"":""LIVE_APPEARANCE"",""k"":7,""ip"":""5.0"",""bf"":26,""pitches"":105,""competition"":""MLB_REGULAR_INFERRED""},{""gameId"":""824096"",""date"":""2026-06-30"",""pitcherId"":""702070"",""side"":""home"",""started"":false,""source"":""LIVE_APPEARANCE"",""k"":0,""ip"":""3.2"",""bf"":21,""pitches"":86,""competition"":""MLB_REGULAR_INFERRED""}]","{""last3Ks1"":9,""last3Ks2"":7,""last3Ks3"":5,""last3Ip1"":7,""last3Ip2"":5,""last3Ip3"":5,""last3Bf1"":27,""last3Bf2"":26,""last3Bf3"":27,""last5KsAvg"":6.8,""last5KsStd"":1.32664991614216,""last5IpAvg"":5.6,""last5BfAvg"":26,""last5PitchCountAvg"":105,""pitchesLast3Starts"":313,""pitchesLast3Appearances"":291,""daysSinceLastStart"":8,""daysSinceLastAppearance"":8}","LINESCORE_DEFENSE_PITCHER","NOT_VERIFIABLE"
"824089","702070","2026-07-06","home","[{""gameId"":""822965"",""date"":""2026-06-24"",""pitcherId"":""702070"",""side"":""away"",""started"":true,""source"":""BOXSCORE_START"",""k"":5,""ip"":""5.0"",""bf"":27,""pitches"":108,""competition"":""MLB_REGULAR_INFERRED""},{""gameId"":""824098"",""date"":""2026-06-18"",""pitcherId"":""702070"",""side"":""home"",""started"":true,""source"":""BOXSCORE_START"",""k"":6,""ip"":""5.0"",""bf"":27,""pitches"":108,""competition"":""MLB_REGULAR_INFERRED""},{""gameId"":""823696"",""date"":""2026-06-07"",""pitcherId"":""702070"",""side"":""away"",""started"":true,""source"":""BOXSCORE_START"",""k"":7,""ip"":""6.0"",""bf"":23,""pitches"":104,""competition"":""MLB_REGULAR_INFERRED""}]","[{""gameId"":""824096"",""date"":""2026-06-30"",""pitcherId"":""702070"",""side"":""home"",""started"":false,""source"":""LIVE_APPEARANCE"",""k"":0,""ip"":""3.2"",""bf"":21,""pitches"":86,""competition"":""MLB_REGULAR_INFERRED""},{""gameId"":""822965"",""date"":""2026-06-24"",""pitcherId"":""702070"",""side"":""away"",""started"":true,""source"":""LIVE_APPEARANCE"",""k"":5,""ip"":""5.0"",""bf"":27,""pitches"":108,""competition"":""MLB_REGULAR_INFERRED""},{""gameId"":""824098"",""date"":""2026-06-18"",""pitcherId"":""702070"",""side"":""home"",""started"":true,""source"":""LIVE_APPEARANCE"",""k"":6,""ip"":""5.0"",""bf"":27,""pitches"":108,""competition"":""MLB_REGULAR_INFERRED""}]","{""last3Ks1"":5,""last3Ks2"":6,""last3Ks3"":7,""last3Ip1"":5,""last3Ip2"":5,""last3Ip3"":6,""last3Bf1"":27,""last3Bf2"":27,""last3Bf3"":23,""last5KsAvg"":6,""last5KsStd"":1.4142135623730951,""last5IpAvg"":5.6,""last5BfAvg"":23.8,""last5PitchCountAvg"":100.2,""pitchesLast3Starts"":320,""pitchesLast3Appearances"":302,""daysSinceLastStart"":12,""daysSinceLastAppearance"":6}","LINESCORE_DEFENSE_PITCHER","NOT_VERIFIABLE"
"824090","607625","2026-07-17","home","[{""gameId"":""824814"",""date"":""2026-07-12"",""pitcherId"":""607625"",""side"":""away"",""started"":true,""source"":""BOXSCORE_START"",""k"":6,""ip"":""4.0"",""bf"":19,""pitches"":89,""competition"":""MLB_REGULAR_INFERRED""},{""gameId"":""823607"",""date"":""2026-07-07"",""pitcherId"":""607625"",""side"":""away"",""started"":true,""source"":""BOXSCORE_START"",""k"":4,""ip"":""4.1"",""bf"":24,""pitches"":94,""competition"":""MLB_REGULAR_INFERRED""},{""gameId"":""822961"",""date"":""2026-06-25"",""pitcherId"":""607625"",""side"":""away"",""started"":true,""source"":""BOXSCORE_START"",""k"":3,""ip"":""5.0"",""bf"":24,""pitches"":90,""competition"":""MLB_REGULAR_INFERRED""}]","[{""gameId"":""823607"",""date"":""2026-07-07"",""pitcherId"":""607625"",""side"":""away"",""started"":true,""source"":""LIVE_APPEARANCE"",""k"":4,""ip"":""4.1"",""bf"":24,""pitches"":94,""competition"":""MLB_REGULAR_INFERRED""},{""gameId"":""822961"",""date"":""2026-06-25"",""pitcherId"":""607625"",""side"":""away"",""started"":true,""source"":""LIVE_APPEARANCE"",""k"":3,""ip"":""5.0"",""bf"":24,""pitches"":90,""competition"":""MLB_REGULAR_INFERRED""},{""gameId"":""824097"",""date"":""2026-06-19"",""pitcherId"":""607625"",""side"":""home"",""started"":true,""source"":""LIVE_APPEARANCE"",""k"":0,""ip"":""6.0"",""bf"":23,""pitches"":85,""competition"":""MLB_REGULAR_INFERRED""}]","{""last3Ks1"":6,""last3Ks2"":4,""last3Ks3"":3,""last3Ip1"":4,""last3Ip2"":4.333333333333333,""last3Ip3"":5,""last3Bf1"":19,""last3Bf2"":24,""last3Bf3"":24,""last5KsAvg"":3,""last5KsStd"":2,""last5IpAvg"":4.533333333333333,""last5BfAvg"":20.6,""last5PitchCountAvg"":80.4,""pitchesLast3Starts"":273,""pitchesLast3Appearances"":269,""daysSinceLastStart"":5,""daysSinceLastAppearance"":10}","LINESCORE_DEFENSE_PITCHER","NOT_VERIFIABLE"
"824091","679883","2026-07-05","home","[{""gameId"":""824580"",""date"":""2026-06-28"",""pitcherId"":""679883"",""side"":""away"",""started"":true,""source"":""BOXSCORE_START"",""k"":4,""ip"":""4.0"",""bf"":20,""pitches"":86,""competition"":""MLB_REGULAR_INFERRED""},{""gameId"":""822963"",""date"":""2026-06-23"",""pitcherId"":""679883"",""side"":""away"",""started"":true,""source"":""BOXSCORE_START"",""k"":6,""ip"":""5.0"",""bf"":21,""pitches"":87,""competition"":""MLB_REGULAR_INFERRED""},{""gameId"":""822721"",""date"":""2026-06-17"",""pitcherId"":""679883"",""side"":""away"",""started"":true,""source"":""BOXSCORE_START"",""k"":5,""ip"":""5.2"",""bf"":21,""pitches"":91,""competition"":""MLB_REGULAR_INFERRED""}]","[{""gameId"":""824580"",""date"":""2026-06-28"",""pitcherId"":""679883"",""side"":""away"",""started"":true,""source"":""LIVE_APPEARANCE"",""k"":4,""ip"":""4.0"",""bf"":20,""pitches"":86,""competition"":""MLB_REGULAR_INFERRED""},{""gameId"":""822963"",""date"":""2026-06-23"",""pitcherId"":""679883"",""side"":""away"",""started"":true,""source"":""LIVE_APPEARANCE"",""k"":6,""ip"":""5.0"",""bf"":21,""pitches"":87,""competition"":""MLB_REGULAR_INFERRED""},{""gameId"":""822721"",""date"":""2026-06-17"",""pitcherId"":""679883"",""side"":""away"",""started"":true,""source"":""LIVE_APPEARANCE"",""k"":5,""ip"":""5.2"",""bf"":21,""pitches"":91,""competition"":""MLB_REGULAR_INFERRED""}]","{""last3Ks1"":4,""last3Ks2"":6,""last3Ks3"":5,""last3Ip1"":4,""last3Ip2"":5,""last3Ip3"":5.666666666666667,""last3Bf1"":20,""last3Bf2"":21,""last3Bf3"":21,""last5KsAvg"":4.6,""last5KsStd"":1.0198039027185568,""last5IpAvg"":4.933333333333334,""last5BfAvg"":20.2,""last5PitchCountAvg"":84,""pitchesLast3Starts"":264,""pitchesLast3Appearances"":264,""daysSinceLastStart"":7,""daysSinceLastAppearance"":7}","LINESCORE_DEFENSE_PITCHER","NOT_VERIFIABLE"
"824093","663568","2026-07-02","home","[{""gameId"":""824095"",""date"":""2026-06-21"",""pitcherId"":""663568"",""side"":""home"",""started"":true,""source"":""BOXSCORE_START"",""k"":0,""ip"":""1.2"",""bf"":15,""pitches"":49,""competition"":""MLB_REGULAR_INFERRED""},{""gameId"":""824105"",""date"":""2026-06-09"",""pitcherId"":""663568"",""side"":""home"",""started"":true,""source"":""BOXSCORE_START"",""k"":3,""ip"":""5.0"",""bf"":23,""pitches"":86,""competition"":""MLB_REGULAR_INFERRED""},{""gameId"":""824509"",""date"":""2026-06-03"",""pitcherId"":""663568"",""side"":""away"",""started"":true,""source"":""BOXSCORE_START"",""k"":8,""ip"":""7.0"",""bf"":28,""pitches"":96,""competition"":""MLB_REGULAR_INFERRED""}]","[{""gameId"":""824095"",""date"":""2026-06-21"",""pitcherId"":""663568"",""side"":""home"",""started"":true,""source"":""LIVE_APPEARANCE"",""k"":0,""ip"":""1.2"",""bf"":15,""pitches"":49,""competition"":""MLB_REGULAR_INFERRED""},{""gameId"":""824105"",""date"":""2026-06-09"",""pitcherId"":""663568"",""side"":""home"",""started"":true,""source"":""LIVE_APPEARANCE"",""k"":3,""ip"":""5.0"",""bf"":23,""pitches"":86,""competition"":""MLB_REGULAR_INFERRED""},{""gameId"":""824509"",""date"":""2026-06-03"",""pitcherId"":""663568"",""side"":""away"",""started"":true,""source"":""LIVE_APPEARANCE"",""k"":8,""ip"":""7.0"",""bf"":28,""pitches"":96,""competition"":""MLB_REGULAR_INFERRED""}]","{""last3Ks1"":0,""last3Ks2"":3,""last3Ks3"":8,""last3Ip1"":1.6666666666666667,""last3Ip2"":5,""last3Ip3"":7,""last3Bf1"":15,""last3Bf2"":23,""last3Bf3"":28,""last5KsAvg"":3.6,""last5KsStd"":2.7276363393971716,""last5IpAvg"":5.533333333333333,""last5BfAvg"":23.6,""last5PitchCountAvg"":86,""pitchesLast3Starts"":231,""pitchesLast3Appearances"":231,""daysSinceLastStart"":11,""daysSinceLastAppearance"":11}","LINESCORE_DEFENSE_PITCHER","NOT_VERIFIABLE"
"824165","837227","2026-07-21","home","[{""gameId"":""822713"",""date"":""2026-07-07"",""pitcherId"":""837227"",""side"":""away"",""started"":true,""source"":""BOXSCORE_START"",""k"":3,""ip"":""3.2"",""bf"":18,""pitches"":84,""competition"":""MLB_REGULAR_INFERRED""},{""gameId"":""824258"",""date"":""2026-06-25"",""pitcherId"":""837227"",""side"":""away"",""started"":true,""source"":""BOXSCORE_START"",""k"":10,""ip"":""6.0"",""bf"":21,""pitches"":96,""competition"":""MLB_REGULAR_INFERRED""},{""gameId"":""824179"",""date"":""2026-06-19"",""pitcherId"":""837227"",""side"":""home"",""started"":true,""source"":""BOXSCORE_START"",""k"":11,""ip"":""6.0"",""bf"":24,""pitches"":89,""competition"":""MLB_REGULAR_INFERRED""}]","[{""gameId"":""822713"",""date"":""2026-07-07"",""pitcherId"":""837227"",""side"":""away"",""started"":true,""source"":""LIVE_APPEARANCE"",""k"":3,""ip"":""3.2"",""bf"":18,""pitches"":84,""competition"":""MLB_REGULAR_INFERRED""},{""gameId"":""824258"",""date"":""2026-06-25"",""pitcherId"":""837227"",""side"":""away"",""started"":true,""source"":""LIVE_APPEARANCE"",""k"":10,""ip"":""6.0"",""bf"":21,""pitches"":96,""competition"":""MLB_REGULAR_INFERRED""},{""gameId"":""824179"",""date"":""2026-06-19"",""pitcherId"":""837227"",""side"":""home"",""started"":true,""source"":""LIVE_APPEARANCE"",""k"":11,""ip"":""6.0"",""bf"":24,""pitches"":89,""competition"":""MLB_REGULAR_INFERRED""}]","{""last3Ks1"":3,""last3Ks2"":10,""last3Ks3"":11,""last3Ip1"":3.6666666666666665,""last3Ip2"":6,""last3Ip3"":6,""last3Bf1"":18,""last3Bf2"":21,""last3Bf3"":24,""last5KsAvg"":7.4,""last5KsStd"":3.006659275674582,""last5IpAvg"":5.333333333333333,""last5BfAvg"":22,""last5PitchCountAvg"":94.2,""pitchesLast3Starts"":269,""pitchesLast3Appearances"":269,""daysSinceLastStart"":14,""daysSinceLastAppearance"":14}","LINESCORE_DEFENSE_PITCHER","NOT_VERIFIABLE"
"824168","686613","2026-07-19","home","[{""gameId"":""822878"",""date"":""2026-07-10"",""pitcherId"":""686613"",""side"":""away"",""started"":true,""source"":""BOXSCORE_START"",""k"":4,""ip"":""6.0"",""bf"":25,""pitches"":98,""competition"":""MLB_REGULAR_INFERRED""},{""gameId"":""824171"",""date"":""2026-07-04"",""pitcherId"":""686613"",""side"":""home"",""started"":true,""source"":""BOXSCORE_START"",""k"":3,""ip"":""4.0"",""bf"":22,""pitches"":82,""competition"":""MLB_REGULAR_INFERRED""},{""gameId"":""824256"",""date"":""2026-06-28"",""pitcherId"":""686613"",""side"":""away"",""started"":true,""source"":""BOXSCORE_START"",""k"":4,""ip"":""6.0"",""bf"":25,""pitches"":103,""competition"":""MLB_REGULAR_INFERRED""}]","[{""gameId"":""822878"",""date"":""2026-07-10"",""pitcherId"":""686613"",""side"":""away"",""started"":true,""source"":""LIVE_APPEARANCE"",""k"":4,""ip"":""6.0"",""bf"":25,""pitches"":98,""competition"":""MLB_REGULAR_INFERRED""},{""gameId"":""824171"",""date"":""2026-07-04"",""pitcherId"":""686613"",""side"":""home"",""started"":true,""source"":""LIVE_APPEARANCE"",""k"":3,""ip"":""4.0"",""bf"":22,""pitches"":82,""competition"":""MLB_REGULAR_INFERRED""},{""gameId"":""824256"",""date"":""2026-06-28"",""pitcherId"":""686613"",""side"":""away"",""started"":true,""source"":""LIVE_APPEARANCE"",""k"":4,""ip"":""6.0"",""bf"":25,""pitches"":103,""competition"":""MLB_REGULAR_INFERRED""}]","{""last3Ks1"":4,""last3Ks2"":3,""last3Ks3"":4,""last3Ip1"":6,""last3Ip2"":4,""last3Ip3"":6,""last3Bf1"":25,""last3Bf2"":22,""last3Bf3"":25,""last5KsAvg"":4.4,""last5KsStd"":1.3564659966250536,""last5IpAvg"":4.933333333333334,""last5BfAvg"":22,""last5PitchCountAvg"":92,""pitchesLast3Starts"":283,""pitchesLast3Appearances"":283,""daysSinceLastStart"":9,""daysSinceLastAppearance"":9}","LINESCORE_DEFENSE_PITCHER","NOT_VERIFIABLE"
"824170","663567","2026-07-17","home","[{""gameId"":""822875"",""date"":""2026-07-11"",""pitcherId"":""663567"",""side"":""away"",""started"":true,""source"":""BOXSCORE_START"",""k"":7,""ip"":""6.0"",""bf"":23,""pitches"":107,""competition"":""MLB_REGULAR_INFERRED""},{""gameId"":""824172"",""date"":""2026-07-05"",""pitcherId"":""663567"",""side"":""home"",""started"":true,""source"":""BOXSCORE_START"",""k"":6,""ip"":""5.2"",""bf"":21,""pitches"":90,""competition"":""MLB_REGULAR_INFERRED""},{""gameId"":""824176"",""date"":""2026-06-29"",""pitcherId"":""663567"",""side"":""home"",""started"":true,""source"":""BOXSCORE_START"",""k"":4,""ip"":""5.2"",""bf"":25,""pitches"":100,""competition"":""MLB_REGULAR_INFERRED""}]","[{""gameId"":""822875"",""date"":""2026-07-11"",""pitcherId"":""663567"",""side"":""away"",""started"":true,""source"":""LIVE_APPEARANCE"",""k"":7,""ip"":""6.0"",""bf"":23,""pitches"":107,""competition"":""MLB_REGULAR_INFERRED""},{""gameId"":""824172"",""date"":""2026-07-05"",""pitcherId"":""663567"",""side"":""home"",""started"":true,""source"":""LIVE_APPEARANCE"",""k"":6,""ip"":""5.2"",""bf"":21,""pitches"":90,""competition"":""MLB_REGULAR_INFERRED""},{""gameId"":""824176"",""date"":""2026-06-29"",""pitcherId"":""663567"",""side"":""home"",""started"":true,""source"":""LIVE_APPEARANCE"",""k"":4,""ip"":""5.2"",""bf"":25,""pitches"":100,""competition"":""MLB_REGULAR_INFERRED""}]","{""last3Ks1"":7,""last3Ks2"":6,""last3Ks3"":4,""last3Ip1"":6,""last3Ip2"":5.666666666666667,""last3Ip3"":5.666666666666667,""last3Bf1"":23,""last3Bf2"":21,""last3Bf3"":25,""last5KsAvg"":5.6,""last5KsStd"":1.0198039027185568,""last5IpAvg"":5.800000000000001,""last5BfAvg"":23.2,""last5PitchCountAvg"":95.6,""pitchesLast3Starts"":297,""pitchesLast3Appearances"":297,""daysSinceLastStart"":6,""daysSinceLastAppearance"":6}","LINESCORE_DEFENSE_PITCHER","NOT_VERIFIABLE"
"824172","663567","2026-07-05","home","[{""gameId"":""824176"",""date"":""2026-06-29"",""pitcherId"":""663567"",""side"":""home"",""started"":true,""source"":""BOXSCORE_START"",""k"":4,""ip"":""5.2"",""bf"":25,""pitches"":100,""competition"":""MLB_REGULAR_INFERRED""},{""gameId"":""822799"",""date"":""2026-06-23"",""pitcherId"":""663567"",""side"":""away"",""started"":true,""source"":""BOXSCORE_START"",""k"":6,""ip"":""4.2"",""bf"":23,""pitches"":92,""competition"":""MLB_REGULAR_INFERRED""},{""gameId"":""824178"",""date"":""2026-06-17"",""pitcherId"":""663567"",""side"":""home"",""started"":true,""source"":""BOXSCORE_START"",""k"":5,""ip"":""7.0"",""bf"":24,""pitches"":89,""competition"":""MLB_REGULAR_INFERRED""}]","[{""gameId"":""824176"",""date"":""2026-06-29"",""pitcherId"":""663567"",""side"":""home"",""started"":true,""source"":""LIVE_APPEARANCE"",""k"":4,""ip"":""5.2"",""bf"":25,""pitches"":100,""competition"":""MLB_REGULAR_INFERRED""},{""gameId"":""822799"",""date"":""2026-06-23"",""pitcherId"":""663567"",""side"":""away"",""started"":true,""source"":""LIVE_APPEARANCE"",""k"":6,""ip"":""4.2"",""bf"":23,""pitches"":92,""competition"":""MLB_REGULAR_INFERRED""},{""gameId"":""824178"",""date"":""2026-06-17"",""pitcherId"":""663567"",""side"":""home"",""started"":true,""source"":""LIVE_APPEARANCE"",""k"":5,""ip"":""7.0"",""bf"":24,""pitches"":89,""competition"":""MLB_REGULAR_INFERRED""}]","{""last3Ks1"":4,""last3Ks2"":6,""last3Ks3"":5,""last3Ip1"":5.666666666666667,""last3Ip2"":4.666666666666667,""last3Ip3"":7,""last3Bf1"":25,""last3Bf2"":23,""last3Bf3"":24,""last5KsAvg"":5,""last5KsStd"":0.8944271909999159,""last5IpAvg"":5.8,""last5BfAvg"":24,""last5PitchCountAvg"":93.2,""pitchesLast3Starts"":281,""pitchesLast3Appearances"":281,""daysSinceLastStart"":6,""daysSinceLastAppearance"":6}","LINESCORE_DEFENSE_PITCHER","NOT_VERIFIABLE"
"824173","681293","2026-07-03","home","[{""gameId"":""824255"",""date"":""2026-06-26"",""pitcherId"":""681293"",""side"":""away"",""started"":true,""source"":""BOXSCORE_START"",""k"":7,""ip"":""3.0"",""bf"":19,""pitches"":93,""competition"":""MLB_REGULAR_INFERRED""},{""gameId"":""824180"",""date"":""2026-06-20"",""pitcherId"":""681293"",""side"":""home"",""started"":true,""source"":""BOXSCORE_START"",""k"":8,""ip"":""6.0"",""bf"":24,""pitches"":90,""competition"":""MLB_REGULAR_INFERRED""},{""gameId"":""824025"",""date"":""2026-06-08"",""pitcherId"":""681293"",""side"":""away"",""started"":true,""source"":""BOXSCORE_START"",""k"":7,""ip"":""6.0"",""bf"":26,""pitches"":95,""competition"":""MLB_REGULAR_INFERRED""}]","[{""gameId"":""824255"",""date"":""2026-06-26"",""pitcherId"":""681293"",""side"":""away"",""started"":true,""source"":""LIVE_APPEARANCE"",""k"":7,""ip"":""3.0"",""bf"":19,""pitches"":93,""competition"":""MLB_REGULAR_INFERRED""},{""gameId"":""824180"",""date"":""2026-06-20"",""pitcherId"":""681293"",""side"":""home"",""started"":true,""source"":""LIVE_APPEARANCE"",""k"":8,""ip"":""6.0"",""bf"":24,""pitches"":90,""competition"":""MLB_REGULAR_INFERRED""},{""gameId"":""824025"",""date"":""2026-06-08"",""pitcherId"":""681293"",""side"":""away"",""started"":true,""source"":""LIVE_APPEARANCE"",""k"":7,""ip"":""6.0"",""bf"":26,""pitches"":95,""competition"":""MLB_REGULAR_INFERRED""}]","{""last3Ks1"":7,""last3Ks2"":8,""last3Ks3"":7,""last3Ip1"":3,""last3Ip2"":6,""last3Ip3"":6,""last3Bf1"":19,""last3Bf2"":24,""last3Bf3"":26,""last5KsAvg"":5.6,""last5KsStd"":2.1540659228538015,""last5IpAvg"":5,""last5BfAvg"":22.2,""last5PitchCountAvg"":91,""pitchesLast3Starts"":278,""pitchesLast3Appearances"":278,""daysSinceLastStart"":7,""daysSinceLastAppearance"":7}","LINESCORE_DEFENSE_PITCHER","NOT_VERIFIABLE"
"824176","663567","2026-06-29","home","[{""gameId"":""822799"",""date"":""2026-06-23"",""pitcherId"":""663567"",""side"":""away"",""started"":true,""source"":""BOXSCORE_START"",""k"":6,""ip"":""4.2"",""bf"":23,""pitches"":92,""competition"":""MLB_REGULAR_INFERRED""},{""gameId"":""824178"",""date"":""2026-06-17"",""pitcherId"":""663567"",""side"":""home"",""started"":true,""source"":""BOXSCORE_START"",""k"":5,""ip"":""7.0"",""bf"":24,""pitches"":89,""competition"":""MLB_REGULAR_INFERRED""},{""gameId"":""824022"",""date"":""2026-06-10"",""pitcherId"":""663567"",""side"":""away"",""started"":true,""source"":""BOXSCORE_START"",""k"":6,""ip"":""6.1"",""bf"":24,""pitches"":91,""competition"":""MLB_REGULAR_INFERRED""}]","[{""gameId"":""822799"",""date"":""2026-06-23"",""pitcherId"":""663567"",""side"":""away"",""started"":true,""source"":""LIVE_APPEARANCE"",""k"":6,""ip"":""4.2"",""bf"":23,""pitches"":92,""competition"":""MLB_REGULAR_INFERRED""},{""gameId"":""824178"",""date"":""2026-06-17"",""pitcherId"":""663567"",""side"":""home"",""started"":true,""source"":""LIVE_APPEARANCE"",""k"":5,""ip"":""7.0"",""bf"":24,""pitches"":89,""competition"":""MLB_REGULAR_INFERRED""},{""gameId"":""824022"",""date"":""2026-06-10"",""pitcherId"":""663567"",""side"":""away"",""started"":true,""source"":""LIVE_APPEARANCE"",""k"":6,""ip"":""6.1"",""bf"":24,""pitches"":91,""competition"":""MLB_REGULAR_INFERRED""}]","{""last3Ks1"":6,""last3Ks2"":5,""last3Ks3"":6,""last3Ip1"":4.666666666666667,""last3Ip2"":7,""last3Ip3"":6.333333333333333,""last3Bf1"":23,""last3Bf2"":24,""last3Bf3"":24,""last5KsAvg"":4.8,""last5KsStd"":1.16619037896906,""last5IpAvg"":5.666666666666666,""last5BfAvg"":23.4,""last5PitchCountAvg"":91.2,""pitchesLast3Starts"":272,""pitchesLast3Appearances"":272,""daysSinceLastStart"":6,""daysSinceLastAppearance"":6}","LINESCORE_DEFENSE_PITCHER","NOT_VERIFIABLE"
"824248","669373","2026-07-24","home","[{""gameId"":""824008"",""date"":""2026-07-18"",""pitcherId"":""669373"",""side"":""away"",""started"":true,""source"":""BOXSCORE_START"",""k"":9,""ip"":""7.0"",""bf"":24,""pitches"":87,""competition"":""MLB_REGULAR_INFERRED""},{""gameId"":""824250"",""date"":""2026-07-12"",""pitcherId"":""669373"",""side"":""home"",""started"":true,""source"":""BOXSCORE_START"",""k"":5,""ip"":""5.0"",""bf"":21,""pitches"":93,""competition"":""MLB_REGULAR_INFERRED""},{""gameId"":""824254"",""date"":""2026-07-07"",""pitcherId"":""669373"",""side"":""home"",""started"":true,""source"":""BOXSCORE_START"",""k"":9,""ip"":""5.0"",""bf"":22,""pitches"":96,""competition"":""MLB_REGULAR_INFERRED""}]","[{""gameId"":""824008"",""date"":""2026-07-18"",""pitcherId"":""669373"",""side"":""away"",""started"":true,""source"":""LIVE_APPEARANCE"",""k"":9,""ip"":""7.0"",""bf"":24,""pitches"":87,""competition"":""MLB_REGULAR_INFERRED""},{""gameId"":""824250"",""date"":""2026-07-12"",""pitcherId"":""669373"",""side"":""home"",""started"":true,""source"":""LIVE_APPEARANCE"",""k"":5,""ip"":""5.0"",""bf"":21,""pitches"":93,""competition"":""MLB_REGULAR_INFERRED""},{""gameId"":""824254"",""date"":""2026-07-07"",""pitcherId"":""669373"",""side"":""home"",""started"":true,""source"":""LIVE_APPEARANCE"",""k"":9,""ip"":""5.0"",""bf"":22,""pitches"":96,""competition"":""MLB_REGULAR_INFERRED""}]","{""last3Ks1"":9,""last3Ks2"":5,""last3Ks3"":9,""last3Ip1"":7,""last3Ip2"":5,""last3Ip3"":5,""last3Bf1"":24,""last3Bf2"":21,""last3Bf3"":22,""last5KsAvg"":8,""last5KsStd"":1.5491933384829668,""last5IpAvg"":5.733333333333333,""last5BfAvg"":22.8,""last5PitchCountAvg"":91,""pitchesLast3Starts"":276,""pitchesLast3Appearances"":276,""daysSinceLastStart"":6,""daysSinceLastAppearance"":6}","LINESCORE_DEFENSE_PITCHER","NOT_VERIFIABLE"
"824249","663554","2026-07-11","home","[{""gameId"":""822879"",""date"":""2026-07-05"",""pitcherId"":""663554"",""side"":""away"",""started"":true,""source"":""BOXSCORE_START"",""k"":4,""ip"":""6.2"",""bf"":27,""pitches"":94,""competition"":""MLB_REGULAR_INFERRED""},{""gameId"":""823529"",""date"":""2026-06-29"",""pitcherId"":""663554"",""side"":""away"",""started"":true,""source"":""BOXSCORE_START"",""k"":10,""ip"":""7.0"",""bf"":22,""pitches"":88,""competition"":""MLB_REGULAR_INFERRED""},{""gameId"":""824262"",""date"":""2026-06-23"",""pitcherId"":""663554"",""side"":""home"",""started"":true,""source"":""BOXSCORE_START"",""k"":6,""ip"":""5.2"",""bf"":25,""pitches"":97,""competition"":""MLB_REGULAR_INFERRED""}]","[{""gameId"":""822879"",""date"":""2026-07-05"",""pitcherId"":""663554"",""side"":""away"",""started"":true,""source"":""LIVE_APPEARANCE"",""k"":4,""ip"":""6.2"",""bf"":27,""pitches"":94,""competition"":""MLB_REGULAR_INFERRED""},{""gameId"":""823529"",""date"":""2026-06-29"",""pitcherId"":""663554"",""side"":""away"",""started"":true,""source"":""LIVE_APPEARANCE"",""k"":10,""ip"":""7.0"",""bf"":22,""pitches"":88,""competition"":""MLB_REGULAR_INFERRED""},{""gameId"":""824262"",""date"":""2026-06-23"",""pitcherId"":""663554"",""side"":""home"",""started"":true,""source"":""LIVE_APPEARANCE"",""k"":6,""ip"":""5.2"",""bf"":25,""pitches"":97,""competition"":""MLB_REGULAR_INFERRED""}]","{""last3Ks1"":4,""last3Ks2"":10,""last3Ks3"":6,""last3Ip1"":6.666666666666667,""last3Ip2"":7,""last3Ip3"":5.666666666666667,""last3Bf1"":27,""last3Bf2"":22,""last3Bf3"":25,""last5KsAvg"":5.8,""last5KsStd"":2.4,""last5IpAvg"":5.6000000000000005,""last5BfAvg"":21.8,""last5PitchCountAvg"":84.6,""pitchesLast3Starts"":279,""pitchesLast3Appearances"":279,""daysSinceLastStart"":6,""daysSinceLastAppearance"":6}","LINESCORE_DEFENSE_PITCHER","NOT_VERIFIABLE"
"824250","669373","2026-07-12","home","[{""gameId"":""824254"",""date"":""2026-07-07"",""pitcherId"":""669373"",""side"":""home"",""started"":true,""source"":""BOXSCORE_START"",""k"":9,""ip"":""5.0"",""bf"":22,""pitches"":96,""competition"":""MLB_REGULAR_INFERRED""},{""gameId"":""824259"",""date"":""2026-06-24"",""pitcherId"":""669373"",""side"":""home"",""started"":true,""source"":""BOXSCORE_START"",""k"":9,""ip"":""6.0"",""bf"":22,""pitches"":85,""competition"":""MLB_REGULAR_INFERRED""},{""gameId"":""824264"",""date"":""2026-06-19"",""pitcherId"":""669373"",""side"":""home"",""started"":true,""source"":""BOXSCORE_START"",""k"":8,""ip"":""5.2"",""bf"":25,""pitches"":94,""competition"":""MLB_REGULAR_INFERRED""}]","[{""gameId"":""824254"",""date"":""2026-07-07"",""pitcherId"":""669373"",""side"":""home"",""started"":true,""source"":""LIVE_APPEARANCE"",""k"":9,""ip"":""5.0"",""bf"":22,""pitches"":96,""competition"":""MLB_REGULAR_INFERRED""},{""gameId"":""823528"",""date"":""2026-06-30"",""pitcherId"":""669373"",""side"":""away"",""started"":false,""source"":""LIVE_APPEARANCE"",""k"":9,""ip"":""6.0"",""bf"":20,""pitches"":87,""competition"":""MLB_REGULAR_INFERRED""},{""gameId"":""824259"",""date"":""2026-06-24"",""pitcherId"":""669373"",""side"":""home"",""started"":true,""source"":""LIVE_APPEARANCE"",""k"":9,""ip"":""6.0"",""bf"":22,""pitches"":85,""competition"":""MLB_REGULAR_INFERRED""}]","{""last3Ks1"":9,""last3Ks2"":9,""last3Ks3"":8,""last3Ip1"":5,""last3Ip2"":6,""last3Ip3"":5.666666666666667,""last3Bf1"":22,""last3Bf2"":22,""last3Bf3"":25,""last5KsAvg"":8.2,""last5KsStd"":1.7204650534085253,""last5IpAvg"":5.733333333333333,""last5BfAvg"":23.2,""last5PitchCountAvg"":91.6,""pitchesLast3Starts"":275,""pitchesLast3Appearances"":268,""daysSinceLastStart"":5,""daysSinceLastAppearance"":5}","LINESCORE_DEFENSE_PITCHER","NOT_VERIFIABLE"
"824251","664285","2026-07-09","home","[{""gameId"":""822884"",""date"":""2026-07-02"",""pitcherId"":""664285"",""side"":""away"",""started"":true,""source"":""BOXSCORE_START"",""k"":1,""ip"":""5.0"",""bf"":26,""pitches"":87,""competition"":""MLB_REGULAR_INFERRED""},{""gameId"":""824257"",""date"":""2026-06-27"",""pitcherId"":""664285"",""side"":""home"",""started"":true,""source"":""BOXSCORE_START"",""k"":2,""ip"":""6.0"",""bf"":26,""pitches"":88,""competition"":""MLB_REGULAR_INFERRED""},{""gameId"":""824261"",""date"":""2026-06-22"",""pitcherId"":""664285"",""side"":""home"",""started"":true,""source"":""BOXSCORE_START"",""k"":8,""ip"":""6.0"",""bf"":24,""pitches"":94,""competition"":""MLB_REGULAR_INFERRED""}]","[{""gameId"":""822884"",""date"":""2026-07-02"",""pitcherId"":""664285"",""side"":""away"",""started"":true,""source"":""LIVE_APPEARANCE"",""k"":1,""ip"":""5.0"",""bf"":26,""pitches"":87,""competition"":""MLB_REGULAR_INFERRED""},{""gameId"":""824257"",""date"":""2026-06-27"",""pitcherId"":""664285"",""side"":""home"",""started"":true,""source"":""LIVE_APPEARANCE"",""k"":2,""ip"":""6.0"",""bf"":26,""pitches"":88,""competition"":""MLB_REGULAR_INFERRED""},{""gameId"":""824261"",""date"":""2026-06-22"",""pitcherId"":""664285"",""side"":""home"",""started"":true,""source"":""LIVE_APPEARANCE"",""k"":8,""ip"":""6.0"",""bf"":24,""pitches"":94,""competition"":""MLB_REGULAR_INFERRED""}]","{""last3Ks1"":1,""last3Ks2"":2,""last3Ks3"":8,""last3Ip1"":5,""last3Ip2"":6,""last3Ip3"":6,""last3Bf1"":26,""last3Bf2"":26,""last3Bf3"":24,""last5KsAvg"":3.8,""last5KsStd"":2.7129319932501077,""last5IpAvg"":5.6,""last5BfAvg"":25.2,""last5PitchCountAvg"":87.2,""pitchesLast3Starts"":269,""pitchesLast3Appearances"":269,""daysSinceLastStart"":7,""daysSinceLastAppearance"":7}","LINESCORE_DEFENSE_PITCHER","NOT_VERIFIABLE"
"824252","656427","2026-07-10","home","[{""gameId"":""822882"",""date"":""2026-07-04"",""pitcherId"":""656427"",""side"":""away"",""started"":true,""source"":""BOXSCORE_START"",""k"":5,""ip"":""5.2"",""bf"":21,""pitches"":88,""competition"":""MLB_REGULAR_INFERRED""},{""gameId"":""824256"",""date"":""2026-06-28"",""pitcherId"":""656427"",""side"":""home"",""started"":true,""source"":""BOXSCORE_START"",""k"":9,""ip"":""5.0"",""bf"":20,""pitches"":94,""competition"":""MLB_REGULAR_INFERRED""},{""gameId"":""824268"",""date"":""2026-06-07"",""pitcherId"":""656427"",""side"":""home"",""started"":true,""source"":""BOXSCORE_START"",""k"":7,""ip"":""5.0"",""bf"":22,""pitches"":87,""competition"":""MLB_REGULAR_INFERRED""}]","[{""gameId"":""822882"",""date"":""2026-07-04"",""pitcherId"":""656427"",""side"":""away"",""started"":true,""source"":""LIVE_APPEARANCE"",""k"":5,""ip"":""5.2"",""bf"":21,""pitches"":88,""competition"":""MLB_REGULAR_INFERRED""},{""gameId"":""824256"",""date"":""2026-06-28"",""pitcherId"":""656427"",""side"":""home"",""started"":true,""source"":""LIVE_APPEARANCE"",""k"":9,""ip"":""5.0"",""bf"":20,""pitches"":94,""competition"":""MLB_REGULAR_INFERRED""},{""gameId"":""824268"",""date"":""2026-06-07"",""pitcherId"":""656427"",""side"":""home"",""started"":true,""source"":""LIVE_APPEARANCE"",""k"":7,""ip"":""5.0"",""bf"":22,""pitches"":87,""competition"":""MLB_REGULAR_INFERRED""}]","{""last3Ks1"":5,""last3Ks2"":9,""last3Ks3"":7,""last3Ip1"":5.666666666666667,""last3Ip2"":5,""last3Ip3"":5,""last3Bf1"":21,""last3Bf2"":20,""last3Bf3"":22,""last5KsAvg"":7.2,""last5KsStd"":1.6,""last5IpAvg"":5.2666666666666675,""last5BfAvg"":21.8,""last5PitchCountAvg"":90.8,""pitchesLast3Starts"":269,""pitchesLast3Appearances"":269,""daysSinceLastStart"":6,""daysSinceLastAppearance"":6}","LINESCORE_DEFENSE_PITCHER","NOT_VERIFIABLE"
"824253","675512","2026-07-08","home","[{""gameId"":""824258"",""date"":""2026-06-25"",""pitcherId"":""675512"",""side"":""home"",""started"":true,""source"":""BOXSCORE_START"",""k"":6,""ip"":""6.0"",""bf"":20,""pitches"":88,""competition"":""MLB_REGULAR_INFERRED""},{""gameId"":""824263"",""date"":""2026-06-20"",""pitcherId"":""675512"",""side"":""home"",""started"":true,""source"":""BOXSCORE_START"",""k"":5,""ip"":""6.0"",""bf"":23,""pitches"":84,""competition"":""MLB_REGULAR_INFERRED""},{""gameId"":""824267"",""date"":""2026-06-09"",""pitcherId"":""675512"",""side"":""home"",""started"":true,""source"":""BOXSCORE_START"",""k"":5,""ip"":""5.0"",""bf"":23,""pitches"":88,""competition"":""MLB_REGULAR_INFERRED""}]","[{""gameId"":""823530"",""date"":""2026-07-01"",""pitcherId"":""675512"",""side"":""away"",""started"":false,""source"":""LIVE_APPEARANCE"",""k"":7,""ip"":""6.1"",""bf"":22,""pitches"":84,""competition"":""MLB_REGULAR_INFERRED""},{""gameId"":""824258"",""date"":""2026-06-25"",""pitcherId"":""675512"",""side"":""home"",""started"":true,""source"":""LIVE_APPEARANCE"",""k"":6,""ip"":""6.0"",""bf"":20,""pitches"":88,""competition"":""MLB_REGULAR_INFERRED""},{""gameId"":""824263"",""date"":""2026-06-20"",""pitcherId"":""675512"",""side"":""home"",""started"":true,""source"":""LIVE_APPEARANCE"",""k"":5,""ip"":""6.0"",""bf"":23,""pitches"":84,""competition"":""MLB_REGULAR_INFERRED""}]","{""last3Ks1"":6,""last3Ks2"":5,""last3Ks3"":5,""last3Ip1"":6,""last3Ip2"":6,""last3Ip3"":5,""last3Bf1"":20,""last3Bf2"":23,""last3Bf3"":23,""last5KsAvg"":4.4,""last5KsStd"":1.7435595774162693,""last5IpAvg"":6.4,""last5BfAvg"":24.6,""last5PitchCountAvg"":88.6,""pitchesLast3Starts"":260,""pitchesLast3Appearances"":256,""daysSinceLastStart"":13,""daysSinceLastAppearance"":7}","LINESCORE_DEFENSE_PITCHER","NOT_VERIFIABLE"
"824254","669373","2026-07-07","home","[{""gameId"":""824259"",""date"":""2026-06-24"",""pitcherId"":""669373"",""side"":""home"",""started"":true,""source"":""BOXSCORE_START"",""k"":9,""ip"":""6.0"",""bf"":22,""pitches"":85,""competition"":""MLB_REGULAR_INFERRED""},{""gameId"":""824264"",""date"":""2026-06-19"",""pitcherId"":""669373"",""side"":""home"",""started"":true,""source"":""BOXSCORE_START"",""k"":8,""ip"":""5.2"",""bf"":25,""pitches"":94,""competition"":""MLB_REGULAR_INFERRED""},{""gameId"":""824288"",""date"":""2026-04-23"",""pitcherId"":""669373"",""side"":""home"",""started"":true,""source"":""BOXSCORE_START"",""k"":5,""ip"":""6.0"",""bf"":24,""pitches"":94,""competition"":""MLB_REGULAR_INFERRED""}]","[{""gameId"":""823528"",""date"":""2026-06-30"",""pitcherId"":""669373"",""side"":""away"",""started"":false,""source"":""LIVE_APPEARANCE"",""k"":9,""ip"":""6.0"",""bf"":20,""pitches"":87,""competition"":""MLB_REGULAR_INFERRED""},{""gameId"":""824259"",""date"":""2026-06-24"",""pitcherId"":""669373"",""side"":""home"",""started"":true,""source"":""LIVE_APPEARANCE"",""k"":9,""ip"":""6.0"",""bf"":22,""pitches"":85,""competition"":""MLB_REGULAR_INFERRED""},{""gameId"":""824264"",""date"":""2026-06-19"",""pitcherId"":""669373"",""side"":""home"",""started"":true,""source"":""LIVE_APPEARANCE"",""k"":8,""ip"":""5.2"",""bf"":25,""pitches"":94,""competition"":""MLB_REGULAR_INFERRED""}]","{""last3Ks1"":9,""last3Ks2"":8,""last3Ks3"":5,""last3Ip1"":6,""last3Ip2"":5.666666666666667,""last3Ip3"":6,""last3Bf1"":22,""last3Bf2"":25,""last3Bf3"":24,""last5KsAvg"":7.8,""last5KsStd"":1.7204650534085253,""last5IpAvg"":6.066666666666667,""last5BfAvg"":23.6,""last5PitchCountAvg"":91.6,""pitchesLast3Starts"":273,""pitchesLast3Appearances"":266,""daysSinceLastStart"":13,""daysSinceLastAppearance"":7}","LINESCORE_DEFENSE_PITCHER","NOT_VERIFIABLE"
"824255","672456","2026-06-26","home","[{""gameId"":""824260"",""date"":""2026-06-21"",""pitcherId"":""672456"",""side"":""home"",""started"":true,""source"":""BOXSCORE_START"",""k"":3,""ip"":""7.0"",""bf"":27,""pitches"":76,""competition"":""MLB_REGULAR_INFERRED""},{""gameId"":""824269"",""date"":""2026-06-06"",""pitcherId"":""672456"",""side"":""home"",""started"":true,""source"":""BOXSCORE_START"",""k"":1,""ip"":""5.0"",""bf"":22,""pitches"":79,""competition"":""MLB_REGULAR_INFERRED""},{""gameId"":""824592"",""date"":""2026-05-31"",""pitcherId"":""672456"",""side"":""away"",""started"":true,""source"":""BOXSCORE_START"",""k"":4,""ip"":""6.0"",""bf"":20,""pitches"":65,""competition"":""MLB_REGULAR_INFERRED""}]","[{""gameId"":""824260"",""date"":""2026-06-21"",""pitcherId"":""672456"",""side"":""home"",""started"":true,""source"":""LIVE_APPEARANCE"",""k"":3,""ip"":""7.0"",""bf"":27,""pitches"":76,""competition"":""MLB_REGULAR_INFERRED""},{""gameId"":""824182"",""date"":""2026-06-16"",""pitcherId"":""672456"",""side"":""away"",""started"":false,""source"":""LIVE_APPEARANCE"",""k"":2,""ip"":""1.1"",""bf"":7,""pitches"":30,""competition"":""MLB_REGULAR_INFERRED""},{""gameId"":""824269"",""date"":""2026-06-06"",""pitcherId"":""672456"",""side"":""home"",""started"":true,""source"":""LIVE_APPEARANCE"",""k"":1,""ip"":""5.0"",""bf"":22,""pitches"":79,""competition"":""MLB_REGULAR_INFERRED""}]","{""last3Ks1"":3,""last3Ks2"":1,""last3Ks3"":4,""last3Ip1"":7,""last3Ip2"":5,""last3Ip3"":6,""last3Bf1"":27,""last3Bf2"":22,""last3Bf3"":20,""last5KsAvg"":3.2,""last5KsStd"":2.227105745132009,""last5IpAvg"":5.733333333333333,""last5BfAvg"":23.2,""last5PitchCountAvg"":78.8,""pitchesLast3Starts"":220,""pitchesLast3Appearances"":185,""daysSinceLastStart"":5,""daysSinceLastAppearance"":5}","LINESCORE_DEFENSE_PITCHER","NOT_VERIFIABLE"
"824256","656427","2026-06-28","home","[{""gameId"":""824268"",""date"":""2026-06-07"",""pitcherId"":""656427"",""side"":""home"",""started"":true,""source"":""BOXSCORE_START"",""k"":7,""ip"":""5.0"",""bf"":22,""pitches"":87,""competition"":""MLB_REGULAR_INFERRED""},{""gameId"":""822971"",""date"":""2026-06-02"",""pitcherId"":""656427"",""side"":""away"",""started"":true,""source"":""BOXSCORE_START"",""k"":6,""ip"":""5.0"",""bf"":22,""pitches"":94,""competition"":""MLB_REGULAR_INFERRED""},{""gameId"":""824272"",""date"":""2026-05-28"",""pitcherId"":""656427"",""side"":""home"",""started"":true,""source"":""BOXSCORE_START"",""k"":9,""ip"":""5.2"",""bf"":24,""pitches"":91,""competition"":""MLB_REGULAR_INFERRED""}]","[{""gameId"":""824268"",""date"":""2026-06-07"",""pitcherId"":""656427"",""side"":""home"",""started"":true,""source"":""LIVE_APPEARANCE"",""k"":7,""ip"":""5.0"",""bf"":22,""pitches"":87,""competition"":""MLB_REGULAR_INFERRED""},{""gameId"":""822971"",""date"":""2026-06-02"",""pitcherId"":""656427"",""side"":""away"",""started"":true,""source"":""LIVE_APPEARANCE"",""k"":6,""ip"":""5.0"",""bf"":22,""pitches"":94,""competition"":""MLB_REGULAR_INFERRED""},{""gameId"":""824272"",""date"":""2026-05-28"",""pitcherId"":""656427"",""side"":""home"",""started"":true,""source"":""LIVE_APPEARANCE"",""k"":9,""ip"":""5.2"",""bf"":24,""pitches"":91,""competition"":""MLB_REGULAR_INFERRED""}]","{""last3Ks1"":7,""last3Ks2"":6,""last3Ks3"":9,""last3Ip1"":5,""last3Ip2"":5,""last3Ip3"":5.666666666666667,""last3Bf1"":22,""last3Bf2"":22,""last3Bf3"":24,""last5KsAvg"":6.6,""last5KsStd"":1.624807680927192,""last5IpAvg"":5,""last5BfAvg"":22.2,""last5PitchCountAvg"":88,""pitchesLast3Starts"":272,""pitchesLast3Appearances"":272,""daysSinceLastStart"":21,""daysSinceLastAppearance"":21}","LINESCORE_DEFENSE_PITCHER","NOT_VERIFIABLE"
"824257","664285","2026-06-27","home","[{""gameId"":""824261"",""date"":""2026-06-22"",""pitcherId"":""664285"",""side"":""home"",""started"":true,""source"":""BOXSCORE_START"",""k"":8,""ip"":""6.0"",""bf"":24,""pitches"":94,""competition"":""MLB_REGULAR_INFERRED""},{""gameId"":""824182"",""date"":""2026-06-16"",""pitcherId"":""664285"",""side"":""away"",""started"":true,""source"":""BOXSCORE_START"",""k"":6,""ip"":""6.0"",""bf"":27,""pitches"":92,""competition"":""MLB_REGULAR_INFERRED""},{""gameId"":""824266"",""date"":""2026-06-10"",""pitcherId"":""664285"",""side"":""home"",""started"":true,""source"":""BOXSCORE_START"",""k"":2,""ip"":""5.0"",""bf"":23,""pitches"":75,""competition"":""MLB_REGULAR_INFERRED""}]","[{""gameId"":""824261"",""date"":""2026-06-22"",""pitcherId"":""664285"",""side"":""home"",""started"":true,""source"":""LIVE_APPEARANCE"",""k"":8,""ip"":""6.0"",""bf"":24,""pitches"":94,""competition"":""MLB_REGULAR_INFERRED""},{""gameId"":""824182"",""date"":""2026-06-16"",""pitcherId"":""664285"",""side"":""away"",""started"":true,""source"":""LIVE_APPEARANCE"",""k"":6,""ip"":""6.0"",""bf"":27,""pitches"":92,""competition"":""MLB_REGULAR_INFERRED""},{""gameId"":""824266"",""date"":""2026-06-10"",""pitcherId"":""664285"",""side"":""home"",""started"":true,""source"":""LIVE_APPEARANCE"",""k"":2,""ip"":""5.0"",""bf"":23,""pitches"":75,""competition"":""MLB_REGULAR_INFERRED""}]","{""last3Ks1"":8,""last3Ks2"":6,""last3Ks3"":2,""last3Ip1"":6,""last3Ip2"":6,""last3Ip3"":5,""last3Bf1"":24,""last3Bf2"":27,""last3Bf3"":23,""last5KsAvg"":5,""last5KsStd"":2,""last5IpAvg"":5.733333333333333,""last5BfAvg"":24.6,""last5PitchCountAvg"":90.4,""pitchesLast3Starts"":261,""pitchesLast3Appearances"":261,""daysSinceLastStart"":5,""daysSinceLastAppearance"":5}","LINESCORE_DEFENSE_PITCHER","NOT_VERIFIABLE"
"824259","669373","2026-06-24","home","[{""gameId"":""824264"",""date"":""2026-06-19"",""pitcherId"":""669373"",""side"":""home"",""started"":true,""source"":""BOXSCORE_START"",""k"":8,""ip"":""5.2"",""bf"":25,""pitches"":94,""competition"":""MLB_REGULAR_INFERRED""},{""gameId"":""824288"",""date"":""2026-04-23"",""pitcherId"":""669373"",""side"":""home"",""started"":true,""source"":""BOXSCORE_START"",""k"":5,""ip"":""6.0"",""bf"":24,""pitches"":94,""competition"":""MLB_REGULAR_INFERRED""},{""gameId"":""824775"",""date"":""2026-04-18"",""pitcherId"":""669373"",""side"":""away"",""started"":true,""source"":""BOXSCORE_START"",""k"":10,""ip"":""6.0"",""bf"":23,""pitches"":89,""competition"":""MLB_REGULAR_INFERRED""}]","[{""gameId"":""824264"",""date"":""2026-06-19"",""pitcherId"":""669373"",""side"":""home"",""started"":true,""source"":""LIVE_APPEARANCE"",""k"":8,""ip"":""5.2"",""bf"":25,""pitches"":94,""competition"":""MLB_REGULAR_INFERRED""},{""gameId"":""824288"",""date"":""2026-04-23"",""pitcherId"":""669373"",""side"":""home"",""started"":true,""source"":""LIVE_APPEARANCE"",""k"":5,""ip"":""6.0"",""bf"":24,""pitches"":94,""competition"":""MLB_REGULAR_INFERRED""},{""gameId"":""824775"",""date"":""2026-04-18"",""pitcherId"":""669373"",""side"":""away"",""started"":true,""source"":""LIVE_APPEARANCE"",""k"":10,""ip"":""6.0"",""bf"":23,""pitches"":89,""competition"":""MLB_REGULAR_INFERRED""}]","{""last3Ks1"":8,""last3Ks2"":5,""last3Ks3"":10,""last3Ip1"":5.666666666666667,""last3Ip2"":6,""last3Ip3"":6,""last3Bf1"":25,""last3Bf2"":24,""last3Bf3"":23,""last5KsAvg"":7.4,""last5KsStd"":1.624807680927192,""last5IpAvg"":5.800000000000001,""last5BfAvg"":24,""last5PitchCountAvg"":93.6,""pitchesLast3Starts"":277,""pitchesLast3Appearances"":277,""daysSinceLastStart"":5,""daysSinceLastAppearance"":5}","LINESCORE_DEFENSE_PITCHER","NOT_VERIFIABLE"
"824262","663554","2026-06-23","home","[{""gameId"":""824178"",""date"":""2026-06-17"",""pitcherId"":""663554"",""side"":""away"",""started"":true,""source"":""BOXSCORE_START"",""k"":3,""ip"":""4.2"",""bf"":21,""pitches"":86,""competition"":""MLB_REGULAR_INFERRED""},{""gameId"":""824270"",""date"":""2026-05-27"",""pitcherId"":""663554"",""side"":""home"",""started"":true,""source"":""BOXSCORE_START"",""k"":6,""ip"":""4.0"",""bf"":14,""pitches"":58,""competition"":""MLB_REGULAR_INFERRED""},{""gameId"":""824274"",""date"":""2026-05-21"",""pitcherId"":""663554"",""side"":""home"",""started"":true,""source"":""BOXSCORE_START"",""k"":4,""ip"":""6.2"",""bf"":24,""pitches"":95,""competition"":""MLB_REGULAR_INFERRED""}]","[{""gameId"":""824178"",""date"":""2026-06-17"",""pitcherId"":""663554"",""side"":""away"",""started"":true,""source"":""LIVE_APPEARANCE"",""k"":3,""ip"":""4.2"",""bf"":21,""pitches"":86,""competition"":""MLB_REGULAR_INFERRED""},{""gameId"":""824270"",""date"":""2026-05-27"",""pitcherId"":""663554"",""side"":""home"",""started"":true,""source"":""LIVE_APPEARANCE"",""k"":6,""ip"":""4.0"",""bf"":14,""pitches"":58,""competition"":""MLB_REGULAR_INFERRED""},{""gameId"":""824274"",""date"":""2026-05-21"",""pitcherId"":""663554"",""side"":""home"",""started"":true,""source"":""LIVE_APPEARANCE"",""k"":4,""ip"":""6.2"",""bf"":24,""pitches"":95,""competition"":""MLB_REGULAR_INFERRED""}]","{""last3Ks1"":3,""last3Ks2"":6,""last3Ks3"":4,""last3Ip1"":4.666666666666667,""last3Ip2"":4,""last3Ip3"":6.666666666666667,""last3Bf1"":21,""last3Bf2"":14,""last3Bf3"":24,""last5KsAvg"":4.8,""last5KsStd"":1.469693845669907,""last5IpAvg"":5.466666666666667,""last5BfAvg"":20.2,""last5PitchCountAvg"":79.6,""pitchesLast3Starts"":239,""pitchesLast3Appearances"":239,""daysSinceLastStart"":6,""daysSinceLastAppearance"":6}","LINESCORE_DEFENSE_PITCHER","NOT_VERIFIABLE"
"824327","687312","2026-07-22","home","[{""gameId"":""824332"",""date"":""2026-07-17"",""pitcherId"":""687312"",""side"":""home"",""started"":true,""source"":""BOXSCORE_START"",""k"":6,""ip"":""5.1"",""bf"":21,""pitches"":82,""competition"":""MLB_REGULAR_INFERRED""},{""gameId"":""823928"",""date"":""2026-07-08"",""pitcherId"":""687312"",""side"":""away"",""started"":true,""source"":""BOXSCORE_START"",""k"":7,""ip"":""6.0"",""bf"":24,""pitches"":94,""competition"":""MLB_REGULAR_INFERRED""}]","[{""gameId"":""824332"",""date"":""2026-07-17"",""pitcherId"":""687312"",""side"":""home"",""started"":true,""source"":""LIVE_APPEARANCE"",""k"":6,""ip"":""5.1"",""bf"":21,""pitches"":82,""competition"":""MLB_REGULAR_INFERRED""},{""gameId"":""823928"",""date"":""2026-07-08"",""pitcherId"":""687312"",""side"":""away"",""started"":true,""source"":""LIVE_APPEARANCE"",""k"":7,""ip"":""6.0"",""bf"":24,""pitches"":94,""competition"":""MLB_REGULAR_INFERRED""},{""gameId"":""824336"",""date"":""2026-07-03"",""pitcherId"":""687312"",""side"":""home"",""started"":false,""source"":""LIVE_APPEARANCE"",""k"":1,""ip"":""3.0"",""bf"":11,""pitches"":53,""competition"":""MLB_REGULAR_INFERRED""}]","{""last3Ks1"":6,""last3Ks2"":7,""last3Ks3"":null,""last3Ip1"":5.333333333333333,""last3Ip2"":6,""last3Ip3"":null,""last3Bf1"":21,""last3Bf2"":24,""last3Bf3"":null,""last5KsAvg"":6.5,""last5KsStd"":0.5,""last5IpAvg"":5.666666666666666,""last5BfAvg"":22.5,""last5PitchCountAvg"":88,""pitchesLast3Starts"":176,""pitchesLast3Appearances"":229,""daysSinceLastStart"":5,""daysSinceLastAppearance"":5}","LINESCORE_DEFENSE_PITCHER","NOT_VERIFIABLE"
"824329","547179","2026-07-21","home","[{""gameId"":""823199"",""date"":""2026-07-12"",""pitcherId"":""547179"",""side"":""away"",""started"":true,""source"":""BOXSCORE_START"",""k"":1,""ip"":""5.0"",""bf"":22,""pitches"":79,""competition"":""MLB_REGULAR_INFERRED""},{""gameId"":""823929"",""date"":""2026-07-07"",""pitcherId"":""547179"",""side"":""away"",""started"":true,""source"":""BOXSCORE_START"",""k"":5,""ip"":""6.0"",""bf"":27,""pitches"":95,""competition"":""MLB_REGULAR_INFERRED""},{""gameId"":""824335"",""date"":""2026-07-02"",""pitcherId"":""547179"",""side"":""home"",""started"":true,""source"":""BOXSCORE_START"",""k"":1,""ip"":""4.1"",""bf"":23,""pitches"":95,""competition"":""MLB_REGULAR_INFERRED""}]","[{""gameId"":""823199"",""date"":""2026-07-12"",""pitcherId"":""547179"",""side"":""away"",""started"":true,""source"":""LIVE_APPEARANCE"",""k"":1,""ip"":""5.0"",""bf"":22,""pitches"":79,""competition"":""MLB_REGULAR_INFERRED""},{""gameId"":""823929"",""date"":""2026-07-07"",""pitcherId"":""547179"",""side"":""away"",""started"":true,""source"":""LIVE_APPEARANCE"",""k"":5,""ip"":""6.0"",""bf"":27,""pitches"":95,""competition"":""MLB_REGULAR_INFERRED""},{""gameId"":""824335"",""date"":""2026-07-02"",""pitcherId"":""547179"",""side"":""home"",""started"":true,""source"":""LIVE_APPEARANCE"",""k"":1,""ip"":""4.1"",""bf"":23,""pitches"":95,""competition"":""MLB_REGULAR_INFERRED""}]","{""last3Ks1"":1,""last3Ks2"":5,""last3Ks3"":1,""last3Ip1"":5,""last3Ip2"":6,""last3Ip3"":4.333333333333333,""last3Bf1"":22,""last3Bf2"":27,""last3Bf3"":23,""last5KsAvg"":2.6,""last5KsStd"":1.9595917942265426,""last5IpAvg"":5.266666666666667,""last5BfAvg"":24.2,""last5PitchCountAvg"":90.2,""pitchesLast3Starts"":269,""pitchesLast3Appearances"":269,""daysSinceLastStart"":9,""daysSinceLastAppearance"":9}","LINESCORE_DEFENSE_PITCHER","NOT_VERIFIABLE"
"824330","663372","2026-07-19","home","[{""gameId"":""823201"",""date"":""2026-07-09"",""pitcherId"":""663372"",""side"":""away"",""started"":true,""source"":""BOXSCORE_START"",""k"":3,""ip"":""4.1"",""bf"":23,""pitches"":92,""competition"":""MLB_REGULAR_INFERRED""},{""gameId"":""824336"",""date"":""2026-07-03"",""pitcherId"":""663372"",""side"":""home"",""started"":true,""source"":""BOXSCORE_START"",""k"":9,""ip"":""6.0"",""bf"":24,""pitches"":88,""competition"":""MLB_REGULAR_INFERRED""},{""gameId"":""823686"",""date"":""2026-06-28"",""pitcherId"":""663372"",""side"":""away"",""started"":true,""source"":""BOXSCORE_START"",""k"":0,""ip"":""6.0"",""bf"":22,""pitches"":82,""competition"":""MLB_REGULAR_INFERRED""}]","[{""gameId"":""823201"",""date"":""2026-07-09"",""pitcherId"":""663372"",""side"":""away"",""started"":true,""source"":""LIVE_APPEARANCE"",""k"":3,""ip"":""4.1"",""bf"":23,""pitches"":92,""competition"":""MLB_REGULAR_INFERRED""},{""gameId"":""824336"",""date"":""2026-07-03"",""pitcherId"":""663372"",""side"":""home"",""started"":true,""source"":""LIVE_APPEARANCE"",""k"":9,""ip"":""6.0"",""bf"":24,""pitches"":88,""competition"":""MLB_REGULAR_INFERRED""},{""gameId"":""823686"",""date"":""2026-06-28"",""pitcherId"":""663372"",""side"":""away"",""started"":true,""source"":""LIVE_APPEARANCE"",""k"":0,""ip"":""6.0"",""bf"":22,""pitches"":82,""competition"":""MLB_REGULAR_INFERRED""}]","{""last3Ks1"":3,""last3Ks2"":9,""last3Ks3"":0,""last3Ip1"":4.333333333333333,""last3Ip2"":6,""last3Ip3"":6,""last3Bf1"":23,""last3Bf2"":24,""last3Bf3"":22,""last5KsAvg"":4.2,""last5KsStd"":3.3105890714493698,""last5IpAvg"":5.4,""last5BfAvg"":23.4,""last5PitchCountAvg"":91.8,""pitchesLast3Starts"":262,""pitchesLast3Appearances"":262,""daysSinceLastStart"":10,""daysSinceLastAppearance"":10}","LINESCORE_DEFENSE_PITCHER","NOT_VERIFIABLE"
"824332","687312","2026-07-17","home","[{""gameId"":""823928"",""date"":""2026-07-08"",""pitcherId"":""687312"",""side"":""away"",""started"":true,""source"":""BOXSCORE_START"",""k"":7,""ip"":""6.0"",""bf"":24,""pitches"":94,""competition"":""MLB_REGULAR_INFERRED""}]","[{""gameId"":""823928"",""date"":""2026-07-08"",""pitcherId"":""687312"",""side"":""away"",""started"":true,""source"":""LIVE_APPEARANCE"",""k"":7,""ip"":""6.0"",""bf"":24,""pitches"":94,""competition"":""MLB_REGULAR_INFERRED""},{""gameId"":""824336"",""date"":""2026-07-03"",""pitcherId"":""687312"",""side"":""home"",""started"":false,""source"":""LIVE_APPEARANCE"",""k"":1,""ip"":""3.0"",""bf"":11,""pitches"":53,""competition"":""MLB_REGULAR_INFERRED""}]","{""last3Ks1"":7,""last3Ks2"":null,""last3Ks3"":null,""last3Ip1"":6,""last3Ip2"":null,""last3Ip3"":null,""last3Bf1"":24,""last3Bf2"":null,""last3Bf3"":null,""last5KsAvg"":7,""last5KsStd"":0,""last5IpAvg"":6,""last5BfAvg"":24,""last5PitchCountAvg"":94,""pitchesLast3Starts"":94,""pitchesLast3Appearances"":147,""daysSinceLastStart"":9,""daysSinceLastAppearance"":9}","LINESCORE_DEFENSE_PITCHER","NOT_VERIFIABLE"
"824333","685299","2026-07-05","home","[{""gameId"":""824354"",""date"":""2026-05-31"",""pitcherId"":""685299"",""side"":""home"",""started"":true,""source"":""BOXSCORE_START"",""k"":2,""ip"":""3.0"",""bf"":17,""pitches"":75,""competition"":""MLB_REGULAR_INFERRED""}]","[{""gameId"":""824338"",""date"":""2026-06-30"",""pitcherId"":""685299"",""side"":""home"",""started"":false,""source"":""LIVE_APPEARANCE"",""k"":4,""ip"":""5.0"",""bf"":24,""pitches"":74,""competition"":""MLB_REGULAR_INFERRED""},{""gameId"":""824354"",""date"":""2026-05-31"",""pitcherId"":""685299"",""side"":""home"",""started"":true,""source"":""LIVE_APPEARANCE"",""k"":2,""ip"":""3.0"",""bf"":17,""pitches"":75,""competition"":""MLB_REGULAR_INFERRED""},{""gameId"":""824356"",""date"":""2026-05-19"",""pitcherId"":""685299"",""side"":""home"",""started"":false,""source"":""LIVE_APPEARANCE"",""k"":5,""ip"":""6.1"",""bf"":31,""pitches"":81,""competition"":""MLB_REGULAR_INFERRED""}]","{""last3Ks1"":2,""last3Ks2"":null,""last3Ks3"":null,""last3Ip1"":3,""last3Ip2"":null,""last3Ip3"":null,""last3Bf1"":17,""last3Bf2"":null,""last3Bf3"":null,""last5KsAvg"":2,""last5KsStd"":0,""last5IpAvg"":3,""last5BfAvg"":17,""last5PitchCountAvg"":75,""pitchesLast3Starts"":75,""pitchesLast3Appearances"":230,""daysSinceLastStart"":35,""daysSinceLastAppearance"":5}","LINESCORE_DEFENSE_PITCHER","NOT_VERIFIABLE"
"824335","547179","2026-07-02","home","[{""gameId"":""823689"",""date"":""2026-06-27"",""pitcherId"":""547179"",""side"":""away"",""started"":true,""source"":""BOXSCORE_START"",""k"":1,""ip"":""5.2"",""bf"":25,""pitches"":92,""competition"":""MLB_REGULAR_INFERRED""},{""gameId"":""824343"",""date"":""2026-06-21"",""pitcherId"":""547179"",""side"":""home"",""started"":true,""source"":""BOXSCORE_START"",""k"":5,""ip"":""5.1"",""bf"":24,""pitches"":90,""competition"":""MLB_REGULAR_INFERRED""},{""gameId"":""824666"",""date"":""2026-06-15"",""pitcherId"":""547179"",""side"":""away"",""started"":true,""source"":""BOXSCORE_START"",""k"":5,""ip"":""5.0"",""bf"":22,""pitches"":89,""competition"":""MLB_REGULAR_INFERRED""}]","[{""gameId"":""823689"",""date"":""2026-06-27"",""pitcherId"":""547179"",""side"":""away"",""started"":true,""source"":""LIVE_APPEARANCE"",""k"":1,""ip"":""5.2"",""bf"":25,""pitches"":92,""competition"":""MLB_REGULAR_INFERRED""},{""gameId"":""824343"",""date"":""2026-06-21"",""pitcherId"":""547179"",""side"":""home"",""started"":true,""source"":""LIVE_APPEARANCE"",""k"":5,""ip"":""5.1"",""bf"":24,""pitches"":90,""competition"":""MLB_REGULAR_INFERRED""},{""gameId"":""824666"",""date"":""2026-06-15"",""pitcherId"":""547179"",""side"":""away"",""started"":true,""source"":""LIVE_APPEARANCE"",""k"":5,""ip"":""5.0"",""bf"":22,""pitches"":89,""competition"":""MLB_REGULAR_INFERRED""}]","{""last3Ks1"":1,""last3Ks2"":5,""last3Ks3"":5,""last3Ip1"":5.666666666666667,""last3Ip2"":5.333333333333333,""last3Ip3"":5,""last3Bf1"":25,""last3Bf2"":24,""last3Bf3"":22,""last5KsAvg"":4.6,""last5KsStd"":1.9595917942265424,""last5IpAvg"":4.866666666666666,""last5BfAvg"":22.4,""last5PitchCountAvg"":88,""pitchesLast3Starts"":271,""pitchesLast3Appearances"":271,""daysSinceLastStart"":5,""daysSinceLastAppearance"":5}","LINESCORE_DEFENSE_PITCHER","NOT_VERIFIABLE"
"824336","663372","2026-07-03","home","[{""gameId"":""823686"",""date"":""2026-06-28"",""pitcherId"":""663372"",""side"":""away"",""started"":true,""source"":""BOXSCORE_START"",""k"":0,""ip"":""6.0"",""bf"":22,""pitches"":82,""competition"":""MLB_REGULAR_INFERRED""},{""gameId"":""824344"",""date"":""2026-06-22"",""pitcherId"":""663372"",""side"":""home"",""started"":true,""source"":""BOXSCORE_START"",""k"":2,""ip"":""6.0"",""bf"":25,""pitches"":93,""competition"":""MLB_REGULAR_INFERRED""},{""gameId"":""824667"",""date"":""2026-06-16"",""pitcherId"":""663372"",""side"":""away"",""started"":true,""source"":""BOXSCORE_START"",""k"":7,""ip"":""4.2"",""bf"":23,""pitches"":104,""competition"":""MLB_REGULAR_INFERRED""}]","[{""gameId"":""823686"",""date"":""2026-06-28"",""pitcherId"":""663372"",""side"":""away"",""started"":true,""source"":""LIVE_APPEARANCE"",""k"":0,""ip"":""6.0"",""bf"":22,""pitches"":82,""competition"":""MLB_REGULAR_INFERRED""},{""gameId"":""824344"",""date"":""2026-06-22"",""pitcherId"":""663372"",""side"":""home"",""started"":true,""source"":""LIVE_APPEARANCE"",""k"":2,""ip"":""6.0"",""bf"":25,""pitches"":93,""competition"":""MLB_REGULAR_INFERRED""},{""gameId"":""824667"",""date"":""2026-06-16"",""pitcherId"":""663372"",""side"":""away"",""started"":true,""source"":""LIVE_APPEARANCE"",""k"":7,""ip"":""4.2"",""bf"":23,""pitches"":104,""competition"":""MLB_REGULAR_INFERRED""}]","{""last3Ks1"":0,""last3Ks2"":2,""last3Ks3"":7,""last3Ip1"":6,""last3Ip2"":6,""last3Ip3"":4.666666666666667,""last3Bf1"":22,""last3Bf2"":25,""last3Bf3"":23,""last5KsAvg"":3,""last5KsStd"":2.3664319132398464,""last5IpAvg"":5.733333333333333,""last5BfAvg"":22.4,""last5PitchCountAvg"":84.6,""pitchesLast3Starts"":279,""pitchesLast3Appearances"":279,""daysSinceLastStart"":5,""daysSinceLastAppearance"":5}","LINESCORE_DEFENSE_PITCHER","NOT_VERIFIABLE"
"824339","807743","2026-06-29","home","[{""gameId"":""824340"",""date"":""2026-06-23"",""pitcherId"":""807743"",""side"":""home"",""started"":true,""source"":""BOXSCORE_START"",""k"":3,""ip"":""5.0"",""bf"":24,""pitches"":94,""competition"":""MLB_REGULAR_INFERRED""},{""gameId"":""824668"",""date"":""2026-06-17"",""pitcherId"":""807743"",""side"":""away"",""started"":true,""source"":""BOXSCORE_START"",""k"":2,""ip"":""4.0"",""bf"":23,""pitches"":82,""competition"":""MLB_REGULAR_INFERRED""}]","[{""gameId"":""824340"",""date"":""2026-06-23"",""pitcherId"":""807743"",""side"":""home"",""started"":true,""source"":""LIVE_APPEARANCE"",""k"":3,""ip"":""5.0"",""bf"":24,""pitches"":94,""competition"":""MLB_REGULAR_INFERRED""},{""gameId"":""824668"",""date"":""2026-06-17"",""pitcherId"":""807743"",""side"":""away"",""started"":true,""source"":""LIVE_APPEARANCE"",""k"":2,""ip"":""4.0"",""bf"":23,""pitches"":82,""competition"":""MLB_REGULAR_INFERRED""}]","{""last3Ks1"":3,""last3Ks2"":2,""last3Ks3"":null,""last3Ip1"":5,""last3Ip2"":4,""last3Ip3"":null,""last3Bf1"":24,""last3Bf2"":23,""last3Bf3"":null,""last5KsAvg"":2.5,""last5KsStd"":0.5,""last5IpAvg"":4.5,""last5BfAvg"":23.5,""last5PitchCountAvg"":88,""pitchesLast3Starts"":176,""pitchesLast3Appearances"":176,""daysSinceLastStart"":6,""daysSinceLastAppearance"":6}","LINESCORE_DEFENSE_PITCHER","NOT_VERIFIABLE"
"824340","807743","2026-06-23","home","[{""gameId"":""824668"",""date"":""2026-06-17"",""pitcherId"":""807743"",""side"":""away"",""started"":true,""source"":""BOXSCORE_START"",""k"":2,""ip"":""4.0"",""bf"":23,""pitches"":82,""competition"":""MLB_REGULAR_INFERRED""}]","[{""gameId"":""824668"",""date"":""2026-06-17"",""pitcherId"":""807743"",""side"":""away"",""started"":true,""source"":""LIVE_APPEARANCE"",""k"":2,""ip"":""4.0"",""bf"":23,""pitches"":82,""competition"":""MLB_REGULAR_INFERRED""}]","{""last3Ks1"":2,""last3Ks2"":null,""last3Ks3"":null,""last3Ip1"":4,""last3Ip2"":null,""last3Ip3"":null,""last3Bf1"":23,""last3Bf2"":null,""last3Bf3"":null,""last5KsAvg"":2,""last5KsStd"":0,""last5IpAvg"":4,""last5BfAvg"":23,""last5PitchCountAvg"":82,""pitchesLast3Starts"":82,""pitchesLast3Appearances"":82,""daysSinceLastStart"":6,""daysSinceLastAppearance"":6}","LINESCORE_DEFENSE_PITCHER","NOT_VERIFIABLE"
"824341","607536","2026-06-24","home","[{""gameId"":""824345"",""date"":""2026-06-19"",""pitcherId"":""607536"",""side"":""home"",""started"":true,""source"":""BOXSCORE_START"",""k"":8,""ip"":""7.1"",""bf"":26,""pitches"":81,""competition"":""MLB_REGULAR_INFERRED""},{""gameId"":""824349"",""date"":""2026-06-07"",""pitcherId"":""607536"",""side"":""home"",""started"":true,""source"":""BOXSCORE_START"",""k"":2,""ip"":""5.0"",""bf"":22,""pitches"":89,""competition"":""MLB_REGULAR_INFERRED""},{""gameId"":""824027"",""date"":""2026-06-01"",""pitcherId"":""607536"",""side"":""away"",""started"":true,""source"":""BOXSCORE_START"",""k"":4,""ip"":""5.2"",""bf"":28,""pitches"":91,""competition"":""MLB_REGULAR_INFERRED""}]","[{""gameId"":""824345"",""date"":""2026-06-19"",""pitcherId"":""607536"",""side"":""home"",""started"":true,""source"":""LIVE_APPEARANCE"",""k"":8,""ip"":""7.1"",""bf"":26,""pitches"":81,""competition"":""MLB_REGULAR_INFERRED""},{""gameId"":""824349"",""date"":""2026-06-07"",""pitcherId"":""607536"",""side"":""home"",""started"":true,""source"":""LIVE_APPEARANCE"",""k"":2,""ip"":""5.0"",""bf"":22,""pitches"":89,""competition"":""MLB_REGULAR_INFERRED""},{""gameId"":""824027"",""date"":""2026-06-01"",""pitcherId"":""607536"",""side"":""away"",""started"":true,""source"":""LIVE_APPEARANCE"",""k"":4,""ip"":""5.2"",""bf"":28,""pitches"":91,""competition"":""MLB_REGULAR_INFERRED""}]","{""last3Ks1"":8,""last3Ks2"":2,""last3Ks3"":4,""last3Ip1"":7.333333333333333,""last3Ip2"":5,""last3Ip3"":5.666666666666667,""last3Bf1"":26,""last3Bf2"":22,""last3Bf3"":28,""last5KsAvg"":4.4,""last5KsStd"":1.9595917942265424,""last5IpAvg"":5.333333333333334,""last5BfAvg"":24,""last5PitchCountAvg"":86.2,""pitchesLast3Starts"":261,""pitchesLast3Appearances"":261,""daysSinceLastStart"":5,""daysSinceLastAppearance"":5}","LINESCORE_DEFENSE_PITCHER","NOT_VERIFIABLE"
"824406","668909","2026-07-23","home","[{""gameId"":""823683"",""date"":""2026-07-09"",""pitcherId"":""668909"",""side"":""away"",""started"":true,""source"":""BOXSCORE_START"",""k"":11,""ip"":""7.0"",""bf"":26,""pitches"":103,""competition"":""MLB_REGULAR_INFERRED""},{""gameId"":""824417"",""date"":""2026-07-03"",""pitcherId"":""668909"",""side"":""home"",""started"":true,""source"":""BOXSCORE_START"",""k"":6,""ip"":""4.2"",""bf"":20,""pitches"":79,""competition"":""MLB_REGULAR_INFERRED""},{""gameId"":""824422"",""date"":""2026-06-28"",""pitcherId"":""668909"",""side"":""home"",""started"":true,""source"":""BOXSCORE_START"",""k"":6,""ip"":""5.0"",""bf"":25,""pitches"":103,""competition"":""MLB_REGULAR_INFERRED""}]","[{""gameId"":""824414"",""date"":""2026-07-18"",""pitcherId"":""668909"",""side"":""home"",""started"":false,""source"":""LIVE_APPEARANCE"",""k"":11,""ip"":""6.0"",""bf"":25,""pitches"":84,""competition"":""MLB_REGULAR_INFERRED""},{""gameId"":""824414"",""date"":""2026-07-17"",""pitcherId"":""668909"",""side"":""home"",""started"":false,""source"":""LIVE_APPEARANCE"",""k"":11,""ip"":""6.0"",""bf"":25,""pitches"":84,""competition"":""MLB_REGULAR_INFERRED""},{""gameId"":""823683"",""date"":""2026-07-09"",""pitcherId"":""668909"",""side"":""away"",""started"":true,""source"":""LIVE_APPEARANCE"",""k"":11,""ip"":""7.0"",""bf"":26,""pitches"":103,""competition"":""MLB_REGULAR_INFERRED""}]","{""last3Ks1"":11,""last3Ks2"":6,""last3Ks3"":6,""last3Ip1"":7,""last3Ip2"":4.666666666666667,""last3Ip3"":5,""last3Bf1"":26,""last3Bf2"":20,""last3Bf3"":25,""last5KsAvg"":7,""last5KsStd"":2.3664319132398464,""last5IpAvg"":5.333333333333334,""last5BfAvg"":23,""last5PitchCountAvg"":93.4,""pitchesLast3Starts"":285,""pitchesLast3Appearances"":271,""daysSinceLastStart"":14,""daysSinceLastAppearance"":5}","LINESCORE_DEFENSE_PITCHER","NOT_VERIFIABLE"
"824408","677944","2026-07-22","home","[{""gameId"":""823684"",""date"":""2026-07-08"",""pitcherId"":""677944"",""side"":""away"",""started"":true,""source"":""BOXSCORE_START"",""k"":4,""ip"":""3.2"",""bf"":17,""pitches"":67,""competition"":""MLB_REGULAR_INFERRED""},{""gameId"":""824416"",""date"":""2026-07-02"",""pitcherId"":""677944"",""side"":""home"",""started"":true,""source"":""BOXSCORE_START"",""k"":3,""ip"":""5.0"",""bf"":25,""pitches"":100,""competition"":""MLB_REGULAR_INFERRED""},{""gameId"":""824421"",""date"":""2026-06-27"",""pitcherId"":""677944"",""side"":""home"",""started"":true,""source"":""BOXSCORE_START"",""k"":4,""ip"":""6.0"",""bf"":24,""pitches"":87,""competition"":""MLB_REGULAR_INFERRED""}]","[{""gameId"":""823684"",""date"":""2026-07-08"",""pitcherId"":""677944"",""side"":""away"",""started"":true,""source"":""LIVE_APPEARANCE"",""k"":4,""ip"":""3.2"",""bf"":17,""pitches"":67,""competition"":""MLB_REGULAR_INFERRED""},{""gameId"":""824416"",""date"":""2026-07-02"",""pitcherId"":""677944"",""side"":""home"",""started"":true,""source"":""LIVE_APPEARANCE"",""k"":3,""ip"":""5.0"",""bf"":25,""pitches"":100,""competition"":""MLB_REGULAR_INFERRED""},{""gameId"":""824421"",""date"":""2026-06-27"",""pitcherId"":""677944"",""side"":""home"",""started"":true,""source"":""LIVE_APPEARANCE"",""k"":4,""ip"":""6.0"",""bf"":24,""pitches"":87,""competition"":""MLB_REGULAR_INFERRED""}]","{""last3Ks1"":4,""last3Ks2"":3,""last3Ks3"":4,""last3Ip1"":3.6666666666666665,""last3Ip2"":5,""last3Ip3"":6,""last3Bf1"":17,""last3Bf2"":25,""last3Bf3"":24,""last5KsAvg"":3.2,""last5KsStd"":1.16619037896906,""last5IpAvg"":5.266666666666667,""last5BfAvg"":22.6,""last5PitchCountAvg"":83,""pitchesLast3Starts"":254,""pitchesLast3Appearances"":254,""daysSinceLastStart"":14,""daysSinceLastAppearance"":14}","LINESCORE_DEFENSE_PITCHER","NOT_VERIFIABLE"
"824409","800048","2026-07-21","home","[{""gameId"":""823845"",""date"":""2026-07-10"",""pitcherId"":""800048"",""side"":""away"",""started"":true,""source"":""BOXSCORE_START"",""k"":1,""ip"":""6.0"",""bf"":22,""pitches"":91,""competition"":""MLB_REGULAR_INFERRED""},{""gameId"":""824415"",""date"":""2026-07-04"",""pitcherId"":""800048"",""side"":""home"",""started"":true,""source"":""BOXSCORE_START"",""k"":3,""ip"":""5.0"",""bf"":23,""pitches"":100,""competition"":""MLB_REGULAR_INFERRED""},{""gameId"":""824420"",""date"":""2026-06-29"",""pitcherId"":""800048"",""side"":""home"",""started"":true,""source"":""BOXSCORE_START"",""k"":5,""ip"":""6.2"",""bf"":28,""pitches"":83,""competition"":""MLB_REGULAR_INFERRED""}]","[{""gameId"":""823845"",""date"":""2026-07-10"",""pitcherId"":""800048"",""side"":""away"",""started"":true,""source"":""LIVE_APPEARANCE"",""k"":1,""ip"":""6.0"",""bf"":22,""pitches"":91,""competition"":""MLB_REGULAR_INFERRED""},{""gameId"":""824415"",""date"":""2026-07-04"",""pitcherId"":""800048"",""side"":""home"",""started"":true,""source"":""LIVE_APPEARANCE"",""k"":3,""ip"":""5.0"",""bf"":23,""pitches"":100,""competition"":""MLB_REGULAR_INFERRED""},{""gameId"":""824420"",""date"":""2026-06-29"",""pitcherId"":""800048"",""side"":""home"",""started"":true,""source"":""LIVE_APPEARANCE"",""k"":5,""ip"":""6.2"",""bf"":28,""pitches"":83,""competition"":""MLB_REGULAR_INFERRED""}]","{""last3Ks1"":1,""last3Ks2"":3,""last3Ks3"":5,""last3Ip1"":6,""last3Ip2"":5,""last3Ip3"":6.666666666666667,""last3Bf1"":22,""last3Bf2"":23,""last3Bf3"":28,""last5KsAvg"":5.6,""last5KsStd"":3.4409301068170506,""last5IpAvg"":6.2666666666666675,""last5BfAvg"":25,""last5PitchCountAvg"":93,""pitchesLast3Starts"":274,""pitchesLast3Appearances"":274,""daysSinceLastStart"":11,""daysSinceLastAppearance"":11}","LINESCORE_DEFENSE_PITCHER","NOT_VERIFIABLE"
"824416","677944","2026-07-02","home","[{""gameId"":""824421"",""date"":""2026-06-27"",""pitcherId"":""677944"",""side"":""home"",""started"":true,""source"":""BOXSCORE_START"",""k"":4,""ip"":""6.0"",""bf"":24,""pitches"":87,""competition"":""MLB_REGULAR_INFERRED""},{""gameId"":""824177"",""date"":""2026-06-21"",""pitcherId"":""677944"",""side"":""away"",""started"":true,""source"":""BOXSCORE_START"",""k"":1,""ip"":""6.0"",""bf"":25,""pitches"":79,""competition"":""MLB_REGULAR_INFERRED""},{""gameId"":""823775"",""date"":""2026-06-16"",""pitcherId"":""677944"",""side"":""away"",""started"":true,""source"":""BOXSCORE_START"",""k"":4,""ip"":""5.2"",""bf"":22,""pitches"":82,""competition"":""MLB_REGULAR_INFERRED""}]","[{""gameId"":""824421"",""date"":""2026-06-27"",""pitcherId"":""677944"",""side"":""home"",""started"":true,""source"":""LIVE_APPEARANCE"",""k"":4,""ip"":""6.0"",""bf"":24,""pitches"":87,""competition"":""MLB_REGULAR_INFERRED""},{""gameId"":""824177"",""date"":""2026-06-21"",""pitcherId"":""677944"",""side"":""away"",""started"":true,""source"":""LIVE_APPEARANCE"",""k"":1,""ip"":""6.0"",""bf"":25,""pitches"":79,""competition"":""MLB_REGULAR_INFERRED""},{""gameId"":""823775"",""date"":""2026-06-16"",""pitcherId"":""677944"",""side"":""away"",""started"":true,""source"":""LIVE_APPEARANCE"",""k"":4,""ip"":""5.2"",""bf"":22,""pitches"":82,""competition"":""MLB_REGULAR_INFERRED""}]","{""last3Ks1"":4,""last3Ks2"":1,""last3Ks3"":4,""last3Ip1"":6,""last3Ip2"":6,""last3Ip3"":5.666666666666667,""last3Bf1"":24,""last3Bf2"":25,""last3Bf3"":22,""last5KsAvg"":4,""last5KsStd"":1.8973665961010275,""last5IpAvg"":5.733333333333333,""last5BfAvg"":23,""last5PitchCountAvg"":83.4,""pitchesLast3Starts"":248,""pitchesLast3Appearances"":248,""daysSinceLastStart"":5,""daysSinceLastAppearance"":5}","LINESCORE_DEFENSE_PITCHER","NOT_VERIFIABLE"
"824417","668909","2026-07-03","home","[{""gameId"":""824422"",""date"":""2026-06-28"",""pitcherId"":""668909"",""side"":""home"",""started"":true,""source"":""BOXSCORE_START"",""k"":6,""ip"":""5.0"",""bf"":25,""pitches"":103,""competition"":""MLB_REGULAR_INFERRED""},{""gameId"":""824585"",""date"":""2026-06-22"",""pitcherId"":""668909"",""side"":""away"",""started"":true,""source"":""BOXSCORE_START"",""k"":8,""ip"":""5.0"",""bf"":20,""pitches"":95,""competition"":""MLB_REGULAR_INFERRED""},{""gameId"":""823774"",""date"":""2026-06-17"",""pitcherId"":""668909"",""side"":""away"",""started"":true,""source"":""BOXSCORE_START"",""k"":4,""ip"":""5.0"",""bf"":24,""pitches"":87,""competition"":""MLB_REGULAR_INFERRED""}]","[{""gameId"":""824422"",""date"":""2026-06-28"",""pitcherId"":""668909"",""side"":""home"",""started"":true,""source"":""LIVE_APPEARANCE"",""k"":6,""ip"":""5.0"",""bf"":25,""pitches"":103,""competition"":""MLB_REGULAR_INFERRED""},{""gameId"":""824585"",""date"":""2026-06-22"",""pitcherId"":""668909"",""side"":""away"",""started"":true,""source"":""LIVE_APPEARANCE"",""k"":8,""ip"":""5.0"",""bf"":20,""pitches"":95,""competition"":""MLB_REGULAR_INFERRED""},{""gameId"":""823774"",""date"":""2026-06-17"",""pitcherId"":""668909"",""side"":""away"",""started"":true,""source"":""LIVE_APPEARANCE"",""k"":4,""ip"":""5.0"",""bf"":24,""pitches"":87,""competition"":""MLB_REGULAR_INFERRED""}]","{""last3Ks1"":6,""last3Ks2"":8,""last3Ks3"":4,""last3Ip1"":5,""last3Ip2"":5,""last3Ip3"":5,""last3Bf1"":25,""last3Bf2"":20,""last3Bf3"":24,""last5KsAvg"":5.8,""last5KsStd"":1.32664991614216,""last5IpAvg"":5.066666666666666,""last5BfAvg"":22.2,""last5PitchCountAvg"":94.2,""pitchesLast3Starts"":285,""pitchesLast3Appearances"":285,""daysSinceLastStart"":5,""daysSinceLastAppearance"":5}","LINESCORE_DEFENSE_PITCHER","NOT_VERIFIABLE"
"824419","676282","2026-07-01","home","[{""gameId"":""824423"",""date"":""2026-06-26"",""pitcherId"":""676282"",""side"":""home"",""started"":true,""source"":""BOXSCORE_START"",""k"":9,""ip"":""6.0"",""bf"":20,""pitches"":90,""competition"":""MLB_REGULAR_INFERRED""},{""gameId"":""824180"",""date"":""2026-06-20"",""pitcherId"":""676282"",""side"":""away"",""started"":true,""source"":""BOXSCORE_START"",""k"":9,""ip"":""8.0"",""bf"":28,""pitches"":98,""competition"":""MLB_REGULAR_INFERRED""},{""gameId"":""822890"",""date"":""2026-06-07"",""pitcherId"":""676282"",""side"":""away"",""started"":true,""source"":""BOXSCORE_START"",""k"":7,""ip"":""5.0"",""bf"":25,""pitches"":97,""competition"":""MLB_REGULAR_INFERRED""}]","[{""gameId"":""824423"",""date"":""2026-06-26"",""pitcherId"":""676282"",""side"":""home"",""started"":true,""source"":""LIVE_APPEARANCE"",""k"":9,""ip"":""6.0"",""bf"":20,""pitches"":90,""competition"":""MLB_REGULAR_INFERRED""},{""gameId"":""824180"",""date"":""2026-06-20"",""pitcherId"":""676282"",""side"":""away"",""started"":true,""source"":""LIVE_APPEARANCE"",""k"":9,""ip"":""8.0"",""bf"":28,""pitches"":98,""competition"":""MLB_REGULAR_INFERRED""},{""gameId"":""822890"",""date"":""2026-06-07"",""pitcherId"":""676282"",""side"":""away"",""started"":true,""source"":""LIVE_APPEARANCE"",""k"":7,""ip"":""5.0"",""bf"":25,""pitches"":97,""competition"":""MLB_REGULAR_INFERRED""}]","{""last3Ks1"":9,""last3Ks2"":9,""last3Ks3"":7,""last3Ip1"":6,""last3Ip2"":8,""last3Ip3"":5,""last3Bf1"":20,""last3Bf2"":28,""last3Bf3"":25,""last5KsAvg"":6,""last5KsStd"":3.0983866769659336,""last5IpAvg"":5,""last5BfAvg"":21.2,""last5PitchCountAvg"":89,""pitchesLast3Starts"":285,""pitchesLast3Appearances"":285,""daysSinceLastStart"":5,""daysSinceLastAppearance"":5}","LINESCORE_DEFENSE_PITCHER","NOT_VERIFIABLE"
"824420","800048","2026-06-29","home","[{""gameId"":""824584"",""date"":""2026-06-23"",""pitcherId"":""800048"",""side"":""away"",""started"":true,""source"":""BOXSCORE_START"",""k"":10,""ip"":""7.2"",""bf"":27,""pitches"":95,""competition"":""MLB_REGULAR_INFERRED""},{""gameId"":""823772"",""date"":""2026-06-18"",""pitcherId"":""800048"",""side"":""away"",""started"":true,""source"":""BOXSCORE_START"",""k"":9,""ip"":""6.0"",""bf"":25,""pitches"":96,""competition"":""MLB_REGULAR_INFERRED""},{""gameId"":""824428"",""date"":""2026-06-10"",""pitcherId"":""800048"",""side"":""home"",""started"":true,""source"":""BOXSCORE_START"",""k"":4,""ip"":""5.2"",""bf"":25,""pitches"":100,""competition"":""MLB_REGULAR_INFERRED""}]","[{""gameId"":""824584"",""date"":""2026-06-23"",""pitcherId"":""800048"",""side"":""away"",""started"":true,""source"":""LIVE_APPEARANCE"",""k"":10,""ip"":""7.2"",""bf"":27,""pitches"":95,""competition"":""MLB_REGULAR_INFERRED""},{""gameId"":""823772"",""date"":""2026-06-18"",""pitcherId"":""800048"",""side"":""away"",""started"":true,""source"":""LIVE_APPEARANCE"",""k"":9,""ip"":""6.0"",""bf"":25,""pitches"":96,""competition"":""MLB_REGULAR_INFERRED""},{""gameId"":""824428"",""date"":""2026-06-10"",""pitcherId"":""800048"",""side"":""home"",""started"":true,""source"":""LIVE_APPEARANCE"",""k"":4,""ip"":""5.2"",""bf"":25,""pitches"":100,""competition"":""MLB_REGULAR_INFERRED""}]","{""last3Ks1"":10,""last3Ks2"":9,""last3Ks3"":4,""last3Ip1"":7.666666666666667,""last3Ip2"":6,""last3Ip3"":5.666666666666667,""last3Bf1"":27,""last3Bf2"":25,""last3Bf3"":25,""last5KsAvg"":6.2,""last5KsStd"":2.7129319932501073,""last5IpAvg"":6.000000000000001,""last5BfAvg"":24.4,""last5PitchCountAvg"":93.8,""pitchesLast3Starts"":291,""pitchesLast3Appearances"":291,""daysSinceLastStart"":6,""daysSinceLastAppearance"":6}","LINESCORE_DEFENSE_PITCHER","NOT_VERIFIABLE"
"824421","677944","2026-06-27","home","[{""gameId"":""824177"",""date"":""2026-06-21"",""pitcherId"":""677944"",""side"":""away"",""started"":true,""source"":""BOXSCORE_START"",""k"":1,""ip"":""6.0"",""bf"":25,""pitches"":79,""competition"":""MLB_REGULAR_INFERRED""},{""gameId"":""823775"",""date"":""2026-06-16"",""pitcherId"":""677944"",""side"":""away"",""started"":true,""source"":""BOXSCORE_START"",""k"":4,""ip"":""5.2"",""bf"":22,""pitches"":82,""competition"":""MLB_REGULAR_INFERRED""},{""gameId"":""824429"",""date"":""2026-06-09"",""pitcherId"":""677944"",""side"":""home"",""started"":true,""source"":""BOXSCORE_START"",""k"":7,""ip"":""5.0"",""bf"":23,""pitches"":87,""competition"":""MLB_REGULAR_INFERRED""}]","[{""gameId"":""824177"",""date"":""2026-06-21"",""pitcherId"":""677944"",""side"":""away"",""started"":true,""source"":""LIVE_APPEARANCE"",""k"":1,""ip"":""6.0"",""bf"":25,""pitches"":79,""competition"":""MLB_REGULAR_INFERRED""},{""gameId"":""823775"",""date"":""2026-06-16"",""pitcherId"":""677944"",""side"":""away"",""started"":true,""source"":""LIVE_APPEARANCE"",""k"":4,""ip"":""5.2"",""bf"":22,""pitches"":82,""competition"":""MLB_REGULAR_INFERRED""},{""gameId"":""824429"",""date"":""2026-06-09"",""pitcherId"":""677944"",""side"":""home"",""started"":true,""source"":""LIVE_APPEARANCE"",""k"":7,""ip"":""5.0"",""bf"":23,""pitches"":87,""competition"":""MLB_REGULAR_INFERRED""}]","{""last3Ks1"":1,""last3Ks2"":4,""last3Ks3"":7,""last3Ip1"":6,""last3Ip2"":5.666666666666667,""last3Ip3"":5,""last3Bf1"":25,""last3Bf2"":22,""last3Bf3"":23,""last5KsAvg"":3.8,""last5KsStd"":1.9390719429665317,""last5IpAvg"":5.4,""last5BfAvg"":22,""last5PitchCountAvg"":79.8,""pitchesLast3Starts"":248,""pitchesLast3Appearances"":248,""daysSinceLastStart"":6,""daysSinceLastAppearance"":6}","LINESCORE_DEFENSE_PITCHER","NOT_VERIFIABLE"
"824422","668909","2026-06-28","home","[{""gameId"":""824585"",""date"":""2026-06-22"",""pitcherId"":""668909"",""side"":""away"",""started"":true,""source"":""BOXSCORE_START"",""k"":8,""ip"":""5.0"",""bf"":20,""pitches"":95,""competition"":""MLB_REGULAR_INFERRED""},{""gameId"":""823774"",""date"":""2026-06-17"",""pitcherId"":""668909"",""side"":""away"",""started"":true,""source"":""BOXSCORE_START"",""k"":4,""ip"":""5.0"",""bf"":24,""pitches"":87,""competition"":""MLB_REGULAR_INFERRED""},{""gameId"":""824427"",""date"":""2026-06-08"",""pitcherId"":""668909"",""side"":""home"",""started"":true,""source"":""BOXSCORE_START"",""k"":5,""ip"":""5.0"",""bf"":21,""pitches"":90,""competition"":""MLB_REGULAR_INFERRED""}]","[{""gameId"":""824585"",""date"":""2026-06-22"",""pitcherId"":""668909"",""side"":""away"",""started"":true,""source"":""LIVE_APPEARANCE"",""k"":8,""ip"":""5.0"",""bf"":20,""pitches"":95,""competition"":""MLB_REGULAR_INFERRED""},{""gameId"":""823774"",""date"":""2026-06-17"",""pitcherId"":""668909"",""side"":""away"",""started"":true,""source"":""LIVE_APPEARANCE"",""k"":4,""ip"":""5.0"",""bf"":24,""pitches"":87,""competition"":""MLB_REGULAR_INFERRED""},{""gameId"":""824427"",""date"":""2026-06-08"",""pitcherId"":""668909"",""side"":""home"",""started"":true,""source"":""LIVE_APPEARANCE"",""k"":5,""ip"":""5.0"",""bf"":21,""pitches"":90,""competition"":""MLB_REGULAR_INFERRED""}]","{""last3Ks1"":8,""last3Ks2"":4,""last3Ks3"":5,""last3Ip1"":5,""last3Ip2"":5,""last3Ip3"":5,""last3Bf1"":20,""last3Bf2"":24,""last3Bf3"":21,""last5KsAvg"":5.4,""last5KsStd"":1.4966629547095764,""last5IpAvg"":5.466666666666667,""last5BfAvg"":22.4,""last5PitchCountAvg"":92.4,""pitchesLast3Starts"":272,""pitchesLast3Appearances"":272,""daysSinceLastStart"":6,""daysSinceLastAppearance"":6}","LINESCORE_DEFENSE_PITCHER","NOT_VERIFIABLE"
"824423","676282","2026-06-26","home","[{""gameId"":""824180"",""date"":""2026-06-20"",""pitcherId"":""676282"",""side"":""away"",""started"":true,""source"":""BOXSCORE_START"",""k"":9,""ip"":""8.0"",""bf"":28,""pitches"":98,""competition"":""MLB_REGULAR_INFERRED""},{""gameId"":""822890"",""date"":""2026-06-07"",""pitcherId"":""676282"",""side"":""away"",""started"":true,""source"":""BOXSCORE_START"",""k"":7,""ip"":""5.0"",""bf"":25,""pitches"":97,""competition"":""MLB_REGULAR_INFERRED""},{""gameId"":""823541"",""date"":""2026-06-02"",""pitcherId"":""676282"",""side"":""away"",""started"":true,""source"":""BOXSCORE_START"",""k"":4,""ip"":""4.0"",""bf"":21,""pitches"":91,""competition"":""MLB_REGULAR_INFERRED""}]","[{""gameId"":""824180"",""date"":""2026-06-20"",""pitcherId"":""676282"",""side"":""away"",""started"":true,""source"":""LIVE_APPEARANCE"",""k"":9,""ip"":""8.0"",""bf"":28,""pitches"":98,""competition"":""MLB_REGULAR_INFERRED""},{""gameId"":""822890"",""date"":""2026-06-07"",""pitcherId"":""676282"",""side"":""away"",""started"":true,""source"":""LIVE_APPEARANCE"",""k"":7,""ip"":""5.0"",""bf"":25,""pitches"":97,""competition"":""MLB_REGULAR_INFERRED""},{""gameId"":""823541"",""date"":""2026-06-02"",""pitcherId"":""676282"",""side"":""away"",""started"":true,""source"":""LIVE_APPEARANCE"",""k"":4,""ip"":""4.0"",""bf"":21,""pitches"":91,""competition"":""MLB_REGULAR_INFERRED""}]","{""last3Ks1"":9,""last3Ks2"":7,""last3Ks3"":4,""last3Ip1"":8,""last3Ip2"":5,""last3Ip3"":4,""last3Bf1"":28,""last3Bf2"":25,""last3Bf3"":21,""last5KsAvg"":5.4,""last5KsStd"":2.727636339397171,""last5IpAvg"":4.933333333333334,""last5BfAvg"":21.8,""last5PitchCountAvg"":90.6,""pitchesLast3Starts"":286,""pitchesLast3Appearances"":286,""daysSinceLastStart"":6,""daysSinceLastAppearance"":6}","LINESCORE_DEFENSE_PITCHER","NOT_VERIFIABLE"
"824491","671096","2026-07-12","home","[{""gameId"":""824495"",""date"":""2026-07-07"",""pitcherId"":""671096"",""side"":""home"",""started"":true,""source"":""BOXSCORE_START"",""k"":8,""ip"":""6.0"",""bf"":23,""pitches"":95,""competition"":""MLB_REGULAR_INFERRED""},{""gameId"":""823363"",""date"":""2026-06-26"",""pitcherId"":""671096"",""side"":""away"",""started"":true,""source"":""BOXSCORE_START"",""k"":6,""ip"":""5.1"",""bf"":24,""pitches"":94,""competition"":""MLB_REGULAR_INFERRED""},{""gameId"":""823532"",""date"":""2026-06-20"",""pitcherId"":""671096"",""side"":""away"",""started"":true,""source"":""BOXSCORE_START"",""k"":6,""ip"":""5.0"",""bf"":23,""pitches"":97,""competition"":""MLB_REGULAR_INFERRED""}]","[{""gameId"":""824495"",""date"":""2026-07-07"",""pitcherId"":""671096"",""side"":""home"",""started"":true,""source"":""LIVE_APPEARANCE"",""k"":8,""ip"":""6.0"",""bf"":23,""pitches"":95,""competition"":""MLB_REGULAR_INFERRED""},{""gameId"":""823363"",""date"":""2026-06-26"",""pitcherId"":""671096"",""side"":""away"",""started"":true,""source"":""LIVE_APPEARANCE"",""k"":6,""ip"":""5.1"",""bf"":24,""pitches"":94,""competition"":""MLB_REGULAR_INFERRED""},{""gameId"":""823532"",""date"":""2026-06-20"",""pitcherId"":""671096"",""side"":""away"",""started"":true,""source"":""LIVE_APPEARANCE"",""k"":6,""ip"":""5.0"",""bf"":23,""pitches"":97,""competition"":""MLB_REGULAR_INFERRED""}]","{""last3Ks1"":8,""last3Ks2"":6,""last3Ks3"":6,""last3Ip1"":6,""last3Ip2"":5.333333333333333,""last3Ip3"":5,""last3Bf1"":23,""last3Bf2"":24,""last3Bf3"":23,""last5KsAvg"":6.2,""last5KsStd"":0.9797958971132712,""last5IpAvg"":5.666666666666666,""last5BfAvg"":24.2,""last5PitchCountAvg"":98.4,""pitchesLast3Starts"":286,""pitchesLast3Appearances"":286,""daysSinceLastStart"":5,""daysSinceLastAppearance"":5}","LINESCORE_DEFENSE_PITCHER","NOT_VERIFIABLE"
"824492","666157","2026-07-11","home","[{""gameId"":""824497"",""date"":""2026-07-05"",""pitcherId"":""666157"",""side"":""home"",""started"":true,""source"":""BOXSCORE_START"",""k"":4,""ip"":""6.0"",""bf"":26,""pitches"":97,""competition"":""MLB_REGULAR_INFERRED""},{""gameId"":""823771"",""date"":""2026-06-29"",""pitcherId"":""666157"",""side"":""away"",""started"":true,""source"":""BOXSCORE_START"",""k"":4,""ip"":""5.0"",""bf"":20,""pitches"":96,""competition"":""MLB_REGULAR_INFERRED""},{""gameId"":""824501"",""date"":""2026-06-23"",""pitcherId"":""666157"",""side"":""home"",""started"":true,""source"":""BOXSCORE_START"",""k"":6,""ip"":""4.0"",""bf"":15,""pitches"":75,""competition"":""MLB_REGULAR_INFERRED""}]","[{""gameId"":""824497"",""date"":""2026-07-05"",""pitcherId"":""666157"",""side"":""home"",""started"":true,""source"":""LIVE_APPEARANCE"",""k"":4,""ip"":""6.0"",""bf"":26,""pitches"":97,""competition"":""MLB_REGULAR_INFERRED""},{""gameId"":""823771"",""date"":""2026-06-29"",""pitcherId"":""666157"",""side"":""away"",""started"":true,""source"":""LIVE_APPEARANCE"",""k"":4,""ip"":""5.0"",""bf"":20,""pitches"":96,""competition"":""MLB_REGULAR_INFERRED""},{""gameId"":""824501"",""date"":""2026-06-23"",""pitcherId"":""666157"",""side"":""home"",""started"":true,""source"":""LIVE_APPEARANCE"",""k"":6,""ip"":""4.0"",""bf"":15,""pitches"":75,""competition"":""MLB_REGULAR_INFERRED""}]","{""last3Ks1"":4,""last3Ks2"":4,""last3Ks3"":6,""last3Ip1"":6,""last3Ip2"":5,""last3Ip3"":4,""last3Bf1"":26,""last3Bf2"":20,""last3Bf3"":15,""last5KsAvg"":3.8,""last5KsStd"":1.32664991614216,""last5IpAvg"":4.933333333333334,""last5BfAvg"":22.2,""last5PitchCountAvg"":90.6,""pitchesLast3Starts"":268,""pitchesLast3Appearances"":268,""daysSinceLastStart"":6,""daysSinceLastAppearance"":6}","LINESCORE_DEFENSE_PITCHER","NOT_VERIFIABLE"
"824493","668881","2026-07-10","home","[{""gameId"":""824499"",""date"":""2026-07-04"",""pitcherId"":""668881"",""side"":""home"",""started"":true,""source"":""BOXSCORE_START"",""k"":7,""ip"":""3.1"",""bf"":20,""pitches"":89,""competition"":""MLB_REGULAR_INFERRED""}]","[{""gameId"":""824499"",""date"":""2026-07-04"",""pitcherId"":""668881"",""side"":""home"",""started"":true,""source"":""LIVE_APPEARANCE"",""k"":7,""ip"":""3.1"",""bf"":20,""pitches"":89,""competition"":""MLB_REGULAR_INFERRED""}]","{""last3Ks1"":7,""last3Ks2"":null,""last3Ks3"":null,""last3Ip1"":3.3333333333333335,""last3Ip2"":null,""last3Ip3"":null,""last3Bf1"":20,""last3Bf2"":null,""last3Bf3"":null,""last5KsAvg"":7,""last5KsStd"":0,""last5IpAvg"":3.3333333333333335,""last5BfAvg"":20,""last5PitchCountAvg"":89,""pitchesLast3Starts"":89,""pitchesLast3Appearances"":89,""daysSinceLastStart"":6,""daysSinceLastAppearance"":6}","LINESCORE_DEFENSE_PITCHER","NOT_VERIFIABLE"
"824494","663903","2026-07-09","home","[{""gameId"":""824498"",""date"":""2026-07-03"",""pitcherId"":""663903"",""side"":""home"",""started"":true,""source"":""BOXSCORE_START"",""k"":6,""ip"":""5.0"",""bf"":21,""pitches"":93,""competition"":""MLB_REGULAR_INFERRED""},{""gameId"":""823362"",""date"":""2026-06-28"",""pitcherId"":""663903"",""side"":""away"",""started"":true,""source"":""BOXSCORE_START"",""k"":6,""ip"":""4.1"",""bf"":24,""pitches"":98,""competition"":""MLB_REGULAR_INFERRED""},{""gameId"":""824502"",""date"":""2026-06-22"",""pitcherId"":""663903"",""side"":""home"",""started"":true,""source"":""BOXSCORE_START"",""k"":7,""ip"":""7.0"",""bf"":25,""pitches"":106,""competition"":""MLB_REGULAR_INFERRED""}]","[{""gameId"":""824498"",""date"":""2026-07-03"",""pitcherId"":""663903"",""side"":""home"",""started"":true,""source"":""LIVE_APPEARANCE"",""k"":6,""ip"":""5.0"",""bf"":21,""pitches"":93,""competition"":""MLB_REGULAR_INFERRED""},{""gameId"":""823362"",""date"":""2026-06-28"",""pitcherId"":""663903"",""side"":""away"",""started"":true,""source"":""LIVE_APPEARANCE"",""k"":6,""ip"":""4.1"",""bf"":24,""pitches"":98,""competition"":""MLB_REGULAR_INFERRED""},{""gameId"":""824502"",""date"":""2026-06-22"",""pitcherId"":""663903"",""side"":""home"",""started"":true,""source"":""LIVE_APPEARANCE"",""k"":7,""ip"":""7.0"",""bf"":25,""pitches"":106,""competition"":""MLB_REGULAR_INFERRED""}]","{""last3Ks1"":6,""last3Ks2"":6,""last3Ks3"":7,""last3Ip1"":5,""last3Ip2"":4.333333333333333,""last3Ip3"":7,""last3Bf1"":21,""last3Bf2"":24,""last3Bf3"":25,""last5KsAvg"":5.8,""last5KsStd"":0.7483314773547882,""last5IpAvg"":5.466666666666667,""last5BfAvg"":23.2,""last5PitchCountAvg"":96.6,""pitchesLast3Starts"":297,""pitchesLast3Appearances"":297,""daysSinceLastStart"":6,""daysSinceLastAppearance"":6}","LINESCORE_DEFENSE_PITCHER","NOT_VERIFIABLE"
"824495","671096","2026-07-07","home","[{""gameId"":""823363"",""date"":""2026-06-26"",""pitcherId"":""671096"",""side"":""away"",""started"":true,""source"":""BOXSCORE_START"",""k"":6,""ip"":""5.1"",""bf"":24,""pitches"":94,""competition"":""MLB_REGULAR_INFERRED""},{""gameId"":""823532"",""date"":""2026-06-20"",""pitcherId"":""671096"",""side"":""away"",""started"":true,""source"":""BOXSCORE_START"",""k"":6,""ip"":""5.0"",""bf"":23,""pitches"":97,""competition"":""MLB_REGULAR_INFERRED""},{""gameId"":""823289"",""date"":""2026-06-08"",""pitcherId"":""671096"",""side"":""away"",""started"":true,""source"":""BOXSCORE_START"",""k"":6,""ip"":""6.0"",""bf"":24,""pitches"":101,""competition"":""MLB_REGULAR_INFERRED""}]","[{""gameId"":""823363"",""date"":""2026-06-26"",""pitcherId"":""671096"",""side"":""away"",""started"":true,""source"":""LIVE_APPEARANCE"",""k"":6,""ip"":""5.1"",""bf"":24,""pitches"":94,""competition"":""MLB_REGULAR_INFERRED""},{""gameId"":""823532"",""date"":""2026-06-20"",""pitcherId"":""671096"",""side"":""away"",""started"":true,""source"":""LIVE_APPEARANCE"",""k"":6,""ip"":""5.0"",""bf"":23,""pitches"":97,""competition"":""MLB_REGULAR_INFERRED""},{""gameId"":""823289"",""date"":""2026-06-08"",""pitcherId"":""671096"",""side"":""away"",""started"":true,""source"":""LIVE_APPEARANCE"",""k"":6,""ip"":""6.0"",""bf"":24,""pitches"":101,""competition"":""MLB_REGULAR_INFERRED""}]","{""last3Ks1"":6,""last3Ks2"":6,""last3Ks3"":6,""last3Ip1"":5.333333333333333,""last3Ip2"":5,""last3Ip3"":6,""last3Bf1"":24,""last3Bf2"":23,""last3Bf3"":24,""last5KsAvg"":5.4,""last5KsStd"":0.8,""last5IpAvg"":5.666666666666666,""last5BfAvg"":24.4,""last5PitchCountAvg"":99.6,""pitchesLast3Starts"":292,""pitchesLast3Appearances"":292,""daysSinceLastStart"":11,""daysSinceLastAppearance"":11}","LINESCORE_DEFENSE_PITCHER","NOT_VERIFIABLE"
"824496","695505","2026-07-08","home","[{""gameId"":""823765"",""date"":""2026-07-02"",""pitcherId"":""695505"",""side"":""away"",""started"":true,""source"":""BOXSCORE_START"",""k"":4,""ip"":""6.0"",""bf"":23,""pitches"":89,""competition"":""MLB_REGULAR_INFERRED""},{""gameId"":""823364"",""date"":""2026-06-27"",""pitcherId"":""695505"",""side"":""away"",""started"":true,""source"":""BOXSCORE_START"",""k"":10,""ip"":""6.0"",""bf"":27,""pitches"":93,""competition"":""MLB_REGULAR_INFERRED""},{""gameId"":""823531"",""date"":""2026-06-21"",""pitcherId"":""695505"",""side"":""away"",""started"":true,""source"":""BOXSCORE_START"",""k"":7,""ip"":""5.0"",""bf"":21,""pitches"":96,""competition"":""MLB_REGULAR_INFERRED""}]","[{""gameId"":""823765"",""date"":""2026-07-02"",""pitcherId"":""695505"",""side"":""away"",""started"":true,""source"":""LIVE_APPEARANCE"",""k"":4,""ip"":""6.0"",""bf"":23,""pitches"":89,""competition"":""MLB_REGULAR_INFERRED""},{""gameId"":""823364"",""date"":""2026-06-27"",""pitcherId"":""695505"",""side"":""away"",""started"":true,""source"":""LIVE_APPEARANCE"",""k"":10,""ip"":""6.0"",""bf"":27,""pitches"":93,""competition"":""MLB_REGULAR_INFERRED""},{""gameId"":""823531"",""date"":""2026-06-21"",""pitcherId"":""695505"",""side"":""away"",""started"":true,""source"":""LIVE_APPEARANCE"",""k"":7,""ip"":""5.0"",""bf"":21,""pitches"":96,""competition"":""MLB_REGULAR_INFERRED""}]","{""last3Ks1"":4,""last3Ks2"":10,""last3Ks3"":7,""last3Ip1"":6,""last3Ip2"":6,""last3Ip3"":5,""last3Bf1"":23,""last3Bf2"":27,""last3Bf3"":21,""last5KsAvg"":7,""last5KsStd"":1.8973665961010275,""last5IpAvg"":5.466666666666667,""last5BfAvg"":23.4,""last5PitchCountAvg"":96.6,""pitchesLast3Starts"":278,""pitchesLast3Appearances"":278,""daysSinceLastStart"":6,""daysSinceLastAppearance"":6}","LINESCORE_DEFENSE_PITCHER","NOT_VERIFIABLE"
"824498","663903","2026-07-03","home","[{""gameId"":""823362"",""date"":""2026-06-28"",""pitcherId"":""663903"",""side"":""away"",""started"":true,""source"":""BOXSCORE_START"",""k"":6,""ip"":""4.1"",""bf"":24,""pitches"":98,""competition"":""MLB_REGULAR_INFERRED""},{""gameId"":""824502"",""date"":""2026-06-22"",""pitcherId"":""663903"",""side"":""home"",""started"":true,""source"":""BOXSCORE_START"",""k"":7,""ip"":""7.0"",""bf"":25,""pitches"":106,""competition"":""MLB_REGULAR_INFERRED""},{""gameId"":""824504"",""date"":""2026-06-16"",""pitcherId"":""663903"",""side"":""home"",""started"":true,""source"":""BOXSCORE_START"",""k"":5,""ip"":""5.0"",""bf"":22,""pitches"":91,""competition"":""MLB_REGULAR_INFERRED""}]","[{""gameId"":""823362"",""date"":""2026-06-28"",""pitcherId"":""663903"",""side"":""away"",""started"":true,""source"":""LIVE_APPEARANCE"",""k"":6,""ip"":""4.1"",""bf"":24,""pitches"":98,""competition"":""MLB_REGULAR_INFERRED""},{""gameId"":""824502"",""date"":""2026-06-22"",""pitcherId"":""663903"",""side"":""home"",""started"":true,""source"":""LIVE_APPEARANCE"",""k"":7,""ip"":""7.0"",""bf"":25,""pitches"":106,""competition"":""MLB_REGULAR_INFERRED""},{""gameId"":""824504"",""date"":""2026-06-16"",""pitcherId"":""663903"",""side"":""home"",""started"":true,""source"":""LIVE_APPEARANCE"",""k"":5,""ip"":""5.0"",""bf"":22,""pitches"":91,""competition"":""MLB_REGULAR_INFERRED""}]","{""last3Ks1"":6,""last3Ks2"":7,""last3Ks3"":5,""last3Ip1"":4.333333333333333,""last3Ip2"":7,""last3Ip3"":5,""last3Bf1"":24,""last3Bf2"":25,""last3Bf3"":22,""last5KsAvg"":5.8,""last5KsStd"":0.7483314773547882,""last5IpAvg"":5.266666666666667,""last5BfAvg"":23,""last5PitchCountAvg"":95.8,""pitchesLast3Starts"":295,""pitchesLast3Appearances"":295,""daysSinceLastStart"":5,""daysSinceLastAppearance"":5}","LINESCORE_DEFENSE_PITCHER","NOT_VERIFIABLE"
"824500","695076","2026-06-24","home","[{""gameId"":""823534"",""date"":""2026-06-19"",""pitcherId"":""695076"",""side"":""away"",""started"":true,""source"":""BOXSCORE_START"",""k"":5,""ip"":""5.1"",""bf"":25,""pitches"":95,""competition"":""MLB_REGULAR_INFERRED""},{""gameId"":""823047"",""date"":""2026-06-07"",""pitcherId"":""695076"",""side"":""away"",""started"":true,""source"":""BOXSCORE_START"",""k"":4,""ip"":""3.0"",""bf"":16,""pitches"":70,""competition"":""MLB_REGULAR_INFERRED""},{""gameId"":""824681"",""date"":""2026-05-07"",""pitcherId"":""695076"",""side"":""away"",""started"":true,""source"":""BOXSCORE_START"",""k"":1,""ip"":""3.0"",""bf"":13,""pitches"":59,""competition"":""MLB_REGULAR_INFERRED""}]","[{""gameId"":""823534"",""date"":""2026-06-19"",""pitcherId"":""695076"",""side"":""away"",""started"":true,""source"":""LIVE_APPEARANCE"",""k"":5,""ip"":""5.1"",""bf"":25,""pitches"":95,""competition"":""MLB_REGULAR_INFERRED""},{""gameId"":""823047"",""date"":""2026-06-07"",""pitcherId"":""695076"",""side"":""away"",""started"":true,""source"":""LIVE_APPEARANCE"",""k"":4,""ip"":""3.0"",""bf"":16,""pitches"":70,""competition"":""MLB_REGULAR_INFERRED""},{""gameId"":""824681"",""date"":""2026-05-07"",""pitcherId"":""695076"",""side"":""away"",""started"":true,""source"":""LIVE_APPEARANCE"",""k"":1,""ip"":""3.0"",""bf"":13,""pitches"":59,""competition"":""MLB_REGULAR_INFERRED""}]","{""last3Ks1"":5,""last3Ks2"":4,""last3Ks3"":1,""last3Ip1"":5.333333333333333,""last3Ip2"":3,""last3Ip3"":3,""last3Bf1"":25,""last3Bf2"":16,""last3Bf3"":13,""last5KsAvg"":3.4,""last5KsStd"":1.3564659966250536,""last5IpAvg"":4.8,""last5BfAvg"":20.6,""last5PitchCountAvg"":81.4,""pitchesLast3Starts"":224,""pitchesLast3Appearances"":224,""daysSinceLastStart"":5,""daysSinceLastAppearance"":5}","LINESCORE_DEFENSE_PITCHER","NOT_VERIFIABLE"
"824501","666157","2026-06-23","home","[{""gameId"":""824503"",""date"":""2026-06-17"",""pitcherId"":""666157"",""side"":""home"",""started"":true,""source"":""BOXSCORE_START"",""k"":2,""ip"":""4.2"",""bf"":25,""pitches"":90,""competition"":""MLB_REGULAR_INFERRED""},{""gameId"":""823048"",""date"":""2026-06-06"",""pitcherId"":""666157"",""side"":""away"",""started"":true,""source"":""BOXSCORE_START"",""k"":3,""ip"":""5.0"",""bf"":25,""pitches"":95,""competition"":""MLB_REGULAR_INFERRED""},{""gameId"":""824512"",""date"":""2026-05-31"",""pitcherId"":""666157"",""side"":""home"",""started"":true,""source"":""BOXSCORE_START"",""k"":4,""ip"":""6.2"",""bf"":28,""pitches"":100,""competition"":""MLB_REGULAR_INFERRED""}]","[{""gameId"":""824503"",""date"":""2026-06-17"",""pitcherId"":""666157"",""side"":""home"",""started"":true,""source"":""LIVE_APPEARANCE"",""k"":2,""ip"":""4.2"",""bf"":25,""pitches"":90,""competition"":""MLB_REGULAR_INFERRED""},{""gameId"":""823048"",""date"":""2026-06-06"",""pitcherId"":""666157"",""side"":""away"",""started"":true,""source"":""LIVE_APPEARANCE"",""k"":3,""ip"":""5.0"",""bf"":25,""pitches"":95,""competition"":""MLB_REGULAR_INFERRED""},{""gameId"":""824512"",""date"":""2026-05-31"",""pitcherId"":""666157"",""side"":""home"",""started"":true,""source"":""LIVE_APPEARANCE"",""k"":4,""ip"":""6.2"",""bf"":28,""pitches"":100,""competition"":""MLB_REGULAR_INFERRED""}]","{""last3Ks1"":2,""last3Ks2"":3,""last3Ks3"":4,""last3Ip1"":4.666666666666667,""last3Ip2"":5,""last3Ip3"":6.666666666666667,""last3Bf1"":25,""last3Bf2"":25,""last3Bf3"":28,""last5KsAvg"":3.8,""last5KsStd"":1.7204650534085253,""last5IpAvg"":5.6000000000000005,""last5BfAvg"":25.4,""last5PitchCountAvg"":96,""pitchesLast3Starts"":285,""pitchesLast3Appearances"":285,""daysSinceLastStart"":6,""daysSinceLastAppearance"":6}","LINESCORE_DEFENSE_PITCHER","NOT_VERIFIABLE"
"824574","702273","2026-07-12","home","[{""gameId"":""824579"",""date"":""2026-07-07"",""pitcherId"":""702273"",""side"":""home"",""started"":true,""source"":""BOXSCORE_START"",""k"":3,""ip"":""5.0"",""bf"":24,""pitches"":92,""competition"":""MLB_REGULAR_INFERRED""},{""gameId"":""823220"",""date"":""2026-05-24"",""pitcherId"":""702273"",""side"":""away"",""started"":true,""source"":""BOXSCORE_START"",""k"":1,""ip"":""4.0"",""bf"":20,""pitches"":70,""competition"":""MLB_REGULAR_INFERRED""},{""gameId"":""824603"",""date"":""2026-05-13"",""pitcherId"":""702273"",""side"":""home"",""started"":true,""source"":""BOXSCORE_START"",""k"":3,""ip"":""4.1"",""bf"":19,""pitches"":76,""competition"":""MLB_REGULAR_INFERRED""}]","[{""gameId"":""824579"",""date"":""2026-07-07"",""pitcherId"":""702273"",""side"":""home"",""started"":true,""source"":""LIVE_APPEARANCE"",""k"":3,""ip"":""5.0"",""bf"":24,""pitches"":92,""competition"":""MLB_REGULAR_INFERRED""},{""gameId"":""824818"",""date"":""2026-07-01"",""pitcherId"":""702273"",""side"":""away"",""started"":false,""source"":""LIVE_APPEARANCE"",""k"":7,""ip"":""4.1"",""bf"":18,""pitches"":87,""competition"":""MLB_REGULAR_INFERRED""},{""gameId"":""823220"",""date"":""2026-05-24"",""pitcherId"":""702273"",""side"":""away"",""started"":true,""source"":""LIVE_APPEARANCE"",""k"":1,""ip"":""4.0"",""bf"":20,""pitches"":70,""competition"":""MLB_REGULAR_INFERRED""}]","{""last3Ks1"":3,""last3Ks2"":1,""last3Ks3"":3,""last3Ip1"":5,""last3Ip2"":4,""last3Ip3"":4.333333333333333,""last3Bf1"":24,""last3Bf2"":20,""last3Bf3"":19,""last5KsAvg"":3.6,""last5KsStd"":2.3323807579381204,""last5IpAvg"":4.6,""last5BfAvg"":21.8,""last5PitchCountAvg"":80.4,""pitchesLast3Starts"":238,""pitchesLast3Appearances"":249,""daysSinceLastStart"":5,""daysSinceLastAppearance"":5}","LINESCORE_DEFENSE_PITCHER","NOT_VERIFIABLE"
"824575","680732","2026-07-10","home","[{""gameId"":""824415"",""date"":""2026-07-04"",""pitcherId"":""680732"",""side"":""away"",""started"":true,""source"":""BOXSCORE_START"",""k"":11,""ip"":""6.0"",""bf"":24,""pitches"":95,""competition"":""MLB_REGULAR_INFERRED""},{""gameId"":""824822"",""date"":""2026-06-29"",""pitcherId"":""680732"",""side"":""away"",""started"":true,""source"":""BOXSCORE_START"",""k"":8,""ip"":""5.1"",""bf"":23,""pitches"":89,""competition"":""MLB_REGULAR_INFERRED""},{""gameId"":""824584"",""date"":""2026-06-23"",""pitcherId"":""680732"",""side"":""home"",""started"":true,""source"":""BOXSCORE_START"",""k"":6,""ip"":""6.1"",""bf"":26,""pitches"":90,""competition"":""MLB_REGULAR_INFERRED""}]","[{""gameId"":""824415"",""date"":""2026-07-04"",""pitcherId"":""680732"",""side"":""away"",""started"":true,""source"":""LIVE_APPEARANCE"",""k"":11,""ip"":""6.0"",""bf"":24,""pitches"":95,""competition"":""MLB_REGULAR_INFERRED""},{""gameId"":""824822"",""date"":""2026-06-29"",""pitcherId"":""680732"",""side"":""away"",""started"":true,""source"":""LIVE_APPEARANCE"",""k"":8,""ip"":""5.1"",""bf"":23,""pitches"":89,""competition"":""MLB_REGULAR_INFERRED""},{""gameId"":""824584"",""date"":""2026-06-23"",""pitcherId"":""680732"",""side"":""home"",""started"":true,""source"":""LIVE_APPEARANCE"",""k"":6,""ip"":""6.1"",""bf"":26,""pitches"":90,""competition"":""MLB_REGULAR_INFERRED""}]","{""last3Ks1"":11,""last3Ks2"":8,""last3Ks3"":6,""last3Ip1"":6,""last3Ip2"":5.333333333333333,""last3Ip3"":6.333333333333333,""last3Bf1"":24,""last3Bf2"":23,""last3Bf3"":26,""last5KsAvg"":7.8,""last5KsStd"":1.8330302779823362,""last5IpAvg"":5.999999999999999,""last5BfAvg"":23.8,""last5PitchCountAvg"":93.4,""pitchesLast3Starts"":274,""pitchesLast3Appearances"":274,""daysSinceLastStart"":6,""daysSinceLastAppearance"":6}","LINESCORE_DEFENSE_PITCHER","NOT_VERIFIABLE"
"824576","663542","2026-07-11","home","[{""gameId"":""823533"",""date"":""2026-06-18"",""pitcherId"":""663542"",""side"":""away"",""started"":true,""source"":""BOXSCORE_START"",""k"":2,""ip"":""1.2"",""bf"":6,""pitches"":27,""competition"":""MLB_REGULAR_INFERRED""},{""gameId"":""823222"",""date"":""2026-05-23"",""pitcherId"":""663542"",""side"":""away"",""started"":true,""source"":""BOXSCORE_START"",""k"":1,""ip"":""1.1"",""bf"":4,""pitches"":16,""competition"":""MLB_REGULAR_INFERRED""},{""gameId"":""824611"",""date"":""2026-04-24"",""pitcherId"":""663542"",""side"":""home"",""started"":true,""source"":""BOXSCORE_START"",""k"":1,""ip"":""1.0"",""bf"":4,""pitches"":17,""competition"":""MLB_REGULAR_INFERRED""}]","[{""gameId"":""824578"",""date"":""2026-07-08"",""pitcherId"":""663542"",""side"":""home"",""started"":false,""source"":""LIVE_APPEARANCE"",""k"":2,""ip"":""1.0"",""bf"":4,""pitches"":24,""competition"":""MLB_REGULAR_INFERRED""},{""gameId"":""824417"",""date"":""2026-07-03"",""pitcherId"":""663542"",""side"":""away"",""started"":false,""source"":""LIVE_APPEARANCE"",""k"":2,""ip"":""0.2"",""bf"":4,""pitches"":15,""competition"":""MLB_REGULAR_INFERRED""},{""gameId"":""824818"",""date"":""2026-07-01"",""pitcherId"":""663542"",""side"":""away"",""started"":false,""source"":""LIVE_APPEARANCE"",""k"":0,""ip"":""0.1"",""bf"":3,""pitches"":10,""competition"":""MLB_REGULAR_INFERRED""}]","{""last3Ks1"":2,""last3Ks2"":1,""last3Ks3"":1,""last3Ip1"":1.6666666666666667,""last3Ip2"":1.3333333333333333,""last3Ip3"":1,""last3Bf1"":6,""last3Bf2"":4,""last3Bf3"":4,""last5KsAvg"":1.3333333333333333,""last5KsStd"":0.4714045207910317,""last5IpAvg"":1.3333333333333333,""last5BfAvg"":4.666666666666667,""last5PitchCountAvg"":20,""pitchesLast3Starts"":60,""pitchesLast3Appearances"":49,""daysSinceLastStart"":23,""daysSinceLastAppearance"":3}","LINESCORE_DEFENSE_PITCHER","NOT_VERIFIABLE"
"824577","641743","2026-07-09","home","[{""gameId"":""824417"",""date"":""2026-07-03"",""pitcherId"":""641743"",""side"":""away"",""started"":true,""source"":""BOXSCORE_START"",""k"":2,""ip"":""4.0"",""bf"":14,""pitches"":48,""competition"":""MLB_REGULAR_INFERRED""},{""gameId"":""824580"",""date"":""2026-06-28"",""pitcherId"":""641743"",""side"":""home"",""started"":true,""source"":""BOXSCORE_START"",""k"":2,""ip"":""3.2"",""bf"":21,""pitches"":73,""competition"":""MLB_REGULAR_INFERRED""},{""gameId"":""824585"",""date"":""2026-06-22"",""pitcherId"":""641743"",""side"":""home"",""started"":true,""source"":""BOXSCORE_START"",""k"":8,""ip"":""6.0"",""bf"":24,""pitches"":101,""competition"":""MLB_REGULAR_INFERRED""}]","[{""gameId"":""824417"",""date"":""2026-07-03"",""pitcherId"":""641743"",""side"":""away"",""started"":true,""source"":""LIVE_APPEARANCE"",""k"":2,""ip"":""4.0"",""bf"":14,""pitches"":48,""competition"":""MLB_REGULAR_INFERRED""},{""gameId"":""824580"",""date"":""2026-06-28"",""pitcherId"":""641743"",""side"":""home"",""started"":true,""source"":""LIVE_APPEARANCE"",""k"":2,""ip"":""3.2"",""bf"":21,""pitches"":73,""competition"":""MLB_REGULAR_INFERRED""},{""gameId"":""824585"",""date"":""2026-06-22"",""pitcherId"":""641743"",""side"":""home"",""started"":true,""source"":""LIVE_APPEARANCE"",""k"":8,""ip"":""6.0"",""bf"":24,""pitches"":101,""competition"":""MLB_REGULAR_INFERRED""}]","{""last3Ks1"":2,""last3Ks2"":2,""last3Ks3"":8,""last3Ip1"":4,""last3Ip2"":3.6666666666666665,""last3Ip3"":6,""last3Bf1"":14,""last3Bf2"":21,""last3Bf3"":24,""last5KsAvg"":3.6,""last5KsStd"":2.3323807579381204,""last5IpAvg"":4.333333333333333,""last5BfAvg"":20.2,""last5PitchCountAvg"":79,""pitchesLast3Starts"":222,""pitchesLast3Appearances"":222,""daysSinceLastStart"":6,""daysSinceLastAppearance"":6}","LINESCORE_DEFENSE_PITCHER","NOT_VERIFIABLE"
"824578","663436","2026-07-08","home","[{""gameId"":""824416"",""date"":""2026-07-02"",""pitcherId"":""663436"",""side"":""away"",""started"":true,""source"":""BOXSCORE_START"",""k"":0,""ip"":""3.1"",""bf"":19,""pitches"":73,""competition"":""MLB_REGULAR_INFERRED""},{""gameId"":""824581"",""date"":""2026-06-27"",""pitcherId"":""663436"",""side"":""home"",""started"":true,""source"":""BOXSCORE_START"",""k"":3,""ip"":""5.1"",""bf"":20,""pitches"":87,""competition"":""MLB_REGULAR_INFERRED""},{""gameId"":""824260"",""date"":""2026-06-21"",""pitcherId"":""663436"",""side"":""away"",""started"":true,""source"":""BOXSCORE_START"",""k"":4,""ip"":""6.0"",""bf"":24,""pitches"":77,""competition"":""MLB_REGULAR_INFERRED""}]","[{""gameId"":""824416"",""date"":""2026-07-02"",""pitcherId"":""663436"",""side"":""away"",""started"":true,""source"":""LIVE_APPEARANCE"",""k"":0,""ip"":""3.1"",""bf"":19,""pitches"":73,""competition"":""MLB_REGULAR_INFERRED""},{""gameId"":""824581"",""date"":""2026-06-27"",""pitcherId"":""663436"",""side"":""home"",""started"":true,""source"":""LIVE_APPEARANCE"",""k"":3,""ip"":""5.1"",""bf"":20,""pitches"":87,""competition"":""MLB_REGULAR_INFERRED""},{""gameId"":""824260"",""date"":""2026-06-21"",""pitcherId"":""663436"",""side"":""away"",""started"":true,""source"":""LIVE_APPEARANCE"",""k"":4,""ip"":""6.0"",""bf"":24,""pitches"":77,""competition"":""MLB_REGULAR_INFERRED""}]","{""last3Ks1"":0,""last3Ks2"":3,""last3Ks3"":4,""last3Ip1"":3.3333333333333335,""last3Ip2"":5.333333333333333,""last3Ip3"":6,""last3Bf1"":19,""last3Bf2"":20,""last3Bf3"":24,""last5KsAvg"":3.4,""last5KsStd"":1.9595917942265424,""last5IpAvg"":4.8,""last5BfAvg"":21.8,""last5PitchCountAvg"":85,""pitchesLast3Starts"":237,""pitchesLast3Appearances"":237,""daysSinceLastStart"":6,""daysSinceLastAppearance"":6}","LINESCORE_DEFENSE_PITCHER","NOT_VERIFIABLE"
"824579","702273","2026-07-07","home","[{""gameId"":""823220"",""date"":""2026-05-24"",""pitcherId"":""702273"",""side"":""away"",""started"":true,""source"":""BOXSCORE_START"",""k"":1,""ip"":""4.0"",""bf"":20,""pitches"":70,""competition"":""MLB_REGULAR_INFERRED""},{""gameId"":""824603"",""date"":""2026-05-13"",""pitcherId"":""702273"",""side"":""home"",""started"":true,""source"":""BOXSCORE_START"",""k"":3,""ip"":""4.1"",""bf"":19,""pitches"":76,""competition"":""MLB_REGULAR_INFERRED""},{""gameId"":""824036"",""date"":""2026-05-06"",""pitcherId"":""702273"",""side"":""away"",""started"":true,""source"":""BOXSCORE_START"",""k"":3,""ip"":""3.2"",""bf"":21,""pitches"":79,""competition"":""MLB_REGULAR_INFERRED""}]","[{""gameId"":""824818"",""date"":""2026-07-01"",""pitcherId"":""702273"",""side"":""away"",""started"":false,""source"":""LIVE_APPEARANCE"",""k"":7,""ip"":""4.1"",""bf"":18,""pitches"":87,""competition"":""MLB_REGULAR_INFERRED""},{""gameId"":""823220"",""date"":""2026-05-24"",""pitcherId"":""702273"",""side"":""away"",""started"":true,""source"":""LIVE_APPEARANCE"",""k"":1,""ip"":""4.0"",""bf"":20,""pitches"":70,""competition"":""MLB_REGULAR_INFERRED""},{""gameId"":""824603"",""date"":""2026-05-13"",""pitcherId"":""702273"",""side"":""home"",""started"":true,""source"":""LIVE_APPEARANCE"",""k"":3,""ip"":""4.1"",""bf"":19,""pitches"":76,""competition"":""MLB_REGULAR_INFERRED""}]","{""last3Ks1"":1,""last3Ks2"":3,""last3Ks3"":3,""last3Ip1"":4,""last3Ip2"":4.333333333333333,""last3Ip3"":3.6666666666666665,""last3Bf1"":20,""last3Bf2"":19,""last3Bf3"":21,""last5KsAvg"":4.2,""last5KsStd"":2.4819347291981715,""last5IpAvg"":4.6,""last5BfAvg"":20.6,""last5PitchCountAvg"":78.4,""pitchesLast3Starts"":225,""pitchesLast3Appearances"":233,""daysSinceLastStart"":44,""daysSinceLastAppearance"":6}","LINESCORE_DEFENSE_PITCHER","NOT_VERIFIABLE"
"824580","641743","2026-06-28","home","[{""gameId"":""824585"",""date"":""2026-06-22"",""pitcherId"":""641743"",""side"":""home"",""started"":true,""source"":""BOXSCORE_START"",""k"":8,""ip"":""6.0"",""bf"":24,""pitches"":101,""competition"":""MLB_REGULAR_INFERRED""},{""gameId"":""823536"",""date"":""2026-06-17"",""pitcherId"":""641743"",""side"":""away"",""started"":true,""source"":""BOXSCORE_START"",""k"":2,""ip"":""4.0"",""bf"":21,""pitches"":86,""competition"":""MLB_REGULAR_INFERRED""},{""gameId"":""823455"",""date"":""2026-06-05"",""pitcherId"":""641743"",""side"":""away"",""started"":true,""source"":""BOXSCORE_START"",""k"":4,""ip"":""4.0"",""bf"":21,""pitches"":87,""competition"":""MLB_REGULAR_INFERRED""}]","[{""gameId"":""824585"",""date"":""2026-06-22"",""pitcherId"":""641743"",""side"":""home"",""started"":true,""source"":""LIVE_APPEARANCE"",""k"":8,""ip"":""6.0"",""bf"":24,""pitches"":101,""competition"":""MLB_REGULAR_INFERRED""},{""gameId"":""823536"",""date"":""2026-06-17"",""pitcherId"":""641743"",""side"":""away"",""started"":true,""source"":""LIVE_APPEARANCE"",""k"":2,""ip"":""4.0"",""bf"":21,""pitches"":86,""competition"":""MLB_REGULAR_INFERRED""},{""gameId"":""823455"",""date"":""2026-06-05"",""pitcherId"":""641743"",""side"":""away"",""started"":true,""source"":""LIVE_APPEARANCE"",""k"":4,""ip"":""4.0"",""bf"":21,""pitches"":87,""competition"":""MLB_REGULAR_INFERRED""}]","{""last3Ks1"":8,""last3Ks2"":2,""last3Ks3"":4,""last3Ip1"":6,""last3Ip2"":4,""last3Ip3"":4,""last3Bf1"":24,""last3Bf2"":21,""last3Bf3"":21,""last5KsAvg"":4.4,""last5KsStd"":2.0591260281974,""last5IpAvg"":5,""last5BfAvg"":22.4,""last5PitchCountAvg"":90.4,""pitchesLast3Starts"":274,""pitchesLast3Appearances"":274,""daysSinceLastStart"":6,""daysSinceLastAppearance"":6}","LINESCORE_DEFENSE_PITCHER","NOT_VERIFIABLE"
"824581","663436","2026-06-27","home","[{""gameId"":""824260"",""date"":""2026-06-21"",""pitcherId"":""663436"",""side"":""away"",""started"":true,""source"":""BOXSCORE_START"",""k"":4,""ip"":""6.0"",""bf"":24,""pitches"":77,""competition"":""MLB_REGULAR_INFERRED""},{""gameId"":""823535"",""date"":""2026-06-16"",""pitcherId"":""663436"",""side"":""away"",""started"":true,""source"":""BOXSCORE_START"",""k"":4,""ip"":""3.1"",""bf"":21,""pitches"":88,""competition"":""MLB_REGULAR_INFERRED""},{""gameId"":""824590"",""date"":""2026-06-10"",""pitcherId"":""663436"",""side"":""home"",""started"":true,""source"":""BOXSCORE_START"",""k"":6,""ip"":""6.0"",""bf"":25,""pitches"":100,""competition"":""MLB_REGULAR_INFERRED""}]","[{""gameId"":""824260"",""date"":""2026-06-21"",""pitcherId"":""663436"",""side"":""away"",""started"":true,""source"":""LIVE_APPEARANCE"",""k"":4,""ip"":""6.0"",""bf"":24,""pitches"":77,""competition"":""MLB_REGULAR_INFERRED""},{""gameId"":""823535"",""date"":""2026-06-16"",""pitcherId"":""663436"",""side"":""away"",""started"":true,""source"":""LIVE_APPEARANCE"",""k"":4,""ip"":""3.1"",""bf"":21,""pitches"":88,""competition"":""MLB_REGULAR_INFERRED""},{""gameId"":""824590"",""date"":""2026-06-10"",""pitcherId"":""663436"",""side"":""home"",""started"":true,""source"":""LIVE_APPEARANCE"",""k"":6,""ip"":""6.0"",""bf"":25,""pitches"":100,""competition"":""MLB_REGULAR_INFERRED""}]","{""last3Ks1"":4,""last3Ks2"":4,""last3Ks3"":6,""last3Ip1"":6,""last3Ip2"":3.3333333333333335,""last3Ip3"":6,""last3Bf1"":24,""last3Bf2"":21,""last3Bf3"":25,""last5KsAvg"":4.2,""last5KsStd"":1.32664991614216,""last5IpAvg"":5.2,""last5BfAvg"":23.4,""last5PitchCountAvg"":88.2,""pitchesLast3Starts"":265,""pitchesLast3Appearances"":265,""daysSinceLastStart"":6,""daysSinceLastAppearance"":6}","LINESCORE_DEFENSE_PITCHER","NOT_VERIFIABLE"
"824582","689818","2026-06-26","home","[{""gameId"":""823702"",""date"":""2026-06-01"",""pitcherId"":""689818"",""side"":""away"",""started"":true,""source"":""BOXSCORE_START"",""k"":4,""ip"":""4.0"",""bf"":23,""pitches"":80,""competition"":""MLB_REGULAR_INFERRED""},{""gameId"":""824596"",""date"":""2026-05-27"",""pitcherId"":""689818"",""side"":""home"",""started"":true,""source"":""BOXSCORE_START"",""k"":4,""ip"":""6.0"",""bf"":19,""pitches"":61,""competition"":""MLB_REGULAR_INFERRED""}]","[{""gameId"":""823453"",""date"":""2026-06-07"",""pitcherId"":""689818"",""side"":""away"",""started"":false,""source"":""LIVE_APPEARANCE"",""k"":6,""ip"":""3.1"",""bf"":16,""pitches"":81,""competition"":""MLB_REGULAR_INFERRED""},{""gameId"":""823702"",""date"":""2026-06-01"",""pitcherId"":""689818"",""side"":""away"",""started"":true,""source"":""LIVE_APPEARANCE"",""k"":4,""ip"":""4.0"",""bf"":23,""pitches"":80,""competition"":""MLB_REGULAR_INFERRED""},{""gameId"":""824596"",""date"":""2026-05-27"",""pitcherId"":""689818"",""side"":""home"",""started"":true,""source"":""LIVE_APPEARANCE"",""k"":4,""ip"":""6.0"",""bf"":19,""pitches"":61,""competition"":""MLB_REGULAR_INFERRED""}]","{""last3Ks1"":4,""last3Ks2"":4,""last3Ks3"":null,""last3Ip1"":4,""last3Ip2"":6,""last3Ip3"":null,""last3Bf1"":23,""last3Bf2"":19,""last3Bf3"":null,""last5KsAvg"":4,""last5KsStd"":0,""last5IpAvg"":5,""last5BfAvg"":21,""last5PitchCountAvg"":70.5,""pitchesLast3Starts"":141,""pitchesLast3Appearances"":222,""daysSinceLastStart"":25,""daysSinceLastAppearance"":19}","LINESCORE_DEFENSE_PITCHER","NOT_VERIFIABLE"
"824584","680732","2026-06-23","home","[{""gameId"":""824592"",""date"":""2026-05-31"",""pitcherId"":""680732"",""side"":""home"",""started"":true,""source"":""BOXSCORE_START"",""k"":6,""ip"":""5.1"",""bf"":21,""pitches"":93,""competition"":""MLB_REGULAR_INFERRED""},{""gameId"":""824597"",""date"":""2026-05-26"",""pitcherId"":""680732"",""side"":""home"",""started"":true,""source"":""BOXSCORE_START"",""k"":8,""ip"":""7.0"",""bf"":25,""pitches"":100,""competition"":""MLB_REGULAR_INFERRED""},{""gameId"":""823134"",""date"":""2026-05-20"",""pitcherId"":""680732"",""side"":""away"",""started"":true,""source"":""BOXSCORE_START"",""k"":5,""ip"":""4.2"",""bf"":22,""pitches"":83,""competition"":""MLB_REGULAR_INFERRED""}]","[{""gameId"":""823533"",""date"":""2026-06-18"",""pitcherId"":""680732"",""side"":""away"",""started"":false,""source"":""LIVE_APPEARANCE"",""k"":8,""ip"":""7.1"",""bf"":25,""pitches"":88,""competition"":""MLB_REGULAR_INFERRED""},{""gameId"":""823454"",""date"":""2026-06-06"",""pitcherId"":""680732"",""side"":""away"",""started"":false,""source"":""LIVE_APPEARANCE"",""k"":7,""ip"":""4.1"",""bf"":21,""pitches"":90,""competition"":""MLB_REGULAR_INFERRED""},{""gameId"":""824592"",""date"":""2026-05-31"",""pitcherId"":""680732"",""side"":""home"",""started"":true,""source"":""LIVE_APPEARANCE"",""k"":6,""ip"":""5.1"",""bf"":21,""pitches"":93,""competition"":""MLB_REGULAR_INFERRED""}]","{""last3Ks1"":6,""last3Ks2"":8,""last3Ks3"":5,""last3Ip1"":5.333333333333333,""last3Ip2"":7,""last3Ip3"":4.666666666666667,""last3Bf1"":21,""last3Bf2"":25,""last3Bf3"":22,""last5KsAvg"":5.6,""last5KsStd"":1.3564659966250536,""last5IpAvg"":5.133333333333333,""last5BfAvg"":22.8,""last5PitchCountAvg"":88.2,""pitchesLast3Starts"":276,""pitchesLast3Appearances"":271,""daysSinceLastStart"":23,""daysSinceLastAppearance"":5}","LINESCORE_DEFENSE_PITCHER","NOT_VERIFIABLE"
"824652","656849","2026-07-21","home","[{""gameId"":""824816"",""date"":""2026-07-09"",""pitcherId"":""656849"",""side"":""away"",""started"":true,""source"":""BOXSCORE_START"",""k"":2,""ip"":""5.0"",""bf"":20,""pitches"":77,""competition"":""MLB_REGULAR_INFERRED""},{""gameId"":""824659"",""date"":""2026-07-03"",""pitcherId"":""656849"",""side"":""home"",""started"":true,""source"":""BOXSCORE_START"",""k"":3,""ip"":""3.2"",""bf"":23,""pitches"":91,""competition"":""MLB_REGULAR_INFERRED""},{""gameId"":""823770"",""date"":""2026-06-27"",""pitcherId"":""656849"",""side"":""away"",""started"":true,""source"":""BOXSCORE_START"",""k"":2,""ip"":""5.2"",""bf"":20,""pitches"":69,""competition"":""MLB_REGULAR_INFERRED""}]","[{""gameId"":""824816"",""date"":""2026-07-09"",""pitcherId"":""656849"",""side"":""away"",""started"":true,""source"":""LIVE_APPEARANCE"",""k"":2,""ip"":""5.0"",""bf"":20,""pitches"":77,""competition"":""MLB_REGULAR_INFERRED""},{""gameId"":""824659"",""date"":""2026-07-03"",""pitcherId"":""656849"",""side"":""home"",""started"":true,""source"":""LIVE_APPEARANCE"",""k"":3,""ip"":""3.2"",""bf"":23,""pitches"":91,""competition"":""MLB_REGULAR_INFERRED""},{""gameId"":""823770"",""date"":""2026-06-27"",""pitcherId"":""656849"",""side"":""away"",""started"":true,""source"":""LIVE_APPEARANCE"",""k"":2,""ip"":""5.2"",""bf"":20,""pitches"":69,""competition"":""MLB_REGULAR_INFERRED""}]","{""last3Ks1"":2,""last3Ks2"":3,""last3Ks3"":2,""last3Ip1"":5,""last3Ip2"":3.6666666666666665,""last3Ip3"":5.666666666666667,""last3Bf1"":20,""last3Bf2"":23,""last3Bf3"":20,""last5KsAvg"":3.2,""last5KsStd"":1.16619037896906,""last5IpAvg"":4.666666666666666,""last5BfAvg"":21.8,""last5PitchCountAvg"":81.2,""pitchesLast3Starts"":237,""pitchesLast3Appearances"":237,""daysSinceLastStart"":12,""daysSinceLastAppearance"":12}","LINESCORE_DEFENSE_PITCHER","NOT_VERIFIABLE"
"824653","684007","2026-07-19","home","[{""gameId"":""824493"",""date"":""2026-07-10"",""pitcherId"":""684007"",""side"":""away"",""started"":true,""source"":""BOXSCORE_START"",""k"":5,""ip"":""5.0"",""bf"":23,""pitches"":102,""competition"":""MLB_REGULAR_INFERRED""},{""gameId"":""824658"",""date"":""2026-07-04"",""pitcherId"":""684007"",""side"":""home"",""started"":true,""source"":""BOXSCORE_START"",""k"":8,""ip"":""4.2"",""bf"":19,""pitches"":86,""competition"":""MLB_REGULAR_INFERRED""},{""gameId"":""824662"",""date"":""2026-06-29"",""pitcherId"":""684007"",""side"":""home"",""started"":true,""source"":""BOXSCORE_START"",""k"":4,""ip"":""6.1"",""bf"":27,""pitches"":97,""competition"":""MLB_REGULAR_INFERRED""}]","[{""gameId"":""824493"",""date"":""2026-07-10"",""pitcherId"":""684007"",""side"":""away"",""started"":true,""source"":""LIVE_APPEARANCE"",""k"":5,""ip"":""5.0"",""bf"":23,""pitches"":102,""competition"":""MLB_REGULAR_INFERRED""},{""gameId"":""824658"",""date"":""2026-07-04"",""pitcherId"":""684007"",""side"":""home"",""started"":true,""source"":""LIVE_APPEARANCE"",""k"":8,""ip"":""4.2"",""bf"":19,""pitches"":86,""competition"":""MLB_REGULAR_INFERRED""},{""gameId"":""824662"",""date"":""2026-06-29"",""pitcherId"":""684007"",""side"":""home"",""started"":true,""source"":""LIVE_APPEARANCE"",""k"":4,""ip"":""6.1"",""bf"":27,""pitches"":97,""competition"":""MLB_REGULAR_INFERRED""}]","{""last3Ks1"":5,""last3Ks2"":8,""last3Ks3"":4,""last3Ip1"":5,""last3Ip2"":4.666666666666667,""last3Ip3"":6.333333333333333,""last3Bf1"":23,""last3Bf2"":19,""last3Bf3"":27,""last5KsAvg"":4.8,""last5KsStd"":1.7204650534085253,""last5IpAvg"":5.4,""last5BfAvg"":22.2,""last5PitchCountAvg"":87.8,""pitchesLast3Starts"":285,""pitchesLast3Appearances"":285,""daysSinceLastStart"":9,""daysSinceLastAppearance"":9}","LINESCORE_DEFENSE_PITCHER","NOT_VERIFIABLE"
"824655","607067","2026-07-17","home","[{""gameId"":""824815"",""date"":""2026-07-08"",""pitcherId"":""607067"",""side"":""away"",""started"":true,""source"":""BOXSCORE_START"",""k"":2,""ip"":""5.1"",""bf"":22,""pitches"":91,""competition"":""MLB_REGULAR_INFERRED""},{""gameId"":""823773"",""date"":""2026-06-26"",""pitcherId"":""607067"",""side"":""away"",""started"":true,""source"":""BOXSCORE_START"",""k"":4,""ip"":""5.0"",""bf"":23,""pitches"":89,""competition"":""MLB_REGULAR_INFERRED""},{""gameId"":""824665"",""date"":""2026-06-20"",""pitcherId"":""607067"",""side"":""home"",""started"":true,""source"":""BOXSCORE_START"",""k"":3,""ip"":""5.1"",""bf"":19,""pitches"":78,""competition"":""MLB_REGULAR_INFERRED""}]","[{""gameId"":""824815"",""date"":""2026-07-08"",""pitcherId"":""607067"",""side"":""away"",""started"":true,""source"":""LIVE_APPEARANCE"",""k"":2,""ip"":""5.1"",""bf"":22,""pitches"":91,""competition"":""MLB_REGULAR_INFERRED""},{""gameId"":""824660"",""date"":""2026-07-01"",""pitcherId"":""607067"",""side"":""home"",""started"":false,""source"":""LIVE_APPEARANCE"",""k"":5,""ip"":""5.0"",""bf"":25,""pitches"":81,""competition"":""MLB_REGULAR_INFERRED""},{""gameId"":""823773"",""date"":""2026-06-26"",""pitcherId"":""607067"",""side"":""away"",""started"":true,""source"":""LIVE_APPEARANCE"",""k"":4,""ip"":""5.0"",""bf"":23,""pitches"":89,""competition"":""MLB_REGULAR_INFERRED""}]","{""last3Ks1"":2,""last3Ks2"":4,""last3Ks3"":3,""last3Ip1"":5.333333333333333,""last3Ip2"":5,""last3Ip3"":5.333333333333333,""last3Bf1"":22,""last3Bf2"":23,""last3Bf3"":19,""last5KsAvg"":2.8,""last5KsStd"":0.7483314773547882,""last5IpAvg"":5.133333333333333,""last5BfAvg"":22.2,""last5PitchCountAvg"":81.2,""pitchesLast3Starts"":258,""pitchesLast3Appearances"":261,""daysSinceLastStart"":9,""daysSinceLastAppearance"":9}","LINESCORE_DEFENSE_PITCHER","NOT_VERIFIABLE"
"824656","665871","2026-07-05","home","[{""gameId"":""824668"",""date"":""2026-06-17"",""pitcherId"":""665871"",""side"":""home"",""started"":true,""source"":""BOXSCORE_START"",""k"":1,""ip"":""5.2"",""bf"":22,""pitches"":92,""competition"":""MLB_REGULAR_INFERRED""},{""gameId"":""824691"",""date"":""2026-04-19"",""pitcherId"":""665871"",""side"":""home"",""started"":true,""source"":""BOXSCORE_START"",""k"":3,""ip"":""5.2"",""bf"":20,""pitches"":82,""competition"":""MLB_REGULAR_INFERRED""},{""gameId"":""823481"",""date"":""2026-04-13"",""pitcherId"":""665871"",""side"":""away"",""started"":true,""source"":""BOXSCORE_START"",""k"":3,""ip"":""4.1"",""bf"":26,""pitches"":82,""competition"":""MLB_REGULAR_INFERRED""}]","[{""gameId"":""824661"",""date"":""2026-06-30"",""pitcherId"":""665871"",""side"":""home"",""started"":false,""source"":""LIVE_APPEARANCE"",""k"":1,""ip"":""2.2"",""bf"":14,""pitches"":53,""competition"":""MLB_REGULAR_INFERRED""},{""gameId"":""823613"",""date"":""2026-06-24"",""pitcherId"":""665871"",""side"":""away"",""started"":false,""source"":""LIVE_APPEARANCE"",""k"":5,""ip"":""5.0"",""bf"":21,""pitches"":83,""competition"":""MLB_REGULAR_INFERRED""},{""gameId"":""823613"",""date"":""2026-06-22"",""pitcherId"":""665871"",""side"":""away"",""started"":false,""source"":""LIVE_APPEARANCE"",""k"":5,""ip"":""5.0"",""bf"":21,""pitches"":83,""competition"":""MLB_REGULAR_INFERRED""}]","{""last3Ks1"":1,""last3Ks2"":3,""last3Ks3"":3,""last3Ip1"":5.666666666666667,""last3Ip2"":5.666666666666667,""last3Ip3"":4.333333333333333,""last3Bf1"":22,""last3Bf2"":20,""last3Bf3"":26,""last5KsAvg"":2.5,""last5KsStd"":0.8660254037844386,""last5IpAvg"":5.333333333333334,""last5BfAvg"":21.75,""last5PitchCountAvg"":84,""pitchesLast3Starts"":256,""pitchesLast3Appearances"":219,""daysSinceLastStart"":18,""daysSinceLastAppearance"":5}","LINESCORE_DEFENSE_PITCHER","NOT_VERIFIABLE"
"824660","607067","2026-07-01","home","[{""gameId"":""823773"",""date"":""2026-06-26"",""pitcherId"":""607067"",""side"":""away"",""started"":true,""source"":""BOXSCORE_START"",""k"":4,""ip"":""5.0"",""bf"":23,""pitches"":89,""competition"":""MLB_REGULAR_INFERRED""},{""gameId"":""824665"",""date"":""2026-06-20"",""pitcherId"":""607067"",""side"":""home"",""started"":true,""source"":""BOXSCORE_START"",""k"":3,""ip"":""5.1"",""bf"":19,""pitches"":78,""competition"":""MLB_REGULAR_INFERRED""},{""gameId"":""824347"",""date"":""2026-06-09"",""pitcherId"":""607067"",""side"":""away"",""started"":true,""source"":""BOXSCORE_START"",""k"":2,""ip"":""4.2"",""bf"":26,""pitches"":79,""competition"":""MLB_REGULAR_INFERRED""}]","[{""gameId"":""823773"",""date"":""2026-06-26"",""pitcherId"":""607067"",""side"":""away"",""started"":true,""source"":""LIVE_APPEARANCE"",""k"":4,""ip"":""5.0"",""bf"":23,""pitches"":89,""competition"":""MLB_REGULAR_INFERRED""},{""gameId"":""824665"",""date"":""2026-06-20"",""pitcherId"":""607067"",""side"":""home"",""started"":true,""source"":""LIVE_APPEARANCE"",""k"":3,""ip"":""5.1"",""bf"":19,""pitches"":78,""competition"":""MLB_REGULAR_INFERRED""},{""gameId"":""824347"",""date"":""2026-06-09"",""pitcherId"":""607067"",""side"":""away"",""started"":true,""source"":""LIVE_APPEARANCE"",""k"":2,""ip"":""4.2"",""bf"":26,""pitches"":79,""competition"":""MLB_REGULAR_INFERRED""}]","{""last3Ks1"":4,""last3Ks2"":3,""last3Ks3"":2,""last3Ip1"":5,""last3Ip2"":5.333333333333333,""last3Ip3"":4.666666666666667,""last3Bf1"":23,""last3Bf2"":19,""last3Bf3"":26,""last5KsAvg"":3.4,""last5KsStd"":1.019803902718557,""last5IpAvg"":5.133333333333333,""last5BfAvg"":22.4,""last5PitchCountAvg"":81.4,""pitchesLast3Starts"":246,""pitchesLast3Appearances"":246,""daysSinceLastStart"":5,""daysSinceLastAppearance"":5}","LINESCORE_DEFENSE_PITCHER","NOT_VERIFIABLE"
"824662","684007","2026-06-29","home","[{""gameId"":""823611"",""date"":""2026-06-24"",""pitcherId"":""684007"",""side"":""away"",""started"":true,""source"":""BOXSCORE_START"",""k"":4,""ip"":""5.1"",""bf"":20,""pitches"":69,""competition"":""MLB_REGULAR_INFERRED""},{""gameId"":""824666"",""date"":""2026-06-15"",""pitcherId"":""684007"",""side"":""home"",""started"":true,""source"":""BOXSCORE_START"",""k"":3,""ip"":""5.2"",""bf"":22,""pitches"":85,""competition"":""MLB_REGULAR_INFERRED""},{""gameId"":""824348"",""date"":""2026-06-10"",""pitcherId"":""684007"",""side"":""away"",""started"":true,""source"":""BOXSCORE_START"",""k"":7,""ip"":""5.0"",""bf"":19,""pitches"":90,""competition"":""MLB_REGULAR_INFERRED""}]","[{""gameId"":""823611"",""date"":""2026-06-24"",""pitcherId"":""684007"",""side"":""away"",""started"":true,""source"":""LIVE_APPEARANCE"",""k"":4,""ip"":""5.1"",""bf"":20,""pitches"":69,""competition"":""MLB_REGULAR_INFERRED""},{""gameId"":""824666"",""date"":""2026-06-15"",""pitcherId"":""684007"",""side"":""home"",""started"":true,""source"":""LIVE_APPEARANCE"",""k"":3,""ip"":""5.2"",""bf"":22,""pitches"":85,""competition"":""MLB_REGULAR_INFERRED""},{""gameId"":""824348"",""date"":""2026-06-10"",""pitcherId"":""684007"",""side"":""away"",""started"":true,""source"":""LIVE_APPEARANCE"",""k"":7,""ip"":""5.0"",""bf"":19,""pitches"":90,""competition"":""MLB_REGULAR_INFERRED""}]","{""last3Ks1"":4,""last3Ks2"":3,""last3Ks3"":7,""last3Ip1"":5.333333333333333,""last3Ip2"":5.666666666666667,""last3Ip3"":5,""last3Bf1"":20,""last3Bf2"":22,""last3Bf3"":19,""last5KsAvg"":4.2,""last5KsStd"":1.7204650534085253,""last5IpAvg"":5.466666666666667,""last5BfAvg"":21.6,""last5PitchCountAvg"":80.6,""pitchesLast3Starts"":244,""pitchesLast3Appearances"":244,""daysSinceLastStart"":5,""daysSinceLastAppearance"":5}","LINESCORE_DEFENSE_PITCHER","NOT_VERIFIABLE"
"824733","663776","2026-07-24","home","[{""gameId"":""824738"",""date"":""2026-07-18"",""pitcherId"":""663776"",""side"":""home"",""started"":true,""source"":""BOXSCORE_START"",""k"":5,""ip"":""5.0"",""bf"":23,""pitches"":76,""competition"":""MLB_REGULAR_INFERRED""},{""gameId"":""824577"",""date"":""2026-07-09"",""pitcherId"":""663776"",""side"":""away"",""started"":true,""source"":""BOXSCORE_START"",""k"":5,""ip"":""4.1"",""bf"":19,""pitches"":65,""competition"":""MLB_REGULAR_INFERRED""}]","[{""gameId"":""824738"",""date"":""2026-07-18"",""pitcherId"":""663776"",""side"":""home"",""started"":true,""source"":""LIVE_APPEARANCE"",""k"":5,""ip"":""5.0"",""bf"":23,""pitches"":76,""competition"":""MLB_REGULAR_INFERRED""},{""gameId"":""824577"",""date"":""2026-07-09"",""pitcherId"":""663776"",""side"":""away"",""started"":true,""source"":""LIVE_APPEARANCE"",""k"":5,""ip"":""4.1"",""bf"":19,""pitches"":65,""competition"":""MLB_REGULAR_INFERRED""}]","{""last3Ks1"":5,""last3Ks2"":5,""last3Ks3"":null,""last3Ip1"":5,""last3Ip2"":4.333333333333333,""last3Ip3"":null,""last3Bf1"":23,""last3Bf2"":19,""last3Bf3"":null,""last5KsAvg"":5,""last5KsStd"":0,""last5IpAvg"":4.666666666666666,""last5BfAvg"":21,""last5PitchCountAvg"":70.5,""pitchesLast3Starts"":141,""pitchesLast3Appearances"":141,""daysSinceLastStart"":6,""daysSinceLastAppearance"":6}","LINESCORE_DEFENSE_PITCHER","NOT_VERIFIABLE"
"824740","801139","2026-07-01","home","[{""gameId"":""824743"",""date"":""2026-06-26"",""pitcherId"":""801139"",""side"":""home"",""started"":true,""source"":""BOXSCORE_START"",""k"":7,""ip"":""7.0"",""bf"":24,""pitches"":88,""competition"":""MLB_REGULAR_INFERRED""},{""gameId"":""823123"",""date"":""2026-06-21"",""pitcherId"":""801139"",""side"":""away"",""started"":true,""source"":""BOXSCORE_START"",""k"":2,""ip"":""6.0"",""bf"":25,""pitches"":79,""competition"":""MLB_REGULAR_INFERRED""},{""gameId"":""824750"",""date"":""2026-06-16"",""pitcherId"":""801139"",""side"":""home"",""started"":true,""source"":""BOXSCORE_START"",""k"":6,""ip"":""5.0"",""bf"":21,""pitches"":90,""competition"":""MLB_REGULAR_INFERRED""}]","[{""gameId"":""824743"",""date"":""2026-06-26"",""pitcherId"":""801139"",""side"":""home"",""started"":true,""source"":""LIVE_APPEARANCE"",""k"":7,""ip"":""7.0"",""bf"":24,""pitches"":88,""competition"":""MLB_REGULAR_INFERRED""},{""gameId"":""823123"",""date"":""2026-06-21"",""pitcherId"":""801139"",""side"":""away"",""started"":true,""source"":""LIVE_APPEARANCE"",""k"":2,""ip"":""6.0"",""bf"":25,""pitches"":79,""competition"":""MLB_REGULAR_INFERRED""},{""gameId"":""824750"",""date"":""2026-06-16"",""pitcherId"":""801139"",""side"":""home"",""started"":true,""source"":""LIVE_APPEARANCE"",""k"":6,""ip"":""5.0"",""bf"":21,""pitches"":90,""competition"":""MLB_REGULAR_INFERRED""}]","{""last3Ks1"":7,""last3Ks2"":2,""last3Ks3"":6,""last3Ip1"":7,""last3Ip2"":6,""last3Ip3"":5,""last3Bf1"":24,""last3Bf2"":25,""last3Bf3"":21,""last5KsAvg"":4.6,""last5KsStd"":1.8547236990991407,""last5IpAvg"":6,""last5BfAvg"":24.8,""last5PitchCountAvg"":90,""pitchesLast3Starts"":257,""pitchesLast3Appearances"":257,""daysSinceLastStart"":5,""daysSinceLastAppearance"":5}","LINESCORE_DEFENSE_PITCHER","NOT_VERIFIABLE"
"824741","624133","2026-06-29","home","[{""gameId"":""824341"",""date"":""2026-06-24"",""pitcherId"":""624133"",""side"":""away"",""started"":true,""source"":""BOXSCORE_START"",""k"":9,""ip"":""6.0"",""bf"":27,""pitches"":102,""competition"":""MLB_REGULAR_INFERRED""},{""gameId"":""823124"",""date"":""2026-06-19"",""pitcherId"":""624133"",""side"":""away"",""started"":true,""source"":""BOXSCORE_START"",""k"":5,""ip"":""6.2"",""bf"":24,""pitches"":94,""competition"":""MLB_REGULAR_INFERRED""},{""gameId"":""823537"",""date"":""2026-06-07"",""pitcherId"":""624133"",""side"":""away"",""started"":true,""source"":""BOXSCORE_START"",""k"":6,""ip"":""6.1"",""bf"":25,""pitches"":90,""competition"":""MLB_REGULAR_INFERRED""}]","[{""gameId"":""824341"",""date"":""2026-06-24"",""pitcherId"":""624133"",""side"":""away"",""started"":true,""source"":""LIVE_APPEARANCE"",""k"":9,""ip"":""6.0"",""bf"":27,""pitches"":102,""competition"":""MLB_REGULAR_INFERRED""},{""gameId"":""823124"",""date"":""2026-06-19"",""pitcherId"":""624133"",""side"":""away"",""started"":true,""source"":""LIVE_APPEARANCE"",""k"":5,""ip"":""6.2"",""bf"":24,""pitches"":94,""competition"":""MLB_REGULAR_INFERRED""},{""gameId"":""823537"",""date"":""2026-06-07"",""pitcherId"":""624133"",""side"":""away"",""started"":true,""source"":""LIVE_APPEARANCE"",""k"":6,""ip"":""6.1"",""bf"":25,""pitches"":90,""competition"":""MLB_REGULAR_INFERRED""}]","{""last3Ks1"":9,""last3Ks2"":5,""last3Ks3"":6,""last3Ip1"":6,""last3Ip2"":6.666666666666667,""last3Ip3"":6.333333333333333,""last3Bf1"":27,""last3Bf2"":24,""last3Bf3"":25,""last5KsAvg"":6.8,""last5KsStd"":2.3151673805580453,""last5IpAvg"":5.8,""last5BfAvg"":25.2,""last5PitchCountAvg"":94,""pitchesLast3Starts"":286,""pitchesLast3Appearances"":286,""daysSinceLastStart"":5,""daysSinceLastAppearance"":5}","LINESCORE_DEFENSE_PITCHER","NOT_VERIFIABLE"
"824743","801139","2026-06-26","home","[{""gameId"":""823123"",""date"":""2026-06-21"",""pitcherId"":""801139"",""side"":""away"",""started"":true,""source"":""BOXSCORE_START"",""k"":2,""ip"":""6.0"",""bf"":25,""pitches"":79,""competition"":""MLB_REGULAR_INFERRED""},{""gameId"":""824750"",""date"":""2026-06-16"",""pitcherId"":""801139"",""side"":""home"",""started"":true,""source"":""BOXSCORE_START"",""k"":6,""ip"":""5.0"",""bf"":21,""pitches"":90,""competition"":""MLB_REGULAR_INFERRED""},{""gameId"":""822969"",""date"":""2026-06-09"",""pitcherId"":""801139"",""side"":""away"",""started"":true,""source"":""BOXSCORE_START"",""k"":3,""ip"":""6.0"",""bf"":28,""pitches"":94,""competition"":""MLB_REGULAR_INFERRED""}]","[{""gameId"":""823123"",""date"":""2026-06-21"",""pitcherId"":""801139"",""side"":""away"",""started"":true,""source"":""LIVE_APPEARANCE"",""k"":2,""ip"":""6.0"",""bf"":25,""pitches"":79,""competition"":""MLB_REGULAR_INFERRED""},{""gameId"":""824750"",""date"":""2026-06-16"",""pitcherId"":""801139"",""side"":""home"",""started"":true,""source"":""LIVE_APPEARANCE"",""k"":6,""ip"":""5.0"",""bf"":21,""pitches"":90,""competition"":""MLB_REGULAR_INFERRED""},{""gameId"":""822969"",""date"":""2026-06-09"",""pitcherId"":""801139"",""side"":""away"",""started"":true,""source"":""LIVE_APPEARANCE"",""k"":3,""ip"":""6.0"",""bf"":28,""pitches"":94,""competition"":""MLB_REGULAR_INFERRED""}]","{""last3Ks1"":2,""last3Ks2"":6,""last3Ks3"":3,""last3Ip1"":6,""last3Ip2"":5,""last3Ip3"":6,""last3Bf1"":25,""last3Bf2"":21,""last3Bf3"":28,""last5KsAvg"":4.6,""last5KsStd"":1.8547236990991407,""last5IpAvg"":5.533333333333333,""last5BfAvg"":24.2,""last5PitchCountAvg"":91.2,""pitchesLast3Starts"":263,""pitchesLast3Appearances"":263,""daysSinceLastStart"":5,""daysSinceLastAppearance"":5}","LINESCORE_DEFENSE_PITCHER","NOT_VERIFIABLE"
"824744","543243","2026-06-28","home","[{""gameId"":""824340"",""date"":""2026-06-23"",""pitcherId"":""543243"",""side"":""away"",""started"":true,""source"":""BOXSCORE_START"",""k"":11,""ip"":""7.0"",""bf"":30,""pitches"":93,""competition"":""MLB_REGULAR_INFERRED""},{""gameId"":""824748"",""date"":""2026-06-18"",""pitcherId"":""543243"",""side"":""home"",""started"":true,""source"":""BOXSCORE_START"",""k"":4,""ip"":""7.0"",""bf"":27,""pitches"":89,""competition"":""MLB_REGULAR_INFERRED""},{""gameId"":""823538"",""date"":""2026-06-05"",""pitcherId"":""543243"",""side"":""away"",""started"":true,""source"":""BOXSCORE_START"",""k"":3,""ip"":""6.1"",""bf"":27,""pitches"":79,""competition"":""MLB_REGULAR_INFERRED""}]","[{""gameId"":""824340"",""date"":""2026-06-23"",""pitcherId"":""543243"",""side"":""away"",""started"":true,""source"":""LIVE_APPEARANCE"",""k"":11,""ip"":""7.0"",""bf"":30,""pitches"":93,""competition"":""MLB_REGULAR_INFERRED""},{""gameId"":""824748"",""date"":""2026-06-18"",""pitcherId"":""543243"",""side"":""home"",""started"":true,""source"":""LIVE_APPEARANCE"",""k"":4,""ip"":""7.0"",""bf"":27,""pitches"":89,""competition"":""MLB_REGULAR_INFERRED""},{""gameId"":""823538"",""date"":""2026-06-05"",""pitcherId"":""543243"",""side"":""away"",""started"":true,""source"":""LIVE_APPEARANCE"",""k"":3,""ip"":""6.1"",""bf"":27,""pitches"":79,""competition"":""MLB_REGULAR_INFERRED""}]","{""last3Ks1"":11,""last3Ks2"":4,""last3Ks3"":3,""last3Ip1"":7,""last3Ip2"":7,""last3Ip3"":6.333333333333333,""last3Bf1"":30,""last3Bf2"":27,""last3Bf3"":27,""last5KsAvg"":5.8,""last5KsStd"":2.9257477676655586,""last5IpAvg"":6.066666666666666,""last5BfAvg"":25.4,""last5PitchCountAvg"":85.6,""pitchesLast3Starts"":261,""pitchesLast3Appearances"":261,""daysSinceLastStart"":5,""daysSinceLastAppearance"":5}","LINESCORE_DEFENSE_PITCHER","NOT_VERIFIABLE"
"824745","687562","2026-06-27","home","[{""gameId"":""824344"",""date"":""2026-06-22"",""pitcherId"":""687562"",""side"":""away"",""started"":true,""source"":""BOXSCORE_START"",""k"":9,""ip"":""6.0"",""bf"":21,""pitches"":72,""competition"":""MLB_REGULAR_INFERRED""},{""gameId"":""822970"",""date"":""2026-06-10"",""pitcherId"":""687562"",""side"":""away"",""started"":true,""source"":""BOXSCORE_START"",""k"":4,""ip"":""5.0"",""bf"":23,""pitches"":73,""competition"":""MLB_REGULAR_INFERRED""}]","[{""gameId"":""824344"",""date"":""2026-06-22"",""pitcherId"":""687562"",""side"":""away"",""started"":true,""source"":""LIVE_APPEARANCE"",""k"":9,""ip"":""6.0"",""bf"":21,""pitches"":72,""competition"":""MLB_REGULAR_INFERRED""},{""gameId"":""824746"",""date"":""2026-06-17"",""pitcherId"":""687562"",""side"":""home"",""started"":false,""source"":""LIVE_APPEARANCE"",""k"":5,""ip"":""5.1"",""bf"":20,""pitches"":79,""competition"":""MLB_REGULAR_INFERRED""},{""gameId"":""822970"",""date"":""2026-06-10"",""pitcherId"":""687562"",""side"":""away"",""started"":true,""source"":""LIVE_APPEARANCE"",""k"":4,""ip"":""5.0"",""bf"":23,""pitches"":73,""competition"":""MLB_REGULAR_INFERRED""}]","{""last3Ks1"":9,""last3Ks2"":4,""last3Ks3"":null,""last3Ip1"":6,""last3Ip2"":5,""last3Ip3"":null,""last3Bf1"":21,""last3Bf2"":23,""last3Bf3"":null,""last5KsAvg"":6.5,""last5KsStd"":2.5,""last5IpAvg"":5.5,""last5BfAvg"":22,""last5PitchCountAvg"":72.5,""pitchesLast3Starts"":145,""pitchesLast3Appearances"":224,""daysSinceLastStart"":5,""daysSinceLastAppearance"":5}","LINESCORE_DEFENSE_PITCHER","NOT_VERIFIABLE"
"824812","669432","2026-07-24","home","[{""gameId"":""824169"",""date"":""2026-07-18"",""pitcherId"":""669432"",""side"":""away"",""started"":true,""source"":""BOXSCORE_START"",""k"":8,""ip"":""6.1"",""bf"":27,""pitches"":99,""competition"":""MLB_REGULAR_INFERRED""},{""gameId"":""824816"",""date"":""2026-07-09"",""pitcherId"":""669432"",""side"":""home"",""started"":true,""source"":""BOXSCORE_START"",""k"":4,""ip"":""6.0"",""bf"":23,""pitches"":89,""competition"":""MLB_REGULAR_INFERRED""},{""gameId"":""824498"",""date"":""2026-07-03"",""pitcherId"":""669432"",""side"":""away"",""started"":true,""source"":""BOXSCORE_START"",""k"":4,""ip"":""5.0"",""bf"":22,""pitches"":93,""competition"":""MLB_REGULAR_INFERRED""}]","[{""gameId"":""824169"",""date"":""2026-07-18"",""pitcherId"":""669432"",""side"":""away"",""started"":true,""source"":""LIVE_APPEARANCE"",""k"":8,""ip"":""6.1"",""bf"":27,""pitches"":99,""competition"":""MLB_REGULAR_INFERRED""},{""gameId"":""824816"",""date"":""2026-07-09"",""pitcherId"":""669432"",""side"":""home"",""started"":true,""source"":""LIVE_APPEARANCE"",""k"":4,""ip"":""6.0"",""bf"":23,""pitches"":89,""competition"":""MLB_REGULAR_INFERRED""},{""gameId"":""824498"",""date"":""2026-07-03"",""pitcherId"":""669432"",""side"":""away"",""started"":true,""source"":""LIVE_APPEARANCE"",""k"":4,""ip"":""5.0"",""bf"":22,""pitches"":93,""competition"":""MLB_REGULAR_INFERRED""}]","{""last3Ks1"":8,""last3Ks2"":4,""last3Ks3"":4,""last3Ip1"":6.333333333333333,""last3Ip2"":6,""last3Ip3"":5,""last3Bf1"":27,""last3Bf2"":23,""last3Bf3"":22,""last5KsAvg"":5.8,""last5KsStd"":1.6,""last5IpAvg"":6.133333333333333,""last5BfAvg"":23.8,""last5PitchCountAvg"":92.8,""pitchesLast3Starts"":281,""pitchesLast3Appearances"":281,""daysSinceLastStart"":6,""daysSinceLastAppearance"":6}","LINESCORE_DEFENSE_PITCHER","NOT_VERIFIABLE"
"824813","680694","2026-07-11","home","[{""gameId"":""824497"",""date"":""2026-07-05"",""pitcherId"":""680694"",""side"":""away"",""started"":true,""source"":""BOXSCORE_START"",""k"":5,""ip"":""7.2"",""bf"":29,""pitches"":106,""competition"":""MLB_REGULAR_INFERRED""},{""gameId"":""824821"",""date"":""2026-06-28"",""pitcherId"":""680694"",""side"":""home"",""started"":true,""source"":""BOXSCORE_START"",""k"":2,""ip"":""4.0"",""bf"":19,""pitches"":85,""competition"":""MLB_REGULAR_INFERRED""},{""gameId"":""824016"",""date"":""2026-06-22"",""pitcherId"":""680694"",""side"":""away"",""started"":true,""source"":""BOXSCORE_START"",""k"":9,""ip"":""8.0"",""bf"":30,""pitches"":101,""competition"":""MLB_REGULAR_INFERRED""}]","[{""gameId"":""824497"",""date"":""2026-07-05"",""pitcherId"":""680694"",""side"":""away"",""started"":true,""source"":""LIVE_APPEARANCE"",""k"":5,""ip"":""7.2"",""bf"":29,""pitches"":106,""competition"":""MLB_REGULAR_INFERRED""},{""gameId"":""824821"",""date"":""2026-06-28"",""pitcherId"":""680694"",""side"":""home"",""started"":true,""source"":""LIVE_APPEARANCE"",""k"":2,""ip"":""4.0"",""bf"":19,""pitches"":85,""competition"":""MLB_REGULAR_INFERRED""},{""gameId"":""824016"",""date"":""2026-06-22"",""pitcherId"":""680694"",""side"":""away"",""started"":true,""source"":""LIVE_APPEARANCE"",""k"":9,""ip"":""8.0"",""bf"":30,""pitches"":101,""competition"":""MLB_REGULAR_INFERRED""}]","{""last3Ks1"":5,""last3Ks2"":2,""last3Ks3"":9,""last3Ip1"":7.666666666666667,""last3Ip2"":4,""last3Ip3"":8,""last3Bf1"":29,""last3Bf2"":19,""last3Bf3"":30,""last5KsAvg"":6.2,""last5KsStd"":3.762977544445356,""last5IpAvg"":6.2666666666666675,""last5BfAvg"":25.4,""last5PitchCountAvg"":94.6,""pitchesLast3Starts"":292,""pitchesLast3Appearances"":292,""daysSinceLastStart"":6,""daysSinceLastAppearance"":6}","LINESCORE_DEFENSE_PITCHER","NOT_VERIFIABLE"
"824814","669358","2026-07-12","home","[{""gameId"":""824820"",""date"":""2026-07-07"",""pitcherId"":""669358"",""side"":""home"",""started"":true,""source"":""BOXSCORE_START"",""k"":3,""ip"":""6.0"",""bf"":26,""pitches"":100,""competition"":""MLB_REGULAR_INFERRED""},{""gameId"":""824822"",""date"":""2026-06-29"",""pitcherId"":""669358"",""side"":""home"",""started"":true,""source"":""BOXSCORE_START"",""k"":6,""ip"":""7.0"",""bf"":27,""pitches"":109,""competition"":""MLB_REGULAR_INFERRED""},{""gameId"":""824017"",""date"":""2026-06-23"",""pitcherId"":""669358"",""side"":""away"",""started"":true,""source"":""BOXSCORE_START"",""k"":5,""ip"":""5.0"",""bf"":24,""pitches"":91,""competition"":""MLB_REGULAR_INFERRED""}]","[{""gameId"":""824820"",""date"":""2026-07-07"",""pitcherId"":""669358"",""side"":""home"",""started"":true,""source"":""LIVE_APPEARANCE"",""k"":3,""ip"":""6.0"",""bf"":26,""pitches"":100,""competition"":""MLB_REGULAR_INFERRED""},{""gameId"":""824822"",""date"":""2026-06-29"",""pitcherId"":""669358"",""side"":""home"",""started"":true,""source"":""LIVE_APPEARANCE"",""k"":6,""ip"":""7.0"",""bf"":27,""pitches"":109,""competition"":""MLB_REGULAR_INFERRED""},{""gameId"":""824017"",""date"":""2026-06-23"",""pitcherId"":""669358"",""side"":""away"",""started"":true,""source"":""LIVE_APPEARANCE"",""k"":5,""ip"":""5.0"",""bf"":24,""pitches"":91,""competition"":""MLB_REGULAR_INFERRED""}]","{""last3Ks1"":3,""last3Ks2"":6,""last3Ks3"":5,""last3Ip1"":6,""last3Ip2"":7,""last3Ip3"":5,""last3Bf1"":26,""last3Bf2"":27,""last3Bf3"":24,""last5KsAvg"":5.2,""last5KsStd"":2.227105745132009,""last5IpAvg"":6.133333333333334,""last5BfAvg"":26.2,""last5PitchCountAvg"":96,""pitchesLast3Starts"":300,""pitchesLast3Appearances"":300,""daysSinceLastStart"":5,""daysSinceLastAppearance"":5}","LINESCORE_DEFENSE_PITCHER","NOT_VERIFIABLE"
"824815","665152","2026-07-08","home","[{""gameId"":""824451"",""date"":""2026-04-18"",""pitcherId"":""665152"",""side"":""away"",""started"":true,""source"":""BOXSCORE_START"",""k"":7,""ip"":""6.0"",""bf"":22,""pitches"":95,""competition"":""MLB_REGULAR_INFERRED""},{""gameId"":""824856"",""date"":""2026-04-13"",""pitcherId"":""665152"",""side"":""home"",""started"":true,""source"":""BOXSCORE_START"",""k"":9,""ip"":""5.0"",""bf"":21,""pitches"":80,""competition"":""MLB_REGULAR_INFERRED""}]","[{""gameId"":""824818"",""date"":""2026-07-01"",""pitcherId"":""665152"",""side"":""home"",""started"":false,""source"":""LIVE_APPEARANCE"",""k"":4,""ip"":""6.0"",""bf"":22,""pitches"":79,""competition"":""MLB_REGULAR_INFERRED""},{""gameId"":""824451"",""date"":""2026-04-18"",""pitcherId"":""665152"",""side"":""away"",""started"":true,""source"":""LIVE_APPEARANCE"",""k"":7,""ip"":""6.0"",""bf"":22,""pitches"":95,""competition"":""MLB_REGULAR_INFERRED""},{""gameId"":""824856"",""date"":""2026-04-13"",""pitcherId"":""665152"",""side"":""home"",""started"":true,""source"":""LIVE_APPEARANCE"",""k"":9,""ip"":""5.0"",""bf"":21,""pitches"":80,""competition"":""MLB_REGULAR_INFERRED""}]","{""last3Ks1"":7,""last3Ks2"":9,""last3Ks3"":null,""last3Ip1"":6,""last3Ip2"":5,""last3Ip3"":null,""last3Bf1"":22,""last3Bf2"":21,""last3Bf3"":null,""last5KsAvg"":8,""last5KsStd"":1,""last5IpAvg"":5.5,""last5BfAvg"":21.5,""last5PitchCountAvg"":87.5,""pitchesLast3Starts"":175,""pitchesLast3Appearances"":254,""daysSinceLastStart"":81,""daysSinceLastAppearance"":7}","LINESCORE_DEFENSE_PITCHER","NOT_VERIFIABLE"
"824816","669432","2026-07-09","home","[{""gameId"":""824498"",""date"":""2026-07-03"",""pitcherId"":""669432"",""side"":""away"",""started"":true,""source"":""BOXSCORE_START"",""k"":4,""ip"":""5.0"",""bf"":22,""pitches"":93,""competition"":""MLB_REGULAR_INFERRED""},{""gameId"":""824824"",""date"":""2026-06-26"",""pitcherId"":""669432"",""side"":""home"",""started"":true,""source"":""BOXSCORE_START"",""k"":7,""ip"":""6.1"",""bf"":24,""pitches"":87,""competition"":""MLB_REGULAR_INFERRED""},{""gameId"":""823937"",""date"":""2026-06-20"",""pitcherId"":""669432"",""side"":""away"",""started"":true,""source"":""BOXSCORE_START"",""k"":6,""ip"":""7.0"",""bf"":23,""pitches"":96,""competition"":""MLB_REGULAR_INFERRED""}]","[{""gameId"":""824498"",""date"":""2026-07-03"",""pitcherId"":""669432"",""side"":""away"",""started"":true,""source"":""LIVE_APPEARANCE"",""k"":4,""ip"":""5.0"",""bf"":22,""pitches"":93,""competition"":""MLB_REGULAR_INFERRED""},{""gameId"":""824824"",""date"":""2026-06-26"",""pitcherId"":""669432"",""side"":""home"",""started"":true,""source"":""LIVE_APPEARANCE"",""k"":7,""ip"":""6.1"",""bf"":24,""pitches"":87,""competition"":""MLB_REGULAR_INFERRED""},{""gameId"":""823937"",""date"":""2026-06-20"",""pitcherId"":""669432"",""side"":""away"",""started"":true,""source"":""LIVE_APPEARANCE"",""k"":6,""ip"":""7.0"",""bf"":23,""pitches"":96,""competition"":""MLB_REGULAR_INFERRED""}]","{""last3Ks1"":4,""last3Ks2"":7,""last3Ks3"":6,""last3Ip1"":5,""last3Ip2"":6.333333333333333,""last3Ip3"":7,""last3Bf1"":22,""last3Bf2"":24,""last3Bf3"":23,""last5KsAvg"":4.6,""last5KsStd"":1.624807680927192,""last5IpAvg"":5.933333333333334,""last5BfAvg"":23,""last5PitchCountAvg"":92,""pitchesLast3Starts"":276,""pitchesLast3Appearances"":276,""daysSinceLastStart"":6,""daysSinceLastAppearance"":6}","LINESCORE_DEFENSE_PITCHER","NOT_VERIFIABLE"
"824817","687064","2026-07-10","home","[{""gameId"":""824499"",""date"":""2026-07-04"",""pitcherId"":""687064"",""side"":""away"",""started"":true,""source"":""BOXSCORE_START"",""k"":5,""ip"":""5.0"",""bf"":25,""pitches"":102,""competition"":""MLB_REGULAR_INFERRED""},{""gameId"":""823128"",""date"":""2026-06-16"",""pitcherId"":""687064"",""side"":""away"",""started"":true,""source"":""BOXSCORE_START"",""k"":2,""ip"":""6.0"",""bf"":26,""pitches"":92,""competition"":""MLB_REGULAR_INFERRED""},{""gameId"":""824831"",""date"":""2026-06-10"",""pitcherId"":""687064"",""side"":""home"",""started"":true,""source"":""BOXSCORE_START"",""k"":5,""ip"":""7.0"",""bf"":25,""pitches"":88,""competition"":""MLB_REGULAR_INFERRED""}]","[{""gameId"":""824499"",""date"":""2026-07-04"",""pitcherId"":""687064"",""side"":""away"",""started"":true,""source"":""LIVE_APPEARANCE"",""k"":5,""ip"":""5.0"",""bf"":25,""pitches"":102,""competition"":""MLB_REGULAR_INFERRED""},{""gameId"":""824825"",""date"":""2026-06-27"",""pitcherId"":""687064"",""side"":""home"",""started"":false,""source"":""LIVE_APPEARANCE"",""k"":8,""ip"":""5.0"",""bf"":24,""pitches"":93,""competition"":""MLB_REGULAR_INFERRED""},{""gameId"":""823934"",""date"":""2026-06-21"",""pitcherId"":""687064"",""side"":""away"",""started"":false,""source"":""LIVE_APPEARANCE"",""k"":5,""ip"":""5.0"",""bf"":22,""pitches"":95,""competition"":""MLB_REGULAR_INFERRED""}]","{""last3Ks1"":5,""last3Ks2"":2,""last3Ks3"":5,""last3Ip1"":5,""last3Ip2"":6,""last3Ip3"":7,""last3Bf1"":25,""last3Bf2"":26,""last3Bf3"":25,""last5KsAvg"":4.4,""last5KsStd"":1.7435595774162693,""last5IpAvg"":5.666666666666667,""last5BfAvg"":24.4,""last5PitchCountAvg"":87.6,""pitchesLast3Starts"":282,""pitchesLast3Appearances"":290,""daysSinceLastStart"":6,""daysSinceLastAppearance"":6}","LINESCORE_DEFENSE_PITCHER","NOT_VERIFIABLE"
"824820","669358","2026-07-07","home","[{""gameId"":""824822"",""date"":""2026-06-29"",""pitcherId"":""669358"",""side"":""home"",""started"":true,""source"":""BOXSCORE_START"",""k"":6,""ip"":""7.0"",""bf"":27,""pitches"":109,""competition"":""MLB_REGULAR_INFERRED""},{""gameId"":""824017"",""date"":""2026-06-23"",""pitcherId"":""669358"",""side"":""away"",""started"":true,""source"":""BOXSCORE_START"",""k"":5,""ip"":""5.0"",""bf"":24,""pitches"":91,""competition"":""MLB_REGULAR_INFERRED""},{""gameId"":""823125"",""date"":""2026-06-18"",""pitcherId"":""669358"",""side"":""away"",""started"":true,""source"":""BOXSCORE_START"",""k"":9,""ip"":""7.0"",""bf"":28,""pitches"":99,""competition"":""MLB_REGULAR_INFERRED""}]","[{""gameId"":""824822"",""date"":""2026-06-29"",""pitcherId"":""669358"",""side"":""home"",""started"":true,""source"":""LIVE_APPEARANCE"",""k"":6,""ip"":""7.0"",""bf"":27,""pitches"":109,""competition"":""MLB_REGULAR_INFERRED""},{""gameId"":""824017"",""date"":""2026-06-23"",""pitcherId"":""669358"",""side"":""away"",""started"":true,""source"":""LIVE_APPEARANCE"",""k"":5,""ip"":""5.0"",""bf"":24,""pitches"":91,""competition"":""MLB_REGULAR_INFERRED""},{""gameId"":""823125"",""date"":""2026-06-18"",""pitcherId"":""669358"",""side"":""away"",""started"":true,""source"":""LIVE_APPEARANCE"",""k"":9,""ip"":""7.0"",""bf"":28,""pitches"":99,""competition"":""MLB_REGULAR_INFERRED""}]","{""last3Ks1"":6,""last3Ks2"":5,""last3Ks3"":9,""last3Ip1"":7,""last3Ip2"":5,""last3Ip3"":7,""last3Bf1"":27,""last3Bf2"":24,""last3Bf3"":28,""last5KsAvg"":5.8,""last5KsStd"":1.9390719429665317,""last5IpAvg"":6.333333333333334,""last5BfAvg"":26.2,""last5PitchCountAvg"":94.8,""pitchesLast3Starts"":299,""pitchesLast3Appearances"":299,""daysSinceLastStart"":8,""daysSinceLastAppearance"":8}","LINESCORE_DEFENSE_PITCHER","NOT_VERIFIABLE"
"824821","680694","2026-06-28","home","[{""gameId"":""824016"",""date"":""2026-06-22"",""pitcherId"":""680694"",""side"":""away"",""started"":true,""source"":""BOXSCORE_START"",""k"":9,""ip"":""8.0"",""bf"":30,""pitches"":101,""competition"":""MLB_REGULAR_INFERRED""},{""gameId"":""823127"",""date"":""2026-06-17"",""pitcherId"":""680694"",""side"":""away"",""started"":true,""source"":""BOXSCORE_START"",""k"":12,""ip"":""7.2"",""bf"":28,""pitches"":100,""competition"":""MLB_REGULAR_INFERRED""},{""gameId"":""822808"",""date"":""2026-06-06"",""pitcherId"":""680694"",""side"":""away"",""started"":true,""source"":""BOXSCORE_START"",""k"":3,""ip"":""4.0"",""bf"":21,""pitches"":81,""competition"":""MLB_REGULAR_INFERRED""}]","[{""gameId"":""824016"",""date"":""2026-06-22"",""pitcherId"":""680694"",""side"":""away"",""started"":true,""source"":""LIVE_APPEARANCE"",""k"":9,""ip"":""8.0"",""bf"":30,""pitches"":101,""competition"":""MLB_REGULAR_INFERRED""},{""gameId"":""823127"",""date"":""2026-06-17"",""pitcherId"":""680694"",""side"":""away"",""started"":true,""source"":""LIVE_APPEARANCE"",""k"":12,""ip"":""7.2"",""bf"":28,""pitches"":100,""competition"":""MLB_REGULAR_INFERRED""},{""gameId"":""822808"",""date"":""2026-06-06"",""pitcherId"":""680694"",""side"":""away"",""started"":true,""source"":""LIVE_APPEARANCE"",""k"":3,""ip"":""4.0"",""bf"":21,""pitches"":81,""competition"":""MLB_REGULAR_INFERRED""}]","{""last3Ks1"":9,""last3Ks2"":12,""last3Ks3"":3,""last3Ip1"":8,""last3Ip2"":7.666666666666667,""last3Ip3"":4,""last3Bf1"":30,""last3Bf2"":28,""last3Bf3"":21,""last5KsAvg"":6.2,""last5KsStd"":3.6551333764994136,""last5IpAvg"":6.533333333333334,""last5BfAvg"":26.2,""last5PitchCountAvg"":93.6,""pitchesLast3Starts"":282,""pitchesLast3Appearances"":282,""daysSinceLastStart"":6,""daysSinceLastAppearance"":6}","LINESCORE_DEFENSE_PITCHER","NOT_VERIFIABLE"
"824822","669358","2026-06-29","home","[{""gameId"":""824017"",""date"":""2026-06-23"",""pitcherId"":""669358"",""side"":""away"",""started"":true,""source"":""BOXSCORE_START"",""k"":5,""ip"":""5.0"",""bf"":24,""pitches"":91,""competition"":""MLB_REGULAR_INFERRED""},{""gameId"":""823125"",""date"":""2026-06-18"",""pitcherId"":""669358"",""side"":""away"",""started"":true,""source"":""BOXSCORE_START"",""k"":9,""ip"":""7.0"",""bf"":28,""pitches"":99,""competition"":""MLB_REGULAR_INFERRED""},{""gameId"":""822807"",""date"":""2026-06-07"",""pitcherId"":""669358"",""side"":""away"",""started"":true,""source"":""BOXSCORE_START"",""k"":3,""ip"":""5.2"",""bf"":26,""pitches"":81,""competition"":""MLB_REGULAR_INFERRED""}]","[{""gameId"":""824017"",""date"":""2026-06-23"",""pitcherId"":""669358"",""side"":""away"",""started"":true,""source"":""LIVE_APPEARANCE"",""k"":5,""ip"":""5.0"",""bf"":24,""pitches"":91,""competition"":""MLB_REGULAR_INFERRED""},{""gameId"":""823125"",""date"":""2026-06-18"",""pitcherId"":""669358"",""side"":""away"",""started"":true,""source"":""LIVE_APPEARANCE"",""k"":9,""ip"":""7.0"",""bf"":28,""pitches"":99,""competition"":""MLB_REGULAR_INFERRED""},{""gameId"":""822807"",""date"":""2026-06-07"",""pitcherId"":""669358"",""side"":""away"",""started"":true,""source"":""LIVE_APPEARANCE"",""k"":3,""ip"":""5.2"",""bf"":26,""pitches"":81,""competition"":""MLB_REGULAR_INFERRED""}]","{""last3Ks1"":5,""last3Ks2"":9,""last3Ks3"":3,""last3Ip1"":5,""last3Ip2"":7,""last3Ip3"":5.666666666666667,""last3Bf1"":24,""last3Bf2"":28,""last3Bf3"":26,""last5KsAvg"":6.4,""last5KsStd"":2.33238075793812,""last5IpAvg"":6.333333333333334,""last5BfAvg"":26.6,""last5PitchCountAvg"":92.8,""pitchesLast3Starts"":271,""pitchesLast3Appearances"":271,""daysSinceLastStart"":6,""daysSinceLastAppearance"":6}","LINESCORE_DEFENSE_PITCHER","NOT_VERIFIABLE"
"824824","669432","2026-06-26","home","[{""gameId"":""823937"",""date"":""2026-06-20"",""pitcherId"":""669432"",""side"":""away"",""started"":true,""source"":""BOXSCORE_START"",""k"":6,""ip"":""7.0"",""bf"":23,""pitches"":96,""competition"":""MLB_REGULAR_INFERRED""},{""gameId"":""824830"",""date"":""2026-06-09"",""pitcherId"":""669432"",""side"":""home"",""started"":true,""source"":""BOXSCORE_START"",""k"":3,""ip"":""5.2"",""bf"":24,""pitches"":97,""competition"":""MLB_REGULAR_INFERRED""},{""gameId"":""824753"",""date"":""2026-06-04"",""pitcherId"":""669432"",""side"":""away"",""started"":true,""source"":""BOXSCORE_START"",""k"":3,""ip"":""5.2"",""bf"":22,""pitches"":87,""competition"":""MLB_REGULAR_INFERRED""}]","[{""gameId"":""823937"",""date"":""2026-06-20"",""pitcherId"":""669432"",""side"":""away"",""started"":true,""source"":""LIVE_APPEARANCE"",""k"":6,""ip"":""7.0"",""bf"":23,""pitches"":96,""competition"":""MLB_REGULAR_INFERRED""},{""gameId"":""824830"",""date"":""2026-06-09"",""pitcherId"":""669432"",""side"":""home"",""started"":true,""source"":""LIVE_APPEARANCE"",""k"":3,""ip"":""5.2"",""bf"":24,""pitches"":97,""competition"":""MLB_REGULAR_INFERRED""},{""gameId"":""824753"",""date"":""2026-06-04"",""pitcherId"":""669432"",""side"":""away"",""started"":true,""source"":""LIVE_APPEARANCE"",""k"":3,""ip"":""5.2"",""bf"":22,""pitches"":87,""competition"":""MLB_REGULAR_INFERRED""}]","{""last3Ks1"":6,""last3Ks2"":3,""last3Ks3"":3,""last3Ip1"":7,""last3Ip2"":5.666666666666667,""last3Ip3"":5.666666666666667,""last3Bf1"":23,""last3Bf2"":24,""last3Bf3"":22,""last5KsAvg"":3.6,""last5KsStd"":1.2000000000000002,""last5IpAvg"":5.6000000000000005,""last5BfAvg"":23,""last5PitchCountAvg"":90.4,""pitchesLast3Starts"":280,""pitchesLast3Appearances"":280,""daysSinceLastStart"":6,""daysSinceLastAppearance"":6}","LINESCORE_DEFENSE_PITCHER","NOT_VERIFIABLE"
"824895","625643","2026-07-21","home","[{""gameId"":""823030"",""date"":""2026-07-11"",""pitcherId"":""625643"",""side"":""away"",""started"":true,""source"":""BOXSCORE_START"",""k"":3,""ip"":""5.0"",""bf"":21,""pitches"":85,""competition"":""MLB_REGULAR_INFERRED""},{""gameId"":""824900"",""date"":""2026-07-06"",""pitcherId"":""625643"",""side"":""home"",""started"":true,""source"":""BOXSCORE_START"",""k"":5,""ip"":""5.0"",""bf"":20,""pitches"":80,""competition"":""MLB_REGULAR_INFERRED""},{""gameId"":""823206"",""date"":""2026-06-26"",""pitcherId"":""625643"",""side"":""away"",""started"":true,""source"":""BOXSCORE_START"",""k"":1,""ip"":""3.0"",""bf"":12,""pitches"":57,""competition"":""MLB_REGULAR_INFERRED""}]","[{""gameId"":""823030"",""date"":""2026-07-11"",""pitcherId"":""625643"",""side"":""away"",""started"":true,""source"":""LIVE_APPEARANCE"",""k"":3,""ip"":""5.0"",""bf"":21,""pitches"":85,""competition"":""MLB_REGULAR_INFERRED""},{""gameId"":""824900"",""date"":""2026-07-06"",""pitcherId"":""625643"",""side"":""home"",""started"":true,""source"":""LIVE_APPEARANCE"",""k"":5,""ip"":""5.0"",""bf"":20,""pitches"":80,""competition"":""MLB_REGULAR_INFERRED""},{""gameId"":""824905"",""date"":""2026-07-01"",""pitcherId"":""625643"",""side"":""home"",""started"":false,""source"":""LIVE_APPEARANCE"",""k"":0,""ip"":""0.0"",""bf"":0,""pitches"":0,""competition"":""MLB_REGULAR_INFERRED""}]","{""last3Ks1"":3,""last3Ks2"":5,""last3Ks3"":1,""last3Ip1"":5,""last3Ip2"":5,""last3Ip3"":3,""last3Bf1"":21,""last3Bf2"":20,""last3Bf3"":12,""last5KsAvg"":3.2,""last5KsStd"":2.039607805437114,""last5IpAvg"":3.8,""last5BfAvg"":17,""last5PitchCountAvg"":75.2,""pitchesLast3Starts"":222,""pitchesLast3Appearances"":165,""daysSinceLastStart"":10,""daysSinceLastAppearance"":10}","LINESCORE_DEFENSE_PITCHER","NOT_VERIFIABLE"
"824900","625643","2026-07-06","home","[{""gameId"":""823206"",""date"":""2026-06-26"",""pitcherId"":""625643"",""side"":""away"",""started"":true,""source"":""BOXSCORE_START"",""k"":1,""ip"":""3.0"",""bf"":12,""pitches"":57,""competition"":""MLB_REGULAR_INFERRED""},{""gameId"":""822747"",""date"":""2026-04-21"",""pitcherId"":""625643"",""side"":""away"",""started"":true,""source"":""BOXSCORE_START"",""k"":1,""ip"":""1.0"",""bf"":11,""pitches"":58,""competition"":""MLB_REGULAR_INFERRED""},{""gameId"":""824935"",""date"":""2026-04-14"",""pitcherId"":""625643"",""side"":""home"",""started"":true,""source"":""BOXSCORE_START"",""k"":6,""ip"":""5.0"",""bf"":21,""pitches"":96,""competition"":""MLB_REGULAR_INFERRED""}]","[{""gameId"":""824905"",""date"":""2026-07-01"",""pitcherId"":""625643"",""side"":""home"",""started"":false,""source"":""LIVE_APPEARANCE"",""k"":0,""ip"":""0.0"",""bf"":0,""pitches"":0,""competition"":""MLB_REGULAR_INFERRED""},{""gameId"":""823206"",""date"":""2026-06-26"",""pitcherId"":""625643"",""side"":""away"",""started"":true,""source"":""LIVE_APPEARANCE"",""k"":1,""ip"":""3.0"",""bf"":12,""pitches"":57,""competition"":""MLB_REGULAR_INFERRED""},{""gameId"":""824908"",""date"":""2026-06-21"",""pitcherId"":""625643"",""side"":""home"",""started"":false,""source"":""LIVE_APPEARANCE"",""k"":3,""ip"":""3.0"",""bf"":11,""pitches"":58,""competition"":""MLB_REGULAR_INFERRED""}]","{""last3Ks1"":1,""last3Ks2"":1,""last3Ks3"":6,""last3Ip1"":3,""last3Ip2"":1,""last3Ip3"":5,""last3Bf1"":12,""last3Bf2"":11,""last3Bf3"":21,""last5KsAvg"":3.6,""last5KsStd"":2.4979991993593593,""last5IpAvg"":3.7333333333333334,""last5BfAvg"":17,""last5PitchCountAvg"":74,""pitchesLast3Starts"":211,""pitchesLast3Appearances"":115,""daysSinceLastStart"":10,""daysSinceLastAppearance"":5}","LINESCORE_DEFENSE_PITCHER","NOT_VERIFIABLE"
"824901","519242","2026-07-17","home","[{""gameId"":""823033"",""date"":""2026-07-10"",""pitcherId"":""519242"",""side"":""away"",""started"":true,""source"":""BOXSCORE_START"",""k"":5,""ip"":""3.0"",""bf"":11,""pitches"":43,""competition"":""MLB_REGULAR_INFERRED""},{""gameId"":""824903"",""date"":""2026-07-04"",""pitcherId"":""519242"",""side"":""home"",""started"":true,""source"":""BOXSCORE_START"",""k"":3,""ip"":""5.0"",""bf"":24,""pitches"":98,""competition"":""MLB_REGULAR_INFERRED""},{""gameId"":""823204"",""date"":""2026-06-28"",""pitcherId"":""519242"",""side"":""away"",""started"":true,""source"":""BOXSCORE_START"",""k"":10,""ip"":""6.0"",""bf"":26,""pitches"":94,""competition"":""MLB_REGULAR_INFERRED""}]","[{""gameId"":""823033"",""date"":""2026-07-10"",""pitcherId"":""519242"",""side"":""away"",""started"":true,""source"":""LIVE_APPEARANCE"",""k"":5,""ip"":""3.0"",""bf"":11,""pitches"":43,""competition"":""MLB_REGULAR_INFERRED""},{""gameId"":""824903"",""date"":""2026-07-04"",""pitcherId"":""519242"",""side"":""home"",""started"":true,""source"":""LIVE_APPEARANCE"",""k"":3,""ip"":""5.0"",""bf"":24,""pitches"":98,""competition"":""MLB_REGULAR_INFERRED""},{""gameId"":""823204"",""date"":""2026-06-28"",""pitcherId"":""519242"",""side"":""away"",""started"":true,""source"":""LIVE_APPEARANCE"",""k"":10,""ip"":""6.0"",""bf"":26,""pitches"":94,""competition"":""MLB_REGULAR_INFERRED""}]","{""last3Ks1"":5,""last3Ks2"":3,""last3Ks3"":10,""last3Ip1"":3,""last3Ip2"":5,""last3Ip3"":6,""last3Bf1"":11,""last3Bf2"":24,""last3Bf3"":26,""last5KsAvg"":6.2,""last5KsStd"":2.3151673805580453,""last5IpAvg"":5.066666666666667,""last5BfAvg"":21.8,""last5PitchCountAvg"":87.8,""pitchesLast3Starts"":235,""pitchesLast3Appearances"":235,""daysSinceLastStart"":7,""daysSinceLastAppearance"":7}","LINESCORE_DEFENSE_PITCHER","NOT_VERIFIABLE"
"824902","527048","2026-07-05","home","[{""gameId"":""823284"",""date"":""2026-06-24"",""pitcherId"":""527048"",""side"":""away"",""started"":true,""source"":""BOXSCORE_START"",""k"":4,""ip"":""4.0"",""bf"":20,""pitches"":82,""competition"":""MLB_REGULAR_INFERRED""},{""gameId"":""824910"",""date"":""2026-06-19"",""pitcherId"":""527048"",""side"":""home"",""started"":true,""source"":""BOXSCORE_START"",""k"":5,""ip"":""6.0"",""bf"":25,""pitches"":82,""competition"":""MLB_REGULAR_INFERRED""},{""gameId"":""824914"",""date"":""2026-06-05"",""pitcherId"":""527048"",""side"":""home"",""started"":true,""source"":""BOXSCORE_START"",""k"":5,""ip"":""5.0"",""bf"":20,""pitches"":85,""competition"":""MLB_REGULAR_INFERRED""}]","[{""gameId"":""824907"",""date"":""2026-06-30"",""pitcherId"":""527048"",""side"":""home"",""started"":false,""source"":""LIVE_APPEARANCE"",""k"":1,""ip"":""5.0"",""bf"":23,""pitches"":85,""competition"":""MLB_REGULAR_INFERRED""},{""gameId"":""823284"",""date"":""2026-06-24"",""pitcherId"":""527048"",""side"":""away"",""started"":true,""source"":""LIVE_APPEARANCE"",""k"":4,""ip"":""4.0"",""bf"":20,""pitches"":82,""competition"":""MLB_REGULAR_INFERRED""},{""gameId"":""824910"",""date"":""2026-06-19"",""pitcherId"":""527048"",""side"":""home"",""started"":true,""source"":""LIVE_APPEARANCE"",""k"":5,""ip"":""6.0"",""bf"":25,""pitches"":82,""competition"":""MLB_REGULAR_INFERRED""}]","{""last3Ks1"":4,""last3Ks2"":5,""last3Ks3"":5,""last3Ip1"":4,""last3Ip2"":6,""last3Ip3"":5,""last3Bf1"":20,""last3Bf2"":25,""last3Bf3"":20,""last5KsAvg"":3.6,""last5KsStd"":1.3564659966250536,""last5IpAvg"":5.133333333333334,""last5BfAvg"":21.4,""last5PitchCountAvg"":83.2,""pitchesLast3Starts"":249,""pitchesLast3Appearances"":249,""daysSinceLastStart"":11,""daysSinceLastAppearance"":5}","LINESCORE_DEFENSE_PITCHER","NOT_VERIFIABLE"
"824904","656550","2026-07-03","home","[{""gameId"":""823288"",""date"":""2026-06-22"",""pitcherId"":""656550"",""side"":""away"",""started"":true,""source"":""BOXSCORE_START"",""k"":4,""ip"":""4.2"",""bf"":21,""pitches"":91,""competition"":""MLB_REGULAR_INFERRED""},{""gameId"":""824912"",""date"":""2026-06-17"",""pitcherId"":""656550"",""side"":""home"",""started"":true,""source"":""BOXSCORE_START"",""k"":2,""ip"":""2.0"",""bf"":13,""pitches"":55,""competition"":""MLB_REGULAR_INFERRED""},{""gameId"":""824912"",""date"":""2026-06-16"",""pitcherId"":""656550"",""side"":""home"",""started"":true,""source"":""BOXSCORE_START"",""k"":2,""ip"":""2.0"",""bf"":13,""pitches"":55,""competition"":""MLB_REGULAR_INFERRED""}]","[{""gameId"":""823207"",""date"":""2026-06-27"",""pitcherId"":""656550"",""side"":""away"",""started"":false,""source"":""LIVE_APPEARANCE"",""k"":4,""ip"":""4.0"",""bf"":13,""pitches"":47,""competition"":""MLB_REGULAR_INFERRED""},{""gameId"":""823288"",""date"":""2026-06-22"",""pitcherId"":""656550"",""side"":""away"",""started"":true,""source"":""LIVE_APPEARANCE"",""k"":4,""ip"":""4.2"",""bf"":21,""pitches"":91,""competition"":""MLB_REGULAR_INFERRED""},{""gameId"":""824912"",""date"":""2026-06-17"",""pitcherId"":""656550"",""side"":""home"",""started"":true,""source"":""LIVE_APPEARANCE"",""k"":2,""ip"":""2.0"",""bf"":13,""pitches"":55,""competition"":""MLB_REGULAR_INFERRED""}]","{""last3Ks1"":4,""last3Ks2"":2,""last3Ks3"":2,""last3Ip1"":4.666666666666667,""last3Ip2"":2,""last3Ip3"":2,""last3Bf1"":21,""last3Bf2"":13,""last3Bf3"":13,""last5KsAvg"":2.8,""last5KsStd"":0.9797958971132712,""last5IpAvg"":3.666666666666667,""last5BfAvg"":18,""last5PitchCountAvg"":71.4,""pitchesLast3Starts"":201,""pitchesLast3Appearances"":193,""daysSinceLastStart"":11,""daysSinceLastAppearance"":6}","LINESCORE_DEFENSE_PITCHER","NOT_VERIFIABLE"
"824906","694462","2026-07-02","home","[]","[{""gameId"":""823206"",""date"":""2026-06-26"",""pitcherId"":""694462"",""side"":""away"",""started"":false,""source"":""LIVE_APPEARANCE"",""k"":3,""ip"":""2.0"",""bf"":12,""pitches"":55,""competition"":""MLB_REGULAR_INFERRED""}]","{""last3Ks1"":null,""last3Ks2"":null,""last3Ks3"":null,""last3Ip1"":null,""last3Ip2"":null,""last3Ip3"":null,""last3Bf1"":null,""last3Bf2"":null,""last3Bf3"":null,""last5KsAvg"":null,""last5KsStd"":null,""last5IpAvg"":null,""last5BfAvg"":null,""last5PitchCountAvg"":null,""pitchesLast3Starts"":null,""pitchesLast3Appearances"":55,""daysSinceLastStart"":null,""daysSinceLastAppearance"":6}","LINESCORE_DEFENSE_PITCHER","NOT_VERIFIABLE"
"824978","682052","2026-07-19","home","[{""gameId"":""824575"",""date"":""2026-07-10"",""pitcherId"":""682052"",""side"":""away"",""started"":true,""source"":""BOXSCORE_START"",""k"":1,""ip"":""1.2"",""bf"":5,""pitches"":12,""competition"":""MLB_REGULAR_INFERRED""},{""gameId"":""825001"",""date"":""2026-05-31"",""pitcherId"":""682052"",""side"":""home"",""started"":true,""source"":""BOXSCORE_START"",""k"":3,""ip"":""2.0"",""bf"":13,""pitches"":56,""competition"":""MLB_REGULAR_INFERRED""},{""gameId"":""824033"",""date"":""2026-05-19"",""pitcherId"":""682052"",""side"":""away"",""started"":true,""source"":""BOXSCORE_START"",""k"":2,""ip"":""3.2"",""bf"":21,""pitches"":83,""competition"":""MLB_REGULAR_INFERRED""}]","[{""gameId"":""824575"",""date"":""2026-07-10"",""pitcherId"":""682052"",""side"":""away"",""started"":true,""source"":""LIVE_APPEARANCE"",""k"":1,""ip"":""1.2"",""bf"":5,""pitches"":12,""competition"":""MLB_REGULAR_INFERRED""},{""gameId"":""824254"",""date"":""2026-07-07"",""pitcherId"":""682052"",""side"":""away"",""started"":false,""source"":""LIVE_APPEARANCE"",""k"":4,""ip"":""3.0"",""bf"":14,""pitches"":63,""competition"":""MLB_REGULAR_INFERRED""},{""gameId"":""825001"",""date"":""2026-05-31"",""pitcherId"":""682052"",""side"":""home"",""started"":true,""source"":""LIVE_APPEARANCE"",""k"":3,""ip"":""2.0"",""bf"":13,""pitches"":56,""competition"":""MLB_REGULAR_INFERRED""}]","{""last3Ks1"":1,""last3Ks2"":3,""last3Ks3"":2,""last3Ip1"":1.6666666666666667,""last3Ip2"":2,""last3Ip3"":3.6666666666666665,""last3Bf1"":5,""last3Bf2"":13,""last3Bf3"":21,""last5KsAvg"":2.6,""last5KsStd"":1.3564659966250538,""last5IpAvg"":3.5333333333333337,""last5BfAvg"":16.6,""last5PitchCountAvg"":65.6,""pitchesLast3Starts"":151,""pitchesLast3Appearances"":131,""daysSinceLastStart"":9,""daysSinceLastAppearance"":9}","LINESCORE_DEFENSE_PITCHER","NOT_VERIFIABLE"
"824980","695611","2026-07-05","home","[{""gameId"":""824986"",""date"":""2026-06-29"",""pitcherId"":""695611"",""side"":""home"",""started"":true,""source"":""BOXSCORE_START"",""k"":5,""ip"":""4.2"",""bf"":24,""pitches"":91,""competition"":""MLB_REGULAR_INFERRED""},{""gameId"":""823208"",""date"":""2026-06-24"",""pitcherId"":""695611"",""side"":""away"",""started"":true,""source"":""BOXSCORE_START"",""k"":9,""ip"":""5.0"",""bf"":18,""pitches"":97,""competition"":""MLB_REGULAR_INFERRED""},{""gameId"":""824989"",""date"":""2026-06-18"",""pitcherId"":""695611"",""side"":""home"",""started"":true,""source"":""BOXSCORE_START"",""k"":7,""ip"":""7.0"",""bf"":24,""pitches"":107,""competition"":""MLB_REGULAR_INFERRED""}]","[{""gameId"":""824986"",""date"":""2026-06-29"",""pitcherId"":""695611"",""side"":""home"",""started"":true,""source"":""LIVE_APPEARANCE"",""k"":5,""ip"":""4.2"",""bf"":24,""pitches"":91,""competition"":""MLB_REGULAR_INFERRED""},{""gameId"":""823208"",""date"":""2026-06-24"",""pitcherId"":""695611"",""side"":""away"",""started"":true,""source"":""LIVE_APPEARANCE"",""k"":9,""ip"":""5.0"",""bf"":18,""pitches"":97,""competition"":""MLB_REGULAR_INFERRED""},{""gameId"":""824989"",""date"":""2026-06-18"",""pitcherId"":""695611"",""side"":""home"",""started"":true,""source"":""LIVE_APPEARANCE"",""k"":7,""ip"":""7.0"",""bf"":24,""pitches"":107,""competition"":""MLB_REGULAR_INFERRED""}]","{""last3Ks1"":5,""last3Ks2"":9,""last3Ks3"":7,""last3Ip1"":4.666666666666667,""last3Ip2"":5,""last3Ip3"":7,""last3Bf1"":24,""last3Bf2"":18,""last3Bf3"":24,""last5KsAvg"":5.8,""last5KsStd"":2.039607805437114,""last5IpAvg"":6,""last5BfAvg"":22.8,""last5PitchCountAvg"":95.2,""pitchesLast3Starts"":295,""pitchesLast3Appearances"":295,""daysSinceLastStart"":6,""daysSinceLastAppearance"":6}","LINESCORE_DEFENSE_PITCHER","NOT_VERIFIABLE"
"824981","695611","2026-07-17","home","[{""gameId"":""824576"",""date"":""2026-07-11"",""pitcherId"":""695611"",""side"":""away"",""started"":true,""source"":""BOXSCORE_START"",""k"":7,""ip"":""5.2"",""bf"":23,""pitches"":86,""competition"":""MLB_REGULAR_INFERRED""},{""gameId"":""824980"",""date"":""2026-07-05"",""pitcherId"":""695611"",""side"":""home"",""started"":true,""source"":""BOXSCORE_START"",""k"":1,""ip"":""3.0"",""bf"":21,""pitches"":85,""competition"":""MLB_REGULAR_INFERRED""},{""gameId"":""824986"",""date"":""2026-06-29"",""pitcherId"":""695611"",""side"":""home"",""started"":true,""source"":""BOXSCORE_START"",""k"":5,""ip"":""4.2"",""bf"":24,""pitches"":91,""competition"":""MLB_REGULAR_INFERRED""}]","[{""gameId"":""824576"",""date"":""2026-07-11"",""pitcherId"":""695611"",""side"":""away"",""started"":true,""source"":""LIVE_APPEARANCE"",""k"":7,""ip"":""5.2"",""bf"":23,""pitches"":86,""competition"":""MLB_REGULAR_INFERRED""},{""gameId"":""824980"",""date"":""2026-07-05"",""pitcherId"":""695611"",""side"":""home"",""started"":true,""source"":""LIVE_APPEARANCE"",""k"":1,""ip"":""3.0"",""bf"":21,""pitches"":85,""competition"":""MLB_REGULAR_INFERRED""},{""gameId"":""824986"",""date"":""2026-06-29"",""pitcherId"":""695611"",""side"":""home"",""started"":true,""source"":""LIVE_APPEARANCE"",""k"":5,""ip"":""4.2"",""bf"":24,""pitches"":91,""competition"":""MLB_REGULAR_INFERRED""}]","{""last3Ks1"":7,""last3Ks2"":1,""last3Ks3"":5,""last3Ip1"":5.666666666666667,""last3Ip2"":3,""last3Ip3"":4.666666666666667,""last3Bf1"":23,""last3Bf2"":21,""last3Bf3"":24,""last5KsAvg"":5.8,""last5KsStd"":2.7129319932501073,""last5IpAvg"":5.066666666666667,""last5BfAvg"":22,""last5PitchCountAvg"":93.2,""pitchesLast3Starts"":262,""pitchesLast3Appearances"":262,""daysSinceLastStart"":6,""daysSinceLastAppearance"":6}","LINESCORE_DEFENSE_PITCHER","NOT_VERIFIABLE"
"824982","678022","2026-07-03","home","[{""gameId"":""824015"",""date"":""2026-06-27"",""pitcherId"":""678022"",""side"":""away"",""started"":true,""source"":""BOXSCORE_START"",""k"":5,""ip"":""5.0"",""bf"":21,""pitches"":81,""competition"":""MLB_REGULAR_INFERRED""},{""gameId"":""824987"",""date"":""2026-06-21"",""pitcherId"":""678022"",""side"":""home"",""started"":true,""source"":""BOXSCORE_START"",""k"":8,""ip"":""5.0"",""bf"":21,""pitches"":78,""competition"":""MLB_REGULAR_INFERRED""},{""gameId"":""824991"",""date"":""2026-06-16"",""pitcherId"":""678022"",""side"":""home"",""started"":true,""source"":""BOXSCORE_START"",""k"":6,""ip"":""5.0"",""bf"":22,""pitches"":85,""competition"":""MLB_REGULAR_INFERRED""}]","[{""gameId"":""824015"",""date"":""2026-06-27"",""pitcherId"":""678022"",""side"":""away"",""started"":true,""source"":""LIVE_APPEARANCE"",""k"":5,""ip"":""5.0"",""bf"":21,""pitches"":81,""competition"":""MLB_REGULAR_INFERRED""},{""gameId"":""824987"",""date"":""2026-06-21"",""pitcherId"":""678022"",""side"":""home"",""started"":true,""source"":""LIVE_APPEARANCE"",""k"":8,""ip"":""5.0"",""bf"":21,""pitches"":78,""competition"":""MLB_REGULAR_INFERRED""},{""gameId"":""824991"",""date"":""2026-06-16"",""pitcherId"":""678022"",""side"":""home"",""started"":true,""source"":""LIVE_APPEARANCE"",""k"":6,""ip"":""5.0"",""bf"":22,""pitches"":85,""competition"":""MLB_REGULAR_INFERRED""}]","{""last3Ks1"":5,""last3Ks2"":8,""last3Ks3"":6,""last3Ip1"":5,""last3Ip2"":5,""last3Ip3"":5,""last3Bf1"":21,""last3Bf2"":21,""last3Bf3"":22,""last5KsAvg"":5.8,""last5KsStd"":1.32664991614216,""last5IpAvg"":4.6,""last5BfAvg"":20.6,""last5PitchCountAvg"":81.6,""pitchesLast3Starts"":244,""pitchesLast3Appearances"":244,""daysSinceLastStart"":6,""daysSinceLastAppearance"":6}","LINESCORE_DEFENSE_PITCHER","NOT_VERIFIABLE"
"824983","650644","2026-07-04","home","[{""gameId"":""824011"",""date"":""2026-06-28"",""pitcherId"":""650644"",""side"":""away"",""started"":true,""source"":""BOXSCORE_START"",""k"":2,""ip"":""5.0"",""bf"":22,""pitches"":90,""competition"":""MLB_REGULAR_INFERRED""},{""gameId"":""823210"",""date"":""2026-06-23"",""pitcherId"":""650644"",""side"":""away"",""started"":true,""source"":""BOXSCORE_START"",""k"":5,""ip"":""4.0"",""bf"":18,""pitches"":84,""competition"":""MLB_REGULAR_INFERRED""},{""gameId"":""824992"",""date"":""2026-06-17"",""pitcherId"":""650644"",""side"":""home"",""started"":true,""source"":""BOXSCORE_START"",""k"":2,""ip"":""3.0"",""bf"":20,""pitches"":71,""competition"":""MLB_REGULAR_INFERRED""}]","[{""gameId"":""824011"",""date"":""2026-06-28"",""pitcherId"":""650644"",""side"":""away"",""started"":true,""source"":""LIVE_APPEARANCE"",""k"":2,""ip"":""5.0"",""bf"":22,""pitches"":90,""competition"":""MLB_REGULAR_INFERRED""},{""gameId"":""823210"",""date"":""2026-06-23"",""pitcherId"":""650644"",""side"":""away"",""started"":true,""source"":""LIVE_APPEARANCE"",""k"":5,""ip"":""4.0"",""bf"":18,""pitches"":84,""competition"":""MLB_REGULAR_INFERRED""},{""gameId"":""824664"",""date"":""2026-06-21"",""pitcherId"":""650644"",""side"":""home"",""started"":false,""source"":""LIVE_APPEARANCE"",""k"":3,""ip"":""3.0"",""bf"":13,""pitches"":45,""competition"":""MLB_REGULAR_INFERRED""}]","{""last3Ks1"":2,""last3Ks2"":5,""last3Ks3"":2,""last3Ip1"":5,""last3Ip2"":4,""last3Ip3"":3,""last3Bf1"":22,""last3Bf2"":18,""last3Bf3"":20,""last5KsAvg"":2.6,""last5KsStd"":1.2000000000000002,""last5IpAvg"":4.4,""last5BfAvg"":20.6,""last5PitchCountAvg"":76.4,""pitchesLast3Starts"":245,""pitchesLast3Appearances"":219,""daysSinceLastStart"":6,""daysSinceLastAppearance"":6}","LINESCORE_DEFENSE_PITCHER","NOT_VERIFIABLE"
"824986","695611","2026-06-29","home","[{""gameId"":""823208"",""date"":""2026-06-24"",""pitcherId"":""695611"",""side"":""away"",""started"":true,""source"":""BOXSCORE_START"",""k"":9,""ip"":""5.0"",""bf"":18,""pitches"":97,""competition"":""MLB_REGULAR_INFERRED""},{""gameId"":""824989"",""date"":""2026-06-18"",""pitcherId"":""695611"",""side"":""home"",""started"":true,""source"":""BOXSCORE_START"",""k"":7,""ip"":""7.0"",""bf"":24,""pitches"":107,""competition"":""MLB_REGULAR_INFERRED""},{""gameId"":""824183"",""date"":""2026-06-07"",""pitcherId"":""695611"",""side"":""away"",""started"":true,""source"":""BOXSCORE_START"",""k"":3,""ip"":""6.1"",""bf"":24,""pitches"":96,""competition"":""MLB_REGULAR_INFERRED""}]","[{""gameId"":""823208"",""date"":""2026-06-24"",""pitcherId"":""695611"",""side"":""away"",""started"":true,""source"":""LIVE_APPEARANCE"",""k"":9,""ip"":""5.0"",""bf"":18,""pitches"":97,""competition"":""MLB_REGULAR_INFERRED""},{""gameId"":""824989"",""date"":""2026-06-18"",""pitcherId"":""695611"",""side"":""home"",""started"":true,""source"":""LIVE_APPEARANCE"",""k"":7,""ip"":""7.0"",""bf"":24,""pitches"":107,""competition"":""MLB_REGULAR_INFERRED""},{""gameId"":""824183"",""date"":""2026-06-07"",""pitcherId"":""695611"",""side"":""away"",""started"":true,""source"":""LIVE_APPEARANCE"",""k"":3,""ip"":""6.1"",""bf"":24,""pitches"":96,""competition"":""MLB_REGULAR_INFERRED""}]","{""last3Ks1"":9,""last3Ks2"":7,""last3Ks3"":3,""last3Ip1"":5,""last3Ip2"":7,""last3Ip3"":6.333333333333333,""last3Bf1"":18,""last3Bf2"":24,""last3Bf3"":24,""last5KsAvg"":5.8,""last5KsStd"":2.039607805437114,""last5IpAvg"":6.066666666666666,""last5BfAvg"":23,""last5PitchCountAvg"":94.6,""pitchesLast3Starts"":300,""pitchesLast3Appearances"":300,""daysSinceLastStart"":5,""daysSinceLastAppearance"":5}","LINESCORE_DEFENSE_PITCHER","NOT_VERIFIABLE"
"825039","593958","2026-08-26","home","[{""gameId"":""824884"",""date"":""2026-08-15"",""pitcherId"":""593958"",""side"":""away"",""started"":true,""source"":""BOXSCORE_START"",""k"":5,""ip"":""6.0"",""bf"":23,""pitches"":96,""competition"":""MLB_REGULAR_INFERRED""},{""gameId"":""825050"",""date"":""2026-08-09"",""pitcherId"":""593958"",""side"":""home"",""started"":true,""source"":""BOXSCORE_START"",""k"":9,""ip"":""7.0"",""bf"":28,""pitches"":115,""competition"":""MLB_REGULAR_INFERRED""},{""gameId"":""823351"",""date"":""2026-07-29"",""pitcherId"":""593958"",""side"":""away"",""started"":true,""source"":""BOXSCORE_START"",""k"":2,""ip"":""8.0"",""bf"":28,""pitches"":105,""competition"":""MLB_REGULAR_INFERRED""}]","[{""gameId"":""825045"",""date"":""2026-08-21"",""pitcherId"":""593958"",""side"":""home"",""started"":false,""source"":""LIVE_APPEARANCE"",""k"":4,""ip"":""5.2"",""bf"":22,""pitches"":99,""competition"":""MLB_REGULAR_INFERRED""},{""gameId"":""824884"",""date"":""2026-08-15"",""pitcherId"":""593958"",""side"":""away"",""started"":true,""source"":""LIVE_APPEARANCE"",""k"":5,""ip"":""6.0"",""bf"":23,""pitches"":96,""competition"":""MLB_REGULAR_INFERRED""},{""gameId"":""825050"",""date"":""2026-08-09"",""pitcherId"":""593958"",""side"":""home"",""started"":true,""source"":""LIVE_APPEARANCE"",""k"":9,""ip"":""7.0"",""bf"":28,""pitches"":115,""competition"":""MLB_REGULAR_INFERRED""}]","{""last3Ks1"":5,""last3Ks2"":9,""last3Ks3"":2,""last3Ip1"":6,""last3Ip2"":7,""last3Ip3"":8,""last3Bf1"":23,""last3Bf2"":28,""last3Bf3"":28,""last5KsAvg"":4.6,""last5KsStd"":2.4166091947189146,""last5IpAvg"":5.933333333333334,""last5BfAvg"":24.4,""last5PitchCountAvg"":96.4,""pitchesLast3Starts"":316,""pitchesLast3Appearances"":310,""daysSinceLastStart"":11,""daysSinceLastAppearance"":5}","PITCHERS_PITCHER_ID",""
"825039","571510","2026-08-26","away","[{""gameId"":""823101"",""date"":""2026-08-21"",""pitcherId"":""571510"",""side"":""away"",""started"":true,""source"":""BOXSCORE_START"",""k"":3,""ip"":""6.0"",""bf"":27,""pitches"":86,""competition"":""MLB_REGULAR_INFERRED""},{""gameId"":""824644"",""date"":""2026-08-15"",""pitcherId"":""571510"",""side"":""home"",""started"":true,""source"":""BOXSCORE_START"",""k"":2,""ip"":""5.1"",""bf"":25,""pitches"":97,""competition"":""MLB_REGULAR_INFERRED""},{""gameId"":""824078"",""date"":""2026-08-09"",""pitcherId"":""571510"",""side"":""away"",""started"":true,""source"":""BOXSCORE_START"",""k"":3,""ip"":""7.0"",""bf"":27,""pitches"":98,""competition"":""MLB_REGULAR_INFERRED""}]","[{""gameId"":""823101"",""date"":""2026-08-21"",""pitcherId"":""571510"",""side"":""away"",""started"":true,""source"":""LIVE_APPEARANCE"",""k"":3,""ip"":""6.0"",""bf"":27,""pitches"":86,""competition"":""MLB_REGULAR_INFERRED""},{""gameId"":""824644"",""date"":""2026-08-15"",""pitcherId"":""571510"",""side"":""home"",""started"":true,""source"":""LIVE_APPEARANCE"",""k"":2,""ip"":""5.1"",""bf"":25,""pitches"":97,""competition"":""MLB_REGULAR_INFERRED""},{""gameId"":""824078"",""date"":""2026-08-09"",""pitcherId"":""571510"",""side"":""away"",""started"":true,""source"":""LIVE_APPEARANCE"",""k"":3,""ip"":""7.0"",""bf"":27,""pitches"":98,""competition"":""MLB_REGULAR_INFERRED""}]","{""last3Ks1"":3,""last3Ks2"":2,""last3Ks3"":3,""last3Ip1"":6,""last3Ip2"":5.333333333333333,""last3Ip3"":7,""last3Bf1"":27,""last3Bf2"":25,""last3Bf3"":27,""last5KsAvg"":3.2,""last5KsStd"":0.9797958971132712,""last5IpAvg"":6.4,""last5BfAvg"":27,""last5PitchCountAvg"":92.4,""pitchesLast3Starts"":281,""pitchesLast3Appearances"":281,""daysSinceLastStart"":5,""daysSinceLastAppearance"":5}","PITCHERS_PITCHER_ID",""
"825055","518876","2026-07-22","home","[{""gameId"":""825060"",""date"":""2026-07-17"",""pitcherId"":""518876"",""side"":""home"",""started"":true,""source"":""BOXSCORE_START"",""k"":3,""ip"":""5.0"",""bf"":21,""pitches"":87,""competition"":""MLB_REGULAR_INFERRED""},{""gameId"":""823277"",""date"":""2026-07-09"",""pitcherId"":""518876"",""side"":""away"",""started"":true,""source"":""BOXSCORE_START"",""k"":6,""ip"":""7.0"",""bf"":24,""pitches"":94,""competition"":""MLB_REGULAR_INFERRED""},{""gameId"":""825063"",""date"":""2026-07-04"",""pitcherId"":""518876"",""side"":""home"",""started"":true,""source"":""BOXSCORE_START"",""k"":6,""ip"":""5.0"",""bf"":25,""pitches"":92,""competition"":""MLB_REGULAR_INFERRED""}]","[{""gameId"":""825060"",""date"":""2026-07-17"",""pitcherId"":""518876"",""side"":""home"",""started"":true,""source"":""LIVE_APPEARANCE"",""k"":3,""ip"":""5.0"",""bf"":21,""pitches"":87,""competition"":""MLB_REGULAR_INFERRED""},{""gameId"":""823277"",""date"":""2026-07-09"",""pitcherId"":""518876"",""side"":""away"",""started"":true,""source"":""LIVE_APPEARANCE"",""k"":6,""ip"":""7.0"",""bf"":24,""pitches"":94,""competition"":""MLB_REGULAR_INFERRED""},{""gameId"":""825063"",""date"":""2026-07-04"",""pitcherId"":""518876"",""side"":""home"",""started"":true,""source"":""LIVE_APPEARANCE"",""k"":6,""ip"":""5.0"",""bf"":25,""pitches"":92,""competition"":""MLB_REGULAR_INFERRED""}]","{""last3Ks1"":3,""last3Ks2"":6,""last3Ks3"":6,""last3Ip1"":5,""last3Ip2"":7,""last3Ip3"":5,""last3Bf1"":21,""last3Bf2"":24,""last3Bf3"":25,""last5KsAvg"":4,""last5KsStd"":1.6733200530681511,""last5IpAvg"":5.8,""last5BfAvg"":24.6,""last5PitchCountAvg"":92.4,""pitchesLast3Starts"":273,""pitchesLast3Appearances"":273,""daysSinceLastStart"":5,""daysSinceLastAppearance"":5}","LINESCORE_DEFENSE_PITCHER","NOT_VERIFIABLE"
"825057","593958","2026-07-19","home","[{""gameId"":""823927"",""date"":""2026-07-10"",""pitcherId"":""593958"",""side"":""away"",""started"":true,""source"":""BOXSCORE_START"",""k"":5,""ip"":""6.0"",""bf"":25,""pitches"":87,""competition"":""MLB_REGULAR_INFERRED""},{""gameId"":""825061"",""date"":""2026-07-05"",""pitcherId"":""593958"",""side"":""home"",""started"":true,""source"":""BOXSCORE_START"",""k"":3,""ip"":""6.0"",""bf"":23,""pitches"":102,""competition"":""MLB_REGULAR_INFERRED""},{""gameId"":""825065"",""date"":""2026-06-29"",""pitcherId"":""593958"",""side"":""home"",""started"":true,""source"":""BOXSCORE_START"",""k"":1,""ip"":""7.0"",""bf"":26,""pitches"":91,""competition"":""MLB_REGULAR_INFERRED""}]","[{""gameId"":""823927"",""date"":""2026-07-10"",""pitcherId"":""593958"",""side"":""away"",""started"":true,""source"":""LIVE_APPEARANCE"",""k"":5,""ip"":""6.0"",""bf"":25,""pitches"":87,""competition"":""MLB_REGULAR_INFERRED""},{""gameId"":""825061"",""date"":""2026-07-05"",""pitcherId"":""593958"",""side"":""home"",""started"":true,""source"":""LIVE_APPEARANCE"",""k"":3,""ip"":""6.0"",""bf"":23,""pitches"":102,""competition"":""MLB_REGULAR_INFERRED""},{""gameId"":""825065"",""date"":""2026-06-29"",""pitcherId"":""593958"",""side"":""home"",""started"":true,""source"":""LIVE_APPEARANCE"",""k"":1,""ip"":""7.0"",""bf"":26,""pitches"":91,""competition"":""MLB_REGULAR_INFERRED""}]","{""last3Ks1"":5,""last3Ks2"":3,""last3Ks3"":1,""last3Ip1"":6,""last3Ip2"":6,""last3Ip3"":7,""last3Bf1"":25,""last3Bf2"":23,""last3Bf3"":26,""last5KsAvg"":3.8,""last5KsStd"":1.6,""last5IpAvg"":6.533333333333334,""last5BfAvg"":25.2,""last5PitchCountAvg"":95,""pitchesLast3Starts"":280,""pitchesLast3Appearances"":280,""daysSinceLastStart"":9,""daysSinceLastAppearance"":9}","LINESCORE_DEFENSE_PITCHER","NOT_VERIFIABLE"
"825060","518876","2026-07-17","home","[{""gameId"":""823277"",""date"":""2026-07-09"",""pitcherId"":""518876"",""side"":""away"",""started"":true,""source"":""BOXSCORE_START"",""k"":6,""ip"":""7.0"",""bf"":24,""pitches"":94,""competition"":""MLB_REGULAR_INFERRED""},{""gameId"":""825063"",""date"":""2026-07-04"",""pitcherId"":""518876"",""side"":""home"",""started"":true,""source"":""BOXSCORE_START"",""k"":6,""ip"":""5.0"",""bf"":25,""pitches"":92,""competition"":""MLB_REGULAR_INFERRED""},{""gameId"":""822959"",""date"":""2026-06-28"",""pitcherId"":""518876"",""side"":""away"",""started"":true,""source"":""BOXSCORE_START"",""k"":3,""ip"":""6.0"",""bf"":27,""pitches"":93,""competition"":""MLB_REGULAR_INFERRED""}]","[{""gameId"":""823277"",""date"":""2026-07-09"",""pitcherId"":""518876"",""side"":""away"",""started"":true,""source"":""LIVE_APPEARANCE"",""k"":6,""ip"":""7.0"",""bf"":24,""pitches"":94,""competition"":""MLB_REGULAR_INFERRED""},{""gameId"":""825063"",""date"":""2026-07-04"",""pitcherId"":""518876"",""side"":""home"",""started"":true,""source"":""LIVE_APPEARANCE"",""k"":6,""ip"":""5.0"",""bf"":25,""pitches"":92,""competition"":""MLB_REGULAR_INFERRED""},{""gameId"":""822959"",""date"":""2026-06-28"",""pitcherId"":""518876"",""side"":""away"",""started"":true,""source"":""LIVE_APPEARANCE"",""k"":3,""ip"":""6.0"",""bf"":27,""pitches"":93,""competition"":""MLB_REGULAR_INFERRED""}]","{""last3Ks1"":6,""last3Ks2"":6,""last3Ks3"":3,""last3Ip1"":7,""last3Ip2"":5,""last3Ip3"":6,""last3Bf1"":24,""last3Bf2"":25,""last3Bf3"":27,""last5KsAvg"":4.2,""last5KsStd"":1.6,""last5IpAvg"":5.866666666666666,""last5BfAvg"":25.8,""last5PitchCountAvg"":92.6,""pitchesLast3Starts"":279,""pitchesLast3Appearances"":279,""daysSinceLastStart"":8,""daysSinceLastAppearance"":8}","LINESCORE_DEFENSE_PITCHER","NOT_VERIFIABLE"
"825061","593958","2026-07-05","home","[{""gameId"":""825065"",""date"":""2026-06-29"",""pitcherId"":""593958"",""side"":""home"",""started"":true,""source"":""BOXSCORE_START"",""k"":1,""ip"":""7.0"",""bf"":26,""pitches"":91,""competition"":""MLB_REGULAR_INFERRED""},{""gameId"":""823043"",""date"":""2026-06-23"",""pitcherId"":""593958"",""side"":""away"",""started"":true,""source"":""BOXSCORE_START"",""k"":5,""ip"":""6.2"",""bf"":25,""pitches"":95,""competition"":""MLB_REGULAR_INFERRED""},{""gameId"":""825072"",""date"":""2026-06-17"",""pitcherId"":""593958"",""side"":""home"",""started"":true,""source"":""BOXSCORE_START"",""k"":5,""ip"":""7.0"",""bf"":27,""pitches"":100,""competition"":""MLB_REGULAR_INFERRED""}]","[{""gameId"":""825065"",""date"":""2026-06-29"",""pitcherId"":""593958"",""side"":""home"",""started"":true,""source"":""LIVE_APPEARANCE"",""k"":1,""ip"":""7.0"",""bf"":26,""pitches"":91,""competition"":""MLB_REGULAR_INFERRED""},{""gameId"":""823043"",""date"":""2026-06-23"",""pitcherId"":""593958"",""side"":""away"",""started"":true,""source"":""LIVE_APPEARANCE"",""k"":5,""ip"":""6.2"",""bf"":25,""pitches"":95,""competition"":""MLB_REGULAR_INFERRED""},{""gameId"":""825072"",""date"":""2026-06-17"",""pitcherId"":""593958"",""side"":""home"",""started"":true,""source"":""LIVE_APPEARANCE"",""k"":5,""ip"":""7.0"",""bf"":27,""pitches"":100,""competition"":""MLB_REGULAR_INFERRED""}]","{""last3Ks1"":1,""last3Ks2"":5,""last3Ks3"":5,""last3Ip1"":7,""last3Ip2"":6.666666666666667,""last3Ip3"":7,""last3Bf1"":26,""last3Bf2"":25,""last3Bf3"":27,""last5KsAvg"":3.8,""last5KsStd"":1.6,""last5IpAvg"":6.6,""last5BfAvg"":25.4,""last5PitchCountAvg"":94.8,""pitchesLast3Starts"":286,""pitchesLast3Appearances"":286,""daysSinceLastStart"":6,""daysSinceLastAppearance"":6}","LINESCORE_DEFENSE_PITCHER","NOT_VERIFIABLE"
"825062","703615","2026-07-03","home","[{""gameId"":""825067"",""date"":""2026-06-21"",""pitcherId"":""703615"",""side"":""home"",""started"":true,""source"":""BOXSCORE_START"",""k"":3,""ip"":""5.0"",""bf"":18,""pitches"":62,""competition"":""MLB_REGULAR_INFERRED""}]","[{""gameId"":""822960"",""date"":""2026-06-27"",""pitcherId"":""703615"",""side"":""away"",""started"":false,""source"":""LIVE_APPEARANCE"",""k"":4,""ip"":""5.0"",""bf"":23,""pitches"":80,""competition"":""MLB_REGULAR_INFERRED""},{""gameId"":""825067"",""date"":""2026-06-21"",""pitcherId"":""703615"",""side"":""home"",""started"":true,""source"":""LIVE_APPEARANCE"",""k"":3,""ip"":""5.0"",""bf"":18,""pitches"":62,""competition"":""MLB_REGULAR_INFERRED""}]","{""last3Ks1"":3,""last3Ks2"":null,""last3Ks3"":null,""last3Ip1"":5,""last3Ip2"":null,""last3Ip3"":null,""last3Bf1"":18,""last3Bf2"":null,""last3Bf3"":null,""last5KsAvg"":3,""last5KsStd"":0,""last5IpAvg"":5,""last5BfAvg"":18,""last5PitchCountAvg"":62,""pitchesLast3Starts"":62,""pitchesLast3Appearances"":142,""daysSinceLastStart"":12,""daysSinceLastAppearance"":6}","LINESCORE_DEFENSE_PITCHER","NOT_VERIFIABLE"
"825063","518876","2026-07-04","home","[{""gameId"":""822959"",""date"":""2026-06-28"",""pitcherId"":""518876"",""side"":""away"",""started"":true,""source"":""BOXSCORE_START"",""k"":3,""ip"":""6.0"",""bf"":27,""pitches"":93,""competition"":""MLB_REGULAR_INFERRED""},{""gameId"":""823040"",""date"":""2026-06-22"",""pitcherId"":""518876"",""side"":""away"",""started"":true,""source"":""BOXSCORE_START"",""k"":2,""ip"":""6.0"",""bf"":26,""pitches"":96,""competition"":""MLB_REGULAR_INFERRED""},{""gameId"":""825070"",""date"":""2026-06-16"",""pitcherId"":""518876"",""side"":""home"",""started"":true,""source"":""BOXSCORE_START"",""k"":4,""ip"":""5.1"",""bf"":27,""pitches"":88,""competition"":""MLB_REGULAR_INFERRED""}]","[{""gameId"":""822959"",""date"":""2026-06-28"",""pitcherId"":""518876"",""side"":""away"",""started"":true,""source"":""LIVE_APPEARANCE"",""k"":3,""ip"":""6.0"",""bf"":27,""pitches"":93,""competition"":""MLB_REGULAR_INFERRED""},{""gameId"":""823040"",""date"":""2026-06-22"",""pitcherId"":""518876"",""side"":""away"",""started"":true,""source"":""LIVE_APPEARANCE"",""k"":2,""ip"":""6.0"",""bf"":26,""pitches"":96,""competition"":""MLB_REGULAR_INFERRED""},{""gameId"":""825070"",""date"":""2026-06-16"",""pitcherId"":""518876"",""side"":""home"",""started"":true,""source"":""LIVE_APPEARANCE"",""k"":4,""ip"":""5.1"",""bf"":27,""pitches"":88,""competition"":""MLB_REGULAR_INFERRED""}]","{""last3Ks1"":3,""last3Ks2"":2,""last3Ks3"":4,""last3Ip1"":6,""last3Ip2"":6,""last3Ip3"":5.333333333333333,""last3Bf1"":27,""last3Bf2"":26,""last3Bf3"":27,""last5KsAvg"":3,""last5KsStd"":0.8944271909999159,""last5IpAvg"":5.533333333333333,""last5BfAvg"":26.4,""last5PitchCountAvg"":91.8,""pitchesLast3Starts"":277,""pitchesLast3Appearances"":277,""daysSinceLastStart"":6,""daysSinceLastAppearance"":6}","LINESCORE_DEFENSE_PITCHER","NOT_VERIFIABLE"
"825065","593958","2026-06-29","home","[{""gameId"":""823043"",""date"":""2026-06-23"",""pitcherId"":""593958"",""side"":""away"",""started"":true,""source"":""BOXSCORE_START"",""k"":5,""ip"":""6.2"",""bf"":25,""pitches"":95,""competition"":""MLB_REGULAR_INFERRED""},{""gameId"":""825072"",""date"":""2026-06-17"",""pitcherId"":""593958"",""side"":""home"",""started"":true,""source"":""BOXSCORE_START"",""k"":5,""ip"":""7.0"",""bf"":27,""pitches"":100,""competition"":""MLB_REGULAR_INFERRED""},{""gameId"":""825075"",""date"":""2026-06-06"",""pitcherId"":""593958"",""side"":""home"",""started"":true,""source"":""BOXSCORE_START"",""k"":5,""ip"":""6.1"",""bf"":25,""pitches"":92,""competition"":""MLB_REGULAR_INFERRED""}]","[{""gameId"":""823043"",""date"":""2026-06-23"",""pitcherId"":""593958"",""side"":""away"",""started"":true,""source"":""LIVE_APPEARANCE"",""k"":5,""ip"":""6.2"",""bf"":25,""pitches"":95,""competition"":""MLB_REGULAR_INFERRED""},{""gameId"":""825072"",""date"":""2026-06-17"",""pitcherId"":""593958"",""side"":""home"",""started"":true,""source"":""LIVE_APPEARANCE"",""k"":5,""ip"":""7.0"",""bf"":27,""pitches"":100,""competition"":""MLB_REGULAR_INFERRED""},{""gameId"":""825075"",""date"":""2026-06-06"",""pitcherId"":""593958"",""side"":""home"",""started"":true,""source"":""LIVE_APPEARANCE"",""k"":5,""ip"":""6.1"",""bf"":25,""pitches"":92,""competition"":""MLB_REGULAR_INFERRED""}]","{""last3Ks1"":5,""last3Ks2"":5,""last3Ks3"":5,""last3Ip1"":6.666666666666667,""last3Ip2"":7,""last3Ip3"":6.333333333333333,""last3Bf1"":25,""last3Bf2"":27,""last3Bf3"":25,""last5KsAvg"":4.8,""last5KsStd"":0.9797958971132712,""last5IpAvg"":6.4,""last5BfAvg"":25.2,""last5PitchCountAvg"":95.4,""pitchesLast3Starts"":287,""pitchesLast3Appearances"":287,""daysSinceLastStart"":6,""daysSinceLastAppearance"":6}","LINESCORE_DEFENSE_PITCHER","NOT_VERIFIABLE"