game_id,date,player_name,team,batting_order,bat_side,position,avg,obp,slg,ops,woba,iso,pa,hits,doubles,triples,home_runs,strikeout_pct,walk_pct,last7_avg,last7_ops,last7_slg,last7_total_bases,last7_hits,last7_xbh,ops_vs_rhp,ops_vs_lhp,slg_vs_rhp,slg_vs_lhp,k_pct_vs_rhp,k_pct_vs_lhp,contact_pct_vs_rhp,contact_pct_vs_lhp,whiff_pct,chase_pct,opposing_pitcher,opposing_pitcher_hand,pitcher_allowed_avg_vs_lhb,pitcher_allowed_avg_vs_rhb,pitcher_allowed_slg_vs_lhb,pitcher_allowed_slg_vs_rhb,hora,equipo_home,equipo_visitante,estadio,home_pitcher,home_pitcher_era,home_pitcher_whip,home_pitcher_kPct,home_pitcher_bbPct,home_pitcher_wins,home_pitcher_losses,home_pitcher_ip,home_pitcher_strikeouts,home_pitcher_gs,home_pitcher_ip_avg_start,home_pitcher_strikeout_prop,home_pitcher_strikeout_prop_over_odds,home_pitcher_strikeout_prop_under_odds,home_pitcher_strikeout_prop_source,away_pitcher,away_pitcher_era,away_pitcher_whip,away_pitcher_kPct,away_pitcher_bbPct,away_pitcher_wins,away_pitcher_losses,away_pitcher_ip,away_pitcher_strikeouts,away_pitcher_gs,away_pitcher_ip_avg_start,away_pitcher_strikeout_prop,away_pitcher_strikeout_prop_over_odds,away_pitcher_strikeout_prop_under_odds,away_pitcher_strikeout_prop_source,bullpen_era_home,bullpen_usage_home,bullpen_ip_7d_home,bullpen_era_away,bullpen_usage_away,bullpen_ip_7d_away,ofensa_run_g_home,ofensa_ops_home,ofensa_obp_home,ofensa_slg_home,home_offense_kPct,ofensa_run_g_away,ofensa_ops_away,ofensa_obp_away,ofensa_slg_away,away_offense_kPct,weather_temp,weather_humidity,weather_wind_speed,weather_wind_dir,weather_pressure,weather_rain_prob,weather_sky,weather_apparent_temp,home_splits_vs_rhp_avg,home_splits_vs_rhp_ops,home_splits_vs_rhp_obp,home_splits_vs_rhp_slg,home_splits_vs_rhp_rpg,home_splits_vs_rhp_hr,home_splits_vs_lhp_avg,home_splits_vs_lhp_ops,home_splits_vs_lhp_obp,home_splits_vs_lhp_slg,home_splits_vs_lhp_rpg,home_splits_vs_lhp_hr,away_splits_vs_rhp_avg,away_splits_vs_rhp_ops,away_splits_vs_rhp_obp,away_splits_vs_rhp_slg,away_splits_vs_rhp_rpg,away_splits_vs_rhp_hr,away_splits_vs_lhp_avg,away_splits_vs_lhp_ops,away_splits_vs_lhp_obp,away_splits_vs_lhp_slg,away_splits_vs_lhp_rpg,away_splits_vs_lhp_hr,home_pitcher_rest,home_pitcher_pitches_last,home_pitcher_pitches_last_3,away_pitcher_rest,away_pitcher_pitches_last,away_pitcher_pitches_last_3,home_bullpen_ip_3d,home_bullpen_ip_7d_recent,home_bullpen_relievers_yesterday,home_bullpen_relievers_2d,home_bullpen_available,away_bullpen_ip_3d,away_bullpen_ip_7d_recent,away_bullpen_relievers_yesterday,away_bullpen_relievers_2d,away_bullpen_available,home_pitcher_xera,home_pitcher_fip,home_pitcher_xfip,home_pitcher_siera,home_pitcher_hardhit_pct,home_pitcher_barrel_pct,home_pitcher_gb_pct,home_pitcher_fb_pct,home_pitcher_so_rate,home_pitcher_bb_rate,home_pitcher_swstr_pct,home_pitcher_csw_pct,home_pitcher_actual_ks,home_pitcher_last5_ks_avg,home_pitcher_last5_ks_std,home_pitcher_last5_ip_avg,home_pitcher_last5_bf_avg,home_pitcher_last5_pitch_count_avg,home_pitcher_last3_ks_1,home_pitcher_last3_ks_2,home_pitcher_last3_ks_3,home_pitcher_last3_ip_1,home_pitcher_last3_ip_2,home_pitcher_last3_ip_3,home_pitcher_last3_bf_1,home_pitcher_last3_bf_2,home_pitcher_last3_bf_3,home_pitcher_career_k_pct_vs_team,home_pitcher_last3_vs_team_ks_avg,home_pitcher_last3_vs_team_bf_avg,home_pitcher_bvp_pa_vs_team,home_pitcher_projected_pitches,home_pitcher_projected_innings,home_pitcher_projected_strikeouts,home_pitcher_bf_per_start,home_pitcher_fastball_pct,home_pitcher_slider_pct,home_pitcher_curve_pct,home_pitcher_changeup_pct,home_pitcher_splitter_pct,home_catcher_name,home_catcher_framing_runs,home_pitcher_last3_bf_avg,home_pitcher_last3_ip_avg,home_pitcher_last3_ks_avg,home_pitcher_last3_min_bf,home_pitcher_last3_min_ip,home_pitcher_last3_bf_under_15_count,home_pitcher_last3_bf_under_18_count,away_pitcher_xera,away_pitcher_fip,away_pitcher_xfip,away_pitcher_siera,away_pitcher_hardhit_pct,away_pitcher_barrel_pct,away_pitcher_gb_pct,away_pitcher_fb_pct,away_pitcher_so_rate,away_pitcher_bb_rate,away_pitcher_swstr_pct,away_pitcher_csw_pct,away_pitcher_actual_ks,away_pitcher_last5_ks_avg,away_pitcher_last5_ks_std,away_pitcher_last5_ip_avg,away_pitcher_last5_bf_avg,away_pitcher_last5_pitch_count_avg,away_pitcher_last3_ks_1,away_pitcher_last3_ks_2,away_pitcher_last3_ks_3,away_pitcher_last3_ip_1,away_pitcher_last3_ip_2,away_pitcher_last3_ip_3,away_pitcher_last3_bf_1,away_pitcher_last3_bf_2,away_pitcher_last3_bf_3,away_pitcher_career_k_pct_vs_team,away_pitcher_last3_vs_team_ks_avg,away_pitcher_last3_vs_team_bf_avg,away_pitcher_bvp_pa_vs_team,away_pitcher_projected_pitches,away_pitcher_projected_innings,away_pitcher_projected_strikeouts,away_pitcher_bf_per_start,away_pitcher_fastball_pct,away_pitcher_slider_pct,away_pitcher_curve_pct,away_pitcher_changeup_pct,away_pitcher_splitter_pct,away_catcher_name,away_catcher_framing_runs,away_pitcher_last3_bf_avg,away_pitcher_last3_ip_avg,away_pitcher_last3_ks_avg,away_pitcher_last3_min_bf,away_pitcher_last3_min_ip,away_pitcher_last3_bf_under_15_count,away_pitcher_last3_bf_under_18_count,home_offense_woba,home_offense_xwoba,home_offense_iso,home_offense_babip,home_offense_hardhit_pct,home_offense_barrel_pct,home_offense_contact_pct,home_offense_k_pct_vs_pitch_hand,home_projected_lineup_k_pct_vs_hand,home_projected_lineup_contact_pct_vs_hand,home_projected_lineup_whiff_pct_vs_hand,home_offense_whiff_pct_vs_fastball,home_offense_whiff_pct_vs_slider,home_offense_whiff_pct_vs_curve,home_offense_whiff_pct_vs_changeup,home_offense_whiff_pct_vs_splitter,away_offense_woba,away_offense_xwoba,away_offense_iso,away_offense_babip,away_offense_hardhit_pct,away_offense_barrel_pct,away_offense_contact_pct,away_offense_k_pct_vs_pitch_hand,away_projected_lineup_k_pct_vs_hand,away_projected_lineup_contact_pct_vs_hand,away_projected_lineup_whiff_pct_vs_hand,away_offense_whiff_pct_vs_fastball,away_offense_whiff_pct_vs_slider,away_offense_whiff_pct_vs_curve,away_offense_whiff_pct_vs_changeup,away_offense_whiff_pct_vs_splitter,diff_era,diff_xera,diff_fip,diff_ops,diff_xwoba,diff_bullpen_era,diff_runs_per_game,diff_record_last10,diff_record_home_away,diff_starter_rest,diff_bullpen_fatigue,line_source,resultado_carreras_home,resultado_carreras_visitante,resultado_ganador,resultado_estado,lineup_confirmed,lineup_source,lineup_updated_at,home_pitcher_primary_pitch,home_pitcher_primary_pitch_usage_pct,home_pitcher_secondary_pitch,home_pitcher_secondary_pitch_usage_pct,home_pitcher_pitches_per_bf,home_pitcher_pitches_per_bf_last5,home_pitcher_pitches_per_ip_last5,away_pitcher_primary_pitch,away_pitcher_primary_pitch_usage_pct,away_pitcher_secondary_pitch,away_pitcher_secondary_pitch_usage_pct,away_pitcher_pitches_per_bf,away_pitcher_pitches_per_bf_last5,away_pitcher_pitches_per_ip_last5,home_pitcher_avg_pitches_last3,home_pitcher_rest_status,away_pitcher_avg_pitches_last3,away_pitcher_rest_status,home_pitcher_pitchHand,away_pitcher_pitchHand,bullpen_home_ipLast3Days,bullpen_home_ipLast7Days,bullpen_away_ipLast3Days,bullpen_away_ipLast7Days,bullpen_home_relieversUsedYesterday,home_lineup_contact_stress_score,home_lineup_pitch_count_risk_score,home_lineup_high_hardhit_batters_count,away_lineup_contact_stress_score,away_lineup_pitch_count_risk_score,away_lineup_high_hardhit_batters_count,home_pitcher_recent_velocity,away_pitcher_recent_velocity,home_pitcher_spin_rate,away_pitcher_spin_rate,home_pitcher_stuff_plus,away_pitcher_stuff_plus,home_pitcher_o_swing_pct,away_pitcher_o_swing_pct,home_pitcher_k_pct_vs_lhb,away_pitcher_k_pct_vs_lhb,home_pitcher_k_pct_vs_rhb,away_pitcher_k_pct_vs_rhb,park_factor_k,park_factor_runs,park_factor_hr
"824252","2026-07-10","Kevin McGonigle","Detroit Tigers",1,"L","SS",0.287,0.398,0.42,0.818,0.363,0.133,400,97,18,3,7,13.5,14.8,0.333,0.882,0.444,12,9,1,0.841,0.757,0.433,0.388,11.8,18,83.9,83.9,16.1,,"Aaron Nola","R",0.282,0.288,0.505,0.509,"6:40 PM ET","Detroit Tigers","Philadelphia Phillies","Comerica Park","Jack Flaherty",4.6,1.45,26.5,10.7,2,8,"76.1",92,17,4.49,5.5,-136,107,"rotowire","Aaron Nola",5.87,1.46,23.2,7.2,3,6,"92.0",94,18,5.11,5.5,105,-134,"rotowire",3.92,"Alta",15.1,4.36,"Alta",11.1,4.2,0.713,0.314,0.399,22.5,4.4,0.706,0.304,0.402,22.3,29.1,59,6.1,315,1011.7,6,"Parcialmente Nublado",32.2,0.238,0.715,0.31,0.405,4.5,86,0.23,0.709,0.326,0.383,4.5,25,0.243,0.722,0.306,0.416,4.5,89,0.224,0.672,0.3,0.372,4.5,34,6,88,245,5,98,270,9.2,15.1,2,5,6,8.1,11.1,2,6,6,4.31,3.84,3.62,3.6,47.2,8,32.5,30.2,26.5,10.7,11.8,28.5,,5.6,2.65,4.7,19.6,85,5,9,1,5.7,5,3,21,20,13,30.6,,,,81,4.1,4.88,19.6,53.5,24.3,19.7,2.4,0,"Dillon Dingler",6.058895011311783,18.0,4.6,5.0,13,3,1,1,4.25,4.82,3.28,3.47,38.8,9.3,40.2,27.4,23.2,7.2,12.4,30.2,,5.2,1.33,5.2,23.6,90,7,5,5,7,4.3,5,28,23,21,28.5,,,,92,5.1,5.75,23.6,51.9,1.1,34,13.1,0,"J.T. Realmuto",-0.2623309738357407,24.0,5.4,5.7,21,4.3,0,0,0.314,0.324,0.163,0.284,40.1,9,76.3,23.3,22.9,76.3,23.7,18,29.3,31.8,32.3,39.1,0.31,0.327,0.165,0.283,42.1,8.2,75.4,23.1,21.8,75.4,24.6,18.6,32.5,27.6,32.8,27.1,-1.27,0.06,-0.98,0.007,-0.003,-0.44,-0.2,0,-0.04,1,1.1,,0,0,"none","Scheduled",0,,,"fastball",53.5,"slider",24.3,,4.336734693877551,18.085106382978722,"fastball",51.9,"curve",34,,3.813559322033898,17.307692307692307,81.66666666666667,"Extra Rest",90,"Normal","R","R",9.2,15.1,8.1,11.1,2,5370,886.6666666666666,0,5353.333333333333,778.8888888888889,0,,,,,,,,,22.6,22.4,31.2,24.4,99,100,103
"824252","2026-07-10","Riley Greene","Detroit Tigers",2,"L","LF",0.289,0.376,0.464,0.84,0.367,0.175,388,97,18,1,13,26.8,12.1,0.296,0.997,0.63,17,8,4,0.871,0.767,0.498,0.384,25.7,29.2,70.5,70.5,29.5,,"Aaron Nola","R",0.282,0.288,0.505,0.509,"6:40 PM ET","Detroit Tigers","Philadelphia Phillies","Comerica Park","Jack Flaherty",4.6,1.45,26.5,10.7,2,8,"76.1",92,17,4.49,5.5,-136,107,"rotowire","Aaron Nola",5.87,1.46,23.2,7.2,3,6,"92.0",94,18,5.11,5.5,105,-134,"rotowire",3.92,"Alta",15.1,4.36,"Alta",11.1,4.2,0.713,0.314,0.399,22.5,4.4,0.706,0.304,0.402,22.3,29.1,59,6.1,315,1011.7,6,"Parcialmente Nublado",32.2,0.238,0.715,0.31,0.405,4.5,86,0.23,0.709,0.326,0.383,4.5,25,0.243,0.722,0.306,0.416,4.5,89,0.224,0.672,0.3,0.372,4.5,34,6,88,245,5,98,270,9.2,15.1,2,5,6,8.1,11.1,2,6,6,4.31,3.84,3.62,3.6,47.2,8,32.5,30.2,26.5,10.7,11.8,28.5,,5.6,2.65,4.7,19.6,85,5,9,1,5.7,5,3,21,20,13,30.6,,,,81,4.1,4.88,19.6,53.5,24.3,19.7,2.4,0,"Dillon Dingler",6.058895011311783,18.0,4.6,5.0,13,3,1,1,4.25,4.82,3.28,3.47,38.8,9.3,40.2,27.4,23.2,7.2,12.4,30.2,,5.2,1.33,5.2,23.6,90,7,5,5,7,4.3,5,28,23,21,28.5,,,,92,5.1,5.75,23.6,51.9,1.1,34,13.1,0,"J.T. Realmuto",-0.2623309738357407,24.0,5.4,5.7,21,4.3,0,0,0.314,0.324,0.163,0.284,40.1,9,76.3,23.3,22.9,76.3,23.7,18,29.3,31.8,32.3,39.1,0.31,0.327,0.165,0.283,42.1,8.2,75.4,23.1,21.8,75.4,24.6,18.6,32.5,27.6,32.8,27.1,-1.27,0.06,-0.98,0.007,-0.003,-0.44,-0.2,0,-0.04,1,1.1,,0,0,"none","Scheduled",0,,,"fastball",53.5,"slider",24.3,,4.336734693877551,18.085106382978722,"fastball",51.9,"curve",34,,3.813559322033898,17.307692307692307,81.66666666666667,"Extra Rest",90,"Normal","R","R",9.2,15.1,8.1,11.1,2,5370,886.6666666666666,0,5353.333333333333,778.8888888888889,0,,,,,,,,,22.6,22.4,31.2,24.4,99,100,103
"824252","2026-07-10","Spencer Torkelson","Detroit Tigers",3,"R","1B",0.212,0.312,0.415,0.727,0.32,0.203,360,66,18,0,15,32.5,11.4,0.154,0.536,0.269,7,4,1,0.685,0.849,0.404,0.447,34,28.3,68.8,68.8,31.2,,"Aaron Nola","R",0.282,0.288,0.505,0.509,"6:40 PM ET","Detroit Tigers","Philadelphia Phillies","Comerica Park","Jack Flaherty",4.6,1.45,26.5,10.7,2,8,"76.1",92,17,4.49,5.5,-136,107,"rotowire","Aaron Nola",5.87,1.46,23.2,7.2,3,6,"92.0",94,18,5.11,5.5,105,-134,"rotowire",3.92,"Alta",15.1,4.36,"Alta",11.1,4.2,0.713,0.314,0.399,22.5,4.4,0.706,0.304,0.402,22.3,29.1,59,6.1,315,1011.7,6,"Parcialmente Nublado",32.2,0.238,0.715,0.31,0.405,4.5,86,0.23,0.709,0.326,0.383,4.5,25,0.243,0.722,0.306,0.416,4.5,89,0.224,0.672,0.3,0.372,4.5,34,6,88,245,5,98,270,9.2,15.1,2,5,6,8.1,11.1,2,6,6,4.31,3.84,3.62,3.6,47.2,8,32.5,30.2,26.5,10.7,11.8,28.5,,5.6,2.65,4.7,19.6,85,5,9,1,5.7,5,3,21,20,13,30.6,,,,81,4.1,4.88,19.6,53.5,24.3,19.7,2.4,0,"Dillon Dingler",6.058895011311783,18.0,4.6,5.0,13,3,1,1,4.25,4.82,3.28,3.47,38.8,9.3,40.2,27.4,23.2,7.2,12.4,30.2,,5.2,1.33,5.2,23.6,90,7,5,5,7,4.3,5,28,23,21,28.5,,,,92,5.1,5.75,23.6,51.9,1.1,34,13.1,0,"J.T. Realmuto",-0.2623309738357407,24.0,5.4,5.7,21,4.3,0,0,0.314,0.324,0.163,0.284,40.1,9,76.3,23.3,22.9,76.3,23.7,18,29.3,31.8,32.3,39.1,0.31,0.327,0.165,0.283,42.1,8.2,75.4,23.1,21.8,75.4,24.6,18.6,32.5,27.6,32.8,27.1,-1.27,0.06,-0.98,0.007,-0.003,-0.44,-0.2,0,-0.04,1,1.1,,0,0,"none","Scheduled",0,,,"fastball",53.5,"slider",24.3,,4.336734693877551,18.085106382978722,"fastball",51.9,"curve",34,,3.813559322033898,17.307692307692307,81.66666666666667,"Extra Rest",90,"Normal","R","R",9.2,15.1,8.1,11.1,2,5370,886.6666666666666,0,5353.333333333333,778.8888888888889,0,,,,,,,,,22.6,22.4,31.2,24.4,99,100,103
"824252","2026-07-10","Dillon Dingler","Detroit Tigers",4,"R","C",0.264,0.325,0.516,0.841,0.361,0.252,353,84,19,2,19,21,6.5,0.286,0.703,0.393,11,8,3,0.882,0.743,0.547,0.441,20.2,22.6,78.8,78.8,21.2,,"Aaron Nola","R",0.282,0.288,0.505,0.509,"6:40 PM ET","Detroit Tigers","Philadelphia Phillies","Comerica Park","Jack Flaherty",4.6,1.45,26.5,10.7,2,8,"76.1",92,17,4.49,5.5,-136,107,"rotowire","Aaron Nola",5.87,1.46,23.2,7.2,3,6,"92.0",94,18,5.11,5.5,105,-134,"rotowire",3.92,"Alta",15.1,4.36,"Alta",11.1,4.2,0.713,0.314,0.399,22.5,4.4,0.706,0.304,0.402,22.3,29.1,59,6.1,315,1011.7,6,"Parcialmente Nublado",32.2,0.238,0.715,0.31,0.405,4.5,86,0.23,0.709,0.326,0.383,4.5,25,0.243,0.722,0.306,0.416,4.5,89,0.224,0.672,0.3,0.372,4.5,34,6,88,245,5,98,270,9.2,15.1,2,5,6,8.1,11.1,2,6,6,4.31,3.84,3.62,3.6,47.2,8,32.5,30.2,26.5,10.7,11.8,28.5,,5.6,2.65,4.7,19.6,85,5,9,1,5.7,5,3,21,20,13,30.6,,,,81,4.1,4.88,19.6,53.5,24.3,19.7,2.4,0,"Dillon Dingler",6.058895011311783,18.0,4.6,5.0,13,3,1,1,4.25,4.82,3.28,3.47,38.8,9.3,40.2,27.4,23.2,7.2,12.4,30.2,,5.2,1.33,5.2,23.6,90,7,5,5,7,4.3,5,28,23,21,28.5,,,,92,5.1,5.75,23.6,51.9,1.1,34,13.1,0,"J.T. Realmuto",-0.2623309738357407,24.0,5.4,5.7,21,4.3,0,0,0.314,0.324,0.163,0.284,40.1,9,76.3,23.3,22.9,76.3,23.7,18,29.3,31.8,32.3,39.1,0.31,0.327,0.165,0.283,42.1,8.2,75.4,23.1,21.8,75.4,24.6,18.6,32.5,27.6,32.8,27.1,-1.27,0.06,-0.98,0.007,-0.003,-0.44,-0.2,0,-0.04,1,1.1,,0,0,"none","Scheduled",0,,,"fastball",53.5,"slider",24.3,,4.336734693877551,18.085106382978722,"fastball",51.9,"curve",34,,3.813559322033898,17.307692307692307,81.66666666666667,"Extra Rest",90,"Normal","R","R",9.2,15.1,8.1,11.1,2,5370,886.6666666666666,0,5353.333333333333,778.8888888888889,0,,,,,,,,,22.6,22.4,31.2,24.4,99,100,103
"824252","2026-07-10","Colt Keith","Detroit Tigers",5,"L","3B",0.25,0.298,0.389,0.687,0.3,0.139,262,61,9,2,7,19.5,5.3,0.278,0.961,0.611,11,5,2,0.725,0.17,0.414,0.059,20.1,11.1,78.9,78.9,21.1,,"Aaron Nola","R",0.282,0.288,0.505,0.509,"6:40 PM ET","Detroit Tigers","Philadelphia Phillies","Comerica Park","Jack Flaherty",4.6,1.45,26.5,10.7,2,8,"76.1",92,17,4.49,5.5,-136,107,"rotowire","Aaron Nola",5.87,1.46,23.2,7.2,3,6,"92.0",94,18,5.11,5.5,105,-134,"rotowire",3.92,"Alta",15.1,4.36,"Alta",11.1,4.2,0.713,0.314,0.399,22.5,4.4,0.706,0.304,0.402,22.3,29.1,59,6.1,315,1011.7,6,"Parcialmente Nublado",32.2,0.238,0.715,0.31,0.405,4.5,86,0.23,0.709,0.326,0.383,4.5,25,0.243,0.722,0.306,0.416,4.5,89,0.224,0.672,0.3,0.372,4.5,34,6,88,245,5,98,270,9.2,15.1,2,5,6,8.1,11.1,2,6,6,4.31,3.84,3.62,3.6,47.2,8,32.5,30.2,26.5,10.7,11.8,28.5,,5.6,2.65,4.7,19.6,85,5,9,1,5.7,5,3,21,20,13,30.6,,,,81,4.1,4.88,19.6,53.5,24.3,19.7,2.4,0,"Dillon Dingler",6.058895011311783,18.0,4.6,5.0,13,3,1,1,4.25,4.82,3.28,3.47,38.8,9.3,40.2,27.4,23.2,7.2,12.4,30.2,,5.2,1.33,5.2,23.6,90,7,5,5,7,4.3,5,28,23,21,28.5,,,,92,5.1,5.75,23.6,51.9,1.1,34,13.1,0,"J.T. Realmuto",-0.2623309738357407,24.0,5.4,5.7,21,4.3,0,0,0.314,0.324,0.163,0.284,40.1,9,76.3,23.3,22.9,76.3,23.7,18,29.3,31.8,32.3,39.1,0.31,0.327,0.165,0.283,42.1,8.2,75.4,23.1,21.8,75.4,24.6,18.6,32.5,27.6,32.8,27.1,-1.27,0.06,-0.98,0.007,-0.003,-0.44,-0.2,0,-0.04,1,1.1,,0,0,"none","Scheduled",0,,,"fastball",53.5,"slider",24.3,,4.336734693877551,18.085106382978722,"fastball",51.9,"curve",34,,3.813559322033898,17.307692307692307,81.66666666666667,"Extra Rest",90,"Normal","R","R",9.2,15.1,8.1,11.1,2,5370,886.6666666666666,0,5353.333333333333,778.8888888888889,0,,,,,,,,,22.6,22.4,31.2,24.4,99,100,103
"824252","2026-07-10","Matt Vierling","Detroit Tigers",6,"R","CF",0.199,0.25,0.333,0.583,0.258,0.134,253,46,12,2,5,16.2,6.7,0.167,0.459,0.292,7,4,2,0.494,0.723,0.282,0.416,19.1,11.9,82.6,82.6,17.4,,"Aaron Nola","R",0.282,0.288,0.505,0.509,"6:40 PM ET","Detroit Tigers","Philadelphia Phillies","Comerica Park","Jack Flaherty",4.6,1.45,26.5,10.7,2,8,"76.1",92,17,4.49,5.5,-136,107,"rotowire","Aaron Nola",5.87,1.46,23.2,7.2,3,6,"92.0",94,18,5.11,5.5,105,-134,"rotowire",3.92,"Alta",15.1,4.36,"Alta",11.1,4.2,0.713,0.314,0.399,22.5,4.4,0.706,0.304,0.402,22.3,29.1,59,6.1,315,1011.7,6,"Parcialmente Nublado",32.2,0.238,0.715,0.31,0.405,4.5,86,0.23,0.709,0.326,0.383,4.5,25,0.243,0.722,0.306,0.416,4.5,89,0.224,0.672,0.3,0.372,4.5,34,6,88,245,5,98,270,9.2,15.1,2,5,6,8.1,11.1,2,6,6,4.31,3.84,3.62,3.6,47.2,8,32.5,30.2,26.5,10.7,11.8,28.5,,5.6,2.65,4.7,19.6,85,5,9,1,5.7,5,3,21,20,13,30.6,,,,81,4.1,4.88,19.6,53.5,24.3,19.7,2.4,0,"Dillon Dingler",6.058895011311783,18.0,4.6,5.0,13,3,1,1,4.25,4.82,3.28,3.47,38.8,9.3,40.2,27.4,23.2,7.2,12.4,30.2,,5.2,1.33,5.2,23.6,90,7,5,5,7,4.3,5,28,23,21,28.5,,,,92,5.1,5.75,23.6,51.9,1.1,34,13.1,0,"J.T. Realmuto",-0.2623309738357407,24.0,5.4,5.7,21,4.3,0,0,0.314,0.324,0.163,0.284,40.1,9,76.3,23.3,22.9,76.3,23.7,18,29.3,31.8,32.3,39.1,0.31,0.327,0.165,0.283,42.1,8.2,75.4,23.1,21.8,75.4,24.6,18.6,32.5,27.6,32.8,27.1,-1.27,0.06,-0.98,0.007,-0.003,-0.44,-0.2,0,-0.04,1,1.1,,0,0,"none","Scheduled",0,,,"fastball",53.5,"slider",24.3,,4.336734693877551,18.085106382978722,"fastball",51.9,"curve",34,,3.813559322033898,17.307692307692307,81.66666666666667,"Extra Rest",90,"Normal","R","R",9.2,15.1,8.1,11.1,2,5370,886.6666666666666,0,5353.333333333333,778.8888888888889,0,,,,,,,,,22.6,22.4,31.2,24.4,99,100,103
"824252","2026-07-10","Zach McKinstry","Detroit Tigers",7,"L","2B",0.202,0.285,0.308,0.593,0.266,0.106,237,42,6,2,4,17.3,10.5,0.269,0.768,0.423,11,7,2,0.633,0.393,0.347,0.114,16.6,20.5,83.4,83.4,16.6,,"Aaron Nola","R",0.282,0.288,0.505,0.509,"6:40 PM ET","Detroit Tigers","Philadelphia Phillies","Comerica Park","Jack Flaherty",4.6,1.45,26.5,10.7,2,8,"76.1",92,17,4.49,5.5,-136,107,"rotowire","Aaron Nola",5.87,1.46,23.2,7.2,3,6,"92.0",94,18,5.11,5.5,105,-134,"rotowire",3.92,"Alta",15.1,4.36,"Alta",11.1,4.2,0.713,0.314,0.399,22.5,4.4,0.706,0.304,0.402,22.3,29.1,59,6.1,315,1011.7,6,"Parcialmente Nublado",32.2,0.238,0.715,0.31,0.405,4.5,86,0.23,0.709,0.326,0.383,4.5,25,0.243,0.722,0.306,0.416,4.5,89,0.224,0.672,0.3,0.372,4.5,34,6,88,245,5,98,270,9.2,15.1,2,5,6,8.1,11.1,2,6,6,4.31,3.84,3.62,3.6,47.2,8,32.5,30.2,26.5,10.7,11.8,28.5,,5.6,2.65,4.7,19.6,85,5,9,1,5.7,5,3,21,20,13,30.6,,,,81,4.1,4.88,19.6,53.5,24.3,19.7,2.4,0,"Dillon Dingler",6.058895011311783,18.0,4.6,5.0,13,3,1,1,4.25,4.82,3.28,3.47,38.8,9.3,40.2,27.4,23.2,7.2,12.4,30.2,,5.2,1.33,5.2,23.6,90,7,5,5,7,4.3,5,28,23,21,28.5,,,,92,5.1,5.75,23.6,51.9,1.1,34,13.1,0,"J.T. Realmuto",-0.2623309738357407,24.0,5.4,5.7,21,4.3,0,0,0.314,0.324,0.163,0.284,40.1,9,76.3,23.3,22.9,76.3,23.7,18,29.3,31.8,32.3,39.1,0.31,0.327,0.165,0.283,42.1,8.2,75.4,23.1,21.8,75.4,24.6,18.6,32.5,27.6,32.8,27.1,-1.27,0.06,-0.98,0.007,-0.003,-0.44,-0.2,0,-0.04,1,1.1,,0,0,"none","Scheduled",0,,,"fastball",53.5,"slider",24.3,,4.336734693877551,18.085106382978722,"fastball",51.9,"curve",34,,3.813559322033898,17.307692307692307,81.66666666666667,"Extra Rest",90,"Normal","R","R",9.2,15.1,8.1,11.1,2,5370,886.6666666666666,0,5353.333333333333,778.8888888888889,0,,,,,,,,,22.6,22.4,31.2,24.4,99,100,103
"824252","2026-07-10","Kerry Carpenter","Detroit Tigers",8,"L","RF",0.227,0.304,0.47,0.774,0.335,0.243,226,45,5,2,13,30.1,8,0.158,0.431,0.158,3,3,0,0.808,0.461,0.5,0.2,30.2,29.2,69.7,69.7,30.3,,"Aaron Nola","R",0.282,0.288,0.505,0.509,"6:40 PM ET","Detroit Tigers","Philadelphia Phillies","Comerica Park","Jack Flaherty",4.6,1.45,26.5,10.7,2,8,"76.1",92,17,4.49,5.5,-136,107,"rotowire","Aaron Nola",5.87,1.46,23.2,7.2,3,6,"92.0",94,18,5.11,5.5,105,-134,"rotowire",3.92,"Alta",15.1,4.36,"Alta",11.1,4.2,0.713,0.314,0.399,22.5,4.4,0.706,0.304,0.402,22.3,29.1,59,6.1,315,1011.7,6,"Parcialmente Nublado",32.2,0.238,0.715,0.31,0.405,4.5,86,0.23,0.709,0.326,0.383,4.5,25,0.243,0.722,0.306,0.416,4.5,89,0.224,0.672,0.3,0.372,4.5,34,6,88,245,5,98,270,9.2,15.1,2,5,6,8.1,11.1,2,6,6,4.31,3.84,3.62,3.6,47.2,8,32.5,30.2,26.5,10.7,11.8,28.5,,5.6,2.65,4.7,19.6,85,5,9,1,5.7,5,3,21,20,13,30.6,,,,81,4.1,4.88,19.6,53.5,24.3,19.7,2.4,0,"Dillon Dingler",6.058895011311783,18.0,4.6,5.0,13,3,1,1,4.25,4.82,3.28,3.47,38.8,9.3,40.2,27.4,23.2,7.2,12.4,30.2,,5.2,1.33,5.2,23.6,90,7,5,5,7,4.3,5,28,23,21,28.5,,,,92,5.1,5.75,23.6,51.9,1.1,34,13.1,0,"J.T. Realmuto",-0.2623309738357407,24.0,5.4,5.7,21,4.3,0,0,0.314,0.324,0.163,0.284,40.1,9,76.3,23.3,22.9,76.3,23.7,18,29.3,31.8,32.3,39.1,0.31,0.327,0.165,0.283,42.1,8.2,75.4,23.1,21.8,75.4,24.6,18.6,32.5,27.6,32.8,27.1,-1.27,0.06,-0.98,0.007,-0.003,-0.44,-0.2,0,-0.04,1,1.1,,0,0,"none","Scheduled",0,,,"fastball",53.5,"slider",24.3,,4.336734693877551,18.085106382978722,"fastball",51.9,"curve",34,,3.813559322033898,17.307692307692307,81.66666666666667,"Extra Rest",90,"Normal","R","R",9.2,15.1,8.1,11.1,2,5370,886.6666666666666,0,5353.333333333333,778.8888888888889,0,,,,,,,,,22.6,22.4,31.2,24.4,99,100,103
"824252","2026-07-10","Hao-Yu Lee","Detroit Tigers",9,"R","2B",0.247,0.281,0.384,0.665,0.288,0.137,154,36,6,1,4,26.6,4.5,0.167,0.544,0.333,6,3,1,0.604,0.74,0.333,0.446,28.2,24.6,70.2,70.2,29.8,,"Aaron Nola","R",0.282,0.288,0.505,0.509,"6:40 PM ET","Detroit Tigers","Philadelphia Phillies","Comerica Park","Jack Flaherty",4.6,1.45,26.5,10.7,2,8,"76.1",92,17,4.49,5.5,-136,107,"rotowire","Aaron Nola",5.87,1.46,23.2,7.2,3,6,"92.0",94,18,5.11,5.5,105,-134,"rotowire",3.92,"Alta",15.1,4.36,"Alta",11.1,4.2,0.713,0.314,0.399,22.5,4.4,0.706,0.304,0.402,22.3,29.1,59,6.1,315,1011.7,6,"Parcialmente Nublado",32.2,0.238,0.715,0.31,0.405,4.5,86,0.23,0.709,0.326,0.383,4.5,25,0.243,0.722,0.306,0.416,4.5,89,0.224,0.672,0.3,0.372,4.5,34,6,88,245,5,98,270,9.2,15.1,2,5,6,8.1,11.1,2,6,6,4.31,3.84,3.62,3.6,47.2,8,32.5,30.2,26.5,10.7,11.8,28.5,,5.6,2.65,4.7,19.6,85,5,9,1,5.7,5,3,21,20,13,30.6,,,,81,4.1,4.88,19.6,53.5,24.3,19.7,2.4,0,"Dillon Dingler",6.058895011311783,18.0,4.6,5.0,13,3,1,1,4.25,4.82,3.28,3.47,38.8,9.3,40.2,27.4,23.2,7.2,12.4,30.2,,5.2,1.33,5.2,23.6,90,7,5,5,7,4.3,5,28,23,21,28.5,,,,92,5.1,5.75,23.6,51.9,1.1,34,13.1,0,"J.T. Realmuto",-0.2623309738357407,24.0,5.4,5.7,21,4.3,0,0,0.314,0.324,0.163,0.284,40.1,9,76.3,23.3,22.9,76.3,23.7,18,29.3,31.8,32.3,39.1,0.31,0.327,0.165,0.283,42.1,8.2,75.4,23.1,21.8,75.4,24.6,18.6,32.5,27.6,32.8,27.1,-1.27,0.06,-0.98,0.007,-0.003,-0.44,-0.2,0,-0.04,1,1.1,,0,0,"none","Scheduled",0,,,"fastball",53.5,"slider",24.3,,4.336734693877551,18.085106382978722,"fastball",51.9,"curve",34,,3.813559322033898,17.307692307692307,81.66666666666667,"Extra Rest",90,"Normal","R","R",9.2,15.1,8.1,11.1,2,5370,886.6666666666666,0,5353.333333333333,778.8888888888889,0,,,,,,,,,22.6,22.4,31.2,24.4,99,100,103
"824252","2026-07-10","Trea Turner","Philadelphia Phillies",1,"R","SS",0.239,0.286,0.362,0.648,0.285,0.123,402,90,16,0,10,22.4,5.7,0.267,0.69,0.4,12,8,2,0.688,0.566,0.402,0.279,24.4,18.4,72,72,28,,"Jack Flaherty","R",0.252,0.245,0.415,0.417,"6:40 PM ET","Detroit Tigers","Philadelphia Phillies","Comerica Park","Jack Flaherty",4.6,1.45,26.5,10.7,2,8,"76.1",92,17,4.49,5.5,-136,107,"rotowire","Aaron Nola",5.87,1.46,23.2,7.2,3,6,"92.0",94,18,5.11,5.5,105,-134,"rotowire",3.92,"Alta",15.1,4.36,"Alta",11.1,4.2,0.713,0.314,0.399,22.5,4.4,0.706,0.304,0.402,22.3,29.1,59,6.1,315,1011.7,6,"Parcialmente Nublado",32.2,0.238,0.715,0.31,0.405,4.5,86,0.23,0.709,0.326,0.383,4.5,25,0.243,0.722,0.306,0.416,4.5,89,0.224,0.672,0.3,0.372,4.5,34,6,88,245,5,98,270,9.2,15.1,2,5,6,8.1,11.1,2,6,6,4.31,3.84,3.62,3.6,47.2,8,32.5,30.2,26.5,10.7,11.8,28.5,,5.6,2.65,4.7,19.6,85,5,9,1,5.7,5,3,21,20,13,30.6,,,,81,4.1,4.88,19.6,53.5,24.3,19.7,2.4,0,"Dillon Dingler",6.058895011311783,18.0,4.6,5.0,13,3,1,1,4.25,4.82,3.28,3.47,38.8,9.3,40.2,27.4,23.2,7.2,12.4,30.2,,5.2,1.33,5.2,23.6,90,7,5,5,7,4.3,5,28,23,21,28.5,,,,92,5.1,5.75,23.6,51.9,1.1,34,13.1,0,"J.T. Realmuto",-0.2623309738357407,24.0,5.4,5.7,21,4.3,0,0,0.314,0.324,0.163,0.284,40.1,9,76.3,23.3,22.9,76.3,23.7,18,29.3,31.8,32.3,39.1,0.31,0.327,0.165,0.283,42.1,8.2,75.4,23.1,21.8,75.4,24.6,18.6,32.5,27.6,32.8,27.1,-1.27,0.06,-0.98,0.007,-0.003,-0.44,-0.2,0,-0.04,1,1.1,,0,0,"none","Scheduled",0,,,"fastball",53.5,"slider",24.3,,4.336734693877551,18.085106382978722,"fastball",51.9,"curve",34,,3.813559322033898,17.307692307692307,81.66666666666667,"Extra Rest",90,"Normal","R","R",9.2,15.1,8.1,11.1,2,5370,886.6666666666666,0,5353.333333333333,778.8888888888889,0,,,,,,,,,22.6,22.4,31.2,24.4,99,100,103
"824252","2026-07-10","Kyle Schwarber","Philadelphia Phillies",2,"L","DH",0.254,0.369,0.571,0.94,0.398,0.317,401,86,9,1,32,34.9,14.5,0.28,0.92,0.52,13,7,2,0.924,0.967,0.565,0.581,37.9,30.1,65,65,35,,"Jack Flaherty","R",0.252,0.245,0.415,0.417,"6:40 PM ET","Detroit Tigers","Philadelphia Phillies","Comerica Park","Jack Flaherty",4.6,1.45,26.5,10.7,2,8,"76.1",92,17,4.49,5.5,-136,107,"rotowire","Aaron Nola",5.87,1.46,23.2,7.2,3,6,"92.0",94,18,5.11,5.5,105,-134,"rotowire",3.92,"Alta",15.1,4.36,"Alta",11.1,4.2,0.713,0.314,0.399,22.5,4.4,0.706,0.304,0.402,22.3,29.1,59,6.1,315,1011.7,6,"Parcialmente Nublado",32.2,0.238,0.715,0.31,0.405,4.5,86,0.23,0.709,0.326,0.383,4.5,25,0.243,0.722,0.306,0.416,4.5,89,0.224,0.672,0.3,0.372,4.5,34,6,88,245,5,98,270,9.2,15.1,2,5,6,8.1,11.1,2,6,6,4.31,3.84,3.62,3.6,47.2,8,32.5,30.2,26.5,10.7,11.8,28.5,,5.6,2.65,4.7,19.6,85,5,9,1,5.7,5,3,21,20,13,30.6,,,,81,4.1,4.88,19.6,53.5,24.3,19.7,2.4,0,"Dillon Dingler",6.058895011311783,18.0,4.6,5.0,13,3,1,1,4.25,4.82,3.28,3.47,38.8,9.3,40.2,27.4,23.2,7.2,12.4,30.2,,5.2,1.33,5.2,23.6,90,7,5,5,7,4.3,5,28,23,21,28.5,,,,92,5.1,5.75,23.6,51.9,1.1,34,13.1,0,"J.T. Realmuto",-0.2623309738357407,24.0,5.4,5.7,21,4.3,0,0,0.314,0.324,0.163,0.284,40.1,9,76.3,23.3,22.9,76.3,23.7,18,29.3,31.8,32.3,39.1,0.31,0.327,0.165,0.283,42.1,8.2,75.4,23.1,21.8,75.4,24.6,18.6,32.5,27.6,32.8,27.1,-1.27,0.06,-0.98,0.007,-0.003,-0.44,-0.2,0,-0.04,1,1.1,,0,0,"none","Scheduled",0,,,"fastball",53.5,"slider",24.3,,4.336734693877551,18.085106382978722,"fastball",51.9,"curve",34,,3.813559322033898,17.307692307692307,81.66666666666667,"Extra Rest",90,"Normal","R","R",9.2,15.1,8.1,11.1,2,5370,886.6666666666666,0,5353.333333333333,778.8888888888889,0,,,,,,,,,22.6,22.4,31.2,24.4,99,100,103
"824252","2026-07-10","Bryce Harper","Philadelphia Phillies",3,"L","1B",0.261,0.367,0.503,0.87,0.377,0.242,395,86,16,2,20,20.5,14.9,0.083,0.392,0.125,3,2,1,1.008,0.653,0.614,0.328,17.8,24.7,69.5,69.5,30.5,,"Jack Flaherty","R",0.252,0.245,0.415,0.417,"6:40 PM ET","Detroit Tigers","Philadelphia Phillies","Comerica Park","Jack Flaherty",4.6,1.45,26.5,10.7,2,8,"76.1",92,17,4.49,5.5,-136,107,"rotowire","Aaron Nola",5.87,1.46,23.2,7.2,3,6,"92.0",94,18,5.11,5.5,105,-134,"rotowire",3.92,"Alta",15.1,4.36,"Alta",11.1,4.2,0.713,0.314,0.399,22.5,4.4,0.706,0.304,0.402,22.3,29.1,59,6.1,315,1011.7,6,"Parcialmente Nublado",32.2,0.238,0.715,0.31,0.405,4.5,86,0.23,0.709,0.326,0.383,4.5,25,0.243,0.722,0.306,0.416,4.5,89,0.224,0.672,0.3,0.372,4.5,34,6,88,245,5,98,270,9.2,15.1,2,5,6,8.1,11.1,2,6,6,4.31,3.84,3.62,3.6,47.2,8,32.5,30.2,26.5,10.7,11.8,28.5,,5.6,2.65,4.7,19.6,85,5,9,1,5.7,5,3,21,20,13,30.6,,,,81,4.1,4.88,19.6,53.5,24.3,19.7,2.4,0,"Dillon Dingler",6.058895011311783,18.0,4.6,5.0,13,3,1,1,4.25,4.82,3.28,3.47,38.8,9.3,40.2,27.4,23.2,7.2,12.4,30.2,,5.2,1.33,5.2,23.6,90,7,5,5,7,4.3,5,28,23,21,28.5,,,,92,5.1,5.75,23.6,51.9,1.1,34,13.1,0,"J.T. Realmuto",-0.2623309738357407,24.0,5.4,5.7,21,4.3,0,0,0.314,0.324,0.163,0.284,40.1,9,76.3,23.3,22.9,76.3,23.7,18,29.3,31.8,32.3,39.1,0.31,0.327,0.165,0.283,42.1,8.2,75.4,23.1,21.8,75.4,24.6,18.6,32.5,27.6,32.8,27.1,-1.27,0.06,-0.98,0.007,-0.003,-0.44,-0.2,0,-0.04,1,1.1,,0,0,"none","Scheduled",0,,,"fastball",53.5,"slider",24.3,,4.336734693877551,18.085106382978722,"fastball",51.9,"curve",34,,3.813559322033898,17.307692307692307,81.66666666666667,"Extra Rest",90,"Normal","R","R",9.2,15.1,8.1,11.1,2,5370,886.6666666666666,0,5353.333333333333,778.8888888888889,0,,,,,,,,,22.6,22.4,31.2,24.4,99,100,103
"824252","2026-07-10","Alec Bohm","Philadelphia Phillies",4,"R","3B",0.22,0.283,0.364,0.647,0.286,0.144,361,72,14,0,11,14.4,6.9,0.192,0.746,0.423,11,5,4,0.66,0.617,0.36,0.371,13.8,15.8,83.2,83.2,16.8,,"Jack Flaherty","R",0.252,0.245,0.415,0.417,"6:40 PM ET","Detroit Tigers","Philadelphia Phillies","Comerica Park","Jack Flaherty",4.6,1.45,26.5,10.7,2,8,"76.1",92,17,4.49,5.5,-136,107,"rotowire","Aaron Nola",5.87,1.46,23.2,7.2,3,6,"92.0",94,18,5.11,5.5,105,-134,"rotowire",3.92,"Alta",15.1,4.36,"Alta",11.1,4.2,0.713,0.314,0.399,22.5,4.4,0.706,0.304,0.402,22.3,29.1,59,6.1,315,1011.7,6,"Parcialmente Nublado",32.2,0.238,0.715,0.31,0.405,4.5,86,0.23,0.709,0.326,0.383,4.5,25,0.243,0.722,0.306,0.416,4.5,89,0.224,0.672,0.3,0.372,4.5,34,6,88,245,5,98,270,9.2,15.1,2,5,6,8.1,11.1,2,6,6,4.31,3.84,3.62,3.6,47.2,8,32.5,30.2,26.5,10.7,11.8,28.5,,5.6,2.65,4.7,19.6,85,5,9,1,5.7,5,3,21,20,13,30.6,,,,81,4.1,4.88,19.6,53.5,24.3,19.7,2.4,0,"Dillon Dingler",6.058895011311783,18.0,4.6,5.0,13,3,1,1,4.25,4.82,3.28,3.47,38.8,9.3,40.2,27.4,23.2,7.2,12.4,30.2,,5.2,1.33,5.2,23.6,90,7,5,5,7,4.3,5,28,23,21,28.5,,,,92,5.1,5.75,23.6,51.9,1.1,34,13.1,0,"J.T. Realmuto",-0.2623309738357407,24.0,5.4,5.7,21,4.3,0,0,0.314,0.324,0.163,0.284,40.1,9,76.3,23.3,22.9,76.3,23.7,18,29.3,31.8,32.3,39.1,0.31,0.327,0.165,0.283,42.1,8.2,75.4,23.1,21.8,75.4,24.6,18.6,32.5,27.6,32.8,27.1,-1.27,0.06,-0.98,0.007,-0.003,-0.44,-0.2,0,-0.04,1,1.1,,0,0,"none","Scheduled",0,,,"fastball",53.5,"slider",24.3,,4.336734693877551,18.085106382978722,"fastball",51.9,"curve",34,,3.813559322033898,17.307692307692307,81.66666666666667,"Extra Rest",90,"Normal","R","R",9.2,15.1,8.1,11.1,2,5370,886.6666666666666,0,5353.333333333333,778.8888888888889,0,,,,,,,,,22.6,22.4,31.2,24.4,99,100,103
"824252","2026-07-10","Brandon Marsh","Philadelphia Phillies",5,"L","LF",0.307,0.342,0.502,0.844,0.363,0.195,351,101,15,2,15,25.9,4.8,0.16,0.382,0.16,4,4,0,0.899,0.699,0.534,0.418,22,36.5,74.1,74.1,25.9,,"Jack Flaherty","R",0.252,0.245,0.415,0.417,"6:40 PM ET","Detroit Tigers","Philadelphia Phillies","Comerica Park","Jack Flaherty",4.6,1.45,26.5,10.7,2,8,"76.1",92,17,4.49,5.5,-136,107,"rotowire","Aaron Nola",5.87,1.46,23.2,7.2,3,6,"92.0",94,18,5.11,5.5,105,-134,"rotowire",3.92,"Alta",15.1,4.36,"Alta",11.1,4.2,0.713,0.314,0.399,22.5,4.4,0.706,0.304,0.402,22.3,29.1,59,6.1,315,1011.7,6,"Parcialmente Nublado",32.2,0.238,0.715,0.31,0.405,4.5,86,0.23,0.709,0.326,0.383,4.5,25,0.243,0.722,0.306,0.416,4.5,89,0.224,0.672,0.3,0.372,4.5,34,6,88,245,5,98,270,9.2,15.1,2,5,6,8.1,11.1,2,6,6,4.31,3.84,3.62,3.6,47.2,8,32.5,30.2,26.5,10.7,11.8,28.5,,5.6,2.65,4.7,19.6,85,5,9,1,5.7,5,3,21,20,13,30.6,,,,81,4.1,4.88,19.6,53.5,24.3,19.7,2.4,0,"Dillon Dingler",6.058895011311783,18.0,4.6,5.0,13,3,1,1,4.25,4.82,3.28,3.47,38.8,9.3,40.2,27.4,23.2,7.2,12.4,30.2,,5.2,1.33,5.2,23.6,90,7,5,5,7,4.3,5,28,23,21,28.5,,,,92,5.1,5.75,23.6,51.9,1.1,34,13.1,0,"J.T. Realmuto",-0.2623309738357407,24.0,5.4,5.7,21,4.3,0,0,0.314,0.324,0.163,0.284,40.1,9,76.3,23.3,22.9,76.3,23.7,18,29.3,31.8,32.3,39.1,0.31,0.327,0.165,0.283,42.1,8.2,75.4,23.1,21.8,75.4,24.6,18.6,32.5,27.6,32.8,27.1,-1.27,0.06,-0.98,0.007,-0.003,-0.44,-0.2,0,-0.04,1,1.1,,0,0,"none","Scheduled",0,,,"fastball",53.5,"slider",24.3,,4.336734693877551,18.085106382978722,"fastball",51.9,"curve",34,,3.813559322033898,17.307692307692307,81.66666666666667,"Extra Rest",90,"Normal","R","R",9.2,15.1,8.1,11.1,2,5370,886.6666666666666,0,5353.333333333333,778.8888888888889,0,,,,,,,,,22.6,22.4,31.2,24.4,99,100,103
"824252","2026-07-10","Bryson Stott","Philadelphia Phillies",6,"L","2B",0.245,0.304,0.39,0.694,0.304,0.145,341,76,16,4,7,17.3,7.3,0.259,0.68,0.37,10,7,2,0.678,0.756,0.393,0.381,17.9,15.1,82.2,82.2,17.8,,"Jack Flaherty","R",0.252,0.245,0.415,0.417,"6:40 PM ET","Detroit Tigers","Philadelphia Phillies","Comerica Park","Jack Flaherty",4.6,1.45,26.5,10.7,2,8,"76.1",92,17,4.49,5.5,-136,107,"rotowire","Aaron Nola",5.87,1.46,23.2,7.2,3,6,"92.0",94,18,5.11,5.5,105,-134,"rotowire",3.92,"Alta",15.1,4.36,"Alta",11.1,4.2,0.713,0.314,0.399,22.5,4.4,0.706,0.304,0.402,22.3,29.1,59,6.1,315,1011.7,6,"Parcialmente Nublado",32.2,0.238,0.715,0.31,0.405,4.5,86,0.23,0.709,0.326,0.383,4.5,25,0.243,0.722,0.306,0.416,4.5,89,0.224,0.672,0.3,0.372,4.5,34,6,88,245,5,98,270,9.2,15.1,2,5,6,8.1,11.1,2,6,6,4.31,3.84,3.62,3.6,47.2,8,32.5,30.2,26.5,10.7,11.8,28.5,,5.6,2.65,4.7,19.6,85,5,9,1,5.7,5,3,21,20,13,30.6,,,,81,4.1,4.88,19.6,53.5,24.3,19.7,2.4,0,"Dillon Dingler",6.058895011311783,18.0,4.6,5.0,13,3,1,1,4.25,4.82,3.28,3.47,38.8,9.3,40.2,27.4,23.2,7.2,12.4,30.2,,5.2,1.33,5.2,23.6,90,7,5,5,7,4.3,5,28,23,21,28.5,,,,92,5.1,5.75,23.6,51.9,1.1,34,13.1,0,"J.T. Realmuto",-0.2623309738357407,24.0,5.4,5.7,21,4.3,0,0,0.314,0.324,0.163,0.284,40.1,9,76.3,23.3,22.9,76.3,23.7,18,29.3,31.8,32.3,39.1,0.31,0.327,0.165,0.283,42.1,8.2,75.4,23.1,21.8,75.4,24.6,18.6,32.5,27.6,32.8,27.1,-1.27,0.06,-0.98,0.007,-0.003,-0.44,-0.2,0,-0.04,1,1.1,,0,0,"none","Scheduled",0,,,"fastball",53.5,"slider",24.3,,4.336734693877551,18.085106382978722,"fastball",51.9,"curve",34,,3.813559322033898,17.307692307692307,81.66666666666667,"Extra Rest",90,"Normal","R","R",9.2,15.1,8.1,11.1,2,5370,886.6666666666666,0,5353.333333333333,778.8888888888889,0,,,,,,,,,22.6,22.4,31.2,24.4,99,100,103
"824252","2026-07-10","Justin Crawford","Philadelphia Phillies",7,"L","CF",0.263,0.312,0.353,0.665,0.294,0.09,287,70,12,3,2,20.6,5.9,0.35,0.831,0.45,9,7,1,0.7,0.486,0.381,0.209,20,23.4,80.8,80.8,19.2,,"Jack Flaherty","R",0.252,0.245,0.415,0.417,"6:40 PM ET","Detroit Tigers","Philadelphia Phillies","Comerica Park","Jack Flaherty",4.6,1.45,26.5,10.7,2,8,"76.1",92,17,4.49,5.5,-136,107,"rotowire","Aaron Nola",5.87,1.46,23.2,7.2,3,6,"92.0",94,18,5.11,5.5,105,-134,"rotowire",3.92,"Alta",15.1,4.36,"Alta",11.1,4.2,0.713,0.314,0.399,22.5,4.4,0.706,0.304,0.402,22.3,29.1,59,6.1,315,1011.7,6,"Parcialmente Nublado",32.2,0.238,0.715,0.31,0.405,4.5,86,0.23,0.709,0.326,0.383,4.5,25,0.243,0.722,0.306,0.416,4.5,89,0.224,0.672,0.3,0.372,4.5,34,6,88,245,5,98,270,9.2,15.1,2,5,6,8.1,11.1,2,6,6,4.31,3.84,3.62,3.6,47.2,8,32.5,30.2,26.5,10.7,11.8,28.5,,5.6,2.65,4.7,19.6,85,5,9,1,5.7,5,3,21,20,13,30.6,,,,81,4.1,4.88,19.6,53.5,24.3,19.7,2.4,0,"Dillon Dingler",6.058895011311783,18.0,4.6,5.0,13,3,1,1,4.25,4.82,3.28,3.47,38.8,9.3,40.2,27.4,23.2,7.2,12.4,30.2,,5.2,1.33,5.2,23.6,90,7,5,5,7,4.3,5,28,23,21,28.5,,,,92,5.1,5.75,23.6,51.9,1.1,34,13.1,0,"J.T. Realmuto",-0.2623309738357407,24.0,5.4,5.7,21,4.3,0,0,0.314,0.324,0.163,0.284,40.1,9,76.3,23.3,22.9,76.3,23.7,18,29.3,31.8,32.3,39.1,0.31,0.327,0.165,0.283,42.1,8.2,75.4,23.1,21.8,75.4,24.6,18.6,32.5,27.6,32.8,27.1,-1.27,0.06,-0.98,0.007,-0.003,-0.44,-0.2,0,-0.04,1,1.1,,0,0,"none","Scheduled",0,,,"fastball",53.5,"slider",24.3,,4.336734693877551,18.085106382978722,"fastball",51.9,"curve",34,,3.813559322033898,17.307692307692307,81.66666666666667,"Extra Rest",90,"Normal","R","R",9.2,15.1,8.1,11.1,2,5370,886.6666666666666,0,5353.333333333333,778.8888888888889,0,,,,,,,,,22.6,22.4,31.2,24.4,99,100,103
"824252","2026-07-10","J.T. Realmuto","Philadelphia Phillies",8,"R","C",0.199,0.281,0.335,0.616,0.277,0.136,249,44,9,0,7,20.9,7.6,0.13,0.622,0.391,9,3,2,0.645,0.536,0.362,0.259,22.8,15.4,75.8,75.8,24.2,,"Jack Flaherty","R",0.252,0.245,0.415,0.417,"6:40 PM ET","Detroit Tigers","Philadelphia Phillies","Comerica Park","Jack Flaherty",4.6,1.45,26.5,10.7,2,8,"76.1",92,17,4.49,5.5,-136,107,"rotowire","Aaron Nola",5.87,1.46,23.2,7.2,3,6,"92.0",94,18,5.11,5.5,105,-134,"rotowire",3.92,"Alta",15.1,4.36,"Alta",11.1,4.2,0.713,0.314,0.399,22.5,4.4,0.706,0.304,0.402,22.3,29.1,59,6.1,315,1011.7,6,"Parcialmente Nublado",32.2,0.238,0.715,0.31,0.405,4.5,86,0.23,0.709,0.326,0.383,4.5,25,0.243,0.722,0.306,0.416,4.5,89,0.224,0.672,0.3,0.372,4.5,34,6,88,245,5,98,270,9.2,15.1,2,5,6,8.1,11.1,2,6,6,4.31,3.84,3.62,3.6,47.2,8,32.5,30.2,26.5,10.7,11.8,28.5,,5.6,2.65,4.7,19.6,85,5,9,1,5.7,5,3,21,20,13,30.6,,,,81,4.1,4.88,19.6,53.5,24.3,19.7,2.4,0,"Dillon Dingler",6.058895011311783,18.0,4.6,5.0,13,3,1,1,4.25,4.82,3.28,3.47,38.8,9.3,40.2,27.4,23.2,7.2,12.4,30.2,,5.2,1.33,5.2,23.6,90,7,5,5,7,4.3,5,28,23,21,28.5,,,,92,5.1,5.75,23.6,51.9,1.1,34,13.1,0,"J.T. Realmuto",-0.2623309738357407,24.0,5.4,5.7,21,4.3,0,0,0.314,0.324,0.163,0.284,40.1,9,76.3,23.3,22.9,76.3,23.7,18,29.3,31.8,32.3,39.1,0.31,0.327,0.165,0.283,42.1,8.2,75.4,23.1,21.8,75.4,24.6,18.6,32.5,27.6,32.8,27.1,-1.27,0.06,-0.98,0.007,-0.003,-0.44,-0.2,0,-0.04,1,1.1,,0,0,"none","Scheduled",0,,,"fastball",53.5,"slider",24.3,,4.336734693877551,18.085106382978722,"fastball",51.9,"curve",34,,3.813559322033898,17.307692307692307,81.66666666666667,"Extra Rest",90,"Normal","R","R",9.2,15.1,8.1,11.1,2,5370,886.6666666666666,0,5353.333333333333,778.8888888888889,0,,,,,,,,,22.6,22.4,31.2,24.4,99,100,103
"824252","2026-07-10","Edmundo Sosa","Philadelphia Phillies",9,"R","2B",0.221,0.256,0.372,0.628,0.276,0.151,158,32,5,1,5,20.3,2.5,0.167,0.533,0.333,8,4,2,0.516,0.727,0.319,0.421,19.4,20.9,76.4,76.4,23.6,,"Jack Flaherty","R",0.252,0.245,0.415,0.417,"6:40 PM ET","Detroit Tigers","Philadelphia Phillies","Comerica Park","Jack Flaherty",4.6,1.45,26.5,10.7,2,8,"76.1",92,17,4.49,5.5,-136,107,"rotowire","Aaron Nola",5.87,1.46,23.2,7.2,3,6,"92.0",94,18,5.11,5.5,105,-134,"rotowire",3.92,"Alta",15.1,4.36,"Alta",11.1,4.2,0.713,0.314,0.399,22.5,4.4,0.706,0.304,0.402,22.3,29.1,59,6.1,315,1011.7,6,"Parcialmente Nublado",32.2,0.238,0.715,0.31,0.405,4.5,86,0.23,0.709,0.326,0.383,4.5,25,0.243,0.722,0.306,0.416,4.5,89,0.224,0.672,0.3,0.372,4.5,34,6,88,245,5,98,270,9.2,15.1,2,5,6,8.1,11.1,2,6,6,4.31,3.84,3.62,3.6,47.2,8,32.5,30.2,26.5,10.7,11.8,28.5,,5.6,2.65,4.7,19.6,85,5,9,1,5.7,5,3,21,20,13,30.6,,,,81,4.1,4.88,19.6,53.5,24.3,19.7,2.4,0,"Dillon Dingler",6.058895011311783,18.0,4.6,5.0,13,3,1,1,4.25,4.82,3.28,3.47,38.8,9.3,40.2,27.4,23.2,7.2,12.4,30.2,,5.2,1.33,5.2,23.6,90,7,5,5,7,4.3,5,28,23,21,28.5,,,,92,5.1,5.75,23.6,51.9,1.1,34,13.1,0,"J.T. Realmuto",-0.2623309738357407,24.0,5.4,5.7,21,4.3,0,0,0.314,0.324,0.163,0.284,40.1,9,76.3,23.3,22.9,76.3,23.7,18,29.3,31.8,32.3,39.1,0.31,0.327,0.165,0.283,42.1,8.2,75.4,23.1,21.8,75.4,24.6,18.6,32.5,27.6,32.8,27.1,-1.27,0.06,-0.98,0.007,-0.003,-0.44,-0.2,0,-0.04,1,1.1,,0,0,"none","Scheduled",0,,,"fastball",53.5,"slider",24.3,,4.336734693877551,18.085106382978722,"fastball",51.9,"curve",34,,3.813559322033898,17.307692307692307,81.66666666666667,"Extra Rest",90,"Normal","R","R",9.2,15.1,8.1,11.1,2,5370,886.6666666666666,0,5353.333333333333,778.8888888888889,0,,,,,,,,,22.6,22.4,31.2,24.4,99,100,103
"823357","2026-07-10","Bryan Reynolds","Pittsburgh Pirates",1,"S","LF",0.281,0.395,0.477,0.872,0.38,0.196,410,96,21,2,14,22.2,14.9,0.286,1.037,0.643,18,8,4,0.842,0.933,0.446,0.541,23.5,19.2,71.6,71.6,28.4,,"Brandon Sproat","R",0.238,0.25,0.415,0.465,"6:40 PM ET","Pittsburgh Pirates","Milwaukee Brewers","PNC Park","Braxton Ashcraft",3.24,1.1,27.8,5.7,9,3,"108.1",122,18,6.02,6.5,113,-145,"rotowire","Brandon Sproat",5.13,1.37,25,11,3,4,"79.0",84,17,4.65,5.5,115,-146,"rotowire",4.53,"Alta",21.2,3.42,"Alta",29.2,5.2,0.763,0.34,0.423,22.9,5.1,0.735,0.337,0.398,21.8,26.4,63,8.2,232,1011.6,35,"Parcialmente Nublado",28.5,0.269,0.791,0.353,0.438,4.5,90,0.244,0.689,0.306,0.383,4.5,30,0.261,0.754,0.342,0.412,4.5,67,0.241,0.691,0.327,0.364,4.5,19,6,94,277,5,92,278,12,21.2,5,8,3,9,29.2,3,5,5,3.17,3.25,2.75,2.91,40.6,5.9,45.8,26.2,27.8,5.7,14.4,31.1,,7.2,1.94,5.7,23.4,92,7,8,10,5.7,6,6,23,24,23,20,,,,91,5.2,6.62,23.4,45.8,23.2,25.8,0,5.1,"Henry Davis",-0.7908860928464507,23.3,5.9,8.3,23,5.7,0,0,4.62,5.01,3.69,3.87,43.4,8.6,43.1,27.3,25,11,11.7,28.1,,6,2.45,5,19.2,82,4,7,10,4,5.3,6,20,21,19,,,,,84,5,5.14,19.2,71.8,9.9,11.1,7.3,0,"William Contreras",-4.935214903643901,20.0,5.1,7.0,19,4,0,0,0.335,0.322,0.161,0.324,40.6,9.4,73.3,23,24.2,73.3,26.7,21.4,33.7,33.9,31.8,48.4,0.323,0.333,0.143,0.311,42,9,76.1,20.9,21.9,76.1,23.9,18.1,31.2,31.8,31.7,28,-1.89,-1.45,-1.76,0.028,-0.011,1.11,0.1,0,0,1,3,,0,0,"none","Scheduled",0,,,"fastball",45.8,"curve",25.8,,3.931623931623932,16.140350877192983,"fastball",71.8,"curve",11.1,,4.270833333333334,16.4,92.33333333333333,"Extra Rest",92.66666666666667,"Normal","R","R",12,21.2,9,29.2,5,4934.444444444444,903.3333333333334,0,5443.333333333333,1100,0,,,,,,,,,31.3,25.7,23,24.2,99,100,82
"823357","2026-07-10","Brandon Lowe","Pittsburgh Pirates",2,"L","2B",0.243,0.315,0.49,0.805,0.348,0.247,390,84,20,1,21,26.2,9.5,0.281,0.73,0.406,13,9,2,0.88,0.616,0.543,0.357,23.8,32.4,66,66,34,,"Brandon Sproat","R",0.238,0.25,0.415,0.465,"6:40 PM ET","Pittsburgh Pirates","Milwaukee Brewers","PNC Park","Braxton Ashcraft",3.24,1.1,27.8,5.7,9,3,"108.1",122,18,6.02,6.5,113,-145,"rotowire","Brandon Sproat",5.13,1.37,25,11,3,4,"79.0",84,17,4.65,5.5,115,-146,"rotowire",4.53,"Alta",21.2,3.42,"Alta",29.2,5.2,0.763,0.34,0.423,22.9,5.1,0.735,0.337,0.398,21.8,26.4,63,8.2,232,1011.6,35,"Parcialmente Nublado",28.5,0.269,0.791,0.353,0.438,4.5,90,0.244,0.689,0.306,0.383,4.5,30,0.261,0.754,0.342,0.412,4.5,67,0.241,0.691,0.327,0.364,4.5,19,6,94,277,5,92,278,12,21.2,5,8,3,9,29.2,3,5,5,3.17,3.25,2.75,2.91,40.6,5.9,45.8,26.2,27.8,5.7,14.4,31.1,,7.2,1.94,5.7,23.4,92,7,8,10,5.7,6,6,23,24,23,20,,,,91,5.2,6.62,23.4,45.8,23.2,25.8,0,5.1,"Henry Davis",-0.7908860928464507,23.3,5.9,8.3,23,5.7,0,0,4.62,5.01,3.69,3.87,43.4,8.6,43.1,27.3,25,11,11.7,28.1,,6,2.45,5,19.2,82,4,7,10,4,5.3,6,20,21,19,,,,,84,5,5.14,19.2,71.8,9.9,11.1,7.3,0,"William Contreras",-4.935214903643901,20.0,5.1,7.0,19,4,0,0,0.335,0.322,0.161,0.324,40.6,9.4,73.3,23,24.2,73.3,26.7,21.4,33.7,33.9,31.8,48.4,0.323,0.333,0.143,0.311,42,9,76.1,20.9,21.9,76.1,23.9,18.1,31.2,31.8,31.7,28,-1.89,-1.45,-1.76,0.028,-0.011,1.11,0.1,0,0,1,3,,0,0,"none","Scheduled",0,,,"fastball",45.8,"curve",25.8,,3.931623931623932,16.140350877192983,"fastball",71.8,"curve",11.1,,4.270833333333334,16.4,92.33333333333333,"Extra Rest",92.66666666666667,"Normal","R","R",12,21.2,9,29.2,5,4934.444444444444,903.3333333333334,0,5443.333333333333,1100,0,,,,,,,,,31.3,25.7,23,24.2,99,100,82
"823357","2026-07-10","Nick Gonzales","Pittsburgh Pirates",3,"R","3B",0.31,0.372,0.393,0.765,0.34,0.083,360,101,13,1,4,17.8,7.5,0.423,1.146,0.615,16,11,3,0.809,0.648,0.422,0.315,16.9,20.2,76.2,76.2,23.8,,"Brandon Sproat","R",0.238,0.25,0.415,0.465,"6:40 PM ET","Pittsburgh Pirates","Milwaukee Brewers","PNC Park","Braxton Ashcraft",3.24,1.1,27.8,5.7,9,3,"108.1",122,18,6.02,6.5,113,-145,"rotowire","Brandon Sproat",5.13,1.37,25,11,3,4,"79.0",84,17,4.65,5.5,115,-146,"rotowire",4.53,"Alta",21.2,3.42,"Alta",29.2,5.2,0.763,0.34,0.423,22.9,5.1,0.735,0.337,0.398,21.8,26.4,63,8.2,232,1011.6,35,"Parcialmente Nublado",28.5,0.269,0.791,0.353,0.438,4.5,90,0.244,0.689,0.306,0.383,4.5,30,0.261,0.754,0.342,0.412,4.5,67,0.241,0.691,0.327,0.364,4.5,19,6,94,277,5,92,278,12,21.2,5,8,3,9,29.2,3,5,5,3.17,3.25,2.75,2.91,40.6,5.9,45.8,26.2,27.8,5.7,14.4,31.1,,7.2,1.94,5.7,23.4,92,7,8,10,5.7,6,6,23,24,23,20,,,,91,5.2,6.62,23.4,45.8,23.2,25.8,0,5.1,"Henry Davis",-0.7908860928464507,23.3,5.9,8.3,23,5.7,0,0,4.62,5.01,3.69,3.87,43.4,8.6,43.1,27.3,25,11,11.7,28.1,,6,2.45,5,19.2,82,4,7,10,4,5.3,6,20,21,19,,,,,84,5,5.14,19.2,71.8,9.9,11.1,7.3,0,"William Contreras",-4.935214903643901,20.0,5.1,7.0,19,4,0,0,0.335,0.322,0.161,0.324,40.6,9.4,73.3,23,24.2,73.3,26.7,21.4,33.7,33.9,31.8,48.4,0.323,0.333,0.143,0.311,42,9,76.1,20.9,21.9,76.1,23.9,18.1,31.2,31.8,31.7,28,-1.89,-1.45,-1.76,0.028,-0.011,1.11,0.1,0,0,1,3,,0,0,"none","Scheduled",0,,,"fastball",45.8,"curve",25.8,,3.931623931623932,16.140350877192983,"fastball",71.8,"curve",11.1,,4.270833333333334,16.4,92.33333333333333,"Extra Rest",92.66666666666667,"Normal","R","R",12,21.2,9,29.2,5,4934.444444444444,903.3333333333334,0,5443.333333333333,1100,0,,,,,,,,,31.3,25.7,23,24.2,99,100,82
"823357","2026-07-10","Ryan O'Hearn","Pittsburgh Pirates",4,"L","RF",0.289,0.346,0.49,0.836,0.361,0.201,327,86,12,0,16,21.7,7.6,0.31,1.03,0.655,19,9,4,0.898,0.666,0.523,0.402,20.4,25.3,79.3,79.3,20.7,,"Brandon Sproat","R",0.238,0.25,0.415,0.465,"6:40 PM ET","Pittsburgh Pirates","Milwaukee Brewers","PNC Park","Braxton Ashcraft",3.24,1.1,27.8,5.7,9,3,"108.1",122,18,6.02,6.5,113,-145,"rotowire","Brandon Sproat",5.13,1.37,25,11,3,4,"79.0",84,17,4.65,5.5,115,-146,"rotowire",4.53,"Alta",21.2,3.42,"Alta",29.2,5.2,0.763,0.34,0.423,22.9,5.1,0.735,0.337,0.398,21.8,26.4,63,8.2,232,1011.6,35,"Parcialmente Nublado",28.5,0.269,0.791,0.353,0.438,4.5,90,0.244,0.689,0.306,0.383,4.5,30,0.261,0.754,0.342,0.412,4.5,67,0.241,0.691,0.327,0.364,4.5,19,6,94,277,5,92,278,12,21.2,5,8,3,9,29.2,3,5,5,3.17,3.25,2.75,2.91,40.6,5.9,45.8,26.2,27.8,5.7,14.4,31.1,,7.2,1.94,5.7,23.4,92,7,8,10,5.7,6,6,23,24,23,20,,,,91,5.2,6.62,23.4,45.8,23.2,25.8,0,5.1,"Henry Davis",-0.7908860928464507,23.3,5.9,8.3,23,5.7,0,0,4.62,5.01,3.69,3.87,43.4,8.6,43.1,27.3,25,11,11.7,28.1,,6,2.45,5,19.2,82,4,7,10,4,5.3,6,20,21,19,,,,,84,5,5.14,19.2,71.8,9.9,11.1,7.3,0,"William Contreras",-4.935214903643901,20.0,5.1,7.0,19,4,0,0,0.335,0.322,0.161,0.324,40.6,9.4,73.3,23,24.2,73.3,26.7,21.4,33.7,33.9,31.8,48.4,0.323,0.333,0.143,0.311,42,9,76.1,20.9,21.9,76.1,23.9,18.1,31.2,31.8,31.7,28,-1.89,-1.45,-1.76,0.028,-0.011,1.11,0.1,0,0,1,3,,0,0,"none","Scheduled",0,,,"fastball",45.8,"curve",25.8,,3.931623931623932,16.140350877192983,"fastball",71.8,"curve",11.1,,4.270833333333334,16.4,92.33333333333333,"Extra Rest",92.66666666666667,"Normal","R","R",12,21.2,9,29.2,5,4934.444444444444,903.3333333333334,0,5443.333333333333,1100,0,,,,,,,,,31.3,25.7,23,24.2,99,100,82
"823357","2026-07-10","Jake Mangum","Pittsburgh Pirates",5,"S","CF",0.311,0.361,0.383,0.744,0.329,0.072,244,69,10,0,2,17.2,5.3,0.367,0.957,0.533,16,11,3,0.768,0.666,0.4,0.327,17,17.9,80.4,80.4,19.6,,"Brandon Sproat","R",0.238,0.25,0.415,0.465,"6:40 PM ET","Pittsburgh Pirates","Milwaukee Brewers","PNC Park","Braxton Ashcraft",3.24,1.1,27.8,5.7,9,3,"108.1",122,18,6.02,6.5,113,-145,"rotowire","Brandon Sproat",5.13,1.37,25,11,3,4,"79.0",84,17,4.65,5.5,115,-146,"rotowire",4.53,"Alta",21.2,3.42,"Alta",29.2,5.2,0.763,0.34,0.423,22.9,5.1,0.735,0.337,0.398,21.8,26.4,63,8.2,232,1011.6,35,"Parcialmente Nublado",28.5,0.269,0.791,0.353,0.438,4.5,90,0.244,0.689,0.306,0.383,4.5,30,0.261,0.754,0.342,0.412,4.5,67,0.241,0.691,0.327,0.364,4.5,19,6,94,277,5,92,278,12,21.2,5,8,3,9,29.2,3,5,5,3.17,3.25,2.75,2.91,40.6,5.9,45.8,26.2,27.8,5.7,14.4,31.1,,7.2,1.94,5.7,23.4,92,7,8,10,5.7,6,6,23,24,23,20,,,,91,5.2,6.62,23.4,45.8,23.2,25.8,0,5.1,"Henry Davis",-0.7908860928464507,23.3,5.9,8.3,23,5.7,0,0,4.62,5.01,3.69,3.87,43.4,8.6,43.1,27.3,25,11,11.7,28.1,,6,2.45,5,19.2,82,4,7,10,4,5.3,6,20,21,19,,,,,84,5,5.14,19.2,71.8,9.9,11.1,7.3,0,"William Contreras",-4.935214903643901,20.0,5.1,7.0,19,4,0,0,0.335,0.322,0.161,0.324,40.6,9.4,73.3,23,24.2,73.3,26.7,21.4,33.7,33.9,31.8,48.4,0.323,0.333,0.143,0.311,42,9,76.1,20.9,21.9,76.1,23.9,18.1,31.2,31.8,31.7,28,-1.89,-1.45,-1.76,0.028,-0.011,1.11,0.1,0,0,1,3,,0,0,"none","Scheduled",0,,,"fastball",45.8,"curve",25.8,,3.931623931623932,16.140350877192983,"fastball",71.8,"curve",11.1,,4.270833333333334,16.4,92.33333333333333,"Extra Rest",92.66666666666667,"Normal","R","R",12,21.2,9,29.2,5,4934.444444444444,903.3333333333334,0,5443.333333333333,1100,0,,,,,,,,,31.3,25.7,23,24.2,99,100,82
"823357","2026-07-10","Marcell Ozuna","Pittsburgh Pirates",6,"R","DH",0.204,0.289,0.324,0.613,0.274,0.12,242,44,5,0,7,30.6,9.9,0.25,0.754,0.375,9,6,1,0.575,0.693,0.299,0.377,30.7,30.4,68.9,68.9,31.1,,"Brandon Sproat","R",0.238,0.25,0.415,0.465,"6:40 PM ET","Pittsburgh Pirates","Milwaukee Brewers","PNC Park","Braxton Ashcraft",3.24,1.1,27.8,5.7,9,3,"108.1",122,18,6.02,6.5,113,-145,"rotowire","Brandon Sproat",5.13,1.37,25,11,3,4,"79.0",84,17,4.65,5.5,115,-146,"rotowire",4.53,"Alta",21.2,3.42,"Alta",29.2,5.2,0.763,0.34,0.423,22.9,5.1,0.735,0.337,0.398,21.8,26.4,63,8.2,232,1011.6,35,"Parcialmente Nublado",28.5,0.269,0.791,0.353,0.438,4.5,90,0.244,0.689,0.306,0.383,4.5,30,0.261,0.754,0.342,0.412,4.5,67,0.241,0.691,0.327,0.364,4.5,19,6,94,277,5,92,278,12,21.2,5,8,3,9,29.2,3,5,5,3.17,3.25,2.75,2.91,40.6,5.9,45.8,26.2,27.8,5.7,14.4,31.1,,7.2,1.94,5.7,23.4,92,7,8,10,5.7,6,6,23,24,23,20,,,,91,5.2,6.62,23.4,45.8,23.2,25.8,0,5.1,"Henry Davis",-0.7908860928464507,23.3,5.9,8.3,23,5.7,0,0,4.62,5.01,3.69,3.87,43.4,8.6,43.1,27.3,25,11,11.7,28.1,,6,2.45,5,19.2,82,4,7,10,4,5.3,6,20,21,19,,,,,84,5,5.14,19.2,71.8,9.9,11.1,7.3,0,"William Contreras",-4.935214903643901,20.0,5.1,7.0,19,4,0,0,0.335,0.322,0.161,0.324,40.6,9.4,73.3,23,24.2,73.3,26.7,21.4,33.7,33.9,31.8,48.4,0.323,0.333,0.143,0.311,42,9,76.1,20.9,21.9,76.1,23.9,18.1,31.2,31.8,31.7,28,-1.89,-1.45,-1.76,0.028,-0.011,1.11,0.1,0,0,1,3,,0,0,"none","Scheduled",0,,,"fastball",45.8,"curve",25.8,,3.931623931623932,16.140350877192983,"fastball",71.8,"curve",11.1,,4.270833333333334,16.4,92.33333333333333,"Extra Rest",92.66666666666667,"Normal","R","R",12,21.2,9,29.2,5,4934.444444444444,903.3333333333334,0,5443.333333333333,1100,0,,,,,,,,,31.3,25.7,23,24.2,99,100,82
"823357","2026-07-10","Jared Triolo","Pittsburgh Pirates",7,"R","SS",0.232,0.305,0.304,0.609,0.275,0.072,203,42,10,0,1,23.2,7.9,0.217,0.656,0.348,8,5,3,0.603,0.624,0.302,0.308,26,15.8,75.6,75.6,24.4,,"Brandon Sproat","R",0.238,0.25,0.415,0.465,"6:40 PM ET","Pittsburgh Pirates","Milwaukee Brewers","PNC Park","Braxton Ashcraft",3.24,1.1,27.8,5.7,9,3,"108.1",122,18,6.02,6.5,113,-145,"rotowire","Brandon Sproat",5.13,1.37,25,11,3,4,"79.0",84,17,4.65,5.5,115,-146,"rotowire",4.53,"Alta",21.2,3.42,"Alta",29.2,5.2,0.763,0.34,0.423,22.9,5.1,0.735,0.337,0.398,21.8,26.4,63,8.2,232,1011.6,35,"Parcialmente Nublado",28.5,0.269,0.791,0.353,0.438,4.5,90,0.244,0.689,0.306,0.383,4.5,30,0.261,0.754,0.342,0.412,4.5,67,0.241,0.691,0.327,0.364,4.5,19,6,94,277,5,92,278,12,21.2,5,8,3,9,29.2,3,5,5,3.17,3.25,2.75,2.91,40.6,5.9,45.8,26.2,27.8,5.7,14.4,31.1,,7.2,1.94,5.7,23.4,92,7,8,10,5.7,6,6,23,24,23,20,,,,91,5.2,6.62,23.4,45.8,23.2,25.8,0,5.1,"Henry Davis",-0.7908860928464507,23.3,5.9,8.3,23,5.7,0,0,4.62,5.01,3.69,3.87,43.4,8.6,43.1,27.3,25,11,11.7,28.1,,6,2.45,5,19.2,82,4,7,10,4,5.3,6,20,21,19,,,,,84,5,5.14,19.2,71.8,9.9,11.1,7.3,0,"William Contreras",-4.935214903643901,20.0,5.1,7.0,19,4,0,0,0.335,0.322,0.161,0.324,40.6,9.4,73.3,23,24.2,73.3,26.7,21.4,33.7,33.9,31.8,48.4,0.323,0.333,0.143,0.311,42,9,76.1,20.9,21.9,76.1,23.9,18.1,31.2,31.8,31.7,28,-1.89,-1.45,-1.76,0.028,-0.011,1.11,0.1,0,0,1,3,,0,0,"none","Scheduled",0,,,"fastball",45.8,"curve",25.8,,3.931623931623932,16.140350877192983,"fastball",71.8,"curve",11.1,,4.270833333333334,16.4,92.33333333333333,"Extra Rest",92.66666666666667,"Normal","R","R",12,21.2,9,29.2,5,4934.444444444444,903.3333333333334,0,5443.333333333333,1100,0,,,,,,,,,31.3,25.7,23,24.2,99,100,82
"823357","2026-07-10","Henry Davis","Pittsburgh Pirates",8,"R","C",0.153,0.251,0.318,0.569,0.257,0.165,180,24,5,0,7,20.6,8.9,0.2,0.654,0.35,7,4,1,0.661,0.29,0.362,0.195,19.6,23.8,75.8,75.8,24.2,,"Brandon Sproat","R",0.238,0.25,0.415,0.465,"6:40 PM ET","Pittsburgh Pirates","Milwaukee Brewers","PNC Park","Braxton Ashcraft",3.24,1.1,27.8,5.7,9,3,"108.1",122,18,6.02,6.5,113,-145,"rotowire","Brandon Sproat",5.13,1.37,25,11,3,4,"79.0",84,17,4.65,5.5,115,-146,"rotowire",4.53,"Alta",21.2,3.42,"Alta",29.2,5.2,0.763,0.34,0.423,22.9,5.1,0.735,0.337,0.398,21.8,26.4,63,8.2,232,1011.6,35,"Parcialmente Nublado",28.5,0.269,0.791,0.353,0.438,4.5,90,0.244,0.689,0.306,0.383,4.5,30,0.261,0.754,0.342,0.412,4.5,67,0.241,0.691,0.327,0.364,4.5,19,6,94,277,5,92,278,12,21.2,5,8,3,9,29.2,3,5,5,3.17,3.25,2.75,2.91,40.6,5.9,45.8,26.2,27.8,5.7,14.4,31.1,,7.2,1.94,5.7,23.4,92,7,8,10,5.7,6,6,23,24,23,20,,,,91,5.2,6.62,23.4,45.8,23.2,25.8,0,5.1,"Henry Davis",-0.7908860928464507,23.3,5.9,8.3,23,5.7,0,0,4.62,5.01,3.69,3.87,43.4,8.6,43.1,27.3,25,11,11.7,28.1,,6,2.45,5,19.2,82,4,7,10,4,5.3,6,20,21,19,,,,,84,5,5.14,19.2,71.8,9.9,11.1,7.3,0,"William Contreras",-4.935214903643901,20.0,5.1,7.0,19,4,0,0,0.335,0.322,0.161,0.324,40.6,9.4,73.3,23,24.2,73.3,26.7,21.4,33.7,33.9,31.8,48.4,0.323,0.333,0.143,0.311,42,9,76.1,20.9,21.9,76.1,23.9,18.1,31.2,31.8,31.7,28,-1.89,-1.45,-1.76,0.028,-0.011,1.11,0.1,0,0,1,3,,0,0,"none","Scheduled",0,,,"fastball",45.8,"curve",25.8,,3.931623931623932,16.140350877192983,"fastball",71.8,"curve",11.1,,4.270833333333334,16.4,92.33333333333333,"Extra Rest",92.66666666666667,"Normal","R","R",12,21.2,9,29.2,5,4934.444444444444,903.3333333333334,0,5443.333333333333,1100,0,,,,,,,,,31.3,25.7,23,24.2,99,100,82
"823357","2026-07-10","Esmerlyn Valdez","Pittsburgh Pirates",9,"R","RF",0.293,0.359,0.634,0.993,0.418,0.341,92,24,5,1,7,35.9,9.8,0.276,0.827,0.483,14,8,3,0.898,1.21,0.544,0.84,40,25.9,65.7,65.7,34.3,,"Brandon Sproat","R",0.238,0.25,0.415,0.465,"6:40 PM ET","Pittsburgh Pirates","Milwaukee Brewers","PNC Park","Braxton Ashcraft",3.24,1.1,27.8,5.7,9,3,"108.1",122,18,6.02,6.5,113,-145,"rotowire","Brandon Sproat",5.13,1.37,25,11,3,4,"79.0",84,17,4.65,5.5,115,-146,"rotowire",4.53,"Alta",21.2,3.42,"Alta",29.2,5.2,0.763,0.34,0.423,22.9,5.1,0.735,0.337,0.398,21.8,26.4,63,8.2,232,1011.6,35,"Parcialmente Nublado",28.5,0.269,0.791,0.353,0.438,4.5,90,0.244,0.689,0.306,0.383,4.5,30,0.261,0.754,0.342,0.412,4.5,67,0.241,0.691,0.327,0.364,4.5,19,6,94,277,5,92,278,12,21.2,5,8,3,9,29.2,3,5,5,3.17,3.25,2.75,2.91,40.6,5.9,45.8,26.2,27.8,5.7,14.4,31.1,,7.2,1.94,5.7,23.4,92,7,8,10,5.7,6,6,23,24,23,20,,,,91,5.2,6.62,23.4,45.8,23.2,25.8,0,5.1,"Henry Davis",-0.7908860928464507,23.3,5.9,8.3,23,5.7,0,0,4.62,5.01,3.69,3.87,43.4,8.6,43.1,27.3,25,11,11.7,28.1,,6,2.45,5,19.2,82,4,7,10,4,5.3,6,20,21,19,,,,,84,5,5.14,19.2,71.8,9.9,11.1,7.3,0,"William Contreras",-4.935214903643901,20.0,5.1,7.0,19,4,0,0,0.335,0.322,0.161,0.324,40.6,9.4,73.3,23,24.2,73.3,26.7,21.4,33.7,33.9,31.8,48.4,0.323,0.333,0.143,0.311,42,9,76.1,20.9,21.9,76.1,23.9,18.1,31.2,31.8,31.7,28,-1.89,-1.45,-1.76,0.028,-0.011,1.11,0.1,0,0,1,3,,0,0,"none","Scheduled",0,,,"fastball",45.8,"curve",25.8,,3.931623931623932,16.140350877192983,"fastball",71.8,"curve",11.1,,4.270833333333334,16.4,92.33333333333333,"Extra Rest",92.66666666666667,"Normal","R","R",12,21.2,9,29.2,5,4934.444444444444,903.3333333333334,0,5443.333333333333,1100,0,,,,,,,,,31.3,25.7,23,24.2,99,100,82
"823357","2026-07-10","Brice Turang","Milwaukee Brewers",1,"L","2B",0.269,0.361,0.462,0.823,0.356,0.193,402,93,22,3,13,25.4,12.7,0.364,0.958,0.576,19,12,5,0.927,0.567,0.533,0.29,24.2,28.3,78,78,22,,"Braxton Ashcraft","R",0.24,0.227,0.409,0.313,"6:40 PM ET","Pittsburgh Pirates","Milwaukee Brewers","PNC Park","Braxton Ashcraft",3.24,1.1,27.8,5.7,9,3,"108.1",122,18,6.02,6.5,113,-145,"rotowire","Brandon Sproat",5.13,1.37,25,11,3,4,"79.0",84,17,4.65,5.5,115,-146,"rotowire",4.53,"Alta",21.2,3.42,"Alta",29.2,5.2,0.763,0.34,0.423,22.9,5.1,0.735,0.337,0.398,21.8,26.4,63,8.2,232,1011.6,35,"Parcialmente Nublado",28.5,0.269,0.791,0.353,0.438,4.5,90,0.244,0.689,0.306,0.383,4.5,30,0.261,0.754,0.342,0.412,4.5,67,0.241,0.691,0.327,0.364,4.5,19,6,94,277,5,92,278,12,21.2,5,8,3,9,29.2,3,5,5,3.17,3.25,2.75,2.91,40.6,5.9,45.8,26.2,27.8,5.7,14.4,31.1,,7.2,1.94,5.7,23.4,92,7,8,10,5.7,6,6,23,24,23,20,,,,91,5.2,6.62,23.4,45.8,23.2,25.8,0,5.1,"Henry Davis",-0.7908860928464507,23.3,5.9,8.3,23,5.7,0,0,4.62,5.01,3.69,3.87,43.4,8.6,43.1,27.3,25,11,11.7,28.1,,6,2.45,5,19.2,82,4,7,10,4,5.3,6,20,21,19,,,,,84,5,5.14,19.2,71.8,9.9,11.1,7.3,0,"William Contreras",-4.935214903643901,20.0,5.1,7.0,19,4,0,0,0.335,0.322,0.161,0.324,40.6,9.4,73.3,23,24.2,73.3,26.7,21.4,33.7,33.9,31.8,48.4,0.323,0.333,0.143,0.311,42,9,76.1,20.9,21.9,76.1,23.9,18.1,31.2,31.8,31.7,28,-1.89,-1.45,-1.76,0.028,-0.011,1.11,0.1,0,0,1,3,,0,0,"none","Scheduled",0,,,"fastball",45.8,"curve",25.8,,3.931623931623932,16.140350877192983,"fastball",71.8,"curve",11.1,,4.270833333333334,16.4,92.33333333333333,"Extra Rest",92.66666666666667,"Normal","R","R",12,21.2,9,29.2,5,4934.444444444444,903.3333333333334,0,5443.333333333333,1100,0,,,,,,,,,31.3,25.7,23,24.2,99,100,82
"823357","2026-07-10","William Contreras","Milwaukee Brewers",2,"R","C",0.281,0.344,0.396,0.74,0.325,0.115,378,95,12,0,9,13.2,8.5,0.129,0.285,0.129,4,4,0,0.734,0.755,0.398,0.391,12.5,15,80.5,80.5,19.5,,"Braxton Ashcraft","R",0.24,0.227,0.409,0.313,"6:40 PM ET","Pittsburgh Pirates","Milwaukee Brewers","PNC Park","Braxton Ashcraft",3.24,1.1,27.8,5.7,9,3,"108.1",122,18,6.02,6.5,113,-145,"rotowire","Brandon Sproat",5.13,1.37,25,11,3,4,"79.0",84,17,4.65,5.5,115,-146,"rotowire",4.53,"Alta",21.2,3.42,"Alta",29.2,5.2,0.763,0.34,0.423,22.9,5.1,0.735,0.337,0.398,21.8,26.4,63,8.2,232,1011.6,35,"Parcialmente Nublado",28.5,0.269,0.791,0.353,0.438,4.5,90,0.244,0.689,0.306,0.383,4.5,30,0.261,0.754,0.342,0.412,4.5,67,0.241,0.691,0.327,0.364,4.5,19,6,94,277,5,92,278,12,21.2,5,8,3,9,29.2,3,5,5,3.17,3.25,2.75,2.91,40.6,5.9,45.8,26.2,27.8,5.7,14.4,31.1,,7.2,1.94,5.7,23.4,92,7,8,10,5.7,6,6,23,24,23,20,,,,91,5.2,6.62,23.4,45.8,23.2,25.8,0,5.1,"Henry Davis",-0.7908860928464507,23.3,5.9,8.3,23,5.7,0,0,4.62,5.01,3.69,3.87,43.4,8.6,43.1,27.3,25,11,11.7,28.1,,6,2.45,5,19.2,82,4,7,10,4,5.3,6,20,21,19,,,,,84,5,5.14,19.2,71.8,9.9,11.1,7.3,0,"William Contreras",-4.935214903643901,20.0,5.1,7.0,19,4,0,0,0.335,0.322,0.161,0.324,40.6,9.4,73.3,23,24.2,73.3,26.7,21.4,33.7,33.9,31.8,48.4,0.323,0.333,0.143,0.311,42,9,76.1,20.9,21.9,76.1,23.9,18.1,31.2,31.8,31.7,28,-1.89,-1.45,-1.76,0.028,-0.011,1.11,0.1,0,0,1,3,,0,0,"none","Scheduled",0,,,"fastball",45.8,"curve",25.8,,3.931623931623932,16.140350877192983,"fastball",71.8,"curve",11.1,,4.270833333333334,16.4,92.33333333333333,"Extra Rest",92.66666666666667,"Normal","R","R",12,21.2,9,29.2,5,4934.444444444444,903.3333333333334,0,5443.333333333333,1100,0,,,,,,,,,31.3,25.7,23,24.2,99,100,82
"823357","2026-07-10","Jake Bauers","Milwaukee Brewers",3,"L","1B",0.268,0.368,0.505,0.873,0.375,0.237,334,77,15,1,17,25.7,12.9,0.261,0.979,0.609,14,6,4,0.9,0.801,0.519,0.468,26.6,23.3,72.8,72.8,27.2,,"Braxton Ashcraft","R",0.24,0.227,0.409,0.313,"6:40 PM ET","Pittsburgh Pirates","Milwaukee Brewers","PNC Park","Braxton Ashcraft",3.24,1.1,27.8,5.7,9,3,"108.1",122,18,6.02,6.5,113,-145,"rotowire","Brandon Sproat",5.13,1.37,25,11,3,4,"79.0",84,17,4.65,5.5,115,-146,"rotowire",4.53,"Alta",21.2,3.42,"Alta",29.2,5.2,0.763,0.34,0.423,22.9,5.1,0.735,0.337,0.398,21.8,26.4,63,8.2,232,1011.6,35,"Parcialmente Nublado",28.5,0.269,0.791,0.353,0.438,4.5,90,0.244,0.689,0.306,0.383,4.5,30,0.261,0.754,0.342,0.412,4.5,67,0.241,0.691,0.327,0.364,4.5,19,6,94,277,5,92,278,12,21.2,5,8,3,9,29.2,3,5,5,3.17,3.25,2.75,2.91,40.6,5.9,45.8,26.2,27.8,5.7,14.4,31.1,,7.2,1.94,5.7,23.4,92,7,8,10,5.7,6,6,23,24,23,20,,,,91,5.2,6.62,23.4,45.8,23.2,25.8,0,5.1,"Henry Davis",-0.7908860928464507,23.3,5.9,8.3,23,5.7,0,0,4.62,5.01,3.69,3.87,43.4,8.6,43.1,27.3,25,11,11.7,28.1,,6,2.45,5,19.2,82,4,7,10,4,5.3,6,20,21,19,,,,,84,5,5.14,19.2,71.8,9.9,11.1,7.3,0,"William Contreras",-4.935214903643901,20.0,5.1,7.0,19,4,0,0,0.335,0.322,0.161,0.324,40.6,9.4,73.3,23,24.2,73.3,26.7,21.4,33.7,33.9,31.8,48.4,0.323,0.333,0.143,0.311,42,9,76.1,20.9,21.9,76.1,23.9,18.1,31.2,31.8,31.7,28,-1.89,-1.45,-1.76,0.028,-0.011,1.11,0.1,0,0,1,3,,0,0,"none","Scheduled",0,,,"fastball",45.8,"curve",25.8,,3.931623931623932,16.140350877192983,"fastball",71.8,"curve",11.1,,4.270833333333334,16.4,92.33333333333333,"Extra Rest",92.66666666666667,"Normal","R","R",12,21.2,9,29.2,5,4934.444444444444,903.3333333333334,0,5443.333333333333,1100,0,,,,,,,,,31.3,25.7,23,24.2,99,100,82
"823357","2026-07-10","Sal Frelick","Milwaukee Brewers",4,"L","RF",0.24,0.306,0.326,0.632,0.283,0.086,304,64,14,0,3,9.5,8.2,0.15,0.35,0.2,4,3,1,0.681,0.49,0.352,0.25,9.2,10.7,89.4,89.4,10.6,,"Braxton Ashcraft","R",0.24,0.227,0.409,0.313,"6:40 PM ET","Pittsburgh Pirates","Milwaukee Brewers","PNC Park","Braxton Ashcraft",3.24,1.1,27.8,5.7,9,3,"108.1",122,18,6.02,6.5,113,-145,"rotowire","Brandon Sproat",5.13,1.37,25,11,3,4,"79.0",84,17,4.65,5.5,115,-146,"rotowire",4.53,"Alta",21.2,3.42,"Alta",29.2,5.2,0.763,0.34,0.423,22.9,5.1,0.735,0.337,0.398,21.8,26.4,63,8.2,232,1011.6,35,"Parcialmente Nublado",28.5,0.269,0.791,0.353,0.438,4.5,90,0.244,0.689,0.306,0.383,4.5,30,0.261,0.754,0.342,0.412,4.5,67,0.241,0.691,0.327,0.364,4.5,19,6,94,277,5,92,278,12,21.2,5,8,3,9,29.2,3,5,5,3.17,3.25,2.75,2.91,40.6,5.9,45.8,26.2,27.8,5.7,14.4,31.1,,7.2,1.94,5.7,23.4,92,7,8,10,5.7,6,6,23,24,23,20,,,,91,5.2,6.62,23.4,45.8,23.2,25.8,0,5.1,"Henry Davis",-0.7908860928464507,23.3,5.9,8.3,23,5.7,0,0,4.62,5.01,3.69,3.87,43.4,8.6,43.1,27.3,25,11,11.7,28.1,,6,2.45,5,19.2,82,4,7,10,4,5.3,6,20,21,19,,,,,84,5,5.14,19.2,71.8,9.9,11.1,7.3,0,"William Contreras",-4.935214903643901,20.0,5.1,7.0,19,4,0,0,0.335,0.322,0.161,0.324,40.6,9.4,73.3,23,24.2,73.3,26.7,21.4,33.7,33.9,31.8,48.4,0.323,0.333,0.143,0.311,42,9,76.1,20.9,21.9,76.1,23.9,18.1,31.2,31.8,31.7,28,-1.89,-1.45,-1.76,0.028,-0.011,1.11,0.1,0,0,1,3,,0,0,"none","Scheduled",0,,,"fastball",45.8,"curve",25.8,,3.931623931623932,16.140350877192983,"fastball",71.8,"curve",11.1,,4.270833333333334,16.4,92.33333333333333,"Extra Rest",92.66666666666667,"Normal","R","R",12,21.2,9,29.2,5,4934.444444444444,903.3333333333334,0,5443.333333333333,1100,0,,,,,,,,,31.3,25.7,23,24.2,99,100,82
"823357","2026-07-10","Garrett Mitchell","Milwaukee Brewers",5,"L","CF",0.274,0.364,0.459,0.823,0.358,0.185,298,71,18,3,8,33.2,11.7,0.36,0.825,0.44,11,9,2,0.852,0.737,0.49,0.369,34.4,29.9,62.5,62.5,37.5,,"Braxton Ashcraft","R",0.24,0.227,0.409,0.313,"6:40 PM ET","Pittsburgh Pirates","Milwaukee Brewers","PNC Park","Braxton Ashcraft",3.24,1.1,27.8,5.7,9,3,"108.1",122,18,6.02,6.5,113,-145,"rotowire","Brandon Sproat",5.13,1.37,25,11,3,4,"79.0",84,17,4.65,5.5,115,-146,"rotowire",4.53,"Alta",21.2,3.42,"Alta",29.2,5.2,0.763,0.34,0.423,22.9,5.1,0.735,0.337,0.398,21.8,26.4,63,8.2,232,1011.6,35,"Parcialmente Nublado",28.5,0.269,0.791,0.353,0.438,4.5,90,0.244,0.689,0.306,0.383,4.5,30,0.261,0.754,0.342,0.412,4.5,67,0.241,0.691,0.327,0.364,4.5,19,6,94,277,5,92,278,12,21.2,5,8,3,9,29.2,3,5,5,3.17,3.25,2.75,2.91,40.6,5.9,45.8,26.2,27.8,5.7,14.4,31.1,,7.2,1.94,5.7,23.4,92,7,8,10,5.7,6,6,23,24,23,20,,,,91,5.2,6.62,23.4,45.8,23.2,25.8,0,5.1,"Henry Davis",-0.7908860928464507,23.3,5.9,8.3,23,5.7,0,0,4.62,5.01,3.69,3.87,43.4,8.6,43.1,27.3,25,11,11.7,28.1,,6,2.45,5,19.2,82,4,7,10,4,5.3,6,20,21,19,,,,,84,5,5.14,19.2,71.8,9.9,11.1,7.3,0,"William Contreras",-4.935214903643901,20.0,5.1,7.0,19,4,0,0,0.335,0.322,0.161,0.324,40.6,9.4,73.3,23,24.2,73.3,26.7,21.4,33.7,33.9,31.8,48.4,0.323,0.333,0.143,0.311,42,9,76.1,20.9,21.9,76.1,23.9,18.1,31.2,31.8,31.7,28,-1.89,-1.45,-1.76,0.028,-0.011,1.11,0.1,0,0,1,3,,0,0,"none","Scheduled",0,,,"fastball",45.8,"curve",25.8,,3.931623931623932,16.140350877192983,"fastball",71.8,"curve",11.1,,4.270833333333334,16.4,92.33333333333333,"Extra Rest",92.66666666666667,"Normal","R","R",12,21.2,9,29.2,5,4934.444444444444,903.3333333333334,0,5443.333333333333,1100,0,,,,,,,,,31.3,25.7,23,24.2,99,100,82
"823357","2026-07-10","Jackson Chourio","Milwaukee Brewers",6,"R","LF",0.284,0.338,0.504,0.842,0.361,0.22,272,71,16,0,13,23.9,7.4,0.222,0.657,0.407,11,6,3,0.81,0.926,0.492,0.536,23.6,24.7,77.4,77.4,22.6,,"Braxton Ashcraft","R",0.24,0.227,0.409,0.313,"6:40 PM ET","Pittsburgh Pirates","Milwaukee Brewers","PNC Park","Braxton Ashcraft",3.24,1.1,27.8,5.7,9,3,"108.1",122,18,6.02,6.5,113,-145,"rotowire","Brandon Sproat",5.13,1.37,25,11,3,4,"79.0",84,17,4.65,5.5,115,-146,"rotowire",4.53,"Alta",21.2,3.42,"Alta",29.2,5.2,0.763,0.34,0.423,22.9,5.1,0.735,0.337,0.398,21.8,26.4,63,8.2,232,1011.6,35,"Parcialmente Nublado",28.5,0.269,0.791,0.353,0.438,4.5,90,0.244,0.689,0.306,0.383,4.5,30,0.261,0.754,0.342,0.412,4.5,67,0.241,0.691,0.327,0.364,4.5,19,6,94,277,5,92,278,12,21.2,5,8,3,9,29.2,3,5,5,3.17,3.25,2.75,2.91,40.6,5.9,45.8,26.2,27.8,5.7,14.4,31.1,,7.2,1.94,5.7,23.4,92,7,8,10,5.7,6,6,23,24,23,20,,,,91,5.2,6.62,23.4,45.8,23.2,25.8,0,5.1,"Henry Davis",-0.7908860928464507,23.3,5.9,8.3,23,5.7,0,0,4.62,5.01,3.69,3.87,43.4,8.6,43.1,27.3,25,11,11.7,28.1,,6,2.45,5,19.2,82,4,7,10,4,5.3,6,20,21,19,,,,,84,5,5.14,19.2,71.8,9.9,11.1,7.3,0,"William Contreras",-4.935214903643901,20.0,5.1,7.0,19,4,0,0,0.335,0.322,0.161,0.324,40.6,9.4,73.3,23,24.2,73.3,26.7,21.4,33.7,33.9,31.8,48.4,0.323,0.333,0.143,0.311,42,9,76.1,20.9,21.9,76.1,23.9,18.1,31.2,31.8,31.7,28,-1.89,-1.45,-1.76,0.028,-0.011,1.11,0.1,0,0,1,3,,0,0,"none","Scheduled",0,,,"fastball",45.8,"curve",25.8,,3.931623931623932,16.140350877192983,"fastball",71.8,"curve",11.1,,4.270833333333334,16.4,92.33333333333333,"Extra Rest",92.66666666666667,"Normal","R","R",12,21.2,9,29.2,5,4934.444444444444,903.3333333333334,0,5443.333333333333,1100,0,,,,,,,,,31.3,25.7,23,24.2,99,100,82
"823357","2026-07-10","Christian Yelich","Milwaukee Brewers",7,"L","DH",0.242,0.326,0.381,0.707,0.309,0.139,262,56,12,1,6,28.2,10.3,0.172,0.618,0.345,10,5,3,0.707,0.707,0.379,0.386,29.5,25.3,68.7,68.7,31.3,,"Braxton Ashcraft","R",0.24,0.227,0.409,0.313,"6:40 PM ET","Pittsburgh Pirates","Milwaukee Brewers","PNC Park","Braxton Ashcraft",3.24,1.1,27.8,5.7,9,3,"108.1",122,18,6.02,6.5,113,-145,"rotowire","Brandon Sproat",5.13,1.37,25,11,3,4,"79.0",84,17,4.65,5.5,115,-146,"rotowire",4.53,"Alta",21.2,3.42,"Alta",29.2,5.2,0.763,0.34,0.423,22.9,5.1,0.735,0.337,0.398,21.8,26.4,63,8.2,232,1011.6,35,"Parcialmente Nublado",28.5,0.269,0.791,0.353,0.438,4.5,90,0.244,0.689,0.306,0.383,4.5,30,0.261,0.754,0.342,0.412,4.5,67,0.241,0.691,0.327,0.364,4.5,19,6,94,277,5,92,278,12,21.2,5,8,3,9,29.2,3,5,5,3.17,3.25,2.75,2.91,40.6,5.9,45.8,26.2,27.8,5.7,14.4,31.1,,7.2,1.94,5.7,23.4,92,7,8,10,5.7,6,6,23,24,23,20,,,,91,5.2,6.62,23.4,45.8,23.2,25.8,0,5.1,"Henry Davis",-0.7908860928464507,23.3,5.9,8.3,23,5.7,0,0,4.62,5.01,3.69,3.87,43.4,8.6,43.1,27.3,25,11,11.7,28.1,,6,2.45,5,19.2,82,4,7,10,4,5.3,6,20,21,19,,,,,84,5,5.14,19.2,71.8,9.9,11.1,7.3,0,"William Contreras",-4.935214903643901,20.0,5.1,7.0,19,4,0,0,0.335,0.322,0.161,0.324,40.6,9.4,73.3,23,24.2,73.3,26.7,21.4,33.7,33.9,31.8,48.4,0.323,0.333,0.143,0.311,42,9,76.1,20.9,21.9,76.1,23.9,18.1,31.2,31.8,31.7,28,-1.89,-1.45,-1.76,0.028,-0.011,1.11,0.1,0,0,1,3,,0,0,"none","Scheduled",0,,,"fastball",45.8,"curve",25.8,,3.931623931623932,16.140350877192983,"fastball",71.8,"curve",11.1,,4.270833333333334,16.4,92.33333333333333,"Extra Rest",92.66666666666667,"Normal","R","R",12,21.2,9,29.2,5,4934.444444444444,903.3333333333334,0,5443.333333333333,1100,0,,,,,,,,,31.3,25.7,23,24.2,99,100,82
"823357","2026-07-10","Joey Ortiz","Milwaukee Brewers",8,"R","SS",0.223,0.292,0.302,0.594,0.27,0.079,230,45,7,0,3,17.8,9.1,0.391,1.026,0.609,14,9,3,0.614,0.56,0.315,0.28,17.1,19,81.5,81.5,18.5,,"Braxton Ashcraft","R",0.24,0.227,0.409,0.313,"6:40 PM ET","Pittsburgh Pirates","Milwaukee Brewers","PNC Park","Braxton Ashcraft",3.24,1.1,27.8,5.7,9,3,"108.1",122,18,6.02,6.5,113,-145,"rotowire","Brandon Sproat",5.13,1.37,25,11,3,4,"79.0",84,17,4.65,5.5,115,-146,"rotowire",4.53,"Alta",21.2,3.42,"Alta",29.2,5.2,0.763,0.34,0.423,22.9,5.1,0.735,0.337,0.398,21.8,26.4,63,8.2,232,1011.6,35,"Parcialmente Nublado",28.5,0.269,0.791,0.353,0.438,4.5,90,0.244,0.689,0.306,0.383,4.5,30,0.261,0.754,0.342,0.412,4.5,67,0.241,0.691,0.327,0.364,4.5,19,6,94,277,5,92,278,12,21.2,5,8,3,9,29.2,3,5,5,3.17,3.25,2.75,2.91,40.6,5.9,45.8,26.2,27.8,5.7,14.4,31.1,,7.2,1.94,5.7,23.4,92,7,8,10,5.7,6,6,23,24,23,20,,,,91,5.2,6.62,23.4,45.8,23.2,25.8,0,5.1,"Henry Davis",-0.7908860928464507,23.3,5.9,8.3,23,5.7,0,0,4.62,5.01,3.69,3.87,43.4,8.6,43.1,27.3,25,11,11.7,28.1,,6,2.45,5,19.2,82,4,7,10,4,5.3,6,20,21,19,,,,,84,5,5.14,19.2,71.8,9.9,11.1,7.3,0,"William Contreras",-4.935214903643901,20.0,5.1,7.0,19,4,0,0,0.335,0.322,0.161,0.324,40.6,9.4,73.3,23,24.2,73.3,26.7,21.4,33.7,33.9,31.8,48.4,0.323,0.333,0.143,0.311,42,9,76.1,20.9,21.9,76.1,23.9,18.1,31.2,31.8,31.7,28,-1.89,-1.45,-1.76,0.028,-0.011,1.11,0.1,0,0,1,3,,0,0,"none","Scheduled",0,,,"fastball",45.8,"curve",25.8,,3.931623931623932,16.140350877192983,"fastball",71.8,"curve",11.1,,4.270833333333334,16.4,92.33333333333333,"Extra Rest",92.66666666666667,"Normal","R","R",12,21.2,9,29.2,5,4934.444444444444,903.3333333333334,0,5443.333333333333,1100,0,,,,,,,,,31.3,25.7,23,24.2,99,100,82
"823357","2026-07-10","Gary Sánchez","Milwaukee Brewers",9,"R","C",0.221,0.371,0.449,0.82,0.362,0.228,170,30,5,1,8,18.2,18.2,0.211,0.821,0.421,8,4,2,0.746,0.923,0.413,0.5,20.2,15.5,74.2,74.2,25.8,,"Braxton Ashcraft","R",0.24,0.227,0.409,0.313,"6:40 PM ET","Pittsburgh Pirates","Milwaukee Brewers","PNC Park","Braxton Ashcraft",3.24,1.1,27.8,5.7,9,3,"108.1",122,18,6.02,6.5,113,-145,"rotowire","Brandon Sproat",5.13,1.37,25,11,3,4,"79.0",84,17,4.65,5.5,115,-146,"rotowire",4.53,"Alta",21.2,3.42,"Alta",29.2,5.2,0.763,0.34,0.423,22.9,5.1,0.735,0.337,0.398,21.8,26.4,63,8.2,232,1011.6,35,"Parcialmente Nublado",28.5,0.269,0.791,0.353,0.438,4.5,90,0.244,0.689,0.306,0.383,4.5,30,0.261,0.754,0.342,0.412,4.5,67,0.241,0.691,0.327,0.364,4.5,19,6,94,277,5,92,278,12,21.2,5,8,3,9,29.2,3,5,5,3.17,3.25,2.75,2.91,40.6,5.9,45.8,26.2,27.8,5.7,14.4,31.1,,7.2,1.94,5.7,23.4,92,7,8,10,5.7,6,6,23,24,23,20,,,,91,5.2,6.62,23.4,45.8,23.2,25.8,0,5.1,"Henry Davis",-0.7908860928464507,23.3,5.9,8.3,23,5.7,0,0,4.62,5.01,3.69,3.87,43.4,8.6,43.1,27.3,25,11,11.7,28.1,,6,2.45,5,19.2,82,4,7,10,4,5.3,6,20,21,19,,,,,84,5,5.14,19.2,71.8,9.9,11.1,7.3,0,"William Contreras",-4.935214903643901,20.0,5.1,7.0,19,4,0,0,0.335,0.322,0.161,0.324,40.6,9.4,73.3,23,24.2,73.3,26.7,21.4,33.7,33.9,31.8,48.4,0.323,0.333,0.143,0.311,42,9,76.1,20.9,21.9,76.1,23.9,18.1,31.2,31.8,31.7,28,-1.89,-1.45,-1.76,0.028,-0.011,1.11,0.1,0,0,1,3,,0,0,"none","Scheduled",0,,,"fastball",45.8,"curve",25.8,,3.931623931623932,16.140350877192983,"fastball",71.8,"curve",11.1,,4.270833333333334,16.4,92.33333333333333,"Extra Rest",92.66666666666667,"Normal","R","R",12,21.2,9,29.2,5,4934.444444444444,903.3333333333334,0,5443.333333333333,1100,0,,,,,,,,,31.3,25.7,23,24.2,99,100,82
"822709","2026-07-10","James Wood","Washington Nationals",1,"L","RF",0.269,0.402,0.546,0.948,0.402,0.277,440,96,22,1,25,28.9,17.5,0.364,1.645,1.045,23,8,6,1.001,0.848,0.574,0.496,27.5,31.7,68.7,68.7,31.3,,"Ryan Weathers","L",0.295,0.236,0.423,0.42,"6:45 PM ET","Washington Nationals","New York Yankees","Nationals Park","Carson Palmquist",7.11,1.58,25,7.1,N/A,1,"6.1",7,4,1.58,1.5,-150,115,"rotowire","Ryan Weathers",4.29,1.25,26.9,7,3,7,"92.1",104,17,5.43,5.5,113,-144,"rotowire",5.04,"Moderada",20,3.06,"Alta",28,5.4,0.76,0.325,0.435,19.7,4.8,0.736,0.316,0.42,23.2,29.9,51,10.6,252,1011.3,13,"Parcialmente Nublado",31.5,0.244,0.753,0.318,0.435,4.5,101,0.267,0.78,0.345,0.435,4.5,31,0.232,0.735,0.318,0.417,4.5,92,0.241,0.74,0.313,0.427,4.5,43,3,16,69,5,88,240,5.1,20,0,2,8,12.2,28,6,8,2,3.67,2.41,3.27,3.75,27.8,5.6,50,22.2,25,7.1,11.8,26.8,,3,0,2.2,10,48,3,3,,1,3.3,,8,12,,,,,,28,1.1,2.26,10,72.5,27.6,0,0,0,"Keibert Ruiz",2.8108703144677705,10.0,2.1,3.0,8,1,2,2,4.62,4.14,2.84,3.06,42.7,10.7,42.7,25.3,26.9,7,12.2,30.8,,5,2.19,4.5,20.2,82,6,3,6,4,1.7,6,19,14,26,14.4,,,,81,4.1,5.2,20.2,46.6,29.7,0,23.7,0,"Austin Wells",4.101371598100652,19.7,3.9,5.0,14,1.7,1,1,0.331,0.329,0.184,0.292,38.8,8.7,78.8,23.6,20.6,78.8,21.2,15,28.2,29.7,25.9,34.8,0.322,0.318,0.185,0.281,40.9,9.4,74.2,24.6,25.3,74.2,25.8,19.6,34.1,33.5,31.8,32.8,2.82,-0.95,-1.73,0.024,0.011,1.98,0.6,0,0.01,-2,-7.1,,0,0,"none","Scheduled",0,,,"fastball",72.5,"slider",27.6,,4.8,21.818181818181817,"fastball",46.6,"slider",29.7,,4.0594059405940595,18.22222222222222,23,"Short Rest",80,"Normal","L","L",5.1,20,12.2,28,0,6003.333333333333,852.2222222222222,0,5043.333333333333,958.8888888888889,0,,,,,,,,,45.5,27.7,11.8,26.7,94,104,103
"822709","2026-07-10","Daylen Lile","Washington Nationals",2,"L","LF",0.252,0.303,0.41,0.713,0.31,0.158,393,91,21,3,10,17.3,6.1,0.267,0.834,0.567,17,8,5,0.759,0.594,0.459,0.284,16.8,18.6,78.2,78.2,21.8,,"Ryan Weathers","L",0.295,0.236,0.423,0.42,"6:45 PM ET","Washington Nationals","New York Yankees","Nationals Park","Carson Palmquist",7.11,1.58,25,7.1,N/A,1,"6.1",7,4,1.58,1.5,-150,115,"rotowire","Ryan Weathers",4.29,1.25,26.9,7,3,7,"92.1",104,17,5.43,5.5,113,-144,"rotowire",5.04,"Moderada",20,3.06,"Alta",28,5.4,0.76,0.325,0.435,19.7,4.8,0.736,0.316,0.42,23.2,29.9,51,10.6,252,1011.3,13,"Parcialmente Nublado",31.5,0.244,0.753,0.318,0.435,4.5,101,0.267,0.78,0.345,0.435,4.5,31,0.232,0.735,0.318,0.417,4.5,92,0.241,0.74,0.313,0.427,4.5,43,3,16,69,5,88,240,5.1,20,0,2,8,12.2,28,6,8,2,3.67,2.41,3.27,3.75,27.8,5.6,50,22.2,25,7.1,11.8,26.8,,3,0,2.2,10,48,3,3,,1,3.3,,8,12,,,,,,28,1.1,2.26,10,72.5,27.6,0,0,0,"Keibert Ruiz",2.8108703144677705,10.0,2.1,3.0,8,1,2,2,4.62,4.14,2.84,3.06,42.7,10.7,42.7,25.3,26.9,7,12.2,30.8,,5,2.19,4.5,20.2,82,6,3,6,4,1.7,6,19,14,26,14.4,,,,81,4.1,5.2,20.2,46.6,29.7,0,23.7,0,"Austin Wells",4.101371598100652,19.7,3.9,5.0,14,1.7,1,1,0.331,0.329,0.184,0.292,38.8,8.7,78.8,23.6,20.6,78.8,21.2,15,28.2,29.7,25.9,34.8,0.322,0.318,0.185,0.281,40.9,9.4,74.2,24.6,25.3,74.2,25.8,19.6,34.1,33.5,31.8,32.8,2.82,-0.95,-1.73,0.024,0.011,1.98,0.6,0,0.01,-2,-7.1,,0,0,"none","Scheduled",0,,,"fastball",72.5,"slider",27.6,,4.8,21.818181818181817,"fastball",46.6,"slider",29.7,,4.0594059405940595,18.22222222222222,23,"Short Rest",80,"Normal","L","L",5.1,20,12.2,28,0,6003.333333333333,852.2222222222222,0,5043.333333333333,958.8888888888889,0,,,,,,,,,45.5,27.7,11.8,26.7,94,104,103
"822709","2026-07-10","CJ Abrams","Washington Nationals",3,"L","SS",0.276,0.355,0.517,0.872,0.376,0.241,383,92,16,2,20,21.1,8.9,0.296,0.997,0.63,17,8,3,0.914,0.767,0.547,0.443,18.9,26.9,71.8,71.8,28.2,,"Ryan Weathers","L",0.295,0.236,0.423,0.42,"6:45 PM ET","Washington Nationals","New York Yankees","Nationals Park","Carson Palmquist",7.11,1.58,25,7.1,N/A,1,"6.1",7,4,1.58,1.5,-150,115,"rotowire","Ryan Weathers",4.29,1.25,26.9,7,3,7,"92.1",104,17,5.43,5.5,113,-144,"rotowire",5.04,"Moderada",20,3.06,"Alta",28,5.4,0.76,0.325,0.435,19.7,4.8,0.736,0.316,0.42,23.2,29.9,51,10.6,252,1011.3,13,"Parcialmente Nublado",31.5,0.244,0.753,0.318,0.435,4.5,101,0.267,0.78,0.345,0.435,4.5,31,0.232,0.735,0.318,0.417,4.5,92,0.241,0.74,0.313,0.427,4.5,43,3,16,69,5,88,240,5.1,20,0,2,8,12.2,28,6,8,2,3.67,2.41,3.27,3.75,27.8,5.6,50,22.2,25,7.1,11.8,26.8,,3,0,2.2,10,48,3,3,,1,3.3,,8,12,,,,,,28,1.1,2.26,10,72.5,27.6,0,0,0,"Keibert Ruiz",2.8108703144677705,10.0,2.1,3.0,8,1,2,2,4.62,4.14,2.84,3.06,42.7,10.7,42.7,25.3,26.9,7,12.2,30.8,,5,2.19,4.5,20.2,82,6,3,6,4,1.7,6,19,14,26,14.4,,,,81,4.1,5.2,20.2,46.6,29.7,0,23.7,0,"Austin Wells",4.101371598100652,19.7,3.9,5.0,14,1.7,1,1,0.331,0.329,0.184,0.292,38.8,8.7,78.8,23.6,20.6,78.8,21.2,15,28.2,29.7,25.9,34.8,0.322,0.318,0.185,0.281,40.9,9.4,74.2,24.6,25.3,74.2,25.8,19.6,34.1,33.5,31.8,32.8,2.82,-0.95,-1.73,0.024,0.011,1.98,0.6,0,0.01,-2,-7.1,,0,0,"none","Scheduled",0,,,"fastball",72.5,"slider",27.6,,4.8,21.818181818181817,"fastball",46.6,"slider",29.7,,4.0594059405940595,18.22222222222222,23,"Short Rest",80,"Normal","L","L",5.1,20,12.2,28,0,6003.333333333333,852.2222222222222,0,5043.333333333333,958.8888888888889,0,,,,,,,,,45.5,27.7,11.8,26.7,94,104,103
"822709","2026-07-10","Luis García Jr.","Washington Nationals",4,"L","1B",0.291,0.322,0.572,0.894,0.379,0.281,307,85,16,3,20,15,4.6,0.393,1.29,0.857,24,11,5,0.927,0.65,0.595,0.4,14.4,19.4,81,81,19,,"Ryan Weathers","L",0.295,0.236,0.423,0.42,"6:45 PM ET","Washington Nationals","New York Yankees","Nationals Park","Carson Palmquist",7.11,1.58,25,7.1,N/A,1,"6.1",7,4,1.58,1.5,-150,115,"rotowire","Ryan Weathers",4.29,1.25,26.9,7,3,7,"92.1",104,17,5.43,5.5,113,-144,"rotowire",5.04,"Moderada",20,3.06,"Alta",28,5.4,0.76,0.325,0.435,19.7,4.8,0.736,0.316,0.42,23.2,29.9,51,10.6,252,1011.3,13,"Parcialmente Nublado",31.5,0.244,0.753,0.318,0.435,4.5,101,0.267,0.78,0.345,0.435,4.5,31,0.232,0.735,0.318,0.417,4.5,92,0.241,0.74,0.313,0.427,4.5,43,3,16,69,5,88,240,5.1,20,0,2,8,12.2,28,6,8,2,3.67,2.41,3.27,3.75,27.8,5.6,50,22.2,25,7.1,11.8,26.8,,3,0,2.2,10,48,3,3,,1,3.3,,8,12,,,,,,28,1.1,2.26,10,72.5,27.6,0,0,0,"Keibert Ruiz",2.8108703144677705,10.0,2.1,3.0,8,1,2,2,4.62,4.14,2.84,3.06,42.7,10.7,42.7,25.3,26.9,7,12.2,30.8,,5,2.19,4.5,20.2,82,6,3,6,4,1.7,6,19,14,26,14.4,,,,81,4.1,5.2,20.2,46.6,29.7,0,23.7,0,"Austin Wells",4.101371598100652,19.7,3.9,5.0,14,1.7,1,1,0.331,0.329,0.184,0.292,38.8,8.7,78.8,23.6,20.6,78.8,21.2,15,28.2,29.7,25.9,34.8,0.322,0.318,0.185,0.281,40.9,9.4,74.2,24.6,25.3,74.2,25.8,19.6,34.1,33.5,31.8,32.8,2.82,-0.95,-1.73,0.024,0.011,1.98,0.6,0,0.01,-2,-7.1,,0,0,"none","Scheduled",0,,,"fastball",72.5,"slider",27.6,,4.8,21.818181818181817,"fastball",46.6,"slider",29.7,,4.0594059405940595,18.22222222222222,23,"Short Rest",80,"Normal","L","L",5.1,20,12.2,28,0,6003.333333333333,852.2222222222222,0,5043.333333333333,958.8888888888889,0,,,,,,,,,45.5,27.7,11.8,26.7,94,104,103
"822709","2026-07-10","Nasim Nuñez","Washington Nationals",5,"S","2B",0.247,0.331,0.297,0.628,0.287,0.05,299,64,4,3,1,23.7,10.7,0.348,0.922,0.478,11,8,1,0.577,0.756,0.273,0.361,23.9,23.3,77.5,77.5,22.5,,"Ryan Weathers","L",0.295,0.236,0.423,0.42,"6:45 PM ET","Washington Nationals","New York Yankees","Nationals Park","Carson Palmquist",7.11,1.58,25,7.1,N/A,1,"6.1",7,4,1.58,1.5,-150,115,"rotowire","Ryan Weathers",4.29,1.25,26.9,7,3,7,"92.1",104,17,5.43,5.5,113,-144,"rotowire",5.04,"Moderada",20,3.06,"Alta",28,5.4,0.76,0.325,0.435,19.7,4.8,0.736,0.316,0.42,23.2,29.9,51,10.6,252,1011.3,13,"Parcialmente Nublado",31.5,0.244,0.753,0.318,0.435,4.5,101,0.267,0.78,0.345,0.435,4.5,31,0.232,0.735,0.318,0.417,4.5,92,0.241,0.74,0.313,0.427,4.5,43,3,16,69,5,88,240,5.1,20,0,2,8,12.2,28,6,8,2,3.67,2.41,3.27,3.75,27.8,5.6,50,22.2,25,7.1,11.8,26.8,,3,0,2.2,10,48,3,3,,1,3.3,,8,12,,,,,,28,1.1,2.26,10,72.5,27.6,0,0,0,"Keibert Ruiz",2.8108703144677705,10.0,2.1,3.0,8,1,2,2,4.62,4.14,2.84,3.06,42.7,10.7,42.7,25.3,26.9,7,12.2,30.8,,5,2.19,4.5,20.2,82,6,3,6,4,1.7,6,19,14,26,14.4,,,,81,4.1,5.2,20.2,46.6,29.7,0,23.7,0,"Austin Wells",4.101371598100652,19.7,3.9,5.0,14,1.7,1,1,0.331,0.329,0.184,0.292,38.8,8.7,78.8,23.6,20.6,78.8,21.2,15,28.2,29.7,25.9,34.8,0.322,0.318,0.185,0.281,40.9,9.4,74.2,24.6,25.3,74.2,25.8,19.6,34.1,33.5,31.8,32.8,2.82,-0.95,-1.73,0.024,0.011,1.98,0.6,0,0.01,-2,-7.1,,0,0,"none","Scheduled",0,,,"fastball",72.5,"slider",27.6,,4.8,21.818181818181817,"fastball",46.6,"slider",29.7,,4.0594059405940595,18.22222222222222,23,"Short Rest",80,"Normal","L","L",5.1,20,12.2,28,0,6003.333333333333,852.2222222222222,0,5043.333333333333,958.8888888888889,0,,,,,,,,,45.5,27.7,11.8,26.7,94,104,103
"822709","2026-07-10","Curtis Mead","Washington Nationals",6,"R","3B",0.24,0.336,0.48,0.816,0.353,0.24,286,60,13,1,15,18.9,11.2,0.333,0.996,0.567,17,10,4,0.804,0.831,0.465,0.5,18.5,19.5,82.7,82.7,17.3,,"Ryan Weathers","L",0.295,0.236,0.423,0.42,"6:45 PM ET","Washington Nationals","New York Yankees","Nationals Park","Carson Palmquist",7.11,1.58,25,7.1,N/A,1,"6.1",7,4,1.58,1.5,-150,115,"rotowire","Ryan Weathers",4.29,1.25,26.9,7,3,7,"92.1",104,17,5.43,5.5,113,-144,"rotowire",5.04,"Moderada",20,3.06,"Alta",28,5.4,0.76,0.325,0.435,19.7,4.8,0.736,0.316,0.42,23.2,29.9,51,10.6,252,1011.3,13,"Parcialmente Nublado",31.5,0.244,0.753,0.318,0.435,4.5,101,0.267,0.78,0.345,0.435,4.5,31,0.232,0.735,0.318,0.417,4.5,92,0.241,0.74,0.313,0.427,4.5,43,3,16,69,5,88,240,5.1,20,0,2,8,12.2,28,6,8,2,3.67,2.41,3.27,3.75,27.8,5.6,50,22.2,25,7.1,11.8,26.8,,3,0,2.2,10,48,3,3,,1,3.3,,8,12,,,,,,28,1.1,2.26,10,72.5,27.6,0,0,0,"Keibert Ruiz",2.8108703144677705,10.0,2.1,3.0,8,1,2,2,4.62,4.14,2.84,3.06,42.7,10.7,42.7,25.3,26.9,7,12.2,30.8,,5,2.19,4.5,20.2,82,6,3,6,4,1.7,6,19,14,26,14.4,,,,81,4.1,5.2,20.2,46.6,29.7,0,23.7,0,"Austin Wells",4.101371598100652,19.7,3.9,5.0,14,1.7,1,1,0.331,0.329,0.184,0.292,38.8,8.7,78.8,23.6,20.6,78.8,21.2,15,28.2,29.7,25.9,34.8,0.322,0.318,0.185,0.281,40.9,9.4,74.2,24.6,25.3,74.2,25.8,19.6,34.1,33.5,31.8,32.8,2.82,-0.95,-1.73,0.024,0.011,1.98,0.6,0,0.01,-2,-7.1,,0,0,"none","Scheduled",0,,,"fastball",72.5,"slider",27.6,,4.8,21.818181818181817,"fastball",46.6,"slider",29.7,,4.0594059405940595,18.22222222222222,23,"Short Rest",80,"Normal","L","L",5.1,20,12.2,28,0,6003.333333333333,852.2222222222222,0,5043.333333333333,958.8888888888889,0,,,,,,,,,45.5,27.7,11.8,26.7,94,104,103
"822709","2026-07-10","Jacob Young","Washington Nationals",7,"R","CF",0.223,0.276,0.371,0.647,0.283,0.148,284,59,11,2,8,19,5.3,0.158,0.536,0.263,5,3,2,0.65,0.637,0.38,0.35,18.4,20.5,79.7,79.7,20.3,,"Ryan Weathers","L",0.295,0.236,0.423,0.42,"6:45 PM ET","Washington Nationals","New York Yankees","Nationals Park","Carson Palmquist",7.11,1.58,25,7.1,N/A,1,"6.1",7,4,1.58,1.5,-150,115,"rotowire","Ryan Weathers",4.29,1.25,26.9,7,3,7,"92.1",104,17,5.43,5.5,113,-144,"rotowire",5.04,"Moderada",20,3.06,"Alta",28,5.4,0.76,0.325,0.435,19.7,4.8,0.736,0.316,0.42,23.2,29.9,51,10.6,252,1011.3,13,"Parcialmente Nublado",31.5,0.244,0.753,0.318,0.435,4.5,101,0.267,0.78,0.345,0.435,4.5,31,0.232,0.735,0.318,0.417,4.5,92,0.241,0.74,0.313,0.427,4.5,43,3,16,69,5,88,240,5.1,20,0,2,8,12.2,28,6,8,2,3.67,2.41,3.27,3.75,27.8,5.6,50,22.2,25,7.1,11.8,26.8,,3,0,2.2,10,48,3,3,,1,3.3,,8,12,,,,,,28,1.1,2.26,10,72.5,27.6,0,0,0,"Keibert Ruiz",2.8108703144677705,10.0,2.1,3.0,8,1,2,2,4.62,4.14,2.84,3.06,42.7,10.7,42.7,25.3,26.9,7,12.2,30.8,,5,2.19,4.5,20.2,82,6,3,6,4,1.7,6,19,14,26,14.4,,,,81,4.1,5.2,20.2,46.6,29.7,0,23.7,0,"Austin Wells",4.101371598100652,19.7,3.9,5.0,14,1.7,1,1,0.331,0.329,0.184,0.292,38.8,8.7,78.8,23.6,20.6,78.8,21.2,15,28.2,29.7,25.9,34.8,0.322,0.318,0.185,0.281,40.9,9.4,74.2,24.6,25.3,74.2,25.8,19.6,34.1,33.5,31.8,32.8,2.82,-0.95,-1.73,0.024,0.011,1.98,0.6,0,0.01,-2,-7.1,,0,0,"none","Scheduled",0,,,"fastball",72.5,"slider",27.6,,4.8,21.818181818181817,"fastball",46.6,"slider",29.7,,4.0594059405940595,18.22222222222222,23,"Short Rest",80,"Normal","L","L",5.1,20,12.2,28,0,6003.333333333333,852.2222222222222,0,5043.333333333333,958.8888888888889,0,,,,,,,,,45.5,27.7,11.8,26.7,94,104,103
"822709","2026-07-10","Keibert Ruiz","Washington Nationals",8,"S","C",0.28,0.307,0.461,0.768,0.332,0.181,205,54,17,0,6,12.7,3.4,0.304,0.751,0.391,9,7,2,0.753,0.796,0.455,0.472,9.2,18.9,86.4,86.4,13.6,,"Ryan Weathers","L",0.295,0.236,0.423,0.42,"6:45 PM ET","Washington Nationals","New York Yankees","Nationals Park","Carson Palmquist",7.11,1.58,25,7.1,N/A,1,"6.1",7,4,1.58,1.5,-150,115,"rotowire","Ryan Weathers",4.29,1.25,26.9,7,3,7,"92.1",104,17,5.43,5.5,113,-144,"rotowire",5.04,"Moderada",20,3.06,"Alta",28,5.4,0.76,0.325,0.435,19.7,4.8,0.736,0.316,0.42,23.2,29.9,51,10.6,252,1011.3,13,"Parcialmente Nublado",31.5,0.244,0.753,0.318,0.435,4.5,101,0.267,0.78,0.345,0.435,4.5,31,0.232,0.735,0.318,0.417,4.5,92,0.241,0.74,0.313,0.427,4.5,43,3,16,69,5,88,240,5.1,20,0,2,8,12.2,28,6,8,2,3.67,2.41,3.27,3.75,27.8,5.6,50,22.2,25,7.1,11.8,26.8,,3,0,2.2,10,48,3,3,,1,3.3,,8,12,,,,,,28,1.1,2.26,10,72.5,27.6,0,0,0,"Keibert Ruiz",2.8108703144677705,10.0,2.1,3.0,8,1,2,2,4.62,4.14,2.84,3.06,42.7,10.7,42.7,25.3,26.9,7,12.2,30.8,,5,2.19,4.5,20.2,82,6,3,6,4,1.7,6,19,14,26,14.4,,,,81,4.1,5.2,20.2,46.6,29.7,0,23.7,0,"Austin Wells",4.101371598100652,19.7,3.9,5.0,14,1.7,1,1,0.331,0.329,0.184,0.292,38.8,8.7,78.8,23.6,20.6,78.8,21.2,15,28.2,29.7,25.9,34.8,0.322,0.318,0.185,0.281,40.9,9.4,74.2,24.6,25.3,74.2,25.8,19.6,34.1,33.5,31.8,32.8,2.82,-0.95,-1.73,0.024,0.011,1.98,0.6,0,0.01,-2,-7.1,,0,0,"none","Scheduled",0,,,"fastball",72.5,"slider",27.6,,4.8,21.818181818181817,"fastball",46.6,"slider",29.7,,4.0594059405940595,18.22222222222222,23,"Short Rest",80,"Normal","L","L",5.1,20,12.2,28,0,6003.333333333333,852.2222222222222,0,5043.333333333333,958.8888888888889,0,,,,,,,,,45.5,27.7,11.8,26.7,94,104,103
"822709","2026-07-10","Jorbit Vivas","Washington Nationals",9,"L","3B",0.249,0.33,0.347,0.677,0.306,0.098,200,43,8,0,3,12.5,9,0.136,0.451,0.182,4,3,1,0.683,0.637,0.358,0.28,13.5,6.9,83.4,83.4,16.6,,"Ryan Weathers","L",0.295,0.236,0.423,0.42,"6:45 PM ET","Washington Nationals","New York Yankees","Nationals Park","Carson Palmquist",7.11,1.58,25,7.1,N/A,1,"6.1",7,4,1.58,1.5,-150,115,"rotowire","Ryan Weathers",4.29,1.25,26.9,7,3,7,"92.1",104,17,5.43,5.5,113,-144,"rotowire",5.04,"Moderada",20,3.06,"Alta",28,5.4,0.76,0.325,0.435,19.7,4.8,0.736,0.316,0.42,23.2,29.9,51,10.6,252,1011.3,13,"Parcialmente Nublado",31.5,0.244,0.753,0.318,0.435,4.5,101,0.267,0.78,0.345,0.435,4.5,31,0.232,0.735,0.318,0.417,4.5,92,0.241,0.74,0.313,0.427,4.5,43,3,16,69,5,88,240,5.1,20,0,2,8,12.2,28,6,8,2,3.67,2.41,3.27,3.75,27.8,5.6,50,22.2,25,7.1,11.8,26.8,,3,0,2.2,10,48,3,3,,1,3.3,,8,12,,,,,,28,1.1,2.26,10,72.5,27.6,0,0,0,"Keibert Ruiz",2.8108703144677705,10.0,2.1,3.0,8,1,2,2,4.62,4.14,2.84,3.06,42.7,10.7,42.7,25.3,26.9,7,12.2,30.8,,5,2.19,4.5,20.2,82,6,3,6,4,1.7,6,19,14,26,14.4,,,,81,4.1,5.2,20.2,46.6,29.7,0,23.7,0,"Austin Wells",4.101371598100652,19.7,3.9,5.0,14,1.7,1,1,0.331,0.329,0.184,0.292,38.8,8.7,78.8,23.6,20.6,78.8,21.2,15,28.2,29.7,25.9,34.8,0.322,0.318,0.185,0.281,40.9,9.4,74.2,24.6,25.3,74.2,25.8,19.6,34.1,33.5,31.8,32.8,2.82,-0.95,-1.73,0.024,0.011,1.98,0.6,0,0.01,-2,-7.1,,0,0,"none","Scheduled",0,,,"fastball",72.5,"slider",27.6,,4.8,21.818181818181817,"fastball",46.6,"slider",29.7,,4.0594059405940595,18.22222222222222,23,"Short Rest",80,"Normal","L","L",5.1,20,12.2,28,0,6003.333333333333,852.2222222222222,0,5043.333333333333,958.8888888888889,0,,,,,,,,,45.5,27.7,11.8,26.7,94,104,103
"822709","2026-07-10","Cody Bellinger","New York Yankees",1,"L","LF",0.247,0.34,0.414,0.754,0.334,0.167,391,83,17,3,11,15.3,12.8,0.172,0.407,0.207,6,5,1,0.752,0.757,0.402,0.436,15.2,15.7,79.8,79.8,20.2,,"Carson Palmquist","L",0.273,0.357,0.273,0.429,"6:45 PM ET","Washington Nationals","New York Yankees","Nationals Park","Carson Palmquist",7.11,1.58,25,7.1,N/A,1,"6.1",7,4,1.58,1.5,-150,115,"rotowire","Ryan Weathers",4.29,1.25,26.9,7,3,7,"92.1",104,17,5.43,5.5,113,-144,"rotowire",5.04,"Moderada",20,3.06,"Alta",28,5.4,0.76,0.325,0.435,19.7,4.8,0.736,0.316,0.42,23.2,29.9,51,10.6,252,1011.3,13,"Parcialmente Nublado",31.5,0.244,0.753,0.318,0.435,4.5,101,0.267,0.78,0.345,0.435,4.5,31,0.232,0.735,0.318,0.417,4.5,92,0.241,0.74,0.313,0.427,4.5,43,3,16,69,5,88,240,5.1,20,0,2,8,12.2,28,6,8,2,3.67,2.41,3.27,3.75,27.8,5.6,50,22.2,25,7.1,11.8,26.8,,3,0,2.2,10,48,3,3,,1,3.3,,8,12,,,,,,28,1.1,2.26,10,72.5,27.6,0,0,0,"Keibert Ruiz",2.8108703144677705,10.0,2.1,3.0,8,1,2,2,4.62,4.14,2.84,3.06,42.7,10.7,42.7,25.3,26.9,7,12.2,30.8,,5,2.19,4.5,20.2,82,6,3,6,4,1.7,6,19,14,26,14.4,,,,81,4.1,5.2,20.2,46.6,29.7,0,23.7,0,"Austin Wells",4.101371598100652,19.7,3.9,5.0,14,1.7,1,1,0.331,0.329,0.184,0.292,38.8,8.7,78.8,23.6,20.6,78.8,21.2,15,28.2,29.7,25.9,34.8,0.322,0.318,0.185,0.281,40.9,9.4,74.2,24.6,25.3,74.2,25.8,19.6,34.1,33.5,31.8,32.8,2.82,-0.95,-1.73,0.024,0.011,1.98,0.6,0,0.01,-2,-7.1,,0,0,"none","Scheduled",0,,,"fastball",72.5,"slider",27.6,,4.8,21.818181818181817,"fastball",46.6,"slider",29.7,,4.0594059405940595,18.22222222222222,23,"Short Rest",80,"Normal","L","L",5.1,20,12.2,28,0,6003.333333333333,852.2222222222222,0,5043.333333333333,958.8888888888889,0,,,,,,,,,45.5,27.7,11.8,26.7,94,104,103
"822709","2026-07-10","Ben Rice","New York Yankees",2,"L","1B",0.275,0.366,0.59,0.956,0.403,0.315,377,90,15,2,28,23.3,11.9,0.346,1.356,0.923,24,9,5,1.049,0.786,0.659,0.466,22.5,25,75.3,75.3,24.7,,"Carson Palmquist","L",0.273,0.357,0.273,0.429,"6:45 PM ET","Washington Nationals","New York Yankees","Nationals Park","Carson Palmquist",7.11,1.58,25,7.1,N/A,1,"6.1",7,4,1.58,1.5,-150,115,"rotowire","Ryan Weathers",4.29,1.25,26.9,7,3,7,"92.1",104,17,5.43,5.5,113,-144,"rotowire",5.04,"Moderada",20,3.06,"Alta",28,5.4,0.76,0.325,0.435,19.7,4.8,0.736,0.316,0.42,23.2,29.9,51,10.6,252,1011.3,13,"Parcialmente Nublado",31.5,0.244,0.753,0.318,0.435,4.5,101,0.267,0.78,0.345,0.435,4.5,31,0.232,0.735,0.318,0.417,4.5,92,0.241,0.74,0.313,0.427,4.5,43,3,16,69,5,88,240,5.1,20,0,2,8,12.2,28,6,8,2,3.67,2.41,3.27,3.75,27.8,5.6,50,22.2,25,7.1,11.8,26.8,,3,0,2.2,10,48,3,3,,1,3.3,,8,12,,,,,,28,1.1,2.26,10,72.5,27.6,0,0,0,"Keibert Ruiz",2.8108703144677705,10.0,2.1,3.0,8,1,2,2,4.62,4.14,2.84,3.06,42.7,10.7,42.7,25.3,26.9,7,12.2,30.8,,5,2.19,4.5,20.2,82,6,3,6,4,1.7,6,19,14,26,14.4,,,,81,4.1,5.2,20.2,46.6,29.7,0,23.7,0,"Austin Wells",4.101371598100652,19.7,3.9,5.0,14,1.7,1,1,0.331,0.329,0.184,0.292,38.8,8.7,78.8,23.6,20.6,78.8,21.2,15,28.2,29.7,25.9,34.8,0.322,0.318,0.185,0.281,40.9,9.4,74.2,24.6,25.3,74.2,25.8,19.6,34.1,33.5,31.8,32.8,2.82,-0.95,-1.73,0.024,0.011,1.98,0.6,0,0.01,-2,-7.1,,0,0,"none","Scheduled",0,,,"fastball",72.5,"slider",27.6,,4.8,21.818181818181817,"fastball",46.6,"slider",29.7,,4.0594059405940595,18.22222222222222,23,"Short Rest",80,"Normal","L","L",5.1,20,12.2,28,0,6003.333333333333,852.2222222222222,0,5043.333333333333,958.8888888888889,0,,,,,,,,,45.5,27.7,11.8,26.7,94,104,103
"822709","2026-07-10","Jazz Chisholm Jr.","New York Yankees",3,"L","2B",0.221,0.305,0.388,0.693,0.305,0.167,348,68,11,2,12,29,10.6,0.217,0.569,0.261,6,5,1,0.728,0.618,0.402,0.359,26.7,33.9,69.3,69.3,30.7,,"Carson Palmquist","L",0.273,0.357,0.273,0.429,"6:45 PM ET","Washington Nationals","New York Yankees","Nationals Park","Carson Palmquist",7.11,1.58,25,7.1,N/A,1,"6.1",7,4,1.58,1.5,-150,115,"rotowire","Ryan Weathers",4.29,1.25,26.9,7,3,7,"92.1",104,17,5.43,5.5,113,-144,"rotowire",5.04,"Moderada",20,3.06,"Alta",28,5.4,0.76,0.325,0.435,19.7,4.8,0.736,0.316,0.42,23.2,29.9,51,10.6,252,1011.3,13,"Parcialmente Nublado",31.5,0.244,0.753,0.318,0.435,4.5,101,0.267,0.78,0.345,0.435,4.5,31,0.232,0.735,0.318,0.417,4.5,92,0.241,0.74,0.313,0.427,4.5,43,3,16,69,5,88,240,5.1,20,0,2,8,12.2,28,6,8,2,3.67,2.41,3.27,3.75,27.8,5.6,50,22.2,25,7.1,11.8,26.8,,3,0,2.2,10,48,3,3,,1,3.3,,8,12,,,,,,28,1.1,2.26,10,72.5,27.6,0,0,0,"Keibert Ruiz",2.8108703144677705,10.0,2.1,3.0,8,1,2,2,4.62,4.14,2.84,3.06,42.7,10.7,42.7,25.3,26.9,7,12.2,30.8,,5,2.19,4.5,20.2,82,6,3,6,4,1.7,6,19,14,26,14.4,,,,81,4.1,5.2,20.2,46.6,29.7,0,23.7,0,"Austin Wells",4.101371598100652,19.7,3.9,5.0,14,1.7,1,1,0.331,0.329,0.184,0.292,38.8,8.7,78.8,23.6,20.6,78.8,21.2,15,28.2,29.7,25.9,34.8,0.322,0.318,0.185,0.281,40.9,9.4,74.2,24.6,25.3,74.2,25.8,19.6,34.1,33.5,31.8,32.8,2.82,-0.95,-1.73,0.024,0.011,1.98,0.6,0,0.01,-2,-7.1,,0,0,"none","Scheduled",0,,,"fastball",72.5,"slider",27.6,,4.8,21.818181818181817,"fastball",46.6,"slider",29.7,,4.0594059405940595,18.22222222222222,23,"Short Rest",80,"Normal","L","L",5.1,20,12.2,28,0,6003.333333333333,852.2222222222222,0,5043.333333333333,958.8888888888889,0,,,,,,,,,45.5,27.7,11.8,26.7,94,104,103
"822709","2026-07-10","Trent Grisham","New York Yankees",4,"L","CF",0.234,0.334,0.415,0.749,0.331,0.181,290,58,14,2,9,16.9,13.4,0.25,0.78,0.5,12,6,4,0.745,0.762,0.409,0.433,15.9,19.7,83.2,83.2,16.8,,"Carson Palmquist","L",0.273,0.357,0.273,0.429,"6:45 PM ET","Washington Nationals","New York Yankees","Nationals Park","Carson Palmquist",7.11,1.58,25,7.1,N/A,1,"6.1",7,4,1.58,1.5,-150,115,"rotowire","Ryan Weathers",4.29,1.25,26.9,7,3,7,"92.1",104,17,5.43,5.5,113,-144,"rotowire",5.04,"Moderada",20,3.06,"Alta",28,5.4,0.76,0.325,0.435,19.7,4.8,0.736,0.316,0.42,23.2,29.9,51,10.6,252,1011.3,13,"Parcialmente Nublado",31.5,0.244,0.753,0.318,0.435,4.5,101,0.267,0.78,0.345,0.435,4.5,31,0.232,0.735,0.318,0.417,4.5,92,0.241,0.74,0.313,0.427,4.5,43,3,16,69,5,88,240,5.1,20,0,2,8,12.2,28,6,8,2,3.67,2.41,3.27,3.75,27.8,5.6,50,22.2,25,7.1,11.8,26.8,,3,0,2.2,10,48,3,3,,1,3.3,,8,12,,,,,,28,1.1,2.26,10,72.5,27.6,0,0,0,"Keibert Ruiz",2.8108703144677705,10.0,2.1,3.0,8,1,2,2,4.62,4.14,2.84,3.06,42.7,10.7,42.7,25.3,26.9,7,12.2,30.8,,5,2.19,4.5,20.2,82,6,3,6,4,1.7,6,19,14,26,14.4,,,,81,4.1,5.2,20.2,46.6,29.7,0,23.7,0,"Austin Wells",4.101371598100652,19.7,3.9,5.0,14,1.7,1,1,0.331,0.329,0.184,0.292,38.8,8.7,78.8,23.6,20.6,78.8,21.2,15,28.2,29.7,25.9,34.8,0.322,0.318,0.185,0.281,40.9,9.4,74.2,24.6,25.3,74.2,25.8,19.6,34.1,33.5,31.8,32.8,2.82,-0.95,-1.73,0.024,0.011,1.98,0.6,0,0.01,-2,-7.1,,0,0,"none","Scheduled",0,,,"fastball",72.5,"slider",27.6,,4.8,21.818181818181817,"fastball",46.6,"slider",29.7,,4.0594059405940595,18.22222222222222,23,"Short Rest",80,"Normal","L","L",5.1,20,12.2,28,0,6003.333333333333,852.2222222222222,0,5043.333333333333,958.8888888888889,0,,,,,,,,,45.5,27.7,11.8,26.7,94,104,103
"822709","2026-07-10","José Caballero","New York Yankees",5,"R","SS",0.246,0.3,0.398,0.698,0.306,0.152,289,65,10,0,10,23.2,5.5,0.261,0.783,0.522,12,6,2,0.699,0.693,0.394,0.404,18.8,32,73.9,73.9,26.1,,"Carson Palmquist","L",0.273,0.357,0.273,0.429,"6:45 PM ET","Washington Nationals","New York Yankees","Nationals Park","Carson Palmquist",7.11,1.58,25,7.1,N/A,1,"6.1",7,4,1.58,1.5,-150,115,"rotowire","Ryan Weathers",4.29,1.25,26.9,7,3,7,"92.1",104,17,5.43,5.5,113,-144,"rotowire",5.04,"Moderada",20,3.06,"Alta",28,5.4,0.76,0.325,0.435,19.7,4.8,0.736,0.316,0.42,23.2,29.9,51,10.6,252,1011.3,13,"Parcialmente Nublado",31.5,0.244,0.753,0.318,0.435,4.5,101,0.267,0.78,0.345,0.435,4.5,31,0.232,0.735,0.318,0.417,4.5,92,0.241,0.74,0.313,0.427,4.5,43,3,16,69,5,88,240,5.1,20,0,2,8,12.2,28,6,8,2,3.67,2.41,3.27,3.75,27.8,5.6,50,22.2,25,7.1,11.8,26.8,,3,0,2.2,10,48,3,3,,1,3.3,,8,12,,,,,,28,1.1,2.26,10,72.5,27.6,0,0,0,"Keibert Ruiz",2.8108703144677705,10.0,2.1,3.0,8,1,2,2,4.62,4.14,2.84,3.06,42.7,10.7,42.7,25.3,26.9,7,12.2,30.8,,5,2.19,4.5,20.2,82,6,3,6,4,1.7,6,19,14,26,14.4,,,,81,4.1,5.2,20.2,46.6,29.7,0,23.7,0,"Austin Wells",4.101371598100652,19.7,3.9,5.0,14,1.7,1,1,0.331,0.329,0.184,0.292,38.8,8.7,78.8,23.6,20.6,78.8,21.2,15,28.2,29.7,25.9,34.8,0.322,0.318,0.185,0.281,40.9,9.4,74.2,24.6,25.3,74.2,25.8,19.6,34.1,33.5,31.8,32.8,2.82,-0.95,-1.73,0.024,0.011,1.98,0.6,0,0.01,-2,-7.1,,0,0,"none","Scheduled",0,,,"fastball",72.5,"slider",27.6,,4.8,21.818181818181817,"fastball",46.6,"slider",29.7,,4.0594059405940595,18.22222222222222,23,"Short Rest",80,"Normal","L","L",5.1,20,12.2,28,0,6003.333333333333,852.2222222222222,0,5043.333333333333,958.8888888888889,0,,,,,,,,,45.5,27.7,11.8,26.7,94,104,103
"822709","2026-07-10","Paul Goldschmidt","New York Yankees",6,"R","1B",0.257,0.315,0.487,0.802,0.345,0.23,251,59,9,1,14,23.5,6.8,0,0,0,0,0,0,0.586,1.083,0.356,0.663,25.9,20.5,74.3,74.3,25.7,,"Carson Palmquist","L",0.273,0.357,0.273,0.429,"6:45 PM ET","Washington Nationals","New York Yankees","Nationals Park","Carson Palmquist",7.11,1.58,25,7.1,N/A,1,"6.1",7,4,1.58,1.5,-150,115,"rotowire","Ryan Weathers",4.29,1.25,26.9,7,3,7,"92.1",104,17,5.43,5.5,113,-144,"rotowire",5.04,"Moderada",20,3.06,"Alta",28,5.4,0.76,0.325,0.435,19.7,4.8,0.736,0.316,0.42,23.2,29.9,51,10.6,252,1011.3,13,"Parcialmente Nublado",31.5,0.244,0.753,0.318,0.435,4.5,101,0.267,0.78,0.345,0.435,4.5,31,0.232,0.735,0.318,0.417,4.5,92,0.241,0.74,0.313,0.427,4.5,43,3,16,69,5,88,240,5.1,20,0,2,8,12.2,28,6,8,2,3.67,2.41,3.27,3.75,27.8,5.6,50,22.2,25,7.1,11.8,26.8,,3,0,2.2,10,48,3,3,,1,3.3,,8,12,,,,,,28,1.1,2.26,10,72.5,27.6,0,0,0,"Keibert Ruiz",2.8108703144677705,10.0,2.1,3.0,8,1,2,2,4.62,4.14,2.84,3.06,42.7,10.7,42.7,25.3,26.9,7,12.2,30.8,,5,2.19,4.5,20.2,82,6,3,6,4,1.7,6,19,14,26,14.4,,,,81,4.1,5.2,20.2,46.6,29.7,0,23.7,0,"Austin Wells",4.101371598100652,19.7,3.9,5.0,14,1.7,1,1,0.331,0.329,0.184,0.292,38.8,8.7,78.8,23.6,20.6,78.8,21.2,15,28.2,29.7,25.9,34.8,0.322,0.318,0.185,0.281,40.9,9.4,74.2,24.6,25.3,74.2,25.8,19.6,34.1,33.5,31.8,32.8,2.82,-0.95,-1.73,0.024,0.011,1.98,0.6,0,0.01,-2,-7.1,,0,0,"none","Scheduled",0,,,"fastball",72.5,"slider",27.6,,4.8,21.818181818181817,"fastball",46.6,"slider",29.7,,4.0594059405940595,18.22222222222222,23,"Short Rest",80,"Normal","L","L",5.1,20,12.2,28,0,6003.333333333333,852.2222222222222,0,5043.333333333333,958.8888888888889,0,,,,,,,,,45.5,27.7,11.8,26.7,94,104,103
"822709","2026-07-10","Ryan McMahon","New York Yankees",7,"L","3B",0.215,0.276,0.37,0.646,0.284,0.155,218,43,7,0,8,31.7,7.8,0.25,0.718,0.4,8,5,3,0.673,0.541,0.396,0.268,30.6,35.6,68.5,68.5,31.5,,"Carson Palmquist","L",0.273,0.357,0.273,0.429,"6:45 PM ET","Washington Nationals","New York Yankees","Nationals Park","Carson Palmquist",7.11,1.58,25,7.1,N/A,1,"6.1",7,4,1.58,1.5,-150,115,"rotowire","Ryan Weathers",4.29,1.25,26.9,7,3,7,"92.1",104,17,5.43,5.5,113,-144,"rotowire",5.04,"Moderada",20,3.06,"Alta",28,5.4,0.76,0.325,0.435,19.7,4.8,0.736,0.316,0.42,23.2,29.9,51,10.6,252,1011.3,13,"Parcialmente Nublado",31.5,0.244,0.753,0.318,0.435,4.5,101,0.267,0.78,0.345,0.435,4.5,31,0.232,0.735,0.318,0.417,4.5,92,0.241,0.74,0.313,0.427,4.5,43,3,16,69,5,88,240,5.1,20,0,2,8,12.2,28,6,8,2,3.67,2.41,3.27,3.75,27.8,5.6,50,22.2,25,7.1,11.8,26.8,,3,0,2.2,10,48,3,3,,1,3.3,,8,12,,,,,,28,1.1,2.26,10,72.5,27.6,0,0,0,"Keibert Ruiz",2.8108703144677705,10.0,2.1,3.0,8,1,2,2,4.62,4.14,2.84,3.06,42.7,10.7,42.7,25.3,26.9,7,12.2,30.8,,5,2.19,4.5,20.2,82,6,3,6,4,1.7,6,19,14,26,14.4,,,,81,4.1,5.2,20.2,46.6,29.7,0,23.7,0,"Austin Wells",4.101371598100652,19.7,3.9,5.0,14,1.7,1,1,0.331,0.329,0.184,0.292,38.8,8.7,78.8,23.6,20.6,78.8,21.2,15,28.2,29.7,25.9,34.8,0.322,0.318,0.185,0.281,40.9,9.4,74.2,24.6,25.3,74.2,25.8,19.6,34.1,33.5,31.8,32.8,2.82,-0.95,-1.73,0.024,0.011,1.98,0.6,0,0.01,-2,-7.1,,0,0,"none","Scheduled",0,,,"fastball",72.5,"slider",27.6,,4.8,21.818181818181817,"fastball",46.6,"slider",29.7,,4.0594059405940595,18.22222222222222,23,"Short Rest",80,"Normal","L","L",5.1,20,12.2,28,0,6003.333333333333,852.2222222222222,0,5043.333333333333,958.8888888888889,0,,,,,,,,,45.5,27.7,11.8,26.7,94,104,103
"822709","2026-07-10","Austin Wells","New York Yankees",8,"L","C",0.151,0.246,0.242,0.488,0.223,0.091,212,28,2,0,5,27.8,11.3,0.111,0.436,0.278,5,2,1,0.526,0.409,0.248,0.23,28.3,26.9,69.9,69.9,30.1,,"Carson Palmquist","L",0.273,0.357,0.273,0.429,"6:45 PM ET","Washington Nationals","New York Yankees","Nationals Park","Carson Palmquist",7.11,1.58,25,7.1,N/A,1,"6.1",7,4,1.58,1.5,-150,115,"rotowire","Ryan Weathers",4.29,1.25,26.9,7,3,7,"92.1",104,17,5.43,5.5,113,-144,"rotowire",5.04,"Moderada",20,3.06,"Alta",28,5.4,0.76,0.325,0.435,19.7,4.8,0.736,0.316,0.42,23.2,29.9,51,10.6,252,1011.3,13,"Parcialmente Nublado",31.5,0.244,0.753,0.318,0.435,4.5,101,0.267,0.78,0.345,0.435,4.5,31,0.232,0.735,0.318,0.417,4.5,92,0.241,0.74,0.313,0.427,4.5,43,3,16,69,5,88,240,5.1,20,0,2,8,12.2,28,6,8,2,3.67,2.41,3.27,3.75,27.8,5.6,50,22.2,25,7.1,11.8,26.8,,3,0,2.2,10,48,3,3,,1,3.3,,8,12,,,,,,28,1.1,2.26,10,72.5,27.6,0,0,0,"Keibert Ruiz",2.8108703144677705,10.0,2.1,3.0,8,1,2,2,4.62,4.14,2.84,3.06,42.7,10.7,42.7,25.3,26.9,7,12.2,30.8,,5,2.19,4.5,20.2,82,6,3,6,4,1.7,6,19,14,26,14.4,,,,81,4.1,5.2,20.2,46.6,29.7,0,23.7,0,"Austin Wells",4.101371598100652,19.7,3.9,5.0,14,1.7,1,1,0.331,0.329,0.184,0.292,38.8,8.7,78.8,23.6,20.6,78.8,21.2,15,28.2,29.7,25.9,34.8,0.322,0.318,0.185,0.281,40.9,9.4,74.2,24.6,25.3,74.2,25.8,19.6,34.1,33.5,31.8,32.8,2.82,-0.95,-1.73,0.024,0.011,1.98,0.6,0,0.01,-2,-7.1,,0,0,"none","Scheduled",0,,,"fastball",72.5,"slider",27.6,,4.8,21.818181818181817,"fastball",46.6,"slider",29.7,,4.0594059405940595,18.22222222222222,23,"Short Rest",80,"Normal","L","L",5.1,20,12.2,28,0,6003.333333333333,852.2222222222222,0,5043.333333333333,958.8888888888889,0,,,,,,,,,45.5,27.7,11.8,26.7,94,104,103
"822709","2026-07-10","Amed Rosario","New York Yankees",9,"R","3B",0.243,0.286,0.466,0.752,0.325,0.223,161,36,4,1,9,23,6.2,0.176,0.751,0.529,9,3,2,0.849,0.685,0.541,0.414,29.2,18.8,73.4,73.4,26.6,,"Carson Palmquist","L",0.273,0.357,0.273,0.429,"6:45 PM ET","Washington Nationals","New York Yankees","Nationals Park","Carson Palmquist",7.11,1.58,25,7.1,N/A,1,"6.1",7,4,1.58,1.5,-150,115,"rotowire","Ryan Weathers",4.29,1.25,26.9,7,3,7,"92.1",104,17,5.43,5.5,113,-144,"rotowire",5.04,"Moderada",20,3.06,"Alta",28,5.4,0.76,0.325,0.435,19.7,4.8,0.736,0.316,0.42,23.2,29.9,51,10.6,252,1011.3,13,"Parcialmente Nublado",31.5,0.244,0.753,0.318,0.435,4.5,101,0.267,0.78,0.345,0.435,4.5,31,0.232,0.735,0.318,0.417,4.5,92,0.241,0.74,0.313,0.427,4.5,43,3,16,69,5,88,240,5.1,20,0,2,8,12.2,28,6,8,2,3.67,2.41,3.27,3.75,27.8,5.6,50,22.2,25,7.1,11.8,26.8,,3,0,2.2,10,48,3,3,,1,3.3,,8,12,,,,,,28,1.1,2.26,10,72.5,27.6,0,0,0,"Keibert Ruiz",2.8108703144677705,10.0,2.1,3.0,8,1,2,2,4.62,4.14,2.84,3.06,42.7,10.7,42.7,25.3,26.9,7,12.2,30.8,,5,2.19,4.5,20.2,82,6,3,6,4,1.7,6,19,14,26,14.4,,,,81,4.1,5.2,20.2,46.6,29.7,0,23.7,0,"Austin Wells",4.101371598100652,19.7,3.9,5.0,14,1.7,1,1,0.331,0.329,0.184,0.292,38.8,8.7,78.8,23.6,20.6,78.8,21.2,15,28.2,29.7,25.9,34.8,0.322,0.318,0.185,0.281,40.9,9.4,74.2,24.6,25.3,74.2,25.8,19.6,34.1,33.5,31.8,32.8,2.82,-0.95,-1.73,0.024,0.011,1.98,0.6,0,0.01,-2,-7.1,,0,0,"none","Scheduled",0,,,"fastball",72.5,"slider",27.6,,4.8,21.818181818181817,"fastball",46.6,"slider",29.7,,4.0594059405940595,18.22222222222222,23,"Short Rest",80,"Normal","L","L",5.1,20,12.2,28,0,6003.333333333333,852.2222222222222,0,5043.333333333333,958.8888888888889,0,,,,,,,,,45.5,27.7,11.8,26.7,94,104,103
"824817","2026-07-10","Gunnar Henderson","Baltimore Orioles",1,"L","SS",0.219,0.291,0.396,0.687,0.3,0.177,426,84,16,2,16,22.3,8,0.111,0.337,0.111,3,3,0,0.688,0.684,0.389,0.412,22.9,20.8,76.7,76.7,23.3,,"Luinder Avila","R",0.268,0.273,0.423,0.455,"7:05 PM ET","Baltimore Orioles","Kansas City Royals","Oriole Park at Camden Yards","Brandon Young",3.38,1.36,18.5,8.9,7,2,"77.1",62,14,5.52,4.5,107,-136,"rotowire","Luinder Avila",5.05,1.59,21,13.8,4,3,"51.2",47,17,3.04,4.5,125,-160,"rotowire",4.34,"Alta",18.1,5.22,"Alta",26,4.6,0.716,0.32,0.396,23.8,4.3,0.716,0.318,0.398,21.9,25.6,76,13.2,292,1011.9,20,"Parcialmente Nublado",28,0.242,0.733,0.325,0.408,4.5,77,0.228,0.675,0.307,0.368,4.5,32,0.245,0.717,0.319,0.398,4.5,67,0.253,0.714,0.316,0.398,4.5,28,6,102,290,5,69,242,10,18.1,3,7,5,15,26,3,7,5,4.34,3.98,3.91,4.32,41.7,6.2,41.7,26,18.5,8.9,11.5,26.8,,5,1.9,5.6,24.4,94,5,8,5,5,5,5,25,24,22,,,,,94,5.2,5.15,24.4,53.9,14.4,11.5,0,20.3,"Samuel Basallo",-2.777980840164804,23.7,5.0,6.0,22,5,0,0,4.49,4.5,4.32,4.56,33.8,6.9,46.2,28.3,21,13.8,9.8,27.7,,3.8,2.04,4.1,18,76,4,4,6,5,4,5,18,20,21,,,,,78,4.1,4.04,18,52.9,23,14,10.1,0,"Salvador Perez",-5.446891967036546,19.7,4.7,4.7,18,4,0,0,0.316,0.329,0.158,0.293,43.1,8.6,74.2,23.6,24,74.2,25.8,20.1,33.3,34.3,27.1,27.9,0.315,0.324,0.151,0.297,43.4,9.2,76,21.6,22.6,76,24,18.7,33.4,27.5,26.7,41.9,-1.67,-0.15,-0.52,0,0.005,-0.88,0.3,0,-0.04,1,-5,,0,0,"none","Scheduled",0,,,"fastball",53.9,"splitter",20.3,,3.8524590163934427,16.78571428571429,"fastball",52.9,"slider",23,,4.222222222222222,18.53658536585366,96.66666666666667,"Extra Rest",80.66666666666667,"Normal","R","R",10,18.1,15,26,3,5006.666666666667,1013.3333333333334,0,5416.666666666667,868.8888888888889,0,,,,,,,,,14.9,22.9,23.9,17.9,99,106,109
"824817","2026-07-10","Taylor Ward","Baltimore Orioles",2,"R","LF",0.255,0.383,0.352,0.735,0.336,0.097,426,89,19,0,5,21.1,16.7,0.333,0.823,0.375,9,8,1,0.692,0.859,0.33,0.42,22.4,17.5,80.6,80.6,19.4,,"Luinder Avila","R",0.268,0.273,0.423,0.455,"7:05 PM ET","Baltimore Orioles","Kansas City Royals","Oriole Park at Camden Yards","Brandon Young",3.38,1.36,18.5,8.9,7,2,"77.1",62,14,5.52,4.5,107,-136,"rotowire","Luinder Avila",5.05,1.59,21,13.8,4,3,"51.2",47,17,3.04,4.5,125,-160,"rotowire",4.34,"Alta",18.1,5.22,"Alta",26,4.6,0.716,0.32,0.396,23.8,4.3,0.716,0.318,0.398,21.9,25.6,76,13.2,292,1011.9,20,"Parcialmente Nublado",28,0.242,0.733,0.325,0.408,4.5,77,0.228,0.675,0.307,0.368,4.5,32,0.245,0.717,0.319,0.398,4.5,67,0.253,0.714,0.316,0.398,4.5,28,6,102,290,5,69,242,10,18.1,3,7,5,15,26,3,7,5,4.34,3.98,3.91,4.32,41.7,6.2,41.7,26,18.5,8.9,11.5,26.8,,5,1.9,5.6,24.4,94,5,8,5,5,5,5,25,24,22,,,,,94,5.2,5.15,24.4,53.9,14.4,11.5,0,20.3,"Samuel Basallo",-2.777980840164804,23.7,5.0,6.0,22,5,0,0,4.49,4.5,4.32,4.56,33.8,6.9,46.2,28.3,21,13.8,9.8,27.7,,3.8,2.04,4.1,18,76,4,4,6,5,4,5,18,20,21,,,,,78,4.1,4.04,18,52.9,23,14,10.1,0,"Salvador Perez",-5.446891967036546,19.7,4.7,4.7,18,4,0,0,0.316,0.329,0.158,0.293,43.1,8.6,74.2,23.6,24,74.2,25.8,20.1,33.3,34.3,27.1,27.9,0.315,0.324,0.151,0.297,43.4,9.2,76,21.6,22.6,76,24,18.7,33.4,27.5,26.7,41.9,-1.67,-0.15,-0.52,0,0.005,-0.88,0.3,0,-0.04,1,-5,,0,0,"none","Scheduled",0,,,"fastball",53.9,"splitter",20.3,,3.8524590163934427,16.78571428571429,"fastball",52.9,"slider",23,,4.222222222222222,18.53658536585366,96.66666666666667,"Extra Rest",80.66666666666667,"Normal","R","R",10,18.1,15,26,3,5006.666666666667,1013.3333333333334,0,5416.666666666667,868.8888888888889,0,,,,,,,,,14.9,22.9,23.9,17.9,99,106,109
"824817","2026-07-10","Pete Alonso","Baltimore Orioles",3,"R","1B",0.249,0.345,0.467,0.812,0.353,0.218,406,87,16,0,20,24.1,12.1,0.25,0.817,0.417,10,6,2,0.896,0.611,0.527,0.327,23.8,25,72.2,72.2,27.8,,"Luinder Avila","R",0.268,0.273,0.423,0.455,"7:05 PM ET","Baltimore Orioles","Kansas City Royals","Oriole Park at Camden Yards","Brandon Young",3.38,1.36,18.5,8.9,7,2,"77.1",62,14,5.52,4.5,107,-136,"rotowire","Luinder Avila",5.05,1.59,21,13.8,4,3,"51.2",47,17,3.04,4.5,125,-160,"rotowire",4.34,"Alta",18.1,5.22,"Alta",26,4.6,0.716,0.32,0.396,23.8,4.3,0.716,0.318,0.398,21.9,25.6,76,13.2,292,1011.9,20,"Parcialmente Nublado",28,0.242,0.733,0.325,0.408,4.5,77,0.228,0.675,0.307,0.368,4.5,32,0.245,0.717,0.319,0.398,4.5,67,0.253,0.714,0.316,0.398,4.5,28,6,102,290,5,69,242,10,18.1,3,7,5,15,26,3,7,5,4.34,3.98,3.91,4.32,41.7,6.2,41.7,26,18.5,8.9,11.5,26.8,,5,1.9,5.6,24.4,94,5,8,5,5,5,5,25,24,22,,,,,94,5.2,5.15,24.4,53.9,14.4,11.5,0,20.3,"Samuel Basallo",-2.777980840164804,23.7,5.0,6.0,22,5,0,0,4.49,4.5,4.32,4.56,33.8,6.9,46.2,28.3,21,13.8,9.8,27.7,,3.8,2.04,4.1,18,76,4,4,6,5,4,5,18,20,21,,,,,78,4.1,4.04,18,52.9,23,14,10.1,0,"Salvador Perez",-5.446891967036546,19.7,4.7,4.7,18,4,0,0,0.316,0.329,0.158,0.293,43.1,8.6,74.2,23.6,24,74.2,25.8,20.1,33.3,34.3,27.1,27.9,0.315,0.324,0.151,0.297,43.4,9.2,76,21.6,22.6,76,24,18.7,33.4,27.5,26.7,41.9,-1.67,-0.15,-0.52,0,0.005,-0.88,0.3,0,-0.04,1,-5,,0,0,"none","Scheduled",0,,,"fastball",53.9,"splitter",20.3,,3.8524590163934427,16.78571428571429,"fastball",52.9,"slider",23,,4.222222222222222,18.53658536585366,96.66666666666667,"Extra Rest",80.66666666666667,"Normal","R","R",10,18.1,15,26,3,5006.666666666667,1013.3333333333334,0,5416.666666666667,868.8888888888889,0,,,,,,,,,14.9,22.9,23.9,17.9,99,106,109
"824817","2026-07-10","Samuel Basallo","Baltimore Orioles",4,"L","C",0.248,0.311,0.45,0.761,0.328,0.202,289,65,9,1,14,26,8.7,0.15,0.711,0.45,9,3,2,0.865,0.46,0.526,0.235,22.5,36.6,69.1,69.1,30.9,,"Luinder Avila","R",0.268,0.273,0.423,0.455,"7:05 PM ET","Baltimore Orioles","Kansas City Royals","Oriole Park at Camden Yards","Brandon Young",3.38,1.36,18.5,8.9,7,2,"77.1",62,14,5.52,4.5,107,-136,"rotowire","Luinder Avila",5.05,1.59,21,13.8,4,3,"51.2",47,17,3.04,4.5,125,-160,"rotowire",4.34,"Alta",18.1,5.22,"Alta",26,4.6,0.716,0.32,0.396,23.8,4.3,0.716,0.318,0.398,21.9,25.6,76,13.2,292,1011.9,20,"Parcialmente Nublado",28,0.242,0.733,0.325,0.408,4.5,77,0.228,0.675,0.307,0.368,4.5,32,0.245,0.717,0.319,0.398,4.5,67,0.253,0.714,0.316,0.398,4.5,28,6,102,290,5,69,242,10,18.1,3,7,5,15,26,3,7,5,4.34,3.98,3.91,4.32,41.7,6.2,41.7,26,18.5,8.9,11.5,26.8,,5,1.9,5.6,24.4,94,5,8,5,5,5,5,25,24,22,,,,,94,5.2,5.15,24.4,53.9,14.4,11.5,0,20.3,"Samuel Basallo",-2.777980840164804,23.7,5.0,6.0,22,5,0,0,4.49,4.5,4.32,4.56,33.8,6.9,46.2,28.3,21,13.8,9.8,27.7,,3.8,2.04,4.1,18,76,4,4,6,5,4,5,18,20,21,,,,,78,4.1,4.04,18,52.9,23,14,10.1,0,"Salvador Perez",-5.446891967036546,19.7,4.7,4.7,18,4,0,0,0.316,0.329,0.158,0.293,43.1,8.6,74.2,23.6,24,74.2,25.8,20.1,33.3,34.3,27.1,27.9,0.315,0.324,0.151,0.297,43.4,9.2,76,21.6,22.6,76,24,18.7,33.4,27.5,26.7,41.9,-1.67,-0.15,-0.52,0,0.005,-0.88,0.3,0,-0.04,1,-5,,0,0,"none","Scheduled",0,,,"fastball",53.9,"splitter",20.3,,3.8524590163934427,16.78571428571429,"fastball",52.9,"slider",23,,4.222222222222222,18.53658536585366,96.66666666666667,"Extra Rest",80.66666666666667,"Normal","R","R",10,18.1,15,26,3,5006.666666666667,1013.3333333333334,0,5416.666666666667,868.8888888888889,0,,,,,,,,,14.9,22.9,23.9,17.9,99,106,109
"824817","2026-07-10","Leody Taveras","Baltimore Orioles",5,"S","CF",0.236,0.315,0.354,0.669,0.297,0.118,283,58,10,5,3,24.7,9.9,0.105,0.49,0.263,5,2,1,0.734,0.522,0.404,0.24,22.6,29.5,74.6,74.6,25.4,,"Luinder Avila","R",0.268,0.273,0.423,0.455,"7:05 PM ET","Baltimore Orioles","Kansas City Royals","Oriole Park at Camden Yards","Brandon Young",3.38,1.36,18.5,8.9,7,2,"77.1",62,14,5.52,4.5,107,-136,"rotowire","Luinder Avila",5.05,1.59,21,13.8,4,3,"51.2",47,17,3.04,4.5,125,-160,"rotowire",4.34,"Alta",18.1,5.22,"Alta",26,4.6,0.716,0.32,0.396,23.8,4.3,0.716,0.318,0.398,21.9,25.6,76,13.2,292,1011.9,20,"Parcialmente Nublado",28,0.242,0.733,0.325,0.408,4.5,77,0.228,0.675,0.307,0.368,4.5,32,0.245,0.717,0.319,0.398,4.5,67,0.253,0.714,0.316,0.398,4.5,28,6,102,290,5,69,242,10,18.1,3,7,5,15,26,3,7,5,4.34,3.98,3.91,4.32,41.7,6.2,41.7,26,18.5,8.9,11.5,26.8,,5,1.9,5.6,24.4,94,5,8,5,5,5,5,25,24,22,,,,,94,5.2,5.15,24.4,53.9,14.4,11.5,0,20.3,"Samuel Basallo",-2.777980840164804,23.7,5.0,6.0,22,5,0,0,4.49,4.5,4.32,4.56,33.8,6.9,46.2,28.3,21,13.8,9.8,27.7,,3.8,2.04,4.1,18,76,4,4,6,5,4,5,18,20,21,,,,,78,4.1,4.04,18,52.9,23,14,10.1,0,"Salvador Perez",-5.446891967036546,19.7,4.7,4.7,18,4,0,0,0.316,0.329,0.158,0.293,43.1,8.6,74.2,23.6,24,74.2,25.8,20.1,33.3,34.3,27.1,27.9,0.315,0.324,0.151,0.297,43.4,9.2,76,21.6,22.6,76,24,18.7,33.4,27.5,26.7,41.9,-1.67,-0.15,-0.52,0,0.005,-0.88,0.3,0,-0.04,1,-5,,0,0,"none","Scheduled",0,,,"fastball",53.9,"splitter",20.3,,3.8524590163934427,16.78571428571429,"fastball",52.9,"slider",23,,4.222222222222222,18.53658536585366,96.66666666666667,"Extra Rest",80.66666666666667,"Normal","R","R",10,18.1,15,26,3,5006.666666666667,1013.3333333333334,0,5416.666666666667,868.8888888888889,0,,,,,,,,,14.9,22.9,23.9,17.9,99,106,109
"824817","2026-07-10","Adley Rutschman","Baltimore Orioles",6,"S","C",0.256,0.33,0.444,0.774,0.339,0.188,267,60,18,1,8,14.6,10.1,0.286,0.748,0.393,11,8,3,0.806,0.718,0.477,0.388,17.1,10.3,84.6,84.6,15.4,,"Luinder Avila","R",0.268,0.273,0.423,0.455,"7:05 PM ET","Baltimore Orioles","Kansas City Royals","Oriole Park at Camden Yards","Brandon Young",3.38,1.36,18.5,8.9,7,2,"77.1",62,14,5.52,4.5,107,-136,"rotowire","Luinder Avila",5.05,1.59,21,13.8,4,3,"51.2",47,17,3.04,4.5,125,-160,"rotowire",4.34,"Alta",18.1,5.22,"Alta",26,4.6,0.716,0.32,0.396,23.8,4.3,0.716,0.318,0.398,21.9,25.6,76,13.2,292,1011.9,20,"Parcialmente Nublado",28,0.242,0.733,0.325,0.408,4.5,77,0.228,0.675,0.307,0.368,4.5,32,0.245,0.717,0.319,0.398,4.5,67,0.253,0.714,0.316,0.398,4.5,28,6,102,290,5,69,242,10,18.1,3,7,5,15,26,3,7,5,4.34,3.98,3.91,4.32,41.7,6.2,41.7,26,18.5,8.9,11.5,26.8,,5,1.9,5.6,24.4,94,5,8,5,5,5,5,25,24,22,,,,,94,5.2,5.15,24.4,53.9,14.4,11.5,0,20.3,"Samuel Basallo",-2.777980840164804,23.7,5.0,6.0,22,5,0,0,4.49,4.5,4.32,4.56,33.8,6.9,46.2,28.3,21,13.8,9.8,27.7,,3.8,2.04,4.1,18,76,4,4,6,5,4,5,18,20,21,,,,,78,4.1,4.04,18,52.9,23,14,10.1,0,"Salvador Perez",-5.446891967036546,19.7,4.7,4.7,18,4,0,0,0.316,0.329,0.158,0.293,43.1,8.6,74.2,23.6,24,74.2,25.8,20.1,33.3,34.3,27.1,27.9,0.315,0.324,0.151,0.297,43.4,9.2,76,21.6,22.6,76,24,18.7,33.4,27.5,26.7,41.9,-1.67,-0.15,-0.52,0,0.005,-0.88,0.3,0,-0.04,1,-5,,0,0,"none","Scheduled",0,,,"fastball",53.9,"splitter",20.3,,3.8524590163934427,16.78571428571429,"fastball",52.9,"slider",23,,4.222222222222222,18.53658536585366,96.66666666666667,"Extra Rest",80.66666666666667,"Normal","R","R",10,18.1,15,26,3,5006.666666666667,1013.3333333333334,0,5416.666666666667,868.8888888888889,0,,,,,,,,,14.9,22.9,23.9,17.9,99,106,109
"824817","2026-07-10","Coby Mayo","Baltimore Orioles",7,"R","3B",0.191,0.263,0.382,0.645,0.283,0.191,243,42,9,0,11,32.5,7.8,0.133,0.649,0.333,5,2,1,0.446,1.067,0.233,0.7,36.6,24.1,69.1,69.1,30.9,,"Luinder Avila","R",0.268,0.273,0.423,0.455,"7:05 PM ET","Baltimore Orioles","Kansas City Royals","Oriole Park at Camden Yards","Brandon Young",3.38,1.36,18.5,8.9,7,2,"77.1",62,14,5.52,4.5,107,-136,"rotowire","Luinder Avila",5.05,1.59,21,13.8,4,3,"51.2",47,17,3.04,4.5,125,-160,"rotowire",4.34,"Alta",18.1,5.22,"Alta",26,4.6,0.716,0.32,0.396,23.8,4.3,0.716,0.318,0.398,21.9,25.6,76,13.2,292,1011.9,20,"Parcialmente Nublado",28,0.242,0.733,0.325,0.408,4.5,77,0.228,0.675,0.307,0.368,4.5,32,0.245,0.717,0.319,0.398,4.5,67,0.253,0.714,0.316,0.398,4.5,28,6,102,290,5,69,242,10,18.1,3,7,5,15,26,3,7,5,4.34,3.98,3.91,4.32,41.7,6.2,41.7,26,18.5,8.9,11.5,26.8,,5,1.9,5.6,24.4,94,5,8,5,5,5,5,25,24,22,,,,,94,5.2,5.15,24.4,53.9,14.4,11.5,0,20.3,"Samuel Basallo",-2.777980840164804,23.7,5.0,6.0,22,5,0,0,4.49,4.5,4.32,4.56,33.8,6.9,46.2,28.3,21,13.8,9.8,27.7,,3.8,2.04,4.1,18,76,4,4,6,5,4,5,18,20,21,,,,,78,4.1,4.04,18,52.9,23,14,10.1,0,"Salvador Perez",-5.446891967036546,19.7,4.7,4.7,18,4,0,0,0.316,0.329,0.158,0.293,43.1,8.6,74.2,23.6,24,74.2,25.8,20.1,33.3,34.3,27.1,27.9,0.315,0.324,0.151,0.297,43.4,9.2,76,21.6,22.6,76,24,18.7,33.4,27.5,26.7,41.9,-1.67,-0.15,-0.52,0,0.005,-0.88,0.3,0,-0.04,1,-5,,0,0,"none","Scheduled",0,,,"fastball",53.9,"splitter",20.3,,3.8524590163934427,16.78571428571429,"fastball",52.9,"slider",23,,4.222222222222222,18.53658536585366,96.66666666666667,"Extra Rest",80.66666666666667,"Normal","R","R",10,18.1,15,26,3,5006.666666666667,1013.3333333333334,0,5416.666666666667,868.8888888888889,0,,,,,,,,,14.9,22.9,23.9,17.9,99,106,109
"824817","2026-07-10","Blaze Alexander","Baltimore Orioles",8,"R","3B",0.302,0.355,0.419,0.774,0.338,0.117,238,65,12,2,3,22.3,6.3,0.308,0.718,0.385,10,8,1,0.828,0.672,0.453,0.355,21.2,24.4,74.1,74.1,25.9,,"Luinder Avila","R",0.268,0.273,0.423,0.455,"7:05 PM ET","Baltimore Orioles","Kansas City Royals","Oriole Park at Camden Yards","Brandon Young",3.38,1.36,18.5,8.9,7,2,"77.1",62,14,5.52,4.5,107,-136,"rotowire","Luinder Avila",5.05,1.59,21,13.8,4,3,"51.2",47,17,3.04,4.5,125,-160,"rotowire",4.34,"Alta",18.1,5.22,"Alta",26,4.6,0.716,0.32,0.396,23.8,4.3,0.716,0.318,0.398,21.9,25.6,76,13.2,292,1011.9,20,"Parcialmente Nublado",28,0.242,0.733,0.325,0.408,4.5,77,0.228,0.675,0.307,0.368,4.5,32,0.245,0.717,0.319,0.398,4.5,67,0.253,0.714,0.316,0.398,4.5,28,6,102,290,5,69,242,10,18.1,3,7,5,15,26,3,7,5,4.34,3.98,3.91,4.32,41.7,6.2,41.7,26,18.5,8.9,11.5,26.8,,5,1.9,5.6,24.4,94,5,8,5,5,5,5,25,24,22,,,,,94,5.2,5.15,24.4,53.9,14.4,11.5,0,20.3,"Samuel Basallo",-2.777980840164804,23.7,5.0,6.0,22,5,0,0,4.49,4.5,4.32,4.56,33.8,6.9,46.2,28.3,21,13.8,9.8,27.7,,3.8,2.04,4.1,18,76,4,4,6,5,4,5,18,20,21,,,,,78,4.1,4.04,18,52.9,23,14,10.1,0,"Salvador Perez",-5.446891967036546,19.7,4.7,4.7,18,4,0,0,0.316,0.329,0.158,0.293,43.1,8.6,74.2,23.6,24,74.2,25.8,20.1,33.3,34.3,27.1,27.9,0.315,0.324,0.151,0.297,43.4,9.2,76,21.6,22.6,76,24,18.7,33.4,27.5,26.7,41.9,-1.67,-0.15,-0.52,0,0.005,-0.88,0.3,0,-0.04,1,-5,,0,0,"none","Scheduled",0,,,"fastball",53.9,"splitter",20.3,,3.8524590163934427,16.78571428571429,"fastball",52.9,"slider",23,,4.222222222222222,18.53658536585366,96.66666666666667,"Extra Rest",80.66666666666667,"Normal","R","R",10,18.1,15,26,3,5006.666666666667,1013.3333333333334,0,5416.666666666667,868.8888888888889,0,,,,,,,,,14.9,22.9,23.9,17.9,99,106,109
"824817","2026-07-10","Colton Cowser","Baltimore Orioles",9,"L","CF",0.221,0.313,0.359,0.672,0.302,0.138,225,43,3,0,8,29.8,11.6,0.071,0.259,0.071,1,1,0,0.718,0.368,0.391,0.154,27,48.3,67,67,33,,"Luinder Avila","R",0.268,0.273,0.423,0.455,"7:05 PM ET","Baltimore Orioles","Kansas City Royals","Oriole Park at Camden Yards","Brandon Young",3.38,1.36,18.5,8.9,7,2,"77.1",62,14,5.52,4.5,107,-136,"rotowire","Luinder Avila",5.05,1.59,21,13.8,4,3,"51.2",47,17,3.04,4.5,125,-160,"rotowire",4.34,"Alta",18.1,5.22,"Alta",26,4.6,0.716,0.32,0.396,23.8,4.3,0.716,0.318,0.398,21.9,25.6,76,13.2,292,1011.9,20,"Parcialmente Nublado",28,0.242,0.733,0.325,0.408,4.5,77,0.228,0.675,0.307,0.368,4.5,32,0.245,0.717,0.319,0.398,4.5,67,0.253,0.714,0.316,0.398,4.5,28,6,102,290,5,69,242,10,18.1,3,7,5,15,26,3,7,5,4.34,3.98,3.91,4.32,41.7,6.2,41.7,26,18.5,8.9,11.5,26.8,,5,1.9,5.6,24.4,94,5,8,5,5,5,5,25,24,22,,,,,94,5.2,5.15,24.4,53.9,14.4,11.5,0,20.3,"Samuel Basallo",-2.777980840164804,23.7,5.0,6.0,22,5,0,0,4.49,4.5,4.32,4.56,33.8,6.9,46.2,28.3,21,13.8,9.8,27.7,,3.8,2.04,4.1,18,76,4,4,6,5,4,5,18,20,21,,,,,78,4.1,4.04,18,52.9,23,14,10.1,0,"Salvador Perez",-5.446891967036546,19.7,4.7,4.7,18,4,0,0,0.316,0.329,0.158,0.293,43.1,8.6,74.2,23.6,24,74.2,25.8,20.1,33.3,34.3,27.1,27.9,0.315,0.324,0.151,0.297,43.4,9.2,76,21.6,22.6,76,24,18.7,33.4,27.5,26.7,41.9,-1.67,-0.15,-0.52,0,0.005,-0.88,0.3,0,-0.04,1,-5,,0,0,"none","Scheduled",0,,,"fastball",53.9,"splitter",20.3,,3.8524590163934427,16.78571428571429,"fastball",52.9,"slider",23,,4.222222222222222,18.53658536585366,96.66666666666667,"Extra Rest",80.66666666666667,"Normal","R","R",10,18.1,15,26,3,5006.666666666667,1013.3333333333334,0,5416.666666666667,868.8888888888889,0,,,,,,,,,14.9,22.9,23.9,17.9,99,106,109
"824817","2026-07-10","Bobby Witt Jr.","Kansas City Royals",1,"R","SS",0.288,0.359,0.464,0.823,0.356,0.176,390,100,20,1,13,16.7,10,0.233,0.614,0.333,10,7,1,0.787,0.924,0.438,0.538,19.7,7.9,76.2,76.2,23.8,,"Brandon Young","R",0.226,0.287,0.367,0.385,"7:05 PM ET","Baltimore Orioles","Kansas City Royals","Oriole Park at Camden Yards","Brandon Young",3.38,1.36,18.5,8.9,7,2,"77.1",62,14,5.52,4.5,107,-136,"rotowire","Luinder Avila",5.05,1.59,21,13.8,4,3,"51.2",47,17,3.04,4.5,125,-160,"rotowire",4.34,"Alta",18.1,5.22,"Alta",26,4.6,0.716,0.32,0.396,23.8,4.3,0.716,0.318,0.398,21.9,25.6,76,13.2,292,1011.9,20,"Parcialmente Nublado",28,0.242,0.733,0.325,0.408,4.5,77,0.228,0.675,0.307,0.368,4.5,32,0.245,0.717,0.319,0.398,4.5,67,0.253,0.714,0.316,0.398,4.5,28,6,102,290,5,69,242,10,18.1,3,7,5,15,26,3,7,5,4.34,3.98,3.91,4.32,41.7,6.2,41.7,26,18.5,8.9,11.5,26.8,,5,1.9,5.6,24.4,94,5,8,5,5,5,5,25,24,22,,,,,94,5.2,5.15,24.4,53.9,14.4,11.5,0,20.3,"Samuel Basallo",-2.777980840164804,23.7,5.0,6.0,22,5,0,0,4.49,4.5,4.32,4.56,33.8,6.9,46.2,28.3,21,13.8,9.8,27.7,,3.8,2.04,4.1,18,76,4,4,6,5,4,5,18,20,21,,,,,78,4.1,4.04,18,52.9,23,14,10.1,0,"Salvador Perez",-5.446891967036546,19.7,4.7,4.7,18,4,0,0,0.316,0.329,0.158,0.293,43.1,8.6,74.2,23.6,24,74.2,25.8,20.1,33.3,34.3,27.1,27.9,0.315,0.324,0.151,0.297,43.4,9.2,76,21.6,22.6,76,24,18.7,33.4,27.5,26.7,41.9,-1.67,-0.15,-0.52,0,0.005,-0.88,0.3,0,-0.04,1,-5,,0,0,"none","Scheduled",0,,,"fastball",53.9,"splitter",20.3,,3.8524590163934427,16.78571428571429,"fastball",52.9,"slider",23,,4.222222222222222,18.53658536585366,96.66666666666667,"Extra Rest",80.66666666666667,"Normal","R","R",10,18.1,15,26,3,5006.666666666667,1013.3333333333334,0,5416.666666666667,868.8888888888889,0,,,,,,,,,14.9,22.9,23.9,17.9,99,106,109
"824817","2026-07-10","Salvador Perez","Kansas City Royals",2,"R","C",0.209,0.251,0.345,0.596,0.261,0.136,363,71,13,0,11,19.8,3.6,0.276,0.806,0.483,14,8,4,0.518,0.794,0.295,0.474,21.2,16.5,74.9,74.9,25.1,,"Brandon Young","R",0.226,0.287,0.367,0.385,"7:05 PM ET","Baltimore Orioles","Kansas City Royals","Oriole Park at Camden Yards","Brandon Young",3.38,1.36,18.5,8.9,7,2,"77.1",62,14,5.52,4.5,107,-136,"rotowire","Luinder Avila",5.05,1.59,21,13.8,4,3,"51.2",47,17,3.04,4.5,125,-160,"rotowire",4.34,"Alta",18.1,5.22,"Alta",26,4.6,0.716,0.32,0.396,23.8,4.3,0.716,0.318,0.398,21.9,25.6,76,13.2,292,1011.9,20,"Parcialmente Nublado",28,0.242,0.733,0.325,0.408,4.5,77,0.228,0.675,0.307,0.368,4.5,32,0.245,0.717,0.319,0.398,4.5,67,0.253,0.714,0.316,0.398,4.5,28,6,102,290,5,69,242,10,18.1,3,7,5,15,26,3,7,5,4.34,3.98,3.91,4.32,41.7,6.2,41.7,26,18.5,8.9,11.5,26.8,,5,1.9,5.6,24.4,94,5,8,5,5,5,5,25,24,22,,,,,94,5.2,5.15,24.4,53.9,14.4,11.5,0,20.3,"Samuel Basallo",-2.777980840164804,23.7,5.0,6.0,22,5,0,0,4.49,4.5,4.32,4.56,33.8,6.9,46.2,28.3,21,13.8,9.8,27.7,,3.8,2.04,4.1,18,76,4,4,6,5,4,5,18,20,21,,,,,78,4.1,4.04,18,52.9,23,14,10.1,0,"Salvador Perez",-5.446891967036546,19.7,4.7,4.7,18,4,0,0,0.316,0.329,0.158,0.293,43.1,8.6,74.2,23.6,24,74.2,25.8,20.1,33.3,34.3,27.1,27.9,0.315,0.324,0.151,0.297,43.4,9.2,76,21.6,22.6,76,24,18.7,33.4,27.5,26.7,41.9,-1.67,-0.15,-0.52,0,0.005,-0.88,0.3,0,-0.04,1,-5,,0,0,"none","Scheduled",0,,,"fastball",53.9,"splitter",20.3,,3.8524590163934427,16.78571428571429,"fastball",52.9,"slider",23,,4.222222222222222,18.53658536585366,96.66666666666667,"Extra Rest",80.66666666666667,"Normal","R","R",10,18.1,15,26,3,5006.666666666667,1013.3333333333334,0,5416.666666666667,868.8888888888889,0,,,,,,,,,14.9,22.9,23.9,17.9,99,106,109
"824817","2026-07-10","Jac Caglianone","Kansas City Royals",3,"L","RF",0.257,0.32,0.456,0.776,0.336,0.199,337,79,15,2,14,30,7.4,0.194,0.484,0.29,9,6,3,0.808,0.706,0.466,0.434,29.1,32,68.8,68.8,31.2,,"Brandon Young","R",0.226,0.287,0.367,0.385,"7:05 PM ET","Baltimore Orioles","Kansas City Royals","Oriole Park at Camden Yards","Brandon Young",3.38,1.36,18.5,8.9,7,2,"77.1",62,14,5.52,4.5,107,-136,"rotowire","Luinder Avila",5.05,1.59,21,13.8,4,3,"51.2",47,17,3.04,4.5,125,-160,"rotowire",4.34,"Alta",18.1,5.22,"Alta",26,4.6,0.716,0.32,0.396,23.8,4.3,0.716,0.318,0.398,21.9,25.6,76,13.2,292,1011.9,20,"Parcialmente Nublado",28,0.242,0.733,0.325,0.408,4.5,77,0.228,0.675,0.307,0.368,4.5,32,0.245,0.717,0.319,0.398,4.5,67,0.253,0.714,0.316,0.398,4.5,28,6,102,290,5,69,242,10,18.1,3,7,5,15,26,3,7,5,4.34,3.98,3.91,4.32,41.7,6.2,41.7,26,18.5,8.9,11.5,26.8,,5,1.9,5.6,24.4,94,5,8,5,5,5,5,25,24,22,,,,,94,5.2,5.15,24.4,53.9,14.4,11.5,0,20.3,"Samuel Basallo",-2.777980840164804,23.7,5.0,6.0,22,5,0,0,4.49,4.5,4.32,4.56,33.8,6.9,46.2,28.3,21,13.8,9.8,27.7,,3.8,2.04,4.1,18,76,4,4,6,5,4,5,18,20,21,,,,,78,4.1,4.04,18,52.9,23,14,10.1,0,"Salvador Perez",-5.446891967036546,19.7,4.7,4.7,18,4,0,0,0.316,0.329,0.158,0.293,43.1,8.6,74.2,23.6,24,74.2,25.8,20.1,33.3,34.3,27.1,27.9,0.315,0.324,0.151,0.297,43.4,9.2,76,21.6,22.6,76,24,18.7,33.4,27.5,26.7,41.9,-1.67,-0.15,-0.52,0,0.005,-0.88,0.3,0,-0.04,1,-5,,0,0,"none","Scheduled",0,,,"fastball",53.9,"splitter",20.3,,3.8524590163934427,16.78571428571429,"fastball",52.9,"slider",23,,4.222222222222222,18.53658536585366,96.66666666666667,"Extra Rest",80.66666666666667,"Normal","R","R",10,18.1,15,26,3,5006.666666666667,1013.3333333333334,0,5416.666666666667,868.8888888888889,0,,,,,,,,,14.9,22.9,23.9,17.9,99,106,109
"824817","2026-07-10","Carter Jensen","Kansas City Royals",4,"L","C",0.246,0.312,0.438,0.75,0.327,0.192,333,73,18,0,13,28.2,9,0.192,0.622,0.346,9,5,2,0.738,0.783,0.435,0.446,29.9,23.6,70.2,70.2,29.8,,"Brandon Young","R",0.226,0.287,0.367,0.385,"7:05 PM ET","Baltimore Orioles","Kansas City Royals","Oriole Park at Camden Yards","Brandon Young",3.38,1.36,18.5,8.9,7,2,"77.1",62,14,5.52,4.5,107,-136,"rotowire","Luinder Avila",5.05,1.59,21,13.8,4,3,"51.2",47,17,3.04,4.5,125,-160,"rotowire",4.34,"Alta",18.1,5.22,"Alta",26,4.6,0.716,0.32,0.396,23.8,4.3,0.716,0.318,0.398,21.9,25.6,76,13.2,292,1011.9,20,"Parcialmente Nublado",28,0.242,0.733,0.325,0.408,4.5,77,0.228,0.675,0.307,0.368,4.5,32,0.245,0.717,0.319,0.398,4.5,67,0.253,0.714,0.316,0.398,4.5,28,6,102,290,5,69,242,10,18.1,3,7,5,15,26,3,7,5,4.34,3.98,3.91,4.32,41.7,6.2,41.7,26,18.5,8.9,11.5,26.8,,5,1.9,5.6,24.4,94,5,8,5,5,5,5,25,24,22,,,,,94,5.2,5.15,24.4,53.9,14.4,11.5,0,20.3,"Samuel Basallo",-2.777980840164804,23.7,5.0,6.0,22,5,0,0,4.49,4.5,4.32,4.56,33.8,6.9,46.2,28.3,21,13.8,9.8,27.7,,3.8,2.04,4.1,18,76,4,4,6,5,4,5,18,20,21,,,,,78,4.1,4.04,18,52.9,23,14,10.1,0,"Salvador Perez",-5.446891967036546,19.7,4.7,4.7,18,4,0,0,0.316,0.329,0.158,0.293,43.1,8.6,74.2,23.6,24,74.2,25.8,20.1,33.3,34.3,27.1,27.9,0.315,0.324,0.151,0.297,43.4,9.2,76,21.6,22.6,76,24,18.7,33.4,27.5,26.7,41.9,-1.67,-0.15,-0.52,0,0.005,-0.88,0.3,0,-0.04,1,-5,,0,0,"none","Scheduled",0,,,"fastball",53.9,"splitter",20.3,,3.8524590163934427,16.78571428571429,"fastball",52.9,"slider",23,,4.222222222222222,18.53658536585366,96.66666666666667,"Extra Rest",80.66666666666667,"Normal","R","R",10,18.1,15,26,3,5006.666666666667,1013.3333333333334,0,5416.666666666667,868.8888888888889,0,,,,,,,,,14.9,22.9,23.9,17.9,99,106,109
"824817","2026-07-10","Isaac Collins","Kansas City Royals",5,"S","LF",0.237,0.347,0.346,0.693,0.315,0.109,305,61,16,0,4,22.6,12.5,0.316,1.014,0.579,11,6,3,0.73,0.615,0.351,0.337,23.2,21.4,77.8,77.8,22.2,,"Brandon Young","R",0.226,0.287,0.367,0.385,"7:05 PM ET","Baltimore Orioles","Kansas City Royals","Oriole Park at Camden Yards","Brandon Young",3.38,1.36,18.5,8.9,7,2,"77.1",62,14,5.52,4.5,107,-136,"rotowire","Luinder Avila",5.05,1.59,21,13.8,4,3,"51.2",47,17,3.04,4.5,125,-160,"rotowire",4.34,"Alta",18.1,5.22,"Alta",26,4.6,0.716,0.32,0.396,23.8,4.3,0.716,0.318,0.398,21.9,25.6,76,13.2,292,1011.9,20,"Parcialmente Nublado",28,0.242,0.733,0.325,0.408,4.5,77,0.228,0.675,0.307,0.368,4.5,32,0.245,0.717,0.319,0.398,4.5,67,0.253,0.714,0.316,0.398,4.5,28,6,102,290,5,69,242,10,18.1,3,7,5,15,26,3,7,5,4.34,3.98,3.91,4.32,41.7,6.2,41.7,26,18.5,8.9,11.5,26.8,,5,1.9,5.6,24.4,94,5,8,5,5,5,5,25,24,22,,,,,94,5.2,5.15,24.4,53.9,14.4,11.5,0,20.3,"Samuel Basallo",-2.777980840164804,23.7,5.0,6.0,22,5,0,0,4.49,4.5,4.32,4.56,33.8,6.9,46.2,28.3,21,13.8,9.8,27.7,,3.8,2.04,4.1,18,76,4,4,6,5,4,5,18,20,21,,,,,78,4.1,4.04,18,52.9,23,14,10.1,0,"Salvador Perez",-5.446891967036546,19.7,4.7,4.7,18,4,0,0,0.316,0.329,0.158,0.293,43.1,8.6,74.2,23.6,24,74.2,25.8,20.1,33.3,34.3,27.1,27.9,0.315,0.324,0.151,0.297,43.4,9.2,76,21.6,22.6,76,24,18.7,33.4,27.5,26.7,41.9,-1.67,-0.15,-0.52,0,0.005,-0.88,0.3,0,-0.04,1,-5,,0,0,"none","Scheduled",0,,,"fastball",53.9,"splitter",20.3,,3.8524590163934427,16.78571428571429,"fastball",52.9,"slider",23,,4.222222222222222,18.53658536585366,96.66666666666667,"Extra Rest",80.66666666666667,"Normal","R","R",10,18.1,15,26,3,5006.666666666667,1013.3333333333334,0,5416.666666666667,868.8888888888889,0,,,,,,,,,14.9,22.9,23.9,17.9,99,106,109
"824817","2026-07-10","Lane Thomas","Kansas City Royals",6,"R","CF",0.233,0.339,0.393,0.732,0.326,0.16,257,51,14,0,7,22.2,13.2,0.385,1.313,0.846,22,10,8,0.671,0.799,0.362,0.427,23.5,20.7,78.5,78.5,21.5,,"Brandon Young","R",0.226,0.287,0.367,0.385,"7:05 PM ET","Baltimore Orioles","Kansas City Royals","Oriole Park at Camden Yards","Brandon Young",3.38,1.36,18.5,8.9,7,2,"77.1",62,14,5.52,4.5,107,-136,"rotowire","Luinder Avila",5.05,1.59,21,13.8,4,3,"51.2",47,17,3.04,4.5,125,-160,"rotowire",4.34,"Alta",18.1,5.22,"Alta",26,4.6,0.716,0.32,0.396,23.8,4.3,0.716,0.318,0.398,21.9,25.6,76,13.2,292,1011.9,20,"Parcialmente Nublado",28,0.242,0.733,0.325,0.408,4.5,77,0.228,0.675,0.307,0.368,4.5,32,0.245,0.717,0.319,0.398,4.5,67,0.253,0.714,0.316,0.398,4.5,28,6,102,290,5,69,242,10,18.1,3,7,5,15,26,3,7,5,4.34,3.98,3.91,4.32,41.7,6.2,41.7,26,18.5,8.9,11.5,26.8,,5,1.9,5.6,24.4,94,5,8,5,5,5,5,25,24,22,,,,,94,5.2,5.15,24.4,53.9,14.4,11.5,0,20.3,"Samuel Basallo",-2.777980840164804,23.7,5.0,6.0,22,5,0,0,4.49,4.5,4.32,4.56,33.8,6.9,46.2,28.3,21,13.8,9.8,27.7,,3.8,2.04,4.1,18,76,4,4,6,5,4,5,18,20,21,,,,,78,4.1,4.04,18,52.9,23,14,10.1,0,"Salvador Perez",-5.446891967036546,19.7,4.7,4.7,18,4,0,0,0.316,0.329,0.158,0.293,43.1,8.6,74.2,23.6,24,74.2,25.8,20.1,33.3,34.3,27.1,27.9,0.315,0.324,0.151,0.297,43.4,9.2,76,21.6,22.6,76,24,18.7,33.4,27.5,26.7,41.9,-1.67,-0.15,-0.52,0,0.005,-0.88,0.3,0,-0.04,1,-5,,0,0,"none","Scheduled",0,,,"fastball",53.9,"splitter",20.3,,3.8524590163934427,16.78571428571429,"fastball",52.9,"slider",23,,4.222222222222222,18.53658536585366,96.66666666666667,"Extra Rest",80.66666666666667,"Normal","R","R",10,18.1,15,26,3,5006.666666666667,1013.3333333333334,0,5416.666666666667,868.8888888888889,0,,,,,,,,,14.9,22.9,23.9,17.9,99,106,109
"824817","2026-07-10","Michael Massey","Kansas City Royals",7,"L","2B",0.263,0.3,0.429,0.729,0.317,0.166,235,57,15,0,7,17,5.5,0.286,0.708,0.333,7,6,1,0.761,0.614,0.45,0.354,14.1,27.5,79.8,79.8,20.2,,"Brandon Young","R",0.226,0.287,0.367,0.385,"7:05 PM ET","Baltimore Orioles","Kansas City Royals","Oriole Park at Camden Yards","Brandon Young",3.38,1.36,18.5,8.9,7,2,"77.1",62,14,5.52,4.5,107,-136,"rotowire","Luinder Avila",5.05,1.59,21,13.8,4,3,"51.2",47,17,3.04,4.5,125,-160,"rotowire",4.34,"Alta",18.1,5.22,"Alta",26,4.6,0.716,0.32,0.396,23.8,4.3,0.716,0.318,0.398,21.9,25.6,76,13.2,292,1011.9,20,"Parcialmente Nublado",28,0.242,0.733,0.325,0.408,4.5,77,0.228,0.675,0.307,0.368,4.5,32,0.245,0.717,0.319,0.398,4.5,67,0.253,0.714,0.316,0.398,4.5,28,6,102,290,5,69,242,10,18.1,3,7,5,15,26,3,7,5,4.34,3.98,3.91,4.32,41.7,6.2,41.7,26,18.5,8.9,11.5,26.8,,5,1.9,5.6,24.4,94,5,8,5,5,5,5,25,24,22,,,,,94,5.2,5.15,24.4,53.9,14.4,11.5,0,20.3,"Samuel Basallo",-2.777980840164804,23.7,5.0,6.0,22,5,0,0,4.49,4.5,4.32,4.56,33.8,6.9,46.2,28.3,21,13.8,9.8,27.7,,3.8,2.04,4.1,18,76,4,4,6,5,4,5,18,20,21,,,,,78,4.1,4.04,18,52.9,23,14,10.1,0,"Salvador Perez",-5.446891967036546,19.7,4.7,4.7,18,4,0,0,0.316,0.329,0.158,0.293,43.1,8.6,74.2,23.6,24,74.2,25.8,20.1,33.3,34.3,27.1,27.9,0.315,0.324,0.151,0.297,43.4,9.2,76,21.6,22.6,76,24,18.7,33.4,27.5,26.7,41.9,-1.67,-0.15,-0.52,0,0.005,-0.88,0.3,0,-0.04,1,-5,,0,0,"none","Scheduled",0,,,"fastball",53.9,"splitter",20.3,,3.8524590163934427,16.78571428571429,"fastball",52.9,"slider",23,,4.222222222222222,18.53658536585366,96.66666666666667,"Extra Rest",80.66666666666667,"Normal","R","R",10,18.1,15,26,3,5006.666666666667,1013.3333333333334,0,5416.666666666667,868.8888888888889,0,,,,,,,,,14.9,22.9,23.9,17.9,99,106,109
"824817","2026-07-10","Nick Loftin","Kansas City Royals",8,"R","3B",0.254,0.348,0.426,0.774,0.343,0.172,199,43,15,1,4,13.1,10.6,0.4,1.123,0.64,16,10,4,0.781,0.767,0.444,0.405,12.5,13.7,84.5,84.5,15.6,,"Brandon Young","R",0.226,0.287,0.367,0.385,"7:05 PM ET","Baltimore Orioles","Kansas City Royals","Oriole Park at Camden Yards","Brandon Young",3.38,1.36,18.5,8.9,7,2,"77.1",62,14,5.52,4.5,107,-136,"rotowire","Luinder Avila",5.05,1.59,21,13.8,4,3,"51.2",47,17,3.04,4.5,125,-160,"rotowire",4.34,"Alta",18.1,5.22,"Alta",26,4.6,0.716,0.32,0.396,23.8,4.3,0.716,0.318,0.398,21.9,25.6,76,13.2,292,1011.9,20,"Parcialmente Nublado",28,0.242,0.733,0.325,0.408,4.5,77,0.228,0.675,0.307,0.368,4.5,32,0.245,0.717,0.319,0.398,4.5,67,0.253,0.714,0.316,0.398,4.5,28,6,102,290,5,69,242,10,18.1,3,7,5,15,26,3,7,5,4.34,3.98,3.91,4.32,41.7,6.2,41.7,26,18.5,8.9,11.5,26.8,,5,1.9,5.6,24.4,94,5,8,5,5,5,5,25,24,22,,,,,94,5.2,5.15,24.4,53.9,14.4,11.5,0,20.3,"Samuel Basallo",-2.777980840164804,23.7,5.0,6.0,22,5,0,0,4.49,4.5,4.32,4.56,33.8,6.9,46.2,28.3,21,13.8,9.8,27.7,,3.8,2.04,4.1,18,76,4,4,6,5,4,5,18,20,21,,,,,78,4.1,4.04,18,52.9,23,14,10.1,0,"Salvador Perez",-5.446891967036546,19.7,4.7,4.7,18,4,0,0,0.316,0.329,0.158,0.293,43.1,8.6,74.2,23.6,24,74.2,25.8,20.1,33.3,34.3,27.1,27.9,0.315,0.324,0.151,0.297,43.4,9.2,76,21.6,22.6,76,24,18.7,33.4,27.5,26.7,41.9,-1.67,-0.15,-0.52,0,0.005,-0.88,0.3,0,-0.04,1,-5,,0,0,"none","Scheduled",0,,,"fastball",53.9,"splitter",20.3,,3.8524590163934427,16.78571428571429,"fastball",52.9,"slider",23,,4.222222222222222,18.53658536585366,96.66666666666667,"Extra Rest",80.66666666666667,"Normal","R","R",10,18.1,15,26,3,5006.666666666667,1013.3333333333334,0,5416.666666666667,868.8888888888889,0,,,,,,,,,14.9,22.9,23.9,17.9,99,106,109
"824817","2026-07-10","Starling Marte","Kansas City Royals",9,"R","RF",0.268,0.328,0.33,0.658,0.299,0.062,125,30,4,0,1,27.2,6.4,0.304,0.637,0.304,7,7,0,0.729,0.635,0.429,0.298,30,26.3,73.6,73.6,26.4,,"Brandon Young","R",0.226,0.287,0.367,0.385,"7:05 PM ET","Baltimore Orioles","Kansas City Royals","Oriole Park at Camden Yards","Brandon Young",3.38,1.36,18.5,8.9,7,2,"77.1",62,14,5.52,4.5,107,-136,"rotowire","Luinder Avila",5.05,1.59,21,13.8,4,3,"51.2",47,17,3.04,4.5,125,-160,"rotowire",4.34,"Alta",18.1,5.22,"Alta",26,4.6,0.716,0.32,0.396,23.8,4.3,0.716,0.318,0.398,21.9,25.6,76,13.2,292,1011.9,20,"Parcialmente Nublado",28,0.242,0.733,0.325,0.408,4.5,77,0.228,0.675,0.307,0.368,4.5,32,0.245,0.717,0.319,0.398,4.5,67,0.253,0.714,0.316,0.398,4.5,28,6,102,290,5,69,242,10,18.1,3,7,5,15,26,3,7,5,4.34,3.98,3.91,4.32,41.7,6.2,41.7,26,18.5,8.9,11.5,26.8,,5,1.9,5.6,24.4,94,5,8,5,5,5,5,25,24,22,,,,,94,5.2,5.15,24.4,53.9,14.4,11.5,0,20.3,"Samuel Basallo",-2.777980840164804,23.7,5.0,6.0,22,5,0,0,4.49,4.5,4.32,4.56,33.8,6.9,46.2,28.3,21,13.8,9.8,27.7,,3.8,2.04,4.1,18,76,4,4,6,5,4,5,18,20,21,,,,,78,4.1,4.04,18,52.9,23,14,10.1,0,"Salvador Perez",-5.446891967036546,19.7,4.7,4.7,18,4,0,0,0.316,0.329,0.158,0.293,43.1,8.6,74.2,23.6,24,74.2,25.8,20.1,33.3,34.3,27.1,27.9,0.315,0.324,0.151,0.297,43.4,9.2,76,21.6,22.6,76,24,18.7,33.4,27.5,26.7,41.9,-1.67,-0.15,-0.52,0,0.005,-0.88,0.3,0,-0.04,1,-5,,0,0,"none","Scheduled",0,,,"fastball",53.9,"splitter",20.3,,3.8524590163934427,16.78571428571429,"fastball",52.9,"slider",23,,4.222222222222222,18.53658536585366,96.66666666666667,"Extra Rest",80.66666666666667,"Normal","R","R",10,18.1,15,26,3,5006.666666666667,1013.3333333333334,0,5416.666666666667,868.8888888888889,0,,,,,,,,,14.9,22.9,23.9,17.9,99,106,109
"824493","2026-07-10","Sal Stewart","Cincinnati Reds",1,"R","1B",0.254,0.338,0.476,0.814,0.35,0.222,400,89,21,0,19,21.5,11.3,0.214,0.897,0.607,17,6,5,0.784,0.899,0.46,0.523,21.1,22.8,72.8,72.8,27.2,,"Shota Imanaga","L",0.209,0.234,0.455,0.434,"7:10 PM ET","Cincinnati Reds","Chicago Cubs","Great American Ball Park","Hunter Greene",21.6,3.3,35,20,N/A,1,"3.1",7,1,3.33,6.5,-107,-119,"rotowire","Shota Imanaga",4.28,1.1,24.1,6.3,5,7,"103.0",100,18,5.72,5.5,-118,-108,"rotowire",4.64,"Alta",19.2,4.1,"Alta",20.1,4.2,0.698,0.309,0.389,25.3,5.1,0.749,0.337,0.412,21.3,29.9,59,3.2,243,1012.3,15,"Parcialmente Nublado",33.9,0.223,0.678,0.302,0.376,4.5,79,0.239,0.761,0.33,0.431,4.5,34,0.239,0.738,0.332,0.406,4.5,84,0.258,0.777,0.351,0.426,4.5,34,6,89,89,6,86,252,8.2,19.2,2,5,6,9.2,20.1,4,8,4,10.31,6.5,3.83,3.41,66.7,11.1,22.2,33.3,35,20,16.9,25.8,,7,0,3.3,20,89,7,,,3.3,,,20,,,28.5,,,,70,2.2,6.22,20,52.8,0,0,0,0,"Tyler Stephenson",-9.799634424838587,20.0,3.3,7.0,20,3.3,0,0,3.67,4.75,3.32,3.29,36,10.5,38.8,32.2,24.1,6.3,15.4,29.9,,5.2,1.94,5.4,21.4,85,8,4,4,4.7,6.3,5.3,19,27,20,29.8,10,28,28,85,5.1,5.63,21.4,49.1,15,2.8,0,33,"Carson Kelly",-0.32006287013526025,22.0,5.4,5.3,19,4.7,0,0,0.308,0.318,0.162,0.28,38.7,9.9,73.3,24.9,26.8,73.3,26.7,20.6,34.3,33.6,34.6,48,0.33,0.329,0.168,0.289,40.8,8.5,75.7,21.1,21.6,75.7,24.3,17.7,30,35.3,34.2,33.2,17.32,6.64,1.75,-0.051,-0.011,0.54,-0.9,0,-0.04,0,-1,,0,0,"none","Scheduled",0,,,"fastball",52.8,,,,4.45,26.969696969696972,"fastball",49.1,"splitter",33,,3.97196261682243,15.74074074074074,29.666666666666668,"Extra Rest",84,"Extra Rest","R","L",8.2,19.2,9.2,20.1,2,4765.555555555556,1011.1111111111111,0,5400,1142.2222222222222,0,,,,,,,,,35.7,28.9,33.3,22.1,103,104,118
"824493","2026-07-10","Spencer Steer","Cincinnati Reds",2,"R","1B",0.24,0.323,0.421,0.744,0.327,0.181,345,73,13,0,14,22.9,9.6,0.3,0.94,0.5,10,6,2,0.645,1.057,0.361,0.62,26.1,13.6,74.4,74.4,25.6,,"Shota Imanaga","L",0.209,0.234,0.455,0.434,"7:10 PM ET","Cincinnati Reds","Chicago Cubs","Great American Ball Park","Hunter Greene",21.6,3.3,35,20,N/A,1,"3.1",7,1,3.33,6.5,-107,-119,"rotowire","Shota Imanaga",4.28,1.1,24.1,6.3,5,7,"103.0",100,18,5.72,5.5,-118,-108,"rotowire",4.64,"Alta",19.2,4.1,"Alta",20.1,4.2,0.698,0.309,0.389,25.3,5.1,0.749,0.337,0.412,21.3,29.9,59,3.2,243,1012.3,15,"Parcialmente Nublado",33.9,0.223,0.678,0.302,0.376,4.5,79,0.239,0.761,0.33,0.431,4.5,34,0.239,0.738,0.332,0.406,4.5,84,0.258,0.777,0.351,0.426,4.5,34,6,89,89,6,86,252,8.2,19.2,2,5,6,9.2,20.1,4,8,4,10.31,6.5,3.83,3.41,66.7,11.1,22.2,33.3,35,20,16.9,25.8,,7,0,3.3,20,89,7,,,3.3,,,20,,,28.5,,,,70,2.2,6.22,20,52.8,0,0,0,0,"Tyler Stephenson",-9.799634424838587,20.0,3.3,7.0,20,3.3,0,0,3.67,4.75,3.32,3.29,36,10.5,38.8,32.2,24.1,6.3,15.4,29.9,,5.2,1.94,5.4,21.4,85,8,4,4,4.7,6.3,5.3,19,27,20,29.8,10,28,28,85,5.1,5.63,21.4,49.1,15,2.8,0,33,"Carson Kelly",-0.32006287013526025,22.0,5.4,5.3,19,4.7,0,0,0.308,0.318,0.162,0.28,38.7,9.9,73.3,24.9,26.8,73.3,26.7,20.6,34.3,33.6,34.6,48,0.33,0.329,0.168,0.289,40.8,8.5,75.7,21.1,21.6,75.7,24.3,17.7,30,35.3,34.2,33.2,17.32,6.64,1.75,-0.051,-0.011,0.54,-0.9,0,-0.04,0,-1,,0,0,"none","Scheduled",0,,,"fastball",52.8,,,,4.45,26.969696969696972,"fastball",49.1,"splitter",33,,3.97196261682243,15.74074074074074,29.666666666666668,"Extra Rest",84,"Extra Rest","R","L",8.2,19.2,9.2,20.1,2,4765.555555555556,1011.1111111111111,0,5400,1142.2222222222222,0,,,,,,,,,35.7,28.9,33.3,22.1,103,104,118
"824493","2026-07-10","Elly De La Cruz","Cincinnati Reds",3,"S","SS",0.27,0.345,0.481,0.826,0.358,0.211,325,78,15,2,14,29.2,9.8,0.231,0.76,0.385,10,6,2,0.725,1.067,0.402,0.671,28.8,30.2,70.7,70.7,29.3,,"Shota Imanaga","L",0.209,0.234,0.455,0.434,"7:10 PM ET","Cincinnati Reds","Chicago Cubs","Great American Ball Park","Hunter Greene",21.6,3.3,35,20,N/A,1,"3.1",7,1,3.33,6.5,-107,-119,"rotowire","Shota Imanaga",4.28,1.1,24.1,6.3,5,7,"103.0",100,18,5.72,5.5,-118,-108,"rotowire",4.64,"Alta",19.2,4.1,"Alta",20.1,4.2,0.698,0.309,0.389,25.3,5.1,0.749,0.337,0.412,21.3,29.9,59,3.2,243,1012.3,15,"Parcialmente Nublado",33.9,0.223,0.678,0.302,0.376,4.5,79,0.239,0.761,0.33,0.431,4.5,34,0.239,0.738,0.332,0.406,4.5,84,0.258,0.777,0.351,0.426,4.5,34,6,89,89,6,86,252,8.2,19.2,2,5,6,9.2,20.1,4,8,4,10.31,6.5,3.83,3.41,66.7,11.1,22.2,33.3,35,20,16.9,25.8,,7,0,3.3,20,89,7,,,3.3,,,20,,,28.5,,,,70,2.2,6.22,20,52.8,0,0,0,0,"Tyler Stephenson",-9.799634424838587,20.0,3.3,7.0,20,3.3,0,0,3.67,4.75,3.32,3.29,36,10.5,38.8,32.2,24.1,6.3,15.4,29.9,,5.2,1.94,5.4,21.4,85,8,4,4,4.7,6.3,5.3,19,27,20,29.8,10,28,28,85,5.1,5.63,21.4,49.1,15,2.8,0,33,"Carson Kelly",-0.32006287013526025,22.0,5.4,5.3,19,4.7,0,0,0.308,0.318,0.162,0.28,38.7,9.9,73.3,24.9,26.8,73.3,26.7,20.6,34.3,33.6,34.6,48,0.33,0.329,0.168,0.289,40.8,8.5,75.7,21.1,21.6,75.7,24.3,17.7,30,35.3,34.2,33.2,17.32,6.64,1.75,-0.051,-0.011,0.54,-0.9,0,-0.04,0,-1,,0,0,"none","Scheduled",0,,,"fastball",52.8,,,,4.45,26.969696969696972,"fastball",49.1,"splitter",33,,3.97196261682243,15.74074074074074,29.666666666666668,"Extra Rest",84,"Extra Rest","R","L",8.2,19.2,9.2,20.1,2,4765.555555555556,1011.1111111111111,0,5400,1142.2222222222222,0,,,,,,,,,35.7,28.9,33.3,22.1,103,104,118
"824493","2026-07-10","JJ Bleday","Cincinnati Reds",4,"L","LF",0.239,0.347,0.478,0.825,0.358,0.239,272,55,11,1,14,19.5,13.6,0.259,0.725,0.37,10,7,1,0.87,0.712,0.506,0.409,19.4,19.7,72.6,72.6,27.4,,"Shota Imanaga","L",0.209,0.234,0.455,0.434,"7:10 PM ET","Cincinnati Reds","Chicago Cubs","Great American Ball Park","Hunter Greene",21.6,3.3,35,20,N/A,1,"3.1",7,1,3.33,6.5,-107,-119,"rotowire","Shota Imanaga",4.28,1.1,24.1,6.3,5,7,"103.0",100,18,5.72,5.5,-118,-108,"rotowire",4.64,"Alta",19.2,4.1,"Alta",20.1,4.2,0.698,0.309,0.389,25.3,5.1,0.749,0.337,0.412,21.3,29.9,59,3.2,243,1012.3,15,"Parcialmente Nublado",33.9,0.223,0.678,0.302,0.376,4.5,79,0.239,0.761,0.33,0.431,4.5,34,0.239,0.738,0.332,0.406,4.5,84,0.258,0.777,0.351,0.426,4.5,34,6,89,89,6,86,252,8.2,19.2,2,5,6,9.2,20.1,4,8,4,10.31,6.5,3.83,3.41,66.7,11.1,22.2,33.3,35,20,16.9,25.8,,7,0,3.3,20,89,7,,,3.3,,,20,,,28.5,,,,70,2.2,6.22,20,52.8,0,0,0,0,"Tyler Stephenson",-9.799634424838587,20.0,3.3,7.0,20,3.3,0,0,3.67,4.75,3.32,3.29,36,10.5,38.8,32.2,24.1,6.3,15.4,29.9,,5.2,1.94,5.4,21.4,85,8,4,4,4.7,6.3,5.3,19,27,20,29.8,10,28,28,85,5.1,5.63,21.4,49.1,15,2.8,0,33,"Carson Kelly",-0.32006287013526025,22.0,5.4,5.3,19,4.7,0,0,0.308,0.318,0.162,0.28,38.7,9.9,73.3,24.9,26.8,73.3,26.7,20.6,34.3,33.6,34.6,48,0.33,0.329,0.168,0.289,40.8,8.5,75.7,21.1,21.6,75.7,24.3,17.7,30,35.3,34.2,33.2,17.32,6.64,1.75,-0.051,-0.011,0.54,-0.9,0,-0.04,0,-1,,0,0,"none","Scheduled",0,,,"fastball",52.8,,,,4.45,26.969696969696972,"fastball",49.1,"splitter",33,,3.97196261682243,15.74074074074074,29.666666666666668,"Extra Rest",84,"Extra Rest","R","L",8.2,19.2,9.2,20.1,2,4765.555555555556,1011.1111111111111,0,5400,1142.2222222222222,0,,,,,,,,,35.7,28.9,33.3,22.1,103,104,118
"824493","2026-07-10","Eugenio Suárez","Cincinnati Reds",5,"R","DH",0.201,0.278,0.362,0.64,0.284,0.161,255,46,10,0,9,34.9,9,0.16,0.58,0.28,7,4,1,0.613,0.734,0.341,0.434,33.3,40,65.5,65.5,34.5,,"Shota Imanaga","L",0.209,0.234,0.455,0.434,"7:10 PM ET","Cincinnati Reds","Chicago Cubs","Great American Ball Park","Hunter Greene",21.6,3.3,35,20,N/A,1,"3.1",7,1,3.33,6.5,-107,-119,"rotowire","Shota Imanaga",4.28,1.1,24.1,6.3,5,7,"103.0",100,18,5.72,5.5,-118,-108,"rotowire",4.64,"Alta",19.2,4.1,"Alta",20.1,4.2,0.698,0.309,0.389,25.3,5.1,0.749,0.337,0.412,21.3,29.9,59,3.2,243,1012.3,15,"Parcialmente Nublado",33.9,0.223,0.678,0.302,0.376,4.5,79,0.239,0.761,0.33,0.431,4.5,34,0.239,0.738,0.332,0.406,4.5,84,0.258,0.777,0.351,0.426,4.5,34,6,89,89,6,86,252,8.2,19.2,2,5,6,9.2,20.1,4,8,4,10.31,6.5,3.83,3.41,66.7,11.1,22.2,33.3,35,20,16.9,25.8,,7,0,3.3,20,89,7,,,3.3,,,20,,,28.5,,,,70,2.2,6.22,20,52.8,0,0,0,0,"Tyler Stephenson",-9.799634424838587,20.0,3.3,7.0,20,3.3,0,0,3.67,4.75,3.32,3.29,36,10.5,38.8,32.2,24.1,6.3,15.4,29.9,,5.2,1.94,5.4,21.4,85,8,4,4,4.7,6.3,5.3,19,27,20,29.8,10,28,28,85,5.1,5.63,21.4,49.1,15,2.8,0,33,"Carson Kelly",-0.32006287013526025,22.0,5.4,5.3,19,4.7,0,0,0.308,0.318,0.162,0.28,38.7,9.9,73.3,24.9,26.8,73.3,26.7,20.6,34.3,33.6,34.6,48,0.33,0.329,0.168,0.289,40.8,8.5,75.7,21.1,21.6,75.7,24.3,17.7,30,35.3,34.2,33.2,17.32,6.64,1.75,-0.051,-0.011,0.54,-0.9,0,-0.04,0,-1,,0,0,"none","Scheduled",0,,,"fastball",52.8,,,,4.45,26.969696969696972,"fastball",49.1,"splitter",33,,3.97196261682243,15.74074074074074,29.666666666666668,"Extra Rest",84,"Extra Rest","R","L",8.2,19.2,9.2,20.1,2,4765.555555555556,1011.1111111111111,0,5400,1142.2222222222222,0,,,,,,,,,35.7,28.9,33.3,22.1,103,104,118
"824493","2026-07-10","Tyler Stephenson","Cincinnati Reds",6,"R","C",0.234,0.319,0.362,0.681,0.305,0.128,248,51,10,0,6,25.4,11.3,0.36,0.887,0.48,12,9,3,0.699,0.612,0.39,0.261,26.7,21.1,74,74,26,,"Shota Imanaga","L",0.209,0.234,0.455,0.434,"7:10 PM ET","Cincinnati Reds","Chicago Cubs","Great American Ball Park","Hunter Greene",21.6,3.3,35,20,N/A,1,"3.1",7,1,3.33,6.5,-107,-119,"rotowire","Shota Imanaga",4.28,1.1,24.1,6.3,5,7,"103.0",100,18,5.72,5.5,-118,-108,"rotowire",4.64,"Alta",19.2,4.1,"Alta",20.1,4.2,0.698,0.309,0.389,25.3,5.1,0.749,0.337,0.412,21.3,29.9,59,3.2,243,1012.3,15,"Parcialmente Nublado",33.9,0.223,0.678,0.302,0.376,4.5,79,0.239,0.761,0.33,0.431,4.5,34,0.239,0.738,0.332,0.406,4.5,84,0.258,0.777,0.351,0.426,4.5,34,6,89,89,6,86,252,8.2,19.2,2,5,6,9.2,20.1,4,8,4,10.31,6.5,3.83,3.41,66.7,11.1,22.2,33.3,35,20,16.9,25.8,,7,0,3.3,20,89,7,,,3.3,,,20,,,28.5,,,,70,2.2,6.22,20,52.8,0,0,0,0,"Tyler Stephenson",-9.799634424838587,20.0,3.3,7.0,20,3.3,0,0,3.67,4.75,3.32,3.29,36,10.5,38.8,32.2,24.1,6.3,15.4,29.9,,5.2,1.94,5.4,21.4,85,8,4,4,4.7,6.3,5.3,19,27,20,29.8,10,28,28,85,5.1,5.63,21.4,49.1,15,2.8,0,33,"Carson Kelly",-0.32006287013526025,22.0,5.4,5.3,19,4.7,0,0,0.308,0.318,0.162,0.28,38.7,9.9,73.3,24.9,26.8,73.3,26.7,20.6,34.3,33.6,34.6,48,0.33,0.329,0.168,0.289,40.8,8.5,75.7,21.1,21.6,75.7,24.3,17.7,30,35.3,34.2,33.2,17.32,6.64,1.75,-0.051,-0.011,0.54,-0.9,0,-0.04,0,-1,,0,0,"none","Scheduled",0,,,"fastball",52.8,,,,4.45,26.969696969696972,"fastball",49.1,"splitter",33,,3.97196261682243,15.74074074074074,29.666666666666668,"Extra Rest",84,"Extra Rest","R","L",8.2,19.2,9.2,20.1,2,4765.555555555556,1011.1111111111111,0,5400,1142.2222222222222,0,,,,,,,,,35.7,28.9,33.3,22.1,103,104,118
"824493","2026-07-10","Nathaniel Lowe","Cincinnati Reds",7,"L","DH",0.242,0.332,0.448,0.78,0.338,0.206,220,47,13,0,9,27.3,11.8,0.136,0.401,0.227,5,3,2,0.848,0.056,0.492,0,27.2,27.8,77.2,77.2,22.8,,"Shota Imanaga","L",0.209,0.234,0.455,0.434,"7:10 PM ET","Cincinnati Reds","Chicago Cubs","Great American Ball Park","Hunter Greene",21.6,3.3,35,20,N/A,1,"3.1",7,1,3.33,6.5,-107,-119,"rotowire","Shota Imanaga",4.28,1.1,24.1,6.3,5,7,"103.0",100,18,5.72,5.5,-118,-108,"rotowire",4.64,"Alta",19.2,4.1,"Alta",20.1,4.2,0.698,0.309,0.389,25.3,5.1,0.749,0.337,0.412,21.3,29.9,59,3.2,243,1012.3,15,"Parcialmente Nublado",33.9,0.223,0.678,0.302,0.376,4.5,79,0.239,0.761,0.33,0.431,4.5,34,0.239,0.738,0.332,0.406,4.5,84,0.258,0.777,0.351,0.426,4.5,34,6,89,89,6,86,252,8.2,19.2,2,5,6,9.2,20.1,4,8,4,10.31,6.5,3.83,3.41,66.7,11.1,22.2,33.3,35,20,16.9,25.8,,7,0,3.3,20,89,7,,,3.3,,,20,,,28.5,,,,70,2.2,6.22,20,52.8,0,0,0,0,"Tyler Stephenson",-9.799634424838587,20.0,3.3,7.0,20,3.3,0,0,3.67,4.75,3.32,3.29,36,10.5,38.8,32.2,24.1,6.3,15.4,29.9,,5.2,1.94,5.4,21.4,85,8,4,4,4.7,6.3,5.3,19,27,20,29.8,10,28,28,85,5.1,5.63,21.4,49.1,15,2.8,0,33,"Carson Kelly",-0.32006287013526025,22.0,5.4,5.3,19,4.7,0,0,0.308,0.318,0.162,0.28,38.7,9.9,73.3,24.9,26.8,73.3,26.7,20.6,34.3,33.6,34.6,48,0.33,0.329,0.168,0.289,40.8,8.5,75.7,21.1,21.6,75.7,24.3,17.7,30,35.3,34.2,33.2,17.32,6.64,1.75,-0.051,-0.011,0.54,-0.9,0,-0.04,0,-1,,0,0,"none","Scheduled",0,,,"fastball",52.8,,,,4.45,26.969696969696972,"fastball",49.1,"splitter",33,,3.97196261682243,15.74074074074074,29.666666666666668,"Extra Rest",84,"Extra Rest","R","L",8.2,19.2,9.2,20.1,2,4765.555555555556,1011.1111111111111,0,5400,1142.2222222222222,0,,,,,,,,,35.7,28.9,33.3,22.1,103,104,118
"824493","2026-07-10","TJ Friedl","Cincinnati Reds",8,"L","CF",0.174,0.254,0.266,0.52,0.238,0.092,210,32,6,1,3,24.3,7.6,0.19,0.69,0.429,9,4,2,0.546,0.386,0.286,0.167,24.2,25,75.7,75.7,24.3,,"Shota Imanaga","L",0.209,0.234,0.455,0.434,"7:10 PM ET","Cincinnati Reds","Chicago Cubs","Great American Ball Park","Hunter Greene",21.6,3.3,35,20,N/A,1,"3.1",7,1,3.33,6.5,-107,-119,"rotowire","Shota Imanaga",4.28,1.1,24.1,6.3,5,7,"103.0",100,18,5.72,5.5,-118,-108,"rotowire",4.64,"Alta",19.2,4.1,"Alta",20.1,4.2,0.698,0.309,0.389,25.3,5.1,0.749,0.337,0.412,21.3,29.9,59,3.2,243,1012.3,15,"Parcialmente Nublado",33.9,0.223,0.678,0.302,0.376,4.5,79,0.239,0.761,0.33,0.431,4.5,34,0.239,0.738,0.332,0.406,4.5,84,0.258,0.777,0.351,0.426,4.5,34,6,89,89,6,86,252,8.2,19.2,2,5,6,9.2,20.1,4,8,4,10.31,6.5,3.83,3.41,66.7,11.1,22.2,33.3,35,20,16.9,25.8,,7,0,3.3,20,89,7,,,3.3,,,20,,,28.5,,,,70,2.2,6.22,20,52.8,0,0,0,0,"Tyler Stephenson",-9.799634424838587,20.0,3.3,7.0,20,3.3,0,0,3.67,4.75,3.32,3.29,36,10.5,38.8,32.2,24.1,6.3,15.4,29.9,,5.2,1.94,5.4,21.4,85,8,4,4,4.7,6.3,5.3,19,27,20,29.8,10,28,28,85,5.1,5.63,21.4,49.1,15,2.8,0,33,"Carson Kelly",-0.32006287013526025,22.0,5.4,5.3,19,4.7,0,0,0.308,0.318,0.162,0.28,38.7,9.9,73.3,24.9,26.8,73.3,26.7,20.6,34.3,33.6,34.6,48,0.33,0.329,0.168,0.289,40.8,8.5,75.7,21.1,21.6,75.7,24.3,17.7,30,35.3,34.2,33.2,17.32,6.64,1.75,-0.051,-0.011,0.54,-0.9,0,-0.04,0,-1,,0,0,"none","Scheduled",0,,,"fastball",52.8,,,,4.45,26.969696969696972,"fastball",49.1,"splitter",33,,3.97196261682243,15.74074074074074,29.666666666666668,"Extra Rest",84,"Extra Rest","R","L",8.2,19.2,9.2,20.1,2,4765.555555555556,1011.1111111111111,0,5400,1142.2222222222222,0,,,,,,,,,35.7,28.9,33.3,22.1,103,104,118
"824493","2026-07-10","Noelvi Marte","Cincinnati Reds",9,"R","RF",0.2,0.256,0.392,0.648,0.281,0.192,129,24,5,0,6,25.6,7,0.222,0.731,0.481,13,6,3,0.638,0.675,0.364,0.469,20,41.2,76.6,76.6,23.4,,"Shota Imanaga","L",0.209,0.234,0.455,0.434,"7:10 PM ET","Cincinnati Reds","Chicago Cubs","Great American Ball Park","Hunter Greene",21.6,3.3,35,20,N/A,1,"3.1",7,1,3.33,6.5,-107,-119,"rotowire","Shota Imanaga",4.28,1.1,24.1,6.3,5,7,"103.0",100,18,5.72,5.5,-118,-108,"rotowire",4.64,"Alta",19.2,4.1,"Alta",20.1,4.2,0.698,0.309,0.389,25.3,5.1,0.749,0.337,0.412,21.3,29.9,59,3.2,243,1012.3,15,"Parcialmente Nublado",33.9,0.223,0.678,0.302,0.376,4.5,79,0.239,0.761,0.33,0.431,4.5,34,0.239,0.738,0.332,0.406,4.5,84,0.258,0.777,0.351,0.426,4.5,34,6,89,89,6,86,252,8.2,19.2,2,5,6,9.2,20.1,4,8,4,10.31,6.5,3.83,3.41,66.7,11.1,22.2,33.3,35,20,16.9,25.8,,7,0,3.3,20,89,7,,,3.3,,,20,,,28.5,,,,70,2.2,6.22,20,52.8,0,0,0,0,"Tyler Stephenson",-9.799634424838587,20.0,3.3,7.0,20,3.3,0,0,3.67,4.75,3.32,3.29,36,10.5,38.8,32.2,24.1,6.3,15.4,29.9,,5.2,1.94,5.4,21.4,85,8,4,4,4.7,6.3,5.3,19,27,20,29.8,10,28,28,85,5.1,5.63,21.4,49.1,15,2.8,0,33,"Carson Kelly",-0.32006287013526025,22.0,5.4,5.3,19,4.7,0,0,0.308,0.318,0.162,0.28,38.7,9.9,73.3,24.9,26.8,73.3,26.7,20.6,34.3,33.6,34.6,48,0.33,0.329,0.168,0.289,40.8,8.5,75.7,21.1,21.6,75.7,24.3,17.7,30,35.3,34.2,33.2,17.32,6.64,1.75,-0.051,-0.011,0.54,-0.9,0,-0.04,0,-1,,0,0,"none","Scheduled",0,,,"fastball",52.8,,,,4.45,26.969696969696972,"fastball",49.1,"splitter",33,,3.97196261682243,15.74074074074074,29.666666666666668,"Extra Rest",84,"Extra Rest","R","L",8.2,19.2,9.2,20.1,2,4765.555555555556,1011.1111111111111,0,5400,1142.2222222222222,0,,,,,,,,,35.7,28.9,33.3,22.1,103,104,118
"824493","2026-07-10","Alex Bregman","Chicago Cubs",1,"R","3B",0.238,0.336,0.342,0.678,0.306,0.104,417,85,14,1,7,15.1,11.5,0.179,0.544,0.286,8,5,3,0.675,0.684,0.351,0.315,15.4,14.4,83.1,83.1,16.9,,"Hunter Greene","R",0.455,0.4,0.909,0.4,"7:10 PM ET","Cincinnati Reds","Chicago Cubs","Great American Ball Park","Hunter Greene",21.6,3.3,35,20,N/A,1,"3.1",7,1,3.33,6.5,-107,-119,"rotowire","Shota Imanaga",4.28,1.1,24.1,6.3,5,7,"103.0",100,18,5.72,5.5,-118,-108,"rotowire",4.64,"Alta",19.2,4.1,"Alta",20.1,4.2,0.698,0.309,0.389,25.3,5.1,0.749,0.337,0.412,21.3,29.9,59,3.2,243,1012.3,15,"Parcialmente Nublado",33.9,0.223,0.678,0.302,0.376,4.5,79,0.239,0.761,0.33,0.431,4.5,34,0.239,0.738,0.332,0.406,4.5,84,0.258,0.777,0.351,0.426,4.5,34,6,89,89,6,86,252,8.2,19.2,2,5,6,9.2,20.1,4,8,4,10.31,6.5,3.83,3.41,66.7,11.1,22.2,33.3,35,20,16.9,25.8,,7,0,3.3,20,89,7,,,3.3,,,20,,,28.5,,,,70,2.2,6.22,20,52.8,0,0,0,0,"Tyler Stephenson",-9.799634424838587,20.0,3.3,7.0,20,3.3,0,0,3.67,4.75,3.32,3.29,36,10.5,38.8,32.2,24.1,6.3,15.4,29.9,,5.2,1.94,5.4,21.4,85,8,4,4,4.7,6.3,5.3,19,27,20,29.8,10,28,28,85,5.1,5.63,21.4,49.1,15,2.8,0,33,"Carson Kelly",-0.32006287013526025,22.0,5.4,5.3,19,4.7,0,0,0.308,0.318,0.162,0.28,38.7,9.9,73.3,24.9,26.8,73.3,26.7,20.6,34.3,33.6,34.6,48,0.33,0.329,0.168,0.289,40.8,8.5,75.7,21.1,21.6,75.7,24.3,17.7,30,35.3,34.2,33.2,17.32,6.64,1.75,-0.051,-0.011,0.54,-0.9,0,-0.04,0,-1,,0,0,"none","Scheduled",0,,,"fastball",52.8,,,,4.45,26.969696969696972,"fastball",49.1,"splitter",33,,3.97196261682243,15.74074074074074,29.666666666666668,"Extra Rest",84,"Extra Rest","R","L",8.2,19.2,9.2,20.1,2,4765.555555555556,1011.1111111111111,0,5400,1142.2222222222222,0,,,,,,,,,35.7,28.9,33.3,22.1,103,104,118
"824493","2026-07-10","Michael Busch","Chicago Cubs",2,"L","1B",0.233,0.367,0.385,0.752,0.339,0.152,412,78,14,2,11,22.1,15.3,0.231,0.701,0.346,9,6,1,0.767,0.715,0.399,0.353,22.5,21.3,73.4,73.4,26.6,,"Hunter Greene","R",0.455,0.4,0.909,0.4,"7:10 PM ET","Cincinnati Reds","Chicago Cubs","Great American Ball Park","Hunter Greene",21.6,3.3,35,20,N/A,1,"3.1",7,1,3.33,6.5,-107,-119,"rotowire","Shota Imanaga",4.28,1.1,24.1,6.3,5,7,"103.0",100,18,5.72,5.5,-118,-108,"rotowire",4.64,"Alta",19.2,4.1,"Alta",20.1,4.2,0.698,0.309,0.389,25.3,5.1,0.749,0.337,0.412,21.3,29.9,59,3.2,243,1012.3,15,"Parcialmente Nublado",33.9,0.223,0.678,0.302,0.376,4.5,79,0.239,0.761,0.33,0.431,4.5,34,0.239,0.738,0.332,0.406,4.5,84,0.258,0.777,0.351,0.426,4.5,34,6,89,89,6,86,252,8.2,19.2,2,5,6,9.2,20.1,4,8,4,10.31,6.5,3.83,3.41,66.7,11.1,22.2,33.3,35,20,16.9,25.8,,7,0,3.3,20,89,7,,,3.3,,,20,,,28.5,,,,70,2.2,6.22,20,52.8,0,0,0,0,"Tyler Stephenson",-9.799634424838587,20.0,3.3,7.0,20,3.3,0,0,3.67,4.75,3.32,3.29,36,10.5,38.8,32.2,24.1,6.3,15.4,29.9,,5.2,1.94,5.4,21.4,85,8,4,4,4.7,6.3,5.3,19,27,20,29.8,10,28,28,85,5.1,5.63,21.4,49.1,15,2.8,0,33,"Carson Kelly",-0.32006287013526025,22.0,5.4,5.3,19,4.7,0,0,0.308,0.318,0.162,0.28,38.7,9.9,73.3,24.9,26.8,73.3,26.7,20.6,34.3,33.6,34.6,48,0.33,0.329,0.168,0.289,40.8,8.5,75.7,21.1,21.6,75.7,24.3,17.7,30,35.3,34.2,33.2,17.32,6.64,1.75,-0.051,-0.011,0.54,-0.9,0,-0.04,0,-1,,0,0,"none","Scheduled",0,,,"fastball",52.8,,,,4.45,26.969696969696972,"fastball",49.1,"splitter",33,,3.97196261682243,15.74074074074074,29.666666666666668,"Extra Rest",84,"Extra Rest","R","L",8.2,19.2,9.2,20.1,2,4765.555555555556,1011.1111111111111,0,5400,1142.2222222222222,0,,,,,,,,,35.7,28.9,33.3,22.1,103,104,118
"824493","2026-07-10","Nico Hoerner","Chicago Cubs",3,"R","2B",0.24,0.313,0.336,0.649,0.293,0.096,409,87,23,0,4,7.8,8.8,0.2,0.539,0.28,7,5,2,0.592,0.795,0.292,0.447,7.4,8.9,89.6,89.6,10.4,,"Hunter Greene","R",0.455,0.4,0.909,0.4,"7:10 PM ET","Cincinnati Reds","Chicago Cubs","Great American Ball Park","Hunter Greene",21.6,3.3,35,20,N/A,1,"3.1",7,1,3.33,6.5,-107,-119,"rotowire","Shota Imanaga",4.28,1.1,24.1,6.3,5,7,"103.0",100,18,5.72,5.5,-118,-108,"rotowire",4.64,"Alta",19.2,4.1,"Alta",20.1,4.2,0.698,0.309,0.389,25.3,5.1,0.749,0.337,0.412,21.3,29.9,59,3.2,243,1012.3,15,"Parcialmente Nublado",33.9,0.223,0.678,0.302,0.376,4.5,79,0.239,0.761,0.33,0.431,4.5,34,0.239,0.738,0.332,0.406,4.5,84,0.258,0.777,0.351,0.426,4.5,34,6,89,89,6,86,252,8.2,19.2,2,5,6,9.2,20.1,4,8,4,10.31,6.5,3.83,3.41,66.7,11.1,22.2,33.3,35,20,16.9,25.8,,7,0,3.3,20,89,7,,,3.3,,,20,,,28.5,,,,70,2.2,6.22,20,52.8,0,0,0,0,"Tyler Stephenson",-9.799634424838587,20.0,3.3,7.0,20,3.3,0,0,3.67,4.75,3.32,3.29,36,10.5,38.8,32.2,24.1,6.3,15.4,29.9,,5.2,1.94,5.4,21.4,85,8,4,4,4.7,6.3,5.3,19,27,20,29.8,10,28,28,85,5.1,5.63,21.4,49.1,15,2.8,0,33,"Carson Kelly",-0.32006287013526025,22.0,5.4,5.3,19,4.7,0,0,0.308,0.318,0.162,0.28,38.7,9.9,73.3,24.9,26.8,73.3,26.7,20.6,34.3,33.6,34.6,48,0.33,0.329,0.168,0.289,40.8,8.5,75.7,21.1,21.6,75.7,24.3,17.7,30,35.3,34.2,33.2,17.32,6.64,1.75,-0.051,-0.011,0.54,-0.9,0,-0.04,0,-1,,0,0,"none","Scheduled",0,,,"fastball",52.8,,,,4.45,26.969696969696972,"fastball",49.1,"splitter",33,,3.97196261682243,15.74074074074074,29.666666666666668,"Extra Rest",84,"Extra Rest","R","L",8.2,19.2,9.2,20.1,2,4765.555555555556,1011.1111111111111,0,5400,1142.2222222222222,0,,,,,,,,,35.7,28.9,33.3,22.1,103,104,118
"824493","2026-07-10","Pete Crow-Armstrong","Chicago Cubs",4,"L","CF",0.296,0.387,0.543,0.93,0.399,0.247,404,103,15,4,21,25.5,10.6,0.458,1.484,0.917,22,11,5,0.959,0.87,0.581,0.464,24.4,27.8,71.9,71.9,28.1,,"Hunter Greene","R",0.455,0.4,0.909,0.4,"7:10 PM ET","Cincinnati Reds","Chicago Cubs","Great American Ball Park","Hunter Greene",21.6,3.3,35,20,N/A,1,"3.1",7,1,3.33,6.5,-107,-119,"rotowire","Shota Imanaga",4.28,1.1,24.1,6.3,5,7,"103.0",100,18,5.72,5.5,-118,-108,"rotowire",4.64,"Alta",19.2,4.1,"Alta",20.1,4.2,0.698,0.309,0.389,25.3,5.1,0.749,0.337,0.412,21.3,29.9,59,3.2,243,1012.3,15,"Parcialmente Nublado",33.9,0.223,0.678,0.302,0.376,4.5,79,0.239,0.761,0.33,0.431,4.5,34,0.239,0.738,0.332,0.406,4.5,84,0.258,0.777,0.351,0.426,4.5,34,6,89,89,6,86,252,8.2,19.2,2,5,6,9.2,20.1,4,8,4,10.31,6.5,3.83,3.41,66.7,11.1,22.2,33.3,35,20,16.9,25.8,,7,0,3.3,20,89,7,,,3.3,,,20,,,28.5,,,,70,2.2,6.22,20,52.8,0,0,0,0,"Tyler Stephenson",-9.799634424838587,20.0,3.3,7.0,20,3.3,0,0,3.67,4.75,3.32,3.29,36,10.5,38.8,32.2,24.1,6.3,15.4,29.9,,5.2,1.94,5.4,21.4,85,8,4,4,4.7,6.3,5.3,19,27,20,29.8,10,28,28,85,5.1,5.63,21.4,49.1,15,2.8,0,33,"Carson Kelly",-0.32006287013526025,22.0,5.4,5.3,19,4.7,0,0,0.308,0.318,0.162,0.28,38.7,9.9,73.3,24.9,26.8,73.3,26.7,20.6,34.3,33.6,34.6,48,0.33,0.329,0.168,0.289,40.8,8.5,75.7,21.1,21.6,75.7,24.3,17.7,30,35.3,34.2,33.2,17.32,6.64,1.75,-0.051,-0.011,0.54,-0.9,0,-0.04,0,-1,,0,0,"none","Scheduled",0,,,"fastball",52.8,,,,4.45,26.969696969696972,"fastball",49.1,"splitter",33,,3.97196261682243,15.74074074074074,29.666666666666668,"Extra Rest",84,"Extra Rest","R","L",8.2,19.2,9.2,20.1,2,4765.555555555556,1011.1111111111111,0,5400,1142.2222222222222,0,,,,,,,,,35.7,28.9,33.3,22.1,103,104,118
"824493","2026-07-10","Ian Happ","Chicago Cubs",5,"S","LF",0.22,0.325,0.434,0.759,0.329,0.214,385,73,16,2,17,31.4,12.2,0.2,0.499,0.24,6,5,1,0.847,0.546,0.487,0.31,30.2,34.5,68.2,68.2,31.8,,"Hunter Greene","R",0.455,0.4,0.909,0.4,"7:10 PM ET","Cincinnati Reds","Chicago Cubs","Great American Ball Park","Hunter Greene",21.6,3.3,35,20,N/A,1,"3.1",7,1,3.33,6.5,-107,-119,"rotowire","Shota Imanaga",4.28,1.1,24.1,6.3,5,7,"103.0",100,18,5.72,5.5,-118,-108,"rotowire",4.64,"Alta",19.2,4.1,"Alta",20.1,4.2,0.698,0.309,0.389,25.3,5.1,0.749,0.337,0.412,21.3,29.9,59,3.2,243,1012.3,15,"Parcialmente Nublado",33.9,0.223,0.678,0.302,0.376,4.5,79,0.239,0.761,0.33,0.431,4.5,34,0.239,0.738,0.332,0.406,4.5,84,0.258,0.777,0.351,0.426,4.5,34,6,89,89,6,86,252,8.2,19.2,2,5,6,9.2,20.1,4,8,4,10.31,6.5,3.83,3.41,66.7,11.1,22.2,33.3,35,20,16.9,25.8,,7,0,3.3,20,89,7,,,3.3,,,20,,,28.5,,,,70,2.2,6.22,20,52.8,0,0,0,0,"Tyler Stephenson",-9.799634424838587,20.0,3.3,7.0,20,3.3,0,0,3.67,4.75,3.32,3.29,36,10.5,38.8,32.2,24.1,6.3,15.4,29.9,,5.2,1.94,5.4,21.4,85,8,4,4,4.7,6.3,5.3,19,27,20,29.8,10,28,28,85,5.1,5.63,21.4,49.1,15,2.8,0,33,"Carson Kelly",-0.32006287013526025,22.0,5.4,5.3,19,4.7,0,0,0.308,0.318,0.162,0.28,38.7,9.9,73.3,24.9,26.8,73.3,26.7,20.6,34.3,33.6,34.6,48,0.33,0.329,0.168,0.289,40.8,8.5,75.7,21.1,21.6,75.7,24.3,17.7,30,35.3,34.2,33.2,17.32,6.64,1.75,-0.051,-0.011,0.54,-0.9,0,-0.04,0,-1,,0,0,"none","Scheduled",0,,,"fastball",52.8,,,,4.45,26.969696969696972,"fastball",49.1,"splitter",33,,3.97196261682243,15.74074074074074,29.666666666666668,"Extra Rest",84,"Extra Rest","R","L",8.2,19.2,9.2,20.1,2,4765.555555555556,1011.1111111111111,0,5400,1142.2222222222222,0,,,,,,,,,35.7,28.9,33.3,22.1,103,104,118
"824493","2026-07-10","Dansby Swanson","Chicago Cubs",6,"R","SS",0.212,0.297,0.417,0.714,0.313,0.205,345,64,10,2,16,23.2,10.7,0.308,0.962,0.654,17,8,3,0.714,0.711,0.403,0.451,20.9,28.7,69.8,69.8,30.2,,"Hunter Greene","R",0.455,0.4,0.909,0.4,"7:10 PM ET","Cincinnati Reds","Chicago Cubs","Great American Ball Park","Hunter Greene",21.6,3.3,35,20,N/A,1,"3.1",7,1,3.33,6.5,-107,-119,"rotowire","Shota Imanaga",4.28,1.1,24.1,6.3,5,7,"103.0",100,18,5.72,5.5,-118,-108,"rotowire",4.64,"Alta",19.2,4.1,"Alta",20.1,4.2,0.698,0.309,0.389,25.3,5.1,0.749,0.337,0.412,21.3,29.9,59,3.2,243,1012.3,15,"Parcialmente Nublado",33.9,0.223,0.678,0.302,0.376,4.5,79,0.239,0.761,0.33,0.431,4.5,34,0.239,0.738,0.332,0.406,4.5,84,0.258,0.777,0.351,0.426,4.5,34,6,89,89,6,86,252,8.2,19.2,2,5,6,9.2,20.1,4,8,4,10.31,6.5,3.83,3.41,66.7,11.1,22.2,33.3,35,20,16.9,25.8,,7,0,3.3,20,89,7,,,3.3,,,20,,,28.5,,,,70,2.2,6.22,20,52.8,0,0,0,0,"Tyler Stephenson",-9.799634424838587,20.0,3.3,7.0,20,3.3,0,0,3.67,4.75,3.32,3.29,36,10.5,38.8,32.2,24.1,6.3,15.4,29.9,,5.2,1.94,5.4,21.4,85,8,4,4,4.7,6.3,5.3,19,27,20,29.8,10,28,28,85,5.1,5.63,21.4,49.1,15,2.8,0,33,"Carson Kelly",-0.32006287013526025,22.0,5.4,5.3,19,4.7,0,0,0.308,0.318,0.162,0.28,38.7,9.9,73.3,24.9,26.8,73.3,26.7,20.6,34.3,33.6,34.6,48,0.33,0.329,0.168,0.289,40.8,8.5,75.7,21.1,21.6,75.7,24.3,17.7,30,35.3,34.2,33.2,17.32,6.64,1.75,-0.051,-0.011,0.54,-0.9,0,-0.04,0,-1,,0,0,"none","Scheduled",0,,,"fastball",52.8,,,,4.45,26.969696969696972,"fastball",49.1,"splitter",33,,3.97196261682243,15.74074074074074,29.666666666666668,"Extra Rest",84,"Extra Rest","R","L",8.2,19.2,9.2,20.1,2,4765.555555555556,1011.1111111111111,0,5400,1142.2222222222222,0,,,,,,,,,35.7,28.9,33.3,22.1,103,104,118
"824493","2026-07-10","Seiya Suzuki","Chicago Cubs",7,"R","RF",0.266,0.347,0.467,0.814,0.352,0.201,329,77,13,0,15,25.8,10.3,0.25,0.943,0.643,18,7,5,0.765,0.947,0.439,0.547,27.2,22.2,73.7,73.7,26.3,,"Hunter Greene","R",0.455,0.4,0.909,0.4,"7:10 PM ET","Cincinnati Reds","Chicago Cubs","Great American Ball Park","Hunter Greene",21.6,3.3,35,20,N/A,1,"3.1",7,1,3.33,6.5,-107,-119,"rotowire","Shota Imanaga",4.28,1.1,24.1,6.3,5,7,"103.0",100,18,5.72,5.5,-118,-108,"rotowire",4.64,"Alta",19.2,4.1,"Alta",20.1,4.2,0.698,0.309,0.389,25.3,5.1,0.749,0.337,0.412,21.3,29.9,59,3.2,243,1012.3,15,"Parcialmente Nublado",33.9,0.223,0.678,0.302,0.376,4.5,79,0.239,0.761,0.33,0.431,4.5,34,0.239,0.738,0.332,0.406,4.5,84,0.258,0.777,0.351,0.426,4.5,34,6,89,89,6,86,252,8.2,19.2,2,5,6,9.2,20.1,4,8,4,10.31,6.5,3.83,3.41,66.7,11.1,22.2,33.3,35,20,16.9,25.8,,7,0,3.3,20,89,7,,,3.3,,,20,,,28.5,,,,70,2.2,6.22,20,52.8,0,0,0,0,"Tyler Stephenson",-9.799634424838587,20.0,3.3,7.0,20,3.3,0,0,3.67,4.75,3.32,3.29,36,10.5,38.8,32.2,24.1,6.3,15.4,29.9,,5.2,1.94,5.4,21.4,85,8,4,4,4.7,6.3,5.3,19,27,20,29.8,10,28,28,85,5.1,5.63,21.4,49.1,15,2.8,0,33,"Carson Kelly",-0.32006287013526025,22.0,5.4,5.3,19,4.7,0,0,0.308,0.318,0.162,0.28,38.7,9.9,73.3,24.9,26.8,73.3,26.7,20.6,34.3,33.6,34.6,48,0.33,0.329,0.168,0.289,40.8,8.5,75.7,21.1,21.6,75.7,24.3,17.7,30,35.3,34.2,33.2,17.32,6.64,1.75,-0.051,-0.011,0.54,-0.9,0,-0.04,0,-1,,0,0,"none","Scheduled",0,,,"fastball",52.8,,,,4.45,26.969696969696972,"fastball",49.1,"splitter",33,,3.97196261682243,15.74074074074074,29.666666666666668,"Extra Rest",84,"Extra Rest","R","L",8.2,19.2,9.2,20.1,2,4765.555555555556,1011.1111111111111,0,5400,1142.2222222222222,0,,,,,,,,,35.7,28.9,33.3,22.1,103,104,118
"824493","2026-07-10","Carson Kelly","Chicago Cubs",8,"R","C",0.278,0.368,0.397,0.765,0.341,0.119,239,58,10,0,5,16.7,11.3,0.286,0.899,0.476,10,6,2,0.67,0.934,0.328,0.52,17.1,16.1,80.5,80.5,19.5,,"Hunter Greene","R",0.455,0.4,0.909,0.4,"7:10 PM ET","Cincinnati Reds","Chicago Cubs","Great American Ball Park","Hunter Greene",21.6,3.3,35,20,N/A,1,"3.1",7,1,3.33,6.5,-107,-119,"rotowire","Shota Imanaga",4.28,1.1,24.1,6.3,5,7,"103.0",100,18,5.72,5.5,-118,-108,"rotowire",4.64,"Alta",19.2,4.1,"Alta",20.1,4.2,0.698,0.309,0.389,25.3,5.1,0.749,0.337,0.412,21.3,29.9,59,3.2,243,1012.3,15,"Parcialmente Nublado",33.9,0.223,0.678,0.302,0.376,4.5,79,0.239,0.761,0.33,0.431,4.5,34,0.239,0.738,0.332,0.406,4.5,84,0.258,0.777,0.351,0.426,4.5,34,6,89,89,6,86,252,8.2,19.2,2,5,6,9.2,20.1,4,8,4,10.31,6.5,3.83,3.41,66.7,11.1,22.2,33.3,35,20,16.9,25.8,,7,0,3.3,20,89,7,,,3.3,,,20,,,28.5,,,,70,2.2,6.22,20,52.8,0,0,0,0,"Tyler Stephenson",-9.799634424838587,20.0,3.3,7.0,20,3.3,0,0,3.67,4.75,3.32,3.29,36,10.5,38.8,32.2,24.1,6.3,15.4,29.9,,5.2,1.94,5.4,21.4,85,8,4,4,4.7,6.3,5.3,19,27,20,29.8,10,28,28,85,5.1,5.63,21.4,49.1,15,2.8,0,33,"Carson Kelly",-0.32006287013526025,22.0,5.4,5.3,19,4.7,0,0,0.308,0.318,0.162,0.28,38.7,9.9,73.3,24.9,26.8,73.3,26.7,20.6,34.3,33.6,34.6,48,0.33,0.329,0.168,0.289,40.8,8.5,75.7,21.1,21.6,75.7,24.3,17.7,30,35.3,34.2,33.2,17.32,6.64,1.75,-0.051,-0.011,0.54,-0.9,0,-0.04,0,-1,,0,0,"none","Scheduled",0,,,"fastball",52.8,,,,4.45,26.969696969696972,"fastball",49.1,"splitter",33,,3.97196261682243,15.74074074074074,29.666666666666668,"Extra Rest",84,"Extra Rest","R","L",8.2,19.2,9.2,20.1,2,4765.555555555556,1011.1111111111111,0,5400,1142.2222222222222,0,,,,,,,,,35.7,28.9,33.3,22.1,103,104,118
"824493","2026-07-10","Michael Conforto","Chicago Cubs",9,"L","DH",0.248,0.338,0.496,0.834,0.357,0.248,157,34,10,0,8,28,12.1,0.333,1.179,0.762,16,7,3,0.772,2.467,0.447,1.8,29.1,0,71.4,71.4,28.6,,"Hunter Greene","R",0.455,0.4,0.909,0.4,"7:10 PM ET","Cincinnati Reds","Chicago Cubs","Great American Ball Park","Hunter Greene",21.6,3.3,35,20,N/A,1,"3.1",7,1,3.33,6.5,-107,-119,"rotowire","Shota Imanaga",4.28,1.1,24.1,6.3,5,7,"103.0",100,18,5.72,5.5,-118,-108,"rotowire",4.64,"Alta",19.2,4.1,"Alta",20.1,4.2,0.698,0.309,0.389,25.3,5.1,0.749,0.337,0.412,21.3,29.9,59,3.2,243,1012.3,15,"Parcialmente Nublado",33.9,0.223,0.678,0.302,0.376,4.5,79,0.239,0.761,0.33,0.431,4.5,34,0.239,0.738,0.332,0.406,4.5,84,0.258,0.777,0.351,0.426,4.5,34,6,89,89,6,86,252,8.2,19.2,2,5,6,9.2,20.1,4,8,4,10.31,6.5,3.83,3.41,66.7,11.1,22.2,33.3,35,20,16.9,25.8,,7,0,3.3,20,89,7,,,3.3,,,20,,,28.5,,,,70,2.2,6.22,20,52.8,0,0,0,0,"Tyler Stephenson",-9.799634424838587,20.0,3.3,7.0,20,3.3,0,0,3.67,4.75,3.32,3.29,36,10.5,38.8,32.2,24.1,6.3,15.4,29.9,,5.2,1.94,5.4,21.4,85,8,4,4,4.7,6.3,5.3,19,27,20,29.8,10,28,28,85,5.1,5.63,21.4,49.1,15,2.8,0,33,"Carson Kelly",-0.32006287013526025,22.0,5.4,5.3,19,4.7,0,0,0.308,0.318,0.162,0.28,38.7,9.9,73.3,24.9,26.8,73.3,26.7,20.6,34.3,33.6,34.6,48,0.33,0.329,0.168,0.289,40.8,8.5,75.7,21.1,21.6,75.7,24.3,17.7,30,35.3,34.2,33.2,17.32,6.64,1.75,-0.051,-0.011,0.54,-0.9,0,-0.04,0,-1,,0,0,"none","Scheduled",0,,,"fastball",52.8,,,,4.45,26.969696969696972,"fastball",49.1,"splitter",33,,3.97196261682243,15.74074074074074,29.666666666666668,"Extra Rest",84,"Extra Rest","R","L",8.2,19.2,9.2,20.1,2,4765.555555555556,1011.1111111111111,0,5400,1142.2222222222222,0,,,,,,,,,35.7,28.9,33.3,22.1,103,104,118
"822955","2026-07-10","Junior Caminero","Tampa Bay Rays",1,"R","3B",0.277,0.367,0.546,0.913,0.387,0.269,398,96,12,0,27,18.3,12.3,0.148,0.714,0.481,13,4,3,0.885,0.99,0.546,0.547,20.2,13.2,77.2,77.2,22.8,,"Luis Castillo","R",0.255,0.255,0.457,0.34,"7:10 PM ET","Tampa Bay Rays","Seattle Mariners","Tropicana Field","Nick Martinez",2.61,1.13,15,4.4,7,2,"100.0",61,17,5.88,4.5,123,-157,"rotowire","Luis Castillo",4.79,1.33,21.1,7.4,3,7,"82.2",77,17,4.86,4.5,-104,-123,"rotowire",4.38,"Alta",25,3.52,"Alta",16,4.5,0.73,0.334,0.396,17.6,4.1,0.691,0.311,0.38,23.1,31.5,65,18.7,203,1019.4,30,"Parcialmente Nublado",34.9,0.262,0.752,0.34,0.412,4.5,72,0.247,0.68,0.32,0.36,4.5,16,0.239,0.717,0.318,0.399,4.5,86,0.208,0.621,0.293,0.328,4.5,26,7,85,258,7,101,255,12,25,4,6,4,9.1,16,2,3,6,4.68,3.91,3.88,4.37,33.1,7.4,35.6,28.5,15,4.4,9.1,26.5,,3.8,1.47,5.9,23.4,85,3,3,5,5.3,5.7,6,21,23,24,10.9,,,,86,6,4.6,23.4,62.6,2.7,6.9,27.8,0,"Nick Fortes",-0.9314613668567249,22.7,5.7,3.7,21,5.3,0,0,4.56,3.91,3.62,3.9,44.3,9,38.4,26.7,21.1,7.4,12.7,26,,4.6,0.8,5.5,22.6,89,4,4,4,6,6,5.7,26,22,27,23.7,,,,85,5.1,4.86,22.6,60.1,27.5,0,12.4,0,"Cal Raleigh",-0.8922917741010253,25.0,5.9,4.0,22,5.7,0,0,0.322,0.308,0.138,0.303,34.4,4.9,81.3,19.2,18,81.3,18.7,14.9,22.1,24.8,26.4,19.2,0.306,0.321,0.15,0.277,40,9.1,71.7,23.2,25.5,71.7,28.3,22,39.7,32.8,32,32.1,-2.18,0.12,0,0.039,-0.013,0.86,0.4,0,0.09,0,2.9,,0,0,"none","Scheduled",0,,,"fastball",62.6,"changeup",27.8,,3.632478632478633,14.406779661016948,"fastball",60.1,"slider",27.5,,3.9380530973451324,16.181818181818183,86,"Extra Rest",85,"Extra Rest","R","R",12,25,9.1,16,4,6362.222222222223,925.5555555555555,0,4671.111111111111,966.6666666666666,0,,,,,,,,,16,17.6,13.5,25.8,102,94,102
"822955","2026-07-10","Jonathan Aranda","Tampa Bay Rays",2,"L","1B",0.287,0.387,0.448,0.835,0.369,0.161,393,94,14,0,13,22.1,13,0.222,0.535,0.259,7,6,1,0.9,0.678,0.504,0.313,20.1,27,78.3,78.3,21.7,,"Luis Castillo","R",0.255,0.255,0.457,0.34,"7:10 PM ET","Tampa Bay Rays","Seattle Mariners","Tropicana Field","Nick Martinez",2.61,1.13,15,4.4,7,2,"100.0",61,17,5.88,4.5,123,-157,"rotowire","Luis Castillo",4.79,1.33,21.1,7.4,3,7,"82.2",77,17,4.86,4.5,-104,-123,"rotowire",4.38,"Alta",25,3.52,"Alta",16,4.5,0.73,0.334,0.396,17.6,4.1,0.691,0.311,0.38,23.1,31.5,65,18.7,203,1019.4,30,"Parcialmente Nublado",34.9,0.262,0.752,0.34,0.412,4.5,72,0.247,0.68,0.32,0.36,4.5,16,0.239,0.717,0.318,0.399,4.5,86,0.208,0.621,0.293,0.328,4.5,26,7,85,258,7,101,255,12,25,4,6,4,9.1,16,2,3,6,4.68,3.91,3.88,4.37,33.1,7.4,35.6,28.5,15,4.4,9.1,26.5,,3.8,1.47,5.9,23.4,85,3,3,5,5.3,5.7,6,21,23,24,10.9,,,,86,6,4.6,23.4,62.6,2.7,6.9,27.8,0,"Nick Fortes",-0.9314613668567249,22.7,5.7,3.7,21,5.3,0,0,4.56,3.91,3.62,3.9,44.3,9,38.4,26.7,21.1,7.4,12.7,26,,4.6,0.8,5.5,22.6,89,4,4,4,6,6,5.7,26,22,27,23.7,,,,85,5.1,4.86,22.6,60.1,27.5,0,12.4,0,"Cal Raleigh",-0.8922917741010253,25.0,5.9,4.0,22,5.7,0,0,0.322,0.308,0.138,0.303,34.4,4.9,81.3,19.2,18,81.3,18.7,14.9,22.1,24.8,26.4,19.2,0.306,0.321,0.15,0.277,40,9.1,71.7,23.2,25.5,71.7,28.3,22,39.7,32.8,32,32.1,-2.18,0.12,0,0.039,-0.013,0.86,0.4,0,0.09,0,2.9,,0,0,"none","Scheduled",0,,,"fastball",62.6,"changeup",27.8,,3.632478632478633,14.406779661016948,"fastball",60.1,"slider",27.5,,3.9380530973451324,16.181818181818183,86,"Extra Rest",85,"Extra Rest","R","R",12,25,9.1,16,4,6362.222222222223,925.5555555555555,0,4671.111111111111,966.6666666666666,0,,,,,,,,,16,17.6,13.5,25.8,102,94,102
"822955","2026-07-10","Yandy Díaz","Tampa Bay Rays",3,"R","DH",0.326,0.405,0.498,0.903,0.392,0.172,380,108,16,1,13,13.9,9.7,0.296,0.789,0.444,12,8,2,0.922,0.855,0.506,0.478,13.5,15.1,85.6,85.6,14.4,,"Luis Castillo","R",0.255,0.255,0.457,0.34,"7:10 PM ET","Tampa Bay Rays","Seattle Mariners","Tropicana Field","Nick Martinez",2.61,1.13,15,4.4,7,2,"100.0",61,17,5.88,4.5,123,-157,"rotowire","Luis Castillo",4.79,1.33,21.1,7.4,3,7,"82.2",77,17,4.86,4.5,-104,-123,"rotowire",4.38,"Alta",25,3.52,"Alta",16,4.5,0.73,0.334,0.396,17.6,4.1,0.691,0.311,0.38,23.1,31.5,65,18.7,203,1019.4,30,"Parcialmente Nublado",34.9,0.262,0.752,0.34,0.412,4.5,72,0.247,0.68,0.32,0.36,4.5,16,0.239,0.717,0.318,0.399,4.5,86,0.208,0.621,0.293,0.328,4.5,26,7,85,258,7,101,255,12,25,4,6,4,9.1,16,2,3,6,4.68,3.91,3.88,4.37,33.1,7.4,35.6,28.5,15,4.4,9.1,26.5,,3.8,1.47,5.9,23.4,85,3,3,5,5.3,5.7,6,21,23,24,10.9,,,,86,6,4.6,23.4,62.6,2.7,6.9,27.8,0,"Nick Fortes",-0.9314613668567249,22.7,5.7,3.7,21,5.3,0,0,4.56,3.91,3.62,3.9,44.3,9,38.4,26.7,21.1,7.4,12.7,26,,4.6,0.8,5.5,22.6,89,4,4,4,6,6,5.7,26,22,27,23.7,,,,85,5.1,4.86,22.6,60.1,27.5,0,12.4,0,"Cal Raleigh",-0.8922917741010253,25.0,5.9,4.0,22,5.7,0,0,0.322,0.308,0.138,0.303,34.4,4.9,81.3,19.2,18,81.3,18.7,14.9,22.1,24.8,26.4,19.2,0.306,0.321,0.15,0.277,40,9.1,71.7,23.2,25.5,71.7,28.3,22,39.7,32.8,32,32.1,-2.18,0.12,0,0.039,-0.013,0.86,0.4,0,0.09,0,2.9,,0,0,"none","Scheduled",0,,,"fastball",62.6,"changeup",27.8,,3.632478632478633,14.406779661016948,"fastball",60.1,"slider",27.5,,3.9380530973451324,16.181818181818183,86,"Extra Rest",85,"Extra Rest","R","R",12,25,9.1,16,4,6362.222222222223,925.5555555555555,0,4671.111111111111,966.6666666666666,0,,,,,,,,,16,17.6,13.5,25.8,102,94,102
"822955","2026-07-10","Chandler Simpson","Tampa Bay Rays",4,"L","LF",0.277,0.314,0.34,0.654,0.289,0.063,343,88,8,6,0,9.6,5.2,0.37,0.926,0.556,15,10,3,0.704,0.534,0.357,0.299,8.4,12.4,88.9,88.9,11.1,,"Luis Castillo","R",0.255,0.255,0.457,0.34,"7:10 PM ET","Tampa Bay Rays","Seattle Mariners","Tropicana Field","Nick Martinez",2.61,1.13,15,4.4,7,2,"100.0",61,17,5.88,4.5,123,-157,"rotowire","Luis Castillo",4.79,1.33,21.1,7.4,3,7,"82.2",77,17,4.86,4.5,-104,-123,"rotowire",4.38,"Alta",25,3.52,"Alta",16,4.5,0.73,0.334,0.396,17.6,4.1,0.691,0.311,0.38,23.1,31.5,65,18.7,203,1019.4,30,"Parcialmente Nublado",34.9,0.262,0.752,0.34,0.412,4.5,72,0.247,0.68,0.32,0.36,4.5,16,0.239,0.717,0.318,0.399,4.5,86,0.208,0.621,0.293,0.328,4.5,26,7,85,258,7,101,255,12,25,4,6,4,9.1,16,2,3,6,4.68,3.91,3.88,4.37,33.1,7.4,35.6,28.5,15,4.4,9.1,26.5,,3.8,1.47,5.9,23.4,85,3,3,5,5.3,5.7,6,21,23,24,10.9,,,,86,6,4.6,23.4,62.6,2.7,6.9,27.8,0,"Nick Fortes",-0.9314613668567249,22.7,5.7,3.7,21,5.3,0,0,4.56,3.91,3.62,3.9,44.3,9,38.4,26.7,21.1,7.4,12.7,26,,4.6,0.8,5.5,22.6,89,4,4,4,6,6,5.7,26,22,27,23.7,,,,85,5.1,4.86,22.6,60.1,27.5,0,12.4,0,"Cal Raleigh",-0.8922917741010253,25.0,5.9,4.0,22,5.7,0,0,0.322,0.308,0.138,0.303,34.4,4.9,81.3,19.2,18,81.3,18.7,14.9,22.1,24.8,26.4,19.2,0.306,0.321,0.15,0.277,40,9.1,71.7,23.2,25.5,71.7,28.3,22,39.7,32.8,32,32.1,-2.18,0.12,0,0.039,-0.013,0.86,0.4,0,0.09,0,2.9,,0,0,"none","Scheduled",0,,,"fastball",62.6,"changeup",27.8,,3.632478632478633,14.406779661016948,"fastball",60.1,"slider",27.5,,3.9380530973451324,16.181818181818183,86,"Extra Rest",85,"Extra Rest","R","R",12,25,9.1,16,4,6362.222222222223,925.5555555555555,0,4671.111111111111,966.6666666666666,0,,,,,,,,,16,17.6,13.5,25.8,102,94,102
"822955","2026-07-10","Cedric Mullins","Tampa Bay Rays",5,"L","CF",0.204,0.285,0.338,0.623,0.279,0.134,308,55,4,1,10,20.5,8.4,0.125,0.472,0.25,6,3,1,0.646,0.549,0.371,0.234,22,15.8,77.9,77.9,22.1,,"Luis Castillo","R",0.255,0.255,0.457,0.34,"7:10 PM ET","Tampa Bay Rays","Seattle Mariners","Tropicana Field","Nick Martinez",2.61,1.13,15,4.4,7,2,"100.0",61,17,5.88,4.5,123,-157,"rotowire","Luis Castillo",4.79,1.33,21.1,7.4,3,7,"82.2",77,17,4.86,4.5,-104,-123,"rotowire",4.38,"Alta",25,3.52,"Alta",16,4.5,0.73,0.334,0.396,17.6,4.1,0.691,0.311,0.38,23.1,31.5,65,18.7,203,1019.4,30,"Parcialmente Nublado",34.9,0.262,0.752,0.34,0.412,4.5,72,0.247,0.68,0.32,0.36,4.5,16,0.239,0.717,0.318,0.399,4.5,86,0.208,0.621,0.293,0.328,4.5,26,7,85,258,7,101,255,12,25,4,6,4,9.1,16,2,3,6,4.68,3.91,3.88,4.37,33.1,7.4,35.6,28.5,15,4.4,9.1,26.5,,3.8,1.47,5.9,23.4,85,3,3,5,5.3,5.7,6,21,23,24,10.9,,,,86,6,4.6,23.4,62.6,2.7,6.9,27.8,0,"Nick Fortes",-0.9314613668567249,22.7,5.7,3.7,21,5.3,0,0,4.56,3.91,3.62,3.9,44.3,9,38.4,26.7,21.1,7.4,12.7,26,,4.6,0.8,5.5,22.6,89,4,4,4,6,6,5.7,26,22,27,23.7,,,,85,5.1,4.86,22.6,60.1,27.5,0,12.4,0,"Cal Raleigh",-0.8922917741010253,25.0,5.9,4.0,22,5.7,0,0,0.322,0.308,0.138,0.303,34.4,4.9,81.3,19.2,18,81.3,18.7,14.9,22.1,24.8,26.4,19.2,0.306,0.321,0.15,0.277,40,9.1,71.7,23.2,25.5,71.7,28.3,22,39.7,32.8,32,32.1,-2.18,0.12,0,0.039,-0.013,0.86,0.4,0,0.09,0,2.9,,0,0,"none","Scheduled",0,,,"fastball",62.6,"changeup",27.8,,3.632478632478633,14.406779661016948,"fastball",60.1,"slider",27.5,,3.9380530973451324,16.181818181818183,86,"Extra Rest",85,"Extra Rest","R","R",12,25,9.1,16,4,6362.222222222223,925.5555555555555,0,4671.111111111111,966.6666666666666,0,,,,,,,,,16,17.6,13.5,25.8,102,94,102
"822955","2026-07-10","Taylor Walls","Tampa Bay Rays",6,"S","SS",0.22,0.32,0.289,0.609,0.281,0.069,259,48,11,2,0,25.1,12,0.13,0.405,0.174,4,3,1,0.664,0.507,0.319,0.234,27.1,21.5,77.5,77.5,22.5,,"Luis Castillo","R",0.255,0.255,0.457,0.34,"7:10 PM ET","Tampa Bay Rays","Seattle Mariners","Tropicana Field","Nick Martinez",2.61,1.13,15,4.4,7,2,"100.0",61,17,5.88,4.5,123,-157,"rotowire","Luis Castillo",4.79,1.33,21.1,7.4,3,7,"82.2",77,17,4.86,4.5,-104,-123,"rotowire",4.38,"Alta",25,3.52,"Alta",16,4.5,0.73,0.334,0.396,17.6,4.1,0.691,0.311,0.38,23.1,31.5,65,18.7,203,1019.4,30,"Parcialmente Nublado",34.9,0.262,0.752,0.34,0.412,4.5,72,0.247,0.68,0.32,0.36,4.5,16,0.239,0.717,0.318,0.399,4.5,86,0.208,0.621,0.293,0.328,4.5,26,7,85,258,7,101,255,12,25,4,6,4,9.1,16,2,3,6,4.68,3.91,3.88,4.37,33.1,7.4,35.6,28.5,15,4.4,9.1,26.5,,3.8,1.47,5.9,23.4,85,3,3,5,5.3,5.7,6,21,23,24,10.9,,,,86,6,4.6,23.4,62.6,2.7,6.9,27.8,0,"Nick Fortes",-0.9314613668567249,22.7,5.7,3.7,21,5.3,0,0,4.56,3.91,3.62,3.9,44.3,9,38.4,26.7,21.1,7.4,12.7,26,,4.6,0.8,5.5,22.6,89,4,4,4,6,6,5.7,26,22,27,23.7,,,,85,5.1,4.86,22.6,60.1,27.5,0,12.4,0,"Cal Raleigh",-0.8922917741010253,25.0,5.9,4.0,22,5.7,0,0,0.322,0.308,0.138,0.303,34.4,4.9,81.3,19.2,18,81.3,18.7,14.9,22.1,24.8,26.4,19.2,0.306,0.321,0.15,0.277,40,9.1,71.7,23.2,25.5,71.7,28.3,22,39.7,32.8,32,32.1,-2.18,0.12,0,0.039,-0.013,0.86,0.4,0,0.09,0,2.9,,0,0,"none","Scheduled",0,,,"fastball",62.6,"changeup",27.8,,3.632478632478633,14.406779661016948,"fastball",60.1,"slider",27.5,,3.9380530973451324,16.181818181818183,86,"Extra Rest",85,"Extra Rest","R","R",12,25,9.1,16,4,6362.222222222223,925.5555555555555,0,4671.111111111111,966.6666666666666,0,,,,,,,,,16,17.6,13.5,25.8,102,94,102
"822955","2026-07-10","Nick Fortes","Tampa Bay Rays",7,"R","C",0.257,0.301,0.342,0.643,0.285,0.085,218,52,11,0,2,11.9,2.8,0.267,0.846,0.533,8,4,2,0.692,0.582,0.384,0.289,12.8,10.9,85.5,85.5,14.5,,"Luis Castillo","R",0.255,0.255,0.457,0.34,"7:10 PM ET","Tampa Bay Rays","Seattle Mariners","Tropicana Field","Nick Martinez",2.61,1.13,15,4.4,7,2,"100.0",61,17,5.88,4.5,123,-157,"rotowire","Luis Castillo",4.79,1.33,21.1,7.4,3,7,"82.2",77,17,4.86,4.5,-104,-123,"rotowire",4.38,"Alta",25,3.52,"Alta",16,4.5,0.73,0.334,0.396,17.6,4.1,0.691,0.311,0.38,23.1,31.5,65,18.7,203,1019.4,30,"Parcialmente Nublado",34.9,0.262,0.752,0.34,0.412,4.5,72,0.247,0.68,0.32,0.36,4.5,16,0.239,0.717,0.318,0.399,4.5,86,0.208,0.621,0.293,0.328,4.5,26,7,85,258,7,101,255,12,25,4,6,4,9.1,16,2,3,6,4.68,3.91,3.88,4.37,33.1,7.4,35.6,28.5,15,4.4,9.1,26.5,,3.8,1.47,5.9,23.4,85,3,3,5,5.3,5.7,6,21,23,24,10.9,,,,86,6,4.6,23.4,62.6,2.7,6.9,27.8,0,"Nick Fortes",-0.9314613668567249,22.7,5.7,3.7,21,5.3,0,0,4.56,3.91,3.62,3.9,44.3,9,38.4,26.7,21.1,7.4,12.7,26,,4.6,0.8,5.5,22.6,89,4,4,4,6,6,5.7,26,22,27,23.7,,,,85,5.1,4.86,22.6,60.1,27.5,0,12.4,0,"Cal Raleigh",-0.8922917741010253,25.0,5.9,4.0,22,5.7,0,0,0.322,0.308,0.138,0.303,34.4,4.9,81.3,19.2,18,81.3,18.7,14.9,22.1,24.8,26.4,19.2,0.306,0.321,0.15,0.277,40,9.1,71.7,23.2,25.5,71.7,28.3,22,39.7,32.8,32,32.1,-2.18,0.12,0,0.039,-0.013,0.86,0.4,0,0.09,0,2.9,,0,0,"none","Scheduled",0,,,"fastball",62.6,"changeup",27.8,,3.632478632478633,14.406779661016948,"fastball",60.1,"slider",27.5,,3.9380530973451324,16.181818181818183,86,"Extra Rest",85,"Extra Rest","R","R",12,25,9.1,16,4,6362.222222222223,925.5555555555555,0,4671.111111111111,966.6666666666666,0,,,,,,,,,16,17.6,13.5,25.8,102,94,102
"822955","2026-07-10","Richie Palacios","Tampa Bay Rays",8,"L","2B",0.245,0.338,0.335,0.673,0.305,0.09,216,46,7,2,2,18.1,11.1,0.368,0.979,0.579,11,7,2,0.677,0.641,0.337,0.32,17.6,21.4,78.7,78.7,21.3,,"Luis Castillo","R",0.255,0.255,0.457,0.34,"7:10 PM ET","Tampa Bay Rays","Seattle Mariners","Tropicana Field","Nick Martinez",2.61,1.13,15,4.4,7,2,"100.0",61,17,5.88,4.5,123,-157,"rotowire","Luis Castillo",4.79,1.33,21.1,7.4,3,7,"82.2",77,17,4.86,4.5,-104,-123,"rotowire",4.38,"Alta",25,3.52,"Alta",16,4.5,0.73,0.334,0.396,17.6,4.1,0.691,0.311,0.38,23.1,31.5,65,18.7,203,1019.4,30,"Parcialmente Nublado",34.9,0.262,0.752,0.34,0.412,4.5,72,0.247,0.68,0.32,0.36,4.5,16,0.239,0.717,0.318,0.399,4.5,86,0.208,0.621,0.293,0.328,4.5,26,7,85,258,7,101,255,12,25,4,6,4,9.1,16,2,3,6,4.68,3.91,3.88,4.37,33.1,7.4,35.6,28.5,15,4.4,9.1,26.5,,3.8,1.47,5.9,23.4,85,3,3,5,5.3,5.7,6,21,23,24,10.9,,,,86,6,4.6,23.4,62.6,2.7,6.9,27.8,0,"Nick Fortes",-0.9314613668567249,22.7,5.7,3.7,21,5.3,0,0,4.56,3.91,3.62,3.9,44.3,9,38.4,26.7,21.1,7.4,12.7,26,,4.6,0.8,5.5,22.6,89,4,4,4,6,6,5.7,26,22,27,23.7,,,,85,5.1,4.86,22.6,60.1,27.5,0,12.4,0,"Cal Raleigh",-0.8922917741010253,25.0,5.9,4.0,22,5.7,0,0,0.322,0.308,0.138,0.303,34.4,4.9,81.3,19.2,18,81.3,18.7,14.9,22.1,24.8,26.4,19.2,0.306,0.321,0.15,0.277,40,9.1,71.7,23.2,25.5,71.7,28.3,22,39.7,32.8,32,32.1,-2.18,0.12,0,0.039,-0.013,0.86,0.4,0,0.09,0,2.9,,0,0,"none","Scheduled",0,,,"fastball",62.6,"changeup",27.8,,3.632478632478633,14.406779661016948,"fastball",60.1,"slider",27.5,,3.9380530973451324,16.181818181818183,86,"Extra Rest",85,"Extra Rest","R","R",12,25,9.1,16,4,6362.222222222223,925.5555555555555,0,4671.111111111111,966.6666666666666,0,,,,,,,,,16,17.6,13.5,25.8,102,94,102
"822955","2026-07-10","Ben Williamson","Tampa Bay Rays",9,"R","2B",0.237,0.308,0.32,0.628,0.282,0.083,215,46,8,1,2,19.5,8.8,0.25,0.568,0.25,5,5,0,0.609,0.65,0.278,0.372,20.2,18.7,82,82,18,,"Luis Castillo","R",0.255,0.255,0.457,0.34,"7:10 PM ET","Tampa Bay Rays","Seattle Mariners","Tropicana Field","Nick Martinez",2.61,1.13,15,4.4,7,2,"100.0",61,17,5.88,4.5,123,-157,"rotowire","Luis Castillo",4.79,1.33,21.1,7.4,3,7,"82.2",77,17,4.86,4.5,-104,-123,"rotowire",4.38,"Alta",25,3.52,"Alta",16,4.5,0.73,0.334,0.396,17.6,4.1,0.691,0.311,0.38,23.1,31.5,65,18.7,203,1019.4,30,"Parcialmente Nublado",34.9,0.262,0.752,0.34,0.412,4.5,72,0.247,0.68,0.32,0.36,4.5,16,0.239,0.717,0.318,0.399,4.5,86,0.208,0.621,0.293,0.328,4.5,26,7,85,258,7,101,255,12,25,4,6,4,9.1,16,2,3,6,4.68,3.91,3.88,4.37,33.1,7.4,35.6,28.5,15,4.4,9.1,26.5,,3.8,1.47,5.9,23.4,85,3,3,5,5.3,5.7,6,21,23,24,10.9,,,,86,6,4.6,23.4,62.6,2.7,6.9,27.8,0,"Nick Fortes",-0.9314613668567249,22.7,5.7,3.7,21,5.3,0,0,4.56,3.91,3.62,3.9,44.3,9,38.4,26.7,21.1,7.4,12.7,26,,4.6,0.8,5.5,22.6,89,4,4,4,6,6,5.7,26,22,27,23.7,,,,85,5.1,4.86,22.6,60.1,27.5,0,12.4,0,"Cal Raleigh",-0.8922917741010253,25.0,5.9,4.0,22,5.7,0,0,0.322,0.308,0.138,0.303,34.4,4.9,81.3,19.2,18,81.3,18.7,14.9,22.1,24.8,26.4,19.2,0.306,0.321,0.15,0.277,40,9.1,71.7,23.2,25.5,71.7,28.3,22,39.7,32.8,32,32.1,-2.18,0.12,0,0.039,-0.013,0.86,0.4,0,0.09,0,2.9,,0,0,"none","Scheduled",0,,,"fastball",62.6,"changeup",27.8,,3.632478632478633,14.406779661016948,"fastball",60.1,"slider",27.5,,3.9380530973451324,16.181818181818183,86,"Extra Rest",85,"Extra Rest","R","R",12,25,9.1,16,4,6362.222222222223,925.5555555555555,0,4671.111111111111,966.6666666666666,0,,,,,,,,,16,17.6,13.5,25.8,102,94,102
"822955","2026-07-10","Josh Naylor","Seattle Mariners",1,"L","1B",0.251,0.312,0.353,0.665,0.294,0.102,376,86,11,0,8,12.5,7.4,0.179,0.386,0.179,5,5,0,0.671,0.647,0.36,0.333,10.2,18.6,81,81,19,,"Nick Martinez","R",0.24,0.261,0.407,0.379,"7:10 PM ET","Tampa Bay Rays","Seattle Mariners","Tropicana Field","Nick Martinez",2.61,1.13,15,4.4,7,2,"100.0",61,17,5.88,4.5,123,-157,"rotowire","Luis Castillo",4.79,1.33,21.1,7.4,3,7,"82.2",77,17,4.86,4.5,-104,-123,"rotowire",4.38,"Alta",25,3.52,"Alta",16,4.5,0.73,0.334,0.396,17.6,4.1,0.691,0.311,0.38,23.1,31.5,65,18.7,203,1019.4,30,"Parcialmente Nublado",34.9,0.262,0.752,0.34,0.412,4.5,72,0.247,0.68,0.32,0.36,4.5,16,0.239,0.717,0.318,0.399,4.5,86,0.208,0.621,0.293,0.328,4.5,26,7,85,258,7,101,255,12,25,4,6,4,9.1,16,2,3,6,4.68,3.91,3.88,4.37,33.1,7.4,35.6,28.5,15,4.4,9.1,26.5,,3.8,1.47,5.9,23.4,85,3,3,5,5.3,5.7,6,21,23,24,10.9,,,,86,6,4.6,23.4,62.6,2.7,6.9,27.8,0,"Nick Fortes",-0.9314613668567249,22.7,5.7,3.7,21,5.3,0,0,4.56,3.91,3.62,3.9,44.3,9,38.4,26.7,21.1,7.4,12.7,26,,4.6,0.8,5.5,22.6,89,4,4,4,6,6,5.7,26,22,27,23.7,,,,85,5.1,4.86,22.6,60.1,27.5,0,12.4,0,"Cal Raleigh",-0.8922917741010253,25.0,5.9,4.0,22,5.7,0,0,0.322,0.308,0.138,0.303,34.4,4.9,81.3,19.2,18,81.3,18.7,14.9,22.1,24.8,26.4,19.2,0.306,0.321,0.15,0.277,40,9.1,71.7,23.2,25.5,71.7,28.3,22,39.7,32.8,32,32.1,-2.18,0.12,0,0.039,-0.013,0.86,0.4,0,0.09,0,2.9,,0,0,"none","Scheduled",0,,,"fastball",62.6,"changeup",27.8,,3.632478632478633,14.406779661016948,"fastball",60.1,"slider",27.5,,3.9380530973451324,16.181818181818183,86,"Extra Rest",85,"Extra Rest","R","R",12,25,9.1,16,4,6362.222222222223,925.5555555555555,0,4671.111111111111,966.6666666666666,0,,,,,,,,,16,17.6,13.5,25.8,102,94,102
"822955","2026-07-10","Cole Young","Seattle Mariners",2,"L","2B",0.252,0.315,0.386,0.701,0.31,0.134,373,85,13,1,10,18.2,6.7,0.13,0.504,0.304,7,3,2,0.74,0.607,0.407,0.337,17.2,20.7,80.1,80.1,19.9,,"Nick Martinez","R",0.24,0.261,0.407,0.379,"7:10 PM ET","Tampa Bay Rays","Seattle Mariners","Tropicana Field","Nick Martinez",2.61,1.13,15,4.4,7,2,"100.0",61,17,5.88,4.5,123,-157,"rotowire","Luis Castillo",4.79,1.33,21.1,7.4,3,7,"82.2",77,17,4.86,4.5,-104,-123,"rotowire",4.38,"Alta",25,3.52,"Alta",16,4.5,0.73,0.334,0.396,17.6,4.1,0.691,0.311,0.38,23.1,31.5,65,18.7,203,1019.4,30,"Parcialmente Nublado",34.9,0.262,0.752,0.34,0.412,4.5,72,0.247,0.68,0.32,0.36,4.5,16,0.239,0.717,0.318,0.399,4.5,86,0.208,0.621,0.293,0.328,4.5,26,7,85,258,7,101,255,12,25,4,6,4,9.1,16,2,3,6,4.68,3.91,3.88,4.37,33.1,7.4,35.6,28.5,15,4.4,9.1,26.5,,3.8,1.47,5.9,23.4,85,3,3,5,5.3,5.7,6,21,23,24,10.9,,,,86,6,4.6,23.4,62.6,2.7,6.9,27.8,0,"Nick Fortes",-0.9314613668567249,22.7,5.7,3.7,21,5.3,0,0,4.56,3.91,3.62,3.9,44.3,9,38.4,26.7,21.1,7.4,12.7,26,,4.6,0.8,5.5,22.6,89,4,4,4,6,6,5.7,26,22,27,23.7,,,,85,5.1,4.86,22.6,60.1,27.5,0,12.4,0,"Cal Raleigh",-0.8922917741010253,25.0,5.9,4.0,22,5.7,0,0,0.322,0.308,0.138,0.303,34.4,4.9,81.3,19.2,18,81.3,18.7,14.9,22.1,24.8,26.4,19.2,0.306,0.321,0.15,0.277,40,9.1,71.7,23.2,25.5,71.7,28.3,22,39.7,32.8,32,32.1,-2.18,0.12,0,0.039,-0.013,0.86,0.4,0,0.09,0,2.9,,0,0,"none","Scheduled",0,,,"fastball",62.6,"changeup",27.8,,3.632478632478633,14.406779661016948,"fastball",60.1,"slider",27.5,,3.9380530973451324,16.181818181818183,86,"Extra Rest",85,"Extra Rest","R","R",12,25,9.1,16,4,6362.222222222223,925.5555555555555,0,4671.111111111111,966.6666666666666,0,,,,,,,,,16,17.6,13.5,25.8,102,94,102
"822955","2026-07-10","Randy Arozarena","Seattle Mariners",3,"R","LF",0.287,0.38,0.455,0.835,0.368,0.168,366,90,21,1,10,21.6,9.6,0.333,1.109,0.625,15,8,3,0.851,0.781,0.46,0.44,21,23.5,73.1,73.1,26.9,,"Nick Martinez","R",0.24,0.261,0.407,0.379,"7:10 PM ET","Tampa Bay Rays","Seattle Mariners","Tropicana Field","Nick Martinez",2.61,1.13,15,4.4,7,2,"100.0",61,17,5.88,4.5,123,-157,"rotowire","Luis Castillo",4.79,1.33,21.1,7.4,3,7,"82.2",77,17,4.86,4.5,-104,-123,"rotowire",4.38,"Alta",25,3.52,"Alta",16,4.5,0.73,0.334,0.396,17.6,4.1,0.691,0.311,0.38,23.1,31.5,65,18.7,203,1019.4,30,"Parcialmente Nublado",34.9,0.262,0.752,0.34,0.412,4.5,72,0.247,0.68,0.32,0.36,4.5,16,0.239,0.717,0.318,0.399,4.5,86,0.208,0.621,0.293,0.328,4.5,26,7,85,258,7,101,255,12,25,4,6,4,9.1,16,2,3,6,4.68,3.91,3.88,4.37,33.1,7.4,35.6,28.5,15,4.4,9.1,26.5,,3.8,1.47,5.9,23.4,85,3,3,5,5.3,5.7,6,21,23,24,10.9,,,,86,6,4.6,23.4,62.6,2.7,6.9,27.8,0,"Nick Fortes",-0.9314613668567249,22.7,5.7,3.7,21,5.3,0,0,4.56,3.91,3.62,3.9,44.3,9,38.4,26.7,21.1,7.4,12.7,26,,4.6,0.8,5.5,22.6,89,4,4,4,6,6,5.7,26,22,27,23.7,,,,85,5.1,4.86,22.6,60.1,27.5,0,12.4,0,"Cal Raleigh",-0.8922917741010253,25.0,5.9,4.0,22,5.7,0,0,0.322,0.308,0.138,0.303,34.4,4.9,81.3,19.2,18,81.3,18.7,14.9,22.1,24.8,26.4,19.2,0.306,0.321,0.15,0.277,40,9.1,71.7,23.2,25.5,71.7,28.3,22,39.7,32.8,32,32.1,-2.18,0.12,0,0.039,-0.013,0.86,0.4,0,0.09,0,2.9,,0,0,"none","Scheduled",0,,,"fastball",62.6,"changeup",27.8,,3.632478632478633,14.406779661016948,"fastball",60.1,"slider",27.5,,3.9380530973451324,16.181818181818183,86,"Extra Rest",85,"Extra Rest","R","R",12,25,9.1,16,4,6362.222222222223,925.5555555555555,0,4671.111111111111,966.6666666666666,0,,,,,,,,,16,17.6,13.5,25.8,102,94,102
"822955","2026-07-10","J.P. Crawford","Seattle Mariners",4,"L","SS",0.21,0.329,0.346,0.675,0.307,0.136,322,57,7,0,10,21.1,13.7,0.167,0.583,0.25,6,4,2,0.702,0.599,0.382,0.247,23.4,15.4,82,82,18,,"Nick Martinez","R",0.24,0.261,0.407,0.379,"7:10 PM ET","Tampa Bay Rays","Seattle Mariners","Tropicana Field","Nick Martinez",2.61,1.13,15,4.4,7,2,"100.0",61,17,5.88,4.5,123,-157,"rotowire","Luis Castillo",4.79,1.33,21.1,7.4,3,7,"82.2",77,17,4.86,4.5,-104,-123,"rotowire",4.38,"Alta",25,3.52,"Alta",16,4.5,0.73,0.334,0.396,17.6,4.1,0.691,0.311,0.38,23.1,31.5,65,18.7,203,1019.4,30,"Parcialmente Nublado",34.9,0.262,0.752,0.34,0.412,4.5,72,0.247,0.68,0.32,0.36,4.5,16,0.239,0.717,0.318,0.399,4.5,86,0.208,0.621,0.293,0.328,4.5,26,7,85,258,7,101,255,12,25,4,6,4,9.1,16,2,3,6,4.68,3.91,3.88,4.37,33.1,7.4,35.6,28.5,15,4.4,9.1,26.5,,3.8,1.47,5.9,23.4,85,3,3,5,5.3,5.7,6,21,23,24,10.9,,,,86,6,4.6,23.4,62.6,2.7,6.9,27.8,0,"Nick Fortes",-0.9314613668567249,22.7,5.7,3.7,21,5.3,0,0,4.56,3.91,3.62,3.9,44.3,9,38.4,26.7,21.1,7.4,12.7,26,,4.6,0.8,5.5,22.6,89,4,4,4,6,6,5.7,26,22,27,23.7,,,,85,5.1,4.86,22.6,60.1,27.5,0,12.4,0,"Cal Raleigh",-0.8922917741010253,25.0,5.9,4.0,22,5.7,0,0,0.322,0.308,0.138,0.303,34.4,4.9,81.3,19.2,18,81.3,18.7,14.9,22.1,24.8,26.4,19.2,0.306,0.321,0.15,0.277,40,9.1,71.7,23.2,25.5,71.7,28.3,22,39.7,32.8,32,32.1,-2.18,0.12,0,0.039,-0.013,0.86,0.4,0,0.09,0,2.9,,0,0,"none","Scheduled",0,,,"fastball",62.6,"changeup",27.8,,3.632478632478633,14.406779661016948,"fastball",60.1,"slider",27.5,,3.9380530973451324,16.181818181818183,86,"Extra Rest",85,"Extra Rest","R","R",12,25,9.1,16,4,6362.222222222223,925.5555555555555,0,4671.111111111111,966.6666666666666,0,,,,,,,,,16,17.6,13.5,25.8,102,94,102
"822955","2026-07-10","Cal Raleigh","Seattle Mariners",5,"S","C",0.168,0.266,0.315,0.581,0.263,0.147,267,39,7,0,9,32.2,12,0.2,0.659,0.4,10,5,3,0.642,0.422,0.365,0.185,31.9,32.9,68.7,68.7,31.3,,"Nick Martinez","R",0.24,0.261,0.407,0.379,"7:10 PM ET","Tampa Bay Rays","Seattle Mariners","Tropicana Field","Nick Martinez",2.61,1.13,15,4.4,7,2,"100.0",61,17,5.88,4.5,123,-157,"rotowire","Luis Castillo",4.79,1.33,21.1,7.4,3,7,"82.2",77,17,4.86,4.5,-104,-123,"rotowire",4.38,"Alta",25,3.52,"Alta",16,4.5,0.73,0.334,0.396,17.6,4.1,0.691,0.311,0.38,23.1,31.5,65,18.7,203,1019.4,30,"Parcialmente Nublado",34.9,0.262,0.752,0.34,0.412,4.5,72,0.247,0.68,0.32,0.36,4.5,16,0.239,0.717,0.318,0.399,4.5,86,0.208,0.621,0.293,0.328,4.5,26,7,85,258,7,101,255,12,25,4,6,4,9.1,16,2,3,6,4.68,3.91,3.88,4.37,33.1,7.4,35.6,28.5,15,4.4,9.1,26.5,,3.8,1.47,5.9,23.4,85,3,3,5,5.3,5.7,6,21,23,24,10.9,,,,86,6,4.6,23.4,62.6,2.7,6.9,27.8,0,"Nick Fortes",-0.9314613668567249,22.7,5.7,3.7,21,5.3,0,0,4.56,3.91,3.62,3.9,44.3,9,38.4,26.7,21.1,7.4,12.7,26,,4.6,0.8,5.5,22.6,89,4,4,4,6,6,5.7,26,22,27,23.7,,,,85,5.1,4.86,22.6,60.1,27.5,0,12.4,0,"Cal Raleigh",-0.8922917741010253,25.0,5.9,4.0,22,5.7,0,0,0.322,0.308,0.138,0.303,34.4,4.9,81.3,19.2,18,81.3,18.7,14.9,22.1,24.8,26.4,19.2,0.306,0.321,0.15,0.277,40,9.1,71.7,23.2,25.5,71.7,28.3,22,39.7,32.8,32,32.1,-2.18,0.12,0,0.039,-0.013,0.86,0.4,0,0.09,0,2.9,,0,0,"none","Scheduled",0,,,"fastball",62.6,"changeup",27.8,,3.632478632478633,14.406779661016948,"fastball",60.1,"slider",27.5,,3.9380530973451324,16.181818181818183,86,"Extra Rest",85,"Extra Rest","R","R",12,25,9.1,16,4,6362.222222222223,925.5555555555555,0,4671.111111111111,966.6666666666666,0,,,,,,,,,16,17.6,13.5,25.8,102,94,102
"822955","2026-07-10","Luke Raley","Seattle Mariners",6,"L","RF",0.235,0.295,0.465,0.76,0.326,0.23,253,54,9,1,14,32.4,5.1,0.208,0.532,0.292,7,5,2,0.789,0.465,0.488,0.238,33.5,21.7,58.8,58.8,41.2,,"Nick Martinez","R",0.24,0.261,0.407,0.379,"7:10 PM ET","Tampa Bay Rays","Seattle Mariners","Tropicana Field","Nick Martinez",2.61,1.13,15,4.4,7,2,"100.0",61,17,5.88,4.5,123,-157,"rotowire","Luis Castillo",4.79,1.33,21.1,7.4,3,7,"82.2",77,17,4.86,4.5,-104,-123,"rotowire",4.38,"Alta",25,3.52,"Alta",16,4.5,0.73,0.334,0.396,17.6,4.1,0.691,0.311,0.38,23.1,31.5,65,18.7,203,1019.4,30,"Parcialmente Nublado",34.9,0.262,0.752,0.34,0.412,4.5,72,0.247,0.68,0.32,0.36,4.5,16,0.239,0.717,0.318,0.399,4.5,86,0.208,0.621,0.293,0.328,4.5,26,7,85,258,7,101,255,12,25,4,6,4,9.1,16,2,3,6,4.68,3.91,3.88,4.37,33.1,7.4,35.6,28.5,15,4.4,9.1,26.5,,3.8,1.47,5.9,23.4,85,3,3,5,5.3,5.7,6,21,23,24,10.9,,,,86,6,4.6,23.4,62.6,2.7,6.9,27.8,0,"Nick Fortes",-0.9314613668567249,22.7,5.7,3.7,21,5.3,0,0,4.56,3.91,3.62,3.9,44.3,9,38.4,26.7,21.1,7.4,12.7,26,,4.6,0.8,5.5,22.6,89,4,4,4,6,6,5.7,26,22,27,23.7,,,,85,5.1,4.86,22.6,60.1,27.5,0,12.4,0,"Cal Raleigh",-0.8922917741010253,25.0,5.9,4.0,22,5.7,0,0,0.322,0.308,0.138,0.303,34.4,4.9,81.3,19.2,18,81.3,18.7,14.9,22.1,24.8,26.4,19.2,0.306,0.321,0.15,0.277,40,9.1,71.7,23.2,25.5,71.7,28.3,22,39.7,32.8,32,32.1,-2.18,0.12,0,0.039,-0.013,0.86,0.4,0,0.09,0,2.9,,0,0,"none","Scheduled",0,,,"fastball",62.6,"changeup",27.8,,3.632478632478633,14.406779661016948,"fastball",60.1,"slider",27.5,,3.9380530973451324,16.181818181818183,86,"Extra Rest",85,"Extra Rest","R","R",12,25,9.1,16,4,6362.222222222223,925.5555555555555,0,4671.111111111111,966.6666666666666,0,,,,,,,,,16,17.6,13.5,25.8,102,94,102
"822955","2026-07-10","Dominic Canzone","Seattle Mariners",7,"L","DH",0.269,0.341,0.543,0.884,0.378,0.274,246,59,13,1,15,20.7,8.9,0.241,0.842,0.552,16,7,3,0.87,0.993,0.543,0.545,20.3,24.1,71.3,71.3,28.7,,"Nick Martinez","R",0.24,0.261,0.407,0.379,"7:10 PM ET","Tampa Bay Rays","Seattle Mariners","Tropicana Field","Nick Martinez",2.61,1.13,15,4.4,7,2,"100.0",61,17,5.88,4.5,123,-157,"rotowire","Luis Castillo",4.79,1.33,21.1,7.4,3,7,"82.2",77,17,4.86,4.5,-104,-123,"rotowire",4.38,"Alta",25,3.52,"Alta",16,4.5,0.73,0.334,0.396,17.6,4.1,0.691,0.311,0.38,23.1,31.5,65,18.7,203,1019.4,30,"Parcialmente Nublado",34.9,0.262,0.752,0.34,0.412,4.5,72,0.247,0.68,0.32,0.36,4.5,16,0.239,0.717,0.318,0.399,4.5,86,0.208,0.621,0.293,0.328,4.5,26,7,85,258,7,101,255,12,25,4,6,4,9.1,16,2,3,6,4.68,3.91,3.88,4.37,33.1,7.4,35.6,28.5,15,4.4,9.1,26.5,,3.8,1.47,5.9,23.4,85,3,3,5,5.3,5.7,6,21,23,24,10.9,,,,86,6,4.6,23.4,62.6,2.7,6.9,27.8,0,"Nick Fortes",-0.9314613668567249,22.7,5.7,3.7,21,5.3,0,0,4.56,3.91,3.62,3.9,44.3,9,38.4,26.7,21.1,7.4,12.7,26,,4.6,0.8,5.5,22.6,89,4,4,4,6,6,5.7,26,22,27,23.7,,,,85,5.1,4.86,22.6,60.1,27.5,0,12.4,0,"Cal Raleigh",-0.8922917741010253,25.0,5.9,4.0,22,5.7,0,0,0.322,0.308,0.138,0.303,34.4,4.9,81.3,19.2,18,81.3,18.7,14.9,22.1,24.8,26.4,19.2,0.306,0.321,0.15,0.277,40,9.1,71.7,23.2,25.5,71.7,28.3,22,39.7,32.8,32,32.1,-2.18,0.12,0,0.039,-0.013,0.86,0.4,0,0.09,0,2.9,,0,0,"none","Scheduled",0,,,"fastball",62.6,"changeup",27.8,,3.632478632478633,14.406779661016948,"fastball",60.1,"slider",27.5,,3.9380530973451324,16.181818181818183,86,"Extra Rest",85,"Extra Rest","R","R",12,25,9.1,16,4,6362.222222222223,925.5555555555555,0,4671.111111111111,966.6666666666666,0,,,,,,,,,16,17.6,13.5,25.8,102,94,102
"822955","2026-07-10","Colt Emerson","Seattle Mariners",8,"L","SS",0.206,0.282,0.404,0.686,0.299,0.198,156,29,5,1,7,34.6,8.3,0.136,0.344,0.136,3,3,0,0.702,0.64,0.413,0.378,35.1,33.3,64.2,64.2,35.8,,"Nick Martinez","R",0.24,0.261,0.407,0.379,"7:10 PM ET","Tampa Bay Rays","Seattle Mariners","Tropicana Field","Nick Martinez",2.61,1.13,15,4.4,7,2,"100.0",61,17,5.88,4.5,123,-157,"rotowire","Luis Castillo",4.79,1.33,21.1,7.4,3,7,"82.2",77,17,4.86,4.5,-104,-123,"rotowire",4.38,"Alta",25,3.52,"Alta",16,4.5,0.73,0.334,0.396,17.6,4.1,0.691,0.311,0.38,23.1,31.5,65,18.7,203,1019.4,30,"Parcialmente Nublado",34.9,0.262,0.752,0.34,0.412,4.5,72,0.247,0.68,0.32,0.36,4.5,16,0.239,0.717,0.318,0.399,4.5,86,0.208,0.621,0.293,0.328,4.5,26,7,85,258,7,101,255,12,25,4,6,4,9.1,16,2,3,6,4.68,3.91,3.88,4.37,33.1,7.4,35.6,28.5,15,4.4,9.1,26.5,,3.8,1.47,5.9,23.4,85,3,3,5,5.3,5.7,6,21,23,24,10.9,,,,86,6,4.6,23.4,62.6,2.7,6.9,27.8,0,"Nick Fortes",-0.9314613668567249,22.7,5.7,3.7,21,5.3,0,0,4.56,3.91,3.62,3.9,44.3,9,38.4,26.7,21.1,7.4,12.7,26,,4.6,0.8,5.5,22.6,89,4,4,4,6,6,5.7,26,22,27,23.7,,,,85,5.1,4.86,22.6,60.1,27.5,0,12.4,0,"Cal Raleigh",-0.8922917741010253,25.0,5.9,4.0,22,5.7,0,0,0.322,0.308,0.138,0.303,34.4,4.9,81.3,19.2,18,81.3,18.7,14.9,22.1,24.8,26.4,19.2,0.306,0.321,0.15,0.277,40,9.1,71.7,23.2,25.5,71.7,28.3,22,39.7,32.8,32,32.1,-2.18,0.12,0,0.039,-0.013,0.86,0.4,0,0.09,0,2.9,,0,0,"none","Scheduled",0,,,"fastball",62.6,"changeup",27.8,,3.632478632478633,14.406779661016948,"fastball",60.1,"slider",27.5,,3.9380530973451324,16.181818181818183,86,"Extra Rest",85,"Extra Rest","R","R",12,25,9.1,16,4,6362.222222222223,925.5555555555555,0,4671.111111111111,966.6666666666666,0,,,,,,,,,16,17.6,13.5,25.8,102,94,102
"822955","2026-07-10","Mitch Garver","Seattle Mariners",9,"R","C",0.192,0.323,0.327,0.65,0.297,0.135,124,20,2,0,4,31.5,15.3,0.222,0.722,0.389,7,4,1,0.583,0.745,0.295,0.372,37,23.5,66,66,34,,"Nick Martinez","R",0.24,0.261,0.407,0.379,"7:10 PM ET","Tampa Bay Rays","Seattle Mariners","Tropicana Field","Nick Martinez",2.61,1.13,15,4.4,7,2,"100.0",61,17,5.88,4.5,123,-157,"rotowire","Luis Castillo",4.79,1.33,21.1,7.4,3,7,"82.2",77,17,4.86,4.5,-104,-123,"rotowire",4.38,"Alta",25,3.52,"Alta",16,4.5,0.73,0.334,0.396,17.6,4.1,0.691,0.311,0.38,23.1,31.5,65,18.7,203,1019.4,30,"Parcialmente Nublado",34.9,0.262,0.752,0.34,0.412,4.5,72,0.247,0.68,0.32,0.36,4.5,16,0.239,0.717,0.318,0.399,4.5,86,0.208,0.621,0.293,0.328,4.5,26,7,85,258,7,101,255,12,25,4,6,4,9.1,16,2,3,6,4.68,3.91,3.88,4.37,33.1,7.4,35.6,28.5,15,4.4,9.1,26.5,,3.8,1.47,5.9,23.4,85,3,3,5,5.3,5.7,6,21,23,24,10.9,,,,86,6,4.6,23.4,62.6,2.7,6.9,27.8,0,"Nick Fortes",-0.9314613668567249,22.7,5.7,3.7,21,5.3,0,0,4.56,3.91,3.62,3.9,44.3,9,38.4,26.7,21.1,7.4,12.7,26,,4.6,0.8,5.5,22.6,89,4,4,4,6,6,5.7,26,22,27,23.7,,,,85,5.1,4.86,22.6,60.1,27.5,0,12.4,0,"Cal Raleigh",-0.8922917741010253,25.0,5.9,4.0,22,5.7,0,0,0.322,0.308,0.138,0.303,34.4,4.9,81.3,19.2,18,81.3,18.7,14.9,22.1,24.8,26.4,19.2,0.306,0.321,0.15,0.277,40,9.1,71.7,23.2,25.5,71.7,28.3,22,39.7,32.8,32,32.1,-2.18,0.12,0,0.039,-0.013,0.86,0.4,0,0.09,0,2.9,,0,0,"none","Scheduled",0,,,"fastball",62.6,"changeup",27.8,,3.632478632478633,14.406779661016948,"fastball",60.1,"slider",27.5,,3.9380530973451324,16.181818181818183,86,"Extra Rest",85,"Extra Rest","R","R",12,25,9.1,16,4,6362.222222222223,925.5555555555555,0,4671.111111111111,966.6666666666666,0,,,,,,,,,16,17.6,13.5,25.8,102,94,102
"823845","2026-07-10","Otto Lopez","Miami Marlins",1,"R","SS",0.345,0.378,0.522,0.9,0.389,0.177,397,127,26,6,9,13.1,4.8,0.484,1.464,0.935,29,15,8,0.838,1.112,0.481,0.663,14.3,9,81.3,81.3,18.7,,"Parker Messick","L",0.241,0.206,0.37,0.343,"7:10 PM ET","Miami Marlins","Cleveland Guardians","loanDepot park","Sandy Alcantara",4,1.25,17.8,6.4,10,4,"123.2",92,19,6.51,5.5,118,-150,"rotowire","Parker Messick",2.8,1.08,25.8,7.6,7,5,"106.0",109,18,5.89,5.5,104,-132,"rotowire",3.73,"Alta",20.2,3.79,"Alta",22.1,4.6,0.745,0.332,0.413,17.4,4,0.679,0.31,0.369,21.8,30.2,68,11,113,1018.7,9,"Parcialmente Nublado",34.5,0.259,0.749,0.334,0.415,4.5,71,0.242,0.731,0.324,0.407,4.5,24,0.229,0.686,0.31,0.376,4.5,64,0.225,0.663,0.311,0.352,4.5,26,6,100,305,6,100,278,12,20.2,4,7,4,9.1,22.1,2,8,6,3.78,3.94,3.71,4.28,35.3,5.2,45.2,24.2,17.8,6.4,11.1,27.5,,5.6,1.85,6.9,28.6,102,8,3,4,8,5.7,6.7,31,27,27,6,,,,99,6.2,5.48,28.6,58.6,15.7,3.9,21.8,0,"Liam Hicks",-0.9544336350912788,28.3,6.8,5.0,27,5.7,0,0,3.22,3.18,2.86,3.23,33.5,5.3,44.1,21.7,25.8,7.6,12.8,28.4,,6.2,2.79,6.2,25.6,95,3,5,10,5,6.7,7.7,23,28,27,,,,,96,6.1,6.1,25.6,58.4,6.4,11.4,23.8,0,"Patrick Bailey",2.294559932062316,26.0,6.5,6.0,23,5,0,0,0.327,0.322,0.158,0.309,39.5,6.4,79.1,23.6,21.1,79.1,20.9,13.3,28.6,22.9,33.7,37.6,0.301,0.298,0.141,0.278,34.9,6.3,74.8,22,20.9,74.8,25.2,20.7,32.9,23.3,32.4,33.3,1.2,0.56,0.76,0.066,0.024,-0.06,0.6,0,0.05,0,2.9,,0,0,"none","Scheduled",0,,,"fastball",58.6,"changeup",21.8,,3.5664335664335662,14.782608695652174,"fastball",58.4,"changeup",23.8,,3.7109375,15.32258064516129,101.66666666666667,"Extra Rest",92.66666666666667,"Extra Rest","R","L",12,20.2,9.1,22.1,4,6082.222222222223,886.6666666666666,0,5172.222222222223,1097.7777777777778,0,,,,,,,,,18.2,22.7,17.2,27,97,100,86
"823845","2026-07-10","Xavier Edwards","Miami Marlins",2,"S","2B",0.302,0.386,0.428,0.814,0.358,0.126,397,103,13,6,6,11.8,12.6,0.292,0.844,0.375,9,7,1,0.806,0.842,0.416,0.472,10.8,15.9,85.3,85.3,14.7,,"Parker Messick","L",0.241,0.206,0.37,0.343,"7:10 PM ET","Miami Marlins","Cleveland Guardians","loanDepot park","Sandy Alcantara",4,1.25,17.8,6.4,10,4,"123.2",92,19,6.51,5.5,118,-150,"rotowire","Parker Messick",2.8,1.08,25.8,7.6,7,5,"106.0",109,18,5.89,5.5,104,-132,"rotowire",3.73,"Alta",20.2,3.79,"Alta",22.1,4.6,0.745,0.332,0.413,17.4,4,0.679,0.31,0.369,21.8,30.2,68,11,113,1018.7,9,"Parcialmente Nublado",34.5,0.259,0.749,0.334,0.415,4.5,71,0.242,0.731,0.324,0.407,4.5,24,0.229,0.686,0.31,0.376,4.5,64,0.225,0.663,0.311,0.352,4.5,26,6,100,305,6,100,278,12,20.2,4,7,4,9.1,22.1,2,8,6,3.78,3.94,3.71,4.28,35.3,5.2,45.2,24.2,17.8,6.4,11.1,27.5,,5.6,1.85,6.9,28.6,102,8,3,4,8,5.7,6.7,31,27,27,6,,,,99,6.2,5.48,28.6,58.6,15.7,3.9,21.8,0,"Liam Hicks",-0.9544336350912788,28.3,6.8,5.0,27,5.7,0,0,3.22,3.18,2.86,3.23,33.5,5.3,44.1,21.7,25.8,7.6,12.8,28.4,,6.2,2.79,6.2,25.6,95,3,5,10,5,6.7,7.7,23,28,27,,,,,96,6.1,6.1,25.6,58.4,6.4,11.4,23.8,0,"Patrick Bailey",2.294559932062316,26.0,6.5,6.0,23,5,0,0,0.327,0.322,0.158,0.309,39.5,6.4,79.1,23.6,21.1,79.1,20.9,13.3,28.6,22.9,33.7,37.6,0.301,0.298,0.141,0.278,34.9,6.3,74.8,22,20.9,74.8,25.2,20.7,32.9,23.3,32.4,33.3,1.2,0.56,0.76,0.066,0.024,-0.06,0.6,0,0.05,0,2.9,,0,0,"none","Scheduled",0,,,"fastball",58.6,"changeup",21.8,,3.5664335664335662,14.782608695652174,"fastball",58.4,"changeup",23.8,,3.7109375,15.32258064516129,101.66666666666667,"Extra Rest",92.66666666666667,"Extra Rest","R","L",12,20.2,9.1,22.1,4,6082.222222222223,886.6666666666666,0,5172.222222222223,1097.7777777777778,0,,,,,,,,,18.2,22.7,17.2,27,97,100,86
"823845","2026-07-10","Jakob Marsee","Miami Marlins",3,"L","CF",0.199,0.32,0.3,0.62,0.286,0.101,379,63,11,3,5,22.2,12.7,0.333,0.957,0.476,10,7,1,0.619,0.618,0.304,0.281,20.3,28.6,81.2,81.2,18.8,,"Parker Messick","L",0.241,0.206,0.37,0.343,"7:10 PM ET","Miami Marlins","Cleveland Guardians","loanDepot park","Sandy Alcantara",4,1.25,17.8,6.4,10,4,"123.2",92,19,6.51,5.5,118,-150,"rotowire","Parker Messick",2.8,1.08,25.8,7.6,7,5,"106.0",109,18,5.89,5.5,104,-132,"rotowire",3.73,"Alta",20.2,3.79,"Alta",22.1,4.6,0.745,0.332,0.413,17.4,4,0.679,0.31,0.369,21.8,30.2,68,11,113,1018.7,9,"Parcialmente Nublado",34.5,0.259,0.749,0.334,0.415,4.5,71,0.242,0.731,0.324,0.407,4.5,24,0.229,0.686,0.31,0.376,4.5,64,0.225,0.663,0.311,0.352,4.5,26,6,100,305,6,100,278,12,20.2,4,7,4,9.1,22.1,2,8,6,3.78,3.94,3.71,4.28,35.3,5.2,45.2,24.2,17.8,6.4,11.1,27.5,,5.6,1.85,6.9,28.6,102,8,3,4,8,5.7,6.7,31,27,27,6,,,,99,6.2,5.48,28.6,58.6,15.7,3.9,21.8,0,"Liam Hicks",-0.9544336350912788,28.3,6.8,5.0,27,5.7,0,0,3.22,3.18,2.86,3.23,33.5,5.3,44.1,21.7,25.8,7.6,12.8,28.4,,6.2,2.79,6.2,25.6,95,3,5,10,5,6.7,7.7,23,28,27,,,,,96,6.1,6.1,25.6,58.4,6.4,11.4,23.8,0,"Patrick Bailey",2.294559932062316,26.0,6.5,6.0,23,5,0,0,0.327,0.322,0.158,0.309,39.5,6.4,79.1,23.6,21.1,79.1,20.9,13.3,28.6,22.9,33.7,37.6,0.301,0.298,0.141,0.278,34.9,6.3,74.8,22,20.9,74.8,25.2,20.7,32.9,23.3,32.4,33.3,1.2,0.56,0.76,0.066,0.024,-0.06,0.6,0,0.05,0,2.9,,0,0,"none","Scheduled",0,,,"fastball",58.6,"changeup",21.8,,3.5664335664335662,14.782608695652174,"fastball",58.4,"changeup",23.8,,3.7109375,15.32258064516129,101.66666666666667,"Extra Rest",92.66666666666667,"Extra Rest","R","L",12,20.2,9.1,22.1,4,6082.222222222223,886.6666666666666,0,5172.222222222223,1097.7777777777778,0,,,,,,,,,18.2,22.7,17.2,27,97,100,86
"823845","2026-07-10","Liam Hicks","Miami Marlins",4,"L","C",0.286,0.358,0.459,0.817,0.359,0.173,333,83,9,1,13,9,9.3,0.313,0.728,0.375,12,10,2,0.879,0.554,0.504,0.268,7.1,17.2,89.5,89.5,10.5,,"Parker Messick","L",0.241,0.206,0.37,0.343,"7:10 PM ET","Miami Marlins","Cleveland Guardians","loanDepot park","Sandy Alcantara",4,1.25,17.8,6.4,10,4,"123.2",92,19,6.51,5.5,118,-150,"rotowire","Parker Messick",2.8,1.08,25.8,7.6,7,5,"106.0",109,18,5.89,5.5,104,-132,"rotowire",3.73,"Alta",20.2,3.79,"Alta",22.1,4.6,0.745,0.332,0.413,17.4,4,0.679,0.31,0.369,21.8,30.2,68,11,113,1018.7,9,"Parcialmente Nublado",34.5,0.259,0.749,0.334,0.415,4.5,71,0.242,0.731,0.324,0.407,4.5,24,0.229,0.686,0.31,0.376,4.5,64,0.225,0.663,0.311,0.352,4.5,26,6,100,305,6,100,278,12,20.2,4,7,4,9.1,22.1,2,8,6,3.78,3.94,3.71,4.28,35.3,5.2,45.2,24.2,17.8,6.4,11.1,27.5,,5.6,1.85,6.9,28.6,102,8,3,4,8,5.7,6.7,31,27,27,6,,,,99,6.2,5.48,28.6,58.6,15.7,3.9,21.8,0,"Liam Hicks",-0.9544336350912788,28.3,6.8,5.0,27,5.7,0,0,3.22,3.18,2.86,3.23,33.5,5.3,44.1,21.7,25.8,7.6,12.8,28.4,,6.2,2.79,6.2,25.6,95,3,5,10,5,6.7,7.7,23,28,27,,,,,96,6.1,6.1,25.6,58.4,6.4,11.4,23.8,0,"Patrick Bailey",2.294559932062316,26.0,6.5,6.0,23,5,0,0,0.327,0.322,0.158,0.309,39.5,6.4,79.1,23.6,21.1,79.1,20.9,13.3,28.6,22.9,33.7,37.6,0.301,0.298,0.141,0.278,34.9,6.3,74.8,22,20.9,74.8,25.2,20.7,32.9,23.3,32.4,33.3,1.2,0.56,0.76,0.066,0.024,-0.06,0.6,0,0.05,0,2.9,,0,0,"none","Scheduled",0,,,"fastball",58.6,"changeup",21.8,,3.5664335664335662,14.782608695652174,"fastball",58.4,"changeup",23.8,,3.7109375,15.32258064516129,101.66666666666667,"Extra Rest",92.66666666666667,"Extra Rest","R","L",12,20.2,9.1,22.1,4,6082.222222222223,886.6666666666666,0,5172.222222222223,1097.7777777777778,0,,,,,,,,,18.2,22.7,17.2,27,97,100,86
"823845","2026-07-10","Kyle Stowers","Miami Marlins",5,"L","LF",0.243,0.327,0.467,0.794,0.342,0.224,295,63,16,3,12,31.5,9.2,0.31,1.079,0.724,21,9,4,0.837,0.606,0.498,0.333,31.7,30.9,64.7,64.7,35.3,,"Parker Messick","L",0.241,0.206,0.37,0.343,"7:10 PM ET","Miami Marlins","Cleveland Guardians","loanDepot park","Sandy Alcantara",4,1.25,17.8,6.4,10,4,"123.2",92,19,6.51,5.5,118,-150,"rotowire","Parker Messick",2.8,1.08,25.8,7.6,7,5,"106.0",109,18,5.89,5.5,104,-132,"rotowire",3.73,"Alta",20.2,3.79,"Alta",22.1,4.6,0.745,0.332,0.413,17.4,4,0.679,0.31,0.369,21.8,30.2,68,11,113,1018.7,9,"Parcialmente Nublado",34.5,0.259,0.749,0.334,0.415,4.5,71,0.242,0.731,0.324,0.407,4.5,24,0.229,0.686,0.31,0.376,4.5,64,0.225,0.663,0.311,0.352,4.5,26,6,100,305,6,100,278,12,20.2,4,7,4,9.1,22.1,2,8,6,3.78,3.94,3.71,4.28,35.3,5.2,45.2,24.2,17.8,6.4,11.1,27.5,,5.6,1.85,6.9,28.6,102,8,3,4,8,5.7,6.7,31,27,27,6,,,,99,6.2,5.48,28.6,58.6,15.7,3.9,21.8,0,"Liam Hicks",-0.9544336350912788,28.3,6.8,5.0,27,5.7,0,0,3.22,3.18,2.86,3.23,33.5,5.3,44.1,21.7,25.8,7.6,12.8,28.4,,6.2,2.79,6.2,25.6,95,3,5,10,5,6.7,7.7,23,28,27,,,,,96,6.1,6.1,25.6,58.4,6.4,11.4,23.8,0,"Patrick Bailey",2.294559932062316,26.0,6.5,6.0,23,5,0,0,0.327,0.322,0.158,0.309,39.5,6.4,79.1,23.6,21.1,79.1,20.9,13.3,28.6,22.9,33.7,37.6,0.301,0.298,0.141,0.278,34.9,6.3,74.8,22,20.9,74.8,25.2,20.7,32.9,23.3,32.4,33.3,1.2,0.56,0.76,0.066,0.024,-0.06,0.6,0,0.05,0,2.9,,0,0,"none","Scheduled",0,,,"fastball",58.6,"changeup",21.8,,3.5664335664335662,14.782608695652174,"fastball",58.4,"changeup",23.8,,3.7109375,15.32258064516129,101.66666666666667,"Extra Rest",92.66666666666667,"Extra Rest","R","L",12,20.2,9.1,22.1,4,6082.222222222223,886.6666666666666,0,5172.222222222223,1097.7777777777778,0,,,,,,,,,18.2,22.7,17.2,27,97,100,86
"823845","2026-07-10","Javier Sanoja","Miami Marlins",6,"R","3B",0.278,0.32,0.417,0.737,0.32,0.139,232,60,17,2,3,9.1,6,0.286,0.747,0.429,9,6,3,0.706,0.81,0.391,0.477,6.7,14.5,88.7,88.7,11.3,,"Parker Messick","L",0.241,0.206,0.37,0.343,"7:10 PM ET","Miami Marlins","Cleveland Guardians","loanDepot park","Sandy Alcantara",4,1.25,17.8,6.4,10,4,"123.2",92,19,6.51,5.5,118,-150,"rotowire","Parker Messick",2.8,1.08,25.8,7.6,7,5,"106.0",109,18,5.89,5.5,104,-132,"rotowire",3.73,"Alta",20.2,3.79,"Alta",22.1,4.6,0.745,0.332,0.413,17.4,4,0.679,0.31,0.369,21.8,30.2,68,11,113,1018.7,9,"Parcialmente Nublado",34.5,0.259,0.749,0.334,0.415,4.5,71,0.242,0.731,0.324,0.407,4.5,24,0.229,0.686,0.31,0.376,4.5,64,0.225,0.663,0.311,0.352,4.5,26,6,100,305,6,100,278,12,20.2,4,7,4,9.1,22.1,2,8,6,3.78,3.94,3.71,4.28,35.3,5.2,45.2,24.2,17.8,6.4,11.1,27.5,,5.6,1.85,6.9,28.6,102,8,3,4,8,5.7,6.7,31,27,27,6,,,,99,6.2,5.48,28.6,58.6,15.7,3.9,21.8,0,"Liam Hicks",-0.9544336350912788,28.3,6.8,5.0,27,5.7,0,0,3.22,3.18,2.86,3.23,33.5,5.3,44.1,21.7,25.8,7.6,12.8,28.4,,6.2,2.79,6.2,25.6,95,3,5,10,5,6.7,7.7,23,28,27,,,,,96,6.1,6.1,25.6,58.4,6.4,11.4,23.8,0,"Patrick Bailey",2.294559932062316,26.0,6.5,6.0,23,5,0,0,0.327,0.322,0.158,0.309,39.5,6.4,79.1,23.6,21.1,79.1,20.9,13.3,28.6,22.9,33.7,37.6,0.301,0.298,0.141,0.278,34.9,6.3,74.8,22,20.9,74.8,25.2,20.7,32.9,23.3,32.4,33.3,1.2,0.56,0.76,0.066,0.024,-0.06,0.6,0,0.05,0,2.9,,0,0,"none","Scheduled",0,,,"fastball",58.6,"changeup",21.8,,3.5664335664335662,14.782608695652174,"fastball",58.4,"changeup",23.8,,3.7109375,15.32258064516129,101.66666666666667,"Extra Rest",92.66666666666667,"Extra Rest","R","L",12,20.2,9.1,22.1,4,6082.222222222223,886.6666666666666,0,5172.222222222223,1097.7777777777778,0,,,,,,,,,18.2,22.7,17.2,27,97,100,86
"823845","2026-07-10","Heriberto Hernández","Miami Marlins",7,"R","LF",0.234,0.315,0.469,0.784,0.337,0.235,216,45,7,1,12,22.7,10.2,0.35,1.508,1.05,21,7,6,0.732,0.87,0.421,0.549,24.4,19.8,68.6,68.6,31.4,,"Parker Messick","L",0.241,0.206,0.37,0.343,"7:10 PM ET","Miami Marlins","Cleveland Guardians","loanDepot park","Sandy Alcantara",4,1.25,17.8,6.4,10,4,"123.2",92,19,6.51,5.5,118,-150,"rotowire","Parker Messick",2.8,1.08,25.8,7.6,7,5,"106.0",109,18,5.89,5.5,104,-132,"rotowire",3.73,"Alta",20.2,3.79,"Alta",22.1,4.6,0.745,0.332,0.413,17.4,4,0.679,0.31,0.369,21.8,30.2,68,11,113,1018.7,9,"Parcialmente Nublado",34.5,0.259,0.749,0.334,0.415,4.5,71,0.242,0.731,0.324,0.407,4.5,24,0.229,0.686,0.31,0.376,4.5,64,0.225,0.663,0.311,0.352,4.5,26,6,100,305,6,100,278,12,20.2,4,7,4,9.1,22.1,2,8,6,3.78,3.94,3.71,4.28,35.3,5.2,45.2,24.2,17.8,6.4,11.1,27.5,,5.6,1.85,6.9,28.6,102,8,3,4,8,5.7,6.7,31,27,27,6,,,,99,6.2,5.48,28.6,58.6,15.7,3.9,21.8,0,"Liam Hicks",-0.9544336350912788,28.3,6.8,5.0,27,5.7,0,0,3.22,3.18,2.86,3.23,33.5,5.3,44.1,21.7,25.8,7.6,12.8,28.4,,6.2,2.79,6.2,25.6,95,3,5,10,5,6.7,7.7,23,28,27,,,,,96,6.1,6.1,25.6,58.4,6.4,11.4,23.8,0,"Patrick Bailey",2.294559932062316,26.0,6.5,6.0,23,5,0,0,0.327,0.322,0.158,0.309,39.5,6.4,79.1,23.6,21.1,79.1,20.9,13.3,28.6,22.9,33.7,37.6,0.301,0.298,0.141,0.278,34.9,6.3,74.8,22,20.9,74.8,25.2,20.7,32.9,23.3,32.4,33.3,1.2,0.56,0.76,0.066,0.024,-0.06,0.6,0,0.05,0,2.9,,0,0,"none","Scheduled",0,,,"fastball",58.6,"changeup",21.8,,3.5664335664335662,14.782608695652174,"fastball",58.4,"changeup",23.8,,3.7109375,15.32258064516129,101.66666666666667,"Extra Rest",92.66666666666667,"Extra Rest","R","L",12,20.2,9.1,22.1,4,6082.222222222223,886.6666666666666,0,5172.222222222223,1097.7777777777778,0,,,,,,,,,18.2,22.7,17.2,27,97,100,86
"823845","2026-07-10","Joe Mack","Miami Marlins",8,"L","C",0.243,0.304,0.419,0.723,0.315,0.176,163,36,5,0,7,23.9,7.4,0.188,0.841,0.563,9,3,2,0.755,0.609,0.44,0.344,22.8,27.8,76.2,76.2,23.8,,"Parker Messick","L",0.241,0.206,0.37,0.343,"7:10 PM ET","Miami Marlins","Cleveland Guardians","loanDepot park","Sandy Alcantara",4,1.25,17.8,6.4,10,4,"123.2",92,19,6.51,5.5,118,-150,"rotowire","Parker Messick",2.8,1.08,25.8,7.6,7,5,"106.0",109,18,5.89,5.5,104,-132,"rotowire",3.73,"Alta",20.2,3.79,"Alta",22.1,4.6,0.745,0.332,0.413,17.4,4,0.679,0.31,0.369,21.8,30.2,68,11,113,1018.7,9,"Parcialmente Nublado",34.5,0.259,0.749,0.334,0.415,4.5,71,0.242,0.731,0.324,0.407,4.5,24,0.229,0.686,0.31,0.376,4.5,64,0.225,0.663,0.311,0.352,4.5,26,6,100,305,6,100,278,12,20.2,4,7,4,9.1,22.1,2,8,6,3.78,3.94,3.71,4.28,35.3,5.2,45.2,24.2,17.8,6.4,11.1,27.5,,5.6,1.85,6.9,28.6,102,8,3,4,8,5.7,6.7,31,27,27,6,,,,99,6.2,5.48,28.6,58.6,15.7,3.9,21.8,0,"Liam Hicks",-0.9544336350912788,28.3,6.8,5.0,27,5.7,0,0,3.22,3.18,2.86,3.23,33.5,5.3,44.1,21.7,25.8,7.6,12.8,28.4,,6.2,2.79,6.2,25.6,95,3,5,10,5,6.7,7.7,23,28,27,,,,,96,6.1,6.1,25.6,58.4,6.4,11.4,23.8,0,"Patrick Bailey",2.294559932062316,26.0,6.5,6.0,23,5,0,0,0.327,0.322,0.158,0.309,39.5,6.4,79.1,23.6,21.1,79.1,20.9,13.3,28.6,22.9,33.7,37.6,0.301,0.298,0.141,0.278,34.9,6.3,74.8,22,20.9,74.8,25.2,20.7,32.9,23.3,32.4,33.3,1.2,0.56,0.76,0.066,0.024,-0.06,0.6,0,0.05,0,2.9,,0,0,"none","Scheduled",0,,,"fastball",58.6,"changeup",21.8,,3.5664335664335662,14.782608695652174,"fastball",58.4,"changeup",23.8,,3.7109375,15.32258064516129,101.66666666666667,"Extra Rest",92.66666666666667,"Extra Rest","R","L",12,20.2,9.1,22.1,4,6082.222222222223,886.6666666666666,0,5172.222222222223,1097.7777777777778,0,,,,,,,,,18.2,22.7,17.2,27,97,100,86
"823845","2026-07-10","Leo Jiménez","Miami Marlins",9,"R","3B",0.214,0.305,0.282,0.587,0.272,0.068,118,22,4,0,1,21.2,7.6,0.304,0.882,0.522,12,7,3,0.666,0.481,0.298,0.261,17.6,26,76.4,76.4,23.6,,"Parker Messick","L",0.241,0.206,0.37,0.343,"7:10 PM ET","Miami Marlins","Cleveland Guardians","loanDepot park","Sandy Alcantara",4,1.25,17.8,6.4,10,4,"123.2",92,19,6.51,5.5,118,-150,"rotowire","Parker Messick",2.8,1.08,25.8,7.6,7,5,"106.0",109,18,5.89,5.5,104,-132,"rotowire",3.73,"Alta",20.2,3.79,"Alta",22.1,4.6,0.745,0.332,0.413,17.4,4,0.679,0.31,0.369,21.8,30.2,68,11,113,1018.7,9,"Parcialmente Nublado",34.5,0.259,0.749,0.334,0.415,4.5,71,0.242,0.731,0.324,0.407,4.5,24,0.229,0.686,0.31,0.376,4.5,64,0.225,0.663,0.311,0.352,4.5,26,6,100,305,6,100,278,12,20.2,4,7,4,9.1,22.1,2,8,6,3.78,3.94,3.71,4.28,35.3,5.2,45.2,24.2,17.8,6.4,11.1,27.5,,5.6,1.85,6.9,28.6,102,8,3,4,8,5.7,6.7,31,27,27,6,,,,99,6.2,5.48,28.6,58.6,15.7,3.9,21.8,0,"Liam Hicks",-0.9544336350912788,28.3,6.8,5.0,27,5.7,0,0,3.22,3.18,2.86,3.23,33.5,5.3,44.1,21.7,25.8,7.6,12.8,28.4,,6.2,2.79,6.2,25.6,95,3,5,10,5,6.7,7.7,23,28,27,,,,,96,6.1,6.1,25.6,58.4,6.4,11.4,23.8,0,"Patrick Bailey",2.294559932062316,26.0,6.5,6.0,23,5,0,0,0.327,0.322,0.158,0.309,39.5,6.4,79.1,23.6,21.1,79.1,20.9,13.3,28.6,22.9,33.7,37.6,0.301,0.298,0.141,0.278,34.9,6.3,74.8,22,20.9,74.8,25.2,20.7,32.9,23.3,32.4,33.3,1.2,0.56,0.76,0.066,0.024,-0.06,0.6,0,0.05,0,2.9,,0,0,"none","Scheduled",0,,,"fastball",58.6,"changeup",21.8,,3.5664335664335662,14.782608695652174,"fastball",58.4,"changeup",23.8,,3.7109375,15.32258064516129,101.66666666666667,"Extra Rest",92.66666666666667,"Extra Rest","R","L",12,20.2,9.1,22.1,4,6082.222222222223,886.6666666666666,0,5172.222222222223,1097.7777777777778,0,,,,,,,,,18.2,22.7,17.2,27,97,100,86
"823845","2026-07-10","Brayan Rocchio","Cleveland Guardians",1,"S","SS",0.272,0.342,0.4,0.742,0.329,0.128,345,83,14,2,7,14.2,7.8,0.304,0.969,0.609,14,7,3,0.77,0.684,0.402,0.396,12.9,16.8,76.1,76.1,23.9,,"Sandy Alcantara","R",0.252,0.266,0.402,0.356,"7:10 PM ET","Miami Marlins","Cleveland Guardians","loanDepot park","Sandy Alcantara",4,1.25,17.8,6.4,10,4,"123.2",92,19,6.51,5.5,118,-150,"rotowire","Parker Messick",2.8,1.08,25.8,7.6,7,5,"106.0",109,18,5.89,5.5,104,-132,"rotowire",3.73,"Alta",20.2,3.79,"Alta",22.1,4.6,0.745,0.332,0.413,17.4,4,0.679,0.31,0.369,21.8,30.2,68,11,113,1018.7,9,"Parcialmente Nublado",34.5,0.259,0.749,0.334,0.415,4.5,71,0.242,0.731,0.324,0.407,4.5,24,0.229,0.686,0.31,0.376,4.5,64,0.225,0.663,0.311,0.352,4.5,26,6,100,305,6,100,278,12,20.2,4,7,4,9.1,22.1,2,8,6,3.78,3.94,3.71,4.28,35.3,5.2,45.2,24.2,17.8,6.4,11.1,27.5,,5.6,1.85,6.9,28.6,102,8,3,4,8,5.7,6.7,31,27,27,6,,,,99,6.2,5.48,28.6,58.6,15.7,3.9,21.8,0,"Liam Hicks",-0.9544336350912788,28.3,6.8,5.0,27,5.7,0,0,3.22,3.18,2.86,3.23,33.5,5.3,44.1,21.7,25.8,7.6,12.8,28.4,,6.2,2.79,6.2,25.6,95,3,5,10,5,6.7,7.7,23,28,27,,,,,96,6.1,6.1,25.6,58.4,6.4,11.4,23.8,0,"Patrick Bailey",2.294559932062316,26.0,6.5,6.0,23,5,0,0,0.327,0.322,0.158,0.309,39.5,6.4,79.1,23.6,21.1,79.1,20.9,13.3,28.6,22.9,33.7,37.6,0.301,0.298,0.141,0.278,34.9,6.3,74.8,22,20.9,74.8,25.2,20.7,32.9,23.3,32.4,33.3,1.2,0.56,0.76,0.066,0.024,-0.06,0.6,0,0.05,0,2.9,,0,0,"none","Scheduled",0,,,"fastball",58.6,"changeup",21.8,,3.5664335664335662,14.782608695652174,"fastball",58.4,"changeup",23.8,,3.7109375,15.32258064516129,101.66666666666667,"Extra Rest",92.66666666666667,"Extra Rest","R","L",12,20.2,9.1,22.1,4,6082.222222222223,886.6666666666666,0,5172.222222222223,1097.7777777777778,0,,,,,,,,,18.2,22.7,17.2,27,97,100,86
"823845","2026-07-10","Steven Kwan","Cleveland Guardians",2,"L","CF",0.22,0.331,0.275,0.606,0.282,0.055,343,63,9,2,1,10.2,13.4,0.313,0.938,0.438,7,5,1,0.648,0.51,0.303,0.209,8.8,13.5,91.8,91.8,8.2,,"Sandy Alcantara","R",0.252,0.266,0.402,0.356,"7:10 PM ET","Miami Marlins","Cleveland Guardians","loanDepot park","Sandy Alcantara",4,1.25,17.8,6.4,10,4,"123.2",92,19,6.51,5.5,118,-150,"rotowire","Parker Messick",2.8,1.08,25.8,7.6,7,5,"106.0",109,18,5.89,5.5,104,-132,"rotowire",3.73,"Alta",20.2,3.79,"Alta",22.1,4.6,0.745,0.332,0.413,17.4,4,0.679,0.31,0.369,21.8,30.2,68,11,113,1018.7,9,"Parcialmente Nublado",34.5,0.259,0.749,0.334,0.415,4.5,71,0.242,0.731,0.324,0.407,4.5,24,0.229,0.686,0.31,0.376,4.5,64,0.225,0.663,0.311,0.352,4.5,26,6,100,305,6,100,278,12,20.2,4,7,4,9.1,22.1,2,8,6,3.78,3.94,3.71,4.28,35.3,5.2,45.2,24.2,17.8,6.4,11.1,27.5,,5.6,1.85,6.9,28.6,102,8,3,4,8,5.7,6.7,31,27,27,6,,,,99,6.2,5.48,28.6,58.6,15.7,3.9,21.8,0,"Liam Hicks",-0.9544336350912788,28.3,6.8,5.0,27,5.7,0,0,3.22,3.18,2.86,3.23,33.5,5.3,44.1,21.7,25.8,7.6,12.8,28.4,,6.2,2.79,6.2,25.6,95,3,5,10,5,6.7,7.7,23,28,27,,,,,96,6.1,6.1,25.6,58.4,6.4,11.4,23.8,0,"Patrick Bailey",2.294559932062316,26.0,6.5,6.0,23,5,0,0,0.327,0.322,0.158,0.309,39.5,6.4,79.1,23.6,21.1,79.1,20.9,13.3,28.6,22.9,33.7,37.6,0.301,0.298,0.141,0.278,34.9,6.3,74.8,22,20.9,74.8,25.2,20.7,32.9,23.3,32.4,33.3,1.2,0.56,0.76,0.066,0.024,-0.06,0.6,0,0.05,0,2.9,,0,0,"none","Scheduled",0,,,"fastball",58.6,"changeup",21.8,,3.5664335664335662,14.782608695652174,"fastball",58.4,"changeup",23.8,,3.7109375,15.32258064516129,101.66666666666667,"Extra Rest",92.66666666666667,"Extra Rest","R","L",12,20.2,9.1,22.1,4,6082.222222222223,886.6666666666666,0,5172.222222222223,1097.7777777777778,0,,,,,,,,,18.2,22.7,17.2,27,97,100,86
"823845","2026-07-10","Chase DeLauter","Cleveland Guardians",3,"L","RF",0.279,0.345,0.436,0.781,0.341,0.157,319,80,16,1,9,13.5,9.4,0.31,0.907,0.552,16,9,3,0.703,0.939,0.391,0.526,13,14.4,84.4,84.4,15.6,,"Sandy Alcantara","R",0.252,0.266,0.402,0.356,"7:10 PM ET","Miami Marlins","Cleveland Guardians","loanDepot park","Sandy Alcantara",4,1.25,17.8,6.4,10,4,"123.2",92,19,6.51,5.5,118,-150,"rotowire","Parker Messick",2.8,1.08,25.8,7.6,7,5,"106.0",109,18,5.89,5.5,104,-132,"rotowire",3.73,"Alta",20.2,3.79,"Alta",22.1,4.6,0.745,0.332,0.413,17.4,4,0.679,0.31,0.369,21.8,30.2,68,11,113,1018.7,9,"Parcialmente Nublado",34.5,0.259,0.749,0.334,0.415,4.5,71,0.242,0.731,0.324,0.407,4.5,24,0.229,0.686,0.31,0.376,4.5,64,0.225,0.663,0.311,0.352,4.5,26,6,100,305,6,100,278,12,20.2,4,7,4,9.1,22.1,2,8,6,3.78,3.94,3.71,4.28,35.3,5.2,45.2,24.2,17.8,6.4,11.1,27.5,,5.6,1.85,6.9,28.6,102,8,3,4,8,5.7,6.7,31,27,27,6,,,,99,6.2,5.48,28.6,58.6,15.7,3.9,21.8,0,"Liam Hicks",-0.9544336350912788,28.3,6.8,5.0,27,5.7,0,0,3.22,3.18,2.86,3.23,33.5,5.3,44.1,21.7,25.8,7.6,12.8,28.4,,6.2,2.79,6.2,25.6,95,3,5,10,5,6.7,7.7,23,28,27,,,,,96,6.1,6.1,25.6,58.4,6.4,11.4,23.8,0,"Patrick Bailey",2.294559932062316,26.0,6.5,6.0,23,5,0,0,0.327,0.322,0.158,0.309,39.5,6.4,79.1,23.6,21.1,79.1,20.9,13.3,28.6,22.9,33.7,37.6,0.301,0.298,0.141,0.278,34.9,6.3,74.8,22,20.9,74.8,25.2,20.7,32.9,23.3,32.4,33.3,1.2,0.56,0.76,0.066,0.024,-0.06,0.6,0,0.05,0,2.9,,0,0,"none","Scheduled",0,,,"fastball",58.6,"changeup",21.8,,3.5664335664335662,14.782608695652174,"fastball",58.4,"changeup",23.8,,3.7109375,15.32258064516129,101.66666666666667,"Extra Rest",92.66666666666667,"Extra Rest","R","L",12,20.2,9.1,22.1,4,6082.222222222223,886.6666666666666,0,5172.222222222223,1097.7777777777778,0,,,,,,,,,18.2,22.7,17.2,27,97,100,86
"823845","2026-07-10","Kyle Manzardo","Cleveland Guardians",4,"L","1B",0.216,0.31,0.367,0.677,0.302,0.151,297,56,7,1,10,32,10.8,0.048,0.248,0.048,1,1,0,0.678,0.667,0.382,0.309,33.5,26.9,69.9,69.9,30.1,,"Sandy Alcantara","R",0.252,0.266,0.402,0.356,"7:10 PM ET","Miami Marlins","Cleveland Guardians","loanDepot park","Sandy Alcantara",4,1.25,17.8,6.4,10,4,"123.2",92,19,6.51,5.5,118,-150,"rotowire","Parker Messick",2.8,1.08,25.8,7.6,7,5,"106.0",109,18,5.89,5.5,104,-132,"rotowire",3.73,"Alta",20.2,3.79,"Alta",22.1,4.6,0.745,0.332,0.413,17.4,4,0.679,0.31,0.369,21.8,30.2,68,11,113,1018.7,9,"Parcialmente Nublado",34.5,0.259,0.749,0.334,0.415,4.5,71,0.242,0.731,0.324,0.407,4.5,24,0.229,0.686,0.31,0.376,4.5,64,0.225,0.663,0.311,0.352,4.5,26,6,100,305,6,100,278,12,20.2,4,7,4,9.1,22.1,2,8,6,3.78,3.94,3.71,4.28,35.3,5.2,45.2,24.2,17.8,6.4,11.1,27.5,,5.6,1.85,6.9,28.6,102,8,3,4,8,5.7,6.7,31,27,27,6,,,,99,6.2,5.48,28.6,58.6,15.7,3.9,21.8,0,"Liam Hicks",-0.9544336350912788,28.3,6.8,5.0,27,5.7,0,0,3.22,3.18,2.86,3.23,33.5,5.3,44.1,21.7,25.8,7.6,12.8,28.4,,6.2,2.79,6.2,25.6,95,3,5,10,5,6.7,7.7,23,28,27,,,,,96,6.1,6.1,25.6,58.4,6.4,11.4,23.8,0,"Patrick Bailey",2.294559932062316,26.0,6.5,6.0,23,5,0,0,0.327,0.322,0.158,0.309,39.5,6.4,79.1,23.6,21.1,79.1,20.9,13.3,28.6,22.9,33.7,37.6,0.301,0.298,0.141,0.278,34.9,6.3,74.8,22,20.9,74.8,25.2,20.7,32.9,23.3,32.4,33.3,1.2,0.56,0.76,0.066,0.024,-0.06,0.6,0,0.05,0,2.9,,0,0,"none","Scheduled",0,,,"fastball",58.6,"changeup",21.8,,3.5664335664335662,14.782608695652174,"fastball",58.4,"changeup",23.8,,3.7109375,15.32258064516129,101.66666666666667,"Extra Rest",92.66666666666667,"Extra Rest","R","L",12,20.2,9.1,22.1,4,6082.222222222223,886.6666666666666,0,5172.222222222223,1097.7777777777778,0,,,,,,,,,18.2,22.7,17.2,27,97,100,86
"823845","2026-07-10","Travis Bazzana","Cleveland Guardians",5,"L","2B",0.245,0.336,0.403,0.739,0.326,0.158,268,57,14,1,7,20.9,11.6,0.241,0.678,0.345,10,7,3,0.863,0.519,0.497,0.238,18,26,72.9,72.9,27.1,,"Sandy Alcantara","R",0.252,0.266,0.402,0.356,"7:10 PM ET","Miami Marlins","Cleveland Guardians","loanDepot park","Sandy Alcantara",4,1.25,17.8,6.4,10,4,"123.2",92,19,6.51,5.5,118,-150,"rotowire","Parker Messick",2.8,1.08,25.8,7.6,7,5,"106.0",109,18,5.89,5.5,104,-132,"rotowire",3.73,"Alta",20.2,3.79,"Alta",22.1,4.6,0.745,0.332,0.413,17.4,4,0.679,0.31,0.369,21.8,30.2,68,11,113,1018.7,9,"Parcialmente Nublado",34.5,0.259,0.749,0.334,0.415,4.5,71,0.242,0.731,0.324,0.407,4.5,24,0.229,0.686,0.31,0.376,4.5,64,0.225,0.663,0.311,0.352,4.5,26,6,100,305,6,100,278,12,20.2,4,7,4,9.1,22.1,2,8,6,3.78,3.94,3.71,4.28,35.3,5.2,45.2,24.2,17.8,6.4,11.1,27.5,,5.6,1.85,6.9,28.6,102,8,3,4,8,5.7,6.7,31,27,27,6,,,,99,6.2,5.48,28.6,58.6,15.7,3.9,21.8,0,"Liam Hicks",-0.9544336350912788,28.3,6.8,5.0,27,5.7,0,0,3.22,3.18,2.86,3.23,33.5,5.3,44.1,21.7,25.8,7.6,12.8,28.4,,6.2,2.79,6.2,25.6,95,3,5,10,5,6.7,7.7,23,28,27,,,,,96,6.1,6.1,25.6,58.4,6.4,11.4,23.8,0,"Patrick Bailey",2.294559932062316,26.0,6.5,6.0,23,5,0,0,0.327,0.322,0.158,0.309,39.5,6.4,79.1,23.6,21.1,79.1,20.9,13.3,28.6,22.9,33.7,37.6,0.301,0.298,0.141,0.278,34.9,6.3,74.8,22,20.9,74.8,25.2,20.7,32.9,23.3,32.4,33.3,1.2,0.56,0.76,0.066,0.024,-0.06,0.6,0,0.05,0,2.9,,0,0,"none","Scheduled",0,,,"fastball",58.6,"changeup",21.8,,3.5664335664335662,14.782608695652174,"fastball",58.4,"changeup",23.8,,3.7109375,15.32258064516129,101.66666666666667,"Extra Rest",92.66666666666667,"Extra Rest","R","L",12,20.2,9.1,22.1,4,6082.222222222223,886.6666666666666,0,5172.222222222223,1097.7777777777778,0,,,,,,,,,18.2,22.7,17.2,27,97,100,86
"823845","2026-07-10","Rhys Hoskins","Cleveland Guardians",6,"R","1B",0.181,0.32,0.371,0.691,0.313,0.19,259,38,13,0,9,31.3,16.2,0.133,0.883,0.533,8,2,2,0.747,0.602,0.397,0.329,28.8,35.4,68.3,68.3,31.7,,"Sandy Alcantara","R",0.252,0.266,0.402,0.356,"7:10 PM ET","Miami Marlins","Cleveland Guardians","loanDepot park","Sandy Alcantara",4,1.25,17.8,6.4,10,4,"123.2",92,19,6.51,5.5,118,-150,"rotowire","Parker Messick",2.8,1.08,25.8,7.6,7,5,"106.0",109,18,5.89,5.5,104,-132,"rotowire",3.73,"Alta",20.2,3.79,"Alta",22.1,4.6,0.745,0.332,0.413,17.4,4,0.679,0.31,0.369,21.8,30.2,68,11,113,1018.7,9,"Parcialmente Nublado",34.5,0.259,0.749,0.334,0.415,4.5,71,0.242,0.731,0.324,0.407,4.5,24,0.229,0.686,0.31,0.376,4.5,64,0.225,0.663,0.311,0.352,4.5,26,6,100,305,6,100,278,12,20.2,4,7,4,9.1,22.1,2,8,6,3.78,3.94,3.71,4.28,35.3,5.2,45.2,24.2,17.8,6.4,11.1,27.5,,5.6,1.85,6.9,28.6,102,8,3,4,8,5.7,6.7,31,27,27,6,,,,99,6.2,5.48,28.6,58.6,15.7,3.9,21.8,0,"Liam Hicks",-0.9544336350912788,28.3,6.8,5.0,27,5.7,0,0,3.22,3.18,2.86,3.23,33.5,5.3,44.1,21.7,25.8,7.6,12.8,28.4,,6.2,2.79,6.2,25.6,95,3,5,10,5,6.7,7.7,23,28,27,,,,,96,6.1,6.1,25.6,58.4,6.4,11.4,23.8,0,"Patrick Bailey",2.294559932062316,26.0,6.5,6.0,23,5,0,0,0.327,0.322,0.158,0.309,39.5,6.4,79.1,23.6,21.1,79.1,20.9,13.3,28.6,22.9,33.7,37.6,0.301,0.298,0.141,0.278,34.9,6.3,74.8,22,20.9,74.8,25.2,20.7,32.9,23.3,32.4,33.3,1.2,0.56,0.76,0.066,0.024,-0.06,0.6,0,0.05,0,2.9,,0,0,"none","Scheduled",0,,,"fastball",58.6,"changeup",21.8,,3.5664335664335662,14.782608695652174,"fastball",58.4,"changeup",23.8,,3.7109375,15.32258064516129,101.66666666666667,"Extra Rest",92.66666666666667,"Extra Rest","R","L",12,20.2,9.1,22.1,4,6082.222222222223,886.6666666666666,0,5172.222222222223,1097.7777777777778,0,,,,,,,,,18.2,22.7,17.2,27,97,100,86
"823845","2026-07-10","Daniel Schneemann","Cleveland Guardians",7,"L","CF",0.212,0.279,0.335,0.614,0.272,0.123,258,50,11,0,6,28.7,8.5,0.167,0.389,0.222,4,3,1,0.588,0.7,0.319,0.389,28.4,29.5,69.3,69.3,30.7,,"Sandy Alcantara","R",0.252,0.266,0.402,0.356,"7:10 PM ET","Miami Marlins","Cleveland Guardians","loanDepot park","Sandy Alcantara",4,1.25,17.8,6.4,10,4,"123.2",92,19,6.51,5.5,118,-150,"rotowire","Parker Messick",2.8,1.08,25.8,7.6,7,5,"106.0",109,18,5.89,5.5,104,-132,"rotowire",3.73,"Alta",20.2,3.79,"Alta",22.1,4.6,0.745,0.332,0.413,17.4,4,0.679,0.31,0.369,21.8,30.2,68,11,113,1018.7,9,"Parcialmente Nublado",34.5,0.259,0.749,0.334,0.415,4.5,71,0.242,0.731,0.324,0.407,4.5,24,0.229,0.686,0.31,0.376,4.5,64,0.225,0.663,0.311,0.352,4.5,26,6,100,305,6,100,278,12,20.2,4,7,4,9.1,22.1,2,8,6,3.78,3.94,3.71,4.28,35.3,5.2,45.2,24.2,17.8,6.4,11.1,27.5,,5.6,1.85,6.9,28.6,102,8,3,4,8,5.7,6.7,31,27,27,6,,,,99,6.2,5.48,28.6,58.6,15.7,3.9,21.8,0,"Liam Hicks",-0.9544336350912788,28.3,6.8,5.0,27,5.7,0,0,3.22,3.18,2.86,3.23,33.5,5.3,44.1,21.7,25.8,7.6,12.8,28.4,,6.2,2.79,6.2,25.6,95,3,5,10,5,6.7,7.7,23,28,27,,,,,96,6.1,6.1,25.6,58.4,6.4,11.4,23.8,0,"Patrick Bailey",2.294559932062316,26.0,6.5,6.0,23,5,0,0,0.327,0.322,0.158,0.309,39.5,6.4,79.1,23.6,21.1,79.1,20.9,13.3,28.6,22.9,33.7,37.6,0.301,0.298,0.141,0.278,34.9,6.3,74.8,22,20.9,74.8,25.2,20.7,32.9,23.3,32.4,33.3,1.2,0.56,0.76,0.066,0.024,-0.06,0.6,0,0.05,0,2.9,,0,0,"none","Scheduled",0,,,"fastball",58.6,"changeup",21.8,,3.5664335664335662,14.782608695652174,"fastball",58.4,"changeup",23.8,,3.7109375,15.32258064516129,101.66666666666667,"Extra Rest",92.66666666666667,"Extra Rest","R","L",12,20.2,9.1,22.1,4,6082.222222222223,886.6666666666666,0,5172.222222222223,1097.7777777777778,0,,,,,,,,,18.2,22.7,17.2,27,97,100,86
"823845","2026-07-10","Patrick Bailey","Cleveland Guardians",8,"S","C",0.181,0.238,0.269,0.507,0.228,0.088,186,31,4,1,3,25.8,7,0.2,0.638,0.4,8,4,2,0.508,0.498,0.274,0.24,24.5,32.3,72.2,72.2,27.8,,"Sandy Alcantara","R",0.252,0.266,0.402,0.356,"7:10 PM ET","Miami Marlins","Cleveland Guardians","loanDepot park","Sandy Alcantara",4,1.25,17.8,6.4,10,4,"123.2",92,19,6.51,5.5,118,-150,"rotowire","Parker Messick",2.8,1.08,25.8,7.6,7,5,"106.0",109,18,5.89,5.5,104,-132,"rotowire",3.73,"Alta",20.2,3.79,"Alta",22.1,4.6,0.745,0.332,0.413,17.4,4,0.679,0.31,0.369,21.8,30.2,68,11,113,1018.7,9,"Parcialmente Nublado",34.5,0.259,0.749,0.334,0.415,4.5,71,0.242,0.731,0.324,0.407,4.5,24,0.229,0.686,0.31,0.376,4.5,64,0.225,0.663,0.311,0.352,4.5,26,6,100,305,6,100,278,12,20.2,4,7,4,9.1,22.1,2,8,6,3.78,3.94,3.71,4.28,35.3,5.2,45.2,24.2,17.8,6.4,11.1,27.5,,5.6,1.85,6.9,28.6,102,8,3,4,8,5.7,6.7,31,27,27,6,,,,99,6.2,5.48,28.6,58.6,15.7,3.9,21.8,0,"Liam Hicks",-0.9544336350912788,28.3,6.8,5.0,27,5.7,0,0,3.22,3.18,2.86,3.23,33.5,5.3,44.1,21.7,25.8,7.6,12.8,28.4,,6.2,2.79,6.2,25.6,95,3,5,10,5,6.7,7.7,23,28,27,,,,,96,6.1,6.1,25.6,58.4,6.4,11.4,23.8,0,"Patrick Bailey",2.294559932062316,26.0,6.5,6.0,23,5,0,0,0.327,0.322,0.158,0.309,39.5,6.4,79.1,23.6,21.1,79.1,20.9,13.3,28.6,22.9,33.7,37.6,0.301,0.298,0.141,0.278,34.9,6.3,74.8,22,20.9,74.8,25.2,20.7,32.9,23.3,32.4,33.3,1.2,0.56,0.76,0.066,0.024,-0.06,0.6,0,0.05,0,2.9,,0,0,"none","Scheduled",0,,,"fastball",58.6,"changeup",21.8,,3.5664335664335662,14.782608695652174,"fastball",58.4,"changeup",23.8,,3.7109375,15.32258064516129,101.66666666666667,"Extra Rest",92.66666666666667,"Extra Rest","R","L",12,20.2,9.1,22.1,4,6082.222222222223,886.6666666666666,0,5172.222222222223,1097.7777777777778,0,,,,,,,,,18.2,22.7,17.2,27,97,100,86
"823845","2026-07-10","David Fry","Cleveland Guardians",9,"R","RF",0.203,0.315,0.375,0.69,0.305,0.172,149,26,4,0,6,30.9,14.1,0.091,0.531,0.364,4,1,1,0.794,0.635,0.467,0.325,20.4,36,68.1,68.1,31.9,,"Sandy Alcantara","R",0.252,0.266,0.402,0.356,"7:10 PM ET","Miami Marlins","Cleveland Guardians","loanDepot park","Sandy Alcantara",4,1.25,17.8,6.4,10,4,"123.2",92,19,6.51,5.5,118,-150,"rotowire","Parker Messick",2.8,1.08,25.8,7.6,7,5,"106.0",109,18,5.89,5.5,104,-132,"rotowire",3.73,"Alta",20.2,3.79,"Alta",22.1,4.6,0.745,0.332,0.413,17.4,4,0.679,0.31,0.369,21.8,30.2,68,11,113,1018.7,9,"Parcialmente Nublado",34.5,0.259,0.749,0.334,0.415,4.5,71,0.242,0.731,0.324,0.407,4.5,24,0.229,0.686,0.31,0.376,4.5,64,0.225,0.663,0.311,0.352,4.5,26,6,100,305,6,100,278,12,20.2,4,7,4,9.1,22.1,2,8,6,3.78,3.94,3.71,4.28,35.3,5.2,45.2,24.2,17.8,6.4,11.1,27.5,,5.6,1.85,6.9,28.6,102,8,3,4,8,5.7,6.7,31,27,27,6,,,,99,6.2,5.48,28.6,58.6,15.7,3.9,21.8,0,"Liam Hicks",-0.9544336350912788,28.3,6.8,5.0,27,5.7,0,0,3.22,3.18,2.86,3.23,33.5,5.3,44.1,21.7,25.8,7.6,12.8,28.4,,6.2,2.79,6.2,25.6,95,3,5,10,5,6.7,7.7,23,28,27,,,,,96,6.1,6.1,25.6,58.4,6.4,11.4,23.8,0,"Patrick Bailey",2.294559932062316,26.0,6.5,6.0,23,5,0,0,0.327,0.322,0.158,0.309,39.5,6.4,79.1,23.6,21.1,79.1,20.9,13.3,28.6,22.9,33.7,37.6,0.301,0.298,0.141,0.278,34.9,6.3,74.8,22,20.9,74.8,25.2,20.7,32.9,23.3,32.4,33.3,1.2,0.56,0.76,0.066,0.024,-0.06,0.6,0,0.05,0,2.9,,0,0,"none","Scheduled",0,,,"fastball",58.6,"changeup",21.8,,3.5664335664335662,14.782608695652174,"fastball",58.4,"changeup",23.8,,3.7109375,15.32258064516129,101.66666666666667,"Extra Rest",92.66666666666667,"Extra Rest","R","L",12,20.2,9.1,22.1,4,6082.222222222223,886.6666666666666,0,5172.222222222223,1097.7777777777778,0,,,,,,,,,18.2,22.7,17.2,27,97,100,86
"823604","2026-07-10","Bo Bichette","New York Mets",1,"R","SS",0.256,0.299,0.377,0.676,0.299,0.121,411,97,14,1,10,17.8,5.8,0.323,0.699,0.355,11,10,1,0.659,0.726,0.363,0.418,18.4,15.9,81.7,81.7,18.3,,"Sonny Gray","R",0.232,0.225,0.389,0.357,"7:15 PM ET","New York Mets","Boston Red Sox","Citi Field","Nolan McLean",3.73,1.12,28,8.8,6,5,"101.1",118,18,5.63,6.5,-118,-108,"rotowire","Sonny Gray",2.61,1.1,22.8,6.4,10,1,"89.2",82,16,5.60,5.5,-125,-102,"rotowire",3.96,"Alta",21,3.3,"Alta",19.1,4.2,0.687,0.304,0.383,21.0,4.1,0.701,0.314,0.387,21.5,27.2,71,12.2,208,1010.5,10,"Parcialmente Nublado",30,0.233,0.684,0.303,0.381,4.5,78,0.239,0.696,0.306,0.39,4.5,32,0.237,0.675,0.304,0.371,4.5,57,0.265,0.772,0.341,0.431,4.5,24,5,96,291,6,70,260,10,21,2,4,6,9.2,19.1,4,6,4,3.41,3.6,3.08,3.46,34.5,6.3,47.5,22,28,8.8,10.9,30.6,,7.2,1.6,5.8,24.6,97,5,7,9,6,6,6,25,25,28,,,,,100,6,6.79,24.6,63.5,17.1,12.8,6.5,0,"Francisco Alvarez",-0.5791311770345119,26.0,6.0,7.0,25,6,0,0,3.7,3.69,3.09,3.64,37.1,6.8,47.8,22.3,22.8,6.4,11.1,28.5,,7.6,2.33,6.7,25.2,87,7,9,11,6,7.3,7,22,24,30,27.3,,,,90,7,6.15,25.2,58.1,20.1,16.8,4.8,0,"Carlos Narváez",4.09540808282486,25.3,6.8,9.0,22,6,0,0,0.303,0.337,0.148,0.277,43.4,9.5,75.3,21.8,21.7,75.3,24.7,18.7,35.8,31.8,22.5,39.3,0.309,0.303,0.143,0.299,36.9,6.4,76.8,22.5,22.8,76.8,23.2,18.5,30.9,28.5,33.4,18.2,1.12,-0.29,-0.09,-0.014,0.034,0.66,0.1,0,-0.07,-1,0.8,,0,0,"none","Scheduled",0,,,"fastball",63.5,"slider",17.1,,3.9430894308943087,16.724137931034484,"fastball",58.1,"slider",20.1,,3.4523809523809526,12.985074626865671,97,"Normal",86.66666666666667,"Extra Rest","R","R",10,21,9.2,19.1,2,5402.222222222223,852.2222222222222,0,5550,788.8888888888889,0,,,,,,,,,27.5,24.4,28.7,20.3,103,98,102
"823604","2026-07-10","Carson Benge","New York Mets",2,"L","RF",0.269,0.332,0.412,0.744,0.326,0.143,374,92,12,2,11,20.9,7.5,0.385,1.022,0.538,14,10,2,0.737,0.765,0.412,0.413,19.6,25,79.4,79.4,20.6,,"Sonny Gray","R",0.232,0.225,0.389,0.357,"7:15 PM ET","New York Mets","Boston Red Sox","Citi Field","Nolan McLean",3.73,1.12,28,8.8,6,5,"101.1",118,18,5.63,6.5,-118,-108,"rotowire","Sonny Gray",2.61,1.1,22.8,6.4,10,1,"89.2",82,16,5.60,5.5,-125,-102,"rotowire",3.96,"Alta",21,3.3,"Alta",19.1,4.2,0.687,0.304,0.383,21.0,4.1,0.701,0.314,0.387,21.5,27.2,71,12.2,208,1010.5,10,"Parcialmente Nublado",30,0.233,0.684,0.303,0.381,4.5,78,0.239,0.696,0.306,0.39,4.5,32,0.237,0.675,0.304,0.371,4.5,57,0.265,0.772,0.341,0.431,4.5,24,5,96,291,6,70,260,10,21,2,4,6,9.2,19.1,4,6,4,3.41,3.6,3.08,3.46,34.5,6.3,47.5,22,28,8.8,10.9,30.6,,7.2,1.6,5.8,24.6,97,5,7,9,6,6,6,25,25,28,,,,,100,6,6.79,24.6,63.5,17.1,12.8,6.5,0,"Francisco Alvarez",-0.5791311770345119,26.0,6.0,7.0,25,6,0,0,3.7,3.69,3.09,3.64,37.1,6.8,47.8,22.3,22.8,6.4,11.1,28.5,,7.6,2.33,6.7,25.2,87,7,9,11,6,7.3,7,22,24,30,27.3,,,,90,7,6.15,25.2,58.1,20.1,16.8,4.8,0,"Carlos Narváez",4.09540808282486,25.3,6.8,9.0,22,6,0,0,0.303,0.337,0.148,0.277,43.4,9.5,75.3,21.8,21.7,75.3,24.7,18.7,35.8,31.8,22.5,39.3,0.309,0.303,0.143,0.299,36.9,6.4,76.8,22.5,22.8,76.8,23.2,18.5,30.9,28.5,33.4,18.2,1.12,-0.29,-0.09,-0.014,0.034,0.66,0.1,0,-0.07,-1,0.8,,0,0,"none","Scheduled",0,,,"fastball",63.5,"slider",17.1,,3.9430894308943087,16.724137931034484,"fastball",58.1,"slider",20.1,,3.4523809523809526,12.985074626865671,97,"Normal",86.66666666666667,"Extra Rest","R","R",10,21,9.2,19.1,2,5402.222222222223,852.2222222222222,0,5550,788.8888888888889,0,,,,,,,,,27.5,24.4,28.7,20.3,103,98,102
"823604","2026-07-10","Juan Soto","New York Mets",3,"L","LF",0.297,0.414,0.579,0.993,0.417,0.282,322,79,8,2,21,12.7,16.8,0.333,1.348,0.833,20,8,4,1.069,0.855,0.635,0.479,13.2,11.8,80.2,80.2,19.8,,"Sonny Gray","R",0.232,0.225,0.389,0.357,"7:15 PM ET","New York Mets","Boston Red Sox","Citi Field","Nolan McLean",3.73,1.12,28,8.8,6,5,"101.1",118,18,5.63,6.5,-118,-108,"rotowire","Sonny Gray",2.61,1.1,22.8,6.4,10,1,"89.2",82,16,5.60,5.5,-125,-102,"rotowire",3.96,"Alta",21,3.3,"Alta",19.1,4.2,0.687,0.304,0.383,21.0,4.1,0.701,0.314,0.387,21.5,27.2,71,12.2,208,1010.5,10,"Parcialmente Nublado",30,0.233,0.684,0.303,0.381,4.5,78,0.239,0.696,0.306,0.39,4.5,32,0.237,0.675,0.304,0.371,4.5,57,0.265,0.772,0.341,0.431,4.5,24,5,96,291,6,70,260,10,21,2,4,6,9.2,19.1,4,6,4,3.41,3.6,3.08,3.46,34.5,6.3,47.5,22,28,8.8,10.9,30.6,,7.2,1.6,5.8,24.6,97,5,7,9,6,6,6,25,25,28,,,,,100,6,6.79,24.6,63.5,17.1,12.8,6.5,0,"Francisco Alvarez",-0.5791311770345119,26.0,6.0,7.0,25,6,0,0,3.7,3.69,3.09,3.64,37.1,6.8,47.8,22.3,22.8,6.4,11.1,28.5,,7.6,2.33,6.7,25.2,87,7,9,11,6,7.3,7,22,24,30,27.3,,,,90,7,6.15,25.2,58.1,20.1,16.8,4.8,0,"Carlos Narváez",4.09540808282486,25.3,6.8,9.0,22,6,0,0,0.303,0.337,0.148,0.277,43.4,9.5,75.3,21.8,21.7,75.3,24.7,18.7,35.8,31.8,22.5,39.3,0.309,0.303,0.143,0.299,36.9,6.4,76.8,22.5,22.8,76.8,23.2,18.5,30.9,28.5,33.4,18.2,1.12,-0.29,-0.09,-0.014,0.034,0.66,0.1,0,-0.07,-1,0.8,,0,0,"none","Scheduled",0,,,"fastball",63.5,"slider",17.1,,3.9430894308943087,16.724137931034484,"fastball",58.1,"slider",20.1,,3.4523809523809526,12.985074626865671,97,"Normal",86.66666666666667,"Extra Rest","R","R",10,21,9.2,19.1,2,5402.222222222223,852.2222222222222,0,5550,788.8888888888889,0,,,,,,,,,27.5,24.4,28.7,20.3,103,98,102
"823604","2026-07-10","Brett Baty","New York Mets",4,"L","3B",0.219,0.295,0.305,0.6,0.273,0.086,316,61,13,1,3,27.2,9.2,0.286,0.703,0.393,11,8,3,0.625,0.506,0.323,0.237,24.9,35.8,70.6,70.6,29.4,,"Sonny Gray","R",0.232,0.225,0.389,0.357,"7:15 PM ET","New York Mets","Boston Red Sox","Citi Field","Nolan McLean",3.73,1.12,28,8.8,6,5,"101.1",118,18,5.63,6.5,-118,-108,"rotowire","Sonny Gray",2.61,1.1,22.8,6.4,10,1,"89.2",82,16,5.60,5.5,-125,-102,"rotowire",3.96,"Alta",21,3.3,"Alta",19.1,4.2,0.687,0.304,0.383,21.0,4.1,0.701,0.314,0.387,21.5,27.2,71,12.2,208,1010.5,10,"Parcialmente Nublado",30,0.233,0.684,0.303,0.381,4.5,78,0.239,0.696,0.306,0.39,4.5,32,0.237,0.675,0.304,0.371,4.5,57,0.265,0.772,0.341,0.431,4.5,24,5,96,291,6,70,260,10,21,2,4,6,9.2,19.1,4,6,4,3.41,3.6,3.08,3.46,34.5,6.3,47.5,22,28,8.8,10.9,30.6,,7.2,1.6,5.8,24.6,97,5,7,9,6,6,6,25,25,28,,,,,100,6,6.79,24.6,63.5,17.1,12.8,6.5,0,"Francisco Alvarez",-0.5791311770345119,26.0,6.0,7.0,25,6,0,0,3.7,3.69,3.09,3.64,37.1,6.8,47.8,22.3,22.8,6.4,11.1,28.5,,7.6,2.33,6.7,25.2,87,7,9,11,6,7.3,7,22,24,30,27.3,,,,90,7,6.15,25.2,58.1,20.1,16.8,4.8,0,"Carlos Narváez",4.09540808282486,25.3,6.8,9.0,22,6,0,0,0.303,0.337,0.148,0.277,43.4,9.5,75.3,21.8,21.7,75.3,24.7,18.7,35.8,31.8,22.5,39.3,0.309,0.303,0.143,0.299,36.9,6.4,76.8,22.5,22.8,76.8,23.2,18.5,30.9,28.5,33.4,18.2,1.12,-0.29,-0.09,-0.014,0.034,0.66,0.1,0,-0.07,-1,0.8,,0,0,"none","Scheduled",0,,,"fastball",63.5,"slider",17.1,,3.9430894308943087,16.724137931034484,"fastball",58.1,"slider",20.1,,3.4523809523809526,12.985074626865671,97,"Normal",86.66666666666667,"Extra Rest","R","R",10,21,9.2,19.1,2,5402.222222222223,852.2222222222222,0,5550,788.8888888888889,0,,,,,,,,,27.5,24.4,28.7,20.3,103,98,102
"823604","2026-07-10","Mark Vientos","New York Mets",5,"R","1B",0.211,0.256,0.388,0.644,0.28,0.177,254,50,9,0,11,24,4.7,0.105,0.49,0.263,5,2,1,0.517,0.855,0.297,0.539,26.4,20,68.1,68.1,31.9,,"Sonny Gray","R",0.232,0.225,0.389,0.357,"7:15 PM ET","New York Mets","Boston Red Sox","Citi Field","Nolan McLean",3.73,1.12,28,8.8,6,5,"101.1",118,18,5.63,6.5,-118,-108,"rotowire","Sonny Gray",2.61,1.1,22.8,6.4,10,1,"89.2",82,16,5.60,5.5,-125,-102,"rotowire",3.96,"Alta",21,3.3,"Alta",19.1,4.2,0.687,0.304,0.383,21.0,4.1,0.701,0.314,0.387,21.5,27.2,71,12.2,208,1010.5,10,"Parcialmente Nublado",30,0.233,0.684,0.303,0.381,4.5,78,0.239,0.696,0.306,0.39,4.5,32,0.237,0.675,0.304,0.371,4.5,57,0.265,0.772,0.341,0.431,4.5,24,5,96,291,6,70,260,10,21,2,4,6,9.2,19.1,4,6,4,3.41,3.6,3.08,3.46,34.5,6.3,47.5,22,28,8.8,10.9,30.6,,7.2,1.6,5.8,24.6,97,5,7,9,6,6,6,25,25,28,,,,,100,6,6.79,24.6,63.5,17.1,12.8,6.5,0,"Francisco Alvarez",-0.5791311770345119,26.0,6.0,7.0,25,6,0,0,3.7,3.69,3.09,3.64,37.1,6.8,47.8,22.3,22.8,6.4,11.1,28.5,,7.6,2.33,6.7,25.2,87,7,9,11,6,7.3,7,22,24,30,27.3,,,,90,7,6.15,25.2,58.1,20.1,16.8,4.8,0,"Carlos Narváez",4.09540808282486,25.3,6.8,9.0,22,6,0,0,0.303,0.337,0.148,0.277,43.4,9.5,75.3,21.8,21.7,75.3,24.7,18.7,35.8,31.8,22.5,39.3,0.309,0.303,0.143,0.299,36.9,6.4,76.8,22.5,22.8,76.8,23.2,18.5,30.9,28.5,33.4,18.2,1.12,-0.29,-0.09,-0.014,0.034,0.66,0.1,0,-0.07,-1,0.8,,0,0,"none","Scheduled",0,,,"fastball",63.5,"slider",17.1,,3.9430894308943087,16.724137931034484,"fastball",58.1,"slider",20.1,,3.4523809523809526,12.985074626865671,97,"Normal",86.66666666666667,"Extra Rest","R","R",10,21,9.2,19.1,2,5402.222222222223,852.2222222222222,0,5550,788.8888888888889,0,,,,,,,,,27.5,24.4,28.7,20.3,103,98,102
"823604","2026-07-10","Francisco Alvarez","New York Mets",6,"R","C",0.252,0.315,0.421,0.736,0.322,0.169,224,51,7,0,9,26.3,7.1,0.269,0.706,0.385,10,7,1,0.752,0.689,0.433,0.385,26.2,26.8,66.8,66.8,33.2,,"Sonny Gray","R",0.232,0.225,0.389,0.357,"7:15 PM ET","New York Mets","Boston Red Sox","Citi Field","Nolan McLean",3.73,1.12,28,8.8,6,5,"101.1",118,18,5.63,6.5,-118,-108,"rotowire","Sonny Gray",2.61,1.1,22.8,6.4,10,1,"89.2",82,16,5.60,5.5,-125,-102,"rotowire",3.96,"Alta",21,3.3,"Alta",19.1,4.2,0.687,0.304,0.383,21.0,4.1,0.701,0.314,0.387,21.5,27.2,71,12.2,208,1010.5,10,"Parcialmente Nublado",30,0.233,0.684,0.303,0.381,4.5,78,0.239,0.696,0.306,0.39,4.5,32,0.237,0.675,0.304,0.371,4.5,57,0.265,0.772,0.341,0.431,4.5,24,5,96,291,6,70,260,10,21,2,4,6,9.2,19.1,4,6,4,3.41,3.6,3.08,3.46,34.5,6.3,47.5,22,28,8.8,10.9,30.6,,7.2,1.6,5.8,24.6,97,5,7,9,6,6,6,25,25,28,,,,,100,6,6.79,24.6,63.5,17.1,12.8,6.5,0,"Francisco Alvarez",-0.5791311770345119,26.0,6.0,7.0,25,6,0,0,3.7,3.69,3.09,3.64,37.1,6.8,47.8,22.3,22.8,6.4,11.1,28.5,,7.6,2.33,6.7,25.2,87,7,9,11,6,7.3,7,22,24,30,27.3,,,,90,7,6.15,25.2,58.1,20.1,16.8,4.8,0,"Carlos Narváez",4.09540808282486,25.3,6.8,9.0,22,6,0,0,0.303,0.337,0.148,0.277,43.4,9.5,75.3,21.8,21.7,75.3,24.7,18.7,35.8,31.8,22.5,39.3,0.309,0.303,0.143,0.299,36.9,6.4,76.8,22.5,22.8,76.8,23.2,18.5,30.9,28.5,33.4,18.2,1.12,-0.29,-0.09,-0.014,0.034,0.66,0.1,0,-0.07,-1,0.8,,0,0,"none","Scheduled",0,,,"fastball",63.5,"slider",17.1,,3.9430894308943087,16.724137931034484,"fastball",58.1,"slider",20.1,,3.4523809523809526,12.985074626865671,97,"Normal",86.66666666666667,"Extra Rest","R","R",10,21,9.2,19.1,2,5402.222222222223,852.2222222222222,0,5550,788.8888888888889,0,,,,,,,,,27.5,24.4,28.7,20.3,103,98,102
"823604","2026-07-10","A.J. Ewing","New York Mets",7,"L","CF",0.277,0.356,0.446,0.802,0.351,0.169,210,51,8,1,7,25.2,10.5,0.333,1.083,0.704,19,9,4,0.815,0.762,0.445,0.447,24.5,27.3,77.3,77.3,22.7,,"Sonny Gray","R",0.232,0.225,0.389,0.357,"7:15 PM ET","New York Mets","Boston Red Sox","Citi Field","Nolan McLean",3.73,1.12,28,8.8,6,5,"101.1",118,18,5.63,6.5,-118,-108,"rotowire","Sonny Gray",2.61,1.1,22.8,6.4,10,1,"89.2",82,16,5.60,5.5,-125,-102,"rotowire",3.96,"Alta",21,3.3,"Alta",19.1,4.2,0.687,0.304,0.383,21.0,4.1,0.701,0.314,0.387,21.5,27.2,71,12.2,208,1010.5,10,"Parcialmente Nublado",30,0.233,0.684,0.303,0.381,4.5,78,0.239,0.696,0.306,0.39,4.5,32,0.237,0.675,0.304,0.371,4.5,57,0.265,0.772,0.341,0.431,4.5,24,5,96,291,6,70,260,10,21,2,4,6,9.2,19.1,4,6,4,3.41,3.6,3.08,3.46,34.5,6.3,47.5,22,28,8.8,10.9,30.6,,7.2,1.6,5.8,24.6,97,5,7,9,6,6,6,25,25,28,,,,,100,6,6.79,24.6,63.5,17.1,12.8,6.5,0,"Francisco Alvarez",-0.5791311770345119,26.0,6.0,7.0,25,6,0,0,3.7,3.69,3.09,3.64,37.1,6.8,47.8,22.3,22.8,6.4,11.1,28.5,,7.6,2.33,6.7,25.2,87,7,9,11,6,7.3,7,22,24,30,27.3,,,,90,7,6.15,25.2,58.1,20.1,16.8,4.8,0,"Carlos Narváez",4.09540808282486,25.3,6.8,9.0,22,6,0,0,0.303,0.337,0.148,0.277,43.4,9.5,75.3,21.8,21.7,75.3,24.7,18.7,35.8,31.8,22.5,39.3,0.309,0.303,0.143,0.299,36.9,6.4,76.8,22.5,22.8,76.8,23.2,18.5,30.9,28.5,33.4,18.2,1.12,-0.29,-0.09,-0.014,0.034,0.66,0.1,0,-0.07,-1,0.8,,0,0,"none","Scheduled",0,,,"fastball",63.5,"slider",17.1,,3.9430894308943087,16.724137931034484,"fastball",58.1,"slider",20.1,,3.4523809523809526,12.985074626865671,97,"Normal",86.66666666666667,"Extra Rest","R","R",10,21,9.2,19.1,2,5402.222222222223,852.2222222222222,0,5550,788.8888888888889,0,,,,,,,,,27.5,24.4,28.7,20.3,103,98,102
"823604","2026-07-10","Luis Torrens","New York Mets",8,"R","C",0.214,0.277,0.314,0.591,0.264,0.1,175,34,10,0,2,20.6,5.7,0.211,0.739,0.421,8,4,2,0.576,0.633,0.304,0.341,21.4,18.4,77.8,77.8,22.2,,"Sonny Gray","R",0.232,0.225,0.389,0.357,"7:15 PM ET","New York Mets","Boston Red Sox","Citi Field","Nolan McLean",3.73,1.12,28,8.8,6,5,"101.1",118,18,5.63,6.5,-118,-108,"rotowire","Sonny Gray",2.61,1.1,22.8,6.4,10,1,"89.2",82,16,5.60,5.5,-125,-102,"rotowire",3.96,"Alta",21,3.3,"Alta",19.1,4.2,0.687,0.304,0.383,21.0,4.1,0.701,0.314,0.387,21.5,27.2,71,12.2,208,1010.5,10,"Parcialmente Nublado",30,0.233,0.684,0.303,0.381,4.5,78,0.239,0.696,0.306,0.39,4.5,32,0.237,0.675,0.304,0.371,4.5,57,0.265,0.772,0.341,0.431,4.5,24,5,96,291,6,70,260,10,21,2,4,6,9.2,19.1,4,6,4,3.41,3.6,3.08,3.46,34.5,6.3,47.5,22,28,8.8,10.9,30.6,,7.2,1.6,5.8,24.6,97,5,7,9,6,6,6,25,25,28,,,,,100,6,6.79,24.6,63.5,17.1,12.8,6.5,0,"Francisco Alvarez",-0.5791311770345119,26.0,6.0,7.0,25,6,0,0,3.7,3.69,3.09,3.64,37.1,6.8,47.8,22.3,22.8,6.4,11.1,28.5,,7.6,2.33,6.7,25.2,87,7,9,11,6,7.3,7,22,24,30,27.3,,,,90,7,6.15,25.2,58.1,20.1,16.8,4.8,0,"Carlos Narváez",4.09540808282486,25.3,6.8,9.0,22,6,0,0,0.303,0.337,0.148,0.277,43.4,9.5,75.3,21.8,21.7,75.3,24.7,18.7,35.8,31.8,22.5,39.3,0.309,0.303,0.143,0.299,36.9,6.4,76.8,22.5,22.8,76.8,23.2,18.5,30.9,28.5,33.4,18.2,1.12,-0.29,-0.09,-0.014,0.034,0.66,0.1,0,-0.07,-1,0.8,,0,0,"none","Scheduled",0,,,"fastball",63.5,"slider",17.1,,3.9430894308943087,16.724137931034484,"fastball",58.1,"slider",20.1,,3.4523809523809526,12.985074626865671,97,"Normal",86.66666666666667,"Extra Rest","R","R",10,21,9.2,19.1,2,5402.222222222223,852.2222222222222,0,5550,788.8888888888889,0,,,,,,,,,27.5,24.4,28.7,20.3,103,98,102
"823604","2026-07-10","Francisco Lindor","New York Mets",9,"S","SS",0.211,0.296,0.352,0.648,0.287,0.141,159,30,2,3,4,17,9.4,0.192,0.468,0.192,5,5,0,0.643,0.657,0.365,0.316,20.9,6.8,76,76,24,,"Sonny Gray","R",0.232,0.225,0.389,0.357,"7:15 PM ET","New York Mets","Boston Red Sox","Citi Field","Nolan McLean",3.73,1.12,28,8.8,6,5,"101.1",118,18,5.63,6.5,-118,-108,"rotowire","Sonny Gray",2.61,1.1,22.8,6.4,10,1,"89.2",82,16,5.60,5.5,-125,-102,"rotowire",3.96,"Alta",21,3.3,"Alta",19.1,4.2,0.687,0.304,0.383,21.0,4.1,0.701,0.314,0.387,21.5,27.2,71,12.2,208,1010.5,10,"Parcialmente Nublado",30,0.233,0.684,0.303,0.381,4.5,78,0.239,0.696,0.306,0.39,4.5,32,0.237,0.675,0.304,0.371,4.5,57,0.265,0.772,0.341,0.431,4.5,24,5,96,291,6,70,260,10,21,2,4,6,9.2,19.1,4,6,4,3.41,3.6,3.08,3.46,34.5,6.3,47.5,22,28,8.8,10.9,30.6,,7.2,1.6,5.8,24.6,97,5,7,9,6,6,6,25,25,28,,,,,100,6,6.79,24.6,63.5,17.1,12.8,6.5,0,"Francisco Alvarez",-0.5791311770345119,26.0,6.0,7.0,25,6,0,0,3.7,3.69,3.09,3.64,37.1,6.8,47.8,22.3,22.8,6.4,11.1,28.5,,7.6,2.33,6.7,25.2,87,7,9,11,6,7.3,7,22,24,30,27.3,,,,90,7,6.15,25.2,58.1,20.1,16.8,4.8,0,"Carlos Narváez",4.09540808282486,25.3,6.8,9.0,22,6,0,0,0.303,0.337,0.148,0.277,43.4,9.5,75.3,21.8,21.7,75.3,24.7,18.7,35.8,31.8,22.5,39.3,0.309,0.303,0.143,0.299,36.9,6.4,76.8,22.5,22.8,76.8,23.2,18.5,30.9,28.5,33.4,18.2,1.12,-0.29,-0.09,-0.014,0.034,0.66,0.1,0,-0.07,-1,0.8,,0,0,"none","Scheduled",0,,,"fastball",63.5,"slider",17.1,,3.9430894308943087,16.724137931034484,"fastball",58.1,"slider",20.1,,3.4523809523809526,12.985074626865671,97,"Normal",86.66666666666667,"Extra Rest","R","R",10,21,9.2,19.1,2,5402.222222222223,852.2222222222222,0,5550,788.8888888888889,0,,,,,,,,,27.5,24.4,28.7,20.3,103,98,102
"823604","2026-07-10","Wilyer Abreu","Boston Red Sox",1,"L","RF",0.26,0.33,0.421,0.751,0.329,0.161,387,89,19,3,10,20.7,9.6,0.179,0.589,0.286,8,5,3,0.661,0.952,0.378,0.519,23.7,14,76.5,76.5,23.5,,"Nolan McLean","R",0.222,0.184,0.368,0.291,"7:15 PM ET","New York Mets","Boston Red Sox","Citi Field","Nolan McLean",3.73,1.12,28,8.8,6,5,"101.1",118,18,5.63,6.5,-118,-108,"rotowire","Sonny Gray",2.61,1.1,22.8,6.4,10,1,"89.2",82,16,5.60,5.5,-125,-102,"rotowire",3.96,"Alta",21,3.3,"Alta",19.1,4.2,0.687,0.304,0.383,21.0,4.1,0.701,0.314,0.387,21.5,27.2,71,12.2,208,1010.5,10,"Parcialmente Nublado",30,0.233,0.684,0.303,0.381,4.5,78,0.239,0.696,0.306,0.39,4.5,32,0.237,0.675,0.304,0.371,4.5,57,0.265,0.772,0.341,0.431,4.5,24,5,96,291,6,70,260,10,21,2,4,6,9.2,19.1,4,6,4,3.41,3.6,3.08,3.46,34.5,6.3,47.5,22,28,8.8,10.9,30.6,,7.2,1.6,5.8,24.6,97,5,7,9,6,6,6,25,25,28,,,,,100,6,6.79,24.6,63.5,17.1,12.8,6.5,0,"Francisco Alvarez",-0.5791311770345119,26.0,6.0,7.0,25,6,0,0,3.7,3.69,3.09,3.64,37.1,6.8,47.8,22.3,22.8,6.4,11.1,28.5,,7.6,2.33,6.7,25.2,87,7,9,11,6,7.3,7,22,24,30,27.3,,,,90,7,6.15,25.2,58.1,20.1,16.8,4.8,0,"Carlos Narváez",4.09540808282486,25.3,6.8,9.0,22,6,0,0,0.303,0.337,0.148,0.277,43.4,9.5,75.3,21.8,21.7,75.3,24.7,18.7,35.8,31.8,22.5,39.3,0.309,0.303,0.143,0.299,36.9,6.4,76.8,22.5,22.8,76.8,23.2,18.5,30.9,28.5,33.4,18.2,1.12,-0.29,-0.09,-0.014,0.034,0.66,0.1,0,-0.07,-1,0.8,,0,0,"none","Scheduled",0,,,"fastball",63.5,"slider",17.1,,3.9430894308943087,16.724137931034484,"fastball",58.1,"slider",20.1,,3.4523809523809526,12.985074626865671,97,"Normal",86.66666666666667,"Extra Rest","R","R",10,21,9.2,19.1,2,5402.222222222223,852.2222222222222,0,5550,788.8888888888889,0,,,,,,,,,27.5,24.4,28.7,20.3,103,98,102
"823604","2026-07-10","Jarren Duran","Boston Red Sox",2,"L","LF",0.198,0.262,0.36,0.622,0.275,0.162,363,65,10,2,13,30.3,7.2,0.211,0.821,0.421,8,4,2,0.627,0.606,0.378,0.305,31.6,26.6,64.8,64.8,35.2,,"Nolan McLean","R",0.222,0.184,0.368,0.291,"7:15 PM ET","New York Mets","Boston Red Sox","Citi Field","Nolan McLean",3.73,1.12,28,8.8,6,5,"101.1",118,18,5.63,6.5,-118,-108,"rotowire","Sonny Gray",2.61,1.1,22.8,6.4,10,1,"89.2",82,16,5.60,5.5,-125,-102,"rotowire",3.96,"Alta",21,3.3,"Alta",19.1,4.2,0.687,0.304,0.383,21.0,4.1,0.701,0.314,0.387,21.5,27.2,71,12.2,208,1010.5,10,"Parcialmente Nublado",30,0.233,0.684,0.303,0.381,4.5,78,0.239,0.696,0.306,0.39,4.5,32,0.237,0.675,0.304,0.371,4.5,57,0.265,0.772,0.341,0.431,4.5,24,5,96,291,6,70,260,10,21,2,4,6,9.2,19.1,4,6,4,3.41,3.6,3.08,3.46,34.5,6.3,47.5,22,28,8.8,10.9,30.6,,7.2,1.6,5.8,24.6,97,5,7,9,6,6,6,25,25,28,,,,,100,6,6.79,24.6,63.5,17.1,12.8,6.5,0,"Francisco Alvarez",-0.5791311770345119,26.0,6.0,7.0,25,6,0,0,3.7,3.69,3.09,3.64,37.1,6.8,47.8,22.3,22.8,6.4,11.1,28.5,,7.6,2.33,6.7,25.2,87,7,9,11,6,7.3,7,22,24,30,27.3,,,,90,7,6.15,25.2,58.1,20.1,16.8,4.8,0,"Carlos Narváez",4.09540808282486,25.3,6.8,9.0,22,6,0,0,0.303,0.337,0.148,0.277,43.4,9.5,75.3,21.8,21.7,75.3,24.7,18.7,35.8,31.8,22.5,39.3,0.309,0.303,0.143,0.299,36.9,6.4,76.8,22.5,22.8,76.8,23.2,18.5,30.9,28.5,33.4,18.2,1.12,-0.29,-0.09,-0.014,0.034,0.66,0.1,0,-0.07,-1,0.8,,0,0,"none","Scheduled",0,,,"fastball",63.5,"slider",17.1,,3.9430894308943087,16.724137931034484,"fastball",58.1,"slider",20.1,,3.4523809523809526,12.985074626865671,97,"Normal",86.66666666666667,"Extra Rest","R","R",10,21,9.2,19.1,2,5402.222222222223,852.2222222222222,0,5550,788.8888888888889,0,,,,,,,,,27.5,24.4,28.7,20.3,103,98,102
"823604","2026-07-10","Ceddanne Rafaela","Boston Red Sox",3,"R","CF",0.283,0.33,0.438,0.768,0.333,0.155,353,93,21,3,8,19.5,4.8,0.313,0.853,0.5,16,10,4,0.715,0.907,0.393,0.556,18.4,22.7,76.1,76.1,23.9,,"Nolan McLean","R",0.222,0.184,0.368,0.291,"7:15 PM ET","New York Mets","Boston Red Sox","Citi Field","Nolan McLean",3.73,1.12,28,8.8,6,5,"101.1",118,18,5.63,6.5,-118,-108,"rotowire","Sonny Gray",2.61,1.1,22.8,6.4,10,1,"89.2",82,16,5.60,5.5,-125,-102,"rotowire",3.96,"Alta",21,3.3,"Alta",19.1,4.2,0.687,0.304,0.383,21.0,4.1,0.701,0.314,0.387,21.5,27.2,71,12.2,208,1010.5,10,"Parcialmente Nublado",30,0.233,0.684,0.303,0.381,4.5,78,0.239,0.696,0.306,0.39,4.5,32,0.237,0.675,0.304,0.371,4.5,57,0.265,0.772,0.341,0.431,4.5,24,5,96,291,6,70,260,10,21,2,4,6,9.2,19.1,4,6,4,3.41,3.6,3.08,3.46,34.5,6.3,47.5,22,28,8.8,10.9,30.6,,7.2,1.6,5.8,24.6,97,5,7,9,6,6,6,25,25,28,,,,,100,6,6.79,24.6,63.5,17.1,12.8,6.5,0,"Francisco Alvarez",-0.5791311770345119,26.0,6.0,7.0,25,6,0,0,3.7,3.69,3.09,3.64,37.1,6.8,47.8,22.3,22.8,6.4,11.1,28.5,,7.6,2.33,6.7,25.2,87,7,9,11,6,7.3,7,22,24,30,27.3,,,,90,7,6.15,25.2,58.1,20.1,16.8,4.8,0,"Carlos Narváez",4.09540808282486,25.3,6.8,9.0,22,6,0,0,0.303,0.337,0.148,0.277,43.4,9.5,75.3,21.8,21.7,75.3,24.7,18.7,35.8,31.8,22.5,39.3,0.309,0.303,0.143,0.299,36.9,6.4,76.8,22.5,22.8,76.8,23.2,18.5,30.9,28.5,33.4,18.2,1.12,-0.29,-0.09,-0.014,0.034,0.66,0.1,0,-0.07,-1,0.8,,0,0,"none","Scheduled",0,,,"fastball",63.5,"slider",17.1,,3.9430894308943087,16.724137931034484,"fastball",58.1,"slider",20.1,,3.4523809523809526,12.985074626865671,97,"Normal",86.66666666666667,"Extra Rest","R","R",10,21,9.2,19.1,2,5402.222222222223,852.2222222222222,0,5550,788.8888888888889,0,,,,,,,,,27.5,24.4,28.7,20.3,103,98,102
"823604","2026-07-10","Caleb Durbin","Boston Red Sox",4,"R","3B",0.225,0.288,0.396,0.684,0.3,0.171,304,62,18,1,9,13.8,6.6,0.16,0.74,0.44,11,4,3,0.687,0.677,0.4,0.386,15.2,9.9,84.4,84.4,15.6,,"Nolan McLean","R",0.222,0.184,0.368,0.291,"7:15 PM ET","New York Mets","Boston Red Sox","Citi Field","Nolan McLean",3.73,1.12,28,8.8,6,5,"101.1",118,18,5.63,6.5,-118,-108,"rotowire","Sonny Gray",2.61,1.1,22.8,6.4,10,1,"89.2",82,16,5.60,5.5,-125,-102,"rotowire",3.96,"Alta",21,3.3,"Alta",19.1,4.2,0.687,0.304,0.383,21.0,4.1,0.701,0.314,0.387,21.5,27.2,71,12.2,208,1010.5,10,"Parcialmente Nublado",30,0.233,0.684,0.303,0.381,4.5,78,0.239,0.696,0.306,0.39,4.5,32,0.237,0.675,0.304,0.371,4.5,57,0.265,0.772,0.341,0.431,4.5,24,5,96,291,6,70,260,10,21,2,4,6,9.2,19.1,4,6,4,3.41,3.6,3.08,3.46,34.5,6.3,47.5,22,28,8.8,10.9,30.6,,7.2,1.6,5.8,24.6,97,5,7,9,6,6,6,25,25,28,,,,,100,6,6.79,24.6,63.5,17.1,12.8,6.5,0,"Francisco Alvarez",-0.5791311770345119,26.0,6.0,7.0,25,6,0,0,3.7,3.69,3.09,3.64,37.1,6.8,47.8,22.3,22.8,6.4,11.1,28.5,,7.6,2.33,6.7,25.2,87,7,9,11,6,7.3,7,22,24,30,27.3,,,,90,7,6.15,25.2,58.1,20.1,16.8,4.8,0,"Carlos Narváez",4.09540808282486,25.3,6.8,9.0,22,6,0,0,0.303,0.337,0.148,0.277,43.4,9.5,75.3,21.8,21.7,75.3,24.7,18.7,35.8,31.8,22.5,39.3,0.309,0.303,0.143,0.299,36.9,6.4,76.8,22.5,22.8,76.8,23.2,18.5,30.9,28.5,33.4,18.2,1.12,-0.29,-0.09,-0.014,0.034,0.66,0.1,0,-0.07,-1,0.8,,0,0,"none","Scheduled",0,,,"fastball",63.5,"slider",17.1,,3.9430894308943087,16.724137931034484,"fastball",58.1,"slider",20.1,,3.4523809523809526,12.985074626865671,97,"Normal",86.66666666666667,"Extra Rest","R","R",10,21,9.2,19.1,2,5402.222222222223,852.2222222222222,0,5550,788.8888888888889,0,,,,,,,,,27.5,24.4,28.7,20.3,103,98,102
"823604","2026-07-10","Masataka Yoshida","Boston Red Sox",5,"L","DH",0.259,0.335,0.353,0.688,0.308,0.094,191,44,8,1,2,12,8.9,0.333,0.885,0.5,12,8,2,0.69,0.668,0.353,0.35,11.2,18.2,83.6,83.6,16.4,,"Nolan McLean","R",0.222,0.184,0.368,0.291,"7:15 PM ET","New York Mets","Boston Red Sox","Citi Field","Nolan McLean",3.73,1.12,28,8.8,6,5,"101.1",118,18,5.63,6.5,-118,-108,"rotowire","Sonny Gray",2.61,1.1,22.8,6.4,10,1,"89.2",82,16,5.60,5.5,-125,-102,"rotowire",3.96,"Alta",21,3.3,"Alta",19.1,4.2,0.687,0.304,0.383,21.0,4.1,0.701,0.314,0.387,21.5,27.2,71,12.2,208,1010.5,10,"Parcialmente Nublado",30,0.233,0.684,0.303,0.381,4.5,78,0.239,0.696,0.306,0.39,4.5,32,0.237,0.675,0.304,0.371,4.5,57,0.265,0.772,0.341,0.431,4.5,24,5,96,291,6,70,260,10,21,2,4,6,9.2,19.1,4,6,4,3.41,3.6,3.08,3.46,34.5,6.3,47.5,22,28,8.8,10.9,30.6,,7.2,1.6,5.8,24.6,97,5,7,9,6,6,6,25,25,28,,,,,100,6,6.79,24.6,63.5,17.1,12.8,6.5,0,"Francisco Alvarez",-0.5791311770345119,26.0,6.0,7.0,25,6,0,0,3.7,3.69,3.09,3.64,37.1,6.8,47.8,22.3,22.8,6.4,11.1,28.5,,7.6,2.33,6.7,25.2,87,7,9,11,6,7.3,7,22,24,30,27.3,,,,90,7,6.15,25.2,58.1,20.1,16.8,4.8,0,"Carlos Narváez",4.09540808282486,25.3,6.8,9.0,22,6,0,0,0.303,0.337,0.148,0.277,43.4,9.5,75.3,21.8,21.7,75.3,24.7,18.7,35.8,31.8,22.5,39.3,0.309,0.303,0.143,0.299,36.9,6.4,76.8,22.5,22.8,76.8,23.2,18.5,30.9,28.5,33.4,18.2,1.12,-0.29,-0.09,-0.014,0.034,0.66,0.1,0,-0.07,-1,0.8,,0,0,"none","Scheduled",0,,,"fastball",63.5,"slider",17.1,,3.9430894308943087,16.724137931034484,"fastball",58.1,"slider",20.1,,3.4523809523809526,12.985074626865671,97,"Normal",86.66666666666667,"Extra Rest","R","R",10,21,9.2,19.1,2,5402.222222222223,852.2222222222222,0,5550,788.8888888888889,0,,,,,,,,,27.5,24.4,28.7,20.3,103,98,102
"823604","2026-07-10","Carlos Narváez","Boston Red Sox",6,"R","C",0.192,0.257,0.272,0.529,0.241,0.08,170,29,6,0,2,31.8,6.5,0.143,0.325,0.143,3,3,0,0.481,0.72,0.242,0.387,33.6,24.2,69.4,69.4,30.6,,"Nolan McLean","R",0.222,0.184,0.368,0.291,"7:15 PM ET","New York Mets","Boston Red Sox","Citi Field","Nolan McLean",3.73,1.12,28,8.8,6,5,"101.1",118,18,5.63,6.5,-118,-108,"rotowire","Sonny Gray",2.61,1.1,22.8,6.4,10,1,"89.2",82,16,5.60,5.5,-125,-102,"rotowire",3.96,"Alta",21,3.3,"Alta",19.1,4.2,0.687,0.304,0.383,21.0,4.1,0.701,0.314,0.387,21.5,27.2,71,12.2,208,1010.5,10,"Parcialmente Nublado",30,0.233,0.684,0.303,0.381,4.5,78,0.239,0.696,0.306,0.39,4.5,32,0.237,0.675,0.304,0.371,4.5,57,0.265,0.772,0.341,0.431,4.5,24,5,96,291,6,70,260,10,21,2,4,6,9.2,19.1,4,6,4,3.41,3.6,3.08,3.46,34.5,6.3,47.5,22,28,8.8,10.9,30.6,,7.2,1.6,5.8,24.6,97,5,7,9,6,6,6,25,25,28,,,,,100,6,6.79,24.6,63.5,17.1,12.8,6.5,0,"Francisco Alvarez",-0.5791311770345119,26.0,6.0,7.0,25,6,0,0,3.7,3.69,3.09,3.64,37.1,6.8,47.8,22.3,22.8,6.4,11.1,28.5,,7.6,2.33,6.7,25.2,87,7,9,11,6,7.3,7,22,24,30,27.3,,,,90,7,6.15,25.2,58.1,20.1,16.8,4.8,0,"Carlos Narváez",4.09540808282486,25.3,6.8,9.0,22,6,0,0,0.303,0.337,0.148,0.277,43.4,9.5,75.3,21.8,21.7,75.3,24.7,18.7,35.8,31.8,22.5,39.3,0.309,0.303,0.143,0.299,36.9,6.4,76.8,22.5,22.8,76.8,23.2,18.5,30.9,28.5,33.4,18.2,1.12,-0.29,-0.09,-0.014,0.034,0.66,0.1,0,-0.07,-1,0.8,,0,0,"none","Scheduled",0,,,"fastball",63.5,"slider",17.1,,3.9430894308943087,16.724137931034484,"fastball",58.1,"slider",20.1,,3.4523809523809526,12.985074626865671,97,"Normal",86.66666666666667,"Extra Rest","R","R",10,21,9.2,19.1,2,5402.222222222223,852.2222222222222,0,5550,788.8888888888889,0,,,,,,,,,27.5,24.4,28.7,20.3,103,98,102
"823604","2026-07-10","Andruw Monasterio","Boston Red Sox",7,"R","SS",0.217,0.261,0.368,0.629,0.273,0.151,161,33,11,0,4,23.6,5.6,0.2,0.591,0.36,9,5,2,0.466,0.842,0.253,0.523,23.6,23.6,83.5,83.5,16.5,,"Nolan McLean","R",0.222,0.184,0.368,0.291,"7:15 PM ET","New York Mets","Boston Red Sox","Citi Field","Nolan McLean",3.73,1.12,28,8.8,6,5,"101.1",118,18,5.63,6.5,-118,-108,"rotowire","Sonny Gray",2.61,1.1,22.8,6.4,10,1,"89.2",82,16,5.60,5.5,-125,-102,"rotowire",3.96,"Alta",21,3.3,"Alta",19.1,4.2,0.687,0.304,0.383,21.0,4.1,0.701,0.314,0.387,21.5,27.2,71,12.2,208,1010.5,10,"Parcialmente Nublado",30,0.233,0.684,0.303,0.381,4.5,78,0.239,0.696,0.306,0.39,4.5,32,0.237,0.675,0.304,0.371,4.5,57,0.265,0.772,0.341,0.431,4.5,24,5,96,291,6,70,260,10,21,2,4,6,9.2,19.1,4,6,4,3.41,3.6,3.08,3.46,34.5,6.3,47.5,22,28,8.8,10.9,30.6,,7.2,1.6,5.8,24.6,97,5,7,9,6,6,6,25,25,28,,,,,100,6,6.79,24.6,63.5,17.1,12.8,6.5,0,"Francisco Alvarez",-0.5791311770345119,26.0,6.0,7.0,25,6,0,0,3.7,3.69,3.09,3.64,37.1,6.8,47.8,22.3,22.8,6.4,11.1,28.5,,7.6,2.33,6.7,25.2,87,7,9,11,6,7.3,7,22,24,30,27.3,,,,90,7,6.15,25.2,58.1,20.1,16.8,4.8,0,"Carlos Narváez",4.09540808282486,25.3,6.8,9.0,22,6,0,0,0.303,0.337,0.148,0.277,43.4,9.5,75.3,21.8,21.7,75.3,24.7,18.7,35.8,31.8,22.5,39.3,0.309,0.303,0.143,0.299,36.9,6.4,76.8,22.5,22.8,76.8,23.2,18.5,30.9,28.5,33.4,18.2,1.12,-0.29,-0.09,-0.014,0.034,0.66,0.1,0,-0.07,-1,0.8,,0,0,"none","Scheduled",0,,,"fastball",63.5,"slider",17.1,,3.9430894308943087,16.724137931034484,"fastball",58.1,"slider",20.1,,3.4523809523809526,12.985074626865671,97,"Normal",86.66666666666667,"Extra Rest","R","R",10,21,9.2,19.1,2,5402.222222222223,852.2222222222222,0,5550,788.8888888888889,0,,,,,,,,,27.5,24.4,28.7,20.3,103,98,102
"823604","2026-07-10","Connor Wong","Boston Red Sox",8,"R","C",0.295,0.385,0.4,0.785,0.352,0.105,125,31,8,0,1,21.6,10.4,0.45,1.142,0.6,12,9,1,0.826,0.708,0.426,0.351,24.4,16.3,75.3,75.3,24.7,,"Nolan McLean","R",0.222,0.184,0.368,0.291,"7:15 PM ET","New York Mets","Boston Red Sox","Citi Field","Nolan McLean",3.73,1.12,28,8.8,6,5,"101.1",118,18,5.63,6.5,-118,-108,"rotowire","Sonny Gray",2.61,1.1,22.8,6.4,10,1,"89.2",82,16,5.60,5.5,-125,-102,"rotowire",3.96,"Alta",21,3.3,"Alta",19.1,4.2,0.687,0.304,0.383,21.0,4.1,0.701,0.314,0.387,21.5,27.2,71,12.2,208,1010.5,10,"Parcialmente Nublado",30,0.233,0.684,0.303,0.381,4.5,78,0.239,0.696,0.306,0.39,4.5,32,0.237,0.675,0.304,0.371,4.5,57,0.265,0.772,0.341,0.431,4.5,24,5,96,291,6,70,260,10,21,2,4,6,9.2,19.1,4,6,4,3.41,3.6,3.08,3.46,34.5,6.3,47.5,22,28,8.8,10.9,30.6,,7.2,1.6,5.8,24.6,97,5,7,9,6,6,6,25,25,28,,,,,100,6,6.79,24.6,63.5,17.1,12.8,6.5,0,"Francisco Alvarez",-0.5791311770345119,26.0,6.0,7.0,25,6,0,0,3.7,3.69,3.09,3.64,37.1,6.8,47.8,22.3,22.8,6.4,11.1,28.5,,7.6,2.33,6.7,25.2,87,7,9,11,6,7.3,7,22,24,30,27.3,,,,90,7,6.15,25.2,58.1,20.1,16.8,4.8,0,"Carlos Narváez",4.09540808282486,25.3,6.8,9.0,22,6,0,0,0.303,0.337,0.148,0.277,43.4,9.5,75.3,21.8,21.7,75.3,24.7,18.7,35.8,31.8,22.5,39.3,0.309,0.303,0.143,0.299,36.9,6.4,76.8,22.5,22.8,76.8,23.2,18.5,30.9,28.5,33.4,18.2,1.12,-0.29,-0.09,-0.014,0.034,0.66,0.1,0,-0.07,-1,0.8,,0,0,"none","Scheduled",0,,,"fastball",63.5,"slider",17.1,,3.9430894308943087,16.724137931034484,"fastball",58.1,"slider",20.1,,3.4523809523809526,12.985074626865671,97,"Normal",86.66666666666667,"Extra Rest","R","R",10,21,9.2,19.1,2,5402.222222222223,852.2222222222222,0,5550,788.8888888888889,0,,,,,,,,,27.5,24.4,28.7,20.3,103,98,102
"823604","2026-07-10","Anthony Seigler","Boston Red Sox",9,"S","2B",0.283,0.377,0.433,0.81,0.356,0.15,70,17,6,0,1,18.6,11.4,0.167,0.56,0.25,6,4,2,0.846,0.732,0.463,0.368,23.4,8.7,77.8,77.8,22.2,,"Nolan McLean","R",0.222,0.184,0.368,0.291,"7:15 PM ET","New York Mets","Boston Red Sox","Citi Field","Nolan McLean",3.73,1.12,28,8.8,6,5,"101.1",118,18,5.63,6.5,-118,-108,"rotowire","Sonny Gray",2.61,1.1,22.8,6.4,10,1,"89.2",82,16,5.60,5.5,-125,-102,"rotowire",3.96,"Alta",21,3.3,"Alta",19.1,4.2,0.687,0.304,0.383,21.0,4.1,0.701,0.314,0.387,21.5,27.2,71,12.2,208,1010.5,10,"Parcialmente Nublado",30,0.233,0.684,0.303,0.381,4.5,78,0.239,0.696,0.306,0.39,4.5,32,0.237,0.675,0.304,0.371,4.5,57,0.265,0.772,0.341,0.431,4.5,24,5,96,291,6,70,260,10,21,2,4,6,9.2,19.1,4,6,4,3.41,3.6,3.08,3.46,34.5,6.3,47.5,22,28,8.8,10.9,30.6,,7.2,1.6,5.8,24.6,97,5,7,9,6,6,6,25,25,28,,,,,100,6,6.79,24.6,63.5,17.1,12.8,6.5,0,"Francisco Alvarez",-0.5791311770345119,26.0,6.0,7.0,25,6,0,0,3.7,3.69,3.09,3.64,37.1,6.8,47.8,22.3,22.8,6.4,11.1,28.5,,7.6,2.33,6.7,25.2,87,7,9,11,6,7.3,7,22,24,30,27.3,,,,90,7,6.15,25.2,58.1,20.1,16.8,4.8,0,"Carlos Narváez",4.09540808282486,25.3,6.8,9.0,22,6,0,0,0.303,0.337,0.148,0.277,43.4,9.5,75.3,21.8,21.7,75.3,24.7,18.7,35.8,31.8,22.5,39.3,0.309,0.303,0.143,0.299,36.9,6.4,76.8,22.5,22.8,76.8,23.2,18.5,30.9,28.5,33.4,18.2,1.12,-0.29,-0.09,-0.014,0.034,0.66,0.1,0,-0.07,-1,0.8,,0,0,"none","Scheduled",0,,,"fastball",63.5,"slider",17.1,,3.9430894308943087,16.724137931034484,"fastball",58.1,"slider",20.1,,3.4523809523809526,12.985074626865671,97,"Normal",86.66666666666667,"Extra Rest","R","R",10,21,9.2,19.1,2,5402.222222222223,852.2222222222222,0,5550,788.8888888888889,0,,,,,,,,,27.5,24.4,28.7,20.3,103,98,102
"824575","2026-07-10","Miguel Vargas","Chicago White Sox",1,"R","3B",0.239,0.354,0.477,0.831,0.361,0.238,396,79,17,1,20,16.7,14.1,0.167,0.708,0.375,9,4,3,0.765,0.993,0.434,0.583,17.6,14.4,79.5,79.5,20.5,,"Jacob Lopez","L",0.262,0.314,0.393,0.551,"7:40 PM ET","Chicago White Sox","Athletics","Rate Field","Sean Burke",3.56,1.22,25.8,8,5,4,"98.2",106,18,5.48,5.5,-145,113,"rotowire","Jacob Lopez",7.04,1.84,16.3,13.2,4,3,"53.2",42,13,4.13,1.5,-110,-145,"datastreak",4.06,"Alta",23.1,5.04,"Alta",27,4.7,0.727,0.318,0.409,22.7,4.5,0.728,0.324,0.404,21.2,27.3,71,12.2,199,1010.4,12,"Parcialmente Nublado",30.2,0.241,0.728,0.32,0.408,4.5,86,0.234,0.721,0.312,0.409,4.5,39,0.244,0.724,0.327,0.397,4.5,73,0.251,0.736,0.316,0.42,4.5,42,6,95,274,3,63,210,10.1,23.1,3,6,5,14.1,27,4,7,4,3.72,3.82,3.37,3.36,36.5,7.5,36.1,30.8,25.8,8,11.6,30.4,,7.4,1.96,5.4,23.2,92,11,8,6,6,5.3,6.3,24,23,26,19,,,,91,5.1,6.15,23.2,58.4,17.5,21.4,2.7,0,,,24.3,5.9,8.3,23,5.3,0,0,4.05,6.2,4.96,5.22,30.9,4.4,33.1,30.9,16.3,13.2,8.5,24.9,,3.4,1.36,4.3,20.6,82,3,2,2,2,3.7,5,13,21,23,,,,,68,3.2,3.57,20.6,59.7,30.5,0,9.9,0,"Shea Langeliers",-4.944005556121802,19.0,3.6,2.3,13,2,1,1,0.319,0.337,0.17,0.287,42.6,10.3,74.3,24.6,24.8,74.3,25.7,21.8,33.6,22.9,30,32,0.319,0.323,0.158,0.297,42.3,8.1,74.7,21.8,19.8,74.7,25.3,21.5,30.4,39.2,29.7,31.5,-3.48,-0.33,-2.38,-0.001,0.014,-0.98,0.2,0,0.01,3,-4,,0,0,"none","Scheduled",0,,,"fastball",58.4,"curve",21.4,,3.9655172413793105,17.037037037037035,"fastball",59.7,"slider",30.5,,3.9805825242718442,19.069767441860467,91.33333333333333,"Extra Rest",70,"Short Rest","R","L",10.1,23.1,14.1,27,3,5171.111111111111,883.3333333333334,0,5395.555555555556,953.3333333333334,0,,,,,,,,,26.3,15.8,25,16.6,97,98,96
"824575","2026-07-10","Chase Meidroth","Chicago White Sox",2,"R","2B",0.266,0.339,0.373,0.712,0.317,0.107,380,89,15,0,7,23.7,9.5,0.192,0.584,0.308,8,5,1,0.668,0.819,0.342,0.449,24.7,21.1,81,81,19,,"Jacob Lopez","L",0.262,0.314,0.393,0.551,"7:40 PM ET","Chicago White Sox","Athletics","Rate Field","Sean Burke",3.56,1.22,25.8,8,5,4,"98.2",106,18,5.48,5.5,-145,113,"rotowire","Jacob Lopez",7.04,1.84,16.3,13.2,4,3,"53.2",42,13,4.13,1.5,-110,-145,"datastreak",4.06,"Alta",23.1,5.04,"Alta",27,4.7,0.727,0.318,0.409,22.7,4.5,0.728,0.324,0.404,21.2,27.3,71,12.2,199,1010.4,12,"Parcialmente Nublado",30.2,0.241,0.728,0.32,0.408,4.5,86,0.234,0.721,0.312,0.409,4.5,39,0.244,0.724,0.327,0.397,4.5,73,0.251,0.736,0.316,0.42,4.5,42,6,95,274,3,63,210,10.1,23.1,3,6,5,14.1,27,4,7,4,3.72,3.82,3.37,3.36,36.5,7.5,36.1,30.8,25.8,8,11.6,30.4,,7.4,1.96,5.4,23.2,92,11,8,6,6,5.3,6.3,24,23,26,19,,,,91,5.1,6.15,23.2,58.4,17.5,21.4,2.7,0,,,24.3,5.9,8.3,23,5.3,0,0,4.05,6.2,4.96,5.22,30.9,4.4,33.1,30.9,16.3,13.2,8.5,24.9,,3.4,1.36,4.3,20.6,82,3,2,2,2,3.7,5,13,21,23,,,,,68,3.2,3.57,20.6,59.7,30.5,0,9.9,0,"Shea Langeliers",-4.944005556121802,19.0,3.6,2.3,13,2,1,1,0.319,0.337,0.17,0.287,42.6,10.3,74.3,24.6,24.8,74.3,25.7,21.8,33.6,22.9,30,32,0.319,0.323,0.158,0.297,42.3,8.1,74.7,21.8,19.8,74.7,25.3,21.5,30.4,39.2,29.7,31.5,-3.48,-0.33,-2.38,-0.001,0.014,-0.98,0.2,0,0.01,3,-4,,0,0,"none","Scheduled",0,,,"fastball",58.4,"curve",21.4,,3.9655172413793105,17.037037037037035,"fastball",59.7,"slider",30.5,,3.9805825242718442,19.069767441860467,91.33333333333333,"Extra Rest",70,"Short Rest","R","L",10.1,23.1,14.1,27,3,5171.111111111111,883.3333333333334,0,5395.555555555556,953.3333333333334,0,,,,,,,,,26.3,15.8,25,16.6,97,98,96
"824575","2026-07-10","Colson Montgomery","Chicago White Sox",3,"L","SS",0.222,0.304,0.48,0.784,0.335,0.258,368,73,16,0,23,31.3,8.2,0.233,0.7,0.467,14,7,3,0.74,0.882,0.442,0.563,31.4,31,63,63,37,,"Jacob Lopez","L",0.262,0.314,0.393,0.551,"7:40 PM ET","Chicago White Sox","Athletics","Rate Field","Sean Burke",3.56,1.22,25.8,8,5,4,"98.2",106,18,5.48,5.5,-145,113,"rotowire","Jacob Lopez",7.04,1.84,16.3,13.2,4,3,"53.2",42,13,4.13,1.5,-110,-145,"datastreak",4.06,"Alta",23.1,5.04,"Alta",27,4.7,0.727,0.318,0.409,22.7,4.5,0.728,0.324,0.404,21.2,27.3,71,12.2,199,1010.4,12,"Parcialmente Nublado",30.2,0.241,0.728,0.32,0.408,4.5,86,0.234,0.721,0.312,0.409,4.5,39,0.244,0.724,0.327,0.397,4.5,73,0.251,0.736,0.316,0.42,4.5,42,6,95,274,3,63,210,10.1,23.1,3,6,5,14.1,27,4,7,4,3.72,3.82,3.37,3.36,36.5,7.5,36.1,30.8,25.8,8,11.6,30.4,,7.4,1.96,5.4,23.2,92,11,8,6,6,5.3,6.3,24,23,26,19,,,,91,5.1,6.15,23.2,58.4,17.5,21.4,2.7,0,,,24.3,5.9,8.3,23,5.3,0,0,4.05,6.2,4.96,5.22,30.9,4.4,33.1,30.9,16.3,13.2,8.5,24.9,,3.4,1.36,4.3,20.6,82,3,2,2,2,3.7,5,13,21,23,,,,,68,3.2,3.57,20.6,59.7,30.5,0,9.9,0,"Shea Langeliers",-4.944005556121802,19.0,3.6,2.3,13,2,1,1,0.319,0.337,0.17,0.287,42.6,10.3,74.3,24.6,24.8,74.3,25.7,21.8,33.6,22.9,30,32,0.319,0.323,0.158,0.297,42.3,8.1,74.7,21.8,19.8,74.7,25.3,21.5,30.4,39.2,29.7,31.5,-3.48,-0.33,-2.38,-0.001,0.014,-0.98,0.2,0,0.01,3,-4,,0,0,"none","Scheduled",0,,,"fastball",58.4,"curve",21.4,,3.9655172413793105,17.037037037037035,"fastball",59.7,"slider",30.5,,3.9805825242718442,19.069767441860467,91.33333333333333,"Extra Rest",70,"Short Rest","R","L",10.1,23.1,14.1,27,3,5171.111111111111,883.3333333333334,0,5395.555555555556,953.3333333333334,0,,,,,,,,,26.3,15.8,25,16.6,97,98,96
"824575","2026-07-10","Sam Antonacci","Chicago White Sox",4,"L","LF",0.289,0.38,0.411,0.791,0.353,0.122,294,73,12,2,5,15.3,7.1,0.231,0.528,0.269,7,6,1,0.867,0.52,0.465,0.218,13.9,20.3,84.8,84.8,15.2,,"Jacob Lopez","L",0.262,0.314,0.393,0.551,"7:40 PM ET","Chicago White Sox","Athletics","Rate Field","Sean Burke",3.56,1.22,25.8,8,5,4,"98.2",106,18,5.48,5.5,-145,113,"rotowire","Jacob Lopez",7.04,1.84,16.3,13.2,4,3,"53.2",42,13,4.13,1.5,-110,-145,"datastreak",4.06,"Alta",23.1,5.04,"Alta",27,4.7,0.727,0.318,0.409,22.7,4.5,0.728,0.324,0.404,21.2,27.3,71,12.2,199,1010.4,12,"Parcialmente Nublado",30.2,0.241,0.728,0.32,0.408,4.5,86,0.234,0.721,0.312,0.409,4.5,39,0.244,0.724,0.327,0.397,4.5,73,0.251,0.736,0.316,0.42,4.5,42,6,95,274,3,63,210,10.1,23.1,3,6,5,14.1,27,4,7,4,3.72,3.82,3.37,3.36,36.5,7.5,36.1,30.8,25.8,8,11.6,30.4,,7.4,1.96,5.4,23.2,92,11,8,6,6,5.3,6.3,24,23,26,19,,,,91,5.1,6.15,23.2,58.4,17.5,21.4,2.7,0,,,24.3,5.9,8.3,23,5.3,0,0,4.05,6.2,4.96,5.22,30.9,4.4,33.1,30.9,16.3,13.2,8.5,24.9,,3.4,1.36,4.3,20.6,82,3,2,2,2,3.7,5,13,21,23,,,,,68,3.2,3.57,20.6,59.7,30.5,0,9.9,0,"Shea Langeliers",-4.944005556121802,19.0,3.6,2.3,13,2,1,1,0.319,0.337,0.17,0.287,42.6,10.3,74.3,24.6,24.8,74.3,25.7,21.8,33.6,22.9,30,32,0.319,0.323,0.158,0.297,42.3,8.1,74.7,21.8,19.8,74.7,25.3,21.5,30.4,39.2,29.7,31.5,-3.48,-0.33,-2.38,-0.001,0.014,-0.98,0.2,0,0.01,3,-4,,0,0,"none","Scheduled",0,,,"fastball",58.4,"curve",21.4,,3.9655172413793105,17.037037037037035,"fastball",59.7,"slider",30.5,,3.9805825242718442,19.069767441860467,91.33333333333333,"Extra Rest",70,"Short Rest","R","L",10.1,23.1,14.1,27,3,5171.111111111111,883.3333333333334,0,5395.555555555556,953.3333333333334,0,,,,,,,,,26.3,15.8,25,16.6,97,98,96
"824575","2026-07-10","Andrew Benintendi","Chicago White Sox",5,"L","DH",0.241,0.299,0.423,0.722,0.314,0.182,279,61,12,2,10,24.7,7.9,0.273,0.678,0.318,7,6,1,0.759,0.454,0.452,0.219,22.5,40,70.9,70.9,29.1,,"Jacob Lopez","L",0.262,0.314,0.393,0.551,"7:40 PM ET","Chicago White Sox","Athletics","Rate Field","Sean Burke",3.56,1.22,25.8,8,5,4,"98.2",106,18,5.48,5.5,-145,113,"rotowire","Jacob Lopez",7.04,1.84,16.3,13.2,4,3,"53.2",42,13,4.13,1.5,-110,-145,"datastreak",4.06,"Alta",23.1,5.04,"Alta",27,4.7,0.727,0.318,0.409,22.7,4.5,0.728,0.324,0.404,21.2,27.3,71,12.2,199,1010.4,12,"Parcialmente Nublado",30.2,0.241,0.728,0.32,0.408,4.5,86,0.234,0.721,0.312,0.409,4.5,39,0.244,0.724,0.327,0.397,4.5,73,0.251,0.736,0.316,0.42,4.5,42,6,95,274,3,63,210,10.1,23.1,3,6,5,14.1,27,4,7,4,3.72,3.82,3.37,3.36,36.5,7.5,36.1,30.8,25.8,8,11.6,30.4,,7.4,1.96,5.4,23.2,92,11,8,6,6,5.3,6.3,24,23,26,19,,,,91,5.1,6.15,23.2,58.4,17.5,21.4,2.7,0,,,24.3,5.9,8.3,23,5.3,0,0,4.05,6.2,4.96,5.22,30.9,4.4,33.1,30.9,16.3,13.2,8.5,24.9,,3.4,1.36,4.3,20.6,82,3,2,2,2,3.7,5,13,21,23,,,,,68,3.2,3.57,20.6,59.7,30.5,0,9.9,0,"Shea Langeliers",-4.944005556121802,19.0,3.6,2.3,13,2,1,1,0.319,0.337,0.17,0.287,42.6,10.3,74.3,24.6,24.8,74.3,25.7,21.8,33.6,22.9,30,32,0.319,0.323,0.158,0.297,42.3,8.1,74.7,21.8,19.8,74.7,25.3,21.5,30.4,39.2,29.7,31.5,-3.48,-0.33,-2.38,-0.001,0.014,-0.98,0.2,0,0.01,3,-4,,0,0,"none","Scheduled",0,,,"fastball",58.4,"curve",21.4,,3.9655172413793105,17.037037037037035,"fastball",59.7,"slider",30.5,,3.9805825242718442,19.069767441860467,91.33333333333333,"Extra Rest",70,"Short Rest","R","L",10.1,23.1,14.1,27,3,5171.111111111111,883.3333333333334,0,5395.555555555556,953.3333333333334,0,,,,,,,,,26.3,15.8,25,16.6,97,98,96
"824575","2026-07-10","Tristan Peters","Chicago White Sox",6,"L","CF",0.292,0.347,0.45,0.797,0.347,0.158,266,70,19,2,5,18.4,6.8,0.35,0.981,0.6,12,7,3,0.859,0.294,0.491,0.115,18.2,20,78.1,78.1,21.9,,"Jacob Lopez","L",0.262,0.314,0.393,0.551,"7:40 PM ET","Chicago White Sox","Athletics","Rate Field","Sean Burke",3.56,1.22,25.8,8,5,4,"98.2",106,18,5.48,5.5,-145,113,"rotowire","Jacob Lopez",7.04,1.84,16.3,13.2,4,3,"53.2",42,13,4.13,1.5,-110,-145,"datastreak",4.06,"Alta",23.1,5.04,"Alta",27,4.7,0.727,0.318,0.409,22.7,4.5,0.728,0.324,0.404,21.2,27.3,71,12.2,199,1010.4,12,"Parcialmente Nublado",30.2,0.241,0.728,0.32,0.408,4.5,86,0.234,0.721,0.312,0.409,4.5,39,0.244,0.724,0.327,0.397,4.5,73,0.251,0.736,0.316,0.42,4.5,42,6,95,274,3,63,210,10.1,23.1,3,6,5,14.1,27,4,7,4,3.72,3.82,3.37,3.36,36.5,7.5,36.1,30.8,25.8,8,11.6,30.4,,7.4,1.96,5.4,23.2,92,11,8,6,6,5.3,6.3,24,23,26,19,,,,91,5.1,6.15,23.2,58.4,17.5,21.4,2.7,0,,,24.3,5.9,8.3,23,5.3,0,0,4.05,6.2,4.96,5.22,30.9,4.4,33.1,30.9,16.3,13.2,8.5,24.9,,3.4,1.36,4.3,20.6,82,3,2,2,2,3.7,5,13,21,23,,,,,68,3.2,3.57,20.6,59.7,30.5,0,9.9,0,"Shea Langeliers",-4.944005556121802,19.0,3.6,2.3,13,2,1,1,0.319,0.337,0.17,0.287,42.6,10.3,74.3,24.6,24.8,74.3,25.7,21.8,33.6,22.9,30,32,0.319,0.323,0.158,0.297,42.3,8.1,74.7,21.8,19.8,74.7,25.3,21.5,30.4,39.2,29.7,31.5,-3.48,-0.33,-2.38,-0.001,0.014,-0.98,0.2,0,0.01,3,-4,,0,0,"none","Scheduled",0,,,"fastball",58.4,"curve",21.4,,3.9655172413793105,17.037037037037035,"fastball",59.7,"slider",30.5,,3.9805825242718442,19.069767441860467,91.33333333333333,"Extra Rest",70,"Short Rest","R","L",10.1,23.1,14.1,27,3,5171.111111111111,883.3333333333334,0,5395.555555555556,953.3333333333334,0,,,,,,,,,26.3,15.8,25,16.6,97,98,96
"824575","2026-07-10","Munetaka Murakami","Chicago White Sox",7,"L","1B",0.24,0.378,0.56,0.938,0.396,0.32,246,48,4,0,20,32.5,17.9,0.2,0.91,0.6,15,5,4,0.986,0.817,0.601,0.456,29.9,38.9,59,59,41,,"Jacob Lopez","L",0.262,0.314,0.393,0.551,"7:40 PM ET","Chicago White Sox","Athletics","Rate Field","Sean Burke",3.56,1.22,25.8,8,5,4,"98.2",106,18,5.48,5.5,-145,113,"rotowire","Jacob Lopez",7.04,1.84,16.3,13.2,4,3,"53.2",42,13,4.13,1.5,-110,-145,"datastreak",4.06,"Alta",23.1,5.04,"Alta",27,4.7,0.727,0.318,0.409,22.7,4.5,0.728,0.324,0.404,21.2,27.3,71,12.2,199,1010.4,12,"Parcialmente Nublado",30.2,0.241,0.728,0.32,0.408,4.5,86,0.234,0.721,0.312,0.409,4.5,39,0.244,0.724,0.327,0.397,4.5,73,0.251,0.736,0.316,0.42,4.5,42,6,95,274,3,63,210,10.1,23.1,3,6,5,14.1,27,4,7,4,3.72,3.82,3.37,3.36,36.5,7.5,36.1,30.8,25.8,8,11.6,30.4,,7.4,1.96,5.4,23.2,92,11,8,6,6,5.3,6.3,24,23,26,19,,,,91,5.1,6.15,23.2,58.4,17.5,21.4,2.7,0,,,24.3,5.9,8.3,23,5.3,0,0,4.05,6.2,4.96,5.22,30.9,4.4,33.1,30.9,16.3,13.2,8.5,24.9,,3.4,1.36,4.3,20.6,82,3,2,2,2,3.7,5,13,21,23,,,,,68,3.2,3.57,20.6,59.7,30.5,0,9.9,0,"Shea Langeliers",-4.944005556121802,19.0,3.6,2.3,13,2,1,1,0.319,0.337,0.17,0.287,42.6,10.3,74.3,24.6,24.8,74.3,25.7,21.8,33.6,22.9,30,32,0.319,0.323,0.158,0.297,42.3,8.1,74.7,21.8,19.8,74.7,25.3,21.5,30.4,39.2,29.7,31.5,-3.48,-0.33,-2.38,-0.001,0.014,-0.98,0.2,0,0.01,3,-4,,0,0,"none","Scheduled",0,,,"fastball",58.4,"curve",21.4,,3.9655172413793105,17.037037037037035,"fastball",59.7,"slider",30.5,,3.9805825242718442,19.069767441860467,91.33333333333333,"Extra Rest",70,"Short Rest","R","L",10.1,23.1,14.1,27,3,5171.111111111111,883.3333333333334,0,5395.555555555556,953.3333333333334,0,,,,,,,,,26.3,15.8,25,16.6,97,98,96
"824575","2026-07-10","Luisangel Acuña","Chicago White Sox",8,"R","SS",0.233,0.269,0.267,0.536,0.243,0.034,158,34,2,0,1,17.7,4.4,0.364,0.728,0.364,4,4,0,0.569,0.492,0.28,0.25,21.7,12.1,75.5,75.5,24.5,,"Jacob Lopez","L",0.262,0.314,0.393,0.551,"7:40 PM ET","Chicago White Sox","Athletics","Rate Field","Sean Burke",3.56,1.22,25.8,8,5,4,"98.2",106,18,5.48,5.5,-145,113,"rotowire","Jacob Lopez",7.04,1.84,16.3,13.2,4,3,"53.2",42,13,4.13,1.5,-110,-145,"datastreak",4.06,"Alta",23.1,5.04,"Alta",27,4.7,0.727,0.318,0.409,22.7,4.5,0.728,0.324,0.404,21.2,27.3,71,12.2,199,1010.4,12,"Parcialmente Nublado",30.2,0.241,0.728,0.32,0.408,4.5,86,0.234,0.721,0.312,0.409,4.5,39,0.244,0.724,0.327,0.397,4.5,73,0.251,0.736,0.316,0.42,4.5,42,6,95,274,3,63,210,10.1,23.1,3,6,5,14.1,27,4,7,4,3.72,3.82,3.37,3.36,36.5,7.5,36.1,30.8,25.8,8,11.6,30.4,,7.4,1.96,5.4,23.2,92,11,8,6,6,5.3,6.3,24,23,26,19,,,,91,5.1,6.15,23.2,58.4,17.5,21.4,2.7,0,,,24.3,5.9,8.3,23,5.3,0,0,4.05,6.2,4.96,5.22,30.9,4.4,33.1,30.9,16.3,13.2,8.5,24.9,,3.4,1.36,4.3,20.6,82,3,2,2,2,3.7,5,13,21,23,,,,,68,3.2,3.57,20.6,59.7,30.5,0,9.9,0,"Shea Langeliers",-4.944005556121802,19.0,3.6,2.3,13,2,1,1,0.319,0.337,0.17,0.287,42.6,10.3,74.3,24.6,24.8,74.3,25.7,21.8,33.6,22.9,30,32,0.319,0.323,0.158,0.297,42.3,8.1,74.7,21.8,19.8,74.7,25.3,21.5,30.4,39.2,29.7,31.5,-3.48,-0.33,-2.38,-0.001,0.014,-0.98,0.2,0,0.01,3,-4,,0,0,"none","Scheduled",0,,,"fastball",58.4,"curve",21.4,,3.9655172413793105,17.037037037037035,"fastball",59.7,"slider",30.5,,3.9805825242718442,19.069767441860467,91.33333333333333,"Extra Rest",70,"Short Rest","R","L",10.1,23.1,14.1,27,3,5171.111111111111,883.3333333333334,0,5395.555555555556,953.3333333333334,0,,,,,,,,,26.3,15.8,25,16.6,97,98,96
"824575","2026-07-10","Randal Grichuk","Chicago White Sox",9,"R","DH",0.248,0.279,0.519,0.798,0.339,0.271,140,33,9,0,9,22.9,3.6,0.125,0.313,0.188,3,2,1,0.6,0.907,0.396,0.588,18.4,25.3,76.8,76.8,23.2,,"Jacob Lopez","L",0.262,0.314,0.393,0.551,"7:40 PM ET","Chicago White Sox","Athletics","Rate Field","Sean Burke",3.56,1.22,25.8,8,5,4,"98.2",106,18,5.48,5.5,-145,113,"rotowire","Jacob Lopez",7.04,1.84,16.3,13.2,4,3,"53.2",42,13,4.13,1.5,-110,-145,"datastreak",4.06,"Alta",23.1,5.04,"Alta",27,4.7,0.727,0.318,0.409,22.7,4.5,0.728,0.324,0.404,21.2,27.3,71,12.2,199,1010.4,12,"Parcialmente Nublado",30.2,0.241,0.728,0.32,0.408,4.5,86,0.234,0.721,0.312,0.409,4.5,39,0.244,0.724,0.327,0.397,4.5,73,0.251,0.736,0.316,0.42,4.5,42,6,95,274,3,63,210,10.1,23.1,3,6,5,14.1,27,4,7,4,3.72,3.82,3.37,3.36,36.5,7.5,36.1,30.8,25.8,8,11.6,30.4,,7.4,1.96,5.4,23.2,92,11,8,6,6,5.3,6.3,24,23,26,19,,,,91,5.1,6.15,23.2,58.4,17.5,21.4,2.7,0,,,24.3,5.9,8.3,23,5.3,0,0,4.05,6.2,4.96,5.22,30.9,4.4,33.1,30.9,16.3,13.2,8.5,24.9,,3.4,1.36,4.3,20.6,82,3,2,2,2,3.7,5,13,21,23,,,,,68,3.2,3.57,20.6,59.7,30.5,0,9.9,0,"Shea Langeliers",-4.944005556121802,19.0,3.6,2.3,13,2,1,1,0.319,0.337,0.17,0.287,42.6,10.3,74.3,24.6,24.8,74.3,25.7,21.8,33.6,22.9,30,32,0.319,0.323,0.158,0.297,42.3,8.1,74.7,21.8,19.8,74.7,25.3,21.5,30.4,39.2,29.7,31.5,-3.48,-0.33,-2.38,-0.001,0.014,-0.98,0.2,0,0.01,3,-4,,0,0,"none","Scheduled",0,,,"fastball",58.4,"curve",21.4,,3.9655172413793105,17.037037037037035,"fastball",59.7,"slider",30.5,,3.9805825242718442,19.069767441860467,91.33333333333333,"Extra Rest",70,"Short Rest","R","L",10.1,23.1,14.1,27,3,5171.111111111111,883.3333333333334,0,5395.555555555556,953.3333333333334,0,,,,,,,,,26.3,15.8,25,16.6,97,98,96
"824575","2026-07-10","Nick Kurtz","Athletics",1,"L","1B",0.266,0.405,0.497,0.902,0.386,0.231,412,89,15,1,20,31.6,18.4,0.154,0.454,0.269,7,4,1,0.969,0.784,0.538,0.427,29,36.4,63,63,37,,"Sean Burke","R",0.23,0.246,0.404,0.399,"7:40 PM ET","Chicago White Sox","Athletics","Rate Field","Sean Burke",3.56,1.22,25.8,8,5,4,"98.2",106,18,5.48,5.5,-145,113,"rotowire","Jacob Lopez",7.04,1.84,16.3,13.2,4,3,"53.2",42,13,4.13,1.5,-110,-145,"datastreak",4.06,"Alta",23.1,5.04,"Alta",27,4.7,0.727,0.318,0.409,22.7,4.5,0.728,0.324,0.404,21.2,27.3,71,12.2,199,1010.4,12,"Parcialmente Nublado",30.2,0.241,0.728,0.32,0.408,4.5,86,0.234,0.721,0.312,0.409,4.5,39,0.244,0.724,0.327,0.397,4.5,73,0.251,0.736,0.316,0.42,4.5,42,6,95,274,3,63,210,10.1,23.1,3,6,5,14.1,27,4,7,4,3.72,3.82,3.37,3.36,36.5,7.5,36.1,30.8,25.8,8,11.6,30.4,,7.4,1.96,5.4,23.2,92,11,8,6,6,5.3,6.3,24,23,26,19,,,,91,5.1,6.15,23.2,58.4,17.5,21.4,2.7,0,,,24.3,5.9,8.3,23,5.3,0,0,4.05,6.2,4.96,5.22,30.9,4.4,33.1,30.9,16.3,13.2,8.5,24.9,,3.4,1.36,4.3,20.6,82,3,2,2,2,3.7,5,13,21,23,,,,,68,3.2,3.57,20.6,59.7,30.5,0,9.9,0,"Shea Langeliers",-4.944005556121802,19.0,3.6,2.3,13,2,1,1,0.319,0.337,0.17,0.287,42.6,10.3,74.3,24.6,24.8,74.3,25.7,21.8,33.6,22.9,30,32,0.319,0.323,0.158,0.297,42.3,8.1,74.7,21.8,19.8,74.7,25.3,21.5,30.4,39.2,29.7,31.5,-3.48,-0.33,-2.38,-0.001,0.014,-0.98,0.2,0,0.01,3,-4,,0,0,"none","Scheduled",0,,,"fastball",58.4,"curve",21.4,,3.9655172413793105,17.037037037037035,"fastball",59.7,"slider",30.5,,3.9805825242718442,19.069767441860467,91.33333333333333,"Extra Rest",70,"Short Rest","R","L",10.1,23.1,14.1,27,3,5171.111111111111,883.3333333333334,0,5395.555555555556,953.3333333333334,0,,,,,,,,,26.3,15.8,25,16.6,97,98,96
"824575","2026-07-10","Shea Langeliers","Athletics",2,"R","C",0.263,0.331,0.487,0.818,0.351,0.224,375,89,16,0,20,21.1,8,0.2,0.606,0.32,8,5,1,0.734,1.016,0.431,0.62,21.2,20.7,72.6,72.6,27.4,,"Sean Burke","R",0.23,0.246,0.404,0.399,"7:40 PM ET","Chicago White Sox","Athletics","Rate Field","Sean Burke",3.56,1.22,25.8,8,5,4,"98.2",106,18,5.48,5.5,-145,113,"rotowire","Jacob Lopez",7.04,1.84,16.3,13.2,4,3,"53.2",42,13,4.13,1.5,-110,-145,"datastreak",4.06,"Alta",23.1,5.04,"Alta",27,4.7,0.727,0.318,0.409,22.7,4.5,0.728,0.324,0.404,21.2,27.3,71,12.2,199,1010.4,12,"Parcialmente Nublado",30.2,0.241,0.728,0.32,0.408,4.5,86,0.234,0.721,0.312,0.409,4.5,39,0.244,0.724,0.327,0.397,4.5,73,0.251,0.736,0.316,0.42,4.5,42,6,95,274,3,63,210,10.1,23.1,3,6,5,14.1,27,4,7,4,3.72,3.82,3.37,3.36,36.5,7.5,36.1,30.8,25.8,8,11.6,30.4,,7.4,1.96,5.4,23.2,92,11,8,6,6,5.3,6.3,24,23,26,19,,,,91,5.1,6.15,23.2,58.4,17.5,21.4,2.7,0,,,24.3,5.9,8.3,23,5.3,0,0,4.05,6.2,4.96,5.22,30.9,4.4,33.1,30.9,16.3,13.2,8.5,24.9,,3.4,1.36,4.3,20.6,82,3,2,2,2,3.7,5,13,21,23,,,,,68,3.2,3.57,20.6,59.7,30.5,0,9.9,0,"Shea Langeliers",-4.944005556121802,19.0,3.6,2.3,13,2,1,1,0.319,0.337,0.17,0.287,42.6,10.3,74.3,24.6,24.8,74.3,25.7,21.8,33.6,22.9,30,32,0.319,0.323,0.158,0.297,42.3,8.1,74.7,21.8,19.8,74.7,25.3,21.5,30.4,39.2,29.7,31.5,-3.48,-0.33,-2.38,-0.001,0.014,-0.98,0.2,0,0.01,3,-4,,0,0,"none","Scheduled",0,,,"fastball",58.4,"curve",21.4,,3.9655172413793105,17.037037037037035,"fastball",59.7,"slider",30.5,,3.9805825242718442,19.069767441860467,91.33333333333333,"Extra Rest",70,"Short Rest","R","L",10.1,23.1,14.1,27,3,5171.111111111111,883.3333333333334,0,5395.555555555556,953.3333333333334,0,,,,,,,,,26.3,15.8,25,16.6,97,98,96
"824575","2026-07-10","Tyler Soderstrom","Athletics",3,"L","LF",0.242,0.344,0.461,0.805,0.346,0.219,340,71,21,2,13,17.4,12.9,0.25,0.648,0.3,6,5,1,0.837,0.722,0.466,0.448,13.9,26.3,78,78,22,,"Sean Burke","R",0.23,0.246,0.404,0.399,"7:40 PM ET","Chicago White Sox","Athletics","Rate Field","Sean Burke",3.56,1.22,25.8,8,5,4,"98.2",106,18,5.48,5.5,-145,113,"rotowire","Jacob Lopez",7.04,1.84,16.3,13.2,4,3,"53.2",42,13,4.13,1.5,-110,-145,"datastreak",4.06,"Alta",23.1,5.04,"Alta",27,4.7,0.727,0.318,0.409,22.7,4.5,0.728,0.324,0.404,21.2,27.3,71,12.2,199,1010.4,12,"Parcialmente Nublado",30.2,0.241,0.728,0.32,0.408,4.5,86,0.234,0.721,0.312,0.409,4.5,39,0.244,0.724,0.327,0.397,4.5,73,0.251,0.736,0.316,0.42,4.5,42,6,95,274,3,63,210,10.1,23.1,3,6,5,14.1,27,4,7,4,3.72,3.82,3.37,3.36,36.5,7.5,36.1,30.8,25.8,8,11.6,30.4,,7.4,1.96,5.4,23.2,92,11,8,6,6,5.3,6.3,24,23,26,19,,,,91,5.1,6.15,23.2,58.4,17.5,21.4,2.7,0,,,24.3,5.9,8.3,23,5.3,0,0,4.05,6.2,4.96,5.22,30.9,4.4,33.1,30.9,16.3,13.2,8.5,24.9,,3.4,1.36,4.3,20.6,82,3,2,2,2,3.7,5,13,21,23,,,,,68,3.2,3.57,20.6,59.7,30.5,0,9.9,0,"Shea Langeliers",-4.944005556121802,19.0,3.6,2.3,13,2,1,1,0.319,0.337,0.17,0.287,42.6,10.3,74.3,24.6,24.8,74.3,25.7,21.8,33.6,22.9,30,32,0.319,0.323,0.158,0.297,42.3,8.1,74.7,21.8,19.8,74.7,25.3,21.5,30.4,39.2,29.7,31.5,-3.48,-0.33,-2.38,-0.001,0.014,-0.98,0.2,0,0.01,3,-4,,0,0,"none","Scheduled",0,,,"fastball",58.4,"curve",21.4,,3.9655172413793105,17.037037037037035,"fastball",59.7,"slider",30.5,,3.9805825242718442,19.069767441860467,91.33333333333333,"Extra Rest",70,"Short Rest","R","L",10.1,23.1,14.1,27,3,5171.111111111111,883.3333333333334,0,5395.555555555556,953.3333333333334,0,,,,,,,,,26.3,15.8,25,16.6,97,98,96
"824575","2026-07-10","Jeff McNeil","Athletics",4,"L","2B",0.231,0.295,0.308,0.603,0.271,0.077,289,60,11,0,3,12.5,7.3,0.2,0.45,0.25,5,4,1,0.647,0.413,0.341,0.163,14.2,5.3,83.7,83.7,16.3,,"Sean Burke","R",0.23,0.246,0.404,0.399,"7:40 PM ET","Chicago White Sox","Athletics","Rate Field","Sean Burke",3.56,1.22,25.8,8,5,4,"98.2",106,18,5.48,5.5,-145,113,"rotowire","Jacob Lopez",7.04,1.84,16.3,13.2,4,3,"53.2",42,13,4.13,1.5,-110,-145,"datastreak",4.06,"Alta",23.1,5.04,"Alta",27,4.7,0.727,0.318,0.409,22.7,4.5,0.728,0.324,0.404,21.2,27.3,71,12.2,199,1010.4,12,"Parcialmente Nublado",30.2,0.241,0.728,0.32,0.408,4.5,86,0.234,0.721,0.312,0.409,4.5,39,0.244,0.724,0.327,0.397,4.5,73,0.251,0.736,0.316,0.42,4.5,42,6,95,274,3,63,210,10.1,23.1,3,6,5,14.1,27,4,7,4,3.72,3.82,3.37,3.36,36.5,7.5,36.1,30.8,25.8,8,11.6,30.4,,7.4,1.96,5.4,23.2,92,11,8,6,6,5.3,6.3,24,23,26,19,,,,91,5.1,6.15,23.2,58.4,17.5,21.4,2.7,0,,,24.3,5.9,8.3,23,5.3,0,0,4.05,6.2,4.96,5.22,30.9,4.4,33.1,30.9,16.3,13.2,8.5,24.9,,3.4,1.36,4.3,20.6,82,3,2,2,2,3.7,5,13,21,23,,,,,68,3.2,3.57,20.6,59.7,30.5,0,9.9,0,"Shea Langeliers",-4.944005556121802,19.0,3.6,2.3,13,2,1,1,0.319,0.337,0.17,0.287,42.6,10.3,74.3,24.6,24.8,74.3,25.7,21.8,33.6,22.9,30,32,0.319,0.323,0.158,0.297,42.3,8.1,74.7,21.8,19.8,74.7,25.3,21.5,30.4,39.2,29.7,31.5,-3.48,-0.33,-2.38,-0.001,0.014,-0.98,0.2,0,0.01,3,-4,,0,0,"none","Scheduled",0,,,"fastball",58.4,"curve",21.4,,3.9655172413793105,17.037037037037035,"fastball",59.7,"slider",30.5,,3.9805825242718442,19.069767441860467,91.33333333333333,"Extra Rest",70,"Short Rest","R","L",10.1,23.1,14.1,27,3,5171.111111111111,883.3333333333334,0,5395.555555555556,953.3333333333334,0,,,,,,,,,26.3,15.8,25,16.6,97,98,96
"824575","2026-07-10","Lawrence Butler","Athletics",5,"L","RF",0.199,0.294,0.303,0.597,0.27,0.104,262,46,9,0,5,26.7,11.5,0.19,0.632,0.286,6,4,2,0.623,0.496,0.326,0.213,26.3,28.3,70,70,30,,"Sean Burke","R",0.23,0.246,0.404,0.399,"7:40 PM ET","Chicago White Sox","Athletics","Rate Field","Sean Burke",3.56,1.22,25.8,8,5,4,"98.2",106,18,5.48,5.5,-145,113,"rotowire","Jacob Lopez",7.04,1.84,16.3,13.2,4,3,"53.2",42,13,4.13,1.5,-110,-145,"datastreak",4.06,"Alta",23.1,5.04,"Alta",27,4.7,0.727,0.318,0.409,22.7,4.5,0.728,0.324,0.404,21.2,27.3,71,12.2,199,1010.4,12,"Parcialmente Nublado",30.2,0.241,0.728,0.32,0.408,4.5,86,0.234,0.721,0.312,0.409,4.5,39,0.244,0.724,0.327,0.397,4.5,73,0.251,0.736,0.316,0.42,4.5,42,6,95,274,3,63,210,10.1,23.1,3,6,5,14.1,27,4,7,4,3.72,3.82,3.37,3.36,36.5,7.5,36.1,30.8,25.8,8,11.6,30.4,,7.4,1.96,5.4,23.2,92,11,8,6,6,5.3,6.3,24,23,26,19,,,,91,5.1,6.15,23.2,58.4,17.5,21.4,2.7,0,,,24.3,5.9,8.3,23,5.3,0,0,4.05,6.2,4.96,5.22,30.9,4.4,33.1,30.9,16.3,13.2,8.5,24.9,,3.4,1.36,4.3,20.6,82,3,2,2,2,3.7,5,13,21,23,,,,,68,3.2,3.57,20.6,59.7,30.5,0,9.9,0,"Shea Langeliers",-4.944005556121802,19.0,3.6,2.3,13,2,1,1,0.319,0.337,0.17,0.287,42.6,10.3,74.3,24.6,24.8,74.3,25.7,21.8,33.6,22.9,30,32,0.319,0.323,0.158,0.297,42.3,8.1,74.7,21.8,19.8,74.7,25.3,21.5,30.4,39.2,29.7,31.5,-3.48,-0.33,-2.38,-0.001,0.014,-0.98,0.2,0,0.01,3,-4,,0,0,"none","Scheduled",0,,,"fastball",58.4,"curve",21.4,,3.9655172413793105,17.037037037037035,"fastball",59.7,"slider",30.5,,3.9805825242718442,19.069767441860467,91.33333333333333,"Extra Rest",70,"Short Rest","R","L",10.1,23.1,14.1,27,3,5171.111111111111,883.3333333333334,0,5395.555555555556,953.3333333333334,0,,,,,,,,,26.3,15.8,25,16.6,97,98,96
"824575","2026-07-10","Zack Gelof","Athletics",6,"R","3B",0.273,0.327,0.476,0.803,0.346,0.203,247,62,11,1,11,25.1,5.7,0.208,0.532,0.292,7,5,2,0.784,0.849,0.46,0.516,25.6,23.9,73.5,73.5,26.5,,"Sean Burke","R",0.23,0.246,0.404,0.399,"7:40 PM ET","Chicago White Sox","Athletics","Rate Field","Sean Burke",3.56,1.22,25.8,8,5,4,"98.2",106,18,5.48,5.5,-145,113,"rotowire","Jacob Lopez",7.04,1.84,16.3,13.2,4,3,"53.2",42,13,4.13,1.5,-110,-145,"datastreak",4.06,"Alta",23.1,5.04,"Alta",27,4.7,0.727,0.318,0.409,22.7,4.5,0.728,0.324,0.404,21.2,27.3,71,12.2,199,1010.4,12,"Parcialmente Nublado",30.2,0.241,0.728,0.32,0.408,4.5,86,0.234,0.721,0.312,0.409,4.5,39,0.244,0.724,0.327,0.397,4.5,73,0.251,0.736,0.316,0.42,4.5,42,6,95,274,3,63,210,10.1,23.1,3,6,5,14.1,27,4,7,4,3.72,3.82,3.37,3.36,36.5,7.5,36.1,30.8,25.8,8,11.6,30.4,,7.4,1.96,5.4,23.2,92,11,8,6,6,5.3,6.3,24,23,26,19,,,,91,5.1,6.15,23.2,58.4,17.5,21.4,2.7,0,,,24.3,5.9,8.3,23,5.3,0,0,4.05,6.2,4.96,5.22,30.9,4.4,33.1,30.9,16.3,13.2,8.5,24.9,,3.4,1.36,4.3,20.6,82,3,2,2,2,3.7,5,13,21,23,,,,,68,3.2,3.57,20.6,59.7,30.5,0,9.9,0,"Shea Langeliers",-4.944005556121802,19.0,3.6,2.3,13,2,1,1,0.319,0.337,0.17,0.287,42.6,10.3,74.3,24.6,24.8,74.3,25.7,21.8,33.6,22.9,30,32,0.319,0.323,0.158,0.297,42.3,8.1,74.7,21.8,19.8,74.7,25.3,21.5,30.4,39.2,29.7,31.5,-3.48,-0.33,-2.38,-0.001,0.014,-0.98,0.2,0,0.01,3,-4,,0,0,"none","Scheduled",0,,,"fastball",58.4,"curve",21.4,,3.9655172413793105,17.037037037037035,"fastball",59.7,"slider",30.5,,3.9805825242718442,19.069767441860467,91.33333333333333,"Extra Rest",70,"Short Rest","R","L",10.1,23.1,14.1,27,3,5171.111111111111,883.3333333333334,0,5395.555555555556,953.3333333333334,0,,,,,,,,,26.3,15.8,25,16.6,97,98,96
"824575","2026-07-10","Jacob Wilson","Athletics",7,"R","SS",0.272,0.307,0.376,0.683,0.299,0.104,226,58,10,0,4,11.9,4.9,0.16,0.41,0.16,4,4,0,0.707,0.621,0.388,0.344,12.5,10.6,84.6,84.6,15.4,,"Sean Burke","R",0.23,0.246,0.404,0.399,"7:40 PM ET","Chicago White Sox","Athletics","Rate Field","Sean Burke",3.56,1.22,25.8,8,5,4,"98.2",106,18,5.48,5.5,-145,113,"rotowire","Jacob Lopez",7.04,1.84,16.3,13.2,4,3,"53.2",42,13,4.13,1.5,-110,-145,"datastreak",4.06,"Alta",23.1,5.04,"Alta",27,4.7,0.727,0.318,0.409,22.7,4.5,0.728,0.324,0.404,21.2,27.3,71,12.2,199,1010.4,12,"Parcialmente Nublado",30.2,0.241,0.728,0.32,0.408,4.5,86,0.234,0.721,0.312,0.409,4.5,39,0.244,0.724,0.327,0.397,4.5,73,0.251,0.736,0.316,0.42,4.5,42,6,95,274,3,63,210,10.1,23.1,3,6,5,14.1,27,4,7,4,3.72,3.82,3.37,3.36,36.5,7.5,36.1,30.8,25.8,8,11.6,30.4,,7.4,1.96,5.4,23.2,92,11,8,6,6,5.3,6.3,24,23,26,19,,,,91,5.1,6.15,23.2,58.4,17.5,21.4,2.7,0,,,24.3,5.9,8.3,23,5.3,0,0,4.05,6.2,4.96,5.22,30.9,4.4,33.1,30.9,16.3,13.2,8.5,24.9,,3.4,1.36,4.3,20.6,82,3,2,2,2,3.7,5,13,21,23,,,,,68,3.2,3.57,20.6,59.7,30.5,0,9.9,0,"Shea Langeliers",-4.944005556121802,19.0,3.6,2.3,13,2,1,1,0.319,0.337,0.17,0.287,42.6,10.3,74.3,24.6,24.8,74.3,25.7,21.8,33.6,22.9,30,32,0.319,0.323,0.158,0.297,42.3,8.1,74.7,21.8,19.8,74.7,25.3,21.5,30.4,39.2,29.7,31.5,-3.48,-0.33,-2.38,-0.001,0.014,-0.98,0.2,0,0.01,3,-4,,0,0,"none","Scheduled",0,,,"fastball",58.4,"curve",21.4,,3.9655172413793105,17.037037037037035,"fastball",59.7,"slider",30.5,,3.9805825242718442,19.069767441860467,91.33333333333333,"Extra Rest",70,"Short Rest","R","L",10.1,23.1,14.1,27,3,5171.111111111111,883.3333333333334,0,5395.555555555556,953.3333333333334,0,,,,,,,,,26.3,15.8,25,16.6,97,98,96
"824575","2026-07-10","Carlos Cortes","Athletics",8,"L","RF",0.28,0.356,0.435,0.791,0.347,0.155,225,56,11,1,6,12.9,9.3,0.333,0.777,0.444,8,6,2,0.767,1.245,0.421,0.7,12.1,27.3,80.3,80.3,19.7,,"Sean Burke","R",0.23,0.246,0.404,0.399,"7:40 PM ET","Chicago White Sox","Athletics","Rate Field","Sean Burke",3.56,1.22,25.8,8,5,4,"98.2",106,18,5.48,5.5,-145,113,"rotowire","Jacob Lopez",7.04,1.84,16.3,13.2,4,3,"53.2",42,13,4.13,1.5,-110,-145,"datastreak",4.06,"Alta",23.1,5.04,"Alta",27,4.7,0.727,0.318,0.409,22.7,4.5,0.728,0.324,0.404,21.2,27.3,71,12.2,199,1010.4,12,"Parcialmente Nublado",30.2,0.241,0.728,0.32,0.408,4.5,86,0.234,0.721,0.312,0.409,4.5,39,0.244,0.724,0.327,0.397,4.5,73,0.251,0.736,0.316,0.42,4.5,42,6,95,274,3,63,210,10.1,23.1,3,6,5,14.1,27,4,7,4,3.72,3.82,3.37,3.36,36.5,7.5,36.1,30.8,25.8,8,11.6,30.4,,7.4,1.96,5.4,23.2,92,11,8,6,6,5.3,6.3,24,23,26,19,,,,91,5.1,6.15,23.2,58.4,17.5,21.4,2.7,0,,,24.3,5.9,8.3,23,5.3,0,0,4.05,6.2,4.96,5.22,30.9,4.4,33.1,30.9,16.3,13.2,8.5,24.9,,3.4,1.36,4.3,20.6,82,3,2,2,2,3.7,5,13,21,23,,,,,68,3.2,3.57,20.6,59.7,30.5,0,9.9,0,"Shea Langeliers",-4.944005556121802,19.0,3.6,2.3,13,2,1,1,0.319,0.337,0.17,0.287,42.6,10.3,74.3,24.6,24.8,74.3,25.7,21.8,33.6,22.9,30,32,0.319,0.323,0.158,0.297,42.3,8.1,74.7,21.8,19.8,74.7,25.3,21.5,30.4,39.2,29.7,31.5,-3.48,-0.33,-2.38,-0.001,0.014,-0.98,0.2,0,0.01,3,-4,,0,0,"none","Scheduled",0,,,"fastball",58.4,"curve",21.4,,3.9655172413793105,17.037037037037035,"fastball",59.7,"slider",30.5,,3.9805825242718442,19.069767441860467,91.33333333333333,"Extra Rest",70,"Short Rest","R","L",10.1,23.1,14.1,27,3,5171.111111111111,883.3333333333334,0,5395.555555555556,953.3333333333334,0,,,,,,,,,26.3,15.8,25,16.6,97,98,96
"824575","2026-07-10","Henry Bolte","Athletics",9,"R","CF",0.274,0.354,0.363,0.717,0.324,0.089,193,46,6,0,3,27.5,7.8,0.2,0.579,0.32,8,5,1,0.673,0.792,0.308,0.459,23,35.8,66.6,66.6,33.4,,"Sean Burke","R",0.23,0.246,0.404,0.399,"7:40 PM ET","Chicago White Sox","Athletics","Rate Field","Sean Burke",3.56,1.22,25.8,8,5,4,"98.2",106,18,5.48,5.5,-145,113,"rotowire","Jacob Lopez",7.04,1.84,16.3,13.2,4,3,"53.2",42,13,4.13,1.5,-110,-145,"datastreak",4.06,"Alta",23.1,5.04,"Alta",27,4.7,0.727,0.318,0.409,22.7,4.5,0.728,0.324,0.404,21.2,27.3,71,12.2,199,1010.4,12,"Parcialmente Nublado",30.2,0.241,0.728,0.32,0.408,4.5,86,0.234,0.721,0.312,0.409,4.5,39,0.244,0.724,0.327,0.397,4.5,73,0.251,0.736,0.316,0.42,4.5,42,6,95,274,3,63,210,10.1,23.1,3,6,5,14.1,27,4,7,4,3.72,3.82,3.37,3.36,36.5,7.5,36.1,30.8,25.8,8,11.6,30.4,,7.4,1.96,5.4,23.2,92,11,8,6,6,5.3,6.3,24,23,26,19,,,,91,5.1,6.15,23.2,58.4,17.5,21.4,2.7,0,,,24.3,5.9,8.3,23,5.3,0,0,4.05,6.2,4.96,5.22,30.9,4.4,33.1,30.9,16.3,13.2,8.5,24.9,,3.4,1.36,4.3,20.6,82,3,2,2,2,3.7,5,13,21,23,,,,,68,3.2,3.57,20.6,59.7,30.5,0,9.9,0,"Shea Langeliers",-4.944005556121802,19.0,3.6,2.3,13,2,1,1,0.319,0.337,0.17,0.287,42.6,10.3,74.3,24.6,24.8,74.3,25.7,21.8,33.6,22.9,30,32,0.319,0.323,0.158,0.297,42.3,8.1,74.7,21.8,19.8,74.7,25.3,21.5,30.4,39.2,29.7,31.5,-3.48,-0.33,-2.38,-0.001,0.014,-0.98,0.2,0,0.01,3,-4,,0,0,"none","Scheduled",0,,,"fastball",58.4,"curve",21.4,,3.9655172413793105,17.037037037037035,"fastball",59.7,"slider",30.5,,3.9805825242718442,19.069767441860467,91.33333333333333,"Extra Rest",70,"Short Rest","R","L",10.1,23.1,14.1,27,3,5171.111111111111,883.3333333333334,0,5395.555555555556,953.3333333333334,0,,,,,,,,,26.3,15.8,25,16.6,97,98,96
"822878","2026-07-10","Brandon Nimmo","Texas Rangers",1,"L","RF",0.257,0.328,0.416,0.744,0.325,0.159,372,86,20,3,9,20.7,8.1,0.174,0.6,0.304,7,4,1,0.744,0.744,0.412,0.429,20.7,20.7,77.8,77.8,22.2,,"Hunter Brown","R",0.196,0.231,0.321,0.365,"8:05 PM ET","Texas Rangers","Houston Astros","Globe Life Field","Cal Quantrill",3.35,1.17,15.9,7.1,3,1,"40.1",27,18,2.24,3.5,134,-171,"rotowire","Hunter Brown",3.38,1.36,27.3,13.3,1,N/A,"29.1",35,6,4.89,5.5,-133,104,"rotowire",3.92,"Alta",18.2,4.2,"Alta",24.1,4.1,0.714,0.319,0.395,21.9,4.5,0.725,0.315,0.41,21.4,35.4,37,20.9,179,1012.2,0,"Cielo Despejado",35.5,0.242,0.705,0.316,0.389,4.5,77,0.25,0.74,0.327,0.413,4.5,26,0.243,0.732,0.318,0.414,4.5,96,0.235,0.705,0.305,0.4,4.5,30,6,66,155,6,82,270,10,18.2,4,7,4,9.1,24.1,0,3,8,4.87,4.74,4.41,4.86,35.7,10.3,31.7,30.2,15.9,7.1,9.6,26.6,,2.67,1.7,3.7,15,52,2,5,1,5,4,2,21,15,9,14,1,6.5,6.5,51,3.2,2.79,15,77,0,4.3,0,18.7,"Kyle Higashioka",-1.098679138089531,15.0,3.7,2.7,9,2,1,2,3.41,4.53,3.69,3.84,37.8,5.4,48.6,27,27.3,13.3,10.1,29,,5.2,1.94,4.9,21.2,88,3,4,4,4,6,3,22,25,17,25.1,,,,89,5,5.34,21.2,62.4,8.5,19.6,9.6,0,"Christian Vázquez",2.2021917241134608,21.3,4.3,3.7,17,3,0,1,0.315,0.321,0.151,0.294,41.8,7.8,75.6,21.3,21,75.6,24.4,19.6,32.1,26.8,30.7,36.4,0.317,0.311,0.169,0.282,36.9,8.7,74.1,22.2,22.6,74.1,25.9,21,34.4,28.7,29.9,35.4,-0.03,1.46,0.21,-0.011,0.01,-0.28,-0.4,0,0.01,0,0.9,,0,0,"none","Scheduled",0,,,"fastball",77,"splitter",18.7,,3.466666666666667,14.054054054054053,"fastball",62.4,"curve",19.6,,4.150943396226415,17.959183673469386,51.666666666666664,"Extra Rest",90,"Extra Rest","R","R",10,18.2,9.1,24.1,4,5373.333333333333,885.5555555555555,0,5173.333333333333,828.8888888888889,0,,,,,,,,,18.3,30.4,13,23.7,101,86,92
"822878","2026-07-10","Josh Jung","Texas Rangers",2,"R","3B",0.297,0.361,0.45,0.811,0.355,0.153,363,97,23,0,9,17.9,8,0.357,1.081,0.643,18,10,6,0.779,0.92,0.44,0.486,19.3,13.3,82.1,82.1,17.9,,"Hunter Brown","R",0.196,0.231,0.321,0.365,"8:05 PM ET","Texas Rangers","Houston Astros","Globe Life Field","Cal Quantrill",3.35,1.17,15.9,7.1,3,1,"40.1",27,18,2.24,3.5,134,-171,"rotowire","Hunter Brown",3.38,1.36,27.3,13.3,1,N/A,"29.1",35,6,4.89,5.5,-133,104,"rotowire",3.92,"Alta",18.2,4.2,"Alta",24.1,4.1,0.714,0.319,0.395,21.9,4.5,0.725,0.315,0.41,21.4,35.4,37,20.9,179,1012.2,0,"Cielo Despejado",35.5,0.242,0.705,0.316,0.389,4.5,77,0.25,0.74,0.327,0.413,4.5,26,0.243,0.732,0.318,0.414,4.5,96,0.235,0.705,0.305,0.4,4.5,30,6,66,155,6,82,270,10,18.2,4,7,4,9.1,24.1,0,3,8,4.87,4.74,4.41,4.86,35.7,10.3,31.7,30.2,15.9,7.1,9.6,26.6,,2.67,1.7,3.7,15,52,2,5,1,5,4,2,21,15,9,14,1,6.5,6.5,51,3.2,2.79,15,77,0,4.3,0,18.7,"Kyle Higashioka",-1.098679138089531,15.0,3.7,2.7,9,2,1,2,3.41,4.53,3.69,3.84,37.8,5.4,48.6,27,27.3,13.3,10.1,29,,5.2,1.94,4.9,21.2,88,3,4,4,4,6,3,22,25,17,25.1,,,,89,5,5.34,21.2,62.4,8.5,19.6,9.6,0,"Christian Vázquez",2.2021917241134608,21.3,4.3,3.7,17,3,0,1,0.315,0.321,0.151,0.294,41.8,7.8,75.6,21.3,21,75.6,24.4,19.6,32.1,26.8,30.7,36.4,0.317,0.311,0.169,0.282,36.9,8.7,74.1,22.2,22.6,74.1,25.9,21,34.4,28.7,29.9,35.4,-0.03,1.46,0.21,-0.011,0.01,-0.28,-0.4,0,0.01,0,0.9,,0,0,"none","Scheduled",0,,,"fastball",77,"splitter",18.7,,3.466666666666667,14.054054054054053,"fastball",62.4,"curve",19.6,,4.150943396226415,17.959183673469386,51.666666666666664,"Extra Rest",90,"Extra Rest","R","R",10,18.2,9.1,24.1,4,5373.333333333333,885.5555555555555,0,5173.333333333333,828.8888888888889,0,,,,,,,,,18.3,30.4,13,23.7,101,86,92
"822878","2026-07-10","Jake Burger","Texas Rangers",3,"R","1B",0.244,0.307,0.424,0.731,0.319,0.18,361,80,14,0,15,26,7.8,0.107,0.381,0.214,6,3,1,0.716,0.792,0.412,0.471,25.8,26.9,66.5,66.5,33.5,,"Hunter Brown","R",0.196,0.231,0.321,0.365,"8:05 PM ET","Texas Rangers","Houston Astros","Globe Life Field","Cal Quantrill",3.35,1.17,15.9,7.1,3,1,"40.1",27,18,2.24,3.5,134,-171,"rotowire","Hunter Brown",3.38,1.36,27.3,13.3,1,N/A,"29.1",35,6,4.89,5.5,-133,104,"rotowire",3.92,"Alta",18.2,4.2,"Alta",24.1,4.1,0.714,0.319,0.395,21.9,4.5,0.725,0.315,0.41,21.4,35.4,37,20.9,179,1012.2,0,"Cielo Despejado",35.5,0.242,0.705,0.316,0.389,4.5,77,0.25,0.74,0.327,0.413,4.5,26,0.243,0.732,0.318,0.414,4.5,96,0.235,0.705,0.305,0.4,4.5,30,6,66,155,6,82,270,10,18.2,4,7,4,9.1,24.1,0,3,8,4.87,4.74,4.41,4.86,35.7,10.3,31.7,30.2,15.9,7.1,9.6,26.6,,2.67,1.7,3.7,15,52,2,5,1,5,4,2,21,15,9,14,1,6.5,6.5,51,3.2,2.79,15,77,0,4.3,0,18.7,"Kyle Higashioka",-1.098679138089531,15.0,3.7,2.7,9,2,1,2,3.41,4.53,3.69,3.84,37.8,5.4,48.6,27,27.3,13.3,10.1,29,,5.2,1.94,4.9,21.2,88,3,4,4,4,6,3,22,25,17,25.1,,,,89,5,5.34,21.2,62.4,8.5,19.6,9.6,0,"Christian Vázquez",2.2021917241134608,21.3,4.3,3.7,17,3,0,1,0.315,0.321,0.151,0.294,41.8,7.8,75.6,21.3,21,75.6,24.4,19.6,32.1,26.8,30.7,36.4,0.317,0.311,0.169,0.282,36.9,8.7,74.1,22.2,22.6,74.1,25.9,21,34.4,28.7,29.9,35.4,-0.03,1.46,0.21,-0.011,0.01,-0.28,-0.4,0,0.01,0,0.9,,0,0,"none","Scheduled",0,,,"fastball",77,"splitter",18.7,,3.466666666666667,14.054054054054053,"fastball",62.4,"curve",19.6,,4.150943396226415,17.959183673469386,51.666666666666664,"Extra Rest",90,"Extra Rest","R","R",10,18.2,9.1,24.1,4,5373.333333333333,885.5555555555555,0,5173.333333333333,828.8888888888889,0,,,,,,,,,18.3,30.4,13,23.7,101,86,92
"822878","2026-07-10","Ezequiel Duran","Texas Rangers",4,"R","SS",0.268,0.317,0.418,0.735,0.321,0.15,313,77,15,2,8,22.7,6.7,0.286,0.786,0.5,14,8,2,0.716,0.799,0.415,0.429,21.7,26,73.4,73.4,26.6,,"Hunter Brown","R",0.196,0.231,0.321,0.365,"8:05 PM ET","Texas Rangers","Houston Astros","Globe Life Field","Cal Quantrill",3.35,1.17,15.9,7.1,3,1,"40.1",27,18,2.24,3.5,134,-171,"rotowire","Hunter Brown",3.38,1.36,27.3,13.3,1,N/A,"29.1",35,6,4.89,5.5,-133,104,"rotowire",3.92,"Alta",18.2,4.2,"Alta",24.1,4.1,0.714,0.319,0.395,21.9,4.5,0.725,0.315,0.41,21.4,35.4,37,20.9,179,1012.2,0,"Cielo Despejado",35.5,0.242,0.705,0.316,0.389,4.5,77,0.25,0.74,0.327,0.413,4.5,26,0.243,0.732,0.318,0.414,4.5,96,0.235,0.705,0.305,0.4,4.5,30,6,66,155,6,82,270,10,18.2,4,7,4,9.1,24.1,0,3,8,4.87,4.74,4.41,4.86,35.7,10.3,31.7,30.2,15.9,7.1,9.6,26.6,,2.67,1.7,3.7,15,52,2,5,1,5,4,2,21,15,9,14,1,6.5,6.5,51,3.2,2.79,15,77,0,4.3,0,18.7,"Kyle Higashioka",-1.098679138089531,15.0,3.7,2.7,9,2,1,2,3.41,4.53,3.69,3.84,37.8,5.4,48.6,27,27.3,13.3,10.1,29,,5.2,1.94,4.9,21.2,88,3,4,4,4,6,3,22,25,17,25.1,,,,89,5,5.34,21.2,62.4,8.5,19.6,9.6,0,"Christian Vázquez",2.2021917241134608,21.3,4.3,3.7,17,3,0,1,0.315,0.321,0.151,0.294,41.8,7.8,75.6,21.3,21,75.6,24.4,19.6,32.1,26.8,30.7,36.4,0.317,0.311,0.169,0.282,36.9,8.7,74.1,22.2,22.6,74.1,25.9,21,34.4,28.7,29.9,35.4,-0.03,1.46,0.21,-0.011,0.01,-0.28,-0.4,0,0.01,0,0.9,,0,0,"none","Scheduled",0,,,"fastball",77,"splitter",18.7,,3.466666666666667,14.054054054054053,"fastball",62.4,"curve",19.6,,4.150943396226415,17.959183673469386,51.666666666666664,"Extra Rest",90,"Extra Rest","R","R",10,18.2,9.1,24.1,4,5373.333333333333,885.5555555555555,0,5173.333333333333,828.8888888888889,0,,,,,,,,,18.3,30.4,13,23.7,101,86,92
"822878","2026-07-10","Joc Pederson","Texas Rangers",5,"L","DH",0.235,0.332,0.453,0.785,0.342,0.218,284,57,7,2,14,22.9,12,0.158,0.554,0.316,6,3,1,0.786,0.761,0.448,0.5,21.2,41.7,69.6,69.6,30.4,,"Hunter Brown","R",0.196,0.231,0.321,0.365,"8:05 PM ET","Texas Rangers","Houston Astros","Globe Life Field","Cal Quantrill",3.35,1.17,15.9,7.1,3,1,"40.1",27,18,2.24,3.5,134,-171,"rotowire","Hunter Brown",3.38,1.36,27.3,13.3,1,N/A,"29.1",35,6,4.89,5.5,-133,104,"rotowire",3.92,"Alta",18.2,4.2,"Alta",24.1,4.1,0.714,0.319,0.395,21.9,4.5,0.725,0.315,0.41,21.4,35.4,37,20.9,179,1012.2,0,"Cielo Despejado",35.5,0.242,0.705,0.316,0.389,4.5,77,0.25,0.74,0.327,0.413,4.5,26,0.243,0.732,0.318,0.414,4.5,96,0.235,0.705,0.305,0.4,4.5,30,6,66,155,6,82,270,10,18.2,4,7,4,9.1,24.1,0,3,8,4.87,4.74,4.41,4.86,35.7,10.3,31.7,30.2,15.9,7.1,9.6,26.6,,2.67,1.7,3.7,15,52,2,5,1,5,4,2,21,15,9,14,1,6.5,6.5,51,3.2,2.79,15,77,0,4.3,0,18.7,"Kyle Higashioka",-1.098679138089531,15.0,3.7,2.7,9,2,1,2,3.41,4.53,3.69,3.84,37.8,5.4,48.6,27,27.3,13.3,10.1,29,,5.2,1.94,4.9,21.2,88,3,4,4,4,6,3,22,25,17,25.1,,,,89,5,5.34,21.2,62.4,8.5,19.6,9.6,0,"Christian Vázquez",2.2021917241134608,21.3,4.3,3.7,17,3,0,1,0.315,0.321,0.151,0.294,41.8,7.8,75.6,21.3,21,75.6,24.4,19.6,32.1,26.8,30.7,36.4,0.317,0.311,0.169,0.282,36.9,8.7,74.1,22.2,22.6,74.1,25.9,21,34.4,28.7,29.9,35.4,-0.03,1.46,0.21,-0.011,0.01,-0.28,-0.4,0,0.01,0,0.9,,0,0,"none","Scheduled",0,,,"fastball",77,"splitter",18.7,,3.466666666666667,14.054054054054053,"fastball",62.4,"curve",19.6,,4.150943396226415,17.959183673469386,51.666666666666664,"Extra Rest",90,"Extra Rest","R","R",10,18.2,9.1,24.1,4,5373.333333333333,885.5555555555555,0,5173.333333333333,828.8888888888889,0,,,,,,,,,18.3,30.4,13,23.7,101,86,92
"822878","2026-07-10","Evan Carter","Texas Rangers",6,"L","CF",0.182,0.299,0.327,0.626,0.284,0.145,255,39,6,2,7,24.7,12.5,0.188,0.725,0.375,6,3,1,0.678,0.325,0.363,0.125,22.9,35.1,72.6,72.6,27.4,,"Hunter Brown","R",0.196,0.231,0.321,0.365,"8:05 PM ET","Texas Rangers","Houston Astros","Globe Life Field","Cal Quantrill",3.35,1.17,15.9,7.1,3,1,"40.1",27,18,2.24,3.5,134,-171,"rotowire","Hunter Brown",3.38,1.36,27.3,13.3,1,N/A,"29.1",35,6,4.89,5.5,-133,104,"rotowire",3.92,"Alta",18.2,4.2,"Alta",24.1,4.1,0.714,0.319,0.395,21.9,4.5,0.725,0.315,0.41,21.4,35.4,37,20.9,179,1012.2,0,"Cielo Despejado",35.5,0.242,0.705,0.316,0.389,4.5,77,0.25,0.74,0.327,0.413,4.5,26,0.243,0.732,0.318,0.414,4.5,96,0.235,0.705,0.305,0.4,4.5,30,6,66,155,6,82,270,10,18.2,4,7,4,9.1,24.1,0,3,8,4.87,4.74,4.41,4.86,35.7,10.3,31.7,30.2,15.9,7.1,9.6,26.6,,2.67,1.7,3.7,15,52,2,5,1,5,4,2,21,15,9,14,1,6.5,6.5,51,3.2,2.79,15,77,0,4.3,0,18.7,"Kyle Higashioka",-1.098679138089531,15.0,3.7,2.7,9,2,1,2,3.41,4.53,3.69,3.84,37.8,5.4,48.6,27,27.3,13.3,10.1,29,,5.2,1.94,4.9,21.2,88,3,4,4,4,6,3,22,25,17,25.1,,,,89,5,5.34,21.2,62.4,8.5,19.6,9.6,0,"Christian Vázquez",2.2021917241134608,21.3,4.3,3.7,17,3,0,1,0.315,0.321,0.151,0.294,41.8,7.8,75.6,21.3,21,75.6,24.4,19.6,32.1,26.8,30.7,36.4,0.317,0.311,0.169,0.282,36.9,8.7,74.1,22.2,22.6,74.1,25.9,21,34.4,28.7,29.9,35.4,-0.03,1.46,0.21,-0.011,0.01,-0.28,-0.4,0,0.01,0,0.9,,0,0,"none","Scheduled",0,,,"fastball",77,"splitter",18.7,,3.466666666666667,14.054054054054053,"fastball",62.4,"curve",19.6,,4.150943396226415,17.959183673469386,51.666666666666664,"Extra Rest",90,"Extra Rest","R","R",10,18.2,9.1,24.1,4,5373.333333333333,885.5555555555555,0,5173.333333333333,828.8888888888889,0,,,,,,,,,18.3,30.4,13,23.7,101,86,92
"822878","2026-07-10","Alejandro Osuna","Texas Rangers",7,"L","LF",0.256,0.354,0.299,0.653,0.302,0.043,190,42,4,0,1,13.7,8.9,0.273,0.794,0.409,9,6,1,0.66,0.624,0.303,0.281,12.9,17.1,84.7,84.7,15.3,,"Hunter Brown","R",0.196,0.231,0.321,0.365,"8:05 PM ET","Texas Rangers","Houston Astros","Globe Life Field","Cal Quantrill",3.35,1.17,15.9,7.1,3,1,"40.1",27,18,2.24,3.5,134,-171,"rotowire","Hunter Brown",3.38,1.36,27.3,13.3,1,N/A,"29.1",35,6,4.89,5.5,-133,104,"rotowire",3.92,"Alta",18.2,4.2,"Alta",24.1,4.1,0.714,0.319,0.395,21.9,4.5,0.725,0.315,0.41,21.4,35.4,37,20.9,179,1012.2,0,"Cielo Despejado",35.5,0.242,0.705,0.316,0.389,4.5,77,0.25,0.74,0.327,0.413,4.5,26,0.243,0.732,0.318,0.414,4.5,96,0.235,0.705,0.305,0.4,4.5,30,6,66,155,6,82,270,10,18.2,4,7,4,9.1,24.1,0,3,8,4.87,4.74,4.41,4.86,35.7,10.3,31.7,30.2,15.9,7.1,9.6,26.6,,2.67,1.7,3.7,15,52,2,5,1,5,4,2,21,15,9,14,1,6.5,6.5,51,3.2,2.79,15,77,0,4.3,0,18.7,"Kyle Higashioka",-1.098679138089531,15.0,3.7,2.7,9,2,1,2,3.41,4.53,3.69,3.84,37.8,5.4,48.6,27,27.3,13.3,10.1,29,,5.2,1.94,4.9,21.2,88,3,4,4,4,6,3,22,25,17,25.1,,,,89,5,5.34,21.2,62.4,8.5,19.6,9.6,0,"Christian Vázquez",2.2021917241134608,21.3,4.3,3.7,17,3,0,1,0.315,0.321,0.151,0.294,41.8,7.8,75.6,21.3,21,75.6,24.4,19.6,32.1,26.8,30.7,36.4,0.317,0.311,0.169,0.282,36.9,8.7,74.1,22.2,22.6,74.1,25.9,21,34.4,28.7,29.9,35.4,-0.03,1.46,0.21,-0.011,0.01,-0.28,-0.4,0,0.01,0,0.9,,0,0,"none","Scheduled",0,,,"fastball",77,"splitter",18.7,,3.466666666666667,14.054054054054053,"fastball",62.4,"curve",19.6,,4.150943396226415,17.959183673469386,51.666666666666664,"Extra Rest",90,"Extra Rest","R","R",10,18.2,9.1,24.1,4,5373.333333333333,885.5555555555555,0,5173.333333333333,828.8888888888889,0,,,,,,,,,18.3,30.4,13,23.7,101,86,92
"822878","2026-07-10","Wyatt Langford","Texas Rangers",8,"R","LF",0.275,0.32,0.491,0.811,0.347,0.216,178,46,8,2,8,22.5,5.6,0.323,1.009,0.645,20,10,4,0.844,0.727,0.508,0.447,18,34,79.1,79.1,20.9,,"Hunter Brown","R",0.196,0.231,0.321,0.365,"8:05 PM ET","Texas Rangers","Houston Astros","Globe Life Field","Cal Quantrill",3.35,1.17,15.9,7.1,3,1,"40.1",27,18,2.24,3.5,134,-171,"rotowire","Hunter Brown",3.38,1.36,27.3,13.3,1,N/A,"29.1",35,6,4.89,5.5,-133,104,"rotowire",3.92,"Alta",18.2,4.2,"Alta",24.1,4.1,0.714,0.319,0.395,21.9,4.5,0.725,0.315,0.41,21.4,35.4,37,20.9,179,1012.2,0,"Cielo Despejado",35.5,0.242,0.705,0.316,0.389,4.5,77,0.25,0.74,0.327,0.413,4.5,26,0.243,0.732,0.318,0.414,4.5,96,0.235,0.705,0.305,0.4,4.5,30,6,66,155,6,82,270,10,18.2,4,7,4,9.1,24.1,0,3,8,4.87,4.74,4.41,4.86,35.7,10.3,31.7,30.2,15.9,7.1,9.6,26.6,,2.67,1.7,3.7,15,52,2,5,1,5,4,2,21,15,9,14,1,6.5,6.5,51,3.2,2.79,15,77,0,4.3,0,18.7,"Kyle Higashioka",-1.098679138089531,15.0,3.7,2.7,9,2,1,2,3.41,4.53,3.69,3.84,37.8,5.4,48.6,27,27.3,13.3,10.1,29,,5.2,1.94,4.9,21.2,88,3,4,4,4,6,3,22,25,17,25.1,,,,89,5,5.34,21.2,62.4,8.5,19.6,9.6,0,"Christian Vázquez",2.2021917241134608,21.3,4.3,3.7,17,3,0,1,0.315,0.321,0.151,0.294,41.8,7.8,75.6,21.3,21,75.6,24.4,19.6,32.1,26.8,30.7,36.4,0.317,0.311,0.169,0.282,36.9,8.7,74.1,22.2,22.6,74.1,25.9,21,34.4,28.7,29.9,35.4,-0.03,1.46,0.21,-0.011,0.01,-0.28,-0.4,0,0.01,0,0.9,,0,0,"none","Scheduled",0,,,"fastball",77,"splitter",18.7,,3.466666666666667,14.054054054054053,"fastball",62.4,"curve",19.6,,4.150943396226415,17.959183673469386,51.666666666666664,"Extra Rest",90,"Extra Rest","R","R",10,18.2,9.1,24.1,4,5373.333333333333,885.5555555555555,0,5173.333333333333,828.8888888888889,0,,,,,,,,,18.3,30.4,13,23.7,101,86,92
"822878","2026-07-10","Kyle Higashioka","Texas Rangers",9,"R","C",0.225,0.308,0.364,0.672,0.299,0.139,169,34,3,0,6,25.4,10.1,0.167,0.619,0.333,6,3,1,0.64,0.758,0.342,0.425,26.6,22.2,74.3,74.3,25.7,,"Hunter Brown","R",0.196,0.231,0.321,0.365,"8:05 PM ET","Texas Rangers","Houston Astros","Globe Life Field","Cal Quantrill",3.35,1.17,15.9,7.1,3,1,"40.1",27,18,2.24,3.5,134,-171,"rotowire","Hunter Brown",3.38,1.36,27.3,13.3,1,N/A,"29.1",35,6,4.89,5.5,-133,104,"rotowire",3.92,"Alta",18.2,4.2,"Alta",24.1,4.1,0.714,0.319,0.395,21.9,4.5,0.725,0.315,0.41,21.4,35.4,37,20.9,179,1012.2,0,"Cielo Despejado",35.5,0.242,0.705,0.316,0.389,4.5,77,0.25,0.74,0.327,0.413,4.5,26,0.243,0.732,0.318,0.414,4.5,96,0.235,0.705,0.305,0.4,4.5,30,6,66,155,6,82,270,10,18.2,4,7,4,9.1,24.1,0,3,8,4.87,4.74,4.41,4.86,35.7,10.3,31.7,30.2,15.9,7.1,9.6,26.6,,2.67,1.7,3.7,15,52,2,5,1,5,4,2,21,15,9,14,1,6.5,6.5,51,3.2,2.79,15,77,0,4.3,0,18.7,"Kyle Higashioka",-1.098679138089531,15.0,3.7,2.7,9,2,1,2,3.41,4.53,3.69,3.84,37.8,5.4,48.6,27,27.3,13.3,10.1,29,,5.2,1.94,4.9,21.2,88,3,4,4,4,6,3,22,25,17,25.1,,,,89,5,5.34,21.2,62.4,8.5,19.6,9.6,0,"Christian Vázquez",2.2021917241134608,21.3,4.3,3.7,17,3,0,1,0.315,0.321,0.151,0.294,41.8,7.8,75.6,21.3,21,75.6,24.4,19.6,32.1,26.8,30.7,36.4,0.317,0.311,0.169,0.282,36.9,8.7,74.1,22.2,22.6,74.1,25.9,21,34.4,28.7,29.9,35.4,-0.03,1.46,0.21,-0.011,0.01,-0.28,-0.4,0,0.01,0,0.9,,0,0,"none","Scheduled",0,,,"fastball",77,"splitter",18.7,,3.466666666666667,14.054054054054053,"fastball",62.4,"curve",19.6,,4.150943396226415,17.959183673469386,51.666666666666664,"Extra Rest",90,"Extra Rest","R","R",10,18.2,9.1,24.1,4,5373.333333333333,885.5555555555555,0,5173.333333333333,828.8888888888889,0,,,,,,,,,18.3,30.4,13,23.7,101,86,92
"822878","2026-07-10","Yordan Alvarez","Houston Astros",1,"L","DH",0.31,0.416,0.614,1.03,0.43,0.304,406,105,16,0,29,17.7,14.5,0.267,0.857,0.567,17,8,3,1.086,0.877,0.639,0.547,18.7,15.1,80.5,80.5,19.5,,"Cal Quantrill","R",0.25,0.208,0.388,0.333,"8:05 PM ET","Texas Rangers","Houston Astros","Globe Life Field","Cal Quantrill",3.35,1.17,15.9,7.1,3,1,"40.1",27,18,2.24,3.5,134,-171,"rotowire","Hunter Brown",3.38,1.36,27.3,13.3,1,N/A,"29.1",35,6,4.89,5.5,-133,104,"rotowire",3.92,"Alta",18.2,4.2,"Alta",24.1,4.1,0.714,0.319,0.395,21.9,4.5,0.725,0.315,0.41,21.4,35.4,37,20.9,179,1012.2,0,"Cielo Despejado",35.5,0.242,0.705,0.316,0.389,4.5,77,0.25,0.74,0.327,0.413,4.5,26,0.243,0.732,0.318,0.414,4.5,96,0.235,0.705,0.305,0.4,4.5,30,6,66,155,6,82,270,10,18.2,4,7,4,9.1,24.1,0,3,8,4.87,4.74,4.41,4.86,35.7,10.3,31.7,30.2,15.9,7.1,9.6,26.6,,2.67,1.7,3.7,15,52,2,5,1,5,4,2,21,15,9,14,1,6.5,6.5,51,3.2,2.79,15,77,0,4.3,0,18.7,"Kyle Higashioka",-1.098679138089531,15.0,3.7,2.7,9,2,1,2,3.41,4.53,3.69,3.84,37.8,5.4,48.6,27,27.3,13.3,10.1,29,,5.2,1.94,4.9,21.2,88,3,4,4,4,6,3,22,25,17,25.1,,,,89,5,5.34,21.2,62.4,8.5,19.6,9.6,0,"Christian Vázquez",2.2021917241134608,21.3,4.3,3.7,17,3,0,1,0.315,0.321,0.151,0.294,41.8,7.8,75.6,21.3,21,75.6,24.4,19.6,32.1,26.8,30.7,36.4,0.317,0.311,0.169,0.282,36.9,8.7,74.1,22.2,22.6,74.1,25.9,21,34.4,28.7,29.9,35.4,-0.03,1.46,0.21,-0.011,0.01,-0.28,-0.4,0,0.01,0,0.9,,0,0,"none","Scheduled",0,,,"fastball",77,"splitter",18.7,,3.466666666666667,14.054054054054053,"fastball",62.4,"curve",19.6,,4.150943396226415,17.959183673469386,51.666666666666664,"Extra Rest",90,"Extra Rest","R","R",10,18.2,9.1,24.1,4,5373.333333333333,885.5555555555555,0,5173.333333333333,828.8888888888889,0,,,,,,,,,18.3,30.4,13,23.7,101,86,92
"822878","2026-07-10","Christian Walker","Houston Astros",2,"R","1B",0.242,0.318,0.473,0.791,0.34,0.231,387,84,18,1,20,22,8.3,0.261,0.871,0.478,11,6,3,0.799,0.755,0.485,0.425,22.7,19.3,70.7,70.7,29.3,,"Cal Quantrill","R",0.25,0.208,0.388,0.333,"8:05 PM ET","Texas Rangers","Houston Astros","Globe Life Field","Cal Quantrill",3.35,1.17,15.9,7.1,3,1,"40.1",27,18,2.24,3.5,134,-171,"rotowire","Hunter Brown",3.38,1.36,27.3,13.3,1,N/A,"29.1",35,6,4.89,5.5,-133,104,"rotowire",3.92,"Alta",18.2,4.2,"Alta",24.1,4.1,0.714,0.319,0.395,21.9,4.5,0.725,0.315,0.41,21.4,35.4,37,20.9,179,1012.2,0,"Cielo Despejado",35.5,0.242,0.705,0.316,0.389,4.5,77,0.25,0.74,0.327,0.413,4.5,26,0.243,0.732,0.318,0.414,4.5,96,0.235,0.705,0.305,0.4,4.5,30,6,66,155,6,82,270,10,18.2,4,7,4,9.1,24.1,0,3,8,4.87,4.74,4.41,4.86,35.7,10.3,31.7,30.2,15.9,7.1,9.6,26.6,,2.67,1.7,3.7,15,52,2,5,1,5,4,2,21,15,9,14,1,6.5,6.5,51,3.2,2.79,15,77,0,4.3,0,18.7,"Kyle Higashioka",-1.098679138089531,15.0,3.7,2.7,9,2,1,2,3.41,4.53,3.69,3.84,37.8,5.4,48.6,27,27.3,13.3,10.1,29,,5.2,1.94,4.9,21.2,88,3,4,4,4,6,3,22,25,17,25.1,,,,89,5,5.34,21.2,62.4,8.5,19.6,9.6,0,"Christian Vázquez",2.2021917241134608,21.3,4.3,3.7,17,3,0,1,0.315,0.321,0.151,0.294,41.8,7.8,75.6,21.3,21,75.6,24.4,19.6,32.1,26.8,30.7,36.4,0.317,0.311,0.169,0.282,36.9,8.7,74.1,22.2,22.6,74.1,25.9,21,34.4,28.7,29.9,35.4,-0.03,1.46,0.21,-0.011,0.01,-0.28,-0.4,0,0.01,0,0.9,,0,0,"none","Scheduled",0,,,"fastball",77,"splitter",18.7,,3.466666666666667,14.054054054054053,"fastball",62.4,"curve",19.6,,4.150943396226415,17.959183673469386,51.666666666666664,"Extra Rest",90,"Extra Rest","R","R",10,18.2,9.1,24.1,4,5373.333333333333,885.5555555555555,0,5173.333333333333,828.8888888888889,0,,,,,,,,,18.3,30.4,13,23.7,101,86,92
"822878","2026-07-10","Isaac Paredes","Houston Astros",3,"R","3B",0.253,0.346,0.419,0.765,0.339,0.166,370,81,17,0,12,15.9,9.2,0.286,0.784,0.429,12,8,2,0.772,0.743,0.434,0.372,15.3,18,82.8,82.8,17.2,,"Cal Quantrill","R",0.25,0.208,0.388,0.333,"8:05 PM ET","Texas Rangers","Houston Astros","Globe Life Field","Cal Quantrill",3.35,1.17,15.9,7.1,3,1,"40.1",27,18,2.24,3.5,134,-171,"rotowire","Hunter Brown",3.38,1.36,27.3,13.3,1,N/A,"29.1",35,6,4.89,5.5,-133,104,"rotowire",3.92,"Alta",18.2,4.2,"Alta",24.1,4.1,0.714,0.319,0.395,21.9,4.5,0.725,0.315,0.41,21.4,35.4,37,20.9,179,1012.2,0,"Cielo Despejado",35.5,0.242,0.705,0.316,0.389,4.5,77,0.25,0.74,0.327,0.413,4.5,26,0.243,0.732,0.318,0.414,4.5,96,0.235,0.705,0.305,0.4,4.5,30,6,66,155,6,82,270,10,18.2,4,7,4,9.1,24.1,0,3,8,4.87,4.74,4.41,4.86,35.7,10.3,31.7,30.2,15.9,7.1,9.6,26.6,,2.67,1.7,3.7,15,52,2,5,1,5,4,2,21,15,9,14,1,6.5,6.5,51,3.2,2.79,15,77,0,4.3,0,18.7,"Kyle Higashioka",-1.098679138089531,15.0,3.7,2.7,9,2,1,2,3.41,4.53,3.69,3.84,37.8,5.4,48.6,27,27.3,13.3,10.1,29,,5.2,1.94,4.9,21.2,88,3,4,4,4,6,3,22,25,17,25.1,,,,89,5,5.34,21.2,62.4,8.5,19.6,9.6,0,"Christian Vázquez",2.2021917241134608,21.3,4.3,3.7,17,3,0,1,0.315,0.321,0.151,0.294,41.8,7.8,75.6,21.3,21,75.6,24.4,19.6,32.1,26.8,30.7,36.4,0.317,0.311,0.169,0.282,36.9,8.7,74.1,22.2,22.6,74.1,25.9,21,34.4,28.7,29.9,35.4,-0.03,1.46,0.21,-0.011,0.01,-0.28,-0.4,0,0.01,0,0.9,,0,0,"none","Scheduled",0,,,"fastball",77,"splitter",18.7,,3.466666666666667,14.054054054054053,"fastball",62.4,"curve",19.6,,4.150943396226415,17.959183673469386,51.666666666666664,"Extra Rest",90,"Extra Rest","R","R",10,18.2,9.1,24.1,4,5373.333333333333,885.5555555555555,0,5173.333333333333,828.8888888888889,0,,,,,,,,,18.3,30.4,13,23.7,101,86,92
"822878","2026-07-10","Cam Smith","Houston Astros",4,"R","RF",0.22,0.296,0.374,0.67,0.297,0.154,352,69,13,1,11,24.1,8.8,0.2,0.526,0.24,6,5,1,0.675,0.656,0.376,0.367,24.4,23.3,69.4,69.4,30.6,,"Cal Quantrill","R",0.25,0.208,0.388,0.333,"8:05 PM ET","Texas Rangers","Houston Astros","Globe Life Field","Cal Quantrill",3.35,1.17,15.9,7.1,3,1,"40.1",27,18,2.24,3.5,134,-171,"rotowire","Hunter Brown",3.38,1.36,27.3,13.3,1,N/A,"29.1",35,6,4.89,5.5,-133,104,"rotowire",3.92,"Alta",18.2,4.2,"Alta",24.1,4.1,0.714,0.319,0.395,21.9,4.5,0.725,0.315,0.41,21.4,35.4,37,20.9,179,1012.2,0,"Cielo Despejado",35.5,0.242,0.705,0.316,0.389,4.5,77,0.25,0.74,0.327,0.413,4.5,26,0.243,0.732,0.318,0.414,4.5,96,0.235,0.705,0.305,0.4,4.5,30,6,66,155,6,82,270,10,18.2,4,7,4,9.1,24.1,0,3,8,4.87,4.74,4.41,4.86,35.7,10.3,31.7,30.2,15.9,7.1,9.6,26.6,,2.67,1.7,3.7,15,52,2,5,1,5,4,2,21,15,9,14,1,6.5,6.5,51,3.2,2.79,15,77,0,4.3,0,18.7,"Kyle Higashioka",-1.098679138089531,15.0,3.7,2.7,9,2,1,2,3.41,4.53,3.69,3.84,37.8,5.4,48.6,27,27.3,13.3,10.1,29,,5.2,1.94,4.9,21.2,88,3,4,4,4,6,3,22,25,17,25.1,,,,89,5,5.34,21.2,62.4,8.5,19.6,9.6,0,"Christian Vázquez",2.2021917241134608,21.3,4.3,3.7,17,3,0,1,0.315,0.321,0.151,0.294,41.8,7.8,75.6,21.3,21,75.6,24.4,19.6,32.1,26.8,30.7,36.4,0.317,0.311,0.169,0.282,36.9,8.7,74.1,22.2,22.6,74.1,25.9,21,34.4,28.7,29.9,35.4,-0.03,1.46,0.21,-0.011,0.01,-0.28,-0.4,0,0.01,0,0.9,,0,0,"none","Scheduled",0,,,"fastball",77,"splitter",18.7,,3.466666666666667,14.054054054054053,"fastball",62.4,"curve",19.6,,4.150943396226415,17.959183673469386,51.666666666666664,"Extra Rest",90,"Extra Rest","R","R",10,18.2,9.1,24.1,4,5373.333333333333,885.5555555555555,0,5173.333333333333,828.8888888888889,0,,,,,,,,,18.3,30.4,13,23.7,101,86,92
"822878","2026-07-10","Jose Altuve","Houston Astros",5,"R","2B",0.231,0.306,0.396,0.702,0.307,0.165,305,63,13,1,10,22,9.5,0.214,0.849,0.536,15,6,4,0.73,0.615,0.429,0.294,22,21.8,76.1,76.1,23.9,,"Cal Quantrill","R",0.25,0.208,0.388,0.333,"8:05 PM ET","Texas Rangers","Houston Astros","Globe Life Field","Cal Quantrill",3.35,1.17,15.9,7.1,3,1,"40.1",27,18,2.24,3.5,134,-171,"rotowire","Hunter Brown",3.38,1.36,27.3,13.3,1,N/A,"29.1",35,6,4.89,5.5,-133,104,"rotowire",3.92,"Alta",18.2,4.2,"Alta",24.1,4.1,0.714,0.319,0.395,21.9,4.5,0.725,0.315,0.41,21.4,35.4,37,20.9,179,1012.2,0,"Cielo Despejado",35.5,0.242,0.705,0.316,0.389,4.5,77,0.25,0.74,0.327,0.413,4.5,26,0.243,0.732,0.318,0.414,4.5,96,0.235,0.705,0.305,0.4,4.5,30,6,66,155,6,82,270,10,18.2,4,7,4,9.1,24.1,0,3,8,4.87,4.74,4.41,4.86,35.7,10.3,31.7,30.2,15.9,7.1,9.6,26.6,,2.67,1.7,3.7,15,52,2,5,1,5,4,2,21,15,9,14,1,6.5,6.5,51,3.2,2.79,15,77,0,4.3,0,18.7,"Kyle Higashioka",-1.098679138089531,15.0,3.7,2.7,9,2,1,2,3.41,4.53,3.69,3.84,37.8,5.4,48.6,27,27.3,13.3,10.1,29,,5.2,1.94,4.9,21.2,88,3,4,4,4,6,3,22,25,17,25.1,,,,89,5,5.34,21.2,62.4,8.5,19.6,9.6,0,"Christian Vázquez",2.2021917241134608,21.3,4.3,3.7,17,3,0,1,0.315,0.321,0.151,0.294,41.8,7.8,75.6,21.3,21,75.6,24.4,19.6,32.1,26.8,30.7,36.4,0.317,0.311,0.169,0.282,36.9,8.7,74.1,22.2,22.6,74.1,25.9,21,34.4,28.7,29.9,35.4,-0.03,1.46,0.21,-0.011,0.01,-0.28,-0.4,0,0.01,0,0.9,,0,0,"none","Scheduled",0,,,"fastball",77,"splitter",18.7,,3.466666666666667,14.054054054054053,"fastball",62.4,"curve",19.6,,4.150943396226415,17.959183673469386,51.666666666666664,"Extra Rest",90,"Extra Rest","R","R",10,18.2,9.1,24.1,4,5373.333333333333,885.5555555555555,0,5173.333333333333,828.8888888888889,0,,,,,,,,,18.3,30.4,13,23.7,101,86,92
"822878","2026-07-10","Brice Matthews","Houston Astros",6,"R","CF",0.2,0.253,0.337,0.59,0.26,0.137,223,41,5,1,7,31.8,6.7,0.25,0.771,0.438,7,4,1,0.573,0.617,0.307,0.385,31.9,31.7,63.8,63.8,36.2,,"Cal Quantrill","R",0.25,0.208,0.388,0.333,"8:05 PM ET","Texas Rangers","Houston Astros","Globe Life Field","Cal Quantrill",3.35,1.17,15.9,7.1,3,1,"40.1",27,18,2.24,3.5,134,-171,"rotowire","Hunter Brown",3.38,1.36,27.3,13.3,1,N/A,"29.1",35,6,4.89,5.5,-133,104,"rotowire",3.92,"Alta",18.2,4.2,"Alta",24.1,4.1,0.714,0.319,0.395,21.9,4.5,0.725,0.315,0.41,21.4,35.4,37,20.9,179,1012.2,0,"Cielo Despejado",35.5,0.242,0.705,0.316,0.389,4.5,77,0.25,0.74,0.327,0.413,4.5,26,0.243,0.732,0.318,0.414,4.5,96,0.235,0.705,0.305,0.4,4.5,30,6,66,155,6,82,270,10,18.2,4,7,4,9.1,24.1,0,3,8,4.87,4.74,4.41,4.86,35.7,10.3,31.7,30.2,15.9,7.1,9.6,26.6,,2.67,1.7,3.7,15,52,2,5,1,5,4,2,21,15,9,14,1,6.5,6.5,51,3.2,2.79,15,77,0,4.3,0,18.7,"Kyle Higashioka",-1.098679138089531,15.0,3.7,2.7,9,2,1,2,3.41,4.53,3.69,3.84,37.8,5.4,48.6,27,27.3,13.3,10.1,29,,5.2,1.94,4.9,21.2,88,3,4,4,4,6,3,22,25,17,25.1,,,,89,5,5.34,21.2,62.4,8.5,19.6,9.6,0,"Christian Vázquez",2.2021917241134608,21.3,4.3,3.7,17,3,0,1,0.315,0.321,0.151,0.294,41.8,7.8,75.6,21.3,21,75.6,24.4,19.6,32.1,26.8,30.7,36.4,0.317,0.311,0.169,0.282,36.9,8.7,74.1,22.2,22.6,74.1,25.9,21,34.4,28.7,29.9,35.4,-0.03,1.46,0.21,-0.011,0.01,-0.28,-0.4,0,0.01,0,0.9,,0,0,"none","Scheduled",0,,,"fastball",77,"splitter",18.7,,3.466666666666667,14.054054054054053,"fastball",62.4,"curve",19.6,,4.150943396226415,17.959183673469386,51.666666666666664,"Extra Rest",90,"Extra Rest","R","R",10,18.2,9.1,24.1,4,5373.333333333333,885.5555555555555,0,5173.333333333333,828.8888888888889,0,,,,,,,,,18.3,30.4,13,23.7,101,86,92
"822878","2026-07-10","Christian Vázquez","Houston Astros",7,"R","C",0.22,0.275,0.327,0.602,0.265,0.107,185,37,6,0,4,17.3,7,0.211,0.422,0.211,4,4,0,0.612,0.566,0.317,0.357,17.7,15.9,81.9,81.9,18.1,,"Cal Quantrill","R",0.25,0.208,0.388,0.333,"8:05 PM ET","Texas Rangers","Houston Astros","Globe Life Field","Cal Quantrill",3.35,1.17,15.9,7.1,3,1,"40.1",27,18,2.24,3.5,134,-171,"rotowire","Hunter Brown",3.38,1.36,27.3,13.3,1,N/A,"29.1",35,6,4.89,5.5,-133,104,"rotowire",3.92,"Alta",18.2,4.2,"Alta",24.1,4.1,0.714,0.319,0.395,21.9,4.5,0.725,0.315,0.41,21.4,35.4,37,20.9,179,1012.2,0,"Cielo Despejado",35.5,0.242,0.705,0.316,0.389,4.5,77,0.25,0.74,0.327,0.413,4.5,26,0.243,0.732,0.318,0.414,4.5,96,0.235,0.705,0.305,0.4,4.5,30,6,66,155,6,82,270,10,18.2,4,7,4,9.1,24.1,0,3,8,4.87,4.74,4.41,4.86,35.7,10.3,31.7,30.2,15.9,7.1,9.6,26.6,,2.67,1.7,3.7,15,52,2,5,1,5,4,2,21,15,9,14,1,6.5,6.5,51,3.2,2.79,15,77,0,4.3,0,18.7,"Kyle Higashioka",-1.098679138089531,15.0,3.7,2.7,9,2,1,2,3.41,4.53,3.69,3.84,37.8,5.4,48.6,27,27.3,13.3,10.1,29,,5.2,1.94,4.9,21.2,88,3,4,4,4,6,3,22,25,17,25.1,,,,89,5,5.34,21.2,62.4,8.5,19.6,9.6,0,"Christian Vázquez",2.2021917241134608,21.3,4.3,3.7,17,3,0,1,0.315,0.321,0.151,0.294,41.8,7.8,75.6,21.3,21,75.6,24.4,19.6,32.1,26.8,30.7,36.4,0.317,0.311,0.169,0.282,36.9,8.7,74.1,22.2,22.6,74.1,25.9,21,34.4,28.7,29.9,35.4,-0.03,1.46,0.21,-0.011,0.01,-0.28,-0.4,0,0.01,0,0.9,,0,0,"none","Scheduled",0,,,"fastball",77,"splitter",18.7,,3.466666666666667,14.054054054054053,"fastball",62.4,"curve",19.6,,4.150943396226415,17.959183673469386,51.666666666666664,"Extra Rest",90,"Extra Rest","R","R",10,18.2,9.1,24.1,4,5373.333333333333,885.5555555555555,0,5173.333333333333,828.8888888888889,0,,,,,,,,,18.3,30.4,13,23.7,101,86,92
"822878","2026-07-10","Yainer Diaz","Houston Astros",8,"R","C",0.242,0.267,0.389,0.656,0.285,0.147,165,38,8,0,5,16.4,3,0.185,0.658,0.444,12,5,3,0.677,0.601,0.416,0.318,15.1,19.6,77.9,77.9,22.1,,"Cal Quantrill","R",0.25,0.208,0.388,0.333,"8:05 PM ET","Texas Rangers","Houston Astros","Globe Life Field","Cal Quantrill",3.35,1.17,15.9,7.1,3,1,"40.1",27,18,2.24,3.5,134,-171,"rotowire","Hunter Brown",3.38,1.36,27.3,13.3,1,N/A,"29.1",35,6,4.89,5.5,-133,104,"rotowire",3.92,"Alta",18.2,4.2,"Alta",24.1,4.1,0.714,0.319,0.395,21.9,4.5,0.725,0.315,0.41,21.4,35.4,37,20.9,179,1012.2,0,"Cielo Despejado",35.5,0.242,0.705,0.316,0.389,4.5,77,0.25,0.74,0.327,0.413,4.5,26,0.243,0.732,0.318,0.414,4.5,96,0.235,0.705,0.305,0.4,4.5,30,6,66,155,6,82,270,10,18.2,4,7,4,9.1,24.1,0,3,8,4.87,4.74,4.41,4.86,35.7,10.3,31.7,30.2,15.9,7.1,9.6,26.6,,2.67,1.7,3.7,15,52,2,5,1,5,4,2,21,15,9,14,1,6.5,6.5,51,3.2,2.79,15,77,0,4.3,0,18.7,"Kyle Higashioka",-1.098679138089531,15.0,3.7,2.7,9,2,1,2,3.41,4.53,3.69,3.84,37.8,5.4,48.6,27,27.3,13.3,10.1,29,,5.2,1.94,4.9,21.2,88,3,4,4,4,6,3,22,25,17,25.1,,,,89,5,5.34,21.2,62.4,8.5,19.6,9.6,0,"Christian Vázquez",2.2021917241134608,21.3,4.3,3.7,17,3,0,1,0.315,0.321,0.151,0.294,41.8,7.8,75.6,21.3,21,75.6,24.4,19.6,32.1,26.8,30.7,36.4,0.317,0.311,0.169,0.282,36.9,8.7,74.1,22.2,22.6,74.1,25.9,21,34.4,28.7,29.9,35.4,-0.03,1.46,0.21,-0.011,0.01,-0.28,-0.4,0,0.01,0,0.9,,0,0,"none","Scheduled",0,,,"fastball",77,"splitter",18.7,,3.466666666666667,14.054054054054053,"fastball",62.4,"curve",19.6,,4.150943396226415,17.959183673469386,51.666666666666664,"Extra Rest",90,"Extra Rest","R","R",10,18.2,9.1,24.1,4,5373.333333333333,885.5555555555555,0,5173.333333333333,828.8888888888889,0,,,,,,,,,18.3,30.4,13,23.7,101,86,92
"822878","2026-07-10","Taylor Trammell","Houston Astros",9,"L","CF",0.243,0.308,0.393,0.701,0.307,0.15,118,26,5,1,3,33.9,7.6,0.15,0.49,0.3,6,3,1,0.731,0.462,0.404,0.308,35.6,21.4,63.6,63.6,36.4,,"Cal Quantrill","R",0.25,0.208,0.388,0.333,"8:05 PM ET","Texas Rangers","Houston Astros","Globe Life Field","Cal Quantrill",3.35,1.17,15.9,7.1,3,1,"40.1",27,18,2.24,3.5,134,-171,"rotowire","Hunter Brown",3.38,1.36,27.3,13.3,1,N/A,"29.1",35,6,4.89,5.5,-133,104,"rotowire",3.92,"Alta",18.2,4.2,"Alta",24.1,4.1,0.714,0.319,0.395,21.9,4.5,0.725,0.315,0.41,21.4,35.4,37,20.9,179,1012.2,0,"Cielo Despejado",35.5,0.242,0.705,0.316,0.389,4.5,77,0.25,0.74,0.327,0.413,4.5,26,0.243,0.732,0.318,0.414,4.5,96,0.235,0.705,0.305,0.4,4.5,30,6,66,155,6,82,270,10,18.2,4,7,4,9.1,24.1,0,3,8,4.87,4.74,4.41,4.86,35.7,10.3,31.7,30.2,15.9,7.1,9.6,26.6,,2.67,1.7,3.7,15,52,2,5,1,5,4,2,21,15,9,14,1,6.5,6.5,51,3.2,2.79,15,77,0,4.3,0,18.7,"Kyle Higashioka",-1.098679138089531,15.0,3.7,2.7,9,2,1,2,3.41,4.53,3.69,3.84,37.8,5.4,48.6,27,27.3,13.3,10.1,29,,5.2,1.94,4.9,21.2,88,3,4,4,4,6,3,22,25,17,25.1,,,,89,5,5.34,21.2,62.4,8.5,19.6,9.6,0,"Christian Vázquez",2.2021917241134608,21.3,4.3,3.7,17,3,0,1,0.315,0.321,0.151,0.294,41.8,7.8,75.6,21.3,21,75.6,24.4,19.6,32.1,26.8,30.7,36.4,0.317,0.311,0.169,0.282,36.9,8.7,74.1,22.2,22.6,74.1,25.9,21,34.4,28.7,29.9,35.4,-0.03,1.46,0.21,-0.011,0.01,-0.28,-0.4,0,0.01,0,0.9,,0,0,"none","Scheduled",0,,,"fastball",77,"splitter",18.7,,3.466666666666667,14.054054054054053,"fastball",62.4,"curve",19.6,,4.150943396226415,17.959183673469386,51.666666666666664,"Extra Rest",90,"Extra Rest","R","R",10,18.2,9.1,24.1,4,5373.333333333333,885.5555555555555,0,5173.333333333333,828.8888888888889,0,,,,,,,,,18.3,30.4,13,23.7,101,86,92
"823685","2026-07-10","Josh Bell","Minnesota Twins",1,"S","DH",0.247,0.306,0.425,0.731,0.318,0.178,363,82,18,1,13,22,7.4,0.286,1.018,0.643,18,8,4,0.744,0.703,0.442,0.389,22.4,21.2,74.5,74.5,25.5,,"Grayson Rodriguez","R",0.357,0.245,0.625,0.429,"8:10 PM ET","Minnesota Twins","Los Angeles Angels","Target Field","Zebby Matthews",4.43,1.16,20.5,6.4,4,5,"61.0",51,10,6.10,5.5,100,-124,"rotowire","Grayson Rodriguez",8.06,1.83,19.5,12.2,2,2,"25.2",24,6,4.28,4.5,121,-154,"rotowire",5.28,"Alta",18.1,4.66,"Alta",25.1,4.9,0.736,0.322,0.414,20.3,4.5,0.708,0.315,0.393,24.9,31.7,29,4.8,243,1012.5,1,"Cielo Despejado",31.4,0.256,0.761,0.323,0.438,4.5,93,0.225,0.674,0.321,0.353,4.5,25,0.239,0.702,0.313,0.389,4.5,74,0.24,0.723,0.319,0.404,4.5,33,6,79,276,26,47,230,10,18.1,3,8,5,11.1,25.1,5,9,3,4.46,5.18,3.69,3.81,40,12.8,38.3,31.7,20.5,6.4,10.9,28.4,,5,1.1,6.1,25.4,90,5,7,5,4.7,7,6,20,25,26,25,,,,93,6.1,5.75,25.4,53.4,21,13.6,12.2,0,"Victor Caratini",2.794710975420558,23.7,5.9,5.7,20,4.7,0,0,7.22,5.23,4.42,4.61,51.8,10.8,33.7,27.7,19.5,12.2,9.7,26.5,,4,1.79,4.4,20.4,83,1,6,3,2.3,5.3,3.7,12,25,21,26.1,,,,75,4,4.05,20.4,53.4,12.3,14.4,19.8,0,"Logan O'Hoppe",-8.293798439408969,19.3,3.8,3.3,12,2.3,1,1,0.323,0.311,0.167,0.293,36.7,7.5,74.9,21.7,20.5,74.9,25.1,18,35.2,31.1,32.1,35.2,0.311,0.317,0.153,0.301,40.4,10,73.1,25,25.1,73.1,26.9,20.2,35.9,35.3,33.4,29.6,-3.63,-2.76,-0.05,0.028,-0.006,0.62,0.4,0,-0.01,-20,-1.1,,0,0,"none","Scheduled",0,,,"fastball",53.4,"slider",21,,3.5433070866141736,14.754098360655739,"fastball",53.4,"changeup",19.8,,4.068627450980393,18.863636363636363,92,"Extra Rest",76.66666666666667,"Extra Rest","R","R",10,18.1,11.1,25.1,3,5378.888888888889,890,0,4853.333333333333,816.6666666666666,0,,,,,,,,,22.5,14.9,17.8,25,97,106,98
"823685","2026-07-10","Brooks Lee","Minnesota Twins",2,"S","SS",0.249,0.305,0.426,0.731,0.318,0.177,362,83,13,2,14,16.3,6.9,0.233,0.57,0.267,8,7,1,0.783,0.607,0.47,0.323,14.7,20,79,79,21,,"Grayson Rodriguez","R",0.357,0.245,0.625,0.429,"8:10 PM ET","Minnesota Twins","Los Angeles Angels","Target Field","Zebby Matthews",4.43,1.16,20.5,6.4,4,5,"61.0",51,10,6.10,5.5,100,-124,"rotowire","Grayson Rodriguez",8.06,1.83,19.5,12.2,2,2,"25.2",24,6,4.28,4.5,121,-154,"rotowire",5.28,"Alta",18.1,4.66,"Alta",25.1,4.9,0.736,0.322,0.414,20.3,4.5,0.708,0.315,0.393,24.9,31.7,29,4.8,243,1012.5,1,"Cielo Despejado",31.4,0.256,0.761,0.323,0.438,4.5,93,0.225,0.674,0.321,0.353,4.5,25,0.239,0.702,0.313,0.389,4.5,74,0.24,0.723,0.319,0.404,4.5,33,6,79,276,26,47,230,10,18.1,3,8,5,11.1,25.1,5,9,3,4.46,5.18,3.69,3.81,40,12.8,38.3,31.7,20.5,6.4,10.9,28.4,,5,1.1,6.1,25.4,90,5,7,5,4.7,7,6,20,25,26,25,,,,93,6.1,5.75,25.4,53.4,21,13.6,12.2,0,"Victor Caratini",2.794710975420558,23.7,5.9,5.7,20,4.7,0,0,7.22,5.23,4.42,4.61,51.8,10.8,33.7,27.7,19.5,12.2,9.7,26.5,,4,1.79,4.4,20.4,83,1,6,3,2.3,5.3,3.7,12,25,21,26.1,,,,75,4,4.05,20.4,53.4,12.3,14.4,19.8,0,"Logan O'Hoppe",-8.293798439408969,19.3,3.8,3.3,12,2.3,1,1,0.323,0.311,0.167,0.293,36.7,7.5,74.9,21.7,20.5,74.9,25.1,18,35.2,31.1,32.1,35.2,0.311,0.317,0.153,0.301,40.4,10,73.1,25,25.1,73.1,26.9,20.2,35.9,35.3,33.4,29.6,-3.63,-2.76,-0.05,0.028,-0.006,0.62,0.4,0,-0.01,-20,-1.1,,0,0,"none","Scheduled",0,,,"fastball",53.4,"slider",21,,3.5433070866141736,14.754098360655739,"fastball",53.4,"changeup",19.8,,4.068627450980393,18.863636363636363,92,"Extra Rest",76.66666666666667,"Extra Rest","R","R",10,18.1,11.1,25.1,3,5378.888888888889,890,0,4853.333333333333,816.6666666666666,0,,,,,,,,,22.5,14.9,17.8,25,97,106,98
"823685","2026-07-10","Luke Keaschall","Minnesota Twins",3,"R","2B",0.255,0.345,0.349,0.694,0.314,0.094,345,76,14,1,4,15.1,9.9,0.4,1.356,0.8,16,8,4,0.715,0.645,0.364,0.315,14.6,16,83.3,83.3,16.7,,"Grayson Rodriguez","R",0.357,0.245,0.625,0.429,"8:10 PM ET","Minnesota Twins","Los Angeles Angels","Target Field","Zebby Matthews",4.43,1.16,20.5,6.4,4,5,"61.0",51,10,6.10,5.5,100,-124,"rotowire","Grayson Rodriguez",8.06,1.83,19.5,12.2,2,2,"25.2",24,6,4.28,4.5,121,-154,"rotowire",5.28,"Alta",18.1,4.66,"Alta",25.1,4.9,0.736,0.322,0.414,20.3,4.5,0.708,0.315,0.393,24.9,31.7,29,4.8,243,1012.5,1,"Cielo Despejado",31.4,0.256,0.761,0.323,0.438,4.5,93,0.225,0.674,0.321,0.353,4.5,25,0.239,0.702,0.313,0.389,4.5,74,0.24,0.723,0.319,0.404,4.5,33,6,79,276,26,47,230,10,18.1,3,8,5,11.1,25.1,5,9,3,4.46,5.18,3.69,3.81,40,12.8,38.3,31.7,20.5,6.4,10.9,28.4,,5,1.1,6.1,25.4,90,5,7,5,4.7,7,6,20,25,26,25,,,,93,6.1,5.75,25.4,53.4,21,13.6,12.2,0,"Victor Caratini",2.794710975420558,23.7,5.9,5.7,20,4.7,0,0,7.22,5.23,4.42,4.61,51.8,10.8,33.7,27.7,19.5,12.2,9.7,26.5,,4,1.79,4.4,20.4,83,1,6,3,2.3,5.3,3.7,12,25,21,26.1,,,,75,4,4.05,20.4,53.4,12.3,14.4,19.8,0,"Logan O'Hoppe",-8.293798439408969,19.3,3.8,3.3,12,2.3,1,1,0.323,0.311,0.167,0.293,36.7,7.5,74.9,21.7,20.5,74.9,25.1,18,35.2,31.1,32.1,35.2,0.311,0.317,0.153,0.301,40.4,10,73.1,25,25.1,73.1,26.9,20.2,35.9,35.3,33.4,29.6,-3.63,-2.76,-0.05,0.028,-0.006,0.62,0.4,0,-0.01,-20,-1.1,,0,0,"none","Scheduled",0,,,"fastball",53.4,"slider",21,,3.5433070866141736,14.754098360655739,"fastball",53.4,"changeup",19.8,,4.068627450980393,18.863636363636363,92,"Extra Rest",76.66666666666667,"Extra Rest","R","R",10,18.1,11.1,25.1,3,5378.888888888889,890,0,4853.333333333333,816.6666666666666,0,,,,,,,,,22.5,14.9,17.8,25,97,106,98
"823685","2026-07-10","Kody Clemens","Minnesota Twins",4,"L","1B",0.252,0.312,0.5,0.812,0.346,0.248,319,73,18,3,16,22.3,6.6,0.345,1.18,0.793,23,10,6,0.855,0.661,0.535,0.375,22.2,22.5,74.6,74.6,25.4,,"Grayson Rodriguez","R",0.357,0.245,0.625,0.429,"8:10 PM ET","Minnesota Twins","Los Angeles Angels","Target Field","Zebby Matthews",4.43,1.16,20.5,6.4,4,5,"61.0",51,10,6.10,5.5,100,-124,"rotowire","Grayson Rodriguez",8.06,1.83,19.5,12.2,2,2,"25.2",24,6,4.28,4.5,121,-154,"rotowire",5.28,"Alta",18.1,4.66,"Alta",25.1,4.9,0.736,0.322,0.414,20.3,4.5,0.708,0.315,0.393,24.9,31.7,29,4.8,243,1012.5,1,"Cielo Despejado",31.4,0.256,0.761,0.323,0.438,4.5,93,0.225,0.674,0.321,0.353,4.5,25,0.239,0.702,0.313,0.389,4.5,74,0.24,0.723,0.319,0.404,4.5,33,6,79,276,26,47,230,10,18.1,3,8,5,11.1,25.1,5,9,3,4.46,5.18,3.69,3.81,40,12.8,38.3,31.7,20.5,6.4,10.9,28.4,,5,1.1,6.1,25.4,90,5,7,5,4.7,7,6,20,25,26,25,,,,93,6.1,5.75,25.4,53.4,21,13.6,12.2,0,"Victor Caratini",2.794710975420558,23.7,5.9,5.7,20,4.7,0,0,7.22,5.23,4.42,4.61,51.8,10.8,33.7,27.7,19.5,12.2,9.7,26.5,,4,1.79,4.4,20.4,83,1,6,3,2.3,5.3,3.7,12,25,21,26.1,,,,75,4,4.05,20.4,53.4,12.3,14.4,19.8,0,"Logan O'Hoppe",-8.293798439408969,19.3,3.8,3.3,12,2.3,1,1,0.323,0.311,0.167,0.293,36.7,7.5,74.9,21.7,20.5,74.9,25.1,18,35.2,31.1,32.1,35.2,0.311,0.317,0.153,0.301,40.4,10,73.1,25,25.1,73.1,26.9,20.2,35.9,35.3,33.4,29.6,-3.63,-2.76,-0.05,0.028,-0.006,0.62,0.4,0,-0.01,-20,-1.1,,0,0,"none","Scheduled",0,,,"fastball",53.4,"slider",21,,3.5433070866141736,14.754098360655739,"fastball",53.4,"changeup",19.8,,4.068627450980393,18.863636363636363,92,"Extra Rest",76.66666666666667,"Extra Rest","R","R",10,18.1,11.1,25.1,3,5378.888888888889,890,0,4853.333333333333,816.6666666666666,0,,,,,,,,,22.5,14.9,17.8,25,97,106,98
"823685","2026-07-10","Trevor Larnach","Minnesota Twins",5,"L","LF",0.281,0.374,0.43,0.804,0.353,0.149,279,68,16,1,6,17.9,11.8,0.227,0.755,0.409,9,5,2,0.821,0.674,0.435,0.393,17.5,21.2,73.1,73.1,26.9,,"Grayson Rodriguez","R",0.357,0.245,0.625,0.429,"8:10 PM ET","Minnesota Twins","Los Angeles Angels","Target Field","Zebby Matthews",4.43,1.16,20.5,6.4,4,5,"61.0",51,10,6.10,5.5,100,-124,"rotowire","Grayson Rodriguez",8.06,1.83,19.5,12.2,2,2,"25.2",24,6,4.28,4.5,121,-154,"rotowire",5.28,"Alta",18.1,4.66,"Alta",25.1,4.9,0.736,0.322,0.414,20.3,4.5,0.708,0.315,0.393,24.9,31.7,29,4.8,243,1012.5,1,"Cielo Despejado",31.4,0.256,0.761,0.323,0.438,4.5,93,0.225,0.674,0.321,0.353,4.5,25,0.239,0.702,0.313,0.389,4.5,74,0.24,0.723,0.319,0.404,4.5,33,6,79,276,26,47,230,10,18.1,3,8,5,11.1,25.1,5,9,3,4.46,5.18,3.69,3.81,40,12.8,38.3,31.7,20.5,6.4,10.9,28.4,,5,1.1,6.1,25.4,90,5,7,5,4.7,7,6,20,25,26,25,,,,93,6.1,5.75,25.4,53.4,21,13.6,12.2,0,"Victor Caratini",2.794710975420558,23.7,5.9,5.7,20,4.7,0,0,7.22,5.23,4.42,4.61,51.8,10.8,33.7,27.7,19.5,12.2,9.7,26.5,,4,1.79,4.4,20.4,83,1,6,3,2.3,5.3,3.7,12,25,21,26.1,,,,75,4,4.05,20.4,53.4,12.3,14.4,19.8,0,"Logan O'Hoppe",-8.293798439408969,19.3,3.8,3.3,12,2.3,1,1,0.323,0.311,0.167,0.293,36.7,7.5,74.9,21.7,20.5,74.9,25.1,18,35.2,31.1,32.1,35.2,0.311,0.317,0.153,0.301,40.4,10,73.1,25,25.1,73.1,26.9,20.2,35.9,35.3,33.4,29.6,-3.63,-2.76,-0.05,0.028,-0.006,0.62,0.4,0,-0.01,-20,-1.1,,0,0,"none","Scheduled",0,,,"fastball",53.4,"slider",21,,3.5433070866141736,14.754098360655739,"fastball",53.4,"changeup",19.8,,4.068627450980393,18.863636363636363,92,"Extra Rest",76.66666666666667,"Extra Rest","R","R",10,18.1,11.1,25.1,3,5378.888888888889,890,0,4853.333333333333,816.6666666666666,0,,,,,,,,,22.5,14.9,17.8,25,97,106,98
"823685","2026-07-10","Austin Martin","Minnesota Twins",6,"R","RF",0.248,0.361,0.327,0.688,0.316,0.079,269,56,12,0,2,17.8,13.4,0.286,0.831,0.357,5,4,1,0.611,0.8,0.295,0.379,19.4,15.8,78.3,78.3,21.7,,"Grayson Rodriguez","R",0.357,0.245,0.625,0.429,"8:10 PM ET","Minnesota Twins","Los Angeles Angels","Target Field","Zebby Matthews",4.43,1.16,20.5,6.4,4,5,"61.0",51,10,6.10,5.5,100,-124,"rotowire","Grayson Rodriguez",8.06,1.83,19.5,12.2,2,2,"25.2",24,6,4.28,4.5,121,-154,"rotowire",5.28,"Alta",18.1,4.66,"Alta",25.1,4.9,0.736,0.322,0.414,20.3,4.5,0.708,0.315,0.393,24.9,31.7,29,4.8,243,1012.5,1,"Cielo Despejado",31.4,0.256,0.761,0.323,0.438,4.5,93,0.225,0.674,0.321,0.353,4.5,25,0.239,0.702,0.313,0.389,4.5,74,0.24,0.723,0.319,0.404,4.5,33,6,79,276,26,47,230,10,18.1,3,8,5,11.1,25.1,5,9,3,4.46,5.18,3.69,3.81,40,12.8,38.3,31.7,20.5,6.4,10.9,28.4,,5,1.1,6.1,25.4,90,5,7,5,4.7,7,6,20,25,26,25,,,,93,6.1,5.75,25.4,53.4,21,13.6,12.2,0,"Victor Caratini",2.794710975420558,23.7,5.9,5.7,20,4.7,0,0,7.22,5.23,4.42,4.61,51.8,10.8,33.7,27.7,19.5,12.2,9.7,26.5,,4,1.79,4.4,20.4,83,1,6,3,2.3,5.3,3.7,12,25,21,26.1,,,,75,4,4.05,20.4,53.4,12.3,14.4,19.8,0,"Logan O'Hoppe",-8.293798439408969,19.3,3.8,3.3,12,2.3,1,1,0.323,0.311,0.167,0.293,36.7,7.5,74.9,21.7,20.5,74.9,25.1,18,35.2,31.1,32.1,35.2,0.311,0.317,0.153,0.301,40.4,10,73.1,25,25.1,73.1,26.9,20.2,35.9,35.3,33.4,29.6,-3.63,-2.76,-0.05,0.028,-0.006,0.62,0.4,0,-0.01,-20,-1.1,,0,0,"none","Scheduled",0,,,"fastball",53.4,"slider",21,,3.5433070866141736,14.754098360655739,"fastball",53.4,"changeup",19.8,,4.068627450980393,18.863636363636363,92,"Extra Rest",76.66666666666667,"Extra Rest","R","R",10,18.1,11.1,25.1,3,5378.888888888889,890,0,4853.333333333333,816.6666666666666,0,,,,,,,,,22.5,14.9,17.8,25,97,106,98
"823685","2026-07-10","Victor Caratini","Minnesota Twins",7,"S","C",0.239,0.331,0.367,0.698,0.317,0.128,260,52,7,0,7,19.2,9.6,0.24,0.745,0.4,10,6,2,0.724,0.641,0.396,0.304,14.7,28.9,79.1,79.1,20.9,,"Grayson Rodriguez","R",0.357,0.245,0.625,0.429,"8:10 PM ET","Minnesota Twins","Los Angeles Angels","Target Field","Zebby Matthews",4.43,1.16,20.5,6.4,4,5,"61.0",51,10,6.10,5.5,100,-124,"rotowire","Grayson Rodriguez",8.06,1.83,19.5,12.2,2,2,"25.2",24,6,4.28,4.5,121,-154,"rotowire",5.28,"Alta",18.1,4.66,"Alta",25.1,4.9,0.736,0.322,0.414,20.3,4.5,0.708,0.315,0.393,24.9,31.7,29,4.8,243,1012.5,1,"Cielo Despejado",31.4,0.256,0.761,0.323,0.438,4.5,93,0.225,0.674,0.321,0.353,4.5,25,0.239,0.702,0.313,0.389,4.5,74,0.24,0.723,0.319,0.404,4.5,33,6,79,276,26,47,230,10,18.1,3,8,5,11.1,25.1,5,9,3,4.46,5.18,3.69,3.81,40,12.8,38.3,31.7,20.5,6.4,10.9,28.4,,5,1.1,6.1,25.4,90,5,7,5,4.7,7,6,20,25,26,25,,,,93,6.1,5.75,25.4,53.4,21,13.6,12.2,0,"Victor Caratini",2.794710975420558,23.7,5.9,5.7,20,4.7,0,0,7.22,5.23,4.42,4.61,51.8,10.8,33.7,27.7,19.5,12.2,9.7,26.5,,4,1.79,4.4,20.4,83,1,6,3,2.3,5.3,3.7,12,25,21,26.1,,,,75,4,4.05,20.4,53.4,12.3,14.4,19.8,0,"Logan O'Hoppe",-8.293798439408969,19.3,3.8,3.3,12,2.3,1,1,0.323,0.311,0.167,0.293,36.7,7.5,74.9,21.7,20.5,74.9,25.1,18,35.2,31.1,32.1,35.2,0.311,0.317,0.153,0.301,40.4,10,73.1,25,25.1,73.1,26.9,20.2,35.9,35.3,33.4,29.6,-3.63,-2.76,-0.05,0.028,-0.006,0.62,0.4,0,-0.01,-20,-1.1,,0,0,"none","Scheduled",0,,,"fastball",53.4,"slider",21,,3.5433070866141736,14.754098360655739,"fastball",53.4,"changeup",19.8,,4.068627450980393,18.863636363636363,92,"Extra Rest",76.66666666666667,"Extra Rest","R","R",10,18.1,11.1,25.1,3,5378.888888888889,890,0,4853.333333333333,816.6666666666666,0,,,,,,,,,22.5,14.9,17.8,25,97,106,98
"823685","2026-07-10","Royce Lewis","Minnesota Twins",8,"R","3B",0.216,0.294,0.385,0.679,0.3,0.169,245,47,10,0,9,27.3,9.4,0.214,0.706,0.393,11,6,3,0.688,0.654,0.395,0.357,29.8,20.3,65.1,65.1,34.9,,"Grayson Rodriguez","R",0.357,0.245,0.625,0.429,"8:10 PM ET","Minnesota Twins","Los Angeles Angels","Target Field","Zebby Matthews",4.43,1.16,20.5,6.4,4,5,"61.0",51,10,6.10,5.5,100,-124,"rotowire","Grayson Rodriguez",8.06,1.83,19.5,12.2,2,2,"25.2",24,6,4.28,4.5,121,-154,"rotowire",5.28,"Alta",18.1,4.66,"Alta",25.1,4.9,0.736,0.322,0.414,20.3,4.5,0.708,0.315,0.393,24.9,31.7,29,4.8,243,1012.5,1,"Cielo Despejado",31.4,0.256,0.761,0.323,0.438,4.5,93,0.225,0.674,0.321,0.353,4.5,25,0.239,0.702,0.313,0.389,4.5,74,0.24,0.723,0.319,0.404,4.5,33,6,79,276,26,47,230,10,18.1,3,8,5,11.1,25.1,5,9,3,4.46,5.18,3.69,3.81,40,12.8,38.3,31.7,20.5,6.4,10.9,28.4,,5,1.1,6.1,25.4,90,5,7,5,4.7,7,6,20,25,26,25,,,,93,6.1,5.75,25.4,53.4,21,13.6,12.2,0,"Victor Caratini",2.794710975420558,23.7,5.9,5.7,20,4.7,0,0,7.22,5.23,4.42,4.61,51.8,10.8,33.7,27.7,19.5,12.2,9.7,26.5,,4,1.79,4.4,20.4,83,1,6,3,2.3,5.3,3.7,12,25,21,26.1,,,,75,4,4.05,20.4,53.4,12.3,14.4,19.8,0,"Logan O'Hoppe",-8.293798439408969,19.3,3.8,3.3,12,2.3,1,1,0.323,0.311,0.167,0.293,36.7,7.5,74.9,21.7,20.5,74.9,25.1,18,35.2,31.1,32.1,35.2,0.311,0.317,0.153,0.301,40.4,10,73.1,25,25.1,73.1,26.9,20.2,35.9,35.3,33.4,29.6,-3.63,-2.76,-0.05,0.028,-0.006,0.62,0.4,0,-0.01,-20,-1.1,,0,0,"none","Scheduled",0,,,"fastball",53.4,"slider",21,,3.5433070866141736,14.754098360655739,"fastball",53.4,"changeup",19.8,,4.068627450980393,18.863636363636363,92,"Extra Rest",76.66666666666667,"Extra Rest","R","R",10,18.1,11.1,25.1,3,5378.888888888889,890,0,4853.333333333333,816.6666666666666,0,,,,,,,,,22.5,14.9,17.8,25,97,106,98
"823685","2026-07-10","Tristan Gray","Minnesota Twins",9,"L","SS",0.228,0.269,0.333,0.602,0.268,0.105,176,37,5,0,4,31.8,5.1,0.12,0.274,0.12,3,3,0,0.609,0.544,0.333,0.333,28.8,55,66.8,66.8,33.2,,"Grayson Rodriguez","R",0.357,0.245,0.625,0.429,"8:10 PM ET","Minnesota Twins","Los Angeles Angels","Target Field","Zebby Matthews",4.43,1.16,20.5,6.4,4,5,"61.0",51,10,6.10,5.5,100,-124,"rotowire","Grayson Rodriguez",8.06,1.83,19.5,12.2,2,2,"25.2",24,6,4.28,4.5,121,-154,"rotowire",5.28,"Alta",18.1,4.66,"Alta",25.1,4.9,0.736,0.322,0.414,20.3,4.5,0.708,0.315,0.393,24.9,31.7,29,4.8,243,1012.5,1,"Cielo Despejado",31.4,0.256,0.761,0.323,0.438,4.5,93,0.225,0.674,0.321,0.353,4.5,25,0.239,0.702,0.313,0.389,4.5,74,0.24,0.723,0.319,0.404,4.5,33,6,79,276,26,47,230,10,18.1,3,8,5,11.1,25.1,5,9,3,4.46,5.18,3.69,3.81,40,12.8,38.3,31.7,20.5,6.4,10.9,28.4,,5,1.1,6.1,25.4,90,5,7,5,4.7,7,6,20,25,26,25,,,,93,6.1,5.75,25.4,53.4,21,13.6,12.2,0,"Victor Caratini",2.794710975420558,23.7,5.9,5.7,20,4.7,0,0,7.22,5.23,4.42,4.61,51.8,10.8,33.7,27.7,19.5,12.2,9.7,26.5,,4,1.79,4.4,20.4,83,1,6,3,2.3,5.3,3.7,12,25,21,26.1,,,,75,4,4.05,20.4,53.4,12.3,14.4,19.8,0,"Logan O'Hoppe",-8.293798439408969,19.3,3.8,3.3,12,2.3,1,1,0.323,0.311,0.167,0.293,36.7,7.5,74.9,21.7,20.5,74.9,25.1,18,35.2,31.1,32.1,35.2,0.311,0.317,0.153,0.301,40.4,10,73.1,25,25.1,73.1,26.9,20.2,35.9,35.3,33.4,29.6,-3.63,-2.76,-0.05,0.028,-0.006,0.62,0.4,0,-0.01,-20,-1.1,,0,0,"none","Scheduled",0,,,"fastball",53.4,"slider",21,,3.5433070866141736,14.754098360655739,"fastball",53.4,"changeup",19.8,,4.068627450980393,18.863636363636363,92,"Extra Rest",76.66666666666667,"Extra Rest","R","R",10,18.1,11.1,25.1,3,5378.888888888889,890,0,4853.333333333333,816.6666666666666,0,,,,,,,,,22.5,14.9,17.8,25,97,106,98
"823685","2026-07-10","Zach Neto","Los Angeles Angels",1,"R","SS",0.234,0.327,0.46,0.787,0.341,0.226,410,84,20,2,19,31.7,10.5,0.321,0.923,0.536,15,9,4,0.746,0.908,0.439,0.523,32.7,28.8,67,67,33,,"Zebby Matthews","R",0.252,0.223,0.465,0.437,"8:10 PM ET","Minnesota Twins","Los Angeles Angels","Target Field","Zebby Matthews",4.43,1.16,20.5,6.4,4,5,"61.0",51,10,6.10,5.5,100,-124,"rotowire","Grayson Rodriguez",8.06,1.83,19.5,12.2,2,2,"25.2",24,6,4.28,4.5,121,-154,"rotowire",5.28,"Alta",18.1,4.66,"Alta",25.1,4.9,0.736,0.322,0.414,20.3,4.5,0.708,0.315,0.393,24.9,31.7,29,4.8,243,1012.5,1,"Cielo Despejado",31.4,0.256,0.761,0.323,0.438,4.5,93,0.225,0.674,0.321,0.353,4.5,25,0.239,0.702,0.313,0.389,4.5,74,0.24,0.723,0.319,0.404,4.5,33,6,79,276,26,47,230,10,18.1,3,8,5,11.1,25.1,5,9,3,4.46,5.18,3.69,3.81,40,12.8,38.3,31.7,20.5,6.4,10.9,28.4,,5,1.1,6.1,25.4,90,5,7,5,4.7,7,6,20,25,26,25,,,,93,6.1,5.75,25.4,53.4,21,13.6,12.2,0,"Victor Caratini",2.794710975420558,23.7,5.9,5.7,20,4.7,0,0,7.22,5.23,4.42,4.61,51.8,10.8,33.7,27.7,19.5,12.2,9.7,26.5,,4,1.79,4.4,20.4,83,1,6,3,2.3,5.3,3.7,12,25,21,26.1,,,,75,4,4.05,20.4,53.4,12.3,14.4,19.8,0,"Logan O'Hoppe",-8.293798439408969,19.3,3.8,3.3,12,2.3,1,1,0.323,0.311,0.167,0.293,36.7,7.5,74.9,21.7,20.5,74.9,25.1,18,35.2,31.1,32.1,35.2,0.311,0.317,0.153,0.301,40.4,10,73.1,25,25.1,73.1,26.9,20.2,35.9,35.3,33.4,29.6,-3.63,-2.76,-0.05,0.028,-0.006,0.62,0.4,0,-0.01,-20,-1.1,,0,0,"none","Scheduled",0,,,"fastball",53.4,"slider",21,,3.5433070866141736,14.754098360655739,"fastball",53.4,"changeup",19.8,,4.068627450980393,18.863636363636363,92,"Extra Rest",76.66666666666667,"Extra Rest","R","R",10,18.1,11.1,25.1,3,5378.888888888889,890,0,4853.333333333333,816.6666666666666,0,,,,,,,,,22.5,14.9,17.8,25,97,106,98
"823685","2026-07-10","Jo Adell","Los Angeles Angels",2,"R","RF",0.252,0.297,0.407,0.704,0.308,0.155,387,91,15,1,13,22,2.8,0.348,1.009,0.609,14,8,2,0.621,0.911,0.345,0.563,23.6,17.9,73.7,73.7,26.3,,"Zebby Matthews","R",0.252,0.223,0.465,0.437,"8:10 PM ET","Minnesota Twins","Los Angeles Angels","Target Field","Zebby Matthews",4.43,1.16,20.5,6.4,4,5,"61.0",51,10,6.10,5.5,100,-124,"rotowire","Grayson Rodriguez",8.06,1.83,19.5,12.2,2,2,"25.2",24,6,4.28,4.5,121,-154,"rotowire",5.28,"Alta",18.1,4.66,"Alta",25.1,4.9,0.736,0.322,0.414,20.3,4.5,0.708,0.315,0.393,24.9,31.7,29,4.8,243,1012.5,1,"Cielo Despejado",31.4,0.256,0.761,0.323,0.438,4.5,93,0.225,0.674,0.321,0.353,4.5,25,0.239,0.702,0.313,0.389,4.5,74,0.24,0.723,0.319,0.404,4.5,33,6,79,276,26,47,230,10,18.1,3,8,5,11.1,25.1,5,9,3,4.46,5.18,3.69,3.81,40,12.8,38.3,31.7,20.5,6.4,10.9,28.4,,5,1.1,6.1,25.4,90,5,7,5,4.7,7,6,20,25,26,25,,,,93,6.1,5.75,25.4,53.4,21,13.6,12.2,0,"Victor Caratini",2.794710975420558,23.7,5.9,5.7,20,4.7,0,0,7.22,5.23,4.42,4.61,51.8,10.8,33.7,27.7,19.5,12.2,9.7,26.5,,4,1.79,4.4,20.4,83,1,6,3,2.3,5.3,3.7,12,25,21,26.1,,,,75,4,4.05,20.4,53.4,12.3,14.4,19.8,0,"Logan O'Hoppe",-8.293798439408969,19.3,3.8,3.3,12,2.3,1,1,0.323,0.311,0.167,0.293,36.7,7.5,74.9,21.7,20.5,74.9,25.1,18,35.2,31.1,32.1,35.2,0.311,0.317,0.153,0.301,40.4,10,73.1,25,25.1,73.1,26.9,20.2,35.9,35.3,33.4,29.6,-3.63,-2.76,-0.05,0.028,-0.006,0.62,0.4,0,-0.01,-20,-1.1,,0,0,"none","Scheduled",0,,,"fastball",53.4,"slider",21,,3.5433070866141736,14.754098360655739,"fastball",53.4,"changeup",19.8,,4.068627450980393,18.863636363636363,92,"Extra Rest",76.66666666666667,"Extra Rest","R","R",10,18.1,11.1,25.1,3,5378.888888888889,890,0,4853.333333333333,816.6666666666666,0,,,,,,,,,22.5,14.9,17.8,25,97,106,98
"823685","2026-07-10","Mike Trout","Los Angeles Angels",3,"R","CF",0.23,0.388,0.471,0.859,0.37,0.241,345,63,12,0,18,24.9,19.4,0.267,0.966,0.633,19,8,5,0.86,0.858,0.476,0.456,24.8,25.3,76.7,76.7,23.3,,"Zebby Matthews","R",0.252,0.223,0.465,0.437,"8:10 PM ET","Minnesota Twins","Los Angeles Angels","Target Field","Zebby Matthews",4.43,1.16,20.5,6.4,4,5,"61.0",51,10,6.10,5.5,100,-124,"rotowire","Grayson Rodriguez",8.06,1.83,19.5,12.2,2,2,"25.2",24,6,4.28,4.5,121,-154,"rotowire",5.28,"Alta",18.1,4.66,"Alta",25.1,4.9,0.736,0.322,0.414,20.3,4.5,0.708,0.315,0.393,24.9,31.7,29,4.8,243,1012.5,1,"Cielo Despejado",31.4,0.256,0.761,0.323,0.438,4.5,93,0.225,0.674,0.321,0.353,4.5,25,0.239,0.702,0.313,0.389,4.5,74,0.24,0.723,0.319,0.404,4.5,33,6,79,276,26,47,230,10,18.1,3,8,5,11.1,25.1,5,9,3,4.46,5.18,3.69,3.81,40,12.8,38.3,31.7,20.5,6.4,10.9,28.4,,5,1.1,6.1,25.4,90,5,7,5,4.7,7,6,20,25,26,25,,,,93,6.1,5.75,25.4,53.4,21,13.6,12.2,0,"Victor Caratini",2.794710975420558,23.7,5.9,5.7,20,4.7,0,0,7.22,5.23,4.42,4.61,51.8,10.8,33.7,27.7,19.5,12.2,9.7,26.5,,4,1.79,4.4,20.4,83,1,6,3,2.3,5.3,3.7,12,25,21,26.1,,,,75,4,4.05,20.4,53.4,12.3,14.4,19.8,0,"Logan O'Hoppe",-8.293798439408969,19.3,3.8,3.3,12,2.3,1,1,0.323,0.311,0.167,0.293,36.7,7.5,74.9,21.7,20.5,74.9,25.1,18,35.2,31.1,32.1,35.2,0.311,0.317,0.153,0.301,40.4,10,73.1,25,25.1,73.1,26.9,20.2,35.9,35.3,33.4,29.6,-3.63,-2.76,-0.05,0.028,-0.006,0.62,0.4,0,-0.01,-20,-1.1,,0,0,"none","Scheduled",0,,,"fastball",53.4,"slider",21,,3.5433070866141736,14.754098360655739,"fastball",53.4,"changeup",19.8,,4.068627450980393,18.863636363636363,92,"Extra Rest",76.66666666666667,"Extra Rest","R","R",10,18.1,11.1,25.1,3,5378.888888888889,890,0,4853.333333333333,816.6666666666666,0,,,,,,,,,22.5,14.9,17.8,25,97,106,98
"823685","2026-07-10","Nolan Schanuel","Los Angeles Angels",4,"L","1B",0.269,0.339,0.393,0.732,0.324,0.124,307,74,16,0,6,15,8.1,0.296,0.715,0.37,10,8,2,0.768,0.617,0.413,0.328,14.3,17.1,82.1,82.1,17.9,,"Zebby Matthews","R",0.252,0.223,0.465,0.437,"8:10 PM ET","Minnesota Twins","Los Angeles Angels","Target Field","Zebby Matthews",4.43,1.16,20.5,6.4,4,5,"61.0",51,10,6.10,5.5,100,-124,"rotowire","Grayson Rodriguez",8.06,1.83,19.5,12.2,2,2,"25.2",24,6,4.28,4.5,121,-154,"rotowire",5.28,"Alta",18.1,4.66,"Alta",25.1,4.9,0.736,0.322,0.414,20.3,4.5,0.708,0.315,0.393,24.9,31.7,29,4.8,243,1012.5,1,"Cielo Despejado",31.4,0.256,0.761,0.323,0.438,4.5,93,0.225,0.674,0.321,0.353,4.5,25,0.239,0.702,0.313,0.389,4.5,74,0.24,0.723,0.319,0.404,4.5,33,6,79,276,26,47,230,10,18.1,3,8,5,11.1,25.1,5,9,3,4.46,5.18,3.69,3.81,40,12.8,38.3,31.7,20.5,6.4,10.9,28.4,,5,1.1,6.1,25.4,90,5,7,5,4.7,7,6,20,25,26,25,,,,93,6.1,5.75,25.4,53.4,21,13.6,12.2,0,"Victor Caratini",2.794710975420558,23.7,5.9,5.7,20,4.7,0,0,7.22,5.23,4.42,4.61,51.8,10.8,33.7,27.7,19.5,12.2,9.7,26.5,,4,1.79,4.4,20.4,83,1,6,3,2.3,5.3,3.7,12,25,21,26.1,,,,75,4,4.05,20.4,53.4,12.3,14.4,19.8,0,"Logan O'Hoppe",-8.293798439408969,19.3,3.8,3.3,12,2.3,1,1,0.323,0.311,0.167,0.293,36.7,7.5,74.9,21.7,20.5,74.9,25.1,18,35.2,31.1,32.1,35.2,0.311,0.317,0.153,0.301,40.4,10,73.1,25,25.1,73.1,26.9,20.2,35.9,35.3,33.4,29.6,-3.63,-2.76,-0.05,0.028,-0.006,0.62,0.4,0,-0.01,-20,-1.1,,0,0,"none","Scheduled",0,,,"fastball",53.4,"slider",21,,3.5433070866141736,14.754098360655739,"fastball",53.4,"changeup",19.8,,4.068627450980393,18.863636363636363,92,"Extra Rest",76.66666666666667,"Extra Rest","R","R",10,18.1,11.1,25.1,3,5378.888888888889,890,0,4853.333333333333,816.6666666666666,0,,,,,,,,,22.5,14.9,17.8,25,97,106,98
"823685","2026-07-10","Jorge Soler","Los Angeles Angels",5,"R","DH",0.215,0.3,0.392,0.692,0.307,0.177,297,56,11,1,11,31.6,9.8,0.148,0.392,0.185,5,4,1,0.707,0.644,0.413,0.328,33,27.6,63.9,63.9,36.1,,"Zebby Matthews","R",0.252,0.223,0.465,0.437,"8:10 PM ET","Minnesota Twins","Los Angeles Angels","Target Field","Zebby Matthews",4.43,1.16,20.5,6.4,4,5,"61.0",51,10,6.10,5.5,100,-124,"rotowire","Grayson Rodriguez",8.06,1.83,19.5,12.2,2,2,"25.2",24,6,4.28,4.5,121,-154,"rotowire",5.28,"Alta",18.1,4.66,"Alta",25.1,4.9,0.736,0.322,0.414,20.3,4.5,0.708,0.315,0.393,24.9,31.7,29,4.8,243,1012.5,1,"Cielo Despejado",31.4,0.256,0.761,0.323,0.438,4.5,93,0.225,0.674,0.321,0.353,4.5,25,0.239,0.702,0.313,0.389,4.5,74,0.24,0.723,0.319,0.404,4.5,33,6,79,276,26,47,230,10,18.1,3,8,5,11.1,25.1,5,9,3,4.46,5.18,3.69,3.81,40,12.8,38.3,31.7,20.5,6.4,10.9,28.4,,5,1.1,6.1,25.4,90,5,7,5,4.7,7,6,20,25,26,25,,,,93,6.1,5.75,25.4,53.4,21,13.6,12.2,0,"Victor Caratini",2.794710975420558,23.7,5.9,5.7,20,4.7,0,0,7.22,5.23,4.42,4.61,51.8,10.8,33.7,27.7,19.5,12.2,9.7,26.5,,4,1.79,4.4,20.4,83,1,6,3,2.3,5.3,3.7,12,25,21,26.1,,,,75,4,4.05,20.4,53.4,12.3,14.4,19.8,0,"Logan O'Hoppe",-8.293798439408969,19.3,3.8,3.3,12,2.3,1,1,0.323,0.311,0.167,0.293,36.7,7.5,74.9,21.7,20.5,74.9,25.1,18,35.2,31.1,32.1,35.2,0.311,0.317,0.153,0.301,40.4,10,73.1,25,25.1,73.1,26.9,20.2,35.9,35.3,33.4,29.6,-3.63,-2.76,-0.05,0.028,-0.006,0.62,0.4,0,-0.01,-20,-1.1,,0,0,"none","Scheduled",0,,,"fastball",53.4,"slider",21,,3.5433070866141736,14.754098360655739,"fastball",53.4,"changeup",19.8,,4.068627450980393,18.863636363636363,92,"Extra Rest",76.66666666666667,"Extra Rest","R","R",10,18.1,11.1,25.1,3,5378.888888888889,890,0,4853.333333333333,816.6666666666666,0,,,,,,,,,22.5,14.9,17.8,25,97,106,98
"823685","2026-07-10","Oswald Peraza","Los Angeles Angels",6,"R","2B",0.241,0.283,0.383,0.666,0.291,0.142,270,61,11,2,7,28.9,3.3,0.048,0.096,0.048,1,1,0,0.587,0.806,0.311,0.511,27.6,31.3,70.7,70.7,29.3,,"Zebby Matthews","R",0.252,0.223,0.465,0.437,"8:10 PM ET","Minnesota Twins","Los Angeles Angels","Target Field","Zebby Matthews",4.43,1.16,20.5,6.4,4,5,"61.0",51,10,6.10,5.5,100,-124,"rotowire","Grayson Rodriguez",8.06,1.83,19.5,12.2,2,2,"25.2",24,6,4.28,4.5,121,-154,"rotowire",5.28,"Alta",18.1,4.66,"Alta",25.1,4.9,0.736,0.322,0.414,20.3,4.5,0.708,0.315,0.393,24.9,31.7,29,4.8,243,1012.5,1,"Cielo Despejado",31.4,0.256,0.761,0.323,0.438,4.5,93,0.225,0.674,0.321,0.353,4.5,25,0.239,0.702,0.313,0.389,4.5,74,0.24,0.723,0.319,0.404,4.5,33,6,79,276,26,47,230,10,18.1,3,8,5,11.1,25.1,5,9,3,4.46,5.18,3.69,3.81,40,12.8,38.3,31.7,20.5,6.4,10.9,28.4,,5,1.1,6.1,25.4,90,5,7,5,4.7,7,6,20,25,26,25,,,,93,6.1,5.75,25.4,53.4,21,13.6,12.2,0,"Victor Caratini",2.794710975420558,23.7,5.9,5.7,20,4.7,0,0,7.22,5.23,4.42,4.61,51.8,10.8,33.7,27.7,19.5,12.2,9.7,26.5,,4,1.79,4.4,20.4,83,1,6,3,2.3,5.3,3.7,12,25,21,26.1,,,,75,4,4.05,20.4,53.4,12.3,14.4,19.8,0,"Logan O'Hoppe",-8.293798439408969,19.3,3.8,3.3,12,2.3,1,1,0.323,0.311,0.167,0.293,36.7,7.5,74.9,21.7,20.5,74.9,25.1,18,35.2,31.1,32.1,35.2,0.311,0.317,0.153,0.301,40.4,10,73.1,25,25.1,73.1,26.9,20.2,35.9,35.3,33.4,29.6,-3.63,-2.76,-0.05,0.028,-0.006,0.62,0.4,0,-0.01,-20,-1.1,,0,0,"none","Scheduled",0,,,"fastball",53.4,"slider",21,,3.5433070866141736,14.754098360655739,"fastball",53.4,"changeup",19.8,,4.068627450980393,18.863636363636363,92,"Extra Rest",76.66666666666667,"Extra Rest","R","R",10,18.1,11.1,25.1,3,5378.888888888889,890,0,4853.333333333333,816.6666666666666,0,,,,,,,,,22.5,14.9,17.8,25,97,106,98
"823685","2026-07-10","Logan O'Hoppe","Los Angeles Angels",7,"R","C",0.22,0.281,0.317,0.598,0.268,0.097,225,45,8,0,4,24.9,6.7,0.13,0.297,0.13,3,3,0,0.57,0.672,0.311,0.333,26.4,21,72.8,72.8,27.2,,"Zebby Matthews","R",0.252,0.223,0.465,0.437,"8:10 PM ET","Minnesota Twins","Los Angeles Angels","Target Field","Zebby Matthews",4.43,1.16,20.5,6.4,4,5,"61.0",51,10,6.10,5.5,100,-124,"rotowire","Grayson Rodriguez",8.06,1.83,19.5,12.2,2,2,"25.2",24,6,4.28,4.5,121,-154,"rotowire",5.28,"Alta",18.1,4.66,"Alta",25.1,4.9,0.736,0.322,0.414,20.3,4.5,0.708,0.315,0.393,24.9,31.7,29,4.8,243,1012.5,1,"Cielo Despejado",31.4,0.256,0.761,0.323,0.438,4.5,93,0.225,0.674,0.321,0.353,4.5,25,0.239,0.702,0.313,0.389,4.5,74,0.24,0.723,0.319,0.404,4.5,33,6,79,276,26,47,230,10,18.1,3,8,5,11.1,25.1,5,9,3,4.46,5.18,3.69,3.81,40,12.8,38.3,31.7,20.5,6.4,10.9,28.4,,5,1.1,6.1,25.4,90,5,7,5,4.7,7,6,20,25,26,25,,,,93,6.1,5.75,25.4,53.4,21,13.6,12.2,0,"Victor Caratini",2.794710975420558,23.7,5.9,5.7,20,4.7,0,0,7.22,5.23,4.42,4.61,51.8,10.8,33.7,27.7,19.5,12.2,9.7,26.5,,4,1.79,4.4,20.4,83,1,6,3,2.3,5.3,3.7,12,25,21,26.1,,,,75,4,4.05,20.4,53.4,12.3,14.4,19.8,0,"Logan O'Hoppe",-8.293798439408969,19.3,3.8,3.3,12,2.3,1,1,0.323,0.311,0.167,0.293,36.7,7.5,74.9,21.7,20.5,74.9,25.1,18,35.2,31.1,32.1,35.2,0.311,0.317,0.153,0.301,40.4,10,73.1,25,25.1,73.1,26.9,20.2,35.9,35.3,33.4,29.6,-3.63,-2.76,-0.05,0.028,-0.006,0.62,0.4,0,-0.01,-20,-1.1,,0,0,"none","Scheduled",0,,,"fastball",53.4,"slider",21,,3.5433070866141736,14.754098360655739,"fastball",53.4,"changeup",19.8,,4.068627450980393,18.863636363636363,92,"Extra Rest",76.66666666666667,"Extra Rest","R","R",10,18.1,11.1,25.1,3,5378.888888888889,890,0,4853.333333333333,816.6666666666666,0,,,,,,,,,22.5,14.9,17.8,25,97,106,98
"823685","2026-07-10","Vaughn Grissom","Los Angeles Angels",8,"R","2B",0.249,0.323,0.379,0.702,0.314,0.13,202,44,11,0,4,13.9,8.4,0.333,0.735,0.375,9,8,1,0.724,0.663,0.418,0.313,15.7,11.1,80.6,80.6,19.4,,"Zebby Matthews","R",0.252,0.223,0.465,0.437,"8:10 PM ET","Minnesota Twins","Los Angeles Angels","Target Field","Zebby Matthews",4.43,1.16,20.5,6.4,4,5,"61.0",51,10,6.10,5.5,100,-124,"rotowire","Grayson Rodriguez",8.06,1.83,19.5,12.2,2,2,"25.2",24,6,4.28,4.5,121,-154,"rotowire",5.28,"Alta",18.1,4.66,"Alta",25.1,4.9,0.736,0.322,0.414,20.3,4.5,0.708,0.315,0.393,24.9,31.7,29,4.8,243,1012.5,1,"Cielo Despejado",31.4,0.256,0.761,0.323,0.438,4.5,93,0.225,0.674,0.321,0.353,4.5,25,0.239,0.702,0.313,0.389,4.5,74,0.24,0.723,0.319,0.404,4.5,33,6,79,276,26,47,230,10,18.1,3,8,5,11.1,25.1,5,9,3,4.46,5.18,3.69,3.81,40,12.8,38.3,31.7,20.5,6.4,10.9,28.4,,5,1.1,6.1,25.4,90,5,7,5,4.7,7,6,20,25,26,25,,,,93,6.1,5.75,25.4,53.4,21,13.6,12.2,0,"Victor Caratini",2.794710975420558,23.7,5.9,5.7,20,4.7,0,0,7.22,5.23,4.42,4.61,51.8,10.8,33.7,27.7,19.5,12.2,9.7,26.5,,4,1.79,4.4,20.4,83,1,6,3,2.3,5.3,3.7,12,25,21,26.1,,,,75,4,4.05,20.4,53.4,12.3,14.4,19.8,0,"Logan O'Hoppe",-8.293798439408969,19.3,3.8,3.3,12,2.3,1,1,0.323,0.311,0.167,0.293,36.7,7.5,74.9,21.7,20.5,74.9,25.1,18,35.2,31.1,32.1,35.2,0.311,0.317,0.153,0.301,40.4,10,73.1,25,25.1,73.1,26.9,20.2,35.9,35.3,33.4,29.6,-3.63,-2.76,-0.05,0.028,-0.006,0.62,0.4,0,-0.01,-20,-1.1,,0,0,"none","Scheduled",0,,,"fastball",53.4,"slider",21,,3.5433070866141736,14.754098360655739,"fastball",53.4,"changeup",19.8,,4.068627450980393,18.863636363636363,92,"Extra Rest",76.66666666666667,"Extra Rest","R","R",10,18.1,11.1,25.1,3,5378.888888888889,890,0,4853.333333333333,816.6666666666666,0,,,,,,,,,22.5,14.9,17.8,25,97,106,98
"823685","2026-07-10","Josh Lowe","Los Angeles Angels",9,"L","LF",0.211,0.25,0.361,0.611,0.267,0.15,177,35,4,0,7,28.2,4.5,0.174,0.512,0.304,7,4,1,0.655,0.393,0.391,0.214,27.7,31,70.4,70.4,29.6,,"Zebby Matthews","R",0.252,0.223,0.465,0.437,"8:10 PM ET","Minnesota Twins","Los Angeles Angels","Target Field","Zebby Matthews",4.43,1.16,20.5,6.4,4,5,"61.0",51,10,6.10,5.5,100,-124,"rotowire","Grayson Rodriguez",8.06,1.83,19.5,12.2,2,2,"25.2",24,6,4.28,4.5,121,-154,"rotowire",5.28,"Alta",18.1,4.66,"Alta",25.1,4.9,0.736,0.322,0.414,20.3,4.5,0.708,0.315,0.393,24.9,31.7,29,4.8,243,1012.5,1,"Cielo Despejado",31.4,0.256,0.761,0.323,0.438,4.5,93,0.225,0.674,0.321,0.353,4.5,25,0.239,0.702,0.313,0.389,4.5,74,0.24,0.723,0.319,0.404,4.5,33,6,79,276,26,47,230,10,18.1,3,8,5,11.1,25.1,5,9,3,4.46,5.18,3.69,3.81,40,12.8,38.3,31.7,20.5,6.4,10.9,28.4,,5,1.1,6.1,25.4,90,5,7,5,4.7,7,6,20,25,26,25,,,,93,6.1,5.75,25.4,53.4,21,13.6,12.2,0,"Victor Caratini",2.794710975420558,23.7,5.9,5.7,20,4.7,0,0,7.22,5.23,4.42,4.61,51.8,10.8,33.7,27.7,19.5,12.2,9.7,26.5,,4,1.79,4.4,20.4,83,1,6,3,2.3,5.3,3.7,12,25,21,26.1,,,,75,4,4.05,20.4,53.4,12.3,14.4,19.8,0,"Logan O'Hoppe",-8.293798439408969,19.3,3.8,3.3,12,2.3,1,1,0.323,0.311,0.167,0.293,36.7,7.5,74.9,21.7,20.5,74.9,25.1,18,35.2,31.1,32.1,35.2,0.311,0.317,0.153,0.301,40.4,10,73.1,25,25.1,73.1,26.9,20.2,35.9,35.3,33.4,29.6,-3.63,-2.76,-0.05,0.028,-0.006,0.62,0.4,0,-0.01,-20,-1.1,,0,0,"none","Scheduled",0,,,"fastball",53.4,"slider",21,,3.5433070866141736,14.754098360655739,"fastball",53.4,"changeup",19.8,,4.068627450980393,18.863636363636363,92,"Extra Rest",76.66666666666667,"Extra Rest","R","R",10,18.1,11.1,25.1,3,5378.888888888889,890,0,4853.333333333333,816.6666666666666,0,,,,,,,,,22.5,14.9,17.8,25,97,106,98
"823033","2026-07-10","Iván Herrera","St. Louis Cardinals",1,"R","DH",0.249,0.384,0.395,0.779,0.349,0.146,411,83,14,1,11,16.5,12.4,0.125,0.472,0.25,6,3,1,0.753,0.841,0.388,0.412,17.9,13.5,80.4,80.4,19.6,,"Chris Sale","L",0.22,0.234,0.297,0.336,"8:15 PM ET","St. Louis Cardinals","Atlanta Braves","Busch Stadium","Kyle Leahy",3.86,1.45,19.3,8.7,7,4,"86.1",73,17,5.08,3.5,-155,121,"rotowire","Chris Sale",2.27,1.12,28.6,6.1,9,6,"95.0",112,16,5.94,6.5,120,-153,"rotowire",4.31,"Alta",21.1,3.11,"Alta",22,4.6,0.713,0.32,0.393,18.8,4.9,0.728,0.314,0.414,20.8,26,78,12.7,7,1011,24,"Parcialmente Nublado",29,0.242,0.714,0.318,0.396,4.5,76,0.249,0.713,0.325,0.388,4.5,29,0.254,0.741,0.319,0.422,4.5,81,0.24,0.705,0.304,0.401,4.5,39,6,77,249,6,98,293,10.1,21.1,3,6,5,9,22,5,9,3,5.56,4.18,3.81,4.33,50.4,11.3,43.6,23.3,19.3,8.7,10,26.9,,5.2,1.33,5.5,21.8,81,6,5,3,5,5,6.3,20,20,23,20.7,,,,83,5.2,4.82,21.8,41.7,28.9,16.1,13.3,0,"Pedro Pagés",2.17879551556017,21.0,5.4,4.7,20,5,0,0,3.44,2.98,2.7,3.02,32.8,5.7,45.7,23.1,28.6,6.1,14.5,32.2,,6.4,2.24,5.6,25.4,101,3,10,7,5,6,5.7,24,26,23,35.6,,,,101,5.2,6.7,25.4,48.8,39.2,0,12.1,0,"Drake Baldwin",1.5026667510805707,24.3,5.6,6.7,23,5,0,0,0.315,0.327,0.149,0.285,41.5,7.5,78.4,16.9,17.6,78.4,21.6,17.8,28.1,22.8,27.5,29.8,0.319,0.327,0.165,0.29,42.1,9.2,75.8,21.3,21.6,75.8,24.2,19.1,31.3,32.2,28.8,28,1.59,2.12,1.2,-0.015,0,1.2,-0.3,0,0.02,0,1.1,,0,0,"none","Scheduled",0,,,"fastball",41.7,"slider",28.9,,3.715596330275229,14.727272727272727,"fastball",48.8,"slider",39.2,,3.9763779527559056,18.03571428571429,83,"Extra Rest",97.66666666666667,"Extra Rest","R","L",10.1,21.1,9,22,3,5908.888888888889,821.1111111111111,0,5442.222222222223,763.3333333333334,0,,,,,,,,,19.1,32.3,19.6,27.3,90,94,76
"823033","2026-07-10","JJ Wetherholt","St. Louis Cardinals",2,"L","2B",0.267,0.362,0.411,0.773,0.342,0.144,395,91,10,0,13,15.4,9.6,0.333,0.938,0.519,14,9,3,0.785,0.748,0.426,0.381,16,14.4,79.9,79.9,20.1,,"Chris Sale","L",0.22,0.234,0.297,0.336,"8:15 PM ET","St. Louis Cardinals","Atlanta Braves","Busch Stadium","Kyle Leahy",3.86,1.45,19.3,8.7,7,4,"86.1",73,17,5.08,3.5,-155,121,"rotowire","Chris Sale",2.27,1.12,28.6,6.1,9,6,"95.0",112,16,5.94,6.5,120,-153,"rotowire",4.31,"Alta",21.1,3.11,"Alta",22,4.6,0.713,0.32,0.393,18.8,4.9,0.728,0.314,0.414,20.8,26,78,12.7,7,1011,24,"Parcialmente Nublado",29,0.242,0.714,0.318,0.396,4.5,76,0.249,0.713,0.325,0.388,4.5,29,0.254,0.741,0.319,0.422,4.5,81,0.24,0.705,0.304,0.401,4.5,39,6,77,249,6,98,293,10.1,21.1,3,6,5,9,22,5,9,3,5.56,4.18,3.81,4.33,50.4,11.3,43.6,23.3,19.3,8.7,10,26.9,,5.2,1.33,5.5,21.8,81,6,5,3,5,5,6.3,20,20,23,20.7,,,,83,5.2,4.82,21.8,41.7,28.9,16.1,13.3,0,"Pedro Pagés",2.17879551556017,21.0,5.4,4.7,20,5,0,0,3.44,2.98,2.7,3.02,32.8,5.7,45.7,23.1,28.6,6.1,14.5,32.2,,6.4,2.24,5.6,25.4,101,3,10,7,5,6,5.7,24,26,23,35.6,,,,101,5.2,6.7,25.4,48.8,39.2,0,12.1,0,"Drake Baldwin",1.5026667510805707,24.3,5.6,6.7,23,5,0,0,0.315,0.327,0.149,0.285,41.5,7.5,78.4,16.9,17.6,78.4,21.6,17.8,28.1,22.8,27.5,29.8,0.319,0.327,0.165,0.29,42.1,9.2,75.8,21.3,21.6,75.8,24.2,19.1,31.3,32.2,28.8,28,1.59,2.12,1.2,-0.015,0,1.2,-0.3,0,0.02,0,1.1,,0,0,"none","Scheduled",0,,,"fastball",41.7,"slider",28.9,,3.715596330275229,14.727272727272727,"fastball",48.8,"slider",39.2,,3.9763779527559056,18.03571428571429,83,"Extra Rest",97.66666666666667,"Extra Rest","R","L",10.1,21.1,9,22,3,5908.888888888889,821.1111111111111,0,5442.222222222223,763.3333333333334,0,,,,,,,,,19.1,32.3,19.6,27.3,90,94,76
"823033","2026-07-10","Alec Burleson","St. Louis Cardinals",3,"L","1B",0.278,0.341,0.476,0.817,0.352,0.198,387,97,22,1,15,15.2,8,0.304,0.855,0.522,12,7,3,0.96,0.492,0.567,0.275,16.5,12.2,78.9,78.9,21.1,,"Chris Sale","L",0.22,0.234,0.297,0.336,"8:15 PM ET","St. Louis Cardinals","Atlanta Braves","Busch Stadium","Kyle Leahy",3.86,1.45,19.3,8.7,7,4,"86.1",73,17,5.08,3.5,-155,121,"rotowire","Chris Sale",2.27,1.12,28.6,6.1,9,6,"95.0",112,16,5.94,6.5,120,-153,"rotowire",4.31,"Alta",21.1,3.11,"Alta",22,4.6,0.713,0.32,0.393,18.8,4.9,0.728,0.314,0.414,20.8,26,78,12.7,7,1011,24,"Parcialmente Nublado",29,0.242,0.714,0.318,0.396,4.5,76,0.249,0.713,0.325,0.388,4.5,29,0.254,0.741,0.319,0.422,4.5,81,0.24,0.705,0.304,0.401,4.5,39,6,77,249,6,98,293,10.1,21.1,3,6,5,9,22,5,9,3,5.56,4.18,3.81,4.33,50.4,11.3,43.6,23.3,19.3,8.7,10,26.9,,5.2,1.33,5.5,21.8,81,6,5,3,5,5,6.3,20,20,23,20.7,,,,83,5.2,4.82,21.8,41.7,28.9,16.1,13.3,0,"Pedro Pagés",2.17879551556017,21.0,5.4,4.7,20,5,0,0,3.44,2.98,2.7,3.02,32.8,5.7,45.7,23.1,28.6,6.1,14.5,32.2,,6.4,2.24,5.6,25.4,101,3,10,7,5,6,5.7,24,26,23,35.6,,,,101,5.2,6.7,25.4,48.8,39.2,0,12.1,0,"Drake Baldwin",1.5026667510805707,24.3,5.6,6.7,23,5,0,0,0.315,0.327,0.149,0.285,41.5,7.5,78.4,16.9,17.6,78.4,21.6,17.8,28.1,22.8,27.5,29.8,0.319,0.327,0.165,0.29,42.1,9.2,75.8,21.3,21.6,75.8,24.2,19.1,31.3,32.2,28.8,28,1.59,2.12,1.2,-0.015,0,1.2,-0.3,0,0.02,0,1.1,,0,0,"none","Scheduled",0,,,"fastball",41.7,"slider",28.9,,3.715596330275229,14.727272727272727,"fastball",48.8,"slider",39.2,,3.9763779527559056,18.03571428571429,83,"Extra Rest",97.66666666666667,"Extra Rest","R","L",10.1,21.1,9,22,3,5908.888888888889,821.1111111111111,0,5442.222222222223,763.3333333333334,0,,,,,,,,,19.1,32.3,19.6,27.3,90,94,76
"823033","2026-07-10","Jordan Walker","St. Louis Cardinals",4,"R","RF",0.294,0.354,0.539,0.893,0.383,0.245,384,102,19,0,22,25.3,8.1,0.348,1.27,0.826,19,8,5,0.863,0.98,0.525,0.58,27.1,20,69.1,69.1,30.9,,"Chris Sale","L",0.22,0.234,0.297,0.336,"8:15 PM ET","St. Louis Cardinals","Atlanta Braves","Busch Stadium","Kyle Leahy",3.86,1.45,19.3,8.7,7,4,"86.1",73,17,5.08,3.5,-155,121,"rotowire","Chris Sale",2.27,1.12,28.6,6.1,9,6,"95.0",112,16,5.94,6.5,120,-153,"rotowire",4.31,"Alta",21.1,3.11,"Alta",22,4.6,0.713,0.32,0.393,18.8,4.9,0.728,0.314,0.414,20.8,26,78,12.7,7,1011,24,"Parcialmente Nublado",29,0.242,0.714,0.318,0.396,4.5,76,0.249,0.713,0.325,0.388,4.5,29,0.254,0.741,0.319,0.422,4.5,81,0.24,0.705,0.304,0.401,4.5,39,6,77,249,6,98,293,10.1,21.1,3,6,5,9,22,5,9,3,5.56,4.18,3.81,4.33,50.4,11.3,43.6,23.3,19.3,8.7,10,26.9,,5.2,1.33,5.5,21.8,81,6,5,3,5,5,6.3,20,20,23,20.7,,,,83,5.2,4.82,21.8,41.7,28.9,16.1,13.3,0,"Pedro Pagés",2.17879551556017,21.0,5.4,4.7,20,5,0,0,3.44,2.98,2.7,3.02,32.8,5.7,45.7,23.1,28.6,6.1,14.5,32.2,,6.4,2.24,5.6,25.4,101,3,10,7,5,6,5.7,24,26,23,35.6,,,,101,5.2,6.7,25.4,48.8,39.2,0,12.1,0,"Drake Baldwin",1.5026667510805707,24.3,5.6,6.7,23,5,0,0,0.315,0.327,0.149,0.285,41.5,7.5,78.4,16.9,17.6,78.4,21.6,17.8,28.1,22.8,27.5,29.8,0.319,0.327,0.165,0.29,42.1,9.2,75.8,21.3,21.6,75.8,24.2,19.1,31.3,32.2,28.8,28,1.59,2.12,1.2,-0.015,0,1.2,-0.3,0,0.02,0,1.1,,0,0,"none","Scheduled",0,,,"fastball",41.7,"slider",28.9,,3.715596330275229,14.727272727272727,"fastball",48.8,"slider",39.2,,3.9763779527559056,18.03571428571429,83,"Extra Rest",97.66666666666667,"Extra Rest","R","L",10.1,21.1,9,22,3,5908.888888888889,821.1111111111111,0,5442.222222222223,763.3333333333334,0,,,,,,,,,19.1,32.3,19.6,27.3,90,94,76
"823033","2026-07-10","Masyn Winn","St. Louis Cardinals",5,"R","SS",0.247,0.317,0.338,0.655,0.295,0.091,347,76,12,2,4,19,8.1,0.174,0.425,0.217,5,4,1,0.621,0.753,0.317,0.397,19.5,17.8,79.2,79.2,20.8,,"Chris Sale","L",0.22,0.234,0.297,0.336,"8:15 PM ET","St. Louis Cardinals","Atlanta Braves","Busch Stadium","Kyle Leahy",3.86,1.45,19.3,8.7,7,4,"86.1",73,17,5.08,3.5,-155,121,"rotowire","Chris Sale",2.27,1.12,28.6,6.1,9,6,"95.0",112,16,5.94,6.5,120,-153,"rotowire",4.31,"Alta",21.1,3.11,"Alta",22,4.6,0.713,0.32,0.393,18.8,4.9,0.728,0.314,0.414,20.8,26,78,12.7,7,1011,24,"Parcialmente Nublado",29,0.242,0.714,0.318,0.396,4.5,76,0.249,0.713,0.325,0.388,4.5,29,0.254,0.741,0.319,0.422,4.5,81,0.24,0.705,0.304,0.401,4.5,39,6,77,249,6,98,293,10.1,21.1,3,6,5,9,22,5,9,3,5.56,4.18,3.81,4.33,50.4,11.3,43.6,23.3,19.3,8.7,10,26.9,,5.2,1.33,5.5,21.8,81,6,5,3,5,5,6.3,20,20,23,20.7,,,,83,5.2,4.82,21.8,41.7,28.9,16.1,13.3,0,"Pedro Pagés",2.17879551556017,21.0,5.4,4.7,20,5,0,0,3.44,2.98,2.7,3.02,32.8,5.7,45.7,23.1,28.6,6.1,14.5,32.2,,6.4,2.24,5.6,25.4,101,3,10,7,5,6,5.7,24,26,23,35.6,,,,101,5.2,6.7,25.4,48.8,39.2,0,12.1,0,"Drake Baldwin",1.5026667510805707,24.3,5.6,6.7,23,5,0,0,0.315,0.327,0.149,0.285,41.5,7.5,78.4,16.9,17.6,78.4,21.6,17.8,28.1,22.8,27.5,29.8,0.319,0.327,0.165,0.29,42.1,9.2,75.8,21.3,21.6,75.8,24.2,19.1,31.3,32.2,28.8,28,1.59,2.12,1.2,-0.015,0,1.2,-0.3,0,0.02,0,1.1,,0,0,"none","Scheduled",0,,,"fastball",41.7,"slider",28.9,,3.715596330275229,14.727272727272727,"fastball",48.8,"slider",39.2,,3.9763779527559056,18.03571428571429,83,"Extra Rest",97.66666666666667,"Extra Rest","R","L",10.1,21.1,9,22,3,5908.888888888889,821.1111111111111,0,5442.222222222223,763.3333333333334,0,,,,,,,,,19.1,32.3,19.6,27.3,90,94,76
"823033","2026-07-10","Nathan Church","St. Louis Cardinals",6,"L","LF",0.241,0.285,0.392,0.677,0.296,0.151,249,56,9,1,8,21.3,5.2,0.091,0.258,0.091,2,2,0,0.679,0.67,0.395,0.382,22.1,18.6,77.3,77.3,22.7,,"Chris Sale","L",0.22,0.234,0.297,0.336,"8:15 PM ET","St. Louis Cardinals","Atlanta Braves","Busch Stadium","Kyle Leahy",3.86,1.45,19.3,8.7,7,4,"86.1",73,17,5.08,3.5,-155,121,"rotowire","Chris Sale",2.27,1.12,28.6,6.1,9,6,"95.0",112,16,5.94,6.5,120,-153,"rotowire",4.31,"Alta",21.1,3.11,"Alta",22,4.6,0.713,0.32,0.393,18.8,4.9,0.728,0.314,0.414,20.8,26,78,12.7,7,1011,24,"Parcialmente Nublado",29,0.242,0.714,0.318,0.396,4.5,76,0.249,0.713,0.325,0.388,4.5,29,0.254,0.741,0.319,0.422,4.5,81,0.24,0.705,0.304,0.401,4.5,39,6,77,249,6,98,293,10.1,21.1,3,6,5,9,22,5,9,3,5.56,4.18,3.81,4.33,50.4,11.3,43.6,23.3,19.3,8.7,10,26.9,,5.2,1.33,5.5,21.8,81,6,5,3,5,5,6.3,20,20,23,20.7,,,,83,5.2,4.82,21.8,41.7,28.9,16.1,13.3,0,"Pedro Pagés",2.17879551556017,21.0,5.4,4.7,20,5,0,0,3.44,2.98,2.7,3.02,32.8,5.7,45.7,23.1,28.6,6.1,14.5,32.2,,6.4,2.24,5.6,25.4,101,3,10,7,5,6,5.7,24,26,23,35.6,,,,101,5.2,6.7,25.4,48.8,39.2,0,12.1,0,"Drake Baldwin",1.5026667510805707,24.3,5.6,6.7,23,5,0,0,0.315,0.327,0.149,0.285,41.5,7.5,78.4,16.9,17.6,78.4,21.6,17.8,28.1,22.8,27.5,29.8,0.319,0.327,0.165,0.29,42.1,9.2,75.8,21.3,21.6,75.8,24.2,19.1,31.3,32.2,28.8,28,1.59,2.12,1.2,-0.015,0,1.2,-0.3,0,0.02,0,1.1,,0,0,"none","Scheduled",0,,,"fastball",41.7,"slider",28.9,,3.715596330275229,14.727272727272727,"fastball",48.8,"slider",39.2,,3.9763779527559056,18.03571428571429,83,"Extra Rest",97.66666666666667,"Extra Rest","R","L",10.1,21.1,9,22,3,5908.888888888889,821.1111111111111,0,5442.222222222223,763.3333333333334,0,,,,,,,,,19.1,32.3,19.6,27.3,90,94,76
"823033","2026-07-10","José Fermín","St. Louis Cardinals",7,"R","LF",0.265,0.317,0.404,0.721,0.316,0.139,166,40,9,0,4,13.9,7.2,0.227,0.701,0.409,9,5,2,0.624,0.804,0.357,0.444,18.4,10,86.3,86.3,13.7,,"Chris Sale","L",0.22,0.234,0.297,0.336,"8:15 PM ET","St. Louis Cardinals","Atlanta Braves","Busch Stadium","Kyle Leahy",3.86,1.45,19.3,8.7,7,4,"86.1",73,17,5.08,3.5,-155,121,"rotowire","Chris Sale",2.27,1.12,28.6,6.1,9,6,"95.0",112,16,5.94,6.5,120,-153,"rotowire",4.31,"Alta",21.1,3.11,"Alta",22,4.6,0.713,0.32,0.393,18.8,4.9,0.728,0.314,0.414,20.8,26,78,12.7,7,1011,24,"Parcialmente Nublado",29,0.242,0.714,0.318,0.396,4.5,76,0.249,0.713,0.325,0.388,4.5,29,0.254,0.741,0.319,0.422,4.5,81,0.24,0.705,0.304,0.401,4.5,39,6,77,249,6,98,293,10.1,21.1,3,6,5,9,22,5,9,3,5.56,4.18,3.81,4.33,50.4,11.3,43.6,23.3,19.3,8.7,10,26.9,,5.2,1.33,5.5,21.8,81,6,5,3,5,5,6.3,20,20,23,20.7,,,,83,5.2,4.82,21.8,41.7,28.9,16.1,13.3,0,"Pedro Pagés",2.17879551556017,21.0,5.4,4.7,20,5,0,0,3.44,2.98,2.7,3.02,32.8,5.7,45.7,23.1,28.6,6.1,14.5,32.2,,6.4,2.24,5.6,25.4,101,3,10,7,5,6,5.7,24,26,23,35.6,,,,101,5.2,6.7,25.4,48.8,39.2,0,12.1,0,"Drake Baldwin",1.5026667510805707,24.3,5.6,6.7,23,5,0,0,0.315,0.327,0.149,0.285,41.5,7.5,78.4,16.9,17.6,78.4,21.6,17.8,28.1,22.8,27.5,29.8,0.319,0.327,0.165,0.29,42.1,9.2,75.8,21.3,21.6,75.8,24.2,19.1,31.3,32.2,28.8,28,1.59,2.12,1.2,-0.015,0,1.2,-0.3,0,0.02,0,1.1,,0,0,"none","Scheduled",0,,,"fastball",41.7,"slider",28.9,,3.715596330275229,14.727272727272727,"fastball",48.8,"slider",39.2,,3.9763779527559056,18.03571428571429,83,"Extra Rest",97.66666666666667,"Extra Rest","R","L",10.1,21.1,9,22,3,5908.888888888889,821.1111111111111,0,5442.222222222223,763.3333333333334,0,,,,,,,,,19.1,32.3,19.6,27.3,90,94,76
"823033","2026-07-10","Pedro Pagés","St. Louis Cardinals",8,"R","C",0.214,0.252,0.338,0.59,0.26,0.124,159,31,6,0,4,25.2,3.8,0.154,0.308,0.154,2,2,0,0.698,0.424,0.414,0.224,21.2,31.7,72.5,72.5,27.5,,"Chris Sale","L",0.22,0.234,0.297,0.336,"8:15 PM ET","St. Louis Cardinals","Atlanta Braves","Busch Stadium","Kyle Leahy",3.86,1.45,19.3,8.7,7,4,"86.1",73,17,5.08,3.5,-155,121,"rotowire","Chris Sale",2.27,1.12,28.6,6.1,9,6,"95.0",112,16,5.94,6.5,120,-153,"rotowire",4.31,"Alta",21.1,3.11,"Alta",22,4.6,0.713,0.32,0.393,18.8,4.9,0.728,0.314,0.414,20.8,26,78,12.7,7,1011,24,"Parcialmente Nublado",29,0.242,0.714,0.318,0.396,4.5,76,0.249,0.713,0.325,0.388,4.5,29,0.254,0.741,0.319,0.422,4.5,81,0.24,0.705,0.304,0.401,4.5,39,6,77,249,6,98,293,10.1,21.1,3,6,5,9,22,5,9,3,5.56,4.18,3.81,4.33,50.4,11.3,43.6,23.3,19.3,8.7,10,26.9,,5.2,1.33,5.5,21.8,81,6,5,3,5,5,6.3,20,20,23,20.7,,,,83,5.2,4.82,21.8,41.7,28.9,16.1,13.3,0,"Pedro Pagés",2.17879551556017,21.0,5.4,4.7,20,5,0,0,3.44,2.98,2.7,3.02,32.8,5.7,45.7,23.1,28.6,6.1,14.5,32.2,,6.4,2.24,5.6,25.4,101,3,10,7,5,6,5.7,24,26,23,35.6,,,,101,5.2,6.7,25.4,48.8,39.2,0,12.1,0,"Drake Baldwin",1.5026667510805707,24.3,5.6,6.7,23,5,0,0,0.315,0.327,0.149,0.285,41.5,7.5,78.4,16.9,17.6,78.4,21.6,17.8,28.1,22.8,27.5,29.8,0.319,0.327,0.165,0.29,42.1,9.2,75.8,21.3,21.6,75.8,24.2,19.1,31.3,32.2,28.8,28,1.59,2.12,1.2,-0.015,0,1.2,-0.3,0,0.02,0,1.1,,0,0,"none","Scheduled",0,,,"fastball",41.7,"slider",28.9,,3.715596330275229,14.727272727272727,"fastball",48.8,"slider",39.2,,3.9763779527559056,18.03571428571429,83,"Extra Rest",97.66666666666667,"Extra Rest","R","L",10.1,21.1,9,22,3,5908.888888888889,821.1111111111111,0,5442.222222222223,763.3333333333334,0,,,,,,,,,19.1,32.3,19.6,27.3,90,94,76
"823033","2026-07-10","Lars Nootbaar","St. Louis Cardinals",9,"L","LF",0.263,0.345,0.404,0.749,0.328,0.141,113,26,6,1,2,22.1,11.5,0.167,0.45,0.25,6,4,2,0.804,0.558,0.429,0.318,22.7,20,82.1,82.1,17.9,,"Chris Sale","L",0.22,0.234,0.297,0.336,"8:15 PM ET","St. Louis Cardinals","Atlanta Braves","Busch Stadium","Kyle Leahy",3.86,1.45,19.3,8.7,7,4,"86.1",73,17,5.08,3.5,-155,121,"rotowire","Chris Sale",2.27,1.12,28.6,6.1,9,6,"95.0",112,16,5.94,6.5,120,-153,"rotowire",4.31,"Alta",21.1,3.11,"Alta",22,4.6,0.713,0.32,0.393,18.8,4.9,0.728,0.314,0.414,20.8,26,78,12.7,7,1011,24,"Parcialmente Nublado",29,0.242,0.714,0.318,0.396,4.5,76,0.249,0.713,0.325,0.388,4.5,29,0.254,0.741,0.319,0.422,4.5,81,0.24,0.705,0.304,0.401,4.5,39,6,77,249,6,98,293,10.1,21.1,3,6,5,9,22,5,9,3,5.56,4.18,3.81,4.33,50.4,11.3,43.6,23.3,19.3,8.7,10,26.9,,5.2,1.33,5.5,21.8,81,6,5,3,5,5,6.3,20,20,23,20.7,,,,83,5.2,4.82,21.8,41.7,28.9,16.1,13.3,0,"Pedro Pagés",2.17879551556017,21.0,5.4,4.7,20,5,0,0,3.44,2.98,2.7,3.02,32.8,5.7,45.7,23.1,28.6,6.1,14.5,32.2,,6.4,2.24,5.6,25.4,101,3,10,7,5,6,5.7,24,26,23,35.6,,,,101,5.2,6.7,25.4,48.8,39.2,0,12.1,0,"Drake Baldwin",1.5026667510805707,24.3,5.6,6.7,23,5,0,0,0.315,0.327,0.149,0.285,41.5,7.5,78.4,16.9,17.6,78.4,21.6,17.8,28.1,22.8,27.5,29.8,0.319,0.327,0.165,0.29,42.1,9.2,75.8,21.3,21.6,75.8,24.2,19.1,31.3,32.2,28.8,28,1.59,2.12,1.2,-0.015,0,1.2,-0.3,0,0.02,0,1.1,,0,0,"none","Scheduled",0,,,"fastball",41.7,"slider",28.9,,3.715596330275229,14.727272727272727,"fastball",48.8,"slider",39.2,,3.9763779527559056,18.03571428571429,83,"Extra Rest",97.66666666666667,"Extra Rest","R","L",10.1,21.1,9,22,3,5908.888888888889,821.1111111111111,0,5442.222222222223,763.3333333333334,0,,,,,,,,,19.1,32.3,19.6,27.3,90,94,76
"823033","2026-07-10","Matt Olson","Atlanta Braves",1,"L","1B",0.27,0.342,0.546,0.888,0.377,0.276,403,97,24,0,25,23.3,9.9,0.276,1.226,0.862,25,8,7,0.923,0.843,0.577,0.506,23.7,22.9,75.7,75.7,24.3,,"Kyle Leahy","R",0.318,0.227,0.491,0.356,"8:15 PM ET","St. Louis Cardinals","Atlanta Braves","Busch Stadium","Kyle Leahy",3.86,1.45,19.3,8.7,7,4,"86.1",73,17,5.08,3.5,-155,121,"rotowire","Chris Sale",2.27,1.12,28.6,6.1,9,6,"95.0",112,16,5.94,6.5,120,-153,"rotowire",4.31,"Alta",21.1,3.11,"Alta",22,4.6,0.713,0.32,0.393,18.8,4.9,0.728,0.314,0.414,20.8,26,78,12.7,7,1011,24,"Parcialmente Nublado",29,0.242,0.714,0.318,0.396,4.5,76,0.249,0.713,0.325,0.388,4.5,29,0.254,0.741,0.319,0.422,4.5,81,0.24,0.705,0.304,0.401,4.5,39,6,77,249,6,98,293,10.1,21.1,3,6,5,9,22,5,9,3,5.56,4.18,3.81,4.33,50.4,11.3,43.6,23.3,19.3,8.7,10,26.9,,5.2,1.33,5.5,21.8,81,6,5,3,5,5,6.3,20,20,23,20.7,,,,83,5.2,4.82,21.8,41.7,28.9,16.1,13.3,0,"Pedro Pagés",2.17879551556017,21.0,5.4,4.7,20,5,0,0,3.44,2.98,2.7,3.02,32.8,5.7,45.7,23.1,28.6,6.1,14.5,32.2,,6.4,2.24,5.6,25.4,101,3,10,7,5,6,5.7,24,26,23,35.6,,,,101,5.2,6.7,25.4,48.8,39.2,0,12.1,0,"Drake Baldwin",1.5026667510805707,24.3,5.6,6.7,23,5,0,0,0.315,0.327,0.149,0.285,41.5,7.5,78.4,16.9,17.6,78.4,21.6,17.8,28.1,22.8,27.5,29.8,0.319,0.327,0.165,0.29,42.1,9.2,75.8,21.3,21.6,75.8,24.2,19.1,31.3,32.2,28.8,28,1.59,2.12,1.2,-0.015,0,1.2,-0.3,0,0.02,0,1.1,,0,0,"none","Scheduled",0,,,"fastball",41.7,"slider",28.9,,3.715596330275229,14.727272727272727,"fastball",48.8,"slider",39.2,,3.9763779527559056,18.03571428571429,83,"Extra Rest",97.66666666666667,"Extra Rest","R","L",10.1,21.1,9,22,3,5908.888888888889,821.1111111111111,0,5442.222222222223,763.3333333333334,0,,,,,,,,,19.1,32.3,19.6,27.3,90,94,76
"823033","2026-07-10","Ozzie Albies","Atlanta Braves",2,"S","2B",0.272,0.322,0.447,0.769,0.337,0.175,397,97,20,0,14,12.8,6.8,0.267,0.846,0.533,16,8,6,0.744,0.8,0.415,0.487,17.7,6,79.4,79.4,20.6,,"Kyle Leahy","R",0.318,0.227,0.491,0.356,"8:15 PM ET","St. Louis Cardinals","Atlanta Braves","Busch Stadium","Kyle Leahy",3.86,1.45,19.3,8.7,7,4,"86.1",73,17,5.08,3.5,-155,121,"rotowire","Chris Sale",2.27,1.12,28.6,6.1,9,6,"95.0",112,16,5.94,6.5,120,-153,"rotowire",4.31,"Alta",21.1,3.11,"Alta",22,4.6,0.713,0.32,0.393,18.8,4.9,0.728,0.314,0.414,20.8,26,78,12.7,7,1011,24,"Parcialmente Nublado",29,0.242,0.714,0.318,0.396,4.5,76,0.249,0.713,0.325,0.388,4.5,29,0.254,0.741,0.319,0.422,4.5,81,0.24,0.705,0.304,0.401,4.5,39,6,77,249,6,98,293,10.1,21.1,3,6,5,9,22,5,9,3,5.56,4.18,3.81,4.33,50.4,11.3,43.6,23.3,19.3,8.7,10,26.9,,5.2,1.33,5.5,21.8,81,6,5,3,5,5,6.3,20,20,23,20.7,,,,83,5.2,4.82,21.8,41.7,28.9,16.1,13.3,0,"Pedro Pagés",2.17879551556017,21.0,5.4,4.7,20,5,0,0,3.44,2.98,2.7,3.02,32.8,5.7,45.7,23.1,28.6,6.1,14.5,32.2,,6.4,2.24,5.6,25.4,101,3,10,7,5,6,5.7,24,26,23,35.6,,,,101,5.2,6.7,25.4,48.8,39.2,0,12.1,0,"Drake Baldwin",1.5026667510805707,24.3,5.6,6.7,23,5,0,0,0.315,0.327,0.149,0.285,41.5,7.5,78.4,16.9,17.6,78.4,21.6,17.8,28.1,22.8,27.5,29.8,0.319,0.327,0.165,0.29,42.1,9.2,75.8,21.3,21.6,75.8,24.2,19.1,31.3,32.2,28.8,28,1.59,2.12,1.2,-0.015,0,1.2,-0.3,0,0.02,0,1.1,,0,0,"none","Scheduled",0,,,"fastball",41.7,"slider",28.9,,3.715596330275229,14.727272727272727,"fastball",48.8,"slider",39.2,,3.9763779527559056,18.03571428571429,83,"Extra Rest",97.66666666666667,"Extra Rest","R","L",10.1,21.1,9,22,3,5908.888888888889,821.1111111111111,0,5442.222222222223,763.3333333333334,0,,,,,,,,,19.1,32.3,19.6,27.3,90,94,76
"823033","2026-07-10","Austin Riley","Atlanta Braves",3,"R","3B",0.207,0.284,0.332,0.616,0.276,0.125,373,69,13,1,9,29.8,8,0.192,0.622,0.346,9,5,2,0.618,0.613,0.344,0.309,28.6,32,67.1,67.1,32.9,,"Kyle Leahy","R",0.318,0.227,0.491,0.356,"8:15 PM ET","St. Louis Cardinals","Atlanta Braves","Busch Stadium","Kyle Leahy",3.86,1.45,19.3,8.7,7,4,"86.1",73,17,5.08,3.5,-155,121,"rotowire","Chris Sale",2.27,1.12,28.6,6.1,9,6,"95.0",112,16,5.94,6.5,120,-153,"rotowire",4.31,"Alta",21.1,3.11,"Alta",22,4.6,0.713,0.32,0.393,18.8,4.9,0.728,0.314,0.414,20.8,26,78,12.7,7,1011,24,"Parcialmente Nublado",29,0.242,0.714,0.318,0.396,4.5,76,0.249,0.713,0.325,0.388,4.5,29,0.254,0.741,0.319,0.422,4.5,81,0.24,0.705,0.304,0.401,4.5,39,6,77,249,6,98,293,10.1,21.1,3,6,5,9,22,5,9,3,5.56,4.18,3.81,4.33,50.4,11.3,43.6,23.3,19.3,8.7,10,26.9,,5.2,1.33,5.5,21.8,81,6,5,3,5,5,6.3,20,20,23,20.7,,,,83,5.2,4.82,21.8,41.7,28.9,16.1,13.3,0,"Pedro Pagés",2.17879551556017,21.0,5.4,4.7,20,5,0,0,3.44,2.98,2.7,3.02,32.8,5.7,45.7,23.1,28.6,6.1,14.5,32.2,,6.4,2.24,5.6,25.4,101,3,10,7,5,6,5.7,24,26,23,35.6,,,,101,5.2,6.7,25.4,48.8,39.2,0,12.1,0,"Drake Baldwin",1.5026667510805707,24.3,5.6,6.7,23,5,0,0,0.315,0.327,0.149,0.285,41.5,7.5,78.4,16.9,17.6,78.4,21.6,17.8,28.1,22.8,27.5,29.8,0.319,0.327,0.165,0.29,42.1,9.2,75.8,21.3,21.6,75.8,24.2,19.1,31.3,32.2,28.8,28,1.59,2.12,1.2,-0.015,0,1.2,-0.3,0,0.02,0,1.1,,0,0,"none","Scheduled",0,,,"fastball",41.7,"slider",28.9,,3.715596330275229,14.727272727272727,"fastball",48.8,"slider",39.2,,3.9763779527559056,18.03571428571429,83,"Extra Rest",97.66666666666667,"Extra Rest","R","L",10.1,21.1,9,22,3,5908.888888888889,821.1111111111111,0,5442.222222222223,763.3333333333334,0,,,,,,,,,19.1,32.3,19.6,27.3,90,94,76
"823033","2026-07-10","Mauricio Dubón","Atlanta Braves",4,"R","LF",0.273,0.328,0.424,0.752,0.327,0.151,359,90,19,2,9,14.2,7,0.286,0.819,0.464,13,8,3,0.766,0.728,0.424,0.424,16.1,11.1,82.9,82.9,17.1,,"Kyle Leahy","R",0.318,0.227,0.491,0.356,"8:15 PM ET","St. Louis Cardinals","Atlanta Braves","Busch Stadium","Kyle Leahy",3.86,1.45,19.3,8.7,7,4,"86.1",73,17,5.08,3.5,-155,121,"rotowire","Chris Sale",2.27,1.12,28.6,6.1,9,6,"95.0",112,16,5.94,6.5,120,-153,"rotowire",4.31,"Alta",21.1,3.11,"Alta",22,4.6,0.713,0.32,0.393,18.8,4.9,0.728,0.314,0.414,20.8,26,78,12.7,7,1011,24,"Parcialmente Nublado",29,0.242,0.714,0.318,0.396,4.5,76,0.249,0.713,0.325,0.388,4.5,29,0.254,0.741,0.319,0.422,4.5,81,0.24,0.705,0.304,0.401,4.5,39,6,77,249,6,98,293,10.1,21.1,3,6,5,9,22,5,9,3,5.56,4.18,3.81,4.33,50.4,11.3,43.6,23.3,19.3,8.7,10,26.9,,5.2,1.33,5.5,21.8,81,6,5,3,5,5,6.3,20,20,23,20.7,,,,83,5.2,4.82,21.8,41.7,28.9,16.1,13.3,0,"Pedro Pagés",2.17879551556017,21.0,5.4,4.7,20,5,0,0,3.44,2.98,2.7,3.02,32.8,5.7,45.7,23.1,28.6,6.1,14.5,32.2,,6.4,2.24,5.6,25.4,101,3,10,7,5,6,5.7,24,26,23,35.6,,,,101,5.2,6.7,25.4,48.8,39.2,0,12.1,0,"Drake Baldwin",1.5026667510805707,24.3,5.6,6.7,23,5,0,0,0.315,0.327,0.149,0.285,41.5,7.5,78.4,16.9,17.6,78.4,21.6,17.8,28.1,22.8,27.5,29.8,0.319,0.327,0.165,0.29,42.1,9.2,75.8,21.3,21.6,75.8,24.2,19.1,31.3,32.2,28.8,28,1.59,2.12,1.2,-0.015,0,1.2,-0.3,0,0.02,0,1.1,,0,0,"none","Scheduled",0,,,"fastball",41.7,"slider",28.9,,3.715596330275229,14.727272727272727,"fastball",48.8,"slider",39.2,,3.9763779527559056,18.03571428571429,83,"Extra Rest",97.66666666666667,"Extra Rest","R","L",10.1,21.1,9,22,3,5908.888888888889,821.1111111111111,0,5442.222222222223,763.3333333333334,0,,,,,,,,,19.1,32.3,19.6,27.3,90,94,76
"823033","2026-07-10","Michael Harris II","Atlanta Braves",5,"L","CF",0.304,0.335,0.503,0.838,0.361,0.199,340,98,16,0,16,20.6,4.4,0.4,1.057,0.657,23,14,5,0.878,0.769,0.537,0.444,20.6,20.6,74.6,74.6,25.4,,"Kyle Leahy","R",0.318,0.227,0.491,0.356,"8:15 PM ET","St. Louis Cardinals","Atlanta Braves","Busch Stadium","Kyle Leahy",3.86,1.45,19.3,8.7,7,4,"86.1",73,17,5.08,3.5,-155,121,"rotowire","Chris Sale",2.27,1.12,28.6,6.1,9,6,"95.0",112,16,5.94,6.5,120,-153,"rotowire",4.31,"Alta",21.1,3.11,"Alta",22,4.6,0.713,0.32,0.393,18.8,4.9,0.728,0.314,0.414,20.8,26,78,12.7,7,1011,24,"Parcialmente Nublado",29,0.242,0.714,0.318,0.396,4.5,76,0.249,0.713,0.325,0.388,4.5,29,0.254,0.741,0.319,0.422,4.5,81,0.24,0.705,0.304,0.401,4.5,39,6,77,249,6,98,293,10.1,21.1,3,6,5,9,22,5,9,3,5.56,4.18,3.81,4.33,50.4,11.3,43.6,23.3,19.3,8.7,10,26.9,,5.2,1.33,5.5,21.8,81,6,5,3,5,5,6.3,20,20,23,20.7,,,,83,5.2,4.82,21.8,41.7,28.9,16.1,13.3,0,"Pedro Pagés",2.17879551556017,21.0,5.4,4.7,20,5,0,0,3.44,2.98,2.7,3.02,32.8,5.7,45.7,23.1,28.6,6.1,14.5,32.2,,6.4,2.24,5.6,25.4,101,3,10,7,5,6,5.7,24,26,23,35.6,,,,101,5.2,6.7,25.4,48.8,39.2,0,12.1,0,"Drake Baldwin",1.5026667510805707,24.3,5.6,6.7,23,5,0,0,0.315,0.327,0.149,0.285,41.5,7.5,78.4,16.9,17.6,78.4,21.6,17.8,28.1,22.8,27.5,29.8,0.319,0.327,0.165,0.29,42.1,9.2,75.8,21.3,21.6,75.8,24.2,19.1,31.3,32.2,28.8,28,1.59,2.12,1.2,-0.015,0,1.2,-0.3,0,0.02,0,1.1,,0,0,"none","Scheduled",0,,,"fastball",41.7,"slider",28.9,,3.715596330275229,14.727272727272727,"fastball",48.8,"slider",39.2,,3.9763779527559056,18.03571428571429,83,"Extra Rest",97.66666666666667,"Extra Rest","R","L",10.1,21.1,9,22,3,5908.888888888889,821.1111111111111,0,5442.222222222223,763.3333333333334,0,,,,,,,,,19.1,32.3,19.6,27.3,90,94,76
"823033","2026-07-10","Drake Baldwin","Atlanta Braves",6,"L","C",0.257,0.343,0.446,0.789,0.345,0.189,306,69,6,0,15,23.2,9.5,0.269,0.772,0.385,10,7,1,0.767,0.824,0.426,0.477,23.8,22.3,75.6,75.6,24.4,,"Kyle Leahy","R",0.318,0.227,0.491,0.356,"8:15 PM ET","St. Louis Cardinals","Atlanta Braves","Busch Stadium","Kyle Leahy",3.86,1.45,19.3,8.7,7,4,"86.1",73,17,5.08,3.5,-155,121,"rotowire","Chris Sale",2.27,1.12,28.6,6.1,9,6,"95.0",112,16,5.94,6.5,120,-153,"rotowire",4.31,"Alta",21.1,3.11,"Alta",22,4.6,0.713,0.32,0.393,18.8,4.9,0.728,0.314,0.414,20.8,26,78,12.7,7,1011,24,"Parcialmente Nublado",29,0.242,0.714,0.318,0.396,4.5,76,0.249,0.713,0.325,0.388,4.5,29,0.254,0.741,0.319,0.422,4.5,81,0.24,0.705,0.304,0.401,4.5,39,6,77,249,6,98,293,10.1,21.1,3,6,5,9,22,5,9,3,5.56,4.18,3.81,4.33,50.4,11.3,43.6,23.3,19.3,8.7,10,26.9,,5.2,1.33,5.5,21.8,81,6,5,3,5,5,6.3,20,20,23,20.7,,,,83,5.2,4.82,21.8,41.7,28.9,16.1,13.3,0,"Pedro Pagés",2.17879551556017,21.0,5.4,4.7,20,5,0,0,3.44,2.98,2.7,3.02,32.8,5.7,45.7,23.1,28.6,6.1,14.5,32.2,,6.4,2.24,5.6,25.4,101,3,10,7,5,6,5.7,24,26,23,35.6,,,,101,5.2,6.7,25.4,48.8,39.2,0,12.1,0,"Drake Baldwin",1.5026667510805707,24.3,5.6,6.7,23,5,0,0,0.315,0.327,0.149,0.285,41.5,7.5,78.4,16.9,17.6,78.4,21.6,17.8,28.1,22.8,27.5,29.8,0.319,0.327,0.165,0.29,42.1,9.2,75.8,21.3,21.6,75.8,24.2,19.1,31.3,32.2,28.8,28,1.59,2.12,1.2,-0.015,0,1.2,-0.3,0,0.02,0,1.1,,0,0,"none","Scheduled",0,,,"fastball",41.7,"slider",28.9,,3.715596330275229,14.727272727272727,"fastball",48.8,"slider",39.2,,3.9763779527559056,18.03571428571429,83,"Extra Rest",97.66666666666667,"Extra Rest","R","L",10.1,21.1,9,22,3,5908.888888888889,821.1111111111111,0,5442.222222222223,763.3333333333334,0,,,,,,,,,19.1,32.3,19.6,27.3,90,94,76
"823033","2026-07-10","Mike Yastrzemski","Atlanta Braves",7,"L","LF",0.229,0.32,0.361,0.681,0.305,0.132,259,52,10,1,6,23.2,10.4,0.3,1.067,0.65,13,6,3,0.702,0.547,0.381,0.233,21,37.1,76.6,76.6,23.4,,"Kyle Leahy","R",0.318,0.227,0.491,0.356,"8:15 PM ET","St. Louis Cardinals","Atlanta Braves","Busch Stadium","Kyle Leahy",3.86,1.45,19.3,8.7,7,4,"86.1",73,17,5.08,3.5,-155,121,"rotowire","Chris Sale",2.27,1.12,28.6,6.1,9,6,"95.0",112,16,5.94,6.5,120,-153,"rotowire",4.31,"Alta",21.1,3.11,"Alta",22,4.6,0.713,0.32,0.393,18.8,4.9,0.728,0.314,0.414,20.8,26,78,12.7,7,1011,24,"Parcialmente Nublado",29,0.242,0.714,0.318,0.396,4.5,76,0.249,0.713,0.325,0.388,4.5,29,0.254,0.741,0.319,0.422,4.5,81,0.24,0.705,0.304,0.401,4.5,39,6,77,249,6,98,293,10.1,21.1,3,6,5,9,22,5,9,3,5.56,4.18,3.81,4.33,50.4,11.3,43.6,23.3,19.3,8.7,10,26.9,,5.2,1.33,5.5,21.8,81,6,5,3,5,5,6.3,20,20,23,20.7,,,,83,5.2,4.82,21.8,41.7,28.9,16.1,13.3,0,"Pedro Pagés",2.17879551556017,21.0,5.4,4.7,20,5,0,0,3.44,2.98,2.7,3.02,32.8,5.7,45.7,23.1,28.6,6.1,14.5,32.2,,6.4,2.24,5.6,25.4,101,3,10,7,5,6,5.7,24,26,23,35.6,,,,101,5.2,6.7,25.4,48.8,39.2,0,12.1,0,"Drake Baldwin",1.5026667510805707,24.3,5.6,6.7,23,5,0,0,0.315,0.327,0.149,0.285,41.5,7.5,78.4,16.9,17.6,78.4,21.6,17.8,28.1,22.8,27.5,29.8,0.319,0.327,0.165,0.29,42.1,9.2,75.8,21.3,21.6,75.8,24.2,19.1,31.3,32.2,28.8,28,1.59,2.12,1.2,-0.015,0,1.2,-0.3,0,0.02,0,1.1,,0,0,"none","Scheduled",0,,,"fastball",41.7,"slider",28.9,,3.715596330275229,14.727272727272727,"fastball",48.8,"slider",39.2,,3.9763779527559056,18.03571428571429,83,"Extra Rest",97.66666666666667,"Extra Rest","R","L",10.1,21.1,9,22,3,5908.888888888889,821.1111111111111,0,5442.222222222223,763.3333333333334,0,,,,,,,,,19.1,32.3,19.6,27.3,90,94,76
"823033","2026-07-10","Dominic Smith","Atlanta Braves",8,"L","DH",0.268,0.314,0.395,0.709,0.312,0.127,227,55,6,1,6,14.1,6.6,0.192,0.481,0.231,6,5,1,0.746,0.459,0.425,0.192,14.8,9.7,79.5,79.5,20.5,,"Kyle Leahy","R",0.318,0.227,0.491,0.356,"8:15 PM ET","St. Louis Cardinals","Atlanta Braves","Busch Stadium","Kyle Leahy",3.86,1.45,19.3,8.7,7,4,"86.1",73,17,5.08,3.5,-155,121,"rotowire","Chris Sale",2.27,1.12,28.6,6.1,9,6,"95.0",112,16,5.94,6.5,120,-153,"rotowire",4.31,"Alta",21.1,3.11,"Alta",22,4.6,0.713,0.32,0.393,18.8,4.9,0.728,0.314,0.414,20.8,26,78,12.7,7,1011,24,"Parcialmente Nublado",29,0.242,0.714,0.318,0.396,4.5,76,0.249,0.713,0.325,0.388,4.5,29,0.254,0.741,0.319,0.422,4.5,81,0.24,0.705,0.304,0.401,4.5,39,6,77,249,6,98,293,10.1,21.1,3,6,5,9,22,5,9,3,5.56,4.18,3.81,4.33,50.4,11.3,43.6,23.3,19.3,8.7,10,26.9,,5.2,1.33,5.5,21.8,81,6,5,3,5,5,6.3,20,20,23,20.7,,,,83,5.2,4.82,21.8,41.7,28.9,16.1,13.3,0,"Pedro Pagés",2.17879551556017,21.0,5.4,4.7,20,5,0,0,3.44,2.98,2.7,3.02,32.8,5.7,45.7,23.1,28.6,6.1,14.5,32.2,,6.4,2.24,5.6,25.4,101,3,10,7,5,6,5.7,24,26,23,35.6,,,,101,5.2,6.7,25.4,48.8,39.2,0,12.1,0,"Drake Baldwin",1.5026667510805707,24.3,5.6,6.7,23,5,0,0,0.315,0.327,0.149,0.285,41.5,7.5,78.4,16.9,17.6,78.4,21.6,17.8,28.1,22.8,27.5,29.8,0.319,0.327,0.165,0.29,42.1,9.2,75.8,21.3,21.6,75.8,24.2,19.1,31.3,32.2,28.8,28,1.59,2.12,1.2,-0.015,0,1.2,-0.3,0,0.02,0,1.1,,0,0,"none","Scheduled",0,,,"fastball",41.7,"slider",28.9,,3.715596330275229,14.727272727272727,"fastball",48.8,"slider",39.2,,3.9763779527559056,18.03571428571429,83,"Extra Rest",97.66666666666667,"Extra Rest","R","L",10.1,21.1,9,22,3,5908.888888888889,821.1111111111111,0,5442.222222222223,763.3333333333334,0,,,,,,,,,19.1,32.3,19.6,27.3,90,94,76
"823033","2026-07-10","Jorge Mateo","Atlanta Braves",9,"R","SS",0.242,0.288,0.379,0.667,0.291,0.137,132,30,5,0,4,31.1,6.1,0.118,0.329,0.118,2,2,0,0.661,0.676,0.368,0.396,28,36,70.7,70.7,29.3,,"Kyle Leahy","R",0.318,0.227,0.491,0.356,"8:15 PM ET","St. Louis Cardinals","Atlanta Braves","Busch Stadium","Kyle Leahy",3.86,1.45,19.3,8.7,7,4,"86.1",73,17,5.08,3.5,-155,121,"rotowire","Chris Sale",2.27,1.12,28.6,6.1,9,6,"95.0",112,16,5.94,6.5,120,-153,"rotowire",4.31,"Alta",21.1,3.11,"Alta",22,4.6,0.713,0.32,0.393,18.8,4.9,0.728,0.314,0.414,20.8,26,78,12.7,7,1011,24,"Parcialmente Nublado",29,0.242,0.714,0.318,0.396,4.5,76,0.249,0.713,0.325,0.388,4.5,29,0.254,0.741,0.319,0.422,4.5,81,0.24,0.705,0.304,0.401,4.5,39,6,77,249,6,98,293,10.1,21.1,3,6,5,9,22,5,9,3,5.56,4.18,3.81,4.33,50.4,11.3,43.6,23.3,19.3,8.7,10,26.9,,5.2,1.33,5.5,21.8,81,6,5,3,5,5,6.3,20,20,23,20.7,,,,83,5.2,4.82,21.8,41.7,28.9,16.1,13.3,0,"Pedro Pagés",2.17879551556017,21.0,5.4,4.7,20,5,0,0,3.44,2.98,2.7,3.02,32.8,5.7,45.7,23.1,28.6,6.1,14.5,32.2,,6.4,2.24,5.6,25.4,101,3,10,7,5,6,5.7,24,26,23,35.6,,,,101,5.2,6.7,25.4,48.8,39.2,0,12.1,0,"Drake Baldwin",1.5026667510805707,24.3,5.6,6.7,23,5,0,0,0.315,0.327,0.149,0.285,41.5,7.5,78.4,16.9,17.6,78.4,21.6,17.8,28.1,22.8,27.5,29.8,0.319,0.327,0.165,0.29,42.1,9.2,75.8,21.3,21.6,75.8,24.2,19.1,31.3,32.2,28.8,28,1.59,2.12,1.2,-0.015,0,1.2,-0.3,0,0.02,0,1.1,,0,0,"none","Scheduled",0,,,"fastball",41.7,"slider",28.9,,3.715596330275229,14.727272727272727,"fastball",48.8,"slider",39.2,,3.9763779527559056,18.03571428571429,83,"Extra Rest",97.66666666666667,"Extra Rest","R","L",10.1,21.1,9,22,3,5908.888888888889,821.1111111111111,0,5442.222222222223,763.3333333333334,0,,,,,,,,,19.1,32.3,19.6,27.3,90,94,76
"823278","2026-07-10","Fernando Tatis Jr.","San Diego Padres",1,"R","RF",0.283,0.344,0.383,0.727,0.323,0.1,402,102,19,1,5,20.6,8,0.321,0.796,0.429,12,9,3,0.695,0.861,0.357,0.493,19.3,26.3,71.3,71.3,28.7,,"Shane Bieber","R",0.267,0.444,0.633,0.852,"9:40 PM ET","San Diego Padres","Toronto Blue Jays","Petco Park","JP Sears",4.7,1.37,20.9,10.4,2,1,"15.1",14,3,5.11,3.5,-141,110,"rotowire","Shane Bieber",9,2.08,14.1,10.9,N/A,1,"13.0",9,3,4.33,4.5,107,-137,"rotowire",3.7,"Alta",25.1,3.77,"Moderada",14.2,3.9,0.671,0.3,0.371,20.7,4,0.688,0.305,0.383,18.5,19.7,89,10.2,219,1010.8,1,"Parcialmente Nublado",21,0.223,0.675,0.302,0.373,4.5,81,0.232,0.661,0.295,0.366,4.5,16,0.253,0.7,0.309,0.391,4.5,70,0.218,0.652,0.294,0.358,4.5,23,5,76,252,6,89,256,11.1,25.1,4,6,4,6,14.2,0,1,8,5.9,6.13,4.43,4.13,50,10.9,39.1,41.3,20.9,10.4,9.9,25.8,,4.67,0.47,5.1,22.3,84,5,4,5,5,4.7,5.7,17,25,25,15.3,,,,87,5.1,4.78,22.3,48.4,29.3,0,22.2,0,,,22.3,5.1,4.7,17,4.7,0,1,13.43,9.43,5.01,5.25,54.2,16.7,31.3,31.3,14.1,10.9,10.5,27.3,,3,0.82,4.3,21.3,85,3,4,2,4,5.3,3.7,21,24,19,,,,,86,4.1,3.65,21.3,53.6,10.5,16,19.9,0,"Brandon Valenzuela",7.453755418731506,21.3,4.3,3.0,19,3.7,0,0,0.296,0.312,0.146,0.271,41.1,7.9,76.1,23,20.2,76.1,23.9,19.1,30.1,29.1,32.4,32.4,0.303,0.304,0.139,0.285,33.8,5.9,78.2,21,19.1,78.2,21.8,17.6,30.1,24.4,25.5,32.3,-4.3,-7.53,-3.3,-0.017,0.008,-0.07,-0.1,0,-0.01,-1,5.1,,0,0,"none","Scheduled",0,,,"fastball",48.4,"slider",29.3,,3.7668161434977576,16.47058823529412,"fastball",53.6,"changeup",19.9,,3.9906103286384975,19.767441860465116,84,"Normal",85.33333333333333,"Extra Rest","L","R",11.1,25.1,6,14.2,4,5574.444444444444,841.1111111111111,0,5977.777777777777,776.6666666666666,0,,,,,,,,,37.5,17.1,15.7,10.3,102,94,106
"823278","2026-07-10","Jackson Merrill","San Diego Padres",2,"L","CF",0.218,0.272,0.352,0.624,0.272,0.134,378,76,15,1,10,25.4,6.6,0.286,0.679,0.393,11,8,1,0.599,0.698,0.337,0.396,25.2,26,72.7,72.7,27.3,,"Shane Bieber","R",0.267,0.444,0.633,0.852,"9:40 PM ET","San Diego Padres","Toronto Blue Jays","Petco Park","JP Sears",4.7,1.37,20.9,10.4,2,1,"15.1",14,3,5.11,3.5,-141,110,"rotowire","Shane Bieber",9,2.08,14.1,10.9,N/A,1,"13.0",9,3,4.33,4.5,107,-137,"rotowire",3.7,"Alta",25.1,3.77,"Moderada",14.2,3.9,0.671,0.3,0.371,20.7,4,0.688,0.305,0.383,18.5,19.7,89,10.2,219,1010.8,1,"Parcialmente Nublado",21,0.223,0.675,0.302,0.373,4.5,81,0.232,0.661,0.295,0.366,4.5,16,0.253,0.7,0.309,0.391,4.5,70,0.218,0.652,0.294,0.358,4.5,23,5,76,252,6,89,256,11.1,25.1,4,6,4,6,14.2,0,1,8,5.9,6.13,4.43,4.13,50,10.9,39.1,41.3,20.9,10.4,9.9,25.8,,4.67,0.47,5.1,22.3,84,5,4,5,5,4.7,5.7,17,25,25,15.3,,,,87,5.1,4.78,22.3,48.4,29.3,0,22.2,0,,,22.3,5.1,4.7,17,4.7,0,1,13.43,9.43,5.01,5.25,54.2,16.7,31.3,31.3,14.1,10.9,10.5,27.3,,3,0.82,4.3,21.3,85,3,4,2,4,5.3,3.7,21,24,19,,,,,86,4.1,3.65,21.3,53.6,10.5,16,19.9,0,"Brandon Valenzuela",7.453755418731506,21.3,4.3,3.0,19,3.7,0,0,0.296,0.312,0.146,0.271,41.1,7.9,76.1,23,20.2,76.1,23.9,19.1,30.1,29.1,32.4,32.4,0.303,0.304,0.139,0.285,33.8,5.9,78.2,21,19.1,78.2,21.8,17.6,30.1,24.4,25.5,32.3,-4.3,-7.53,-3.3,-0.017,0.008,-0.07,-0.1,0,-0.01,-1,5.1,,0,0,"none","Scheduled",0,,,"fastball",48.4,"slider",29.3,,3.7668161434977576,16.47058823529412,"fastball",53.6,"changeup",19.9,,3.9906103286384975,19.767441860465116,84,"Normal",85.33333333333333,"Extra Rest","L","R",11.1,25.1,6,14.2,4,5574.444444444444,841.1111111111111,0,5977.777777777777,776.6666666666666,0,,,,,,,,,37.5,17.1,15.7,10.3,102,94,106
"823278","2026-07-10","Manny Machado","San Diego Padres",3,"R","3B",0.193,0.285,0.416,0.701,0.304,0.223,377,63,16,0,19,22.5,11.7,0.227,1.05,0.636,14,5,3,0.669,0.799,0.393,0.488,24,17.8,73.2,73.2,26.8,,"Shane Bieber","R",0.267,0.444,0.633,0.852,"9:40 PM ET","San Diego Padres","Toronto Blue Jays","Petco Park","JP Sears",4.7,1.37,20.9,10.4,2,1,"15.1",14,3,5.11,3.5,-141,110,"rotowire","Shane Bieber",9,2.08,14.1,10.9,N/A,1,"13.0",9,3,4.33,4.5,107,-137,"rotowire",3.7,"Alta",25.1,3.77,"Moderada",14.2,3.9,0.671,0.3,0.371,20.7,4,0.688,0.305,0.383,18.5,19.7,89,10.2,219,1010.8,1,"Parcialmente Nublado",21,0.223,0.675,0.302,0.373,4.5,81,0.232,0.661,0.295,0.366,4.5,16,0.253,0.7,0.309,0.391,4.5,70,0.218,0.652,0.294,0.358,4.5,23,5,76,252,6,89,256,11.1,25.1,4,6,4,6,14.2,0,1,8,5.9,6.13,4.43,4.13,50,10.9,39.1,41.3,20.9,10.4,9.9,25.8,,4.67,0.47,5.1,22.3,84,5,4,5,5,4.7,5.7,17,25,25,15.3,,,,87,5.1,4.78,22.3,48.4,29.3,0,22.2,0,,,22.3,5.1,4.7,17,4.7,0,1,13.43,9.43,5.01,5.25,54.2,16.7,31.3,31.3,14.1,10.9,10.5,27.3,,3,0.82,4.3,21.3,85,3,4,2,4,5.3,3.7,21,24,19,,,,,86,4.1,3.65,21.3,53.6,10.5,16,19.9,0,"Brandon Valenzuela",7.453755418731506,21.3,4.3,3.0,19,3.7,0,0,0.296,0.312,0.146,0.271,41.1,7.9,76.1,23,20.2,76.1,23.9,19.1,30.1,29.1,32.4,32.4,0.303,0.304,0.139,0.285,33.8,5.9,78.2,21,19.1,78.2,21.8,17.6,30.1,24.4,25.5,32.3,-4.3,-7.53,-3.3,-0.017,0.008,-0.07,-0.1,0,-0.01,-1,5.1,,0,0,"none","Scheduled",0,,,"fastball",48.4,"slider",29.3,,3.7668161434977576,16.47058823529412,"fastball",53.6,"changeup",19.9,,3.9906103286384975,19.767441860465116,84,"Normal",85.33333333333333,"Extra Rest","L","R",11.1,25.1,6,14.2,4,5574.444444444444,841.1111111111111,0,5977.777777777777,776.6666666666666,0,,,,,,,,,37.5,17.1,15.7,10.3,102,94,106
"823278","2026-07-10","Xander Bogaerts","San Diego Padres",4,"R","SS",0.225,0.315,0.327,0.642,0.29,0.102,349,69,7,0,8,18.9,10.9,0.154,0.445,0.231,6,4,2,0.645,0.632,0.329,0.319,21.2,11.3,77.1,77.1,22.9,,"Shane Bieber","R",0.267,0.444,0.633,0.852,"9:40 PM ET","San Diego Padres","Toronto Blue Jays","Petco Park","JP Sears",4.7,1.37,20.9,10.4,2,1,"15.1",14,3,5.11,3.5,-141,110,"rotowire","Shane Bieber",9,2.08,14.1,10.9,N/A,1,"13.0",9,3,4.33,4.5,107,-137,"rotowire",3.7,"Alta",25.1,3.77,"Moderada",14.2,3.9,0.671,0.3,0.371,20.7,4,0.688,0.305,0.383,18.5,19.7,89,10.2,219,1010.8,1,"Parcialmente Nublado",21,0.223,0.675,0.302,0.373,4.5,81,0.232,0.661,0.295,0.366,4.5,16,0.253,0.7,0.309,0.391,4.5,70,0.218,0.652,0.294,0.358,4.5,23,5,76,252,6,89,256,11.1,25.1,4,6,4,6,14.2,0,1,8,5.9,6.13,4.43,4.13,50,10.9,39.1,41.3,20.9,10.4,9.9,25.8,,4.67,0.47,5.1,22.3,84,5,4,5,5,4.7,5.7,17,25,25,15.3,,,,87,5.1,4.78,22.3,48.4,29.3,0,22.2,0,,,22.3,5.1,4.7,17,4.7,0,1,13.43,9.43,5.01,5.25,54.2,16.7,31.3,31.3,14.1,10.9,10.5,27.3,,3,0.82,4.3,21.3,85,3,4,2,4,5.3,3.7,21,24,19,,,,,86,4.1,3.65,21.3,53.6,10.5,16,19.9,0,"Brandon Valenzuela",7.453755418731506,21.3,4.3,3.0,19,3.7,0,0,0.296,0.312,0.146,0.271,41.1,7.9,76.1,23,20.2,76.1,23.9,19.1,30.1,29.1,32.4,32.4,0.303,0.304,0.139,0.285,33.8,5.9,78.2,21,19.1,78.2,21.8,17.6,30.1,24.4,25.5,32.3,-4.3,-7.53,-3.3,-0.017,0.008,-0.07,-0.1,0,-0.01,-1,5.1,,0,0,"none","Scheduled",0,,,"fastball",48.4,"slider",29.3,,3.7668161434977576,16.47058823529412,"fastball",53.6,"changeup",19.9,,3.9906103286384975,19.767441860465116,84,"Normal",85.33333333333333,"Extra Rest","L","R",11.1,25.1,6,14.2,4,5574.444444444444,841.1111111111111,0,5977.777777777777,776.6666666666666,0,,,,,,,,,37.5,17.1,15.7,10.3,102,94,106
"823278","2026-07-10","Gavin Sheets","San Diego Padres",5,"L","1B",0.228,0.32,0.438,0.758,0.331,0.21,309,62,15,0,14,21.7,10.7,0.16,0.436,0.16,4,4,0,0.807,0.528,0.478,0.25,20.4,27.8,78.4,78.4,21.6,,"Shane Bieber","R",0.267,0.444,0.633,0.852,"9:40 PM ET","San Diego Padres","Toronto Blue Jays","Petco Park","JP Sears",4.7,1.37,20.9,10.4,2,1,"15.1",14,3,5.11,3.5,-141,110,"rotowire","Shane Bieber",9,2.08,14.1,10.9,N/A,1,"13.0",9,3,4.33,4.5,107,-137,"rotowire",3.7,"Alta",25.1,3.77,"Moderada",14.2,3.9,0.671,0.3,0.371,20.7,4,0.688,0.305,0.383,18.5,19.7,89,10.2,219,1010.8,1,"Parcialmente Nublado",21,0.223,0.675,0.302,0.373,4.5,81,0.232,0.661,0.295,0.366,4.5,16,0.253,0.7,0.309,0.391,4.5,70,0.218,0.652,0.294,0.358,4.5,23,5,76,252,6,89,256,11.1,25.1,4,6,4,6,14.2,0,1,8,5.9,6.13,4.43,4.13,50,10.9,39.1,41.3,20.9,10.4,9.9,25.8,,4.67,0.47,5.1,22.3,84,5,4,5,5,4.7,5.7,17,25,25,15.3,,,,87,5.1,4.78,22.3,48.4,29.3,0,22.2,0,,,22.3,5.1,4.7,17,4.7,0,1,13.43,9.43,5.01,5.25,54.2,16.7,31.3,31.3,14.1,10.9,10.5,27.3,,3,0.82,4.3,21.3,85,3,4,2,4,5.3,3.7,21,24,19,,,,,86,4.1,3.65,21.3,53.6,10.5,16,19.9,0,"Brandon Valenzuela",7.453755418731506,21.3,4.3,3.0,19,3.7,0,0,0.296,0.312,0.146,0.271,41.1,7.9,76.1,23,20.2,76.1,23.9,19.1,30.1,29.1,32.4,32.4,0.303,0.304,0.139,0.285,33.8,5.9,78.2,21,19.1,78.2,21.8,17.6,30.1,24.4,25.5,32.3,-4.3,-7.53,-3.3,-0.017,0.008,-0.07,-0.1,0,-0.01,-1,5.1,,0,0,"none","Scheduled",0,,,"fastball",48.4,"slider",29.3,,3.7668161434977576,16.47058823529412,"fastball",53.6,"changeup",19.9,,3.9906103286384975,19.767441860465116,84,"Normal",85.33333333333333,"Extra Rest","L","R",11.1,25.1,6,14.2,4,5574.444444444444,841.1111111111111,0,5977.777777777777,776.6666666666666,0,,,,,,,,,37.5,17.1,15.7,10.3,102,94,106
"823278","2026-07-10","Miguel Andujar","San Diego Padres",6,"R","DH",0.262,0.3,0.422,0.722,0.308,0.16,237,59,17,2,5,16,3.8,0.313,0.813,0.5,8,5,3,0.723,0.719,0.435,0.394,16.9,14.3,80.6,80.6,19.4,,"Shane Bieber","R",0.267,0.444,0.633,0.852,"9:40 PM ET","San Diego Padres","Toronto Blue Jays","Petco Park","JP Sears",4.7,1.37,20.9,10.4,2,1,"15.1",14,3,5.11,3.5,-141,110,"rotowire","Shane Bieber",9,2.08,14.1,10.9,N/A,1,"13.0",9,3,4.33,4.5,107,-137,"rotowire",3.7,"Alta",25.1,3.77,"Moderada",14.2,3.9,0.671,0.3,0.371,20.7,4,0.688,0.305,0.383,18.5,19.7,89,10.2,219,1010.8,1,"Parcialmente Nublado",21,0.223,0.675,0.302,0.373,4.5,81,0.232,0.661,0.295,0.366,4.5,16,0.253,0.7,0.309,0.391,4.5,70,0.218,0.652,0.294,0.358,4.5,23,5,76,252,6,89,256,11.1,25.1,4,6,4,6,14.2,0,1,8,5.9,6.13,4.43,4.13,50,10.9,39.1,41.3,20.9,10.4,9.9,25.8,,4.67,0.47,5.1,22.3,84,5,4,5,5,4.7,5.7,17,25,25,15.3,,,,87,5.1,4.78,22.3,48.4,29.3,0,22.2,0,,,22.3,5.1,4.7,17,4.7,0,1,13.43,9.43,5.01,5.25,54.2,16.7,31.3,31.3,14.1,10.9,10.5,27.3,,3,0.82,4.3,21.3,85,3,4,2,4,5.3,3.7,21,24,19,,,,,86,4.1,3.65,21.3,53.6,10.5,16,19.9,0,"Brandon Valenzuela",7.453755418731506,21.3,4.3,3.0,19,3.7,0,0,0.296,0.312,0.146,0.271,41.1,7.9,76.1,23,20.2,76.1,23.9,19.1,30.1,29.1,32.4,32.4,0.303,0.304,0.139,0.285,33.8,5.9,78.2,21,19.1,78.2,21.8,17.6,30.1,24.4,25.5,32.3,-4.3,-7.53,-3.3,-0.017,0.008,-0.07,-0.1,0,-0.01,-1,5.1,,0,0,"none","Scheduled",0,,,"fastball",48.4,"slider",29.3,,3.7668161434977576,16.47058823529412,"fastball",53.6,"changeup",19.9,,3.9906103286384975,19.767441860465116,84,"Normal",85.33333333333333,"Extra Rest","L","R",11.1,25.1,6,14.2,4,5574.444444444444,841.1111111111111,0,5977.777777777777,776.6666666666666,0,,,,,,,,,37.5,17.1,15.7,10.3,102,94,106
"823278","2026-07-10","Ty France","San Diego Padres",7,"R","1B",0.254,0.312,0.467,0.779,0.335,0.213,216,50,8,2,10,25,5.1,0.214,0.54,0.25,7,6,1,0.722,0.905,0.445,0.517,24.8,25.4,71.2,71.2,28.8,,"Shane Bieber","R",0.267,0.444,0.633,0.852,"9:40 PM ET","San Diego Padres","Toronto Blue Jays","Petco Park","JP Sears",4.7,1.37,20.9,10.4,2,1,"15.1",14,3,5.11,3.5,-141,110,"rotowire","Shane Bieber",9,2.08,14.1,10.9,N/A,1,"13.0",9,3,4.33,4.5,107,-137,"rotowire",3.7,"Alta",25.1,3.77,"Moderada",14.2,3.9,0.671,0.3,0.371,20.7,4,0.688,0.305,0.383,18.5,19.7,89,10.2,219,1010.8,1,"Parcialmente Nublado",21,0.223,0.675,0.302,0.373,4.5,81,0.232,0.661,0.295,0.366,4.5,16,0.253,0.7,0.309,0.391,4.5,70,0.218,0.652,0.294,0.358,4.5,23,5,76,252,6,89,256,11.1,25.1,4,6,4,6,14.2,0,1,8,5.9,6.13,4.43,4.13,50,10.9,39.1,41.3,20.9,10.4,9.9,25.8,,4.67,0.47,5.1,22.3,84,5,4,5,5,4.7,5.7,17,25,25,15.3,,,,87,5.1,4.78,22.3,48.4,29.3,0,22.2,0,,,22.3,5.1,4.7,17,4.7,0,1,13.43,9.43,5.01,5.25,54.2,16.7,31.3,31.3,14.1,10.9,10.5,27.3,,3,0.82,4.3,21.3,85,3,4,2,4,5.3,3.7,21,24,19,,,,,86,4.1,3.65,21.3,53.6,10.5,16,19.9,0,"Brandon Valenzuela",7.453755418731506,21.3,4.3,3.0,19,3.7,0,0,0.296,0.312,0.146,0.271,41.1,7.9,76.1,23,20.2,76.1,23.9,19.1,30.1,29.1,32.4,32.4,0.303,0.304,0.139,0.285,33.8,5.9,78.2,21,19.1,78.2,21.8,17.6,30.1,24.4,25.5,32.3,-4.3,-7.53,-3.3,-0.017,0.008,-0.07,-0.1,0,-0.01,-1,5.1,,0,0,"none","Scheduled",0,,,"fastball",48.4,"slider",29.3,,3.7668161434977576,16.47058823529412,"fastball",53.6,"changeup",19.9,,3.9906103286384975,19.767441860465116,84,"Normal",85.33333333333333,"Extra Rest","L","R",11.1,25.1,6,14.2,4,5574.444444444444,841.1111111111111,0,5977.777777777777,776.6666666666666,0,,,,,,,,,37.5,17.1,15.7,10.3,102,94,106
"823278","2026-07-10","Luis Rengifo","San Diego Padres",8,"S","3B",0.205,0.28,0.254,0.534,0.245,0.049,209,38,9,0,0,11.5,9.1,0.222,0.611,0.278,5,4,1,0.611,0.423,0.294,0.197,7.2,17.9,81.6,81.6,18.4,,"Shane Bieber","R",0.267,0.444,0.633,0.852,"9:40 PM ET","San Diego Padres","Toronto Blue Jays","Petco Park","JP Sears",4.7,1.37,20.9,10.4,2,1,"15.1",14,3,5.11,3.5,-141,110,"rotowire","Shane Bieber",9,2.08,14.1,10.9,N/A,1,"13.0",9,3,4.33,4.5,107,-137,"rotowire",3.7,"Alta",25.1,3.77,"Moderada",14.2,3.9,0.671,0.3,0.371,20.7,4,0.688,0.305,0.383,18.5,19.7,89,10.2,219,1010.8,1,"Parcialmente Nublado",21,0.223,0.675,0.302,0.373,4.5,81,0.232,0.661,0.295,0.366,4.5,16,0.253,0.7,0.309,0.391,4.5,70,0.218,0.652,0.294,0.358,4.5,23,5,76,252,6,89,256,11.1,25.1,4,6,4,6,14.2,0,1,8,5.9,6.13,4.43,4.13,50,10.9,39.1,41.3,20.9,10.4,9.9,25.8,,4.67,0.47,5.1,22.3,84,5,4,5,5,4.7,5.7,17,25,25,15.3,,,,87,5.1,4.78,22.3,48.4,29.3,0,22.2,0,,,22.3,5.1,4.7,17,4.7,0,1,13.43,9.43,5.01,5.25,54.2,16.7,31.3,31.3,14.1,10.9,10.5,27.3,,3,0.82,4.3,21.3,85,3,4,2,4,5.3,3.7,21,24,19,,,,,86,4.1,3.65,21.3,53.6,10.5,16,19.9,0,"Brandon Valenzuela",7.453755418731506,21.3,4.3,3.0,19,3.7,0,0,0.296,0.312,0.146,0.271,41.1,7.9,76.1,23,20.2,76.1,23.9,19.1,30.1,29.1,32.4,32.4,0.303,0.304,0.139,0.285,33.8,5.9,78.2,21,19.1,78.2,21.8,17.6,30.1,24.4,25.5,32.3,-4.3,-7.53,-3.3,-0.017,0.008,-0.07,-0.1,0,-0.01,-1,5.1,,0,0,"none","Scheduled",0,,,"fastball",48.4,"slider",29.3,,3.7668161434977576,16.47058823529412,"fastball",53.6,"changeup",19.9,,3.9906103286384975,19.767441860465116,84,"Normal",85.33333333333333,"Extra Rest","L","R",11.1,25.1,6,14.2,4,5574.444444444444,841.1111111111111,0,5977.777777777777,776.6666666666666,0,,,,,,,,,37.5,17.1,15.7,10.3,102,94,106
"823278","2026-07-10","Jake Cronenworth","San Diego Padres",9,"L","2B",0.179,0.276,0.269,0.545,0.252,0.09,153,24,3,0,3,21.6,9.8,0.25,0.697,0.417,10,6,2,0.592,0.339,0.296,0.154,22.4,17.9,78.8,78.8,21.2,,"Shane Bieber","R",0.267,0.444,0.633,0.852,"9:40 PM ET","San Diego Padres","Toronto Blue Jays","Petco Park","JP Sears",4.7,1.37,20.9,10.4,2,1,"15.1",14,3,5.11,3.5,-141,110,"rotowire","Shane Bieber",9,2.08,14.1,10.9,N/A,1,"13.0",9,3,4.33,4.5,107,-137,"rotowire",3.7,"Alta",25.1,3.77,"Moderada",14.2,3.9,0.671,0.3,0.371,20.7,4,0.688,0.305,0.383,18.5,19.7,89,10.2,219,1010.8,1,"Parcialmente Nublado",21,0.223,0.675,0.302,0.373,4.5,81,0.232,0.661,0.295,0.366,4.5,16,0.253,0.7,0.309,0.391,4.5,70,0.218,0.652,0.294,0.358,4.5,23,5,76,252,6,89,256,11.1,25.1,4,6,4,6,14.2,0,1,8,5.9,6.13,4.43,4.13,50,10.9,39.1,41.3,20.9,10.4,9.9,25.8,,4.67,0.47,5.1,22.3,84,5,4,5,5,4.7,5.7,17,25,25,15.3,,,,87,5.1,4.78,22.3,48.4,29.3,0,22.2,0,,,22.3,5.1,4.7,17,4.7,0,1,13.43,9.43,5.01,5.25,54.2,16.7,31.3,31.3,14.1,10.9,10.5,27.3,,3,0.82,4.3,21.3,85,3,4,2,4,5.3,3.7,21,24,19,,,,,86,4.1,3.65,21.3,53.6,10.5,16,19.9,0,"Brandon Valenzuela",7.453755418731506,21.3,4.3,3.0,19,3.7,0,0,0.296,0.312,0.146,0.271,41.1,7.9,76.1,23,20.2,76.1,23.9,19.1,30.1,29.1,32.4,32.4,0.303,0.304,0.139,0.285,33.8,5.9,78.2,21,19.1,78.2,21.8,17.6,30.1,24.4,25.5,32.3,-4.3,-7.53,-3.3,-0.017,0.008,-0.07,-0.1,0,-0.01,-1,5.1,,0,0,"none","Scheduled",0,,,"fastball",48.4,"slider",29.3,,3.7668161434977576,16.47058823529412,"fastball",53.6,"changeup",19.9,,3.9906103286384975,19.767441860465116,84,"Normal",85.33333333333333,"Extra Rest","L","R",11.1,25.1,6,14.2,4,5574.444444444444,841.1111111111111,0,5977.777777777777,776.6666666666666,0,,,,,,,,,37.5,17.1,15.7,10.3,102,94,106
"823278","2026-07-10","Vladimir Guerrero Jr.","Toronto Blue Jays",1,"R","1B",0.262,0.343,0.351,0.694,0.309,0.089,373,85,14,0,5,12.1,10.5,0.192,0.685,0.385,10,5,3,0.674,0.769,0.344,0.379,12,12.2,80.5,80.5,19.5,,"JP Sears","L",0.143,0.261,0.357,0.478,"9:40 PM ET","San Diego Padres","Toronto Blue Jays","Petco Park","JP Sears",4.7,1.37,20.9,10.4,2,1,"15.1",14,3,5.11,3.5,-141,110,"rotowire","Shane Bieber",9,2.08,14.1,10.9,N/A,1,"13.0",9,3,4.33,4.5,107,-137,"rotowire",3.7,"Alta",25.1,3.77,"Moderada",14.2,3.9,0.671,0.3,0.371,20.7,4,0.688,0.305,0.383,18.5,19.7,89,10.2,219,1010.8,1,"Parcialmente Nublado",21,0.223,0.675,0.302,0.373,4.5,81,0.232,0.661,0.295,0.366,4.5,16,0.253,0.7,0.309,0.391,4.5,70,0.218,0.652,0.294,0.358,4.5,23,5,76,252,6,89,256,11.1,25.1,4,6,4,6,14.2,0,1,8,5.9,6.13,4.43,4.13,50,10.9,39.1,41.3,20.9,10.4,9.9,25.8,,4.67,0.47,5.1,22.3,84,5,4,5,5,4.7,5.7,17,25,25,15.3,,,,87,5.1,4.78,22.3,48.4,29.3,0,22.2,0,,,22.3,5.1,4.7,17,4.7,0,1,13.43,9.43,5.01,5.25,54.2,16.7,31.3,31.3,14.1,10.9,10.5,27.3,,3,0.82,4.3,21.3,85,3,4,2,4,5.3,3.7,21,24,19,,,,,86,4.1,3.65,21.3,53.6,10.5,16,19.9,0,"Brandon Valenzuela",7.453755418731506,21.3,4.3,3.0,19,3.7,0,0,0.296,0.312,0.146,0.271,41.1,7.9,76.1,23,20.2,76.1,23.9,19.1,30.1,29.1,32.4,32.4,0.303,0.304,0.139,0.285,33.8,5.9,78.2,21,19.1,78.2,21.8,17.6,30.1,24.4,25.5,32.3,-4.3,-7.53,-3.3,-0.017,0.008,-0.07,-0.1,0,-0.01,-1,5.1,,0,0,"none","Scheduled",0,,,"fastball",48.4,"slider",29.3,,3.7668161434977576,16.47058823529412,"fastball",53.6,"changeup",19.9,,3.9906103286384975,19.767441860465116,84,"Normal",85.33333333333333,"Extra Rest","L","R",11.1,25.1,6,14.2,4,5574.444444444444,841.1111111111111,0,5977.777777777777,776.6666666666666,0,,,,,,,,,37.5,17.1,15.7,10.3,102,94,106
"823278","2026-07-10","Kazuma Okamoto","Toronto Blue Jays",2,"R","3B",0.237,0.314,0.462,0.776,0.337,0.225,369,78,11,0,21,30.9,8.9,0.25,0.74,0.464,13,7,2,0.768,0.803,0.458,0.474,33.1,23.5,65.6,65.6,34.4,,"JP Sears","L",0.143,0.261,0.357,0.478,"9:40 PM ET","San Diego Padres","Toronto Blue Jays","Petco Park","JP Sears",4.7,1.37,20.9,10.4,2,1,"15.1",14,3,5.11,3.5,-141,110,"rotowire","Shane Bieber",9,2.08,14.1,10.9,N/A,1,"13.0",9,3,4.33,4.5,107,-137,"rotowire",3.7,"Alta",25.1,3.77,"Moderada",14.2,3.9,0.671,0.3,0.371,20.7,4,0.688,0.305,0.383,18.5,19.7,89,10.2,219,1010.8,1,"Parcialmente Nublado",21,0.223,0.675,0.302,0.373,4.5,81,0.232,0.661,0.295,0.366,4.5,16,0.253,0.7,0.309,0.391,4.5,70,0.218,0.652,0.294,0.358,4.5,23,5,76,252,6,89,256,11.1,25.1,4,6,4,6,14.2,0,1,8,5.9,6.13,4.43,4.13,50,10.9,39.1,41.3,20.9,10.4,9.9,25.8,,4.67,0.47,5.1,22.3,84,5,4,5,5,4.7,5.7,17,25,25,15.3,,,,87,5.1,4.78,22.3,48.4,29.3,0,22.2,0,,,22.3,5.1,4.7,17,4.7,0,1,13.43,9.43,5.01,5.25,54.2,16.7,31.3,31.3,14.1,10.9,10.5,27.3,,3,0.82,4.3,21.3,85,3,4,2,4,5.3,3.7,21,24,19,,,,,86,4.1,3.65,21.3,53.6,10.5,16,19.9,0,"Brandon Valenzuela",7.453755418731506,21.3,4.3,3.0,19,3.7,0,0,0.296,0.312,0.146,0.271,41.1,7.9,76.1,23,20.2,76.1,23.9,19.1,30.1,29.1,32.4,32.4,0.303,0.304,0.139,0.285,33.8,5.9,78.2,21,19.1,78.2,21.8,17.6,30.1,24.4,25.5,32.3,-4.3,-7.53,-3.3,-0.017,0.008,-0.07,-0.1,0,-0.01,-1,5.1,,0,0,"none","Scheduled",0,,,"fastball",48.4,"slider",29.3,,3.7668161434977576,16.47058823529412,"fastball",53.6,"changeup",19.9,,3.9906103286384975,19.767441860465116,84,"Normal",85.33333333333333,"Extra Rest","L","R",11.1,25.1,6,14.2,4,5574.444444444444,841.1111111111111,0,5977.777777777777,776.6666666666666,0,,,,,,,,,37.5,17.1,15.7,10.3,102,94,106
"823278","2026-07-10","Ernie Clement","Toronto Blue Jays",3,"R","2B",0.297,0.318,0.43,0.748,0.324,0.133,359,102,23,1,7,9.5,3.3,0.296,0.666,0.37,10,8,2,0.734,0.784,0.42,0.457,8.9,10.9,83.8,83.8,16.2,,"JP Sears","L",0.143,0.261,0.357,0.478,"9:40 PM ET","San Diego Padres","Toronto Blue Jays","Petco Park","JP Sears",4.7,1.37,20.9,10.4,2,1,"15.1",14,3,5.11,3.5,-141,110,"rotowire","Shane Bieber",9,2.08,14.1,10.9,N/A,1,"13.0",9,3,4.33,4.5,107,-137,"rotowire",3.7,"Alta",25.1,3.77,"Moderada",14.2,3.9,0.671,0.3,0.371,20.7,4,0.688,0.305,0.383,18.5,19.7,89,10.2,219,1010.8,1,"Parcialmente Nublado",21,0.223,0.675,0.302,0.373,4.5,81,0.232,0.661,0.295,0.366,4.5,16,0.253,0.7,0.309,0.391,4.5,70,0.218,0.652,0.294,0.358,4.5,23,5,76,252,6,89,256,11.1,25.1,4,6,4,6,14.2,0,1,8,5.9,6.13,4.43,4.13,50,10.9,39.1,41.3,20.9,10.4,9.9,25.8,,4.67,0.47,5.1,22.3,84,5,4,5,5,4.7,5.7,17,25,25,15.3,,,,87,5.1,4.78,22.3,48.4,29.3,0,22.2,0,,,22.3,5.1,4.7,17,4.7,0,1,13.43,9.43,5.01,5.25,54.2,16.7,31.3,31.3,14.1,10.9,10.5,27.3,,3,0.82,4.3,21.3,85,3,4,2,4,5.3,3.7,21,24,19,,,,,86,4.1,3.65,21.3,53.6,10.5,16,19.9,0,"Brandon Valenzuela",7.453755418731506,21.3,4.3,3.0,19,3.7,0,0,0.296,0.312,0.146,0.271,41.1,7.9,76.1,23,20.2,76.1,23.9,19.1,30.1,29.1,32.4,32.4,0.303,0.304,0.139,0.285,33.8,5.9,78.2,21,19.1,78.2,21.8,17.6,30.1,24.4,25.5,32.3,-4.3,-7.53,-3.3,-0.017,0.008,-0.07,-0.1,0,-0.01,-1,5.1,,0,0,"none","Scheduled",0,,,"fastball",48.4,"slider",29.3,,3.7668161434977576,16.47058823529412,"fastball",53.6,"changeup",19.9,,3.9906103286384975,19.767441860465116,84,"Normal",85.33333333333333,"Extra Rest","L","R",11.1,25.1,6,14.2,4,5574.444444444444,841.1111111111111,0,5977.777777777777,776.6666666666666,0,,,,,,,,,37.5,17.1,15.7,10.3,102,94,106
"823278","2026-07-10","Andrés Giménez","Toronto Blue Jays",4,"L","SS",0.234,0.28,0.365,0.645,0.284,0.131,306,66,14,1,7,19.6,3.6,0.136,0.39,0.182,4,3,1,0.667,0.577,0.382,0.314,21.8,13,75.1,75.1,24.9,,"JP Sears","L",0.143,0.261,0.357,0.478,"9:40 PM ET","San Diego Padres","Toronto Blue Jays","Petco Park","JP Sears",4.7,1.37,20.9,10.4,2,1,"15.1",14,3,5.11,3.5,-141,110,"rotowire","Shane Bieber",9,2.08,14.1,10.9,N/A,1,"13.0",9,3,4.33,4.5,107,-137,"rotowire",3.7,"Alta",25.1,3.77,"Moderada",14.2,3.9,0.671,0.3,0.371,20.7,4,0.688,0.305,0.383,18.5,19.7,89,10.2,219,1010.8,1,"Parcialmente Nublado",21,0.223,0.675,0.302,0.373,4.5,81,0.232,0.661,0.295,0.366,4.5,16,0.253,0.7,0.309,0.391,4.5,70,0.218,0.652,0.294,0.358,4.5,23,5,76,252,6,89,256,11.1,25.1,4,6,4,6,14.2,0,1,8,5.9,6.13,4.43,4.13,50,10.9,39.1,41.3,20.9,10.4,9.9,25.8,,4.67,0.47,5.1,22.3,84,5,4,5,5,4.7,5.7,17,25,25,15.3,,,,87,5.1,4.78,22.3,48.4,29.3,0,22.2,0,,,22.3,5.1,4.7,17,4.7,0,1,13.43,9.43,5.01,5.25,54.2,16.7,31.3,31.3,14.1,10.9,10.5,27.3,,3,0.82,4.3,21.3,85,3,4,2,4,5.3,3.7,21,24,19,,,,,86,4.1,3.65,21.3,53.6,10.5,16,19.9,0,"Brandon Valenzuela",7.453755418731506,21.3,4.3,3.0,19,3.7,0,0,0.296,0.312,0.146,0.271,41.1,7.9,76.1,23,20.2,76.1,23.9,19.1,30.1,29.1,32.4,32.4,0.303,0.304,0.139,0.285,33.8,5.9,78.2,21,19.1,78.2,21.8,17.6,30.1,24.4,25.5,32.3,-4.3,-7.53,-3.3,-0.017,0.008,-0.07,-0.1,0,-0.01,-1,5.1,,0,0,"none","Scheduled",0,,,"fastball",48.4,"slider",29.3,,3.7668161434977576,16.47058823529412,"fastball",53.6,"changeup",19.9,,3.9906103286384975,19.767441860465116,84,"Normal",85.33333333333333,"Extra Rest","L","R",11.1,25.1,6,14.2,4,5574.444444444444,841.1111111111111,0,5977.777777777777,776.6666666666666,0,,,,,,,,,37.5,17.1,15.7,10.3,102,94,106
"823278","2026-07-10","Daulton Varsho","Toronto Blue Jays",5,"L","CF",0.246,0.314,0.399,0.713,0.31,0.153,296,66,16,2,7,20.3,8.4,0.125,0.285,0.125,3,3,0,0.692,0.786,0.386,0.443,20.1,20.9,78.6,78.6,21.4,,"JP Sears","L",0.143,0.261,0.357,0.478,"9:40 PM ET","San Diego Padres","Toronto Blue Jays","Petco Park","JP Sears",4.7,1.37,20.9,10.4,2,1,"15.1",14,3,5.11,3.5,-141,110,"rotowire","Shane Bieber",9,2.08,14.1,10.9,N/A,1,"13.0",9,3,4.33,4.5,107,-137,"rotowire",3.7,"Alta",25.1,3.77,"Moderada",14.2,3.9,0.671,0.3,0.371,20.7,4,0.688,0.305,0.383,18.5,19.7,89,10.2,219,1010.8,1,"Parcialmente Nublado",21,0.223,0.675,0.302,0.373,4.5,81,0.232,0.661,0.295,0.366,4.5,16,0.253,0.7,0.309,0.391,4.5,70,0.218,0.652,0.294,0.358,4.5,23,5,76,252,6,89,256,11.1,25.1,4,6,4,6,14.2,0,1,8,5.9,6.13,4.43,4.13,50,10.9,39.1,41.3,20.9,10.4,9.9,25.8,,4.67,0.47,5.1,22.3,84,5,4,5,5,4.7,5.7,17,25,25,15.3,,,,87,5.1,4.78,22.3,48.4,29.3,0,22.2,0,,,22.3,5.1,4.7,17,4.7,0,1,13.43,9.43,5.01,5.25,54.2,16.7,31.3,31.3,14.1,10.9,10.5,27.3,,3,0.82,4.3,21.3,85,3,4,2,4,5.3,3.7,21,24,19,,,,,86,4.1,3.65,21.3,53.6,10.5,16,19.9,0,"Brandon Valenzuela",7.453755418731506,21.3,4.3,3.0,19,3.7,0,0,0.296,0.312,0.146,0.271,41.1,7.9,76.1,23,20.2,76.1,23.9,19.1,30.1,29.1,32.4,32.4,0.303,0.304,0.139,0.285,33.8,5.9,78.2,21,19.1,78.2,21.8,17.6,30.1,24.4,25.5,32.3,-4.3,-7.53,-3.3,-0.017,0.008,-0.07,-0.1,0,-0.01,-1,5.1,,0,0,"none","Scheduled",0,,,"fastball",48.4,"slider",29.3,,3.7668161434977576,16.47058823529412,"fastball",53.6,"changeup",19.9,,3.9906103286384975,19.767441860465116,84,"Normal",85.33333333333333,"Extra Rest","L","R",11.1,25.1,6,14.2,4,5574.444444444444,841.1111111111111,0,5977.777777777777,776.6666666666666,0,,,,,,,,,37.5,17.1,15.7,10.3,102,94,106
"823278","2026-07-10","George Springer","Toronto Blue Jays",6,"R","DH",0.222,0.31,0.383,0.693,0.307,0.161,284,55,11,1,9,20.1,10.2,0.179,0.59,0.357,10,5,2,0.652,0.805,0.361,0.446,19.5,21.5,76.9,76.9,23.1,,"JP Sears","L",0.143,0.261,0.357,0.478,"9:40 PM ET","San Diego Padres","Toronto Blue Jays","Petco Park","JP Sears",4.7,1.37,20.9,10.4,2,1,"15.1",14,3,5.11,3.5,-141,110,"rotowire","Shane Bieber",9,2.08,14.1,10.9,N/A,1,"13.0",9,3,4.33,4.5,107,-137,"rotowire",3.7,"Alta",25.1,3.77,"Moderada",14.2,3.9,0.671,0.3,0.371,20.7,4,0.688,0.305,0.383,18.5,19.7,89,10.2,219,1010.8,1,"Parcialmente Nublado",21,0.223,0.675,0.302,0.373,4.5,81,0.232,0.661,0.295,0.366,4.5,16,0.253,0.7,0.309,0.391,4.5,70,0.218,0.652,0.294,0.358,4.5,23,5,76,252,6,89,256,11.1,25.1,4,6,4,6,14.2,0,1,8,5.9,6.13,4.43,4.13,50,10.9,39.1,41.3,20.9,10.4,9.9,25.8,,4.67,0.47,5.1,22.3,84,5,4,5,5,4.7,5.7,17,25,25,15.3,,,,87,5.1,4.78,22.3,48.4,29.3,0,22.2,0,,,22.3,5.1,4.7,17,4.7,0,1,13.43,9.43,5.01,5.25,54.2,16.7,31.3,31.3,14.1,10.9,10.5,27.3,,3,0.82,4.3,21.3,85,3,4,2,4,5.3,3.7,21,24,19,,,,,86,4.1,3.65,21.3,53.6,10.5,16,19.9,0,"Brandon Valenzuela",7.453755418731506,21.3,4.3,3.0,19,3.7,0,0,0.296,0.312,0.146,0.271,41.1,7.9,76.1,23,20.2,76.1,23.9,19.1,30.1,29.1,32.4,32.4,0.303,0.304,0.139,0.285,33.8,5.9,78.2,21,19.1,78.2,21.8,17.6,30.1,24.4,25.5,32.3,-4.3,-7.53,-3.3,-0.017,0.008,-0.07,-0.1,0,-0.01,-1,5.1,,0,0,"none","Scheduled",0,,,"fastball",48.4,"slider",29.3,,3.7668161434977576,16.47058823529412,"fastball",53.6,"changeup",19.9,,3.9906103286384975,19.767441860465116,84,"Normal",85.33333333333333,"Extra Rest","L","R",11.1,25.1,6,14.2,4,5574.444444444444,841.1111111111111,0,5977.777777777777,776.6666666666666,0,,,,,,,,,37.5,17.1,15.7,10.3,102,94,106
"823278","2026-07-10","Nathan Lukes","Toronto Blue Jays",7,"L","RF",0.289,0.343,0.395,0.738,0.326,0.106,210,55,8,0,4,14.8,5.7,0.25,0.573,0.25,7,7,0,0.825,0.297,0.453,0.097,12.6,25.7,81.5,81.5,18.5,,"JP Sears","L",0.143,0.261,0.357,0.478,"9:40 PM ET","San Diego Padres","Toronto Blue Jays","Petco Park","JP Sears",4.7,1.37,20.9,10.4,2,1,"15.1",14,3,5.11,3.5,-141,110,"rotowire","Shane Bieber",9,2.08,14.1,10.9,N/A,1,"13.0",9,3,4.33,4.5,107,-137,"rotowire",3.7,"Alta",25.1,3.77,"Moderada",14.2,3.9,0.671,0.3,0.371,20.7,4,0.688,0.305,0.383,18.5,19.7,89,10.2,219,1010.8,1,"Parcialmente Nublado",21,0.223,0.675,0.302,0.373,4.5,81,0.232,0.661,0.295,0.366,4.5,16,0.253,0.7,0.309,0.391,4.5,70,0.218,0.652,0.294,0.358,4.5,23,5,76,252,6,89,256,11.1,25.1,4,6,4,6,14.2,0,1,8,5.9,6.13,4.43,4.13,50,10.9,39.1,41.3,20.9,10.4,9.9,25.8,,4.67,0.47,5.1,22.3,84,5,4,5,5,4.7,5.7,17,25,25,15.3,,,,87,5.1,4.78,22.3,48.4,29.3,0,22.2,0,,,22.3,5.1,4.7,17,4.7,0,1,13.43,9.43,5.01,5.25,54.2,16.7,31.3,31.3,14.1,10.9,10.5,27.3,,3,0.82,4.3,21.3,85,3,4,2,4,5.3,3.7,21,24,19,,,,,86,4.1,3.65,21.3,53.6,10.5,16,19.9,0,"Brandon Valenzuela",7.453755418731506,21.3,4.3,3.0,19,3.7,0,0,0.296,0.312,0.146,0.271,41.1,7.9,76.1,23,20.2,76.1,23.9,19.1,30.1,29.1,32.4,32.4,0.303,0.304,0.139,0.285,33.8,5.9,78.2,21,19.1,78.2,21.8,17.6,30.1,24.4,25.5,32.3,-4.3,-7.53,-3.3,-0.017,0.008,-0.07,-0.1,0,-0.01,-1,5.1,,0,0,"none","Scheduled",0,,,"fastball",48.4,"slider",29.3,,3.7668161434977576,16.47058823529412,"fastball",53.6,"changeup",19.9,,3.9906103286384975,19.767441860465116,84,"Normal",85.33333333333333,"Extra Rest","L","R",11.1,25.1,6,14.2,4,5574.444444444444,841.1111111111111,0,5977.777777777777,776.6666666666666,0,,,,,,,,,37.5,17.1,15.7,10.3,102,94,106
"823278","2026-07-10","Brandon Valenzuela","Toronto Blue Jays",8,"S","C",0.241,0.324,0.411,0.735,0.324,0.17,180,38,6,0,7,25,11.1,0.1,0.317,0.1,2,2,0,0.733,0.742,0.41,0.415,25.2,24.5,74.8,74.8,25.2,,"JP Sears","L",0.143,0.261,0.357,0.478,"9:40 PM ET","San Diego Padres","Toronto Blue Jays","Petco Park","JP Sears",4.7,1.37,20.9,10.4,2,1,"15.1",14,3,5.11,3.5,-141,110,"rotowire","Shane Bieber",9,2.08,14.1,10.9,N/A,1,"13.0",9,3,4.33,4.5,107,-137,"rotowire",3.7,"Alta",25.1,3.77,"Moderada",14.2,3.9,0.671,0.3,0.371,20.7,4,0.688,0.305,0.383,18.5,19.7,89,10.2,219,1010.8,1,"Parcialmente Nublado",21,0.223,0.675,0.302,0.373,4.5,81,0.232,0.661,0.295,0.366,4.5,16,0.253,0.7,0.309,0.391,4.5,70,0.218,0.652,0.294,0.358,4.5,23,5,76,252,6,89,256,11.1,25.1,4,6,4,6,14.2,0,1,8,5.9,6.13,4.43,4.13,50,10.9,39.1,41.3,20.9,10.4,9.9,25.8,,4.67,0.47,5.1,22.3,84,5,4,5,5,4.7,5.7,17,25,25,15.3,,,,87,5.1,4.78,22.3,48.4,29.3,0,22.2,0,,,22.3,5.1,4.7,17,4.7,0,1,13.43,9.43,5.01,5.25,54.2,16.7,31.3,31.3,14.1,10.9,10.5,27.3,,3,0.82,4.3,21.3,85,3,4,2,4,5.3,3.7,21,24,19,,,,,86,4.1,3.65,21.3,53.6,10.5,16,19.9,0,"Brandon Valenzuela",7.453755418731506,21.3,4.3,3.0,19,3.7,0,0,0.296,0.312,0.146,0.271,41.1,7.9,76.1,23,20.2,76.1,23.9,19.1,30.1,29.1,32.4,32.4,0.303,0.304,0.139,0.285,33.8,5.9,78.2,21,19.1,78.2,21.8,17.6,30.1,24.4,25.5,32.3,-4.3,-7.53,-3.3,-0.017,0.008,-0.07,-0.1,0,-0.01,-1,5.1,,0,0,"none","Scheduled",0,,,"fastball",48.4,"slider",29.3,,3.7668161434977576,16.47058823529412,"fastball",53.6,"changeup",19.9,,3.9906103286384975,19.767441860465116,84,"Normal",85.33333333333333,"Extra Rest","L","R",11.1,25.1,6,14.2,4,5574.444444444444,841.1111111111111,0,5977.777777777777,776.6666666666666,0,,,,,,,,,37.5,17.1,15.7,10.3,102,94,106
"823278","2026-07-10","Myles Straw","Toronto Blue Jays",9,"R","RF",0.229,0.288,0.336,0.624,0.28,0.107,158,32,6,0,3,13.9,8.2,0.143,0.714,0.571,4,1,1,0.625,0.625,0.317,0.35,6.1,19.6,87.4,87.4,12.6,,"JP Sears","L",0.143,0.261,0.357,0.478,"9:40 PM ET","San Diego Padres","Toronto Blue Jays","Petco Park","JP Sears",4.7,1.37,20.9,10.4,2,1,"15.1",14,3,5.11,3.5,-141,110,"rotowire","Shane Bieber",9,2.08,14.1,10.9,N/A,1,"13.0",9,3,4.33,4.5,107,-137,"rotowire",3.7,"Alta",25.1,3.77,"Moderada",14.2,3.9,0.671,0.3,0.371,20.7,4,0.688,0.305,0.383,18.5,19.7,89,10.2,219,1010.8,1,"Parcialmente Nublado",21,0.223,0.675,0.302,0.373,4.5,81,0.232,0.661,0.295,0.366,4.5,16,0.253,0.7,0.309,0.391,4.5,70,0.218,0.652,0.294,0.358,4.5,23,5,76,252,6,89,256,11.1,25.1,4,6,4,6,14.2,0,1,8,5.9,6.13,4.43,4.13,50,10.9,39.1,41.3,20.9,10.4,9.9,25.8,,4.67,0.47,5.1,22.3,84,5,4,5,5,4.7,5.7,17,25,25,15.3,,,,87,5.1,4.78,22.3,48.4,29.3,0,22.2,0,,,22.3,5.1,4.7,17,4.7,0,1,13.43,9.43,5.01,5.25,54.2,16.7,31.3,31.3,14.1,10.9,10.5,27.3,,3,0.82,4.3,21.3,85,3,4,2,4,5.3,3.7,21,24,19,,,,,86,4.1,3.65,21.3,53.6,10.5,16,19.9,0,"Brandon Valenzuela",7.453755418731506,21.3,4.3,3.0,19,3.7,0,0,0.296,0.312,0.146,0.271,41.1,7.9,76.1,23,20.2,76.1,23.9,19.1,30.1,29.1,32.4,32.4,0.303,0.304,0.139,0.285,33.8,5.9,78.2,21,19.1,78.2,21.8,17.6,30.1,24.4,25.5,32.3,-4.3,-7.53,-3.3,-0.017,0.008,-0.07,-0.1,0,-0.01,-1,5.1,,0,0,"none","Scheduled",0,,,"fastball",48.4,"slider",29.3,,3.7668161434977576,16.47058823529412,"fastball",53.6,"changeup",19.9,,3.9906103286384975,19.767441860465116,84,"Normal",85.33333333333333,"Extra Rest","L","R",11.1,25.1,6,14.2,4,5574.444444444444,841.1111111111111,0,5977.777777777777,776.6666666666666,0,,,,,,,,,37.5,17.1,15.7,10.3,102,94,106
"823927","2026-07-10","Andy Pages","Los Angeles Dodgers",1,"R","CF",0.263,0.328,0.462,0.79,0.343,0.199,399,94,21,1,16,19.3,8,0.143,0.523,0.19,4,3,1,0.782,0.813,0.46,0.467,19.5,18.7,77.9,77.9,22.1,,"Eduardo Rodriguez","L",0.214,0.221,0.308,0.379,"10:10 PM ET","Los Angeles Dodgers","Arizona Diamondbacks","UNIQLO Field at Dodger Stadium","Shohei Ohtani",1.79,0.95,27.9,7.6,8,2,"85.2",95,14,6.12,6.5,121,-155,"rotowire","Eduardo Rodriguez",2.25,1.16,16.9,8.7,7,3,"108.0",74,18,6.00,4.5,128,-163,"rotowire",3.74,"Moderada",17.2,4.13,"Moderada",26.1,5.3,0.783,0.346,0.437,21.2,4.2,0.69,0.307,0.383,17.0,24.1,66,8.4,239,1009.5,0,"Cielo Despejado",25.4,0.269,0.793,0.351,0.442,4.5,91,0.251,0.758,0.335,0.423,4.5,33,0.224,0.658,0.297,0.361,4.5,59,0.273,0.775,0.334,0.441,4.5,25,7,110,290,5,102,288,5,17.2,0,4,8,7.2,26.1,2,6,6,2.7,2.71,2.79,3.28,33.8,3.8,52.1,20.2,27.9,7.6,14.4,31.6,,6.8,1.47,6.1,25.4,96,9,8,5,6,6,6,27,24,27,33.3,6,20,20,95,6,6.6,25.4,51,30.5,10,0,8.5,"Dalton Rushing",-3.544094580351676,26.0,6.0,7.3,24,6,0,0,5.01,4.09,4.04,4.47,37.2,9.2,41.5,28,16.9,8.7,9,26.4,,3.4,1.5,5.9,23.2,95,3,1,5,6,7,6.7,23,26,25,18.4,4,22,22,93,5.2,4.55,23.2,59.9,0,13.1,27.1,0,"Gabriel Moreno",3.0036341438004746,24.7,6.6,3.0,23,6,0,0,0.343,0.348,0.173,0.309,43.7,10.1,74.7,20.2,23.4,74.7,25.3,19.1,34.6,28,30.2,42.2,0.304,0.313,0.146,0.278,35.2,7.1,79.1,20.6,19.4,79.1,20.9,15.8,27.7,23,27.6,33.5,-0.46,-2.31,-1.38,0.093,0.035,-0.39,1.1,0,0.15,2,-2.2,,0,0,"none","Scheduled",0,,,"fastball",51,"slider",30.5,,3.7795275590551185,15.737704918032788,"fastball",59.9,"changeup",27.1,,4.094827586206897,16.101694915254235,96.66666666666667,"Extra Rest",96,"Normal","R","L",5,17.2,7.2,26.1,0,5294.444444444444,1070,0,6100,886.6666666666666,0,,,,,,,,,24.6,16.8,32.2,17,101,102,126
"823927","2026-07-10","Freddie Freeman","Los Angeles Dodgers",2,"L","1B",0.296,0.382,0.499,0.881,0.382,0.203,398,102,23,1,15,16.1,11.8,0.31,0.803,0.448,13,9,2,0.946,0.735,0.542,0.402,14.5,19.5,78.3,78.3,21.7,,"Eduardo Rodriguez","L",0.214,0.221,0.308,0.379,"10:10 PM ET","Los Angeles Dodgers","Arizona Diamondbacks","UNIQLO Field at Dodger Stadium","Shohei Ohtani",1.79,0.95,27.9,7.6,8,2,"85.2",95,14,6.12,6.5,121,-155,"rotowire","Eduardo Rodriguez",2.25,1.16,16.9,8.7,7,3,"108.0",74,18,6.00,4.5,128,-163,"rotowire",3.74,"Moderada",17.2,4.13,"Moderada",26.1,5.3,0.783,0.346,0.437,21.2,4.2,0.69,0.307,0.383,17.0,24.1,66,8.4,239,1009.5,0,"Cielo Despejado",25.4,0.269,0.793,0.351,0.442,4.5,91,0.251,0.758,0.335,0.423,4.5,33,0.224,0.658,0.297,0.361,4.5,59,0.273,0.775,0.334,0.441,4.5,25,7,110,290,5,102,288,5,17.2,0,4,8,7.2,26.1,2,6,6,2.7,2.71,2.79,3.28,33.8,3.8,52.1,20.2,27.9,7.6,14.4,31.6,,6.8,1.47,6.1,25.4,96,9,8,5,6,6,6,27,24,27,33.3,6,20,20,95,6,6.6,25.4,51,30.5,10,0,8.5,"Dalton Rushing",-3.544094580351676,26.0,6.0,7.3,24,6,0,0,5.01,4.09,4.04,4.47,37.2,9.2,41.5,28,16.9,8.7,9,26.4,,3.4,1.5,5.9,23.2,95,3,1,5,6,7,6.7,23,26,25,18.4,4,22,22,93,5.2,4.55,23.2,59.9,0,13.1,27.1,0,"Gabriel Moreno",3.0036341438004746,24.7,6.6,3.0,23,6,0,0,0.343,0.348,0.173,0.309,43.7,10.1,74.7,20.2,23.4,74.7,25.3,19.1,34.6,28,30.2,42.2,0.304,0.313,0.146,0.278,35.2,7.1,79.1,20.6,19.4,79.1,20.9,15.8,27.7,23,27.6,33.5,-0.46,-2.31,-1.38,0.093,0.035,-0.39,1.1,0,0.15,2,-2.2,,0,0,"none","Scheduled",0,,,"fastball",51,"slider",30.5,,3.7795275590551185,15.737704918032788,"fastball",59.9,"changeup",27.1,,4.094827586206897,16.101694915254235,96.66666666666667,"Extra Rest",96,"Normal","R","L",5,17.2,7.2,26.1,0,5294.444444444444,1070,0,6100,886.6666666666666,0,,,,,,,,,24.6,16.8,32.2,17,101,102,126
"823927","2026-07-10","Shohei Ohtani","Los Angeles Dodgers",3,"L","TWP",0.29,0.405,0.534,0.939,0.399,0.244,395,94,15,2,20,22.8,15.2,0.222,0.767,0.444,12,6,2,0.971,0.865,0.543,0.515,22.4,23.7,71.5,71.5,28.5,,"Eduardo Rodriguez","L",0.214,0.221,0.308,0.379,"10:10 PM ET","Los Angeles Dodgers","Arizona Diamondbacks","UNIQLO Field at Dodger Stadium","Shohei Ohtani",1.79,0.95,27.9,7.6,8,2,"85.2",95,14,6.12,6.5,121,-155,"rotowire","Eduardo Rodriguez",2.25,1.16,16.9,8.7,7,3,"108.0",74,18,6.00,4.5,128,-163,"rotowire",3.74,"Moderada",17.2,4.13,"Moderada",26.1,5.3,0.783,0.346,0.437,21.2,4.2,0.69,0.307,0.383,17.0,24.1,66,8.4,239,1009.5,0,"Cielo Despejado",25.4,0.269,0.793,0.351,0.442,4.5,91,0.251,0.758,0.335,0.423,4.5,33,0.224,0.658,0.297,0.361,4.5,59,0.273,0.775,0.334,0.441,4.5,25,7,110,290,5,102,288,5,17.2,0,4,8,7.2,26.1,2,6,6,2.7,2.71,2.79,3.28,33.8,3.8,52.1,20.2,27.9,7.6,14.4,31.6,,6.8,1.47,6.1,25.4,96,9,8,5,6,6,6,27,24,27,33.3,6,20,20,95,6,6.6,25.4,51,30.5,10,0,8.5,"Dalton Rushing",-3.544094580351676,26.0,6.0,7.3,24,6,0,0,5.01,4.09,4.04,4.47,37.2,9.2,41.5,28,16.9,8.7,9,26.4,,3.4,1.5,5.9,23.2,95,3,1,5,6,7,6.7,23,26,25,18.4,4,22,22,93,5.2,4.55,23.2,59.9,0,13.1,27.1,0,"Gabriel Moreno",3.0036341438004746,24.7,6.6,3.0,23,6,0,0,0.343,0.348,0.173,0.309,43.7,10.1,74.7,20.2,23.4,74.7,25.3,19.1,34.6,28,30.2,42.2,0.304,0.313,0.146,0.278,35.2,7.1,79.1,20.6,19.4,79.1,20.9,15.8,27.7,23,27.6,33.5,-0.46,-2.31,-1.38,0.093,0.035,-0.39,1.1,0,0.15,2,-2.2,,0,0,"none","Scheduled",0,,,"fastball",51,"slider",30.5,,3.7795275590551185,15.737704918032788,"fastball",59.9,"changeup",27.1,,4.094827586206897,16.101694915254235,96.66666666666667,"Extra Rest",96,"Normal","R","L",5,17.2,7.2,26.1,0,5294.444444444444,1070,0,6100,886.6666666666666,0,,,,,,,,,24.6,16.8,32.2,17,101,102,126
"823927","2026-07-10","Kyle Tucker","Los Angeles Dodgers",4,"L","RF",0.249,0.349,0.382,0.731,0.327,0.133,370,79,17,2,7,20,13,0.375,0.84,0.417,10,9,1,0.715,0.769,0.37,0.411,20.1,19.8,76.3,76.3,23.7,,"Eduardo Rodriguez","L",0.214,0.221,0.308,0.379,"10:10 PM ET","Los Angeles Dodgers","Arizona Diamondbacks","UNIQLO Field at Dodger Stadium","Shohei Ohtani",1.79,0.95,27.9,7.6,8,2,"85.2",95,14,6.12,6.5,121,-155,"rotowire","Eduardo Rodriguez",2.25,1.16,16.9,8.7,7,3,"108.0",74,18,6.00,4.5,128,-163,"rotowire",3.74,"Moderada",17.2,4.13,"Moderada",26.1,5.3,0.783,0.346,0.437,21.2,4.2,0.69,0.307,0.383,17.0,24.1,66,8.4,239,1009.5,0,"Cielo Despejado",25.4,0.269,0.793,0.351,0.442,4.5,91,0.251,0.758,0.335,0.423,4.5,33,0.224,0.658,0.297,0.361,4.5,59,0.273,0.775,0.334,0.441,4.5,25,7,110,290,5,102,288,5,17.2,0,4,8,7.2,26.1,2,6,6,2.7,2.71,2.79,3.28,33.8,3.8,52.1,20.2,27.9,7.6,14.4,31.6,,6.8,1.47,6.1,25.4,96,9,8,5,6,6,6,27,24,27,33.3,6,20,20,95,6,6.6,25.4,51,30.5,10,0,8.5,"Dalton Rushing",-3.544094580351676,26.0,6.0,7.3,24,6,0,0,5.01,4.09,4.04,4.47,37.2,9.2,41.5,28,16.9,8.7,9,26.4,,3.4,1.5,5.9,23.2,95,3,1,5,6,7,6.7,23,26,25,18.4,4,22,22,93,5.2,4.55,23.2,59.9,0,13.1,27.1,0,"Gabriel Moreno",3.0036341438004746,24.7,6.6,3.0,23,6,0,0,0.343,0.348,0.173,0.309,43.7,10.1,74.7,20.2,23.4,74.7,25.3,19.1,34.6,28,30.2,42.2,0.304,0.313,0.146,0.278,35.2,7.1,79.1,20.6,19.4,79.1,20.9,15.8,27.7,23,27.6,33.5,-0.46,-2.31,-1.38,0.093,0.035,-0.39,1.1,0,0.15,2,-2.2,,0,0,"none","Scheduled",0,,,"fastball",51,"slider",30.5,,3.7795275590551185,15.737704918032788,"fastball",59.9,"changeup",27.1,,4.094827586206897,16.101694915254235,96.66666666666667,"Extra Rest",96,"Normal","R","L",5,17.2,7.2,26.1,0,5294.444444444444,1070,0,6100,886.6666666666666,0,,,,,,,,,24.6,16.8,32.2,17,101,102,126
"823927","2026-07-10","Max Muncy","Los Angeles Dodgers",5,"L","3B",0.265,0.359,0.498,0.857,0.368,0.233,329,76,14,1,17,23.4,11.9,0.261,0.694,0.348,8,6,2,0.835,0.927,0.477,0.567,22.8,25.3,72.3,72.3,27.7,,"Eduardo Rodriguez","L",0.214,0.221,0.308,0.379,"10:10 PM ET","Los Angeles Dodgers","Arizona Diamondbacks","UNIQLO Field at Dodger Stadium","Shohei Ohtani",1.79,0.95,27.9,7.6,8,2,"85.2",95,14,6.12,6.5,121,-155,"rotowire","Eduardo Rodriguez",2.25,1.16,16.9,8.7,7,3,"108.0",74,18,6.00,4.5,128,-163,"rotowire",3.74,"Moderada",17.2,4.13,"Moderada",26.1,5.3,0.783,0.346,0.437,21.2,4.2,0.69,0.307,0.383,17.0,24.1,66,8.4,239,1009.5,0,"Cielo Despejado",25.4,0.269,0.793,0.351,0.442,4.5,91,0.251,0.758,0.335,0.423,4.5,33,0.224,0.658,0.297,0.361,4.5,59,0.273,0.775,0.334,0.441,4.5,25,7,110,290,5,102,288,5,17.2,0,4,8,7.2,26.1,2,6,6,2.7,2.71,2.79,3.28,33.8,3.8,52.1,20.2,27.9,7.6,14.4,31.6,,6.8,1.47,6.1,25.4,96,9,8,5,6,6,6,27,24,27,33.3,6,20,20,95,6,6.6,25.4,51,30.5,10,0,8.5,"Dalton Rushing",-3.544094580351676,26.0,6.0,7.3,24,6,0,0,5.01,4.09,4.04,4.47,37.2,9.2,41.5,28,16.9,8.7,9,26.4,,3.4,1.5,5.9,23.2,95,3,1,5,6,7,6.7,23,26,25,18.4,4,22,22,93,5.2,4.55,23.2,59.9,0,13.1,27.1,0,"Gabriel Moreno",3.0036341438004746,24.7,6.6,3.0,23,6,0,0,0.343,0.348,0.173,0.309,43.7,10.1,74.7,20.2,23.4,74.7,25.3,19.1,34.6,28,30.2,42.2,0.304,0.313,0.146,0.278,35.2,7.1,79.1,20.6,19.4,79.1,20.9,15.8,27.7,23,27.6,33.5,-0.46,-2.31,-1.38,0.093,0.035,-0.39,1.1,0,0.15,2,-2.2,,0,0,"none","Scheduled",0,,,"fastball",51,"slider",30.5,,3.7795275590551185,15.737704918032788,"fastball",59.9,"changeup",27.1,,4.094827586206897,16.101694915254235,96.66666666666667,"Extra Rest",96,"Normal","R","L",5,17.2,7.2,26.1,0,5294.444444444444,1070,0,6100,886.6666666666666,0,,,,,,,,,24.6,16.8,32.2,17,101,102,126
"823927","2026-07-10","Mookie Betts","Los Angeles Dodgers",6,"R","SS",0.237,0.297,0.425,0.722,0.313,0.188,249,54,10,0,11,11.6,7.6,0.25,0.68,0.357,10,7,3,0.778,0.591,0.466,0.328,12.7,9.2,87.5,87.5,12.5,,"Eduardo Rodriguez","L",0.214,0.221,0.308,0.379,"10:10 PM ET","Los Angeles Dodgers","Arizona Diamondbacks","UNIQLO Field at Dodger Stadium","Shohei Ohtani",1.79,0.95,27.9,7.6,8,2,"85.2",95,14,6.12,6.5,121,-155,"rotowire","Eduardo Rodriguez",2.25,1.16,16.9,8.7,7,3,"108.0",74,18,6.00,4.5,128,-163,"rotowire",3.74,"Moderada",17.2,4.13,"Moderada",26.1,5.3,0.783,0.346,0.437,21.2,4.2,0.69,0.307,0.383,17.0,24.1,66,8.4,239,1009.5,0,"Cielo Despejado",25.4,0.269,0.793,0.351,0.442,4.5,91,0.251,0.758,0.335,0.423,4.5,33,0.224,0.658,0.297,0.361,4.5,59,0.273,0.775,0.334,0.441,4.5,25,7,110,290,5,102,288,5,17.2,0,4,8,7.2,26.1,2,6,6,2.7,2.71,2.79,3.28,33.8,3.8,52.1,20.2,27.9,7.6,14.4,31.6,,6.8,1.47,6.1,25.4,96,9,8,5,6,6,6,27,24,27,33.3,6,20,20,95,6,6.6,25.4,51,30.5,10,0,8.5,"Dalton Rushing",-3.544094580351676,26.0,6.0,7.3,24,6,0,0,5.01,4.09,4.04,4.47,37.2,9.2,41.5,28,16.9,8.7,9,26.4,,3.4,1.5,5.9,23.2,95,3,1,5,6,7,6.7,23,26,25,18.4,4,22,22,93,5.2,4.55,23.2,59.9,0,13.1,27.1,0,"Gabriel Moreno",3.0036341438004746,24.7,6.6,3.0,23,6,0,0,0.343,0.348,0.173,0.309,43.7,10.1,74.7,20.2,23.4,74.7,25.3,19.1,34.6,28,30.2,42.2,0.304,0.313,0.146,0.278,35.2,7.1,79.1,20.6,19.4,79.1,20.9,15.8,27.7,23,27.6,33.5,-0.46,-2.31,-1.38,0.093,0.035,-0.39,1.1,0,0.15,2,-2.2,,0,0,"none","Scheduled",0,,,"fastball",51,"slider",30.5,,3.7795275590551185,15.737704918032788,"fastball",59.9,"changeup",27.1,,4.094827586206897,16.101694915254235,96.66666666666667,"Extra Rest",96,"Normal","R","L",5,17.2,7.2,26.1,0,5294.444444444444,1070,0,6100,886.6666666666666,0,,,,,,,,,24.6,16.8,32.2,17,101,102,126
"823927","2026-07-10","Teoscar Hernández","Los Angeles Dodgers",7,"R","LF",0.255,0.329,0.406,0.735,0.324,0.151,240,54,8,0,8,27.5,9.6,0.087,0.409,0.217,5,2,1,0.722,0.769,0.406,0.404,28.8,23.8,68.3,68.3,31.7,,"Eduardo Rodriguez","L",0.214,0.221,0.308,0.379,"10:10 PM ET","Los Angeles Dodgers","Arizona Diamondbacks","UNIQLO Field at Dodger Stadium","Shohei Ohtani",1.79,0.95,27.9,7.6,8,2,"85.2",95,14,6.12,6.5,121,-155,"rotowire","Eduardo Rodriguez",2.25,1.16,16.9,8.7,7,3,"108.0",74,18,6.00,4.5,128,-163,"rotowire",3.74,"Moderada",17.2,4.13,"Moderada",26.1,5.3,0.783,0.346,0.437,21.2,4.2,0.69,0.307,0.383,17.0,24.1,66,8.4,239,1009.5,0,"Cielo Despejado",25.4,0.269,0.793,0.351,0.442,4.5,91,0.251,0.758,0.335,0.423,4.5,33,0.224,0.658,0.297,0.361,4.5,59,0.273,0.775,0.334,0.441,4.5,25,7,110,290,5,102,288,5,17.2,0,4,8,7.2,26.1,2,6,6,2.7,2.71,2.79,3.28,33.8,3.8,52.1,20.2,27.9,7.6,14.4,31.6,,6.8,1.47,6.1,25.4,96,9,8,5,6,6,6,27,24,27,33.3,6,20,20,95,6,6.6,25.4,51,30.5,10,0,8.5,"Dalton Rushing",-3.544094580351676,26.0,6.0,7.3,24,6,0,0,5.01,4.09,4.04,4.47,37.2,9.2,41.5,28,16.9,8.7,9,26.4,,3.4,1.5,5.9,23.2,95,3,1,5,6,7,6.7,23,26,25,18.4,4,22,22,93,5.2,4.55,23.2,59.9,0,13.1,27.1,0,"Gabriel Moreno",3.0036341438004746,24.7,6.6,3.0,23,6,0,0,0.343,0.348,0.173,0.309,43.7,10.1,74.7,20.2,23.4,74.7,25.3,19.1,34.6,28,30.2,42.2,0.304,0.313,0.146,0.278,35.2,7.1,79.1,20.6,19.4,79.1,20.9,15.8,27.7,23,27.6,33.5,-0.46,-2.31,-1.38,0.093,0.035,-0.39,1.1,0,0.15,2,-2.2,,0,0,"none","Scheduled",0,,,"fastball",51,"slider",30.5,,3.7795275590551185,15.737704918032788,"fastball",59.9,"changeup",27.1,,4.094827586206897,16.101694915254235,96.66666666666667,"Extra Rest",96,"Normal","R","L",5,17.2,7.2,26.1,0,5294.444444444444,1070,0,6100,886.6666666666666,0,,,,,,,,,24.6,16.8,32.2,17,101,102,126
"823927","2026-07-10","Alex Freeland","Los Angeles Dodgers",8,"S","2B",0.237,0.316,0.321,0.637,0.289,0.084,218,45,7,0,3,29.4,10.1,0.286,0.604,0.286,6,6,0,0.689,0.355,0.35,0.167,26.3,46.9,69.5,69.5,30.5,,"Eduardo Rodriguez","L",0.214,0.221,0.308,0.379,"10:10 PM ET","Los Angeles Dodgers","Arizona Diamondbacks","UNIQLO Field at Dodger Stadium","Shohei Ohtani",1.79,0.95,27.9,7.6,8,2,"85.2",95,14,6.12,6.5,121,-155,"rotowire","Eduardo Rodriguez",2.25,1.16,16.9,8.7,7,3,"108.0",74,18,6.00,4.5,128,-163,"rotowire",3.74,"Moderada",17.2,4.13,"Moderada",26.1,5.3,0.783,0.346,0.437,21.2,4.2,0.69,0.307,0.383,17.0,24.1,66,8.4,239,1009.5,0,"Cielo Despejado",25.4,0.269,0.793,0.351,0.442,4.5,91,0.251,0.758,0.335,0.423,4.5,33,0.224,0.658,0.297,0.361,4.5,59,0.273,0.775,0.334,0.441,4.5,25,7,110,290,5,102,288,5,17.2,0,4,8,7.2,26.1,2,6,6,2.7,2.71,2.79,3.28,33.8,3.8,52.1,20.2,27.9,7.6,14.4,31.6,,6.8,1.47,6.1,25.4,96,9,8,5,6,6,6,27,24,27,33.3,6,20,20,95,6,6.6,25.4,51,30.5,10,0,8.5,"Dalton Rushing",-3.544094580351676,26.0,6.0,7.3,24,6,0,0,5.01,4.09,4.04,4.47,37.2,9.2,41.5,28,16.9,8.7,9,26.4,,3.4,1.5,5.9,23.2,95,3,1,5,6,7,6.7,23,26,25,18.4,4,22,22,93,5.2,4.55,23.2,59.9,0,13.1,27.1,0,"Gabriel Moreno",3.0036341438004746,24.7,6.6,3.0,23,6,0,0,0.343,0.348,0.173,0.309,43.7,10.1,74.7,20.2,23.4,74.7,25.3,19.1,34.6,28,30.2,42.2,0.304,0.313,0.146,0.278,35.2,7.1,79.1,20.6,19.4,79.1,20.9,15.8,27.7,23,27.6,33.5,-0.46,-2.31,-1.38,0.093,0.035,-0.39,1.1,0,0.15,2,-2.2,,0,0,"none","Scheduled",0,,,"fastball",51,"slider",30.5,,3.7795275590551185,15.737704918032788,"fastball",59.9,"changeup",27.1,,4.094827586206897,16.101694915254235,96.66666666666667,"Extra Rest",96,"Normal","R","L",5,17.2,7.2,26.1,0,5294.444444444444,1070,0,6100,886.6666666666666,0,,,,,,,,,24.6,16.8,32.2,17,101,102,126
"823927","2026-07-10","Dalton Rushing","Los Angeles Dodgers",9,"L","C",0.264,0.345,0.494,0.839,0.363,0.23,197,46,10,0,10,25.9,9.1,0.421,1.213,0.737,14,8,4,0.833,0.857,0.5,0.477,26.5,24,70.9,70.9,29.1,,"Eduardo Rodriguez","L",0.214,0.221,0.308,0.379,"10:10 PM ET","Los Angeles Dodgers","Arizona Diamondbacks","UNIQLO Field at Dodger Stadium","Shohei Ohtani",1.79,0.95,27.9,7.6,8,2,"85.2",95,14,6.12,6.5,121,-155,"rotowire","Eduardo Rodriguez",2.25,1.16,16.9,8.7,7,3,"108.0",74,18,6.00,4.5,128,-163,"rotowire",3.74,"Moderada",17.2,4.13,"Moderada",26.1,5.3,0.783,0.346,0.437,21.2,4.2,0.69,0.307,0.383,17.0,24.1,66,8.4,239,1009.5,0,"Cielo Despejado",25.4,0.269,0.793,0.351,0.442,4.5,91,0.251,0.758,0.335,0.423,4.5,33,0.224,0.658,0.297,0.361,4.5,59,0.273,0.775,0.334,0.441,4.5,25,7,110,290,5,102,288,5,17.2,0,4,8,7.2,26.1,2,6,6,2.7,2.71,2.79,3.28,33.8,3.8,52.1,20.2,27.9,7.6,14.4,31.6,,6.8,1.47,6.1,25.4,96,9,8,5,6,6,6,27,24,27,33.3,6,20,20,95,6,6.6,25.4,51,30.5,10,0,8.5,"Dalton Rushing",-3.544094580351676,26.0,6.0,7.3,24,6,0,0,5.01,4.09,4.04,4.47,37.2,9.2,41.5,28,16.9,8.7,9,26.4,,3.4,1.5,5.9,23.2,95,3,1,5,6,7,6.7,23,26,25,18.4,4,22,22,93,5.2,4.55,23.2,59.9,0,13.1,27.1,0,"Gabriel Moreno",3.0036341438004746,24.7,6.6,3.0,23,6,0,0,0.343,0.348,0.173,0.309,43.7,10.1,74.7,20.2,23.4,74.7,25.3,19.1,34.6,28,30.2,42.2,0.304,0.313,0.146,0.278,35.2,7.1,79.1,20.6,19.4,79.1,20.9,15.8,27.7,23,27.6,33.5,-0.46,-2.31,-1.38,0.093,0.035,-0.39,1.1,0,0.15,2,-2.2,,0,0,"none","Scheduled",0,,,"fastball",51,"slider",30.5,,3.7795275590551185,15.737704918032788,"fastball",59.9,"changeup",27.1,,4.094827586206897,16.101694915254235,96.66666666666667,"Extra Rest",96,"Normal","R","L",5,17.2,7.2,26.1,0,5294.444444444444,1070,0,6100,886.6666666666666,0,,,,,,,,,24.6,16.8,32.2,17,101,102,126
"823927","2026-07-10","Ketel Marte","Arizona Diamondbacks",1,"S","2B",0.263,0.32,0.476,0.796,0.342,0.213,391,94,19,3,17,13.3,7.4,0.214,0.611,0.321,9,6,2,0.745,0.934,0.435,0.588,13.7,12.1,79.7,79.7,20.3,,"Shohei Ohtani","R",0.211,0.142,0.31,0.201,"10:10 PM ET","Los Angeles Dodgers","Arizona Diamondbacks","UNIQLO Field at Dodger Stadium","Shohei Ohtani",1.79,0.95,27.9,7.6,8,2,"85.2",95,14,6.12,6.5,121,-155,"rotowire","Eduardo Rodriguez",2.25,1.16,16.9,8.7,7,3,"108.0",74,18,6.00,4.5,128,-163,"rotowire",3.74,"Moderada",17.2,4.13,"Moderada",26.1,5.3,0.783,0.346,0.437,21.2,4.2,0.69,0.307,0.383,17.0,24.1,66,8.4,239,1009.5,0,"Cielo Despejado",25.4,0.269,0.793,0.351,0.442,4.5,91,0.251,0.758,0.335,0.423,4.5,33,0.224,0.658,0.297,0.361,4.5,59,0.273,0.775,0.334,0.441,4.5,25,7,110,290,5,102,288,5,17.2,0,4,8,7.2,26.1,2,6,6,2.7,2.71,2.79,3.28,33.8,3.8,52.1,20.2,27.9,7.6,14.4,31.6,,6.8,1.47,6.1,25.4,96,9,8,5,6,6,6,27,24,27,33.3,6,20,20,95,6,6.6,25.4,51,30.5,10,0,8.5,"Dalton Rushing",-3.544094580351676,26.0,6.0,7.3,24,6,0,0,5.01,4.09,4.04,4.47,37.2,9.2,41.5,28,16.9,8.7,9,26.4,,3.4,1.5,5.9,23.2,95,3,1,5,6,7,6.7,23,26,25,18.4,4,22,22,93,5.2,4.55,23.2,59.9,0,13.1,27.1,0,"Gabriel Moreno",3.0036341438004746,24.7,6.6,3.0,23,6,0,0,0.343,0.348,0.173,0.309,43.7,10.1,74.7,20.2,23.4,74.7,25.3,19.1,34.6,28,30.2,42.2,0.304,0.313,0.146,0.278,35.2,7.1,79.1,20.6,19.4,79.1,20.9,15.8,27.7,23,27.6,33.5,-0.46,-2.31,-1.38,0.093,0.035,-0.39,1.1,0,0.15,2,-2.2,,0,0,"none","Scheduled",0,,,"fastball",51,"slider",30.5,,3.7795275590551185,15.737704918032788,"fastball",59.9,"changeup",27.1,,4.094827586206897,16.101694915254235,96.66666666666667,"Extra Rest",96,"Normal","R","L",5,17.2,7.2,26.1,0,5294.444444444444,1070,0,6100,886.6666666666666,0,,,,,,,,,24.6,16.8,32.2,17,101,102,126
"823927","2026-07-10","Corbin Carroll","Arizona Diamondbacks",2,"L","RF",0.261,0.354,0.495,0.849,0.364,0.234,384,87,19,10,13,22.7,11.7,0.167,0.583,0.25,6,4,2,0.759,1.041,0.442,0.607,24.4,18.9,71.1,71.1,28.9,,"Shohei Ohtani","R",0.211,0.142,0.31,0.201,"10:10 PM ET","Los Angeles Dodgers","Arizona Diamondbacks","UNIQLO Field at Dodger Stadium","Shohei Ohtani",1.79,0.95,27.9,7.6,8,2,"85.2",95,14,6.12,6.5,121,-155,"rotowire","Eduardo Rodriguez",2.25,1.16,16.9,8.7,7,3,"108.0",74,18,6.00,4.5,128,-163,"rotowire",3.74,"Moderada",17.2,4.13,"Moderada",26.1,5.3,0.783,0.346,0.437,21.2,4.2,0.69,0.307,0.383,17.0,24.1,66,8.4,239,1009.5,0,"Cielo Despejado",25.4,0.269,0.793,0.351,0.442,4.5,91,0.251,0.758,0.335,0.423,4.5,33,0.224,0.658,0.297,0.361,4.5,59,0.273,0.775,0.334,0.441,4.5,25,7,110,290,5,102,288,5,17.2,0,4,8,7.2,26.1,2,6,6,2.7,2.71,2.79,3.28,33.8,3.8,52.1,20.2,27.9,7.6,14.4,31.6,,6.8,1.47,6.1,25.4,96,9,8,5,6,6,6,27,24,27,33.3,6,20,20,95,6,6.6,25.4,51,30.5,10,0,8.5,"Dalton Rushing",-3.544094580351676,26.0,6.0,7.3,24,6,0,0,5.01,4.09,4.04,4.47,37.2,9.2,41.5,28,16.9,8.7,9,26.4,,3.4,1.5,5.9,23.2,95,3,1,5,6,7,6.7,23,26,25,18.4,4,22,22,93,5.2,4.55,23.2,59.9,0,13.1,27.1,0,"Gabriel Moreno",3.0036341438004746,24.7,6.6,3.0,23,6,0,0,0.343,0.348,0.173,0.309,43.7,10.1,74.7,20.2,23.4,74.7,25.3,19.1,34.6,28,30.2,42.2,0.304,0.313,0.146,0.278,35.2,7.1,79.1,20.6,19.4,79.1,20.9,15.8,27.7,23,27.6,33.5,-0.46,-2.31,-1.38,0.093,0.035,-0.39,1.1,0,0.15,2,-2.2,,0,0,"none","Scheduled",0,,,"fastball",51,"slider",30.5,,3.7795275590551185,15.737704918032788,"fastball",59.9,"changeup",27.1,,4.094827586206897,16.101694915254235,96.66666666666667,"Extra Rest",96,"Normal","R","L",5,17.2,7.2,26.1,0,5294.444444444444,1070,0,6100,886.6666666666666,0,,,,,,,,,24.6,16.8,32.2,17,101,102,126
"823927","2026-07-10","Geraldo Perdomo","Arizona Diamondbacks",3,"S","SS",0.246,0.354,0.364,0.718,0.325,0.118,377,77,13,3,6,12.2,13.8,0.267,0.69,0.4,12,8,2,0.745,0.651,0.377,0.333,12,12.7,88.1,88.1,11.9,,"Shohei Ohtani","R",0.211,0.142,0.31,0.201,"10:10 PM ET","Los Angeles Dodgers","Arizona Diamondbacks","UNIQLO Field at Dodger Stadium","Shohei Ohtani",1.79,0.95,27.9,7.6,8,2,"85.2",95,14,6.12,6.5,121,-155,"rotowire","Eduardo Rodriguez",2.25,1.16,16.9,8.7,7,3,"108.0",74,18,6.00,4.5,128,-163,"rotowire",3.74,"Moderada",17.2,4.13,"Moderada",26.1,5.3,0.783,0.346,0.437,21.2,4.2,0.69,0.307,0.383,17.0,24.1,66,8.4,239,1009.5,0,"Cielo Despejado",25.4,0.269,0.793,0.351,0.442,4.5,91,0.251,0.758,0.335,0.423,4.5,33,0.224,0.658,0.297,0.361,4.5,59,0.273,0.775,0.334,0.441,4.5,25,7,110,290,5,102,288,5,17.2,0,4,8,7.2,26.1,2,6,6,2.7,2.71,2.79,3.28,33.8,3.8,52.1,20.2,27.9,7.6,14.4,31.6,,6.8,1.47,6.1,25.4,96,9,8,5,6,6,6,27,24,27,33.3,6,20,20,95,6,6.6,25.4,51,30.5,10,0,8.5,"Dalton Rushing",-3.544094580351676,26.0,6.0,7.3,24,6,0,0,5.01,4.09,4.04,4.47,37.2,9.2,41.5,28,16.9,8.7,9,26.4,,3.4,1.5,5.9,23.2,95,3,1,5,6,7,6.7,23,26,25,18.4,4,22,22,93,5.2,4.55,23.2,59.9,0,13.1,27.1,0,"Gabriel Moreno",3.0036341438004746,24.7,6.6,3.0,23,6,0,0,0.343,0.348,0.173,0.309,43.7,10.1,74.7,20.2,23.4,74.7,25.3,19.1,34.6,28,30.2,42.2,0.304,0.313,0.146,0.278,35.2,7.1,79.1,20.6,19.4,79.1,20.9,15.8,27.7,23,27.6,33.5,-0.46,-2.31,-1.38,0.093,0.035,-0.39,1.1,0,0.15,2,-2.2,,0,0,"none","Scheduled",0,,,"fastball",51,"slider",30.5,,3.7795275590551185,15.737704918032788,"fastball",59.9,"changeup",27.1,,4.094827586206897,16.101694915254235,96.66666666666667,"Extra Rest",96,"Normal","R","L",5,17.2,7.2,26.1,0,5294.444444444444,1070,0,6100,886.6666666666666,0,,,,,,,,,24.6,16.8,32.2,17,101,102,126
"823927","2026-07-10","Nolan Arenado","Arizona Diamondbacks",4,"R","3B",0.243,0.311,0.407,0.718,0.315,0.164,334,73,16,0,11,21.6,7.5,0.25,0.75,0.5,14,7,3,0.706,0.752,0.397,0.434,23.7,15.3,75.9,75.9,24.1,,"Shohei Ohtani","R",0.211,0.142,0.31,0.201,"10:10 PM ET","Los Angeles Dodgers","Arizona Diamondbacks","UNIQLO Field at Dodger Stadium","Shohei Ohtani",1.79,0.95,27.9,7.6,8,2,"85.2",95,14,6.12,6.5,121,-155,"rotowire","Eduardo Rodriguez",2.25,1.16,16.9,8.7,7,3,"108.0",74,18,6.00,4.5,128,-163,"rotowire",3.74,"Moderada",17.2,4.13,"Moderada",26.1,5.3,0.783,0.346,0.437,21.2,4.2,0.69,0.307,0.383,17.0,24.1,66,8.4,239,1009.5,0,"Cielo Despejado",25.4,0.269,0.793,0.351,0.442,4.5,91,0.251,0.758,0.335,0.423,4.5,33,0.224,0.658,0.297,0.361,4.5,59,0.273,0.775,0.334,0.441,4.5,25,7,110,290,5,102,288,5,17.2,0,4,8,7.2,26.1,2,6,6,2.7,2.71,2.79,3.28,33.8,3.8,52.1,20.2,27.9,7.6,14.4,31.6,,6.8,1.47,6.1,25.4,96,9,8,5,6,6,6,27,24,27,33.3,6,20,20,95,6,6.6,25.4,51,30.5,10,0,8.5,"Dalton Rushing",-3.544094580351676,26.0,6.0,7.3,24,6,0,0,5.01,4.09,4.04,4.47,37.2,9.2,41.5,28,16.9,8.7,9,26.4,,3.4,1.5,5.9,23.2,95,3,1,5,6,7,6.7,23,26,25,18.4,4,22,22,93,5.2,4.55,23.2,59.9,0,13.1,27.1,0,"Gabriel Moreno",3.0036341438004746,24.7,6.6,3.0,23,6,0,0,0.343,0.348,0.173,0.309,43.7,10.1,74.7,20.2,23.4,74.7,25.3,19.1,34.6,28,30.2,42.2,0.304,0.313,0.146,0.278,35.2,7.1,79.1,20.6,19.4,79.1,20.9,15.8,27.7,23,27.6,33.5,-0.46,-2.31,-1.38,0.093,0.035,-0.39,1.1,0,0.15,2,-2.2,,0,0,"none","Scheduled",0,,,"fastball",51,"slider",30.5,,3.7795275590551185,15.737704918032788,"fastball",59.9,"changeup",27.1,,4.094827586206897,16.101694915254235,96.66666666666667,"Extra Rest",96,"Normal","R","L",5,17.2,7.2,26.1,0,5294.444444444444,1070,0,6100,886.6666666666666,0,,,,,,,,,24.6,16.8,32.2,17,101,102,126
"823927","2026-07-10","Ildemaro Vargas","Arizona Diamondbacks",5,"S","1B",0.257,0.302,0.394,0.696,0.301,0.137,290,69,12,2,7,9,5.5,0.263,0.649,0.316,6,5,1,0.591,0.907,0.313,0.556,10.3,6.3,86.3,86.3,13.7,,"Shohei Ohtani","R",0.211,0.142,0.31,0.201,"10:10 PM ET","Los Angeles Dodgers","Arizona Diamondbacks","UNIQLO Field at Dodger Stadium","Shohei Ohtani",1.79,0.95,27.9,7.6,8,2,"85.2",95,14,6.12,6.5,121,-155,"rotowire","Eduardo Rodriguez",2.25,1.16,16.9,8.7,7,3,"108.0",74,18,6.00,4.5,128,-163,"rotowire",3.74,"Moderada",17.2,4.13,"Moderada",26.1,5.3,0.783,0.346,0.437,21.2,4.2,0.69,0.307,0.383,17.0,24.1,66,8.4,239,1009.5,0,"Cielo Despejado",25.4,0.269,0.793,0.351,0.442,4.5,91,0.251,0.758,0.335,0.423,4.5,33,0.224,0.658,0.297,0.361,4.5,59,0.273,0.775,0.334,0.441,4.5,25,7,110,290,5,102,288,5,17.2,0,4,8,7.2,26.1,2,6,6,2.7,2.71,2.79,3.28,33.8,3.8,52.1,20.2,27.9,7.6,14.4,31.6,,6.8,1.47,6.1,25.4,96,9,8,5,6,6,6,27,24,27,33.3,6,20,20,95,6,6.6,25.4,51,30.5,10,0,8.5,"Dalton Rushing",-3.544094580351676,26.0,6.0,7.3,24,6,0,0,5.01,4.09,4.04,4.47,37.2,9.2,41.5,28,16.9,8.7,9,26.4,,3.4,1.5,5.9,23.2,95,3,1,5,6,7,6.7,23,26,25,18.4,4,22,22,93,5.2,4.55,23.2,59.9,0,13.1,27.1,0,"Gabriel Moreno",3.0036341438004746,24.7,6.6,3.0,23,6,0,0,0.343,0.348,0.173,0.309,43.7,10.1,74.7,20.2,23.4,74.7,25.3,19.1,34.6,28,30.2,42.2,0.304,0.313,0.146,0.278,35.2,7.1,79.1,20.6,19.4,79.1,20.9,15.8,27.7,23,27.6,33.5,-0.46,-2.31,-1.38,0.093,0.035,-0.39,1.1,0,0.15,2,-2.2,,0,0,"none","Scheduled",0,,,"fastball",51,"slider",30.5,,3.7795275590551185,15.737704918032788,"fastball",59.9,"changeup",27.1,,4.094827586206897,16.101694915254235,96.66666666666667,"Extra Rest",96,"Normal","R","L",5,17.2,7.2,26.1,0,5294.444444444444,1070,0,6100,886.6666666666666,0,,,,,,,,,24.6,16.8,32.2,17,101,102,126
"823927","2026-07-10","Gabriel Moreno","Arizona Diamondbacks",6,"R","C",0.293,0.375,0.431,0.806,0.358,0.138,261,66,13,0,6,15.3,11.1,0.37,0.821,0.407,11,10,1,0.837,0.713,0.441,0.4,15.2,15.6,85.1,85.1,14.9,,"Shohei Ohtani","R",0.211,0.142,0.31,0.201,"10:10 PM ET","Los Angeles Dodgers","Arizona Diamondbacks","UNIQLO Field at Dodger Stadium","Shohei Ohtani",1.79,0.95,27.9,7.6,8,2,"85.2",95,14,6.12,6.5,121,-155,"rotowire","Eduardo Rodriguez",2.25,1.16,16.9,8.7,7,3,"108.0",74,18,6.00,4.5,128,-163,"rotowire",3.74,"Moderada",17.2,4.13,"Moderada",26.1,5.3,0.783,0.346,0.437,21.2,4.2,0.69,0.307,0.383,17.0,24.1,66,8.4,239,1009.5,0,"Cielo Despejado",25.4,0.269,0.793,0.351,0.442,4.5,91,0.251,0.758,0.335,0.423,4.5,33,0.224,0.658,0.297,0.361,4.5,59,0.273,0.775,0.334,0.441,4.5,25,7,110,290,5,102,288,5,17.2,0,4,8,7.2,26.1,2,6,6,2.7,2.71,2.79,3.28,33.8,3.8,52.1,20.2,27.9,7.6,14.4,31.6,,6.8,1.47,6.1,25.4,96,9,8,5,6,6,6,27,24,27,33.3,6,20,20,95,6,6.6,25.4,51,30.5,10,0,8.5,"Dalton Rushing",-3.544094580351676,26.0,6.0,7.3,24,6,0,0,5.01,4.09,4.04,4.47,37.2,9.2,41.5,28,16.9,8.7,9,26.4,,3.4,1.5,5.9,23.2,95,3,1,5,6,7,6.7,23,26,25,18.4,4,22,22,93,5.2,4.55,23.2,59.9,0,13.1,27.1,0,"Gabriel Moreno",3.0036341438004746,24.7,6.6,3.0,23,6,0,0,0.343,0.348,0.173,0.309,43.7,10.1,74.7,20.2,23.4,74.7,25.3,19.1,34.6,28,30.2,42.2,0.304,0.313,0.146,0.278,35.2,7.1,79.1,20.6,19.4,79.1,20.9,15.8,27.7,23,27.6,33.5,-0.46,-2.31,-1.38,0.093,0.035,-0.39,1.1,0,0.15,2,-2.2,,0,0,"none","Scheduled",0,,,"fastball",51,"slider",30.5,,3.7795275590551185,15.737704918032788,"fastball",59.9,"changeup",27.1,,4.094827586206897,16.101694915254235,96.66666666666667,"Extra Rest",96,"Normal","R","L",5,17.2,7.2,26.1,0,5294.444444444444,1070,0,6100,886.6666666666666,0,,,,,,,,,24.6,16.8,32.2,17,101,102,126
"823927","2026-07-10","Lourdes Gurriel Jr.","Arizona Diamondbacks",7,"R","LF",0.222,0.273,0.309,0.582,0.26,0.087,176,36,8,0,2,17.6,5.7,0.238,0.542,0.238,5,5,0,0.604,0.51,0.333,0.231,18.8,14,78.2,78.2,21.8,,"Shohei Ohtani","R",0.211,0.142,0.31,0.201,"10:10 PM ET","Los Angeles Dodgers","Arizona Diamondbacks","UNIQLO Field at Dodger Stadium","Shohei Ohtani",1.79,0.95,27.9,7.6,8,2,"85.2",95,14,6.12,6.5,121,-155,"rotowire","Eduardo Rodriguez",2.25,1.16,16.9,8.7,7,3,"108.0",74,18,6.00,4.5,128,-163,"rotowire",3.74,"Moderada",17.2,4.13,"Moderada",26.1,5.3,0.783,0.346,0.437,21.2,4.2,0.69,0.307,0.383,17.0,24.1,66,8.4,239,1009.5,0,"Cielo Despejado",25.4,0.269,0.793,0.351,0.442,4.5,91,0.251,0.758,0.335,0.423,4.5,33,0.224,0.658,0.297,0.361,4.5,59,0.273,0.775,0.334,0.441,4.5,25,7,110,290,5,102,288,5,17.2,0,4,8,7.2,26.1,2,6,6,2.7,2.71,2.79,3.28,33.8,3.8,52.1,20.2,27.9,7.6,14.4,31.6,,6.8,1.47,6.1,25.4,96,9,8,5,6,6,6,27,24,27,33.3,6,20,20,95,6,6.6,25.4,51,30.5,10,0,8.5,"Dalton Rushing",-3.544094580351676,26.0,6.0,7.3,24,6,0,0,5.01,4.09,4.04,4.47,37.2,9.2,41.5,28,16.9,8.7,9,26.4,,3.4,1.5,5.9,23.2,95,3,1,5,6,7,6.7,23,26,25,18.4,4,22,22,93,5.2,4.55,23.2,59.9,0,13.1,27.1,0,"Gabriel Moreno",3.0036341438004746,24.7,6.6,3.0,23,6,0,0,0.343,0.348,0.173,0.309,43.7,10.1,74.7,20.2,23.4,74.7,25.3,19.1,34.6,28,30.2,42.2,0.304,0.313,0.146,0.278,35.2,7.1,79.1,20.6,19.4,79.1,20.9,15.8,27.7,23,27.6,33.5,-0.46,-2.31,-1.38,0.093,0.035,-0.39,1.1,0,0.15,2,-2.2,,0,0,"none","Scheduled",0,,,"fastball",51,"slider",30.5,,3.7795275590551185,15.737704918032788,"fastball",59.9,"changeup",27.1,,4.094827586206897,16.101694915254235,96.66666666666667,"Extra Rest",96,"Normal","R","L",5,17.2,7.2,26.1,0,5294.444444444444,1070,0,6100,886.6666666666666,0,,,,,,,,,24.6,16.8,32.2,17,101,102,126
"823927","2026-07-10","Tommy Troy","Arizona Diamondbacks",8,"R","LF",0.225,0.295,0.367,0.662,0.292,0.142,132,27,3,1,4,22.7,9.1,0.2,0.579,0.32,8,5,1,0.545,1.104,0.295,0.64,23.1,21.4,75.2,75.2,24.8,,"Shohei Ohtani","R",0.211,0.142,0.31,0.201,"10:10 PM ET","Los Angeles Dodgers","Arizona Diamondbacks","UNIQLO Field at Dodger Stadium","Shohei Ohtani",1.79,0.95,27.9,7.6,8,2,"85.2",95,14,6.12,6.5,121,-155,"rotowire","Eduardo Rodriguez",2.25,1.16,16.9,8.7,7,3,"108.0",74,18,6.00,4.5,128,-163,"rotowire",3.74,"Moderada",17.2,4.13,"Moderada",26.1,5.3,0.783,0.346,0.437,21.2,4.2,0.69,0.307,0.383,17.0,24.1,66,8.4,239,1009.5,0,"Cielo Despejado",25.4,0.269,0.793,0.351,0.442,4.5,91,0.251,0.758,0.335,0.423,4.5,33,0.224,0.658,0.297,0.361,4.5,59,0.273,0.775,0.334,0.441,4.5,25,7,110,290,5,102,288,5,17.2,0,4,8,7.2,26.1,2,6,6,2.7,2.71,2.79,3.28,33.8,3.8,52.1,20.2,27.9,7.6,14.4,31.6,,6.8,1.47,6.1,25.4,96,9,8,5,6,6,6,27,24,27,33.3,6,20,20,95,6,6.6,25.4,51,30.5,10,0,8.5,"Dalton Rushing",-3.544094580351676,26.0,6.0,7.3,24,6,0,0,5.01,4.09,4.04,4.47,37.2,9.2,41.5,28,16.9,8.7,9,26.4,,3.4,1.5,5.9,23.2,95,3,1,5,6,7,6.7,23,26,25,18.4,4,22,22,93,5.2,4.55,23.2,59.9,0,13.1,27.1,0,"Gabriel Moreno",3.0036341438004746,24.7,6.6,3.0,23,6,0,0,0.343,0.348,0.173,0.309,43.7,10.1,74.7,20.2,23.4,74.7,25.3,19.1,34.6,28,30.2,42.2,0.304,0.313,0.146,0.278,35.2,7.1,79.1,20.6,19.4,79.1,20.9,15.8,27.7,23,27.6,33.5,-0.46,-2.31,-1.38,0.093,0.035,-0.39,1.1,0,0.15,2,-2.2,,0,0,"none","Scheduled",0,,,"fastball",51,"slider",30.5,,3.7795275590551185,15.737704918032788,"fastball",59.9,"changeup",27.1,,4.094827586206897,16.101694915254235,96.66666666666667,"Extra Rest",96,"Normal","R","L",5,17.2,7.2,26.1,0,5294.444444444444,1070,0,6100,886.6666666666666,0,,,,,,,,,24.6,16.8,32.2,17,101,102,126
"823927","2026-07-10","Jorge Barrosa","Arizona Diamondbacks",9,"S","CF",0.182,0.256,0.345,0.601,0.264,0.163,125,20,10,1,2,28.8,8,0.2,0.533,0.2,1,1,0,0.533,0.731,0.315,0.405,33.3,20.5,72.6,72.6,27.4,,"Shohei Ohtani","R",0.211,0.142,0.31,0.201,"10:10 PM ET","Los Angeles Dodgers","Arizona Diamondbacks","UNIQLO Field at Dodger Stadium","Shohei Ohtani",1.79,0.95,27.9,7.6,8,2,"85.2",95,14,6.12,6.5,121,-155,"rotowire","Eduardo Rodriguez",2.25,1.16,16.9,8.7,7,3,"108.0",74,18,6.00,4.5,128,-163,"rotowire",3.74,"Moderada",17.2,4.13,"Moderada",26.1,5.3,0.783,0.346,0.437,21.2,4.2,0.69,0.307,0.383,17.0,24.1,66,8.4,239,1009.5,0,"Cielo Despejado",25.4,0.269,0.793,0.351,0.442,4.5,91,0.251,0.758,0.335,0.423,4.5,33,0.224,0.658,0.297,0.361,4.5,59,0.273,0.775,0.334,0.441,4.5,25,7,110,290,5,102,288,5,17.2,0,4,8,7.2,26.1,2,6,6,2.7,2.71,2.79,3.28,33.8,3.8,52.1,20.2,27.9,7.6,14.4,31.6,,6.8,1.47,6.1,25.4,96,9,8,5,6,6,6,27,24,27,33.3,6,20,20,95,6,6.6,25.4,51,30.5,10,0,8.5,"Dalton Rushing",-3.544094580351676,26.0,6.0,7.3,24,6,0,0,5.01,4.09,4.04,4.47,37.2,9.2,41.5,28,16.9,8.7,9,26.4,,3.4,1.5,5.9,23.2,95,3,1,5,6,7,6.7,23,26,25,18.4,4,22,22,93,5.2,4.55,23.2,59.9,0,13.1,27.1,0,"Gabriel Moreno",3.0036341438004746,24.7,6.6,3.0,23,6,0,0,0.343,0.348,0.173,0.309,43.7,10.1,74.7,20.2,23.4,74.7,25.3,19.1,34.6,28,30.2,42.2,0.304,0.313,0.146,0.278,35.2,7.1,79.1,20.6,19.4,79.1,20.9,15.8,27.7,23,27.6,33.5,-0.46,-2.31,-1.38,0.093,0.035,-0.39,1.1,0,0.15,2,-2.2,,0,0,"none","Scheduled",0,,,"fastball",51,"slider",30.5,,3.7795275590551185,15.737704918032788,"fastball",59.9,"changeup",27.1,,4.094827586206897,16.101694915254235,96.66666666666667,"Extra Rest",96,"Normal","R","L",5,17.2,7.2,26.1,0,5294.444444444444,1070,0,6100,886.6666666666666,0,,,,,,,,,24.6,16.8,32.2,17,101,102,126
"823200","2026-07-10","Rafael Devers","San Francisco Giants",1,"L","1B",0.247,0.315,0.475,0.79,0.338,0.228,394,88,25,1,18,27.4,8.9,0.308,1.111,0.692,18,8,4,0.906,0.56,0.564,0.3,27,28.2,70.8,70.8,29.2,,"Tanner Gordon","R",0.333,0.318,0.716,0.489,"10:15 PM ET","San Francisco Giants","Colorado Rockies","Oracle Park","Robbie Ray",3.45,1.23,20.5,11,8,6,"101.2",86,18,5.65,5.5,-103,-124,"rotowire","Tanner Gordon",6.95,1.59,22.4,4.9,N/A,2,"45.1",46,11,4.12,4.5,126,-161,"rotowire",4.47,"Alta",18.2,4.95,"Alta",24.1,4.1,0.73,0.308,0.422,19.6,4.8,0.75,0.327,0.423,21.8,15.6,80,26.8,287,1011.8,1,"Cielo Despejado",12.3,0.256,0.74,0.309,0.431,4.5,83,0.255,0.704,0.306,0.398,4.5,21,0.256,0.77,0.332,0.438,4.5,86,0.256,0.704,0.316,0.388,4.5,22,6,88,285,5,94,243,10,18.2,3,4,5,8.2,24.1,2,4,6,4.56,4.78,4.32,4.28,37.5,9.4,35.8,37.5,20.5,11,11.9,24.9,,3.8,1.33,6.5,25.6,95,4,2,6,6,8,8,24,30,29,27.3,5,21.5,21.5,97,6.2,5.35,25.6,46.9,26.7,9.3,17,0,"Eric Haase",-0.46992286224612023,27.7,7.3,4.0,24,6,0,0,4.87,5.12,3.5,3.39,45.6,12.9,35.4,34.7,22.4,4.9,12.2,27.1,,4,1.87,4.5,21.3,81,7,4,2,5,5,3,23,24,17,21.5,4.5,20,20,84,4.2,4.86,21.3,37.6,27.4,9.3,20.7,0,"Hunter Goodman",-0.92934943605375,21.3,4.3,4.3,17,3,0,1,0.317,0.321,0.167,0.301,39.1,9.3,77.2,20.3,20.7,77.2,22.8,18.9,30.8,24.1,23.3,24.3,0.328,0.319,0.167,0.314,37.8,6.6,75.4,26.1,24.4,75.4,24.6,18.3,33,35.8,31.4,32.5,-3.5,-0.31,-0.34,-0.02,0.002,-0.48,-0.7,0,-0.08,1,1.8,,0,0,"none","Scheduled",0,,,"fastball",46.9,"slider",26.7,,3.7109375,14.615384615384615,"fastball",37.6,"slider",27.4,,3.8028169014084505,18,95,"Extra Rest",81,"Normal","L","R",10,18.2,8.2,24.1,3,5605.555555555556,687.7777777777778,0,5383.333333333333,858.8888888888889,0,,,,,,,,,25,25,18.9,19.6,97,94,79
"823200","2026-07-10","Luis Arraez","San Francisco Giants",2,"L","2B",0.326,0.363,0.46,0.823,0.356,0.134,389,114,21,7,4,3.9,5.7,0.321,0.816,0.429,12,9,3,0.829,0.807,0.459,0.462,2.2,7.6,92.1,92.1,7.9,,"Tanner Gordon","R",0.333,0.318,0.716,0.489,"10:15 PM ET","San Francisco Giants","Colorado Rockies","Oracle Park","Robbie Ray",3.45,1.23,20.5,11,8,6,"101.2",86,18,5.65,5.5,-103,-124,"rotowire","Tanner Gordon",6.95,1.59,22.4,4.9,N/A,2,"45.1",46,11,4.12,4.5,126,-161,"rotowire",4.47,"Alta",18.2,4.95,"Alta",24.1,4.1,0.73,0.308,0.422,19.6,4.8,0.75,0.327,0.423,21.8,15.6,80,26.8,287,1011.8,1,"Cielo Despejado",12.3,0.256,0.74,0.309,0.431,4.5,83,0.255,0.704,0.306,0.398,4.5,21,0.256,0.77,0.332,0.438,4.5,86,0.256,0.704,0.316,0.388,4.5,22,6,88,285,5,94,243,10,18.2,3,4,5,8.2,24.1,2,4,6,4.56,4.78,4.32,4.28,37.5,9.4,35.8,37.5,20.5,11,11.9,24.9,,3.8,1.33,6.5,25.6,95,4,2,6,6,8,8,24,30,29,27.3,5,21.5,21.5,97,6.2,5.35,25.6,46.9,26.7,9.3,17,0,"Eric Haase",-0.46992286224612023,27.7,7.3,4.0,24,6,0,0,4.87,5.12,3.5,3.39,45.6,12.9,35.4,34.7,22.4,4.9,12.2,27.1,,4,1.87,4.5,21.3,81,7,4,2,5,5,3,23,24,17,21.5,4.5,20,20,84,4.2,4.86,21.3,37.6,27.4,9.3,20.7,0,"Hunter Goodman",-0.92934943605375,21.3,4.3,4.3,17,3,0,1,0.317,0.321,0.167,0.301,39.1,9.3,77.2,20.3,20.7,77.2,22.8,18.9,30.8,24.1,23.3,24.3,0.328,0.319,0.167,0.314,37.8,6.6,75.4,26.1,24.4,75.4,24.6,18.3,33,35.8,31.4,32.5,-3.5,-0.31,-0.34,-0.02,0.002,-0.48,-0.7,0,-0.08,1,1.8,,0,0,"none","Scheduled",0,,,"fastball",46.9,"slider",26.7,,3.7109375,14.615384615384615,"fastball",37.6,"slider",27.4,,3.8028169014084505,18,95,"Extra Rest",81,"Normal","L","R",10,18.2,8.2,24.1,3,5605.555555555556,687.7777777777778,0,5383.333333333333,858.8888888888889,0,,,,,,,,,25,25,18.9,19.6,97,94,79
"823200","2026-07-10","Willy Adames","San Francisco Giants",3,"R","SS",0.229,0.28,0.426,0.706,0.305,0.197,371,79,21,1,15,28.6,6.5,0.208,0.72,0.375,9,5,2,0.741,0.607,0.449,0.36,28.1,29.9,69.8,69.8,30.2,,"Tanner Gordon","R",0.333,0.318,0.716,0.489,"10:15 PM ET","San Francisco Giants","Colorado Rockies","Oracle Park","Robbie Ray",3.45,1.23,20.5,11,8,6,"101.2",86,18,5.65,5.5,-103,-124,"rotowire","Tanner Gordon",6.95,1.59,22.4,4.9,N/A,2,"45.1",46,11,4.12,4.5,126,-161,"rotowire",4.47,"Alta",18.2,4.95,"Alta",24.1,4.1,0.73,0.308,0.422,19.6,4.8,0.75,0.327,0.423,21.8,15.6,80,26.8,287,1011.8,1,"Cielo Despejado",12.3,0.256,0.74,0.309,0.431,4.5,83,0.255,0.704,0.306,0.398,4.5,21,0.256,0.77,0.332,0.438,4.5,86,0.256,0.704,0.316,0.388,4.5,22,6,88,285,5,94,243,10,18.2,3,4,5,8.2,24.1,2,4,6,4.56,4.78,4.32,4.28,37.5,9.4,35.8,37.5,20.5,11,11.9,24.9,,3.8,1.33,6.5,25.6,95,4,2,6,6,8,8,24,30,29,27.3,5,21.5,21.5,97,6.2,5.35,25.6,46.9,26.7,9.3,17,0,"Eric Haase",-0.46992286224612023,27.7,7.3,4.0,24,6,0,0,4.87,5.12,3.5,3.39,45.6,12.9,35.4,34.7,22.4,4.9,12.2,27.1,,4,1.87,4.5,21.3,81,7,4,2,5,5,3,23,24,17,21.5,4.5,20,20,84,4.2,4.86,21.3,37.6,27.4,9.3,20.7,0,"Hunter Goodman",-0.92934943605375,21.3,4.3,4.3,17,3,0,1,0.317,0.321,0.167,0.301,39.1,9.3,77.2,20.3,20.7,77.2,22.8,18.9,30.8,24.1,23.3,24.3,0.328,0.319,0.167,0.314,37.8,6.6,75.4,26.1,24.4,75.4,24.6,18.3,33,35.8,31.4,32.5,-3.5,-0.31,-0.34,-0.02,0.002,-0.48,-0.7,0,-0.08,1,1.8,,0,0,"none","Scheduled",0,,,"fastball",46.9,"slider",26.7,,3.7109375,14.615384615384615,"fastball",37.6,"slider",27.4,,3.8028169014084505,18,95,"Extra Rest",81,"Normal","L","R",10,18.2,8.2,24.1,3,5605.555555555556,687.7777777777778,0,5383.333333333333,858.8888888888889,0,,,,,,,,,25,25,18.9,19.6,97,94,79
"823200","2026-07-10","Casey Schmitt","San Francisco Giants",4,"R","LF",0.278,0.305,0.494,0.799,0.344,0.216,357,94,17,1,18,19.3,2.2,0.276,0.875,0.552,16,8,4,0.788,0.829,0.496,0.489,21.2,14.4,79.1,79.1,20.9,,"Tanner Gordon","R",0.333,0.318,0.716,0.489,"10:15 PM ET","San Francisco Giants","Colorado Rockies","Oracle Park","Robbie Ray",3.45,1.23,20.5,11,8,6,"101.2",86,18,5.65,5.5,-103,-124,"rotowire","Tanner Gordon",6.95,1.59,22.4,4.9,N/A,2,"45.1",46,11,4.12,4.5,126,-161,"rotowire",4.47,"Alta",18.2,4.95,"Alta",24.1,4.1,0.73,0.308,0.422,19.6,4.8,0.75,0.327,0.423,21.8,15.6,80,26.8,287,1011.8,1,"Cielo Despejado",12.3,0.256,0.74,0.309,0.431,4.5,83,0.255,0.704,0.306,0.398,4.5,21,0.256,0.77,0.332,0.438,4.5,86,0.256,0.704,0.316,0.388,4.5,22,6,88,285,5,94,243,10,18.2,3,4,5,8.2,24.1,2,4,6,4.56,4.78,4.32,4.28,37.5,9.4,35.8,37.5,20.5,11,11.9,24.9,,3.8,1.33,6.5,25.6,95,4,2,6,6,8,8,24,30,29,27.3,5,21.5,21.5,97,6.2,5.35,25.6,46.9,26.7,9.3,17,0,"Eric Haase",-0.46992286224612023,27.7,7.3,4.0,24,6,0,0,4.87,5.12,3.5,3.39,45.6,12.9,35.4,34.7,22.4,4.9,12.2,27.1,,4,1.87,4.5,21.3,81,7,4,2,5,5,3,23,24,17,21.5,4.5,20,20,84,4.2,4.86,21.3,37.6,27.4,9.3,20.7,0,"Hunter Goodman",-0.92934943605375,21.3,4.3,4.3,17,3,0,1,0.317,0.321,0.167,0.301,39.1,9.3,77.2,20.3,20.7,77.2,22.8,18.9,30.8,24.1,23.3,24.3,0.328,0.319,0.167,0.314,37.8,6.6,75.4,26.1,24.4,75.4,24.6,18.3,33,35.8,31.4,32.5,-3.5,-0.31,-0.34,-0.02,0.002,-0.48,-0.7,0,-0.08,1,1.8,,0,0,"none","Scheduled",0,,,"fastball",46.9,"slider",26.7,,3.7109375,14.615384615384615,"fastball",37.6,"slider",27.4,,3.8028169014084505,18,95,"Extra Rest",81,"Normal","L","R",10,18.2,8.2,24.1,3,5605.555555555556,687.7777777777778,0,5383.333333333333,858.8888888888889,0,,,,,,,,,25,25,18.9,19.6,97,94,79
"823200","2026-07-10","Jung Hoo Lee","San Francisco Giants",5,"L","RF",0.309,0.341,0.441,0.782,0.34,0.132,340,99,21,3,5,9.4,4.1,0.2,0.511,0.28,7,5,2,0.786,0.772,0.443,0.435,7.9,13.3,87.1,87.1,12.9,,"Tanner Gordon","R",0.333,0.318,0.716,0.489,"10:15 PM ET","San Francisco Giants","Colorado Rockies","Oracle Park","Robbie Ray",3.45,1.23,20.5,11,8,6,"101.2",86,18,5.65,5.5,-103,-124,"rotowire","Tanner Gordon",6.95,1.59,22.4,4.9,N/A,2,"45.1",46,11,4.12,4.5,126,-161,"rotowire",4.47,"Alta",18.2,4.95,"Alta",24.1,4.1,0.73,0.308,0.422,19.6,4.8,0.75,0.327,0.423,21.8,15.6,80,26.8,287,1011.8,1,"Cielo Despejado",12.3,0.256,0.74,0.309,0.431,4.5,83,0.255,0.704,0.306,0.398,4.5,21,0.256,0.77,0.332,0.438,4.5,86,0.256,0.704,0.316,0.388,4.5,22,6,88,285,5,94,243,10,18.2,3,4,5,8.2,24.1,2,4,6,4.56,4.78,4.32,4.28,37.5,9.4,35.8,37.5,20.5,11,11.9,24.9,,3.8,1.33,6.5,25.6,95,4,2,6,6,8,8,24,30,29,27.3,5,21.5,21.5,97,6.2,5.35,25.6,46.9,26.7,9.3,17,0,"Eric Haase",-0.46992286224612023,27.7,7.3,4.0,24,6,0,0,4.87,5.12,3.5,3.39,45.6,12.9,35.4,34.7,22.4,4.9,12.2,27.1,,4,1.87,4.5,21.3,81,7,4,2,5,5,3,23,24,17,21.5,4.5,20,20,84,4.2,4.86,21.3,37.6,27.4,9.3,20.7,0,"Hunter Goodman",-0.92934943605375,21.3,4.3,4.3,17,3,0,1,0.317,0.321,0.167,0.301,39.1,9.3,77.2,20.3,20.7,77.2,22.8,18.9,30.8,24.1,23.3,24.3,0.328,0.319,0.167,0.314,37.8,6.6,75.4,26.1,24.4,75.4,24.6,18.3,33,35.8,31.4,32.5,-3.5,-0.31,-0.34,-0.02,0.002,-0.48,-0.7,0,-0.08,1,1.8,,0,0,"none","Scheduled",0,,,"fastball",46.9,"slider",26.7,,3.7109375,14.615384615384615,"fastball",37.6,"slider",27.4,,3.8028169014084505,18,95,"Extra Rest",81,"Normal","L","R",10,18.2,8.2,24.1,3,5605.555555555556,687.7777777777778,0,5383.333333333333,858.8888888888889,0,,,,,,,,,25,25,18.9,19.6,97,94,79
"823200","2026-07-10","Heliot Ramos","San Francisco Giants",6,"R","LF",0.276,0.314,0.481,0.795,0.339,0.205,223,58,13,3,8,26.5,5.4,0.323,0.957,0.613,19,10,4,0.755,0.921,0.453,0.569,26.6,25.9,72.6,72.6,27.4,,"Tanner Gordon","R",0.333,0.318,0.716,0.489,"10:15 PM ET","San Francisco Giants","Colorado Rockies","Oracle Park","Robbie Ray",3.45,1.23,20.5,11,8,6,"101.2",86,18,5.65,5.5,-103,-124,"rotowire","Tanner Gordon",6.95,1.59,22.4,4.9,N/A,2,"45.1",46,11,4.12,4.5,126,-161,"rotowire",4.47,"Alta",18.2,4.95,"Alta",24.1,4.1,0.73,0.308,0.422,19.6,4.8,0.75,0.327,0.423,21.8,15.6,80,26.8,287,1011.8,1,"Cielo Despejado",12.3,0.256,0.74,0.309,0.431,4.5,83,0.255,0.704,0.306,0.398,4.5,21,0.256,0.77,0.332,0.438,4.5,86,0.256,0.704,0.316,0.388,4.5,22,6,88,285,5,94,243,10,18.2,3,4,5,8.2,24.1,2,4,6,4.56,4.78,4.32,4.28,37.5,9.4,35.8,37.5,20.5,11,11.9,24.9,,3.8,1.33,6.5,25.6,95,4,2,6,6,8,8,24,30,29,27.3,5,21.5,21.5,97,6.2,5.35,25.6,46.9,26.7,9.3,17,0,"Eric Haase",-0.46992286224612023,27.7,7.3,4.0,24,6,0,0,4.87,5.12,3.5,3.39,45.6,12.9,35.4,34.7,22.4,4.9,12.2,27.1,,4,1.87,4.5,21.3,81,7,4,2,5,5,3,23,24,17,21.5,4.5,20,20,84,4.2,4.86,21.3,37.6,27.4,9.3,20.7,0,"Hunter Goodman",-0.92934943605375,21.3,4.3,4.3,17,3,0,1,0.317,0.321,0.167,0.301,39.1,9.3,77.2,20.3,20.7,77.2,22.8,18.9,30.8,24.1,23.3,24.3,0.328,0.319,0.167,0.314,37.8,6.6,75.4,26.1,24.4,75.4,24.6,18.3,33,35.8,31.4,32.5,-3.5,-0.31,-0.34,-0.02,0.002,-0.48,-0.7,0,-0.08,1,1.8,,0,0,"none","Scheduled",0,,,"fastball",46.9,"slider",26.7,,3.7109375,14.615384615384615,"fastball",37.6,"slider",27.4,,3.8028169014084505,18,95,"Extra Rest",81,"Normal","L","R",10,18.2,8.2,24.1,3,5605.555555555556,687.7777777777778,0,5383.333333333333,858.8888888888889,0,,,,,,,,,25,25,18.9,19.6,97,94,79
"823200","2026-07-10","Bryce Eldridge","San Francisco Giants",7,"L","DH",0.275,0.366,0.478,0.844,0.365,0.203,205,49,12,0,8,24.4,12.7,0.28,0.939,0.56,14,7,3,0.826,0.897,0.459,0.535,24.1,25.5,77.8,77.8,22.2,,"Tanner Gordon","R",0.333,0.318,0.716,0.489,"10:15 PM ET","San Francisco Giants","Colorado Rockies","Oracle Park","Robbie Ray",3.45,1.23,20.5,11,8,6,"101.2",86,18,5.65,5.5,-103,-124,"rotowire","Tanner Gordon",6.95,1.59,22.4,4.9,N/A,2,"45.1",46,11,4.12,4.5,126,-161,"rotowire",4.47,"Alta",18.2,4.95,"Alta",24.1,4.1,0.73,0.308,0.422,19.6,4.8,0.75,0.327,0.423,21.8,15.6,80,26.8,287,1011.8,1,"Cielo Despejado",12.3,0.256,0.74,0.309,0.431,4.5,83,0.255,0.704,0.306,0.398,4.5,21,0.256,0.77,0.332,0.438,4.5,86,0.256,0.704,0.316,0.388,4.5,22,6,88,285,5,94,243,10,18.2,3,4,5,8.2,24.1,2,4,6,4.56,4.78,4.32,4.28,37.5,9.4,35.8,37.5,20.5,11,11.9,24.9,,3.8,1.33,6.5,25.6,95,4,2,6,6,8,8,24,30,29,27.3,5,21.5,21.5,97,6.2,5.35,25.6,46.9,26.7,9.3,17,0,"Eric Haase",-0.46992286224612023,27.7,7.3,4.0,24,6,0,0,4.87,5.12,3.5,3.39,45.6,12.9,35.4,34.7,22.4,4.9,12.2,27.1,,4,1.87,4.5,21.3,81,7,4,2,5,5,3,23,24,17,21.5,4.5,20,20,84,4.2,4.86,21.3,37.6,27.4,9.3,20.7,0,"Hunter Goodman",-0.92934943605375,21.3,4.3,4.3,17,3,0,1,0.317,0.321,0.167,0.301,39.1,9.3,77.2,20.3,20.7,77.2,22.8,18.9,30.8,24.1,23.3,24.3,0.328,0.319,0.167,0.314,37.8,6.6,75.4,26.1,24.4,75.4,24.6,18.3,33,35.8,31.4,32.5,-3.5,-0.31,-0.34,-0.02,0.002,-0.48,-0.7,0,-0.08,1,1.8,,0,0,"none","Scheduled",0,,,"fastball",46.9,"slider",26.7,,3.7109375,14.615384615384615,"fastball",37.6,"slider",27.4,,3.8028169014084505,18,95,"Extra Rest",81,"Normal","L","R",10,18.2,8.2,24.1,3,5605.555555555556,687.7777777777778,0,5383.333333333333,858.8888888888889,0,,,,,,,,,25,25,18.9,19.6,97,94,79
"823200","2026-07-10","Drew Gilbert","San Francisco Giants",8,"L","CF",0.235,0.32,0.374,0.694,0.305,0.139,205,42,9,2,4,17.6,9.3,0.267,0.846,0.533,8,4,2,0.78,0.122,0.426,0.042,15.1,34.6,78.9,78.9,21.1,,"Tanner Gordon","R",0.333,0.318,0.716,0.489,"10:15 PM ET","San Francisco Giants","Colorado Rockies","Oracle Park","Robbie Ray",3.45,1.23,20.5,11,8,6,"101.2",86,18,5.65,5.5,-103,-124,"rotowire","Tanner Gordon",6.95,1.59,22.4,4.9,N/A,2,"45.1",46,11,4.12,4.5,126,-161,"rotowire",4.47,"Alta",18.2,4.95,"Alta",24.1,4.1,0.73,0.308,0.422,19.6,4.8,0.75,0.327,0.423,21.8,15.6,80,26.8,287,1011.8,1,"Cielo Despejado",12.3,0.256,0.74,0.309,0.431,4.5,83,0.255,0.704,0.306,0.398,4.5,21,0.256,0.77,0.332,0.438,4.5,86,0.256,0.704,0.316,0.388,4.5,22,6,88,285,5,94,243,10,18.2,3,4,5,8.2,24.1,2,4,6,4.56,4.78,4.32,4.28,37.5,9.4,35.8,37.5,20.5,11,11.9,24.9,,3.8,1.33,6.5,25.6,95,4,2,6,6,8,8,24,30,29,27.3,5,21.5,21.5,97,6.2,5.35,25.6,46.9,26.7,9.3,17,0,"Eric Haase",-0.46992286224612023,27.7,7.3,4.0,24,6,0,0,4.87,5.12,3.5,3.39,45.6,12.9,35.4,34.7,22.4,4.9,12.2,27.1,,4,1.87,4.5,21.3,81,7,4,2,5,5,3,23,24,17,21.5,4.5,20,20,84,4.2,4.86,21.3,37.6,27.4,9.3,20.7,0,"Hunter Goodman",-0.92934943605375,21.3,4.3,4.3,17,3,0,1,0.317,0.321,0.167,0.301,39.1,9.3,77.2,20.3,20.7,77.2,22.8,18.9,30.8,24.1,23.3,24.3,0.328,0.319,0.167,0.314,37.8,6.6,75.4,26.1,24.4,75.4,24.6,18.3,33,35.8,31.4,32.5,-3.5,-0.31,-0.34,-0.02,0.002,-0.48,-0.7,0,-0.08,1,1.8,,0,0,"none","Scheduled",0,,,"fastball",46.9,"slider",26.7,,3.7109375,14.615384615384615,"fastball",37.6,"slider",27.4,,3.8028169014084505,18,95,"Extra Rest",81,"Normal","L","R",10,18.2,8.2,24.1,3,5605.555555555556,687.7777777777778,0,5383.333333333333,858.8888888888889,0,,,,,,,,,25,25,18.9,19.6,97,94,79
"823200","2026-07-10","Eric Haase","San Francisco Giants",9,"R","C",0.162,0.235,0.365,0.6,0.262,0.203,84,12,3,0,4,33.3,7.1,0,0.143,0,0,0,0,0.639,0.503,0.431,0.217,33.9,32.1,66.7,66.7,33.3,,"Tanner Gordon","R",0.333,0.318,0.716,0.489,"10:15 PM ET","San Francisco Giants","Colorado Rockies","Oracle Park","Robbie Ray",3.45,1.23,20.5,11,8,6,"101.2",86,18,5.65,5.5,-103,-124,"rotowire","Tanner Gordon",6.95,1.59,22.4,4.9,N/A,2,"45.1",46,11,4.12,4.5,126,-161,"rotowire",4.47,"Alta",18.2,4.95,"Alta",24.1,4.1,0.73,0.308,0.422,19.6,4.8,0.75,0.327,0.423,21.8,15.6,80,26.8,287,1011.8,1,"Cielo Despejado",12.3,0.256,0.74,0.309,0.431,4.5,83,0.255,0.704,0.306,0.398,4.5,21,0.256,0.77,0.332,0.438,4.5,86,0.256,0.704,0.316,0.388,4.5,22,6,88,285,5,94,243,10,18.2,3,4,5,8.2,24.1,2,4,6,4.56,4.78,4.32,4.28,37.5,9.4,35.8,37.5,20.5,11,11.9,24.9,,3.8,1.33,6.5,25.6,95,4,2,6,6,8,8,24,30,29,27.3,5,21.5,21.5,97,6.2,5.35,25.6,46.9,26.7,9.3,17,0,"Eric Haase",-0.46992286224612023,27.7,7.3,4.0,24,6,0,0,4.87,5.12,3.5,3.39,45.6,12.9,35.4,34.7,22.4,4.9,12.2,27.1,,4,1.87,4.5,21.3,81,7,4,2,5,5,3,23,24,17,21.5,4.5,20,20,84,4.2,4.86,21.3,37.6,27.4,9.3,20.7,0,"Hunter Goodman",-0.92934943605375,21.3,4.3,4.3,17,3,0,1,0.317,0.321,0.167,0.301,39.1,9.3,77.2,20.3,20.7,77.2,22.8,18.9,30.8,24.1,23.3,24.3,0.328,0.319,0.167,0.314,37.8,6.6,75.4,26.1,24.4,75.4,24.6,18.3,33,35.8,31.4,32.5,-3.5,-0.31,-0.34,-0.02,0.002,-0.48,-0.7,0,-0.08,1,1.8,,0,0,"none","Scheduled",0,,,"fastball",46.9,"slider",26.7,,3.7109375,14.615384615384615,"fastball",37.6,"slider",27.4,,3.8028169014084505,18,95,"Extra Rest",81,"Normal","L","R",10,18.2,8.2,24.1,3,5605.555555555556,687.7777777777778,0,5383.333333333333,858.8888888888889,0,,,,,,,,,25,25,18.9,19.6,97,94,79
"823200","2026-07-10","TJ Rumfield","Colorado Rockies",1,"L","1B",0.297,0.376,0.48,0.856,0.373,0.183,372,97,20,2,12,14.2,9.7,0.348,0.814,0.391,9,8,1,0.943,0.654,0.544,0.333,14.1,14.7,78.9,78.9,21.1,,"Robbie Ray","L",0.229,0.211,0.313,0.404,"10:15 PM ET","San Francisco Giants","Colorado Rockies","Oracle Park","Robbie Ray",3.45,1.23,20.5,11,8,6,"101.2",86,18,5.65,5.5,-103,-124,"rotowire","Tanner Gordon",6.95,1.59,22.4,4.9,N/A,2,"45.1",46,11,4.12,4.5,126,-161,"rotowire",4.47,"Alta",18.2,4.95,"Alta",24.1,4.1,0.73,0.308,0.422,19.6,4.8,0.75,0.327,0.423,21.8,15.6,80,26.8,287,1011.8,1,"Cielo Despejado",12.3,0.256,0.74,0.309,0.431,4.5,83,0.255,0.704,0.306,0.398,4.5,21,0.256,0.77,0.332,0.438,4.5,86,0.256,0.704,0.316,0.388,4.5,22,6,88,285,5,94,243,10,18.2,3,4,5,8.2,24.1,2,4,6,4.56,4.78,4.32,4.28,37.5,9.4,35.8,37.5,20.5,11,11.9,24.9,,3.8,1.33,6.5,25.6,95,4,2,6,6,8,8,24,30,29,27.3,5,21.5,21.5,97,6.2,5.35,25.6,46.9,26.7,9.3,17,0,"Eric Haase",-0.46992286224612023,27.7,7.3,4.0,24,6,0,0,4.87,5.12,3.5,3.39,45.6,12.9,35.4,34.7,22.4,4.9,12.2,27.1,,4,1.87,4.5,21.3,81,7,4,2,5,5,3,23,24,17,21.5,4.5,20,20,84,4.2,4.86,21.3,37.6,27.4,9.3,20.7,0,"Hunter Goodman",-0.92934943605375,21.3,4.3,4.3,17,3,0,1,0.317,0.321,0.167,0.301,39.1,9.3,77.2,20.3,20.7,77.2,22.8,18.9,30.8,24.1,23.3,24.3,0.328,0.319,0.167,0.314,37.8,6.6,75.4,26.1,24.4,75.4,24.6,18.3,33,35.8,31.4,32.5,-3.5,-0.31,-0.34,-0.02,0.002,-0.48,-0.7,0,-0.08,1,1.8,,0,0,"none","Scheduled",0,,,"fastball",46.9,"slider",26.7,,3.7109375,14.615384615384615,"fastball",37.6,"slider",27.4,,3.8028169014084505,18,95,"Extra Rest",81,"Normal","L","R",10,18.2,8.2,24.1,3,5605.555555555556,687.7777777777778,0,5383.333333333333,858.8888888888889,0,,,,,,,,,25,25,18.9,19.6,97,94,79
"823200","2026-07-10","Hunter Goodman","Colorado Rockies",2,"R","C",0.251,0.32,0.541,0.861,0.364,0.29,363,82,14,0,27,32.5,8.3,0.364,1.026,0.545,12,8,2,0.84,0.906,0.538,0.549,29.4,39.1,65.4,65.4,34.6,,"Robbie Ray","L",0.229,0.211,0.313,0.404,"10:15 PM ET","San Francisco Giants","Colorado Rockies","Oracle Park","Robbie Ray",3.45,1.23,20.5,11,8,6,"101.2",86,18,5.65,5.5,-103,-124,"rotowire","Tanner Gordon",6.95,1.59,22.4,4.9,N/A,2,"45.1",46,11,4.12,4.5,126,-161,"rotowire",4.47,"Alta",18.2,4.95,"Alta",24.1,4.1,0.73,0.308,0.422,19.6,4.8,0.75,0.327,0.423,21.8,15.6,80,26.8,287,1011.8,1,"Cielo Despejado",12.3,0.256,0.74,0.309,0.431,4.5,83,0.255,0.704,0.306,0.398,4.5,21,0.256,0.77,0.332,0.438,4.5,86,0.256,0.704,0.316,0.388,4.5,22,6,88,285,5,94,243,10,18.2,3,4,5,8.2,24.1,2,4,6,4.56,4.78,4.32,4.28,37.5,9.4,35.8,37.5,20.5,11,11.9,24.9,,3.8,1.33,6.5,25.6,95,4,2,6,6,8,8,24,30,29,27.3,5,21.5,21.5,97,6.2,5.35,25.6,46.9,26.7,9.3,17,0,"Eric Haase",-0.46992286224612023,27.7,7.3,4.0,24,6,0,0,4.87,5.12,3.5,3.39,45.6,12.9,35.4,34.7,22.4,4.9,12.2,27.1,,4,1.87,4.5,21.3,81,7,4,2,5,5,3,23,24,17,21.5,4.5,20,20,84,4.2,4.86,21.3,37.6,27.4,9.3,20.7,0,"Hunter Goodman",-0.92934943605375,21.3,4.3,4.3,17,3,0,1,0.317,0.321,0.167,0.301,39.1,9.3,77.2,20.3,20.7,77.2,22.8,18.9,30.8,24.1,23.3,24.3,0.328,0.319,0.167,0.314,37.8,6.6,75.4,26.1,24.4,75.4,24.6,18.3,33,35.8,31.4,32.5,-3.5,-0.31,-0.34,-0.02,0.002,-0.48,-0.7,0,-0.08,1,1.8,,0,0,"none","Scheduled",0,,,"fastball",46.9,"slider",26.7,,3.7109375,14.615384615384615,"fastball",37.6,"slider",27.4,,3.8028169014084505,18,95,"Extra Rest",81,"Normal","L","R",10,18.2,8.2,24.1,3,5605.555555555556,687.7777777777778,0,5383.333333333333,858.8888888888889,0,,,,,,,,,25,25,18.9,19.6,97,94,79
"823200","2026-07-10","Ezequiel Tovar","Colorado Rockies",3,"R","SS",0.202,0.244,0.332,0.576,0.255,0.13,332,62,16,0,8,25.9,5.1,0.174,0.643,0.435,10,4,2,0.583,0.557,0.344,0.302,23.5,31.9,70.9,70.9,29.1,,"Robbie Ray","L",0.229,0.211,0.313,0.404,"10:15 PM ET","San Francisco Giants","Colorado Rockies","Oracle Park","Robbie Ray",3.45,1.23,20.5,11,8,6,"101.2",86,18,5.65,5.5,-103,-124,"rotowire","Tanner Gordon",6.95,1.59,22.4,4.9,N/A,2,"45.1",46,11,4.12,4.5,126,-161,"rotowire",4.47,"Alta",18.2,4.95,"Alta",24.1,4.1,0.73,0.308,0.422,19.6,4.8,0.75,0.327,0.423,21.8,15.6,80,26.8,287,1011.8,1,"Cielo Despejado",12.3,0.256,0.74,0.309,0.431,4.5,83,0.255,0.704,0.306,0.398,4.5,21,0.256,0.77,0.332,0.438,4.5,86,0.256,0.704,0.316,0.388,4.5,22,6,88,285,5,94,243,10,18.2,3,4,5,8.2,24.1,2,4,6,4.56,4.78,4.32,4.28,37.5,9.4,35.8,37.5,20.5,11,11.9,24.9,,3.8,1.33,6.5,25.6,95,4,2,6,6,8,8,24,30,29,27.3,5,21.5,21.5,97,6.2,5.35,25.6,46.9,26.7,9.3,17,0,"Eric Haase",-0.46992286224612023,27.7,7.3,4.0,24,6,0,0,4.87,5.12,3.5,3.39,45.6,12.9,35.4,34.7,22.4,4.9,12.2,27.1,,4,1.87,4.5,21.3,81,7,4,2,5,5,3,23,24,17,21.5,4.5,20,20,84,4.2,4.86,21.3,37.6,27.4,9.3,20.7,0,"Hunter Goodman",-0.92934943605375,21.3,4.3,4.3,17,3,0,1,0.317,0.321,0.167,0.301,39.1,9.3,77.2,20.3,20.7,77.2,22.8,18.9,30.8,24.1,23.3,24.3,0.328,0.319,0.167,0.314,37.8,6.6,75.4,26.1,24.4,75.4,24.6,18.3,33,35.8,31.4,32.5,-3.5,-0.31,-0.34,-0.02,0.002,-0.48,-0.7,0,-0.08,1,1.8,,0,0,"none","Scheduled",0,,,"fastball",46.9,"slider",26.7,,3.7109375,14.615384615384615,"fastball",37.6,"slider",27.4,,3.8028169014084505,18,95,"Extra Rest",81,"Normal","L","R",10,18.2,8.2,24.1,3,5605.555555555556,687.7777777777778,0,5383.333333333333,858.8888888888889,0,,,,,,,,,25,25,18.9,19.6,97,94,79
"823200","2026-07-10","Willi Castro","Colorado Rockies",4,"S","2B",0.265,0.337,0.385,0.722,0.32,0.12,315,75,13,0,7,27.3,8.6,0.217,0.656,0.348,8,5,1,0.703,0.757,0.376,0.402,26.8,28.2,70.1,70.1,29.9,,"Robbie Ray","L",0.229,0.211,0.313,0.404,"10:15 PM ET","San Francisco Giants","Colorado Rockies","Oracle Park","Robbie Ray",3.45,1.23,20.5,11,8,6,"101.2",86,18,5.65,5.5,-103,-124,"rotowire","Tanner Gordon",6.95,1.59,22.4,4.9,N/A,2,"45.1",46,11,4.12,4.5,126,-161,"rotowire",4.47,"Alta",18.2,4.95,"Alta",24.1,4.1,0.73,0.308,0.422,19.6,4.8,0.75,0.327,0.423,21.8,15.6,80,26.8,287,1011.8,1,"Cielo Despejado",12.3,0.256,0.74,0.309,0.431,4.5,83,0.255,0.704,0.306,0.398,4.5,21,0.256,0.77,0.332,0.438,4.5,86,0.256,0.704,0.316,0.388,4.5,22,6,88,285,5,94,243,10,18.2,3,4,5,8.2,24.1,2,4,6,4.56,4.78,4.32,4.28,37.5,9.4,35.8,37.5,20.5,11,11.9,24.9,,3.8,1.33,6.5,25.6,95,4,2,6,6,8,8,24,30,29,27.3,5,21.5,21.5,97,6.2,5.35,25.6,46.9,26.7,9.3,17,0,"Eric Haase",-0.46992286224612023,27.7,7.3,4.0,24,6,0,0,4.87,5.12,3.5,3.39,45.6,12.9,35.4,34.7,22.4,4.9,12.2,27.1,,4,1.87,4.5,21.3,81,7,4,2,5,5,3,23,24,17,21.5,4.5,20,20,84,4.2,4.86,21.3,37.6,27.4,9.3,20.7,0,"Hunter Goodman",-0.92934943605375,21.3,4.3,4.3,17,3,0,1,0.317,0.321,0.167,0.301,39.1,9.3,77.2,20.3,20.7,77.2,22.8,18.9,30.8,24.1,23.3,24.3,0.328,0.319,0.167,0.314,37.8,6.6,75.4,26.1,24.4,75.4,24.6,18.3,33,35.8,31.4,32.5,-3.5,-0.31,-0.34,-0.02,0.002,-0.48,-0.7,0,-0.08,1,1.8,,0,0,"none","Scheduled",0,,,"fastball",46.9,"slider",26.7,,3.7109375,14.615384615384615,"fastball",37.6,"slider",27.4,,3.8028169014084505,18,95,"Extra Rest",81,"Normal","L","R",10,18.2,8.2,24.1,3,5605.555555555556,687.7777777777778,0,5383.333333333333,858.8888888888889,0,,,,,,,,,25,25,18.9,19.6,97,94,79
"823200","2026-07-10","Kyle Karros","Colorado Rockies",5,"R","3B",0.26,0.361,0.434,0.795,0.348,0.174,310,69,18,2,8,21.3,12.9,0.308,1.111,0.692,18,8,5,0.803,0.782,0.443,0.418,21,21.8,74.3,74.3,25.7,,"Robbie Ray","L",0.229,0.211,0.313,0.404,"10:15 PM ET","San Francisco Giants","Colorado Rockies","Oracle Park","Robbie Ray",3.45,1.23,20.5,11,8,6,"101.2",86,18,5.65,5.5,-103,-124,"rotowire","Tanner Gordon",6.95,1.59,22.4,4.9,N/A,2,"45.1",46,11,4.12,4.5,126,-161,"rotowire",4.47,"Alta",18.2,4.95,"Alta",24.1,4.1,0.73,0.308,0.422,19.6,4.8,0.75,0.327,0.423,21.8,15.6,80,26.8,287,1011.8,1,"Cielo Despejado",12.3,0.256,0.74,0.309,0.431,4.5,83,0.255,0.704,0.306,0.398,4.5,21,0.256,0.77,0.332,0.438,4.5,86,0.256,0.704,0.316,0.388,4.5,22,6,88,285,5,94,243,10,18.2,3,4,5,8.2,24.1,2,4,6,4.56,4.78,4.32,4.28,37.5,9.4,35.8,37.5,20.5,11,11.9,24.9,,3.8,1.33,6.5,25.6,95,4,2,6,6,8,8,24,30,29,27.3,5,21.5,21.5,97,6.2,5.35,25.6,46.9,26.7,9.3,17,0,"Eric Haase",-0.46992286224612023,27.7,7.3,4.0,24,6,0,0,4.87,5.12,3.5,3.39,45.6,12.9,35.4,34.7,22.4,4.9,12.2,27.1,,4,1.87,4.5,21.3,81,7,4,2,5,5,3,23,24,17,21.5,4.5,20,20,84,4.2,4.86,21.3,37.6,27.4,9.3,20.7,0,"Hunter Goodman",-0.92934943605375,21.3,4.3,4.3,17,3,0,1,0.317,0.321,0.167,0.301,39.1,9.3,77.2,20.3,20.7,77.2,22.8,18.9,30.8,24.1,23.3,24.3,0.328,0.319,0.167,0.314,37.8,6.6,75.4,26.1,24.4,75.4,24.6,18.3,33,35.8,31.4,32.5,-3.5,-0.31,-0.34,-0.02,0.002,-0.48,-0.7,0,-0.08,1,1.8,,0,0,"none","Scheduled",0,,,"fastball",46.9,"slider",26.7,,3.7109375,14.615384615384615,"fastball",37.6,"slider",27.4,,3.8028169014084505,18,95,"Extra Rest",81,"Normal","L","R",10,18.2,8.2,24.1,3,5605.555555555556,687.7777777777778,0,5383.333333333333,858.8888888888889,0,,,,,,,,,25,25,18.9,19.6,97,94,79
"823200","2026-07-10","Troy Johnston","Colorado Rockies",6,"L","RF",0.307,0.377,0.426,0.803,0.355,0.119,306,83,23,0,3,17,8.8,0.235,0.675,0.294,5,4,1,0.884,0.549,0.468,0.299,18,13.7,76.6,76.6,23.4,,"Robbie Ray","L",0.229,0.211,0.313,0.404,"10:15 PM ET","San Francisco Giants","Colorado Rockies","Oracle Park","Robbie Ray",3.45,1.23,20.5,11,8,6,"101.2",86,18,5.65,5.5,-103,-124,"rotowire","Tanner Gordon",6.95,1.59,22.4,4.9,N/A,2,"45.1",46,11,4.12,4.5,126,-161,"rotowire",4.47,"Alta",18.2,4.95,"Alta",24.1,4.1,0.73,0.308,0.422,19.6,4.8,0.75,0.327,0.423,21.8,15.6,80,26.8,287,1011.8,1,"Cielo Despejado",12.3,0.256,0.74,0.309,0.431,4.5,83,0.255,0.704,0.306,0.398,4.5,21,0.256,0.77,0.332,0.438,4.5,86,0.256,0.704,0.316,0.388,4.5,22,6,88,285,5,94,243,10,18.2,3,4,5,8.2,24.1,2,4,6,4.56,4.78,4.32,4.28,37.5,9.4,35.8,37.5,20.5,11,11.9,24.9,,3.8,1.33,6.5,25.6,95,4,2,6,6,8,8,24,30,29,27.3,5,21.5,21.5,97,6.2,5.35,25.6,46.9,26.7,9.3,17,0,"Eric Haase",-0.46992286224612023,27.7,7.3,4.0,24,6,0,0,4.87,5.12,3.5,3.39,45.6,12.9,35.4,34.7,22.4,4.9,12.2,27.1,,4,1.87,4.5,21.3,81,7,4,2,5,5,3,23,24,17,21.5,4.5,20,20,84,4.2,4.86,21.3,37.6,27.4,9.3,20.7,0,"Hunter Goodman",-0.92934943605375,21.3,4.3,4.3,17,3,0,1,0.317,0.321,0.167,0.301,39.1,9.3,77.2,20.3,20.7,77.2,22.8,18.9,30.8,24.1,23.3,24.3,0.328,0.319,0.167,0.314,37.8,6.6,75.4,26.1,24.4,75.4,24.6,18.3,33,35.8,31.4,32.5,-3.5,-0.31,-0.34,-0.02,0.002,-0.48,-0.7,0,-0.08,1,1.8,,0,0,"none","Scheduled",0,,,"fastball",46.9,"slider",26.7,,3.7109375,14.615384615384615,"fastball",37.6,"slider",27.4,,3.8028169014084505,18,95,"Extra Rest",81,"Normal","L","R",10,18.2,8.2,24.1,3,5605.555555555556,687.7777777777778,0,5383.333333333333,858.8888888888889,0,,,,,,,,,25,25,18.9,19.6,97,94,79
"823200","2026-07-10","Jake McCarthy","Colorado Rockies",7,"L","CF",0.299,0.341,0.507,0.848,0.365,0.208,294,80,17,6,9,17.7,5.4,0.308,1.033,0.654,17,8,4,0.816,0.952,0.49,0.561,17.9,17.1,76.5,76.5,23.5,,"Robbie Ray","L",0.229,0.211,0.313,0.404,"10:15 PM ET","San Francisco Giants","Colorado Rockies","Oracle Park","Robbie Ray",3.45,1.23,20.5,11,8,6,"101.2",86,18,5.65,5.5,-103,-124,"rotowire","Tanner Gordon",6.95,1.59,22.4,4.9,N/A,2,"45.1",46,11,4.12,4.5,126,-161,"rotowire",4.47,"Alta",18.2,4.95,"Alta",24.1,4.1,0.73,0.308,0.422,19.6,4.8,0.75,0.327,0.423,21.8,15.6,80,26.8,287,1011.8,1,"Cielo Despejado",12.3,0.256,0.74,0.309,0.431,4.5,83,0.255,0.704,0.306,0.398,4.5,21,0.256,0.77,0.332,0.438,4.5,86,0.256,0.704,0.316,0.388,4.5,22,6,88,285,5,94,243,10,18.2,3,4,5,8.2,24.1,2,4,6,4.56,4.78,4.32,4.28,37.5,9.4,35.8,37.5,20.5,11,11.9,24.9,,3.8,1.33,6.5,25.6,95,4,2,6,6,8,8,24,30,29,27.3,5,21.5,21.5,97,6.2,5.35,25.6,46.9,26.7,9.3,17,0,"Eric Haase",-0.46992286224612023,27.7,7.3,4.0,24,6,0,0,4.87,5.12,3.5,3.39,45.6,12.9,35.4,34.7,22.4,4.9,12.2,27.1,,4,1.87,4.5,21.3,81,7,4,2,5,5,3,23,24,17,21.5,4.5,20,20,84,4.2,4.86,21.3,37.6,27.4,9.3,20.7,0,"Hunter Goodman",-0.92934943605375,21.3,4.3,4.3,17,3,0,1,0.317,0.321,0.167,0.301,39.1,9.3,77.2,20.3,20.7,77.2,22.8,18.9,30.8,24.1,23.3,24.3,0.328,0.319,0.167,0.314,37.8,6.6,75.4,26.1,24.4,75.4,24.6,18.3,33,35.8,31.4,32.5,-3.5,-0.31,-0.34,-0.02,0.002,-0.48,-0.7,0,-0.08,1,1.8,,0,0,"none","Scheduled",0,,,"fastball",46.9,"slider",26.7,,3.7109375,14.615384615384615,"fastball",37.6,"slider",27.4,,3.8028169014084505,18,95,"Extra Rest",81,"Normal","L","R",10,18.2,8.2,24.1,3,5605.555555555556,687.7777777777778,0,5383.333333333333,858.8888888888889,0,,,,,,,,,25,25,18.9,19.6,97,94,79
"823200","2026-07-10","Tyler Freeman","Colorado Rockies",8,"R","RF",0.27,0.35,0.351,0.701,0.316,0.081,243,57,6,1,3,12.3,4.5,0.238,0.542,0.238,5,5,0,0.732,0.637,0.357,0.338,10.3,16.7,88.3,88.3,11.7,,"Robbie Ray","L",0.229,0.211,0.313,0.404,"10:15 PM ET","San Francisco Giants","Colorado Rockies","Oracle Park","Robbie Ray",3.45,1.23,20.5,11,8,6,"101.2",86,18,5.65,5.5,-103,-124,"rotowire","Tanner Gordon",6.95,1.59,22.4,4.9,N/A,2,"45.1",46,11,4.12,4.5,126,-161,"rotowire",4.47,"Alta",18.2,4.95,"Alta",24.1,4.1,0.73,0.308,0.422,19.6,4.8,0.75,0.327,0.423,21.8,15.6,80,26.8,287,1011.8,1,"Cielo Despejado",12.3,0.256,0.74,0.309,0.431,4.5,83,0.255,0.704,0.306,0.398,4.5,21,0.256,0.77,0.332,0.438,4.5,86,0.256,0.704,0.316,0.388,4.5,22,6,88,285,5,94,243,10,18.2,3,4,5,8.2,24.1,2,4,6,4.56,4.78,4.32,4.28,37.5,9.4,35.8,37.5,20.5,11,11.9,24.9,,3.8,1.33,6.5,25.6,95,4,2,6,6,8,8,24,30,29,27.3,5,21.5,21.5,97,6.2,5.35,25.6,46.9,26.7,9.3,17,0,"Eric Haase",-0.46992286224612023,27.7,7.3,4.0,24,6,0,0,4.87,5.12,3.5,3.39,45.6,12.9,35.4,34.7,22.4,4.9,12.2,27.1,,4,1.87,4.5,21.3,81,7,4,2,5,5,3,23,24,17,21.5,4.5,20,20,84,4.2,4.86,21.3,37.6,27.4,9.3,20.7,0,"Hunter Goodman",-0.92934943605375,21.3,4.3,4.3,17,3,0,1,0.317,0.321,0.167,0.301,39.1,9.3,77.2,20.3,20.7,77.2,22.8,18.9,30.8,24.1,23.3,24.3,0.328,0.319,0.167,0.314,37.8,6.6,75.4,26.1,24.4,75.4,24.6,18.3,33,35.8,31.4,32.5,-3.5,-0.31,-0.34,-0.02,0.002,-0.48,-0.7,0,-0.08,1,1.8,,0,0,"none","Scheduled",0,,,"fastball",46.9,"slider",26.7,,3.7109375,14.615384615384615,"fastball",37.6,"slider",27.4,,3.8028169014084505,18,95,"Extra Rest",81,"Normal","L","R",10,18.2,8.2,24.1,3,5605.555555555556,687.7777777777778,0,5383.333333333333,858.8888888888889,0,,,,,,,,,25,25,18.9,19.6,97,94,79
"823200","2026-07-10","Edouard Julien","Colorado Rockies",9,"L","2B",0.227,0.339,0.314,0.653,0.299,0.087,242,47,7,1,3,26,14,0.176,0.717,0.353,6,3,1,0.669,0.485,0.328,0.167,25,36.4,77.7,77.7,22.3,,"Robbie Ray","L",0.229,0.211,0.313,0.404,"10:15 PM ET","San Francisco Giants","Colorado Rockies","Oracle Park","Robbie Ray",3.45,1.23,20.5,11,8,6,"101.2",86,18,5.65,5.5,-103,-124,"rotowire","Tanner Gordon",6.95,1.59,22.4,4.9,N/A,2,"45.1",46,11,4.12,4.5,126,-161,"rotowire",4.47,"Alta",18.2,4.95,"Alta",24.1,4.1,0.73,0.308,0.422,19.6,4.8,0.75,0.327,0.423,21.8,15.6,80,26.8,287,1011.8,1,"Cielo Despejado",12.3,0.256,0.74,0.309,0.431,4.5,83,0.255,0.704,0.306,0.398,4.5,21,0.256,0.77,0.332,0.438,4.5,86,0.256,0.704,0.316,0.388,4.5,22,6,88,285,5,94,243,10,18.2,3,4,5,8.2,24.1,2,4,6,4.56,4.78,4.32,4.28,37.5,9.4,35.8,37.5,20.5,11,11.9,24.9,,3.8,1.33,6.5,25.6,95,4,2,6,6,8,8,24,30,29,27.3,5,21.5,21.5,97,6.2,5.35,25.6,46.9,26.7,9.3,17,0,"Eric Haase",-0.46992286224612023,27.7,7.3,4.0,24,6,0,0,4.87,5.12,3.5,3.39,45.6,12.9,35.4,34.7,22.4,4.9,12.2,27.1,,4,1.87,4.5,21.3,81,7,4,2,5,5,3,23,24,17,21.5,4.5,20,20,84,4.2,4.86,21.3,37.6,27.4,9.3,20.7,0,"Hunter Goodman",-0.92934943605375,21.3,4.3,4.3,17,3,0,1,0.317,0.321,0.167,0.301,39.1,9.3,77.2,20.3,20.7,77.2,22.8,18.9,30.8,24.1,23.3,24.3,0.328,0.319,0.167,0.314,37.8,6.6,75.4,26.1,24.4,75.4,24.6,18.3,33,35.8,31.4,32.5,-3.5,-0.31,-0.34,-0.02,0.002,-0.48,-0.7,0,-0.08,1,1.8,,0,0,"none","Scheduled",0,,,"fastball",46.9,"slider",26.7,,3.7109375,14.615384615384615,"fastball",37.6,"slider",27.4,,3.8028169014084505,18,95,"Extra Rest",81,"Normal","L","R",10,18.2,8.2,24.1,3,5605.555555555556,687.7777777777778,0,5383.333333333333,858.8888888888889,0,,,,,,,,,25,25,18.9,19.6,97,94,79
"822744","2026-05-01","James Wood","Washington Nationals",1,"R","RF",0.23,0.39,0.524,0.914,0.382,0.294,159,29,7,0,10,32.7,19.5,0.167,0.708,0.333,8,4,2,1.001,0.848,0.574,0.496,27.5,31.7,68.7,68.7,31.3,,"Jacob Misiorowski","R",0.098,0.204,0.142,0.331,"6:45 PM ET","Washington Nationals","Milwaukee Brewers","Nationals Park","Jake Irvin",5.23,1.35,25.4,9.6,2,4,"51.2",58,11,4.70,,,,,"Jacob Misiorowski",1.62,0.76,39.6,6.4,10,4,"111.0",167,18,6.17,,,,,5.04,"Alta",24,3.42,"Alta",26.2,5.4,0.76,0.325,0.435,21.7,5.1,0.735,0.337,0.398,19.9,20,50,10,0,1013,0,"Cielo Despejado",20,0.244,0.753,0.318,0.435,4.5,101,0.267,0.78,0.345,0.435,4.5,31,0.261,0.754,0.342,0.412,4.5,67,0.241,0.691,0.327,0.364,4.5,19,6,88,241,6,91,264,12.1,24,3,6,5,16.1,26.2,5,8,3,5.21,4.34,3.72,3.73,45.8,12,40.1,30.3,25.4,9.6,11.8,28.8,5,5.4,1.85,4.9,21.8,85,9,4,5,5.7,5,5,23,19,23,17.7,5,22,22,84,5,5.39,21.8,62.1,7.8,25.6,0,0,"Drew Millas",4.421209600178885,21.7,5.2,6.0,19,5,0,0,2.06,2.19,1.78,1.73,34.1,3.2,45.9,23.6,39.6,6.4,18.8,36.7,8,8,1.79,5.5,23.4,92,9,9,5,6,5,5.3,26,23,21,44.4,,,,90,5.1,8.1,23.4,76.7,10.4,11.2,1.7,0,"William Contreras",-4.935214903643901,23.3,5.4,7.7,21,5,0,0,0.331,0.329,0.184,0.292,39.5,9,76.1,20.5,21,76.1,23.9,17.3,33.4,33.6,27.5,34.8,0.323,0.321,0.143,0.311,39,7.5,77.2,20.9,21.7,77.2,22.8,16.5,32.6,30,33.5,28,3.61,3.15,2.15,0.025,0.008,1.62,0.3,0,-0.05,0,-4,,1,6,"away","Final",0,,,"fastball",62.1,"curve",25.6,,3.8990825688073394,17.346938775510203,"fastball",76.7,"curve",11.2,,3.931623931623932,16.727272727272727,80.33333333333333,"Extra Rest",88,"Extra Rest","R","R",12.1,24,16.1,26.2,3,5413.333333333333,950,0,5678.888888888889,1325.5555555555557,0,,,,,,,,,26.4,47.6,23.8,30.1,94,104,103
"822744","2026-05-01","Luis García Jr.","Washington Nationals",2,"R","DH",0.243,0.269,0.35,0.619,0.27,0.107,108,25,6,1,1,16.7,3.7,0.273,0.637,0.364,8,6,2,0.927,0.65,0.595,0.4,14.4,19.4,81,81,19,,"Jacob Misiorowski","R",0.098,0.204,0.142,0.331,"6:45 PM ET","Washington Nationals","Milwaukee Brewers","Nationals Park","Jake Irvin",5.23,1.35,25.4,9.6,2,4,"51.2",58,11,4.70,,,,,"Jacob Misiorowski",1.62,0.76,39.6,6.4,10,4,"111.0",167,18,6.17,,,,,5.04,"Alta",24,3.42,"Alta",26.2,5.4,0.76,0.325,0.435,21.7,5.1,0.735,0.337,0.398,19.9,20,50,10,0,1013,0,"Cielo Despejado",20,0.244,0.753,0.318,0.435,4.5,101,0.267,0.78,0.345,0.435,4.5,31,0.261,0.754,0.342,0.412,4.5,67,0.241,0.691,0.327,0.364,4.5,19,6,88,241,6,91,264,12.1,24,3,6,5,16.1,26.2,5,8,3,5.21,4.34,3.72,3.73,45.8,12,40.1,30.3,25.4,9.6,11.8,28.8,5,5.4,1.85,4.9,21.8,85,9,4,5,5.7,5,5,23,19,23,17.7,5,22,22,84,5,5.39,21.8,62.1,7.8,25.6,0,0,"Drew Millas",4.421209600178885,21.7,5.2,6.0,19,5,0,0,2.06,2.19,1.78,1.73,34.1,3.2,45.9,23.6,39.6,6.4,18.8,36.7,8,8,1.79,5.5,23.4,92,9,9,5,6,5,5.3,26,23,21,44.4,,,,90,5.1,8.1,23.4,76.7,10.4,11.2,1.7,0,"William Contreras",-4.935214903643901,23.3,5.4,7.7,21,5,0,0,0.331,0.329,0.184,0.292,39.5,9,76.1,20.5,21,76.1,23.9,17.3,33.4,33.6,27.5,34.8,0.323,0.321,0.143,0.311,39,7.5,77.2,20.9,21.7,77.2,22.8,16.5,32.6,30,33.5,28,3.61,3.15,2.15,0.025,0.008,1.62,0.3,0,-0.05,0,-4,,1,6,"away","Final",0,,,"fastball",62.1,"curve",25.6,,3.8990825688073394,17.346938775510203,"fastball",76.7,"curve",11.2,,3.931623931623932,16.727272727272727,80.33333333333333,"Extra Rest",88,"Extra Rest","R","R",12.1,24,16.1,26.2,3,5413.333333333333,950,0,5678.888888888889,1325.5555555555557,0,,,,,,,,,26.4,47.6,23.8,30.1,94,104,103
"822744","2026-05-01","Curtis Mead","Washington Nationals",3,"R","1B",0.212,0.307,0.455,0.762,0.33,0.243,75,14,4,0,4,16,10.7,0.263,1.023,0.632,12,5,3,0.804,0.831,0.465,0.5,18.5,19.5,82.7,82.7,17.3,,"Jacob Misiorowski","R",0.098,0.204,0.142,0.331,"6:45 PM ET","Washington Nationals","Milwaukee Brewers","Nationals Park","Jake Irvin",5.23,1.35,25.4,9.6,2,4,"51.2",58,11,4.70,,,,,"Jacob Misiorowski",1.62,0.76,39.6,6.4,10,4,"111.0",167,18,6.17,,,,,5.04,"Alta",24,3.42,"Alta",26.2,5.4,0.76,0.325,0.435,21.7,5.1,0.735,0.337,0.398,19.9,20,50,10,0,1013,0,"Cielo Despejado",20,0.244,0.753,0.318,0.435,4.5,101,0.267,0.78,0.345,0.435,4.5,31,0.261,0.754,0.342,0.412,4.5,67,0.241,0.691,0.327,0.364,4.5,19,6,88,241,6,91,264,12.1,24,3,6,5,16.1,26.2,5,8,3,5.21,4.34,3.72,3.73,45.8,12,40.1,30.3,25.4,9.6,11.8,28.8,5,5.4,1.85,4.9,21.8,85,9,4,5,5.7,5,5,23,19,23,17.7,5,22,22,84,5,5.39,21.8,62.1,7.8,25.6,0,0,"Drew Millas",4.421209600178885,21.7,5.2,6.0,19,5,0,0,2.06,2.19,1.78,1.73,34.1,3.2,45.9,23.6,39.6,6.4,18.8,36.7,8,8,1.79,5.5,23.4,92,9,9,5,6,5,5.3,26,23,21,44.4,,,,90,5.1,8.1,23.4,76.7,10.4,11.2,1.7,0,"William Contreras",-4.935214903643901,23.3,5.4,7.7,21,5,0,0,0.331,0.329,0.184,0.292,39.5,9,76.1,20.5,21,76.1,23.9,17.3,33.4,33.6,27.5,34.8,0.323,0.321,0.143,0.311,39,7.5,77.2,20.9,21.7,77.2,22.8,16.5,32.6,30,33.5,28,3.61,3.15,2.15,0.025,0.008,1.62,0.3,0,-0.05,0,-4,,1,6,"away","Final",0,,,"fastball",62.1,"curve",25.6,,3.8990825688073394,17.346938775510203,"fastball",76.7,"curve",11.2,,3.931623931623932,16.727272727272727,80.33333333333333,"Extra Rest",88,"Extra Rest","R","R",12.1,24,16.1,26.2,3,5413.333333333333,950,0,5678.888888888889,1325.5555555555557,0,,,,,,,,,26.4,47.6,23.8,30.1,94,104,103
"822744","2026-05-01","CJ Abrams","Washington Nationals",4,"R","SS",0.288,0.4,0.541,0.941,0.404,0.253,135,32,4,0,8,17.8,11.9,0.318,1.036,0.636,14,7,3,0.914,0.767,0.547,0.443,18.9,26.9,71.8,71.8,28.2,,"Jacob Misiorowski","R",0.098,0.204,0.142,0.331,"6:45 PM ET","Washington Nationals","Milwaukee Brewers","Nationals Park","Jake Irvin",5.23,1.35,25.4,9.6,2,4,"51.2",58,11,4.70,,,,,"Jacob Misiorowski",1.62,0.76,39.6,6.4,10,4,"111.0",167,18,6.17,,,,,5.04,"Alta",24,3.42,"Alta",26.2,5.4,0.76,0.325,0.435,21.7,5.1,0.735,0.337,0.398,19.9,20,50,10,0,1013,0,"Cielo Despejado",20,0.244,0.753,0.318,0.435,4.5,101,0.267,0.78,0.345,0.435,4.5,31,0.261,0.754,0.342,0.412,4.5,67,0.241,0.691,0.327,0.364,4.5,19,6,88,241,6,91,264,12.1,24,3,6,5,16.1,26.2,5,8,3,5.21,4.34,3.72,3.73,45.8,12,40.1,30.3,25.4,9.6,11.8,28.8,5,5.4,1.85,4.9,21.8,85,9,4,5,5.7,5,5,23,19,23,17.7,5,22,22,84,5,5.39,21.8,62.1,7.8,25.6,0,0,"Drew Millas",4.421209600178885,21.7,5.2,6.0,19,5,0,0,2.06,2.19,1.78,1.73,34.1,3.2,45.9,23.6,39.6,6.4,18.8,36.7,8,8,1.79,5.5,23.4,92,9,9,5,6,5,5.3,26,23,21,44.4,,,,90,5.1,8.1,23.4,76.7,10.4,11.2,1.7,0,"William Contreras",-4.935214903643901,23.3,5.4,7.7,21,5,0,0,0.331,0.329,0.184,0.292,39.5,9,76.1,20.5,21,76.1,23.9,17.3,33.4,33.6,27.5,34.8,0.323,0.321,0.143,0.311,39,7.5,77.2,20.9,21.7,77.2,22.8,16.5,32.6,30,33.5,28,3.61,3.15,2.15,0.025,0.008,1.62,0.3,0,-0.05,0,-4,,1,6,"away","Final",0,,,"fastball",62.1,"curve",25.6,,3.8990825688073394,17.346938775510203,"fastball",76.7,"curve",11.2,,3.931623931623932,16.727272727272727,80.33333333333333,"Extra Rest",88,"Extra Rest","R","R",12.1,24,16.1,26.2,3,5413.333333333333,950,0,5678.888888888889,1325.5555555555557,0,,,,,,,,,26.4,47.6,23.8,30.1,94,104,103
"822744","2026-05-01","Daylen Lile","Washington Nationals",5,"R","LF",0.26,0.326,0.389,0.715,0.312,0.129,144,34,8,0,3,18.1,9,0.16,0.436,0.16,4,4,0,0.759,0.594,0.459,0.284,16.8,18.6,78.2,78.2,21.8,,"Jacob Misiorowski","R",0.098,0.204,0.142,0.331,"6:45 PM ET","Washington Nationals","Milwaukee Brewers","Nationals Park","Jake Irvin",5.23,1.35,25.4,9.6,2,4,"51.2",58,11,4.70,,,,,"Jacob Misiorowski",1.62,0.76,39.6,6.4,10,4,"111.0",167,18,6.17,,,,,5.04,"Alta",24,3.42,"Alta",26.2,5.4,0.76,0.325,0.435,21.7,5.1,0.735,0.337,0.398,19.9,20,50,10,0,1013,0,"Cielo Despejado",20,0.244,0.753,0.318,0.435,4.5,101,0.267,0.78,0.345,0.435,4.5,31,0.261,0.754,0.342,0.412,4.5,67,0.241,0.691,0.327,0.364,4.5,19,6,88,241,6,91,264,12.1,24,3,6,5,16.1,26.2,5,8,3,5.21,4.34,3.72,3.73,45.8,12,40.1,30.3,25.4,9.6,11.8,28.8,5,5.4,1.85,4.9,21.8,85,9,4,5,5.7,5,5,23,19,23,17.7,5,22,22,84,5,5.39,21.8,62.1,7.8,25.6,0,0,"Drew Millas",4.421209600178885,21.7,5.2,6.0,19,5,0,0,2.06,2.19,1.78,1.73,34.1,3.2,45.9,23.6,39.6,6.4,18.8,36.7,8,8,1.79,5.5,23.4,92,9,9,5,6,5,5.3,26,23,21,44.4,,,,90,5.1,8.1,23.4,76.7,10.4,11.2,1.7,0,"William Contreras",-4.935214903643901,23.3,5.4,7.7,21,5,0,0,0.331,0.329,0.184,0.292,39.5,9,76.1,20.5,21,76.1,23.9,17.3,33.4,33.6,27.5,34.8,0.323,0.321,0.143,0.311,39,7.5,77.2,20.9,21.7,77.2,22.8,16.5,32.6,30,33.5,28,3.61,3.15,2.15,0.025,0.008,1.62,0.3,0,-0.05,0,-4,,1,6,"away","Final",0,,,"fastball",62.1,"curve",25.6,,3.8990825688073394,17.346938775510203,"fastball",76.7,"curve",11.2,,3.931623931623932,16.727272727272727,80.33333333333333,"Extra Rest",88,"Extra Rest","R","R",12.1,24,16.1,26.2,3,5413.333333333333,950,0,5678.888888888889,1325.5555555555557,0,,,,,,,,,26.4,47.6,23.8,30.1,94,104,103
"822744","2026-05-01","José Tena","Washington Nationals",6,"R","PH",0.25,0.304,0.327,0.631,0.282,0.077,56,13,1,0,1,30.4,5.4,0.071,0.419,0.286,4,1,1,0.678,0.922,0.397,0.455,29.9,33.3,66.8,66.8,33.2,,"Jacob Misiorowski","R",0.098,0.204,0.142,0.331,"6:45 PM ET","Washington Nationals","Milwaukee Brewers","Nationals Park","Jake Irvin",5.23,1.35,25.4,9.6,2,4,"51.2",58,11,4.70,,,,,"Jacob Misiorowski",1.62,0.76,39.6,6.4,10,4,"111.0",167,18,6.17,,,,,5.04,"Alta",24,3.42,"Alta",26.2,5.4,0.76,0.325,0.435,21.7,5.1,0.735,0.337,0.398,19.9,20,50,10,0,1013,0,"Cielo Despejado",20,0.244,0.753,0.318,0.435,4.5,101,0.267,0.78,0.345,0.435,4.5,31,0.261,0.754,0.342,0.412,4.5,67,0.241,0.691,0.327,0.364,4.5,19,6,88,241,6,91,264,12.1,24,3,6,5,16.1,26.2,5,8,3,5.21,4.34,3.72,3.73,45.8,12,40.1,30.3,25.4,9.6,11.8,28.8,5,5.4,1.85,4.9,21.8,85,9,4,5,5.7,5,5,23,19,23,17.7,5,22,22,84,5,5.39,21.8,62.1,7.8,25.6,0,0,"Drew Millas",4.421209600178885,21.7,5.2,6.0,19,5,0,0,2.06,2.19,1.78,1.73,34.1,3.2,45.9,23.6,39.6,6.4,18.8,36.7,8,8,1.79,5.5,23.4,92,9,9,5,6,5,5.3,26,23,21,44.4,,,,90,5.1,8.1,23.4,76.7,10.4,11.2,1.7,0,"William Contreras",-4.935214903643901,23.3,5.4,7.7,21,5,0,0,0.331,0.329,0.184,0.292,39.5,9,76.1,20.5,21,76.1,23.9,17.3,33.4,33.6,27.5,34.8,0.323,0.321,0.143,0.311,39,7.5,77.2,20.9,21.7,77.2,22.8,16.5,32.6,30,33.5,28,3.61,3.15,2.15,0.025,0.008,1.62,0.3,0,-0.05,0,-4,,1,6,"away","Final",0,,,"fastball",62.1,"curve",25.6,,3.8990825688073394,17.346938775510203,"fastball",76.7,"curve",11.2,,3.931623931623932,16.727272727272727,80.33333333333333,"Extra Rest",88,"Extra Rest","R","R",12.1,24,16.1,26.2,3,5413.333333333333,950,0,5678.888888888889,1325.5555555555557,0,,,,,,,,,26.4,47.6,23.8,30.1,94,104,103
"822744","2026-05-01","Nasim Nuñez","Washington Nationals",7,"R","2B",0.202,0.312,0.213,0.525,0.252,0.011,111,19,1,0,0,19.8,12.6,0.273,0.68,0.273,6,6,0,0.577,0.756,0.273,0.361,23.9,23.3,77.5,77.5,22.5,,"Jacob Misiorowski","R",0.098,0.204,0.142,0.331,"6:45 PM ET","Washington Nationals","Milwaukee Brewers","Nationals Park","Jake Irvin",5.23,1.35,25.4,9.6,2,4,"51.2",58,11,4.70,,,,,"Jacob Misiorowski",1.62,0.76,39.6,6.4,10,4,"111.0",167,18,6.17,,,,,5.04,"Alta",24,3.42,"Alta",26.2,5.4,0.76,0.325,0.435,21.7,5.1,0.735,0.337,0.398,19.9,20,50,10,0,1013,0,"Cielo Despejado",20,0.244,0.753,0.318,0.435,4.5,101,0.267,0.78,0.345,0.435,4.5,31,0.261,0.754,0.342,0.412,4.5,67,0.241,0.691,0.327,0.364,4.5,19,6,88,241,6,91,264,12.1,24,3,6,5,16.1,26.2,5,8,3,5.21,4.34,3.72,3.73,45.8,12,40.1,30.3,25.4,9.6,11.8,28.8,5,5.4,1.85,4.9,21.8,85,9,4,5,5.7,5,5,23,19,23,17.7,5,22,22,84,5,5.39,21.8,62.1,7.8,25.6,0,0,"Drew Millas",4.421209600178885,21.7,5.2,6.0,19,5,0,0,2.06,2.19,1.78,1.73,34.1,3.2,45.9,23.6,39.6,6.4,18.8,36.7,8,8,1.79,5.5,23.4,92,9,9,5,6,5,5.3,26,23,21,44.4,,,,90,5.1,8.1,23.4,76.7,10.4,11.2,1.7,0,"William Contreras",-4.935214903643901,23.3,5.4,7.7,21,5,0,0,0.331,0.329,0.184,0.292,39.5,9,76.1,20.5,21,76.1,23.9,17.3,33.4,33.6,27.5,34.8,0.323,0.321,0.143,0.311,39,7.5,77.2,20.9,21.7,77.2,22.8,16.5,32.6,30,33.5,28,3.61,3.15,2.15,0.025,0.008,1.62,0.3,0,-0.05,0,-4,,1,6,"away","Final",0,,,"fastball",62.1,"curve",25.6,,3.8990825688073394,17.346938775510203,"fastball",76.7,"curve",11.2,,3.931623931623932,16.727272727272727,80.33333333333333,"Extra Rest",88,"Extra Rest","R","R",12.1,24,16.1,26.2,3,5413.333333333333,950,0,5678.888888888889,1325.5555555555557,0,,,,,,,,,26.4,47.6,23.8,30.1,94,104,103
"822744","2026-05-01","Drew Millas","Washington Nationals",8,"R","C",0.148,0.22,0.185,0.405,0.19,0.037,61,8,2,0,0,27.9,8.2,0.125,0.25,0.125,2,2,0,0.541,0.538,0.277,0.188,20.9,45,78.2,78.2,21.8,,"Jacob Misiorowski","R",0.098,0.204,0.142,0.331,"6:45 PM ET","Washington Nationals","Milwaukee Brewers","Nationals Park","Jake Irvin",5.23,1.35,25.4,9.6,2,4,"51.2",58,11,4.70,,,,,"Jacob Misiorowski",1.62,0.76,39.6,6.4,10,4,"111.0",167,18,6.17,,,,,5.04,"Alta",24,3.42,"Alta",26.2,5.4,0.76,0.325,0.435,21.7,5.1,0.735,0.337,0.398,19.9,20,50,10,0,1013,0,"Cielo Despejado",20,0.244,0.753,0.318,0.435,4.5,101,0.267,0.78,0.345,0.435,4.5,31,0.261,0.754,0.342,0.412,4.5,67,0.241,0.691,0.327,0.364,4.5,19,6,88,241,6,91,264,12.1,24,3,6,5,16.1,26.2,5,8,3,5.21,4.34,3.72,3.73,45.8,12,40.1,30.3,25.4,9.6,11.8,28.8,5,5.4,1.85,4.9,21.8,85,9,4,5,5.7,5,5,23,19,23,17.7,5,22,22,84,5,5.39,21.8,62.1,7.8,25.6,0,0,"Drew Millas",4.421209600178885,21.7,5.2,6.0,19,5,0,0,2.06,2.19,1.78,1.73,34.1,3.2,45.9,23.6,39.6,6.4,18.8,36.7,8,8,1.79,5.5,23.4,92,9,9,5,6,5,5.3,26,23,21,44.4,,,,90,5.1,8.1,23.4,76.7,10.4,11.2,1.7,0,"William Contreras",-4.935214903643901,23.3,5.4,7.7,21,5,0,0,0.331,0.329,0.184,0.292,39.5,9,76.1,20.5,21,76.1,23.9,17.3,33.4,33.6,27.5,34.8,0.323,0.321,0.143,0.311,39,7.5,77.2,20.9,21.7,77.2,22.8,16.5,32.6,30,33.5,28,3.61,3.15,2.15,0.025,0.008,1.62,0.3,0,-0.05,0,-4,,1,6,"away","Final",0,,,"fastball",62.1,"curve",25.6,,3.8990825688073394,17.346938775510203,"fastball",76.7,"curve",11.2,,3.931623931623932,16.727272727272727,80.33333333333333,"Extra Rest",88,"Extra Rest","R","R",12.1,24,16.1,26.2,3,5413.333333333333,950,0,5678.888888888889,1325.5555555555557,0,,,,,,,,,26.4,47.6,23.8,30.1,94,104,103
"822744","2026-05-01","Jacob Young","Washington Nationals",9,"R","CF",0.24,0.282,0.346,0.628,0.276,0.106,111,25,5,0,2,18,4.5,0.16,0.422,0.2,5,4,1,0.65,0.637,0.38,0.35,18.4,20.5,79.7,79.7,20.3,,"Jacob Misiorowski","R",0.098,0.204,0.142,0.331,"6:45 PM ET","Washington Nationals","Milwaukee Brewers","Nationals Park","Jake Irvin",5.23,1.35,25.4,9.6,2,4,"51.2",58,11,4.70,,,,,"Jacob Misiorowski",1.62,0.76,39.6,6.4,10,4,"111.0",167,18,6.17,,,,,5.04,"Alta",24,3.42,"Alta",26.2,5.4,0.76,0.325,0.435,21.7,5.1,0.735,0.337,0.398,19.9,20,50,10,0,1013,0,"Cielo Despejado",20,0.244,0.753,0.318,0.435,4.5,101,0.267,0.78,0.345,0.435,4.5,31,0.261,0.754,0.342,0.412,4.5,67,0.241,0.691,0.327,0.364,4.5,19,6,88,241,6,91,264,12.1,24,3,6,5,16.1,26.2,5,8,3,5.21,4.34,3.72,3.73,45.8,12,40.1,30.3,25.4,9.6,11.8,28.8,5,5.4,1.85,4.9,21.8,85,9,4,5,5.7,5,5,23,19,23,17.7,5,22,22,84,5,5.39,21.8,62.1,7.8,25.6,0,0,"Drew Millas",4.421209600178885,21.7,5.2,6.0,19,5,0,0,2.06,2.19,1.78,1.73,34.1,3.2,45.9,23.6,39.6,6.4,18.8,36.7,8,8,1.79,5.5,23.4,92,9,9,5,6,5,5.3,26,23,21,44.4,,,,90,5.1,8.1,23.4,76.7,10.4,11.2,1.7,0,"William Contreras",-4.935214903643901,23.3,5.4,7.7,21,5,0,0,0.331,0.329,0.184,0.292,39.5,9,76.1,20.5,21,76.1,23.9,17.3,33.4,33.6,27.5,34.8,0.323,0.321,0.143,0.311,39,7.5,77.2,20.9,21.7,77.2,22.8,16.5,32.6,30,33.5,28,3.61,3.15,2.15,0.025,0.008,1.62,0.3,0,-0.05,0,-4,,1,6,"away","Final",0,,,"fastball",62.1,"curve",25.6,,3.8990825688073394,17.346938775510203,"fastball",76.7,"curve",11.2,,3.931623931623932,16.727272727272727,80.33333333333333,"Extra Rest",88,"Extra Rest","R","R",12.1,24,16.1,26.2,3,5413.333333333333,950,0,5678.888888888889,1325.5555555555557,0,,,,,,,,,26.4,47.6,23.8,30.1,94,104,103
"822744","2026-05-01","Garrett Mitchell","Milwaukee Brewers",1,"R","CF",0.238,0.385,0.369,0.754,0.338,0.131,105,20,6,1,1,37.1,18.1,0.2,0.554,0.25,5,4,1,0.852,0.737,0.49,0.369,34.4,29.9,62.5,62.5,37.5,,"Jake Irvin","R",0.22,0.276,0.374,0.434,"6:45 PM ET","Washington Nationals","Milwaukee Brewers","Nationals Park","Jake Irvin",5.23,1.35,25.4,9.6,2,4,"51.2",58,11,4.70,,,,,"Jacob Misiorowski",1.62,0.76,39.6,6.4,10,4,"111.0",167,18,6.17,,,,,5.04,"Alta",24,3.42,"Alta",26.2,5.4,0.76,0.325,0.435,21.7,5.1,0.735,0.337,0.398,19.9,20,50,10,0,1013,0,"Cielo Despejado",20,0.244,0.753,0.318,0.435,4.5,101,0.267,0.78,0.345,0.435,4.5,31,0.261,0.754,0.342,0.412,4.5,67,0.241,0.691,0.327,0.364,4.5,19,6,88,241,6,91,264,12.1,24,3,6,5,16.1,26.2,5,8,3,5.21,4.34,3.72,3.73,45.8,12,40.1,30.3,25.4,9.6,11.8,28.8,5,5.4,1.85,4.9,21.8,85,9,4,5,5.7,5,5,23,19,23,17.7,5,22,22,84,5,5.39,21.8,62.1,7.8,25.6,0,0,"Drew Millas",4.421209600178885,21.7,5.2,6.0,19,5,0,0,2.06,2.19,1.78,1.73,34.1,3.2,45.9,23.6,39.6,6.4,18.8,36.7,8,8,1.79,5.5,23.4,92,9,9,5,6,5,5.3,26,23,21,44.4,,,,90,5.1,8.1,23.4,76.7,10.4,11.2,1.7,0,"William Contreras",-4.935214903643901,23.3,5.4,7.7,21,5,0,0,0.331,0.329,0.184,0.292,39.5,9,76.1,20.5,21,76.1,23.9,17.3,33.4,33.6,27.5,34.8,0.323,0.321,0.143,0.311,39,7.5,77.2,20.9,21.7,77.2,22.8,16.5,32.6,30,33.5,28,3.61,3.15,2.15,0.025,0.008,1.62,0.3,0,-0.05,0,-4,,1,6,"away","Final",0,,,"fastball",62.1,"curve",25.6,,3.8990825688073394,17.346938775510203,"fastball",76.7,"curve",11.2,,3.931623931623932,16.727272727272727,80.33333333333333,"Extra Rest",88,"Extra Rest","R","R",12.1,24,16.1,26.2,3,5413.333333333333,950,0,5678.888888888889,1325.5555555555557,0,,,,,,,,,26.4,47.6,23.8,30.1,94,104,103
"822744","2026-05-01","Brice Turang","Milwaukee Brewers",2,"R","2B",0.29,0.421,0.495,0.916,0.398,0.205,134,31,8,1,4,20.9,18.7,0.28,0.8,0.4,10,7,3,0.927,0.567,0.533,0.29,24.2,28.3,78,78,22,,"Jake Irvin","R",0.22,0.276,0.374,0.434,"6:45 PM ET","Washington Nationals","Milwaukee Brewers","Nationals Park","Jake Irvin",5.23,1.35,25.4,9.6,2,4,"51.2",58,11,4.70,,,,,"Jacob Misiorowski",1.62,0.76,39.6,6.4,10,4,"111.0",167,18,6.17,,,,,5.04,"Alta",24,3.42,"Alta",26.2,5.4,0.76,0.325,0.435,21.7,5.1,0.735,0.337,0.398,19.9,20,50,10,0,1013,0,"Cielo Despejado",20,0.244,0.753,0.318,0.435,4.5,101,0.267,0.78,0.345,0.435,4.5,31,0.261,0.754,0.342,0.412,4.5,67,0.241,0.691,0.327,0.364,4.5,19,6,88,241,6,91,264,12.1,24,3,6,5,16.1,26.2,5,8,3,5.21,4.34,3.72,3.73,45.8,12,40.1,30.3,25.4,9.6,11.8,28.8,5,5.4,1.85,4.9,21.8,85,9,4,5,5.7,5,5,23,19,23,17.7,5,22,22,84,5,5.39,21.8,62.1,7.8,25.6,0,0,"Drew Millas",4.421209600178885,21.7,5.2,6.0,19,5,0,0,2.06,2.19,1.78,1.73,34.1,3.2,45.9,23.6,39.6,6.4,18.8,36.7,8,8,1.79,5.5,23.4,92,9,9,5,6,5,5.3,26,23,21,44.4,,,,90,5.1,8.1,23.4,76.7,10.4,11.2,1.7,0,"William Contreras",-4.935214903643901,23.3,5.4,7.7,21,5,0,0,0.331,0.329,0.184,0.292,39.5,9,76.1,20.5,21,76.1,23.9,17.3,33.4,33.6,27.5,34.8,0.323,0.321,0.143,0.311,39,7.5,77.2,20.9,21.7,77.2,22.8,16.5,32.6,30,33.5,28,3.61,3.15,2.15,0.025,0.008,1.62,0.3,0,-0.05,0,-4,,1,6,"away","Final",0,,,"fastball",62.1,"curve",25.6,,3.8990825688073394,17.346938775510203,"fastball",76.7,"curve",11.2,,3.931623931623932,16.727272727272727,80.33333333333333,"Extra Rest",88,"Extra Rest","R","R",12.1,24,16.1,26.2,3,5413.333333333333,950,0,5678.888888888889,1325.5555555555557,0,,,,,,,,,26.4,47.6,23.8,30.1,94,104,103
"822744","2026-05-01","William Contreras","Milwaukee Brewers",3,"R","C",0.31,0.38,0.448,0.828,0.36,0.138,129,36,7,0,3,10.9,10.1,0.276,0.771,0.448,13,8,3,0.734,0.755,0.398,0.391,12.5,15,80.5,80.5,19.5,,"Jake Irvin","R",0.22,0.276,0.374,0.434,"6:45 PM ET","Washington Nationals","Milwaukee Brewers","Nationals Park","Jake Irvin",5.23,1.35,25.4,9.6,2,4,"51.2",58,11,4.70,,,,,"Jacob Misiorowski",1.62,0.76,39.6,6.4,10,4,"111.0",167,18,6.17,,,,,5.04,"Alta",24,3.42,"Alta",26.2,5.4,0.76,0.325,0.435,21.7,5.1,0.735,0.337,0.398,19.9,20,50,10,0,1013,0,"Cielo Despejado",20,0.244,0.753,0.318,0.435,4.5,101,0.267,0.78,0.345,0.435,4.5,31,0.261,0.754,0.342,0.412,4.5,67,0.241,0.691,0.327,0.364,4.5,19,6,88,241,6,91,264,12.1,24,3,6,5,16.1,26.2,5,8,3,5.21,4.34,3.72,3.73,45.8,12,40.1,30.3,25.4,9.6,11.8,28.8,5,5.4,1.85,4.9,21.8,85,9,4,5,5.7,5,5,23,19,23,17.7,5,22,22,84,5,5.39,21.8,62.1,7.8,25.6,0,0,"Drew Millas",4.421209600178885,21.7,5.2,6.0,19,5,0,0,2.06,2.19,1.78,1.73,34.1,3.2,45.9,23.6,39.6,6.4,18.8,36.7,8,8,1.79,5.5,23.4,92,9,9,5,6,5,5.3,26,23,21,44.4,,,,90,5.1,8.1,23.4,76.7,10.4,11.2,1.7,0,"William Contreras",-4.935214903643901,23.3,5.4,7.7,21,5,0,0,0.331,0.329,0.184,0.292,39.5,9,76.1,20.5,21,76.1,23.9,17.3,33.4,33.6,27.5,34.8,0.323,0.321,0.143,0.311,39,7.5,77.2,20.9,21.7,77.2,22.8,16.5,32.6,30,33.5,28,3.61,3.15,2.15,0.025,0.008,1.62,0.3,0,-0.05,0,-4,,1,6,"away","Final",0,,,"fastball",62.1,"curve",25.6,,3.8990825688073394,17.346938775510203,"fastball",76.7,"curve",11.2,,3.931623931623932,16.727272727272727,80.33333333333333,"Extra Rest",88,"Extra Rest","R","R",12.1,24,16.1,26.2,3,5413.333333333333,950,0,5678.888888888889,1325.5555555555557,0,,,,,,,,,26.4,47.6,23.8,30.1,94,104,103
"822744","2026-05-01","Jake Bauers","Milwaukee Brewers",4,"R","1B",0.252,0.325,0.447,0.772,0.325,0.195,114,26,5,0,5,21.1,9.6,0.321,0.796,0.429,12,9,3,0.9,0.801,0.519,0.468,26.6,23.3,72.8,72.8,27.2,,"Jake Irvin","R",0.22,0.276,0.374,0.434,"6:45 PM ET","Washington Nationals","Milwaukee Brewers","Nationals Park","Jake Irvin",5.23,1.35,25.4,9.6,2,4,"51.2",58,11,4.70,,,,,"Jacob Misiorowski",1.62,0.76,39.6,6.4,10,4,"111.0",167,18,6.17,,,,,5.04,"Alta",24,3.42,"Alta",26.2,5.4,0.76,0.325,0.435,21.7,5.1,0.735,0.337,0.398,19.9,20,50,10,0,1013,0,"Cielo Despejado",20,0.244,0.753,0.318,0.435,4.5,101,0.267,0.78,0.345,0.435,4.5,31,0.261,0.754,0.342,0.412,4.5,67,0.241,0.691,0.327,0.364,4.5,19,6,88,241,6,91,264,12.1,24,3,6,5,16.1,26.2,5,8,3,5.21,4.34,3.72,3.73,45.8,12,40.1,30.3,25.4,9.6,11.8,28.8,5,5.4,1.85,4.9,21.8,85,9,4,5,5.7,5,5,23,19,23,17.7,5,22,22,84,5,5.39,21.8,62.1,7.8,25.6,0,0,"Drew Millas",4.421209600178885,21.7,5.2,6.0,19,5,0,0,2.06,2.19,1.78,1.73,34.1,3.2,45.9,23.6,39.6,6.4,18.8,36.7,8,8,1.79,5.5,23.4,92,9,9,5,6,5,5.3,26,23,21,44.4,,,,90,5.1,8.1,23.4,76.7,10.4,11.2,1.7,0,"William Contreras",-4.935214903643901,23.3,5.4,7.7,21,5,0,0,0.331,0.329,0.184,0.292,39.5,9,76.1,20.5,21,76.1,23.9,17.3,33.4,33.6,27.5,34.8,0.323,0.321,0.143,0.311,39,7.5,77.2,20.9,21.7,77.2,22.8,16.5,32.6,30,33.5,28,3.61,3.15,2.15,0.025,0.008,1.62,0.3,0,-0.05,0,-4,,1,6,"away","Final",0,,,"fastball",62.1,"curve",25.6,,3.8990825688073394,17.346938775510203,"fastball",76.7,"curve",11.2,,3.931623931623932,16.727272727272727,80.33333333333333,"Extra Rest",88,"Extra Rest","R","R",12.1,24,16.1,26.2,3,5413.333333333333,950,0,5678.888888888889,1325.5555555555557,0,,,,,,,,,26.4,47.6,23.8,30.1,94,104,103
"822744","2026-05-01","Joey Ortiz","Milwaukee Brewers",5,"R","SS",0.197,0.284,0.197,0.481,0.229,0.15,76,13,0,0,0,21.1,10.5,0.214,0.567,0.214,3,3,0,0.614,0.56,0.315,0.28,17.1,19,81.5,81.5,18.5,,"Jake Irvin","R",0.22,0.276,0.374,0.434,"6:45 PM ET","Washington Nationals","Milwaukee Brewers","Nationals Park","Jake Irvin",5.23,1.35,25.4,9.6,2,4,"51.2",58,11,4.70,,,,,"Jacob Misiorowski",1.62,0.76,39.6,6.4,10,4,"111.0",167,18,6.17,,,,,5.04,"Alta",24,3.42,"Alta",26.2,5.4,0.76,0.325,0.435,21.7,5.1,0.735,0.337,0.398,19.9,20,50,10,0,1013,0,"Cielo Despejado",20,0.244,0.753,0.318,0.435,4.5,101,0.267,0.78,0.345,0.435,4.5,31,0.261,0.754,0.342,0.412,4.5,67,0.241,0.691,0.327,0.364,4.5,19,6,88,241,6,91,264,12.1,24,3,6,5,16.1,26.2,5,8,3,5.21,4.34,3.72,3.73,45.8,12,40.1,30.3,25.4,9.6,11.8,28.8,5,5.4,1.85,4.9,21.8,85,9,4,5,5.7,5,5,23,19,23,17.7,5,22,22,84,5,5.39,21.8,62.1,7.8,25.6,0,0,"Drew Millas",4.421209600178885,21.7,5.2,6.0,19,5,0,0,2.06,2.19,1.78,1.73,34.1,3.2,45.9,23.6,39.6,6.4,18.8,36.7,8,8,1.79,5.5,23.4,92,9,9,5,6,5,5.3,26,23,21,44.4,,,,90,5.1,8.1,23.4,76.7,10.4,11.2,1.7,0,"William Contreras",-4.935214903643901,23.3,5.4,7.7,21,5,0,0,0.331,0.329,0.184,0.292,39.5,9,76.1,20.5,21,76.1,23.9,17.3,33.4,33.6,27.5,34.8,0.323,0.321,0.143,0.311,39,7.5,77.2,20.9,21.7,77.2,22.8,16.5,32.6,30,33.5,28,3.61,3.15,2.15,0.025,0.008,1.62,0.3,0,-0.05,0,-4,,1,6,"away","Final",0,,,"fastball",62.1,"curve",25.6,,3.8990825688073394,17.346938775510203,"fastball",76.7,"curve",11.2,,3.931623931623932,16.727272727272727,80.33333333333333,"Extra Rest",88,"Extra Rest","R","R",12.1,24,16.1,26.2,3,5413.333333333333,950,0,5678.888888888889,1325.5555555555557,0,,,,,,,,,26.4,47.6,23.8,30.1,94,104,103
"822744","2026-05-01","Gary Sánchez","Milwaukee Brewers",6,"R","DH",0.222,0.38,0.524,0.904,0.388,0.302,79,14,2,1,5,20.3,19,0.192,0.608,0.308,8,5,2,0.746,0.923,0.413,0.5,20.2,15.5,74.2,74.2,25.8,,"Jake Irvin","R",0.22,0.276,0.374,0.434,"6:45 PM ET","Washington Nationals","Milwaukee Brewers","Nationals Park","Jake Irvin",5.23,1.35,25.4,9.6,2,4,"51.2",58,11,4.70,,,,,"Jacob Misiorowski",1.62,0.76,39.6,6.4,10,4,"111.0",167,18,6.17,,,,,5.04,"Alta",24,3.42,"Alta",26.2,5.4,0.76,0.325,0.435,21.7,5.1,0.735,0.337,0.398,19.9,20,50,10,0,1013,0,"Cielo Despejado",20,0.244,0.753,0.318,0.435,4.5,101,0.267,0.78,0.345,0.435,4.5,31,0.261,0.754,0.342,0.412,4.5,67,0.241,0.691,0.327,0.364,4.5,19,6,88,241,6,91,264,12.1,24,3,6,5,16.1,26.2,5,8,3,5.21,4.34,3.72,3.73,45.8,12,40.1,30.3,25.4,9.6,11.8,28.8,5,5.4,1.85,4.9,21.8,85,9,4,5,5.7,5,5,23,19,23,17.7,5,22,22,84,5,5.39,21.8,62.1,7.8,25.6,0,0,"Drew Millas",4.421209600178885,21.7,5.2,6.0,19,5,0,0,2.06,2.19,1.78,1.73,34.1,3.2,45.9,23.6,39.6,6.4,18.8,36.7,8,8,1.79,5.5,23.4,92,9,9,5,6,5,5.3,26,23,21,44.4,,,,90,5.1,8.1,23.4,76.7,10.4,11.2,1.7,0,"William Contreras",-4.935214903643901,23.3,5.4,7.7,21,5,0,0,0.331,0.329,0.184,0.292,39.5,9,76.1,20.5,21,76.1,23.9,17.3,33.4,33.6,27.5,34.8,0.323,0.321,0.143,0.311,39,7.5,77.2,20.9,21.7,77.2,22.8,16.5,32.6,30,33.5,28,3.61,3.15,2.15,0.025,0.008,1.62,0.3,0,-0.05,0,-4,,1,6,"away","Final",0,,,"fastball",62.1,"curve",25.6,,3.8990825688073394,17.346938775510203,"fastball",76.7,"curve",11.2,,3.931623931623932,16.727272727272727,80.33333333333333,"Extra Rest",88,"Extra Rest","R","R",12.1,24,16.1,26.2,3,5413.333333333333,950,0,5678.888888888889,1325.5555555555557,0,,,,,,,,,26.4,47.6,23.8,30.1,94,104,103
"822744","2026-05-01","Sal Frelick","Milwaukee Brewers",7,"R","RF",0.211,0.306,0.326,0.632,0.286,0.115,114,20,2,0,3,11.4,11.4,0.267,1.056,0.667,10,4,2,0.681,0.49,0.352,0.25,9.2,10.7,89.4,89.4,10.6,,"Jake Irvin","R",0.22,0.276,0.374,0.434,"6:45 PM ET","Washington Nationals","Milwaukee Brewers","Nationals Park","Jake Irvin",5.23,1.35,25.4,9.6,2,4,"51.2",58,11,4.70,,,,,"Jacob Misiorowski",1.62,0.76,39.6,6.4,10,4,"111.0",167,18,6.17,,,,,5.04,"Alta",24,3.42,"Alta",26.2,5.4,0.76,0.325,0.435,21.7,5.1,0.735,0.337,0.398,19.9,20,50,10,0,1013,0,"Cielo Despejado",20,0.244,0.753,0.318,0.435,4.5,101,0.267,0.78,0.345,0.435,4.5,31,0.261,0.754,0.342,0.412,4.5,67,0.241,0.691,0.327,0.364,4.5,19,6,88,241,6,91,264,12.1,24,3,6,5,16.1,26.2,5,8,3,5.21,4.34,3.72,3.73,45.8,12,40.1,30.3,25.4,9.6,11.8,28.8,5,5.4,1.85,4.9,21.8,85,9,4,5,5.7,5,5,23,19,23,17.7,5,22,22,84,5,5.39,21.8,62.1,7.8,25.6,0,0,"Drew Millas",4.421209600178885,21.7,5.2,6.0,19,5,0,0,2.06,2.19,1.78,1.73,34.1,3.2,45.9,23.6,39.6,6.4,18.8,36.7,8,8,1.79,5.5,23.4,92,9,9,5,6,5,5.3,26,23,21,44.4,,,,90,5.1,8.1,23.4,76.7,10.4,11.2,1.7,0,"William Contreras",-4.935214903643901,23.3,5.4,7.7,21,5,0,0,0.331,0.329,0.184,0.292,39.5,9,76.1,20.5,21,76.1,23.9,17.3,33.4,33.6,27.5,34.8,0.323,0.321,0.143,0.311,39,7.5,77.2,20.9,21.7,77.2,22.8,16.5,32.6,30,33.5,28,3.61,3.15,2.15,0.025,0.008,1.62,0.3,0,-0.05,0,-4,,1,6,"away","Final",0,,,"fastball",62.1,"curve",25.6,,3.8990825688073394,17.346938775510203,"fastball",76.7,"curve",11.2,,3.931623931623932,16.727272727272727,80.33333333333333,"Extra Rest",88,"Extra Rest","R","R",12.1,24,16.1,26.2,3,5413.333333333333,950,0,5678.888888888889,1325.5555555555557,0,,,,,,,,,26.4,47.6,23.8,30.1,94,104,103
"822744","2026-05-01","Blake Perkins","Milwaukee Brewers",8,"R","LF",0.109,0.212,0.174,0.386,0.186,0.065,53,5,3,0,0,24.5,9.4,0.083,0.381,0.167,2,1,1,0.227,0.701,0.056,0.396,28.6,16.9,78.1,78.1,21.9,,"Jake Irvin","R",0.22,0.276,0.374,0.434,"6:45 PM ET","Washington Nationals","Milwaukee Brewers","Nationals Park","Jake Irvin",5.23,1.35,25.4,9.6,2,4,"51.2",58,11,4.70,,,,,"Jacob Misiorowski",1.62,0.76,39.6,6.4,10,4,"111.0",167,18,6.17,,,,,5.04,"Alta",24,3.42,"Alta",26.2,5.4,0.76,0.325,0.435,21.7,5.1,0.735,0.337,0.398,19.9,20,50,10,0,1013,0,"Cielo Despejado",20,0.244,0.753,0.318,0.435,4.5,101,0.267,0.78,0.345,0.435,4.5,31,0.261,0.754,0.342,0.412,4.5,67,0.241,0.691,0.327,0.364,4.5,19,6,88,241,6,91,264,12.1,24,3,6,5,16.1,26.2,5,8,3,5.21,4.34,3.72,3.73,45.8,12,40.1,30.3,25.4,9.6,11.8,28.8,5,5.4,1.85,4.9,21.8,85,9,4,5,5.7,5,5,23,19,23,17.7,5,22,22,84,5,5.39,21.8,62.1,7.8,25.6,0,0,"Drew Millas",4.421209600178885,21.7,5.2,6.0,19,5,0,0,2.06,2.19,1.78,1.73,34.1,3.2,45.9,23.6,39.6,6.4,18.8,36.7,8,8,1.79,5.5,23.4,92,9,9,5,6,5,5.3,26,23,21,44.4,,,,90,5.1,8.1,23.4,76.7,10.4,11.2,1.7,0,"William Contreras",-4.935214903643901,23.3,5.4,7.7,21,5,0,0,0.331,0.329,0.184,0.292,39.5,9,76.1,20.5,21,76.1,23.9,17.3,33.4,33.6,27.5,34.8,0.323,0.321,0.143,0.311,39,7.5,77.2,20.9,21.7,77.2,22.8,16.5,32.6,30,33.5,28,3.61,3.15,2.15,0.025,0.008,1.62,0.3,0,-0.05,0,-4,,1,6,"away","Final",0,,,"fastball",62.1,"curve",25.6,,3.8990825688073394,17.346938775510203,"fastball",76.7,"curve",11.2,,3.931623931623932,16.727272727272727,80.33333333333333,"Extra Rest",88,"Extra Rest","R","R",12.1,24,16.1,26.2,3,5413.333333333333,950,0,5678.888888888889,1325.5555555555557,0,,,,,,,,,26.4,47.6,23.8,30.1,94,104,103
"822744","2026-05-01","David Hamilton","Milwaukee Brewers",9,"R","3B",0.253,0.359,0.278,0.637,0.297,0.025,96,20,2,0,0,16.7,12.5,0.273,0.637,0.364,8,6,2,0.671,0.554,0.355,0.229,22.4,23.8,78.1,78.1,21.9,,"Jake Irvin","R",0.22,0.276,0.374,0.434,"6:45 PM ET","Washington Nationals","Milwaukee Brewers","Nationals Park","Jake Irvin",5.23,1.35,25.4,9.6,2,4,"51.2",58,11,4.70,,,,,"Jacob Misiorowski",1.62,0.76,39.6,6.4,10,4,"111.0",167,18,6.17,,,,,5.04,"Alta",24,3.42,"Alta",26.2,5.4,0.76,0.325,0.435,21.7,5.1,0.735,0.337,0.398,19.9,20,50,10,0,1013,0,"Cielo Despejado",20,0.244,0.753,0.318,0.435,4.5,101,0.267,0.78,0.345,0.435,4.5,31,0.261,0.754,0.342,0.412,4.5,67,0.241,0.691,0.327,0.364,4.5,19,6,88,241,6,91,264,12.1,24,3,6,5,16.1,26.2,5,8,3,5.21,4.34,3.72,3.73,45.8,12,40.1,30.3,25.4,9.6,11.8,28.8,5,5.4,1.85,4.9,21.8,85,9,4,5,5.7,5,5,23,19,23,17.7,5,22,22,84,5,5.39,21.8,62.1,7.8,25.6,0,0,"Drew Millas",4.421209600178885,21.7,5.2,6.0,19,5,0,0,2.06,2.19,1.78,1.73,34.1,3.2,45.9,23.6,39.6,6.4,18.8,36.7,8,8,1.79,5.5,23.4,92,9,9,5,6,5,5.3,26,23,21,44.4,,,,90,5.1,8.1,23.4,76.7,10.4,11.2,1.7,0,"William Contreras",-4.935214903643901,23.3,5.4,7.7,21,5,0,0,0.331,0.329,0.184,0.292,39.5,9,76.1,20.5,21,76.1,23.9,17.3,33.4,33.6,27.5,34.8,0.323,0.321,0.143,0.311,39,7.5,77.2,20.9,21.7,77.2,22.8,16.5,32.6,30,33.5,28,3.61,3.15,2.15,0.025,0.008,1.62,0.3,0,-0.05,0,-4,,1,6,"away","Final",0,,,"fastball",62.1,"curve",25.6,,3.8990825688073394,17.346938775510203,"fastball",76.7,"curve",11.2,,3.931623931623932,16.727272727272727,80.33333333333333,"Extra Rest",88,"Extra Rest","R","R",12.1,24,16.1,26.2,3,5413.333333333333,950,0,5678.888888888889,1325.5555555555557,0,,,,,,,,,26.4,47.6,23.8,30.1,94,104,103
"822990","2026-05-01","Chandler Simpson","Tampa Bay Rays",1,"R","LF",0.314,0.346,0.355,0.701,0.313,0.041,133,38,1,2,0,8.3,5.3,0.28,0.677,0.32,8,7,1,0.704,0.534,0.357,0.299,8.4,12.4,88.9,88.9,11.1,,"Robbie Ray","L",0.229,0.211,0.313,0.404,"7:10 PM ET","Tampa Bay Rays","San Francisco Giants","Tropicana Field","Shane McClanahan",2.83,1.13,23.2,7.9,8,5,"86.0",82,17,5.06,,,,,"Robbie Ray",3.45,1.23,20.5,11,8,6,"101.2",86,18,5.65,5.5,-103,-124,"rotowire",4.38,"Moderada",18.2,4.47,"Alta",19.2,4.5,0.73,0.334,0.396,18.8,4.1,0.73,0.308,0.422,21.7,20,50,10,0,1013,0,"Cielo Despejado",20,0.262,0.752,0.34,0.412,4.5,72,0.247,0.68,0.32,0.36,4.5,16,0.256,0.74,0.309,0.431,4.5,83,0.255,0.704,0.306,0.398,4.5,21,6,86,259,6,97,284,5,18.2,0,2,8,11.2,19.2,1,9,7,4,3.25,3.34,3.69,39.4,8.7,47.7,26.1,23.2,7.9,13,30.2,5,5,1.1,4.6,20.2,81,7,5,4,5,4.3,5,21,21,23,25,,,,80,4.2,5.08,20.2,36.9,20,14.3,28.8,0,"Nick Fortes",-0.9314613668567249,21.7,4.8,5.3,21,4.3,0,0,4.56,4.78,4.32,4.28,37.5,9.4,35.8,37.5,20.5,11,11.9,24.9,5,6.2,1.17,5.6,22.8,98,4,7,6,5,6,5,21,26,19,31.8,,,,95,5.1,5.24,22.8,46.9,26.7,9.3,17,0,"Eric Haase",-0.46992286224612023,22.0,5.3,5.7,19,5,0,0,0.322,0.3,0.138,0.303,32.7,5.4,79.8,18.4,21,79.8,20.2,16,29.7,21.9,26.3,22.1,0.317,0.31,0.167,0.301,37,8.6,77.1,22.3,23,77.1,22.9,19.8,29.3,23.9,21.9,27.9,-0.62,-0.56,-1.53,0,-0.01,-0.09,0.4,0,0.11,0,-6.2,,3,0,"home","Final",0,,,"fastball",36.9,"changeup",28.8,,4.00990099009901,17.608695652173914,"fastball",46.9,"slider",26.7,,4.298245614035087,17.5,86.33333333333333,"Extra Rest",94.66666666666667,"Extra Rest","L","L",5,18.2,11.2,19.2,0,6044.444444444444,816.6666666666666,0,5601.111111111111,506.44444444444446,0,,,,,,,,,26.3,25,22.3,18.9,102,94,102
"822990","2026-05-01","Junior Caminero","Tampa Bay Rays",2,"R","3B",0.258,0.328,0.508,0.836,0.36,0.25,134,31,3,0,9,17.2,9.7,0.24,0.84,0.6,15,6,3,0.885,0.99,0.546,0.547,20.2,13.2,77.2,77.2,22.8,,"Robbie Ray","L",0.229,0.211,0.313,0.404,"7:10 PM ET","Tampa Bay Rays","San Francisco Giants","Tropicana Field","Shane McClanahan",2.83,1.13,23.2,7.9,8,5,"86.0",82,17,5.06,,,,,"Robbie Ray",3.45,1.23,20.5,11,8,6,"101.2",86,18,5.65,5.5,-103,-124,"rotowire",4.38,"Moderada",18.2,4.47,"Alta",19.2,4.5,0.73,0.334,0.396,18.8,4.1,0.73,0.308,0.422,21.7,20,50,10,0,1013,0,"Cielo Despejado",20,0.262,0.752,0.34,0.412,4.5,72,0.247,0.68,0.32,0.36,4.5,16,0.256,0.74,0.309,0.431,4.5,83,0.255,0.704,0.306,0.398,4.5,21,6,86,259,6,97,284,5,18.2,0,2,8,11.2,19.2,1,9,7,4,3.25,3.34,3.69,39.4,8.7,47.7,26.1,23.2,7.9,13,30.2,5,5,1.1,4.6,20.2,81,7,5,4,5,4.3,5,21,21,23,25,,,,80,4.2,5.08,20.2,36.9,20,14.3,28.8,0,"Nick Fortes",-0.9314613668567249,21.7,4.8,5.3,21,4.3,0,0,4.56,4.78,4.32,4.28,37.5,9.4,35.8,37.5,20.5,11,11.9,24.9,5,6.2,1.17,5.6,22.8,98,4,7,6,5,6,5,21,26,19,31.8,,,,95,5.1,5.24,22.8,46.9,26.7,9.3,17,0,"Eric Haase",-0.46992286224612023,22.0,5.3,5.7,19,5,0,0,0.322,0.3,0.138,0.303,32.7,5.4,79.8,18.4,21,79.8,20.2,16,29.7,21.9,26.3,22.1,0.317,0.31,0.167,0.301,37,8.6,77.1,22.3,23,77.1,22.9,19.8,29.3,23.9,21.9,27.9,-0.62,-0.56,-1.53,0,-0.01,-0.09,0.4,0,0.11,0,-6.2,,3,0,"home","Final",0,,,"fastball",36.9,"changeup",28.8,,4.00990099009901,17.608695652173914,"fastball",46.9,"slider",26.7,,4.298245614035087,17.5,86.33333333333333,"Extra Rest",94.66666666666667,"Extra Rest","L","L",5,18.2,11.2,19.2,0,6044.444444444444,816.6666666666666,0,5601.111111111111,506.44444444444446,0,,,,,,,,,26.3,25,22.3,18.9,102,94,102
"822990","2026-05-01","Ryan Vilade","Tampa Bay Rays",3,"R","1B",0.314,0.368,0.371,0.739,0.329,0.057,38,11,2,0,0,18.4,7.9,0.462,1.071,0.538,7,6,1,0.762,0.765,0.439,0.45,19.7,21.3,79.1,79.1,20.9,,"Robbie Ray","L",0.229,0.211,0.313,0.404,"7:10 PM ET","Tampa Bay Rays","San Francisco Giants","Tropicana Field","Shane McClanahan",2.83,1.13,23.2,7.9,8,5,"86.0",82,17,5.06,,,,,"Robbie Ray",3.45,1.23,20.5,11,8,6,"101.2",86,18,5.65,5.5,-103,-124,"rotowire",4.38,"Moderada",18.2,4.47,"Alta",19.2,4.5,0.73,0.334,0.396,18.8,4.1,0.73,0.308,0.422,21.7,20,50,10,0,1013,0,"Cielo Despejado",20,0.262,0.752,0.34,0.412,4.5,72,0.247,0.68,0.32,0.36,4.5,16,0.256,0.74,0.309,0.431,4.5,83,0.255,0.704,0.306,0.398,4.5,21,6,86,259,6,97,284,5,18.2,0,2,8,11.2,19.2,1,9,7,4,3.25,3.34,3.69,39.4,8.7,47.7,26.1,23.2,7.9,13,30.2,5,5,1.1,4.6,20.2,81,7,5,4,5,4.3,5,21,21,23,25,,,,80,4.2,5.08,20.2,36.9,20,14.3,28.8,0,"Nick Fortes",-0.9314613668567249,21.7,4.8,5.3,21,4.3,0,0,4.56,4.78,4.32,4.28,37.5,9.4,35.8,37.5,20.5,11,11.9,24.9,5,6.2,1.17,5.6,22.8,98,4,7,6,5,6,5,21,26,19,31.8,,,,95,5.1,5.24,22.8,46.9,26.7,9.3,17,0,"Eric Haase",-0.46992286224612023,22.0,5.3,5.7,19,5,0,0,0.322,0.3,0.138,0.303,32.7,5.4,79.8,18.4,21,79.8,20.2,16,29.7,21.9,26.3,22.1,0.317,0.31,0.167,0.301,37,8.6,77.1,22.3,23,77.1,22.9,19.8,29.3,23.9,21.9,27.9,-0.62,-0.56,-1.53,0,-0.01,-0.09,0.4,0,0.11,0,-6.2,,3,0,"home","Final",0,,,"fastball",36.9,"changeup",28.8,,4.00990099009901,17.608695652173914,"fastball",46.9,"slider",26.7,,4.298245614035087,17.5,86.33333333333333,"Extra Rest",94.66666666666667,"Extra Rest","L","L",5,18.2,11.2,19.2,0,6044.444444444444,816.6666666666666,0,5601.111111111111,506.44444444444446,0,,,,,,,,,26.3,25,22.3,18.9,102,94,102
"822990","2026-05-01","Jonathan Aranda","Tampa Bay Rays",4,"R","DH",0.218,0.331,0.445,0.776,0.341,0.227,133,24,4,0,7,24.8,14.3,0.192,0.788,0.538,14,5,3,0.9,0.678,0.504,0.313,20.1,27,78.3,78.3,21.7,,"Robbie Ray","L",0.229,0.211,0.313,0.404,"7:10 PM ET","Tampa Bay Rays","San Francisco Giants","Tropicana Field","Shane McClanahan",2.83,1.13,23.2,7.9,8,5,"86.0",82,17,5.06,,,,,"Robbie Ray",3.45,1.23,20.5,11,8,6,"101.2",86,18,5.65,5.5,-103,-124,"rotowire",4.38,"Moderada",18.2,4.47,"Alta",19.2,4.5,0.73,0.334,0.396,18.8,4.1,0.73,0.308,0.422,21.7,20,50,10,0,1013,0,"Cielo Despejado",20,0.262,0.752,0.34,0.412,4.5,72,0.247,0.68,0.32,0.36,4.5,16,0.256,0.74,0.309,0.431,4.5,83,0.255,0.704,0.306,0.398,4.5,21,6,86,259,6,97,284,5,18.2,0,2,8,11.2,19.2,1,9,7,4,3.25,3.34,3.69,39.4,8.7,47.7,26.1,23.2,7.9,13,30.2,5,5,1.1,4.6,20.2,81,7,5,4,5,4.3,5,21,21,23,25,,,,80,4.2,5.08,20.2,36.9,20,14.3,28.8,0,"Nick Fortes",-0.9314613668567249,21.7,4.8,5.3,21,4.3,0,0,4.56,4.78,4.32,4.28,37.5,9.4,35.8,37.5,20.5,11,11.9,24.9,5,6.2,1.17,5.6,22.8,98,4,7,6,5,6,5,21,26,19,31.8,,,,95,5.1,5.24,22.8,46.9,26.7,9.3,17,0,"Eric Haase",-0.46992286224612023,22.0,5.3,5.7,19,5,0,0,0.322,0.3,0.138,0.303,32.7,5.4,79.8,18.4,21,79.8,20.2,16,29.7,21.9,26.3,22.1,0.317,0.31,0.167,0.301,37,8.6,77.1,22.3,23,77.1,22.9,19.8,29.3,23.9,21.9,27.9,-0.62,-0.56,-1.53,0,-0.01,-0.09,0.4,0,0.11,0,-6.2,,3,0,"home","Final",0,,,"fastball",36.9,"changeup",28.8,,4.00990099009901,17.608695652173914,"fastball",46.9,"slider",26.7,,4.298245614035087,17.5,86.33333333333333,"Extra Rest",94.66666666666667,"Extra Rest","L","L",5,18.2,11.2,19.2,0,6044.444444444444,816.6666666666666,0,5601.111111111111,506.44444444444446,0,,,,,,,,,26.3,25,22.3,18.9,102,94,102
"822990","2026-05-01","Ben Williamson","Tampa Bay Rays",5,"R","2B",0.241,0.308,0.325,0.633,0.282,0.084,92,20,5,1,0,21.7,8.7,0.273,0.713,0.409,9,6,2,0.609,0.65,0.278,0.372,20.2,18.7,82,82,18,,"Robbie Ray","L",0.229,0.211,0.313,0.404,"7:10 PM ET","Tampa Bay Rays","San Francisco Giants","Tropicana Field","Shane McClanahan",2.83,1.13,23.2,7.9,8,5,"86.0",82,17,5.06,,,,,"Robbie Ray",3.45,1.23,20.5,11,8,6,"101.2",86,18,5.65,5.5,-103,-124,"rotowire",4.38,"Moderada",18.2,4.47,"Alta",19.2,4.5,0.73,0.334,0.396,18.8,4.1,0.73,0.308,0.422,21.7,20,50,10,0,1013,0,"Cielo Despejado",20,0.262,0.752,0.34,0.412,4.5,72,0.247,0.68,0.32,0.36,4.5,16,0.256,0.74,0.309,0.431,4.5,83,0.255,0.704,0.306,0.398,4.5,21,6,86,259,6,97,284,5,18.2,0,2,8,11.2,19.2,1,9,7,4,3.25,3.34,3.69,39.4,8.7,47.7,26.1,23.2,7.9,13,30.2,5,5,1.1,4.6,20.2,81,7,5,4,5,4.3,5,21,21,23,25,,,,80,4.2,5.08,20.2,36.9,20,14.3,28.8,0,"Nick Fortes",-0.9314613668567249,21.7,4.8,5.3,21,4.3,0,0,4.56,4.78,4.32,4.28,37.5,9.4,35.8,37.5,20.5,11,11.9,24.9,5,6.2,1.17,5.6,22.8,98,4,7,6,5,6,5,21,26,19,31.8,,,,95,5.1,5.24,22.8,46.9,26.7,9.3,17,0,"Eric Haase",-0.46992286224612023,22.0,5.3,5.7,19,5,0,0,0.322,0.3,0.138,0.303,32.7,5.4,79.8,18.4,21,79.8,20.2,16,29.7,21.9,26.3,22.1,0.317,0.31,0.167,0.301,37,8.6,77.1,22.3,23,77.1,22.9,19.8,29.3,23.9,21.9,27.9,-0.62,-0.56,-1.53,0,-0.01,-0.09,0.4,0,0.11,0,-6.2,,3,0,"home","Final",0,,,"fastball",36.9,"changeup",28.8,,4.00990099009901,17.608695652173914,"fastball",46.9,"slider",26.7,,4.298245614035087,17.5,86.33333333333333,"Extra Rest",94.66666666666667,"Extra Rest","L","L",5,18.2,11.2,19.2,0,6044.444444444444,816.6666666666666,0,5601.111111111111,506.44444444444446,0,,,,,,,,,26.3,25,22.3,18.9,102,94,102
"822990","2026-05-01","Jonny DeLuca","Tampa Bay Rays",6,"R","CF",0.27,0.303,0.444,0.747,0.322,0.174,66,17,5,0,2,16.7,4.5,0.25,0.636,0.35,7,5,2,0.692,0.806,0.406,0.483,17.9,24.2,72.4,72.4,27.6,,"Robbie Ray","L",0.229,0.211,0.313,0.404,"7:10 PM ET","Tampa Bay Rays","San Francisco Giants","Tropicana Field","Shane McClanahan",2.83,1.13,23.2,7.9,8,5,"86.0",82,17,5.06,,,,,"Robbie Ray",3.45,1.23,20.5,11,8,6,"101.2",86,18,5.65,5.5,-103,-124,"rotowire",4.38,"Moderada",18.2,4.47,"Alta",19.2,4.5,0.73,0.334,0.396,18.8,4.1,0.73,0.308,0.422,21.7,20,50,10,0,1013,0,"Cielo Despejado",20,0.262,0.752,0.34,0.412,4.5,72,0.247,0.68,0.32,0.36,4.5,16,0.256,0.74,0.309,0.431,4.5,83,0.255,0.704,0.306,0.398,4.5,21,6,86,259,6,97,284,5,18.2,0,2,8,11.2,19.2,1,9,7,4,3.25,3.34,3.69,39.4,8.7,47.7,26.1,23.2,7.9,13,30.2,5,5,1.1,4.6,20.2,81,7,5,4,5,4.3,5,21,21,23,25,,,,80,4.2,5.08,20.2,36.9,20,14.3,28.8,0,"Nick Fortes",-0.9314613668567249,21.7,4.8,5.3,21,4.3,0,0,4.56,4.78,4.32,4.28,37.5,9.4,35.8,37.5,20.5,11,11.9,24.9,5,6.2,1.17,5.6,22.8,98,4,7,6,5,6,5,21,26,19,31.8,,,,95,5.1,5.24,22.8,46.9,26.7,9.3,17,0,"Eric Haase",-0.46992286224612023,22.0,5.3,5.7,19,5,0,0,0.322,0.3,0.138,0.303,32.7,5.4,79.8,18.4,21,79.8,20.2,16,29.7,21.9,26.3,22.1,0.317,0.31,0.167,0.301,37,8.6,77.1,22.3,23,77.1,22.9,19.8,29.3,23.9,21.9,27.9,-0.62,-0.56,-1.53,0,-0.01,-0.09,0.4,0,0.11,0,-6.2,,3,0,"home","Final",0,,,"fastball",36.9,"changeup",28.8,,4.00990099009901,17.608695652173914,"fastball",46.9,"slider",26.7,,4.298245614035087,17.5,86.33333333333333,"Extra Rest",94.66666666666667,"Extra Rest","L","L",5,18.2,11.2,19.2,0,6044.444444444444,816.6666666666666,0,5601.111111111111,506.44444444444446,0,,,,,,,,,26.3,25,22.3,18.9,102,94,102
"822990","2026-05-01","Jake Fraley","Tampa Bay Rays",7,"R","RF",0.238,0.314,0.429,0.743,0.323,0.191,70,15,6,0,2,25.7,10,0.333,1.096,0.667,12,6,4,0.689,0.7,0.389,0.4,26.3,40,77,77,23,,"Robbie Ray","L",0.229,0.211,0.313,0.404,"7:10 PM ET","Tampa Bay Rays","San Francisco Giants","Tropicana Field","Shane McClanahan",2.83,1.13,23.2,7.9,8,5,"86.0",82,17,5.06,,,,,"Robbie Ray",3.45,1.23,20.5,11,8,6,"101.2",86,18,5.65,5.5,-103,-124,"rotowire",4.38,"Moderada",18.2,4.47,"Alta",19.2,4.5,0.73,0.334,0.396,18.8,4.1,0.73,0.308,0.422,21.7,20,50,10,0,1013,0,"Cielo Despejado",20,0.262,0.752,0.34,0.412,4.5,72,0.247,0.68,0.32,0.36,4.5,16,0.256,0.74,0.309,0.431,4.5,83,0.255,0.704,0.306,0.398,4.5,21,6,86,259,6,97,284,5,18.2,0,2,8,11.2,19.2,1,9,7,4,3.25,3.34,3.69,39.4,8.7,47.7,26.1,23.2,7.9,13,30.2,5,5,1.1,4.6,20.2,81,7,5,4,5,4.3,5,21,21,23,25,,,,80,4.2,5.08,20.2,36.9,20,14.3,28.8,0,"Nick Fortes",-0.9314613668567249,21.7,4.8,5.3,21,4.3,0,0,4.56,4.78,4.32,4.28,37.5,9.4,35.8,37.5,20.5,11,11.9,24.9,5,6.2,1.17,5.6,22.8,98,4,7,6,5,6,5,21,26,19,31.8,,,,95,5.1,5.24,22.8,46.9,26.7,9.3,17,0,"Eric Haase",-0.46992286224612023,22.0,5.3,5.7,19,5,0,0,0.322,0.3,0.138,0.303,32.7,5.4,79.8,18.4,21,79.8,20.2,16,29.7,21.9,26.3,22.1,0.317,0.31,0.167,0.301,37,8.6,77.1,22.3,23,77.1,22.9,19.8,29.3,23.9,21.9,27.9,-0.62,-0.56,-1.53,0,-0.01,-0.09,0.4,0,0.11,0,-6.2,,3,0,"home","Final",0,,,"fastball",36.9,"changeup",28.8,,4.00990099009901,17.608695652173914,"fastball",46.9,"slider",26.7,,4.298245614035087,17.5,86.33333333333333,"Extra Rest",94.66666666666667,"Extra Rest","L","L",5,18.2,11.2,19.2,0,6044.444444444444,816.6666666666666,0,5601.111111111111,506.44444444444446,0,,,,,,,,,26.3,25,22.3,18.9,102,94,102
"822990","2026-05-01","Nick Fortes","Tampa Bay Rays",8,"R","C",0.266,0.31,0.367,0.677,0.298,0.101,84,21,5,0,1,13.1,2.4,0.143,0.372,0.19,4,3,1,0.692,0.582,0.384,0.289,12.8,10.9,85.5,85.5,14.5,,"Robbie Ray","L",0.229,0.211,0.313,0.404,"7:10 PM ET","Tampa Bay Rays","San Francisco Giants","Tropicana Field","Shane McClanahan",2.83,1.13,23.2,7.9,8,5,"86.0",82,17,5.06,,,,,"Robbie Ray",3.45,1.23,20.5,11,8,6,"101.2",86,18,5.65,5.5,-103,-124,"rotowire",4.38,"Moderada",18.2,4.47,"Alta",19.2,4.5,0.73,0.334,0.396,18.8,4.1,0.73,0.308,0.422,21.7,20,50,10,0,1013,0,"Cielo Despejado",20,0.262,0.752,0.34,0.412,4.5,72,0.247,0.68,0.32,0.36,4.5,16,0.256,0.74,0.309,0.431,4.5,83,0.255,0.704,0.306,0.398,4.5,21,6,86,259,6,97,284,5,18.2,0,2,8,11.2,19.2,1,9,7,4,3.25,3.34,3.69,39.4,8.7,47.7,26.1,23.2,7.9,13,30.2,5,5,1.1,4.6,20.2,81,7,5,4,5,4.3,5,21,21,23,25,,,,80,4.2,5.08,20.2,36.9,20,14.3,28.8,0,"Nick Fortes",-0.9314613668567249,21.7,4.8,5.3,21,4.3,0,0,4.56,4.78,4.32,4.28,37.5,9.4,35.8,37.5,20.5,11,11.9,24.9,5,6.2,1.17,5.6,22.8,98,4,7,6,5,6,5,21,26,19,31.8,,,,95,5.1,5.24,22.8,46.9,26.7,9.3,17,0,"Eric Haase",-0.46992286224612023,22.0,5.3,5.7,19,5,0,0,0.322,0.3,0.138,0.303,32.7,5.4,79.8,18.4,21,79.8,20.2,16,29.7,21.9,26.3,22.1,0.317,0.31,0.167,0.301,37,8.6,77.1,22.3,23,77.1,22.9,19.8,29.3,23.9,21.9,27.9,-0.62,-0.56,-1.53,0,-0.01,-0.09,0.4,0,0.11,0,-6.2,,3,0,"home","Final",0,,,"fastball",36.9,"changeup",28.8,,4.00990099009901,17.608695652173914,"fastball",46.9,"slider",26.7,,4.298245614035087,17.5,86.33333333333333,"Extra Rest",94.66666666666667,"Extra Rest","L","L",5,18.2,11.2,19.2,0,6044.444444444444,816.6666666666666,0,5601.111111111111,506.44444444444446,0,,,,,,,,,26.3,25,22.3,18.9,102,94,102
"822990","2026-05-01","Taylor Walls","Tampa Bay Rays",9,"R","SS",0.21,0.31,0.258,0.568,0.265,0.048,75,13,3,0,0,28,10.7,0.111,0.471,0.167,3,2,1,0.664,0.507,0.319,0.234,27.1,21.5,77.5,77.5,22.5,,"Robbie Ray","L",0.229,0.211,0.313,0.404,"7:10 PM ET","Tampa Bay Rays","San Francisco Giants","Tropicana Field","Shane McClanahan",2.83,1.13,23.2,7.9,8,5,"86.0",82,17,5.06,,,,,"Robbie Ray",3.45,1.23,20.5,11,8,6,"101.2",86,18,5.65,5.5,-103,-124,"rotowire",4.38,"Moderada",18.2,4.47,"Alta",19.2,4.5,0.73,0.334,0.396,18.8,4.1,0.73,0.308,0.422,21.7,20,50,10,0,1013,0,"Cielo Despejado",20,0.262,0.752,0.34,0.412,4.5,72,0.247,0.68,0.32,0.36,4.5,16,0.256,0.74,0.309,0.431,4.5,83,0.255,0.704,0.306,0.398,4.5,21,6,86,259,6,97,284,5,18.2,0,2,8,11.2,19.2,1,9,7,4,3.25,3.34,3.69,39.4,8.7,47.7,26.1,23.2,7.9,13,30.2,5,5,1.1,4.6,20.2,81,7,5,4,5,4.3,5,21,21,23,25,,,,80,4.2,5.08,20.2,36.9,20,14.3,28.8,0,"Nick Fortes",-0.9314613668567249,21.7,4.8,5.3,21,4.3,0,0,4.56,4.78,4.32,4.28,37.5,9.4,35.8,37.5,20.5,11,11.9,24.9,5,6.2,1.17,5.6,22.8,98,4,7,6,5,6,5,21,26,19,31.8,,,,95,5.1,5.24,22.8,46.9,26.7,9.3,17,0,"Eric Haase",-0.46992286224612023,22.0,5.3,5.7,19,5,0,0,0.322,0.3,0.138,0.303,32.7,5.4,79.8,18.4,21,79.8,20.2,16,29.7,21.9,26.3,22.1,0.317,0.31,0.167,0.301,37,8.6,77.1,22.3,23,77.1,22.9,19.8,29.3,23.9,21.9,27.9,-0.62,-0.56,-1.53,0,-0.01,-0.09,0.4,0,0.11,0,-6.2,,3,0,"home","Final",0,,,"fastball",36.9,"changeup",28.8,,4.00990099009901,17.608695652173914,"fastball",46.9,"slider",26.7,,4.298245614035087,17.5,86.33333333333333,"Extra Rest",94.66666666666667,"Extra Rest","L","L",5,18.2,11.2,19.2,0,6044.444444444444,816.6666666666666,0,5601.111111111111,506.44444444444446,0,,,,,,,,,26.3,25,22.3,18.9,102,94,102
"822990","2026-05-01","Heliot Ramos","San Francisco Giants",1,"R","LF",0.272,0.311,0.412,0.723,0.313,0.14,122,31,7,0,3,31.1,5.7,0.308,0.895,0.538,14,8,4,0.755,0.921,0.453,0.569,26.6,25.9,72.6,72.6,27.4,,"Shane McClanahan","L",0.13,0.237,0.261,0.328,"7:10 PM ET","Tampa Bay Rays","San Francisco Giants","Tropicana Field","Shane McClanahan",2.83,1.13,23.2,7.9,8,5,"86.0",82,17,5.06,,,,,"Robbie Ray",3.45,1.23,20.5,11,8,6,"101.2",86,18,5.65,5.5,-103,-124,"rotowire",4.38,"Moderada",18.2,4.47,"Alta",19.2,4.5,0.73,0.334,0.396,18.8,4.1,0.73,0.308,0.422,21.7,20,50,10,0,1013,0,"Cielo Despejado",20,0.262,0.752,0.34,0.412,4.5,72,0.247,0.68,0.32,0.36,4.5,16,0.256,0.74,0.309,0.431,4.5,83,0.255,0.704,0.306,0.398,4.5,21,6,86,259,6,97,284,5,18.2,0,2,8,11.2,19.2,1,9,7,4,3.25,3.34,3.69,39.4,8.7,47.7,26.1,23.2,7.9,13,30.2,5,5,1.1,4.6,20.2,81,7,5,4,5,4.3,5,21,21,23,25,,,,80,4.2,5.08,20.2,36.9,20,14.3,28.8,0,"Nick Fortes",-0.9314613668567249,21.7,4.8,5.3,21,4.3,0,0,4.56,4.78,4.32,4.28,37.5,9.4,35.8,37.5,20.5,11,11.9,24.9,5,6.2,1.17,5.6,22.8,98,4,7,6,5,6,5,21,26,19,31.8,,,,95,5.1,5.24,22.8,46.9,26.7,9.3,17,0,"Eric Haase",-0.46992286224612023,22.0,5.3,5.7,19,5,0,0,0.322,0.3,0.138,0.303,32.7,5.4,79.8,18.4,21,79.8,20.2,16,29.7,21.9,26.3,22.1,0.317,0.31,0.167,0.301,37,8.6,77.1,22.3,23,77.1,22.9,19.8,29.3,23.9,21.9,27.9,-0.62,-0.56,-1.53,0,-0.01,-0.09,0.4,0,0.11,0,-6.2,,3,0,"home","Final",0,,,"fastball",36.9,"changeup",28.8,,4.00990099009901,17.608695652173914,"fastball",46.9,"slider",26.7,,4.298245614035087,17.5,86.33333333333333,"Extra Rest",94.66666666666667,"Extra Rest","L","L",5,18.2,11.2,19.2,0,6044.444444444444,816.6666666666666,0,5601.111111111111,506.44444444444446,0,,,,,,,,,26.3,25,22.3,18.9,102,94,102
"822990","2026-05-01","Matt Chapman","San Francisco Giants",2,"R","3B",0.262,0.343,0.352,0.695,0.311,0.09,137,32,6,1,1,22.6,10.2,0.174,0.648,0.261,6,4,2,0.664,0.768,0.357,0.4,23.7,21.1,77.1,77.1,22.9,,"Shane McClanahan","L",0.13,0.237,0.261,0.328,"7:10 PM ET","Tampa Bay Rays","San Francisco Giants","Tropicana Field","Shane McClanahan",2.83,1.13,23.2,7.9,8,5,"86.0",82,17,5.06,,,,,"Robbie Ray",3.45,1.23,20.5,11,8,6,"101.2",86,18,5.65,5.5,-103,-124,"rotowire",4.38,"Moderada",18.2,4.47,"Alta",19.2,4.5,0.73,0.334,0.396,18.8,4.1,0.73,0.308,0.422,21.7,20,50,10,0,1013,0,"Cielo Despejado",20,0.262,0.752,0.34,0.412,4.5,72,0.247,0.68,0.32,0.36,4.5,16,0.256,0.74,0.309,0.431,4.5,83,0.255,0.704,0.306,0.398,4.5,21,6,86,259,6,97,284,5,18.2,0,2,8,11.2,19.2,1,9,7,4,3.25,3.34,3.69,39.4,8.7,47.7,26.1,23.2,7.9,13,30.2,5,5,1.1,4.6,20.2,81,7,5,4,5,4.3,5,21,21,23,25,,,,80,4.2,5.08,20.2,36.9,20,14.3,28.8,0,"Nick Fortes",-0.9314613668567249,21.7,4.8,5.3,21,4.3,0,0,4.56,4.78,4.32,4.28,37.5,9.4,35.8,37.5,20.5,11,11.9,24.9,5,6.2,1.17,5.6,22.8,98,4,7,6,5,6,5,21,26,19,31.8,,,,95,5.1,5.24,22.8,46.9,26.7,9.3,17,0,"Eric Haase",-0.46992286224612023,22.0,5.3,5.7,19,5,0,0,0.322,0.3,0.138,0.303,32.7,5.4,79.8,18.4,21,79.8,20.2,16,29.7,21.9,26.3,22.1,0.317,0.31,0.167,0.301,37,8.6,77.1,22.3,23,77.1,22.9,19.8,29.3,23.9,21.9,27.9,-0.62,-0.56,-1.53,0,-0.01,-0.09,0.4,0,0.11,0,-6.2,,3,0,"home","Final",0,,,"fastball",36.9,"changeup",28.8,,4.00990099009901,17.608695652173914,"fastball",46.9,"slider",26.7,,4.298245614035087,17.5,86.33333333333333,"Extra Rest",94.66666666666667,"Extra Rest","L","L",5,18.2,11.2,19.2,0,6044.444444444444,816.6666666666666,0,5601.111111111111,506.44444444444446,0,,,,,,,,,26.3,25,22.3,18.9,102,94,102
"822990","2026-05-01","Luis Arraez","San Francisco Giants",3,"R","2B",0.303,0.331,0.369,0.7,0.309,0.066,132,37,4,2,0,4.5,4.5,0.321,0.738,0.393,11,9,2,0.829,0.807,0.459,0.462,2.2,7.6,92.1,92.1,7.9,,"Shane McClanahan","L",0.13,0.237,0.261,0.328,"7:10 PM ET","Tampa Bay Rays","San Francisco Giants","Tropicana Field","Shane McClanahan",2.83,1.13,23.2,7.9,8,5,"86.0",82,17,5.06,,,,,"Robbie Ray",3.45,1.23,20.5,11,8,6,"101.2",86,18,5.65,5.5,-103,-124,"rotowire",4.38,"Moderada",18.2,4.47,"Alta",19.2,4.5,0.73,0.334,0.396,18.8,4.1,0.73,0.308,0.422,21.7,20,50,10,0,1013,0,"Cielo Despejado",20,0.262,0.752,0.34,0.412,4.5,72,0.247,0.68,0.32,0.36,4.5,16,0.256,0.74,0.309,0.431,4.5,83,0.255,0.704,0.306,0.398,4.5,21,6,86,259,6,97,284,5,18.2,0,2,8,11.2,19.2,1,9,7,4,3.25,3.34,3.69,39.4,8.7,47.7,26.1,23.2,7.9,13,30.2,5,5,1.1,4.6,20.2,81,7,5,4,5,4.3,5,21,21,23,25,,,,80,4.2,5.08,20.2,36.9,20,14.3,28.8,0,"Nick Fortes",-0.9314613668567249,21.7,4.8,5.3,21,4.3,0,0,4.56,4.78,4.32,4.28,37.5,9.4,35.8,37.5,20.5,11,11.9,24.9,5,6.2,1.17,5.6,22.8,98,4,7,6,5,6,5,21,26,19,31.8,,,,95,5.1,5.24,22.8,46.9,26.7,9.3,17,0,"Eric Haase",-0.46992286224612023,22.0,5.3,5.7,19,5,0,0,0.322,0.3,0.138,0.303,32.7,5.4,79.8,18.4,21,79.8,20.2,16,29.7,21.9,26.3,22.1,0.317,0.31,0.167,0.301,37,8.6,77.1,22.3,23,77.1,22.9,19.8,29.3,23.9,21.9,27.9,-0.62,-0.56,-1.53,0,-0.01,-0.09,0.4,0,0.11,0,-6.2,,3,0,"home","Final",0,,,"fastball",36.9,"changeup",28.8,,4.00990099009901,17.608695652173914,"fastball",46.9,"slider",26.7,,4.298245614035087,17.5,86.33333333333333,"Extra Rest",94.66666666666667,"Extra Rest","L","L",5,18.2,11.2,19.2,0,6044.444444444444,816.6666666666666,0,5601.111111111111,506.44444444444446,0,,,,,,,,,26.3,25,22.3,18.9,102,94,102
"822990","2026-05-01","Casey Schmitt","San Francisco Giants",4,"R","DH",0.302,0.352,0.531,0.883,0.38,0.229,105,29,8,1,4,18.1,3.8,0.308,1.033,0.654,17,8,4,0.788,0.829,0.496,0.489,21.2,14.4,79.1,79.1,20.9,,"Shane McClanahan","L",0.13,0.237,0.261,0.328,"7:10 PM ET","Tampa Bay Rays","San Francisco Giants","Tropicana Field","Shane McClanahan",2.83,1.13,23.2,7.9,8,5,"86.0",82,17,5.06,,,,,"Robbie Ray",3.45,1.23,20.5,11,8,6,"101.2",86,18,5.65,5.5,-103,-124,"rotowire",4.38,"Moderada",18.2,4.47,"Alta",19.2,4.5,0.73,0.334,0.396,18.8,4.1,0.73,0.308,0.422,21.7,20,50,10,0,1013,0,"Cielo Despejado",20,0.262,0.752,0.34,0.412,4.5,72,0.247,0.68,0.32,0.36,4.5,16,0.256,0.74,0.309,0.431,4.5,83,0.255,0.704,0.306,0.398,4.5,21,6,86,259,6,97,284,5,18.2,0,2,8,11.2,19.2,1,9,7,4,3.25,3.34,3.69,39.4,8.7,47.7,26.1,23.2,7.9,13,30.2,5,5,1.1,4.6,20.2,81,7,5,4,5,4.3,5,21,21,23,25,,,,80,4.2,5.08,20.2,36.9,20,14.3,28.8,0,"Nick Fortes",-0.9314613668567249,21.7,4.8,5.3,21,4.3,0,0,4.56,4.78,4.32,4.28,37.5,9.4,35.8,37.5,20.5,11,11.9,24.9,5,6.2,1.17,5.6,22.8,98,4,7,6,5,6,5,21,26,19,31.8,,,,95,5.1,5.24,22.8,46.9,26.7,9.3,17,0,"Eric Haase",-0.46992286224612023,22.0,5.3,5.7,19,5,0,0,0.322,0.3,0.138,0.303,32.7,5.4,79.8,18.4,21,79.8,20.2,16,29.7,21.9,26.3,22.1,0.317,0.31,0.167,0.301,37,8.6,77.1,22.3,23,77.1,22.9,19.8,29.3,23.9,21.9,27.9,-0.62,-0.56,-1.53,0,-0.01,-0.09,0.4,0,0.11,0,-6.2,,3,0,"home","Final",0,,,"fastball",36.9,"changeup",28.8,,4.00990099009901,17.608695652173914,"fastball",46.9,"slider",26.7,,4.298245614035087,17.5,86.33333333333333,"Extra Rest",94.66666666666667,"Extra Rest","L","L",5,18.2,11.2,19.2,0,6044.444444444444,816.6666666666666,0,5601.111111111111,506.44444444444446,0,,,,,,,,,26.3,25,22.3,18.9,102,94,102
"822990","2026-05-01","Rafael Devers","San Francisco Giants",5,"R","1B",0.21,0.25,0.29,0.54,0.237,0.08,132,26,4,0,2,31.1,5.3,0.083,0.279,0.125,3,2,1,0.906,0.56,0.564,0.3,27,28.2,70.8,70.8,29.2,,"Shane McClanahan","L",0.13,0.237,0.261,0.328,"7:10 PM ET","Tampa Bay Rays","San Francisco Giants","Tropicana Field","Shane McClanahan",2.83,1.13,23.2,7.9,8,5,"86.0",82,17,5.06,,,,,"Robbie Ray",3.45,1.23,20.5,11,8,6,"101.2",86,18,5.65,5.5,-103,-124,"rotowire",4.38,"Moderada",18.2,4.47,"Alta",19.2,4.5,0.73,0.334,0.396,18.8,4.1,0.73,0.308,0.422,21.7,20,50,10,0,1013,0,"Cielo Despejado",20,0.262,0.752,0.34,0.412,4.5,72,0.247,0.68,0.32,0.36,4.5,16,0.256,0.74,0.309,0.431,4.5,83,0.255,0.704,0.306,0.398,4.5,21,6,86,259,6,97,284,5,18.2,0,2,8,11.2,19.2,1,9,7,4,3.25,3.34,3.69,39.4,8.7,47.7,26.1,23.2,7.9,13,30.2,5,5,1.1,4.6,20.2,81,7,5,4,5,4.3,5,21,21,23,25,,,,80,4.2,5.08,20.2,36.9,20,14.3,28.8,0,"Nick Fortes",-0.9314613668567249,21.7,4.8,5.3,21,4.3,0,0,4.56,4.78,4.32,4.28,37.5,9.4,35.8,37.5,20.5,11,11.9,24.9,5,6.2,1.17,5.6,22.8,98,4,7,6,5,6,5,21,26,19,31.8,,,,95,5.1,5.24,22.8,46.9,26.7,9.3,17,0,"Eric Haase",-0.46992286224612023,22.0,5.3,5.7,19,5,0,0,0.322,0.3,0.138,0.303,32.7,5.4,79.8,18.4,21,79.8,20.2,16,29.7,21.9,26.3,22.1,0.317,0.31,0.167,0.301,37,8.6,77.1,22.3,23,77.1,22.9,19.8,29.3,23.9,21.9,27.9,-0.62,-0.56,-1.53,0,-0.01,-0.09,0.4,0,0.11,0,-6.2,,3,0,"home","Final",0,,,"fastball",36.9,"changeup",28.8,,4.00990099009901,17.608695652173914,"fastball",46.9,"slider",26.7,,4.298245614035087,17.5,86.33333333333333,"Extra Rest",94.66666666666667,"Extra Rest","L","L",5,18.2,11.2,19.2,0,6044.444444444444,816.6666666666666,0,5601.111111111111,506.44444444444446,0,,,,,,,,,26.3,25,22.3,18.9,102,94,102
"822990","2026-05-01","Willy Adames","San Francisco Giants",6,"R","SS",0.2,0.242,0.352,0.594,0.258,0.152,132,25,10,0,3,31.1,4.5,0.034,0.101,0.034,1,1,0,0.741,0.607,0.449,0.36,28.1,29.9,69.8,69.8,30.2,,"Shane McClanahan","L",0.13,0.237,0.261,0.328,"7:10 PM ET","Tampa Bay Rays","San Francisco Giants","Tropicana Field","Shane McClanahan",2.83,1.13,23.2,7.9,8,5,"86.0",82,17,5.06,,,,,"Robbie Ray",3.45,1.23,20.5,11,8,6,"101.2",86,18,5.65,5.5,-103,-124,"rotowire",4.38,"Moderada",18.2,4.47,"Alta",19.2,4.5,0.73,0.334,0.396,18.8,4.1,0.73,0.308,0.422,21.7,20,50,10,0,1013,0,"Cielo Despejado",20,0.262,0.752,0.34,0.412,4.5,72,0.247,0.68,0.32,0.36,4.5,16,0.256,0.74,0.309,0.431,4.5,83,0.255,0.704,0.306,0.398,4.5,21,6,86,259,6,97,284,5,18.2,0,2,8,11.2,19.2,1,9,7,4,3.25,3.34,3.69,39.4,8.7,47.7,26.1,23.2,7.9,13,30.2,5,5,1.1,4.6,20.2,81,7,5,4,5,4.3,5,21,21,23,25,,,,80,4.2,5.08,20.2,36.9,20,14.3,28.8,0,"Nick Fortes",-0.9314613668567249,21.7,4.8,5.3,21,4.3,0,0,4.56,4.78,4.32,4.28,37.5,9.4,35.8,37.5,20.5,11,11.9,24.9,5,6.2,1.17,5.6,22.8,98,4,7,6,5,6,5,21,26,19,31.8,,,,95,5.1,5.24,22.8,46.9,26.7,9.3,17,0,"Eric Haase",-0.46992286224612023,22.0,5.3,5.7,19,5,0,0,0.322,0.3,0.138,0.303,32.7,5.4,79.8,18.4,21,79.8,20.2,16,29.7,21.9,26.3,22.1,0.317,0.31,0.167,0.301,37,8.6,77.1,22.3,23,77.1,22.9,19.8,29.3,23.9,21.9,27.9,-0.62,-0.56,-1.53,0,-0.01,-0.09,0.4,0,0.11,0,-6.2,,3,0,"home","Final",0,,,"fastball",36.9,"changeup",28.8,,4.00990099009901,17.608695652173914,"fastball",46.9,"slider",26.7,,4.298245614035087,17.5,86.33333333333333,"Extra Rest",94.66666666666667,"Extra Rest","L","L",5,18.2,11.2,19.2,0,6044.444444444444,816.6666666666666,0,5601.111111111111,506.44444444444446,0,,,,,,,,,26.3,25,22.3,18.9,102,94,102
"822990","2026-05-01","Jung Hoo Lee","San Francisco Giants",7,"R","RF",0.298,0.344,0.439,0.783,0.343,0.141,125,34,8,1,2,13.6,7.2,0.407,1.115,0.667,18,11,4,0.786,0.772,0.443,0.435,7.9,13.3,87.1,87.1,12.9,,"Shane McClanahan","L",0.13,0.237,0.261,0.328,"7:10 PM ET","Tampa Bay Rays","San Francisco Giants","Tropicana Field","Shane McClanahan",2.83,1.13,23.2,7.9,8,5,"86.0",82,17,5.06,,,,,"Robbie Ray",3.45,1.23,20.5,11,8,6,"101.2",86,18,5.65,5.5,-103,-124,"rotowire",4.38,"Moderada",18.2,4.47,"Alta",19.2,4.5,0.73,0.334,0.396,18.8,4.1,0.73,0.308,0.422,21.7,20,50,10,0,1013,0,"Cielo Despejado",20,0.262,0.752,0.34,0.412,4.5,72,0.247,0.68,0.32,0.36,4.5,16,0.256,0.74,0.309,0.431,4.5,83,0.255,0.704,0.306,0.398,4.5,21,6,86,259,6,97,284,5,18.2,0,2,8,11.2,19.2,1,9,7,4,3.25,3.34,3.69,39.4,8.7,47.7,26.1,23.2,7.9,13,30.2,5,5,1.1,4.6,20.2,81,7,5,4,5,4.3,5,21,21,23,25,,,,80,4.2,5.08,20.2,36.9,20,14.3,28.8,0,"Nick Fortes",-0.9314613668567249,21.7,4.8,5.3,21,4.3,0,0,4.56,4.78,4.32,4.28,37.5,9.4,35.8,37.5,20.5,11,11.9,24.9,5,6.2,1.17,5.6,22.8,98,4,7,6,5,6,5,21,26,19,31.8,,,,95,5.1,5.24,22.8,46.9,26.7,9.3,17,0,"Eric Haase",-0.46992286224612023,22.0,5.3,5.7,19,5,0,0,0.322,0.3,0.138,0.303,32.7,5.4,79.8,18.4,21,79.8,20.2,16,29.7,21.9,26.3,22.1,0.317,0.31,0.167,0.301,37,8.6,77.1,22.3,23,77.1,22.9,19.8,29.3,23.9,21.9,27.9,-0.62,-0.56,-1.53,0,-0.01,-0.09,0.4,0,0.11,0,-6.2,,3,0,"home","Final",0,,,"fastball",36.9,"changeup",28.8,,4.00990099009901,17.608695652173914,"fastball",46.9,"slider",26.7,,4.298245614035087,17.5,86.33333333333333,"Extra Rest",94.66666666666667,"Extra Rest","L","L",5,18.2,11.2,19.2,0,6044.444444444444,816.6666666666666,0,5601.111111111111,506.44444444444446,0,,,,,,,,,26.3,25,22.3,18.9,102,94,102
"822990","2026-05-01","Drew Gilbert","San Francisco Giants",8,"R","CF",0.273,0.304,0.432,0.736,0.318,0.159,47,12,1,0,2,21.3,4.3,0.318,0.818,0.5,11,7,2,0.78,0.122,0.426,0.042,15.1,34.6,78.9,78.9,21.1,,"Shane McClanahan","L",0.13,0.237,0.261,0.328,"7:10 PM ET","Tampa Bay Rays","San Francisco Giants","Tropicana Field","Shane McClanahan",2.83,1.13,23.2,7.9,8,5,"86.0",82,17,5.06,,,,,"Robbie Ray",3.45,1.23,20.5,11,8,6,"101.2",86,18,5.65,5.5,-103,-124,"rotowire",4.38,"Moderada",18.2,4.47,"Alta",19.2,4.5,0.73,0.334,0.396,18.8,4.1,0.73,0.308,0.422,21.7,20,50,10,0,1013,0,"Cielo Despejado",20,0.262,0.752,0.34,0.412,4.5,72,0.247,0.68,0.32,0.36,4.5,16,0.256,0.74,0.309,0.431,4.5,83,0.255,0.704,0.306,0.398,4.5,21,6,86,259,6,97,284,5,18.2,0,2,8,11.2,19.2,1,9,7,4,3.25,3.34,3.69,39.4,8.7,47.7,26.1,23.2,7.9,13,30.2,5,5,1.1,4.6,20.2,81,7,5,4,5,4.3,5,21,21,23,25,,,,80,4.2,5.08,20.2,36.9,20,14.3,28.8,0,"Nick Fortes",-0.9314613668567249,21.7,4.8,5.3,21,4.3,0,0,4.56,4.78,4.32,4.28,37.5,9.4,35.8,37.5,20.5,11,11.9,24.9,5,6.2,1.17,5.6,22.8,98,4,7,6,5,6,5,21,26,19,31.8,,,,95,5.1,5.24,22.8,46.9,26.7,9.3,17,0,"Eric Haase",-0.46992286224612023,22.0,5.3,5.7,19,5,0,0,0.322,0.3,0.138,0.303,32.7,5.4,79.8,18.4,21,79.8,20.2,16,29.7,21.9,26.3,22.1,0.317,0.31,0.167,0.301,37,8.6,77.1,22.3,23,77.1,22.9,19.8,29.3,23.9,21.9,27.9,-0.62,-0.56,-1.53,0,-0.01,-0.09,0.4,0,0.11,0,-6.2,,3,0,"home","Final",0,,,"fastball",36.9,"changeup",28.8,,4.00990099009901,17.608695652173914,"fastball",46.9,"slider",26.7,,4.298245614035087,17.5,86.33333333333333,"Extra Rest",94.66666666666667,"Extra Rest","L","L",5,18.2,11.2,19.2,0,6044.444444444444,816.6666666666666,0,5601.111111111111,506.44444444444446,0,,,,,,,,,26.3,25,22.3,18.9,102,94,102
"822990","2026-05-01","Eric Haase","San Francisco Giants",9,"R","C",0.333,0.333,0.5,0.833,0.355,0.167,6,2,1,0,0,16.7,0,0.333,0.833,0.5,3,2,1,0.639,0.503,0.431,0.217,33.9,32.1,66.7,66.7,33.3,,"Shane McClanahan","L",0.13,0.237,0.261,0.328,"7:10 PM ET","Tampa Bay Rays","San Francisco Giants","Tropicana Field","Shane McClanahan",2.83,1.13,23.2,7.9,8,5,"86.0",82,17,5.06,,,,,"Robbie Ray",3.45,1.23,20.5,11,8,6,"101.2",86,18,5.65,5.5,-103,-124,"rotowire",4.38,"Moderada",18.2,4.47,"Alta",19.2,4.5,0.73,0.334,0.396,18.8,4.1,0.73,0.308,0.422,21.7,20,50,10,0,1013,0,"Cielo Despejado",20,0.262,0.752,0.34,0.412,4.5,72,0.247,0.68,0.32,0.36,4.5,16,0.256,0.74,0.309,0.431,4.5,83,0.255,0.704,0.306,0.398,4.5,21,6,86,259,6,97,284,5,18.2,0,2,8,11.2,19.2,1,9,7,4,3.25,3.34,3.69,39.4,8.7,47.7,26.1,23.2,7.9,13,30.2,5,5,1.1,4.6,20.2,81,7,5,4,5,4.3,5,21,21,23,25,,,,80,4.2,5.08,20.2,36.9,20,14.3,28.8,0,"Nick Fortes",-0.9314613668567249,21.7,4.8,5.3,21,4.3,0,0,4.56,4.78,4.32,4.28,37.5,9.4,35.8,37.5,20.5,11,11.9,24.9,5,6.2,1.17,5.6,22.8,98,4,7,6,5,6,5,21,26,19,31.8,,,,95,5.1,5.24,22.8,46.9,26.7,9.3,17,0,"Eric Haase",-0.46992286224612023,22.0,5.3,5.7,19,5,0,0,0.322,0.3,0.138,0.303,32.7,5.4,79.8,18.4,21,79.8,20.2,16,29.7,21.9,26.3,22.1,0.317,0.31,0.167,0.301,37,8.6,77.1,22.3,23,77.1,22.9,19.8,29.3,23.9,21.9,27.9,-0.62,-0.56,-1.53,0,-0.01,-0.09,0.4,0,0.11,0,-6.2,,3,0,"home","Final",0,,,"fastball",36.9,"changeup",28.8,,4.00990099009901,17.608695652173914,"fastball",46.9,"slider",26.7,,4.298245614035087,17.5,86.33333333333333,"Extra Rest",94.66666666666667,"Extra Rest","L","L",5,18.2,11.2,19.2,0,6044.444444444444,816.6666666666666,0,5601.111111111111,506.44444444444446,0,,,,,,,,,26.3,25,22.3,18.9,102,94,102
"823066","2026-05-01","JJ Wetherholt","St. Louis Cardinals",1,"R","2B",0.246,0.365,0.459,0.824,0.364,0.213,148,30,5,0,7,18.2,11.5,0.367,1.291,0.867,26,11,7,0.785,0.748,0.426,0.381,16,14.4,79.9,79.9,20.1,,"Emmet Sheehan","R",0.255,0.237,0.503,0.42,"8:15 PM ET","St. Louis Cardinals","Los Angeles Dodgers","Busch Stadium","Matthew Liberatore",5.34,1.53,21,9,4,6,"87.2",82,18,4.87,,,,,"Emmet Sheehan",4.91,1.27,26.1,7.6,4,6,"77.0",86,16,4.81,,,,,4.31,"Alta",24.2,3.74,"Moderada",20,4.6,0.713,0.32,0.393,22.1,5.3,0.783,0.346,0.437,20.5,20,50,10,0,1013,0,"Cielo Despejado",20,0.242,0.714,0.318,0.396,4.5,76,0.249,0.713,0.325,0.388,4.5,29,0.269,0.793,0.351,0.442,4.5,91,0.251,0.758,0.335,0.423,4.5,33,6,64,251,7,101,255,11.1,24.2,5,9,3,6.1,20,0,3,8,5.49,5.18,3.89,4.05,41.6,10,37.2,29.4,21,9,10.5,27.4,4,3.4,1.5,5.1,22.2,84,3,4,2,3.3,6,5,18,23,23,15,,,,81,5,4.65,22.2,45,22.5,16.9,15,0.6,"Pedro Pagés",2.17879551556017,21.3,4.8,3.0,18,3.3,0,0,3.94,4.67,3.2,3.27,38.5,9.9,35.7,28.2,26.1,7.6,15.5,29.6,8,5.6,2.65,5.3,22,87,10,4,6,6.3,5,6,24,21,22,31,,,,84,5,5.54,22,43.2,30.8,10.3,15.8,0,"Will Smith",-0.8865888709543335,22.3,5.8,6.7,21,5,0,0,0.315,0.319,0.149,0.285,40.1,7.3,74.8,21.8,22.4,74.8,25.2,21,29.3,26.7,35.8,33.3,0.343,0.353,0.173,0.309,41.5,9.9,76.5,20.2,22.7,76.5,23.5,18.4,31,28.6,27.6,41.1,0.43,1.55,0.51,-0.07,-0.034,0.57,-0.7,0,0.09,-1,5,,7,2,"home","Final",0,,,"fastball",45,"slider",22.5,,3.7837837837837838,16.47058823529412,"fastball",43.2,"slider",30.8,,3.9545454545454546,16.41509433962264,83.66666666666667,"Extra Rest",85,"Extra Rest","L","R",11.1,24.2,6.1,20,5,5207.777777777777,908.8888888888889,0,5647.777777777777,1017.7777777777778,0,,,,,,,,,25.5,25.7,19.6,26.7,90,94,76
"823066","2026-05-01","Iván Herrera","St. Louis Cardinals",2,"R","DH",0.246,0.412,0.412,0.824,0.365,0.166,148,28,7,0,4,16.2,16.9,0.273,1.045,0.545,12,6,4,0.753,0.841,0.388,0.412,17.9,13.5,80.4,80.4,19.6,,"Emmet Sheehan","R",0.255,0.237,0.503,0.42,"8:15 PM ET","St. Louis Cardinals","Los Angeles Dodgers","Busch Stadium","Matthew Liberatore",5.34,1.53,21,9,4,6,"87.2",82,18,4.87,,,,,"Emmet Sheehan",4.91,1.27,26.1,7.6,4,6,"77.0",86,16,4.81,,,,,4.31,"Alta",24.2,3.74,"Moderada",20,4.6,0.713,0.32,0.393,22.1,5.3,0.783,0.346,0.437,20.5,20,50,10,0,1013,0,"Cielo Despejado",20,0.242,0.714,0.318,0.396,4.5,76,0.249,0.713,0.325,0.388,4.5,29,0.269,0.793,0.351,0.442,4.5,91,0.251,0.758,0.335,0.423,4.5,33,6,64,251,7,101,255,11.1,24.2,5,9,3,6.1,20,0,3,8,5.49,5.18,3.89,4.05,41.6,10,37.2,29.4,21,9,10.5,27.4,4,3.4,1.5,5.1,22.2,84,3,4,2,3.3,6,5,18,23,23,15,,,,81,5,4.65,22.2,45,22.5,16.9,15,0.6,"Pedro Pagés",2.17879551556017,21.3,4.8,3.0,18,3.3,0,0,3.94,4.67,3.2,3.27,38.5,9.9,35.7,28.2,26.1,7.6,15.5,29.6,8,5.6,2.65,5.3,22,87,10,4,6,6.3,5,6,24,21,22,31,,,,84,5,5.54,22,43.2,30.8,10.3,15.8,0,"Will Smith",-0.8865888709543335,22.3,5.8,6.7,21,5,0,0,0.315,0.319,0.149,0.285,40.1,7.3,74.8,21.8,22.4,74.8,25.2,21,29.3,26.7,35.8,33.3,0.343,0.353,0.173,0.309,41.5,9.9,76.5,20.2,22.7,76.5,23.5,18.4,31,28.6,27.6,41.1,0.43,1.55,0.51,-0.07,-0.034,0.57,-0.7,0,0.09,-1,5,,7,2,"home","Final",0,,,"fastball",45,"slider",22.5,,3.7837837837837838,16.47058823529412,"fastball",43.2,"slider",30.8,,3.9545454545454546,16.41509433962264,83.66666666666667,"Extra Rest",85,"Extra Rest","L","R",11.1,24.2,6.1,20,5,5207.777777777777,908.8888888888889,0,5647.777777777777,1017.7777777777778,0,,,,,,,,,25.5,25.7,19.6,26.7,90,94,76
"823066","2026-05-01","Alec Burleson","St. Louis Cardinals",3,"R","1B",0.279,0.36,0.467,0.827,0.356,0.188,139,34,8,0,5,13.7,11.5,0.276,0.792,0.448,13,8,3,0.96,0.492,0.567,0.275,16.5,12.2,78.9,78.9,21.1,,"Emmet Sheehan","R",0.255,0.237,0.503,0.42,"8:15 PM ET","St. Louis Cardinals","Los Angeles Dodgers","Busch Stadium","Matthew Liberatore",5.34,1.53,21,9,4,6,"87.2",82,18,4.87,,,,,"Emmet Sheehan",4.91,1.27,26.1,7.6,4,6,"77.0",86,16,4.81,,,,,4.31,"Alta",24.2,3.74,"Moderada",20,4.6,0.713,0.32,0.393,22.1,5.3,0.783,0.346,0.437,20.5,20,50,10,0,1013,0,"Cielo Despejado",20,0.242,0.714,0.318,0.396,4.5,76,0.249,0.713,0.325,0.388,4.5,29,0.269,0.793,0.351,0.442,4.5,91,0.251,0.758,0.335,0.423,4.5,33,6,64,251,7,101,255,11.1,24.2,5,9,3,6.1,20,0,3,8,5.49,5.18,3.89,4.05,41.6,10,37.2,29.4,21,9,10.5,27.4,4,3.4,1.5,5.1,22.2,84,3,4,2,3.3,6,5,18,23,23,15,,,,81,5,4.65,22.2,45,22.5,16.9,15,0.6,"Pedro Pagés",2.17879551556017,21.3,4.8,3.0,18,3.3,0,0,3.94,4.67,3.2,3.27,38.5,9.9,35.7,28.2,26.1,7.6,15.5,29.6,8,5.6,2.65,5.3,22,87,10,4,6,6.3,5,6,24,21,22,31,,,,84,5,5.54,22,43.2,30.8,10.3,15.8,0,"Will Smith",-0.8865888709543335,22.3,5.8,6.7,21,5,0,0,0.315,0.319,0.149,0.285,40.1,7.3,74.8,21.8,22.4,74.8,25.2,21,29.3,26.7,35.8,33.3,0.343,0.353,0.173,0.309,41.5,9.9,76.5,20.2,22.7,76.5,23.5,18.4,31,28.6,27.6,41.1,0.43,1.55,0.51,-0.07,-0.034,0.57,-0.7,0,0.09,-1,5,,7,2,"home","Final",0,,,"fastball",45,"slider",22.5,,3.7837837837837838,16.47058823529412,"fastball",43.2,"slider",30.8,,3.9545454545454546,16.41509433962264,83.66666666666667,"Extra Rest",85,"Extra Rest","L","R",11.1,24.2,6.1,20,5,5207.777777777777,908.8888888888889,0,5647.777777777777,1017.7777777777778,0,,,,,,,,,25.5,25.7,19.6,26.7,90,94,76
"823066","2026-05-01","Jordan Walker","St. Louis Cardinals",4,"R","RF",0.308,0.373,0.583,0.956,0.408,0.275,134,37,6,0,9,30.6,9,0.259,0.725,0.37,10,7,1,0.863,0.98,0.525,0.58,27.1,20,69.1,69.1,30.9,,"Emmet Sheehan","R",0.255,0.237,0.503,0.42,"8:15 PM ET","St. Louis Cardinals","Los Angeles Dodgers","Busch Stadium","Matthew Liberatore",5.34,1.53,21,9,4,6,"87.2",82,18,4.87,,,,,"Emmet Sheehan",4.91,1.27,26.1,7.6,4,6,"77.0",86,16,4.81,,,,,4.31,"Alta",24.2,3.74,"Moderada",20,4.6,0.713,0.32,0.393,22.1,5.3,0.783,0.346,0.437,20.5,20,50,10,0,1013,0,"Cielo Despejado",20,0.242,0.714,0.318,0.396,4.5,76,0.249,0.713,0.325,0.388,4.5,29,0.269,0.793,0.351,0.442,4.5,91,0.251,0.758,0.335,0.423,4.5,33,6,64,251,7,101,255,11.1,24.2,5,9,3,6.1,20,0,3,8,5.49,5.18,3.89,4.05,41.6,10,37.2,29.4,21,9,10.5,27.4,4,3.4,1.5,5.1,22.2,84,3,4,2,3.3,6,5,18,23,23,15,,,,81,5,4.65,22.2,45,22.5,16.9,15,0.6,"Pedro Pagés",2.17879551556017,21.3,4.8,3.0,18,3.3,0,0,3.94,4.67,3.2,3.27,38.5,9.9,35.7,28.2,26.1,7.6,15.5,29.6,8,5.6,2.65,5.3,22,87,10,4,6,6.3,5,6,24,21,22,31,,,,84,5,5.54,22,43.2,30.8,10.3,15.8,0,"Will Smith",-0.8865888709543335,22.3,5.8,6.7,21,5,0,0,0.315,0.319,0.149,0.285,40.1,7.3,74.8,21.8,22.4,74.8,25.2,21,29.3,26.7,35.8,33.3,0.343,0.353,0.173,0.309,41.5,9.9,76.5,20.2,22.7,76.5,23.5,18.4,31,28.6,27.6,41.1,0.43,1.55,0.51,-0.07,-0.034,0.57,-0.7,0,0.09,-1,5,,7,2,"home","Final",0,,,"fastball",45,"slider",22.5,,3.7837837837837838,16.47058823529412,"fastball",43.2,"slider",30.8,,3.9545454545454546,16.41509433962264,83.66666666666667,"Extra Rest",85,"Extra Rest","L","R",11.1,24.2,6.1,20,5,5207.777777777777,908.8888888888889,0,5647.777777777777,1017.7777777777778,0,,,,,,,,,25.5,25.7,19.6,26.7,90,94,76
"823066","2026-05-01","Nolan Gorman","St. Louis Cardinals",5,"R","3B",0.224,0.289,0.383,0.672,0.296,0.159,121,24,2,0,5,27.3,9.1,0.269,0.744,0.423,11,7,2,0.614,0.517,0.325,0.286,33.7,25.6,61.5,61.5,38.5,,"Emmet Sheehan","R",0.255,0.237,0.503,0.42,"8:15 PM ET","St. Louis Cardinals","Los Angeles Dodgers","Busch Stadium","Matthew Liberatore",5.34,1.53,21,9,4,6,"87.2",82,18,4.87,,,,,"Emmet Sheehan",4.91,1.27,26.1,7.6,4,6,"77.0",86,16,4.81,,,,,4.31,"Alta",24.2,3.74,"Moderada",20,4.6,0.713,0.32,0.393,22.1,5.3,0.783,0.346,0.437,20.5,20,50,10,0,1013,0,"Cielo Despejado",20,0.242,0.714,0.318,0.396,4.5,76,0.249,0.713,0.325,0.388,4.5,29,0.269,0.793,0.351,0.442,4.5,91,0.251,0.758,0.335,0.423,4.5,33,6,64,251,7,101,255,11.1,24.2,5,9,3,6.1,20,0,3,8,5.49,5.18,3.89,4.05,41.6,10,37.2,29.4,21,9,10.5,27.4,4,3.4,1.5,5.1,22.2,84,3,4,2,3.3,6,5,18,23,23,15,,,,81,5,4.65,22.2,45,22.5,16.9,15,0.6,"Pedro Pagés",2.17879551556017,21.3,4.8,3.0,18,3.3,0,0,3.94,4.67,3.2,3.27,38.5,9.9,35.7,28.2,26.1,7.6,15.5,29.6,8,5.6,2.65,5.3,22,87,10,4,6,6.3,5,6,24,21,22,31,,,,84,5,5.54,22,43.2,30.8,10.3,15.8,0,"Will Smith",-0.8865888709543335,22.3,5.8,6.7,21,5,0,0,0.315,0.319,0.149,0.285,40.1,7.3,74.8,21.8,22.4,74.8,25.2,21,29.3,26.7,35.8,33.3,0.343,0.353,0.173,0.309,41.5,9.9,76.5,20.2,22.7,76.5,23.5,18.4,31,28.6,27.6,41.1,0.43,1.55,0.51,-0.07,-0.034,0.57,-0.7,0,0.09,-1,5,,7,2,"home","Final",0,,,"fastball",45,"slider",22.5,,3.7837837837837838,16.47058823529412,"fastball",43.2,"slider",30.8,,3.9545454545454546,16.41509433962264,83.66666666666667,"Extra Rest",85,"Extra Rest","L","R",11.1,24.2,6.1,20,5,5207.777777777777,908.8888888888889,0,5647.777777777777,1017.7777777777778,0,,,,,,,,,25.5,25.7,19.6,26.7,90,94,76
"823066","2026-05-01","Masyn Winn","St. Louis Cardinals",6,"R","SS",0.265,0.35,0.363,0.713,0.321,0.098,117,27,5,1,1,21.4,9.4,0.241,0.531,0.241,7,7,0,0.621,0.753,0.317,0.397,19.5,17.8,79.2,79.2,20.8,,"Emmet Sheehan","R",0.255,0.237,0.503,0.42,"8:15 PM ET","St. Louis Cardinals","Los Angeles Dodgers","Busch Stadium","Matthew Liberatore",5.34,1.53,21,9,4,6,"87.2",82,18,4.87,,,,,"Emmet Sheehan",4.91,1.27,26.1,7.6,4,6,"77.0",86,16,4.81,,,,,4.31,"Alta",24.2,3.74,"Moderada",20,4.6,0.713,0.32,0.393,22.1,5.3,0.783,0.346,0.437,20.5,20,50,10,0,1013,0,"Cielo Despejado",20,0.242,0.714,0.318,0.396,4.5,76,0.249,0.713,0.325,0.388,4.5,29,0.269,0.793,0.351,0.442,4.5,91,0.251,0.758,0.335,0.423,4.5,33,6,64,251,7,101,255,11.1,24.2,5,9,3,6.1,20,0,3,8,5.49,5.18,3.89,4.05,41.6,10,37.2,29.4,21,9,10.5,27.4,4,3.4,1.5,5.1,22.2,84,3,4,2,3.3,6,5,18,23,23,15,,,,81,5,4.65,22.2,45,22.5,16.9,15,0.6,"Pedro Pagés",2.17879551556017,21.3,4.8,3.0,18,3.3,0,0,3.94,4.67,3.2,3.27,38.5,9.9,35.7,28.2,26.1,7.6,15.5,29.6,8,5.6,2.65,5.3,22,87,10,4,6,6.3,5,6,24,21,22,31,,,,84,5,5.54,22,43.2,30.8,10.3,15.8,0,"Will Smith",-0.8865888709543335,22.3,5.8,6.7,21,5,0,0,0.315,0.319,0.149,0.285,40.1,7.3,74.8,21.8,22.4,74.8,25.2,21,29.3,26.7,35.8,33.3,0.343,0.353,0.173,0.309,41.5,9.9,76.5,20.2,22.7,76.5,23.5,18.4,31,28.6,27.6,41.1,0.43,1.55,0.51,-0.07,-0.034,0.57,-0.7,0,0.09,-1,5,,7,2,"home","Final",0,,,"fastball",45,"slider",22.5,,3.7837837837837838,16.47058823529412,"fastball",43.2,"slider",30.8,,3.9545454545454546,16.41509433962264,83.66666666666667,"Extra Rest",85,"Extra Rest","L","R",11.1,24.2,6.1,20,5,5207.777777777777,908.8888888888889,0,5647.777777777777,1017.7777777777778,0,,,,,,,,,25.5,25.7,19.6,26.7,90,94,76
"823066","2026-05-01","Nathan Church","St. Louis Cardinals",7,"R","LF",0.236,0.271,0.427,0.698,0.304,0.191,96,21,2,0,5,25,4.2,0.233,0.8,0.567,17,7,4,0.679,0.67,0.395,0.382,22.1,18.6,77.3,77.3,22.7,,"Emmet Sheehan","R",0.255,0.237,0.503,0.42,"8:15 PM ET","St. Louis Cardinals","Los Angeles Dodgers","Busch Stadium","Matthew Liberatore",5.34,1.53,21,9,4,6,"87.2",82,18,4.87,,,,,"Emmet Sheehan",4.91,1.27,26.1,7.6,4,6,"77.0",86,16,4.81,,,,,4.31,"Alta",24.2,3.74,"Moderada",20,4.6,0.713,0.32,0.393,22.1,5.3,0.783,0.346,0.437,20.5,20,50,10,0,1013,0,"Cielo Despejado",20,0.242,0.714,0.318,0.396,4.5,76,0.249,0.713,0.325,0.388,4.5,29,0.269,0.793,0.351,0.442,4.5,91,0.251,0.758,0.335,0.423,4.5,33,6,64,251,7,101,255,11.1,24.2,5,9,3,6.1,20,0,3,8,5.49,5.18,3.89,4.05,41.6,10,37.2,29.4,21,9,10.5,27.4,4,3.4,1.5,5.1,22.2,84,3,4,2,3.3,6,5,18,23,23,15,,,,81,5,4.65,22.2,45,22.5,16.9,15,0.6,"Pedro Pagés",2.17879551556017,21.3,4.8,3.0,18,3.3,0,0,3.94,4.67,3.2,3.27,38.5,9.9,35.7,28.2,26.1,7.6,15.5,29.6,8,5.6,2.65,5.3,22,87,10,4,6,6.3,5,6,24,21,22,31,,,,84,5,5.54,22,43.2,30.8,10.3,15.8,0,"Will Smith",-0.8865888709543335,22.3,5.8,6.7,21,5,0,0,0.315,0.319,0.149,0.285,40.1,7.3,74.8,21.8,22.4,74.8,25.2,21,29.3,26.7,35.8,33.3,0.343,0.353,0.173,0.309,41.5,9.9,76.5,20.2,22.7,76.5,23.5,18.4,31,28.6,27.6,41.1,0.43,1.55,0.51,-0.07,-0.034,0.57,-0.7,0,0.09,-1,5,,7,2,"home","Final",0,,,"fastball",45,"slider",22.5,,3.7837837837837838,16.47058823529412,"fastball",43.2,"slider",30.8,,3.9545454545454546,16.41509433962264,83.66666666666667,"Extra Rest",85,"Extra Rest","L","R",11.1,24.2,6.1,20,5,5207.777777777777,908.8888888888889,0,5647.777777777777,1017.7777777777778,0,,,,,,,,,25.5,25.7,19.6,26.7,90,94,76
"823066","2026-05-01","Pedro Pagés","St. Louis Cardinals",8,"R","C",0.261,0.307,0.435,0.742,0.324,0.174,76,18,3,0,3,23.7,3.9,0.333,0.935,0.556,15,9,2,0.698,0.424,0.414,0.224,21.2,31.7,72.5,72.5,27.5,,"Emmet Sheehan","R",0.255,0.237,0.503,0.42,"8:15 PM ET","St. Louis Cardinals","Los Angeles Dodgers","Busch Stadium","Matthew Liberatore",5.34,1.53,21,9,4,6,"87.2",82,18,4.87,,,,,"Emmet Sheehan",4.91,1.27,26.1,7.6,4,6,"77.0",86,16,4.81,,,,,4.31,"Alta",24.2,3.74,"Moderada",20,4.6,0.713,0.32,0.393,22.1,5.3,0.783,0.346,0.437,20.5,20,50,10,0,1013,0,"Cielo Despejado",20,0.242,0.714,0.318,0.396,4.5,76,0.249,0.713,0.325,0.388,4.5,29,0.269,0.793,0.351,0.442,4.5,91,0.251,0.758,0.335,0.423,4.5,33,6,64,251,7,101,255,11.1,24.2,5,9,3,6.1,20,0,3,8,5.49,5.18,3.89,4.05,41.6,10,37.2,29.4,21,9,10.5,27.4,4,3.4,1.5,5.1,22.2,84,3,4,2,3.3,6,5,18,23,23,15,,,,81,5,4.65,22.2,45,22.5,16.9,15,0.6,"Pedro Pagés",2.17879551556017,21.3,4.8,3.0,18,3.3,0,0,3.94,4.67,3.2,3.27,38.5,9.9,35.7,28.2,26.1,7.6,15.5,29.6,8,5.6,2.65,5.3,22,87,10,4,6,6.3,5,6,24,21,22,31,,,,84,5,5.54,22,43.2,30.8,10.3,15.8,0,"Will Smith",-0.8865888709543335,22.3,5.8,6.7,21,5,0,0,0.315,0.319,0.149,0.285,40.1,7.3,74.8,21.8,22.4,74.8,25.2,21,29.3,26.7,35.8,33.3,0.343,0.353,0.173,0.309,41.5,9.9,76.5,20.2,22.7,76.5,23.5,18.4,31,28.6,27.6,41.1,0.43,1.55,0.51,-0.07,-0.034,0.57,-0.7,0,0.09,-1,5,,7,2,"home","Final",0,,,"fastball",45,"slider",22.5,,3.7837837837837838,16.47058823529412,"fastball",43.2,"slider",30.8,,3.9545454545454546,16.41509433962264,83.66666666666667,"Extra Rest",85,"Extra Rest","L","R",11.1,24.2,6.1,20,5,5207.777777777777,908.8888888888889,0,5647.777777777777,1017.7777777777778,0,,,,,,,,,25.5,25.7,19.6,26.7,90,94,76
"823066","2026-05-01","Victor Scott II","St. Louis Cardinals",9,"R","CF",0.171,0.233,0.22,0.453,0.21,0.049,96,14,1,0,1,28.1,6.3,0.1,0.432,0.25,5,2,1,0.468,0.667,0.214,0.346,28,15.3,74.1,74.1,25.9,,"Emmet Sheehan","R",0.255,0.237,0.503,0.42,"8:15 PM ET","St. Louis Cardinals","Los Angeles Dodgers","Busch Stadium","Matthew Liberatore",5.34,1.53,21,9,4,6,"87.2",82,18,4.87,,,,,"Emmet Sheehan",4.91,1.27,26.1,7.6,4,6,"77.0",86,16,4.81,,,,,4.31,"Alta",24.2,3.74,"Moderada",20,4.6,0.713,0.32,0.393,22.1,5.3,0.783,0.346,0.437,20.5,20,50,10,0,1013,0,"Cielo Despejado",20,0.242,0.714,0.318,0.396,4.5,76,0.249,0.713,0.325,0.388,4.5,29,0.269,0.793,0.351,0.442,4.5,91,0.251,0.758,0.335,0.423,4.5,33,6,64,251,7,101,255,11.1,24.2,5,9,3,6.1,20,0,3,8,5.49,5.18,3.89,4.05,41.6,10,37.2,29.4,21,9,10.5,27.4,4,3.4,1.5,5.1,22.2,84,3,4,2,3.3,6,5,18,23,23,15,,,,81,5,4.65,22.2,45,22.5,16.9,15,0.6,"Pedro Pagés",2.17879551556017,21.3,4.8,3.0,18,3.3,0,0,3.94,4.67,3.2,3.27,38.5,9.9,35.7,28.2,26.1,7.6,15.5,29.6,8,5.6,2.65,5.3,22,87,10,4,6,6.3,5,6,24,21,22,31,,,,84,5,5.54,22,43.2,30.8,10.3,15.8,0,"Will Smith",-0.8865888709543335,22.3,5.8,6.7,21,5,0,0,0.315,0.319,0.149,0.285,40.1,7.3,74.8,21.8,22.4,74.8,25.2,21,29.3,26.7,35.8,33.3,0.343,0.353,0.173,0.309,41.5,9.9,76.5,20.2,22.7,76.5,23.5,18.4,31,28.6,27.6,41.1,0.43,1.55,0.51,-0.07,-0.034,0.57,-0.7,0,0.09,-1,5,,7,2,"home","Final",0,,,"fastball",45,"slider",22.5,,3.7837837837837838,16.47058823529412,"fastball",43.2,"slider",30.8,,3.9545454545454546,16.41509433962264,83.66666666666667,"Extra Rest",85,"Extra Rest","L","R",11.1,24.2,6.1,20,5,5207.777777777777,908.8888888888889,0,5647.777777777777,1017.7777777777778,0,,,,,,,,,25.5,25.7,19.6,26.7,90,94,76
"823066","2026-05-01","Shohei Ohtani","Los Angeles Dodgers",1,"R","DH",0.261,0.392,0.47,0.862,0.367,0.209,144,30,6,0,6,23.6,16,0.28,0.918,0.48,12,7,3,0.971,0.865,0.543,0.515,22.4,23.7,71.5,71.5,28.5,,"Matthew Liberatore","L",0.306,0.282,0.565,0.463,"8:15 PM ET","St. Louis Cardinals","Los Angeles Dodgers","Busch Stadium","Matthew Liberatore",5.34,1.53,21,9,4,6,"87.2",82,18,4.87,,,,,"Emmet Sheehan",4.91,1.27,26.1,7.6,4,6,"77.0",86,16,4.81,,,,,4.31,"Alta",24.2,3.74,"Moderada",20,4.6,0.713,0.32,0.393,22.1,5.3,0.783,0.346,0.437,20.5,20,50,10,0,1013,0,"Cielo Despejado",20,0.242,0.714,0.318,0.396,4.5,76,0.249,0.713,0.325,0.388,4.5,29,0.269,0.793,0.351,0.442,4.5,91,0.251,0.758,0.335,0.423,4.5,33,6,64,251,7,101,255,11.1,24.2,5,9,3,6.1,20,0,3,8,5.49,5.18,3.89,4.05,41.6,10,37.2,29.4,21,9,10.5,27.4,4,3.4,1.5,5.1,22.2,84,3,4,2,3.3,6,5,18,23,23,15,,,,81,5,4.65,22.2,45,22.5,16.9,15,0.6,"Pedro Pagés",2.17879551556017,21.3,4.8,3.0,18,3.3,0,0,3.94,4.67,3.2,3.27,38.5,9.9,35.7,28.2,26.1,7.6,15.5,29.6,8,5.6,2.65,5.3,22,87,10,4,6,6.3,5,6,24,21,22,31,,,,84,5,5.54,22,43.2,30.8,10.3,15.8,0,"Will Smith",-0.8865888709543335,22.3,5.8,6.7,21,5,0,0,0.315,0.319,0.149,0.285,40.1,7.3,74.8,21.8,22.4,74.8,25.2,21,29.3,26.7,35.8,33.3,0.343,0.353,0.173,0.309,41.5,9.9,76.5,20.2,22.7,76.5,23.5,18.4,31,28.6,27.6,41.1,0.43,1.55,0.51,-0.07,-0.034,0.57,-0.7,0,0.09,-1,5,,7,2,"home","Final",0,,,"fastball",45,"slider",22.5,,3.7837837837837838,16.47058823529412,"fastball",43.2,"slider",30.8,,3.9545454545454546,16.41509433962264,83.66666666666667,"Extra Rest",85,"Extra Rest","L","R",11.1,24.2,6.1,20,5,5207.777777777777,908.8888888888889,0,5647.777777777777,1017.7777777777778,0,,,,,,,,,25.5,25.7,19.6,26.7,90,94,76
"823066","2026-05-01","Freddie Freeman","Los Angeles Dodgers",2,"R","1B",0.267,0.333,0.417,0.75,0.325,0.15,132,32,7,1,3,10.6,8.3,0.138,0.332,0.138,4,4,0,0.946,0.735,0.542,0.402,14.5,19.5,78.3,78.3,21.7,,"Matthew Liberatore","L",0.306,0.282,0.565,0.463,"8:15 PM ET","St. Louis Cardinals","Los Angeles Dodgers","Busch Stadium","Matthew Liberatore",5.34,1.53,21,9,4,6,"87.2",82,18,4.87,,,,,"Emmet Sheehan",4.91,1.27,26.1,7.6,4,6,"77.0",86,16,4.81,,,,,4.31,"Alta",24.2,3.74,"Moderada",20,4.6,0.713,0.32,0.393,22.1,5.3,0.783,0.346,0.437,20.5,20,50,10,0,1013,0,"Cielo Despejado",20,0.242,0.714,0.318,0.396,4.5,76,0.249,0.713,0.325,0.388,4.5,29,0.269,0.793,0.351,0.442,4.5,91,0.251,0.758,0.335,0.423,4.5,33,6,64,251,7,101,255,11.1,24.2,5,9,3,6.1,20,0,3,8,5.49,5.18,3.89,4.05,41.6,10,37.2,29.4,21,9,10.5,27.4,4,3.4,1.5,5.1,22.2,84,3,4,2,3.3,6,5,18,23,23,15,,,,81,5,4.65,22.2,45,22.5,16.9,15,0.6,"Pedro Pagés",2.17879551556017,21.3,4.8,3.0,18,3.3,0,0,3.94,4.67,3.2,3.27,38.5,9.9,35.7,28.2,26.1,7.6,15.5,29.6,8,5.6,2.65,5.3,22,87,10,4,6,6.3,5,6,24,21,22,31,,,,84,5,5.54,22,43.2,30.8,10.3,15.8,0,"Will Smith",-0.8865888709543335,22.3,5.8,6.7,21,5,0,0,0.315,0.319,0.149,0.285,40.1,7.3,74.8,21.8,22.4,74.8,25.2,21,29.3,26.7,35.8,33.3,0.343,0.353,0.173,0.309,41.5,9.9,76.5,20.2,22.7,76.5,23.5,18.4,31,28.6,27.6,41.1,0.43,1.55,0.51,-0.07,-0.034,0.57,-0.7,0,0.09,-1,5,,7,2,"home","Final",0,,,"fastball",45,"slider",22.5,,3.7837837837837838,16.47058823529412,"fastball",43.2,"slider",30.8,,3.9545454545454546,16.41509433962264,83.66666666666667,"Extra Rest",85,"Extra Rest","L","R",11.1,24.2,6.1,20,5,5207.777777777777,908.8888888888889,0,5647.777777777777,1017.7777777777778,0,,,,,,,,,25.5,25.7,19.6,26.7,90,94,76
"823066","2026-05-01","Will Smith","Los Angeles Dodgers",3,"R","C",0.272,0.34,0.38,0.72,0.321,0.108,103,25,1,0,3,16.5,9.7,0.174,0.512,0.304,7,4,1,0.817,0.434,0.457,0.159,13.3,27.5,82.8,82.8,17.2,,"Matthew Liberatore","L",0.306,0.282,0.565,0.463,"8:15 PM ET","St. Louis Cardinals","Los Angeles Dodgers","Busch Stadium","Matthew Liberatore",5.34,1.53,21,9,4,6,"87.2",82,18,4.87,,,,,"Emmet Sheehan",4.91,1.27,26.1,7.6,4,6,"77.0",86,16,4.81,,,,,4.31,"Alta",24.2,3.74,"Moderada",20,4.6,0.713,0.32,0.393,22.1,5.3,0.783,0.346,0.437,20.5,20,50,10,0,1013,0,"Cielo Despejado",20,0.242,0.714,0.318,0.396,4.5,76,0.249,0.713,0.325,0.388,4.5,29,0.269,0.793,0.351,0.442,4.5,91,0.251,0.758,0.335,0.423,4.5,33,6,64,251,7,101,255,11.1,24.2,5,9,3,6.1,20,0,3,8,5.49,5.18,3.89,4.05,41.6,10,37.2,29.4,21,9,10.5,27.4,4,3.4,1.5,5.1,22.2,84,3,4,2,3.3,6,5,18,23,23,15,,,,81,5,4.65,22.2,45,22.5,16.9,15,0.6,"Pedro Pagés",2.17879551556017,21.3,4.8,3.0,18,3.3,0,0,3.94,4.67,3.2,3.27,38.5,9.9,35.7,28.2,26.1,7.6,15.5,29.6,8,5.6,2.65,5.3,22,87,10,4,6,6.3,5,6,24,21,22,31,,,,84,5,5.54,22,43.2,30.8,10.3,15.8,0,"Will Smith",-0.8865888709543335,22.3,5.8,6.7,21,5,0,0,0.315,0.319,0.149,0.285,40.1,7.3,74.8,21.8,22.4,74.8,25.2,21,29.3,26.7,35.8,33.3,0.343,0.353,0.173,0.309,41.5,9.9,76.5,20.2,22.7,76.5,23.5,18.4,31,28.6,27.6,41.1,0.43,1.55,0.51,-0.07,-0.034,0.57,-0.7,0,0.09,-1,5,,7,2,"home","Final",0,,,"fastball",45,"slider",22.5,,3.7837837837837838,16.47058823529412,"fastball",43.2,"slider",30.8,,3.9545454545454546,16.41509433962264,83.66666666666667,"Extra Rest",85,"Extra Rest","L","R",11.1,24.2,6.1,20,5,5207.777777777777,908.8888888888889,0,5647.777777777777,1017.7777777777778,0,,,,,,,,,25.5,25.7,19.6,26.7,90,94,76
"823066","2026-05-01","Teoscar Hernández","Los Angeles Dodgers",4,"R","LF",0.238,0.31,0.396,0.706,0.311,0.158,113,24,4,0,4,28.3,9.7,0.125,0.375,0.125,3,3,0,0.722,0.769,0.406,0.404,28.8,23.8,68.3,68.3,31.7,,"Matthew Liberatore","L",0.306,0.282,0.565,0.463,"8:15 PM ET","St. Louis Cardinals","Los Angeles Dodgers","Busch Stadium","Matthew Liberatore",5.34,1.53,21,9,4,6,"87.2",82,18,4.87,,,,,"Emmet Sheehan",4.91,1.27,26.1,7.6,4,6,"77.0",86,16,4.81,,,,,4.31,"Alta",24.2,3.74,"Moderada",20,4.6,0.713,0.32,0.393,22.1,5.3,0.783,0.346,0.437,20.5,20,50,10,0,1013,0,"Cielo Despejado",20,0.242,0.714,0.318,0.396,4.5,76,0.249,0.713,0.325,0.388,4.5,29,0.269,0.793,0.351,0.442,4.5,91,0.251,0.758,0.335,0.423,4.5,33,6,64,251,7,101,255,11.1,24.2,5,9,3,6.1,20,0,3,8,5.49,5.18,3.89,4.05,41.6,10,37.2,29.4,21,9,10.5,27.4,4,3.4,1.5,5.1,22.2,84,3,4,2,3.3,6,5,18,23,23,15,,,,81,5,4.65,22.2,45,22.5,16.9,15,0.6,"Pedro Pagés",2.17879551556017,21.3,4.8,3.0,18,3.3,0,0,3.94,4.67,3.2,3.27,38.5,9.9,35.7,28.2,26.1,7.6,15.5,29.6,8,5.6,2.65,5.3,22,87,10,4,6,6.3,5,6,24,21,22,31,,,,84,5,5.54,22,43.2,30.8,10.3,15.8,0,"Will Smith",-0.8865888709543335,22.3,5.8,6.7,21,5,0,0,0.315,0.319,0.149,0.285,40.1,7.3,74.8,21.8,22.4,74.8,25.2,21,29.3,26.7,35.8,33.3,0.343,0.353,0.173,0.309,41.5,9.9,76.5,20.2,22.7,76.5,23.5,18.4,31,28.6,27.6,41.1,0.43,1.55,0.51,-0.07,-0.034,0.57,-0.7,0,0.09,-1,5,,7,2,"home","Final",0,,,"fastball",45,"slider",22.5,,3.7837837837837838,16.47058823529412,"fastball",43.2,"slider",30.8,,3.9545454545454546,16.41509433962264,83.66666666666667,"Extra Rest",85,"Extra Rest","L","R",11.1,24.2,6.1,20,5,5207.777777777777,908.8888888888889,0,5647.777777777777,1017.7777777777778,0,,,,,,,,,25.5,25.7,19.6,26.7,90,94,76
"823066","2026-05-01","Kyle Tucker","Los Angeles Dodgers",5,"R","RF",0.237,0.328,0.364,0.692,0.312,0.127,137,28,6,0,3,21.2,12.4,0.269,0.79,0.423,11,7,4,0.715,0.769,0.37,0.411,20.1,19.8,76.3,76.3,23.7,,"Matthew Liberatore","L",0.306,0.282,0.565,0.463,"8:15 PM ET","St. Louis Cardinals","Los Angeles Dodgers","Busch Stadium","Matthew Liberatore",5.34,1.53,21,9,4,6,"87.2",82,18,4.87,,,,,"Emmet Sheehan",4.91,1.27,26.1,7.6,4,6,"77.0",86,16,4.81,,,,,4.31,"Alta",24.2,3.74,"Moderada",20,4.6,0.713,0.32,0.393,22.1,5.3,0.783,0.346,0.437,20.5,20,50,10,0,1013,0,"Cielo Despejado",20,0.242,0.714,0.318,0.396,4.5,76,0.249,0.713,0.325,0.388,4.5,29,0.269,0.793,0.351,0.442,4.5,91,0.251,0.758,0.335,0.423,4.5,33,6,64,251,7,101,255,11.1,24.2,5,9,3,6.1,20,0,3,8,5.49,5.18,3.89,4.05,41.6,10,37.2,29.4,21,9,10.5,27.4,4,3.4,1.5,5.1,22.2,84,3,4,2,3.3,6,5,18,23,23,15,,,,81,5,4.65,22.2,45,22.5,16.9,15,0.6,"Pedro Pagés",2.17879551556017,21.3,4.8,3.0,18,3.3,0,0,3.94,4.67,3.2,3.27,38.5,9.9,35.7,28.2,26.1,7.6,15.5,29.6,8,5.6,2.65,5.3,22,87,10,4,6,6.3,5,6,24,21,22,31,,,,84,5,5.54,22,43.2,30.8,10.3,15.8,0,"Will Smith",-0.8865888709543335,22.3,5.8,6.7,21,5,0,0,0.315,0.319,0.149,0.285,40.1,7.3,74.8,21.8,22.4,74.8,25.2,21,29.3,26.7,35.8,33.3,0.343,0.353,0.173,0.309,41.5,9.9,76.5,20.2,22.7,76.5,23.5,18.4,31,28.6,27.6,41.1,0.43,1.55,0.51,-0.07,-0.034,0.57,-0.7,0,0.09,-1,5,,7,2,"home","Final",0,,,"fastball",45,"slider",22.5,,3.7837837837837838,16.47058823529412,"fastball",43.2,"slider",30.8,,3.9545454545454546,16.41509433962264,83.66666666666667,"Extra Rest",85,"Extra Rest","L","R",11.1,24.2,6.1,20,5,5207.777777777777,908.8888888888889,0,5647.777777777777,1017.7777777777778,0,,,,,,,,,25.5,25.7,19.6,26.7,90,94,76
"823066","2026-05-01","Andy Pages","Los Angeles Dodgers",6,"R","CF",0.319,0.362,0.509,0.871,0.378,0.19,127,37,7,0,5,22.8,6.3,0.222,0.583,0.333,9,6,3,0.782,0.813,0.46,0.467,19.5,18.7,77.9,77.9,22.1,,"Matthew Liberatore","L",0.306,0.282,0.565,0.463,"8:15 PM ET","St. Louis Cardinals","Los Angeles Dodgers","Busch Stadium","Matthew Liberatore",5.34,1.53,21,9,4,6,"87.2",82,18,4.87,,,,,"Emmet Sheehan",4.91,1.27,26.1,7.6,4,6,"77.0",86,16,4.81,,,,,4.31,"Alta",24.2,3.74,"Moderada",20,4.6,0.713,0.32,0.393,22.1,5.3,0.783,0.346,0.437,20.5,20,50,10,0,1013,0,"Cielo Despejado",20,0.242,0.714,0.318,0.396,4.5,76,0.249,0.713,0.325,0.388,4.5,29,0.269,0.793,0.351,0.442,4.5,91,0.251,0.758,0.335,0.423,4.5,33,6,64,251,7,101,255,11.1,24.2,5,9,3,6.1,20,0,3,8,5.49,5.18,3.89,4.05,41.6,10,37.2,29.4,21,9,10.5,27.4,4,3.4,1.5,5.1,22.2,84,3,4,2,3.3,6,5,18,23,23,15,,,,81,5,4.65,22.2,45,22.5,16.9,15,0.6,"Pedro Pagés",2.17879551556017,21.3,4.8,3.0,18,3.3,0,0,3.94,4.67,3.2,3.27,38.5,9.9,35.7,28.2,26.1,7.6,15.5,29.6,8,5.6,2.65,5.3,22,87,10,4,6,6.3,5,6,24,21,22,31,,,,84,5,5.54,22,43.2,30.8,10.3,15.8,0,"Will Smith",-0.8865888709543335,22.3,5.8,6.7,21,5,0,0,0.315,0.319,0.149,0.285,40.1,7.3,74.8,21.8,22.4,74.8,25.2,21,29.3,26.7,35.8,33.3,0.343,0.353,0.173,0.309,41.5,9.9,76.5,20.2,22.7,76.5,23.5,18.4,31,28.6,27.6,41.1,0.43,1.55,0.51,-0.07,-0.034,0.57,-0.7,0,0.09,-1,5,,7,2,"home","Final",0,,,"fastball",45,"slider",22.5,,3.7837837837837838,16.47058823529412,"fastball",43.2,"slider",30.8,,3.9545454545454546,16.41509433962264,83.66666666666667,"Extra Rest",85,"Extra Rest","L","R",11.1,24.2,6.1,20,5,5207.777777777777,908.8888888888889,0,5647.777777777777,1017.7777777777778,0,,,,,,,,,25.5,25.7,19.6,26.7,90,94,76
"823066","2026-05-01","Max Muncy","Los Angeles Dodgers",7,"R","3B",0.288,0.378,0.596,0.974,0.411,0.308,119,30,5,0,9,23.5,12.6,0.273,0.93,0.545,12,6,4,0.835,0.927,0.477,0.567,22.8,25.3,72.3,72.3,27.7,,"Matthew Liberatore","L",0.306,0.282,0.565,0.463,"8:15 PM ET","St. Louis Cardinals","Los Angeles Dodgers","Busch Stadium","Matthew Liberatore",5.34,1.53,21,9,4,6,"87.2",82,18,4.87,,,,,"Emmet Sheehan",4.91,1.27,26.1,7.6,4,6,"77.0",86,16,4.81,,,,,4.31,"Alta",24.2,3.74,"Moderada",20,4.6,0.713,0.32,0.393,22.1,5.3,0.783,0.346,0.437,20.5,20,50,10,0,1013,0,"Cielo Despejado",20,0.242,0.714,0.318,0.396,4.5,76,0.249,0.713,0.325,0.388,4.5,29,0.269,0.793,0.351,0.442,4.5,91,0.251,0.758,0.335,0.423,4.5,33,6,64,251,7,101,255,11.1,24.2,5,9,3,6.1,20,0,3,8,5.49,5.18,3.89,4.05,41.6,10,37.2,29.4,21,9,10.5,27.4,4,3.4,1.5,5.1,22.2,84,3,4,2,3.3,6,5,18,23,23,15,,,,81,5,4.65,22.2,45,22.5,16.9,15,0.6,"Pedro Pagés",2.17879551556017,21.3,4.8,3.0,18,3.3,0,0,3.94,4.67,3.2,3.27,38.5,9.9,35.7,28.2,26.1,7.6,15.5,29.6,8,5.6,2.65,5.3,22,87,10,4,6,6.3,5,6,24,21,22,31,,,,84,5,5.54,22,43.2,30.8,10.3,15.8,0,"Will Smith",-0.8865888709543335,22.3,5.8,6.7,21,5,0,0,0.315,0.319,0.149,0.285,40.1,7.3,74.8,21.8,22.4,74.8,25.2,21,29.3,26.7,35.8,33.3,0.343,0.353,0.173,0.309,41.5,9.9,76.5,20.2,22.7,76.5,23.5,18.4,31,28.6,27.6,41.1,0.43,1.55,0.51,-0.07,-0.034,0.57,-0.7,0,0.09,-1,5,,7,2,"home","Final",0,,,"fastball",45,"slider",22.5,,3.7837837837837838,16.47058823529412,"fastball",43.2,"slider",30.8,,3.9545454545454546,16.41509433962264,83.66666666666667,"Extra Rest",85,"Extra Rest","L","R",11.1,24.2,6.1,20,5,5207.777777777777,908.8888888888889,0,5647.777777777777,1017.7777777777778,0,,,,,,,,,25.5,25.7,19.6,26.7,90,94,76
"823066","2026-05-01","Miguel Rojas","Los Angeles Dodgers",8,"R","SS",0.313,0.346,0.438,0.784,0.344,0.125,53,15,3,0,1,13.2,5.7,0.313,0.876,0.563,9,5,2,0.464,0.931,0.222,0.538,7.8,12.4,85.3,85.3,14.7,,"Matthew Liberatore","L",0.306,0.282,0.565,0.463,"8:15 PM ET","St. Louis Cardinals","Los Angeles Dodgers","Busch Stadium","Matthew Liberatore",5.34,1.53,21,9,4,6,"87.2",82,18,4.87,,,,,"Emmet Sheehan",4.91,1.27,26.1,7.6,4,6,"77.0",86,16,4.81,,,,,4.31,"Alta",24.2,3.74,"Moderada",20,4.6,0.713,0.32,0.393,22.1,5.3,0.783,0.346,0.437,20.5,20,50,10,0,1013,0,"Cielo Despejado",20,0.242,0.714,0.318,0.396,4.5,76,0.249,0.713,0.325,0.388,4.5,29,0.269,0.793,0.351,0.442,4.5,91,0.251,0.758,0.335,0.423,4.5,33,6,64,251,7,101,255,11.1,24.2,5,9,3,6.1,20,0,3,8,5.49,5.18,3.89,4.05,41.6,10,37.2,29.4,21,9,10.5,27.4,4,3.4,1.5,5.1,22.2,84,3,4,2,3.3,6,5,18,23,23,15,,,,81,5,4.65,22.2,45,22.5,16.9,15,0.6,"Pedro Pagés",2.17879551556017,21.3,4.8,3.0,18,3.3,0,0,3.94,4.67,3.2,3.27,38.5,9.9,35.7,28.2,26.1,7.6,15.5,29.6,8,5.6,2.65,5.3,22,87,10,4,6,6.3,5,6,24,21,22,31,,,,84,5,5.54,22,43.2,30.8,10.3,15.8,0,"Will Smith",-0.8865888709543335,22.3,5.8,6.7,21,5,0,0,0.315,0.319,0.149,0.285,40.1,7.3,74.8,21.8,22.4,74.8,25.2,21,29.3,26.7,35.8,33.3,0.343,0.353,0.173,0.309,41.5,9.9,76.5,20.2,22.7,76.5,23.5,18.4,31,28.6,27.6,41.1,0.43,1.55,0.51,-0.07,-0.034,0.57,-0.7,0,0.09,-1,5,,7,2,"home","Final",0,,,"fastball",45,"slider",22.5,,3.7837837837837838,16.47058823529412,"fastball",43.2,"slider",30.8,,3.9545454545454546,16.41509433962264,83.66666666666667,"Extra Rest",85,"Extra Rest","L","R",11.1,24.2,6.1,20,5,5207.777777777777,908.8888888888889,0,5647.777777777777,1017.7777777777778,0,,,,,,,,,25.5,25.7,19.6,26.7,90,94,76
"823066","2026-05-01","Hyeseong Kim","Los Angeles Dodgers",9,"R","2B",0.304,0.375,0.411,0.786,0.35,0.107,64,17,3,0,1,20.3,10.9,0.292,0.612,0.292,7,7,0,0.711,0.204,0.363,0.071,22.4,33.3,75.6,75.6,24.4,,"Matthew Liberatore","L",0.306,0.282,0.565,0.463,"8:15 PM ET","St. Louis Cardinals","Los Angeles Dodgers","Busch Stadium","Matthew Liberatore",5.34,1.53,21,9,4,6,"87.2",82,18,4.87,,,,,"Emmet Sheehan",4.91,1.27,26.1,7.6,4,6,"77.0",86,16,4.81,,,,,4.31,"Alta",24.2,3.74,"Moderada",20,4.6,0.713,0.32,0.393,22.1,5.3,0.783,0.346,0.437,20.5,20,50,10,0,1013,0,"Cielo Despejado",20,0.242,0.714,0.318,0.396,4.5,76,0.249,0.713,0.325,0.388,4.5,29,0.269,0.793,0.351,0.442,4.5,91,0.251,0.758,0.335,0.423,4.5,33,6,64,251,7,101,255,11.1,24.2,5,9,3,6.1,20,0,3,8,5.49,5.18,3.89,4.05,41.6,10,37.2,29.4,21,9,10.5,27.4,4,3.4,1.5,5.1,22.2,84,3,4,2,3.3,6,5,18,23,23,15,,,,81,5,4.65,22.2,45,22.5,16.9,15,0.6,"Pedro Pagés",2.17879551556017,21.3,4.8,3.0,18,3.3,0,0,3.94,4.67,3.2,3.27,38.5,9.9,35.7,28.2,26.1,7.6,15.5,29.6,8,5.6,2.65,5.3,22,87,10,4,6,6.3,5,6,24,21,22,31,,,,84,5,5.54,22,43.2,30.8,10.3,15.8,0,"Will Smith",-0.8865888709543335,22.3,5.8,6.7,21,5,0,0,0.315,0.319,0.149,0.285,40.1,7.3,74.8,21.8,22.4,74.8,25.2,21,29.3,26.7,35.8,33.3,0.343,0.353,0.173,0.309,41.5,9.9,76.5,20.2,22.7,76.5,23.5,18.4,31,28.6,27.6,41.1,0.43,1.55,0.51,-0.07,-0.034,0.57,-0.7,0,0.09,-1,5,,7,2,"home","Final",0,,,"fastball",45,"slider",22.5,,3.7837837837837838,16.47058823529412,"fastball",43.2,"slider",30.8,,3.9545454545454546,16.41509433962264,83.66666666666667,"Extra Rest",85,"Extra Rest","L","R",11.1,24.2,6.1,20,5,5207.777777777777,908.8888888888889,0,5647.777777777777,1017.7777777777778,0,,,,,,,,,25.5,25.7,19.6,26.7,90,94,76
"823146","2026-05-01","J.P. Crawford","Seattle Mariners",1,"R","SS",0.202,0.368,0.31,0.678,0.317,0.108,106,17,3,0,2,16,18.9,0.24,0.766,0.36,9,6,1,0.702,0.599,0.382,0.247,23.4,15.4,82,82,18,,"Cole Ragans","L",0.256,0.193,0.641,0.42,"9:45 PM ET","Seattle Mariners","Kansas City Royals","T-Mobile Park","Bryan Woo",4.23,1.07,24.1,4.7,7,6,"104.1",102,18,5.80,,,,,"Cole Ragans",4.84,1.42,29.8,15.2,1,4,"35.1",45,8,4.42,,,,,3.52,"Moderada",19.1,5.22,"Alta",19.1,4.1,0.691,0.311,0.38,24.2,4.3,0.716,0.318,0.398,21.3,20,50,10,0,1013,0,"Cielo Despejado",20,0.239,0.717,0.318,0.399,4.5,86,0.208,0.621,0.293,0.328,4.5,26,0.245,0.717,0.319,0.398,4.5,67,0.253,0.714,0.316,0.398,4.5,28,6,53,230,6,99,289,6.1,19.1,0,5,8,10.2,19.1,2,5,6,3.51,3.15,3.08,3.12,43.1,7,37.8,30.1,24.1,4.7,13.2,27.5,2,3.6,2.06,5.8,23.6,80,1,6,3,3,7,7,18,26,29,16.2,,,,77,5.2,5.17,23.6,65.8,27.7,0,6.4,0,"Cal Raleigh",-0.8922917741010253,24.3,5.7,3.3,18,3,0,0,5.04,6.28,3.8,3.51,39.8,15.7,34.9,37.3,29.8,15.2,14.4,29.4,8,5.6,3.72,4.6,18.8,79,11,6,1,6,4.3,6,23,25,21,37.7,,,,82,4.2,4.99,18.8,56.1,13.3,0,16.5,0,"Salvador Perez",-5.446891967036546,23.0,5.4,6.0,21,4.3,0,0,0.306,0.325,0.15,0.277,38,8.8,73.9,23.5,21.8,73.9,26.1,20.1,38.3,33.3,29,34.4,0.315,0.315,0.151,0.297,41.8,7.3,78.7,21.6,20.5,78.7,21.3,16.4,30.1,23.5,25.3,38.5,-0.61,-1.53,-3.13,-0.025,0.01,-1.7,-0.2,0,-0.02,0,-4.1,,6,7,"away","Final",0,,,"fastball",65.8,"slider",27.7,,3.389830508474576,13.793103448275863,"fastball",56.1,"changeup",16.5,,4.202127659574468,17.17391304347826,76.66666666666667,"Extra Rest",96.33333333333333,"Extra Rest","R","L",6.1,19.1,10.2,19.1,0,4923.333333333333,1000,0,5712.222222222223,965.5555555555555,0,,,,,,,,,23,24,25.6,32.7,118,83,96
"823146","2026-05-01","Cal Raleigh","Seattle Mariners",2,"R","C",0.186,0.272,0.38,0.652,0.288,0.194,147,24,4,0,7,29.3,10.9,0.241,0.899,0.586,17,7,4,0.642,0.422,0.365,0.185,31.9,32.9,68.7,68.7,31.3,,"Cole Ragans","L",0.256,0.193,0.641,0.42,"9:45 PM ET","Seattle Mariners","Kansas City Royals","T-Mobile Park","Bryan Woo",4.23,1.07,24.1,4.7,7,6,"104.1",102,18,5.80,,,,,"Cole Ragans",4.84,1.42,29.8,15.2,1,4,"35.1",45,8,4.42,,,,,3.52,"Moderada",19.1,5.22,"Alta",19.1,4.1,0.691,0.311,0.38,24.2,4.3,0.716,0.318,0.398,21.3,20,50,10,0,1013,0,"Cielo Despejado",20,0.239,0.717,0.318,0.399,4.5,86,0.208,0.621,0.293,0.328,4.5,26,0.245,0.717,0.319,0.398,4.5,67,0.253,0.714,0.316,0.398,4.5,28,6,53,230,6,99,289,6.1,19.1,0,5,8,10.2,19.1,2,5,6,3.51,3.15,3.08,3.12,43.1,7,37.8,30.1,24.1,4.7,13.2,27.5,2,3.6,2.06,5.8,23.6,80,1,6,3,3,7,7,18,26,29,16.2,,,,77,5.2,5.17,23.6,65.8,27.7,0,6.4,0,"Cal Raleigh",-0.8922917741010253,24.3,5.7,3.3,18,3,0,0,5.04,6.28,3.8,3.51,39.8,15.7,34.9,37.3,29.8,15.2,14.4,29.4,8,5.6,3.72,4.6,18.8,79,11,6,1,6,4.3,6,23,25,21,37.7,,,,82,4.2,4.99,18.8,56.1,13.3,0,16.5,0,"Salvador Perez",-5.446891967036546,23.0,5.4,6.0,21,4.3,0,0,0.306,0.325,0.15,0.277,38,8.8,73.9,23.5,21.8,73.9,26.1,20.1,38.3,33.3,29,34.4,0.315,0.315,0.151,0.297,41.8,7.3,78.7,21.6,20.5,78.7,21.3,16.4,30.1,23.5,25.3,38.5,-0.61,-1.53,-3.13,-0.025,0.01,-1.7,-0.2,0,-0.02,0,-4.1,,6,7,"away","Final",0,,,"fastball",65.8,"slider",27.7,,3.389830508474576,13.793103448275863,"fastball",56.1,"changeup",16.5,,4.202127659574468,17.17391304347826,76.66666666666667,"Extra Rest",96.33333333333333,"Extra Rest","R","L",6.1,19.1,10.2,19.1,0,4923.333333333333,1000,0,5712.222222222223,965.5555555555555,0,,,,,,,,,23,24,25.6,32.7,118,83,96
"823146","2026-05-01","Julio Rodríguez","Seattle Mariners",3,"R","CF",0.262,0.333,0.4,0.733,0.321,0.138,144,34,6,0,4,22.9,8.3,0.303,0.788,0.485,16,10,4,0.708,0.86,0.393,0.517,21.9,18.2,72.2,72.2,27.8,,"Cole Ragans","L",0.256,0.193,0.641,0.42,"9:45 PM ET","Seattle Mariners","Kansas City Royals","T-Mobile Park","Bryan Woo",4.23,1.07,24.1,4.7,7,6,"104.1",102,18,5.80,,,,,"Cole Ragans",4.84,1.42,29.8,15.2,1,4,"35.1",45,8,4.42,,,,,3.52,"Moderada",19.1,5.22,"Alta",19.1,4.1,0.691,0.311,0.38,24.2,4.3,0.716,0.318,0.398,21.3,20,50,10,0,1013,0,"Cielo Despejado",20,0.239,0.717,0.318,0.399,4.5,86,0.208,0.621,0.293,0.328,4.5,26,0.245,0.717,0.319,0.398,4.5,67,0.253,0.714,0.316,0.398,4.5,28,6,53,230,6,99,289,6.1,19.1,0,5,8,10.2,19.1,2,5,6,3.51,3.15,3.08,3.12,43.1,7,37.8,30.1,24.1,4.7,13.2,27.5,2,3.6,2.06,5.8,23.6,80,1,6,3,3,7,7,18,26,29,16.2,,,,77,5.2,5.17,23.6,65.8,27.7,0,6.4,0,"Cal Raleigh",-0.8922917741010253,24.3,5.7,3.3,18,3,0,0,5.04,6.28,3.8,3.51,39.8,15.7,34.9,37.3,29.8,15.2,14.4,29.4,8,5.6,3.72,4.6,18.8,79,11,6,1,6,4.3,6,23,25,21,37.7,,,,82,4.2,4.99,18.8,56.1,13.3,0,16.5,0,"Salvador Perez",-5.446891967036546,23.0,5.4,6.0,21,4.3,0,0,0.306,0.325,0.15,0.277,38,8.8,73.9,23.5,21.8,73.9,26.1,20.1,38.3,33.3,29,34.4,0.315,0.315,0.151,0.297,41.8,7.3,78.7,21.6,20.5,78.7,21.3,16.4,30.1,23.5,25.3,38.5,-0.61,-1.53,-3.13,-0.025,0.01,-1.7,-0.2,0,-0.02,0,-4.1,,6,7,"away","Final",0,,,"fastball",65.8,"slider",27.7,,3.389830508474576,13.793103448275863,"fastball",56.1,"changeup",16.5,,4.202127659574468,17.17391304347826,76.66666666666667,"Extra Rest",96.33333333333333,"Extra Rest","R","L",6.1,19.1,10.2,19.1,0,4923.333333333333,1000,0,5712.222222222223,965.5555555555555,0,,,,,,,,,23,24,25.6,32.7,118,83,96
"823146","2026-05-01","Josh Naylor","Seattle Mariners",4,"R","1B",0.214,0.285,0.333,0.618,0.274,0.119,130,25,2,0,4,16.9,8.5,0.333,0.956,0.556,15,9,2,0.671,0.647,0.36,0.333,10.2,18.6,81,81,19,,"Cole Ragans","L",0.256,0.193,0.641,0.42,"9:45 PM ET","Seattle Mariners","Kansas City Royals","T-Mobile Park","Bryan Woo",4.23,1.07,24.1,4.7,7,6,"104.1",102,18,5.80,,,,,"Cole Ragans",4.84,1.42,29.8,15.2,1,4,"35.1",45,8,4.42,,,,,3.52,"Moderada",19.1,5.22,"Alta",19.1,4.1,0.691,0.311,0.38,24.2,4.3,0.716,0.318,0.398,21.3,20,50,10,0,1013,0,"Cielo Despejado",20,0.239,0.717,0.318,0.399,4.5,86,0.208,0.621,0.293,0.328,4.5,26,0.245,0.717,0.319,0.398,4.5,67,0.253,0.714,0.316,0.398,4.5,28,6,53,230,6,99,289,6.1,19.1,0,5,8,10.2,19.1,2,5,6,3.51,3.15,3.08,3.12,43.1,7,37.8,30.1,24.1,4.7,13.2,27.5,2,3.6,2.06,5.8,23.6,80,1,6,3,3,7,7,18,26,29,16.2,,,,77,5.2,5.17,23.6,65.8,27.7,0,6.4,0,"Cal Raleigh",-0.8922917741010253,24.3,5.7,3.3,18,3,0,0,5.04,6.28,3.8,3.51,39.8,15.7,34.9,37.3,29.8,15.2,14.4,29.4,8,5.6,3.72,4.6,18.8,79,11,6,1,6,4.3,6,23,25,21,37.7,,,,82,4.2,4.99,18.8,56.1,13.3,0,16.5,0,"Salvador Perez",-5.446891967036546,23.0,5.4,6.0,21,4.3,0,0,0.306,0.325,0.15,0.277,38,8.8,73.9,23.5,21.8,73.9,26.1,20.1,38.3,33.3,29,34.4,0.315,0.315,0.151,0.297,41.8,7.3,78.7,21.6,20.5,78.7,21.3,16.4,30.1,23.5,25.3,38.5,-0.61,-1.53,-3.13,-0.025,0.01,-1.7,-0.2,0,-0.02,0,-4.1,,6,7,"away","Final",0,,,"fastball",65.8,"slider",27.7,,3.389830508474576,13.793103448275863,"fastball",56.1,"changeup",16.5,,4.202127659574468,17.17391304347826,76.66666666666667,"Extra Rest",96.33333333333333,"Extra Rest","R","L",6.1,19.1,10.2,19.1,0,4923.333333333333,1000,0,5712.222222222223,965.5555555555555,0,,,,,,,,,23,24,25.6,32.7,118,83,96
"823146","2026-05-01","Randy Arozarena","Seattle Mariners",5,"R","LF",0.288,0.377,0.458,0.835,0.367,0.17,138,34,9,1,3,23.2,10.9,0.333,0.99,0.583,14,8,5,0.851,0.781,0.46,0.44,21,23.5,73.1,73.1,26.9,,"Cole Ragans","L",0.256,0.193,0.641,0.42,"9:45 PM ET","Seattle Mariners","Kansas City Royals","T-Mobile Park","Bryan Woo",4.23,1.07,24.1,4.7,7,6,"104.1",102,18,5.80,,,,,"Cole Ragans",4.84,1.42,29.8,15.2,1,4,"35.1",45,8,4.42,,,,,3.52,"Moderada",19.1,5.22,"Alta",19.1,4.1,0.691,0.311,0.38,24.2,4.3,0.716,0.318,0.398,21.3,20,50,10,0,1013,0,"Cielo Despejado",20,0.239,0.717,0.318,0.399,4.5,86,0.208,0.621,0.293,0.328,4.5,26,0.245,0.717,0.319,0.398,4.5,67,0.253,0.714,0.316,0.398,4.5,28,6,53,230,6,99,289,6.1,19.1,0,5,8,10.2,19.1,2,5,6,3.51,3.15,3.08,3.12,43.1,7,37.8,30.1,24.1,4.7,13.2,27.5,2,3.6,2.06,5.8,23.6,80,1,6,3,3,7,7,18,26,29,16.2,,,,77,5.2,5.17,23.6,65.8,27.7,0,6.4,0,"Cal Raleigh",-0.8922917741010253,24.3,5.7,3.3,18,3,0,0,5.04,6.28,3.8,3.51,39.8,15.7,34.9,37.3,29.8,15.2,14.4,29.4,8,5.6,3.72,4.6,18.8,79,11,6,1,6,4.3,6,23,25,21,37.7,,,,82,4.2,4.99,18.8,56.1,13.3,0,16.5,0,"Salvador Perez",-5.446891967036546,23.0,5.4,6.0,21,4.3,0,0,0.306,0.325,0.15,0.277,38,8.8,73.9,23.5,21.8,73.9,26.1,20.1,38.3,33.3,29,34.4,0.315,0.315,0.151,0.297,41.8,7.3,78.7,21.6,20.5,78.7,21.3,16.4,30.1,23.5,25.3,38.5,-0.61,-1.53,-3.13,-0.025,0.01,-1.7,-0.2,0,-0.02,0,-4.1,,6,7,"away","Final",0,,,"fastball",65.8,"slider",27.7,,3.389830508474576,13.793103448275863,"fastball",56.1,"changeup",16.5,,4.202127659574468,17.17391304347826,76.66666666666667,"Extra Rest",96.33333333333333,"Extra Rest","R","L",6.1,19.1,10.2,19.1,0,4923.333333333333,1000,0,5712.222222222223,965.5555555555555,0,,,,,,,,,23,24,25.6,32.7,118,83,96
"823146","2026-05-01","Luke Raley","Seattle Mariners",6,"R","DH",0.244,0.301,0.488,0.789,0.338,0.244,93,21,4,1,5,37.6,5.4,0,0.056,0,0,0,0,0.789,0.465,0.488,0.238,33.5,21.7,58.8,58.8,41.2,,"Cole Ragans","L",0.256,0.193,0.641,0.42,"9:45 PM ET","Seattle Mariners","Kansas City Royals","T-Mobile Park","Bryan Woo",4.23,1.07,24.1,4.7,7,6,"104.1",102,18,5.80,,,,,"Cole Ragans",4.84,1.42,29.8,15.2,1,4,"35.1",45,8,4.42,,,,,3.52,"Moderada",19.1,5.22,"Alta",19.1,4.1,0.691,0.311,0.38,24.2,4.3,0.716,0.318,0.398,21.3,20,50,10,0,1013,0,"Cielo Despejado",20,0.239,0.717,0.318,0.399,4.5,86,0.208,0.621,0.293,0.328,4.5,26,0.245,0.717,0.319,0.398,4.5,67,0.253,0.714,0.316,0.398,4.5,28,6,53,230,6,99,289,6.1,19.1,0,5,8,10.2,19.1,2,5,6,3.51,3.15,3.08,3.12,43.1,7,37.8,30.1,24.1,4.7,13.2,27.5,2,3.6,2.06,5.8,23.6,80,1,6,3,3,7,7,18,26,29,16.2,,,,77,5.2,5.17,23.6,65.8,27.7,0,6.4,0,"Cal Raleigh",-0.8922917741010253,24.3,5.7,3.3,18,3,0,0,5.04,6.28,3.8,3.51,39.8,15.7,34.9,37.3,29.8,15.2,14.4,29.4,8,5.6,3.72,4.6,18.8,79,11,6,1,6,4.3,6,23,25,21,37.7,,,,82,4.2,4.99,18.8,56.1,13.3,0,16.5,0,"Salvador Perez",-5.446891967036546,23.0,5.4,6.0,21,4.3,0,0,0.306,0.325,0.15,0.277,38,8.8,73.9,23.5,21.8,73.9,26.1,20.1,38.3,33.3,29,34.4,0.315,0.315,0.151,0.297,41.8,7.3,78.7,21.6,20.5,78.7,21.3,16.4,30.1,23.5,25.3,38.5,-0.61,-1.53,-3.13,-0.025,0.01,-1.7,-0.2,0,-0.02,0,-4.1,,6,7,"away","Final",0,,,"fastball",65.8,"slider",27.7,,3.389830508474576,13.793103448275863,"fastball",56.1,"changeup",16.5,,4.202127659574468,17.17391304347826,76.66666666666667,"Extra Rest",96.33333333333333,"Extra Rest","R","L",6.1,19.1,10.2,19.1,0,4923.333333333333,1000,0,5712.222222222223,965.5555555555555,0,,,,,,,,,23,24,25.6,32.7,118,83,96
"823146","2026-05-01","Cole Young","Seattle Mariners",7,"R","2B",0.276,0.346,0.405,0.751,0.332,0.129,130,32,4,1,3,20.8,8.5,0.423,1.059,0.615,16,11,3,0.74,0.607,0.407,0.337,17.2,20.7,80.1,80.1,19.9,,"Cole Ragans","L",0.256,0.193,0.641,0.42,"9:45 PM ET","Seattle Mariners","Kansas City Royals","T-Mobile Park","Bryan Woo",4.23,1.07,24.1,4.7,7,6,"104.1",102,18,5.80,,,,,"Cole Ragans",4.84,1.42,29.8,15.2,1,4,"35.1",45,8,4.42,,,,,3.52,"Moderada",19.1,5.22,"Alta",19.1,4.1,0.691,0.311,0.38,24.2,4.3,0.716,0.318,0.398,21.3,20,50,10,0,1013,0,"Cielo Despejado",20,0.239,0.717,0.318,0.399,4.5,86,0.208,0.621,0.293,0.328,4.5,26,0.245,0.717,0.319,0.398,4.5,67,0.253,0.714,0.316,0.398,4.5,28,6,53,230,6,99,289,6.1,19.1,0,5,8,10.2,19.1,2,5,6,3.51,3.15,3.08,3.12,43.1,7,37.8,30.1,24.1,4.7,13.2,27.5,2,3.6,2.06,5.8,23.6,80,1,6,3,3,7,7,18,26,29,16.2,,,,77,5.2,5.17,23.6,65.8,27.7,0,6.4,0,"Cal Raleigh",-0.8922917741010253,24.3,5.7,3.3,18,3,0,0,5.04,6.28,3.8,3.51,39.8,15.7,34.9,37.3,29.8,15.2,14.4,29.4,8,5.6,3.72,4.6,18.8,79,11,6,1,6,4.3,6,23,25,21,37.7,,,,82,4.2,4.99,18.8,56.1,13.3,0,16.5,0,"Salvador Perez",-5.446891967036546,23.0,5.4,6.0,21,4.3,0,0,0.306,0.325,0.15,0.277,38,8.8,73.9,23.5,21.8,73.9,26.1,20.1,38.3,33.3,29,34.4,0.315,0.315,0.151,0.297,41.8,7.3,78.7,21.6,20.5,78.7,21.3,16.4,30.1,23.5,25.3,38.5,-0.61,-1.53,-3.13,-0.025,0.01,-1.7,-0.2,0,-0.02,0,-4.1,,6,7,"away","Final",0,,,"fastball",65.8,"slider",27.7,,3.389830508474576,13.793103448275863,"fastball",56.1,"changeup",16.5,,4.202127659574468,17.17391304347826,76.66666666666667,"Extra Rest",96.33333333333333,"Extra Rest","R","L",6.1,19.1,10.2,19.1,0,4923.333333333333,1000,0,5712.222222222223,965.5555555555555,0,,,,,,,,,23,24,25.6,32.7,118,83,96
"823146","2026-05-01","Dominic Canzone","Seattle Mariners",8,"R","RF",0.275,0.329,0.507,0.836,0.36,0.232,76,19,7,0,3,23.7,6.6,0.313,0.728,0.375,6,5,1,0.87,0.993,0.543,0.545,20.3,24.1,71.3,71.3,28.7,,"Cole Ragans","L",0.256,0.193,0.641,0.42,"9:45 PM ET","Seattle Mariners","Kansas City Royals","T-Mobile Park","Bryan Woo",4.23,1.07,24.1,4.7,7,6,"104.1",102,18,5.80,,,,,"Cole Ragans",4.84,1.42,29.8,15.2,1,4,"35.1",45,8,4.42,,,,,3.52,"Moderada",19.1,5.22,"Alta",19.1,4.1,0.691,0.311,0.38,24.2,4.3,0.716,0.318,0.398,21.3,20,50,10,0,1013,0,"Cielo Despejado",20,0.239,0.717,0.318,0.399,4.5,86,0.208,0.621,0.293,0.328,4.5,26,0.245,0.717,0.319,0.398,4.5,67,0.253,0.714,0.316,0.398,4.5,28,6,53,230,6,99,289,6.1,19.1,0,5,8,10.2,19.1,2,5,6,3.51,3.15,3.08,3.12,43.1,7,37.8,30.1,24.1,4.7,13.2,27.5,2,3.6,2.06,5.8,23.6,80,1,6,3,3,7,7,18,26,29,16.2,,,,77,5.2,5.17,23.6,65.8,27.7,0,6.4,0,"Cal Raleigh",-0.8922917741010253,24.3,5.7,3.3,18,3,0,0,5.04,6.28,3.8,3.51,39.8,15.7,34.9,37.3,29.8,15.2,14.4,29.4,8,5.6,3.72,4.6,18.8,79,11,6,1,6,4.3,6,23,25,21,37.7,,,,82,4.2,4.99,18.8,56.1,13.3,0,16.5,0,"Salvador Perez",-5.446891967036546,23.0,5.4,6.0,21,4.3,0,0,0.306,0.325,0.15,0.277,38,8.8,73.9,23.5,21.8,73.9,26.1,20.1,38.3,33.3,29,34.4,0.315,0.315,0.151,0.297,41.8,7.3,78.7,21.6,20.5,78.7,21.3,16.4,30.1,23.5,25.3,38.5,-0.61,-1.53,-3.13,-0.025,0.01,-1.7,-0.2,0,-0.02,0,-4.1,,6,7,"away","Final",0,,,"fastball",65.8,"slider",27.7,,3.389830508474576,13.793103448275863,"fastball",56.1,"changeup",16.5,,4.202127659574468,17.17391304347826,76.66666666666667,"Extra Rest",96.33333333333333,"Extra Rest","R","L",6.1,19.1,10.2,19.1,0,4923.333333333333,1000,0,5712.222222222223,965.5555555555555,0,,,,,,,,,23,24,25.6,32.7,118,83,96
"823146","2026-05-01","Leo Rivas","Seattle Mariners",9,"R","3B",0.143,0.264,0.182,0.446,0.22,0.039,92,11,1,1,0,31.5,12,0.167,0.378,0.167,3,3,0,0.499,0.291,0.206,0.097,34.1,21.1,77.8,77.8,22.2,,"Cole Ragans","L",0.256,0.193,0.641,0.42,"9:45 PM ET","Seattle Mariners","Kansas City Royals","T-Mobile Park","Bryan Woo",4.23,1.07,24.1,4.7,7,6,"104.1",102,18,5.80,,,,,"Cole Ragans",4.84,1.42,29.8,15.2,1,4,"35.1",45,8,4.42,,,,,3.52,"Moderada",19.1,5.22,"Alta",19.1,4.1,0.691,0.311,0.38,24.2,4.3,0.716,0.318,0.398,21.3,20,50,10,0,1013,0,"Cielo Despejado",20,0.239,0.717,0.318,0.399,4.5,86,0.208,0.621,0.293,0.328,4.5,26,0.245,0.717,0.319,0.398,4.5,67,0.253,0.714,0.316,0.398,4.5,28,6,53,230,6,99,289,6.1,19.1,0,5,8,10.2,19.1,2,5,6,3.51,3.15,3.08,3.12,43.1,7,37.8,30.1,24.1,4.7,13.2,27.5,2,3.6,2.06,5.8,23.6,80,1,6,3,3,7,7,18,26,29,16.2,,,,77,5.2,5.17,23.6,65.8,27.7,0,6.4,0,"Cal Raleigh",-0.8922917741010253,24.3,5.7,3.3,18,3,0,0,5.04,6.28,3.8,3.51,39.8,15.7,34.9,37.3,29.8,15.2,14.4,29.4,8,5.6,3.72,4.6,18.8,79,11,6,1,6,4.3,6,23,25,21,37.7,,,,82,4.2,4.99,18.8,56.1,13.3,0,16.5,0,"Salvador Perez",-5.446891967036546,23.0,5.4,6.0,21,4.3,0,0,0.306,0.325,0.15,0.277,38,8.8,73.9,23.5,21.8,73.9,26.1,20.1,38.3,33.3,29,34.4,0.315,0.315,0.151,0.297,41.8,7.3,78.7,21.6,20.5,78.7,21.3,16.4,30.1,23.5,25.3,38.5,-0.61,-1.53,-3.13,-0.025,0.01,-1.7,-0.2,0,-0.02,0,-4.1,,6,7,"away","Final",0,,,"fastball",65.8,"slider",27.7,,3.389830508474576,13.793103448275863,"fastball",56.1,"changeup",16.5,,4.202127659574468,17.17391304347826,76.66666666666667,"Extra Rest",96.33333333333333,"Extra Rest","R","L",6.1,19.1,10.2,19.1,0,4923.333333333333,1000,0,5712.222222222223,965.5555555555555,0,,,,,,,,,23,24,25.6,32.7,118,83,96
"823146","2026-05-01","Maikel Garcia","Kansas City Royals",1,"R","3B",0.274,0.344,0.436,0.78,0.341,0.162,131,32,8,1,3,17.6,9.9,0.333,0.993,0.593,16,9,4,0.638,0.917,0.343,0.5,15.8,13.3,85.9,85.9,14.1,,"Bryan Woo","R",0.247,0.212,0.396,0.294,"9:45 PM ET","Seattle Mariners","Kansas City Royals","T-Mobile Park","Bryan Woo",4.23,1.07,24.1,4.7,7,6,"104.1",102,18,5.80,,,,,"Cole Ragans",4.84,1.42,29.8,15.2,1,4,"35.1",45,8,4.42,,,,,3.52,"Moderada",19.1,5.22,"Alta",19.1,4.1,0.691,0.311,0.38,24.2,4.3,0.716,0.318,0.398,21.3,20,50,10,0,1013,0,"Cielo Despejado",20,0.239,0.717,0.318,0.399,4.5,86,0.208,0.621,0.293,0.328,4.5,26,0.245,0.717,0.319,0.398,4.5,67,0.253,0.714,0.316,0.398,4.5,28,6,53,230,6,99,289,6.1,19.1,0,5,8,10.2,19.1,2,5,6,3.51,3.15,3.08,3.12,43.1,7,37.8,30.1,24.1,4.7,13.2,27.5,2,3.6,2.06,5.8,23.6,80,1,6,3,3,7,7,18,26,29,16.2,,,,77,5.2,5.17,23.6,65.8,27.7,0,6.4,0,"Cal Raleigh",-0.8922917741010253,24.3,5.7,3.3,18,3,0,0,5.04,6.28,3.8,3.51,39.8,15.7,34.9,37.3,29.8,15.2,14.4,29.4,8,5.6,3.72,4.6,18.8,79,11,6,1,6,4.3,6,23,25,21,37.7,,,,82,4.2,4.99,18.8,56.1,13.3,0,16.5,0,"Salvador Perez",-5.446891967036546,23.0,5.4,6.0,21,4.3,0,0,0.306,0.325,0.15,0.277,38,8.8,73.9,23.5,21.8,73.9,26.1,20.1,38.3,33.3,29,34.4,0.315,0.315,0.151,0.297,41.8,7.3,78.7,21.6,20.5,78.7,21.3,16.4,30.1,23.5,25.3,38.5,-0.61,-1.53,-3.13,-0.025,0.01,-1.7,-0.2,0,-0.02,0,-4.1,,6,7,"away","Final",0,,,"fastball",65.8,"slider",27.7,,3.389830508474576,13.793103448275863,"fastball",56.1,"changeup",16.5,,4.202127659574468,17.17391304347826,76.66666666666667,"Extra Rest",96.33333333333333,"Extra Rest","R","L",6.1,19.1,10.2,19.1,0,4923.333333333333,1000,0,5712.222222222223,965.5555555555555,0,,,,,,,,,23,24,25.6,32.7,118,83,96
"823146","2026-05-01","Bobby Witt Jr.","Kansas City Royals",2,"R","SS",0.288,0.368,0.424,0.792,0.346,0.136,144,36,9,1,2,16.7,11.8,0.29,0.966,0.613,19,9,5,0.787,0.924,0.438,0.538,19.7,7.9,76.2,76.2,23.8,,"Bryan Woo","R",0.247,0.212,0.396,0.294,"9:45 PM ET","Seattle Mariners","Kansas City Royals","T-Mobile Park","Bryan Woo",4.23,1.07,24.1,4.7,7,6,"104.1",102,18,5.80,,,,,"Cole Ragans",4.84,1.42,29.8,15.2,1,4,"35.1",45,8,4.42,,,,,3.52,"Moderada",19.1,5.22,"Alta",19.1,4.1,0.691,0.311,0.38,24.2,4.3,0.716,0.318,0.398,21.3,20,50,10,0,1013,0,"Cielo Despejado",20,0.239,0.717,0.318,0.399,4.5,86,0.208,0.621,0.293,0.328,4.5,26,0.245,0.717,0.319,0.398,4.5,67,0.253,0.714,0.316,0.398,4.5,28,6,53,230,6,99,289,6.1,19.1,0,5,8,10.2,19.1,2,5,6,3.51,3.15,3.08,3.12,43.1,7,37.8,30.1,24.1,4.7,13.2,27.5,2,3.6,2.06,5.8,23.6,80,1,6,3,3,7,7,18,26,29,16.2,,,,77,5.2,5.17,23.6,65.8,27.7,0,6.4,0,"Cal Raleigh",-0.8922917741010253,24.3,5.7,3.3,18,3,0,0,5.04,6.28,3.8,3.51,39.8,15.7,34.9,37.3,29.8,15.2,14.4,29.4,8,5.6,3.72,4.6,18.8,79,11,6,1,6,4.3,6,23,25,21,37.7,,,,82,4.2,4.99,18.8,56.1,13.3,0,16.5,0,"Salvador Perez",-5.446891967036546,23.0,5.4,6.0,21,4.3,0,0,0.306,0.325,0.15,0.277,38,8.8,73.9,23.5,21.8,73.9,26.1,20.1,38.3,33.3,29,34.4,0.315,0.315,0.151,0.297,41.8,7.3,78.7,21.6,20.5,78.7,21.3,16.4,30.1,23.5,25.3,38.5,-0.61,-1.53,-3.13,-0.025,0.01,-1.7,-0.2,0,-0.02,0,-4.1,,6,7,"away","Final",0,,,"fastball",65.8,"slider",27.7,,3.389830508474576,13.793103448275863,"fastball",56.1,"changeup",16.5,,4.202127659574468,17.17391304347826,76.66666666666667,"Extra Rest",96.33333333333333,"Extra Rest","R","L",6.1,19.1,10.2,19.1,0,4923.333333333333,1000,0,5712.222222222223,965.5555555555555,0,,,,,,,,,23,24,25.6,32.7,118,83,96
"823146","2026-05-01","Vinnie Pasquantino","Kansas City Royals",3,"R","1B",0.176,0.279,0.352,0.631,0.285,0.176,129,19,3,2,4,20.2,12.4,0.2,0.979,0.55,11,4,4,0.767,0.401,0.421,0.184,14.9,24.1,83.9,83.9,16.1,,"Bryan Woo","R",0.247,0.212,0.396,0.294,"9:45 PM ET","Seattle Mariners","Kansas City Royals","T-Mobile Park","Bryan Woo",4.23,1.07,24.1,4.7,7,6,"104.1",102,18,5.80,,,,,"Cole Ragans",4.84,1.42,29.8,15.2,1,4,"35.1",45,8,4.42,,,,,3.52,"Moderada",19.1,5.22,"Alta",19.1,4.1,0.691,0.311,0.38,24.2,4.3,0.716,0.318,0.398,21.3,20,50,10,0,1013,0,"Cielo Despejado",20,0.239,0.717,0.318,0.399,4.5,86,0.208,0.621,0.293,0.328,4.5,26,0.245,0.717,0.319,0.398,4.5,67,0.253,0.714,0.316,0.398,4.5,28,6,53,230,6,99,289,6.1,19.1,0,5,8,10.2,19.1,2,5,6,3.51,3.15,3.08,3.12,43.1,7,37.8,30.1,24.1,4.7,13.2,27.5,2,3.6,2.06,5.8,23.6,80,1,6,3,3,7,7,18,26,29,16.2,,,,77,5.2,5.17,23.6,65.8,27.7,0,6.4,0,"Cal Raleigh",-0.8922917741010253,24.3,5.7,3.3,18,3,0,0,5.04,6.28,3.8,3.51,39.8,15.7,34.9,37.3,29.8,15.2,14.4,29.4,8,5.6,3.72,4.6,18.8,79,11,6,1,6,4.3,6,23,25,21,37.7,,,,82,4.2,4.99,18.8,56.1,13.3,0,16.5,0,"Salvador Perez",-5.446891967036546,23.0,5.4,6.0,21,4.3,0,0,0.306,0.325,0.15,0.277,38,8.8,73.9,23.5,21.8,73.9,26.1,20.1,38.3,33.3,29,34.4,0.315,0.315,0.151,0.297,41.8,7.3,78.7,21.6,20.5,78.7,21.3,16.4,30.1,23.5,25.3,38.5,-0.61,-1.53,-3.13,-0.025,0.01,-1.7,-0.2,0,-0.02,0,-4.1,,6,7,"away","Final",0,,,"fastball",65.8,"slider",27.7,,3.389830508474576,13.793103448275863,"fastball",56.1,"changeup",16.5,,4.202127659574468,17.17391304347826,76.66666666666667,"Extra Rest",96.33333333333333,"Extra Rest","R","L",6.1,19.1,10.2,19.1,0,4923.333333333333,1000,0,5712.222222222223,965.5555555555555,0,,,,,,,,,23,24,25.6,32.7,118,83,96
"823146","2026-05-01","Salvador Perez","Kansas City Royals",4,"R","C",0.21,0.244,0.371,0.615,0.264,0.161,131,26,5,0,5,19.8,3.1,0.258,0.733,0.452,14,8,2,0.518,0.794,0.295,0.474,21.2,16.5,74.9,74.9,25.1,,"Bryan Woo","R",0.247,0.212,0.396,0.294,"9:45 PM ET","Seattle Mariners","Kansas City Royals","T-Mobile Park","Bryan Woo",4.23,1.07,24.1,4.7,7,6,"104.1",102,18,5.80,,,,,"Cole Ragans",4.84,1.42,29.8,15.2,1,4,"35.1",45,8,4.42,,,,,3.52,"Moderada",19.1,5.22,"Alta",19.1,4.1,0.691,0.311,0.38,24.2,4.3,0.716,0.318,0.398,21.3,20,50,10,0,1013,0,"Cielo Despejado",20,0.239,0.717,0.318,0.399,4.5,86,0.208,0.621,0.293,0.328,4.5,26,0.245,0.717,0.319,0.398,4.5,67,0.253,0.714,0.316,0.398,4.5,28,6,53,230,6,99,289,6.1,19.1,0,5,8,10.2,19.1,2,5,6,3.51,3.15,3.08,3.12,43.1,7,37.8,30.1,24.1,4.7,13.2,27.5,2,3.6,2.06,5.8,23.6,80,1,6,3,3,7,7,18,26,29,16.2,,,,77,5.2,5.17,23.6,65.8,27.7,0,6.4,0,"Cal Raleigh",-0.8922917741010253,24.3,5.7,3.3,18,3,0,0,5.04,6.28,3.8,3.51,39.8,15.7,34.9,37.3,29.8,15.2,14.4,29.4,8,5.6,3.72,4.6,18.8,79,11,6,1,6,4.3,6,23,25,21,37.7,,,,82,4.2,4.99,18.8,56.1,13.3,0,16.5,0,"Salvador Perez",-5.446891967036546,23.0,5.4,6.0,21,4.3,0,0,0.306,0.325,0.15,0.277,38,8.8,73.9,23.5,21.8,73.9,26.1,20.1,38.3,33.3,29,34.4,0.315,0.315,0.151,0.297,41.8,7.3,78.7,21.6,20.5,78.7,21.3,16.4,30.1,23.5,25.3,38.5,-0.61,-1.53,-3.13,-0.025,0.01,-1.7,-0.2,0,-0.02,0,-4.1,,6,7,"away","Final",0,,,"fastball",65.8,"slider",27.7,,3.389830508474576,13.793103448275863,"fastball",56.1,"changeup",16.5,,4.202127659574468,17.17391304347826,76.66666666666667,"Extra Rest",96.33333333333333,"Extra Rest","R","L",6.1,19.1,10.2,19.1,0,4923.333333333333,1000,0,5712.222222222223,965.5555555555555,0,,,,,,,,,23,24,25.6,32.7,118,83,96
"823146","2026-05-01","Carter Jensen","Kansas City Royals",5,"R","DH",0.245,0.327,0.457,0.784,0.343,0.212,107,23,2,0,6,28,10.3,0.25,0.732,0.375,9,6,1,0.738,0.783,0.435,0.446,29.9,23.6,70.2,70.2,29.8,,"Bryan Woo","R",0.247,0.212,0.396,0.294,"9:45 PM ET","Seattle Mariners","Kansas City Royals","T-Mobile Park","Bryan Woo",4.23,1.07,24.1,4.7,7,6,"104.1",102,18,5.80,,,,,"Cole Ragans",4.84,1.42,29.8,15.2,1,4,"35.1",45,8,4.42,,,,,3.52,"Moderada",19.1,5.22,"Alta",19.1,4.1,0.691,0.311,0.38,24.2,4.3,0.716,0.318,0.398,21.3,20,50,10,0,1013,0,"Cielo Despejado",20,0.239,0.717,0.318,0.399,4.5,86,0.208,0.621,0.293,0.328,4.5,26,0.245,0.717,0.319,0.398,4.5,67,0.253,0.714,0.316,0.398,4.5,28,6,53,230,6,99,289,6.1,19.1,0,5,8,10.2,19.1,2,5,6,3.51,3.15,3.08,3.12,43.1,7,37.8,30.1,24.1,4.7,13.2,27.5,2,3.6,2.06,5.8,23.6,80,1,6,3,3,7,7,18,26,29,16.2,,,,77,5.2,5.17,23.6,65.8,27.7,0,6.4,0,"Cal Raleigh",-0.8922917741010253,24.3,5.7,3.3,18,3,0,0,5.04,6.28,3.8,3.51,39.8,15.7,34.9,37.3,29.8,15.2,14.4,29.4,8,5.6,3.72,4.6,18.8,79,11,6,1,6,4.3,6,23,25,21,37.7,,,,82,4.2,4.99,18.8,56.1,13.3,0,16.5,0,"Salvador Perez",-5.446891967036546,23.0,5.4,6.0,21,4.3,0,0,0.306,0.325,0.15,0.277,38,8.8,73.9,23.5,21.8,73.9,26.1,20.1,38.3,33.3,29,34.4,0.315,0.315,0.151,0.297,41.8,7.3,78.7,21.6,20.5,78.7,21.3,16.4,30.1,23.5,25.3,38.5,-0.61,-1.53,-3.13,-0.025,0.01,-1.7,-0.2,0,-0.02,0,-4.1,,6,7,"away","Final",0,,,"fastball",65.8,"slider",27.7,,3.389830508474576,13.793103448275863,"fastball",56.1,"changeup",16.5,,4.202127659574468,17.17391304347826,76.66666666666667,"Extra Rest",96.33333333333333,"Extra Rest","R","L",6.1,19.1,10.2,19.1,0,4923.333333333333,1000,0,5712.222222222223,965.5555555555555,0,,,,,,,,,23,24,25.6,32.7,118,83,96
"823146","2026-05-01","Lane Thomas","Kansas City Royals",6,"R","RF",0.246,0.387,0.311,0.698,0.326,0.065,75,15,1,0,1,17.3,17.3,0.316,0.954,0.474,9,6,1,0.671,0.799,0.362,0.427,23.5,20.7,78.5,78.5,21.5,,"Bryan Woo","R",0.247,0.212,0.396,0.294,"9:45 PM ET","Seattle Mariners","Kansas City Royals","T-Mobile Park","Bryan Woo",4.23,1.07,24.1,4.7,7,6,"104.1",102,18,5.80,,,,,"Cole Ragans",4.84,1.42,29.8,15.2,1,4,"35.1",45,8,4.42,,,,,3.52,"Moderada",19.1,5.22,"Alta",19.1,4.1,0.691,0.311,0.38,24.2,4.3,0.716,0.318,0.398,21.3,20,50,10,0,1013,0,"Cielo Despejado",20,0.239,0.717,0.318,0.399,4.5,86,0.208,0.621,0.293,0.328,4.5,26,0.245,0.717,0.319,0.398,4.5,67,0.253,0.714,0.316,0.398,4.5,28,6,53,230,6,99,289,6.1,19.1,0,5,8,10.2,19.1,2,5,6,3.51,3.15,3.08,3.12,43.1,7,37.8,30.1,24.1,4.7,13.2,27.5,2,3.6,2.06,5.8,23.6,80,1,6,3,3,7,7,18,26,29,16.2,,,,77,5.2,5.17,23.6,65.8,27.7,0,6.4,0,"Cal Raleigh",-0.8922917741010253,24.3,5.7,3.3,18,3,0,0,5.04,6.28,3.8,3.51,39.8,15.7,34.9,37.3,29.8,15.2,14.4,29.4,8,5.6,3.72,4.6,18.8,79,11,6,1,6,4.3,6,23,25,21,37.7,,,,82,4.2,4.99,18.8,56.1,13.3,0,16.5,0,"Salvador Perez",-5.446891967036546,23.0,5.4,6.0,21,4.3,0,0,0.306,0.325,0.15,0.277,38,8.8,73.9,23.5,21.8,73.9,26.1,20.1,38.3,33.3,29,34.4,0.315,0.315,0.151,0.297,41.8,7.3,78.7,21.6,20.5,78.7,21.3,16.4,30.1,23.5,25.3,38.5,-0.61,-1.53,-3.13,-0.025,0.01,-1.7,-0.2,0,-0.02,0,-4.1,,6,7,"away","Final",0,,,"fastball",65.8,"slider",27.7,,3.389830508474576,13.793103448275863,"fastball",56.1,"changeup",16.5,,4.202127659574468,17.17391304347826,76.66666666666667,"Extra Rest",96.33333333333333,"Extra Rest","R","L",6.1,19.1,10.2,19.1,0,4923.333333333333,1000,0,5712.222222222223,965.5555555555555,0,,,,,,,,,23,24,25.6,32.7,118,83,96
"823146","2026-05-01","Isaac Collins","Kansas City Royals",7,"R","LF",0.217,0.33,0.313,0.643,0.295,0.096,97,18,2,0,2,29.9,12.4,0.261,0.824,0.391,9,6,1,0.73,0.615,0.351,0.337,23.2,21.4,77.8,77.8,22.2,,"Bryan Woo","R",0.247,0.212,0.396,0.294,"9:45 PM ET","Seattle Mariners","Kansas City Royals","T-Mobile Park","Bryan Woo",4.23,1.07,24.1,4.7,7,6,"104.1",102,18,5.80,,,,,"Cole Ragans",4.84,1.42,29.8,15.2,1,4,"35.1",45,8,4.42,,,,,3.52,"Moderada",19.1,5.22,"Alta",19.1,4.1,0.691,0.311,0.38,24.2,4.3,0.716,0.318,0.398,21.3,20,50,10,0,1013,0,"Cielo Despejado",20,0.239,0.717,0.318,0.399,4.5,86,0.208,0.621,0.293,0.328,4.5,26,0.245,0.717,0.319,0.398,4.5,67,0.253,0.714,0.316,0.398,4.5,28,6,53,230,6,99,289,6.1,19.1,0,5,8,10.2,19.1,2,5,6,3.51,3.15,3.08,3.12,43.1,7,37.8,30.1,24.1,4.7,13.2,27.5,2,3.6,2.06,5.8,23.6,80,1,6,3,3,7,7,18,26,29,16.2,,,,77,5.2,5.17,23.6,65.8,27.7,0,6.4,0,"Cal Raleigh",-0.8922917741010253,24.3,5.7,3.3,18,3,0,0,5.04,6.28,3.8,3.51,39.8,15.7,34.9,37.3,29.8,15.2,14.4,29.4,8,5.6,3.72,4.6,18.8,79,11,6,1,6,4.3,6,23,25,21,37.7,,,,82,4.2,4.99,18.8,56.1,13.3,0,16.5,0,"Salvador Perez",-5.446891967036546,23.0,5.4,6.0,21,4.3,0,0,0.306,0.325,0.15,0.277,38,8.8,73.9,23.5,21.8,73.9,26.1,20.1,38.3,33.3,29,34.4,0.315,0.315,0.151,0.297,41.8,7.3,78.7,21.6,20.5,78.7,21.3,16.4,30.1,23.5,25.3,38.5,-0.61,-1.53,-3.13,-0.025,0.01,-1.7,-0.2,0,-0.02,0,-4.1,,6,7,"away","Final",0,,,"fastball",65.8,"slider",27.7,,3.389830508474576,13.793103448275863,"fastball",56.1,"changeup",16.5,,4.202127659574468,17.17391304347826,76.66666666666667,"Extra Rest",96.33333333333333,"Extra Rest","R","L",6.1,19.1,10.2,19.1,0,4923.333333333333,1000,0,5712.222222222223,965.5555555555555,0,,,,,,,,,23,24,25.6,32.7,118,83,96
"823146","2026-05-01","Michael Massey","Kansas City Royals",8,"R","2B",0.222,0.254,0.37,0.624,0.275,0.148,59,12,5,0,1,22,5.1,0.238,0.637,0.333,7,5,2,0.761,0.614,0.45,0.354,14.1,27.5,79.8,79.8,20.2,,"Bryan Woo","R",0.247,0.212,0.396,0.294,"9:45 PM ET","Seattle Mariners","Kansas City Royals","T-Mobile Park","Bryan Woo",4.23,1.07,24.1,4.7,7,6,"104.1",102,18,5.80,,,,,"Cole Ragans",4.84,1.42,29.8,15.2,1,4,"35.1",45,8,4.42,,,,,3.52,"Moderada",19.1,5.22,"Alta",19.1,4.1,0.691,0.311,0.38,24.2,4.3,0.716,0.318,0.398,21.3,20,50,10,0,1013,0,"Cielo Despejado",20,0.239,0.717,0.318,0.399,4.5,86,0.208,0.621,0.293,0.328,4.5,26,0.245,0.717,0.319,0.398,4.5,67,0.253,0.714,0.316,0.398,4.5,28,6,53,230,6,99,289,6.1,19.1,0,5,8,10.2,19.1,2,5,6,3.51,3.15,3.08,3.12,43.1,7,37.8,30.1,24.1,4.7,13.2,27.5,2,3.6,2.06,5.8,23.6,80,1,6,3,3,7,7,18,26,29,16.2,,,,77,5.2,5.17,23.6,65.8,27.7,0,6.4,0,"Cal Raleigh",-0.8922917741010253,24.3,5.7,3.3,18,3,0,0,5.04,6.28,3.8,3.51,39.8,15.7,34.9,37.3,29.8,15.2,14.4,29.4,8,5.6,3.72,4.6,18.8,79,11,6,1,6,4.3,6,23,25,21,37.7,,,,82,4.2,4.99,18.8,56.1,13.3,0,16.5,0,"Salvador Perez",-5.446891967036546,23.0,5.4,6.0,21,4.3,0,0,0.306,0.325,0.15,0.277,38,8.8,73.9,23.5,21.8,73.9,26.1,20.1,38.3,33.3,29,34.4,0.315,0.315,0.151,0.297,41.8,7.3,78.7,21.6,20.5,78.7,21.3,16.4,30.1,23.5,25.3,38.5,-0.61,-1.53,-3.13,-0.025,0.01,-1.7,-0.2,0,-0.02,0,-4.1,,6,7,"away","Final",0,,,"fastball",65.8,"slider",27.7,,3.389830508474576,13.793103448275863,"fastball",56.1,"changeup",16.5,,4.202127659574468,17.17391304347826,76.66666666666667,"Extra Rest",96.33333333333333,"Extra Rest","R","L",6.1,19.1,10.2,19.1,0,4923.333333333333,1000,0,5712.222222222223,965.5555555555555,0,,,,,,,,,23,24,25.6,32.7,118,83,96
"823146","2026-05-01","Kyle Isbel","Kansas City Royals",9,"R","CF",0.276,0.337,0.434,0.771,0.338,0.158,87,21,3,0,3,23,4.6,0.348,0.965,0.565,13,8,3,0.721,0.377,0.392,0.206,22.4,22.2,81.4,81.4,18.6,,"Bryan Woo","R",0.247,0.212,0.396,0.294,"9:45 PM ET","Seattle Mariners","Kansas City Royals","T-Mobile Park","Bryan Woo",4.23,1.07,24.1,4.7,7,6,"104.1",102,18,5.80,,,,,"Cole Ragans",4.84,1.42,29.8,15.2,1,4,"35.1",45,8,4.42,,,,,3.52,"Moderada",19.1,5.22,"Alta",19.1,4.1,0.691,0.311,0.38,24.2,4.3,0.716,0.318,0.398,21.3,20,50,10,0,1013,0,"Cielo Despejado",20,0.239,0.717,0.318,0.399,4.5,86,0.208,0.621,0.293,0.328,4.5,26,0.245,0.717,0.319,0.398,4.5,67,0.253,0.714,0.316,0.398,4.5,28,6,53,230,6,99,289,6.1,19.1,0,5,8,10.2,19.1,2,5,6,3.51,3.15,3.08,3.12,43.1,7,37.8,30.1,24.1,4.7,13.2,27.5,2,3.6,2.06,5.8,23.6,80,1,6,3,3,7,7,18,26,29,16.2,,,,77,5.2,5.17,23.6,65.8,27.7,0,6.4,0,"Cal Raleigh",-0.8922917741010253,24.3,5.7,3.3,18,3,0,0,5.04,6.28,3.8,3.51,39.8,15.7,34.9,37.3,29.8,15.2,14.4,29.4,8,5.6,3.72,4.6,18.8,79,11,6,1,6,4.3,6,23,25,21,37.7,,,,82,4.2,4.99,18.8,56.1,13.3,0,16.5,0,"Salvador Perez",-5.446891967036546,23.0,5.4,6.0,21,4.3,0,0,0.306,0.325,0.15,0.277,38,8.8,73.9,23.5,21.8,73.9,26.1,20.1,38.3,33.3,29,34.4,0.315,0.315,0.151,0.297,41.8,7.3,78.7,21.6,20.5,78.7,21.3,16.4,30.1,23.5,25.3,38.5,-0.61,-1.53,-3.13,-0.025,0.01,-1.7,-0.2,0,-0.02,0,-4.1,,6,7,"away","Final",0,,,"fastball",65.8,"slider",27.7,,3.389830508474576,13.793103448275863,"fastball",56.1,"changeup",16.5,,4.202127659574468,17.17391304347826,76.66666666666667,"Extra Rest",96.33333333333333,"Extra Rest","R","L",6.1,19.1,10.2,19.1,0,4923.333333333333,1000,0,5712.222222222223,965.5555555555555,0,,,,,,,,,23,24,25.6,32.7,118,83,96
"823309","2026-05-01","Ramón Laureano","San Diego Padres",1,"R","LF",0.243,0.306,0.423,0.729,0.319,0.18,124,27,4,2,4,29,8.1,0.231,0.641,0.308,8,6,1,0.714,0.516,0.409,0.28,33.1,27.3,69.1,69.1,30.9,,"Noah Schultz","L",0.156,0.243,0.219,0.479,"9:40 PM ET","San Diego Padres","Chicago White Sox","Petco Park","Germán Márquez",5.02,1.43,14.9,11.2,4,2,"37.2",24,8,4.71,,,,,"Noah Schultz",6,1.42,20.5,13.8,2,6,"48.0",43,10,4.80,,,,,3.7,"Moderada",16.1,4.06,"Moderada",32.1,3.9,0.671,0.3,0.371,21.4,4.7,0.727,0.318,0.409,23.2,20,50,10,0,1013,0,"Cielo Despejado",20,0.223,0.675,0.302,0.373,4.5,81,0.232,0.661,0.295,0.366,4.5,16,0.241,0.728,0.32,0.408,4.5,86,0.234,0.721,0.312,0.409,4.5,39,6,75,249,6,85,249,7.2,16.1,0,4,8,6.1,32.1,0,3,8,5.63,6.2,4.92,5.22,44.1,9.3,34.7,34.7,14.9,11.2,9.4,23.9,2,3.4,1.62,4.9,21,81,2,5,5,6,5.7,5,26,20,20,14.2,,,,83,5,3.76,21,50.300000000000004,11.3,35.1,0,0,"Freddy Fermin",1.5475394870617158,22.0,5.6,4.0,20,5,0,0,6.05,5.43,4.59,4.85,37.6,12,36.1,27.8,20.5,13.8,9.5,27.7,2,6,1.63,5.1,21,83,8,6,4,6,5,4.3,25,18,20,9.1,,,,84,5,4.83,21,68.7,22.1,0,9.1,0,"Drew Romo",0.5628396050944727,21.0,5.1,6.0,18,4.3,0,0,0.296,0.29,0.146,0.271,36.4,7.5,72.9,22.5,22.5,72.9,27.1,21.3,35.5,32.4,35.2,44.5,0.319,0.321,0.17,0.287,39.5,9.3,74.3,23.3,23.2,74.3,25.7,21.5,31.6,23.8,30.3,31.6,-0.98,-0.42,0.77,-0.056,-0.031,-0.36,-0.8,0,0.11,0,1.1,,2,8,"away","Final",0,,,"fastball",50.300000000000004,"curve",35.1,,3.857142857142857,16.53061224489796,"fastball",68.7,"slider",22.1,,3.9523809523809526,16.27450980392157,83,"Extra Rest",83,"Extra Rest","R","L",7.2,16.1,6.1,32.1,0,5073.333333333333,861.1111111111111,0,5314.444444444444,1383.3333333333333,0,,,,,,,,,14,18.6,16.2,21,102,94,106
"823309","2026-05-01","Fernando Tatis Jr.","San Diego Padres",2,"R","2B",0.27,0.343,0.322,0.665,0.303,0.052,135,31,4,1,0,23.7,10.4,0.207,0.465,0.207,6,6,0,0.695,0.861,0.357,0.493,19.3,26.3,71.3,71.3,28.7,,"Noah Schultz","L",0.156,0.243,0.219,0.479,"9:40 PM ET","San Diego Padres","Chicago White Sox","Petco Park","Germán Márquez",5.02,1.43,14.9,11.2,4,2,"37.2",24,8,4.71,,,,,"Noah Schultz",6,1.42,20.5,13.8,2,6,"48.0",43,10,4.80,,,,,3.7,"Moderada",16.1,4.06,"Moderada",32.1,3.9,0.671,0.3,0.371,21.4,4.7,0.727,0.318,0.409,23.2,20,50,10,0,1013,0,"Cielo Despejado",20,0.223,0.675,0.302,0.373,4.5,81,0.232,0.661,0.295,0.366,4.5,16,0.241,0.728,0.32,0.408,4.5,86,0.234,0.721,0.312,0.409,4.5,39,6,75,249,6,85,249,7.2,16.1,0,4,8,6.1,32.1,0,3,8,5.63,6.2,4.92,5.22,44.1,9.3,34.7,34.7,14.9,11.2,9.4,23.9,2,3.4,1.62,4.9,21,81,2,5,5,6,5.7,5,26,20,20,14.2,,,,83,5,3.76,21,50.300000000000004,11.3,35.1,0,0,"Freddy Fermin",1.5475394870617158,22.0,5.6,4.0,20,5,0,0,6.05,5.43,4.59,4.85,37.6,12,36.1,27.8,20.5,13.8,9.5,27.7,2,6,1.63,5.1,21,83,8,6,4,6,5,4.3,25,18,20,9.1,,,,84,5,4.83,21,68.7,22.1,0,9.1,0,"Drew Romo",0.5628396050944727,21.0,5.1,6.0,18,4.3,0,0,0.296,0.29,0.146,0.271,36.4,7.5,72.9,22.5,22.5,72.9,27.1,21.3,35.5,32.4,35.2,44.5,0.319,0.321,0.17,0.287,39.5,9.3,74.3,23.3,23.2,74.3,25.7,21.5,31.6,23.8,30.3,31.6,-0.98,-0.42,0.77,-0.056,-0.031,-0.36,-0.8,0,0.11,0,1.1,,2,8,"away","Final",0,,,"fastball",50.300000000000004,"curve",35.1,,3.857142857142857,16.53061224489796,"fastball",68.7,"slider",22.1,,3.9523809523809526,16.27450980392157,83,"Extra Rest",83,"Extra Rest","R","L",7.2,16.1,6.1,32.1,0,5073.333333333333,861.1111111111111,0,5314.444444444444,1383.3333333333333,0,,,,,,,,,14,18.6,16.2,21,102,94,106
"823309","2026-05-01","Miguel Andujar","San Diego Padres",3,"R","DH",0.31,0.347,0.465,0.812,0.35,0.155,75,22,6,1,1,17.3,4,0.308,0.871,0.538,14,8,4,0.723,0.719,0.435,0.394,16.9,14.3,80.6,80.6,19.4,,"Noah Schultz","L",0.156,0.243,0.219,0.479,"9:40 PM ET","San Diego Padres","Chicago White Sox","Petco Park","Germán Márquez",5.02,1.43,14.9,11.2,4,2,"37.2",24,8,4.71,,,,,"Noah Schultz",6,1.42,20.5,13.8,2,6,"48.0",43,10,4.80,,,,,3.7,"Moderada",16.1,4.06,"Moderada",32.1,3.9,0.671,0.3,0.371,21.4,4.7,0.727,0.318,0.409,23.2,20,50,10,0,1013,0,"Cielo Despejado",20,0.223,0.675,0.302,0.373,4.5,81,0.232,0.661,0.295,0.366,4.5,16,0.241,0.728,0.32,0.408,4.5,86,0.234,0.721,0.312,0.409,4.5,39,6,75,249,6,85,249,7.2,16.1,0,4,8,6.1,32.1,0,3,8,5.63,6.2,4.92,5.22,44.1,9.3,34.7,34.7,14.9,11.2,9.4,23.9,2,3.4,1.62,4.9,21,81,2,5,5,6,5.7,5,26,20,20,14.2,,,,83,5,3.76,21,50.300000000000004,11.3,35.1,0,0,"Freddy Fermin",1.5475394870617158,22.0,5.6,4.0,20,5,0,0,6.05,5.43,4.59,4.85,37.6,12,36.1,27.8,20.5,13.8,9.5,27.7,2,6,1.63,5.1,21,83,8,6,4,6,5,4.3,25,18,20,9.1,,,,84,5,4.83,21,68.7,22.1,0,9.1,0,"Drew Romo",0.5628396050944727,21.0,5.1,6.0,18,4.3,0,0,0.296,0.29,0.146,0.271,36.4,7.5,72.9,22.5,22.5,72.9,27.1,21.3,35.5,32.4,35.2,44.5,0.319,0.321,0.17,0.287,39.5,9.3,74.3,23.3,23.2,74.3,25.7,21.5,31.6,23.8,30.3,31.6,-0.98,-0.42,0.77,-0.056,-0.031,-0.36,-0.8,0,0.11,0,1.1,,2,8,"away","Final",0,,,"fastball",50.300000000000004,"curve",35.1,,3.857142857142857,16.53061224489796,"fastball",68.7,"slider",22.1,,3.9523809523809526,16.27450980392157,83,"Extra Rest",83,"Extra Rest","R","L",7.2,16.1,6.1,32.1,0,5073.333333333333,861.1111111111111,0,5314.444444444444,1383.3333333333333,0,,,,,,,,,14,18.6,16.2,21,102,94,106
"823309","2026-05-01","Manny Machado","San Diego Padres",4,"R","3B",0.225,0.336,0.382,0.718,0.32,0.157,122,23,4,0,4,19.7,14.8,0.31,0.919,0.586,17,9,4,0.669,0.799,0.393,0.488,24,17.8,73.2,73.2,26.8,,"Noah Schultz","L",0.156,0.243,0.219,0.479,"9:40 PM ET","San Diego Padres","Chicago White Sox","Petco Park","Germán Márquez",5.02,1.43,14.9,11.2,4,2,"37.2",24,8,4.71,,,,,"Noah Schultz",6,1.42,20.5,13.8,2,6,"48.0",43,10,4.80,,,,,3.7,"Moderada",16.1,4.06,"Moderada",32.1,3.9,0.671,0.3,0.371,21.4,4.7,0.727,0.318,0.409,23.2,20,50,10,0,1013,0,"Cielo Despejado",20,0.223,0.675,0.302,0.373,4.5,81,0.232,0.661,0.295,0.366,4.5,16,0.241,0.728,0.32,0.408,4.5,86,0.234,0.721,0.312,0.409,4.5,39,6,75,249,6,85,249,7.2,16.1,0,4,8,6.1,32.1,0,3,8,5.63,6.2,4.92,5.22,44.1,9.3,34.7,34.7,14.9,11.2,9.4,23.9,2,3.4,1.62,4.9,21,81,2,5,5,6,5.7,5,26,20,20,14.2,,,,83,5,3.76,21,50.300000000000004,11.3,35.1,0,0,"Freddy Fermin",1.5475394870617158,22.0,5.6,4.0,20,5,0,0,6.05,5.43,4.59,4.85,37.6,12,36.1,27.8,20.5,13.8,9.5,27.7,2,6,1.63,5.1,21,83,8,6,4,6,5,4.3,25,18,20,9.1,,,,84,5,4.83,21,68.7,22.1,0,9.1,0,"Drew Romo",0.5628396050944727,21.0,5.1,6.0,18,4.3,0,0,0.296,0.29,0.146,0.271,36.4,7.5,72.9,22.5,22.5,72.9,27.1,21.3,35.5,32.4,35.2,44.5,0.319,0.321,0.17,0.287,39.5,9.3,74.3,23.3,23.2,74.3,25.7,21.5,31.6,23.8,30.3,31.6,-0.98,-0.42,0.77,-0.056,-0.031,-0.36,-0.8,0,0.11,0,1.1,,2,8,"away","Final",0,,,"fastball",50.300000000000004,"curve",35.1,,3.857142857142857,16.53061224489796,"fastball",68.7,"slider",22.1,,3.9523809523809526,16.27450980392157,83,"Extra Rest",83,"Extra Rest","R","L",7.2,16.1,6.1,32.1,0,5073.333333333333,861.1111111111111,0,5314.444444444444,1383.3333333333333,0,,,,,,,,,14,18.6,16.2,21,102,94,106
"823309","2026-05-01","Xander Bogaerts","San Diego Padres",5,"R","SS",0.268,0.349,0.42,0.769,0.338,0.152,126,30,2,0,5,14.3,11.1,0.308,0.938,0.538,14,8,2,0.645,0.632,0.329,0.319,21.2,11.3,77.1,77.1,22.9,,"Noah Schultz","L",0.156,0.243,0.219,0.479,"9:40 PM ET","San Diego Padres","Chicago White Sox","Petco Park","Germán Márquez",5.02,1.43,14.9,11.2,4,2,"37.2",24,8,4.71,,,,,"Noah Schultz",6,1.42,20.5,13.8,2,6,"48.0",43,10,4.80,,,,,3.7,"Moderada",16.1,4.06,"Moderada",32.1,3.9,0.671,0.3,0.371,21.4,4.7,0.727,0.318,0.409,23.2,20,50,10,0,1013,0,"Cielo Despejado",20,0.223,0.675,0.302,0.373,4.5,81,0.232,0.661,0.295,0.366,4.5,16,0.241,0.728,0.32,0.408,4.5,86,0.234,0.721,0.312,0.409,4.5,39,6,75,249,6,85,249,7.2,16.1,0,4,8,6.1,32.1,0,3,8,5.63,6.2,4.92,5.22,44.1,9.3,34.7,34.7,14.9,11.2,9.4,23.9,2,3.4,1.62,4.9,21,81,2,5,5,6,5.7,5,26,20,20,14.2,,,,83,5,3.76,21,50.300000000000004,11.3,35.1,0,0,"Freddy Fermin",1.5475394870617158,22.0,5.6,4.0,20,5,0,0,6.05,5.43,4.59,4.85,37.6,12,36.1,27.8,20.5,13.8,9.5,27.7,2,6,1.63,5.1,21,83,8,6,4,6,5,4.3,25,18,20,9.1,,,,84,5,4.83,21,68.7,22.1,0,9.1,0,"Drew Romo",0.5628396050944727,21.0,5.1,6.0,18,4.3,0,0,0.296,0.29,0.146,0.271,36.4,7.5,72.9,22.5,22.5,72.9,27.1,21.3,35.5,32.4,35.2,44.5,0.319,0.321,0.17,0.287,39.5,9.3,74.3,23.3,23.2,74.3,25.7,21.5,31.6,23.8,30.3,31.6,-0.98,-0.42,0.77,-0.056,-0.031,-0.36,-0.8,0,0.11,0,1.1,,2,8,"away","Final",0,,,"fastball",50.300000000000004,"curve",35.1,,3.857142857142857,16.53061224489796,"fastball",68.7,"slider",22.1,,3.9523809523809526,16.27450980392157,83,"Extra Rest",83,"Extra Rest","R","L",7.2,16.1,6.1,32.1,0,5073.333333333333,861.1111111111111,0,5314.444444444444,1383.3333333333333,0,,,,,,,,,14,18.6,16.2,21,102,94,106
"823309","2026-05-01","Ty France","San Diego Padres",6,"R","1B",0.265,0.308,0.531,0.839,0.356,0.266,52,13,2,1,3,7.7,3.8,0.333,1.201,0.833,15,6,4,0.722,0.905,0.445,0.517,24.8,25.4,71.2,71.2,28.8,,"Noah Schultz","L",0.156,0.243,0.219,0.479,"9:40 PM ET","San Diego Padres","Chicago White Sox","Petco Park","Germán Márquez",5.02,1.43,14.9,11.2,4,2,"37.2",24,8,4.71,,,,,"Noah Schultz",6,1.42,20.5,13.8,2,6,"48.0",43,10,4.80,,,,,3.7,"Moderada",16.1,4.06,"Moderada",32.1,3.9,0.671,0.3,0.371,21.4,4.7,0.727,0.318,0.409,23.2,20,50,10,0,1013,0,"Cielo Despejado",20,0.223,0.675,0.302,0.373,4.5,81,0.232,0.661,0.295,0.366,4.5,16,0.241,0.728,0.32,0.408,4.5,86,0.234,0.721,0.312,0.409,4.5,39,6,75,249,6,85,249,7.2,16.1,0,4,8,6.1,32.1,0,3,8,5.63,6.2,4.92,5.22,44.1,9.3,34.7,34.7,14.9,11.2,9.4,23.9,2,3.4,1.62,4.9,21,81,2,5,5,6,5.7,5,26,20,20,14.2,,,,83,5,3.76,21,50.300000000000004,11.3,35.1,0,0,"Freddy Fermin",1.5475394870617158,22.0,5.6,4.0,20,5,0,0,6.05,5.43,4.59,4.85,37.6,12,36.1,27.8,20.5,13.8,9.5,27.7,2,6,1.63,5.1,21,83,8,6,4,6,5,4.3,25,18,20,9.1,,,,84,5,4.83,21,68.7,22.1,0,9.1,0,"Drew Romo",0.5628396050944727,21.0,5.1,6.0,18,4.3,0,0,0.296,0.29,0.146,0.271,36.4,7.5,72.9,22.5,22.5,72.9,27.1,21.3,35.5,32.4,35.2,44.5,0.319,0.321,0.17,0.287,39.5,9.3,74.3,23.3,23.2,74.3,25.7,21.5,31.6,23.8,30.3,31.6,-0.98,-0.42,0.77,-0.056,-0.031,-0.36,-0.8,0,0.11,0,1.1,,2,8,"away","Final",0,,,"fastball",50.300000000000004,"curve",35.1,,3.857142857142857,16.53061224489796,"fastball",68.7,"slider",22.1,,3.9523809523809526,16.27450980392157,83,"Extra Rest",83,"Extra Rest","R","L",7.2,16.1,6.1,32.1,0,5073.333333333333,861.1111111111111,0,5314.444444444444,1383.3333333333333,0,,,,,,,,,14,18.6,16.2,21,102,94,106
"823309","2026-05-01","Nick Castellanos","San Diego Padres",7,"R","RF",0.153,0.206,0.254,0.46,0.198,0.101,63,9,3,0,1,27,6.3,0.1,0.393,0.25,5,2,1,0.581,0.509,0.354,0.303,28.4,26.5,69.7,69.7,30.3,,"Noah Schultz","L",0.156,0.243,0.219,0.479,"9:40 PM ET","San Diego Padres","Chicago White Sox","Petco Park","Germán Márquez",5.02,1.43,14.9,11.2,4,2,"37.2",24,8,4.71,,,,,"Noah Schultz",6,1.42,20.5,13.8,2,6,"48.0",43,10,4.80,,,,,3.7,"Moderada",16.1,4.06,"Moderada",32.1,3.9,0.671,0.3,0.371,21.4,4.7,0.727,0.318,0.409,23.2,20,50,10,0,1013,0,"Cielo Despejado",20,0.223,0.675,0.302,0.373,4.5,81,0.232,0.661,0.295,0.366,4.5,16,0.241,0.728,0.32,0.408,4.5,86,0.234,0.721,0.312,0.409,4.5,39,6,75,249,6,85,249,7.2,16.1,0,4,8,6.1,32.1,0,3,8,5.63,6.2,4.92,5.22,44.1,9.3,34.7,34.7,14.9,11.2,9.4,23.9,2,3.4,1.62,4.9,21,81,2,5,5,6,5.7,5,26,20,20,14.2,,,,83,5,3.76,21,50.300000000000004,11.3,35.1,0,0,"Freddy Fermin",1.5475394870617158,22.0,5.6,4.0,20,5,0,0,6.05,5.43,4.59,4.85,37.6,12,36.1,27.8,20.5,13.8,9.5,27.7,2,6,1.63,5.1,21,83,8,6,4,6,5,4.3,25,18,20,9.1,,,,84,5,4.83,21,68.7,22.1,0,9.1,0,"Drew Romo",0.5628396050944727,21.0,5.1,6.0,18,4.3,0,0,0.296,0.29,0.146,0.271,36.4,7.5,72.9,22.5,22.5,72.9,27.1,21.3,35.5,32.4,35.2,44.5,0.319,0.321,0.17,0.287,39.5,9.3,74.3,23.3,23.2,74.3,25.7,21.5,31.6,23.8,30.3,31.6,-0.98,-0.42,0.77,-0.056,-0.031,-0.36,-0.8,0,0.11,0,1.1,,2,8,"away","Final",0,,,"fastball",50.300000000000004,"curve",35.1,,3.857142857142857,16.53061224489796,"fastball",68.7,"slider",22.1,,3.9523809523809526,16.27450980392157,83,"Extra Rest",83,"Extra Rest","R","L",7.2,16.1,6.1,32.1,0,5073.333333333333,861.1111111111111,0,5314.444444444444,1383.3333333333333,0,,,,,,,,,14,18.6,16.2,21,102,94,106
"823309","2026-05-01","Freddy Fermin","San Diego Padres",8,"R","C",0.176,0.29,0.255,0.545,0.261,0.079,62,9,4,0,0,22.6,11.3,0.143,0.464,0.214,3,2,1,0.409,0.847,0.184,0.514,21.3,15,73.6,73.6,26.4,,"Noah Schultz","L",0.156,0.243,0.219,0.479,"9:40 PM ET","San Diego Padres","Chicago White Sox","Petco Park","Germán Márquez",5.02,1.43,14.9,11.2,4,2,"37.2",24,8,4.71,,,,,"Noah Schultz",6,1.42,20.5,13.8,2,6,"48.0",43,10,4.80,,,,,3.7,"Moderada",16.1,4.06,"Moderada",32.1,3.9,0.671,0.3,0.371,21.4,4.7,0.727,0.318,0.409,23.2,20,50,10,0,1013,0,"Cielo Despejado",20,0.223,0.675,0.302,0.373,4.5,81,0.232,0.661,0.295,0.366,4.5,16,0.241,0.728,0.32,0.408,4.5,86,0.234,0.721,0.312,0.409,4.5,39,6,75,249,6,85,249,7.2,16.1,0,4,8,6.1,32.1,0,3,8,5.63,6.2,4.92,5.22,44.1,9.3,34.7,34.7,14.9,11.2,9.4,23.9,2,3.4,1.62,4.9,21,81,2,5,5,6,5.7,5,26,20,20,14.2,,,,83,5,3.76,21,50.300000000000004,11.3,35.1,0,0,"Freddy Fermin",1.5475394870617158,22.0,5.6,4.0,20,5,0,0,6.05,5.43,4.59,4.85,37.6,12,36.1,27.8,20.5,13.8,9.5,27.7,2,6,1.63,5.1,21,83,8,6,4,6,5,4.3,25,18,20,9.1,,,,84,5,4.83,21,68.7,22.1,0,9.1,0,"Drew Romo",0.5628396050944727,21.0,5.1,6.0,18,4.3,0,0,0.296,0.29,0.146,0.271,36.4,7.5,72.9,22.5,22.5,72.9,27.1,21.3,35.5,32.4,35.2,44.5,0.319,0.321,0.17,0.287,39.5,9.3,74.3,23.3,23.2,74.3,25.7,21.5,31.6,23.8,30.3,31.6,-0.98,-0.42,0.77,-0.056,-0.031,-0.36,-0.8,0,0.11,0,1.1,,2,8,"away","Final",0,,,"fastball",50.300000000000004,"curve",35.1,,3.857142857142857,16.53061224489796,"fastball",68.7,"slider",22.1,,3.9523809523809526,16.27450980392157,83,"Extra Rest",83,"Extra Rest","R","L",7.2,16.1,6.1,32.1,0,5073.333333333333,861.1111111111111,0,5314.444444444444,1383.3333333333333,0,,,,,,,,,14,18.6,16.2,21,102,94,106
"823309","2026-05-01","Bryce Johnson","San Diego Padres",9,"R","CF",0.217,0.28,0.304,0.584,0.261,0.087,26,5,2,0,0,38.5,7.7,0.333,0.75,0.417,5,4,1,0.589,0.077,0.303,0,36.1,38.5,70.6,70.6,29.4,,"Noah Schultz","L",0.156,0.243,0.219,0.479,"9:40 PM ET","San Diego Padres","Chicago White Sox","Petco Park","Germán Márquez",5.02,1.43,14.9,11.2,4,2,"37.2",24,8,4.71,,,,,"Noah Schultz",6,1.42,20.5,13.8,2,6,"48.0",43,10,4.80,,,,,3.7,"Moderada",16.1,4.06,"Moderada",32.1,3.9,0.671,0.3,0.371,21.4,4.7,0.727,0.318,0.409,23.2,20,50,10,0,1013,0,"Cielo Despejado",20,0.223,0.675,0.302,0.373,4.5,81,0.232,0.661,0.295,0.366,4.5,16,0.241,0.728,0.32,0.408,4.5,86,0.234,0.721,0.312,0.409,4.5,39,6,75,249,6,85,249,7.2,16.1,0,4,8,6.1,32.1,0,3,8,5.63,6.2,4.92,5.22,44.1,9.3,34.7,34.7,14.9,11.2,9.4,23.9,2,3.4,1.62,4.9,21,81,2,5,5,6,5.7,5,26,20,20,14.2,,,,83,5,3.76,21,50.300000000000004,11.3,35.1,0,0,"Freddy Fermin",1.5475394870617158,22.0,5.6,4.0,20,5,0,0,6.05,5.43,4.59,4.85,37.6,12,36.1,27.8,20.5,13.8,9.5,27.7,2,6,1.63,5.1,21,83,8,6,4,6,5,4.3,25,18,20,9.1,,,,84,5,4.83,21,68.7,22.1,0,9.1,0,"Drew Romo",0.5628396050944727,21.0,5.1,6.0,18,4.3,0,0,0.296,0.29,0.146,0.271,36.4,7.5,72.9,22.5,22.5,72.9,27.1,21.3,35.5,32.4,35.2,44.5,0.319,0.321,0.17,0.287,39.5,9.3,74.3,23.3,23.2,74.3,25.7,21.5,31.6,23.8,30.3,31.6,-0.98,-0.42,0.77,-0.056,-0.031,-0.36,-0.8,0,0.11,0,1.1,,2,8,"away","Final",0,,,"fastball",50.300000000000004,"curve",35.1,,3.857142857142857,16.53061224489796,"fastball",68.7,"slider",22.1,,3.9523809523809526,16.27450980392157,83,"Extra Rest",83,"Extra Rest","R","L",7.2,16.1,6.1,32.1,0,5073.333333333333,861.1111111111111,0,5314.444444444444,1383.3333333333333,0,,,,,,,,,14,18.6,16.2,21,102,94,106
"823309","2026-05-01","Andrew Benintendi","Chicago White Sox",1,"R","DH",0.202,0.245,0.362,0.607,0.265,0.16,102,19,5,2,2,35.3,5.9,0.238,0.749,0.476,10,5,3,0.759,0.454,0.452,0.219,22.5,40,70.9,70.9,29.1,,"Germán Márquez","R",0.267,0.246,0.547,0.4,"9:40 PM ET","San Diego Padres","Chicago White Sox","Petco Park","Germán Márquez",5.02,1.43,14.9,11.2,4,2,"37.2",24,8,4.71,,,,,"Noah Schultz",6,1.42,20.5,13.8,2,6,"48.0",43,10,4.80,,,,,3.7,"Moderada",16.1,4.06,"Moderada",32.1,3.9,0.671,0.3,0.371,21.4,4.7,0.727,0.318,0.409,23.2,20,50,10,0,1013,0,"Cielo Despejado",20,0.223,0.675,0.302,0.373,4.5,81,0.232,0.661,0.295,0.366,4.5,16,0.241,0.728,0.32,0.408,4.5,86,0.234,0.721,0.312,0.409,4.5,39,6,75,249,6,85,249,7.2,16.1,0,4,8,6.1,32.1,0,3,8,5.63,6.2,4.92,5.22,44.1,9.3,34.7,34.7,14.9,11.2,9.4,23.9,2,3.4,1.62,4.9,21,81,2,5,5,6,5.7,5,26,20,20,14.2,,,,83,5,3.76,21,50.300000000000004,11.3,35.1,0,0,"Freddy Fermin",1.5475394870617158,22.0,5.6,4.0,20,5,0,0,6.05,5.43,4.59,4.85,37.6,12,36.1,27.8,20.5,13.8,9.5,27.7,2,6,1.63,5.1,21,83,8,6,4,6,5,4.3,25,18,20,9.1,,,,84,5,4.83,21,68.7,22.1,0,9.1,0,"Drew Romo",0.5628396050944727,21.0,5.1,6.0,18,4.3,0,0,0.296,0.29,0.146,0.271,36.4,7.5,72.9,22.5,22.5,72.9,27.1,21.3,35.5,32.4,35.2,44.5,0.319,0.321,0.17,0.287,39.5,9.3,74.3,23.3,23.2,74.3,25.7,21.5,31.6,23.8,30.3,31.6,-0.98,-0.42,0.77,-0.056,-0.031,-0.36,-0.8,0,0.11,0,1.1,,2,8,"away","Final",0,,,"fastball",50.300000000000004,"curve",35.1,,3.857142857142857,16.53061224489796,"fastball",68.7,"slider",22.1,,3.9523809523809526,16.27450980392157,83,"Extra Rest",83,"Extra Rest","R","L",7.2,16.1,6.1,32.1,0,5073.333333333333,861.1111111111111,0,5314.444444444444,1383.3333333333333,0,,,,,,,,,14,18.6,16.2,21,102,94,106
"823309","2026-05-01","Munetaka Murakami","Chicago White Sox",2,"R","1B",0.239,0.383,0.584,0.967,0.405,0.345,141,27,0,0,13,32.6,19.1,0.179,0.674,0.393,11,5,2,0.986,0.817,0.601,0.456,29.9,38.9,59,59,41,,"Germán Márquez","R",0.267,0.246,0.547,0.4,"9:40 PM ET","San Diego Padres","Chicago White Sox","Petco Park","Germán Márquez",5.02,1.43,14.9,11.2,4,2,"37.2",24,8,4.71,,,,,"Noah Schultz",6,1.42,20.5,13.8,2,6,"48.0",43,10,4.80,,,,,3.7,"Moderada",16.1,4.06,"Moderada",32.1,3.9,0.671,0.3,0.371,21.4,4.7,0.727,0.318,0.409,23.2,20,50,10,0,1013,0,"Cielo Despejado",20,0.223,0.675,0.302,0.373,4.5,81,0.232,0.661,0.295,0.366,4.5,16,0.241,0.728,0.32,0.408,4.5,86,0.234,0.721,0.312,0.409,4.5,39,6,75,249,6,85,249,7.2,16.1,0,4,8,6.1,32.1,0,3,8,5.63,6.2,4.92,5.22,44.1,9.3,34.7,34.7,14.9,11.2,9.4,23.9,2,3.4,1.62,4.9,21,81,2,5,5,6,5.7,5,26,20,20,14.2,,,,83,5,3.76,21,50.300000000000004,11.3,35.1,0,0,"Freddy Fermin",1.5475394870617158,22.0,5.6,4.0,20,5,0,0,6.05,5.43,4.59,4.85,37.6,12,36.1,27.8,20.5,13.8,9.5,27.7,2,6,1.63,5.1,21,83,8,6,4,6,5,4.3,25,18,20,9.1,,,,84,5,4.83,21,68.7,22.1,0,9.1,0,"Drew Romo",0.5628396050944727,21.0,5.1,6.0,18,4.3,0,0,0.296,0.29,0.146,0.271,36.4,7.5,72.9,22.5,22.5,72.9,27.1,21.3,35.5,32.4,35.2,44.5,0.319,0.321,0.17,0.287,39.5,9.3,74.3,23.3,23.2,74.3,25.7,21.5,31.6,23.8,30.3,31.6,-0.98,-0.42,0.77,-0.056,-0.031,-0.36,-0.8,0,0.11,0,1.1,,2,8,"away","Final",0,,,"fastball",50.300000000000004,"curve",35.1,,3.857142857142857,16.53061224489796,"fastball",68.7,"slider",22.1,,3.9523809523809526,16.27450980392157,83,"Extra Rest",83,"Extra Rest","R","L",7.2,16.1,6.1,32.1,0,5073.333333333333,861.1111111111111,0,5314.444444444444,1383.3333333333333,0,,,,,,,,,14,18.6,16.2,21,102,94,106
"823309","2026-05-01","Miguel Vargas","Chicago White Sox",3,"R","3B",0.214,0.36,0.429,0.789,0.348,0.215,139,24,4,1,6,16.5,17.3,0.292,0.927,0.458,11,7,2,0.765,0.993,0.434,0.583,17.6,14.4,79.5,79.5,20.5,,"Germán Márquez","R",0.267,0.246,0.547,0.4,"9:40 PM ET","San Diego Padres","Chicago White Sox","Petco Park","Germán Márquez",5.02,1.43,14.9,11.2,4,2,"37.2",24,8,4.71,,,,,"Noah Schultz",6,1.42,20.5,13.8,2,6,"48.0",43,10,4.80,,,,,3.7,"Moderada",16.1,4.06,"Moderada",32.1,3.9,0.671,0.3,0.371,21.4,4.7,0.727,0.318,0.409,23.2,20,50,10,0,1013,0,"Cielo Despejado",20,0.223,0.675,0.302,0.373,4.5,81,0.232,0.661,0.295,0.366,4.5,16,0.241,0.728,0.32,0.408,4.5,86,0.234,0.721,0.312,0.409,4.5,39,6,75,249,6,85,249,7.2,16.1,0,4,8,6.1,32.1,0,3,8,5.63,6.2,4.92,5.22,44.1,9.3,34.7,34.7,14.9,11.2,9.4,23.9,2,3.4,1.62,4.9,21,81,2,5,5,6,5.7,5,26,20,20,14.2,,,,83,5,3.76,21,50.300000000000004,11.3,35.1,0,0,"Freddy Fermin",1.5475394870617158,22.0,5.6,4.0,20,5,0,0,6.05,5.43,4.59,4.85,37.6,12,36.1,27.8,20.5,13.8,9.5,27.7,2,6,1.63,5.1,21,83,8,6,4,6,5,4.3,25,18,20,9.1,,,,84,5,4.83,21,68.7,22.1,0,9.1,0,"Drew Romo",0.5628396050944727,21.0,5.1,6.0,18,4.3,0,0,0.296,0.29,0.146,0.271,36.4,7.5,72.9,22.5,22.5,72.9,27.1,21.3,35.5,32.4,35.2,44.5,0.319,0.321,0.17,0.287,39.5,9.3,74.3,23.3,23.2,74.3,25.7,21.5,31.6,23.8,30.3,31.6,-0.98,-0.42,0.77,-0.056,-0.031,-0.36,-0.8,0,0.11,0,1.1,,2,8,"away","Final",0,,,"fastball",50.300000000000004,"curve",35.1,,3.857142857142857,16.53061224489796,"fastball",68.7,"slider",22.1,,3.9523809523809526,16.27450980392157,83,"Extra Rest",83,"Extra Rest","R","L",7.2,16.1,6.1,32.1,0,5073.333333333333,861.1111111111111,0,5314.444444444444,1383.3333333333333,0,,,,,,,,,14,18.6,16.2,21,102,94,106
"823309","2026-05-01","Luisangel Acuña","Chicago White Sox",4,"R","SS",0.178,0.247,0.192,0.439,0.208,0.014,82,13,1,0,0,14.6,7.3,0.071,0.306,0.071,1,1,0,0.569,0.492,0.28,0.25,21.7,12.1,75.5,75.5,24.5,,"Germán Márquez","R",0.267,0.246,0.547,0.4,"9:40 PM ET","San Diego Padres","Chicago White Sox","Petco Park","Germán Márquez",5.02,1.43,14.9,11.2,4,2,"37.2",24,8,4.71,,,,,"Noah Schultz",6,1.42,20.5,13.8,2,6,"48.0",43,10,4.80,,,,,3.7,"Moderada",16.1,4.06,"Moderada",32.1,3.9,0.671,0.3,0.371,21.4,4.7,0.727,0.318,0.409,23.2,20,50,10,0,1013,0,"Cielo Despejado",20,0.223,0.675,0.302,0.373,4.5,81,0.232,0.661,0.295,0.366,4.5,16,0.241,0.728,0.32,0.408,4.5,86,0.234,0.721,0.312,0.409,4.5,39,6,75,249,6,85,249,7.2,16.1,0,4,8,6.1,32.1,0,3,8,5.63,6.2,4.92,5.22,44.1,9.3,34.7,34.7,14.9,11.2,9.4,23.9,2,3.4,1.62,4.9,21,81,2,5,5,6,5.7,5,26,20,20,14.2,,,,83,5,3.76,21,50.300000000000004,11.3,35.1,0,0,"Freddy Fermin",1.5475394870617158,22.0,5.6,4.0,20,5,0,0,6.05,5.43,4.59,4.85,37.6,12,36.1,27.8,20.5,13.8,9.5,27.7,2,6,1.63,5.1,21,83,8,6,4,6,5,4.3,25,18,20,9.1,,,,84,5,4.83,21,68.7,22.1,0,9.1,0,"Drew Romo",0.5628396050944727,21.0,5.1,6.0,18,4.3,0,0,0.296,0.29,0.146,0.271,36.4,7.5,72.9,22.5,22.5,72.9,27.1,21.3,35.5,32.4,35.2,44.5,0.319,0.321,0.17,0.287,39.5,9.3,74.3,23.3,23.2,74.3,25.7,21.5,31.6,23.8,30.3,31.6,-0.98,-0.42,0.77,-0.056,-0.031,-0.36,-0.8,0,0.11,0,1.1,,2,8,"away","Final",0,,,"fastball",50.300000000000004,"curve",35.1,,3.857142857142857,16.53061224489796,"fastball",68.7,"slider",22.1,,3.9523809523809526,16.27450980392157,83,"Extra Rest",83,"Extra Rest","R","L",7.2,16.1,6.1,32.1,0,5073.333333333333,861.1111111111111,0,5314.444444444444,1383.3333333333333,0,,,,,,,,,14,18.6,16.2,21,102,94,106
"823309","2026-05-01","Chase Meidroth","Chicago White Sox",5,"R","2B",0.257,0.336,0.345,0.681,0.307,0.088,131,29,7,0,1,20.6,10.7,0.28,0.677,0.32,8,7,1,0.668,0.819,0.342,0.449,24.7,21.1,81,81,19,,"Germán Márquez","R",0.267,0.246,0.547,0.4,"9:40 PM ET","San Diego Padres","Chicago White Sox","Petco Park","Germán Márquez",5.02,1.43,14.9,11.2,4,2,"37.2",24,8,4.71,,,,,"Noah Schultz",6,1.42,20.5,13.8,2,6,"48.0",43,10,4.80,,,,,3.7,"Moderada",16.1,4.06,"Moderada",32.1,3.9,0.671,0.3,0.371,21.4,4.7,0.727,0.318,0.409,23.2,20,50,10,0,1013,0,"Cielo Despejado",20,0.223,0.675,0.302,0.373,4.5,81,0.232,0.661,0.295,0.366,4.5,16,0.241,0.728,0.32,0.408,4.5,86,0.234,0.721,0.312,0.409,4.5,39,6,75,249,6,85,249,7.2,16.1,0,4,8,6.1,32.1,0,3,8,5.63,6.2,4.92,5.22,44.1,9.3,34.7,34.7,14.9,11.2,9.4,23.9,2,3.4,1.62,4.9,21,81,2,5,5,6,5.7,5,26,20,20,14.2,,,,83,5,3.76,21,50.300000000000004,11.3,35.1,0,0,"Freddy Fermin",1.5475394870617158,22.0,5.6,4.0,20,5,0,0,6.05,5.43,4.59,4.85,37.6,12,36.1,27.8,20.5,13.8,9.5,27.7,2,6,1.63,5.1,21,83,8,6,4,6,5,4.3,25,18,20,9.1,,,,84,5,4.83,21,68.7,22.1,0,9.1,0,"Drew Romo",0.5628396050944727,21.0,5.1,6.0,18,4.3,0,0,0.296,0.29,0.146,0.271,36.4,7.5,72.9,22.5,22.5,72.9,27.1,21.3,35.5,32.4,35.2,44.5,0.319,0.321,0.17,0.287,39.5,9.3,74.3,23.3,23.2,74.3,25.7,21.5,31.6,23.8,30.3,31.6,-0.98,-0.42,0.77,-0.056,-0.031,-0.36,-0.8,0,0.11,0,1.1,,2,8,"away","Final",0,,,"fastball",50.300000000000004,"curve",35.1,,3.857142857142857,16.53061224489796,"fastball",68.7,"slider",22.1,,3.9523809523809526,16.27450980392157,83,"Extra Rest",83,"Extra Rest","R","L",7.2,16.1,6.1,32.1,0,5073.333333333333,861.1111111111111,0,5314.444444444444,1383.3333333333333,0,,,,,,,,,14,18.6,16.2,21,102,94,106
"823309","2026-05-01","Sam Antonacci","Chicago White Sox",6,"R","LF",0.25,0.358,0.432,0.79,0.351,0.182,53,11,1,2,1,5.7,7.5,0.235,0.793,0.412,7,4,2,0.867,0.52,0.465,0.218,13.9,20.3,84.8,84.8,15.2,,"Germán Márquez","R",0.267,0.246,0.547,0.4,"9:40 PM ET","San Diego Padres","Chicago White Sox","Petco Park","Germán Márquez",5.02,1.43,14.9,11.2,4,2,"37.2",24,8,4.71,,,,,"Noah Schultz",6,1.42,20.5,13.8,2,6,"48.0",43,10,4.80,,,,,3.7,"Moderada",16.1,4.06,"Moderada",32.1,3.9,0.671,0.3,0.371,21.4,4.7,0.727,0.318,0.409,23.2,20,50,10,0,1013,0,"Cielo Despejado",20,0.223,0.675,0.302,0.373,4.5,81,0.232,0.661,0.295,0.366,4.5,16,0.241,0.728,0.32,0.408,4.5,86,0.234,0.721,0.312,0.409,4.5,39,6,75,249,6,85,249,7.2,16.1,0,4,8,6.1,32.1,0,3,8,5.63,6.2,4.92,5.22,44.1,9.3,34.7,34.7,14.9,11.2,9.4,23.9,2,3.4,1.62,4.9,21,81,2,5,5,6,5.7,5,26,20,20,14.2,,,,83,5,3.76,21,50.300000000000004,11.3,35.1,0,0,"Freddy Fermin",1.5475394870617158,22.0,5.6,4.0,20,5,0,0,6.05,5.43,4.59,4.85,37.6,12,36.1,27.8,20.5,13.8,9.5,27.7,2,6,1.63,5.1,21,83,8,6,4,6,5,4.3,25,18,20,9.1,,,,84,5,4.83,21,68.7,22.1,0,9.1,0,"Drew Romo",0.5628396050944727,21.0,5.1,6.0,18,4.3,0,0,0.296,0.29,0.146,0.271,36.4,7.5,72.9,22.5,22.5,72.9,27.1,21.3,35.5,32.4,35.2,44.5,0.319,0.321,0.17,0.287,39.5,9.3,74.3,23.3,23.2,74.3,25.7,21.5,31.6,23.8,30.3,31.6,-0.98,-0.42,0.77,-0.056,-0.031,-0.36,-0.8,0,0.11,0,1.1,,2,8,"away","Final",0,,,"fastball",50.300000000000004,"curve",35.1,,3.857142857142857,16.53061224489796,"fastball",68.7,"slider",22.1,,3.9523809523809526,16.27450980392157,83,"Extra Rest",83,"Extra Rest","R","L",7.2,16.1,6.1,32.1,0,5073.333333333333,861.1111111111111,0,5314.444444444444,1383.3333333333333,0,,,,,,,,,14,18.6,16.2,21,102,94,106
"823309","2026-05-01","Derek Hill","Chicago White Sox",7,"R","RF",0.243,0.333,0.324,0.657,0.299,0.081,43,9,0,0,1,32.6,11.6,0.2,0.473,0.2,2,2,0,0.629,0.78,0.302,0.487,34.7,35.3,66.3,66.3,33.7,,"Germán Márquez","R",0.267,0.246,0.547,0.4,"9:40 PM ET","San Diego Padres","Chicago White Sox","Petco Park","Germán Márquez",5.02,1.43,14.9,11.2,4,2,"37.2",24,8,4.71,,,,,"Noah Schultz",6,1.42,20.5,13.8,2,6,"48.0",43,10,4.80,,,,,3.7,"Moderada",16.1,4.06,"Moderada",32.1,3.9,0.671,0.3,0.371,21.4,4.7,0.727,0.318,0.409,23.2,20,50,10,0,1013,0,"Cielo Despejado",20,0.223,0.675,0.302,0.373,4.5,81,0.232,0.661,0.295,0.366,4.5,16,0.241,0.728,0.32,0.408,4.5,86,0.234,0.721,0.312,0.409,4.5,39,6,75,249,6,85,249,7.2,16.1,0,4,8,6.1,32.1,0,3,8,5.63,6.2,4.92,5.22,44.1,9.3,34.7,34.7,14.9,11.2,9.4,23.9,2,3.4,1.62,4.9,21,81,2,5,5,6,5.7,5,26,20,20,14.2,,,,83,5,3.76,21,50.300000000000004,11.3,35.1,0,0,"Freddy Fermin",1.5475394870617158,22.0,5.6,4.0,20,5,0,0,6.05,5.43,4.59,4.85,37.6,12,36.1,27.8,20.5,13.8,9.5,27.7,2,6,1.63,5.1,21,83,8,6,4,6,5,4.3,25,18,20,9.1,,,,84,5,4.83,21,68.7,22.1,0,9.1,0,"Drew Romo",0.5628396050944727,21.0,5.1,6.0,18,4.3,0,0,0.296,0.29,0.146,0.271,36.4,7.5,72.9,22.5,22.5,72.9,27.1,21.3,35.5,32.4,35.2,44.5,0.319,0.321,0.17,0.287,39.5,9.3,74.3,23.3,23.2,74.3,25.7,21.5,31.6,23.8,30.3,31.6,-0.98,-0.42,0.77,-0.056,-0.031,-0.36,-0.8,0,0.11,0,1.1,,2,8,"away","Final",0,,,"fastball",50.300000000000004,"curve",35.1,,3.857142857142857,16.53061224489796,"fastball",68.7,"slider",22.1,,3.9523809523809526,16.27450980392157,83,"Extra Rest",83,"Extra Rest","R","L",7.2,16.1,6.1,32.1,0,5073.333333333333,861.1111111111111,0,5314.444444444444,1383.3333333333333,0,,,,,,,,,14,18.6,16.2,21,102,94,106
"823309","2026-05-01","Tristan Peters","Chicago White Sox",8,"R","CF",0.275,0.333,0.319,0.652,0.293,0.044,76,19,1,1,0,25,6.6,0.313,0.666,0.313,5,5,0,0.859,0.294,0.491,0.115,18.2,20,78.1,78.1,21.9,,"Germán Márquez","R",0.267,0.246,0.547,0.4,"9:40 PM ET","San Diego Padres","Chicago White Sox","Petco Park","Germán Márquez",5.02,1.43,14.9,11.2,4,2,"37.2",24,8,4.71,,,,,"Noah Schultz",6,1.42,20.5,13.8,2,6,"48.0",43,10,4.80,,,,,3.7,"Moderada",16.1,4.06,"Moderada",32.1,3.9,0.671,0.3,0.371,21.4,4.7,0.727,0.318,0.409,23.2,20,50,10,0,1013,0,"Cielo Despejado",20,0.223,0.675,0.302,0.373,4.5,81,0.232,0.661,0.295,0.366,4.5,16,0.241,0.728,0.32,0.408,4.5,86,0.234,0.721,0.312,0.409,4.5,39,6,75,249,6,85,249,7.2,16.1,0,4,8,6.1,32.1,0,3,8,5.63,6.2,4.92,5.22,44.1,9.3,34.7,34.7,14.9,11.2,9.4,23.9,2,3.4,1.62,4.9,21,81,2,5,5,6,5.7,5,26,20,20,14.2,,,,83,5,3.76,21,50.300000000000004,11.3,35.1,0,0,"Freddy Fermin",1.5475394870617158,22.0,5.6,4.0,20,5,0,0,6.05,5.43,4.59,4.85,37.6,12,36.1,27.8,20.5,13.8,9.5,27.7,2,6,1.63,5.1,21,83,8,6,4,6,5,4.3,25,18,20,9.1,,,,84,5,4.83,21,68.7,22.1,0,9.1,0,"Drew Romo",0.5628396050944727,21.0,5.1,6.0,18,4.3,0,0,0.296,0.29,0.146,0.271,36.4,7.5,72.9,22.5,22.5,72.9,27.1,21.3,35.5,32.4,35.2,44.5,0.319,0.321,0.17,0.287,39.5,9.3,74.3,23.3,23.2,74.3,25.7,21.5,31.6,23.8,30.3,31.6,-0.98,-0.42,0.77,-0.056,-0.031,-0.36,-0.8,0,0.11,0,1.1,,2,8,"away","Final",0,,,"fastball",50.300000000000004,"curve",35.1,,3.857142857142857,16.53061224489796,"fastball",68.7,"slider",22.1,,3.9523809523809526,16.27450980392157,83,"Extra Rest",83,"Extra Rest","R","L",7.2,16.1,6.1,32.1,0,5073.333333333333,861.1111111111111,0,5314.444444444444,1383.3333333333333,0,,,,,,,,,14,18.6,16.2,21,102,94,106
"823309","2026-05-01","Drew Romo","Chicago White Sox",9,"R","C",0.286,0.615,1.143,1.758,0.636,0.857,13,2,0,0,2,7.7,38.5,0.333,1.889,1.333,8,2,2,0.532,0.641,0.321,0.333,25.6,18.5,73.8,73.8,26.2,,"Germán Márquez","R",0.267,0.246,0.547,0.4,"9:40 PM ET","San Diego Padres","Chicago White Sox","Petco Park","Germán Márquez",5.02,1.43,14.9,11.2,4,2,"37.2",24,8,4.71,,,,,"Noah Schultz",6,1.42,20.5,13.8,2,6,"48.0",43,10,4.80,,,,,3.7,"Moderada",16.1,4.06,"Moderada",32.1,3.9,0.671,0.3,0.371,21.4,4.7,0.727,0.318,0.409,23.2,20,50,10,0,1013,0,"Cielo Despejado",20,0.223,0.675,0.302,0.373,4.5,81,0.232,0.661,0.295,0.366,4.5,16,0.241,0.728,0.32,0.408,4.5,86,0.234,0.721,0.312,0.409,4.5,39,6,75,249,6,85,249,7.2,16.1,0,4,8,6.1,32.1,0,3,8,5.63,6.2,4.92,5.22,44.1,9.3,34.7,34.7,14.9,11.2,9.4,23.9,2,3.4,1.62,4.9,21,81,2,5,5,6,5.7,5,26,20,20,14.2,,,,83,5,3.76,21,50.300000000000004,11.3,35.1,0,0,"Freddy Fermin",1.5475394870617158,22.0,5.6,4.0,20,5,0,0,6.05,5.43,4.59,4.85,37.6,12,36.1,27.8,20.5,13.8,9.5,27.7,2,6,1.63,5.1,21,83,8,6,4,6,5,4.3,25,18,20,9.1,,,,84,5,4.83,21,68.7,22.1,0,9.1,0,"Drew Romo",0.5628396050944727,21.0,5.1,6.0,18,4.3,0,0,0.296,0.29,0.146,0.271,36.4,7.5,72.9,22.5,22.5,72.9,27.1,21.3,35.5,32.4,35.2,44.5,0.319,0.321,0.17,0.287,39.5,9.3,74.3,23.3,23.2,74.3,25.7,21.5,31.6,23.8,30.3,31.6,-0.98,-0.42,0.77,-0.056,-0.031,-0.36,-0.8,0,0.11,0,1.1,,2,8,"away","Final",0,,,"fastball",50.300000000000004,"curve",35.1,,3.857142857142857,16.53061224489796,"fastball",68.7,"slider",22.1,,3.9523809523809526,16.27450980392157,83,"Extra Rest",83,"Extra Rest","R","L",7.2,16.1,6.1,32.1,0,5073.333333333333,861.1111111111111,0,5314.444444444444,1383.3333333333333,0,,,,,,,,,14,18.6,16.2,21,102,94,106
"823389","2026-05-01","Oneil Cruz","Pittsburgh Pirates",1,"R","CF",0.254,0.317,0.508,0.825,0.348,0.254,142,33,6,0,9,35.9,7.7,0.156,0.644,0.438,14,5,3,0.802,0.867,0.457,0.506,32,41,62.5,62.5,37.5,,"Brady Singer","R",0.295,0.254,0.529,0.455,"6:45 PM ET","Pittsburgh Pirates","Cincinnati Reds","PNC Park","Mitch Keller",5.14,1.33,17.4,7.9,6,7,"103.1",77,19,5.44,,,,,"Brady Singer",4.72,1.47,18.9,7.7,3,9,"89.2",76,18,4.98,,,,,4.53,"Alta",21,4.64,"Alta",19.2,5.2,0.763,0.34,0.423,24.2,4.2,0.698,0.309,0.389,24.2,20,50,10,0,1013,100,"Cielo Despejado",20,0.269,0.791,0.353,0.438,4.5,90,0.244,0.689,0.306,0.383,4.5,30,0.223,0.678,0.302,0.376,4.5,79,0.239,0.761,0.33,0.431,4.5,34,6,93,272,6,94,273,8,21,4,8,4,10,19.2,3,5,5,5.38,4.56,3.99,4.5,42.6,7.4,38.6,24.7,17.4,7.9,9.6,25.9,6,4.4,1.02,5.6,23.2,87,6,5,3,5,7,4,22,25,21,20.3,,,,88,5.2,4.86,23.2,56.3,25.8,9.2,8.7,0,"Henry Davis",-0.7908860928464507,22.7,5.3,4.7,21,4,0,0,5.53,5.71,4.06,4.32,41.8,10.1,42.5,28.6,18.9,7.7,10.7,29.3,1,2.8,1.33,5,22.8,87,3,2,1,5.3,6,6,24,26,25,16.5,,,,88,5,4.63,22.8,57.6,42.3,0,0,0,"Tyler Stephenson",-9.799634424838587,25.0,5.8,2.0,24,5.3,0,0,0.335,0.299,0.161,0.324,37.7,7.7,72.9,23,23.3,72.9,27.1,21.7,31.9,35.4,35.8,51.1,0.308,0.309,0.162,0.28,38.9,9.1,74.7,25.2,25.6,74.7,25.3,19.8,30.7,31.3,35.9,55.2,0.42,-0.15,-1.15,0.065,-0.01,-0.11,1,0,0.02,0,-2,,9,1,"home","Final",0,,,"fastball",56.3,"slider",25.8,,3.75,15.535714285714286,"fastball",57.6,"slider",42.3,,3.8157894736842106,17.4,90.66666666666667,"Extra Rest",91,"Extra Rest","R","R",8,21,10,19.2,4,4400,793.1111111111111,0,4738.888888888889,1122.2222222222222,0,,,,,,,,,16.1,21.9,19.6,13.9,99,100,82
"823389","2026-05-01","Brandon Lowe","Pittsburgh Pirates",2,"R","2B",0.243,0.333,0.532,0.865,0.369,0.289,126,27,8,0,8,23,11.1,0.222,0.731,0.481,13,6,5,0.88,0.616,0.543,0.357,23.8,32.4,66,66,34,,"Brady Singer","R",0.295,0.254,0.529,0.455,"6:45 PM ET","Pittsburgh Pirates","Cincinnati Reds","PNC Park","Mitch Keller",5.14,1.33,17.4,7.9,6,7,"103.1",77,19,5.44,,,,,"Brady Singer",4.72,1.47,18.9,7.7,3,9,"89.2",76,18,4.98,,,,,4.53,"Alta",21,4.64,"Alta",19.2,5.2,0.763,0.34,0.423,24.2,4.2,0.698,0.309,0.389,24.2,20,50,10,0,1013,100,"Cielo Despejado",20,0.269,0.791,0.353,0.438,4.5,90,0.244,0.689,0.306,0.383,4.5,30,0.223,0.678,0.302,0.376,4.5,79,0.239,0.761,0.33,0.431,4.5,34,6,93,272,6,94,273,8,21,4,8,4,10,19.2,3,5,5,5.38,4.56,3.99,4.5,42.6,7.4,38.6,24.7,17.4,7.9,9.6,25.9,6,4.4,1.02,5.6,23.2,87,6,5,3,5,7,4,22,25,21,20.3,,,,88,5.2,4.86,23.2,56.3,25.8,9.2,8.7,0,"Henry Davis",-0.7908860928464507,22.7,5.3,4.7,21,4,0,0,5.53,5.71,4.06,4.32,41.8,10.1,42.5,28.6,18.9,7.7,10.7,29.3,1,2.8,1.33,5,22.8,87,3,2,1,5.3,6,6,24,26,25,16.5,,,,88,5,4.63,22.8,57.6,42.3,0,0,0,"Tyler Stephenson",-9.799634424838587,25.0,5.8,2.0,24,5.3,0,0,0.335,0.299,0.161,0.324,37.7,7.7,72.9,23,23.3,72.9,27.1,21.7,31.9,35.4,35.8,51.1,0.308,0.309,0.162,0.28,38.9,9.1,74.7,25.2,25.6,74.7,25.3,19.8,30.7,31.3,35.9,55.2,0.42,-0.15,-1.15,0.065,-0.01,-0.11,1,0,0.02,0,-2,,9,1,"home","Final",0,,,"fastball",56.3,"slider",25.8,,3.75,15.535714285714286,"fastball",57.6,"slider",42.3,,3.8157894736842106,17.4,90.66666666666667,"Extra Rest",91,"Extra Rest","R","R",8,21,10,19.2,4,4400,793.1111111111111,0,4738.888888888889,1122.2222222222222,0,,,,,,,,,16.1,21.9,19.6,13.9,99,100,82
"823389","2026-05-01","Jake Mangum","Pittsburgh Pirates",3,"R","LF",0.271,0.329,0.3,0.629,0.279,0.029,77,19,2,0,0,22.1,7.8,0.211,0.461,0.211,4,4,0,0.768,0.666,0.4,0.327,17,17.9,80.4,80.4,19.6,,"Brady Singer","R",0.295,0.254,0.529,0.455,"6:45 PM ET","Pittsburgh Pirates","Cincinnati Reds","PNC Park","Mitch Keller",5.14,1.33,17.4,7.9,6,7,"103.1",77,19,5.44,,,,,"Brady Singer",4.72,1.47,18.9,7.7,3,9,"89.2",76,18,4.98,,,,,4.53,"Alta",21,4.64,"Alta",19.2,5.2,0.763,0.34,0.423,24.2,4.2,0.698,0.309,0.389,24.2,20,50,10,0,1013,100,"Cielo Despejado",20,0.269,0.791,0.353,0.438,4.5,90,0.244,0.689,0.306,0.383,4.5,30,0.223,0.678,0.302,0.376,4.5,79,0.239,0.761,0.33,0.431,4.5,34,6,93,272,6,94,273,8,21,4,8,4,10,19.2,3,5,5,5.38,4.56,3.99,4.5,42.6,7.4,38.6,24.7,17.4,7.9,9.6,25.9,6,4.4,1.02,5.6,23.2,87,6,5,3,5,7,4,22,25,21,20.3,,,,88,5.2,4.86,23.2,56.3,25.8,9.2,8.7,0,"Henry Davis",-0.7908860928464507,22.7,5.3,4.7,21,4,0,0,5.53,5.71,4.06,4.32,41.8,10.1,42.5,28.6,18.9,7.7,10.7,29.3,1,2.8,1.33,5,22.8,87,3,2,1,5.3,6,6,24,26,25,16.5,,,,88,5,4.63,22.8,57.6,42.3,0,0,0,"Tyler Stephenson",-9.799634424838587,25.0,5.8,2.0,24,5.3,0,0,0.335,0.299,0.161,0.324,37.7,7.7,72.9,23,23.3,72.9,27.1,21.7,31.9,35.4,35.8,51.1,0.308,0.309,0.162,0.28,38.9,9.1,74.7,25.2,25.6,74.7,25.3,19.8,30.7,31.3,35.9,55.2,0.42,-0.15,-1.15,0.065,-0.01,-0.11,1,0,0.02,0,-2,,9,1,"home","Final",0,,,"fastball",56.3,"slider",25.8,,3.75,15.535714285714286,"fastball",57.6,"slider",42.3,,3.8157894736842106,17.4,90.66666666666667,"Extra Rest",91,"Extra Rest","R","R",8,21,10,19.2,4,4400,793.1111111111111,0,4738.888888888889,1122.2222222222222,0,,,,,,,,,16.1,21.9,19.6,13.9,99,100,82
"823389","2026-05-01","Billy Cook","Pittsburgh Pirates",4,"R","RF",0.273,0.273,0.273,0.546,0.24,0.15,11,3,0,0,0,36.4,0,0.2,0.4,0.2,1,1,0,0.308,0.389,0.154,0.222,30.8,44.4,,,,,"Brady Singer","R",0.295,0.254,0.529,0.455,"6:45 PM ET","Pittsburgh Pirates","Cincinnati Reds","PNC Park","Mitch Keller",5.14,1.33,17.4,7.9,6,7,"103.1",77,19,5.44,,,,,"Brady Singer",4.72,1.47,18.9,7.7,3,9,"89.2",76,18,4.98,,,,,4.53,"Alta",21,4.64,"Alta",19.2,5.2,0.763,0.34,0.423,24.2,4.2,0.698,0.309,0.389,24.2,20,50,10,0,1013,100,"Cielo Despejado",20,0.269,0.791,0.353,0.438,4.5,90,0.244,0.689,0.306,0.383,4.5,30,0.223,0.678,0.302,0.376,4.5,79,0.239,0.761,0.33,0.431,4.5,34,6,93,272,6,94,273,8,21,4,8,4,10,19.2,3,5,5,5.38,4.56,3.99,4.5,42.6,7.4,38.6,24.7,17.4,7.9,9.6,25.9,6,4.4,1.02,5.6,23.2,87,6,5,3,5,7,4,22,25,21,20.3,,,,88,5.2,4.86,23.2,56.3,25.8,9.2,8.7,0,"Henry Davis",-0.7908860928464507,22.7,5.3,4.7,21,4,0,0,5.53,5.71,4.06,4.32,41.8,10.1,42.5,28.6,18.9,7.7,10.7,29.3,1,2.8,1.33,5,22.8,87,3,2,1,5.3,6,6,24,26,25,16.5,,,,88,5,4.63,22.8,57.6,42.3,0,0,0,"Tyler Stephenson",-9.799634424838587,25.0,5.8,2.0,24,5.3,0,0,0.335,0.299,0.161,0.324,37.7,7.7,72.9,23,23.3,72.9,27.1,21.7,31.9,35.4,35.8,51.1,0.308,0.309,0.162,0.28,38.9,9.1,74.7,25.2,25.6,74.7,25.3,19.8,30.7,31.3,35.9,55.2,0.42,-0.15,-1.15,0.065,-0.01,-0.11,1,0,0.02,0,-2,,9,1,"home","Final",0,,,"fastball",56.3,"slider",25.8,,3.75,15.535714285714286,"fastball",57.6,"slider",42.3,,3.8157894736842106,17.4,90.66666666666667,"Extra Rest",91,"Extra Rest","R","R",8,21,10,19.2,4,4400,793.1111111111111,0,4738.888888888889,1122.2222222222222,0,,,,,,,,,16.1,21.9,19.6,13.9,99,100,82
"823389","2026-05-01","Nick Gonzales","Pittsburgh Pirates",5,"R","3B",0.333,0.385,0.38,0.765,0.34,0.047,117,36,5,0,0,17.9,6,0.407,0.948,0.481,13,11,2,0.809,0.648,0.422,0.315,16.9,20.2,76.2,76.2,23.8,,"Brady Singer","R",0.295,0.254,0.529,0.455,"6:45 PM ET","Pittsburgh Pirates","Cincinnati Reds","PNC Park","Mitch Keller",5.14,1.33,17.4,7.9,6,7,"103.1",77,19,5.44,,,,,"Brady Singer",4.72,1.47,18.9,7.7,3,9,"89.2",76,18,4.98,,,,,4.53,"Alta",21,4.64,"Alta",19.2,5.2,0.763,0.34,0.423,24.2,4.2,0.698,0.309,0.389,24.2,20,50,10,0,1013,100,"Cielo Despejado",20,0.269,0.791,0.353,0.438,4.5,90,0.244,0.689,0.306,0.383,4.5,30,0.223,0.678,0.302,0.376,4.5,79,0.239,0.761,0.33,0.431,4.5,34,6,93,272,6,94,273,8,21,4,8,4,10,19.2,3,5,5,5.38,4.56,3.99,4.5,42.6,7.4,38.6,24.7,17.4,7.9,9.6,25.9,6,4.4,1.02,5.6,23.2,87,6,5,3,5,7,4,22,25,21,20.3,,,,88,5.2,4.86,23.2,56.3,25.8,9.2,8.7,0,"Henry Davis",-0.7908860928464507,22.7,5.3,4.7,21,4,0,0,5.53,5.71,4.06,4.32,41.8,10.1,42.5,28.6,18.9,7.7,10.7,29.3,1,2.8,1.33,5,22.8,87,3,2,1,5.3,6,6,24,26,25,16.5,,,,88,5,4.63,22.8,57.6,42.3,0,0,0,"Tyler Stephenson",-9.799634424838587,25.0,5.8,2.0,24,5.3,0,0,0.335,0.299,0.161,0.324,37.7,7.7,72.9,23,23.3,72.9,27.1,21.7,31.9,35.4,35.8,51.1,0.308,0.309,0.162,0.28,38.9,9.1,74.7,25.2,25.6,74.7,25.3,19.8,30.7,31.3,35.9,55.2,0.42,-0.15,-1.15,0.065,-0.01,-0.11,1,0,0.02,0,-2,,9,1,"home","Final",0,,,"fastball",56.3,"slider",25.8,,3.75,15.535714285714286,"fastball",57.6,"slider",42.3,,3.8157894736842106,17.4,90.66666666666667,"Extra Rest",91,"Extra Rest","R","R",8,21,10,19.2,4,4400,793.1111111111111,0,4738.888888888889,1122.2222222222222,0,,,,,,,,,16.1,21.9,19.6,13.9,99,100,82
"823389","2026-05-01","Marcell Ozuna","Pittsburgh Pirates",6,"R","DH",0.165,0.232,0.272,0.504,0.227,0.107,112,17,2,0,3,26.8,7.1,0.087,0.212,0.087,2,2,0,0.575,0.693,0.299,0.377,30.7,30.4,68.9,68.9,31.1,,"Brady Singer","R",0.295,0.254,0.529,0.455,"6:45 PM ET","Pittsburgh Pirates","Cincinnati Reds","PNC Park","Mitch Keller",5.14,1.33,17.4,7.9,6,7,"103.1",77,19,5.44,,,,,"Brady Singer",4.72,1.47,18.9,7.7,3,9,"89.2",76,18,4.98,,,,,4.53,"Alta",21,4.64,"Alta",19.2,5.2,0.763,0.34,0.423,24.2,4.2,0.698,0.309,0.389,24.2,20,50,10,0,1013,100,"Cielo Despejado",20,0.269,0.791,0.353,0.438,4.5,90,0.244,0.689,0.306,0.383,4.5,30,0.223,0.678,0.302,0.376,4.5,79,0.239,0.761,0.33,0.431,4.5,34,6,93,272,6,94,273,8,21,4,8,4,10,19.2,3,5,5,5.38,4.56,3.99,4.5,42.6,7.4,38.6,24.7,17.4,7.9,9.6,25.9,6,4.4,1.02,5.6,23.2,87,6,5,3,5,7,4,22,25,21,20.3,,,,88,5.2,4.86,23.2,56.3,25.8,9.2,8.7,0,"Henry Davis",-0.7908860928464507,22.7,5.3,4.7,21,4,0,0,5.53,5.71,4.06,4.32,41.8,10.1,42.5,28.6,18.9,7.7,10.7,29.3,1,2.8,1.33,5,22.8,87,3,2,1,5.3,6,6,24,26,25,16.5,,,,88,5,4.63,22.8,57.6,42.3,0,0,0,"Tyler Stephenson",-9.799634424838587,25.0,5.8,2.0,24,5.3,0,0,0.335,0.299,0.161,0.324,37.7,7.7,72.9,23,23.3,72.9,27.1,21.7,31.9,35.4,35.8,51.1,0.308,0.309,0.162,0.28,38.9,9.1,74.7,25.2,25.6,74.7,25.3,19.8,30.7,31.3,35.9,55.2,0.42,-0.15,-1.15,0.065,-0.01,-0.11,1,0,0.02,0,-2,,9,1,"home","Final",0,,,"fastball",56.3,"slider",25.8,,3.75,15.535714285714286,"fastball",57.6,"slider",42.3,,3.8157894736842106,17.4,90.66666666666667,"Extra Rest",91,"Extra Rest","R","R",8,21,10,19.2,4,4400,793.1111111111111,0,4738.888888888889,1122.2222222222222,0,,,,,,,,,16.1,21.9,19.6,13.9,99,100,82
"823389","2026-05-01","Spencer Horwitz","Pittsburgh Pirates",7,"R","1B",0.241,0.364,0.368,0.732,0.335,0.127,107,21,2,0,3,14,15.9,0.227,0.684,0.364,8,5,1,0.883,0.648,0.488,0.302,13.2,15.4,85.3,85.3,14.7,,"Brady Singer","R",0.295,0.254,0.529,0.455,"6:45 PM ET","Pittsburgh Pirates","Cincinnati Reds","PNC Park","Mitch Keller",5.14,1.33,17.4,7.9,6,7,"103.1",77,19,5.44,,,,,"Brady Singer",4.72,1.47,18.9,7.7,3,9,"89.2",76,18,4.98,,,,,4.53,"Alta",21,4.64,"Alta",19.2,5.2,0.763,0.34,0.423,24.2,4.2,0.698,0.309,0.389,24.2,20,50,10,0,1013,100,"Cielo Despejado",20,0.269,0.791,0.353,0.438,4.5,90,0.244,0.689,0.306,0.383,4.5,30,0.223,0.678,0.302,0.376,4.5,79,0.239,0.761,0.33,0.431,4.5,34,6,93,272,6,94,273,8,21,4,8,4,10,19.2,3,5,5,5.38,4.56,3.99,4.5,42.6,7.4,38.6,24.7,17.4,7.9,9.6,25.9,6,4.4,1.02,5.6,23.2,87,6,5,3,5,7,4,22,25,21,20.3,,,,88,5.2,4.86,23.2,56.3,25.8,9.2,8.7,0,"Henry Davis",-0.7908860928464507,22.7,5.3,4.7,21,4,0,0,5.53,5.71,4.06,4.32,41.8,10.1,42.5,28.6,18.9,7.7,10.7,29.3,1,2.8,1.33,5,22.8,87,3,2,1,5.3,6,6,24,26,25,16.5,,,,88,5,4.63,22.8,57.6,42.3,0,0,0,"Tyler Stephenson",-9.799634424838587,25.0,5.8,2.0,24,5.3,0,0,0.335,0.299,0.161,0.324,37.7,7.7,72.9,23,23.3,72.9,27.1,21.7,31.9,35.4,35.8,51.1,0.308,0.309,0.162,0.28,38.9,9.1,74.7,25.2,25.6,74.7,25.3,19.8,30.7,31.3,35.9,55.2,0.42,-0.15,-1.15,0.065,-0.01,-0.11,1,0,0.02,0,-2,,9,1,"home","Final",0,,,"fastball",56.3,"slider",25.8,,3.75,15.535714285714286,"fastball",57.6,"slider",42.3,,3.8157894736842106,17.4,90.66666666666667,"Extra Rest",91,"Extra Rest","R","R",8,21,10,19.2,4,4400,793.1111111111111,0,4738.888888888889,1122.2222222222222,0,,,,,,,,,16.1,21.9,19.6,13.9,99,100,82
"823389","2026-05-01","Konnor Griffin","Pittsburgh Pirates",8,"R","SS",0.232,0.295,0.337,0.632,0.283,0.105,105,22,2,1,2,28.6,6.7,0.36,1.007,0.6,15,9,2,0.723,0.778,0.393,0.439,25.9,27.4,68.4,68.4,31.6,,"Brady Singer","R",0.295,0.254,0.529,0.455,"6:45 PM ET","Pittsburgh Pirates","Cincinnati Reds","PNC Park","Mitch Keller",5.14,1.33,17.4,7.9,6,7,"103.1",77,19,5.44,,,,,"Brady Singer",4.72,1.47,18.9,7.7,3,9,"89.2",76,18,4.98,,,,,4.53,"Alta",21,4.64,"Alta",19.2,5.2,0.763,0.34,0.423,24.2,4.2,0.698,0.309,0.389,24.2,20,50,10,0,1013,100,"Cielo Despejado",20,0.269,0.791,0.353,0.438,4.5,90,0.244,0.689,0.306,0.383,4.5,30,0.223,0.678,0.302,0.376,4.5,79,0.239,0.761,0.33,0.431,4.5,34,6,93,272,6,94,273,8,21,4,8,4,10,19.2,3,5,5,5.38,4.56,3.99,4.5,42.6,7.4,38.6,24.7,17.4,7.9,9.6,25.9,6,4.4,1.02,5.6,23.2,87,6,5,3,5,7,4,22,25,21,20.3,,,,88,5.2,4.86,23.2,56.3,25.8,9.2,8.7,0,"Henry Davis",-0.7908860928464507,22.7,5.3,4.7,21,4,0,0,5.53,5.71,4.06,4.32,41.8,10.1,42.5,28.6,18.9,7.7,10.7,29.3,1,2.8,1.33,5,22.8,87,3,2,1,5.3,6,6,24,26,25,16.5,,,,88,5,4.63,22.8,57.6,42.3,0,0,0,"Tyler Stephenson",-9.799634424838587,25.0,5.8,2.0,24,5.3,0,0,0.335,0.299,0.161,0.324,37.7,7.7,72.9,23,23.3,72.9,27.1,21.7,31.9,35.4,35.8,51.1,0.308,0.309,0.162,0.28,38.9,9.1,74.7,25.2,25.6,74.7,25.3,19.8,30.7,31.3,35.9,55.2,0.42,-0.15,-1.15,0.065,-0.01,-0.11,1,0,0.02,0,-2,,9,1,"home","Final",0,,,"fastball",56.3,"slider",25.8,,3.75,15.535714285714286,"fastball",57.6,"slider",42.3,,3.8157894736842106,17.4,90.66666666666667,"Extra Rest",91,"Extra Rest","R","R",8,21,10,19.2,4,4400,793.1111111111111,0,4738.888888888889,1122.2222222222222,0,,,,,,,,,16.1,21.9,19.6,13.9,99,100,82
"823389","2026-05-01","Henry Davis","Pittsburgh Pirates",9,"R","C",0.176,0.273,0.309,0.582,0.263,0.133,78,12,3,0,2,19.2,9,0.105,0.255,0.105,2,2,0,0.661,0.29,0.362,0.195,19.6,23.8,75.8,75.8,24.2,,"Brady Singer","R",0.295,0.254,0.529,0.455,"6:45 PM ET","Pittsburgh Pirates","Cincinnati Reds","PNC Park","Mitch Keller",5.14,1.33,17.4,7.9,6,7,"103.1",77,19,5.44,,,,,"Brady Singer",4.72,1.47,18.9,7.7,3,9,"89.2",76,18,4.98,,,,,4.53,"Alta",21,4.64,"Alta",19.2,5.2,0.763,0.34,0.423,24.2,4.2,0.698,0.309,0.389,24.2,20,50,10,0,1013,100,"Cielo Despejado",20,0.269,0.791,0.353,0.438,4.5,90,0.244,0.689,0.306,0.383,4.5,30,0.223,0.678,0.302,0.376,4.5,79,0.239,0.761,0.33,0.431,4.5,34,6,93,272,6,94,273,8,21,4,8,4,10,19.2,3,5,5,5.38,4.56,3.99,4.5,42.6,7.4,38.6,24.7,17.4,7.9,9.6,25.9,6,4.4,1.02,5.6,23.2,87,6,5,3,5,7,4,22,25,21,20.3,,,,88,5.2,4.86,23.2,56.3,25.8,9.2,8.7,0,"Henry Davis",-0.7908860928464507,22.7,5.3,4.7,21,4,0,0,5.53,5.71,4.06,4.32,41.8,10.1,42.5,28.6,18.9,7.7,10.7,29.3,1,2.8,1.33,5,22.8,87,3,2,1,5.3,6,6,24,26,25,16.5,,,,88,5,4.63,22.8,57.6,42.3,0,0,0,"Tyler Stephenson",-9.799634424838587,25.0,5.8,2.0,24,5.3,0,0,0.335,0.299,0.161,0.324,37.7,7.7,72.9,23,23.3,72.9,27.1,21.7,31.9,35.4,35.8,51.1,0.308,0.309,0.162,0.28,38.9,9.1,74.7,25.2,25.6,74.7,25.3,19.8,30.7,31.3,35.9,55.2,0.42,-0.15,-1.15,0.065,-0.01,-0.11,1,0,0.02,0,-2,,9,1,"home","Final",0,,,"fastball",56.3,"slider",25.8,,3.75,15.535714285714286,"fastball",57.6,"slider",42.3,,3.8157894736842106,17.4,90.66666666666667,"Extra Rest",91,"Extra Rest","R","R",8,21,10,19.2,4,4400,793.1111111111111,0,4738.888888888889,1122.2222222222222,0,,,,,,,,,16.1,21.9,19.6,13.9,99,100,82
"823389","2026-05-01","TJ Friedl","Cincinnati Reds",1,"R","CF",0.198,0.276,0.297,0.573,0.259,0.099,126,22,5,0,2,22.2,7.9,0.292,0.917,0.625,15,7,4,0.546,0.386,0.286,0.167,24.2,25,75.7,75.7,24.3,,"Mitch Keller","R",0.283,0.207,0.5,0.283,"6:45 PM ET","Pittsburgh Pirates","Cincinnati Reds","PNC Park","Mitch Keller",5.14,1.33,17.4,7.9,6,7,"103.1",77,19,5.44,,,,,"Brady Singer",4.72,1.47,18.9,7.7,3,9,"89.2",76,18,4.98,,,,,4.53,"Alta",21,4.64,"Alta",19.2,5.2,0.763,0.34,0.423,24.2,4.2,0.698,0.309,0.389,24.2,20,50,10,0,1013,100,"Cielo Despejado",20,0.269,0.791,0.353,0.438,4.5,90,0.244,0.689,0.306,0.383,4.5,30,0.223,0.678,0.302,0.376,4.5,79,0.239,0.761,0.33,0.431,4.5,34,6,93,272,6,94,273,8,21,4,8,4,10,19.2,3,5,5,5.38,4.56,3.99,4.5,42.6,7.4,38.6,24.7,17.4,7.9,9.6,25.9,6,4.4,1.02,5.6,23.2,87,6,5,3,5,7,4,22,25,21,20.3,,,,88,5.2,4.86,23.2,56.3,25.8,9.2,8.7,0,"Henry Davis",-0.7908860928464507,22.7,5.3,4.7,21,4,0,0,5.53,5.71,4.06,4.32,41.8,10.1,42.5,28.6,18.9,7.7,10.7,29.3,1,2.8,1.33,5,22.8,87,3,2,1,5.3,6,6,24,26,25,16.5,,,,88,5,4.63,22.8,57.6,42.3,0,0,0,"Tyler Stephenson",-9.799634424838587,25.0,5.8,2.0,24,5.3,0,0,0.335,0.299,0.161,0.324,37.7,7.7,72.9,23,23.3,72.9,27.1,21.7,31.9,35.4,35.8,51.1,0.308,0.309,0.162,0.28,38.9,9.1,74.7,25.2,25.6,74.7,25.3,19.8,30.7,31.3,35.9,55.2,0.42,-0.15,-1.15,0.065,-0.01,-0.11,1,0,0.02,0,-2,,9,1,"home","Final",0,,,"fastball",56.3,"slider",25.8,,3.75,15.535714285714286,"fastball",57.6,"slider",42.3,,3.8157894736842106,17.4,90.66666666666667,"Extra Rest",91,"Extra Rest","R","R",8,21,10,19.2,4,4400,793.1111111111111,0,4738.888888888889,1122.2222222222222,0,,,,,,,,,16.1,21.9,19.6,13.9,99,100,82
"823389","2026-05-01","Matt McLain","Cincinnati Reds",2,"R","2B",0.203,0.319,0.305,0.624,0.287,0.102,138,24,6,0,2,26.1,13,0.214,0.754,0.464,13,6,3,0.594,0.714,0.319,0.362,29.2,19.2,72.4,72.4,27.6,,"Mitch Keller","R",0.283,0.207,0.5,0.283,"6:45 PM ET","Pittsburgh Pirates","Cincinnati Reds","PNC Park","Mitch Keller",5.14,1.33,17.4,7.9,6,7,"103.1",77,19,5.44,,,,,"Brady Singer",4.72,1.47,18.9,7.7,3,9,"89.2",76,18,4.98,,,,,4.53,"Alta",21,4.64,"Alta",19.2,5.2,0.763,0.34,0.423,24.2,4.2,0.698,0.309,0.389,24.2,20,50,10,0,1013,100,"Cielo Despejado",20,0.269,0.791,0.353,0.438,4.5,90,0.244,0.689,0.306,0.383,4.5,30,0.223,0.678,0.302,0.376,4.5,79,0.239,0.761,0.33,0.431,4.5,34,6,93,272,6,94,273,8,21,4,8,4,10,19.2,3,5,5,5.38,4.56,3.99,4.5,42.6,7.4,38.6,24.7,17.4,7.9,9.6,25.9,6,4.4,1.02,5.6,23.2,87,6,5,3,5,7,4,22,25,21,20.3,,,,88,5.2,4.86,23.2,56.3,25.8,9.2,8.7,0,"Henry Davis",-0.7908860928464507,22.7,5.3,4.7,21,4,0,0,5.53,5.71,4.06,4.32,41.8,10.1,42.5,28.6,18.9,7.7,10.7,29.3,1,2.8,1.33,5,22.8,87,3,2,1,5.3,6,6,24,26,25,16.5,,,,88,5,4.63,22.8,57.6,42.3,0,0,0,"Tyler Stephenson",-9.799634424838587,25.0,5.8,2.0,24,5.3,0,0,0.335,0.299,0.161,0.324,37.7,7.7,72.9,23,23.3,72.9,27.1,21.7,31.9,35.4,35.8,51.1,0.308,0.309,0.162,0.28,38.9,9.1,74.7,25.2,25.6,74.7,25.3,19.8,30.7,31.3,35.9,55.2,0.42,-0.15,-1.15,0.065,-0.01,-0.11,1,0,0.02,0,-2,,9,1,"home","Final",0,,,"fastball",56.3,"slider",25.8,,3.75,15.535714285714286,"fastball",57.6,"slider",42.3,,3.8157894736842106,17.4,90.66666666666667,"Extra Rest",91,"Extra Rest","R","R",8,21,10,19.2,4,4400,793.1111111111111,0,4738.888888888889,1122.2222222222222,0,,,,,,,,,16.1,21.9,19.6,13.9,99,100,82
"823389","2026-05-01","Elly De La Cruz","Cincinnati Reds",3,"R","SS",0.273,0.345,0.547,0.892,0.38,0.274,142,35,5,0,10,28.9,9.9,0.308,0.938,0.538,14,8,2,0.725,1.067,0.402,0.671,28.8,30.2,70.7,70.7,29.3,,"Mitch Keller","R",0.283,0.207,0.5,0.283,"6:45 PM ET","Pittsburgh Pirates","Cincinnati Reds","PNC Park","Mitch Keller",5.14,1.33,17.4,7.9,6,7,"103.1",77,19,5.44,,,,,"Brady Singer",4.72,1.47,18.9,7.7,3,9,"89.2",76,18,4.98,,,,,4.53,"Alta",21,4.64,"Alta",19.2,5.2,0.763,0.34,0.423,24.2,4.2,0.698,0.309,0.389,24.2,20,50,10,0,1013,100,"Cielo Despejado",20,0.269,0.791,0.353,0.438,4.5,90,0.244,0.689,0.306,0.383,4.5,30,0.223,0.678,0.302,0.376,4.5,79,0.239,0.761,0.33,0.431,4.5,34,6,93,272,6,94,273,8,21,4,8,4,10,19.2,3,5,5,5.38,4.56,3.99,4.5,42.6,7.4,38.6,24.7,17.4,7.9,9.6,25.9,6,4.4,1.02,5.6,23.2,87,6,5,3,5,7,4,22,25,21,20.3,,,,88,5.2,4.86,23.2,56.3,25.8,9.2,8.7,0,"Henry Davis",-0.7908860928464507,22.7,5.3,4.7,21,4,0,0,5.53,5.71,4.06,4.32,41.8,10.1,42.5,28.6,18.9,7.7,10.7,29.3,1,2.8,1.33,5,22.8,87,3,2,1,5.3,6,6,24,26,25,16.5,,,,88,5,4.63,22.8,57.6,42.3,0,0,0,"Tyler Stephenson",-9.799634424838587,25.0,5.8,2.0,24,5.3,0,0,0.335,0.299,0.161,0.324,37.7,7.7,72.9,23,23.3,72.9,27.1,21.7,31.9,35.4,35.8,51.1,0.308,0.309,0.162,0.28,38.9,9.1,74.7,25.2,25.6,74.7,25.3,19.8,30.7,31.3,35.9,55.2,0.42,-0.15,-1.15,0.065,-0.01,-0.11,1,0,0.02,0,-2,,9,1,"home","Final",0,,,"fastball",56.3,"slider",25.8,,3.75,15.535714285714286,"fastball",57.6,"slider",42.3,,3.8157894736842106,17.4,90.66666666666667,"Extra Rest",91,"Extra Rest","R","R",8,21,10,19.2,4,4400,793.1111111111111,0,4738.888888888889,1122.2222222222222,0,,,,,,,,,16.1,21.9,19.6,13.9,99,100,82
"823389","2026-05-01","Sal Stewart","Cincinnati Reds",4,"R","1B",0.271,0.362,0.551,0.913,0.39,0.28,138,32,6,0,9,17.4,13,0.222,0.67,0.37,10,6,2,0.784,0.899,0.46,0.523,21.1,22.8,72.8,72.8,27.2,,"Mitch Keller","R",0.283,0.207,0.5,0.283,"6:45 PM ET","Pittsburgh Pirates","Cincinnati Reds","PNC Park","Mitch Keller",5.14,1.33,17.4,7.9,6,7,"103.1",77,19,5.44,,,,,"Brady Singer",4.72,1.47,18.9,7.7,3,9,"89.2",76,18,4.98,,,,,4.53,"Alta",21,4.64,"Alta",19.2,5.2,0.763,0.34,0.423,24.2,4.2,0.698,0.309,0.389,24.2,20,50,10,0,1013,100,"Cielo Despejado",20,0.269,0.791,0.353,0.438,4.5,90,0.244,0.689,0.306,0.383,4.5,30,0.223,0.678,0.302,0.376,4.5,79,0.239,0.761,0.33,0.431,4.5,34,6,93,272,6,94,273,8,21,4,8,4,10,19.2,3,5,5,5.38,4.56,3.99,4.5,42.6,7.4,38.6,24.7,17.4,7.9,9.6,25.9,6,4.4,1.02,5.6,23.2,87,6,5,3,5,7,4,22,25,21,20.3,,,,88,5.2,4.86,23.2,56.3,25.8,9.2,8.7,0,"Henry Davis",-0.7908860928464507,22.7,5.3,4.7,21,4,0,0,5.53,5.71,4.06,4.32,41.8,10.1,42.5,28.6,18.9,7.7,10.7,29.3,1,2.8,1.33,5,22.8,87,3,2,1,5.3,6,6,24,26,25,16.5,,,,88,5,4.63,22.8,57.6,42.3,0,0,0,"Tyler Stephenson",-9.799634424838587,25.0,5.8,2.0,24,5.3,0,0,0.335,0.299,0.161,0.324,37.7,7.7,72.9,23,23.3,72.9,27.1,21.7,31.9,35.4,35.8,51.1,0.308,0.309,0.162,0.28,38.9,9.1,74.7,25.2,25.6,74.7,25.3,19.8,30.7,31.3,35.9,55.2,0.42,-0.15,-1.15,0.065,-0.01,-0.11,1,0,0.02,0,-2,,9,1,"home","Final",0,,,"fastball",56.3,"slider",25.8,,3.75,15.535714285714286,"fastball",57.6,"slider",42.3,,3.8157894736842106,17.4,90.66666666666667,"Extra Rest",91,"Extra Rest","R","R",8,21,10,19.2,4,4400,793.1111111111111,0,4738.888888888889,1122.2222222222222,0,,,,,,,,,16.1,21.9,19.6,13.9,99,100,82
"823389","2026-05-01","Rece Hinds","Cincinnati Reds",5,"R","PH",0.125,0.171,0.219,0.39,0.178,0.094,35,4,3,0,0,48.6,2.9,0.19,0.594,0.333,7,4,3,0.535,0,0.304,0,38.5,80,,,,,"Mitch Keller","R",0.283,0.207,0.5,0.283,"6:45 PM ET","Pittsburgh Pirates","Cincinnati Reds","PNC Park","Mitch Keller",5.14,1.33,17.4,7.9,6,7,"103.1",77,19,5.44,,,,,"Brady Singer",4.72,1.47,18.9,7.7,3,9,"89.2",76,18,4.98,,,,,4.53,"Alta",21,4.64,"Alta",19.2,5.2,0.763,0.34,0.423,24.2,4.2,0.698,0.309,0.389,24.2,20,50,10,0,1013,100,"Cielo Despejado",20,0.269,0.791,0.353,0.438,4.5,90,0.244,0.689,0.306,0.383,4.5,30,0.223,0.678,0.302,0.376,4.5,79,0.239,0.761,0.33,0.431,4.5,34,6,93,272,6,94,273,8,21,4,8,4,10,19.2,3,5,5,5.38,4.56,3.99,4.5,42.6,7.4,38.6,24.7,17.4,7.9,9.6,25.9,6,4.4,1.02,5.6,23.2,87,6,5,3,5,7,4,22,25,21,20.3,,,,88,5.2,4.86,23.2,56.3,25.8,9.2,8.7,0,"Henry Davis",-0.7908860928464507,22.7,5.3,4.7,21,4,0,0,5.53,5.71,4.06,4.32,41.8,10.1,42.5,28.6,18.9,7.7,10.7,29.3,1,2.8,1.33,5,22.8,87,3,2,1,5.3,6,6,24,26,25,16.5,,,,88,5,4.63,22.8,57.6,42.3,0,0,0,"Tyler Stephenson",-9.799634424838587,25.0,5.8,2.0,24,5.3,0,0,0.335,0.299,0.161,0.324,37.7,7.7,72.9,23,23.3,72.9,27.1,21.7,31.9,35.4,35.8,51.1,0.308,0.309,0.162,0.28,38.9,9.1,74.7,25.2,25.6,74.7,25.3,19.8,30.7,31.3,35.9,55.2,0.42,-0.15,-1.15,0.065,-0.01,-0.11,1,0,0.02,0,-2,,9,1,"home","Final",0,,,"fastball",56.3,"slider",25.8,,3.75,15.535714285714286,"fastball",57.6,"slider",42.3,,3.8157894736842106,17.4,90.66666666666667,"Extra Rest",91,"Extra Rest","R","R",8,21,10,19.2,4,4400,793.1111111111111,0,4738.888888888889,1122.2222222222222,0,,,,,,,,,16.1,21.9,19.6,13.9,99,100,82
"823389","2026-05-01","Spencer Steer","Cincinnati Reds",6,"R","RF",0.242,0.327,0.455,0.782,0.342,0.213,113,24,6,0,5,25.7,8.8,0.304,0.929,0.522,12,7,3,0.645,1.057,0.361,0.62,26.1,13.6,74.4,74.4,25.6,,"Mitch Keller","R",0.283,0.207,0.5,0.283,"6:45 PM ET","Pittsburgh Pirates","Cincinnati Reds","PNC Park","Mitch Keller",5.14,1.33,17.4,7.9,6,7,"103.1",77,19,5.44,,,,,"Brady Singer",4.72,1.47,18.9,7.7,3,9,"89.2",76,18,4.98,,,,,4.53,"Alta",21,4.64,"Alta",19.2,5.2,0.763,0.34,0.423,24.2,4.2,0.698,0.309,0.389,24.2,20,50,10,0,1013,100,"Cielo Despejado",20,0.269,0.791,0.353,0.438,4.5,90,0.244,0.689,0.306,0.383,4.5,30,0.223,0.678,0.302,0.376,4.5,79,0.239,0.761,0.33,0.431,4.5,34,6,93,272,6,94,273,8,21,4,8,4,10,19.2,3,5,5,5.38,4.56,3.99,4.5,42.6,7.4,38.6,24.7,17.4,7.9,9.6,25.9,6,4.4,1.02,5.6,23.2,87,6,5,3,5,7,4,22,25,21,20.3,,,,88,5.2,4.86,23.2,56.3,25.8,9.2,8.7,0,"Henry Davis",-0.7908860928464507,22.7,5.3,4.7,21,4,0,0,5.53,5.71,4.06,4.32,41.8,10.1,42.5,28.6,18.9,7.7,10.7,29.3,1,2.8,1.33,5,22.8,87,3,2,1,5.3,6,6,24,26,25,16.5,,,,88,5,4.63,22.8,57.6,42.3,0,0,0,"Tyler Stephenson",-9.799634424838587,25.0,5.8,2.0,24,5.3,0,0,0.335,0.299,0.161,0.324,37.7,7.7,72.9,23,23.3,72.9,27.1,21.7,31.9,35.4,35.8,51.1,0.308,0.309,0.162,0.28,38.9,9.1,74.7,25.2,25.6,74.7,25.3,19.8,30.7,31.3,35.9,55.2,0.42,-0.15,-1.15,0.065,-0.01,-0.11,1,0,0.02,0,-2,,9,1,"home","Final",0,,,"fastball",56.3,"slider",25.8,,3.75,15.535714285714286,"fastball",57.6,"slider",42.3,,3.8157894736842106,17.4,90.66666666666667,"Extra Rest",91,"Extra Rest","R","R",8,21,10,19.2,4,4400,793.1111111111111,0,4738.888888888889,1122.2222222222222,0,,,,,,,,,16.1,21.9,19.6,13.9,99,100,82
"823389","2026-05-01","JJ Bleday","Cincinnati Reds",7,"R","LF",0.222,0.417,0.556,0.973,0.392,0.334,12,2,0,0,1,8.3,25,0.333,1.389,0.833,5,2,1,0.87,0.712,0.506,0.409,19.4,19.7,72.6,72.6,27.4,,"Mitch Keller","R",0.283,0.207,0.5,0.283,"6:45 PM ET","Pittsburgh Pirates","Cincinnati Reds","PNC Park","Mitch Keller",5.14,1.33,17.4,7.9,6,7,"103.1",77,19,5.44,,,,,"Brady Singer",4.72,1.47,18.9,7.7,3,9,"89.2",76,18,4.98,,,,,4.53,"Alta",21,4.64,"Alta",19.2,5.2,0.763,0.34,0.423,24.2,4.2,0.698,0.309,0.389,24.2,20,50,10,0,1013,100,"Cielo Despejado",20,0.269,0.791,0.353,0.438,4.5,90,0.244,0.689,0.306,0.383,4.5,30,0.223,0.678,0.302,0.376,4.5,79,0.239,0.761,0.33,0.431,4.5,34,6,93,272,6,94,273,8,21,4,8,4,10,19.2,3,5,5,5.38,4.56,3.99,4.5,42.6,7.4,38.6,24.7,17.4,7.9,9.6,25.9,6,4.4,1.02,5.6,23.2,87,6,5,3,5,7,4,22,25,21,20.3,,,,88,5.2,4.86,23.2,56.3,25.8,9.2,8.7,0,"Henry Davis",-0.7908860928464507,22.7,5.3,4.7,21,4,0,0,5.53,5.71,4.06,4.32,41.8,10.1,42.5,28.6,18.9,7.7,10.7,29.3,1,2.8,1.33,5,22.8,87,3,2,1,5.3,6,6,24,26,25,16.5,,,,88,5,4.63,22.8,57.6,42.3,0,0,0,"Tyler Stephenson",-9.799634424838587,25.0,5.8,2.0,24,5.3,0,0,0.335,0.299,0.161,0.324,37.7,7.7,72.9,23,23.3,72.9,27.1,21.7,31.9,35.4,35.8,51.1,0.308,0.309,0.162,0.28,38.9,9.1,74.7,25.2,25.6,74.7,25.3,19.8,30.7,31.3,35.9,55.2,0.42,-0.15,-1.15,0.065,-0.01,-0.11,1,0,0.02,0,-2,,9,1,"home","Final",0,,,"fastball",56.3,"slider",25.8,,3.75,15.535714285714286,"fastball",57.6,"slider",42.3,,3.8157894736842106,17.4,90.66666666666667,"Extra Rest",91,"Extra Rest","R","R",8,21,10,19.2,4,4400,793.1111111111111,0,4738.888888888889,1122.2222222222222,0,,,,,,,,,16.1,21.9,19.6,13.9,99,100,82
"823389","2026-05-01","Tyler Stephenson","Cincinnati Reds",8,"R","C",0.171,0.281,0.289,0.57,0.263,0.118,89,13,3,0,2,28.1,13.5,0.2,0.654,0.35,7,4,3,0.699,0.612,0.39,0.261,26.7,21.1,74,74,26,,"Mitch Keller","R",0.283,0.207,0.5,0.283,"6:45 PM ET","Pittsburgh Pirates","Cincinnati Reds","PNC Park","Mitch Keller",5.14,1.33,17.4,7.9,6,7,"103.1",77,19,5.44,,,,,"Brady Singer",4.72,1.47,18.9,7.7,3,9,"89.2",76,18,4.98,,,,,4.53,"Alta",21,4.64,"Alta",19.2,5.2,0.763,0.34,0.423,24.2,4.2,0.698,0.309,0.389,24.2,20,50,10,0,1013,100,"Cielo Despejado",20,0.269,0.791,0.353,0.438,4.5,90,0.244,0.689,0.306,0.383,4.5,30,0.223,0.678,0.302,0.376,4.5,79,0.239,0.761,0.33,0.431,4.5,34,6,93,272,6,94,273,8,21,4,8,4,10,19.2,3,5,5,5.38,4.56,3.99,4.5,42.6,7.4,38.6,24.7,17.4,7.9,9.6,25.9,6,4.4,1.02,5.6,23.2,87,6,5,3,5,7,4,22,25,21,20.3,,,,88,5.2,4.86,23.2,56.3,25.8,9.2,8.7,0,"Henry Davis",-0.7908860928464507,22.7,5.3,4.7,21,4,0,0,5.53,5.71,4.06,4.32,41.8,10.1,42.5,28.6,18.9,7.7,10.7,29.3,1,2.8,1.33,5,22.8,87,3,2,1,5.3,6,6,24,26,25,16.5,,,,88,5,4.63,22.8,57.6,42.3,0,0,0,"Tyler Stephenson",-9.799634424838587,25.0,5.8,2.0,24,5.3,0,0,0.335,0.299,0.161,0.324,37.7,7.7,72.9,23,23.3,72.9,27.1,21.7,31.9,35.4,35.8,51.1,0.308,0.309,0.162,0.28,38.9,9.1,74.7,25.2,25.6,74.7,25.3,19.8,30.7,31.3,35.9,55.2,0.42,-0.15,-1.15,0.065,-0.01,-0.11,1,0,0.02,0,-2,,9,1,"home","Final",0,,,"fastball",56.3,"slider",25.8,,3.75,15.535714285714286,"fastball",57.6,"slider",42.3,,3.8157894736842106,17.4,90.66666666666667,"Extra Rest",91,"Extra Rest","R","R",8,21,10,19.2,4,4400,793.1111111111111,0,4738.888888888889,1122.2222222222222,0,,,,,,,,,16.1,21.9,19.6,13.9,99,100,82
"823389","2026-05-01","Ke'Bryan Hayes","Cincinnati Reds",9,"R","3B",0.125,0.186,0.2,0.386,0.177,0.075,86,10,1,1,1,14,7,0.286,0.919,0.571,12,6,3,0.345,0.648,0.178,0.367,16.7,12.5,84.6,84.6,15.4,,"Mitch Keller","R",0.283,0.207,0.5,0.283,"6:45 PM ET","Pittsburgh Pirates","Cincinnati Reds","PNC Park","Mitch Keller",5.14,1.33,17.4,7.9,6,7,"103.1",77,19,5.44,,,,,"Brady Singer",4.72,1.47,18.9,7.7,3,9,"89.2",76,18,4.98,,,,,4.53,"Alta",21,4.64,"Alta",19.2,5.2,0.763,0.34,0.423,24.2,4.2,0.698,0.309,0.389,24.2,20,50,10,0,1013,100,"Cielo Despejado",20,0.269,0.791,0.353,0.438,4.5,90,0.244,0.689,0.306,0.383,4.5,30,0.223,0.678,0.302,0.376,4.5,79,0.239,0.761,0.33,0.431,4.5,34,6,93,272,6,94,273,8,21,4,8,4,10,19.2,3,5,5,5.38,4.56,3.99,4.5,42.6,7.4,38.6,24.7,17.4,7.9,9.6,25.9,6,4.4,1.02,5.6,23.2,87,6,5,3,5,7,4,22,25,21,20.3,,,,88,5.2,4.86,23.2,56.3,25.8,9.2,8.7,0,"Henry Davis",-0.7908860928464507,22.7,5.3,4.7,21,4,0,0,5.53,5.71,4.06,4.32,41.8,10.1,42.5,28.6,18.9,7.7,10.7,29.3,1,2.8,1.33,5,22.8,87,3,2,1,5.3,6,6,24,26,25,16.5,,,,88,5,4.63,22.8,57.6,42.3,0,0,0,"Tyler Stephenson",-9.799634424838587,25.0,5.8,2.0,24,5.3,0,0,0.335,0.299,0.161,0.324,37.7,7.7,72.9,23,23.3,72.9,27.1,21.7,31.9,35.4,35.8,51.1,0.308,0.309,0.162,0.28,38.9,9.1,74.7,25.2,25.6,74.7,25.3,19.8,30.7,31.3,35.9,55.2,0.42,-0.15,-1.15,0.065,-0.01,-0.11,1,0,0.02,0,-2,,9,1,"home","Final",0,,,"fastball",56.3,"slider",25.8,,3.75,15.535714285714286,"fastball",57.6,"slider",42.3,,3.8157894736842106,17.4,90.66666666666667,"Extra Rest",91,"Extra Rest","R","R",8,21,10,19.2,4,4400,793.1111111111111,0,4738.888888888889,1122.2222222222222,0,,,,,,,,,16.1,21.9,19.6,13.9,99,100,82
"823557","2026-05-01","Paul Goldschmidt","New York Yankees",1,"R","1B",0.156,0.289,0.375,0.664,0.295,0.219,38,5,4,0,1,21.1,13.2,0.158,0.62,0.316,6,3,3,0.586,1.083,0.356,0.663,25.9,20.5,74.3,74.3,25.7,,"Cade Povich","L",0.345,0.2,0.759,0.289,"7:05 PM ET","New York Yankees","Baltimore Orioles","Yankee Stadium","Will Warren",4.15,1.37,22.9,7.6,7,4,"93.1",94,18,5.19,,,,,"Cade Povich",5.12,1.34,14.6,8.5,1,1,"19.1",12,4,4.83,,,,,3.06,"Moderada",20.2,4.34,"Alta",21.1,4.8,0.736,0.316,0.42,23.0,4.6,0.716,0.32,0.396,23.1,20,50,10,0,1013,0,"Cielo Despejado",20,0.232,0.735,0.318,0.417,4.5,92,0.241,0.74,0.313,0.427,4.5,43,0.242,0.733,0.325,0.408,4.5,77,0.228,0.675,0.307,0.368,4.5,32,7,95,277,19,97,184,7,20.2,0,4,8,9.2,21.1,2,8,6,4.25,4.06,3.3,3.61,39.9,7.1,43.4,25.6,22.9,7.6,9.9,28.8,9,6.8,2.14,5.4,22,88,6,11,6,6,7,3.7,24,25,17,27,,,,89,5.1,5.54,22,66.6,19.6,3.4,10.5,0,"Austin Wells",4.101371598100652,22.0,5.6,7.7,17,3.7,0,1,5.31,5.89,4.61,4.93,45.2,9.7,41.9,32.3,14.6,8.5,12.2,28.6,4,5,0,6.7,24,97,5,,,6.7,,,24,,,17.1,,,,89,6,4.94,24,52.3,16.4,22.7,8.6,0,"Samuel Basallo",-2.777980840164804,24.0,6.7,5.0,24,6.7,0,0,0.322,0.328,0.185,0.281,42.8,10.6,73.8,24.6,26.2,73.8,26.2,20.4,33.4,34,32.6,32.8,0.316,0.326,0.158,0.293,42,7.7,75.6,23.6,21.7,75.6,24.4,19.1,30.8,35.6,26,26,-0.97,-1.06,-1.83,0.02,0.002,-1.28,0.2,0,0.16,-12,-2.2,,7,2,"home","Final",0,,,"fastball",66.6,"slider",19.6,,4,16.296296296296294,"fastball",52.3,"curve",22.7,,4.041666666666667,14.477611940298507,92.33333333333333,"Extra Rest",61.333333333333336,"Extra Rest","R","L",7,20.2,9.2,21.1,0,5077.777777777777,1334.4444444444443,0,5283.333333333333,1010,0,,,2567.8,2348.8,,,26.3,31.7,19.3,12.9,27.3,15.7,102,102,119
"823557","2026-05-01","Ben Rice","New York Yankees",2,"R","DH",0.33,0.441,0.728,1.169,0.484,0.398,127,34,8,0,11,24.4,16.5,0.357,1.062,0.643,18,10,4,1.049,0.786,0.659,0.466,22.5,25,75.3,75.3,24.7,,"Cade Povich","L",0.345,0.2,0.759,0.289,"7:05 PM ET","New York Yankees","Baltimore Orioles","Yankee Stadium","Will Warren",4.15,1.37,22.9,7.6,7,4,"93.1",94,18,5.19,,,,,"Cade Povich",5.12,1.34,14.6,8.5,1,1,"19.1",12,4,4.83,,,,,3.06,"Moderada",20.2,4.34,"Alta",21.1,4.8,0.736,0.316,0.42,23.0,4.6,0.716,0.32,0.396,23.1,20,50,10,0,1013,0,"Cielo Despejado",20,0.232,0.735,0.318,0.417,4.5,92,0.241,0.74,0.313,0.427,4.5,43,0.242,0.733,0.325,0.408,4.5,77,0.228,0.675,0.307,0.368,4.5,32,7,95,277,19,97,184,7,20.2,0,4,8,9.2,21.1,2,8,6,4.25,4.06,3.3,3.61,39.9,7.1,43.4,25.6,22.9,7.6,9.9,28.8,9,6.8,2.14,5.4,22,88,6,11,6,6,7,3.7,24,25,17,27,,,,89,5.1,5.54,22,66.6,19.6,3.4,10.5,0,"Austin Wells",4.101371598100652,22.0,5.6,7.7,17,3.7,0,1,5.31,5.89,4.61,4.93,45.2,9.7,41.9,32.3,14.6,8.5,12.2,28.6,4,5,0,6.7,24,97,5,,,6.7,,,24,,,17.1,,,,89,6,4.94,24,52.3,16.4,22.7,8.6,0,"Samuel Basallo",-2.777980840164804,24.0,6.7,5.0,24,6.7,0,0,0.322,0.328,0.185,0.281,42.8,10.6,73.8,24.6,26.2,73.8,26.2,20.4,33.4,34,32.6,32.8,0.316,0.326,0.158,0.293,42,7.7,75.6,23.6,21.7,75.6,24.4,19.1,30.8,35.6,26,26,-0.97,-1.06,-1.83,0.02,0.002,-1.28,0.2,0,0.16,-12,-2.2,,7,2,"home","Final",0,,,"fastball",66.6,"slider",19.6,,4,16.296296296296294,"fastball",52.3,"curve",22.7,,4.041666666666667,14.477611940298507,92.33333333333333,"Extra Rest",61.333333333333336,"Extra Rest","R","L",7,20.2,9.2,21.1,0,5077.777777777777,1334.4444444444443,0,5283.333333333333,1010,0,,,2567.8,2348.8,,,26.3,31.7,19.3,12.9,27.3,15.7,102,102,119
"823557","2026-05-01","Aaron Judge","New York Yankees",3,"R","RF",0.263,0.396,0.623,1.019,0.427,0.36,140,30,5,0,12,27.1,16.4,0.292,1.202,0.75,18,7,5,0.89,0.947,0.535,0.526,28.1,26.3,69.9,69.9,30.1,,"Cade Povich","L",0.345,0.2,0.759,0.289,"7:05 PM ET","New York Yankees","Baltimore Orioles","Yankee Stadium","Will Warren",4.15,1.37,22.9,7.6,7,4,"93.1",94,18,5.19,,,,,"Cade Povich",5.12,1.34,14.6,8.5,1,1,"19.1",12,4,4.83,,,,,3.06,"Moderada",20.2,4.34,"Alta",21.1,4.8,0.736,0.316,0.42,23.0,4.6,0.716,0.32,0.396,23.1,20,50,10,0,1013,0,"Cielo Despejado",20,0.232,0.735,0.318,0.417,4.5,92,0.241,0.74,0.313,0.427,4.5,43,0.242,0.733,0.325,0.408,4.5,77,0.228,0.675,0.307,0.368,4.5,32,7,95,277,19,97,184,7,20.2,0,4,8,9.2,21.1,2,8,6,4.25,4.06,3.3,3.61,39.9,7.1,43.4,25.6,22.9,7.6,9.9,28.8,9,6.8,2.14,5.4,22,88,6,11,6,6,7,3.7,24,25,17,27,,,,89,5.1,5.54,22,66.6,19.6,3.4,10.5,0,"Austin Wells",4.101371598100652,22.0,5.6,7.7,17,3.7,0,1,5.31,5.89,4.61,4.93,45.2,9.7,41.9,32.3,14.6,8.5,12.2,28.6,4,5,0,6.7,24,97,5,,,6.7,,,24,,,17.1,,,,89,6,4.94,24,52.3,16.4,22.7,8.6,0,"Samuel Basallo",-2.777980840164804,24.0,6.7,5.0,24,6.7,0,0,0.322,0.328,0.185,0.281,42.8,10.6,73.8,24.6,26.2,73.8,26.2,20.4,33.4,34,32.6,32.8,0.316,0.326,0.158,0.293,42,7.7,75.6,23.6,21.7,75.6,24.4,19.1,30.8,35.6,26,26,-0.97,-1.06,-1.83,0.02,0.002,-1.28,0.2,0,0.16,-12,-2.2,,7,2,"home","Final",0,,,"fastball",66.6,"slider",19.6,,4,16.296296296296294,"fastball",52.3,"curve",22.7,,4.041666666666667,14.477611940298507,92.33333333333333,"Extra Rest",61.333333333333336,"Extra Rest","R","L",7,20.2,9.2,21.1,0,5077.777777777777,1334.4444444444443,0,5283.333333333333,1010,0,,,2567.8,2348.8,,,26.3,31.7,19.3,12.9,27.3,15.7,102,102,119
"823557","2026-05-01","Cody Bellinger","New York Yankees",4,"R","LF",0.25,0.353,0.402,0.755,0.337,0.152,133,28,6,1,3,15,14.3,0.16,0.45,0.2,5,4,1,0.752,0.757,0.402,0.436,15.2,15.7,79.8,79.8,20.2,,"Cade Povich","L",0.345,0.2,0.759,0.289,"7:05 PM ET","New York Yankees","Baltimore Orioles","Yankee Stadium","Will Warren",4.15,1.37,22.9,7.6,7,4,"93.1",94,18,5.19,,,,,"Cade Povich",5.12,1.34,14.6,8.5,1,1,"19.1",12,4,4.83,,,,,3.06,"Moderada",20.2,4.34,"Alta",21.1,4.8,0.736,0.316,0.42,23.0,4.6,0.716,0.32,0.396,23.1,20,50,10,0,1013,0,"Cielo Despejado",20,0.232,0.735,0.318,0.417,4.5,92,0.241,0.74,0.313,0.427,4.5,43,0.242,0.733,0.325,0.408,4.5,77,0.228,0.675,0.307,0.368,4.5,32,7,95,277,19,97,184,7,20.2,0,4,8,9.2,21.1,2,8,6,4.25,4.06,3.3,3.61,39.9,7.1,43.4,25.6,22.9,7.6,9.9,28.8,9,6.8,2.14,5.4,22,88,6,11,6,6,7,3.7,24,25,17,27,,,,89,5.1,5.54,22,66.6,19.6,3.4,10.5,0,"Austin Wells",4.101371598100652,22.0,5.6,7.7,17,3.7,0,1,5.31,5.89,4.61,4.93,45.2,9.7,41.9,32.3,14.6,8.5,12.2,28.6,4,5,0,6.7,24,97,5,,,6.7,,,24,,,17.1,,,,89,6,4.94,24,52.3,16.4,22.7,8.6,0,"Samuel Basallo",-2.777980840164804,24.0,6.7,5.0,24,6.7,0,0,0.322,0.328,0.185,0.281,42.8,10.6,73.8,24.6,26.2,73.8,26.2,20.4,33.4,34,32.6,32.8,0.316,0.326,0.158,0.293,42,7.7,75.6,23.6,21.7,75.6,24.4,19.1,30.8,35.6,26,26,-0.97,-1.06,-1.83,0.02,0.002,-1.28,0.2,0,0.16,-12,-2.2,,7,2,"home","Final",0,,,"fastball",66.6,"slider",19.6,,4,16.296296296296294,"fastball",52.3,"curve",22.7,,4.041666666666667,14.477611940298507,92.33333333333333,"Extra Rest",61.333333333333336,"Extra Rest","R","L",7,20.2,9.2,21.1,0,5077.777777777777,1334.4444444444443,0,5283.333333333333,1010,0,,,2567.8,2348.8,,,26.3,31.7,19.3,12.9,27.3,15.7,102,102,119
"823557","2026-05-01","Ryan McMahon","New York Yankees",5,"R","3B",0.167,0.268,0.25,0.518,0.241,0.083,82,12,0,0,2,32.9,12.2,0.25,0.625,0.375,9,6,1,0.673,0.541,0.396,0.268,30.6,35.6,68.5,68.5,31.5,,"Cade Povich","L",0.345,0.2,0.759,0.289,"7:05 PM ET","New York Yankees","Baltimore Orioles","Yankee Stadium","Will Warren",4.15,1.37,22.9,7.6,7,4,"93.1",94,18,5.19,,,,,"Cade Povich",5.12,1.34,14.6,8.5,1,1,"19.1",12,4,4.83,,,,,3.06,"Moderada",20.2,4.34,"Alta",21.1,4.8,0.736,0.316,0.42,23.0,4.6,0.716,0.32,0.396,23.1,20,50,10,0,1013,0,"Cielo Despejado",20,0.232,0.735,0.318,0.417,4.5,92,0.241,0.74,0.313,0.427,4.5,43,0.242,0.733,0.325,0.408,4.5,77,0.228,0.675,0.307,0.368,4.5,32,7,95,277,19,97,184,7,20.2,0,4,8,9.2,21.1,2,8,6,4.25,4.06,3.3,3.61,39.9,7.1,43.4,25.6,22.9,7.6,9.9,28.8,9,6.8,2.14,5.4,22,88,6,11,6,6,7,3.7,24,25,17,27,,,,89,5.1,5.54,22,66.6,19.6,3.4,10.5,0,"Austin Wells",4.101371598100652,22.0,5.6,7.7,17,3.7,0,1,5.31,5.89,4.61,4.93,45.2,9.7,41.9,32.3,14.6,8.5,12.2,28.6,4,5,0,6.7,24,97,5,,,6.7,,,24,,,17.1,,,,89,6,4.94,24,52.3,16.4,22.7,8.6,0,"Samuel Basallo",-2.777980840164804,24.0,6.7,5.0,24,6.7,0,0,0.322,0.328,0.185,0.281,42.8,10.6,73.8,24.6,26.2,73.8,26.2,20.4,33.4,34,32.6,32.8,0.316,0.326,0.158,0.293,42,7.7,75.6,23.6,21.7,75.6,24.4,19.1,30.8,35.6,26,26,-0.97,-1.06,-1.83,0.02,0.002,-1.28,0.2,0,0.16,-12,-2.2,,7,2,"home","Final",0,,,"fastball",66.6,"slider",19.6,,4,16.296296296296294,"fastball",52.3,"curve",22.7,,4.041666666666667,14.477611940298507,92.33333333333333,"Extra Rest",61.333333333333336,"Extra Rest","R","L",7,20.2,9.2,21.1,0,5077.777777777777,1334.4444444444443,0,5283.333333333333,1010,0,,,2567.8,2348.8,,,26.3,31.7,19.3,12.9,27.3,15.7,102,102,119
"823557","2026-05-01","Jazz Chisholm Jr.","New York Yankees",6,"R","2B",0.205,0.288,0.33,0.618,0.277,0.125,125,23,5,0,3,28.8,9.6,0.286,0.94,0.607,17,8,3,0.728,0.618,0.402,0.359,26.7,33.9,69.3,69.3,30.7,,"Cade Povich","L",0.345,0.2,0.759,0.289,"7:05 PM ET","New York Yankees","Baltimore Orioles","Yankee Stadium","Will Warren",4.15,1.37,22.9,7.6,7,4,"93.1",94,18,5.19,,,,,"Cade Povich",5.12,1.34,14.6,8.5,1,1,"19.1",12,4,4.83,,,,,3.06,"Moderada",20.2,4.34,"Alta",21.1,4.8,0.736,0.316,0.42,23.0,4.6,0.716,0.32,0.396,23.1,20,50,10,0,1013,0,"Cielo Despejado",20,0.232,0.735,0.318,0.417,4.5,92,0.241,0.74,0.313,0.427,4.5,43,0.242,0.733,0.325,0.408,4.5,77,0.228,0.675,0.307,0.368,4.5,32,7,95,277,19,97,184,7,20.2,0,4,8,9.2,21.1,2,8,6,4.25,4.06,3.3,3.61,39.9,7.1,43.4,25.6,22.9,7.6,9.9,28.8,9,6.8,2.14,5.4,22,88,6,11,6,6,7,3.7,24,25,17,27,,,,89,5.1,5.54,22,66.6,19.6,3.4,10.5,0,"Austin Wells",4.101371598100652,22.0,5.6,7.7,17,3.7,0,1,5.31,5.89,4.61,4.93,45.2,9.7,41.9,32.3,14.6,8.5,12.2,28.6,4,5,0,6.7,24,97,5,,,6.7,,,24,,,17.1,,,,89,6,4.94,24,52.3,16.4,22.7,8.6,0,"Samuel Basallo",-2.777980840164804,24.0,6.7,5.0,24,6.7,0,0,0.322,0.328,0.185,0.281,42.8,10.6,73.8,24.6,26.2,73.8,26.2,20.4,33.4,34,32.6,32.8,0.316,0.326,0.158,0.293,42,7.7,75.6,23.6,21.7,75.6,24.4,19.1,30.8,35.6,26,26,-0.97,-1.06,-1.83,0.02,0.002,-1.28,0.2,0,0.16,-12,-2.2,,7,2,"home","Final",0,,,"fastball",66.6,"slider",19.6,,4,16.296296296296294,"fastball",52.3,"curve",22.7,,4.041666666666667,14.477611940298507,92.33333333333333,"Extra Rest",61.333333333333336,"Extra Rest","R","L",7,20.2,9.2,21.1,0,5077.777777777777,1334.4444444444443,0,5283.333333333333,1010,0,,,2567.8,2348.8,,,26.3,31.7,19.3,12.9,27.3,15.7,102,102,119
"823557","2026-05-01","José Caballero","New York Yankees",7,"R","SS",0.266,0.31,0.422,0.732,0.319,0.156,116,29,5,0,4,22.4,3.4,0.36,1.047,0.64,16,9,3,0.699,0.693,0.394,0.404,18.8,32,73.9,73.9,26.1,,"Cade Povich","L",0.345,0.2,0.759,0.289,"7:05 PM ET","New York Yankees","Baltimore Orioles","Yankee Stadium","Will Warren",4.15,1.37,22.9,7.6,7,4,"93.1",94,18,5.19,,,,,"Cade Povich",5.12,1.34,14.6,8.5,1,1,"19.1",12,4,4.83,,,,,3.06,"Moderada",20.2,4.34,"Alta",21.1,4.8,0.736,0.316,0.42,23.0,4.6,0.716,0.32,0.396,23.1,20,50,10,0,1013,0,"Cielo Despejado",20,0.232,0.735,0.318,0.417,4.5,92,0.241,0.74,0.313,0.427,4.5,43,0.242,0.733,0.325,0.408,4.5,77,0.228,0.675,0.307,0.368,4.5,32,7,95,277,19,97,184,7,20.2,0,4,8,9.2,21.1,2,8,6,4.25,4.06,3.3,3.61,39.9,7.1,43.4,25.6,22.9,7.6,9.9,28.8,9,6.8,2.14,5.4,22,88,6,11,6,6,7,3.7,24,25,17,27,,,,89,5.1,5.54,22,66.6,19.6,3.4,10.5,0,"Austin Wells",4.101371598100652,22.0,5.6,7.7,17,3.7,0,1,5.31,5.89,4.61,4.93,45.2,9.7,41.9,32.3,14.6,8.5,12.2,28.6,4,5,0,6.7,24,97,5,,,6.7,,,24,,,17.1,,,,89,6,4.94,24,52.3,16.4,22.7,8.6,0,"Samuel Basallo",-2.777980840164804,24.0,6.7,5.0,24,6.7,0,0,0.322,0.328,0.185,0.281,42.8,10.6,73.8,24.6,26.2,73.8,26.2,20.4,33.4,34,32.6,32.8,0.316,0.326,0.158,0.293,42,7.7,75.6,23.6,21.7,75.6,24.4,19.1,30.8,35.6,26,26,-0.97,-1.06,-1.83,0.02,0.002,-1.28,0.2,0,0.16,-12,-2.2,,7,2,"home","Final",0,,,"fastball",66.6,"slider",19.6,,4,16.296296296296294,"fastball",52.3,"curve",22.7,,4.041666666666667,14.477611940298507,92.33333333333333,"Extra Rest",61.333333333333336,"Extra Rest","R","L",7,20.2,9.2,21.1,0,5077.777777777777,1334.4444444444443,0,5283.333333333333,1010,0,,,2567.8,2348.8,,,26.3,31.7,19.3,12.9,27.3,15.7,102,102,119
"823557","2026-05-01","Austin Wells","New York Yankees",8,"R","C",0.203,0.341,0.338,0.679,0.304,0.135,91,15,1,0,3,17.6,17.6,0.238,0.909,0.524,11,5,2,0.526,0.409,0.248,0.23,28.3,26.9,69.9,69.9,30.1,,"Cade Povich","L",0.345,0.2,0.759,0.289,"7:05 PM ET","New York Yankees","Baltimore Orioles","Yankee Stadium","Will Warren",4.15,1.37,22.9,7.6,7,4,"93.1",94,18,5.19,,,,,"Cade Povich",5.12,1.34,14.6,8.5,1,1,"19.1",12,4,4.83,,,,,3.06,"Moderada",20.2,4.34,"Alta",21.1,4.8,0.736,0.316,0.42,23.0,4.6,0.716,0.32,0.396,23.1,20,50,10,0,1013,0,"Cielo Despejado",20,0.232,0.735,0.318,0.417,4.5,92,0.241,0.74,0.313,0.427,4.5,43,0.242,0.733,0.325,0.408,4.5,77,0.228,0.675,0.307,0.368,4.5,32,7,95,277,19,97,184,7,20.2,0,4,8,9.2,21.1,2,8,6,4.25,4.06,3.3,3.61,39.9,7.1,43.4,25.6,22.9,7.6,9.9,28.8,9,6.8,2.14,5.4,22,88,6,11,6,6,7,3.7,24,25,17,27,,,,89,5.1,5.54,22,66.6,19.6,3.4,10.5,0,"Austin Wells",4.101371598100652,22.0,5.6,7.7,17,3.7,0,1,5.31,5.89,4.61,4.93,45.2,9.7,41.9,32.3,14.6,8.5,12.2,28.6,4,5,0,6.7,24,97,5,,,6.7,,,24,,,17.1,,,,89,6,4.94,24,52.3,16.4,22.7,8.6,0,"Samuel Basallo",-2.777980840164804,24.0,6.7,5.0,24,6.7,0,0,0.322,0.328,0.185,0.281,42.8,10.6,73.8,24.6,26.2,73.8,26.2,20.4,33.4,34,32.6,32.8,0.316,0.326,0.158,0.293,42,7.7,75.6,23.6,21.7,75.6,24.4,19.1,30.8,35.6,26,26,-0.97,-1.06,-1.83,0.02,0.002,-1.28,0.2,0,0.16,-12,-2.2,,7,2,"home","Final",0,,,"fastball",66.6,"slider",19.6,,4,16.296296296296294,"fastball",52.3,"curve",22.7,,4.041666666666667,14.477611940298507,92.33333333333333,"Extra Rest",61.333333333333336,"Extra Rest","R","L",7,20.2,9.2,21.1,0,5077.777777777777,1334.4444444444443,0,5283.333333333333,1010,0,,,2567.8,2348.8,,,26.3,31.7,19.3,12.9,27.3,15.7,102,102,119
"823557","2026-05-01","Trent Grisham","New York Yankees",9,"R","CF",0.155,0.297,0.32,0.617,0.283,0.165,118,15,2,1,4,17.8,16.9,0.12,0.507,0.24,6,3,1,0.745,0.762,0.409,0.433,15.9,19.7,83.2,83.2,16.8,,"Cade Povich","L",0.345,0.2,0.759,0.289,"7:05 PM ET","New York Yankees","Baltimore Orioles","Yankee Stadium","Will Warren",4.15,1.37,22.9,7.6,7,4,"93.1",94,18,5.19,,,,,"Cade Povich",5.12,1.34,14.6,8.5,1,1,"19.1",12,4,4.83,,,,,3.06,"Moderada",20.2,4.34,"Alta",21.1,4.8,0.736,0.316,0.42,23.0,4.6,0.716,0.32,0.396,23.1,20,50,10,0,1013,0,"Cielo Despejado",20,0.232,0.735,0.318,0.417,4.5,92,0.241,0.74,0.313,0.427,4.5,43,0.242,0.733,0.325,0.408,4.5,77,0.228,0.675,0.307,0.368,4.5,32,7,95,277,19,97,184,7,20.2,0,4,8,9.2,21.1,2,8,6,4.25,4.06,3.3,3.61,39.9,7.1,43.4,25.6,22.9,7.6,9.9,28.8,9,6.8,2.14,5.4,22,88,6,11,6,6,7,3.7,24,25,17,27,,,,89,5.1,5.54,22,66.6,19.6,3.4,10.5,0,"Austin Wells",4.101371598100652,22.0,5.6,7.7,17,3.7,0,1,5.31,5.89,4.61,4.93,45.2,9.7,41.9,32.3,14.6,8.5,12.2,28.6,4,5,0,6.7,24,97,5,,,6.7,,,24,,,17.1,,,,89,6,4.94,24,52.3,16.4,22.7,8.6,0,"Samuel Basallo",-2.777980840164804,24.0,6.7,5.0,24,6.7,0,0,0.322,0.328,0.185,0.281,42.8,10.6,73.8,24.6,26.2,73.8,26.2,20.4,33.4,34,32.6,32.8,0.316,0.326,0.158,0.293,42,7.7,75.6,23.6,21.7,75.6,24.4,19.1,30.8,35.6,26,26,-0.97,-1.06,-1.83,0.02,0.002,-1.28,0.2,0,0.16,-12,-2.2,,7,2,"home","Final",0,,,"fastball",66.6,"slider",19.6,,4,16.296296296296294,"fastball",52.3,"curve",22.7,,4.041666666666667,14.477611940298507,92.33333333333333,"Extra Rest",61.333333333333336,"Extra Rest","R","L",7,20.2,9.2,21.1,0,5077.777777777777,1334.4444444444443,0,5283.333333333333,1010,0,,,2567.8,2348.8,,,26.3,31.7,19.3,12.9,27.3,15.7,102,102,119
"823557","2026-05-01","Gunnar Henderson","Baltimore Orioles",1,"R","SS",0.207,0.275,0.467,0.742,0.318,0.26,149,28,6,1,9,30.9,8.1,0.267,0.823,0.533,16,8,4,0.688,0.684,0.389,0.412,22.9,20.8,76.7,76.7,23.3,,"Will Warren","R",0.265,0.26,0.445,0.42,"7:05 PM ET","New York Yankees","Baltimore Orioles","Yankee Stadium","Will Warren",4.15,1.37,22.9,7.6,7,4,"93.1",94,18,5.19,,,,,"Cade Povich",5.12,1.34,14.6,8.5,1,1,"19.1",12,4,4.83,,,,,3.06,"Moderada",20.2,4.34,"Alta",21.1,4.8,0.736,0.316,0.42,23.0,4.6,0.716,0.32,0.396,23.1,20,50,10,0,1013,0,"Cielo Despejado",20,0.232,0.735,0.318,0.417,4.5,92,0.241,0.74,0.313,0.427,4.5,43,0.242,0.733,0.325,0.408,4.5,77,0.228,0.675,0.307,0.368,4.5,32,7,95,277,19,97,184,7,20.2,0,4,8,9.2,21.1,2,8,6,4.25,4.06,3.3,3.61,39.9,7.1,43.4,25.6,22.9,7.6,9.9,28.8,9,6.8,2.14,5.4,22,88,6,11,6,6,7,3.7,24,25,17,27,,,,89,5.1,5.54,22,66.6,19.6,3.4,10.5,0,"Austin Wells",4.101371598100652,22.0,5.6,7.7,17,3.7,0,1,5.31,5.89,4.61,4.93,45.2,9.7,41.9,32.3,14.6,8.5,12.2,28.6,4,5,0,6.7,24,97,5,,,6.7,,,24,,,17.1,,,,89,6,4.94,24,52.3,16.4,22.7,8.6,0,"Samuel Basallo",-2.777980840164804,24.0,6.7,5.0,24,6.7,0,0,0.322,0.328,0.185,0.281,42.8,10.6,73.8,24.6,26.2,73.8,26.2,20.4,33.4,34,32.6,32.8,0.316,0.326,0.158,0.293,42,7.7,75.6,23.6,21.7,75.6,24.4,19.1,30.8,35.6,26,26,-0.97,-1.06,-1.83,0.02,0.002,-1.28,0.2,0,0.16,-12,-2.2,,7,2,"home","Final",0,,,"fastball",66.6,"slider",19.6,,4,16.296296296296294,"fastball",52.3,"curve",22.7,,4.041666666666667,14.477611940298507,92.33333333333333,"Extra Rest",61.333333333333336,"Extra Rest","R","L",7,20.2,9.2,21.1,0,5077.777777777777,1334.4444444444443,0,5283.333333333333,1010,0,,,2567.8,2348.8,,,26.3,31.7,19.3,12.9,27.3,15.7,102,102,119
"823557","2026-05-01","Taylor Ward","Baltimore Orioles",2,"R","LF",0.294,0.426,0.429,0.855,0.382,0.135,148,35,13,0,1,16.2,18.2,0.421,1.107,0.474,9,8,1,0.692,0.859,0.33,0.42,22.4,17.5,80.6,80.6,19.4,,"Will Warren","R",0.265,0.26,0.445,0.42,"7:05 PM ET","New York Yankees","Baltimore Orioles","Yankee Stadium","Will Warren",4.15,1.37,22.9,7.6,7,4,"93.1",94,18,5.19,,,,,"Cade Povich",5.12,1.34,14.6,8.5,1,1,"19.1",12,4,4.83,,,,,3.06,"Moderada",20.2,4.34,"Alta",21.1,4.8,0.736,0.316,0.42,23.0,4.6,0.716,0.32,0.396,23.1,20,50,10,0,1013,0,"Cielo Despejado",20,0.232,0.735,0.318,0.417,4.5,92,0.241,0.74,0.313,0.427,4.5,43,0.242,0.733,0.325,0.408,4.5,77,0.228,0.675,0.307,0.368,4.5,32,7,95,277,19,97,184,7,20.2,0,4,8,9.2,21.1,2,8,6,4.25,4.06,3.3,3.61,39.9,7.1,43.4,25.6,22.9,7.6,9.9,28.8,9,6.8,2.14,5.4,22,88,6,11,6,6,7,3.7,24,25,17,27,,,,89,5.1,5.54,22,66.6,19.6,3.4,10.5,0,"Austin Wells",4.101371598100652,22.0,5.6,7.7,17,3.7,0,1,5.31,5.89,4.61,4.93,45.2,9.7,41.9,32.3,14.6,8.5,12.2,28.6,4,5,0,6.7,24,97,5,,,6.7,,,24,,,17.1,,,,89,6,4.94,24,52.3,16.4,22.7,8.6,0,"Samuel Basallo",-2.777980840164804,24.0,6.7,5.0,24,6.7,0,0,0.322,0.328,0.185,0.281,42.8,10.6,73.8,24.6,26.2,73.8,26.2,20.4,33.4,34,32.6,32.8,0.316,0.326,0.158,0.293,42,7.7,75.6,23.6,21.7,75.6,24.4,19.1,30.8,35.6,26,26,-0.97,-1.06,-1.83,0.02,0.002,-1.28,0.2,0,0.16,-12,-2.2,,7,2,"home","Final",0,,,"fastball",66.6,"slider",19.6,,4,16.296296296296294,"fastball",52.3,"curve",22.7,,4.041666666666667,14.477611940298507,92.33333333333333,"Extra Rest",61.333333333333336,"Extra Rest","R","L",7,20.2,9.2,21.1,0,5077.777777777777,1334.4444444444443,0,5283.333333333333,1010,0,,,2567.8,2348.8,,,26.3,31.7,19.3,12.9,27.3,15.7,102,102,119
"823557","2026-05-01","Adley Rutschman","Baltimore Orioles",3,"R","DH",0.333,0.382,0.619,1.001,0.424,0.286,68,21,6,0,4,13.2,7.4,0.467,1.4,0.933,28,14,6,0.806,0.718,0.477,0.388,17.1,10.3,84.6,84.6,15.4,,"Will Warren","R",0.265,0.26,0.445,0.42,"7:05 PM ET","New York Yankees","Baltimore Orioles","Yankee Stadium","Will Warren",4.15,1.37,22.9,7.6,7,4,"93.1",94,18,5.19,,,,,"Cade Povich",5.12,1.34,14.6,8.5,1,1,"19.1",12,4,4.83,,,,,3.06,"Moderada",20.2,4.34,"Alta",21.1,4.8,0.736,0.316,0.42,23.0,4.6,0.716,0.32,0.396,23.1,20,50,10,0,1013,0,"Cielo Despejado",20,0.232,0.735,0.318,0.417,4.5,92,0.241,0.74,0.313,0.427,4.5,43,0.242,0.733,0.325,0.408,4.5,77,0.228,0.675,0.307,0.368,4.5,32,7,95,277,19,97,184,7,20.2,0,4,8,9.2,21.1,2,8,6,4.25,4.06,3.3,3.61,39.9,7.1,43.4,25.6,22.9,7.6,9.9,28.8,9,6.8,2.14,5.4,22,88,6,11,6,6,7,3.7,24,25,17,27,,,,89,5.1,5.54,22,66.6,19.6,3.4,10.5,0,"Austin Wells",4.101371598100652,22.0,5.6,7.7,17,3.7,0,1,5.31,5.89,4.61,4.93,45.2,9.7,41.9,32.3,14.6,8.5,12.2,28.6,4,5,0,6.7,24,97,5,,,6.7,,,24,,,17.1,,,,89,6,4.94,24,52.3,16.4,22.7,8.6,0,"Samuel Basallo",-2.777980840164804,24.0,6.7,5.0,24,6.7,0,0,0.322,0.328,0.185,0.281,42.8,10.6,73.8,24.6,26.2,73.8,26.2,20.4,33.4,34,32.6,32.8,0.316,0.326,0.158,0.293,42,7.7,75.6,23.6,21.7,75.6,24.4,19.1,30.8,35.6,26,26,-0.97,-1.06,-1.83,0.02,0.002,-1.28,0.2,0,0.16,-12,-2.2,,7,2,"home","Final",0,,,"fastball",66.6,"slider",19.6,,4,16.296296296296294,"fastball",52.3,"curve",22.7,,4.041666666666667,14.477611940298507,92.33333333333333,"Extra Rest",61.333333333333336,"Extra Rest","R","L",7,20.2,9.2,21.1,0,5077.777777777777,1334.4444444444443,0,5283.333333333333,1010,0,,,2567.8,2348.8,,,26.3,31.7,19.3,12.9,27.3,15.7,102,102,119
"823557","2026-05-01","Pete Alonso","Baltimore Orioles",4,"R","1B",0.203,0.319,0.39,0.709,0.314,0.187,138,24,7,0,5,23.9,13.8,0.154,0.664,0.423,11,4,3,0.896,0.611,0.527,0.327,23.8,25,72.2,72.2,27.8,,"Will Warren","R",0.265,0.26,0.445,0.42,"7:05 PM ET","New York Yankees","Baltimore Orioles","Yankee Stadium","Will Warren",4.15,1.37,22.9,7.6,7,4,"93.1",94,18,5.19,,,,,"Cade Povich",5.12,1.34,14.6,8.5,1,1,"19.1",12,4,4.83,,,,,3.06,"Moderada",20.2,4.34,"Alta",21.1,4.8,0.736,0.316,0.42,23.0,4.6,0.716,0.32,0.396,23.1,20,50,10,0,1013,0,"Cielo Despejado",20,0.232,0.735,0.318,0.417,4.5,92,0.241,0.74,0.313,0.427,4.5,43,0.242,0.733,0.325,0.408,4.5,77,0.228,0.675,0.307,0.368,4.5,32,7,95,277,19,97,184,7,20.2,0,4,8,9.2,21.1,2,8,6,4.25,4.06,3.3,3.61,39.9,7.1,43.4,25.6,22.9,7.6,9.9,28.8,9,6.8,2.14,5.4,22,88,6,11,6,6,7,3.7,24,25,17,27,,,,89,5.1,5.54,22,66.6,19.6,3.4,10.5,0,"Austin Wells",4.101371598100652,22.0,5.6,7.7,17,3.7,0,1,5.31,5.89,4.61,4.93,45.2,9.7,41.9,32.3,14.6,8.5,12.2,28.6,4,5,0,6.7,24,97,5,,,6.7,,,24,,,17.1,,,,89,6,4.94,24,52.3,16.4,22.7,8.6,0,"Samuel Basallo",-2.777980840164804,24.0,6.7,5.0,24,6.7,0,0,0.322,0.328,0.185,0.281,42.8,10.6,73.8,24.6,26.2,73.8,26.2,20.4,33.4,34,32.6,32.8,0.316,0.326,0.158,0.293,42,7.7,75.6,23.6,21.7,75.6,24.4,19.1,30.8,35.6,26,26,-0.97,-1.06,-1.83,0.02,0.002,-1.28,0.2,0,0.16,-12,-2.2,,7,2,"home","Final",0,,,"fastball",66.6,"slider",19.6,,4,16.296296296296294,"fastball",52.3,"curve",22.7,,4.041666666666667,14.477611940298507,92.33333333333333,"Extra Rest",61.333333333333336,"Extra Rest","R","L",7,20.2,9.2,21.1,0,5077.777777777777,1334.4444444444443,0,5283.333333333333,1010,0,,,2567.8,2348.8,,,26.3,31.7,19.3,12.9,27.3,15.7,102,102,119
"823557","2026-05-01","Samuel Basallo","Baltimore Orioles",5,"R","C",0.233,0.313,0.43,0.743,0.32,0.197,96,20,2,0,5,26,10.4,0.44,1.26,0.76,19,11,4,0.865,0.46,0.526,0.235,22.5,36.6,69.1,69.1,30.9,,"Will Warren","R",0.265,0.26,0.445,0.42,"7:05 PM ET","New York Yankees","Baltimore Orioles","Yankee Stadium","Will Warren",4.15,1.37,22.9,7.6,7,4,"93.1",94,18,5.19,,,,,"Cade Povich",5.12,1.34,14.6,8.5,1,1,"19.1",12,4,4.83,,,,,3.06,"Moderada",20.2,4.34,"Alta",21.1,4.8,0.736,0.316,0.42,23.0,4.6,0.716,0.32,0.396,23.1,20,50,10,0,1013,0,"Cielo Despejado",20,0.232,0.735,0.318,0.417,4.5,92,0.241,0.74,0.313,0.427,4.5,43,0.242,0.733,0.325,0.408,4.5,77,0.228,0.675,0.307,0.368,4.5,32,7,95,277,19,97,184,7,20.2,0,4,8,9.2,21.1,2,8,6,4.25,4.06,3.3,3.61,39.9,7.1,43.4,25.6,22.9,7.6,9.9,28.8,9,6.8,2.14,5.4,22,88,6,11,6,6,7,3.7,24,25,17,27,,,,89,5.1,5.54,22,66.6,19.6,3.4,10.5,0,"Austin Wells",4.101371598100652,22.0,5.6,7.7,17,3.7,0,1,5.31,5.89,4.61,4.93,45.2,9.7,41.9,32.3,14.6,8.5,12.2,28.6,4,5,0,6.7,24,97,5,,,6.7,,,24,,,17.1,,,,89,6,4.94,24,52.3,16.4,22.7,8.6,0,"Samuel Basallo",-2.777980840164804,24.0,6.7,5.0,24,6.7,0,0,0.322,0.328,0.185,0.281,42.8,10.6,73.8,24.6,26.2,73.8,26.2,20.4,33.4,34,32.6,32.8,0.316,0.326,0.158,0.293,42,7.7,75.6,23.6,21.7,75.6,24.4,19.1,30.8,35.6,26,26,-0.97,-1.06,-1.83,0.02,0.002,-1.28,0.2,0,0.16,-12,-2.2,,7,2,"home","Final",0,,,"fastball",66.6,"slider",19.6,,4,16.296296296296294,"fastball",52.3,"curve",22.7,,4.041666666666667,14.477611940298507,92.33333333333333,"Extra Rest",61.333333333333336,"Extra Rest","R","L",7,20.2,9.2,21.1,0,5077.777777777777,1334.4444444444443,0,5283.333333333333,1010,0,,,2567.8,2348.8,,,26.3,31.7,19.3,12.9,27.3,15.7,102,102,119
"823557","2026-05-01","Dylan Beavers","Baltimore Orioles",6,"R","RF",0.22,0.293,0.329,0.622,0.28,0.109,93,18,3,0,2,23.7,9.7,0.259,0.754,0.444,12,7,3,0.729,0.39,0.39,0.182,24.3,24,75.4,75.4,24.6,,"Will Warren","R",0.265,0.26,0.445,0.42,"7:05 PM ET","New York Yankees","Baltimore Orioles","Yankee Stadium","Will Warren",4.15,1.37,22.9,7.6,7,4,"93.1",94,18,5.19,,,,,"Cade Povich",5.12,1.34,14.6,8.5,1,1,"19.1",12,4,4.83,,,,,3.06,"Moderada",20.2,4.34,"Alta",21.1,4.8,0.736,0.316,0.42,23.0,4.6,0.716,0.32,0.396,23.1,20,50,10,0,1013,0,"Cielo Despejado",20,0.232,0.735,0.318,0.417,4.5,92,0.241,0.74,0.313,0.427,4.5,43,0.242,0.733,0.325,0.408,4.5,77,0.228,0.675,0.307,0.368,4.5,32,7,95,277,19,97,184,7,20.2,0,4,8,9.2,21.1,2,8,6,4.25,4.06,3.3,3.61,39.9,7.1,43.4,25.6,22.9,7.6,9.9,28.8,9,6.8,2.14,5.4,22,88,6,11,6,6,7,3.7,24,25,17,27,,,,89,5.1,5.54,22,66.6,19.6,3.4,10.5,0,"Austin Wells",4.101371598100652,22.0,5.6,7.7,17,3.7,0,1,5.31,5.89,4.61,4.93,45.2,9.7,41.9,32.3,14.6,8.5,12.2,28.6,4,5,0,6.7,24,97,5,,,6.7,,,24,,,17.1,,,,89,6,4.94,24,52.3,16.4,22.7,8.6,0,"Samuel Basallo",-2.777980840164804,24.0,6.7,5.0,24,6.7,0,0,0.322,0.328,0.185,0.281,42.8,10.6,73.8,24.6,26.2,73.8,26.2,20.4,33.4,34,32.6,32.8,0.316,0.326,0.158,0.293,42,7.7,75.6,23.6,21.7,75.6,24.4,19.1,30.8,35.6,26,26,-0.97,-1.06,-1.83,0.02,0.002,-1.28,0.2,0,0.16,-12,-2.2,,7,2,"home","Final",0,,,"fastball",66.6,"slider",19.6,,4,16.296296296296294,"fastball",52.3,"curve",22.7,,4.041666666666667,14.477611940298507,92.33333333333333,"Extra Rest",61.333333333333336,"Extra Rest","R","L",7,20.2,9.2,21.1,0,5077.777777777777,1334.4444444444443,0,5283.333333333333,1010,0,,,2567.8,2348.8,,,26.3,31.7,19.3,12.9,27.3,15.7,102,102,119
"823557","2026-05-01","Leody Taveras","Baltimore Orioles",7,"R","CF",0.275,0.383,0.435,0.818,0.36,0.16,82,19,3,1,2,19.5,14.6,0.185,0.637,0.37,10,5,2,0.734,0.522,0.404,0.24,22.6,29.5,74.6,74.6,25.4,,"Will Warren","R",0.265,0.26,0.445,0.42,"7:05 PM ET","New York Yankees","Baltimore Orioles","Yankee Stadium","Will Warren",4.15,1.37,22.9,7.6,7,4,"93.1",94,18,5.19,,,,,"Cade Povich",5.12,1.34,14.6,8.5,1,1,"19.1",12,4,4.83,,,,,3.06,"Moderada",20.2,4.34,"Alta",21.1,4.8,0.736,0.316,0.42,23.0,4.6,0.716,0.32,0.396,23.1,20,50,10,0,1013,0,"Cielo Despejado",20,0.232,0.735,0.318,0.417,4.5,92,0.241,0.74,0.313,0.427,4.5,43,0.242,0.733,0.325,0.408,4.5,77,0.228,0.675,0.307,0.368,4.5,32,7,95,277,19,97,184,7,20.2,0,4,8,9.2,21.1,2,8,6,4.25,4.06,3.3,3.61,39.9,7.1,43.4,25.6,22.9,7.6,9.9,28.8,9,6.8,2.14,5.4,22,88,6,11,6,6,7,3.7,24,25,17,27,,,,89,5.1,5.54,22,66.6,19.6,3.4,10.5,0,"Austin Wells",4.101371598100652,22.0,5.6,7.7,17,3.7,0,1,5.31,5.89,4.61,4.93,45.2,9.7,41.9,32.3,14.6,8.5,12.2,28.6,4,5,0,6.7,24,97,5,,,6.7,,,24,,,17.1,,,,89,6,4.94,24,52.3,16.4,22.7,8.6,0,"Samuel Basallo",-2.777980840164804,24.0,6.7,5.0,24,6.7,0,0,0.322,0.328,0.185,0.281,42.8,10.6,73.8,24.6,26.2,73.8,26.2,20.4,33.4,34,32.6,32.8,0.316,0.326,0.158,0.293,42,7.7,75.6,23.6,21.7,75.6,24.4,19.1,30.8,35.6,26,26,-0.97,-1.06,-1.83,0.02,0.002,-1.28,0.2,0,0.16,-12,-2.2,,7,2,"home","Final",0,,,"fastball",66.6,"slider",19.6,,4,16.296296296296294,"fastball",52.3,"curve",22.7,,4.041666666666667,14.477611940298507,92.33333333333333,"Extra Rest",61.333333333333336,"Extra Rest","R","L",7,20.2,9.2,21.1,0,5077.777777777777,1334.4444444444443,0,5283.333333333333,1010,0,,,2567.8,2348.8,,,26.3,31.7,19.3,12.9,27.3,15.7,102,102,119
"823557","2026-05-01","Jeremiah Jackson","Baltimore Orioles",8,"R","2B",0.27,0.288,0.48,0.768,0.33,0.21,104,27,3,0,6,23.1,1.9,0.192,0.538,0.346,9,5,2,0.69,0.607,0.428,0.328,18.1,24.6,73.5,73.5,26.5,,"Will Warren","R",0.265,0.26,0.445,0.42,"7:05 PM ET","New York Yankees","Baltimore Orioles","Yankee Stadium","Will Warren",4.15,1.37,22.9,7.6,7,4,"93.1",94,18,5.19,,,,,"Cade Povich",5.12,1.34,14.6,8.5,1,1,"19.1",12,4,4.83,,,,,3.06,"Moderada",20.2,4.34,"Alta",21.1,4.8,0.736,0.316,0.42,23.0,4.6,0.716,0.32,0.396,23.1,20,50,10,0,1013,0,"Cielo Despejado",20,0.232,0.735,0.318,0.417,4.5,92,0.241,0.74,0.313,0.427,4.5,43,0.242,0.733,0.325,0.408,4.5,77,0.228,0.675,0.307,0.368,4.5,32,7,95,277,19,97,184,7,20.2,0,4,8,9.2,21.1,2,8,6,4.25,4.06,3.3,3.61,39.9,7.1,43.4,25.6,22.9,7.6,9.9,28.8,9,6.8,2.14,5.4,22,88,6,11,6,6,7,3.7,24,25,17,27,,,,89,5.1,5.54,22,66.6,19.6,3.4,10.5,0,"Austin Wells",4.101371598100652,22.0,5.6,7.7,17,3.7,0,1,5.31,5.89,4.61,4.93,45.2,9.7,41.9,32.3,14.6,8.5,12.2,28.6,4,5,0,6.7,24,97,5,,,6.7,,,24,,,17.1,,,,89,6,4.94,24,52.3,16.4,22.7,8.6,0,"Samuel Basallo",-2.777980840164804,24.0,6.7,5.0,24,6.7,0,0,0.322,0.328,0.185,0.281,42.8,10.6,73.8,24.6,26.2,73.8,26.2,20.4,33.4,34,32.6,32.8,0.316,0.326,0.158,0.293,42,7.7,75.6,23.6,21.7,75.6,24.4,19.1,30.8,35.6,26,26,-0.97,-1.06,-1.83,0.02,0.002,-1.28,0.2,0,0.16,-12,-2.2,,7,2,"home","Final",0,,,"fastball",66.6,"slider",19.6,,4,16.296296296296294,"fastball",52.3,"curve",22.7,,4.041666666666667,14.477611940298507,92.33333333333333,"Extra Rest",61.333333333333336,"Extra Rest","R","L",7,20.2,9.2,21.1,0,5077.777777777777,1334.4444444444443,0,5283.333333333333,1010,0,,,2567.8,2348.8,,,26.3,31.7,19.3,12.9,27.3,15.7,102,102,119
"823557","2026-05-01","Blaze Alexander","Baltimore Orioles",9,"R","3B",0.185,0.254,0.215,0.469,0.218,0.03,73,12,2,0,0,28.8,6.8,0.1,0.45,0.2,2,1,1,0.828,0.672,0.453,0.355,21.2,24.4,74.1,74.1,25.9,,"Will Warren","R",0.265,0.26,0.445,0.42,"7:05 PM ET","New York Yankees","Baltimore Orioles","Yankee Stadium","Will Warren",4.15,1.37,22.9,7.6,7,4,"93.1",94,18,5.19,,,,,"Cade Povich",5.12,1.34,14.6,8.5,1,1,"19.1",12,4,4.83,,,,,3.06,"Moderada",20.2,4.34,"Alta",21.1,4.8,0.736,0.316,0.42,23.0,4.6,0.716,0.32,0.396,23.1,20,50,10,0,1013,0,"Cielo Despejado",20,0.232,0.735,0.318,0.417,4.5,92,0.241,0.74,0.313,0.427,4.5,43,0.242,0.733,0.325,0.408,4.5,77,0.228,0.675,0.307,0.368,4.5,32,7,95,277,19,97,184,7,20.2,0,4,8,9.2,21.1,2,8,6,4.25,4.06,3.3,3.61,39.9,7.1,43.4,25.6,22.9,7.6,9.9,28.8,9,6.8,2.14,5.4,22,88,6,11,6,6,7,3.7,24,25,17,27,,,,89,5.1,5.54,22,66.6,19.6,3.4,10.5,0,"Austin Wells",4.101371598100652,22.0,5.6,7.7,17,3.7,0,1,5.31,5.89,4.61,4.93,45.2,9.7,41.9,32.3,14.6,8.5,12.2,28.6,4,5,0,6.7,24,97,5,,,6.7,,,24,,,17.1,,,,89,6,4.94,24,52.3,16.4,22.7,8.6,0,"Samuel Basallo",-2.777980840164804,24.0,6.7,5.0,24,6.7,0,0,0.322,0.328,0.185,0.281,42.8,10.6,73.8,24.6,26.2,73.8,26.2,20.4,33.4,34,32.6,32.8,0.316,0.326,0.158,0.293,42,7.7,75.6,23.6,21.7,75.6,24.4,19.1,30.8,35.6,26,26,-0.97,-1.06,-1.83,0.02,0.002,-1.28,0.2,0,0.16,-12,-2.2,,7,2,"home","Final",0,,,"fastball",66.6,"slider",19.6,,4,16.296296296296294,"fastball",52.3,"curve",22.7,,4.041666666666667,14.477611940298507,92.33333333333333,"Extra Rest",61.333333333333336,"Extra Rest","R","L",7,20.2,9.2,21.1,0,5077.777777777777,1334.4444444444443,0,5283.333333333333,1010,0,,,2567.8,2348.8,,,26.3,31.7,19.3,12.9,27.3,15.7,102,102,119
"823713","2026-05-01","Byron Buxton","Minnesota Twins",1,"R","CF",0.26,0.317,0.528,0.845,0.361,0.268,139,33,5,1,9,25.9,6.5,0.313,1.009,0.656,21,10,5,0.952,0.778,0.62,0.459,24.2,26.4,69.8,69.8,30.2,,"Patrick Corbin","L",0.244,0.311,0.341,0.518,"8:10 PM ET","Minnesota Twins","Toronto Blue Jays","Target Field","Simeon Woods Richardson",6.4,1.75,11.7,12.1,1,7,"57.2",31,15,3.84,,,,,"Patrick Corbin",5.07,1.48,17.5,7.1,3,4,"76.1",59,17,4.49,,,,,5.28,"Moderada",17,3.77,"Alta",26,4.9,0.736,0.322,0.414,20.4,4,0.688,0.305,0.383,19.5,20,50,10,0,1013,0,"Cielo Despejado",20,0.256,0.761,0.323,0.438,4.5,93,0.225,0.674,0.321,0.353,4.5,25,0.253,0.7,0.309,0.391,4.5,70,0.218,0.652,0.294,0.358,4.5,23,5,78,265,5,84,228,7.1,17,3,6,5,10.2,26,3,7,5,5.93,5.92,5.24,5.71,43,8.5,40,28.5,11.7,12.1,7.6,24.6,2,2.6,0.8,5,23.2,84,2,2,3,4.3,5,5,22,22,27,9.6,2,19,19,88,5.1,3.4,23.2,44.1,23.8,7.3,0,24.6,"Victor Caratini",2.794710975420558,23.7,4.8,2.3,22,4.3,0,0,5.38,4.71,3.92,4.42,42.6,7.6,38.6,24.5,17.5,7.1,9.8,24.2,4,4,1.22,4.9,19.8,78,4,3,6,4.7,5,5.7,20,18,20,15.9,3,21,21,78,5,4.06,19.8,53.9,26.9,0,18,0,"Tyler Heineman",3.588313954764328,19.3,5.1,4.3,18,4.7,0,0,0.323,0.312,0.167,0.293,36.7,9.1,74.5,22.2,20.9,74.5,25.5,18.8,34.3,29.7,35.5,37.5,0.303,0.287,0.139,0.285,35.1,6.7,77.2,19.3,20.1,77.3,22.8,19.2,29.6,25.3,26.4,34.2,1.33,0.55,1.21,0.048,0.025,1.51,0.9,0,-0.08,0,-3.1,,3,7,"away","Final",0,,,"fastball",44.1,"splitter",24.6,,3.6206896551724137,16.8,"fastball",53.9,"slider",26.9,,3.9393939393939394,15.918367346938775,88.33333333333333,"Normal",76,"Normal","R","L",7.1,17,10.2,26,3,5286.666666666667,1026.6666666666667,0,5741.111111111111,844.2222222222222,0,,,1908.7,2019.4,,,25,26.3,14.3,24.4,8.8,14.9,97,106,98
"823713","2026-05-01","Austin Martin","Minnesota Twins",2,"R","RF",0.333,0.484,0.435,0.919,0.416,0.102,91,23,4,0,1,14.3,20.9,0.316,0.826,0.368,7,6,1,0.611,0.8,0.295,0.379,19.4,15.8,78.3,78.3,21.7,,"Patrick Corbin","L",0.244,0.311,0.341,0.518,"8:10 PM ET","Minnesota Twins","Toronto Blue Jays","Target Field","Simeon Woods Richardson",6.4,1.75,11.7,12.1,1,7,"57.2",31,15,3.84,,,,,"Patrick Corbin",5.07,1.48,17.5,7.1,3,4,"76.1",59,17,4.49,,,,,5.28,"Moderada",17,3.77,"Alta",26,4.9,0.736,0.322,0.414,20.4,4,0.688,0.305,0.383,19.5,20,50,10,0,1013,0,"Cielo Despejado",20,0.256,0.761,0.323,0.438,4.5,93,0.225,0.674,0.321,0.353,4.5,25,0.253,0.7,0.309,0.391,4.5,70,0.218,0.652,0.294,0.358,4.5,23,5,78,265,5,84,228,7.1,17,3,6,5,10.2,26,3,7,5,5.93,5.92,5.24,5.71,43,8.5,40,28.5,11.7,12.1,7.6,24.6,2,2.6,0.8,5,23.2,84,2,2,3,4.3,5,5,22,22,27,9.6,2,19,19,88,5.1,3.4,23.2,44.1,23.8,7.3,0,24.6,"Victor Caratini",2.794710975420558,23.7,4.8,2.3,22,4.3,0,0,5.38,4.71,3.92,4.42,42.6,7.6,38.6,24.5,17.5,7.1,9.8,24.2,4,4,1.22,4.9,19.8,78,4,3,6,4.7,5,5.7,20,18,20,15.9,3,21,21,78,5,4.06,19.8,53.9,26.9,0,18,0,"Tyler Heineman",3.588313954764328,19.3,5.1,4.3,18,4.7,0,0,0.323,0.312,0.167,0.293,36.7,9.1,74.5,22.2,20.9,74.5,25.5,18.8,34.3,29.7,35.5,37.5,0.303,0.287,0.139,0.285,35.1,6.7,77.2,19.3,20.1,77.3,22.8,19.2,29.6,25.3,26.4,34.2,1.33,0.55,1.21,0.048,0.025,1.51,0.9,0,-0.08,0,-3.1,,3,7,"away","Final",0,,,"fastball",44.1,"splitter",24.6,,3.6206896551724137,16.8,"fastball",53.9,"slider",26.9,,3.9393939393939394,15.918367346938775,88.33333333333333,"Normal",76,"Normal","R","L",7.1,17,10.2,26,3,5286.666666666667,1026.6666666666667,0,5741.111111111111,844.2222222222222,0,,,1908.7,2019.4,,,25,26.3,14.3,24.4,8.8,14.9,97,106,98
"823713","2026-05-01","Ryan Jeffers","Minnesota Twins",3,"R","DH",0.301,0.41,0.494,0.904,0.396,0.193,101,25,2,1,4,18.8,14.9,0.409,1.201,0.682,15,9,2,0.981,0.896,0.592,0.457,18.7,10.5,83.9,83.9,16.1,,"Patrick Corbin","L",0.244,0.311,0.341,0.518,"8:10 PM ET","Minnesota Twins","Toronto Blue Jays","Target Field","Simeon Woods Richardson",6.4,1.75,11.7,12.1,1,7,"57.2",31,15,3.84,,,,,"Patrick Corbin",5.07,1.48,17.5,7.1,3,4,"76.1",59,17,4.49,,,,,5.28,"Moderada",17,3.77,"Alta",26,4.9,0.736,0.322,0.414,20.4,4,0.688,0.305,0.383,19.5,20,50,10,0,1013,0,"Cielo Despejado",20,0.256,0.761,0.323,0.438,4.5,93,0.225,0.674,0.321,0.353,4.5,25,0.253,0.7,0.309,0.391,4.5,70,0.218,0.652,0.294,0.358,4.5,23,5,78,265,5,84,228,7.1,17,3,6,5,10.2,26,3,7,5,5.93,5.92,5.24,5.71,43,8.5,40,28.5,11.7,12.1,7.6,24.6,2,2.6,0.8,5,23.2,84,2,2,3,4.3,5,5,22,22,27,9.6,2,19,19,88,5.1,3.4,23.2,44.1,23.8,7.3,0,24.6,"Victor Caratini",2.794710975420558,23.7,4.8,2.3,22,4.3,0,0,5.38,4.71,3.92,4.42,42.6,7.6,38.6,24.5,17.5,7.1,9.8,24.2,4,4,1.22,4.9,19.8,78,4,3,6,4.7,5,5.7,20,18,20,15.9,3,21,21,78,5,4.06,19.8,53.9,26.9,0,18,0,"Tyler Heineman",3.588313954764328,19.3,5.1,4.3,18,4.7,0,0,0.323,0.312,0.167,0.293,36.7,9.1,74.5,22.2,20.9,74.5,25.5,18.8,34.3,29.7,35.5,37.5,0.303,0.287,0.139,0.285,35.1,6.7,77.2,19.3,20.1,77.3,22.8,19.2,29.6,25.3,26.4,34.2,1.33,0.55,1.21,0.048,0.025,1.51,0.9,0,-0.08,0,-3.1,,3,7,"away","Final",0,,,"fastball",44.1,"splitter",24.6,,3.6206896551724137,16.8,"fastball",53.9,"slider",26.9,,3.9393939393939394,15.918367346938775,88.33333333333333,"Normal",76,"Normal","R","L",7.1,17,10.2,26,3,5286.666666666667,1026.6666666666667,0,5741.111111111111,844.2222222222222,0,,,1908.7,2019.4,,,25,26.3,14.3,24.4,8.8,14.9,97,106,98
"823713","2026-05-01","Josh Bell","Minnesota Twins",4,"R","1B",0.226,0.313,0.348,0.661,0.297,0.122,131,26,5,0,3,18.3,10.7,0.143,0.369,0.143,4,4,0,0.744,0.703,0.442,0.389,22.4,21.2,74.5,74.5,25.5,,"Patrick Corbin","L",0.244,0.311,0.341,0.518,"8:10 PM ET","Minnesota Twins","Toronto Blue Jays","Target Field","Simeon Woods Richardson",6.4,1.75,11.7,12.1,1,7,"57.2",31,15,3.84,,,,,"Patrick Corbin",5.07,1.48,17.5,7.1,3,4,"76.1",59,17,4.49,,,,,5.28,"Moderada",17,3.77,"Alta",26,4.9,0.736,0.322,0.414,20.4,4,0.688,0.305,0.383,19.5,20,50,10,0,1013,0,"Cielo Despejado",20,0.256,0.761,0.323,0.438,4.5,93,0.225,0.674,0.321,0.353,4.5,25,0.253,0.7,0.309,0.391,4.5,70,0.218,0.652,0.294,0.358,4.5,23,5,78,265,5,84,228,7.1,17,3,6,5,10.2,26,3,7,5,5.93,5.92,5.24,5.71,43,8.5,40,28.5,11.7,12.1,7.6,24.6,2,2.6,0.8,5,23.2,84,2,2,3,4.3,5,5,22,22,27,9.6,2,19,19,88,5.1,3.4,23.2,44.1,23.8,7.3,0,24.6,"Victor Caratini",2.794710975420558,23.7,4.8,2.3,22,4.3,0,0,5.38,4.71,3.92,4.42,42.6,7.6,38.6,24.5,17.5,7.1,9.8,24.2,4,4,1.22,4.9,19.8,78,4,3,6,4.7,5,5.7,20,18,20,15.9,3,21,21,78,5,4.06,19.8,53.9,26.9,0,18,0,"Tyler Heineman",3.588313954764328,19.3,5.1,4.3,18,4.7,0,0,0.323,0.312,0.167,0.293,36.7,9.1,74.5,22.2,20.9,74.5,25.5,18.8,34.3,29.7,35.5,37.5,0.303,0.287,0.139,0.285,35.1,6.7,77.2,19.3,20.1,77.3,22.8,19.2,29.6,25.3,26.4,34.2,1.33,0.55,1.21,0.048,0.025,1.51,0.9,0,-0.08,0,-3.1,,3,7,"away","Final",0,,,"fastball",44.1,"splitter",24.6,,3.6206896551724137,16.8,"fastball",53.9,"slider",26.9,,3.9393939393939394,15.918367346938775,88.33333333333333,"Normal",76,"Normal","R","L",7.1,17,10.2,26,3,5286.666666666667,1026.6666666666667,0,5741.111111111111,844.2222222222222,0,,,1908.7,2019.4,,,25,26.3,14.3,24.4,8.8,14.9,97,106,98
"823713","2026-05-01","Victor Caratini","Minnesota Twins",5,"R","C",0.213,0.309,0.263,0.572,0.275,0.05,97,17,1,0,1,16.5,8.2,0.13,0.297,0.13,3,3,0,0.724,0.641,0.396,0.304,14.7,28.9,79.1,79.1,20.9,,"Patrick Corbin","L",0.244,0.311,0.341,0.518,"8:10 PM ET","Minnesota Twins","Toronto Blue Jays","Target Field","Simeon Woods Richardson",6.4,1.75,11.7,12.1,1,7,"57.2",31,15,3.84,,,,,"Patrick Corbin",5.07,1.48,17.5,7.1,3,4,"76.1",59,17,4.49,,,,,5.28,"Moderada",17,3.77,"Alta",26,4.9,0.736,0.322,0.414,20.4,4,0.688,0.305,0.383,19.5,20,50,10,0,1013,0,"Cielo Despejado",20,0.256,0.761,0.323,0.438,4.5,93,0.225,0.674,0.321,0.353,4.5,25,0.253,0.7,0.309,0.391,4.5,70,0.218,0.652,0.294,0.358,4.5,23,5,78,265,5,84,228,7.1,17,3,6,5,10.2,26,3,7,5,5.93,5.92,5.24,5.71,43,8.5,40,28.5,11.7,12.1,7.6,24.6,2,2.6,0.8,5,23.2,84,2,2,3,4.3,5,5,22,22,27,9.6,2,19,19,88,5.1,3.4,23.2,44.1,23.8,7.3,0,24.6,"Victor Caratini",2.794710975420558,23.7,4.8,2.3,22,4.3,0,0,5.38,4.71,3.92,4.42,42.6,7.6,38.6,24.5,17.5,7.1,9.8,24.2,4,4,1.22,4.9,19.8,78,4,3,6,4.7,5,5.7,20,18,20,15.9,3,21,21,78,5,4.06,19.8,53.9,26.9,0,18,0,"Tyler Heineman",3.588313954764328,19.3,5.1,4.3,18,4.7,0,0,0.323,0.312,0.167,0.293,36.7,9.1,74.5,22.2,20.9,74.5,25.5,18.8,34.3,29.7,35.5,37.5,0.303,0.287,0.139,0.285,35.1,6.7,77.2,19.3,20.1,77.3,22.8,19.2,29.6,25.3,26.4,34.2,1.33,0.55,1.21,0.048,0.025,1.51,0.9,0,-0.08,0,-3.1,,3,7,"away","Final",0,,,"fastball",44.1,"splitter",24.6,,3.6206896551724137,16.8,"fastball",53.9,"slider",26.9,,3.9393939393939394,15.918367346938775,88.33333333333333,"Normal",76,"Normal","R","L",7.1,17,10.2,26,3,5286.666666666667,1026.6666666666667,0,5741.111111111111,844.2222222222222,0,,,1908.7,2019.4,,,25,26.3,14.3,24.4,8.8,14.9,97,106,98
"823713","2026-05-01","Luke Keaschall","Minnesota Twins",6,"R","2B",0.211,0.267,0.268,0.535,0.244,0.057,135,26,4,0,1,17,6.7,0.231,0.579,0.269,7,6,1,0.715,0.645,0.364,0.315,14.6,16,83.3,83.3,16.7,,"Patrick Corbin","L",0.244,0.311,0.341,0.518,"8:10 PM ET","Minnesota Twins","Toronto Blue Jays","Target Field","Simeon Woods Richardson",6.4,1.75,11.7,12.1,1,7,"57.2",31,15,3.84,,,,,"Patrick Corbin",5.07,1.48,17.5,7.1,3,4,"76.1",59,17,4.49,,,,,5.28,"Moderada",17,3.77,"Alta",26,4.9,0.736,0.322,0.414,20.4,4,0.688,0.305,0.383,19.5,20,50,10,0,1013,0,"Cielo Despejado",20,0.256,0.761,0.323,0.438,4.5,93,0.225,0.674,0.321,0.353,4.5,25,0.253,0.7,0.309,0.391,4.5,70,0.218,0.652,0.294,0.358,4.5,23,5,78,265,5,84,228,7.1,17,3,6,5,10.2,26,3,7,5,5.93,5.92,5.24,5.71,43,8.5,40,28.5,11.7,12.1,7.6,24.6,2,2.6,0.8,5,23.2,84,2,2,3,4.3,5,5,22,22,27,9.6,2,19,19,88,5.1,3.4,23.2,44.1,23.8,7.3,0,24.6,"Victor Caratini",2.794710975420558,23.7,4.8,2.3,22,4.3,0,0,5.38,4.71,3.92,4.42,42.6,7.6,38.6,24.5,17.5,7.1,9.8,24.2,4,4,1.22,4.9,19.8,78,4,3,6,4.7,5,5.7,20,18,20,15.9,3,21,21,78,5,4.06,19.8,53.9,26.9,0,18,0,"Tyler Heineman",3.588313954764328,19.3,5.1,4.3,18,4.7,0,0,0.323,0.312,0.167,0.293,36.7,9.1,74.5,22.2,20.9,74.5,25.5,18.8,34.3,29.7,35.5,37.5,0.303,0.287,0.139,0.285,35.1,6.7,77.2,19.3,20.1,77.3,22.8,19.2,29.6,25.3,26.4,34.2,1.33,0.55,1.21,0.048,0.025,1.51,0.9,0,-0.08,0,-3.1,,3,7,"away","Final",0,,,"fastball",44.1,"splitter",24.6,,3.6206896551724137,16.8,"fastball",53.9,"slider",26.9,,3.9393939393939394,15.918367346938775,88.33333333333333,"Normal",76,"Normal","R","L",7.1,17,10.2,26,3,5286.666666666667,1026.6666666666667,0,5741.111111111111,844.2222222222222,0,,,1908.7,2019.4,,,25,26.3,14.3,24.4,8.8,14.9,97,106,98
"823713","2026-05-01","Royce Lewis","Minnesota Twins",7,"R","3B",0.186,0.288,0.343,0.631,0.283,0.157,80,13,2,0,3,28.8,11.3,0.192,0.53,0.308,8,5,1,0.688,0.654,0.395,0.357,29.8,20.3,65.1,65.1,34.9,,"Patrick Corbin","L",0.244,0.311,0.341,0.518,"8:10 PM ET","Minnesota Twins","Toronto Blue Jays","Target Field","Simeon Woods Richardson",6.4,1.75,11.7,12.1,1,7,"57.2",31,15,3.84,,,,,"Patrick Corbin",5.07,1.48,17.5,7.1,3,4,"76.1",59,17,4.49,,,,,5.28,"Moderada",17,3.77,"Alta",26,4.9,0.736,0.322,0.414,20.4,4,0.688,0.305,0.383,19.5,20,50,10,0,1013,0,"Cielo Despejado",20,0.256,0.761,0.323,0.438,4.5,93,0.225,0.674,0.321,0.353,4.5,25,0.253,0.7,0.309,0.391,4.5,70,0.218,0.652,0.294,0.358,4.5,23,5,78,265,5,84,228,7.1,17,3,6,5,10.2,26,3,7,5,5.93,5.92,5.24,5.71,43,8.5,40,28.5,11.7,12.1,7.6,24.6,2,2.6,0.8,5,23.2,84,2,2,3,4.3,5,5,22,22,27,9.6,2,19,19,88,5.1,3.4,23.2,44.1,23.8,7.3,0,24.6,"Victor Caratini",2.794710975420558,23.7,4.8,2.3,22,4.3,0,0,5.38,4.71,3.92,4.42,42.6,7.6,38.6,24.5,17.5,7.1,9.8,24.2,4,4,1.22,4.9,19.8,78,4,3,6,4.7,5,5.7,20,18,20,15.9,3,21,21,78,5,4.06,19.8,53.9,26.9,0,18,0,"Tyler Heineman",3.588313954764328,19.3,5.1,4.3,18,4.7,0,0,0.323,0.312,0.167,0.293,36.7,9.1,74.5,22.2,20.9,74.5,25.5,18.8,34.3,29.7,35.5,37.5,0.303,0.287,0.139,0.285,35.1,6.7,77.2,19.3,20.1,77.3,22.8,19.2,29.6,25.3,26.4,34.2,1.33,0.55,1.21,0.048,0.025,1.51,0.9,0,-0.08,0,-3.1,,3,7,"away","Final",0,,,"fastball",44.1,"splitter",24.6,,3.6206896551724137,16.8,"fastball",53.9,"slider",26.9,,3.9393939393939394,15.918367346938775,88.33333333333333,"Normal",76,"Normal","R","L",7.1,17,10.2,26,3,5286.666666666667,1026.6666666666667,0,5741.111111111111,844.2222222222222,0,,,1908.7,2019.4,,,25,26.3,14.3,24.4,8.8,14.9,97,106,98
"823713","2026-05-01","Brooks Lee","Minnesota Twins",8,"R","SS",0.252,0.313,0.417,0.73,0.319,0.165,112,26,2,0,5,18.8,7.1,0.333,0.993,0.593,16,9,3,0.783,0.607,0.47,0.323,14.7,20,79,79,21,,"Patrick Corbin","L",0.244,0.311,0.341,0.518,"8:10 PM ET","Minnesota Twins","Toronto Blue Jays","Target Field","Simeon Woods Richardson",6.4,1.75,11.7,12.1,1,7,"57.2",31,15,3.84,,,,,"Patrick Corbin",5.07,1.48,17.5,7.1,3,4,"76.1",59,17,4.49,,,,,5.28,"Moderada",17,3.77,"Alta",26,4.9,0.736,0.322,0.414,20.4,4,0.688,0.305,0.383,19.5,20,50,10,0,1013,0,"Cielo Despejado",20,0.256,0.761,0.323,0.438,4.5,93,0.225,0.674,0.321,0.353,4.5,25,0.253,0.7,0.309,0.391,4.5,70,0.218,0.652,0.294,0.358,4.5,23,5,78,265,5,84,228,7.1,17,3,6,5,10.2,26,3,7,5,5.93,5.92,5.24,5.71,43,8.5,40,28.5,11.7,12.1,7.6,24.6,2,2.6,0.8,5,23.2,84,2,2,3,4.3,5,5,22,22,27,9.6,2,19,19,88,5.1,3.4,23.2,44.1,23.8,7.3,0,24.6,"Victor Caratini",2.794710975420558,23.7,4.8,2.3,22,4.3,0,0,5.38,4.71,3.92,4.42,42.6,7.6,38.6,24.5,17.5,7.1,9.8,24.2,4,4,1.22,4.9,19.8,78,4,3,6,4.7,5,5.7,20,18,20,15.9,3,21,21,78,5,4.06,19.8,53.9,26.9,0,18,0,"Tyler Heineman",3.588313954764328,19.3,5.1,4.3,18,4.7,0,0,0.323,0.312,0.167,0.293,36.7,9.1,74.5,22.2,20.9,74.5,25.5,18.8,34.3,29.7,35.5,37.5,0.303,0.287,0.139,0.285,35.1,6.7,77.2,19.3,20.1,77.3,22.8,19.2,29.6,25.3,26.4,34.2,1.33,0.55,1.21,0.048,0.025,1.51,0.9,0,-0.08,0,-3.1,,3,7,"away","Final",0,,,"fastball",44.1,"splitter",24.6,,3.6206896551724137,16.8,"fastball",53.9,"slider",26.9,,3.9393939393939394,15.918367346938775,88.33333333333333,"Normal",76,"Normal","R","L",7.1,17,10.2,26,3,5286.666666666667,1026.6666666666667,0,5741.111111111111,844.2222222222222,0,,,1908.7,2019.4,,,25,26.3,14.3,24.4,8.8,14.9,97,106,98
"823713","2026-05-01","James Outman","Minnesota Twins",9,"R","LF",0.129,0.182,0.194,0.376,0.171,0.065,33,4,2,0,0,36.4,6.1,0.333,0.889,0.556,5,3,2,0.416,0.917,0.235,0.5,45.7,29.2,57.6,57.6,42.4,,"Patrick Corbin","L",0.244,0.311,0.341,0.518,"8:10 PM ET","Minnesota Twins","Toronto Blue Jays","Target Field","Simeon Woods Richardson",6.4,1.75,11.7,12.1,1,7,"57.2",31,15,3.84,,,,,"Patrick Corbin",5.07,1.48,17.5,7.1,3,4,"76.1",59,17,4.49,,,,,5.28,"Moderada",17,3.77,"Alta",26,4.9,0.736,0.322,0.414,20.4,4,0.688,0.305,0.383,19.5,20,50,10,0,1013,0,"Cielo Despejado",20,0.256,0.761,0.323,0.438,4.5,93,0.225,0.674,0.321,0.353,4.5,25,0.253,0.7,0.309,0.391,4.5,70,0.218,0.652,0.294,0.358,4.5,23,5,78,265,5,84,228,7.1,17,3,6,5,10.2,26,3,7,5,5.93,5.92,5.24,5.71,43,8.5,40,28.5,11.7,12.1,7.6,24.6,2,2.6,0.8,5,23.2,84,2,2,3,4.3,5,5,22,22,27,9.6,2,19,19,88,5.1,3.4,23.2,44.1,23.8,7.3,0,24.6,"Victor Caratini",2.794710975420558,23.7,4.8,2.3,22,4.3,0,0,5.38,4.71,3.92,4.42,42.6,7.6,38.6,24.5,17.5,7.1,9.8,24.2,4,4,1.22,4.9,19.8,78,4,3,6,4.7,5,5.7,20,18,20,15.9,3,21,21,78,5,4.06,19.8,53.9,26.9,0,18,0,"Tyler Heineman",3.588313954764328,19.3,5.1,4.3,18,4.7,0,0,0.323,0.312,0.167,0.293,36.7,9.1,74.5,22.2,20.9,74.5,25.5,18.8,34.3,29.7,35.5,37.5,0.303,0.287,0.139,0.285,35.1,6.7,77.2,19.3,20.1,77.3,22.8,19.2,29.6,25.3,26.4,34.2,1.33,0.55,1.21,0.048,0.025,1.51,0.9,0,-0.08,0,-3.1,,3,7,"away","Final",0,,,"fastball",44.1,"splitter",24.6,,3.6206896551724137,16.8,"fastball",53.9,"slider",26.9,,3.9393939393939394,15.918367346938775,88.33333333333333,"Normal",76,"Normal","R","L",7.1,17,10.2,26,3,5286.666666666667,1026.6666666666667,0,5741.111111111111,844.2222222222222,0,,,1908.7,2019.4,,,25,26.3,14.3,24.4,8.8,14.9,97,106,98
"823713","2026-05-01","George Springer","Toronto Blue Jays",1,"R","DH",0.215,0.301,0.369,0.67,0.297,0.154,73,14,4,0,2,20.5,11,0.318,0.855,0.455,10,7,3,0.652,0.805,0.361,0.446,19.5,21.5,76.9,76.9,23.1,,"Simeon Woods Richardson","R",0.28,0.327,0.458,0.536,"8:10 PM ET","Minnesota Twins","Toronto Blue Jays","Target Field","Simeon Woods Richardson",6.4,1.75,11.7,12.1,1,7,"57.2",31,15,3.84,,,,,"Patrick Corbin",5.07,1.48,17.5,7.1,3,4,"76.1",59,17,4.49,,,,,5.28,"Moderada",17,3.77,"Alta",26,4.9,0.736,0.322,0.414,20.4,4,0.688,0.305,0.383,19.5,20,50,10,0,1013,0,"Cielo Despejado",20,0.256,0.761,0.323,0.438,4.5,93,0.225,0.674,0.321,0.353,4.5,25,0.253,0.7,0.309,0.391,4.5,70,0.218,0.652,0.294,0.358,4.5,23,5,78,265,5,84,228,7.1,17,3,6,5,10.2,26,3,7,5,5.93,5.92,5.24,5.71,43,8.5,40,28.5,11.7,12.1,7.6,24.6,2,2.6,0.8,5,23.2,84,2,2,3,4.3,5,5,22,22,27,9.6,2,19,19,88,5.1,3.4,23.2,44.1,23.8,7.3,0,24.6,"Victor Caratini",2.794710975420558,23.7,4.8,2.3,22,4.3,0,0,5.38,4.71,3.92,4.42,42.6,7.6,38.6,24.5,17.5,7.1,9.8,24.2,4,4,1.22,4.9,19.8,78,4,3,6,4.7,5,5.7,20,18,20,15.9,3,21,21,78,5,4.06,19.8,53.9,26.9,0,18,0,"Tyler Heineman",3.588313954764328,19.3,5.1,4.3,18,4.7,0,0,0.323,0.312,0.167,0.293,36.7,9.1,74.5,22.2,20.9,74.5,25.5,18.8,34.3,29.7,35.5,37.5,0.303,0.287,0.139,0.285,35.1,6.7,77.2,19.3,20.1,77.3,22.8,19.2,29.6,25.3,26.4,34.2,1.33,0.55,1.21,0.048,0.025,1.51,0.9,0,-0.08,0,-3.1,,3,7,"away","Final",0,,,"fastball",44.1,"splitter",24.6,,3.6206896551724137,16.8,"fastball",53.9,"slider",26.9,,3.9393939393939394,15.918367346938775,88.33333333333333,"Normal",76,"Normal","R","L",7.1,17,10.2,26,3,5286.666666666667,1026.6666666666667,0,5741.111111111111,844.2222222222222,0,,,1908.7,2019.4,,,25,26.3,14.3,24.4,8.8,14.9,97,106,98
"823713","2026-05-01","Davis Schneider","Toronto Blue Jays",2,"R","LF",0.125,0.311,0.229,0.54,0.265,0.104,61,6,2,0,1,29.5,21.3,0,0.25,0,0,0,0,0.603,0.545,0.353,0.234,31.6,34.4,67.4,67.4,32.6,,"Simeon Woods Richardson","R",0.28,0.327,0.458,0.536,"8:10 PM ET","Minnesota Twins","Toronto Blue Jays","Target Field","Simeon Woods Richardson",6.4,1.75,11.7,12.1,1,7,"57.2",31,15,3.84,,,,,"Patrick Corbin",5.07,1.48,17.5,7.1,3,4,"76.1",59,17,4.49,,,,,5.28,"Moderada",17,3.77,"Alta",26,4.9,0.736,0.322,0.414,20.4,4,0.688,0.305,0.383,19.5,20,50,10,0,1013,0,"Cielo Despejado",20,0.256,0.761,0.323,0.438,4.5,93,0.225,0.674,0.321,0.353,4.5,25,0.253,0.7,0.309,0.391,4.5,70,0.218,0.652,0.294,0.358,4.5,23,5,78,265,5,84,228,7.1,17,3,6,5,10.2,26,3,7,5,5.93,5.92,5.24,5.71,43,8.5,40,28.5,11.7,12.1,7.6,24.6,2,2.6,0.8,5,23.2,84,2,2,3,4.3,5,5,22,22,27,9.6,2,19,19,88,5.1,3.4,23.2,44.1,23.8,7.3,0,24.6,"Victor Caratini",2.794710975420558,23.7,4.8,2.3,22,4.3,0,0,5.38,4.71,3.92,4.42,42.6,7.6,38.6,24.5,17.5,7.1,9.8,24.2,4,4,1.22,4.9,19.8,78,4,3,6,4.7,5,5.7,20,18,20,15.9,3,21,21,78,5,4.06,19.8,53.9,26.9,0,18,0,"Tyler Heineman",3.588313954764328,19.3,5.1,4.3,18,4.7,0,0,0.323,0.312,0.167,0.293,36.7,9.1,74.5,22.2,20.9,74.5,25.5,18.8,34.3,29.7,35.5,37.5,0.303,0.287,0.139,0.285,35.1,6.7,77.2,19.3,20.1,77.3,22.8,19.2,29.6,25.3,26.4,34.2,1.33,0.55,1.21,0.048,0.025,1.51,0.9,0,-0.08,0,-3.1,,3,7,"away","Final",0,,,"fastball",44.1,"splitter",24.6,,3.6206896551724137,16.8,"fastball",53.9,"slider",26.9,,3.9393939393939394,15.918367346938775,88.33333333333333,"Normal",76,"Normal","R","L",7.1,17,10.2,26,3,5286.666666666667,1026.6666666666667,0,5741.111111111111,844.2222222222222,0,,,1908.7,2019.4,,,25,26.3,14.3,24.4,8.8,14.9,97,106,98
"823713","2026-05-01","Vladimir Guerrero Jr.","Toronto Blue Jays",3,"R","1B",0.342,0.43,0.453,0.883,0.383,0.111,135,40,7,0,2,11.1,11.9,0.417,0.981,0.5,12,10,2,0.674,0.769,0.344,0.379,12,12.2,80.5,80.5,19.5,,"Simeon Woods Richardson","R",0.28,0.327,0.458,0.536,"8:10 PM ET","Minnesota Twins","Toronto Blue Jays","Target Field","Simeon Woods Richardson",6.4,1.75,11.7,12.1,1,7,"57.2",31,15,3.84,,,,,"Patrick Corbin",5.07,1.48,17.5,7.1,3,4,"76.1",59,17,4.49,,,,,5.28,"Moderada",17,3.77,"Alta",26,4.9,0.736,0.322,0.414,20.4,4,0.688,0.305,0.383,19.5,20,50,10,0,1013,0,"Cielo Despejado",20,0.256,0.761,0.323,0.438,4.5,93,0.225,0.674,0.321,0.353,4.5,25,0.253,0.7,0.309,0.391,4.5,70,0.218,0.652,0.294,0.358,4.5,23,5,78,265,5,84,228,7.1,17,3,6,5,10.2,26,3,7,5,5.93,5.92,5.24,5.71,43,8.5,40,28.5,11.7,12.1,7.6,24.6,2,2.6,0.8,5,23.2,84,2,2,3,4.3,5,5,22,22,27,9.6,2,19,19,88,5.1,3.4,23.2,44.1,23.8,7.3,0,24.6,"Victor Caratini",2.794710975420558,23.7,4.8,2.3,22,4.3,0,0,5.38,4.71,3.92,4.42,42.6,7.6,38.6,24.5,17.5,7.1,9.8,24.2,4,4,1.22,4.9,19.8,78,4,3,6,4.7,5,5.7,20,18,20,15.9,3,21,21,78,5,4.06,19.8,53.9,26.9,0,18,0,"Tyler Heineman",3.588313954764328,19.3,5.1,4.3,18,4.7,0,0,0.323,0.312,0.167,0.293,36.7,9.1,74.5,22.2,20.9,74.5,25.5,18.8,34.3,29.7,35.5,37.5,0.303,0.287,0.139,0.285,35.1,6.7,77.2,19.3,20.1,77.3,22.8,19.2,29.6,25.3,26.4,34.2,1.33,0.55,1.21,0.048,0.025,1.51,0.9,0,-0.08,0,-3.1,,3,7,"away","Final",0,,,"fastball",44.1,"splitter",24.6,,3.6206896551724137,16.8,"fastball",53.9,"slider",26.9,,3.9393939393939394,15.918367346938775,88.33333333333333,"Normal",76,"Normal","R","L",7.1,17,10.2,26,3,5286.666666666667,1026.6666666666667,0,5741.111111111111,844.2222222222222,0,,,1908.7,2019.4,,,25,26.3,14.3,24.4,8.8,14.9,97,106,98
"823713","2026-05-01","Kazuma Okamoto","Toronto Blue Jays",4,"R","3B",0.228,0.313,0.43,0.743,0.324,0.202,128,26,2,0,7,29.7,10.9,0.261,0.868,0.522,12,6,2,0.768,0.803,0.458,0.474,33.1,23.5,65.6,65.6,34.4,,"Simeon Woods Richardson","R",0.28,0.327,0.458,0.536,"8:10 PM ET","Minnesota Twins","Toronto Blue Jays","Target Field","Simeon Woods Richardson",6.4,1.75,11.7,12.1,1,7,"57.2",31,15,3.84,,,,,"Patrick Corbin",5.07,1.48,17.5,7.1,3,4,"76.1",59,17,4.49,,,,,5.28,"Moderada",17,3.77,"Alta",26,4.9,0.736,0.322,0.414,20.4,4,0.688,0.305,0.383,19.5,20,50,10,0,1013,0,"Cielo Despejado",20,0.256,0.761,0.323,0.438,4.5,93,0.225,0.674,0.321,0.353,4.5,25,0.253,0.7,0.309,0.391,4.5,70,0.218,0.652,0.294,0.358,4.5,23,5,78,265,5,84,228,7.1,17,3,6,5,10.2,26,3,7,5,5.93,5.92,5.24,5.71,43,8.5,40,28.5,11.7,12.1,7.6,24.6,2,2.6,0.8,5,23.2,84,2,2,3,4.3,5,5,22,22,27,9.6,2,19,19,88,5.1,3.4,23.2,44.1,23.8,7.3,0,24.6,"Victor Caratini",2.794710975420558,23.7,4.8,2.3,22,4.3,0,0,5.38,4.71,3.92,4.42,42.6,7.6,38.6,24.5,17.5,7.1,9.8,24.2,4,4,1.22,4.9,19.8,78,4,3,6,4.7,5,5.7,20,18,20,15.9,3,21,21,78,5,4.06,19.8,53.9,26.9,0,18,0,"Tyler Heineman",3.588313954764328,19.3,5.1,4.3,18,4.7,0,0,0.323,0.312,0.167,0.293,36.7,9.1,74.5,22.2,20.9,74.5,25.5,18.8,34.3,29.7,35.5,37.5,0.303,0.287,0.139,0.285,35.1,6.7,77.2,19.3,20.1,77.3,22.8,19.2,29.6,25.3,26.4,34.2,1.33,0.55,1.21,0.048,0.025,1.51,0.9,0,-0.08,0,-3.1,,3,7,"away","Final",0,,,"fastball",44.1,"splitter",24.6,,3.6206896551724137,16.8,"fastball",53.9,"slider",26.9,,3.9393939393939394,15.918367346938775,88.33333333333333,"Normal",76,"Normal","R","L",7.1,17,10.2,26,3,5286.666666666667,1026.6666666666667,0,5741.111111111111,844.2222222222222,0,,,1908.7,2019.4,,,25,26.3,14.3,24.4,8.8,14.9,97,106,98
"823713","2026-05-01","Daulton Varsho","Toronto Blue Jays",5,"R","CF",0.233,0.307,0.398,0.705,0.306,0.165,114,24,5,0,4,17.5,7.9,0.136,0.558,0.318,7,3,2,0.692,0.786,0.386,0.443,20.1,20.9,78.6,78.6,21.4,,"Simeon Woods Richardson","R",0.28,0.327,0.458,0.536,"8:10 PM ET","Minnesota Twins","Toronto Blue Jays","Target Field","Simeon Woods Richardson",6.4,1.75,11.7,12.1,1,7,"57.2",31,15,3.84,,,,,"Patrick Corbin",5.07,1.48,17.5,7.1,3,4,"76.1",59,17,4.49,,,,,5.28,"Moderada",17,3.77,"Alta",26,4.9,0.736,0.322,0.414,20.4,4,0.688,0.305,0.383,19.5,20,50,10,0,1013,0,"Cielo Despejado",20,0.256,0.761,0.323,0.438,4.5,93,0.225,0.674,0.321,0.353,4.5,25,0.253,0.7,0.309,0.391,4.5,70,0.218,0.652,0.294,0.358,4.5,23,5,78,265,5,84,228,7.1,17,3,6,5,10.2,26,3,7,5,5.93,5.92,5.24,5.71,43,8.5,40,28.5,11.7,12.1,7.6,24.6,2,2.6,0.8,5,23.2,84,2,2,3,4.3,5,5,22,22,27,9.6,2,19,19,88,5.1,3.4,23.2,44.1,23.8,7.3,0,24.6,"Victor Caratini",2.794710975420558,23.7,4.8,2.3,22,4.3,0,0,5.38,4.71,3.92,4.42,42.6,7.6,38.6,24.5,17.5,7.1,9.8,24.2,4,4,1.22,4.9,19.8,78,4,3,6,4.7,5,5.7,20,18,20,15.9,3,21,21,78,5,4.06,19.8,53.9,26.9,0,18,0,"Tyler Heineman",3.588313954764328,19.3,5.1,4.3,18,4.7,0,0,0.323,0.312,0.167,0.293,36.7,9.1,74.5,22.2,20.9,74.5,25.5,18.8,34.3,29.7,35.5,37.5,0.303,0.287,0.139,0.285,35.1,6.7,77.2,19.3,20.1,77.3,22.8,19.2,29.6,25.3,26.4,34.2,1.33,0.55,1.21,0.048,0.025,1.51,0.9,0,-0.08,0,-3.1,,3,7,"away","Final",0,,,"fastball",44.1,"splitter",24.6,,3.6206896551724137,16.8,"fastball",53.9,"slider",26.9,,3.9393939393939394,15.918367346938775,88.33333333333333,"Normal",76,"Normal","R","L",7.1,17,10.2,26,3,5286.666666666667,1026.6666666666667,0,5741.111111111111,844.2222222222222,0,,,1908.7,2019.4,,,25,26.3,14.3,24.4,8.8,14.9,97,106,98
"823713","2026-05-01","Lenyn Sosa","Toronto Blue Jays",6,"R","2B",0.246,0.242,0.338,0.58,0.251,0.092,67,16,6,0,0,19.4,0,0.15,0.35,0.2,4,3,1,0.44,0.571,0.243,0.349,15.3,31.1,78.5,78.5,21.5,,"Simeon Woods Richardson","R",0.28,0.327,0.458,0.536,"8:10 PM ET","Minnesota Twins","Toronto Blue Jays","Target Field","Simeon Woods Richardson",6.4,1.75,11.7,12.1,1,7,"57.2",31,15,3.84,,,,,"Patrick Corbin",5.07,1.48,17.5,7.1,3,4,"76.1",59,17,4.49,,,,,5.28,"Moderada",17,3.77,"Alta",26,4.9,0.736,0.322,0.414,20.4,4,0.688,0.305,0.383,19.5,20,50,10,0,1013,0,"Cielo Despejado",20,0.256,0.761,0.323,0.438,4.5,93,0.225,0.674,0.321,0.353,4.5,25,0.253,0.7,0.309,0.391,4.5,70,0.218,0.652,0.294,0.358,4.5,23,5,78,265,5,84,228,7.1,17,3,6,5,10.2,26,3,7,5,5.93,5.92,5.24,5.71,43,8.5,40,28.5,11.7,12.1,7.6,24.6,2,2.6,0.8,5,23.2,84,2,2,3,4.3,5,5,22,22,27,9.6,2,19,19,88,5.1,3.4,23.2,44.1,23.8,7.3,0,24.6,"Victor Caratini",2.794710975420558,23.7,4.8,2.3,22,4.3,0,0,5.38,4.71,3.92,4.42,42.6,7.6,38.6,24.5,17.5,7.1,9.8,24.2,4,4,1.22,4.9,19.8,78,4,3,6,4.7,5,5.7,20,18,20,15.9,3,21,21,78,5,4.06,19.8,53.9,26.9,0,18,0,"Tyler Heineman",3.588313954764328,19.3,5.1,4.3,18,4.7,0,0,0.323,0.312,0.167,0.293,36.7,9.1,74.5,22.2,20.9,74.5,25.5,18.8,34.3,29.7,35.5,37.5,0.303,0.287,0.139,0.285,35.1,6.7,77.2,19.3,20.1,77.3,22.8,19.2,29.6,25.3,26.4,34.2,1.33,0.55,1.21,0.048,0.025,1.51,0.9,0,-0.08,0,-3.1,,3,7,"away","Final",0,,,"fastball",44.1,"splitter",24.6,,3.6206896551724137,16.8,"fastball",53.9,"slider",26.9,,3.9393939393939394,15.918367346938775,88.33333333333333,"Normal",76,"Normal","R","L",7.1,17,10.2,26,3,5286.666666666667,1026.6666666666667,0,5741.111111111111,844.2222222222222,0,,,1908.7,2019.4,,,25,26.3,14.3,24.4,8.8,14.9,97,106,98
"823713","2026-05-01","Myles Straw","Toronto Blue Jays",7,"R","RF",0.277,0.327,0.383,0.71,0.316,0.106,53,13,2,0,1,9.4,7.5,0.167,0.433,0.222,4,3,1,0.625,0.625,0.317,0.35,6.1,19.6,87.4,87.4,12.6,,"Simeon Woods Richardson","R",0.28,0.327,0.458,0.536,"8:10 PM ET","Minnesota Twins","Toronto Blue Jays","Target Field","Simeon Woods Richardson",6.4,1.75,11.7,12.1,1,7,"57.2",31,15,3.84,,,,,"Patrick Corbin",5.07,1.48,17.5,7.1,3,4,"76.1",59,17,4.49,,,,,5.28,"Moderada",17,3.77,"Alta",26,4.9,0.736,0.322,0.414,20.4,4,0.688,0.305,0.383,19.5,20,50,10,0,1013,0,"Cielo Despejado",20,0.256,0.761,0.323,0.438,4.5,93,0.225,0.674,0.321,0.353,4.5,25,0.253,0.7,0.309,0.391,4.5,70,0.218,0.652,0.294,0.358,4.5,23,5,78,265,5,84,228,7.1,17,3,6,5,10.2,26,3,7,5,5.93,5.92,5.24,5.71,43,8.5,40,28.5,11.7,12.1,7.6,24.6,2,2.6,0.8,5,23.2,84,2,2,3,4.3,5,5,22,22,27,9.6,2,19,19,88,5.1,3.4,23.2,44.1,23.8,7.3,0,24.6,"Victor Caratini",2.794710975420558,23.7,4.8,2.3,22,4.3,0,0,5.38,4.71,3.92,4.42,42.6,7.6,38.6,24.5,17.5,7.1,9.8,24.2,4,4,1.22,4.9,19.8,78,4,3,6,4.7,5,5.7,20,18,20,15.9,3,21,21,78,5,4.06,19.8,53.9,26.9,0,18,0,"Tyler Heineman",3.588313954764328,19.3,5.1,4.3,18,4.7,0,0,0.323,0.312,0.167,0.293,36.7,9.1,74.5,22.2,20.9,74.5,25.5,18.8,34.3,29.7,35.5,37.5,0.303,0.287,0.139,0.285,35.1,6.7,77.2,19.3,20.1,77.3,22.8,19.2,29.6,25.3,26.4,34.2,1.33,0.55,1.21,0.048,0.025,1.51,0.9,0,-0.08,0,-3.1,,3,7,"away","Final",0,,,"fastball",44.1,"splitter",24.6,,3.6206896551724137,16.8,"fastball",53.9,"slider",26.9,,3.9393939393939394,15.918367346938775,88.33333333333333,"Normal",76,"Normal","R","L",7.1,17,10.2,26,3,5286.666666666667,1026.6666666666667,0,5741.111111111111,844.2222222222222,0,,,1908.7,2019.4,,,25,26.3,14.3,24.4,8.8,14.9,97,106,98
"823713","2026-05-01","Andrés Giménez","Toronto Blue Jays",8,"R","SS",0.257,0.281,0.413,0.694,0.299,0.156,115,28,6,1,3,15.7,3.5,0.259,0.629,0.37,10,7,3,0.667,0.577,0.382,0.314,21.8,13,75.1,75.1,24.9,,"Simeon Woods Richardson","R",0.28,0.327,0.458,0.536,"8:10 PM ET","Minnesota Twins","Toronto Blue Jays","Target Field","Simeon Woods Richardson",6.4,1.75,11.7,12.1,1,7,"57.2",31,15,3.84,,,,,"Patrick Corbin",5.07,1.48,17.5,7.1,3,4,"76.1",59,17,4.49,,,,,5.28,"Moderada",17,3.77,"Alta",26,4.9,0.736,0.322,0.414,20.4,4,0.688,0.305,0.383,19.5,20,50,10,0,1013,0,"Cielo Despejado",20,0.256,0.761,0.323,0.438,4.5,93,0.225,0.674,0.321,0.353,4.5,25,0.253,0.7,0.309,0.391,4.5,70,0.218,0.652,0.294,0.358,4.5,23,5,78,265,5,84,228,7.1,17,3,6,5,10.2,26,3,7,5,5.93,5.92,5.24,5.71,43,8.5,40,28.5,11.7,12.1,7.6,24.6,2,2.6,0.8,5,23.2,84,2,2,3,4.3,5,5,22,22,27,9.6,2,19,19,88,5.1,3.4,23.2,44.1,23.8,7.3,0,24.6,"Victor Caratini",2.794710975420558,23.7,4.8,2.3,22,4.3,0,0,5.38,4.71,3.92,4.42,42.6,7.6,38.6,24.5,17.5,7.1,9.8,24.2,4,4,1.22,4.9,19.8,78,4,3,6,4.7,5,5.7,20,18,20,15.9,3,21,21,78,5,4.06,19.8,53.9,26.9,0,18,0,"Tyler Heineman",3.588313954764328,19.3,5.1,4.3,18,4.7,0,0,0.323,0.312,0.167,0.293,36.7,9.1,74.5,22.2,20.9,74.5,25.5,18.8,34.3,29.7,35.5,37.5,0.303,0.287,0.139,0.285,35.1,6.7,77.2,19.3,20.1,77.3,22.8,19.2,29.6,25.3,26.4,34.2,1.33,0.55,1.21,0.048,0.025,1.51,0.9,0,-0.08,0,-3.1,,3,7,"away","Final",0,,,"fastball",44.1,"splitter",24.6,,3.6206896551724137,16.8,"fastball",53.9,"slider",26.9,,3.9393939393939394,15.918367346938775,88.33333333333333,"Normal",76,"Normal","R","L",7.1,17,10.2,26,3,5286.666666666667,1026.6666666666667,0,5741.111111111111,844.2222222222222,0,,,1908.7,2019.4,,,25,26.3,14.3,24.4,8.8,14.9,97,106,98
"823713","2026-05-01","Tyler Heineman","Toronto Blue Jays",9,"R","C",0.188,0.235,0.188,0.423,0.197,0.15,54,9,0,0,0,25.9,1.9,0.045,0.09,0.045,1,1,0,0.46,0.364,0.233,0.182,21.4,21.2,85.4,85.4,14.6,,"Simeon Woods Richardson","R",0.28,0.327,0.458,0.536,"8:10 PM ET","Minnesota Twins","Toronto Blue Jays","Target Field","Simeon Woods Richardson",6.4,1.75,11.7,12.1,1,7,"57.2",31,15,3.84,,,,,"Patrick Corbin",5.07,1.48,17.5,7.1,3,4,"76.1",59,17,4.49,,,,,5.28,"Moderada",17,3.77,"Alta",26,4.9,0.736,0.322,0.414,20.4,4,0.688,0.305,0.383,19.5,20,50,10,0,1013,0,"Cielo Despejado",20,0.256,0.761,0.323,0.438,4.5,93,0.225,0.674,0.321,0.353,4.5,25,0.253,0.7,0.309,0.391,4.5,70,0.218,0.652,0.294,0.358,4.5,23,5,78,265,5,84,228,7.1,17,3,6,5,10.2,26,3,7,5,5.93,5.92,5.24,5.71,43,8.5,40,28.5,11.7,12.1,7.6,24.6,2,2.6,0.8,5,23.2,84,2,2,3,4.3,5,5,22,22,27,9.6,2,19,19,88,5.1,3.4,23.2,44.1,23.8,7.3,0,24.6,"Victor Caratini",2.794710975420558,23.7,4.8,2.3,22,4.3,0,0,5.38,4.71,3.92,4.42,42.6,7.6,38.6,24.5,17.5,7.1,9.8,24.2,4,4,1.22,4.9,19.8,78,4,3,6,4.7,5,5.7,20,18,20,15.9,3,21,21,78,5,4.06,19.8,53.9,26.9,0,18,0,"Tyler Heineman",3.588313954764328,19.3,5.1,4.3,18,4.7,0,0,0.323,0.312,0.167,0.293,36.7,9.1,74.5,22.2,20.9,74.5,25.5,18.8,34.3,29.7,35.5,37.5,0.303,0.287,0.139,0.285,35.1,6.7,77.2,19.3,20.1,77.3,22.8,19.2,29.6,25.3,26.4,34.2,1.33,0.55,1.21,0.048,0.025,1.51,0.9,0,-0.08,0,-3.1,,3,7,"away","Final",0,,,"fastball",44.1,"splitter",24.6,,3.6206896551724137,16.8,"fastball",53.9,"slider",26.9,,3.9393939393939394,15.918367346938775,88.33333333333333,"Normal",76,"Normal","R","L",7.1,17,10.2,26,3,5286.666666666667,1026.6666666666667,0,5741.111111111111,844.2222222222222,0,,,1908.7,2019.4,,,25,26.3,14.3,24.4,8.8,14.9,97,106,98
"823877","2026-05-01","Jakob Marsee","Miami Marlins",1,"R","CF",0.179,0.297,0.26,0.557,0.261,0.081,146,22,3,2,1,25.3,13,0.185,0.549,0.259,7,5,2,0.619,0.618,0.304,0.281,20.3,28.6,81.2,81.2,18.8,,"Zack Wheeler","R",0.183,0.2,0.311,0.346,"7:10 PM ET","Miami Marlins","Philadelphia Phillies","loanDepot park","Eury Pérez",3.84,1.1,27.6,9.9,5,6,"79.2",89,15,5.31,,,,,"Zack Wheeler",2.28,0.91,29.4,6,9,1,"87.0",98,14,6.21,,,,,3.73,"Moderada",19,4.36,"Alta",23.2,4.6,0.745,0.332,0.413,19.0,4.4,0.706,0.304,0.402,21.6,20,50,10,0,1013,0,"Cielo Despejado",20,0.259,0.749,0.334,0.415,4.5,71,0.242,0.731,0.324,0.407,4.5,24,0.243,0.722,0.306,0.416,4.5,89,0.224,0.672,0.3,0.372,4.5,34,6,94,254,6,84,84,6,19,0,3,8,16.1,23.2,3,13,5,4.17,4.52,3.41,3.39,39.3,13.8,37.2,30.1,27.6,9.9,14.6,27.1,6,5,1.79,4.9,21.8,87,6,7,2,5.3,6,4,24,21,20,22.7,,,,87,5,5.9,21.8,54.1,30,5.8,10.2,0,"Liam Hicks",-0.9544336350912788,21.7,5.1,5.0,20,4,0,0,2.7,3.2,2.49,2.68,36.2,6.1,46.5,23.5,29.4,6,14.7,29.2,8,6,0,5,20,84,6,,,5,,,20,,,28.1,,,,67,4,5.59,20,63,14.7,8.1,0,14.2,"Rafael Marchán",3.5234208583044997,20.0,5.0,6.0,20,5,0,0,0.327,0.299,0.158,0.309,38.2,5.3,78.2,20.6,20.2,78.2,21.8,15.6,29.6,28.3,29.8,37.6,0.31,0.307,0.165,0.283,39.6,7.2,75.9,23.1,27.2,75.9,24.1,18.9,32,28.6,32.2,25,1.56,1.47,1.32,0.039,-0.008,-0.63,0.2,0,-0.03,0,-10.1,,5,6,"away","Final",0,,,"fastball",54.1,"slider",30,,3.9908256880733943,17.755102040816325,"fastball",63,"slider",14.7,,4.2,16.8,84.66666666666667,"Extra Rest",28,"Extra Rest","R","R",6,19,16.1,23.2,0,5861.111111111111,1033.3333333333333,0,4911.111111111111,942.2222222222222,0,,,2477.7,2384.3,,,30.8,41.4,28.8,27.6,26,32.1,97,100,86
"823877","2026-05-01","Kyle Stowers","Miami Marlins",2,"R","RF",0.205,0.326,0.282,0.608,0.274,0.077,46,8,3,0,0,23.9,13,0.172,0.514,0.241,7,5,2,0.837,0.606,0.498,0.333,31.7,30.9,64.7,64.7,35.3,,"Zack Wheeler","R",0.183,0.2,0.311,0.346,"7:10 PM ET","Miami Marlins","Philadelphia Phillies","loanDepot park","Eury Pérez",3.84,1.1,27.6,9.9,5,6,"79.2",89,15,5.31,,,,,"Zack Wheeler",2.28,0.91,29.4,6,9,1,"87.0",98,14,6.21,,,,,3.73,"Moderada",19,4.36,"Alta",23.2,4.6,0.745,0.332,0.413,19.0,4.4,0.706,0.304,0.402,21.6,20,50,10,0,1013,0,"Cielo Despejado",20,0.259,0.749,0.334,0.415,4.5,71,0.242,0.731,0.324,0.407,4.5,24,0.243,0.722,0.306,0.416,4.5,89,0.224,0.672,0.3,0.372,4.5,34,6,94,254,6,84,84,6,19,0,3,8,16.1,23.2,3,13,5,4.17,4.52,3.41,3.39,39.3,13.8,37.2,30.1,27.6,9.9,14.6,27.1,6,5,1.79,4.9,21.8,87,6,7,2,5.3,6,4,24,21,20,22.7,,,,87,5,5.9,21.8,54.1,30,5.8,10.2,0,"Liam Hicks",-0.9544336350912788,21.7,5.1,5.0,20,4,0,0,2.7,3.2,2.49,2.68,36.2,6.1,46.5,23.5,29.4,6,14.7,29.2,8,6,0,5,20,84,6,,,5,,,20,,,28.1,,,,67,4,5.59,20,63,14.7,8.1,0,14.2,"Rafael Marchán",3.5234208583044997,20.0,5.0,6.0,20,5,0,0,0.327,0.299,0.158,0.309,38.2,5.3,78.2,20.6,20.2,78.2,21.8,15.6,29.6,28.3,29.8,37.6,0.31,0.307,0.165,0.283,39.6,7.2,75.9,23.1,27.2,75.9,24.1,18.9,32,28.6,32.2,25,1.56,1.47,1.32,0.039,-0.008,-0.63,0.2,0,-0.03,0,-10.1,,5,6,"away","Final",0,,,"fastball",54.1,"slider",30,,3.9908256880733943,17.755102040816325,"fastball",63,"slider",14.7,,4.2,16.8,84.66666666666667,"Extra Rest",28,"Extra Rest","R","R",6,19,16.1,23.2,0,5861.111111111111,1033.3333333333333,0,4911.111111111111,942.2222222222222,0,,,2477.7,2384.3,,,30.8,41.4,28.8,27.6,26,32.1,97,100,86
"823877","2026-05-01","Otto Lopez","Miami Marlins",3,"R","SS",0.333,0.371,0.504,0.875,0.378,0.171,132,41,8,2,3,19.7,4.5,0.333,0.733,0.4,12,10,2,0.838,1.112,0.481,0.663,14.3,9,81.3,81.3,18.7,,"Zack Wheeler","R",0.183,0.2,0.311,0.346,"7:10 PM ET","Miami Marlins","Philadelphia Phillies","loanDepot park","Eury Pérez",3.84,1.1,27.6,9.9,5,6,"79.2",89,15,5.31,,,,,"Zack Wheeler",2.28,0.91,29.4,6,9,1,"87.0",98,14,6.21,,,,,3.73,"Moderada",19,4.36,"Alta",23.2,4.6,0.745,0.332,0.413,19.0,4.4,0.706,0.304,0.402,21.6,20,50,10,0,1013,0,"Cielo Despejado",20,0.259,0.749,0.334,0.415,4.5,71,0.242,0.731,0.324,0.407,4.5,24,0.243,0.722,0.306,0.416,4.5,89,0.224,0.672,0.3,0.372,4.5,34,6,94,254,6,84,84,6,19,0,3,8,16.1,23.2,3,13,5,4.17,4.52,3.41,3.39,39.3,13.8,37.2,30.1,27.6,9.9,14.6,27.1,6,5,1.79,4.9,21.8,87,6,7,2,5.3,6,4,24,21,20,22.7,,,,87,5,5.9,21.8,54.1,30,5.8,10.2,0,"Liam Hicks",-0.9544336350912788,21.7,5.1,5.0,20,4,0,0,2.7,3.2,2.49,2.68,36.2,6.1,46.5,23.5,29.4,6,14.7,29.2,8,6,0,5,20,84,6,,,5,,,20,,,28.1,,,,67,4,5.59,20,63,14.7,8.1,0,14.2,"Rafael Marchán",3.5234208583044997,20.0,5.0,6.0,20,5,0,0,0.327,0.299,0.158,0.309,38.2,5.3,78.2,20.6,20.2,78.2,21.8,15.6,29.6,28.3,29.8,37.6,0.31,0.307,0.165,0.283,39.6,7.2,75.9,23.1,27.2,75.9,24.1,18.9,32,28.6,32.2,25,1.56,1.47,1.32,0.039,-0.008,-0.63,0.2,0,-0.03,0,-10.1,,5,6,"away","Final",0,,,"fastball",54.1,"slider",30,,3.9908256880733943,17.755102040816325,"fastball",63,"slider",14.7,,4.2,16.8,84.66666666666667,"Extra Rest",28,"Extra Rest","R","R",6,19,16.1,23.2,0,5861.111111111111,1033.3333333333333,0,4911.111111111111,942.2222222222222,0,,,2477.7,2384.3,,,30.8,41.4,28.8,27.6,26,32.1,97,100,86
"823877","2026-05-01","Xavier Edwards","Miami Marlins",4,"R","2B",0.331,0.423,0.449,0.872,0.384,0.118,138,39,7,2,1,10.9,13.8,0.292,0.766,0.333,8,7,1,0.806,0.842,0.416,0.472,10.8,15.9,85.3,85.3,14.7,,"Zack Wheeler","R",0.183,0.2,0.311,0.346,"7:10 PM ET","Miami Marlins","Philadelphia Phillies","loanDepot park","Eury Pérez",3.84,1.1,27.6,9.9,5,6,"79.2",89,15,5.31,,,,,"Zack Wheeler",2.28,0.91,29.4,6,9,1,"87.0",98,14,6.21,,,,,3.73,"Moderada",19,4.36,"Alta",23.2,4.6,0.745,0.332,0.413,19.0,4.4,0.706,0.304,0.402,21.6,20,50,10,0,1013,0,"Cielo Despejado",20,0.259,0.749,0.334,0.415,4.5,71,0.242,0.731,0.324,0.407,4.5,24,0.243,0.722,0.306,0.416,4.5,89,0.224,0.672,0.3,0.372,4.5,34,6,94,254,6,84,84,6,19,0,3,8,16.1,23.2,3,13,5,4.17,4.52,3.41,3.39,39.3,13.8,37.2,30.1,27.6,9.9,14.6,27.1,6,5,1.79,4.9,21.8,87,6,7,2,5.3,6,4,24,21,20,22.7,,,,87,5,5.9,21.8,54.1,30,5.8,10.2,0,"Liam Hicks",-0.9544336350912788,21.7,5.1,5.0,20,4,0,0,2.7,3.2,2.49,2.68,36.2,6.1,46.5,23.5,29.4,6,14.7,29.2,8,6,0,5,20,84,6,,,5,,,20,,,28.1,,,,67,4,5.59,20,63,14.7,8.1,0,14.2,"Rafael Marchán",3.5234208583044997,20.0,5.0,6.0,20,5,0,0,0.327,0.299,0.158,0.309,38.2,5.3,78.2,20.6,20.2,78.2,21.8,15.6,29.6,28.3,29.8,37.6,0.31,0.307,0.165,0.283,39.6,7.2,75.9,23.1,27.2,75.9,24.1,18.9,32,28.6,32.2,25,1.56,1.47,1.32,0.039,-0.008,-0.63,0.2,0,-0.03,0,-10.1,,5,6,"away","Final",0,,,"fastball",54.1,"slider",30,,3.9908256880733943,17.755102040816325,"fastball",63,"slider",14.7,,4.2,16.8,84.66666666666667,"Extra Rest",28,"Extra Rest","R","R",6,19,16.1,23.2,0,5861.111111111111,1033.3333333333333,0,4911.111111111111,942.2222222222222,0,,,2477.7,2384.3,,,30.8,41.4,28.8,27.6,26,32.1,97,100,86
"823877","2026-05-01","Liam Hicks","Miami Marlins",5,"R","C",0.309,0.361,0.564,0.925,0.399,0.255,108,29,3,0,7,7.4,7.4,0.238,1,0.667,14,5,3,0.879,0.554,0.504,0.268,7.1,17.2,89.5,89.5,10.5,,"Zack Wheeler","R",0.183,0.2,0.311,0.346,"7:10 PM ET","Miami Marlins","Philadelphia Phillies","loanDepot park","Eury Pérez",3.84,1.1,27.6,9.9,5,6,"79.2",89,15,5.31,,,,,"Zack Wheeler",2.28,0.91,29.4,6,9,1,"87.0",98,14,6.21,,,,,3.73,"Moderada",19,4.36,"Alta",23.2,4.6,0.745,0.332,0.413,19.0,4.4,0.706,0.304,0.402,21.6,20,50,10,0,1013,0,"Cielo Despejado",20,0.259,0.749,0.334,0.415,4.5,71,0.242,0.731,0.324,0.407,4.5,24,0.243,0.722,0.306,0.416,4.5,89,0.224,0.672,0.3,0.372,4.5,34,6,94,254,6,84,84,6,19,0,3,8,16.1,23.2,3,13,5,4.17,4.52,3.41,3.39,39.3,13.8,37.2,30.1,27.6,9.9,14.6,27.1,6,5,1.79,4.9,21.8,87,6,7,2,5.3,6,4,24,21,20,22.7,,,,87,5,5.9,21.8,54.1,30,5.8,10.2,0,"Liam Hicks",-0.9544336350912788,21.7,5.1,5.0,20,4,0,0,2.7,3.2,2.49,2.68,36.2,6.1,46.5,23.5,29.4,6,14.7,29.2,8,6,0,5,20,84,6,,,5,,,20,,,28.1,,,,67,4,5.59,20,63,14.7,8.1,0,14.2,"Rafael Marchán",3.5234208583044997,20.0,5.0,6.0,20,5,0,0,0.327,0.299,0.158,0.309,38.2,5.3,78.2,20.6,20.2,78.2,21.8,15.6,29.6,28.3,29.8,37.6,0.31,0.307,0.165,0.283,39.6,7.2,75.9,23.1,27.2,75.9,24.1,18.9,32,28.6,32.2,25,1.56,1.47,1.32,0.039,-0.008,-0.63,0.2,0,-0.03,0,-10.1,,5,6,"away","Final",0,,,"fastball",54.1,"slider",30,,3.9908256880733943,17.755102040816325,"fastball",63,"slider",14.7,,4.2,16.8,84.66666666666667,"Extra Rest",28,"Extra Rest","R","R",6,19,16.1,23.2,0,5861.111111111111,1033.3333333333333,0,4911.111111111111,942.2222222222222,0,,,2477.7,2384.3,,,30.8,41.4,28.8,27.6,26,32.1,97,100,86
"823877","2026-05-01","Agustín Ramírez","Miami Marlins",6,"R","DH",0.234,0.314,0.355,0.669,0.296,0.121,121,25,5,1,2,22.3,9.1,0.259,0.74,0.407,11,7,2,0.528,1.013,0.256,0.581,23.9,16.2,75,75,25,,"Zack Wheeler","R",0.183,0.2,0.311,0.346,"7:10 PM ET","Miami Marlins","Philadelphia Phillies","loanDepot park","Eury Pérez",3.84,1.1,27.6,9.9,5,6,"79.2",89,15,5.31,,,,,"Zack Wheeler",2.28,0.91,29.4,6,9,1,"87.0",98,14,6.21,,,,,3.73,"Moderada",19,4.36,"Alta",23.2,4.6,0.745,0.332,0.413,19.0,4.4,0.706,0.304,0.402,21.6,20,50,10,0,1013,0,"Cielo Despejado",20,0.259,0.749,0.334,0.415,4.5,71,0.242,0.731,0.324,0.407,4.5,24,0.243,0.722,0.306,0.416,4.5,89,0.224,0.672,0.3,0.372,4.5,34,6,94,254,6,84,84,6,19,0,3,8,16.1,23.2,3,13,5,4.17,4.52,3.41,3.39,39.3,13.8,37.2,30.1,27.6,9.9,14.6,27.1,6,5,1.79,4.9,21.8,87,6,7,2,5.3,6,4,24,21,20,22.7,,,,87,5,5.9,21.8,54.1,30,5.8,10.2,0,"Liam Hicks",-0.9544336350912788,21.7,5.1,5.0,20,4,0,0,2.7,3.2,2.49,2.68,36.2,6.1,46.5,23.5,29.4,6,14.7,29.2,8,6,0,5,20,84,6,,,5,,,20,,,28.1,,,,67,4,5.59,20,63,14.7,8.1,0,14.2,"Rafael Marchán",3.5234208583044997,20.0,5.0,6.0,20,5,0,0,0.327,0.299,0.158,0.309,38.2,5.3,78.2,20.6,20.2,78.2,21.8,15.6,29.6,28.3,29.8,37.6,0.31,0.307,0.165,0.283,39.6,7.2,75.9,23.1,27.2,75.9,24.1,18.9,32,28.6,32.2,25,1.56,1.47,1.32,0.039,-0.008,-0.63,0.2,0,-0.03,0,-10.1,,5,6,"away","Final",0,,,"fastball",54.1,"slider",30,,3.9908256880733943,17.755102040816325,"fastball",63,"slider",14.7,,4.2,16.8,84.66666666666667,"Extra Rest",28,"Extra Rest","R","R",6,19,16.1,23.2,0,5861.111111111111,1033.3333333333333,0,4911.111111111111,942.2222222222222,0,,,2477.7,2384.3,,,30.8,41.4,28.8,27.6,26,32.1,97,100,86
"823877","2026-05-01","Connor Norby","Miami Marlins",7,"R","3B",0.234,0.336,0.394,0.73,0.326,0.16,110,22,6,0,3,29.1,10,0.167,0.578,0.292,7,4,1,0.656,0.592,0.347,0.268,31.5,26.8,65.2,65.2,34.8,,"Zack Wheeler","R",0.183,0.2,0.311,0.346,"7:10 PM ET","Miami Marlins","Philadelphia Phillies","loanDepot park","Eury Pérez",3.84,1.1,27.6,9.9,5,6,"79.2",89,15,5.31,,,,,"Zack Wheeler",2.28,0.91,29.4,6,9,1,"87.0",98,14,6.21,,,,,3.73,"Moderada",19,4.36,"Alta",23.2,4.6,0.745,0.332,0.413,19.0,4.4,0.706,0.304,0.402,21.6,20,50,10,0,1013,0,"Cielo Despejado",20,0.259,0.749,0.334,0.415,4.5,71,0.242,0.731,0.324,0.407,4.5,24,0.243,0.722,0.306,0.416,4.5,89,0.224,0.672,0.3,0.372,4.5,34,6,94,254,6,84,84,6,19,0,3,8,16.1,23.2,3,13,5,4.17,4.52,3.41,3.39,39.3,13.8,37.2,30.1,27.6,9.9,14.6,27.1,6,5,1.79,4.9,21.8,87,6,7,2,5.3,6,4,24,21,20,22.7,,,,87,5,5.9,21.8,54.1,30,5.8,10.2,0,"Liam Hicks",-0.9544336350912788,21.7,5.1,5.0,20,4,0,0,2.7,3.2,2.49,2.68,36.2,6.1,46.5,23.5,29.4,6,14.7,29.2,8,6,0,5,20,84,6,,,5,,,20,,,28.1,,,,67,4,5.59,20,63,14.7,8.1,0,14.2,"Rafael Marchán",3.5234208583044997,20.0,5.0,6.0,20,5,0,0,0.327,0.299,0.158,0.309,38.2,5.3,78.2,20.6,20.2,78.2,21.8,15.6,29.6,28.3,29.8,37.6,0.31,0.307,0.165,0.283,39.6,7.2,75.9,23.1,27.2,75.9,24.1,18.9,32,28.6,32.2,25,1.56,1.47,1.32,0.039,-0.008,-0.63,0.2,0,-0.03,0,-10.1,,5,6,"away","Final",0,,,"fastball",54.1,"slider",30,,3.9908256880733943,17.755102040816325,"fastball",63,"slider",14.7,,4.2,16.8,84.66666666666667,"Extra Rest",28,"Extra Rest","R","R",6,19,16.1,23.2,0,5861.111111111111,1033.3333333333333,0,4911.111111111111,942.2222222222222,0,,,2477.7,2384.3,,,30.8,41.4,28.8,27.6,26,32.1,97,100,86
"823877","2026-05-01","Christopher Morel","Miami Marlins",8,"R","1B",0.167,0.375,0.167,0.542,0.286,0.15,8,1,0,0,0,25,12.5,0,0.25,0,0,0,0,0.415,0.44,0.186,0.24,35.4,44,72.7,72.7,27.3,,"Zack Wheeler","R",0.183,0.2,0.311,0.346,"7:10 PM ET","Miami Marlins","Philadelphia Phillies","loanDepot park","Eury Pérez",3.84,1.1,27.6,9.9,5,6,"79.2",89,15,5.31,,,,,"Zack Wheeler",2.28,0.91,29.4,6,9,1,"87.0",98,14,6.21,,,,,3.73,"Moderada",19,4.36,"Alta",23.2,4.6,0.745,0.332,0.413,19.0,4.4,0.706,0.304,0.402,21.6,20,50,10,0,1013,0,"Cielo Despejado",20,0.259,0.749,0.334,0.415,4.5,71,0.242,0.731,0.324,0.407,4.5,24,0.243,0.722,0.306,0.416,4.5,89,0.224,0.672,0.3,0.372,4.5,34,6,94,254,6,84,84,6,19,0,3,8,16.1,23.2,3,13,5,4.17,4.52,3.41,3.39,39.3,13.8,37.2,30.1,27.6,9.9,14.6,27.1,6,5,1.79,4.9,21.8,87,6,7,2,5.3,6,4,24,21,20,22.7,,,,87,5,5.9,21.8,54.1,30,5.8,10.2,0,"Liam Hicks",-0.9544336350912788,21.7,5.1,5.0,20,4,0,0,2.7,3.2,2.49,2.68,36.2,6.1,46.5,23.5,29.4,6,14.7,29.2,8,6,0,5,20,84,6,,,5,,,20,,,28.1,,,,67,4,5.59,20,63,14.7,8.1,0,14.2,"Rafael Marchán",3.5234208583044997,20.0,5.0,6.0,20,5,0,0,0.327,0.299,0.158,0.309,38.2,5.3,78.2,20.6,20.2,78.2,21.8,15.6,29.6,28.3,29.8,37.6,0.31,0.307,0.165,0.283,39.6,7.2,75.9,23.1,27.2,75.9,24.1,18.9,32,28.6,32.2,25,1.56,1.47,1.32,0.039,-0.008,-0.63,0.2,0,-0.03,0,-10.1,,5,6,"away","Final",0,,,"fastball",54.1,"slider",30,,3.9908256880733943,17.755102040816325,"fastball",63,"slider",14.7,,4.2,16.8,84.66666666666667,"Extra Rest",28,"Extra Rest","R","R",6,19,16.1,23.2,0,5861.111111111111,1033.3333333333333,0,4911.111111111111,942.2222222222222,0,,,2477.7,2384.3,,,30.8,41.4,28.8,27.6,26,32.1,97,100,86
"823877","2026-05-01","Javier Sanoja","Miami Marlins",9,"R","LF",0.308,0.375,0.354,0.729,0.327,0.046,72,20,3,0,0,12.5,9.7,0.333,0.8,0.333,4,4,0,0.706,0.81,0.391,0.477,6.7,14.5,88.7,88.7,11.3,,"Zack Wheeler","R",0.183,0.2,0.311,0.346,"7:10 PM ET","Miami Marlins","Philadelphia Phillies","loanDepot park","Eury Pérez",3.84,1.1,27.6,9.9,5,6,"79.2",89,15,5.31,,,,,"Zack Wheeler",2.28,0.91,29.4,6,9,1,"87.0",98,14,6.21,,,,,3.73,"Moderada",19,4.36,"Alta",23.2,4.6,0.745,0.332,0.413,19.0,4.4,0.706,0.304,0.402,21.6,20,50,10,0,1013,0,"Cielo Despejado",20,0.259,0.749,0.334,0.415,4.5,71,0.242,0.731,0.324,0.407,4.5,24,0.243,0.722,0.306,0.416,4.5,89,0.224,0.672,0.3,0.372,4.5,34,6,94,254,6,84,84,6,19,0,3,8,16.1,23.2,3,13,5,4.17,4.52,3.41,3.39,39.3,13.8,37.2,30.1,27.6,9.9,14.6,27.1,6,5,1.79,4.9,21.8,87,6,7,2,5.3,6,4,24,21,20,22.7,,,,87,5,5.9,21.8,54.1,30,5.8,10.2,0,"Liam Hicks",-0.9544336350912788,21.7,5.1,5.0,20,4,0,0,2.7,3.2,2.49,2.68,36.2,6.1,46.5,23.5,29.4,6,14.7,29.2,8,6,0,5,20,84,6,,,5,,,20,,,28.1,,,,67,4,5.59,20,63,14.7,8.1,0,14.2,"Rafael Marchán",3.5234208583044997,20.0,5.0,6.0,20,5,0,0,0.327,0.299,0.158,0.309,38.2,5.3,78.2,20.6,20.2,78.2,21.8,15.6,29.6,28.3,29.8,37.6,0.31,0.307,0.165,0.283,39.6,7.2,75.9,23.1,27.2,75.9,24.1,18.9,32,28.6,32.2,25,1.56,1.47,1.32,0.039,-0.008,-0.63,0.2,0,-0.03,0,-10.1,,5,6,"away","Final",0,,,"fastball",54.1,"slider",30,,3.9908256880733943,17.755102040816325,"fastball",63,"slider",14.7,,4.2,16.8,84.66666666666667,"Extra Rest",28,"Extra Rest","R","R",6,19,16.1,23.2,0,5861.111111111111,1033.3333333333333,0,4911.111111111111,942.2222222222222,0,,,2477.7,2384.3,,,30.8,41.4,28.8,27.6,26,32.1,97,100,86
"823877","2026-05-01","Kyle Schwarber","Philadelphia Phillies",1,"R","DH",0.216,0.368,0.569,0.937,0.397,0.353,144,25,6,1,11,31.3,16.7,0.292,1.318,0.833,20,7,6,0.924,0.967,0.565,0.581,37.9,30.1,65,65,35,,"Eury Pérez","R",0.201,0.192,0.351,0.446,"7:10 PM ET","Miami Marlins","Philadelphia Phillies","loanDepot park","Eury Pérez",3.84,1.1,27.6,9.9,5,6,"79.2",89,15,5.31,,,,,"Zack Wheeler",2.28,0.91,29.4,6,9,1,"87.0",98,14,6.21,,,,,3.73,"Moderada",19,4.36,"Alta",23.2,4.6,0.745,0.332,0.413,19.0,4.4,0.706,0.304,0.402,21.6,20,50,10,0,1013,0,"Cielo Despejado",20,0.259,0.749,0.334,0.415,4.5,71,0.242,0.731,0.324,0.407,4.5,24,0.243,0.722,0.306,0.416,4.5,89,0.224,0.672,0.3,0.372,4.5,34,6,94,254,6,84,84,6,19,0,3,8,16.1,23.2,3,13,5,4.17,4.52,3.41,3.39,39.3,13.8,37.2,30.1,27.6,9.9,14.6,27.1,6,5,1.79,4.9,21.8,87,6,7,2,5.3,6,4,24,21,20,22.7,,,,87,5,5.9,21.8,54.1,30,5.8,10.2,0,"Liam Hicks",-0.9544336350912788,21.7,5.1,5.0,20,4,0,0,2.7,3.2,2.49,2.68,36.2,6.1,46.5,23.5,29.4,6,14.7,29.2,8,6,0,5,20,84,6,,,5,,,20,,,28.1,,,,67,4,5.59,20,63,14.7,8.1,0,14.2,"Rafael Marchán",3.5234208583044997,20.0,5.0,6.0,20,5,0,0,0.327,0.299,0.158,0.309,38.2,5.3,78.2,20.6,20.2,78.2,21.8,15.6,29.6,28.3,29.8,37.6,0.31,0.307,0.165,0.283,39.6,7.2,75.9,23.1,27.2,75.9,24.1,18.9,32,28.6,32.2,25,1.56,1.47,1.32,0.039,-0.008,-0.63,0.2,0,-0.03,0,-10.1,,5,6,"away","Final",0,,,"fastball",54.1,"slider",30,,3.9908256880733943,17.755102040816325,"fastball",63,"slider",14.7,,4.2,16.8,84.66666666666667,"Extra Rest",28,"Extra Rest","R","R",6,19,16.1,23.2,0,5861.111111111111,1033.3333333333333,0,4911.111111111111,942.2222222222222,0,,,2477.7,2384.3,,,30.8,41.4,28.8,27.6,26,32.1,97,100,86
"823877","2026-05-01","Bryce Harper","Philadelphia Phillies",2,"R","1B",0.263,0.358,0.492,0.85,0.365,0.229,137,31,7,1,6,16.8,13.1,0.269,0.81,0.423,11,7,2,1.008,0.653,0.614,0.328,17.8,24.7,69.5,69.5,30.5,,"Eury Pérez","R",0.201,0.192,0.351,0.446,"7:10 PM ET","Miami Marlins","Philadelphia Phillies","loanDepot park","Eury Pérez",3.84,1.1,27.6,9.9,5,6,"79.2",89,15,5.31,,,,,"Zack Wheeler",2.28,0.91,29.4,6,9,1,"87.0",98,14,6.21,,,,,3.73,"Moderada",19,4.36,"Alta",23.2,4.6,0.745,0.332,0.413,19.0,4.4,0.706,0.304,0.402,21.6,20,50,10,0,1013,0,"Cielo Despejado",20,0.259,0.749,0.334,0.415,4.5,71,0.242,0.731,0.324,0.407,4.5,24,0.243,0.722,0.306,0.416,4.5,89,0.224,0.672,0.3,0.372,4.5,34,6,94,254,6,84,84,6,19,0,3,8,16.1,23.2,3,13,5,4.17,4.52,3.41,3.39,39.3,13.8,37.2,30.1,27.6,9.9,14.6,27.1,6,5,1.79,4.9,21.8,87,6,7,2,5.3,6,4,24,21,20,22.7,,,,87,5,5.9,21.8,54.1,30,5.8,10.2,0,"Liam Hicks",-0.9544336350912788,21.7,5.1,5.0,20,4,0,0,2.7,3.2,2.49,2.68,36.2,6.1,46.5,23.5,29.4,6,14.7,29.2,8,6,0,5,20,84,6,,,5,,,20,,,28.1,,,,67,4,5.59,20,63,14.7,8.1,0,14.2,"Rafael Marchán",3.5234208583044997,20.0,5.0,6.0,20,5,0,0,0.327,0.299,0.158,0.309,38.2,5.3,78.2,20.6,20.2,78.2,21.8,15.6,29.6,28.3,29.8,37.6,0.31,0.307,0.165,0.283,39.6,7.2,75.9,23.1,27.2,75.9,24.1,18.9,32,28.6,32.2,25,1.56,1.47,1.32,0.039,-0.008,-0.63,0.2,0,-0.03,0,-10.1,,5,6,"away","Final",0,,,"fastball",54.1,"slider",30,,3.9908256880733943,17.755102040816325,"fastball",63,"slider",14.7,,4.2,16.8,84.66666666666667,"Extra Rest",28,"Extra Rest","R","R",6,19,16.1,23.2,0,5861.111111111111,1033.3333333333333,0,4911.111111111111,942.2222222222222,0,,,2477.7,2384.3,,,30.8,41.4,28.8,27.6,26,32.1,97,100,86
"823877","2026-05-01","Adolis García","Philadelphia Phillies",3,"R","RF",0.241,0.315,0.379,0.694,0.308,0.138,130,28,5,1,3,25.4,8.5,0.346,0.97,0.577,15,9,3,0.508,0.863,0.262,0.525,35.6,23.5,66.2,66.2,33.8,,"Eury Pérez","R",0.201,0.192,0.351,0.446,"7:10 PM ET","Miami Marlins","Philadelphia Phillies","loanDepot park","Eury Pérez",3.84,1.1,27.6,9.9,5,6,"79.2",89,15,5.31,,,,,"Zack Wheeler",2.28,0.91,29.4,6,9,1,"87.0",98,14,6.21,,,,,3.73,"Moderada",19,4.36,"Alta",23.2,4.6,0.745,0.332,0.413,19.0,4.4,0.706,0.304,0.402,21.6,20,50,10,0,1013,0,"Cielo Despejado",20,0.259,0.749,0.334,0.415,4.5,71,0.242,0.731,0.324,0.407,4.5,24,0.243,0.722,0.306,0.416,4.5,89,0.224,0.672,0.3,0.372,4.5,34,6,94,254,6,84,84,6,19,0,3,8,16.1,23.2,3,13,5,4.17,4.52,3.41,3.39,39.3,13.8,37.2,30.1,27.6,9.9,14.6,27.1,6,5,1.79,4.9,21.8,87,6,7,2,5.3,6,4,24,21,20,22.7,,,,87,5,5.9,21.8,54.1,30,5.8,10.2,0,"Liam Hicks",-0.9544336350912788,21.7,5.1,5.0,20,4,0,0,2.7,3.2,2.49,2.68,36.2,6.1,46.5,23.5,29.4,6,14.7,29.2,8,6,0,5,20,84,6,,,5,,,20,,,28.1,,,,67,4,5.59,20,63,14.7,8.1,0,14.2,"Rafael Marchán",3.5234208583044997,20.0,5.0,6.0,20,5,0,0,0.327,0.299,0.158,0.309,38.2,5.3,78.2,20.6,20.2,78.2,21.8,15.6,29.6,28.3,29.8,37.6,0.31,0.307,0.165,0.283,39.6,7.2,75.9,23.1,27.2,75.9,24.1,18.9,32,28.6,32.2,25,1.56,1.47,1.32,0.039,-0.008,-0.63,0.2,0,-0.03,0,-10.1,,5,6,"away","Final",0,,,"fastball",54.1,"slider",30,,3.9908256880733943,17.755102040816325,"fastball",63,"slider",14.7,,4.2,16.8,84.66666666666667,"Extra Rest",28,"Extra Rest","R","R",6,19,16.1,23.2,0,5861.111111111111,1033.3333333333333,0,4911.111111111111,942.2222222222222,0,,,2477.7,2384.3,,,30.8,41.4,28.8,27.6,26,32.1,97,100,86
"823877","2026-05-01","Dylan Moore","Philadelphia Phillies",4,"R","LF",0.25,0.2,0.4,0.2,0.138,0.15,15,0,0,0,0,40,20,0,0.143,0,0,0,0,0,0.25,0,0,66.7,33.3,,,,,"Eury Pérez","R",0.201,0.192,0.351,0.446,"7:10 PM ET","Miami Marlins","Philadelphia Phillies","loanDepot park","Eury Pérez",3.84,1.1,27.6,9.9,5,6,"79.2",89,15,5.31,,,,,"Zack Wheeler",2.28,0.91,29.4,6,9,1,"87.0",98,14,6.21,,,,,3.73,"Moderada",19,4.36,"Alta",23.2,4.6,0.745,0.332,0.413,19.0,4.4,0.706,0.304,0.402,21.6,20,50,10,0,1013,0,"Cielo Despejado",20,0.259,0.749,0.334,0.415,4.5,71,0.242,0.731,0.324,0.407,4.5,24,0.243,0.722,0.306,0.416,4.5,89,0.224,0.672,0.3,0.372,4.5,34,6,94,254,6,84,84,6,19,0,3,8,16.1,23.2,3,13,5,4.17,4.52,3.41,3.39,39.3,13.8,37.2,30.1,27.6,9.9,14.6,27.1,6,5,1.79,4.9,21.8,87,6,7,2,5.3,6,4,24,21,20,22.7,,,,87,5,5.9,21.8,54.1,30,5.8,10.2,0,"Liam Hicks",-0.9544336350912788,21.7,5.1,5.0,20,4,0,0,2.7,3.2,2.49,2.68,36.2,6.1,46.5,23.5,29.4,6,14.7,29.2,8,6,0,5,20,84,6,,,5,,,20,,,28.1,,,,67,4,5.59,20,63,14.7,8.1,0,14.2,"Rafael Marchán",3.5234208583044997,20.0,5.0,6.0,20,5,0,0,0.327,0.299,0.158,0.309,38.2,5.3,78.2,20.6,20.2,78.2,21.8,15.6,29.6,28.3,29.8,37.6,0.31,0.307,0.165,0.283,39.6,7.2,75.9,23.1,27.2,75.9,24.1,18.9,32,28.6,32.2,25,1.56,1.47,1.32,0.039,-0.008,-0.63,0.2,0,-0.03,0,-10.1,,5,6,"away","Final",0,,,"fastball",54.1,"slider",30,,3.9908256880733943,17.755102040816325,"fastball",63,"slider",14.7,,4.2,16.8,84.66666666666667,"Extra Rest",28,"Extra Rest","R","R",6,19,16.1,23.2,0,5861.111111111111,1033.3333333333333,0,4911.111111111111,942.2222222222222,0,,,2477.7,2384.3,,,30.8,41.4,28.8,27.6,26,32.1,97,100,86
"823877","2026-05-01","Edmundo Sosa","Philadelphia Phillies",5,"R","SS",0.283,0.313,0.413,0.726,0.315,0.13,48,13,3,0,1,18.8,4.2,0.238,0.524,0.286,6,5,1,0.516,0.727,0.319,0.421,19.4,20.9,76.4,76.4,23.6,,"Eury Pérez","R",0.201,0.192,0.351,0.446,"7:10 PM ET","Miami Marlins","Philadelphia Phillies","loanDepot park","Eury Pérez",3.84,1.1,27.6,9.9,5,6,"79.2",89,15,5.31,,,,,"Zack Wheeler",2.28,0.91,29.4,6,9,1,"87.0",98,14,6.21,,,,,3.73,"Moderada",19,4.36,"Alta",23.2,4.6,0.745,0.332,0.413,19.0,4.4,0.706,0.304,0.402,21.6,20,50,10,0,1013,0,"Cielo Despejado",20,0.259,0.749,0.334,0.415,4.5,71,0.242,0.731,0.324,0.407,4.5,24,0.243,0.722,0.306,0.416,4.5,89,0.224,0.672,0.3,0.372,4.5,34,6,94,254,6,84,84,6,19,0,3,8,16.1,23.2,3,13,5,4.17,4.52,3.41,3.39,39.3,13.8,37.2,30.1,27.6,9.9,14.6,27.1,6,5,1.79,4.9,21.8,87,6,7,2,5.3,6,4,24,21,20,22.7,,,,87,5,5.9,21.8,54.1,30,5.8,10.2,0,"Liam Hicks",-0.9544336350912788,21.7,5.1,5.0,20,4,0,0,2.7,3.2,2.49,2.68,36.2,6.1,46.5,23.5,29.4,6,14.7,29.2,8,6,0,5,20,84,6,,,5,,,20,,,28.1,,,,67,4,5.59,20,63,14.7,8.1,0,14.2,"Rafael Marchán",3.5234208583044997,20.0,5.0,6.0,20,5,0,0,0.327,0.299,0.158,0.309,38.2,5.3,78.2,20.6,20.2,78.2,21.8,15.6,29.6,28.3,29.8,37.6,0.31,0.307,0.165,0.283,39.6,7.2,75.9,23.1,27.2,75.9,24.1,18.9,32,28.6,32.2,25,1.56,1.47,1.32,0.039,-0.008,-0.63,0.2,0,-0.03,0,-10.1,,5,6,"away","Final",0,,,"fastball",54.1,"slider",30,,3.9908256880733943,17.755102040816325,"fastball",63,"slider",14.7,,4.2,16.8,84.66666666666667,"Extra Rest",28,"Extra Rest","R","R",6,19,16.1,23.2,0,5861.111111111111,1033.3333333333333,0,4911.111111111111,942.2222222222222,0,,,2477.7,2384.3,,,30.8,41.4,28.8,27.6,26,32.1,97,100,86
"823877","2026-05-01","Bryson Stott","Philadelphia Phillies",6,"R","2B",0.211,0.268,0.311,0.579,0.257,0.1,99,19,2,2,1,18.2,6.1,0.217,0.641,0.391,9,5,2,0.678,0.756,0.393,0.381,17.9,15.1,82.2,82.2,17.8,,"Eury Pérez","R",0.201,0.192,0.351,0.446,"7:10 PM ET","Miami Marlins","Philadelphia Phillies","loanDepot park","Eury Pérez",3.84,1.1,27.6,9.9,5,6,"79.2",89,15,5.31,,,,,"Zack Wheeler",2.28,0.91,29.4,6,9,1,"87.0",98,14,6.21,,,,,3.73,"Moderada",19,4.36,"Alta",23.2,4.6,0.745,0.332,0.413,19.0,4.4,0.706,0.304,0.402,21.6,20,50,10,0,1013,0,"Cielo Despejado",20,0.259,0.749,0.334,0.415,4.5,71,0.242,0.731,0.324,0.407,4.5,24,0.243,0.722,0.306,0.416,4.5,89,0.224,0.672,0.3,0.372,4.5,34,6,94,254,6,84,84,6,19,0,3,8,16.1,23.2,3,13,5,4.17,4.52,3.41,3.39,39.3,13.8,37.2,30.1,27.6,9.9,14.6,27.1,6,5,1.79,4.9,21.8,87,6,7,2,5.3,6,4,24,21,20,22.7,,,,87,5,5.9,21.8,54.1,30,5.8,10.2,0,"Liam Hicks",-0.9544336350912788,21.7,5.1,5.0,20,4,0,0,2.7,3.2,2.49,2.68,36.2,6.1,46.5,23.5,29.4,6,14.7,29.2,8,6,0,5,20,84,6,,,5,,,20,,,28.1,,,,67,4,5.59,20,63,14.7,8.1,0,14.2,"Rafael Marchán",3.5234208583044997,20.0,5.0,6.0,20,5,0,0,0.327,0.299,0.158,0.309,38.2,5.3,78.2,20.6,20.2,78.2,21.8,15.6,29.6,28.3,29.8,37.6,0.31,0.307,0.165,0.283,39.6,7.2,75.9,23.1,27.2,75.9,24.1,18.9,32,28.6,32.2,25,1.56,1.47,1.32,0.039,-0.008,-0.63,0.2,0,-0.03,0,-10.1,,5,6,"away","Final",0,,,"fastball",54.1,"slider",30,,3.9908256880733943,17.755102040816325,"fastball",63,"slider",14.7,,4.2,16.8,84.66666666666667,"Extra Rest",28,"Extra Rest","R","R",6,19,16.1,23.2,0,5861.111111111111,1033.3333333333333,0,4911.111111111111,942.2222222222222,0,,,2477.7,2384.3,,,30.8,41.4,28.8,27.6,26,32.1,97,100,86
"823877","2026-05-01","Alec Bohm","Philadelphia Phillies",7,"R","3B",0.164,0.228,0.218,0.446,0.209,0.054,123,18,3,0,1,16.3,6.5,0.214,0.553,0.286,8,6,2,0.66,0.617,0.36,0.371,13.8,15.8,83.2,83.2,16.8,,"Eury Pérez","R",0.201,0.192,0.351,0.446,"7:10 PM ET","Miami Marlins","Philadelphia Phillies","loanDepot park","Eury Pérez",3.84,1.1,27.6,9.9,5,6,"79.2",89,15,5.31,,,,,"Zack Wheeler",2.28,0.91,29.4,6,9,1,"87.0",98,14,6.21,,,,,3.73,"Moderada",19,4.36,"Alta",23.2,4.6,0.745,0.332,0.413,19.0,4.4,0.706,0.304,0.402,21.6,20,50,10,0,1013,0,"Cielo Despejado",20,0.259,0.749,0.334,0.415,4.5,71,0.242,0.731,0.324,0.407,4.5,24,0.243,0.722,0.306,0.416,4.5,89,0.224,0.672,0.3,0.372,4.5,34,6,94,254,6,84,84,6,19,0,3,8,16.1,23.2,3,13,5,4.17,4.52,3.41,3.39,39.3,13.8,37.2,30.1,27.6,9.9,14.6,27.1,6,5,1.79,4.9,21.8,87,6,7,2,5.3,6,4,24,21,20,22.7,,,,87,5,5.9,21.8,54.1,30,5.8,10.2,0,"Liam Hicks",-0.9544336350912788,21.7,5.1,5.0,20,4,0,0,2.7,3.2,2.49,2.68,36.2,6.1,46.5,23.5,29.4,6,14.7,29.2,8,6,0,5,20,84,6,,,5,,,20,,,28.1,,,,67,4,5.59,20,63,14.7,8.1,0,14.2,"Rafael Marchán",3.5234208583044997,20.0,5.0,6.0,20,5,0,0,0.327,0.299,0.158,0.309,38.2,5.3,78.2,20.6,20.2,78.2,21.8,15.6,29.6,28.3,29.8,37.6,0.31,0.307,0.165,0.283,39.6,7.2,75.9,23.1,27.2,75.9,24.1,18.9,32,28.6,32.2,25,1.56,1.47,1.32,0.039,-0.008,-0.63,0.2,0,-0.03,0,-10.1,,5,6,"away","Final",0,,,"fastball",54.1,"slider",30,,3.9908256880733943,17.755102040816325,"fastball",63,"slider",14.7,,4.2,16.8,84.66666666666667,"Extra Rest",28,"Extra Rest","R","R",6,19,16.1,23.2,0,5861.111111111111,1033.3333333333333,0,4911.111111111111,942.2222222222222,0,,,2477.7,2384.3,,,30.8,41.4,28.8,27.6,26,32.1,97,100,86
"823877","2026-05-01","Justin Crawford","Philadelphia Phillies",8,"R","CF",0.269,0.34,0.376,0.716,0.316,0.107,103,25,6,2,0,18.4,7.8,0.233,0.533,0.3,9,7,1,0.7,0.486,0.381,0.209,20,23.4,80.8,80.8,19.2,,"Eury Pérez","R",0.201,0.192,0.351,0.446,"7:10 PM ET","Miami Marlins","Philadelphia Phillies","loanDepot park","Eury Pérez",3.84,1.1,27.6,9.9,5,6,"79.2",89,15,5.31,,,,,"Zack Wheeler",2.28,0.91,29.4,6,9,1,"87.0",98,14,6.21,,,,,3.73,"Moderada",19,4.36,"Alta",23.2,4.6,0.745,0.332,0.413,19.0,4.4,0.706,0.304,0.402,21.6,20,50,10,0,1013,0,"Cielo Despejado",20,0.259,0.749,0.334,0.415,4.5,71,0.242,0.731,0.324,0.407,4.5,24,0.243,0.722,0.306,0.416,4.5,89,0.224,0.672,0.3,0.372,4.5,34,6,94,254,6,84,84,6,19,0,3,8,16.1,23.2,3,13,5,4.17,4.52,3.41,3.39,39.3,13.8,37.2,30.1,27.6,9.9,14.6,27.1,6,5,1.79,4.9,21.8,87,6,7,2,5.3,6,4,24,21,20,22.7,,,,87,5,5.9,21.8,54.1,30,5.8,10.2,0,"Liam Hicks",-0.9544336350912788,21.7,5.1,5.0,20,4,0,0,2.7,3.2,2.49,2.68,36.2,6.1,46.5,23.5,29.4,6,14.7,29.2,8,6,0,5,20,84,6,,,5,,,20,,,28.1,,,,67,4,5.59,20,63,14.7,8.1,0,14.2,"Rafael Marchán",3.5234208583044997,20.0,5.0,6.0,20,5,0,0,0.327,0.299,0.158,0.309,38.2,5.3,78.2,20.6,20.2,78.2,21.8,15.6,29.6,28.3,29.8,37.6,0.31,0.307,0.165,0.283,39.6,7.2,75.9,23.1,27.2,75.9,24.1,18.9,32,28.6,32.2,25,1.56,1.47,1.32,0.039,-0.008,-0.63,0.2,0,-0.03,0,-10.1,,5,6,"away","Final",0,,,"fastball",54.1,"slider",30,,3.9908256880733943,17.755102040816325,"fastball",63,"slider",14.7,,4.2,16.8,84.66666666666667,"Extra Rest",28,"Extra Rest","R","R",6,19,16.1,23.2,0,5861.111111111111,1033.3333333333333,0,4911.111111111111,942.2222222222222,0,,,2477.7,2384.3,,,30.8,41.4,28.8,27.6,26,32.1,97,100,86
"823877","2026-05-01","Rafael Marchán","Philadelphia Phillies",9,"R","C",0.078,0.13,0.137,0.267,0.126,0.059,54,4,0,0,1,20.4,1.9,0.15,0.377,0.15,3,3,0,0.319,0.379,0.164,0.231,15.5,18.5,84.3,84.3,15.8,,"Eury Pérez","R",0.201,0.192,0.351,0.446,"7:10 PM ET","Miami Marlins","Philadelphia Phillies","loanDepot park","Eury Pérez",3.84,1.1,27.6,9.9,5,6,"79.2",89,15,5.31,,,,,"Zack Wheeler",2.28,0.91,29.4,6,9,1,"87.0",98,14,6.21,,,,,3.73,"Moderada",19,4.36,"Alta",23.2,4.6,0.745,0.332,0.413,19.0,4.4,0.706,0.304,0.402,21.6,20,50,10,0,1013,0,"Cielo Despejado",20,0.259,0.749,0.334,0.415,4.5,71,0.242,0.731,0.324,0.407,4.5,24,0.243,0.722,0.306,0.416,4.5,89,0.224,0.672,0.3,0.372,4.5,34,6,94,254,6,84,84,6,19,0,3,8,16.1,23.2,3,13,5,4.17,4.52,3.41,3.39,39.3,13.8,37.2,30.1,27.6,9.9,14.6,27.1,6,5,1.79,4.9,21.8,87,6,7,2,5.3,6,4,24,21,20,22.7,,,,87,5,5.9,21.8,54.1,30,5.8,10.2,0,"Liam Hicks",-0.9544336350912788,21.7,5.1,5.0,20,4,0,0,2.7,3.2,2.49,2.68,36.2,6.1,46.5,23.5,29.4,6,14.7,29.2,8,6,0,5,20,84,6,,,5,,,20,,,28.1,,,,67,4,5.59,20,63,14.7,8.1,0,14.2,"Rafael Marchán",3.5234208583044997,20.0,5.0,6.0,20,5,0,0,0.327,0.299,0.158,0.309,38.2,5.3,78.2,20.6,20.2,78.2,21.8,15.6,29.6,28.3,29.8,37.6,0.31,0.307,0.165,0.283,39.6,7.2,75.9,23.1,27.2,75.9,24.1,18.9,32,28.6,32.2,25,1.56,1.47,1.32,0.039,-0.008,-0.63,0.2,0,-0.03,0,-10.1,,5,6,"away","Final",0,,,"fastball",54.1,"slider",30,,3.9908256880733943,17.755102040816325,"fastball",63,"slider",14.7,,4.2,16.8,84.66666666666667,"Extra Rest",28,"Extra Rest","R","R",6,19,16.1,23.2,0,5861.111111111111,1033.3333333333333,0,4911.111111111111,942.2222222222222,0,,,2477.7,2384.3,,,30.8,41.4,28.8,27.6,26,32.1,97,100,86
"824041","2026-05-01","Zach Neto","Los Angeles Angels",1,"R","SS",0.227,0.338,0.402,0.74,0.325,0.175,154,30,8,0,5,31.8,13,0.219,0.578,0.313,10,7,3,0.746,0.908,0.439,0.523,32.7,28.8,67,67,33,,"Christian Scott","R",0.206,0.239,0.382,0.338,"9:38 PM ET","Los Angeles Angels","New York Mets","Angel Stadium","Walbert Ureña",2.88,1.32,22,13,5,7,"81.1",78,17,4.78,,,,,"Christian Scott",3.17,1.3,27.9,11.2,2,1,"54.0",65,12,4.50,,,,,4.66,"Alta",20.1,3.96,"Alta",22,4.5,0.708,0.315,0.393,25.8,4.2,0.687,0.304,0.383,21.5,20,50,10,0,1013,0,"Cielo Despejado",20,0.239,0.702,0.313,0.389,4.5,74,0.24,0.723,0.319,0.404,4.5,33,0.233,0.684,0.303,0.381,4.5,78,0.239,0.696,0.306,0.39,4.5,32,6,81,221,8,43,43,10,20.1,0,5,8,8.2,22,3,4,5,3.29,4.04,4.06,4.62,32.3,5.4,55.2,22,22,13,12.5,28.9,4,5.5,2.5,4.9,22.5,87,3,8,,3.7,6,,21,24,,21.1,,,,84,4.2,4.88,22.5,51.5,15.8,0,32.7,0,"Sebastián Rivero",,22.5,4.8,5.5,21,3.7,0,0,4.56,4.2,3.55,3.52,35,8,32.1,29.9,27.9,11.2,12.2,27.4,8,1,0,1.3,10,43,1,,,1.3,,,10,,,42.1,,,,28,1,2.15,10,69.8,26.4,0,0,3.9,"Francisco Alvarez",-0.5791311770345119,10.0,1.3,1.0,10,1.3,1,1,0.311,0.304,0.153,0.301,35.2,8.2,72,25,27.1,72,28,21,41,37.3,36.7,29.6,0.303,0.31,0.148,0.277,37.3,9.1,75.1,21.8,21.4,75.1,24.9,18.3,33.9,26.5,29.2,36.3,-0.29,-1.27,-0.16,0.021,-0.006,0.7,0.3,0,-0.14,-2,1.8,,3,4,"away","Final",0,,,"fastball",51.5,"changeup",32.7,,3.8666666666666667,17.755102040816325,"fastball",69.8,"slider",26.4,,4.3,33.07692307692307,73.66666666666667,"Extra Rest",14.333333333333334,"Extra Rest","R","R",10,20.1,8.2,22,0,4865.555555555556,968.6666666666666,0,5230,745.3333333333334,0,,,2057.8,2324,,,34.5,27.9,19.5,29.2,25,25.8,105,100,105
"824041","2026-05-01","Mike Trout","Los Angeles Angels",2,"R","CF",0.248,0.426,0.558,0.984,0.416,0.31,148,28,5,0,10,22.3,21.6,0.292,1.208,0.708,17,7,4,0.86,0.858,0.476,0.456,24.8,25.3,76.7,76.7,23.3,,"Christian Scott","R",0.206,0.239,0.382,0.338,"9:38 PM ET","Los Angeles Angels","New York Mets","Angel Stadium","Walbert Ureña",2.88,1.32,22,13,5,7,"81.1",78,17,4.78,,,,,"Christian Scott",3.17,1.3,27.9,11.2,2,1,"54.0",65,12,4.50,,,,,4.66,"Alta",20.1,3.96,"Alta",22,4.5,0.708,0.315,0.393,25.8,4.2,0.687,0.304,0.383,21.5,20,50,10,0,1013,0,"Cielo Despejado",20,0.239,0.702,0.313,0.389,4.5,74,0.24,0.723,0.319,0.404,4.5,33,0.233,0.684,0.303,0.381,4.5,78,0.239,0.696,0.306,0.39,4.5,32,6,81,221,8,43,43,10,20.1,0,5,8,8.2,22,3,4,5,3.29,4.04,4.06,4.62,32.3,5.4,55.2,22,22,13,12.5,28.9,4,5.5,2.5,4.9,22.5,87,3,8,,3.7,6,,21,24,,21.1,,,,84,4.2,4.88,22.5,51.5,15.8,0,32.7,0,"Sebastián Rivero",,22.5,4.8,5.5,21,3.7,0,0,4.56,4.2,3.55,3.52,35,8,32.1,29.9,27.9,11.2,12.2,27.4,8,1,0,1.3,10,43,1,,,1.3,,,10,,,42.1,,,,28,1,2.15,10,69.8,26.4,0,0,3.9,"Francisco Alvarez",-0.5791311770345119,10.0,1.3,1.0,10,1.3,1,1,0.311,0.304,0.153,0.301,35.2,8.2,72,25,27.1,72,28,21,41,37.3,36.7,29.6,0.303,0.31,0.148,0.277,37.3,9.1,75.1,21.8,21.4,75.1,24.9,18.3,33.9,26.5,29.2,36.3,-0.29,-1.27,-0.16,0.021,-0.006,0.7,0.3,0,-0.14,-2,1.8,,3,4,"away","Final",0,,,"fastball",51.5,"changeup",32.7,,3.8666666666666667,17.755102040816325,"fastball",69.8,"slider",26.4,,4.3,33.07692307692307,73.66666666666667,"Extra Rest",14.333333333333334,"Extra Rest","R","R",10,20.1,8.2,22,0,4865.555555555556,968.6666666666666,0,5230,745.3333333333334,0,,,2057.8,2324,,,34.5,27.9,19.5,29.2,25,25.8,105,100,105
"824041","2026-05-01","Yoán Moncada","Los Angeles Angels",3,"R","3B",0.174,0.311,0.302,0.613,0.283,0.128,103,15,0,1,3,35,14.6,0.214,0.481,0.214,3,3,0,0.683,0.279,0.356,0.048,31.7,46.2,70.5,70.5,29.5,,"Christian Scott","R",0.206,0.239,0.382,0.338,"9:38 PM ET","Los Angeles Angels","New York Mets","Angel Stadium","Walbert Ureña",2.88,1.32,22,13,5,7,"81.1",78,17,4.78,,,,,"Christian Scott",3.17,1.3,27.9,11.2,2,1,"54.0",65,12,4.50,,,,,4.66,"Alta",20.1,3.96,"Alta",22,4.5,0.708,0.315,0.393,25.8,4.2,0.687,0.304,0.383,21.5,20,50,10,0,1013,0,"Cielo Despejado",20,0.239,0.702,0.313,0.389,4.5,74,0.24,0.723,0.319,0.404,4.5,33,0.233,0.684,0.303,0.381,4.5,78,0.239,0.696,0.306,0.39,4.5,32,6,81,221,8,43,43,10,20.1,0,5,8,8.2,22,3,4,5,3.29,4.04,4.06,4.62,32.3,5.4,55.2,22,22,13,12.5,28.9,4,5.5,2.5,4.9,22.5,87,3,8,,3.7,6,,21,24,,21.1,,,,84,4.2,4.88,22.5,51.5,15.8,0,32.7,0,"Sebastián Rivero",,22.5,4.8,5.5,21,3.7,0,0,4.56,4.2,3.55,3.52,35,8,32.1,29.9,27.9,11.2,12.2,27.4,8,1,0,1.3,10,43,1,,,1.3,,,10,,,42.1,,,,28,1,2.15,10,69.8,26.4,0,0,3.9,"Francisco Alvarez",-0.5791311770345119,10.0,1.3,1.0,10,1.3,1,1,0.311,0.304,0.153,0.301,35.2,8.2,72,25,27.1,72,28,21,41,37.3,36.7,29.6,0.303,0.31,0.148,0.277,37.3,9.1,75.1,21.8,21.4,75.1,24.9,18.3,33.9,26.5,29.2,36.3,-0.29,-1.27,-0.16,0.021,-0.006,0.7,0.3,0,-0.14,-2,1.8,,3,4,"away","Final",0,,,"fastball",51.5,"changeup",32.7,,3.8666666666666667,17.755102040816325,"fastball",69.8,"slider",26.4,,4.3,33.07692307692307,73.66666666666667,"Extra Rest",14.333333333333334,"Extra Rest","R","R",10,20.1,8.2,22,0,4865.555555555556,968.6666666666666,0,5230,745.3333333333334,0,,,2057.8,2324,,,34.5,27.9,19.5,29.2,25,25.8,105,100,105
"824041","2026-05-01","Jorge Soler","Los Angeles Angels",4,"R","DH",0.236,0.328,0.481,0.809,0.354,0.245,125,25,5,0,7,30.4,10.4,0.269,0.807,0.462,12,7,3,0.707,0.644,0.413,0.328,33,27.6,63.9,63.9,36.1,,"Christian Scott","R",0.206,0.239,0.382,0.338,"9:38 PM ET","Los Angeles Angels","New York Mets","Angel Stadium","Walbert Ureña",2.88,1.32,22,13,5,7,"81.1",78,17,4.78,,,,,"Christian Scott",3.17,1.3,27.9,11.2,2,1,"54.0",65,12,4.50,,,,,4.66,"Alta",20.1,3.96,"Alta",22,4.5,0.708,0.315,0.393,25.8,4.2,0.687,0.304,0.383,21.5,20,50,10,0,1013,0,"Cielo Despejado",20,0.239,0.702,0.313,0.389,4.5,74,0.24,0.723,0.319,0.404,4.5,33,0.233,0.684,0.303,0.381,4.5,78,0.239,0.696,0.306,0.39,4.5,32,6,81,221,8,43,43,10,20.1,0,5,8,8.2,22,3,4,5,3.29,4.04,4.06,4.62,32.3,5.4,55.2,22,22,13,12.5,28.9,4,5.5,2.5,4.9,22.5,87,3,8,,3.7,6,,21,24,,21.1,,,,84,4.2,4.88,22.5,51.5,15.8,0,32.7,0,"Sebastián Rivero",,22.5,4.8,5.5,21,3.7,0,0,4.56,4.2,3.55,3.52,35,8,32.1,29.9,27.9,11.2,12.2,27.4,8,1,0,1.3,10,43,1,,,1.3,,,10,,,42.1,,,,28,1,2.15,10,69.8,26.4,0,0,3.9,"Francisco Alvarez",-0.5791311770345119,10.0,1.3,1.0,10,1.3,1,1,0.311,0.304,0.153,0.301,35.2,8.2,72,25,27.1,72,28,21,41,37.3,36.7,29.6,0.303,0.31,0.148,0.277,37.3,9.1,75.1,21.8,21.4,75.1,24.9,18.3,33.9,26.5,29.2,36.3,-0.29,-1.27,-0.16,0.021,-0.006,0.7,0.3,0,-0.14,-2,1.8,,3,4,"away","Final",0,,,"fastball",51.5,"changeup",32.7,,3.8666666666666667,17.755102040816325,"fastball",69.8,"slider",26.4,,4.3,33.07692307692307,73.66666666666667,"Extra Rest",14.333333333333334,"Extra Rest","R","R",10,20.1,8.2,22,0,4865.555555555556,968.6666666666666,0,5230,745.3333333333334,0,,,2057.8,2324,,,34.5,27.9,19.5,29.2,25,25.8,105,100,105
"824041","2026-05-01","Nolan Schanuel","Los Angeles Angels",5,"R","1B",0.241,0.302,0.371,0.673,0.299,0.13,129,28,6,0,3,14.7,7.8,0.28,0.828,0.52,13,7,4,0.768,0.617,0.413,0.328,14.3,17.1,82.1,82.1,17.9,,"Christian Scott","R",0.206,0.239,0.382,0.338,"9:38 PM ET","Los Angeles Angels","New York Mets","Angel Stadium","Walbert Ureña",2.88,1.32,22,13,5,7,"81.1",78,17,4.78,,,,,"Christian Scott",3.17,1.3,27.9,11.2,2,1,"54.0",65,12,4.50,,,,,4.66,"Alta",20.1,3.96,"Alta",22,4.5,0.708,0.315,0.393,25.8,4.2,0.687,0.304,0.383,21.5,20,50,10,0,1013,0,"Cielo Despejado",20,0.239,0.702,0.313,0.389,4.5,74,0.24,0.723,0.319,0.404,4.5,33,0.233,0.684,0.303,0.381,4.5,78,0.239,0.696,0.306,0.39,4.5,32,6,81,221,8,43,43,10,20.1,0,5,8,8.2,22,3,4,5,3.29,4.04,4.06,4.62,32.3,5.4,55.2,22,22,13,12.5,28.9,4,5.5,2.5,4.9,22.5,87,3,8,,3.7,6,,21,24,,21.1,,,,84,4.2,4.88,22.5,51.5,15.8,0,32.7,0,"Sebastián Rivero",,22.5,4.8,5.5,21,3.7,0,0,4.56,4.2,3.55,3.52,35,8,32.1,29.9,27.9,11.2,12.2,27.4,8,1,0,1.3,10,43,1,,,1.3,,,10,,,42.1,,,,28,1,2.15,10,69.8,26.4,0,0,3.9,"Francisco Alvarez",-0.5791311770345119,10.0,1.3,1.0,10,1.3,1,1,0.311,0.304,0.153,0.301,35.2,8.2,72,25,27.1,72,28,21,41,37.3,36.7,29.6,0.303,0.31,0.148,0.277,37.3,9.1,75.1,21.8,21.4,75.1,24.9,18.3,33.9,26.5,29.2,36.3,-0.29,-1.27,-0.16,0.021,-0.006,0.7,0.3,0,-0.14,-2,1.8,,3,4,"away","Final",0,,,"fastball",51.5,"changeup",32.7,,3.8666666666666667,17.755102040816325,"fastball",69.8,"slider",26.4,,4.3,33.07692307692307,73.66666666666667,"Extra Rest",14.333333333333334,"Extra Rest","R","R",10,20.1,8.2,22,0,4865.555555555556,968.6666666666666,0,5230,745.3333333333334,0,,,2057.8,2324,,,34.5,27.9,19.5,29.2,25,25.8,105,100,105
"824041","2026-05-01","Jo Adell","Los Angeles Angels",6,"R","RF",0.256,0.296,0.361,0.657,0.291,0.105,142,34,2,0,4,21.8,2.8,0.233,0.591,0.333,10,7,1,0.621,0.911,0.345,0.563,23.6,17.9,73.7,73.7,26.3,,"Christian Scott","R",0.206,0.239,0.382,0.338,"9:38 PM ET","Los Angeles Angels","New York Mets","Angel Stadium","Walbert Ureña",2.88,1.32,22,13,5,7,"81.1",78,17,4.78,,,,,"Christian Scott",3.17,1.3,27.9,11.2,2,1,"54.0",65,12,4.50,,,,,4.66,"Alta",20.1,3.96,"Alta",22,4.5,0.708,0.315,0.393,25.8,4.2,0.687,0.304,0.383,21.5,20,50,10,0,1013,0,"Cielo Despejado",20,0.239,0.702,0.313,0.389,4.5,74,0.24,0.723,0.319,0.404,4.5,33,0.233,0.684,0.303,0.381,4.5,78,0.239,0.696,0.306,0.39,4.5,32,6,81,221,8,43,43,10,20.1,0,5,8,8.2,22,3,4,5,3.29,4.04,4.06,4.62,32.3,5.4,55.2,22,22,13,12.5,28.9,4,5.5,2.5,4.9,22.5,87,3,8,,3.7,6,,21,24,,21.1,,,,84,4.2,4.88,22.5,51.5,15.8,0,32.7,0,"Sebastián Rivero",,22.5,4.8,5.5,21,3.7,0,0,4.56,4.2,3.55,3.52,35,8,32.1,29.9,27.9,11.2,12.2,27.4,8,1,0,1.3,10,43,1,,,1.3,,,10,,,42.1,,,,28,1,2.15,10,69.8,26.4,0,0,3.9,"Francisco Alvarez",-0.5791311770345119,10.0,1.3,1.0,10,1.3,1,1,0.311,0.304,0.153,0.301,35.2,8.2,72,25,27.1,72,28,21,41,37.3,36.7,29.6,0.303,0.31,0.148,0.277,37.3,9.1,75.1,21.8,21.4,75.1,24.9,18.3,33.9,26.5,29.2,36.3,-0.29,-1.27,-0.16,0.021,-0.006,0.7,0.3,0,-0.14,-2,1.8,,3,4,"away","Final",0,,,"fastball",51.5,"changeup",32.7,,3.8666666666666667,17.755102040816325,"fastball",69.8,"slider",26.4,,4.3,33.07692307692307,73.66666666666667,"Extra Rest",14.333333333333334,"Extra Rest","R","R",10,20.1,8.2,22,0,4865.555555555556,968.6666666666666,0,5230,745.3333333333334,0,,,2057.8,2324,,,34.5,27.9,19.5,29.2,25,25.8,105,100,105
"824041","2026-05-01","Oswald Peraza","Los Angeles Angels",7,"R","2B",0.277,0.348,0.47,0.818,0.355,0.193,93,23,4,0,4,25.8,7.5,0.235,0.551,0.235,4,4,0,0.587,0.806,0.311,0.511,27.6,31.3,70.7,70.7,29.3,,"Christian Scott","R",0.206,0.239,0.382,0.338,"9:38 PM ET","Los Angeles Angels","New York Mets","Angel Stadium","Walbert Ureña",2.88,1.32,22,13,5,7,"81.1",78,17,4.78,,,,,"Christian Scott",3.17,1.3,27.9,11.2,2,1,"54.0",65,12,4.50,,,,,4.66,"Alta",20.1,3.96,"Alta",22,4.5,0.708,0.315,0.393,25.8,4.2,0.687,0.304,0.383,21.5,20,50,10,0,1013,0,"Cielo Despejado",20,0.239,0.702,0.313,0.389,4.5,74,0.24,0.723,0.319,0.404,4.5,33,0.233,0.684,0.303,0.381,4.5,78,0.239,0.696,0.306,0.39,4.5,32,6,81,221,8,43,43,10,20.1,0,5,8,8.2,22,3,4,5,3.29,4.04,4.06,4.62,32.3,5.4,55.2,22,22,13,12.5,28.9,4,5.5,2.5,4.9,22.5,87,3,8,,3.7,6,,21,24,,21.1,,,,84,4.2,4.88,22.5,51.5,15.8,0,32.7,0,"Sebastián Rivero",,22.5,4.8,5.5,21,3.7,0,0,4.56,4.2,3.55,3.52,35,8,32.1,29.9,27.9,11.2,12.2,27.4,8,1,0,1.3,10,43,1,,,1.3,,,10,,,42.1,,,,28,1,2.15,10,69.8,26.4,0,0,3.9,"Francisco Alvarez",-0.5791311770345119,10.0,1.3,1.0,10,1.3,1,1,0.311,0.304,0.153,0.301,35.2,8.2,72,25,27.1,72,28,21,41,37.3,36.7,29.6,0.303,0.31,0.148,0.277,37.3,9.1,75.1,21.8,21.4,75.1,24.9,18.3,33.9,26.5,29.2,36.3,-0.29,-1.27,-0.16,0.021,-0.006,0.7,0.3,0,-0.14,-2,1.8,,3,4,"away","Final",0,,,"fastball",51.5,"changeup",32.7,,3.8666666666666667,17.755102040816325,"fastball",69.8,"slider",26.4,,4.3,33.07692307692307,73.66666666666667,"Extra Rest",14.333333333333334,"Extra Rest","R","R",10,20.1,8.2,22,0,4865.555555555556,968.6666666666666,0,5230,745.3333333333334,0,,,2057.8,2324,,,34.5,27.9,19.5,29.2,25,25.8,105,100,105
"824041","2026-05-01","Sebastián Rivero","Los Angeles Angels",8,"R","C",0.5,0.5,0.5,1,0.44,0.15,4,2,0,0,0,0,0,0.5,1,0.5,2,2,0,0.667,0.237,0.341,0.083,23.3,14.3,68,68,32,,"Christian Scott","R",0.206,0.239,0.382,0.338,"9:38 PM ET","Los Angeles Angels","New York Mets","Angel Stadium","Walbert Ureña",2.88,1.32,22,13,5,7,"81.1",78,17,4.78,,,,,"Christian Scott",3.17,1.3,27.9,11.2,2,1,"54.0",65,12,4.50,,,,,4.66,"Alta",20.1,3.96,"Alta",22,4.5,0.708,0.315,0.393,25.8,4.2,0.687,0.304,0.383,21.5,20,50,10,0,1013,0,"Cielo Despejado",20,0.239,0.702,0.313,0.389,4.5,74,0.24,0.723,0.319,0.404,4.5,33,0.233,0.684,0.303,0.381,4.5,78,0.239,0.696,0.306,0.39,4.5,32,6,81,221,8,43,43,10,20.1,0,5,8,8.2,22,3,4,5,3.29,4.04,4.06,4.62,32.3,5.4,55.2,22,22,13,12.5,28.9,4,5.5,2.5,4.9,22.5,87,3,8,,3.7,6,,21,24,,21.1,,,,84,4.2,4.88,22.5,51.5,15.8,0,32.7,0,"Sebastián Rivero",,22.5,4.8,5.5,21,3.7,0,0,4.56,4.2,3.55,3.52,35,8,32.1,29.9,27.9,11.2,12.2,27.4,8,1,0,1.3,10,43,1,,,1.3,,,10,,,42.1,,,,28,1,2.15,10,69.8,26.4,0,0,3.9,"Francisco Alvarez",-0.5791311770345119,10.0,1.3,1.0,10,1.3,1,1,0.311,0.304,0.153,0.301,35.2,8.2,72,25,27.1,72,28,21,41,37.3,36.7,29.6,0.303,0.31,0.148,0.277,37.3,9.1,75.1,21.8,21.4,75.1,24.9,18.3,33.9,26.5,29.2,36.3,-0.29,-1.27,-0.16,0.021,-0.006,0.7,0.3,0,-0.14,-2,1.8,,3,4,"away","Final",0,,,"fastball",51.5,"changeup",32.7,,3.8666666666666667,17.755102040816325,"fastball",69.8,"slider",26.4,,4.3,33.07692307692307,73.66666666666667,"Extra Rest",14.333333333333334,"Extra Rest","R","R",10,20.1,8.2,22,0,4865.555555555556,968.6666666666666,0,5230,745.3333333333334,0,,,2057.8,2324,,,34.5,27.9,19.5,29.2,25,25.8,105,100,105
"824041","2026-05-01","Adam Frazier","Los Angeles Angels",9,"R","LF",0.255,0.339,0.418,0.757,0.331,0.163,64,14,4,1,1,28.1,9.4,0.286,0.786,0.5,7,4,3,0.643,0.539,0.357,0.182,33.3,13.3,75.4,75.4,24.6,,"Christian Scott","R",0.206,0.239,0.382,0.338,"9:38 PM ET","Los Angeles Angels","New York Mets","Angel Stadium","Walbert Ureña",2.88,1.32,22,13,5,7,"81.1",78,17,4.78,,,,,"Christian Scott",3.17,1.3,27.9,11.2,2,1,"54.0",65,12,4.50,,,,,4.66,"Alta",20.1,3.96,"Alta",22,4.5,0.708,0.315,0.393,25.8,4.2,0.687,0.304,0.383,21.5,20,50,10,0,1013,0,"Cielo Despejado",20,0.239,0.702,0.313,0.389,4.5,74,0.24,0.723,0.319,0.404,4.5,33,0.233,0.684,0.303,0.381,4.5,78,0.239,0.696,0.306,0.39,4.5,32,6,81,221,8,43,43,10,20.1,0,5,8,8.2,22,3,4,5,3.29,4.04,4.06,4.62,32.3,5.4,55.2,22,22,13,12.5,28.9,4,5.5,2.5,4.9,22.5,87,3,8,,3.7,6,,21,24,,21.1,,,,84,4.2,4.88,22.5,51.5,15.8,0,32.7,0,"Sebastián Rivero",,22.5,4.8,5.5,21,3.7,0,0,4.56,4.2,3.55,3.52,35,8,32.1,29.9,27.9,11.2,12.2,27.4,8,1,0,1.3,10,43,1,,,1.3,,,10,,,42.1,,,,28,1,2.15,10,69.8,26.4,0,0,3.9,"Francisco Alvarez",-0.5791311770345119,10.0,1.3,1.0,10,1.3,1,1,0.311,0.304,0.153,0.301,35.2,8.2,72,25,27.1,72,28,21,41,37.3,36.7,29.6,0.303,0.31,0.148,0.277,37.3,9.1,75.1,21.8,21.4,75.1,24.9,18.3,33.9,26.5,29.2,36.3,-0.29,-1.27,-0.16,0.021,-0.006,0.7,0.3,0,-0.14,-2,1.8,,3,4,"away","Final",0,,,"fastball",51.5,"changeup",32.7,,3.8666666666666667,17.755102040816325,"fastball",69.8,"slider",26.4,,4.3,33.07692307692307,73.66666666666667,"Extra Rest",14.333333333333334,"Extra Rest","R","R",10,20.1,8.2,22,0,4865.555555555556,968.6666666666666,0,5230,745.3333333333334,0,,,2057.8,2324,,,34.5,27.9,19.5,29.2,25,25.8,105,100,105
"824041","2026-05-01","Bo Bichette","New York Mets",1,"R","3B",0.238,0.279,0.323,0.602,0.268,0.085,140,31,5,0,2,20,5.7,0.269,0.768,0.423,11,7,2,0.659,0.726,0.363,0.418,18.4,15.9,81.7,81.7,18.3,,"Walbert Ureña","R",0.203,0.206,0.297,0.298,"9:38 PM ET","Los Angeles Angels","New York Mets","Angel Stadium","Walbert Ureña",2.88,1.32,22,13,5,7,"81.1",78,17,4.78,,,,,"Christian Scott",3.17,1.3,27.9,11.2,2,1,"54.0",65,12,4.50,,,,,4.66,"Alta",20.1,3.96,"Alta",22,4.5,0.708,0.315,0.393,25.8,4.2,0.687,0.304,0.383,21.5,20,50,10,0,1013,0,"Cielo Despejado",20,0.239,0.702,0.313,0.389,4.5,74,0.24,0.723,0.319,0.404,4.5,33,0.233,0.684,0.303,0.381,4.5,78,0.239,0.696,0.306,0.39,4.5,32,6,81,221,8,43,43,10,20.1,0,5,8,8.2,22,3,4,5,3.29,4.04,4.06,4.62,32.3,5.4,55.2,22,22,13,12.5,28.9,4,5.5,2.5,4.9,22.5,87,3,8,,3.7,6,,21,24,,21.1,,,,84,4.2,4.88,22.5,51.5,15.8,0,32.7,0,"Sebastián Rivero",,22.5,4.8,5.5,21,3.7,0,0,4.56,4.2,3.55,3.52,35,8,32.1,29.9,27.9,11.2,12.2,27.4,8,1,0,1.3,10,43,1,,,1.3,,,10,,,42.1,,,,28,1,2.15,10,69.8,26.4,0,0,3.9,"Francisco Alvarez",-0.5791311770345119,10.0,1.3,1.0,10,1.3,1,1,0.311,0.304,0.153,0.301,35.2,8.2,72,25,27.1,72,28,21,41,37.3,36.7,29.6,0.303,0.31,0.148,0.277,37.3,9.1,75.1,21.8,21.4,75.1,24.9,18.3,33.9,26.5,29.2,36.3,-0.29,-1.27,-0.16,0.021,-0.006,0.7,0.3,0,-0.14,-2,1.8,,3,4,"away","Final",0,,,"fastball",51.5,"changeup",32.7,,3.8666666666666667,17.755102040816325,"fastball",69.8,"slider",26.4,,4.3,33.07692307692307,73.66666666666667,"Extra Rest",14.333333333333334,"Extra Rest","R","R",10,20.1,8.2,22,0,4865.555555555556,968.6666666666666,0,5230,745.3333333333334,0,,,2057.8,2324,,,34.5,27.9,19.5,29.2,25,25.8,105,100,105
"824041","2026-05-01","Juan Soto","New York Mets",2,"R","LF",0.344,0.444,0.557,1.001,0.428,0.213,72,21,4,0,3,12.5,15.3,0.333,1.134,0.667,16,8,4,1.069,0.855,0.635,0.479,13.2,11.8,80.2,80.2,19.8,,"Walbert Ureña","R",0.203,0.206,0.297,0.298,"9:38 PM ET","Los Angeles Angels","New York Mets","Angel Stadium","Walbert Ureña",2.88,1.32,22,13,5,7,"81.1",78,17,4.78,,,,,"Christian Scott",3.17,1.3,27.9,11.2,2,1,"54.0",65,12,4.50,,,,,4.66,"Alta",20.1,3.96,"Alta",22,4.5,0.708,0.315,0.393,25.8,4.2,0.687,0.304,0.383,21.5,20,50,10,0,1013,0,"Cielo Despejado",20,0.239,0.702,0.313,0.389,4.5,74,0.24,0.723,0.319,0.404,4.5,33,0.233,0.684,0.303,0.381,4.5,78,0.239,0.696,0.306,0.39,4.5,32,6,81,221,8,43,43,10,20.1,0,5,8,8.2,22,3,4,5,3.29,4.04,4.06,4.62,32.3,5.4,55.2,22,22,13,12.5,28.9,4,5.5,2.5,4.9,22.5,87,3,8,,3.7,6,,21,24,,21.1,,,,84,4.2,4.88,22.5,51.5,15.8,0,32.7,0,"Sebastián Rivero",,22.5,4.8,5.5,21,3.7,0,0,4.56,4.2,3.55,3.52,35,8,32.1,29.9,27.9,11.2,12.2,27.4,8,1,0,1.3,10,43,1,,,1.3,,,10,,,42.1,,,,28,1,2.15,10,69.8,26.4,0,0,3.9,"Francisco Alvarez",-0.5791311770345119,10.0,1.3,1.0,10,1.3,1,1,0.311,0.304,0.153,0.301,35.2,8.2,72,25,27.1,72,28,21,41,37.3,36.7,29.6,0.303,0.31,0.148,0.277,37.3,9.1,75.1,21.8,21.4,75.1,24.9,18.3,33.9,26.5,29.2,36.3,-0.29,-1.27,-0.16,0.021,-0.006,0.7,0.3,0,-0.14,-2,1.8,,3,4,"away","Final",0,,,"fastball",51.5,"changeup",32.7,,3.8666666666666667,17.755102040816325,"fastball",69.8,"slider",26.4,,4.3,33.07692307692307,73.66666666666667,"Extra Rest",14.333333333333334,"Extra Rest","R","R",10,20.1,8.2,22,0,4865.555555555556,968.6666666666666,0,5230,745.3333333333334,0,,,2057.8,2324,,,34.5,27.9,19.5,29.2,25,25.8,105,100,105
"824041","2026-05-01","Austin Slater","New York Mets",3,"R","DH",0.185,0.281,0.185,0.466,0.231,0.15,32,5,0,0,0,31.3,12.5,0.2,0.585,0.2,2,2,0,0.819,0.555,0.375,0.263,22.2,29.2,69.2,69.2,30.8,,"Walbert Ureña","R",0.203,0.206,0.297,0.298,"9:38 PM ET","Los Angeles Angels","New York Mets","Angel Stadium","Walbert Ureña",2.88,1.32,22,13,5,7,"81.1",78,17,4.78,,,,,"Christian Scott",3.17,1.3,27.9,11.2,2,1,"54.0",65,12,4.50,,,,,4.66,"Alta",20.1,3.96,"Alta",22,4.5,0.708,0.315,0.393,25.8,4.2,0.687,0.304,0.383,21.5,20,50,10,0,1013,0,"Cielo Despejado",20,0.239,0.702,0.313,0.389,4.5,74,0.24,0.723,0.319,0.404,4.5,33,0.233,0.684,0.303,0.381,4.5,78,0.239,0.696,0.306,0.39,4.5,32,6,81,221,8,43,43,10,20.1,0,5,8,8.2,22,3,4,5,3.29,4.04,4.06,4.62,32.3,5.4,55.2,22,22,13,12.5,28.9,4,5.5,2.5,4.9,22.5,87,3,8,,3.7,6,,21,24,,21.1,,,,84,4.2,4.88,22.5,51.5,15.8,0,32.7,0,"Sebastián Rivero",,22.5,4.8,5.5,21,3.7,0,0,4.56,4.2,3.55,3.52,35,8,32.1,29.9,27.9,11.2,12.2,27.4,8,1,0,1.3,10,43,1,,,1.3,,,10,,,42.1,,,,28,1,2.15,10,69.8,26.4,0,0,3.9,"Francisco Alvarez",-0.5791311770345119,10.0,1.3,1.0,10,1.3,1,1,0.311,0.304,0.153,0.301,35.2,8.2,72,25,27.1,72,28,21,41,37.3,36.7,29.6,0.303,0.31,0.148,0.277,37.3,9.1,75.1,21.8,21.4,75.1,24.9,18.3,33.9,26.5,29.2,36.3,-0.29,-1.27,-0.16,0.021,-0.006,0.7,0.3,0,-0.14,-2,1.8,,3,4,"away","Final",0,,,"fastball",51.5,"changeup",32.7,,3.8666666666666667,17.755102040816325,"fastball",69.8,"slider",26.4,,4.3,33.07692307692307,73.66666666666667,"Extra Rest",14.333333333333334,"Extra Rest","R","R",10,20.1,8.2,22,0,4865.555555555556,968.6666666666666,0,5230,745.3333333333334,0,,,2057.8,2324,,,34.5,27.9,19.5,29.2,25,25.8,105,100,105
"824041","2026-05-01","Francisco Alvarez","New York Mets",4,"R","C",0.227,0.31,0.398,0.708,0.314,0.171,102,20,3,0,4,21.6,8.8,0.143,0.333,0.19,4,3,1,0.752,0.689,0.433,0.385,26.2,26.8,66.8,66.8,33.2,,"Walbert Ureña","R",0.203,0.206,0.297,0.298,"9:38 PM ET","Los Angeles Angels","New York Mets","Angel Stadium","Walbert Ureña",2.88,1.32,22,13,5,7,"81.1",78,17,4.78,,,,,"Christian Scott",3.17,1.3,27.9,11.2,2,1,"54.0",65,12,4.50,,,,,4.66,"Alta",20.1,3.96,"Alta",22,4.5,0.708,0.315,0.393,25.8,4.2,0.687,0.304,0.383,21.5,20,50,10,0,1013,0,"Cielo Despejado",20,0.239,0.702,0.313,0.389,4.5,74,0.24,0.723,0.319,0.404,4.5,33,0.233,0.684,0.303,0.381,4.5,78,0.239,0.696,0.306,0.39,4.5,32,6,81,221,8,43,43,10,20.1,0,5,8,8.2,22,3,4,5,3.29,4.04,4.06,4.62,32.3,5.4,55.2,22,22,13,12.5,28.9,4,5.5,2.5,4.9,22.5,87,3,8,,3.7,6,,21,24,,21.1,,,,84,4.2,4.88,22.5,51.5,15.8,0,32.7,0,"Sebastián Rivero",,22.5,4.8,5.5,21,3.7,0,0,4.56,4.2,3.55,3.52,35,8,32.1,29.9,27.9,11.2,12.2,27.4,8,1,0,1.3,10,43,1,,,1.3,,,10,,,42.1,,,,28,1,2.15,10,69.8,26.4,0,0,3.9,"Francisco Alvarez",-0.5791311770345119,10.0,1.3,1.0,10,1.3,1,1,0.311,0.304,0.153,0.301,35.2,8.2,72,25,27.1,72,28,21,41,37.3,36.7,29.6,0.303,0.31,0.148,0.277,37.3,9.1,75.1,21.8,21.4,75.1,24.9,18.3,33.9,26.5,29.2,36.3,-0.29,-1.27,-0.16,0.021,-0.006,0.7,0.3,0,-0.14,-2,1.8,,3,4,"away","Final",0,,,"fastball",51.5,"changeup",32.7,,3.8666666666666667,17.755102040816325,"fastball",69.8,"slider",26.4,,4.3,33.07692307692307,73.66666666666667,"Extra Rest",14.333333333333334,"Extra Rest","R","R",10,20.1,8.2,22,0,4865.555555555556,968.6666666666666,0,5230,745.3333333333334,0,,,2057.8,2324,,,34.5,27.9,19.5,29.2,25,25.8,105,100,105
"824041","2026-05-01","Brett Baty","New York Mets",5,"R","1B",0.207,0.265,0.304,0.569,0.256,0.097,102,19,4,1,1,27.5,7.8,0.217,0.699,0.391,9,5,2,0.625,0.506,0.323,0.237,24.9,35.8,70.6,70.6,29.4,,"Walbert Ureña","R",0.203,0.206,0.297,0.298,"9:38 PM ET","Los Angeles Angels","New York Mets","Angel Stadium","Walbert Ureña",2.88,1.32,22,13,5,7,"81.1",78,17,4.78,,,,,"Christian Scott",3.17,1.3,27.9,11.2,2,1,"54.0",65,12,4.50,,,,,4.66,"Alta",20.1,3.96,"Alta",22,4.5,0.708,0.315,0.393,25.8,4.2,0.687,0.304,0.383,21.5,20,50,10,0,1013,0,"Cielo Despejado",20,0.239,0.702,0.313,0.389,4.5,74,0.24,0.723,0.319,0.404,4.5,33,0.233,0.684,0.303,0.381,4.5,78,0.239,0.696,0.306,0.39,4.5,32,6,81,221,8,43,43,10,20.1,0,5,8,8.2,22,3,4,5,3.29,4.04,4.06,4.62,32.3,5.4,55.2,22,22,13,12.5,28.9,4,5.5,2.5,4.9,22.5,87,3,8,,3.7,6,,21,24,,21.1,,,,84,4.2,4.88,22.5,51.5,15.8,0,32.7,0,"Sebastián Rivero",,22.5,4.8,5.5,21,3.7,0,0,4.56,4.2,3.55,3.52,35,8,32.1,29.9,27.9,11.2,12.2,27.4,8,1,0,1.3,10,43,1,,,1.3,,,10,,,42.1,,,,28,1,2.15,10,69.8,26.4,0,0,3.9,"Francisco Alvarez",-0.5791311770345119,10.0,1.3,1.0,10,1.3,1,1,0.311,0.304,0.153,0.301,35.2,8.2,72,25,27.1,72,28,21,41,37.3,36.7,29.6,0.303,0.31,0.148,0.277,37.3,9.1,75.1,21.8,21.4,75.1,24.9,18.3,33.9,26.5,29.2,36.3,-0.29,-1.27,-0.16,0.021,-0.006,0.7,0.3,0,-0.14,-2,1.8,,3,4,"away","Final",0,,,"fastball",51.5,"changeup",32.7,,3.8666666666666667,17.755102040816325,"fastball",69.8,"slider",26.4,,4.3,33.07692307692307,73.66666666666667,"Extra Rest",14.333333333333334,"Extra Rest","R","R",10,20.1,8.2,22,0,4865.555555555556,968.6666666666666,0,5230,745.3333333333334,0,,,2057.8,2324,,,34.5,27.9,19.5,29.2,25,25.8,105,100,105
"824041","2026-05-01","Marcus Semien","New York Mets",6,"R","2B",0.219,0.274,0.289,0.563,0.254,0.07,125,25,5,0,1,19.2,6.4,0.192,0.453,0.231,6,5,1,0.593,0.668,0.339,0.347,21.9,19.8,76.1,76.1,23.9,,"Walbert Ureña","R",0.203,0.206,0.297,0.298,"9:38 PM ET","Los Angeles Angels","New York Mets","Angel Stadium","Walbert Ureña",2.88,1.32,22,13,5,7,"81.1",78,17,4.78,,,,,"Christian Scott",3.17,1.3,27.9,11.2,2,1,"54.0",65,12,4.50,,,,,4.66,"Alta",20.1,3.96,"Alta",22,4.5,0.708,0.315,0.393,25.8,4.2,0.687,0.304,0.383,21.5,20,50,10,0,1013,0,"Cielo Despejado",20,0.239,0.702,0.313,0.389,4.5,74,0.24,0.723,0.319,0.404,4.5,33,0.233,0.684,0.303,0.381,4.5,78,0.239,0.696,0.306,0.39,4.5,32,6,81,221,8,43,43,10,20.1,0,5,8,8.2,22,3,4,5,3.29,4.04,4.06,4.62,32.3,5.4,55.2,22,22,13,12.5,28.9,4,5.5,2.5,4.9,22.5,87,3,8,,3.7,6,,21,24,,21.1,,,,84,4.2,4.88,22.5,51.5,15.8,0,32.7,0,"Sebastián Rivero",,22.5,4.8,5.5,21,3.7,0,0,4.56,4.2,3.55,3.52,35,8,32.1,29.9,27.9,11.2,12.2,27.4,8,1,0,1.3,10,43,1,,,1.3,,,10,,,42.1,,,,28,1,2.15,10,69.8,26.4,0,0,3.9,"Francisco Alvarez",-0.5791311770345119,10.0,1.3,1.0,10,1.3,1,1,0.311,0.304,0.153,0.301,35.2,8.2,72,25,27.1,72,28,21,41,37.3,36.7,29.6,0.303,0.31,0.148,0.277,37.3,9.1,75.1,21.8,21.4,75.1,24.9,18.3,33.9,26.5,29.2,36.3,-0.29,-1.27,-0.16,0.021,-0.006,0.7,0.3,0,-0.14,-2,1.8,,3,4,"away","Final",0,,,"fastball",51.5,"changeup",32.7,,3.8666666666666667,17.755102040816325,"fastball",69.8,"slider",26.4,,4.3,33.07692307692307,73.66666666666667,"Extra Rest",14.333333333333334,"Extra Rest","R","R",10,20.1,8.2,22,0,4865.555555555556,968.6666666666666,0,5230,745.3333333333334,0,,,2057.8,2324,,,34.5,27.9,19.5,29.2,25,25.8,105,100,105
"824041","2026-05-01","Carson Benge","New York Mets",7,"R","RF",0.181,0.238,0.266,0.504,0.226,0.085,101,17,2,0,2,22.8,6.9,0.333,0.833,0.5,12,8,2,0.737,0.765,0.412,0.413,19.6,25,79.4,79.4,20.6,,"Walbert Ureña","R",0.203,0.206,0.297,0.298,"9:38 PM ET","Los Angeles Angels","New York Mets","Angel Stadium","Walbert Ureña",2.88,1.32,22,13,5,7,"81.1",78,17,4.78,,,,,"Christian Scott",3.17,1.3,27.9,11.2,2,1,"54.0",65,12,4.50,,,,,4.66,"Alta",20.1,3.96,"Alta",22,4.5,0.708,0.315,0.393,25.8,4.2,0.687,0.304,0.383,21.5,20,50,10,0,1013,0,"Cielo Despejado",20,0.239,0.702,0.313,0.389,4.5,74,0.24,0.723,0.319,0.404,4.5,33,0.233,0.684,0.303,0.381,4.5,78,0.239,0.696,0.306,0.39,4.5,32,6,81,221,8,43,43,10,20.1,0,5,8,8.2,22,3,4,5,3.29,4.04,4.06,4.62,32.3,5.4,55.2,22,22,13,12.5,28.9,4,5.5,2.5,4.9,22.5,87,3,8,,3.7,6,,21,24,,21.1,,,,84,4.2,4.88,22.5,51.5,15.8,0,32.7,0,"Sebastián Rivero",,22.5,4.8,5.5,21,3.7,0,0,4.56,4.2,3.55,3.52,35,8,32.1,29.9,27.9,11.2,12.2,27.4,8,1,0,1.3,10,43,1,,,1.3,,,10,,,42.1,,,,28,1,2.15,10,69.8,26.4,0,0,3.9,"Francisco Alvarez",-0.5791311770345119,10.0,1.3,1.0,10,1.3,1,1,0.311,0.304,0.153,0.301,35.2,8.2,72,25,27.1,72,28,21,41,37.3,36.7,29.6,0.303,0.31,0.148,0.277,37.3,9.1,75.1,21.8,21.4,75.1,24.9,18.3,33.9,26.5,29.2,36.3,-0.29,-1.27,-0.16,0.021,-0.006,0.7,0.3,0,-0.14,-2,1.8,,3,4,"away","Final",0,,,"fastball",51.5,"changeup",32.7,,3.8666666666666667,17.755102040816325,"fastball",69.8,"slider",26.4,,4.3,33.07692307692307,73.66666666666667,"Extra Rest",14.333333333333334,"Extra Rest","R","R",10,20.1,8.2,22,0,4865.555555555556,968.6666666666666,0,5230,745.3333333333334,0,,,2057.8,2324,,,34.5,27.9,19.5,29.2,25,25.8,105,100,105
"824041","2026-05-01","Tyrone Taylor","New York Mets",8,"R","CF",0.212,0.241,0.346,0.587,0.255,0.134,56,11,1,0,2,16.1,3.6,0.25,0.688,0.438,7,4,1,0.621,0.714,0.379,0.464,12.7,23.7,78.6,78.6,21.4,,"Walbert Ureña","R",0.203,0.206,0.297,0.298,"9:38 PM ET","Los Angeles Angels","New York Mets","Angel Stadium","Walbert Ureña",2.88,1.32,22,13,5,7,"81.1",78,17,4.78,,,,,"Christian Scott",3.17,1.3,27.9,11.2,2,1,"54.0",65,12,4.50,,,,,4.66,"Alta",20.1,3.96,"Alta",22,4.5,0.708,0.315,0.393,25.8,4.2,0.687,0.304,0.383,21.5,20,50,10,0,1013,0,"Cielo Despejado",20,0.239,0.702,0.313,0.389,4.5,74,0.24,0.723,0.319,0.404,4.5,33,0.233,0.684,0.303,0.381,4.5,78,0.239,0.696,0.306,0.39,4.5,32,6,81,221,8,43,43,10,20.1,0,5,8,8.2,22,3,4,5,3.29,4.04,4.06,4.62,32.3,5.4,55.2,22,22,13,12.5,28.9,4,5.5,2.5,4.9,22.5,87,3,8,,3.7,6,,21,24,,21.1,,,,84,4.2,4.88,22.5,51.5,15.8,0,32.7,0,"Sebastián Rivero",,22.5,4.8,5.5,21,3.7,0,0,4.56,4.2,3.55,3.52,35,8,32.1,29.9,27.9,11.2,12.2,27.4,8,1,0,1.3,10,43,1,,,1.3,,,10,,,42.1,,,,28,1,2.15,10,69.8,26.4,0,0,3.9,"Francisco Alvarez",-0.5791311770345119,10.0,1.3,1.0,10,1.3,1,1,0.311,0.304,0.153,0.301,35.2,8.2,72,25,27.1,72,28,21,41,37.3,36.7,29.6,0.303,0.31,0.148,0.277,37.3,9.1,75.1,21.8,21.4,75.1,24.9,18.3,33.9,26.5,29.2,36.3,-0.29,-1.27,-0.16,0.021,-0.006,0.7,0.3,0,-0.14,-2,1.8,,3,4,"away","Final",0,,,"fastball",51.5,"changeup",32.7,,3.8666666666666667,17.755102040816325,"fastball",69.8,"slider",26.4,,4.3,33.07692307692307,73.66666666666667,"Extra Rest",14.333333333333334,"Extra Rest","R","R",10,20.1,8.2,22,0,4865.555555555556,968.6666666666666,0,5230,745.3333333333334,0,,,2057.8,2324,,,34.5,27.9,19.5,29.2,25,25.8,105,100,105
"824041","2026-05-01","Ronny Mauricio","New York Mets",9,"R","SS",0.207,0.207,0.31,0.517,0.222,0.103,29,6,0,0,1,34.5,0,0.16,0.32,0.16,4,4,0,0.435,0.455,0.256,0.273,33.3,45.5,73.6,73.6,26.4,,"Walbert Ureña","R",0.203,0.206,0.297,0.298,"9:38 PM ET","Los Angeles Angels","New York Mets","Angel Stadium","Walbert Ureña",2.88,1.32,22,13,5,7,"81.1",78,17,4.78,,,,,"Christian Scott",3.17,1.3,27.9,11.2,2,1,"54.0",65,12,4.50,,,,,4.66,"Alta",20.1,3.96,"Alta",22,4.5,0.708,0.315,0.393,25.8,4.2,0.687,0.304,0.383,21.5,20,50,10,0,1013,0,"Cielo Despejado",20,0.239,0.702,0.313,0.389,4.5,74,0.24,0.723,0.319,0.404,4.5,33,0.233,0.684,0.303,0.381,4.5,78,0.239,0.696,0.306,0.39,4.5,32,6,81,221,8,43,43,10,20.1,0,5,8,8.2,22,3,4,5,3.29,4.04,4.06,4.62,32.3,5.4,55.2,22,22,13,12.5,28.9,4,5.5,2.5,4.9,22.5,87,3,8,,3.7,6,,21,24,,21.1,,,,84,4.2,4.88,22.5,51.5,15.8,0,32.7,0,"Sebastián Rivero",,22.5,4.8,5.5,21,3.7,0,0,4.56,4.2,3.55,3.52,35,8,32.1,29.9,27.9,11.2,12.2,27.4,8,1,0,1.3,10,43,1,,,1.3,,,10,,,42.1,,,,28,1,2.15,10,69.8,26.4,0,0,3.9,"Francisco Alvarez",-0.5791311770345119,10.0,1.3,1.0,10,1.3,1,1,0.311,0.304,0.153,0.301,35.2,8.2,72,25,27.1,72,28,21,41,37.3,36.7,29.6,0.303,0.31,0.148,0.277,37.3,9.1,75.1,21.8,21.4,75.1,24.9,18.3,33.9,26.5,29.2,36.3,-0.29,-1.27,-0.16,0.021,-0.006,0.7,0.3,0,-0.14,-2,1.8,,3,4,"away","Final",0,,,"fastball",51.5,"changeup",32.7,,3.8666666666666667,17.755102040816325,"fastball",69.8,"slider",26.4,,4.3,33.07692307692307,73.66666666666667,"Extra Rest",14.333333333333334,"Extra Rest","R","R",10,20.1,8.2,22,0,4865.555555555556,968.6666666666666,0,5230,745.3333333333334,0,,,2057.8,2324,,,34.5,27.9,19.5,29.2,25,25.8,105,100,105
"824287","2026-05-01","Gleyber Torres","Detroit Tigers",1,"R","2B",0.246,0.38,0.316,0.696,0.326,0.07,142,28,2,0,2,15.5,17.6,0.292,0.869,0.417,10,7,1,0.829,0.651,0.419,0.303,17.4,17.4,78.4,78.4,21.6,,"MacKenzie Gore","L",0.282,0.225,0.412,0.391,"6:40 PM ET","Detroit Tigers","Texas Rangers","Comerica Park","Jack Flaherty",4.6,1.45,26.5,10.7,2,8,"76.1",92,17,4.49,5.5,-136,107,"rotowire","MacKenzie Gore",4.72,1.31,25.6,9.2,5,8,"101.0",111,19,5.32,,,,,3.92,"Alta",22,3.92,"Moderada",18,4.2,0.713,0.314,0.399,20.8,4.1,0.714,0.319,0.395,24.6,20,50,10,0,1013,53,"Cielo Despejado",20,0.238,0.715,0.31,0.405,4.5,86,0.23,0.709,0.326,0.383,4.5,25,0.242,0.705,0.316,0.389,4.5,77,0.25,0.74,0.327,0.413,4.5,26,6,68,238,6,106,290,9.2,22,2,4,6,5,18,0,1,8,4.31,3.84,3.62,3.6,47.2,8,32.5,30.2,26.5,10.7,11.8,28.5,4,5.2,1.47,4.2,20.2,83,4,3,7,2,3.3,6,14,20,22,25.2,,,,79,4,5.15,20.2,53.5,24.3,19.7,2.4,0,"Dillon Dingler",6.058895011311783,18.7,3.8,4.7,14,2,1,1,3.97,3.67,3.24,3.42,44.6,8.6,37.9,26.1,25.6,9.2,12.6,27.5,3,7,1.79,5.1,22.2,92,7,5,5,5,5,4.7,25,23,22,12.5,,,,89,5,5.71,22.2,59,9.5,21.3,10.2,0,"Danny Jansen",-3.9379430983663144,23.3,4.9,5.7,22,4.7,0,0,0.314,0.326,0.163,0.284,40.4,9.6,76.2,22.6,21.8,76.2,23.8,19.4,27,30.5,32.6,40.2,0.315,0.297,0.151,0.294,36.4,6.8,75.4,21.3,21.4,75.4,24.6,21.1,34,31.7,29.1,30.2,-0.12,0.34,0.17,-0.001,0.029,0,0.1,0,-0.02,0,4.2,,4,5,"away","Final",0,,,"fastball",53.5,"slider",24.3,,4.108910891089109,19.761904761904763,"fastball",59,"curve",21.3,,4.1441441441441444,18.03921568627451,79.33333333333333,"Extra Rest",96.66666666666667,"Extra Rest","R","L",9.2,22,5,18,2,5495.555555555556,1158.888888888889,0,5003.333333333333,1062.2222222222222,0,,,2294.5,2200.5,,,20.8,29.8,22.6,19.2,31.2,27.5,99,100,103
"824287","2026-05-01","Kevin McGonigle","Detroit Tigers",2,"R","SS",0.314,0.411,0.488,0.899,0.391,0.174,141,38,11,2,2,12.8,13.5,0.346,1.007,0.538,14,9,3,0.841,0.757,0.433,0.388,11.8,18,83.9,83.9,16.1,,"MacKenzie Gore","L",0.282,0.225,0.412,0.391,"6:40 PM ET","Detroit Tigers","Texas Rangers","Comerica Park","Jack Flaherty",4.6,1.45,26.5,10.7,2,8,"76.1",92,17,4.49,5.5,-136,107,"rotowire","MacKenzie Gore",4.72,1.31,25.6,9.2,5,8,"101.0",111,19,5.32,,,,,3.92,"Alta",22,3.92,"Moderada",18,4.2,0.713,0.314,0.399,20.8,4.1,0.714,0.319,0.395,24.6,20,50,10,0,1013,53,"Cielo Despejado",20,0.238,0.715,0.31,0.405,4.5,86,0.23,0.709,0.326,0.383,4.5,25,0.242,0.705,0.316,0.389,4.5,77,0.25,0.74,0.327,0.413,4.5,26,6,68,238,6,106,290,9.2,22,2,4,6,5,18,0,1,8,4.31,3.84,3.62,3.6,47.2,8,32.5,30.2,26.5,10.7,11.8,28.5,4,5.2,1.47,4.2,20.2,83,4,3,7,2,3.3,6,14,20,22,25.2,,,,79,4,5.15,20.2,53.5,24.3,19.7,2.4,0,"Dillon Dingler",6.058895011311783,18.7,3.8,4.7,14,2,1,1,3.97,3.67,3.24,3.42,44.6,8.6,37.9,26.1,25.6,9.2,12.6,27.5,3,7,1.79,5.1,22.2,92,7,5,5,5,5,4.7,25,23,22,12.5,,,,89,5,5.71,22.2,59,9.5,21.3,10.2,0,"Danny Jansen",-3.9379430983663144,23.3,4.9,5.7,22,4.7,0,0,0.314,0.326,0.163,0.284,40.4,9.6,76.2,22.6,21.8,76.2,23.8,19.4,27,30.5,32.6,40.2,0.315,0.297,0.151,0.294,36.4,6.8,75.4,21.3,21.4,75.4,24.6,21.1,34,31.7,29.1,30.2,-0.12,0.34,0.17,-0.001,0.029,0,0.1,0,-0.02,0,4.2,,4,5,"away","Final",0,,,"fastball",53.5,"slider",24.3,,4.108910891089109,19.761904761904763,"fastball",59,"curve",21.3,,4.1441441441441444,18.03921568627451,79.33333333333333,"Extra Rest",96.66666666666667,"Extra Rest","R","L",9.2,22,5,18,2,5495.555555555556,1158.888888888889,0,5003.333333333333,1062.2222222222222,0,,,2294.5,2200.5,,,20.8,29.8,22.6,19.2,31.2,27.5,99,100,103
"824287","2026-05-01","Kerry Carpenter","Detroit Tigers",3,"R","LF",0.221,0.317,0.5,0.817,0.353,0.279,101,19,2,2,6,33.7,10.9,0.238,0.892,0.619,13,5,4,0.808,0.461,0.5,0.2,30.2,29.2,69.7,69.7,30.3,,"MacKenzie Gore","L",0.282,0.225,0.412,0.391,"6:40 PM ET","Detroit Tigers","Texas Rangers","Comerica Park","Jack Flaherty",4.6,1.45,26.5,10.7,2,8,"76.1",92,17,4.49,5.5,-136,107,"rotowire","MacKenzie Gore",4.72,1.31,25.6,9.2,5,8,"101.0",111,19,5.32,,,,,3.92,"Alta",22,3.92,"Moderada",18,4.2,0.713,0.314,0.399,20.8,4.1,0.714,0.319,0.395,24.6,20,50,10,0,1013,53,"Cielo Despejado",20,0.238,0.715,0.31,0.405,4.5,86,0.23,0.709,0.326,0.383,4.5,25,0.242,0.705,0.316,0.389,4.5,77,0.25,0.74,0.327,0.413,4.5,26,6,68,238,6,106,290,9.2,22,2,4,6,5,18,0,1,8,4.31,3.84,3.62,3.6,47.2,8,32.5,30.2,26.5,10.7,11.8,28.5,4,5.2,1.47,4.2,20.2,83,4,3,7,2,3.3,6,14,20,22,25.2,,,,79,4,5.15,20.2,53.5,24.3,19.7,2.4,0,"Dillon Dingler",6.058895011311783,18.7,3.8,4.7,14,2,1,1,3.97,3.67,3.24,3.42,44.6,8.6,37.9,26.1,25.6,9.2,12.6,27.5,3,7,1.79,5.1,22.2,92,7,5,5,5,5,4.7,25,23,22,12.5,,,,89,5,5.71,22.2,59,9.5,21.3,10.2,0,"Danny Jansen",-3.9379430983663144,23.3,4.9,5.7,22,4.7,0,0,0.314,0.326,0.163,0.284,40.4,9.6,76.2,22.6,21.8,76.2,23.8,19.4,27,30.5,32.6,40.2,0.315,0.297,0.151,0.294,36.4,6.8,75.4,21.3,21.4,75.4,24.6,21.1,34,31.7,29.1,30.2,-0.12,0.34,0.17,-0.001,0.029,0,0.1,0,-0.02,0,4.2,,4,5,"away","Final",0,,,"fastball",53.5,"slider",24.3,,4.108910891089109,19.761904761904763,"fastball",59,"curve",21.3,,4.1441441441441444,18.03921568627451,79.33333333333333,"Extra Rest",96.66666666666667,"Extra Rest","R","L",9.2,22,5,18,2,5495.555555555556,1158.888888888889,0,5003.333333333333,1062.2222222222222,0,,,2294.5,2200.5,,,20.8,29.8,22.6,19.2,31.2,27.5,99,100,103
"824287","2026-05-01","Dillon Dingler","Detroit Tigers",4,"R","C",0.247,0.324,0.464,0.788,0.342,0.217,110,24,6,0,5,17.3,6.4,0.154,0.445,0.231,6,4,2,0.882,0.743,0.547,0.441,20.2,22.6,78.8,78.8,21.2,,"MacKenzie Gore","L",0.282,0.225,0.412,0.391,"6:40 PM ET","Detroit Tigers","Texas Rangers","Comerica Park","Jack Flaherty",4.6,1.45,26.5,10.7,2,8,"76.1",92,17,4.49,5.5,-136,107,"rotowire","MacKenzie Gore",4.72,1.31,25.6,9.2,5,8,"101.0",111,19,5.32,,,,,3.92,"Alta",22,3.92,"Moderada",18,4.2,0.713,0.314,0.399,20.8,4.1,0.714,0.319,0.395,24.6,20,50,10,0,1013,53,"Cielo Despejado",20,0.238,0.715,0.31,0.405,4.5,86,0.23,0.709,0.326,0.383,4.5,25,0.242,0.705,0.316,0.389,4.5,77,0.25,0.74,0.327,0.413,4.5,26,6,68,238,6,106,290,9.2,22,2,4,6,5,18,0,1,8,4.31,3.84,3.62,3.6,47.2,8,32.5,30.2,26.5,10.7,11.8,28.5,4,5.2,1.47,4.2,20.2,83,4,3,7,2,3.3,6,14,20,22,25.2,,,,79,4,5.15,20.2,53.5,24.3,19.7,2.4,0,"Dillon Dingler",6.058895011311783,18.7,3.8,4.7,14,2,1,1,3.97,3.67,3.24,3.42,44.6,8.6,37.9,26.1,25.6,9.2,12.6,27.5,3,7,1.79,5.1,22.2,92,7,5,5,5,5,4.7,25,23,22,12.5,,,,89,5,5.71,22.2,59,9.5,21.3,10.2,0,"Danny Jansen",-3.9379430983663144,23.3,4.9,5.7,22,4.7,0,0,0.314,0.326,0.163,0.284,40.4,9.6,76.2,22.6,21.8,76.2,23.8,19.4,27,30.5,32.6,40.2,0.315,0.297,0.151,0.294,36.4,6.8,75.4,21.3,21.4,75.4,24.6,21.1,34,31.7,29.1,30.2,-0.12,0.34,0.17,-0.001,0.029,0,0.1,0,-0.02,0,4.2,,4,5,"away","Final",0,,,"fastball",53.5,"slider",24.3,,4.108910891089109,19.761904761904763,"fastball",59,"curve",21.3,,4.1441441441441444,18.03921568627451,79.33333333333333,"Extra Rest",96.66666666666667,"Extra Rest","R","L",9.2,22,5,18,2,5495.555555555556,1158.888888888889,0,5003.333333333333,1062.2222222222222,0,,,2294.5,2200.5,,,20.8,29.8,22.6,19.2,31.2,27.5,99,100,103
"824287","2026-05-01","Riley Greene","Detroit Tigers",5,"R","DH",0.291,0.394,0.462,0.856,0.375,0.171,137,34,8,0,4,26.3,14.6,0.308,1.073,0.654,17,8,3,0.871,0.767,0.498,0.384,25.7,29.2,70.5,70.5,29.5,,"MacKenzie Gore","L",0.282,0.225,0.412,0.391,"6:40 PM ET","Detroit Tigers","Texas Rangers","Comerica Park","Jack Flaherty",4.6,1.45,26.5,10.7,2,8,"76.1",92,17,4.49,5.5,-136,107,"rotowire","MacKenzie Gore",4.72,1.31,25.6,9.2,5,8,"101.0",111,19,5.32,,,,,3.92,"Alta",22,3.92,"Moderada",18,4.2,0.713,0.314,0.399,20.8,4.1,0.714,0.319,0.395,24.6,20,50,10,0,1013,53,"Cielo Despejado",20,0.238,0.715,0.31,0.405,4.5,86,0.23,0.709,0.326,0.383,4.5,25,0.242,0.705,0.316,0.389,4.5,77,0.25,0.74,0.327,0.413,4.5,26,6,68,238,6,106,290,9.2,22,2,4,6,5,18,0,1,8,4.31,3.84,3.62,3.6,47.2,8,32.5,30.2,26.5,10.7,11.8,28.5,4,5.2,1.47,4.2,20.2,83,4,3,7,2,3.3,6,14,20,22,25.2,,,,79,4,5.15,20.2,53.5,24.3,19.7,2.4,0,"Dillon Dingler",6.058895011311783,18.7,3.8,4.7,14,2,1,1,3.97,3.67,3.24,3.42,44.6,8.6,37.9,26.1,25.6,9.2,12.6,27.5,3,7,1.79,5.1,22.2,92,7,5,5,5,5,4.7,25,23,22,12.5,,,,89,5,5.71,22.2,59,9.5,21.3,10.2,0,"Danny Jansen",-3.9379430983663144,23.3,4.9,5.7,22,4.7,0,0,0.314,0.326,0.163,0.284,40.4,9.6,76.2,22.6,21.8,76.2,23.8,19.4,27,30.5,32.6,40.2,0.315,0.297,0.151,0.294,36.4,6.8,75.4,21.3,21.4,75.4,24.6,21.1,34,31.7,29.1,30.2,-0.12,0.34,0.17,-0.001,0.029,0,0.1,0,-0.02,0,4.2,,4,5,"away","Final",0,,,"fastball",53.5,"slider",24.3,,4.108910891089109,19.761904761904763,"fastball",59,"curve",21.3,,4.1441441441441444,18.03921568627451,79.33333333333333,"Extra Rest",96.66666666666667,"Extra Rest","R","L",9.2,22,5,18,2,5495.555555555556,1158.888888888889,0,5003.333333333333,1062.2222222222222,0,,,2294.5,2200.5,,,20.8,29.8,22.6,19.2,31.2,27.5,99,100,103
"824287","2026-05-01","Matt Vierling","Detroit Tigers",6,"R","CF",0.212,0.27,0.348,0.618,0.276,0.136,74,14,6,0,1,16.2,8.1,0.2,0.633,0.3,6,4,2,0.494,0.723,0.282,0.416,19.1,11.9,82.6,82.6,17.4,,"MacKenzie Gore","L",0.282,0.225,0.412,0.391,"6:40 PM ET","Detroit Tigers","Texas Rangers","Comerica Park","Jack Flaherty",4.6,1.45,26.5,10.7,2,8,"76.1",92,17,4.49,5.5,-136,107,"rotowire","MacKenzie Gore",4.72,1.31,25.6,9.2,5,8,"101.0",111,19,5.32,,,,,3.92,"Alta",22,3.92,"Moderada",18,4.2,0.713,0.314,0.399,20.8,4.1,0.714,0.319,0.395,24.6,20,50,10,0,1013,53,"Cielo Despejado",20,0.238,0.715,0.31,0.405,4.5,86,0.23,0.709,0.326,0.383,4.5,25,0.242,0.705,0.316,0.389,4.5,77,0.25,0.74,0.327,0.413,4.5,26,6,68,238,6,106,290,9.2,22,2,4,6,5,18,0,1,8,4.31,3.84,3.62,3.6,47.2,8,32.5,30.2,26.5,10.7,11.8,28.5,4,5.2,1.47,4.2,20.2,83,4,3,7,2,3.3,6,14,20,22,25.2,,,,79,4,5.15,20.2,53.5,24.3,19.7,2.4,0,"Dillon Dingler",6.058895011311783,18.7,3.8,4.7,14,2,1,1,3.97,3.67,3.24,3.42,44.6,8.6,37.9,26.1,25.6,9.2,12.6,27.5,3,7,1.79,5.1,22.2,92,7,5,5,5,5,4.7,25,23,22,12.5,,,,89,5,5.71,22.2,59,9.5,21.3,10.2,0,"Danny Jansen",-3.9379430983663144,23.3,4.9,5.7,22,4.7,0,0,0.314,0.326,0.163,0.284,40.4,9.6,76.2,22.6,21.8,76.2,23.8,19.4,27,30.5,32.6,40.2,0.315,0.297,0.151,0.294,36.4,6.8,75.4,21.3,21.4,75.4,24.6,21.1,34,31.7,29.1,30.2,-0.12,0.34,0.17,-0.001,0.029,0,0.1,0,-0.02,0,4.2,,4,5,"away","Final",0,,,"fastball",53.5,"slider",24.3,,4.108910891089109,19.761904761904763,"fastball",59,"curve",21.3,,4.1441441441441444,18.03921568627451,79.33333333333333,"Extra Rest",96.66666666666667,"Extra Rest","R","L",9.2,22,5,18,2,5495.555555555556,1158.888888888889,0,5003.333333333333,1062.2222222222222,0,,,2294.5,2200.5,,,20.8,29.8,22.6,19.2,31.2,27.5,99,100,103
"824287","2026-05-01","Spencer Torkelson","Detroit Tigers",7,"R","1B",0.233,0.363,0.437,0.8,0.353,0.204,124,24,6,0,5,27.4,16.1,0.333,1.289,0.889,24,9,7,0.685,0.849,0.404,0.447,34,28.3,68.8,68.8,31.2,,"MacKenzie Gore","L",0.282,0.225,0.412,0.391,"6:40 PM ET","Detroit Tigers","Texas Rangers","Comerica Park","Jack Flaherty",4.6,1.45,26.5,10.7,2,8,"76.1",92,17,4.49,5.5,-136,107,"rotowire","MacKenzie Gore",4.72,1.31,25.6,9.2,5,8,"101.0",111,19,5.32,,,,,3.92,"Alta",22,3.92,"Moderada",18,4.2,0.713,0.314,0.399,20.8,4.1,0.714,0.319,0.395,24.6,20,50,10,0,1013,53,"Cielo Despejado",20,0.238,0.715,0.31,0.405,4.5,86,0.23,0.709,0.326,0.383,4.5,25,0.242,0.705,0.316,0.389,4.5,77,0.25,0.74,0.327,0.413,4.5,26,6,68,238,6,106,290,9.2,22,2,4,6,5,18,0,1,8,4.31,3.84,3.62,3.6,47.2,8,32.5,30.2,26.5,10.7,11.8,28.5,4,5.2,1.47,4.2,20.2,83,4,3,7,2,3.3,6,14,20,22,25.2,,,,79,4,5.15,20.2,53.5,24.3,19.7,2.4,0,"Dillon Dingler",6.058895011311783,18.7,3.8,4.7,14,2,1,1,3.97,3.67,3.24,3.42,44.6,8.6,37.9,26.1,25.6,9.2,12.6,27.5,3,7,1.79,5.1,22.2,92,7,5,5,5,5,4.7,25,23,22,12.5,,,,89,5,5.71,22.2,59,9.5,21.3,10.2,0,"Danny Jansen",-3.9379430983663144,23.3,4.9,5.7,22,4.7,0,0,0.314,0.326,0.163,0.284,40.4,9.6,76.2,22.6,21.8,76.2,23.8,19.4,27,30.5,32.6,40.2,0.315,0.297,0.151,0.294,36.4,6.8,75.4,21.3,21.4,75.4,24.6,21.1,34,31.7,29.1,30.2,-0.12,0.34,0.17,-0.001,0.029,0,0.1,0,-0.02,0,4.2,,4,5,"away","Final",0,,,"fastball",53.5,"slider",24.3,,4.108910891089109,19.761904761904763,"fastball",59,"curve",21.3,,4.1441441441441444,18.03921568627451,79.33333333333333,"Extra Rest",96.66666666666667,"Extra Rest","R","L",9.2,22,5,18,2,5495.555555555556,1158.888888888889,0,5003.333333333333,1062.2222222222222,0,,,2294.5,2200.5,,,20.8,29.8,22.6,19.2,31.2,27.5,99,100,103
"824287","2026-05-01","Wenceel Pérez","Detroit Tigers",8,"R","RF",0.14,0.204,0.28,0.484,0.215,0.14,54,7,1,0,2,9.3,7.4,0.222,0.744,0.444,8,4,2,0.524,0.74,0.284,0.481,17.4,14.8,82.5,82.5,17.5,,"MacKenzie Gore","L",0.282,0.225,0.412,0.391,"6:40 PM ET","Detroit Tigers","Texas Rangers","Comerica Park","Jack Flaherty",4.6,1.45,26.5,10.7,2,8,"76.1",92,17,4.49,5.5,-136,107,"rotowire","MacKenzie Gore",4.72,1.31,25.6,9.2,5,8,"101.0",111,19,5.32,,,,,3.92,"Alta",22,3.92,"Moderada",18,4.2,0.713,0.314,0.399,20.8,4.1,0.714,0.319,0.395,24.6,20,50,10,0,1013,53,"Cielo Despejado",20,0.238,0.715,0.31,0.405,4.5,86,0.23,0.709,0.326,0.383,4.5,25,0.242,0.705,0.316,0.389,4.5,77,0.25,0.74,0.327,0.413,4.5,26,6,68,238,6,106,290,9.2,22,2,4,6,5,18,0,1,8,4.31,3.84,3.62,3.6,47.2,8,32.5,30.2,26.5,10.7,11.8,28.5,4,5.2,1.47,4.2,20.2,83,4,3,7,2,3.3,6,14,20,22,25.2,,,,79,4,5.15,20.2,53.5,24.3,19.7,2.4,0,"Dillon Dingler",6.058895011311783,18.7,3.8,4.7,14,2,1,1,3.97,3.67,3.24,3.42,44.6,8.6,37.9,26.1,25.6,9.2,12.6,27.5,3,7,1.79,5.1,22.2,92,7,5,5,5,5,4.7,25,23,22,12.5,,,,89,5,5.71,22.2,59,9.5,21.3,10.2,0,"Danny Jansen",-3.9379430983663144,23.3,4.9,5.7,22,4.7,0,0,0.314,0.326,0.163,0.284,40.4,9.6,76.2,22.6,21.8,76.2,23.8,19.4,27,30.5,32.6,40.2,0.315,0.297,0.151,0.294,36.4,6.8,75.4,21.3,21.4,75.4,24.6,21.1,34,31.7,29.1,30.2,-0.12,0.34,0.17,-0.001,0.029,0,0.1,0,-0.02,0,4.2,,4,5,"away","Final",0,,,"fastball",53.5,"slider",24.3,,4.108910891089109,19.761904761904763,"fastball",59,"curve",21.3,,4.1441441441441444,18.03921568627451,79.33333333333333,"Extra Rest",96.66666666666667,"Extra Rest","R","L",9.2,22,5,18,2,5495.555555555556,1158.888888888889,0,5003.333333333333,1062.2222222222222,0,,,2294.5,2200.5,,,20.8,29.8,22.6,19.2,31.2,27.5,99,100,103
"824287","2026-05-01","Hao-Yu Lee","Detroit Tigers",9,"R","3B",0.214,0.29,0.393,0.683,0.299,0.179,31,6,2,0,1,32.3,9.7,0.294,0.988,0.588,10,5,3,0.604,0.74,0.333,0.446,28.2,24.6,70.2,70.2,29.8,,"MacKenzie Gore","L",0.282,0.225,0.412,0.391,"6:40 PM ET","Detroit Tigers","Texas Rangers","Comerica Park","Jack Flaherty",4.6,1.45,26.5,10.7,2,8,"76.1",92,17,4.49,5.5,-136,107,"rotowire","MacKenzie Gore",4.72,1.31,25.6,9.2,5,8,"101.0",111,19,5.32,,,,,3.92,"Alta",22,3.92,"Moderada",18,4.2,0.713,0.314,0.399,20.8,4.1,0.714,0.319,0.395,24.6,20,50,10,0,1013,53,"Cielo Despejado",20,0.238,0.715,0.31,0.405,4.5,86,0.23,0.709,0.326,0.383,4.5,25,0.242,0.705,0.316,0.389,4.5,77,0.25,0.74,0.327,0.413,4.5,26,6,68,238,6,106,290,9.2,22,2,4,6,5,18,0,1,8,4.31,3.84,3.62,3.6,47.2,8,32.5,30.2,26.5,10.7,11.8,28.5,4,5.2,1.47,4.2,20.2,83,4,3,7,2,3.3,6,14,20,22,25.2,,,,79,4,5.15,20.2,53.5,24.3,19.7,2.4,0,"Dillon Dingler",6.058895011311783,18.7,3.8,4.7,14,2,1,1,3.97,3.67,3.24,3.42,44.6,8.6,37.9,26.1,25.6,9.2,12.6,27.5,3,7,1.79,5.1,22.2,92,7,5,5,5,5,4.7,25,23,22,12.5,,,,89,5,5.71,22.2,59,9.5,21.3,10.2,0,"Danny Jansen",-3.9379430983663144,23.3,4.9,5.7,22,4.7,0,0,0.314,0.326,0.163,0.284,40.4,9.6,76.2,22.6,21.8,76.2,23.8,19.4,27,30.5,32.6,40.2,0.315,0.297,0.151,0.294,36.4,6.8,75.4,21.3,21.4,75.4,24.6,21.1,34,31.7,29.1,30.2,-0.12,0.34,0.17,-0.001,0.029,0,0.1,0,-0.02,0,4.2,,4,5,"away","Final",0,,,"fastball",53.5,"slider",24.3,,4.108910891089109,19.761904761904763,"fastball",59,"curve",21.3,,4.1441441441441444,18.03921568627451,79.33333333333333,"Extra Rest",96.66666666666667,"Extra Rest","R","L",9.2,22,5,18,2,5495.555555555556,1158.888888888889,0,5003.333333333333,1062.2222222222222,0,,,2294.5,2200.5,,,20.8,29.8,22.6,19.2,31.2,27.5,99,100,103
"824287","2026-05-01","Josh Smith","Texas Rangers",1,"R","2B",0.188,0.3,0.212,0.512,0.243,0.024,100,16,2,0,0,20,13,0.222,0.669,0.278,5,4,1,0.656,0.316,0.32,0.158,13.4,52.6,78.8,78.8,21.2,,"Jack Flaherty","R",0.252,0.245,0.415,0.417,"6:40 PM ET","Detroit Tigers","Texas Rangers","Comerica Park","Jack Flaherty",4.6,1.45,26.5,10.7,2,8,"76.1",92,17,4.49,5.5,-136,107,"rotowire","MacKenzie Gore",4.72,1.31,25.6,9.2,5,8,"101.0",111,19,5.32,,,,,3.92,"Alta",22,3.92,"Moderada",18,4.2,0.713,0.314,0.399,20.8,4.1,0.714,0.319,0.395,24.6,20,50,10,0,1013,53,"Cielo Despejado",20,0.238,0.715,0.31,0.405,4.5,86,0.23,0.709,0.326,0.383,4.5,25,0.242,0.705,0.316,0.389,4.5,77,0.25,0.74,0.327,0.413,4.5,26,6,68,238,6,106,290,9.2,22,2,4,6,5,18,0,1,8,4.31,3.84,3.62,3.6,47.2,8,32.5,30.2,26.5,10.7,11.8,28.5,4,5.2,1.47,4.2,20.2,83,4,3,7,2,3.3,6,14,20,22,25.2,,,,79,4,5.15,20.2,53.5,24.3,19.7,2.4,0,"Dillon Dingler",6.058895011311783,18.7,3.8,4.7,14,2,1,1,3.97,3.67,3.24,3.42,44.6,8.6,37.9,26.1,25.6,9.2,12.6,27.5,3,7,1.79,5.1,22.2,92,7,5,5,5,5,4.7,25,23,22,12.5,,,,89,5,5.71,22.2,59,9.5,21.3,10.2,0,"Danny Jansen",-3.9379430983663144,23.3,4.9,5.7,22,4.7,0,0,0.314,0.326,0.163,0.284,40.4,9.6,76.2,22.6,21.8,76.2,23.8,19.4,27,30.5,32.6,40.2,0.315,0.297,0.151,0.294,36.4,6.8,75.4,21.3,21.4,75.4,24.6,21.1,34,31.7,29.1,30.2,-0.12,0.34,0.17,-0.001,0.029,0,0.1,0,-0.02,0,4.2,,4,5,"away","Final",0,,,"fastball",53.5,"slider",24.3,,4.108910891089109,19.761904761904763,"fastball",59,"curve",21.3,,4.1441441441441444,18.03921568627451,79.33333333333333,"Extra Rest",96.66666666666667,"Extra Rest","R","L",9.2,22,5,18,2,5495.555555555556,1158.888888888889,0,5003.333333333333,1062.2222222222222,0,,,2294.5,2200.5,,,20.8,29.8,22.6,19.2,31.2,27.5,99,100,103
"824287","2026-05-01","Sam Haggerty","Texas Rangers",2,"R","LF",0.192,0.25,0.192,0.442,0.208,0.15,28,5,0,0,0,42.9,3.6,0.25,0.5,0.25,3,3,0,0.364,0.404,0.182,0.182,27.3,36.1,84.8,84.8,15.2,,"Jack Flaherty","R",0.252,0.245,0.415,0.417,"6:40 PM ET","Detroit Tigers","Texas Rangers","Comerica Park","Jack Flaherty",4.6,1.45,26.5,10.7,2,8,"76.1",92,17,4.49,5.5,-136,107,"rotowire","MacKenzie Gore",4.72,1.31,25.6,9.2,5,8,"101.0",111,19,5.32,,,,,3.92,"Alta",22,3.92,"Moderada",18,4.2,0.713,0.314,0.399,20.8,4.1,0.714,0.319,0.395,24.6,20,50,10,0,1013,53,"Cielo Despejado",20,0.238,0.715,0.31,0.405,4.5,86,0.23,0.709,0.326,0.383,4.5,25,0.242,0.705,0.316,0.389,4.5,77,0.25,0.74,0.327,0.413,4.5,26,6,68,238,6,106,290,9.2,22,2,4,6,5,18,0,1,8,4.31,3.84,3.62,3.6,47.2,8,32.5,30.2,26.5,10.7,11.8,28.5,4,5.2,1.47,4.2,20.2,83,4,3,7,2,3.3,6,14,20,22,25.2,,,,79,4,5.15,20.2,53.5,24.3,19.7,2.4,0,"Dillon Dingler",6.058895011311783,18.7,3.8,4.7,14,2,1,1,3.97,3.67,3.24,3.42,44.6,8.6,37.9,26.1,25.6,9.2,12.6,27.5,3,7,1.79,5.1,22.2,92,7,5,5,5,5,4.7,25,23,22,12.5,,,,89,5,5.71,22.2,59,9.5,21.3,10.2,0,"Danny Jansen",-3.9379430983663144,23.3,4.9,5.7,22,4.7,0,0,0.314,0.326,0.163,0.284,40.4,9.6,76.2,22.6,21.8,76.2,23.8,19.4,27,30.5,32.6,40.2,0.315,0.297,0.151,0.294,36.4,6.8,75.4,21.3,21.4,75.4,24.6,21.1,34,31.7,29.1,30.2,-0.12,0.34,0.17,-0.001,0.029,0,0.1,0,-0.02,0,4.2,,4,5,"away","Final",0,,,"fastball",53.5,"slider",24.3,,4.108910891089109,19.761904761904763,"fastball",59,"curve",21.3,,4.1441441441441444,18.03921568627451,79.33333333333333,"Extra Rest",96.66666666666667,"Extra Rest","R","L",9.2,22,5,18,2,5495.555555555556,1158.888888888889,0,5003.333333333333,1062.2222222222222,0,,,2294.5,2200.5,,,20.8,29.8,22.6,19.2,31.2,27.5,99,100,103
"824287","2026-05-01","Corey Seager","Texas Rangers",3,"R","SS",0.211,0.319,0.421,0.74,0.322,0.21,135,24,6,0,6,25.9,13.3,0.25,0.729,0.429,12,7,3,0.711,0.536,0.417,0.25,25.2,32.1,64.2,64.2,35.8,,"Jack Flaherty","R",0.252,0.245,0.415,0.417,"6:40 PM ET","Detroit Tigers","Texas Rangers","Comerica Park","Jack Flaherty",4.6,1.45,26.5,10.7,2,8,"76.1",92,17,4.49,5.5,-136,107,"rotowire","MacKenzie Gore",4.72,1.31,25.6,9.2,5,8,"101.0",111,19,5.32,,,,,3.92,"Alta",22,3.92,"Moderada",18,4.2,0.713,0.314,0.399,20.8,4.1,0.714,0.319,0.395,24.6,20,50,10,0,1013,53,"Cielo Despejado",20,0.238,0.715,0.31,0.405,4.5,86,0.23,0.709,0.326,0.383,4.5,25,0.242,0.705,0.316,0.389,4.5,77,0.25,0.74,0.327,0.413,4.5,26,6,68,238,6,106,290,9.2,22,2,4,6,5,18,0,1,8,4.31,3.84,3.62,3.6,47.2,8,32.5,30.2,26.5,10.7,11.8,28.5,4,5.2,1.47,4.2,20.2,83,4,3,7,2,3.3,6,14,20,22,25.2,,,,79,4,5.15,20.2,53.5,24.3,19.7,2.4,0,"Dillon Dingler",6.058895011311783,18.7,3.8,4.7,14,2,1,1,3.97,3.67,3.24,3.42,44.6,8.6,37.9,26.1,25.6,9.2,12.6,27.5,3,7,1.79,5.1,22.2,92,7,5,5,5,5,4.7,25,23,22,12.5,,,,89,5,5.71,22.2,59,9.5,21.3,10.2,0,"Danny Jansen",-3.9379430983663144,23.3,4.9,5.7,22,4.7,0,0,0.314,0.326,0.163,0.284,40.4,9.6,76.2,22.6,21.8,76.2,23.8,19.4,27,30.5,32.6,40.2,0.315,0.297,0.151,0.294,36.4,6.8,75.4,21.3,21.4,75.4,24.6,21.1,34,31.7,29.1,30.2,-0.12,0.34,0.17,-0.001,0.029,0,0.1,0,-0.02,0,4.2,,4,5,"away","Final",0,,,"fastball",53.5,"slider",24.3,,4.108910891089109,19.761904761904763,"fastball",59,"curve",21.3,,4.1441441441441444,18.03921568627451,79.33333333333333,"Extra Rest",96.66666666666667,"Extra Rest","R","L",9.2,22,5,18,2,5495.555555555556,1158.888888888889,0,5003.333333333333,1062.2222222222222,0,,,2294.5,2200.5,,,20.8,29.8,22.6,19.2,31.2,27.5,99,100,103
"824287","2026-05-01","Josh Jung","Texas Rangers",4,"R","3B",0.321,0.381,0.538,0.919,0.396,0.217,118,34,11,0,4,16.1,8.5,0.36,1.048,0.6,15,9,4,0.779,0.92,0.44,0.486,19.3,13.3,82.1,82.1,17.9,,"Jack Flaherty","R",0.252,0.245,0.415,0.417,"6:40 PM ET","Detroit Tigers","Texas Rangers","Comerica Park","Jack Flaherty",4.6,1.45,26.5,10.7,2,8,"76.1",92,17,4.49,5.5,-136,107,"rotowire","MacKenzie Gore",4.72,1.31,25.6,9.2,5,8,"101.0",111,19,5.32,,,,,3.92,"Alta",22,3.92,"Moderada",18,4.2,0.713,0.314,0.399,20.8,4.1,0.714,0.319,0.395,24.6,20,50,10,0,1013,53,"Cielo Despejado",20,0.238,0.715,0.31,0.405,4.5,86,0.23,0.709,0.326,0.383,4.5,25,0.242,0.705,0.316,0.389,4.5,77,0.25,0.74,0.327,0.413,4.5,26,6,68,238,6,106,290,9.2,22,2,4,6,5,18,0,1,8,4.31,3.84,3.62,3.6,47.2,8,32.5,30.2,26.5,10.7,11.8,28.5,4,5.2,1.47,4.2,20.2,83,4,3,7,2,3.3,6,14,20,22,25.2,,,,79,4,5.15,20.2,53.5,24.3,19.7,2.4,0,"Dillon Dingler",6.058895011311783,18.7,3.8,4.7,14,2,1,1,3.97,3.67,3.24,3.42,44.6,8.6,37.9,26.1,25.6,9.2,12.6,27.5,3,7,1.79,5.1,22.2,92,7,5,5,5,5,4.7,25,23,22,12.5,,,,89,5,5.71,22.2,59,9.5,21.3,10.2,0,"Danny Jansen",-3.9379430983663144,23.3,4.9,5.7,22,4.7,0,0,0.314,0.326,0.163,0.284,40.4,9.6,76.2,22.6,21.8,76.2,23.8,19.4,27,30.5,32.6,40.2,0.315,0.297,0.151,0.294,36.4,6.8,75.4,21.3,21.4,75.4,24.6,21.1,34,31.7,29.1,30.2,-0.12,0.34,0.17,-0.001,0.029,0,0.1,0,-0.02,0,4.2,,4,5,"away","Final",0,,,"fastball",53.5,"slider",24.3,,4.108910891089109,19.761904761904763,"fastball",59,"curve",21.3,,4.1441441441441444,18.03921568627451,79.33333333333333,"Extra Rest",96.66666666666667,"Extra Rest","R","L",9.2,22,5,18,2,5495.555555555556,1158.888888888889,0,5003.333333333333,1062.2222222222222,0,,,2294.5,2200.5,,,20.8,29.8,22.6,19.2,31.2,27.5,99,100,103
"824287","2026-05-01","Joc Pederson","Texas Rangers",5,"R","DH",0.216,0.326,0.311,0.637,0.296,0.095,89,16,1,0,2,23.6,13.5,0.211,0.618,0.368,7,4,1,0.786,0.761,0.448,0.5,21.2,41.7,69.6,69.6,30.4,,"Jack Flaherty","R",0.252,0.245,0.415,0.417,"6:40 PM ET","Detroit Tigers","Texas Rangers","Comerica Park","Jack Flaherty",4.6,1.45,26.5,10.7,2,8,"76.1",92,17,4.49,5.5,-136,107,"rotowire","MacKenzie Gore",4.72,1.31,25.6,9.2,5,8,"101.0",111,19,5.32,,,,,3.92,"Alta",22,3.92,"Moderada",18,4.2,0.713,0.314,0.399,20.8,4.1,0.714,0.319,0.395,24.6,20,50,10,0,1013,53,"Cielo Despejado",20,0.238,0.715,0.31,0.405,4.5,86,0.23,0.709,0.326,0.383,4.5,25,0.242,0.705,0.316,0.389,4.5,77,0.25,0.74,0.327,0.413,4.5,26,6,68,238,6,106,290,9.2,22,2,4,6,5,18,0,1,8,4.31,3.84,3.62,3.6,47.2,8,32.5,30.2,26.5,10.7,11.8,28.5,4,5.2,1.47,4.2,20.2,83,4,3,7,2,3.3,6,14,20,22,25.2,,,,79,4,5.15,20.2,53.5,24.3,19.7,2.4,0,"Dillon Dingler",6.058895011311783,18.7,3.8,4.7,14,2,1,1,3.97,3.67,3.24,3.42,44.6,8.6,37.9,26.1,25.6,9.2,12.6,27.5,3,7,1.79,5.1,22.2,92,7,5,5,5,5,4.7,25,23,22,12.5,,,,89,5,5.71,22.2,59,9.5,21.3,10.2,0,"Danny Jansen",-3.9379430983663144,23.3,4.9,5.7,22,4.7,0,0,0.314,0.326,0.163,0.284,40.4,9.6,76.2,22.6,21.8,76.2,23.8,19.4,27,30.5,32.6,40.2,0.315,0.297,0.151,0.294,36.4,6.8,75.4,21.3,21.4,75.4,24.6,21.1,34,31.7,29.1,30.2,-0.12,0.34,0.17,-0.001,0.029,0,0.1,0,-0.02,0,4.2,,4,5,"away","Final",0,,,"fastball",53.5,"slider",24.3,,4.108910891089109,19.761904761904763,"fastball",59,"curve",21.3,,4.1441441441441444,18.03921568627451,79.33333333333333,"Extra Rest",96.66666666666667,"Extra Rest","R","L",9.2,22,5,18,2,5495.555555555556,1158.888888888889,0,5003.333333333333,1062.2222222222222,0,,,2294.5,2200.5,,,20.8,29.8,22.6,19.2,31.2,27.5,99,100,103
"824287","2026-05-01","Jake Burger","Texas Rangers",6,"R","1B",0.222,0.256,0.381,0.637,0.277,0.159,133,28,5,0,5,30.1,3.8,0.077,0.22,0.077,2,2,0,0.716,0.792,0.412,0.471,25.8,26.9,66.5,66.5,33.5,,"Jack Flaherty","R",0.252,0.245,0.415,0.417,"6:40 PM ET","Detroit Tigers","Texas Rangers","Comerica Park","Jack Flaherty",4.6,1.45,26.5,10.7,2,8,"76.1",92,17,4.49,5.5,-136,107,"rotowire","MacKenzie Gore",4.72,1.31,25.6,9.2,5,8,"101.0",111,19,5.32,,,,,3.92,"Alta",22,3.92,"Moderada",18,4.2,0.713,0.314,0.399,20.8,4.1,0.714,0.319,0.395,24.6,20,50,10,0,1013,53,"Cielo Despejado",20,0.238,0.715,0.31,0.405,4.5,86,0.23,0.709,0.326,0.383,4.5,25,0.242,0.705,0.316,0.389,4.5,77,0.25,0.74,0.327,0.413,4.5,26,6,68,238,6,106,290,9.2,22,2,4,6,5,18,0,1,8,4.31,3.84,3.62,3.6,47.2,8,32.5,30.2,26.5,10.7,11.8,28.5,4,5.2,1.47,4.2,20.2,83,4,3,7,2,3.3,6,14,20,22,25.2,,,,79,4,5.15,20.2,53.5,24.3,19.7,2.4,0,"Dillon Dingler",6.058895011311783,18.7,3.8,4.7,14,2,1,1,3.97,3.67,3.24,3.42,44.6,8.6,37.9,26.1,25.6,9.2,12.6,27.5,3,7,1.79,5.1,22.2,92,7,5,5,5,5,4.7,25,23,22,12.5,,,,89,5,5.71,22.2,59,9.5,21.3,10.2,0,"Danny Jansen",-3.9379430983663144,23.3,4.9,5.7,22,4.7,0,0,0.314,0.326,0.163,0.284,40.4,9.6,76.2,22.6,21.8,76.2,23.8,19.4,27,30.5,32.6,40.2,0.315,0.297,0.151,0.294,36.4,6.8,75.4,21.3,21.4,75.4,24.6,21.1,34,31.7,29.1,30.2,-0.12,0.34,0.17,-0.001,0.029,0,0.1,0,-0.02,0,4.2,,4,5,"away","Final",0,,,"fastball",53.5,"slider",24.3,,4.108910891089109,19.761904761904763,"fastball",59,"curve",21.3,,4.1441441441441444,18.03921568627451,79.33333333333333,"Extra Rest",96.66666666666667,"Extra Rest","R","L",9.2,22,5,18,2,5495.555555555556,1158.888888888889,0,5003.333333333333,1062.2222222222222,0,,,2294.5,2200.5,,,20.8,29.8,22.6,19.2,31.2,27.5,99,100,103
"824287","2026-05-01","Alejandro Osuna","Texas Rangers",7,"R","CF",0.333,0.529,0.417,0.946,0.434,0.084,17,4,1,0,0,17.6,23.5,0.375,0.99,0.375,3,3,0,0.66,0.624,0.303,0.281,12.9,17.1,84.7,84.7,15.3,,"Jack Flaherty","R",0.252,0.245,0.415,0.417,"6:40 PM ET","Detroit Tigers","Texas Rangers","Comerica Park","Jack Flaherty",4.6,1.45,26.5,10.7,2,8,"76.1",92,17,4.49,5.5,-136,107,"rotowire","MacKenzie Gore",4.72,1.31,25.6,9.2,5,8,"101.0",111,19,5.32,,,,,3.92,"Alta",22,3.92,"Moderada",18,4.2,0.713,0.314,0.399,20.8,4.1,0.714,0.319,0.395,24.6,20,50,10,0,1013,53,"Cielo Despejado",20,0.238,0.715,0.31,0.405,4.5,86,0.23,0.709,0.326,0.383,4.5,25,0.242,0.705,0.316,0.389,4.5,77,0.25,0.74,0.327,0.413,4.5,26,6,68,238,6,106,290,9.2,22,2,4,6,5,18,0,1,8,4.31,3.84,3.62,3.6,47.2,8,32.5,30.2,26.5,10.7,11.8,28.5,4,5.2,1.47,4.2,20.2,83,4,3,7,2,3.3,6,14,20,22,25.2,,,,79,4,5.15,20.2,53.5,24.3,19.7,2.4,0,"Dillon Dingler",6.058895011311783,18.7,3.8,4.7,14,2,1,1,3.97,3.67,3.24,3.42,44.6,8.6,37.9,26.1,25.6,9.2,12.6,27.5,3,7,1.79,5.1,22.2,92,7,5,5,5,5,4.7,25,23,22,12.5,,,,89,5,5.71,22.2,59,9.5,21.3,10.2,0,"Danny Jansen",-3.9379430983663144,23.3,4.9,5.7,22,4.7,0,0,0.314,0.326,0.163,0.284,40.4,9.6,76.2,22.6,21.8,76.2,23.8,19.4,27,30.5,32.6,40.2,0.315,0.297,0.151,0.294,36.4,6.8,75.4,21.3,21.4,75.4,24.6,21.1,34,31.7,29.1,30.2,-0.12,0.34,0.17,-0.001,0.029,0,0.1,0,-0.02,0,4.2,,4,5,"away","Final",0,,,"fastball",53.5,"slider",24.3,,4.108910891089109,19.761904761904763,"fastball",59,"curve",21.3,,4.1441441441441444,18.03921568627451,79.33333333333333,"Extra Rest",96.66666666666667,"Extra Rest","R","L",9.2,22,5,18,2,5495.555555555556,1158.888888888889,0,5003.333333333333,1062.2222222222222,0,,,2294.5,2200.5,,,20.8,29.8,22.6,19.2,31.2,27.5,99,100,103
"824287","2026-05-01","Ezequiel Duran","Texas Rangers",8,"R","RF",0.274,0.338,0.403,0.741,0.325,0.129,69,17,5,0,1,20.3,8.7,0.368,0.955,0.526,10,7,3,0.716,0.799,0.415,0.429,21.7,26,73.4,73.4,26.6,,"Jack Flaherty","R",0.252,0.245,0.415,0.417,"6:40 PM ET","Detroit Tigers","Texas Rangers","Comerica Park","Jack Flaherty",4.6,1.45,26.5,10.7,2,8,"76.1",92,17,4.49,5.5,-136,107,"rotowire","MacKenzie Gore",4.72,1.31,25.6,9.2,5,8,"101.0",111,19,5.32,,,,,3.92,"Alta",22,3.92,"Moderada",18,4.2,0.713,0.314,0.399,20.8,4.1,0.714,0.319,0.395,24.6,20,50,10,0,1013,53,"Cielo Despejado",20,0.238,0.715,0.31,0.405,4.5,86,0.23,0.709,0.326,0.383,4.5,25,0.242,0.705,0.316,0.389,4.5,77,0.25,0.74,0.327,0.413,4.5,26,6,68,238,6,106,290,9.2,22,2,4,6,5,18,0,1,8,4.31,3.84,3.62,3.6,47.2,8,32.5,30.2,26.5,10.7,11.8,28.5,4,5.2,1.47,4.2,20.2,83,4,3,7,2,3.3,6,14,20,22,25.2,,,,79,4,5.15,20.2,53.5,24.3,19.7,2.4,0,"Dillon Dingler",6.058895011311783,18.7,3.8,4.7,14,2,1,1,3.97,3.67,3.24,3.42,44.6,8.6,37.9,26.1,25.6,9.2,12.6,27.5,3,7,1.79,5.1,22.2,92,7,5,5,5,5,4.7,25,23,22,12.5,,,,89,5,5.71,22.2,59,9.5,21.3,10.2,0,"Danny Jansen",-3.9379430983663144,23.3,4.9,5.7,22,4.7,0,0,0.314,0.326,0.163,0.284,40.4,9.6,76.2,22.6,21.8,76.2,23.8,19.4,27,30.5,32.6,40.2,0.315,0.297,0.151,0.294,36.4,6.8,75.4,21.3,21.4,75.4,24.6,21.1,34,31.7,29.1,30.2,-0.12,0.34,0.17,-0.001,0.029,0,0.1,0,-0.02,0,4.2,,4,5,"away","Final",0,,,"fastball",53.5,"slider",24.3,,4.108910891089109,19.761904761904763,"fastball",59,"curve",21.3,,4.1441441441441444,18.03921568627451,79.33333333333333,"Extra Rest",96.66666666666667,"Extra Rest","R","L",9.2,22,5,18,2,5495.555555555556,1158.888888888889,0,5003.333333333333,1062.2222222222222,0,,,2294.5,2200.5,,,20.8,29.8,22.6,19.2,31.2,27.5,99,100,103
"824287","2026-05-01","Danny Jansen","Texas Rangers",9,"R","C",0.211,0.282,0.38,0.662,0.289,0.169,78,15,4,1,2,32.1,7.7,0.158,0.589,0.316,6,3,2,0.561,0.661,0.29,0.367,25.9,35.3,74.8,74.8,25.2,,"Jack Flaherty","R",0.252,0.245,0.415,0.417,"6:40 PM ET","Detroit Tigers","Texas Rangers","Comerica Park","Jack Flaherty",4.6,1.45,26.5,10.7,2,8,"76.1",92,17,4.49,5.5,-136,107,"rotowire","MacKenzie Gore",4.72,1.31,25.6,9.2,5,8,"101.0",111,19,5.32,,,,,3.92,"Alta",22,3.92,"Moderada",18,4.2,0.713,0.314,0.399,20.8,4.1,0.714,0.319,0.395,24.6,20,50,10,0,1013,53,"Cielo Despejado",20,0.238,0.715,0.31,0.405,4.5,86,0.23,0.709,0.326,0.383,4.5,25,0.242,0.705,0.316,0.389,4.5,77,0.25,0.74,0.327,0.413,4.5,26,6,68,238,6,106,290,9.2,22,2,4,6,5,18,0,1,8,4.31,3.84,3.62,3.6,47.2,8,32.5,30.2,26.5,10.7,11.8,28.5,4,5.2,1.47,4.2,20.2,83,4,3,7,2,3.3,6,14,20,22,25.2,,,,79,4,5.15,20.2,53.5,24.3,19.7,2.4,0,"Dillon Dingler",6.058895011311783,18.7,3.8,4.7,14,2,1,1,3.97,3.67,3.24,3.42,44.6,8.6,37.9,26.1,25.6,9.2,12.6,27.5,3,7,1.79,5.1,22.2,92,7,5,5,5,5,4.7,25,23,22,12.5,,,,89,5,5.71,22.2,59,9.5,21.3,10.2,0,"Danny Jansen",-3.9379430983663144,23.3,4.9,5.7,22,4.7,0,0,0.314,0.326,0.163,0.284,40.4,9.6,76.2,22.6,21.8,76.2,23.8,19.4,27,30.5,32.6,40.2,0.315,0.297,0.151,0.294,36.4,6.8,75.4,21.3,21.4,75.4,24.6,21.1,34,31.7,29.1,30.2,-0.12,0.34,0.17,-0.001,0.029,0,0.1,0,-0.02,0,4.2,,4,5,"away","Final",0,,,"fastball",53.5,"slider",24.3,,4.108910891089109,19.761904761904763,"fastball",59,"curve",21.3,,4.1441441441441444,18.03921568627451,79.33333333333333,"Extra Rest",96.66666666666667,"Extra Rest","R","L",9.2,22,5,18,2,5495.555555555556,1158.888888888889,0,5003.333333333333,1062.2222222222222,0,,,2294.5,2200.5,,,20.8,29.8,22.6,19.2,31.2,27.5,99,100,103
"824366","2026-05-01","Edouard Julien","Colorado Rockies",1,"R","2B",0.289,0.385,0.422,0.807,0.357,0.133,96,24,3,1,2,26,12.5,0.4,1.123,0.64,16,10,3,0.669,0.485,0.328,0.167,25,36.4,77.7,77.7,22.3,,"Grant Holmes","R",0.226,0.234,0.405,0.397,"8:40 PM ET","Colorado Rockies","Atlanta Braves","Coors Field","Jose Quintana",5.27,1.51,11,9.4,2,3,"41.0",20,9,4.56,,,,,"Grant Holmes",3.61,1.32,20.2,10.4,5,4,"87.1",76,18,4.85,,,,,4.95,"Alta",17,3.11,"Alta",15.1,4.8,0.75,0.327,0.423,26.7,4.9,0.728,0.314,0.414,20.0,20,50,10,0,1013,0,"Cielo Despejado",20,0.256,0.77,0.332,0.438,4.5,86,0.256,0.704,0.316,0.388,4.5,22,0.254,0.741,0.319,0.422,4.5,81,0.24,0.705,0.304,0.401,4.5,39,5,85,250,7,89,229,9.1,17,2,5,6,9.1,15.1,2,4,6,5.01,5.44,5.01,5.57,32.9,8.4,35.7,30.8,11,9.4,9.9,22.7,3,2.25,1.64,4.6,20.5,82,5,1,1,5.3,5,3.7,20,25,18,17.3,,,,82,4.2,3.18,20.5,49.1,14.3,15.7,21,0,"Hunter Goodman",-0.92934943605375,21.0,4.7,2.3,18,3.7,0,0,4.56,5.14,4.01,4.3,43.4,8.9,41.9,27.5,20.2,10.4,12.7,28.1,4,4.2,0.98,5.5,22.6,83,4,4,3,6,4.7,4,28,19,17,37,,,,82,5.1,4.99,22.6,48.5,38,8.1,5.5,0,"Drake Baldwin",1.5026667510805707,21.3,4.9,3.7,17,4,0,1,0.328,0.302,0.167,0.314,37.7,7.4,72.9,21.6,24.3,72.9,27.1,20.8,36,35.3,33.6,32.4,0.319,0.32,0.165,0.29,39.4,8.4,75.4,21.3,23.5,75.4,24.6,21.9,29.7,27.8,26.4,28.1,1.66,0.45,0.3,0.022,-0.018,1.84,-0.1,0,-0.08,-2,0,,6,8,"away","Final",0,,,"fastball",49.1,"changeup",21,,4,17.826086956521742,"fastball",48.5,"slider",38,,3.6725663716814156,15.090909090909092,83.33333333333333,"Normal",76.33333333333333,"Extra Rest","L","R",9.1,17,9.1,15.1,2,4605.555555555556,773.3333333333334,0,4301.111111111111,704,0,,,2004.1,2506.4,,,31.3,33.6,15.4,20.3,9.9,20.1,90,128,106
"824366","2026-05-01","Mickey Moniak","Colorado Rockies",2,"R","LF",0.319,0.363,0.67,1.033,0.436,0.351,102,30,6,0,9,24.5,5.9,0.385,1.121,0.654,17,10,3,0.991,0.634,0.644,0.378,22.2,38.5,70.3,70.3,29.7,,"Grant Holmes","R",0.226,0.234,0.405,0.397,"8:40 PM ET","Colorado Rockies","Atlanta Braves","Coors Field","Jose Quintana",5.27,1.51,11,9.4,2,3,"41.0",20,9,4.56,,,,,"Grant Holmes",3.61,1.32,20.2,10.4,5,4,"87.1",76,18,4.85,,,,,4.95,"Alta",17,3.11,"Alta",15.1,4.8,0.75,0.327,0.423,26.7,4.9,0.728,0.314,0.414,20.0,20,50,10,0,1013,0,"Cielo Despejado",20,0.256,0.77,0.332,0.438,4.5,86,0.256,0.704,0.316,0.388,4.5,22,0.254,0.741,0.319,0.422,4.5,81,0.24,0.705,0.304,0.401,4.5,39,5,85,250,7,89,229,9.1,17,2,5,6,9.1,15.1,2,4,6,5.01,5.44,5.01,5.57,32.9,8.4,35.7,30.8,11,9.4,9.9,22.7,3,2.25,1.64,4.6,20.5,82,5,1,1,5.3,5,3.7,20,25,18,17.3,,,,82,4.2,3.18,20.5,49.1,14.3,15.7,21,0,"Hunter Goodman",-0.92934943605375,21.0,4.7,2.3,18,3.7,0,0,4.56,5.14,4.01,4.3,43.4,8.9,41.9,27.5,20.2,10.4,12.7,28.1,4,4.2,0.98,5.5,22.6,83,4,4,3,6,4.7,4,28,19,17,37,,,,82,5.1,4.99,22.6,48.5,38,8.1,5.5,0,"Drake Baldwin",1.5026667510805707,21.3,4.9,3.7,17,4,0,1,0.328,0.302,0.167,0.314,37.7,7.4,72.9,21.6,24.3,72.9,27.1,20.8,36,35.3,33.6,32.4,0.319,0.32,0.165,0.29,39.4,8.4,75.4,21.3,23.5,75.4,24.6,21.9,29.7,27.8,26.4,28.1,1.66,0.45,0.3,0.022,-0.018,1.84,-0.1,0,-0.08,-2,0,,6,8,"away","Final",0,,,"fastball",49.1,"changeup",21,,4,17.826086956521742,"fastball",48.5,"slider",38,,3.6725663716814156,15.090909090909092,83.33333333333333,"Normal",76.33333333333333,"Extra Rest","L","R",9.1,17,9.1,15.1,2,4605.555555555556,773.3333333333334,0,4301.111111111111,704,0,,,2004.1,2506.4,,,31.3,33.6,15.4,20.3,9.9,20.1,90,128,106
"824366","2026-05-01","Hunter Goodman","Colorado Rockies",3,"R","C",0.257,0.328,0.558,0.886,0.374,0.301,125,29,7,0,9,37.6,7.2,0.3,1.131,0.767,23,9,6,0.84,0.906,0.538,0.549,29.4,39.1,65.4,65.4,34.6,,"Grant Holmes","R",0.226,0.234,0.405,0.397,"8:40 PM ET","Colorado Rockies","Atlanta Braves","Coors Field","Jose Quintana",5.27,1.51,11,9.4,2,3,"41.0",20,9,4.56,,,,,"Grant Holmes",3.61,1.32,20.2,10.4,5,4,"87.1",76,18,4.85,,,,,4.95,"Alta",17,3.11,"Alta",15.1,4.8,0.75,0.327,0.423,26.7,4.9,0.728,0.314,0.414,20.0,20,50,10,0,1013,0,"Cielo Despejado",20,0.256,0.77,0.332,0.438,4.5,86,0.256,0.704,0.316,0.388,4.5,22,0.254,0.741,0.319,0.422,4.5,81,0.24,0.705,0.304,0.401,4.5,39,5,85,250,7,89,229,9.1,17,2,5,6,9.1,15.1,2,4,6,5.01,5.44,5.01,5.57,32.9,8.4,35.7,30.8,11,9.4,9.9,22.7,3,2.25,1.64,4.6,20.5,82,5,1,1,5.3,5,3.7,20,25,18,17.3,,,,82,4.2,3.18,20.5,49.1,14.3,15.7,21,0,"Hunter Goodman",-0.92934943605375,21.0,4.7,2.3,18,3.7,0,0,4.56,5.14,4.01,4.3,43.4,8.9,41.9,27.5,20.2,10.4,12.7,28.1,4,4.2,0.98,5.5,22.6,83,4,4,3,6,4.7,4,28,19,17,37,,,,82,5.1,4.99,22.6,48.5,38,8.1,5.5,0,"Drake Baldwin",1.5026667510805707,21.3,4.9,3.7,17,4,0,1,0.328,0.302,0.167,0.314,37.7,7.4,72.9,21.6,24.3,72.9,27.1,20.8,36,35.3,33.6,32.4,0.319,0.32,0.165,0.29,39.4,8.4,75.4,21.3,23.5,75.4,24.6,21.9,29.7,27.8,26.4,28.1,1.66,0.45,0.3,0.022,-0.018,1.84,-0.1,0,-0.08,-2,0,,6,8,"away","Final",0,,,"fastball",49.1,"changeup",21,,4,17.826086956521742,"fastball",48.5,"slider",38,,3.6725663716814156,15.090909090909092,83.33333333333333,"Normal",76.33333333333333,"Extra Rest","L","R",9.1,17,9.1,15.1,2,4605.555555555556,773.3333333333334,0,4301.111111111111,704,0,,,2004.1,2506.4,,,31.3,33.6,15.4,20.3,9.9,20.1,90,128,106
"824366","2026-05-01","TJ Rumfield","Colorado Rockies",4,"R","1B",0.263,0.328,0.407,0.735,0.323,0.144,131,31,6,1,3,15.3,8.4,0.296,0.85,0.444,12,8,4,0.943,0.654,0.544,0.333,14.1,14.7,78.9,78.9,21.1,,"Grant Holmes","R",0.226,0.234,0.405,0.397,"8:40 PM ET","Colorado Rockies","Atlanta Braves","Coors Field","Jose Quintana",5.27,1.51,11,9.4,2,3,"41.0",20,9,4.56,,,,,"Grant Holmes",3.61,1.32,20.2,10.4,5,4,"87.1",76,18,4.85,,,,,4.95,"Alta",17,3.11,"Alta",15.1,4.8,0.75,0.327,0.423,26.7,4.9,0.728,0.314,0.414,20.0,20,50,10,0,1013,0,"Cielo Despejado",20,0.256,0.77,0.332,0.438,4.5,86,0.256,0.704,0.316,0.388,4.5,22,0.254,0.741,0.319,0.422,4.5,81,0.24,0.705,0.304,0.401,4.5,39,5,85,250,7,89,229,9.1,17,2,5,6,9.1,15.1,2,4,6,5.01,5.44,5.01,5.57,32.9,8.4,35.7,30.8,11,9.4,9.9,22.7,3,2.25,1.64,4.6,20.5,82,5,1,1,5.3,5,3.7,20,25,18,17.3,,,,82,4.2,3.18,20.5,49.1,14.3,15.7,21,0,"Hunter Goodman",-0.92934943605375,21.0,4.7,2.3,18,3.7,0,0,4.56,5.14,4.01,4.3,43.4,8.9,41.9,27.5,20.2,10.4,12.7,28.1,4,4.2,0.98,5.5,22.6,83,4,4,3,6,4.7,4,28,19,17,37,,,,82,5.1,4.99,22.6,48.5,38,8.1,5.5,0,"Drake Baldwin",1.5026667510805707,21.3,4.9,3.7,17,4,0,1,0.328,0.302,0.167,0.314,37.7,7.4,72.9,21.6,24.3,72.9,27.1,20.8,36,35.3,33.6,32.4,0.319,0.32,0.165,0.29,39.4,8.4,75.4,21.3,23.5,75.4,24.6,21.9,29.7,27.8,26.4,28.1,1.66,0.45,0.3,0.022,-0.018,1.84,-0.1,0,-0.08,-2,0,,6,8,"away","Final",0,,,"fastball",49.1,"changeup",21,,4,17.826086956521742,"fastball",48.5,"slider",38,,3.6725663716814156,15.090909090909092,83.33333333333333,"Normal",76.33333333333333,"Extra Rest","L","R",9.1,17,9.1,15.1,2,4605.555555555556,773.3333333333334,0,4301.111111111111,704,0,,,2004.1,2506.4,,,31.3,33.6,15.4,20.3,9.9,20.1,90,128,106
"824366","2026-05-01","Jordan Beck","Colorado Rockies",5,"R","RF",0.161,0.209,0.242,0.451,0.204,0.081,67,10,2,0,1,22.4,6,0.118,0.285,0.118,2,2,0,0.242,0.867,0.114,0.526,23.4,26.8,77.9,77.9,22.1,,"Grant Holmes","R",0.226,0.234,0.405,0.397,"8:40 PM ET","Colorado Rockies","Atlanta Braves","Coors Field","Jose Quintana",5.27,1.51,11,9.4,2,3,"41.0",20,9,4.56,,,,,"Grant Holmes",3.61,1.32,20.2,10.4,5,4,"87.1",76,18,4.85,,,,,4.95,"Alta",17,3.11,"Alta",15.1,4.8,0.75,0.327,0.423,26.7,4.9,0.728,0.314,0.414,20.0,20,50,10,0,1013,0,"Cielo Despejado",20,0.256,0.77,0.332,0.438,4.5,86,0.256,0.704,0.316,0.388,4.5,22,0.254,0.741,0.319,0.422,4.5,81,0.24,0.705,0.304,0.401,4.5,39,5,85,250,7,89,229,9.1,17,2,5,6,9.1,15.1,2,4,6,5.01,5.44,5.01,5.57,32.9,8.4,35.7,30.8,11,9.4,9.9,22.7,3,2.25,1.64,4.6,20.5,82,5,1,1,5.3,5,3.7,20,25,18,17.3,,,,82,4.2,3.18,20.5,49.1,14.3,15.7,21,0,"Hunter Goodman",-0.92934943605375,21.0,4.7,2.3,18,3.7,0,0,4.56,5.14,4.01,4.3,43.4,8.9,41.9,27.5,20.2,10.4,12.7,28.1,4,4.2,0.98,5.5,22.6,83,4,4,3,6,4.7,4,28,19,17,37,,,,82,5.1,4.99,22.6,48.5,38,8.1,5.5,0,"Drake Baldwin",1.5026667510805707,21.3,4.9,3.7,17,4,0,1,0.328,0.302,0.167,0.314,37.7,7.4,72.9,21.6,24.3,72.9,27.1,20.8,36,35.3,33.6,32.4,0.319,0.32,0.165,0.29,39.4,8.4,75.4,21.3,23.5,75.4,24.6,21.9,29.7,27.8,26.4,28.1,1.66,0.45,0.3,0.022,-0.018,1.84,-0.1,0,-0.08,-2,0,,6,8,"away","Final",0,,,"fastball",49.1,"changeup",21,,4,17.826086956521742,"fastball",48.5,"slider",38,,3.6725663716814156,15.090909090909092,83.33333333333333,"Normal",76.33333333333333,"Extra Rest","L","R",9.1,17,9.1,15.1,2,4605.555555555556,773.3333333333334,0,4301.111111111111,704,0,,,2004.1,2506.4,,,31.3,33.6,15.4,20.3,9.9,20.1,90,128,106
"824366","2026-05-01","Troy Johnston","Colorado Rockies",6,"R","DH",0.32,0.376,0.46,0.836,0.364,0.14,110,32,8,0,2,20,7.3,0.333,0.77,0.37,10,9,1,0.884,0.549,0.468,0.299,18,13.7,76.6,76.6,23.4,,"Grant Holmes","R",0.226,0.234,0.405,0.397,"8:40 PM ET","Colorado Rockies","Atlanta Braves","Coors Field","Jose Quintana",5.27,1.51,11,9.4,2,3,"41.0",20,9,4.56,,,,,"Grant Holmes",3.61,1.32,20.2,10.4,5,4,"87.1",76,18,4.85,,,,,4.95,"Alta",17,3.11,"Alta",15.1,4.8,0.75,0.327,0.423,26.7,4.9,0.728,0.314,0.414,20.0,20,50,10,0,1013,0,"Cielo Despejado",20,0.256,0.77,0.332,0.438,4.5,86,0.256,0.704,0.316,0.388,4.5,22,0.254,0.741,0.319,0.422,4.5,81,0.24,0.705,0.304,0.401,4.5,39,5,85,250,7,89,229,9.1,17,2,5,6,9.1,15.1,2,4,6,5.01,5.44,5.01,5.57,32.9,8.4,35.7,30.8,11,9.4,9.9,22.7,3,2.25,1.64,4.6,20.5,82,5,1,1,5.3,5,3.7,20,25,18,17.3,,,,82,4.2,3.18,20.5,49.1,14.3,15.7,21,0,"Hunter Goodman",-0.92934943605375,21.0,4.7,2.3,18,3.7,0,0,4.56,5.14,4.01,4.3,43.4,8.9,41.9,27.5,20.2,10.4,12.7,28.1,4,4.2,0.98,5.5,22.6,83,4,4,3,6,4.7,4,28,19,17,37,,,,82,5.1,4.99,22.6,48.5,38,8.1,5.5,0,"Drake Baldwin",1.5026667510805707,21.3,4.9,3.7,17,4,0,1,0.328,0.302,0.167,0.314,37.7,7.4,72.9,21.6,24.3,72.9,27.1,20.8,36,35.3,33.6,32.4,0.319,0.32,0.165,0.29,39.4,8.4,75.4,21.3,23.5,75.4,24.6,21.9,29.7,27.8,26.4,28.1,1.66,0.45,0.3,0.022,-0.018,1.84,-0.1,0,-0.08,-2,0,,6,8,"away","Final",0,,,"fastball",49.1,"changeup",21,,4,17.826086956521742,"fastball",48.5,"slider",38,,3.6725663716814156,15.090909090909092,83.33333333333333,"Normal",76.33333333333333,"Extra Rest","L","R",9.1,17,9.1,15.1,2,4605.555555555556,773.3333333333334,0,4301.111111111111,704,0,,,2004.1,2506.4,,,31.3,33.6,15.4,20.3,9.9,20.1,90,128,106
"824366","2026-05-01","Willi Castro","Colorado Rockies",7,"R","3B",0.235,0.303,0.333,0.636,0.284,0.098,89,19,5,0,1,32.6,7.9,0.353,0.862,0.412,7,6,1,0.703,0.757,0.376,0.402,26.8,28.2,70.1,70.1,29.9,,"Grant Holmes","R",0.226,0.234,0.405,0.397,"8:40 PM ET","Colorado Rockies","Atlanta Braves","Coors Field","Jose Quintana",5.27,1.51,11,9.4,2,3,"41.0",20,9,4.56,,,,,"Grant Holmes",3.61,1.32,20.2,10.4,5,4,"87.1",76,18,4.85,,,,,4.95,"Alta",17,3.11,"Alta",15.1,4.8,0.75,0.327,0.423,26.7,4.9,0.728,0.314,0.414,20.0,20,50,10,0,1013,0,"Cielo Despejado",20,0.256,0.77,0.332,0.438,4.5,86,0.256,0.704,0.316,0.388,4.5,22,0.254,0.741,0.319,0.422,4.5,81,0.24,0.705,0.304,0.401,4.5,39,5,85,250,7,89,229,9.1,17,2,5,6,9.1,15.1,2,4,6,5.01,5.44,5.01,5.57,32.9,8.4,35.7,30.8,11,9.4,9.9,22.7,3,2.25,1.64,4.6,20.5,82,5,1,1,5.3,5,3.7,20,25,18,17.3,,,,82,4.2,3.18,20.5,49.1,14.3,15.7,21,0,"Hunter Goodman",-0.92934943605375,21.0,4.7,2.3,18,3.7,0,0,4.56,5.14,4.01,4.3,43.4,8.9,41.9,27.5,20.2,10.4,12.7,28.1,4,4.2,0.98,5.5,22.6,83,4,4,3,6,4.7,4,28,19,17,37,,,,82,5.1,4.99,22.6,48.5,38,8.1,5.5,0,"Drake Baldwin",1.5026667510805707,21.3,4.9,3.7,17,4,0,1,0.328,0.302,0.167,0.314,37.7,7.4,72.9,21.6,24.3,72.9,27.1,20.8,36,35.3,33.6,32.4,0.319,0.32,0.165,0.29,39.4,8.4,75.4,21.3,23.5,75.4,24.6,21.9,29.7,27.8,26.4,28.1,1.66,0.45,0.3,0.022,-0.018,1.84,-0.1,0,-0.08,-2,0,,6,8,"away","Final",0,,,"fastball",49.1,"changeup",21,,4,17.826086956521742,"fastball",48.5,"slider",38,,3.6725663716814156,15.090909090909092,83.33333333333333,"Normal",76.33333333333333,"Extra Rest","L","R",9.1,17,9.1,15.1,2,4605.555555555556,773.3333333333334,0,4301.111111111111,704,0,,,2004.1,2506.4,,,31.3,33.6,15.4,20.3,9.9,20.1,90,128,106
"824366","2026-05-01","Ezequiel Tovar","Colorado Rockies",8,"R","SS",0.197,0.248,0.291,0.539,0.24,0.094,125,23,8,0,1,28.8,4.8,0.154,0.368,0.154,4,4,0,0.583,0.557,0.344,0.302,23.5,31.9,70.9,70.9,29.1,,"Grant Holmes","R",0.226,0.234,0.405,0.397,"8:40 PM ET","Colorado Rockies","Atlanta Braves","Coors Field","Jose Quintana",5.27,1.51,11,9.4,2,3,"41.0",20,9,4.56,,,,,"Grant Holmes",3.61,1.32,20.2,10.4,5,4,"87.1",76,18,4.85,,,,,4.95,"Alta",17,3.11,"Alta",15.1,4.8,0.75,0.327,0.423,26.7,4.9,0.728,0.314,0.414,20.0,20,50,10,0,1013,0,"Cielo Despejado",20,0.256,0.77,0.332,0.438,4.5,86,0.256,0.704,0.316,0.388,4.5,22,0.254,0.741,0.319,0.422,4.5,81,0.24,0.705,0.304,0.401,4.5,39,5,85,250,7,89,229,9.1,17,2,5,6,9.1,15.1,2,4,6,5.01,5.44,5.01,5.57,32.9,8.4,35.7,30.8,11,9.4,9.9,22.7,3,2.25,1.64,4.6,20.5,82,5,1,1,5.3,5,3.7,20,25,18,17.3,,,,82,4.2,3.18,20.5,49.1,14.3,15.7,21,0,"Hunter Goodman",-0.92934943605375,21.0,4.7,2.3,18,3.7,0,0,4.56,5.14,4.01,4.3,43.4,8.9,41.9,27.5,20.2,10.4,12.7,28.1,4,4.2,0.98,5.5,22.6,83,4,4,3,6,4.7,4,28,19,17,37,,,,82,5.1,4.99,22.6,48.5,38,8.1,5.5,0,"Drake Baldwin",1.5026667510805707,21.3,4.9,3.7,17,4,0,1,0.328,0.302,0.167,0.314,37.7,7.4,72.9,21.6,24.3,72.9,27.1,20.8,36,35.3,33.6,32.4,0.319,0.32,0.165,0.29,39.4,8.4,75.4,21.3,23.5,75.4,24.6,21.9,29.7,27.8,26.4,28.1,1.66,0.45,0.3,0.022,-0.018,1.84,-0.1,0,-0.08,-2,0,,6,8,"away","Final",0,,,"fastball",49.1,"changeup",21,,4,17.826086956521742,"fastball",48.5,"slider",38,,3.6725663716814156,15.090909090909092,83.33333333333333,"Normal",76.33333333333333,"Extra Rest","L","R",9.1,17,9.1,15.1,2,4605.555555555556,773.3333333333334,0,4301.111111111111,704,0,,,2004.1,2506.4,,,31.3,33.6,15.4,20.3,9.9,20.1,90,128,106
"824366","2026-05-01","Brenton Doyle","Colorado Rockies",9,"R","CF",0.224,0.298,0.294,0.592,0.268,0.07,94,19,3,0,1,34,9.6,0.25,0.681,0.313,5,4,1,0.516,0.607,0.26,0.289,35.9,27.3,67.9,67.9,32.1,,"Grant Holmes","R",0.226,0.234,0.405,0.397,"8:40 PM ET","Colorado Rockies","Atlanta Braves","Coors Field","Jose Quintana",5.27,1.51,11,9.4,2,3,"41.0",20,9,4.56,,,,,"Grant Holmes",3.61,1.32,20.2,10.4,5,4,"87.1",76,18,4.85,,,,,4.95,"Alta",17,3.11,"Alta",15.1,4.8,0.75,0.327,0.423,26.7,4.9,0.728,0.314,0.414,20.0,20,50,10,0,1013,0,"Cielo Despejado",20,0.256,0.77,0.332,0.438,4.5,86,0.256,0.704,0.316,0.388,4.5,22,0.254,0.741,0.319,0.422,4.5,81,0.24,0.705,0.304,0.401,4.5,39,5,85,250,7,89,229,9.1,17,2,5,6,9.1,15.1,2,4,6,5.01,5.44,5.01,5.57,32.9,8.4,35.7,30.8,11,9.4,9.9,22.7,3,2.25,1.64,4.6,20.5,82,5,1,1,5.3,5,3.7,20,25,18,17.3,,,,82,4.2,3.18,20.5,49.1,14.3,15.7,21,0,"Hunter Goodman",-0.92934943605375,21.0,4.7,2.3,18,3.7,0,0,4.56,5.14,4.01,4.3,43.4,8.9,41.9,27.5,20.2,10.4,12.7,28.1,4,4.2,0.98,5.5,22.6,83,4,4,3,6,4.7,4,28,19,17,37,,,,82,5.1,4.99,22.6,48.5,38,8.1,5.5,0,"Drake Baldwin",1.5026667510805707,21.3,4.9,3.7,17,4,0,1,0.328,0.302,0.167,0.314,37.7,7.4,72.9,21.6,24.3,72.9,27.1,20.8,36,35.3,33.6,32.4,0.319,0.32,0.165,0.29,39.4,8.4,75.4,21.3,23.5,75.4,24.6,21.9,29.7,27.8,26.4,28.1,1.66,0.45,0.3,0.022,-0.018,1.84,-0.1,0,-0.08,-2,0,,6,8,"away","Final",0,,,"fastball",49.1,"changeup",21,,4,17.826086956521742,"fastball",48.5,"slider",38,,3.6725663716814156,15.090909090909092,83.33333333333333,"Normal",76.33333333333333,"Extra Rest","L","R",9.1,17,9.1,15.1,2,4605.555555555556,773.3333333333334,0,4301.111111111111,704,0,,,2004.1,2506.4,,,31.3,33.6,15.4,20.3,9.9,20.1,90,128,106
"824366","2026-05-01","Ronald Acuña Jr.","Atlanta Braves",1,"R","RF",0.248,0.36,0.376,0.736,0.33,0.128,150,31,8,1,2,20.7,13.3,0.259,0.856,0.481,13,7,4,0.877,0.634,0.477,0.313,18.1,29.6,70.5,70.5,29.5,,"Jose Quintana","L",0.25,0.298,0.688,0.452,"8:40 PM ET","Colorado Rockies","Atlanta Braves","Coors Field","Jose Quintana",5.27,1.51,11,9.4,2,3,"41.0",20,9,4.56,,,,,"Grant Holmes",3.61,1.32,20.2,10.4,5,4,"87.1",76,18,4.85,,,,,4.95,"Alta",17,3.11,"Alta",15.1,4.8,0.75,0.327,0.423,26.7,4.9,0.728,0.314,0.414,20.0,20,50,10,0,1013,0,"Cielo Despejado",20,0.256,0.77,0.332,0.438,4.5,86,0.256,0.704,0.316,0.388,4.5,22,0.254,0.741,0.319,0.422,4.5,81,0.24,0.705,0.304,0.401,4.5,39,5,85,250,7,89,229,9.1,17,2,5,6,9.1,15.1,2,4,6,5.01,5.44,5.01,5.57,32.9,8.4,35.7,30.8,11,9.4,9.9,22.7,3,2.25,1.64,4.6,20.5,82,5,1,1,5.3,5,3.7,20,25,18,17.3,,,,82,4.2,3.18,20.5,49.1,14.3,15.7,21,0,"Hunter Goodman",-0.92934943605375,21.0,4.7,2.3,18,3.7,0,0,4.56,5.14,4.01,4.3,43.4,8.9,41.9,27.5,20.2,10.4,12.7,28.1,4,4.2,0.98,5.5,22.6,83,4,4,3,6,4.7,4,28,19,17,37,,,,82,5.1,4.99,22.6,48.5,38,8.1,5.5,0,"Drake Baldwin",1.5026667510805707,21.3,4.9,3.7,17,4,0,1,0.328,0.302,0.167,0.314,37.7,7.4,72.9,21.6,24.3,72.9,27.1,20.8,36,35.3,33.6,32.4,0.319,0.32,0.165,0.29,39.4,8.4,75.4,21.3,23.5,75.4,24.6,21.9,29.7,27.8,26.4,28.1,1.66,0.45,0.3,0.022,-0.018,1.84,-0.1,0,-0.08,-2,0,,6,8,"away","Final",0,,,"fastball",49.1,"changeup",21,,4,17.826086956521742,"fastball",48.5,"slider",38,,3.6725663716814156,15.090909090909092,83.33333333333333,"Normal",76.33333333333333,"Extra Rest","L","R",9.1,17,9.1,15.1,2,4605.555555555556,773.3333333333334,0,4301.111111111111,704,0,,,2004.1,2506.4,,,31.3,33.6,15.4,20.3,9.9,20.1,90,128,106
"824366","2026-05-01","Drake Baldwin","Atlanta Braves",2,"R","C",0.299,0.377,0.485,0.862,0.373,0.186,151,40,4,0,7,19.9,9.3,0.259,0.614,0.259,7,7,0,0.767,0.824,0.426,0.477,23.8,22.3,75.6,75.6,24.4,,"Jose Quintana","L",0.25,0.298,0.688,0.452,"8:40 PM ET","Colorado Rockies","Atlanta Braves","Coors Field","Jose Quintana",5.27,1.51,11,9.4,2,3,"41.0",20,9,4.56,,,,,"Grant Holmes",3.61,1.32,20.2,10.4,5,4,"87.1",76,18,4.85,,,,,4.95,"Alta",17,3.11,"Alta",15.1,4.8,0.75,0.327,0.423,26.7,4.9,0.728,0.314,0.414,20.0,20,50,10,0,1013,0,"Cielo Despejado",20,0.256,0.77,0.332,0.438,4.5,86,0.256,0.704,0.316,0.388,4.5,22,0.254,0.741,0.319,0.422,4.5,81,0.24,0.705,0.304,0.401,4.5,39,5,85,250,7,89,229,9.1,17,2,5,6,9.1,15.1,2,4,6,5.01,5.44,5.01,5.57,32.9,8.4,35.7,30.8,11,9.4,9.9,22.7,3,2.25,1.64,4.6,20.5,82,5,1,1,5.3,5,3.7,20,25,18,17.3,,,,82,4.2,3.18,20.5,49.1,14.3,15.7,21,0,"Hunter Goodman",-0.92934943605375,21.0,4.7,2.3,18,3.7,0,0,4.56,5.14,4.01,4.3,43.4,8.9,41.9,27.5,20.2,10.4,12.7,28.1,4,4.2,0.98,5.5,22.6,83,4,4,3,6,4.7,4,28,19,17,37,,,,82,5.1,4.99,22.6,48.5,38,8.1,5.5,0,"Drake Baldwin",1.5026667510805707,21.3,4.9,3.7,17,4,0,1,0.328,0.302,0.167,0.314,37.7,7.4,72.9,21.6,24.3,72.9,27.1,20.8,36,35.3,33.6,32.4,0.319,0.32,0.165,0.29,39.4,8.4,75.4,21.3,23.5,75.4,24.6,21.9,29.7,27.8,26.4,28.1,1.66,0.45,0.3,0.022,-0.018,1.84,-0.1,0,-0.08,-2,0,,6,8,"away","Final",0,,,"fastball",49.1,"changeup",21,,4,17.826086956521742,"fastball",48.5,"slider",38,,3.6725663716814156,15.090909090909092,83.33333333333333,"Normal",76.33333333333333,"Extra Rest","L","R",9.1,17,9.1,15.1,2,4605.555555555556,773.3333333333334,0,4301.111111111111,704,0,,,2004.1,2506.4,,,31.3,33.6,15.4,20.3,9.9,20.1,90,128,106
"824366","2026-05-01","Ozzie Albies","Atlanta Braves",3,"R","2B",0.32,0.369,0.539,0.908,0.392,0.219,141,41,7,0,7,11.3,7.1,0.481,1.443,0.926,25,13,6,0.744,0.8,0.415,0.487,17.7,6,79.4,79.4,20.6,,"Jose Quintana","L",0.25,0.298,0.688,0.452,"8:40 PM ET","Colorado Rockies","Atlanta Braves","Coors Field","Jose Quintana",5.27,1.51,11,9.4,2,3,"41.0",20,9,4.56,,,,,"Grant Holmes",3.61,1.32,20.2,10.4,5,4,"87.1",76,18,4.85,,,,,4.95,"Alta",17,3.11,"Alta",15.1,4.8,0.75,0.327,0.423,26.7,4.9,0.728,0.314,0.414,20.0,20,50,10,0,1013,0,"Cielo Despejado",20,0.256,0.77,0.332,0.438,4.5,86,0.256,0.704,0.316,0.388,4.5,22,0.254,0.741,0.319,0.422,4.5,81,0.24,0.705,0.304,0.401,4.5,39,5,85,250,7,89,229,9.1,17,2,5,6,9.1,15.1,2,4,6,5.01,5.44,5.01,5.57,32.9,8.4,35.7,30.8,11,9.4,9.9,22.7,3,2.25,1.64,4.6,20.5,82,5,1,1,5.3,5,3.7,20,25,18,17.3,,,,82,4.2,3.18,20.5,49.1,14.3,15.7,21,0,"Hunter Goodman",-0.92934943605375,21.0,4.7,2.3,18,3.7,0,0,4.56,5.14,4.01,4.3,43.4,8.9,41.9,27.5,20.2,10.4,12.7,28.1,4,4.2,0.98,5.5,22.6,83,4,4,3,6,4.7,4,28,19,17,37,,,,82,5.1,4.99,22.6,48.5,38,8.1,5.5,0,"Drake Baldwin",1.5026667510805707,21.3,4.9,3.7,17,4,0,1,0.328,0.302,0.167,0.314,37.7,7.4,72.9,21.6,24.3,72.9,27.1,20.8,36,35.3,33.6,32.4,0.319,0.32,0.165,0.29,39.4,8.4,75.4,21.3,23.5,75.4,24.6,21.9,29.7,27.8,26.4,28.1,1.66,0.45,0.3,0.022,-0.018,1.84,-0.1,0,-0.08,-2,0,,6,8,"away","Final",0,,,"fastball",49.1,"changeup",21,,4,17.826086956521742,"fastball",48.5,"slider",38,,3.6725663716814156,15.090909090909092,83.33333333333333,"Normal",76.33333333333333,"Extra Rest","L","R",9.1,17,9.1,15.1,2,4605.555555555556,773.3333333333334,0,4301.111111111111,704,0,,,2004.1,2506.4,,,31.3,33.6,15.4,20.3,9.9,20.1,90,128,106
"824366","2026-05-01","Matt Olson","Atlanta Braves",4,"R","1B",0.297,0.378,0.633,1.011,0.424,0.336,148,38,13,0,10,23,12.2,0.407,1.208,0.741,20,11,5,0.923,0.843,0.577,0.506,23.7,22.9,75.7,75.7,24.3,,"Jose Quintana","L",0.25,0.298,0.688,0.452,"8:40 PM ET","Colorado Rockies","Atlanta Braves","Coors Field","Jose Quintana",5.27,1.51,11,9.4,2,3,"41.0",20,9,4.56,,,,,"Grant Holmes",3.61,1.32,20.2,10.4,5,4,"87.1",76,18,4.85,,,,,4.95,"Alta",17,3.11,"Alta",15.1,4.8,0.75,0.327,0.423,26.7,4.9,0.728,0.314,0.414,20.0,20,50,10,0,1013,0,"Cielo Despejado",20,0.256,0.77,0.332,0.438,4.5,86,0.256,0.704,0.316,0.388,4.5,22,0.254,0.741,0.319,0.422,4.5,81,0.24,0.705,0.304,0.401,4.5,39,5,85,250,7,89,229,9.1,17,2,5,6,9.1,15.1,2,4,6,5.01,5.44,5.01,5.57,32.9,8.4,35.7,30.8,11,9.4,9.9,22.7,3,2.25,1.64,4.6,20.5,82,5,1,1,5.3,5,3.7,20,25,18,17.3,,,,82,4.2,3.18,20.5,49.1,14.3,15.7,21,0,"Hunter Goodman",-0.92934943605375,21.0,4.7,2.3,18,3.7,0,0,4.56,5.14,4.01,4.3,43.4,8.9,41.9,27.5,20.2,10.4,12.7,28.1,4,4.2,0.98,5.5,22.6,83,4,4,3,6,4.7,4,28,19,17,37,,,,82,5.1,4.99,22.6,48.5,38,8.1,5.5,0,"Drake Baldwin",1.5026667510805707,21.3,4.9,3.7,17,4,0,1,0.328,0.302,0.167,0.314,37.7,7.4,72.9,21.6,24.3,72.9,27.1,20.8,36,35.3,33.6,32.4,0.319,0.32,0.165,0.29,39.4,8.4,75.4,21.3,23.5,75.4,24.6,21.9,29.7,27.8,26.4,28.1,1.66,0.45,0.3,0.022,-0.018,1.84,-0.1,0,-0.08,-2,0,,6,8,"away","Final",0,,,"fastball",49.1,"changeup",21,,4,17.826086956521742,"fastball",48.5,"slider",38,,3.6725663716814156,15.090909090909092,83.33333333333333,"Normal",76.33333333333333,"Extra Rest","L","R",9.1,17,9.1,15.1,2,4605.555555555556,773.3333333333334,0,4301.111111111111,704,0,,,2004.1,2506.4,,,31.3,33.6,15.4,20.3,9.9,20.1,90,128,106
"824366","2026-05-01","Mauricio Dubón","Atlanta Braves",5,"R","CF",0.281,0.328,0.439,0.767,0.331,0.158,122,32,8,2,2,16.4,4.9,0.2,0.579,0.32,8,5,2,0.766,0.728,0.424,0.424,16.1,11.1,82.9,82.9,17.1,,"Jose Quintana","L",0.25,0.298,0.688,0.452,"8:40 PM ET","Colorado Rockies","Atlanta Braves","Coors Field","Jose Quintana",5.27,1.51,11,9.4,2,3,"41.0",20,9,4.56,,,,,"Grant Holmes",3.61,1.32,20.2,10.4,5,4,"87.1",76,18,4.85,,,,,4.95,"Alta",17,3.11,"Alta",15.1,4.8,0.75,0.327,0.423,26.7,4.9,0.728,0.314,0.414,20.0,20,50,10,0,1013,0,"Cielo Despejado",20,0.256,0.77,0.332,0.438,4.5,86,0.256,0.704,0.316,0.388,4.5,22,0.254,0.741,0.319,0.422,4.5,81,0.24,0.705,0.304,0.401,4.5,39,5,85,250,7,89,229,9.1,17,2,5,6,9.1,15.1,2,4,6,5.01,5.44,5.01,5.57,32.9,8.4,35.7,30.8,11,9.4,9.9,22.7,3,2.25,1.64,4.6,20.5,82,5,1,1,5.3,5,3.7,20,25,18,17.3,,,,82,4.2,3.18,20.5,49.1,14.3,15.7,21,0,"Hunter Goodman",-0.92934943605375,21.0,4.7,2.3,18,3.7,0,0,4.56,5.14,4.01,4.3,43.4,8.9,41.9,27.5,20.2,10.4,12.7,28.1,4,4.2,0.98,5.5,22.6,83,4,4,3,6,4.7,4,28,19,17,37,,,,82,5.1,4.99,22.6,48.5,38,8.1,5.5,0,"Drake Baldwin",1.5026667510805707,21.3,4.9,3.7,17,4,0,1,0.328,0.302,0.167,0.314,37.7,7.4,72.9,21.6,24.3,72.9,27.1,20.8,36,35.3,33.6,32.4,0.319,0.32,0.165,0.29,39.4,8.4,75.4,21.3,23.5,75.4,24.6,21.9,29.7,27.8,26.4,28.1,1.66,0.45,0.3,0.022,-0.018,1.84,-0.1,0,-0.08,-2,0,,6,8,"away","Final",0,,,"fastball",49.1,"changeup",21,,4,17.826086956521742,"fastball",48.5,"slider",38,,3.6725663716814156,15.090909090909092,83.33333333333333,"Normal",76.33333333333333,"Extra Rest","L","R",9.1,17,9.1,15.1,2,4605.555555555556,773.3333333333334,0,4301.111111111111,704,0,,,2004.1,2506.4,,,31.3,33.6,15.4,20.3,9.9,20.1,90,128,106
"824366","2026-05-01","Austin Riley","Atlanta Braves",6,"R","3B",0.202,0.281,0.323,0.604,0.271,0.121,139,25,6,0,3,24.5,8.6,0.077,0.297,0.154,4,2,2,0.618,0.613,0.344,0.309,28.6,32,67.1,67.1,32.9,,"Jose Quintana","L",0.25,0.298,0.688,0.452,"8:40 PM ET","Colorado Rockies","Atlanta Braves","Coors Field","Jose Quintana",5.27,1.51,11,9.4,2,3,"41.0",20,9,4.56,,,,,"Grant Holmes",3.61,1.32,20.2,10.4,5,4,"87.1",76,18,4.85,,,,,4.95,"Alta",17,3.11,"Alta",15.1,4.8,0.75,0.327,0.423,26.7,4.9,0.728,0.314,0.414,20.0,20,50,10,0,1013,0,"Cielo Despejado",20,0.256,0.77,0.332,0.438,4.5,86,0.256,0.704,0.316,0.388,4.5,22,0.254,0.741,0.319,0.422,4.5,81,0.24,0.705,0.304,0.401,4.5,39,5,85,250,7,89,229,9.1,17,2,5,6,9.1,15.1,2,4,6,5.01,5.44,5.01,5.57,32.9,8.4,35.7,30.8,11,9.4,9.9,22.7,3,2.25,1.64,4.6,20.5,82,5,1,1,5.3,5,3.7,20,25,18,17.3,,,,82,4.2,3.18,20.5,49.1,14.3,15.7,21,0,"Hunter Goodman",-0.92934943605375,21.0,4.7,2.3,18,3.7,0,0,4.56,5.14,4.01,4.3,43.4,8.9,41.9,27.5,20.2,10.4,12.7,28.1,4,4.2,0.98,5.5,22.6,83,4,4,3,6,4.7,4,28,19,17,37,,,,82,5.1,4.99,22.6,48.5,38,8.1,5.5,0,"Drake Baldwin",1.5026667510805707,21.3,4.9,3.7,17,4,0,1,0.328,0.302,0.167,0.314,37.7,7.4,72.9,21.6,24.3,72.9,27.1,20.8,36,35.3,33.6,32.4,0.319,0.32,0.165,0.29,39.4,8.4,75.4,21.3,23.5,75.4,24.6,21.9,29.7,27.8,26.4,28.1,1.66,0.45,0.3,0.022,-0.018,1.84,-0.1,0,-0.08,-2,0,,6,8,"away","Final",0,,,"fastball",49.1,"changeup",21,,4,17.826086956521742,"fastball",48.5,"slider",38,,3.6725663716814156,15.090909090909092,83.33333333333333,"Normal",76.33333333333333,"Extra Rest","L","R",9.1,17,9.1,15.1,2,4605.555555555556,773.3333333333334,0,4301.111111111111,704,0,,,2004.1,2506.4,,,31.3,33.6,15.4,20.3,9.9,20.1,90,128,106
"824366","2026-05-01","Mike Yastrzemski","Atlanta Braves",7,"R","LF",0.204,0.275,0.269,0.544,0.246,0.065,102,19,4,1,0,25.5,7.8,0.25,0.55,0.3,6,5,1,0.702,0.547,0.381,0.233,21,37.1,76.6,76.6,23.4,,"Jose Quintana","L",0.25,0.298,0.688,0.452,"8:40 PM ET","Colorado Rockies","Atlanta Braves","Coors Field","Jose Quintana",5.27,1.51,11,9.4,2,3,"41.0",20,9,4.56,,,,,"Grant Holmes",3.61,1.32,20.2,10.4,5,4,"87.1",76,18,4.85,,,,,4.95,"Alta",17,3.11,"Alta",15.1,4.8,0.75,0.327,0.423,26.7,4.9,0.728,0.314,0.414,20.0,20,50,10,0,1013,0,"Cielo Despejado",20,0.256,0.77,0.332,0.438,4.5,86,0.256,0.704,0.316,0.388,4.5,22,0.254,0.741,0.319,0.422,4.5,81,0.24,0.705,0.304,0.401,4.5,39,5,85,250,7,89,229,9.1,17,2,5,6,9.1,15.1,2,4,6,5.01,5.44,5.01,5.57,32.9,8.4,35.7,30.8,11,9.4,9.9,22.7,3,2.25,1.64,4.6,20.5,82,5,1,1,5.3,5,3.7,20,25,18,17.3,,,,82,4.2,3.18,20.5,49.1,14.3,15.7,21,0,"Hunter Goodman",-0.92934943605375,21.0,4.7,2.3,18,3.7,0,0,4.56,5.14,4.01,4.3,43.4,8.9,41.9,27.5,20.2,10.4,12.7,28.1,4,4.2,0.98,5.5,22.6,83,4,4,3,6,4.7,4,28,19,17,37,,,,82,5.1,4.99,22.6,48.5,38,8.1,5.5,0,"Drake Baldwin",1.5026667510805707,21.3,4.9,3.7,17,4,0,1,0.328,0.302,0.167,0.314,37.7,7.4,72.9,21.6,24.3,72.9,27.1,20.8,36,35.3,33.6,32.4,0.319,0.32,0.165,0.29,39.4,8.4,75.4,21.3,23.5,75.4,24.6,21.9,29.7,27.8,26.4,28.1,1.66,0.45,0.3,0.022,-0.018,1.84,-0.1,0,-0.08,-2,0,,6,8,"away","Final",0,,,"fastball",49.1,"changeup",21,,4,17.826086956521742,"fastball",48.5,"slider",38,,3.6725663716814156,15.090909090909092,83.33333333333333,"Normal",76.33333333333333,"Extra Rest","L","R",9.1,17,9.1,15.1,2,4605.555555555556,773.3333333333334,0,4301.111111111111,704,0,,,2004.1,2506.4,,,31.3,33.6,15.4,20.3,9.9,20.1,90,128,106
"824366","2026-05-01","Kyle Farmer","Atlanta Braves",8,"R","SS",0.333,0.308,0.417,0.725,0.324,0.084,13,4,1,0,0,15.4,0,0.333,0.75,0.417,5,4,1,0.45,0.637,0.25,0.364,20,27.3,,,,,"Jose Quintana","L",0.25,0.298,0.688,0.452,"8:40 PM ET","Colorado Rockies","Atlanta Braves","Coors Field","Jose Quintana",5.27,1.51,11,9.4,2,3,"41.0",20,9,4.56,,,,,"Grant Holmes",3.61,1.32,20.2,10.4,5,4,"87.1",76,18,4.85,,,,,4.95,"Alta",17,3.11,"Alta",15.1,4.8,0.75,0.327,0.423,26.7,4.9,0.728,0.314,0.414,20.0,20,50,10,0,1013,0,"Cielo Despejado",20,0.256,0.77,0.332,0.438,4.5,86,0.256,0.704,0.316,0.388,4.5,22,0.254,0.741,0.319,0.422,4.5,81,0.24,0.705,0.304,0.401,4.5,39,5,85,250,7,89,229,9.1,17,2,5,6,9.1,15.1,2,4,6,5.01,5.44,5.01,5.57,32.9,8.4,35.7,30.8,11,9.4,9.9,22.7,3,2.25,1.64,4.6,20.5,82,5,1,1,5.3,5,3.7,20,25,18,17.3,,,,82,4.2,3.18,20.5,49.1,14.3,15.7,21,0,"Hunter Goodman",-0.92934943605375,21.0,4.7,2.3,18,3.7,0,0,4.56,5.14,4.01,4.3,43.4,8.9,41.9,27.5,20.2,10.4,12.7,28.1,4,4.2,0.98,5.5,22.6,83,4,4,3,6,4.7,4,28,19,17,37,,,,82,5.1,4.99,22.6,48.5,38,8.1,5.5,0,"Drake Baldwin",1.5026667510805707,21.3,4.9,3.7,17,4,0,1,0.328,0.302,0.167,0.314,37.7,7.4,72.9,21.6,24.3,72.9,27.1,20.8,36,35.3,33.6,32.4,0.319,0.32,0.165,0.29,39.4,8.4,75.4,21.3,23.5,75.4,24.6,21.9,29.7,27.8,26.4,28.1,1.66,0.45,0.3,0.022,-0.018,1.84,-0.1,0,-0.08,-2,0,,6,8,"away","Final",0,,,"fastball",49.1,"changeup",21,,4,17.826086956521742,"fastball",48.5,"slider",38,,3.6725663716814156,15.090909090909092,83.33333333333333,"Normal",76.33333333333333,"Extra Rest","L","R",9.1,17,9.1,15.1,2,4605.555555555556,773.3333333333334,0,4301.111111111111,704,0,,,2004.1,2506.4,,,31.3,33.6,15.4,20.3,9.9,20.1,90,128,106
"824366","2026-05-01","Robert Suarez","Atlanta Braves",9,"R","P",0.25,0.3,0.4,0.7,0.3,0.15,0,0,0,0,0,0,0,0,0,0,0,0,0,0,0,0,0,0,0,,,,,"Jose Quintana","L",0.25,0.298,0.688,0.452,"8:40 PM ET","Colorado Rockies","Atlanta Braves","Coors Field","Jose Quintana",5.27,1.51,11,9.4,2,3,"41.0",20,9,4.56,,,,,"Grant Holmes",3.61,1.32,20.2,10.4,5,4,"87.1",76,18,4.85,,,,,4.95,"Alta",17,3.11,"Alta",15.1,4.8,0.75,0.327,0.423,26.7,4.9,0.728,0.314,0.414,20.0,20,50,10,0,1013,0,"Cielo Despejado",20,0.256,0.77,0.332,0.438,4.5,86,0.256,0.704,0.316,0.388,4.5,22,0.254,0.741,0.319,0.422,4.5,81,0.24,0.705,0.304,0.401,4.5,39,5,85,250,7,89,229,9.1,17,2,5,6,9.1,15.1,2,4,6,5.01,5.44,5.01,5.57,32.9,8.4,35.7,30.8,11,9.4,9.9,22.7,3,2.25,1.64,4.6,20.5,82,5,1,1,5.3,5,3.7,20,25,18,17.3,,,,82,4.2,3.18,20.5,49.1,14.3,15.7,21,0,"Hunter Goodman",-0.92934943605375,21.0,4.7,2.3,18,3.7,0,0,4.56,5.14,4.01,4.3,43.4,8.9,41.9,27.5,20.2,10.4,12.7,28.1,4,4.2,0.98,5.5,22.6,83,4,4,3,6,4.7,4,28,19,17,37,,,,82,5.1,4.99,22.6,48.5,38,8.1,5.5,0,"Drake Baldwin",1.5026667510805707,21.3,4.9,3.7,17,4,0,1,0.328,0.302,0.167,0.314,37.7,7.4,72.9,21.6,24.3,72.9,27.1,20.8,36,35.3,33.6,32.4,0.319,0.32,0.165,0.29,39.4,8.4,75.4,21.3,23.5,75.4,24.6,21.9,29.7,27.8,26.4,28.1,1.66,0.45,0.3,0.022,-0.018,1.84,-0.1,0,-0.08,-2,0,,6,8,"away","Final",0,,,"fastball",49.1,"changeup",21,,4,17.826086956521742,"fastball",48.5,"slider",38,,3.6725663716814156,15.090909090909092,83.33333333333333,"Normal",76.33333333333333,"Extra Rest","L","R",9.1,17,9.1,15.1,2,4605.555555555556,773.3333333333334,0,4301.111111111111,704,0,,,2004.1,2506.4,,,31.3,33.6,15.4,20.3,9.9,20.1,90,128,106
"824686","2026-05-01","Matt Shaw","Chicago Cubs",1,"R","2B",0.289,0.329,0.487,0.816,0.352,0.198,83,22,6,0,3,18.1,6,0.375,1.069,0.625,10,6,2,0.643,0.845,0.348,0.492,17.7,19.1,81.4,81.4,18.6,,"Zac Gallen","R",0.313,0.295,0.493,0.521,"2:20 PM ET","Chicago Cubs","Arizona Diamondbacks","Wrigley Field","Colin Rea",4.75,1.45,16.8,8.6,7,5,"94.2",70,19,4.98,,,,,"Zac Gallen",6.34,1.56,13.9,7,3,9,"98.0",61,19,5.16,,,,,4.1,"Moderada",18.1,4.13,"Moderada",16.2,5.1,0.749,0.337,0.412,21.7,4.2,0.69,0.307,0.383,20.2,20,50,10,0,1013,26,"Cielo Despejado",20,0.239,0.738,0.332,0.406,4.5,84,0.258,0.777,0.351,0.426,4.5,34,0.224,0.658,0.297,0.361,4.5,59,0.273,0.775,0.334,0.441,4.5,25,6,92,271,6,49,221,5.1,18.1,0,3,8,7.2,16.2,2,6,6,5.71,5.01,4.24,4.68,41.1,10.5,44.7,26.3,16.8,8.6,9.6,26.1,6,3.67,1.25,5,22.7,88,4,5,2,3.3,6.7,5,20,28,20,18.4,,,,89,5,4.29,22.7,57,20.3,5,17.8,0,"Carson Kelly",-0.32006287013526025,22.7,5.0,3.7,20,3.3,0,0,6.49,5.41,4.32,4.83,44.7,11,45.1,27,13.9,7,8.7,26.3,3,3,1.1,4.9,20.2,81,3,3,2,3,5.7,5,10,25,22,24,,,,73,4.1,3.51,20.2,42.3,21.6,18.6,17.6,0,"Gabriel Moreno",3.0036341438004746,19.0,4.6,2.7,10,3,1,1,0.33,0.324,0.168,0.289,41.7,8.5,74.8,21.1,21.8,74.9,25.2,19.7,30.5,36.7,33.7,33.2,0.304,0.306,0.146,0.278,35.7,6.1,79.5,20.6,20,79.5,20.5,16.5,25.5,23,26,33.5,-1.59,-0.78,-0.4,0.059,0.018,-0.03,0.9,0,0.13,0,-2.1,,6,5,"home","Final",0,,,"fastball",57,"slider",20.3,,3.8766519823788546,17.6,"fastball",42.3,"slider",21.6,,4.00990099009901,16.53061224489796,90.33333333333333,"Extra Rest",73.66666666666667,"Extra Rest","R","R",5.1,18.1,7.2,16.2,0,5360,1137.7777777777778,0,5878.888888888889,788.8888888888889,0,,,2027.7,2217.1,,,35.9,33.1,17.9,10.7,15.2,17.5,102,92,101
"824686","2026-05-01","Moisés Ballesteros","Chicago Cubs",2,"R","DH",0.324,0.386,0.595,0.981,0.419,0.271,83,24,5,0,5,15.7,9.6,0.269,0.975,0.654,17,7,6,0.694,0.536,0.389,0.286,20.4,25,71.7,71.7,28.3,,"Zac Gallen","R",0.313,0.295,0.493,0.521,"2:20 PM ET","Chicago Cubs","Arizona Diamondbacks","Wrigley Field","Colin Rea",4.75,1.45,16.8,8.6,7,5,"94.2",70,19,4.98,,,,,"Zac Gallen",6.34,1.56,13.9,7,3,9,"98.0",61,19,5.16,,,,,4.1,"Moderada",18.1,4.13,"Moderada",16.2,5.1,0.749,0.337,0.412,21.7,4.2,0.69,0.307,0.383,20.2,20,50,10,0,1013,26,"Cielo Despejado",20,0.239,0.738,0.332,0.406,4.5,84,0.258,0.777,0.351,0.426,4.5,34,0.224,0.658,0.297,0.361,4.5,59,0.273,0.775,0.334,0.441,4.5,25,6,92,271,6,49,221,5.1,18.1,0,3,8,7.2,16.2,2,6,6,5.71,5.01,4.24,4.68,41.1,10.5,44.7,26.3,16.8,8.6,9.6,26.1,6,3.67,1.25,5,22.7,88,4,5,2,3.3,6.7,5,20,28,20,18.4,,,,89,5,4.29,22.7,57,20.3,5,17.8,0,"Carson Kelly",-0.32006287013526025,22.7,5.0,3.7,20,3.3,0,0,6.49,5.41,4.32,4.83,44.7,11,45.1,27,13.9,7,8.7,26.3,3,3,1.1,4.9,20.2,81,3,3,2,3,5.7,5,10,25,22,24,,,,73,4.1,3.51,20.2,42.3,21.6,18.6,17.6,0,"Gabriel Moreno",3.0036341438004746,19.0,4.6,2.7,10,3,1,1,0.33,0.324,0.168,0.289,41.7,8.5,74.8,21.1,21.8,74.9,25.2,19.7,30.5,36.7,33.7,33.2,0.304,0.306,0.146,0.278,35.7,6.1,79.5,20.6,20,79.5,20.5,16.5,25.5,23,26,33.5,-1.59,-0.78,-0.4,0.059,0.018,-0.03,0.9,0,0.13,0,-2.1,,6,5,"home","Final",0,,,"fastball",57,"slider",20.3,,3.8766519823788546,17.6,"fastball",42.3,"slider",21.6,,4.00990099009901,16.53061224489796,90.33333333333333,"Extra Rest",73.66666666666667,"Extra Rest","R","R",5.1,18.1,7.2,16.2,0,5360,1137.7777777777778,0,5878.888888888889,788.8888888888889,0,,,2027.7,2217.1,,,35.9,33.1,17.9,10.7,15.2,17.5,102,92,101
"824686","2026-05-01","Alex Bregman","Chicago Cubs",3,"R","3B",0.258,0.347,0.375,0.722,0.321,0.117,147,33,4,1,3,14.3,11.6,0.24,0.747,0.36,9,6,1,0.675,0.684,0.351,0.315,15.4,14.4,83.1,83.1,16.9,,"Zac Gallen","R",0.313,0.295,0.493,0.521,"2:20 PM ET","Chicago Cubs","Arizona Diamondbacks","Wrigley Field","Colin Rea",4.75,1.45,16.8,8.6,7,5,"94.2",70,19,4.98,,,,,"Zac Gallen",6.34,1.56,13.9,7,3,9,"98.0",61,19,5.16,,,,,4.1,"Moderada",18.1,4.13,"Moderada",16.2,5.1,0.749,0.337,0.412,21.7,4.2,0.69,0.307,0.383,20.2,20,50,10,0,1013,26,"Cielo Despejado",20,0.239,0.738,0.332,0.406,4.5,84,0.258,0.777,0.351,0.426,4.5,34,0.224,0.658,0.297,0.361,4.5,59,0.273,0.775,0.334,0.441,4.5,25,6,92,271,6,49,221,5.1,18.1,0,3,8,7.2,16.2,2,6,6,5.71,5.01,4.24,4.68,41.1,10.5,44.7,26.3,16.8,8.6,9.6,26.1,6,3.67,1.25,5,22.7,88,4,5,2,3.3,6.7,5,20,28,20,18.4,,,,89,5,4.29,22.7,57,20.3,5,17.8,0,"Carson Kelly",-0.32006287013526025,22.7,5.0,3.7,20,3.3,0,0,6.49,5.41,4.32,4.83,44.7,11,45.1,27,13.9,7,8.7,26.3,3,3,1.1,4.9,20.2,81,3,3,2,3,5.7,5,10,25,22,24,,,,73,4.1,3.51,20.2,42.3,21.6,18.6,17.6,0,"Gabriel Moreno",3.0036341438004746,19.0,4.6,2.7,10,3,1,1,0.33,0.324,0.168,0.289,41.7,8.5,74.8,21.1,21.8,74.9,25.2,19.7,30.5,36.7,33.7,33.2,0.304,0.306,0.146,0.278,35.7,6.1,79.5,20.6,20,79.5,20.5,16.5,25.5,23,26,33.5,-1.59,-0.78,-0.4,0.059,0.018,-0.03,0.9,0,0.13,0,-2.1,,6,5,"home","Final",0,,,"fastball",57,"slider",20.3,,3.8766519823788546,17.6,"fastball",42.3,"slider",21.6,,4.00990099009901,16.53061224489796,90.33333333333333,"Extra Rest",73.66666666666667,"Extra Rest","R","R",5.1,18.1,7.2,16.2,0,5360,1137.7777777777778,0,5878.888888888889,788.8888888888889,0,,,2027.7,2217.1,,,35.9,33.1,17.9,10.7,15.2,17.5,102,92,101
"824686","2026-05-01","Ian Happ","Chicago Cubs",4,"R","LF",0.226,0.355,0.452,0.807,0.352,0.226,138,26,5,0,7,29,15.2,0.185,0.646,0.333,9,5,2,0.847,0.546,0.487,0.31,30.2,34.5,68.2,68.2,31.8,,"Zac Gallen","R",0.313,0.295,0.493,0.521,"2:20 PM ET","Chicago Cubs","Arizona Diamondbacks","Wrigley Field","Colin Rea",4.75,1.45,16.8,8.6,7,5,"94.2",70,19,4.98,,,,,"Zac Gallen",6.34,1.56,13.9,7,3,9,"98.0",61,19,5.16,,,,,4.1,"Moderada",18.1,4.13,"Moderada",16.2,5.1,0.749,0.337,0.412,21.7,4.2,0.69,0.307,0.383,20.2,20,50,10,0,1013,26,"Cielo Despejado",20,0.239,0.738,0.332,0.406,4.5,84,0.258,0.777,0.351,0.426,4.5,34,0.224,0.658,0.297,0.361,4.5,59,0.273,0.775,0.334,0.441,4.5,25,6,92,271,6,49,221,5.1,18.1,0,3,8,7.2,16.2,2,6,6,5.71,5.01,4.24,4.68,41.1,10.5,44.7,26.3,16.8,8.6,9.6,26.1,6,3.67,1.25,5,22.7,88,4,5,2,3.3,6.7,5,20,28,20,18.4,,,,89,5,4.29,22.7,57,20.3,5,17.8,0,"Carson Kelly",-0.32006287013526025,22.7,5.0,3.7,20,3.3,0,0,6.49,5.41,4.32,4.83,44.7,11,45.1,27,13.9,7,8.7,26.3,3,3,1.1,4.9,20.2,81,3,3,2,3,5.7,5,10,25,22,24,,,,73,4.1,3.51,20.2,42.3,21.6,18.6,17.6,0,"Gabriel Moreno",3.0036341438004746,19.0,4.6,2.7,10,3,1,1,0.33,0.324,0.168,0.289,41.7,8.5,74.8,21.1,21.8,74.9,25.2,19.7,30.5,36.7,33.7,33.2,0.304,0.306,0.146,0.278,35.7,6.1,79.5,20.6,20,79.5,20.5,16.5,25.5,23,26,33.5,-1.59,-0.78,-0.4,0.059,0.018,-0.03,0.9,0,0.13,0,-2.1,,6,5,"home","Final",0,,,"fastball",57,"slider",20.3,,3.8766519823788546,17.6,"fastball",42.3,"slider",21.6,,4.00990099009901,16.53061224489796,90.33333333333333,"Extra Rest",73.66666666666667,"Extra Rest","R","R",5.1,18.1,7.2,16.2,0,5360,1137.7777777777778,0,5878.888888888889,788.8888888888889,0,,,2027.7,2217.1,,,35.9,33.1,17.9,10.7,15.2,17.5,102,92,101
"824686","2026-05-01","Seiya Suzuki","Chicago Cubs",5,"R","RF",0.314,0.422,0.543,0.965,0.414,0.229,83,22,1,0,5,24.1,13.3,0.429,1.341,0.857,24,12,4,0.765,0.947,0.439,0.547,27.2,22.2,73.7,73.7,26.3,,"Zac Gallen","R",0.313,0.295,0.493,0.521,"2:20 PM ET","Chicago Cubs","Arizona Diamondbacks","Wrigley Field","Colin Rea",4.75,1.45,16.8,8.6,7,5,"94.2",70,19,4.98,,,,,"Zac Gallen",6.34,1.56,13.9,7,3,9,"98.0",61,19,5.16,,,,,4.1,"Moderada",18.1,4.13,"Moderada",16.2,5.1,0.749,0.337,0.412,21.7,4.2,0.69,0.307,0.383,20.2,20,50,10,0,1013,26,"Cielo Despejado",20,0.239,0.738,0.332,0.406,4.5,84,0.258,0.777,0.351,0.426,4.5,34,0.224,0.658,0.297,0.361,4.5,59,0.273,0.775,0.334,0.441,4.5,25,6,92,271,6,49,221,5.1,18.1,0,3,8,7.2,16.2,2,6,6,5.71,5.01,4.24,4.68,41.1,10.5,44.7,26.3,16.8,8.6,9.6,26.1,6,3.67,1.25,5,22.7,88,4,5,2,3.3,6.7,5,20,28,20,18.4,,,,89,5,4.29,22.7,57,20.3,5,17.8,0,"Carson Kelly",-0.32006287013526025,22.7,5.0,3.7,20,3.3,0,0,6.49,5.41,4.32,4.83,44.7,11,45.1,27,13.9,7,8.7,26.3,3,3,1.1,4.9,20.2,81,3,3,2,3,5.7,5,10,25,22,24,,,,73,4.1,3.51,20.2,42.3,21.6,18.6,17.6,0,"Gabriel Moreno",3.0036341438004746,19.0,4.6,2.7,10,3,1,1,0.33,0.324,0.168,0.289,41.7,8.5,74.8,21.1,21.8,74.9,25.2,19.7,30.5,36.7,33.7,33.2,0.304,0.306,0.146,0.278,35.7,6.1,79.5,20.6,20,79.5,20.5,16.5,25.5,23,26,33.5,-1.59,-0.78,-0.4,0.059,0.018,-0.03,0.9,0,0.13,0,-2.1,,6,5,"home","Final",0,,,"fastball",57,"slider",20.3,,3.8766519823788546,17.6,"fastball",42.3,"slider",21.6,,4.00990099009901,16.53061224489796,90.33333333333333,"Extra Rest",73.66666666666667,"Extra Rest","R","R",5.1,18.1,7.2,16.2,0,5360,1137.7777777777778,0,5878.888888888889,788.8888888888889,0,,,2027.7,2217.1,,,35.9,33.1,17.9,10.7,15.2,17.5,102,92,101
"824686","2026-05-01","Michael Busch","Chicago Cubs",6,"R","1B",0.203,0.301,0.297,0.598,0.275,0.094,136,24,5,0,2,22.8,11,0.207,0.722,0.379,11,6,3,0.767,0.715,0.399,0.353,22.5,21.3,73.4,73.4,26.6,,"Zac Gallen","R",0.313,0.295,0.493,0.521,"2:20 PM ET","Chicago Cubs","Arizona Diamondbacks","Wrigley Field","Colin Rea",4.75,1.45,16.8,8.6,7,5,"94.2",70,19,4.98,,,,,"Zac Gallen",6.34,1.56,13.9,7,3,9,"98.0",61,19,5.16,,,,,4.1,"Moderada",18.1,4.13,"Moderada",16.2,5.1,0.749,0.337,0.412,21.7,4.2,0.69,0.307,0.383,20.2,20,50,10,0,1013,26,"Cielo Despejado",20,0.239,0.738,0.332,0.406,4.5,84,0.258,0.777,0.351,0.426,4.5,34,0.224,0.658,0.297,0.361,4.5,59,0.273,0.775,0.334,0.441,4.5,25,6,92,271,6,49,221,5.1,18.1,0,3,8,7.2,16.2,2,6,6,5.71,5.01,4.24,4.68,41.1,10.5,44.7,26.3,16.8,8.6,9.6,26.1,6,3.67,1.25,5,22.7,88,4,5,2,3.3,6.7,5,20,28,20,18.4,,,,89,5,4.29,22.7,57,20.3,5,17.8,0,"Carson Kelly",-0.32006287013526025,22.7,5.0,3.7,20,3.3,0,0,6.49,5.41,4.32,4.83,44.7,11,45.1,27,13.9,7,8.7,26.3,3,3,1.1,4.9,20.2,81,3,3,2,3,5.7,5,10,25,22,24,,,,73,4.1,3.51,20.2,42.3,21.6,18.6,17.6,0,"Gabriel Moreno",3.0036341438004746,19.0,4.6,2.7,10,3,1,1,0.33,0.324,0.168,0.289,41.7,8.5,74.8,21.1,21.8,74.9,25.2,19.7,30.5,36.7,33.7,33.2,0.304,0.306,0.146,0.278,35.7,6.1,79.5,20.6,20,79.5,20.5,16.5,25.5,23,26,33.5,-1.59,-0.78,-0.4,0.059,0.018,-0.03,0.9,0,0.13,0,-2.1,,6,5,"home","Final",0,,,"fastball",57,"slider",20.3,,3.8766519823788546,17.6,"fastball",42.3,"slider",21.6,,4.00990099009901,16.53061224489796,90.33333333333333,"Extra Rest",73.66666666666667,"Extra Rest","R","R",5.1,18.1,7.2,16.2,0,5360,1137.7777777777778,0,5878.888888888889,788.8888888888889,0,,,2027.7,2217.1,,,35.9,33.1,17.9,10.7,15.2,17.5,102,92,101
"824686","2026-05-01","Carson Kelly","Chicago Cubs",7,"R","C",0.316,0.413,0.443,0.856,0.378,0.127,92,25,4,0,2,16.3,13,0.269,0.768,0.423,11,7,2,0.67,0.934,0.328,0.52,17.1,16.1,80.5,80.5,19.5,,"Zac Gallen","R",0.313,0.295,0.493,0.521,"2:20 PM ET","Chicago Cubs","Arizona Diamondbacks","Wrigley Field","Colin Rea",4.75,1.45,16.8,8.6,7,5,"94.2",70,19,4.98,,,,,"Zac Gallen",6.34,1.56,13.9,7,3,9,"98.0",61,19,5.16,,,,,4.1,"Moderada",18.1,4.13,"Moderada",16.2,5.1,0.749,0.337,0.412,21.7,4.2,0.69,0.307,0.383,20.2,20,50,10,0,1013,26,"Cielo Despejado",20,0.239,0.738,0.332,0.406,4.5,84,0.258,0.777,0.351,0.426,4.5,34,0.224,0.658,0.297,0.361,4.5,59,0.273,0.775,0.334,0.441,4.5,25,6,92,271,6,49,221,5.1,18.1,0,3,8,7.2,16.2,2,6,6,5.71,5.01,4.24,4.68,41.1,10.5,44.7,26.3,16.8,8.6,9.6,26.1,6,3.67,1.25,5,22.7,88,4,5,2,3.3,6.7,5,20,28,20,18.4,,,,89,5,4.29,22.7,57,20.3,5,17.8,0,"Carson Kelly",-0.32006287013526025,22.7,5.0,3.7,20,3.3,0,0,6.49,5.41,4.32,4.83,44.7,11,45.1,27,13.9,7,8.7,26.3,3,3,1.1,4.9,20.2,81,3,3,2,3,5.7,5,10,25,22,24,,,,73,4.1,3.51,20.2,42.3,21.6,18.6,17.6,0,"Gabriel Moreno",3.0036341438004746,19.0,4.6,2.7,10,3,1,1,0.33,0.324,0.168,0.289,41.7,8.5,74.8,21.1,21.8,74.9,25.2,19.7,30.5,36.7,33.7,33.2,0.304,0.306,0.146,0.278,35.7,6.1,79.5,20.6,20,79.5,20.5,16.5,25.5,23,26,33.5,-1.59,-0.78,-0.4,0.059,0.018,-0.03,0.9,0,0.13,0,-2.1,,6,5,"home","Final",0,,,"fastball",57,"slider",20.3,,3.8766519823788546,17.6,"fastball",42.3,"slider",21.6,,4.00990099009901,16.53061224489796,90.33333333333333,"Extra Rest",73.66666666666667,"Extra Rest","R","R",5.1,18.1,7.2,16.2,0,5360,1137.7777777777778,0,5878.888888888889,788.8888888888889,0,,,2027.7,2217.1,,,35.9,33.1,17.9,10.7,15.2,17.5,102,92,101
"824686","2026-05-01","Pete Crow-Armstrong","Chicago Cubs",8,"R","CF",0.242,0.305,0.358,0.663,0.291,0.116,132,29,3,1,3,28.8,6.8,0.217,0.811,0.478,11,5,2,0.959,0.87,0.581,0.464,24.4,27.8,71.9,71.9,28.1,,"Zac Gallen","R",0.313,0.295,0.493,0.521,"2:20 PM ET","Chicago Cubs","Arizona Diamondbacks","Wrigley Field","Colin Rea",4.75,1.45,16.8,8.6,7,5,"94.2",70,19,4.98,,,,,"Zac Gallen",6.34,1.56,13.9,7,3,9,"98.0",61,19,5.16,,,,,4.1,"Moderada",18.1,4.13,"Moderada",16.2,5.1,0.749,0.337,0.412,21.7,4.2,0.69,0.307,0.383,20.2,20,50,10,0,1013,26,"Cielo Despejado",20,0.239,0.738,0.332,0.406,4.5,84,0.258,0.777,0.351,0.426,4.5,34,0.224,0.658,0.297,0.361,4.5,59,0.273,0.775,0.334,0.441,4.5,25,6,92,271,6,49,221,5.1,18.1,0,3,8,7.2,16.2,2,6,6,5.71,5.01,4.24,4.68,41.1,10.5,44.7,26.3,16.8,8.6,9.6,26.1,6,3.67,1.25,5,22.7,88,4,5,2,3.3,6.7,5,20,28,20,18.4,,,,89,5,4.29,22.7,57,20.3,5,17.8,0,"Carson Kelly",-0.32006287013526025,22.7,5.0,3.7,20,3.3,0,0,6.49,5.41,4.32,4.83,44.7,11,45.1,27,13.9,7,8.7,26.3,3,3,1.1,4.9,20.2,81,3,3,2,3,5.7,5,10,25,22,24,,,,73,4.1,3.51,20.2,42.3,21.6,18.6,17.6,0,"Gabriel Moreno",3.0036341438004746,19.0,4.6,2.7,10,3,1,1,0.33,0.324,0.168,0.289,41.7,8.5,74.8,21.1,21.8,74.9,25.2,19.7,30.5,36.7,33.7,33.2,0.304,0.306,0.146,0.278,35.7,6.1,79.5,20.6,20,79.5,20.5,16.5,25.5,23,26,33.5,-1.59,-0.78,-0.4,0.059,0.018,-0.03,0.9,0,0.13,0,-2.1,,6,5,"home","Final",0,,,"fastball",57,"slider",20.3,,3.8766519823788546,17.6,"fastball",42.3,"slider",21.6,,4.00990099009901,16.53061224489796,90.33333333333333,"Extra Rest",73.66666666666667,"Extra Rest","R","R",5.1,18.1,7.2,16.2,0,5360,1137.7777777777778,0,5878.888888888889,788.8888888888889,0,,,2027.7,2217.1,,,35.9,33.1,17.9,10.7,15.2,17.5,102,92,101
"824686","2026-05-01","Dansby Swanson","Chicago Cubs",9,"R","SS",0.216,0.341,0.431,0.772,0.344,0.215,126,22,2,1,6,22.2,15.9,0.304,0.95,0.565,13,7,3,0.714,0.711,0.403,0.451,20.9,28.7,69.8,69.8,30.2,,"Zac Gallen","R",0.313,0.295,0.493,0.521,"2:20 PM ET","Chicago Cubs","Arizona Diamondbacks","Wrigley Field","Colin Rea",4.75,1.45,16.8,8.6,7,5,"94.2",70,19,4.98,,,,,"Zac Gallen",6.34,1.56,13.9,7,3,9,"98.0",61,19,5.16,,,,,4.1,"Moderada",18.1,4.13,"Moderada",16.2,5.1,0.749,0.337,0.412,21.7,4.2,0.69,0.307,0.383,20.2,20,50,10,0,1013,26,"Cielo Despejado",20,0.239,0.738,0.332,0.406,4.5,84,0.258,0.777,0.351,0.426,4.5,34,0.224,0.658,0.297,0.361,4.5,59,0.273,0.775,0.334,0.441,4.5,25,6,92,271,6,49,221,5.1,18.1,0,3,8,7.2,16.2,2,6,6,5.71,5.01,4.24,4.68,41.1,10.5,44.7,26.3,16.8,8.6,9.6,26.1,6,3.67,1.25,5,22.7,88,4,5,2,3.3,6.7,5,20,28,20,18.4,,,,89,5,4.29,22.7,57,20.3,5,17.8,0,"Carson Kelly",-0.32006287013526025,22.7,5.0,3.7,20,3.3,0,0,6.49,5.41,4.32,4.83,44.7,11,45.1,27,13.9,7,8.7,26.3,3,3,1.1,4.9,20.2,81,3,3,2,3,5.7,5,10,25,22,24,,,,73,4.1,3.51,20.2,42.3,21.6,18.6,17.6,0,"Gabriel Moreno",3.0036341438004746,19.0,4.6,2.7,10,3,1,1,0.33,0.324,0.168,0.289,41.7,8.5,74.8,21.1,21.8,74.9,25.2,19.7,30.5,36.7,33.7,33.2,0.304,0.306,0.146,0.278,35.7,6.1,79.5,20.6,20,79.5,20.5,16.5,25.5,23,26,33.5,-1.59,-0.78,-0.4,0.059,0.018,-0.03,0.9,0,0.13,0,-2.1,,6,5,"home","Final",0,,,"fastball",57,"slider",20.3,,3.8766519823788546,17.6,"fastball",42.3,"slider",21.6,,4.00990099009901,16.53061224489796,90.33333333333333,"Extra Rest",73.66666666666667,"Extra Rest","R","R",5.1,18.1,7.2,16.2,0,5360,1137.7777777777778,0,5878.888888888889,788.8888888888889,0,,,2027.7,2217.1,,,35.9,33.1,17.9,10.7,15.2,17.5,102,92,101
"824686","2026-05-01","Geraldo Perdomo","Arizona Diamondbacks",1,"R","SS",0.245,0.36,0.404,0.764,0.341,0.159,116,23,3,3,2,12.9,15.5,0.348,1.109,0.609,14,8,3,0.745,0.651,0.377,0.333,12,12.7,88.1,88.1,11.9,,"Colin Rea","R",0.31,0.221,0.444,0.435,"2:20 PM ET","Chicago Cubs","Arizona Diamondbacks","Wrigley Field","Colin Rea",4.75,1.45,16.8,8.6,7,5,"94.2",70,19,4.98,,,,,"Zac Gallen",6.34,1.56,13.9,7,3,9,"98.0",61,19,5.16,,,,,4.1,"Moderada",18.1,4.13,"Moderada",16.2,5.1,0.749,0.337,0.412,21.7,4.2,0.69,0.307,0.383,20.2,20,50,10,0,1013,26,"Cielo Despejado",20,0.239,0.738,0.332,0.406,4.5,84,0.258,0.777,0.351,0.426,4.5,34,0.224,0.658,0.297,0.361,4.5,59,0.273,0.775,0.334,0.441,4.5,25,6,92,271,6,49,221,5.1,18.1,0,3,8,7.2,16.2,2,6,6,5.71,5.01,4.24,4.68,41.1,10.5,44.7,26.3,16.8,8.6,9.6,26.1,6,3.67,1.25,5,22.7,88,4,5,2,3.3,6.7,5,20,28,20,18.4,,,,89,5,4.29,22.7,57,20.3,5,17.8,0,"Carson Kelly",-0.32006287013526025,22.7,5.0,3.7,20,3.3,0,0,6.49,5.41,4.32,4.83,44.7,11,45.1,27,13.9,7,8.7,26.3,3,3,1.1,4.9,20.2,81,3,3,2,3,5.7,5,10,25,22,24,,,,73,4.1,3.51,20.2,42.3,21.6,18.6,17.6,0,"Gabriel Moreno",3.0036341438004746,19.0,4.6,2.7,10,3,1,1,0.33,0.324,0.168,0.289,41.7,8.5,74.8,21.1,21.8,74.9,25.2,19.7,30.5,36.7,33.7,33.2,0.304,0.306,0.146,0.278,35.7,6.1,79.5,20.6,20,79.5,20.5,16.5,25.5,23,26,33.5,-1.59,-0.78,-0.4,0.059,0.018,-0.03,0.9,0,0.13,0,-2.1,,6,5,"home","Final",0,,,"fastball",57,"slider",20.3,,3.8766519823788546,17.6,"fastball",42.3,"slider",21.6,,4.00990099009901,16.53061224489796,90.33333333333333,"Extra Rest",73.66666666666667,"Extra Rest","R","R",5.1,18.1,7.2,16.2,0,5360,1137.7777777777778,0,5878.888888888889,788.8888888888889,0,,,2027.7,2217.1,,,35.9,33.1,17.9,10.7,15.2,17.5,102,92,101
"824686","2026-05-01","Ildemaro Vargas","Arizona Diamondbacks",2,"R","2B",0.404,0.429,0.702,1.131,0.478,0.298,100,38,6,2,6,11,4,0.414,1.261,0.828,24,12,5,0.591,0.907,0.313,0.556,10.3,6.3,86.3,86.3,13.7,,"Colin Rea","R",0.31,0.221,0.444,0.435,"2:20 PM ET","Chicago Cubs","Arizona Diamondbacks","Wrigley Field","Colin Rea",4.75,1.45,16.8,8.6,7,5,"94.2",70,19,4.98,,,,,"Zac Gallen",6.34,1.56,13.9,7,3,9,"98.0",61,19,5.16,,,,,4.1,"Moderada",18.1,4.13,"Moderada",16.2,5.1,0.749,0.337,0.412,21.7,4.2,0.69,0.307,0.383,20.2,20,50,10,0,1013,26,"Cielo Despejado",20,0.239,0.738,0.332,0.406,4.5,84,0.258,0.777,0.351,0.426,4.5,34,0.224,0.658,0.297,0.361,4.5,59,0.273,0.775,0.334,0.441,4.5,25,6,92,271,6,49,221,5.1,18.1,0,3,8,7.2,16.2,2,6,6,5.71,5.01,4.24,4.68,41.1,10.5,44.7,26.3,16.8,8.6,9.6,26.1,6,3.67,1.25,5,22.7,88,4,5,2,3.3,6.7,5,20,28,20,18.4,,,,89,5,4.29,22.7,57,20.3,5,17.8,0,"Carson Kelly",-0.32006287013526025,22.7,5.0,3.7,20,3.3,0,0,6.49,5.41,4.32,4.83,44.7,11,45.1,27,13.9,7,8.7,26.3,3,3,1.1,4.9,20.2,81,3,3,2,3,5.7,5,10,25,22,24,,,,73,4.1,3.51,20.2,42.3,21.6,18.6,17.6,0,"Gabriel Moreno",3.0036341438004746,19.0,4.6,2.7,10,3,1,1,0.33,0.324,0.168,0.289,41.7,8.5,74.8,21.1,21.8,74.9,25.2,19.7,30.5,36.7,33.7,33.2,0.304,0.306,0.146,0.278,35.7,6.1,79.5,20.6,20,79.5,20.5,16.5,25.5,23,26,33.5,-1.59,-0.78,-0.4,0.059,0.018,-0.03,0.9,0,0.13,0,-2.1,,6,5,"home","Final",0,,,"fastball",57,"slider",20.3,,3.8766519823788546,17.6,"fastball",42.3,"slider",21.6,,4.00990099009901,16.53061224489796,90.33333333333333,"Extra Rest",73.66666666666667,"Extra Rest","R","R",5.1,18.1,7.2,16.2,0,5360,1137.7777777777778,0,5878.888888888889,788.8888888888889,0,,,2027.7,2217.1,,,35.9,33.1,17.9,10.7,15.2,17.5,102,92,101
"824686","2026-05-01","Corbin Carroll","Arizona Diamondbacks",3,"R","RF",0.282,0.38,0.544,0.924,0.395,0.262,121,29,7,4,4,28.9,13.2,0.32,0.974,0.56,14,8,3,0.759,1.041,0.442,0.607,24.4,18.9,71.1,71.1,28.9,,"Colin Rea","R",0.31,0.221,0.444,0.435,"2:20 PM ET","Chicago Cubs","Arizona Diamondbacks","Wrigley Field","Colin Rea",4.75,1.45,16.8,8.6,7,5,"94.2",70,19,4.98,,,,,"Zac Gallen",6.34,1.56,13.9,7,3,9,"98.0",61,19,5.16,,,,,4.1,"Moderada",18.1,4.13,"Moderada",16.2,5.1,0.749,0.337,0.412,21.7,4.2,0.69,0.307,0.383,20.2,20,50,10,0,1013,26,"Cielo Despejado",20,0.239,0.738,0.332,0.406,4.5,84,0.258,0.777,0.351,0.426,4.5,34,0.224,0.658,0.297,0.361,4.5,59,0.273,0.775,0.334,0.441,4.5,25,6,92,271,6,49,221,5.1,18.1,0,3,8,7.2,16.2,2,6,6,5.71,5.01,4.24,4.68,41.1,10.5,44.7,26.3,16.8,8.6,9.6,26.1,6,3.67,1.25,5,22.7,88,4,5,2,3.3,6.7,5,20,28,20,18.4,,,,89,5,4.29,22.7,57,20.3,5,17.8,0,"Carson Kelly",-0.32006287013526025,22.7,5.0,3.7,20,3.3,0,0,6.49,5.41,4.32,4.83,44.7,11,45.1,27,13.9,7,8.7,26.3,3,3,1.1,4.9,20.2,81,3,3,2,3,5.7,5,10,25,22,24,,,,73,4.1,3.51,20.2,42.3,21.6,18.6,17.6,0,"Gabriel Moreno",3.0036341438004746,19.0,4.6,2.7,10,3,1,1,0.33,0.324,0.168,0.289,41.7,8.5,74.8,21.1,21.8,74.9,25.2,19.7,30.5,36.7,33.7,33.2,0.304,0.306,0.146,0.278,35.7,6.1,79.5,20.6,20,79.5,20.5,16.5,25.5,23,26,33.5,-1.59,-0.78,-0.4,0.059,0.018,-0.03,0.9,0,0.13,0,-2.1,,6,5,"home","Final",0,,,"fastball",57,"slider",20.3,,3.8766519823788546,17.6,"fastball",42.3,"slider",21.6,,4.00990099009901,16.53061224489796,90.33333333333333,"Extra Rest",73.66666666666667,"Extra Rest","R","R",5.1,18.1,7.2,16.2,0,5360,1137.7777777777778,0,5878.888888888889,788.8888888888889,0,,,2027.7,2217.1,,,35.9,33.1,17.9,10.7,15.2,17.5,102,92,101
"824686","2026-05-01","Ketel Marte","Arizona Diamondbacks",4,"R","PH",0.231,0.291,0.385,0.676,0.296,0.154,127,27,3,0,5,18.1,7.9,0.276,0.737,0.414,12,8,2,0.745,0.934,0.435,0.588,13.7,12.1,79.7,79.7,20.3,,"Colin Rea","R",0.31,0.221,0.444,0.435,"2:20 PM ET","Chicago Cubs","Arizona Diamondbacks","Wrigley Field","Colin Rea",4.75,1.45,16.8,8.6,7,5,"94.2",70,19,4.98,,,,,"Zac Gallen",6.34,1.56,13.9,7,3,9,"98.0",61,19,5.16,,,,,4.1,"Moderada",18.1,4.13,"Moderada",16.2,5.1,0.749,0.337,0.412,21.7,4.2,0.69,0.307,0.383,20.2,20,50,10,0,1013,26,"Cielo Despejado",20,0.239,0.738,0.332,0.406,4.5,84,0.258,0.777,0.351,0.426,4.5,34,0.224,0.658,0.297,0.361,4.5,59,0.273,0.775,0.334,0.441,4.5,25,6,92,271,6,49,221,5.1,18.1,0,3,8,7.2,16.2,2,6,6,5.71,5.01,4.24,4.68,41.1,10.5,44.7,26.3,16.8,8.6,9.6,26.1,6,3.67,1.25,5,22.7,88,4,5,2,3.3,6.7,5,20,28,20,18.4,,,,89,5,4.29,22.7,57,20.3,5,17.8,0,"Carson Kelly",-0.32006287013526025,22.7,5.0,3.7,20,3.3,0,0,6.49,5.41,4.32,4.83,44.7,11,45.1,27,13.9,7,8.7,26.3,3,3,1.1,4.9,20.2,81,3,3,2,3,5.7,5,10,25,22,24,,,,73,4.1,3.51,20.2,42.3,21.6,18.6,17.6,0,"Gabriel Moreno",3.0036341438004746,19.0,4.6,2.7,10,3,1,1,0.33,0.324,0.168,0.289,41.7,8.5,74.8,21.1,21.8,74.9,25.2,19.7,30.5,36.7,33.7,33.2,0.304,0.306,0.146,0.278,35.7,6.1,79.5,20.6,20,79.5,20.5,16.5,25.5,23,26,33.5,-1.59,-0.78,-0.4,0.059,0.018,-0.03,0.9,0,0.13,0,-2.1,,6,5,"home","Final",0,,,"fastball",57,"slider",20.3,,3.8766519823788546,17.6,"fastball",42.3,"slider",21.6,,4.00990099009901,16.53061224489796,90.33333333333333,"Extra Rest",73.66666666666667,"Extra Rest","R","R",5.1,18.1,7.2,16.2,0,5360,1137.7777777777778,0,5878.888888888889,788.8888888888889,0,,,2027.7,2217.1,,,35.9,33.1,17.9,10.7,15.2,17.5,102,92,101
"824686","2026-05-01","Gabriel Moreno","Arizona Diamondbacks",5,"R","C",0.244,0.3,0.356,0.656,0.292,0.112,50,11,5,0,0,22,6,0.333,0.9,0.5,9,6,3,0.837,0.713,0.441,0.4,15.2,15.6,85.1,85.1,14.9,,"Colin Rea","R",0.31,0.221,0.444,0.435,"2:20 PM ET","Chicago Cubs","Arizona Diamondbacks","Wrigley Field","Colin Rea",4.75,1.45,16.8,8.6,7,5,"94.2",70,19,4.98,,,,,"Zac Gallen",6.34,1.56,13.9,7,3,9,"98.0",61,19,5.16,,,,,4.1,"Moderada",18.1,4.13,"Moderada",16.2,5.1,0.749,0.337,0.412,21.7,4.2,0.69,0.307,0.383,20.2,20,50,10,0,1013,26,"Cielo Despejado",20,0.239,0.738,0.332,0.406,4.5,84,0.258,0.777,0.351,0.426,4.5,34,0.224,0.658,0.297,0.361,4.5,59,0.273,0.775,0.334,0.441,4.5,25,6,92,271,6,49,221,5.1,18.1,0,3,8,7.2,16.2,2,6,6,5.71,5.01,4.24,4.68,41.1,10.5,44.7,26.3,16.8,8.6,9.6,26.1,6,3.67,1.25,5,22.7,88,4,5,2,3.3,6.7,5,20,28,20,18.4,,,,89,5,4.29,22.7,57,20.3,5,17.8,0,"Carson Kelly",-0.32006287013526025,22.7,5.0,3.7,20,3.3,0,0,6.49,5.41,4.32,4.83,44.7,11,45.1,27,13.9,7,8.7,26.3,3,3,1.1,4.9,20.2,81,3,3,2,3,5.7,5,10,25,22,24,,,,73,4.1,3.51,20.2,42.3,21.6,18.6,17.6,0,"Gabriel Moreno",3.0036341438004746,19.0,4.6,2.7,10,3,1,1,0.33,0.324,0.168,0.289,41.7,8.5,74.8,21.1,21.8,74.9,25.2,19.7,30.5,36.7,33.7,33.2,0.304,0.306,0.146,0.278,35.7,6.1,79.5,20.6,20,79.5,20.5,16.5,25.5,23,26,33.5,-1.59,-0.78,-0.4,0.059,0.018,-0.03,0.9,0,0.13,0,-2.1,,6,5,"home","Final",0,,,"fastball",57,"slider",20.3,,3.8766519823788546,17.6,"fastball",42.3,"slider",21.6,,4.00990099009901,16.53061224489796,90.33333333333333,"Extra Rest",73.66666666666667,"Extra Rest","R","R",5.1,18.1,7.2,16.2,0,5360,1137.7777777777778,0,5878.888888888889,788.8888888888889,0,,,2027.7,2217.1,,,35.9,33.1,17.9,10.7,15.2,17.5,102,92,101
"824686","2026-05-01","Jose Fernandez","Arizona Diamondbacks",6,"R","1B",0.322,0.344,0.46,0.804,0.348,0.138,90,28,3,0,3,21.1,3.3,0.421,1.132,0.632,12,8,2,0.679,0.542,0.381,0.277,22,24,77.9,77.9,22.1,,"Colin Rea","R",0.31,0.221,0.444,0.435,"2:20 PM ET","Chicago Cubs","Arizona Diamondbacks","Wrigley Field","Colin Rea",4.75,1.45,16.8,8.6,7,5,"94.2",70,19,4.98,,,,,"Zac Gallen",6.34,1.56,13.9,7,3,9,"98.0",61,19,5.16,,,,,4.1,"Moderada",18.1,4.13,"Moderada",16.2,5.1,0.749,0.337,0.412,21.7,4.2,0.69,0.307,0.383,20.2,20,50,10,0,1013,26,"Cielo Despejado",20,0.239,0.738,0.332,0.406,4.5,84,0.258,0.777,0.351,0.426,4.5,34,0.224,0.658,0.297,0.361,4.5,59,0.273,0.775,0.334,0.441,4.5,25,6,92,271,6,49,221,5.1,18.1,0,3,8,7.2,16.2,2,6,6,5.71,5.01,4.24,4.68,41.1,10.5,44.7,26.3,16.8,8.6,9.6,26.1,6,3.67,1.25,5,22.7,88,4,5,2,3.3,6.7,5,20,28,20,18.4,,,,89,5,4.29,22.7,57,20.3,5,17.8,0,"Carson Kelly",-0.32006287013526025,22.7,5.0,3.7,20,3.3,0,0,6.49,5.41,4.32,4.83,44.7,11,45.1,27,13.9,7,8.7,26.3,3,3,1.1,4.9,20.2,81,3,3,2,3,5.7,5,10,25,22,24,,,,73,4.1,3.51,20.2,42.3,21.6,18.6,17.6,0,"Gabriel Moreno",3.0036341438004746,19.0,4.6,2.7,10,3,1,1,0.33,0.324,0.168,0.289,41.7,8.5,74.8,21.1,21.8,74.9,25.2,19.7,30.5,36.7,33.7,33.2,0.304,0.306,0.146,0.278,35.7,6.1,79.5,20.6,20,79.5,20.5,16.5,25.5,23,26,33.5,-1.59,-0.78,-0.4,0.059,0.018,-0.03,0.9,0,0.13,0,-2.1,,6,5,"home","Final",0,,,"fastball",57,"slider",20.3,,3.8766519823788546,17.6,"fastball",42.3,"slider",21.6,,4.00990099009901,16.53061224489796,90.33333333333333,"Extra Rest",73.66666666666667,"Extra Rest","R","R",5.1,18.1,7.2,16.2,0,5360,1137.7777777777778,0,5878.888888888889,788.8888888888889,0,,,2027.7,2217.1,,,35.9,33.1,17.9,10.7,15.2,17.5,102,92,101
"824686","2026-05-01","Nolan Arenado","Arizona Diamondbacks",7,"R","3B",0.275,0.312,0.441,0.753,0.328,0.166,109,28,2,0,5,20.2,5.5,0.455,1.265,0.727,16,10,2,0.706,0.752,0.397,0.434,23.7,15.3,75.9,75.9,24.1,,"Colin Rea","R",0.31,0.221,0.444,0.435,"2:20 PM ET","Chicago Cubs","Arizona Diamondbacks","Wrigley Field","Colin Rea",4.75,1.45,16.8,8.6,7,5,"94.2",70,19,4.98,,,,,"Zac Gallen",6.34,1.56,13.9,7,3,9,"98.0",61,19,5.16,,,,,4.1,"Moderada",18.1,4.13,"Moderada",16.2,5.1,0.749,0.337,0.412,21.7,4.2,0.69,0.307,0.383,20.2,20,50,10,0,1013,26,"Cielo Despejado",20,0.239,0.738,0.332,0.406,4.5,84,0.258,0.777,0.351,0.426,4.5,34,0.224,0.658,0.297,0.361,4.5,59,0.273,0.775,0.334,0.441,4.5,25,6,92,271,6,49,221,5.1,18.1,0,3,8,7.2,16.2,2,6,6,5.71,5.01,4.24,4.68,41.1,10.5,44.7,26.3,16.8,8.6,9.6,26.1,6,3.67,1.25,5,22.7,88,4,5,2,3.3,6.7,5,20,28,20,18.4,,,,89,5,4.29,22.7,57,20.3,5,17.8,0,"Carson Kelly",-0.32006287013526025,22.7,5.0,3.7,20,3.3,0,0,6.49,5.41,4.32,4.83,44.7,11,45.1,27,13.9,7,8.7,26.3,3,3,1.1,4.9,20.2,81,3,3,2,3,5.7,5,10,25,22,24,,,,73,4.1,3.51,20.2,42.3,21.6,18.6,17.6,0,"Gabriel Moreno",3.0036341438004746,19.0,4.6,2.7,10,3,1,1,0.33,0.324,0.168,0.289,41.7,8.5,74.8,21.1,21.8,74.9,25.2,19.7,30.5,36.7,33.7,33.2,0.304,0.306,0.146,0.278,35.7,6.1,79.5,20.6,20,79.5,20.5,16.5,25.5,23,26,33.5,-1.59,-0.78,-0.4,0.059,0.018,-0.03,0.9,0,0.13,0,-2.1,,6,5,"home","Final",0,,,"fastball",57,"slider",20.3,,3.8766519823788546,17.6,"fastball",42.3,"slider",21.6,,4.00990099009901,16.53061224489796,90.33333333333333,"Extra Rest",73.66666666666667,"Extra Rest","R","R",5.1,18.1,7.2,16.2,0,5360,1137.7777777777778,0,5878.888888888889,788.8888888888889,0,,,2027.7,2217.1,,,35.9,33.1,17.9,10.7,15.2,17.5,102,92,101
"824686","2026-05-01","Tim Tawa","Arizona Diamondbacks",8,"R","LF",0.156,0.25,0.267,0.517,0.239,0.111,53,7,2,0,1,20.8,11.3,0.25,0.794,0.5,8,4,2,0.486,0.518,0.24,0.238,25,19.2,78.8,78.8,21.2,,"Colin Rea","R",0.31,0.221,0.444,0.435,"2:20 PM ET","Chicago Cubs","Arizona Diamondbacks","Wrigley Field","Colin Rea",4.75,1.45,16.8,8.6,7,5,"94.2",70,19,4.98,,,,,"Zac Gallen",6.34,1.56,13.9,7,3,9,"98.0",61,19,5.16,,,,,4.1,"Moderada",18.1,4.13,"Moderada",16.2,5.1,0.749,0.337,0.412,21.7,4.2,0.69,0.307,0.383,20.2,20,50,10,0,1013,26,"Cielo Despejado",20,0.239,0.738,0.332,0.406,4.5,84,0.258,0.777,0.351,0.426,4.5,34,0.224,0.658,0.297,0.361,4.5,59,0.273,0.775,0.334,0.441,4.5,25,6,92,271,6,49,221,5.1,18.1,0,3,8,7.2,16.2,2,6,6,5.71,5.01,4.24,4.68,41.1,10.5,44.7,26.3,16.8,8.6,9.6,26.1,6,3.67,1.25,5,22.7,88,4,5,2,3.3,6.7,5,20,28,20,18.4,,,,89,5,4.29,22.7,57,20.3,5,17.8,0,"Carson Kelly",-0.32006287013526025,22.7,5.0,3.7,20,3.3,0,0,6.49,5.41,4.32,4.83,44.7,11,45.1,27,13.9,7,8.7,26.3,3,3,1.1,4.9,20.2,81,3,3,2,3,5.7,5,10,25,22,24,,,,73,4.1,3.51,20.2,42.3,21.6,18.6,17.6,0,"Gabriel Moreno",3.0036341438004746,19.0,4.6,2.7,10,3,1,1,0.33,0.324,0.168,0.289,41.7,8.5,74.8,21.1,21.8,74.9,25.2,19.7,30.5,36.7,33.7,33.2,0.304,0.306,0.146,0.278,35.7,6.1,79.5,20.6,20,79.5,20.5,16.5,25.5,23,26,33.5,-1.59,-0.78,-0.4,0.059,0.018,-0.03,0.9,0,0.13,0,-2.1,,6,5,"home","Final",0,,,"fastball",57,"slider",20.3,,3.8766519823788546,17.6,"fastball",42.3,"slider",21.6,,4.00990099009901,16.53061224489796,90.33333333333333,"Extra Rest",73.66666666666667,"Extra Rest","R","R",5.1,18.1,7.2,16.2,0,5360,1137.7777777777778,0,5878.888888888889,788.8888888888889,0,,,2027.7,2217.1,,,35.9,33.1,17.9,10.7,15.2,17.5,102,92,101
"824686","2026-05-01","Jorge Barrosa","Arizona Diamondbacks",9,"R","CF",0.219,0.265,0.438,0.703,0.299,0.219,70,14,9,1,1,31.4,4.3,0,0.091,0,0,0,0,0.533,0.731,0.315,0.405,33.3,20.5,72.6,72.6,27.4,,"Colin Rea","R",0.31,0.221,0.444,0.435,"2:20 PM ET","Chicago Cubs","Arizona Diamondbacks","Wrigley Field","Colin Rea",4.75,1.45,16.8,8.6,7,5,"94.2",70,19,4.98,,,,,"Zac Gallen",6.34,1.56,13.9,7,3,9,"98.0",61,19,5.16,,,,,4.1,"Moderada",18.1,4.13,"Moderada",16.2,5.1,0.749,0.337,0.412,21.7,4.2,0.69,0.307,0.383,20.2,20,50,10,0,1013,26,"Cielo Despejado",20,0.239,0.738,0.332,0.406,4.5,84,0.258,0.777,0.351,0.426,4.5,34,0.224,0.658,0.297,0.361,4.5,59,0.273,0.775,0.334,0.441,4.5,25,6,92,271,6,49,221,5.1,18.1,0,3,8,7.2,16.2,2,6,6,5.71,5.01,4.24,4.68,41.1,10.5,44.7,26.3,16.8,8.6,9.6,26.1,6,3.67,1.25,5,22.7,88,4,5,2,3.3,6.7,5,20,28,20,18.4,,,,89,5,4.29,22.7,57,20.3,5,17.8,0,"Carson Kelly",-0.32006287013526025,22.7,5.0,3.7,20,3.3,0,0,6.49,5.41,4.32,4.83,44.7,11,45.1,27,13.9,7,8.7,26.3,3,3,1.1,4.9,20.2,81,3,3,2,3,5.7,5,10,25,22,24,,,,73,4.1,3.51,20.2,42.3,21.6,18.6,17.6,0,"Gabriel Moreno",3.0036341438004746,19.0,4.6,2.7,10,3,1,1,0.33,0.324,0.168,0.289,41.7,8.5,74.8,21.1,21.8,74.9,25.2,19.7,30.5,36.7,33.7,33.2,0.304,0.306,0.146,0.278,35.7,6.1,79.5,20.6,20,79.5,20.5,16.5,25.5,23,26,33.5,-1.59,-0.78,-0.4,0.059,0.018,-0.03,0.9,0,0.13,0,-2.1,,6,5,"home","Final",0,,,"fastball",57,"slider",20.3,,3.8766519823788546,17.6,"fastball",42.3,"slider",21.6,,4.00990099009901,16.53061224489796,90.33333333333333,"Extra Rest",73.66666666666667,"Extra Rest","R","R",5.1,18.1,7.2,16.2,0,5360,1137.7777777777778,0,5878.888888888889,788.8888888888889,0,,,2027.7,2217.1,,,35.9,33.1,17.9,10.7,15.2,17.5,102,92,101
"824772","2026-05-01","Jarren Duran","Boston Red Sox",1,"R","LF",0.173,0.232,0.279,0.511,0.228,0.106,112,18,5,0,2,25,6.3,0.107,0.245,0.107,3,3,0,0.627,0.606,0.378,0.305,31.6,26.6,64.8,64.8,35.2,,"Mike Burrows","R",0.319,0.256,0.574,0.423,"7:10 PM ET","Boston Red Sox","Houston Astros","Fenway Park","Jake Bennett",2.64,0.94,19.2,4.4,4,3,"47.2",35,8,5.96,,,,,"Mike Burrows",5.99,1.55,17.7,8.3,4,9,"94.2",75,18,5.26,,,,,3.3,"Moderada",18.2,4.2,"Alta",17,4.1,0.701,0.314,0.387,23.2,4.5,0.725,0.315,0.41,18.6,20,50,10,0,1013,0,"Cielo Despejado",20,0.237,0.675,0.304,0.371,4.5,57,0.265,0.772,0.341,0.431,4.5,24,0.243,0.732,0.318,0.414,4.5,96,0.235,0.705,0.305,0.4,4.5,30,5,0,0,6,92,277,7.2,18.2,0,3,8,9,17,2,8,6,2.94,3.12,3.16,3.86,35.5,6.5,52.2,21.7,19.2,4.4,12.8,27.6,3,,,,,,,,,,,,,,,15,,,,81,5,4.61,22.8,63.8,5.4,4.9,26,0,"Carlos Narváez",4.09540808282486,,,,,,,,4.78,5.74,4.12,4.42,38.8,8.4,37.9,28.5,17.7,8.3,10.6,26.3,3,5.4,2.06,5.2,23.4,90,8,7,3,5,4.7,6,21,19,30,17.7,6,24,24,90,5.1,5.11,23.4,42,16.5,14.4,27.1,0,"Yainer Diaz",-3.6003811459801396,23.3,5.2,6.0,19,4.7,0,0,0.309,0.302,0.143,0.299,39,7.8,73.1,22.5,25.5,73.1,26.9,20.6,34.2,32.8,37.9,22.6,0.317,0.318,0.169,0.282,37.4,8.7,76,20.3,19.7,76,24,18.4,32.3,28.3,31.8,35.4,-3.35,-1.84,-2.62,-0.024,-0.016,-0.9,-0.4,0,-0.09,-1,-1.8,,3,1,"home","Final",0,,,"fastball",63.8,"changeup",26,,,,"fastball",42,"changeup",27.1,,3.8461538461538463,17.307692307692307,0,"Normal",92.33333333333333,"Extra Rest","L","R",7.2,18.2,9,17,0,5001.111111111111,811.1111111111111,0,5653.333333333333,977.7777777777778,0,,,2017.1,2215.8,,,35.7,34.5,19.6,15.2,19.1,21.1,98,104,86
"824772","2026-05-01","Willson Contreras","Boston Red Sox",2,"R","1B",0.264,0.379,0.482,0.861,0.378,0.218,132,29,3,0,7,28.8,10.6,0.259,0.963,0.63,17,7,4,0.898,0.982,0.528,0.578,27.9,16.2,69.8,69.8,30.2,,"Mike Burrows","R",0.319,0.256,0.574,0.423,"7:10 PM ET","Boston Red Sox","Houston Astros","Fenway Park","Jake Bennett",2.64,0.94,19.2,4.4,4,3,"47.2",35,8,5.96,,,,,"Mike Burrows",5.99,1.55,17.7,8.3,4,9,"94.2",75,18,5.26,,,,,3.3,"Moderada",18.2,4.2,"Alta",17,4.1,0.701,0.314,0.387,23.2,4.5,0.725,0.315,0.41,18.6,20,50,10,0,1013,0,"Cielo Despejado",20,0.237,0.675,0.304,0.371,4.5,57,0.265,0.772,0.341,0.431,4.5,24,0.243,0.732,0.318,0.414,4.5,96,0.235,0.705,0.305,0.4,4.5,30,5,0,0,6,92,277,7.2,18.2,0,3,8,9,17,2,8,6,2.94,3.12,3.16,3.86,35.5,6.5,52.2,21.7,19.2,4.4,12.8,27.6,3,,,,,,,,,,,,,,,15,,,,81,5,4.61,22.8,63.8,5.4,4.9,26,0,"Carlos Narváez",4.09540808282486,,,,,,,,4.78,5.74,4.12,4.42,38.8,8.4,37.9,28.5,17.7,8.3,10.6,26.3,3,5.4,2.06,5.2,23.4,90,8,7,3,5,4.7,6,21,19,30,17.7,6,24,24,90,5.1,5.11,23.4,42,16.5,14.4,27.1,0,"Yainer Diaz",-3.6003811459801396,23.3,5.2,6.0,19,4.7,0,0,0.309,0.302,0.143,0.299,39,7.8,73.1,22.5,25.5,73.1,26.9,20.6,34.2,32.8,37.9,22.6,0.317,0.318,0.169,0.282,37.4,8.7,76,20.3,19.7,76,24,18.4,32.3,28.3,31.8,35.4,-3.35,-1.84,-2.62,-0.024,-0.016,-0.9,-0.4,0,-0.09,-1,-1.8,,3,1,"home","Final",0,,,"fastball",63.8,"changeup",26,,,,"fastball",42,"changeup",27.1,,3.8461538461538463,17.307692307692307,0,"Normal",92.33333333333333,"Extra Rest","L","R",7.2,18.2,9,17,0,5001.111111111111,811.1111111111111,0,5653.333333333333,977.7777777777778,0,,,2017.1,2215.8,,,35.7,34.5,19.6,15.2,19.1,21.1,98,104,86
"824772","2026-05-01","Roman Anthony","Boston Red Sox",3,"R","DH",0.23,0.353,0.32,0.673,0.305,0.09,119,23,4,1,1,26.9,15.1,0.125,0.448,0.125,3,3,0,0.683,0.656,0.324,0.314,27.2,21.1,74.4,74.4,25.6,,"Mike Burrows","R",0.319,0.256,0.574,0.423,"7:10 PM ET","Boston Red Sox","Houston Astros","Fenway Park","Jake Bennett",2.64,0.94,19.2,4.4,4,3,"47.2",35,8,5.96,,,,,"Mike Burrows",5.99,1.55,17.7,8.3,4,9,"94.2",75,18,5.26,,,,,3.3,"Moderada",18.2,4.2,"Alta",17,4.1,0.701,0.314,0.387,23.2,4.5,0.725,0.315,0.41,18.6,20,50,10,0,1013,0,"Cielo Despejado",20,0.237,0.675,0.304,0.371,4.5,57,0.265,0.772,0.341,0.431,4.5,24,0.243,0.732,0.318,0.414,4.5,96,0.235,0.705,0.305,0.4,4.5,30,5,0,0,6,92,277,7.2,18.2,0,3,8,9,17,2,8,6,2.94,3.12,3.16,3.86,35.5,6.5,52.2,21.7,19.2,4.4,12.8,27.6,3,,,,,,,,,,,,,,,15,,,,81,5,4.61,22.8,63.8,5.4,4.9,26,0,"Carlos Narváez",4.09540808282486,,,,,,,,4.78,5.74,4.12,4.42,38.8,8.4,37.9,28.5,17.7,8.3,10.6,26.3,3,5.4,2.06,5.2,23.4,90,8,7,3,5,4.7,6,21,19,30,17.7,6,24,24,90,5.1,5.11,23.4,42,16.5,14.4,27.1,0,"Yainer Diaz",-3.6003811459801396,23.3,5.2,6.0,19,4.7,0,0,0.309,0.302,0.143,0.299,39,7.8,73.1,22.5,25.5,73.1,26.9,20.6,34.2,32.8,37.9,22.6,0.317,0.318,0.169,0.282,37.4,8.7,76,20.3,19.7,76,24,18.4,32.3,28.3,31.8,35.4,-3.35,-1.84,-2.62,-0.024,-0.016,-0.9,-0.4,0,-0.09,-1,-1.8,,3,1,"home","Final",0,,,"fastball",63.8,"changeup",26,,,,"fastball",42,"changeup",27.1,,3.8461538461538463,17.307692307692307,0,"Normal",92.33333333333333,"Extra Rest","L","R",7.2,18.2,9,17,0,5001.111111111111,811.1111111111111,0,5653.333333333333,977.7777777777778,0,,,2017.1,2215.8,,,35.7,34.5,19.6,15.2,19.1,21.1,98,104,86
"824772","2026-05-01","Wilyer Abreu","Boston Red Sox",4,"R","RF",0.297,0.362,0.466,0.828,0.359,0.169,130,35,6,1,4,16.9,9.2,0.4,1.1,0.6,15,10,3,0.661,0.952,0.378,0.519,23.7,14,76.5,76.5,23.5,,"Mike Burrows","R",0.319,0.256,0.574,0.423,"7:10 PM ET","Boston Red Sox","Houston Astros","Fenway Park","Jake Bennett",2.64,0.94,19.2,4.4,4,3,"47.2",35,8,5.96,,,,,"Mike Burrows",5.99,1.55,17.7,8.3,4,9,"94.2",75,18,5.26,,,,,3.3,"Moderada",18.2,4.2,"Alta",17,4.1,0.701,0.314,0.387,23.2,4.5,0.725,0.315,0.41,18.6,20,50,10,0,1013,0,"Cielo Despejado",20,0.237,0.675,0.304,0.371,4.5,57,0.265,0.772,0.341,0.431,4.5,24,0.243,0.732,0.318,0.414,4.5,96,0.235,0.705,0.305,0.4,4.5,30,5,0,0,6,92,277,7.2,18.2,0,3,8,9,17,2,8,6,2.94,3.12,3.16,3.86,35.5,6.5,52.2,21.7,19.2,4.4,12.8,27.6,3,,,,,,,,,,,,,,,15,,,,81,5,4.61,22.8,63.8,5.4,4.9,26,0,"Carlos Narváez",4.09540808282486,,,,,,,,4.78,5.74,4.12,4.42,38.8,8.4,37.9,28.5,17.7,8.3,10.6,26.3,3,5.4,2.06,5.2,23.4,90,8,7,3,5,4.7,6,21,19,30,17.7,6,24,24,90,5.1,5.11,23.4,42,16.5,14.4,27.1,0,"Yainer Diaz",-3.6003811459801396,23.3,5.2,6.0,19,4.7,0,0,0.309,0.302,0.143,0.299,39,7.8,73.1,22.5,25.5,73.1,26.9,20.6,34.2,32.8,37.9,22.6,0.317,0.318,0.169,0.282,37.4,8.7,76,20.3,19.7,76,24,18.4,32.3,28.3,31.8,35.4,-3.35,-1.84,-2.62,-0.024,-0.016,-0.9,-0.4,0,-0.09,-1,-1.8,,3,1,"home","Final",0,,,"fastball",63.8,"changeup",26,,,,"fastball",42,"changeup",27.1,,3.8461538461538463,17.307692307692307,0,"Normal",92.33333333333333,"Extra Rest","L","R",7.2,18.2,9,17,0,5001.111111111111,811.1111111111111,0,5653.333333333333,977.7777777777778,0,,,2017.1,2215.8,,,35.7,34.5,19.6,15.2,19.1,21.1,98,104,86
"824772","2026-05-01","Trevor Story","Boston Red Sox",5,"R","SS",0.206,0.244,0.302,0.546,0.243,0.096,135,26,6,0,2,29.6,5.2,0.222,0.535,0.259,7,6,1,0.54,0.566,0.306,0.295,32,33.3,69,69,31,,"Mike Burrows","R",0.319,0.256,0.574,0.423,"7:10 PM ET","Boston Red Sox","Houston Astros","Fenway Park","Jake Bennett",2.64,0.94,19.2,4.4,4,3,"47.2",35,8,5.96,,,,,"Mike Burrows",5.99,1.55,17.7,8.3,4,9,"94.2",75,18,5.26,,,,,3.3,"Moderada",18.2,4.2,"Alta",17,4.1,0.701,0.314,0.387,23.2,4.5,0.725,0.315,0.41,18.6,20,50,10,0,1013,0,"Cielo Despejado",20,0.237,0.675,0.304,0.371,4.5,57,0.265,0.772,0.341,0.431,4.5,24,0.243,0.732,0.318,0.414,4.5,96,0.235,0.705,0.305,0.4,4.5,30,5,0,0,6,92,277,7.2,18.2,0,3,8,9,17,2,8,6,2.94,3.12,3.16,3.86,35.5,6.5,52.2,21.7,19.2,4.4,12.8,27.6,3,,,,,,,,,,,,,,,15,,,,81,5,4.61,22.8,63.8,5.4,4.9,26,0,"Carlos Narváez",4.09540808282486,,,,,,,,4.78,5.74,4.12,4.42,38.8,8.4,37.9,28.5,17.7,8.3,10.6,26.3,3,5.4,2.06,5.2,23.4,90,8,7,3,5,4.7,6,21,19,30,17.7,6,24,24,90,5.1,5.11,23.4,42,16.5,14.4,27.1,0,"Yainer Diaz",-3.6003811459801396,23.3,5.2,6.0,19,4.7,0,0,0.309,0.302,0.143,0.299,39,7.8,73.1,22.5,25.5,73.1,26.9,20.6,34.2,32.8,37.9,22.6,0.317,0.318,0.169,0.282,37.4,8.7,76,20.3,19.7,76,24,18.4,32.3,28.3,31.8,35.4,-3.35,-1.84,-2.62,-0.024,-0.016,-0.9,-0.4,0,-0.09,-1,-1.8,,3,1,"home","Final",0,,,"fastball",63.8,"changeup",26,,,,"fastball",42,"changeup",27.1,,3.8461538461538463,17.307692307692307,0,"Normal",92.33333333333333,"Extra Rest","L","R",7.2,18.2,9,17,0,5001.111111111111,811.1111111111111,0,5653.333333333333,977.7777777777778,0,,,2017.1,2215.8,,,35.7,34.5,19.6,15.2,19.1,21.1,98,104,86
"824772","2026-05-01","Marcelo Mayer","Boston Red Sox",6,"R","2B",0.253,0.318,0.367,0.685,0.305,0.114,89,20,6,0,1,15.7,7.9,0.421,0.976,0.526,10,8,2,0.523,1.385,0.255,0.941,20,11.1,73.4,73.4,26.6,,"Mike Burrows","R",0.319,0.256,0.574,0.423,"7:10 PM ET","Boston Red Sox","Houston Astros","Fenway Park","Jake Bennett",2.64,0.94,19.2,4.4,4,3,"47.2",35,8,5.96,,,,,"Mike Burrows",5.99,1.55,17.7,8.3,4,9,"94.2",75,18,5.26,,,,,3.3,"Moderada",18.2,4.2,"Alta",17,4.1,0.701,0.314,0.387,23.2,4.5,0.725,0.315,0.41,18.6,20,50,10,0,1013,0,"Cielo Despejado",20,0.237,0.675,0.304,0.371,4.5,57,0.265,0.772,0.341,0.431,4.5,24,0.243,0.732,0.318,0.414,4.5,96,0.235,0.705,0.305,0.4,4.5,30,5,0,0,6,92,277,7.2,18.2,0,3,8,9,17,2,8,6,2.94,3.12,3.16,3.86,35.5,6.5,52.2,21.7,19.2,4.4,12.8,27.6,3,,,,,,,,,,,,,,,15,,,,81,5,4.61,22.8,63.8,5.4,4.9,26,0,"Carlos Narváez",4.09540808282486,,,,,,,,4.78,5.74,4.12,4.42,38.8,8.4,37.9,28.5,17.7,8.3,10.6,26.3,3,5.4,2.06,5.2,23.4,90,8,7,3,5,4.7,6,21,19,30,17.7,6,24,24,90,5.1,5.11,23.4,42,16.5,14.4,27.1,0,"Yainer Diaz",-3.6003811459801396,23.3,5.2,6.0,19,4.7,0,0,0.309,0.302,0.143,0.299,39,7.8,73.1,22.5,25.5,73.1,26.9,20.6,34.2,32.8,37.9,22.6,0.317,0.318,0.169,0.282,37.4,8.7,76,20.3,19.7,76,24,18.4,32.3,28.3,31.8,35.4,-3.35,-1.84,-2.62,-0.024,-0.016,-0.9,-0.4,0,-0.09,-1,-1.8,,3,1,"home","Final",0,,,"fastball",63.8,"changeup",26,,,,"fastball",42,"changeup",27.1,,3.8461538461538463,17.307692307692307,0,"Normal",92.33333333333333,"Extra Rest","L","R",7.2,18.2,9,17,0,5001.111111111111,811.1111111111111,0,5653.333333333333,977.7777777777778,0,,,2017.1,2215.8,,,35.7,34.5,19.6,15.2,19.1,21.1,98,104,86
"824772","2026-05-01","Ceddanne Rafaela","Boston Red Sox",7,"R","CF",0.265,0.333,0.378,0.711,0.314,0.113,108,26,4,2,1,22.2,5.6,0.207,0.612,0.379,11,6,3,0.715,0.907,0.393,0.556,18.4,22.7,76.1,76.1,23.9,,"Mike Burrows","R",0.319,0.256,0.574,0.423,"7:10 PM ET","Boston Red Sox","Houston Astros","Fenway Park","Jake Bennett",2.64,0.94,19.2,4.4,4,3,"47.2",35,8,5.96,,,,,"Mike Burrows",5.99,1.55,17.7,8.3,4,9,"94.2",75,18,5.26,,,,,3.3,"Moderada",18.2,4.2,"Alta",17,4.1,0.701,0.314,0.387,23.2,4.5,0.725,0.315,0.41,18.6,20,50,10,0,1013,0,"Cielo Despejado",20,0.237,0.675,0.304,0.371,4.5,57,0.265,0.772,0.341,0.431,4.5,24,0.243,0.732,0.318,0.414,4.5,96,0.235,0.705,0.305,0.4,4.5,30,5,0,0,6,92,277,7.2,18.2,0,3,8,9,17,2,8,6,2.94,3.12,3.16,3.86,35.5,6.5,52.2,21.7,19.2,4.4,12.8,27.6,3,,,,,,,,,,,,,,,15,,,,81,5,4.61,22.8,63.8,5.4,4.9,26,0,"Carlos Narváez",4.09540808282486,,,,,,,,4.78,5.74,4.12,4.42,38.8,8.4,37.9,28.5,17.7,8.3,10.6,26.3,3,5.4,2.06,5.2,23.4,90,8,7,3,5,4.7,6,21,19,30,17.7,6,24,24,90,5.1,5.11,23.4,42,16.5,14.4,27.1,0,"Yainer Diaz",-3.6003811459801396,23.3,5.2,6.0,19,4.7,0,0,0.309,0.302,0.143,0.299,39,7.8,73.1,22.5,25.5,73.1,26.9,20.6,34.2,32.8,37.9,22.6,0.317,0.318,0.169,0.282,37.4,8.7,76,20.3,19.7,76,24,18.4,32.3,28.3,31.8,35.4,-3.35,-1.84,-2.62,-0.024,-0.016,-0.9,-0.4,0,-0.09,-1,-1.8,,3,1,"home","Final",0,,,"fastball",63.8,"changeup",26,,,,"fastball",42,"changeup",27.1,,3.8461538461538463,17.307692307692307,0,"Normal",92.33333333333333,"Extra Rest","L","R",7.2,18.2,9,17,0,5001.111111111111,811.1111111111111,0,5653.333333333333,977.7777777777778,0,,,2017.1,2215.8,,,35.7,34.5,19.6,15.2,19.1,21.1,98,104,86
"824772","2026-05-01","Carlos Narváez","Boston Red Sox",8,"R","C",0.227,0.261,0.348,0.609,0.266,0.121,70,15,2,0,2,28.6,4.3,0.304,0.985,0.652,15,7,4,0.481,0.72,0.242,0.387,33.6,24.2,69.4,69.4,30.6,,"Mike Burrows","R",0.319,0.256,0.574,0.423,"7:10 PM ET","Boston Red Sox","Houston Astros","Fenway Park","Jake Bennett",2.64,0.94,19.2,4.4,4,3,"47.2",35,8,5.96,,,,,"Mike Burrows",5.99,1.55,17.7,8.3,4,9,"94.2",75,18,5.26,,,,,3.3,"Moderada",18.2,4.2,"Alta",17,4.1,0.701,0.314,0.387,23.2,4.5,0.725,0.315,0.41,18.6,20,50,10,0,1013,0,"Cielo Despejado",20,0.237,0.675,0.304,0.371,4.5,57,0.265,0.772,0.341,0.431,4.5,24,0.243,0.732,0.318,0.414,4.5,96,0.235,0.705,0.305,0.4,4.5,30,5,0,0,6,92,277,7.2,18.2,0,3,8,9,17,2,8,6,2.94,3.12,3.16,3.86,35.5,6.5,52.2,21.7,19.2,4.4,12.8,27.6,3,,,,,,,,,,,,,,,15,,,,81,5,4.61,22.8,63.8,5.4,4.9,26,0,"Carlos Narváez",4.09540808282486,,,,,,,,4.78,5.74,4.12,4.42,38.8,8.4,37.9,28.5,17.7,8.3,10.6,26.3,3,5.4,2.06,5.2,23.4,90,8,7,3,5,4.7,6,21,19,30,17.7,6,24,24,90,5.1,5.11,23.4,42,16.5,14.4,27.1,0,"Yainer Diaz",-3.6003811459801396,23.3,5.2,6.0,19,4.7,0,0,0.309,0.302,0.143,0.299,39,7.8,73.1,22.5,25.5,73.1,26.9,20.6,34.2,32.8,37.9,22.6,0.317,0.318,0.169,0.282,37.4,8.7,76,20.3,19.7,76,24,18.4,32.3,28.3,31.8,35.4,-3.35,-1.84,-2.62,-0.024,-0.016,-0.9,-0.4,0,-0.09,-1,-1.8,,3,1,"home","Final",0,,,"fastball",63.8,"changeup",26,,,,"fastball",42,"changeup",27.1,,3.8461538461538463,17.307692307692307,0,"Normal",92.33333333333333,"Extra Rest","L","R",7.2,18.2,9,17,0,5001.111111111111,811.1111111111111,0,5653.333333333333,977.7777777777778,0,,,2017.1,2215.8,,,35.7,34.5,19.6,15.2,19.1,21.1,98,104,86
"824772","2026-05-01","Caleb Durbin","Boston Red Sox",9,"R","3B",0.176,0.263,0.265,0.528,0.242,0.089,114,18,6,0,1,14,8.8,0.25,0.75,0.417,10,6,2,0.687,0.677,0.4,0.386,15.2,9.9,84.4,84.4,15.6,,"Mike Burrows","R",0.319,0.256,0.574,0.423,"7:10 PM ET","Boston Red Sox","Houston Astros","Fenway Park","Jake Bennett",2.64,0.94,19.2,4.4,4,3,"47.2",35,8,5.96,,,,,"Mike Burrows",5.99,1.55,17.7,8.3,4,9,"94.2",75,18,5.26,,,,,3.3,"Moderada",18.2,4.2,"Alta",17,4.1,0.701,0.314,0.387,23.2,4.5,0.725,0.315,0.41,18.6,20,50,10,0,1013,0,"Cielo Despejado",20,0.237,0.675,0.304,0.371,4.5,57,0.265,0.772,0.341,0.431,4.5,24,0.243,0.732,0.318,0.414,4.5,96,0.235,0.705,0.305,0.4,4.5,30,5,0,0,6,92,277,7.2,18.2,0,3,8,9,17,2,8,6,2.94,3.12,3.16,3.86,35.5,6.5,52.2,21.7,19.2,4.4,12.8,27.6,3,,,,,,,,,,,,,,,15,,,,81,5,4.61,22.8,63.8,5.4,4.9,26,0,"Carlos Narváez",4.09540808282486,,,,,,,,4.78,5.74,4.12,4.42,38.8,8.4,37.9,28.5,17.7,8.3,10.6,26.3,3,5.4,2.06,5.2,23.4,90,8,7,3,5,4.7,6,21,19,30,17.7,6,24,24,90,5.1,5.11,23.4,42,16.5,14.4,27.1,0,"Yainer Diaz",-3.6003811459801396,23.3,5.2,6.0,19,4.7,0,0,0.309,0.302,0.143,0.299,39,7.8,73.1,22.5,25.5,73.1,26.9,20.6,34.2,32.8,37.9,22.6,0.317,0.318,0.169,0.282,37.4,8.7,76,20.3,19.7,76,24,18.4,32.3,28.3,31.8,35.4,-3.35,-1.84,-2.62,-0.024,-0.016,-0.9,-0.4,0,-0.09,-1,-1.8,,3,1,"home","Final",0,,,"fastball",63.8,"changeup",26,,,,"fastball",42,"changeup",27.1,,3.8461538461538463,17.307692307692307,0,"Normal",92.33333333333333,"Extra Rest","L","R",7.2,18.2,9,17,0,5001.111111111111,811.1111111111111,0,5653.333333333333,977.7777777777778,0,,,2017.1,2215.8,,,35.7,34.5,19.6,15.2,19.1,21.1,98,104,86
"824772","2026-05-01","Carlos Correa","Houston Astros",1,"R","SS",0.288,0.37,0.441,0.811,0.354,0.153,127,32,8,0,3,16.5,11.8,0.269,0.829,0.462,12,7,3,0.636,1.099,0.313,0.641,21.5,12.5,80.6,80.6,19.4,,"Jake Bennett","L",0.163,0.238,0.163,0.341,"7:10 PM ET","Boston Red Sox","Houston Astros","Fenway Park","Jake Bennett",2.64,0.94,19.2,4.4,4,3,"47.2",35,8,5.96,,,,,"Mike Burrows",5.99,1.55,17.7,8.3,4,9,"94.2",75,18,5.26,,,,,3.3,"Moderada",18.2,4.2,"Alta",17,4.1,0.701,0.314,0.387,23.2,4.5,0.725,0.315,0.41,18.6,20,50,10,0,1013,0,"Cielo Despejado",20,0.237,0.675,0.304,0.371,4.5,57,0.265,0.772,0.341,0.431,4.5,24,0.243,0.732,0.318,0.414,4.5,96,0.235,0.705,0.305,0.4,4.5,30,5,0,0,6,92,277,7.2,18.2,0,3,8,9,17,2,8,6,2.94,3.12,3.16,3.86,35.5,6.5,52.2,21.7,19.2,4.4,12.8,27.6,3,,,,,,,,,,,,,,,15,,,,81,5,4.61,22.8,63.8,5.4,4.9,26,0,"Carlos Narváez",4.09540808282486,,,,,,,,4.78,5.74,4.12,4.42,38.8,8.4,37.9,28.5,17.7,8.3,10.6,26.3,3,5.4,2.06,5.2,23.4,90,8,7,3,5,4.7,6,21,19,30,17.7,6,24,24,90,5.1,5.11,23.4,42,16.5,14.4,27.1,0,"Yainer Diaz",-3.6003811459801396,23.3,5.2,6.0,19,4.7,0,0,0.309,0.302,0.143,0.299,39,7.8,73.1,22.5,25.5,73.1,26.9,20.6,34.2,32.8,37.9,22.6,0.317,0.318,0.169,0.282,37.4,8.7,76,20.3,19.7,76,24,18.4,32.3,28.3,31.8,35.4,-3.35,-1.84,-2.62,-0.024,-0.016,-0.9,-0.4,0,-0.09,-1,-1.8,,3,1,"home","Final",0,,,"fastball",63.8,"changeup",26,,,,"fastball",42,"changeup",27.1,,3.8461538461538463,17.307692307692307,0,"Normal",92.33333333333333,"Extra Rest","L","R",7.2,18.2,9,17,0,5001.111111111111,811.1111111111111,0,5653.333333333333,977.7777777777778,0,,,2017.1,2215.8,,,35.7,34.5,19.6,15.2,19.1,21.1,98,104,86
"824772","2026-05-01","Yordan Alvarez","Houston Astros",2,"R","DH",0.341,0.446,0.707,1.153,0.474,0.366,148,42,9,0,12,10.1,14.2,0.444,1.187,0.704,19,12,3,1.086,0.877,0.639,0.547,18.7,15.1,80.5,80.5,19.5,,"Jake Bennett","L",0.163,0.238,0.163,0.341,"7:10 PM ET","Boston Red Sox","Houston Astros","Fenway Park","Jake Bennett",2.64,0.94,19.2,4.4,4,3,"47.2",35,8,5.96,,,,,"Mike Burrows",5.99,1.55,17.7,8.3,4,9,"94.2",75,18,5.26,,,,,3.3,"Moderada",18.2,4.2,"Alta",17,4.1,0.701,0.314,0.387,23.2,4.5,0.725,0.315,0.41,18.6,20,50,10,0,1013,0,"Cielo Despejado",20,0.237,0.675,0.304,0.371,4.5,57,0.265,0.772,0.341,0.431,4.5,24,0.243,0.732,0.318,0.414,4.5,96,0.235,0.705,0.305,0.4,4.5,30,5,0,0,6,92,277,7.2,18.2,0,3,8,9,17,2,8,6,2.94,3.12,3.16,3.86,35.5,6.5,52.2,21.7,19.2,4.4,12.8,27.6,3,,,,,,,,,,,,,,,15,,,,81,5,4.61,22.8,63.8,5.4,4.9,26,0,"Carlos Narváez",4.09540808282486,,,,,,,,4.78,5.74,4.12,4.42,38.8,8.4,37.9,28.5,17.7,8.3,10.6,26.3,3,5.4,2.06,5.2,23.4,90,8,7,3,5,4.7,6,21,19,30,17.7,6,24,24,90,5.1,5.11,23.4,42,16.5,14.4,27.1,0,"Yainer Diaz",-3.6003811459801396,23.3,5.2,6.0,19,4.7,0,0,0.309,0.302,0.143,0.299,39,7.8,73.1,22.5,25.5,73.1,26.9,20.6,34.2,32.8,37.9,22.6,0.317,0.318,0.169,0.282,37.4,8.7,76,20.3,19.7,76,24,18.4,32.3,28.3,31.8,35.4,-3.35,-1.84,-2.62,-0.024,-0.016,-0.9,-0.4,0,-0.09,-1,-1.8,,3,1,"home","Final",0,,,"fastball",63.8,"changeup",26,,,,"fastball",42,"changeup",27.1,,3.8461538461538463,17.307692307692307,0,"Normal",92.33333333333333,"Extra Rest","L","R",7.2,18.2,9,17,0,5001.111111111111,811.1111111111111,0,5653.333333333333,977.7777777777778,0,,,2017.1,2215.8,,,35.7,34.5,19.6,15.2,19.1,21.1,98,104,86
"824772","2026-05-01","Isaac Paredes","Houston Astros",3,"R","3B",0.265,0.353,0.392,0.745,0.332,0.127,116,27,4,0,3,15.5,8.6,0.321,0.774,0.429,12,9,1,0.772,0.743,0.434,0.372,15.3,18,82.8,82.8,17.2,,"Jake Bennett","L",0.163,0.238,0.163,0.341,"7:10 PM ET","Boston Red Sox","Houston Astros","Fenway Park","Jake Bennett",2.64,0.94,19.2,4.4,4,3,"47.2",35,8,5.96,,,,,"Mike Burrows",5.99,1.55,17.7,8.3,4,9,"94.2",75,18,5.26,,,,,3.3,"Moderada",18.2,4.2,"Alta",17,4.1,0.701,0.314,0.387,23.2,4.5,0.725,0.315,0.41,18.6,20,50,10,0,1013,0,"Cielo Despejado",20,0.237,0.675,0.304,0.371,4.5,57,0.265,0.772,0.341,0.431,4.5,24,0.243,0.732,0.318,0.414,4.5,96,0.235,0.705,0.305,0.4,4.5,30,5,0,0,6,92,277,7.2,18.2,0,3,8,9,17,2,8,6,2.94,3.12,3.16,3.86,35.5,6.5,52.2,21.7,19.2,4.4,12.8,27.6,3,,,,,,,,,,,,,,,15,,,,81,5,4.61,22.8,63.8,5.4,4.9,26,0,"Carlos Narváez",4.09540808282486,,,,,,,,4.78,5.74,4.12,4.42,38.8,8.4,37.9,28.5,17.7,8.3,10.6,26.3,3,5.4,2.06,5.2,23.4,90,8,7,3,5,4.7,6,21,19,30,17.7,6,24,24,90,5.1,5.11,23.4,42,16.5,14.4,27.1,0,"Yainer Diaz",-3.6003811459801396,23.3,5.2,6.0,19,4.7,0,0,0.309,0.302,0.143,0.299,39,7.8,73.1,22.5,25.5,73.1,26.9,20.6,34.2,32.8,37.9,22.6,0.317,0.318,0.169,0.282,37.4,8.7,76,20.3,19.7,76,24,18.4,32.3,28.3,31.8,35.4,-3.35,-1.84,-2.62,-0.024,-0.016,-0.9,-0.4,0,-0.09,-1,-1.8,,3,1,"home","Final",0,,,"fastball",63.8,"changeup",26,,,,"fastball",42,"changeup",27.1,,3.8461538461538463,17.307692307692307,0,"Normal",92.33333333333333,"Extra Rest","L","R",7.2,18.2,9,17,0,5001.111111111111,811.1111111111111,0,5653.333333333333,977.7777777777778,0,,,2017.1,2215.8,,,35.7,34.5,19.6,15.2,19.1,21.1,98,104,86
"824772","2026-05-01","Christian Walker","Houston Astros",4,"R","1B",0.294,0.37,0.546,0.916,0.391,0.252,135,35,9,0,7,17.8,10.4,0.393,1.093,0.679,19,11,4,0.799,0.755,0.485,0.425,22.7,19.3,70.7,70.7,29.3,,"Jake Bennett","L",0.163,0.238,0.163,0.341,"7:10 PM ET","Boston Red Sox","Houston Astros","Fenway Park","Jake Bennett",2.64,0.94,19.2,4.4,4,3,"47.2",35,8,5.96,,,,,"Mike Burrows",5.99,1.55,17.7,8.3,4,9,"94.2",75,18,5.26,,,,,3.3,"Moderada",18.2,4.2,"Alta",17,4.1,0.701,0.314,0.387,23.2,4.5,0.725,0.315,0.41,18.6,20,50,10,0,1013,0,"Cielo Despejado",20,0.237,0.675,0.304,0.371,4.5,57,0.265,0.772,0.341,0.431,4.5,24,0.243,0.732,0.318,0.414,4.5,96,0.235,0.705,0.305,0.4,4.5,30,5,0,0,6,92,277,7.2,18.2,0,3,8,9,17,2,8,6,2.94,3.12,3.16,3.86,35.5,6.5,52.2,21.7,19.2,4.4,12.8,27.6,3,,,,,,,,,,,,,,,15,,,,81,5,4.61,22.8,63.8,5.4,4.9,26,0,"Carlos Narváez",4.09540808282486,,,,,,,,4.78,5.74,4.12,4.42,38.8,8.4,37.9,28.5,17.7,8.3,10.6,26.3,3,5.4,2.06,5.2,23.4,90,8,7,3,5,4.7,6,21,19,30,17.7,6,24,24,90,5.1,5.11,23.4,42,16.5,14.4,27.1,0,"Yainer Diaz",-3.6003811459801396,23.3,5.2,6.0,19,4.7,0,0,0.309,0.302,0.143,0.299,39,7.8,73.1,22.5,25.5,73.1,26.9,20.6,34.2,32.8,37.9,22.6,0.317,0.318,0.169,0.282,37.4,8.7,76,20.3,19.7,76,24,18.4,32.3,28.3,31.8,35.4,-3.35,-1.84,-2.62,-0.024,-0.016,-0.9,-0.4,0,-0.09,-1,-1.8,,3,1,"home","Final",0,,,"fastball",63.8,"changeup",26,,,,"fastball",42,"changeup",27.1,,3.8461538461538463,17.307692307692307,0,"Normal",92.33333333333333,"Extra Rest","L","R",7.2,18.2,9,17,0,5001.111111111111,811.1111111111111,0,5653.333333333333,977.7777777777778,0,,,2017.1,2215.8,,,35.7,34.5,19.6,15.2,19.1,21.1,98,104,86
"824772","2026-05-01","Jose Altuve","Houston Astros",5,"R","2B",0.25,0.346,0.388,0.734,0.323,0.138,133,29,7,0,3,18,12.8,0.107,0.31,0.143,4,3,1,0.73,0.615,0.429,0.294,22,21.8,76.1,76.1,23.9,,"Jake Bennett","L",0.163,0.238,0.163,0.341,"7:10 PM ET","Boston Red Sox","Houston Astros","Fenway Park","Jake Bennett",2.64,0.94,19.2,4.4,4,3,"47.2",35,8,5.96,,,,,"Mike Burrows",5.99,1.55,17.7,8.3,4,9,"94.2",75,18,5.26,,,,,3.3,"Moderada",18.2,4.2,"Alta",17,4.1,0.701,0.314,0.387,23.2,4.5,0.725,0.315,0.41,18.6,20,50,10,0,1013,0,"Cielo Despejado",20,0.237,0.675,0.304,0.371,4.5,57,0.265,0.772,0.341,0.431,4.5,24,0.243,0.732,0.318,0.414,4.5,96,0.235,0.705,0.305,0.4,4.5,30,5,0,0,6,92,277,7.2,18.2,0,3,8,9,17,2,8,6,2.94,3.12,3.16,3.86,35.5,6.5,52.2,21.7,19.2,4.4,12.8,27.6,3,,,,,,,,,,,,,,,15,,,,81,5,4.61,22.8,63.8,5.4,4.9,26,0,"Carlos Narváez",4.09540808282486,,,,,,,,4.78,5.74,4.12,4.42,38.8,8.4,37.9,28.5,17.7,8.3,10.6,26.3,3,5.4,2.06,5.2,23.4,90,8,7,3,5,4.7,6,21,19,30,17.7,6,24,24,90,5.1,5.11,23.4,42,16.5,14.4,27.1,0,"Yainer Diaz",-3.6003811459801396,23.3,5.2,6.0,19,4.7,0,0,0.309,0.302,0.143,0.299,39,7.8,73.1,22.5,25.5,73.1,26.9,20.6,34.2,32.8,37.9,22.6,0.317,0.318,0.169,0.282,37.4,8.7,76,20.3,19.7,76,24,18.4,32.3,28.3,31.8,35.4,-3.35,-1.84,-2.62,-0.024,-0.016,-0.9,-0.4,0,-0.09,-1,-1.8,,3,1,"home","Final",0,,,"fastball",63.8,"changeup",26,,,,"fastball",42,"changeup",27.1,,3.8461538461538463,17.307692307692307,0,"Normal",92.33333333333333,"Extra Rest","L","R",7.2,18.2,9,17,0,5001.111111111111,811.1111111111111,0,5653.333333333333,977.7777777777778,0,,,2017.1,2215.8,,,35.7,34.5,19.6,15.2,19.1,21.1,98,104,86
"824772","2026-05-01","Yainer Diaz","Houston Astros",6,"R","C",0.25,0.267,0.365,0.632,0.277,0.115,101,24,5,0,2,14.9,3,0.345,0.862,0.517,15,10,3,0.677,0.601,0.416,0.318,15.1,19.6,77.9,77.9,22.1,,"Jake Bennett","L",0.163,0.238,0.163,0.341,"7:10 PM ET","Boston Red Sox","Houston Astros","Fenway Park","Jake Bennett",2.64,0.94,19.2,4.4,4,3,"47.2",35,8,5.96,,,,,"Mike Burrows",5.99,1.55,17.7,8.3,4,9,"94.2",75,18,5.26,,,,,3.3,"Moderada",18.2,4.2,"Alta",17,4.1,0.701,0.314,0.387,23.2,4.5,0.725,0.315,0.41,18.6,20,50,10,0,1013,0,"Cielo Despejado",20,0.237,0.675,0.304,0.371,4.5,57,0.265,0.772,0.341,0.431,4.5,24,0.243,0.732,0.318,0.414,4.5,96,0.235,0.705,0.305,0.4,4.5,30,5,0,0,6,92,277,7.2,18.2,0,3,8,9,17,2,8,6,2.94,3.12,3.16,3.86,35.5,6.5,52.2,21.7,19.2,4.4,12.8,27.6,3,,,,,,,,,,,,,,,15,,,,81,5,4.61,22.8,63.8,5.4,4.9,26,0,"Carlos Narváez",4.09540808282486,,,,,,,,4.78,5.74,4.12,4.42,38.8,8.4,37.9,28.5,17.7,8.3,10.6,26.3,3,5.4,2.06,5.2,23.4,90,8,7,3,5,4.7,6,21,19,30,17.7,6,24,24,90,5.1,5.11,23.4,42,16.5,14.4,27.1,0,"Yainer Diaz",-3.6003811459801396,23.3,5.2,6.0,19,4.7,0,0,0.309,0.302,0.143,0.299,39,7.8,73.1,22.5,25.5,73.1,26.9,20.6,34.2,32.8,37.9,22.6,0.317,0.318,0.169,0.282,37.4,8.7,76,20.3,19.7,76,24,18.4,32.3,28.3,31.8,35.4,-3.35,-1.84,-2.62,-0.024,-0.016,-0.9,-0.4,0,-0.09,-1,-1.8,,3,1,"home","Final",0,,,"fastball",63.8,"changeup",26,,,,"fastball",42,"changeup",27.1,,3.8461538461538463,17.307692307692307,0,"Normal",92.33333333333333,"Extra Rest","L","R",7.2,18.2,9,17,0,5001.111111111111,811.1111111111111,0,5653.333333333333,977.7777777777778,0,,,2017.1,2215.8,,,35.7,34.5,19.6,15.2,19.1,21.1,98,104,86
"824772","2026-05-01","Cam Smith","Houston Astros",7,"R","RF",0.211,0.307,0.367,0.674,0.303,0.156,128,23,5,0,4,28.1,10.9,0.16,0.556,0.28,7,4,1,0.675,0.656,0.376,0.367,24.4,23.3,69.4,69.4,30.6,,"Jake Bennett","L",0.163,0.238,0.163,0.341,"7:10 PM ET","Boston Red Sox","Houston Astros","Fenway Park","Jake Bennett",2.64,0.94,19.2,4.4,4,3,"47.2",35,8,5.96,,,,,"Mike Burrows",5.99,1.55,17.7,8.3,4,9,"94.2",75,18,5.26,,,,,3.3,"Moderada",18.2,4.2,"Alta",17,4.1,0.701,0.314,0.387,23.2,4.5,0.725,0.315,0.41,18.6,20,50,10,0,1013,0,"Cielo Despejado",20,0.237,0.675,0.304,0.371,4.5,57,0.265,0.772,0.341,0.431,4.5,24,0.243,0.732,0.318,0.414,4.5,96,0.235,0.705,0.305,0.4,4.5,30,5,0,0,6,92,277,7.2,18.2,0,3,8,9,17,2,8,6,2.94,3.12,3.16,3.86,35.5,6.5,52.2,21.7,19.2,4.4,12.8,27.6,3,,,,,,,,,,,,,,,15,,,,81,5,4.61,22.8,63.8,5.4,4.9,26,0,"Carlos Narváez",4.09540808282486,,,,,,,,4.78,5.74,4.12,4.42,38.8,8.4,37.9,28.5,17.7,8.3,10.6,26.3,3,5.4,2.06,5.2,23.4,90,8,7,3,5,4.7,6,21,19,30,17.7,6,24,24,90,5.1,5.11,23.4,42,16.5,14.4,27.1,0,"Yainer Diaz",-3.6003811459801396,23.3,5.2,6.0,19,4.7,0,0,0.309,0.302,0.143,0.299,39,7.8,73.1,22.5,25.5,73.1,26.9,20.6,34.2,32.8,37.9,22.6,0.317,0.318,0.169,0.282,37.4,8.7,76,20.3,19.7,76,24,18.4,32.3,28.3,31.8,35.4,-3.35,-1.84,-2.62,-0.024,-0.016,-0.9,-0.4,0,-0.09,-1,-1.8,,3,1,"home","Final",0,,,"fastball",63.8,"changeup",26,,,,"fastball",42,"changeup",27.1,,3.8461538461538463,17.307692307692307,0,"Normal",92.33333333333333,"Extra Rest","L","R",7.2,18.2,9,17,0,5001.111111111111,811.1111111111111,0,5653.333333333333,977.7777777777778,0,,,2017.1,2215.8,,,35.7,34.5,19.6,15.2,19.1,21.1,98,104,86
"824772","2026-05-01","Brice Matthews","Houston Astros",8,"R","CF",0.21,0.269,0.371,0.64,0.279,0.161,68,13,4,0,2,39.7,7.4,0.25,0.697,0.417,10,6,2,0.573,0.617,0.307,0.385,31.9,31.7,63.8,63.8,36.2,,"Jake Bennett","L",0.163,0.238,0.163,0.341,"7:10 PM ET","Boston Red Sox","Houston Astros","Fenway Park","Jake Bennett",2.64,0.94,19.2,4.4,4,3,"47.2",35,8,5.96,,,,,"Mike Burrows",5.99,1.55,17.7,8.3,4,9,"94.2",75,18,5.26,,,,,3.3,"Moderada",18.2,4.2,"Alta",17,4.1,0.701,0.314,0.387,23.2,4.5,0.725,0.315,0.41,18.6,20,50,10,0,1013,0,"Cielo Despejado",20,0.237,0.675,0.304,0.371,4.5,57,0.265,0.772,0.341,0.431,4.5,24,0.243,0.732,0.318,0.414,4.5,96,0.235,0.705,0.305,0.4,4.5,30,5,0,0,6,92,277,7.2,18.2,0,3,8,9,17,2,8,6,2.94,3.12,3.16,3.86,35.5,6.5,52.2,21.7,19.2,4.4,12.8,27.6,3,,,,,,,,,,,,,,,15,,,,81,5,4.61,22.8,63.8,5.4,4.9,26,0,"Carlos Narváez",4.09540808282486,,,,,,,,4.78,5.74,4.12,4.42,38.8,8.4,37.9,28.5,17.7,8.3,10.6,26.3,3,5.4,2.06,5.2,23.4,90,8,7,3,5,4.7,6,21,19,30,17.7,6,24,24,90,5.1,5.11,23.4,42,16.5,14.4,27.1,0,"Yainer Diaz",-3.6003811459801396,23.3,5.2,6.0,19,4.7,0,0,0.309,0.302,0.143,0.299,39,7.8,73.1,22.5,25.5,73.1,26.9,20.6,34.2,32.8,37.9,22.6,0.317,0.318,0.169,0.282,37.4,8.7,76,20.3,19.7,76,24,18.4,32.3,28.3,31.8,35.4,-3.35,-1.84,-2.62,-0.024,-0.016,-0.9,-0.4,0,-0.09,-1,-1.8,,3,1,"home","Final",0,,,"fastball",63.8,"changeup",26,,,,"fastball",42,"changeup",27.1,,3.8461538461538463,17.307692307692307,0,"Normal",92.33333333333333,"Extra Rest","L","R",7.2,18.2,9,17,0,5001.111111111111,811.1111111111111,0,5653.333333333333,977.7777777777778,0,,,2017.1,2215.8,,,35.7,34.5,19.6,15.2,19.1,21.1,98,104,86
"824772","2026-05-01","Christian Vázquez","Houston Astros",9,"R","PH",0.32,0.382,0.52,0.902,0.388,0.2,56,16,4,0,2,14.3,8.9,0.273,0.794,0.409,9,6,1,0.612,0.566,0.317,0.357,17.7,15.9,81.9,81.9,18.1,,"Jake Bennett","L",0.163,0.238,0.163,0.341,"7:10 PM ET","Boston Red Sox","Houston Astros","Fenway Park","Jake Bennett",2.64,0.94,19.2,4.4,4,3,"47.2",35,8,5.96,,,,,"Mike Burrows",5.99,1.55,17.7,8.3,4,9,"94.2",75,18,5.26,,,,,3.3,"Moderada",18.2,4.2,"Alta",17,4.1,0.701,0.314,0.387,23.2,4.5,0.725,0.315,0.41,18.6,20,50,10,0,1013,0,"Cielo Despejado",20,0.237,0.675,0.304,0.371,4.5,57,0.265,0.772,0.341,0.431,4.5,24,0.243,0.732,0.318,0.414,4.5,96,0.235,0.705,0.305,0.4,4.5,30,5,0,0,6,92,277,7.2,18.2,0,3,8,9,17,2,8,6,2.94,3.12,3.16,3.86,35.5,6.5,52.2,21.7,19.2,4.4,12.8,27.6,3,,,,,,,,,,,,,,,15,,,,81,5,4.61,22.8,63.8,5.4,4.9,26,0,"Carlos Narváez",4.09540808282486,,,,,,,,4.78,5.74,4.12,4.42,38.8,8.4,37.9,28.5,17.7,8.3,10.6,26.3,3,5.4,2.06,5.2,23.4,90,8,7,3,5,4.7,6,21,19,30,17.7,6,24,24,90,5.1,5.11,23.4,42,16.5,14.4,27.1,0,"Yainer Diaz",-3.6003811459801396,23.3,5.2,6.0,19,4.7,0,0,0.309,0.302,0.143,0.299,39,7.8,73.1,22.5,25.5,73.1,26.9,20.6,34.2,32.8,37.9,22.6,0.317,0.318,0.169,0.282,37.4,8.7,76,20.3,19.7,76,24,18.4,32.3,28.3,31.8,35.4,-3.35,-1.84,-2.62,-0.024,-0.016,-0.9,-0.4,0,-0.09,-1,-1.8,,3,1,"home","Final",0,,,"fastball",63.8,"changeup",26,,,,"fastball",42,"changeup",27.1,,3.8461538461538463,17.307692307692307,0,"Normal",92.33333333333333,"Extra Rest","L","R",7.2,18.2,9,17,0,5001.111111111111,811.1111111111111,0,5653.333333333333,977.7777777777778,0,,,2017.1,2215.8,,,35.7,34.5,19.6,15.2,19.1,21.1,98,104,86
"825012","2026-05-01","Jacob Wilson","Athletics",1,"R","SS",0.288,0.301,0.386,0.687,0.3,0.098,136,38,7,0,2,11,2.2,0.357,0.843,0.464,13,10,3,0.707,0.621,0.388,0.344,12.5,10.6,84.6,84.6,15.4,,"Joey Cantillo","L",0.216,0.251,0.364,0.404,"9:40 PM ET","Athletics","Cleveland Guardians","Sutter Health Park","J.T. Ginn",3.1,1.22,20.9,10.5,7,5,"98.2",86,20,4.93,,,,,"Joey Cantillo",3.66,1.39,23.5,11.5,7,4,"96.0",96,19,5.05,,,,,5.04,"Alta",23,3.79,"Moderada",17,4.5,0.728,0.324,0.404,20.8,4,0.679,0.31,0.369,17.9,20,50,10,0,1013,0,"Cielo Despejado",20,0.244,0.724,0.327,0.397,4.5,73,0.251,0.736,0.316,0.42,4.5,42,0.229,0.686,0.31,0.376,4.5,64,0.225,0.663,0.311,0.352,4.5,26,5,46,216,6,89,260,13,23,4,6,4,5.1,17,0,2,8,4.05,4.37,3.86,4.31,34.7,6.5,47.7,24.5,20.9,10.5,12.1,27.7,4,3.75,1.48,4.5,18,71,2,6,3,3.3,5.3,5.3,14,23,21,25,,,,69,4.1,3.85,18,65.4,15.5,0,19.2,0,"Shea Langeliers",-4.944005556121802,19.3,4.6,3.7,14,3.3,1,1,4.08,4.36,3.87,3.95,36.5,8,43.7,30.4,23.5,11.5,13,30.7,2,5.8,1.83,5.3,21.4,86,4,6,4,5,4.7,6,22,22,21,10,,,,87,5.1,5.39,21.4,41.4,6.7,25.3,26.6,0,"Bo Naylor",-0.2223239180508368,21.7,5.2,4.7,21,4.7,0,0,0.319,0.321,0.158,0.297,41.2,9.5,73.8,25,25,73.8,26.2,21,33.3,36.2,31.2,31.5,0.301,0.311,0.141,0.278,36.3,6.8,79.5,22,20,79.5,20.5,16.3,26.2,21.1,28.6,27.9,-0.56,-0.03,0.01,0.049,0.01,1.25,0.5,0,0.03,-1,7.9,,5,8,"away","Final",0,,,"fastball",65.4,"changeup",19.2,,3.9444444444444446,15.777777777777779,"fastball",41.4,"changeup",26.6,,4.018691588785047,16.22641509433962,72,"Normal",86.66666666666667,"Extra Rest","R","L",13,23,5.1,17,4,5183.333333333333,1091.111111111111,0,6005.555555555556,1287.7777777777778,0,,,2008.2,1940.3,,,28.4,26.1,17.7,19.2,25.8,24.9,100,100,100
"825012","2026-05-01","Shea Langeliers","Athletics",2,"R","C",0.326,0.383,0.581,0.964,0.409,0.255,141,42,9,0,8,22.7,8.5,0.375,0.925,0.531,17,12,5,0.734,1.016,0.431,0.62,21.2,20.7,72.6,72.6,27.4,,"Joey Cantillo","L",0.216,0.251,0.364,0.404,"9:40 PM ET","Athletics","Cleveland Guardians","Sutter Health Park","J.T. Ginn",3.1,1.22,20.9,10.5,7,5,"98.2",86,20,4.93,,,,,"Joey Cantillo",3.66,1.39,23.5,11.5,7,4,"96.0",96,19,5.05,,,,,5.04,"Alta",23,3.79,"Moderada",17,4.5,0.728,0.324,0.404,20.8,4,0.679,0.31,0.369,17.9,20,50,10,0,1013,0,"Cielo Despejado",20,0.244,0.724,0.327,0.397,4.5,73,0.251,0.736,0.316,0.42,4.5,42,0.229,0.686,0.31,0.376,4.5,64,0.225,0.663,0.311,0.352,4.5,26,5,46,216,6,89,260,13,23,4,6,4,5.1,17,0,2,8,4.05,4.37,3.86,4.31,34.7,6.5,47.7,24.5,20.9,10.5,12.1,27.7,4,3.75,1.48,4.5,18,71,2,6,3,3.3,5.3,5.3,14,23,21,25,,,,69,4.1,3.85,18,65.4,15.5,0,19.2,0,"Shea Langeliers",-4.944005556121802,19.3,4.6,3.7,14,3.3,1,1,4.08,4.36,3.87,3.95,36.5,8,43.7,30.4,23.5,11.5,13,30.7,2,5.8,1.83,5.3,21.4,86,4,6,4,5,4.7,6,22,22,21,10,,,,87,5.1,5.39,21.4,41.4,6.7,25.3,26.6,0,"Bo Naylor",-0.2223239180508368,21.7,5.2,4.7,21,4.7,0,0,0.319,0.321,0.158,0.297,41.2,9.5,73.8,25,25,73.8,26.2,21,33.3,36.2,31.2,31.5,0.301,0.311,0.141,0.278,36.3,6.8,79.5,22,20,79.5,20.5,16.3,26.2,21.1,28.6,27.9,-0.56,-0.03,0.01,0.049,0.01,1.25,0.5,0,0.03,-1,7.9,,5,8,"away","Final",0,,,"fastball",65.4,"changeup",19.2,,3.9444444444444446,15.777777777777779,"fastball",41.4,"changeup",26.6,,4.018691588785047,16.22641509433962,72,"Normal",86.66666666666667,"Extra Rest","R","L",13,23,5.1,17,4,5183.333333333333,1091.111111111111,0,6005.555555555556,1287.7777777777778,0,,,2008.2,1940.3,,,28.4,26.1,17.7,19.2,25.8,24.9,100,100,100
"825012","2026-05-01","Nick Kurtz","Athletics",3,"R","1B",0.236,0.417,0.418,0.835,0.366,0.182,144,26,5,0,5,31.9,23.6,0.296,1.034,0.593,16,8,4,0.969,0.784,0.538,0.427,29,36.4,63,63,37,,"Joey Cantillo","L",0.216,0.251,0.364,0.404,"9:40 PM ET","Athletics","Cleveland Guardians","Sutter Health Park","J.T. Ginn",3.1,1.22,20.9,10.5,7,5,"98.2",86,20,4.93,,,,,"Joey Cantillo",3.66,1.39,23.5,11.5,7,4,"96.0",96,19,5.05,,,,,5.04,"Alta",23,3.79,"Moderada",17,4.5,0.728,0.324,0.404,20.8,4,0.679,0.31,0.369,17.9,20,50,10,0,1013,0,"Cielo Despejado",20,0.244,0.724,0.327,0.397,4.5,73,0.251,0.736,0.316,0.42,4.5,42,0.229,0.686,0.31,0.376,4.5,64,0.225,0.663,0.311,0.352,4.5,26,5,46,216,6,89,260,13,23,4,6,4,5.1,17,0,2,8,4.05,4.37,3.86,4.31,34.7,6.5,47.7,24.5,20.9,10.5,12.1,27.7,4,3.75,1.48,4.5,18,71,2,6,3,3.3,5.3,5.3,14,23,21,25,,,,69,4.1,3.85,18,65.4,15.5,0,19.2,0,"Shea Langeliers",-4.944005556121802,19.3,4.6,3.7,14,3.3,1,1,4.08,4.36,3.87,3.95,36.5,8,43.7,30.4,23.5,11.5,13,30.7,2,5.8,1.83,5.3,21.4,86,4,6,4,5,4.7,6,22,22,21,10,,,,87,5.1,5.39,21.4,41.4,6.7,25.3,26.6,0,"Bo Naylor",-0.2223239180508368,21.7,5.2,4.7,21,4.7,0,0,0.319,0.321,0.158,0.297,41.2,9.5,73.8,25,25,73.8,26.2,21,33.3,36.2,31.2,31.5,0.301,0.311,0.141,0.278,36.3,6.8,79.5,22,20,79.5,20.5,16.3,26.2,21.1,28.6,27.9,-0.56,-0.03,0.01,0.049,0.01,1.25,0.5,0,0.03,-1,7.9,,5,8,"away","Final",0,,,"fastball",65.4,"changeup",19.2,,3.9444444444444446,15.777777777777779,"fastball",41.4,"changeup",26.6,,4.018691588785047,16.22641509433962,72,"Normal",86.66666666666667,"Extra Rest","R","L",13,23,5.1,17,4,5183.333333333333,1091.111111111111,0,6005.555555555556,1287.7777777777778,0,,,2008.2,1940.3,,,28.4,26.1,17.7,19.2,25.8,24.9,100,100,100
"825012","2026-05-01","Brent Rooker","Athletics",4,"R","DH",0.136,0.221,0.288,0.509,0.233,0.152,68,8,0,0,3,32.4,10.3,0.083,0.547,0.333,8,2,2,0.721,0.513,0.422,0.289,28.6,42.9,63.1,63.1,36.9,,"Joey Cantillo","L",0.216,0.251,0.364,0.404,"9:40 PM ET","Athletics","Cleveland Guardians","Sutter Health Park","J.T. Ginn",3.1,1.22,20.9,10.5,7,5,"98.2",86,20,4.93,,,,,"Joey Cantillo",3.66,1.39,23.5,11.5,7,4,"96.0",96,19,5.05,,,,,5.04,"Alta",23,3.79,"Moderada",17,4.5,0.728,0.324,0.404,20.8,4,0.679,0.31,0.369,17.9,20,50,10,0,1013,0,"Cielo Despejado",20,0.244,0.724,0.327,0.397,4.5,73,0.251,0.736,0.316,0.42,4.5,42,0.229,0.686,0.31,0.376,4.5,64,0.225,0.663,0.311,0.352,4.5,26,5,46,216,6,89,260,13,23,4,6,4,5.1,17,0,2,8,4.05,4.37,3.86,4.31,34.7,6.5,47.7,24.5,20.9,10.5,12.1,27.7,4,3.75,1.48,4.5,18,71,2,6,3,3.3,5.3,5.3,14,23,21,25,,,,69,4.1,3.85,18,65.4,15.5,0,19.2,0,"Shea Langeliers",-4.944005556121802,19.3,4.6,3.7,14,3.3,1,1,4.08,4.36,3.87,3.95,36.5,8,43.7,30.4,23.5,11.5,13,30.7,2,5.8,1.83,5.3,21.4,86,4,6,4,5,4.7,6,22,22,21,10,,,,87,5.1,5.39,21.4,41.4,6.7,25.3,26.6,0,"Bo Naylor",-0.2223239180508368,21.7,5.2,4.7,21,4.7,0,0,0.319,0.321,0.158,0.297,41.2,9.5,73.8,25,25,73.8,26.2,21,33.3,36.2,31.2,31.5,0.301,0.311,0.141,0.278,36.3,6.8,79.5,22,20,79.5,20.5,16.3,26.2,21.1,28.6,27.9,-0.56,-0.03,0.01,0.049,0.01,1.25,0.5,0,0.03,-1,7.9,,5,8,"away","Final",0,,,"fastball",65.4,"changeup",19.2,,3.9444444444444446,15.777777777777779,"fastball",41.4,"changeup",26.6,,4.018691588785047,16.22641509433962,72,"Normal",86.66666666666667,"Extra Rest","R","L",13,23,5.1,17,4,5183.333333333333,1091.111111111111,0,6005.555555555556,1287.7777777777778,0,,,2008.2,1940.3,,,28.4,26.1,17.7,19.2,25.8,24.9,100,100,100
"825012","2026-05-01","Carlos Cortes","Athletics",5,"R","PH",0.386,0.456,0.657,1.113,0.471,0.271,79,27,5,1,4,8.9,10.1,0.545,1.555,0.955,21,12,4,0.767,1.245,0.421,0.7,12.1,27.3,80.3,80.3,19.7,,"Joey Cantillo","L",0.216,0.251,0.364,0.404,"9:40 PM ET","Athletics","Cleveland Guardians","Sutter Health Park","J.T. Ginn",3.1,1.22,20.9,10.5,7,5,"98.2",86,20,4.93,,,,,"Joey Cantillo",3.66,1.39,23.5,11.5,7,4,"96.0",96,19,5.05,,,,,5.04,"Alta",23,3.79,"Moderada",17,4.5,0.728,0.324,0.404,20.8,4,0.679,0.31,0.369,17.9,20,50,10,0,1013,0,"Cielo Despejado",20,0.244,0.724,0.327,0.397,4.5,73,0.251,0.736,0.316,0.42,4.5,42,0.229,0.686,0.31,0.376,4.5,64,0.225,0.663,0.311,0.352,4.5,26,5,46,216,6,89,260,13,23,4,6,4,5.1,17,0,2,8,4.05,4.37,3.86,4.31,34.7,6.5,47.7,24.5,20.9,10.5,12.1,27.7,4,3.75,1.48,4.5,18,71,2,6,3,3.3,5.3,5.3,14,23,21,25,,,,69,4.1,3.85,18,65.4,15.5,0,19.2,0,"Shea Langeliers",-4.944005556121802,19.3,4.6,3.7,14,3.3,1,1,4.08,4.36,3.87,3.95,36.5,8,43.7,30.4,23.5,11.5,13,30.7,2,5.8,1.83,5.3,21.4,86,4,6,4,5,4.7,6,22,22,21,10,,,,87,5.1,5.39,21.4,41.4,6.7,25.3,26.6,0,"Bo Naylor",-0.2223239180508368,21.7,5.2,4.7,21,4.7,0,0,0.319,0.321,0.158,0.297,41.2,9.5,73.8,25,25,73.8,26.2,21,33.3,36.2,31.2,31.5,0.301,0.311,0.141,0.278,36.3,6.8,79.5,22,20,79.5,20.5,16.3,26.2,21.1,28.6,27.9,-0.56,-0.03,0.01,0.049,0.01,1.25,0.5,0,0.03,-1,7.9,,5,8,"away","Final",0,,,"fastball",65.4,"changeup",19.2,,3.9444444444444446,15.777777777777779,"fastball",41.4,"changeup",26.6,,4.018691588785047,16.22641509433962,72,"Normal",86.66666666666667,"Extra Rest","R","L",13,23,5.1,17,4,5183.333333333333,1091.111111111111,0,6005.555555555556,1287.7777777777778,0,,,2008.2,1940.3,,,28.4,26.1,17.7,19.2,25.8,24.9,100,100,100
"825012","2026-05-01","Tyler Soderstrom","Athletics",6,"R","LF",0.212,0.302,0.407,0.709,0.308,0.195,129,24,11,1,3,20.2,11.6,0.24,0.841,0.52,13,6,5,0.837,0.722,0.466,0.448,13.9,26.3,78,78,22,,"Joey Cantillo","L",0.216,0.251,0.364,0.404,"9:40 PM ET","Athletics","Cleveland Guardians","Sutter Health Park","J.T. Ginn",3.1,1.22,20.9,10.5,7,5,"98.2",86,20,4.93,,,,,"Joey Cantillo",3.66,1.39,23.5,11.5,7,4,"96.0",96,19,5.05,,,,,5.04,"Alta",23,3.79,"Moderada",17,4.5,0.728,0.324,0.404,20.8,4,0.679,0.31,0.369,17.9,20,50,10,0,1013,0,"Cielo Despejado",20,0.244,0.724,0.327,0.397,4.5,73,0.251,0.736,0.316,0.42,4.5,42,0.229,0.686,0.31,0.376,4.5,64,0.225,0.663,0.311,0.352,4.5,26,5,46,216,6,89,260,13,23,4,6,4,5.1,17,0,2,8,4.05,4.37,3.86,4.31,34.7,6.5,47.7,24.5,20.9,10.5,12.1,27.7,4,3.75,1.48,4.5,18,71,2,6,3,3.3,5.3,5.3,14,23,21,25,,,,69,4.1,3.85,18,65.4,15.5,0,19.2,0,"Shea Langeliers",-4.944005556121802,19.3,4.6,3.7,14,3.3,1,1,4.08,4.36,3.87,3.95,36.5,8,43.7,30.4,23.5,11.5,13,30.7,2,5.8,1.83,5.3,21.4,86,4,6,4,5,4.7,6,22,22,21,10,,,,87,5.1,5.39,21.4,41.4,6.7,25.3,26.6,0,"Bo Naylor",-0.2223239180508368,21.7,5.2,4.7,21,4.7,0,0,0.319,0.321,0.158,0.297,41.2,9.5,73.8,25,25,73.8,26.2,21,33.3,36.2,31.2,31.5,0.301,0.311,0.141,0.278,36.3,6.8,79.5,22,20,79.5,20.5,16.3,26.2,21.1,28.6,27.9,-0.56,-0.03,0.01,0.049,0.01,1.25,0.5,0,0.03,-1,7.9,,5,8,"away","Final",0,,,"fastball",65.4,"changeup",19.2,,3.9444444444444446,15.777777777777779,"fastball",41.4,"changeup",26.6,,4.018691588785047,16.22641509433962,72,"Normal",86.66666666666667,"Extra Rest","R","L",13,23,5.1,17,4,5183.333333333333,1091.111111111111,0,6005.555555555556,1287.7777777777778,0,,,2008.2,1940.3,,,28.4,26.1,17.7,19.2,25.8,24.9,100,100,100
"825012","2026-05-01","Colby Thomas","Athletics",7,"R","RF",0.25,0.357,0.25,0.607,0.287,0.15,15,3,0,0,0,33.3,13.3,0.222,0.586,0.222,2,2,0,0.142,0.707,0.071,0.43,35.7,27.4,69,69,31,,"Joey Cantillo","L",0.216,0.251,0.364,0.404,"9:40 PM ET","Athletics","Cleveland Guardians","Sutter Health Park","J.T. Ginn",3.1,1.22,20.9,10.5,7,5,"98.2",86,20,4.93,,,,,"Joey Cantillo",3.66,1.39,23.5,11.5,7,4,"96.0",96,19,5.05,,,,,5.04,"Alta",23,3.79,"Moderada",17,4.5,0.728,0.324,0.404,20.8,4,0.679,0.31,0.369,17.9,20,50,10,0,1013,0,"Cielo Despejado",20,0.244,0.724,0.327,0.397,4.5,73,0.251,0.736,0.316,0.42,4.5,42,0.229,0.686,0.31,0.376,4.5,64,0.225,0.663,0.311,0.352,4.5,26,5,46,216,6,89,260,13,23,4,6,4,5.1,17,0,2,8,4.05,4.37,3.86,4.31,34.7,6.5,47.7,24.5,20.9,10.5,12.1,27.7,4,3.75,1.48,4.5,18,71,2,6,3,3.3,5.3,5.3,14,23,21,25,,,,69,4.1,3.85,18,65.4,15.5,0,19.2,0,"Shea Langeliers",-4.944005556121802,19.3,4.6,3.7,14,3.3,1,1,4.08,4.36,3.87,3.95,36.5,8,43.7,30.4,23.5,11.5,13,30.7,2,5.8,1.83,5.3,21.4,86,4,6,4,5,4.7,6,22,22,21,10,,,,87,5.1,5.39,21.4,41.4,6.7,25.3,26.6,0,"Bo Naylor",-0.2223239180508368,21.7,5.2,4.7,21,4.7,0,0,0.319,0.321,0.158,0.297,41.2,9.5,73.8,25,25,73.8,26.2,21,33.3,36.2,31.2,31.5,0.301,0.311,0.141,0.278,36.3,6.8,79.5,22,20,79.5,20.5,16.3,26.2,21.1,28.6,27.9,-0.56,-0.03,0.01,0.049,0.01,1.25,0.5,0,0.03,-1,7.9,,5,8,"away","Final",0,,,"fastball",65.4,"changeup",19.2,,3.9444444444444446,15.777777777777779,"fastball",41.4,"changeup",26.6,,4.018691588785047,16.22641509433962,72,"Normal",86.66666666666667,"Extra Rest","R","L",13,23,5.1,17,4,5183.333333333333,1091.111111111111,0,6005.555555555556,1287.7777777777778,0,,,2008.2,1940.3,,,28.4,26.1,17.7,19.2,25.8,24.9,100,100,100
"825012","2026-05-01","Lawrence Butler","Athletics",8,"R","CF",0.177,0.255,0.292,0.547,0.242,0.115,106,17,2,0,3,26.4,9.4,0.091,0.427,0.227,5,2,1,0.623,0.496,0.326,0.213,26.3,28.3,70,70,30,,"Joey Cantillo","L",0.216,0.251,0.364,0.404,"9:40 PM ET","Athletics","Cleveland Guardians","Sutter Health Park","J.T. Ginn",3.1,1.22,20.9,10.5,7,5,"98.2",86,20,4.93,,,,,"Joey Cantillo",3.66,1.39,23.5,11.5,7,4,"96.0",96,19,5.05,,,,,5.04,"Alta",23,3.79,"Moderada",17,4.5,0.728,0.324,0.404,20.8,4,0.679,0.31,0.369,17.9,20,50,10,0,1013,0,"Cielo Despejado",20,0.244,0.724,0.327,0.397,4.5,73,0.251,0.736,0.316,0.42,4.5,42,0.229,0.686,0.31,0.376,4.5,64,0.225,0.663,0.311,0.352,4.5,26,5,46,216,6,89,260,13,23,4,6,4,5.1,17,0,2,8,4.05,4.37,3.86,4.31,34.7,6.5,47.7,24.5,20.9,10.5,12.1,27.7,4,3.75,1.48,4.5,18,71,2,6,3,3.3,5.3,5.3,14,23,21,25,,,,69,4.1,3.85,18,65.4,15.5,0,19.2,0,"Shea Langeliers",-4.944005556121802,19.3,4.6,3.7,14,3.3,1,1,4.08,4.36,3.87,3.95,36.5,8,43.7,30.4,23.5,11.5,13,30.7,2,5.8,1.83,5.3,21.4,86,4,6,4,5,4.7,6,22,22,21,10,,,,87,5.1,5.39,21.4,41.4,6.7,25.3,26.6,0,"Bo Naylor",-0.2223239180508368,21.7,5.2,4.7,21,4.7,0,0,0.319,0.321,0.158,0.297,41.2,9.5,73.8,25,25,73.8,26.2,21,33.3,36.2,31.2,31.5,0.301,0.311,0.141,0.278,36.3,6.8,79.5,22,20,79.5,20.5,16.3,26.2,21.1,28.6,27.9,-0.56,-0.03,0.01,0.049,0.01,1.25,0.5,0,0.03,-1,7.9,,5,8,"away","Final",0,,,"fastball",65.4,"changeup",19.2,,3.9444444444444446,15.777777777777779,"fastball",41.4,"changeup",26.6,,4.018691588785047,16.22641509433962,72,"Normal",86.66666666666667,"Extra Rest","R","L",13,23,5.1,17,4,5183.333333333333,1091.111111111111,0,6005.555555555556,1287.7777777777778,0,,,2008.2,1940.3,,,28.4,26.1,17.7,19.2,25.8,24.9,100,100,100
"825012","2026-05-01","Jeff McNeil","Athletics",9,"R","2B",0.295,0.37,0.4,0.77,0.343,0.105,109,28,7,0,1,11,9.2,0.316,0.749,0.368,7,6,1,0.647,0.413,0.341,0.163,14.2,5.3,83.7,83.7,16.3,,"Joey Cantillo","L",0.216,0.251,0.364,0.404,"9:40 PM ET","Athletics","Cleveland Guardians","Sutter Health Park","J.T. Ginn",3.1,1.22,20.9,10.5,7,5,"98.2",86,20,4.93,,,,,"Joey Cantillo",3.66,1.39,23.5,11.5,7,4,"96.0",96,19,5.05,,,,,5.04,"Alta",23,3.79,"Moderada",17,4.5,0.728,0.324,0.404,20.8,4,0.679,0.31,0.369,17.9,20,50,10,0,1013,0,"Cielo Despejado",20,0.244,0.724,0.327,0.397,4.5,73,0.251,0.736,0.316,0.42,4.5,42,0.229,0.686,0.31,0.376,4.5,64,0.225,0.663,0.311,0.352,4.5,26,5,46,216,6,89,260,13,23,4,6,4,5.1,17,0,2,8,4.05,4.37,3.86,4.31,34.7,6.5,47.7,24.5,20.9,10.5,12.1,27.7,4,3.75,1.48,4.5,18,71,2,6,3,3.3,5.3,5.3,14,23,21,25,,,,69,4.1,3.85,18,65.4,15.5,0,19.2,0,"Shea Langeliers",-4.944005556121802,19.3,4.6,3.7,14,3.3,1,1,4.08,4.36,3.87,3.95,36.5,8,43.7,30.4,23.5,11.5,13,30.7,2,5.8,1.83,5.3,21.4,86,4,6,4,5,4.7,6,22,22,21,10,,,,87,5.1,5.39,21.4,41.4,6.7,25.3,26.6,0,"Bo Naylor",-0.2223239180508368,21.7,5.2,4.7,21,4.7,0,0,0.319,0.321,0.158,0.297,41.2,9.5,73.8,25,25,73.8,26.2,21,33.3,36.2,31.2,31.5,0.301,0.311,0.141,0.278,36.3,6.8,79.5,22,20,79.5,20.5,16.3,26.2,21.1,28.6,27.9,-0.56,-0.03,0.01,0.049,0.01,1.25,0.5,0,0.03,-1,7.9,,5,8,"away","Final",0,,,"fastball",65.4,"changeup",19.2,,3.9444444444444446,15.777777777777779,"fastball",41.4,"changeup",26.6,,4.018691588785047,16.22641509433962,72,"Normal",86.66666666666667,"Extra Rest","R","L",13,23,5.1,17,4,5183.333333333333,1091.111111111111,0,6005.555555555556,1287.7777777777778,0,,,2008.2,1940.3,,,28.4,26.1,17.7,19.2,25.8,24.9,100,100,100
"825012","2026-05-01","Steven Kwan","Cleveland Guardians",1,"R","CF",0.231,0.321,0.299,0.62,0.282,0.068,135,27,5,0,1,11.9,11.1,0.227,0.688,0.318,7,5,2,0.648,0.51,0.303,0.209,8.8,13.5,91.8,91.8,8.2,,"J.T. Ginn","R",0.25,0.162,0.392,0.277,"9:40 PM ET","Athletics","Cleveland Guardians","Sutter Health Park","J.T. Ginn",3.1,1.22,20.9,10.5,7,5,"98.2",86,20,4.93,,,,,"Joey Cantillo",3.66,1.39,23.5,11.5,7,4,"96.0",96,19,5.05,,,,,5.04,"Alta",23,3.79,"Moderada",17,4.5,0.728,0.324,0.404,20.8,4,0.679,0.31,0.369,17.9,20,50,10,0,1013,0,"Cielo Despejado",20,0.244,0.724,0.327,0.397,4.5,73,0.251,0.736,0.316,0.42,4.5,42,0.229,0.686,0.31,0.376,4.5,64,0.225,0.663,0.311,0.352,4.5,26,5,46,216,6,89,260,13,23,4,6,4,5.1,17,0,2,8,4.05,4.37,3.86,4.31,34.7,6.5,47.7,24.5,20.9,10.5,12.1,27.7,4,3.75,1.48,4.5,18,71,2,6,3,3.3,5.3,5.3,14,23,21,25,,,,69,4.1,3.85,18,65.4,15.5,0,19.2,0,"Shea Langeliers",-4.944005556121802,19.3,4.6,3.7,14,3.3,1,1,4.08,4.36,3.87,3.95,36.5,8,43.7,30.4,23.5,11.5,13,30.7,2,5.8,1.83,5.3,21.4,86,4,6,4,5,4.7,6,22,22,21,10,,,,87,5.1,5.39,21.4,41.4,6.7,25.3,26.6,0,"Bo Naylor",-0.2223239180508368,21.7,5.2,4.7,21,4.7,0,0,0.319,0.321,0.158,0.297,41.2,9.5,73.8,25,25,73.8,26.2,21,33.3,36.2,31.2,31.5,0.301,0.311,0.141,0.278,36.3,6.8,79.5,22,20,79.5,20.5,16.3,26.2,21.1,28.6,27.9,-0.56,-0.03,0.01,0.049,0.01,1.25,0.5,0,0.03,-1,7.9,,5,8,"away","Final",0,,,"fastball",65.4,"changeup",19.2,,3.9444444444444446,15.777777777777779,"fastball",41.4,"changeup",26.6,,4.018691588785047,16.22641509433962,72,"Normal",86.66666666666667,"Extra Rest","R","L",13,23,5.1,17,4,5183.333333333333,1091.111111111111,0,6005.555555555556,1287.7777777777778,0,,,2008.2,1940.3,,,28.4,26.1,17.7,19.2,25.8,24.9,100,100,100
"825012","2026-05-01","Chase DeLauter","Cleveland Guardians",2,"R","RF",0.286,0.372,0.524,0.896,0.386,0.238,121,30,8,1,5,10.7,12.4,0.375,0.84,0.417,10,9,1,0.703,0.939,0.391,0.526,13,14.4,84.4,84.4,15.6,,"J.T. Ginn","R",0.25,0.162,0.392,0.277,"9:40 PM ET","Athletics","Cleveland Guardians","Sutter Health Park","J.T. Ginn",3.1,1.22,20.9,10.5,7,5,"98.2",86,20,4.93,,,,,"Joey Cantillo",3.66,1.39,23.5,11.5,7,4,"96.0",96,19,5.05,,,,,5.04,"Alta",23,3.79,"Moderada",17,4.5,0.728,0.324,0.404,20.8,4,0.679,0.31,0.369,17.9,20,50,10,0,1013,0,"Cielo Despejado",20,0.244,0.724,0.327,0.397,4.5,73,0.251,0.736,0.316,0.42,4.5,42,0.229,0.686,0.31,0.376,4.5,64,0.225,0.663,0.311,0.352,4.5,26,5,46,216,6,89,260,13,23,4,6,4,5.1,17,0,2,8,4.05,4.37,3.86,4.31,34.7,6.5,47.7,24.5,20.9,10.5,12.1,27.7,4,3.75,1.48,4.5,18,71,2,6,3,3.3,5.3,5.3,14,23,21,25,,,,69,4.1,3.85,18,65.4,15.5,0,19.2,0,"Shea Langeliers",-4.944005556121802,19.3,4.6,3.7,14,3.3,1,1,4.08,4.36,3.87,3.95,36.5,8,43.7,30.4,23.5,11.5,13,30.7,2,5.8,1.83,5.3,21.4,86,4,6,4,5,4.7,6,22,22,21,10,,,,87,5.1,5.39,21.4,41.4,6.7,25.3,26.6,0,"Bo Naylor",-0.2223239180508368,21.7,5.2,4.7,21,4.7,0,0,0.319,0.321,0.158,0.297,41.2,9.5,73.8,25,25,73.8,26.2,21,33.3,36.2,31.2,31.5,0.301,0.311,0.141,0.278,36.3,6.8,79.5,22,20,79.5,20.5,16.3,26.2,21.1,28.6,27.9,-0.56,-0.03,0.01,0.049,0.01,1.25,0.5,0,0.03,-1,7.9,,5,8,"away","Final",0,,,"fastball",65.4,"changeup",19.2,,3.9444444444444446,15.777777777777779,"fastball",41.4,"changeup",26.6,,4.018691588785047,16.22641509433962,72,"Normal",86.66666666666667,"Extra Rest","R","L",13,23,5.1,17,4,5183.333333333333,1091.111111111111,0,6005.555555555556,1287.7777777777778,0,,,2008.2,1940.3,,,28.4,26.1,17.7,19.2,25.8,24.9,100,100,100
"825012","2026-05-01","José Ramírez","Cleveland Guardians",3,"R","3B",0.217,0.343,0.425,0.768,0.331,0.208,143,26,7,0,6,13.3,16.1,0.185,0.5,0.259,7,5,2,0.668,0.955,0.351,0.566,16.4,8.4,82.6,82.6,17.4,,"J.T. Ginn","R",0.25,0.162,0.392,0.277,"9:40 PM ET","Athletics","Cleveland Guardians","Sutter Health Park","J.T. Ginn",3.1,1.22,20.9,10.5,7,5,"98.2",86,20,4.93,,,,,"Joey Cantillo",3.66,1.39,23.5,11.5,7,4,"96.0",96,19,5.05,,,,,5.04,"Alta",23,3.79,"Moderada",17,4.5,0.728,0.324,0.404,20.8,4,0.679,0.31,0.369,17.9,20,50,10,0,1013,0,"Cielo Despejado",20,0.244,0.724,0.327,0.397,4.5,73,0.251,0.736,0.316,0.42,4.5,42,0.229,0.686,0.31,0.376,4.5,64,0.225,0.663,0.311,0.352,4.5,26,5,46,216,6,89,260,13,23,4,6,4,5.1,17,0,2,8,4.05,4.37,3.86,4.31,34.7,6.5,47.7,24.5,20.9,10.5,12.1,27.7,4,3.75,1.48,4.5,18,71,2,6,3,3.3,5.3,5.3,14,23,21,25,,,,69,4.1,3.85,18,65.4,15.5,0,19.2,0,"Shea Langeliers",-4.944005556121802,19.3,4.6,3.7,14,3.3,1,1,4.08,4.36,3.87,3.95,36.5,8,43.7,30.4,23.5,11.5,13,30.7,2,5.8,1.83,5.3,21.4,86,4,6,4,5,4.7,6,22,22,21,10,,,,87,5.1,5.39,21.4,41.4,6.7,25.3,26.6,0,"Bo Naylor",-0.2223239180508368,21.7,5.2,4.7,21,4.7,0,0,0.319,0.321,0.158,0.297,41.2,9.5,73.8,25,25,73.8,26.2,21,33.3,36.2,31.2,31.5,0.301,0.311,0.141,0.278,36.3,6.8,79.5,22,20,79.5,20.5,16.3,26.2,21.1,28.6,27.9,-0.56,-0.03,0.01,0.049,0.01,1.25,0.5,0,0.03,-1,7.9,,5,8,"away","Final",0,,,"fastball",65.4,"changeup",19.2,,3.9444444444444446,15.777777777777779,"fastball",41.4,"changeup",26.6,,4.018691588785047,16.22641509433962,72,"Normal",86.66666666666667,"Extra Rest","R","L",13,23,5.1,17,4,5183.333333333333,1091.111111111111,0,6005.555555555556,1287.7777777777778,0,,,2008.2,1940.3,,,28.4,26.1,17.7,19.2,25.8,24.9,100,100,100
"825012","2026-05-01","Kyle Manzardo","Cleveland Guardians",4,"R","1B",0.178,0.265,0.233,0.498,0.234,0.055,102,16,2,0,1,34.3,8.8,0.125,0.41,0.188,3,2,1,0.678,0.667,0.382,0.309,33.5,26.9,69.9,69.9,30.1,,"J.T. Ginn","R",0.25,0.162,0.392,0.277,"9:40 PM ET","Athletics","Cleveland Guardians","Sutter Health Park","J.T. Ginn",3.1,1.22,20.9,10.5,7,5,"98.2",86,20,4.93,,,,,"Joey Cantillo",3.66,1.39,23.5,11.5,7,4,"96.0",96,19,5.05,,,,,5.04,"Alta",23,3.79,"Moderada",17,4.5,0.728,0.324,0.404,20.8,4,0.679,0.31,0.369,17.9,20,50,10,0,1013,0,"Cielo Despejado",20,0.244,0.724,0.327,0.397,4.5,73,0.251,0.736,0.316,0.42,4.5,42,0.229,0.686,0.31,0.376,4.5,64,0.225,0.663,0.311,0.352,4.5,26,5,46,216,6,89,260,13,23,4,6,4,5.1,17,0,2,8,4.05,4.37,3.86,4.31,34.7,6.5,47.7,24.5,20.9,10.5,12.1,27.7,4,3.75,1.48,4.5,18,71,2,6,3,3.3,5.3,5.3,14,23,21,25,,,,69,4.1,3.85,18,65.4,15.5,0,19.2,0,"Shea Langeliers",-4.944005556121802,19.3,4.6,3.7,14,3.3,1,1,4.08,4.36,3.87,3.95,36.5,8,43.7,30.4,23.5,11.5,13,30.7,2,5.8,1.83,5.3,21.4,86,4,6,4,5,4.7,6,22,22,21,10,,,,87,5.1,5.39,21.4,41.4,6.7,25.3,26.6,0,"Bo Naylor",-0.2223239180508368,21.7,5.2,4.7,21,4.7,0,0,0.319,0.321,0.158,0.297,41.2,9.5,73.8,25,25,73.8,26.2,21,33.3,36.2,31.2,31.5,0.301,0.311,0.141,0.278,36.3,6.8,79.5,22,20,79.5,20.5,16.3,26.2,21.1,28.6,27.9,-0.56,-0.03,0.01,0.049,0.01,1.25,0.5,0,0.03,-1,7.9,,5,8,"away","Final",0,,,"fastball",65.4,"changeup",19.2,,3.9444444444444446,15.777777777777779,"fastball",41.4,"changeup",26.6,,4.018691588785047,16.22641509433962,72,"Normal",86.66666666666667,"Extra Rest","R","L",13,23,5.1,17,4,5183.333333333333,1091.111111111111,0,6005.555555555556,1287.7777777777778,0,,,2008.2,1940.3,,,28.4,26.1,17.7,19.2,25.8,24.9,100,100,100
"825012","2026-05-01","Rhys Hoskins","Cleveland Guardians",5,"R","DH",0.219,0.367,0.384,0.751,0.337,0.165,90,16,6,0,2,28.9,18.9,0.235,0.644,0.235,4,4,0,0.747,0.602,0.397,0.329,28.8,35.4,68.3,68.3,31.7,,"J.T. Ginn","R",0.25,0.162,0.392,0.277,"9:40 PM ET","Athletics","Cleveland Guardians","Sutter Health Park","J.T. Ginn",3.1,1.22,20.9,10.5,7,5,"98.2",86,20,4.93,,,,,"Joey Cantillo",3.66,1.39,23.5,11.5,7,4,"96.0",96,19,5.05,,,,,5.04,"Alta",23,3.79,"Moderada",17,4.5,0.728,0.324,0.404,20.8,4,0.679,0.31,0.369,17.9,20,50,10,0,1013,0,"Cielo Despejado",20,0.244,0.724,0.327,0.397,4.5,73,0.251,0.736,0.316,0.42,4.5,42,0.229,0.686,0.31,0.376,4.5,64,0.225,0.663,0.311,0.352,4.5,26,5,46,216,6,89,260,13,23,4,6,4,5.1,17,0,2,8,4.05,4.37,3.86,4.31,34.7,6.5,47.7,24.5,20.9,10.5,12.1,27.7,4,3.75,1.48,4.5,18,71,2,6,3,3.3,5.3,5.3,14,23,21,25,,,,69,4.1,3.85,18,65.4,15.5,0,19.2,0,"Shea Langeliers",-4.944005556121802,19.3,4.6,3.7,14,3.3,1,1,4.08,4.36,3.87,3.95,36.5,8,43.7,30.4,23.5,11.5,13,30.7,2,5.8,1.83,5.3,21.4,86,4,6,4,5,4.7,6,22,22,21,10,,,,87,5.1,5.39,21.4,41.4,6.7,25.3,26.6,0,"Bo Naylor",-0.2223239180508368,21.7,5.2,4.7,21,4.7,0,0,0.319,0.321,0.158,0.297,41.2,9.5,73.8,25,25,73.8,26.2,21,33.3,36.2,31.2,31.5,0.301,0.311,0.141,0.278,36.3,6.8,79.5,22,20,79.5,20.5,16.3,26.2,21.1,28.6,27.9,-0.56,-0.03,0.01,0.049,0.01,1.25,0.5,0,0.03,-1,7.9,,5,8,"away","Final",0,,,"fastball",65.4,"changeup",19.2,,3.9444444444444446,15.777777777777779,"fastball",41.4,"changeup",26.6,,4.018691588785047,16.22641509433962,72,"Normal",86.66666666666667,"Extra Rest","R","L",13,23,5.1,17,4,5183.333333333333,1091.111111111111,0,6005.555555555556,1287.7777777777778,0,,,2008.2,1940.3,,,28.4,26.1,17.7,19.2,25.8,24.9,100,100,100
"825012","2026-05-01","Angel Martínez","Cleveland Guardians",6,"R","LF",0.26,0.294,0.479,0.773,0.332,0.219,104,25,6,0,5,19.2,2.9,0.24,0.8,0.56,14,6,4,0.746,0.666,0.463,0.403,25.3,14.8,81.1,81.1,18.9,,"J.T. Ginn","R",0.25,0.162,0.392,0.277,"9:40 PM ET","Athletics","Cleveland Guardians","Sutter Health Park","J.T. Ginn",3.1,1.22,20.9,10.5,7,5,"98.2",86,20,4.93,,,,,"Joey Cantillo",3.66,1.39,23.5,11.5,7,4,"96.0",96,19,5.05,,,,,5.04,"Alta",23,3.79,"Moderada",17,4.5,0.728,0.324,0.404,20.8,4,0.679,0.31,0.369,17.9,20,50,10,0,1013,0,"Cielo Despejado",20,0.244,0.724,0.327,0.397,4.5,73,0.251,0.736,0.316,0.42,4.5,42,0.229,0.686,0.31,0.376,4.5,64,0.225,0.663,0.311,0.352,4.5,26,5,46,216,6,89,260,13,23,4,6,4,5.1,17,0,2,8,4.05,4.37,3.86,4.31,34.7,6.5,47.7,24.5,20.9,10.5,12.1,27.7,4,3.75,1.48,4.5,18,71,2,6,3,3.3,5.3,5.3,14,23,21,25,,,,69,4.1,3.85,18,65.4,15.5,0,19.2,0,"Shea Langeliers",-4.944005556121802,19.3,4.6,3.7,14,3.3,1,1,4.08,4.36,3.87,3.95,36.5,8,43.7,30.4,23.5,11.5,13,30.7,2,5.8,1.83,5.3,21.4,86,4,6,4,5,4.7,6,22,22,21,10,,,,87,5.1,5.39,21.4,41.4,6.7,25.3,26.6,0,"Bo Naylor",-0.2223239180508368,21.7,5.2,4.7,21,4.7,0,0,0.319,0.321,0.158,0.297,41.2,9.5,73.8,25,25,73.8,26.2,21,33.3,36.2,31.2,31.5,0.301,0.311,0.141,0.278,36.3,6.8,79.5,22,20,79.5,20.5,16.3,26.2,21.1,28.6,27.9,-0.56,-0.03,0.01,0.049,0.01,1.25,0.5,0,0.03,-1,7.9,,5,8,"away","Final",0,,,"fastball",65.4,"changeup",19.2,,3.9444444444444446,15.777777777777779,"fastball",41.4,"changeup",26.6,,4.018691588785047,16.22641509433962,72,"Normal",86.66666666666667,"Extra Rest","R","L",13,23,5.1,17,4,5183.333333333333,1091.111111111111,0,6005.555555555556,1287.7777777777778,0,,,2008.2,1940.3,,,28.4,26.1,17.7,19.2,25.8,24.9,100,100,100
"825012","2026-05-01","Travis Bazzana","Cleveland Guardians",7,"R","2B",0.25,0.308,0.4,0.308,0.173,0.15,13,0,0,0,0,23.1,30.8,0,0.25,0,0,0,0,0.863,0.519,0.497,0.238,18,26,72.9,72.9,27.1,,"J.T. Ginn","R",0.25,0.162,0.392,0.277,"9:40 PM ET","Athletics","Cleveland Guardians","Sutter Health Park","J.T. Ginn",3.1,1.22,20.9,10.5,7,5,"98.2",86,20,4.93,,,,,"Joey Cantillo",3.66,1.39,23.5,11.5,7,4,"96.0",96,19,5.05,,,,,5.04,"Alta",23,3.79,"Moderada",17,4.5,0.728,0.324,0.404,20.8,4,0.679,0.31,0.369,17.9,20,50,10,0,1013,0,"Cielo Despejado",20,0.244,0.724,0.327,0.397,4.5,73,0.251,0.736,0.316,0.42,4.5,42,0.229,0.686,0.31,0.376,4.5,64,0.225,0.663,0.311,0.352,4.5,26,5,46,216,6,89,260,13,23,4,6,4,5.1,17,0,2,8,4.05,4.37,3.86,4.31,34.7,6.5,47.7,24.5,20.9,10.5,12.1,27.7,4,3.75,1.48,4.5,18,71,2,6,3,3.3,5.3,5.3,14,23,21,25,,,,69,4.1,3.85,18,65.4,15.5,0,19.2,0,"Shea Langeliers",-4.944005556121802,19.3,4.6,3.7,14,3.3,1,1,4.08,4.36,3.87,3.95,36.5,8,43.7,30.4,23.5,11.5,13,30.7,2,5.8,1.83,5.3,21.4,86,4,6,4,5,4.7,6,22,22,21,10,,,,87,5.1,5.39,21.4,41.4,6.7,25.3,26.6,0,"Bo Naylor",-0.2223239180508368,21.7,5.2,4.7,21,4.7,0,0,0.319,0.321,0.158,0.297,41.2,9.5,73.8,25,25,73.8,26.2,21,33.3,36.2,31.2,31.5,0.301,0.311,0.141,0.278,36.3,6.8,79.5,22,20,79.5,20.5,16.3,26.2,21.1,28.6,27.9,-0.56,-0.03,0.01,0.049,0.01,1.25,0.5,0,0.03,-1,7.9,,5,8,"away","Final",0,,,"fastball",65.4,"changeup",19.2,,3.9444444444444446,15.777777777777779,"fastball",41.4,"changeup",26.6,,4.018691588785047,16.22641509433962,72,"Normal",86.66666666666667,"Extra Rest","R","L",13,23,5.1,17,4,5183.333333333333,1091.111111111111,0,6005.555555555556,1287.7777777777778,0,,,2008.2,1940.3,,,28.4,26.1,17.7,19.2,25.8,24.9,100,100,100
"825012","2026-05-01","Bo Naylor","Cleveland Guardians",8,"R","C",0.137,0.192,0.205,0.397,0.182,0.068,78,10,2,0,1,24.4,6.4,0.053,0.153,0.053,1,1,0,0.379,0.77,0.197,0.462,23.4,23.1,88.5,88.5,11.5,,"J.T. Ginn","R",0.25,0.162,0.392,0.277,"9:40 PM ET","Athletics","Cleveland Guardians","Sutter Health Park","J.T. Ginn",3.1,1.22,20.9,10.5,7,5,"98.2",86,20,4.93,,,,,"Joey Cantillo",3.66,1.39,23.5,11.5,7,4,"96.0",96,19,5.05,,,,,5.04,"Alta",23,3.79,"Moderada",17,4.5,0.728,0.324,0.404,20.8,4,0.679,0.31,0.369,17.9,20,50,10,0,1013,0,"Cielo Despejado",20,0.244,0.724,0.327,0.397,4.5,73,0.251,0.736,0.316,0.42,4.5,42,0.229,0.686,0.31,0.376,4.5,64,0.225,0.663,0.311,0.352,4.5,26,5,46,216,6,89,260,13,23,4,6,4,5.1,17,0,2,8,4.05,4.37,3.86,4.31,34.7,6.5,47.7,24.5,20.9,10.5,12.1,27.7,4,3.75,1.48,4.5,18,71,2,6,3,3.3,5.3,5.3,14,23,21,25,,,,69,4.1,3.85,18,65.4,15.5,0,19.2,0,"Shea Langeliers",-4.944005556121802,19.3,4.6,3.7,14,3.3,1,1,4.08,4.36,3.87,3.95,36.5,8,43.7,30.4,23.5,11.5,13,30.7,2,5.8,1.83,5.3,21.4,86,4,6,4,5,4.7,6,22,22,21,10,,,,87,5.1,5.39,21.4,41.4,6.7,25.3,26.6,0,"Bo Naylor",-0.2223239180508368,21.7,5.2,4.7,21,4.7,0,0,0.319,0.321,0.158,0.297,41.2,9.5,73.8,25,25,73.8,26.2,21,33.3,36.2,31.2,31.5,0.301,0.311,0.141,0.278,36.3,6.8,79.5,22,20,79.5,20.5,16.3,26.2,21.1,28.6,27.9,-0.56,-0.03,0.01,0.049,0.01,1.25,0.5,0,0.03,-1,7.9,,5,8,"away","Final",0,,,"fastball",65.4,"changeup",19.2,,3.9444444444444446,15.777777777777779,"fastball",41.4,"changeup",26.6,,4.018691588785047,16.22641509433962,72,"Normal",86.66666666666667,"Extra Rest","R","L",13,23,5.1,17,4,5183.333333333333,1091.111111111111,0,6005.555555555556,1287.7777777777778,0,,,2008.2,1940.3,,,28.4,26.1,17.7,19.2,25.8,24.9,100,100,100
"825012","2026-05-01","Brayan Rocchio","Cleveland Guardians",9,"R","SS",0.279,0.353,0.404,0.757,0.335,0.125,118,29,4,0,3,9.3,8.5,0.28,0.56,0.28,7,7,0,0.77,0.684,0.402,0.396,12.9,16.8,76.1,76.1,23.9,,"J.T. Ginn","R",0.25,0.162,0.392,0.277,"9:40 PM ET","Athletics","Cleveland Guardians","Sutter Health Park","J.T. Ginn",3.1,1.22,20.9,10.5,7,5,"98.2",86,20,4.93,,,,,"Joey Cantillo",3.66,1.39,23.5,11.5,7,4,"96.0",96,19,5.05,,,,,5.04,"Alta",23,3.79,"Moderada",17,4.5,0.728,0.324,0.404,20.8,4,0.679,0.31,0.369,17.9,20,50,10,0,1013,0,"Cielo Despejado",20,0.244,0.724,0.327,0.397,4.5,73,0.251,0.736,0.316,0.42,4.5,42,0.229,0.686,0.31,0.376,4.5,64,0.225,0.663,0.311,0.352,4.5,26,5,46,216,6,89,260,13,23,4,6,4,5.1,17,0,2,8,4.05,4.37,3.86,4.31,34.7,6.5,47.7,24.5,20.9,10.5,12.1,27.7,4,3.75,1.48,4.5,18,71,2,6,3,3.3,5.3,5.3,14,23,21,25,,,,69,4.1,3.85,18,65.4,15.5,0,19.2,0,"Shea Langeliers",-4.944005556121802,19.3,4.6,3.7,14,3.3,1,1,4.08,4.36,3.87,3.95,36.5,8,43.7,30.4,23.5,11.5,13,30.7,2,5.8,1.83,5.3,21.4,86,4,6,4,5,4.7,6,22,22,21,10,,,,87,5.1,5.39,21.4,41.4,6.7,25.3,26.6,0,"Bo Naylor",-0.2223239180508368,21.7,5.2,4.7,21,4.7,0,0,0.319,0.321,0.158,0.297,41.2,9.5,73.8,25,25,73.8,26.2,21,33.3,36.2,31.2,31.5,0.301,0.311,0.141,0.278,36.3,6.8,79.5,22,20,79.5,20.5,16.3,26.2,21.1,28.6,27.9,-0.56,-0.03,0.01,0.049,0.01,1.25,0.5,0,0.03,-1,7.9,,5,8,"away","Final",0,,,"fastball",65.4,"changeup",19.2,,3.9444444444444446,15.777777777777779,"fastball",41.4,"changeup",26.6,,4.018691588785047,16.22641509433962,72,"Normal",86.66666666666667,"Extra Rest","R","L",13,23,5.1,17,4,5183.333333333333,1091.111111111111,0,6005.555555555556,1287.7777777777778,0,,,2008.2,1940.3,,,28.4,26.1,17.7,19.2,25.8,24.9,100,100,100
"822733","2026-05-21","James Wood","Washington Nationals",1,"R","LF",0.254,0.39,0.523,0.913,0.385,0.269,241,50,14,0,13,30.3,16.6,0.345,0.941,0.517,15,10,3,1.001,0.848,0.574,0.496,27.5,31.7,68.7,68.7,31.3,,"David Peterson","L",0.264,0.305,0.464,0.438,"4:05 PM ET","Washington Nationals","New York Mets","Nationals Park","Cade Cavalli",3.88,1.38,25.5,7.5,5,4,"92.2",105,19,4.88,,,,,"David Peterson",6.45,1.64,18.3,9.7,4,7,"82.1",70,19,4.33,,,,,5.04,"Alta",28,3.96,"Alta",31,5.4,0.76,0.325,0.435,20.4,4.2,0.687,0.304,0.383,21.0,16.9,70,14.4,37,1022.1,6,"Parcialmente Nublado",15.2,0.244,0.753,0.318,0.435,4.5,101,0.267,0.78,0.345,0.435,4.5,31,0.233,0.684,0.303,0.381,4.5,78,0.239,0.696,0.306,0.39,4.5,32,5,94,265,5,82,228,14.1,28,1,3,7,11.2,31,2,2,6,4.14,3.45,3.19,3.68,39,7.2,49.6,22.3,25.5,7.5,12.2,30.7,9,6.8,3.25,5.4,24.6,89,8,4,2,6.3,5.7,4,26,25,22,29.3,10,27,27,94,5.2,5.95,24.6,52.3,11.2,28.3,8.3,0,"Keibert Ruiz",2.8108703144677705,24.3,5.3,4.7,22,4,0,0,5.31,4.38,3.89,4.6,43,6.6,48.5,20.6,18.3,9.7,10,26.9,3,5.2,1.33,4.7,23.2,80,5,7,6,3.7,5,5,19,25,23,17.9,5,19,19,83,5,4.8,23.2,52.1,24,12.2,11.8,0,"Luis Torrens",4.760209617563985,22.3,4.6,6.0,19,3.7,0,0,0.331,0.337,0.184,0.292,43.1,9.9,76.7,23.6,21.3,76.7,23.3,16.4,31.8,30.6,29.1,34.8,0.303,0.328,0.148,0.277,43,8.8,75.1,21.8,22.7,75,24.9,19.1,33.9,32.5,23.6,38.6,-2.57,-1.17,-0.93,0.073,0.009,1.08,1.2,0,-0.01,0,2.9,,1,2,"away","Final",0,,,"fastball",52.3,"curve",28.3,,3.6178861788617884,16.48148148148148,"fastball",52.1,"slider",24,,3.4482758620689657,17.02127659574468,88.33333333333333,"Normal",76,"Normal","R","L",14.1,28,11.2,31,1,5737.777777777777,877.7777777777778,0,5262.222222222223,911.1111111111111,0,,,,,,,,,25.6,28.3,25.3,13.7,94,104,103
"822733","2026-05-21","Curtis Mead","Washington Nationals",2,"R","1B",0.225,0.352,0.422,0.774,0.342,0.197,122,23,8,0,4,15.6,14.8,0.313,0.98,0.438,7,5,2,0.804,0.831,0.465,0.5,18.5,19.5,82.7,82.7,17.3,,"David Peterson","L",0.264,0.305,0.464,0.438,"4:05 PM ET","Washington Nationals","New York Mets","Nationals Park","Cade Cavalli",3.88,1.38,25.5,7.5,5,4,"92.2",105,19,4.88,,,,,"David Peterson",6.45,1.64,18.3,9.7,4,7,"82.1",70,19,4.33,,,,,5.04,"Alta",28,3.96,"Alta",31,5.4,0.76,0.325,0.435,20.4,4.2,0.687,0.304,0.383,21.0,16.9,70,14.4,37,1022.1,6,"Parcialmente Nublado",15.2,0.244,0.753,0.318,0.435,4.5,101,0.267,0.78,0.345,0.435,4.5,31,0.233,0.684,0.303,0.381,4.5,78,0.239,0.696,0.306,0.39,4.5,32,5,94,265,5,82,228,14.1,28,1,3,7,11.2,31,2,2,6,4.14,3.45,3.19,3.68,39,7.2,49.6,22.3,25.5,7.5,12.2,30.7,9,6.8,3.25,5.4,24.6,89,8,4,2,6.3,5.7,4,26,25,22,29.3,10,27,27,94,5.2,5.95,24.6,52.3,11.2,28.3,8.3,0,"Keibert Ruiz",2.8108703144677705,24.3,5.3,4.7,22,4,0,0,5.31,4.38,3.89,4.6,43,6.6,48.5,20.6,18.3,9.7,10,26.9,3,5.2,1.33,4.7,23.2,80,5,7,6,3.7,5,5,19,25,23,17.9,5,19,19,83,5,4.8,23.2,52.1,24,12.2,11.8,0,"Luis Torrens",4.760209617563985,22.3,4.6,6.0,19,3.7,0,0,0.331,0.337,0.184,0.292,43.1,9.9,76.7,23.6,21.3,76.7,23.3,16.4,31.8,30.6,29.1,34.8,0.303,0.328,0.148,0.277,43,8.8,75.1,21.8,22.7,75,24.9,19.1,33.9,32.5,23.6,38.6,-2.57,-1.17,-0.93,0.073,0.009,1.08,1.2,0,-0.01,0,2.9,,1,2,"away","Final",0,,,"fastball",52.3,"curve",28.3,,3.6178861788617884,16.48148148148148,"fastball",52.1,"slider",24,,3.4482758620689657,17.02127659574468,88.33333333333333,"Normal",76,"Normal","R","L",14.1,28,11.2,31,1,5737.777777777777,877.7777777777778,0,5262.222222222223,911.1111111111111,0,,,,,,,,,25.6,28.3,25.3,13.7,94,104,103
"822733","2026-05-21","Jorbit Vivas","Washington Nationals",3,"R","3B",0.239,0.327,0.304,0.631,0.292,0.065,110,22,6,0,0,13.6,8.2,0.214,0.782,0.429,6,3,3,0.683,0.637,0.358,0.28,13.5,6.9,83.4,83.4,16.6,,"David Peterson","L",0.264,0.305,0.464,0.438,"4:05 PM ET","Washington Nationals","New York Mets","Nationals Park","Cade Cavalli",3.88,1.38,25.5,7.5,5,4,"92.2",105,19,4.88,,,,,"David Peterson",6.45,1.64,18.3,9.7,4,7,"82.1",70,19,4.33,,,,,5.04,"Alta",28,3.96,"Alta",31,5.4,0.76,0.325,0.435,20.4,4.2,0.687,0.304,0.383,21.0,16.9,70,14.4,37,1022.1,6,"Parcialmente Nublado",15.2,0.244,0.753,0.318,0.435,4.5,101,0.267,0.78,0.345,0.435,4.5,31,0.233,0.684,0.303,0.381,4.5,78,0.239,0.696,0.306,0.39,4.5,32,5,94,265,5,82,228,14.1,28,1,3,7,11.2,31,2,2,6,4.14,3.45,3.19,3.68,39,7.2,49.6,22.3,25.5,7.5,12.2,30.7,9,6.8,3.25,5.4,24.6,89,8,4,2,6.3,5.7,4,26,25,22,29.3,10,27,27,94,5.2,5.95,24.6,52.3,11.2,28.3,8.3,0,"Keibert Ruiz",2.8108703144677705,24.3,5.3,4.7,22,4,0,0,5.31,4.38,3.89,4.6,43,6.6,48.5,20.6,18.3,9.7,10,26.9,3,5.2,1.33,4.7,23.2,80,5,7,6,3.7,5,5,19,25,23,17.9,5,19,19,83,5,4.8,23.2,52.1,24,12.2,11.8,0,"Luis Torrens",4.760209617563985,22.3,4.6,6.0,19,3.7,0,0,0.331,0.337,0.184,0.292,43.1,9.9,76.7,23.6,21.3,76.7,23.3,16.4,31.8,30.6,29.1,34.8,0.303,0.328,0.148,0.277,43,8.8,75.1,21.8,22.7,75,24.9,19.1,33.9,32.5,23.6,38.6,-2.57,-1.17,-0.93,0.073,0.009,1.08,1.2,0,-0.01,0,2.9,,1,2,"away","Final",0,,,"fastball",52.3,"curve",28.3,,3.6178861788617884,16.48148148148148,"fastball",52.1,"slider",24,,3.4482758620689657,17.02127659574468,88.33333333333333,"Normal",76,"Normal","R","L",14.1,28,11.2,31,1,5737.777777777777,877.7777777777778,0,5262.222222222223,911.1111111111111,0,,,,,,,,,25.6,28.3,25.3,13.7,94,104,103
"822733","2026-05-21","CJ Abrams","Washington Nationals",4,"R","SS",0.297,0.391,0.533,0.924,0.398,0.236,215,54,11,1,10,19.5,10.7,0.321,0.923,0.536,15,9,4,0.914,0.767,0.547,0.443,18.9,26.9,71.8,71.8,28.2,,"David Peterson","L",0.264,0.305,0.464,0.438,"4:05 PM ET","Washington Nationals","New York Mets","Nationals Park","Cade Cavalli",3.88,1.38,25.5,7.5,5,4,"92.2",105,19,4.88,,,,,"David Peterson",6.45,1.64,18.3,9.7,4,7,"82.1",70,19,4.33,,,,,5.04,"Alta",28,3.96,"Alta",31,5.4,0.76,0.325,0.435,20.4,4.2,0.687,0.304,0.383,21.0,16.9,70,14.4,37,1022.1,6,"Parcialmente Nublado",15.2,0.244,0.753,0.318,0.435,4.5,101,0.267,0.78,0.345,0.435,4.5,31,0.233,0.684,0.303,0.381,4.5,78,0.239,0.696,0.306,0.39,4.5,32,5,94,265,5,82,228,14.1,28,1,3,7,11.2,31,2,2,6,4.14,3.45,3.19,3.68,39,7.2,49.6,22.3,25.5,7.5,12.2,30.7,9,6.8,3.25,5.4,24.6,89,8,4,2,6.3,5.7,4,26,25,22,29.3,10,27,27,94,5.2,5.95,24.6,52.3,11.2,28.3,8.3,0,"Keibert Ruiz",2.8108703144677705,24.3,5.3,4.7,22,4,0,0,5.31,4.38,3.89,4.6,43,6.6,48.5,20.6,18.3,9.7,10,26.9,3,5.2,1.33,4.7,23.2,80,5,7,6,3.7,5,5,19,25,23,17.9,5,19,19,83,5,4.8,23.2,52.1,24,12.2,11.8,0,"Luis Torrens",4.760209617563985,22.3,4.6,6.0,19,3.7,0,0,0.331,0.337,0.184,0.292,43.1,9.9,76.7,23.6,21.3,76.7,23.3,16.4,31.8,30.6,29.1,34.8,0.303,0.328,0.148,0.277,43,8.8,75.1,21.8,22.7,75,24.9,19.1,33.9,32.5,23.6,38.6,-2.57,-1.17,-0.93,0.073,0.009,1.08,1.2,0,-0.01,0,2.9,,1,2,"away","Final",0,,,"fastball",52.3,"curve",28.3,,3.6178861788617884,16.48148148148148,"fastball",52.1,"slider",24,,3.4482758620689657,17.02127659574468,88.33333333333333,"Normal",76,"Normal","R","L",14.1,28,11.2,31,1,5737.777777777777,877.7777777777778,0,5262.222222222223,911.1111111111111,0,,,,,,,,,25.6,28.3,25.3,13.7,94,104,103
"822733","2026-05-21","Dylan Crews","Washington Nationals",5,"R","RF",0.182,0.25,0.182,0.432,0.204,0.15,12,2,0,0,0,16.7,8.3,0.25,0.5,0.25,2,2,0,0.497,0.98,0.274,0.569,23.1,16.1,71.7,71.7,28.3,,"David Peterson","L",0.264,0.305,0.464,0.438,"4:05 PM ET","Washington Nationals","New York Mets","Nationals Park","Cade Cavalli",3.88,1.38,25.5,7.5,5,4,"92.2",105,19,4.88,,,,,"David Peterson",6.45,1.64,18.3,9.7,4,7,"82.1",70,19,4.33,,,,,5.04,"Alta",28,3.96,"Alta",31,5.4,0.76,0.325,0.435,20.4,4.2,0.687,0.304,0.383,21.0,16.9,70,14.4,37,1022.1,6,"Parcialmente Nublado",15.2,0.244,0.753,0.318,0.435,4.5,101,0.267,0.78,0.345,0.435,4.5,31,0.233,0.684,0.303,0.381,4.5,78,0.239,0.696,0.306,0.39,4.5,32,5,94,265,5,82,228,14.1,28,1,3,7,11.2,31,2,2,6,4.14,3.45,3.19,3.68,39,7.2,49.6,22.3,25.5,7.5,12.2,30.7,9,6.8,3.25,5.4,24.6,89,8,4,2,6.3,5.7,4,26,25,22,29.3,10,27,27,94,5.2,5.95,24.6,52.3,11.2,28.3,8.3,0,"Keibert Ruiz",2.8108703144677705,24.3,5.3,4.7,22,4,0,0,5.31,4.38,3.89,4.6,43,6.6,48.5,20.6,18.3,9.7,10,26.9,3,5.2,1.33,4.7,23.2,80,5,7,6,3.7,5,5,19,25,23,17.9,5,19,19,83,5,4.8,23.2,52.1,24,12.2,11.8,0,"Luis Torrens",4.760209617563985,22.3,4.6,6.0,19,3.7,0,0,0.331,0.337,0.184,0.292,43.1,9.9,76.7,23.6,21.3,76.7,23.3,16.4,31.8,30.6,29.1,34.8,0.303,0.328,0.148,0.277,43,8.8,75.1,21.8,22.7,75,24.9,19.1,33.9,32.5,23.6,38.6,-2.57,-1.17,-0.93,0.073,0.009,1.08,1.2,0,-0.01,0,2.9,,1,2,"away","Final",0,,,"fastball",52.3,"curve",28.3,,3.6178861788617884,16.48148148148148,"fastball",52.1,"slider",24,,3.4482758620689657,17.02127659574468,88.33333333333333,"Normal",76,"Normal","R","L",14.1,28,11.2,31,1,5737.777777777777,877.7777777777778,0,5262.222222222223,911.1111111111111,0,,,,,,,,,25.6,28.3,25.3,13.7,94,104,103
"822733","2026-05-21","Daylen Lile","Washington Nationals",6,"R","DH",0.269,0.324,0.443,0.767,0.333,0.174,222,54,14,0,7,18,7.7,0.233,0.658,0.4,12,7,3,0.759,0.594,0.459,0.284,16.8,18.6,78.2,78.2,21.8,,"David Peterson","L",0.264,0.305,0.464,0.438,"4:05 PM ET","Washington Nationals","New York Mets","Nationals Park","Cade Cavalli",3.88,1.38,25.5,7.5,5,4,"92.2",105,19,4.88,,,,,"David Peterson",6.45,1.64,18.3,9.7,4,7,"82.1",70,19,4.33,,,,,5.04,"Alta",28,3.96,"Alta",31,5.4,0.76,0.325,0.435,20.4,4.2,0.687,0.304,0.383,21.0,16.9,70,14.4,37,1022.1,6,"Parcialmente Nublado",15.2,0.244,0.753,0.318,0.435,4.5,101,0.267,0.78,0.345,0.435,4.5,31,0.233,0.684,0.303,0.381,4.5,78,0.239,0.696,0.306,0.39,4.5,32,5,94,265,5,82,228,14.1,28,1,3,7,11.2,31,2,2,6,4.14,3.45,3.19,3.68,39,7.2,49.6,22.3,25.5,7.5,12.2,30.7,9,6.8,3.25,5.4,24.6,89,8,4,2,6.3,5.7,4,26,25,22,29.3,10,27,27,94,5.2,5.95,24.6,52.3,11.2,28.3,8.3,0,"Keibert Ruiz",2.8108703144677705,24.3,5.3,4.7,22,4,0,0,5.31,4.38,3.89,4.6,43,6.6,48.5,20.6,18.3,9.7,10,26.9,3,5.2,1.33,4.7,23.2,80,5,7,6,3.7,5,5,19,25,23,17.9,5,19,19,83,5,4.8,23.2,52.1,24,12.2,11.8,0,"Luis Torrens",4.760209617563985,22.3,4.6,6.0,19,3.7,0,0,0.331,0.337,0.184,0.292,43.1,9.9,76.7,23.6,21.3,76.7,23.3,16.4,31.8,30.6,29.1,34.8,0.303,0.328,0.148,0.277,43,8.8,75.1,21.8,22.7,75,24.9,19.1,33.9,32.5,23.6,38.6,-2.57,-1.17,-0.93,0.073,0.009,1.08,1.2,0,-0.01,0,2.9,,1,2,"away","Final",0,,,"fastball",52.3,"curve",28.3,,3.6178861788617884,16.48148148148148,"fastball",52.1,"slider",24,,3.4482758620689657,17.02127659574468,88.33333333333333,"Normal",76,"Normal","R","L",14.1,28,11.2,31,1,5737.777777777777,877.7777777777778,0,5262.222222222223,911.1111111111111,0,,,,,,,,,25.6,28.3,25.3,13.7,94,104,103
"822733","2026-05-21","Luis García Jr.","Washington Nationals",7,"R","PH",0.26,0.287,0.407,0.694,0.299,0.147,157,39,9,2,3,15.3,3.8,0.208,0.561,0.292,7,5,2,0.927,0.65,0.595,0.4,14.4,19.4,81,81,19,,"David Peterson","L",0.264,0.305,0.464,0.438,"4:05 PM ET","Washington Nationals","New York Mets","Nationals Park","Cade Cavalli",3.88,1.38,25.5,7.5,5,4,"92.2",105,19,4.88,,,,,"David Peterson",6.45,1.64,18.3,9.7,4,7,"82.1",70,19,4.33,,,,,5.04,"Alta",28,3.96,"Alta",31,5.4,0.76,0.325,0.435,20.4,4.2,0.687,0.304,0.383,21.0,16.9,70,14.4,37,1022.1,6,"Parcialmente Nublado",15.2,0.244,0.753,0.318,0.435,4.5,101,0.267,0.78,0.345,0.435,4.5,31,0.233,0.684,0.303,0.381,4.5,78,0.239,0.696,0.306,0.39,4.5,32,5,94,265,5,82,228,14.1,28,1,3,7,11.2,31,2,2,6,4.14,3.45,3.19,3.68,39,7.2,49.6,22.3,25.5,7.5,12.2,30.7,9,6.8,3.25,5.4,24.6,89,8,4,2,6.3,5.7,4,26,25,22,29.3,10,27,27,94,5.2,5.95,24.6,52.3,11.2,28.3,8.3,0,"Keibert Ruiz",2.8108703144677705,24.3,5.3,4.7,22,4,0,0,5.31,4.38,3.89,4.6,43,6.6,48.5,20.6,18.3,9.7,10,26.9,3,5.2,1.33,4.7,23.2,80,5,7,6,3.7,5,5,19,25,23,17.9,5,19,19,83,5,4.8,23.2,52.1,24,12.2,11.8,0,"Luis Torrens",4.760209617563985,22.3,4.6,6.0,19,3.7,0,0,0.331,0.337,0.184,0.292,43.1,9.9,76.7,23.6,21.3,76.7,23.3,16.4,31.8,30.6,29.1,34.8,0.303,0.328,0.148,0.277,43,8.8,75.1,21.8,22.7,75,24.9,19.1,33.9,32.5,23.6,38.6,-2.57,-1.17,-0.93,0.073,0.009,1.08,1.2,0,-0.01,0,2.9,,1,2,"away","Final",0,,,"fastball",52.3,"curve",28.3,,3.6178861788617884,16.48148148148148,"fastball",52.1,"slider",24,,3.4482758620689657,17.02127659574468,88.33333333333333,"Normal",76,"Normal","R","L",14.1,28,11.2,31,1,5737.777777777777,877.7777777777778,0,5262.222222222223,911.1111111111111,0,,,,,,,,,25.6,28.3,25.3,13.7,94,104,103
"822733","2026-05-21","José Tena","Washington Nationals",8,"R","PH",0.245,0.304,0.436,0.74,0.32,0.191,102,23,7,1,3,30.4,6.9,0.13,0.515,0.348,8,3,3,0.678,0.922,0.397,0.455,29.9,33.3,66.8,66.8,33.2,,"David Peterson","L",0.264,0.305,0.464,0.438,"4:05 PM ET","Washington Nationals","New York Mets","Nationals Park","Cade Cavalli",3.88,1.38,25.5,7.5,5,4,"92.2",105,19,4.88,,,,,"David Peterson",6.45,1.64,18.3,9.7,4,7,"82.1",70,19,4.33,,,,,5.04,"Alta",28,3.96,"Alta",31,5.4,0.76,0.325,0.435,20.4,4.2,0.687,0.304,0.383,21.0,16.9,70,14.4,37,1022.1,6,"Parcialmente Nublado",15.2,0.244,0.753,0.318,0.435,4.5,101,0.267,0.78,0.345,0.435,4.5,31,0.233,0.684,0.303,0.381,4.5,78,0.239,0.696,0.306,0.39,4.5,32,5,94,265,5,82,228,14.1,28,1,3,7,11.2,31,2,2,6,4.14,3.45,3.19,3.68,39,7.2,49.6,22.3,25.5,7.5,12.2,30.7,9,6.8,3.25,5.4,24.6,89,8,4,2,6.3,5.7,4,26,25,22,29.3,10,27,27,94,5.2,5.95,24.6,52.3,11.2,28.3,8.3,0,"Keibert Ruiz",2.8108703144677705,24.3,5.3,4.7,22,4,0,0,5.31,4.38,3.89,4.6,43,6.6,48.5,20.6,18.3,9.7,10,26.9,3,5.2,1.33,4.7,23.2,80,5,7,6,3.7,5,5,19,25,23,17.9,5,19,19,83,5,4.8,23.2,52.1,24,12.2,11.8,0,"Luis Torrens",4.760209617563985,22.3,4.6,6.0,19,3.7,0,0,0.331,0.337,0.184,0.292,43.1,9.9,76.7,23.6,21.3,76.7,23.3,16.4,31.8,30.6,29.1,34.8,0.303,0.328,0.148,0.277,43,8.8,75.1,21.8,22.7,75,24.9,19.1,33.9,32.5,23.6,38.6,-2.57,-1.17,-0.93,0.073,0.009,1.08,1.2,0,-0.01,0,2.9,,1,2,"away","Final",0,,,"fastball",52.3,"curve",28.3,,3.6178861788617884,16.48148148148148,"fastball",52.1,"slider",24,,3.4482758620689657,17.02127659574468,88.33333333333333,"Normal",76,"Normal","R","L",14.1,28,11.2,31,1,5737.777777777777,877.7777777777778,0,5262.222222222223,911.1111111111111,0,,,,,,,,,25.6,28.3,25.3,13.7,94,104,103
"822733","2026-05-21","Keibert Ruiz","Washington Nationals",9,"R","C",0.26,0.277,0.5,0.777,0.332,0.24,101,25,11,0,4,14.9,2,0.423,1.444,1,26,11,9,0.753,0.796,0.455,0.472,9.2,18.9,86.4,86.4,13.6,,"David Peterson","L",0.264,0.305,0.464,0.438,"4:05 PM ET","Washington Nationals","New York Mets","Nationals Park","Cade Cavalli",3.88,1.38,25.5,7.5,5,4,"92.2",105,19,4.88,,,,,"David Peterson",6.45,1.64,18.3,9.7,4,7,"82.1",70,19,4.33,,,,,5.04,"Alta",28,3.96,"Alta",31,5.4,0.76,0.325,0.435,20.4,4.2,0.687,0.304,0.383,21.0,16.9,70,14.4,37,1022.1,6,"Parcialmente Nublado",15.2,0.244,0.753,0.318,0.435,4.5,101,0.267,0.78,0.345,0.435,4.5,31,0.233,0.684,0.303,0.381,4.5,78,0.239,0.696,0.306,0.39,4.5,32,5,94,265,5,82,228,14.1,28,1,3,7,11.2,31,2,2,6,4.14,3.45,3.19,3.68,39,7.2,49.6,22.3,25.5,7.5,12.2,30.7,9,6.8,3.25,5.4,24.6,89,8,4,2,6.3,5.7,4,26,25,22,29.3,10,27,27,94,5.2,5.95,24.6,52.3,11.2,28.3,8.3,0,"Keibert Ruiz",2.8108703144677705,24.3,5.3,4.7,22,4,0,0,5.31,4.38,3.89,4.6,43,6.6,48.5,20.6,18.3,9.7,10,26.9,3,5.2,1.33,4.7,23.2,80,5,7,6,3.7,5,5,19,25,23,17.9,5,19,19,83,5,4.8,23.2,52.1,24,12.2,11.8,0,"Luis Torrens",4.760209617563985,22.3,4.6,6.0,19,3.7,0,0,0.331,0.337,0.184,0.292,43.1,9.9,76.7,23.6,21.3,76.7,23.3,16.4,31.8,30.6,29.1,34.8,0.303,0.328,0.148,0.277,43,8.8,75.1,21.8,22.7,75,24.9,19.1,33.9,32.5,23.6,38.6,-2.57,-1.17,-0.93,0.073,0.009,1.08,1.2,0,-0.01,0,2.9,,1,2,"away","Final",0,,,"fastball",52.3,"curve",28.3,,3.6178861788617884,16.48148148148148,"fastball",52.1,"slider",24,,3.4482758620689657,17.02127659574468,88.33333333333333,"Normal",76,"Normal","R","L",14.1,28,11.2,31,1,5737.777777777777,877.7777777777778,0,5262.222222222223,911.1111111111111,0,,,,,,,,,25.6,28.3,25.3,13.7,94,104,103
"822733","2026-05-21","Carson Benge","New York Mets",1,"R","RF",0.262,0.316,0.36,0.676,0.299,0.098,177,43,7,0,3,19.8,6.8,0.394,0.884,0.455,15,13,2,0.737,0.765,0.412,0.413,19.6,25,79.4,79.4,20.6,,"Cade Cavalli","R",0.297,0.224,0.429,0.289,"4:05 PM ET","Washington Nationals","New York Mets","Nationals Park","Cade Cavalli",3.88,1.38,25.5,7.5,5,4,"92.2",105,19,4.88,,,,,"David Peterson",6.45,1.64,18.3,9.7,4,7,"82.1",70,19,4.33,,,,,5.04,"Alta",28,3.96,"Alta",31,5.4,0.76,0.325,0.435,20.4,4.2,0.687,0.304,0.383,21.0,16.9,70,14.4,37,1022.1,6,"Parcialmente Nublado",15.2,0.244,0.753,0.318,0.435,4.5,101,0.267,0.78,0.345,0.435,4.5,31,0.233,0.684,0.303,0.381,4.5,78,0.239,0.696,0.306,0.39,4.5,32,5,94,265,5,82,228,14.1,28,1,3,7,11.2,31,2,2,6,4.14,3.45,3.19,3.68,39,7.2,49.6,22.3,25.5,7.5,12.2,30.7,9,6.8,3.25,5.4,24.6,89,8,4,2,6.3,5.7,4,26,25,22,29.3,10,27,27,94,5.2,5.95,24.6,52.3,11.2,28.3,8.3,0,"Keibert Ruiz",2.8108703144677705,24.3,5.3,4.7,22,4,0,0,5.31,4.38,3.89,4.6,43,6.6,48.5,20.6,18.3,9.7,10,26.9,3,5.2,1.33,4.7,23.2,80,5,7,6,3.7,5,5,19,25,23,17.9,5,19,19,83,5,4.8,23.2,52.1,24,12.2,11.8,0,"Luis Torrens",4.760209617563985,22.3,4.6,6.0,19,3.7,0,0,0.331,0.337,0.184,0.292,43.1,9.9,76.7,23.6,21.3,76.7,23.3,16.4,31.8,30.6,29.1,34.8,0.303,0.328,0.148,0.277,43,8.8,75.1,21.8,22.7,75,24.9,19.1,33.9,32.5,23.6,38.6,-2.57,-1.17,-0.93,0.073,0.009,1.08,1.2,0,-0.01,0,2.9,,1,2,"away","Final",0,,,"fastball",52.3,"curve",28.3,,3.6178861788617884,16.48148148148148,"fastball",52.1,"slider",24,,3.4482758620689657,17.02127659574468,88.33333333333333,"Normal",76,"Normal","R","L",14.1,28,11.2,31,1,5737.777777777777,877.7777777777778,0,5262.222222222223,911.1111111111111,0,,,,,,,,,25.6,28.3,25.3,13.7,94,104,103
"822733","2026-05-21","Bo Bichette","New York Mets",2,"R","SS",0.225,0.276,0.328,0.604,0.269,0.103,221,46,6,0,5,16.7,6.8,0.233,0.87,0.567,17,7,4,0.659,0.726,0.363,0.418,18.4,15.9,81.7,81.7,18.3,,"Cade Cavalli","R",0.297,0.224,0.429,0.289,"4:05 PM ET","Washington Nationals","New York Mets","Nationals Park","Cade Cavalli",3.88,1.38,25.5,7.5,5,4,"92.2",105,19,4.88,,,,,"David Peterson",6.45,1.64,18.3,9.7,4,7,"82.1",70,19,4.33,,,,,5.04,"Alta",28,3.96,"Alta",31,5.4,0.76,0.325,0.435,20.4,4.2,0.687,0.304,0.383,21.0,16.9,70,14.4,37,1022.1,6,"Parcialmente Nublado",15.2,0.244,0.753,0.318,0.435,4.5,101,0.267,0.78,0.345,0.435,4.5,31,0.233,0.684,0.303,0.381,4.5,78,0.239,0.696,0.306,0.39,4.5,32,5,94,265,5,82,228,14.1,28,1,3,7,11.2,31,2,2,6,4.14,3.45,3.19,3.68,39,7.2,49.6,22.3,25.5,7.5,12.2,30.7,9,6.8,3.25,5.4,24.6,89,8,4,2,6.3,5.7,4,26,25,22,29.3,10,27,27,94,5.2,5.95,24.6,52.3,11.2,28.3,8.3,0,"Keibert Ruiz",2.8108703144677705,24.3,5.3,4.7,22,4,0,0,5.31,4.38,3.89,4.6,43,6.6,48.5,20.6,18.3,9.7,10,26.9,3,5.2,1.33,4.7,23.2,80,5,7,6,3.7,5,5,19,25,23,17.9,5,19,19,83,5,4.8,23.2,52.1,24,12.2,11.8,0,"Luis Torrens",4.760209617563985,22.3,4.6,6.0,19,3.7,0,0,0.331,0.337,0.184,0.292,43.1,9.9,76.7,23.6,21.3,76.7,23.3,16.4,31.8,30.6,29.1,34.8,0.303,0.328,0.148,0.277,43,8.8,75.1,21.8,22.7,75,24.9,19.1,33.9,32.5,23.6,38.6,-2.57,-1.17,-0.93,0.073,0.009,1.08,1.2,0,-0.01,0,2.9,,1,2,"away","Final",0,,,"fastball",52.3,"curve",28.3,,3.6178861788617884,16.48148148148148,"fastball",52.1,"slider",24,,3.4482758620689657,17.02127659574468,88.33333333333333,"Normal",76,"Normal","R","L",14.1,28,11.2,31,1,5737.777777777777,877.7777777777778,0,5262.222222222223,911.1111111111111,0,,,,,,,,,25.6,28.3,25.3,13.7,94,104,103
"822733","2026-05-21","Juan Soto","New York Mets",3,"R","LF",0.292,0.388,0.546,0.934,0.392,0.254,152,38,4,1,9,15.8,13.8,0.429,1.479,0.964,27,12,5,1.069,0.855,0.635,0.479,13.2,11.8,80.2,80.2,19.8,,"Cade Cavalli","R",0.297,0.224,0.429,0.289,"4:05 PM ET","Washington Nationals","New York Mets","Nationals Park","Cade Cavalli",3.88,1.38,25.5,7.5,5,4,"92.2",105,19,4.88,,,,,"David Peterson",6.45,1.64,18.3,9.7,4,7,"82.1",70,19,4.33,,,,,5.04,"Alta",28,3.96,"Alta",31,5.4,0.76,0.325,0.435,20.4,4.2,0.687,0.304,0.383,21.0,16.9,70,14.4,37,1022.1,6,"Parcialmente Nublado",15.2,0.244,0.753,0.318,0.435,4.5,101,0.267,0.78,0.345,0.435,4.5,31,0.233,0.684,0.303,0.381,4.5,78,0.239,0.696,0.306,0.39,4.5,32,5,94,265,5,82,228,14.1,28,1,3,7,11.2,31,2,2,6,4.14,3.45,3.19,3.68,39,7.2,49.6,22.3,25.5,7.5,12.2,30.7,9,6.8,3.25,5.4,24.6,89,8,4,2,6.3,5.7,4,26,25,22,29.3,10,27,27,94,5.2,5.95,24.6,52.3,11.2,28.3,8.3,0,"Keibert Ruiz",2.8108703144677705,24.3,5.3,4.7,22,4,0,0,5.31,4.38,3.89,4.6,43,6.6,48.5,20.6,18.3,9.7,10,26.9,3,5.2,1.33,4.7,23.2,80,5,7,6,3.7,5,5,19,25,23,17.9,5,19,19,83,5,4.8,23.2,52.1,24,12.2,11.8,0,"Luis Torrens",4.760209617563985,22.3,4.6,6.0,19,3.7,0,0,0.331,0.337,0.184,0.292,43.1,9.9,76.7,23.6,21.3,76.7,23.3,16.4,31.8,30.6,29.1,34.8,0.303,0.328,0.148,0.277,43,8.8,75.1,21.8,22.7,75,24.9,19.1,33.9,32.5,23.6,38.6,-2.57,-1.17,-0.93,0.073,0.009,1.08,1.2,0,-0.01,0,2.9,,1,2,"away","Final",0,,,"fastball",52.3,"curve",28.3,,3.6178861788617884,16.48148148148148,"fastball",52.1,"slider",24,,3.4482758620689657,17.02127659574468,88.33333333333333,"Normal",76,"Normal","R","L",14.1,28,11.2,31,1,5737.777777777777,877.7777777777778,0,5262.222222222223,911.1111111111111,0,,,,,,,,,25.6,28.3,25.3,13.7,94,104,103
"822733","2026-05-21","Mark Vientos","New York Mets",4,"R","1B",0.233,0.27,0.407,0.677,0.293,0.174,159,35,8,0,6,20.8,4.4,0.233,0.666,0.433,13,7,4,0.517,0.855,0.297,0.539,26.4,20,68.1,68.1,31.9,,"Cade Cavalli","R",0.297,0.224,0.429,0.289,"4:05 PM ET","Washington Nationals","New York Mets","Nationals Park","Cade Cavalli",3.88,1.38,25.5,7.5,5,4,"92.2",105,19,4.88,,,,,"David Peterson",6.45,1.64,18.3,9.7,4,7,"82.1",70,19,4.33,,,,,5.04,"Alta",28,3.96,"Alta",31,5.4,0.76,0.325,0.435,20.4,4.2,0.687,0.304,0.383,21.0,16.9,70,14.4,37,1022.1,6,"Parcialmente Nublado",15.2,0.244,0.753,0.318,0.435,4.5,101,0.267,0.78,0.345,0.435,4.5,31,0.233,0.684,0.303,0.381,4.5,78,0.239,0.696,0.306,0.39,4.5,32,5,94,265,5,82,228,14.1,28,1,3,7,11.2,31,2,2,6,4.14,3.45,3.19,3.68,39,7.2,49.6,22.3,25.5,7.5,12.2,30.7,9,6.8,3.25,5.4,24.6,89,8,4,2,6.3,5.7,4,26,25,22,29.3,10,27,27,94,5.2,5.95,24.6,52.3,11.2,28.3,8.3,0,"Keibert Ruiz",2.8108703144677705,24.3,5.3,4.7,22,4,0,0,5.31,4.38,3.89,4.6,43,6.6,48.5,20.6,18.3,9.7,10,26.9,3,5.2,1.33,4.7,23.2,80,5,7,6,3.7,5,5,19,25,23,17.9,5,19,19,83,5,4.8,23.2,52.1,24,12.2,11.8,0,"Luis Torrens",4.760209617563985,22.3,4.6,6.0,19,3.7,0,0,0.331,0.337,0.184,0.292,43.1,9.9,76.7,23.6,21.3,76.7,23.3,16.4,31.8,30.6,29.1,34.8,0.303,0.328,0.148,0.277,43,8.8,75.1,21.8,22.7,75,24.9,19.1,33.9,32.5,23.6,38.6,-2.57,-1.17,-0.93,0.073,0.009,1.08,1.2,0,-0.01,0,2.9,,1,2,"away","Final",0,,,"fastball",52.3,"curve",28.3,,3.6178861788617884,16.48148148148148,"fastball",52.1,"slider",24,,3.4482758620689657,17.02127659574468,88.33333333333333,"Normal",76,"Normal","R","L",14.1,28,11.2,31,1,5737.777777777777,877.7777777777778,0,5262.222222222223,911.1111111111111,0,,,,,,,,,25.6,28.3,25.3,13.7,94,104,103
"822733","2026-05-21","Brett Baty","New York Mets",5,"R","3B",0.24,0.31,0.36,0.67,0.298,0.12,169,36,7,1,3,26.6,8.9,0.308,0.977,0.577,15,8,3,0.625,0.506,0.323,0.237,24.9,35.8,70.6,70.6,29.4,,"Cade Cavalli","R",0.297,0.224,0.429,0.289,"4:05 PM ET","Washington Nationals","New York Mets","Nationals Park","Cade Cavalli",3.88,1.38,25.5,7.5,5,4,"92.2",105,19,4.88,,,,,"David Peterson",6.45,1.64,18.3,9.7,4,7,"82.1",70,19,4.33,,,,,5.04,"Alta",28,3.96,"Alta",31,5.4,0.76,0.325,0.435,20.4,4.2,0.687,0.304,0.383,21.0,16.9,70,14.4,37,1022.1,6,"Parcialmente Nublado",15.2,0.244,0.753,0.318,0.435,4.5,101,0.267,0.78,0.345,0.435,4.5,31,0.233,0.684,0.303,0.381,4.5,78,0.239,0.696,0.306,0.39,4.5,32,5,94,265,5,82,228,14.1,28,1,3,7,11.2,31,2,2,6,4.14,3.45,3.19,3.68,39,7.2,49.6,22.3,25.5,7.5,12.2,30.7,9,6.8,3.25,5.4,24.6,89,8,4,2,6.3,5.7,4,26,25,22,29.3,10,27,27,94,5.2,5.95,24.6,52.3,11.2,28.3,8.3,0,"Keibert Ruiz",2.8108703144677705,24.3,5.3,4.7,22,4,0,0,5.31,4.38,3.89,4.6,43,6.6,48.5,20.6,18.3,9.7,10,26.9,3,5.2,1.33,4.7,23.2,80,5,7,6,3.7,5,5,19,25,23,17.9,5,19,19,83,5,4.8,23.2,52.1,24,12.2,11.8,0,"Luis Torrens",4.760209617563985,22.3,4.6,6.0,19,3.7,0,0,0.331,0.337,0.184,0.292,43.1,9.9,76.7,23.6,21.3,76.7,23.3,16.4,31.8,30.6,29.1,34.8,0.303,0.328,0.148,0.277,43,8.8,75.1,21.8,22.7,75,24.9,19.1,33.9,32.5,23.6,38.6,-2.57,-1.17,-0.93,0.073,0.009,1.08,1.2,0,-0.01,0,2.9,,1,2,"away","Final",0,,,"fastball",52.3,"curve",28.3,,3.6178861788617884,16.48148148148148,"fastball",52.1,"slider",24,,3.4482758620689657,17.02127659574468,88.33333333333333,"Normal",76,"Normal","R","L",14.1,28,11.2,31,1,5737.777777777777,877.7777777777778,0,5262.222222222223,911.1111111111111,0,,,,,,,,,25.6,28.3,25.3,13.7,94,104,103
"822733","2026-05-21","Marcus Semien","New York Mets",6,"R","2B",0.225,0.276,0.313,0.589,0.265,0.088,200,41,7,0,3,20.5,6.5,0.259,0.717,0.407,11,7,2,0.593,0.668,0.339,0.347,21.9,19.8,76.1,76.1,23.9,,"Cade Cavalli","R",0.297,0.224,0.429,0.289,"4:05 PM ET","Washington Nationals","New York Mets","Nationals Park","Cade Cavalli",3.88,1.38,25.5,7.5,5,4,"92.2",105,19,4.88,,,,,"David Peterson",6.45,1.64,18.3,9.7,4,7,"82.1",70,19,4.33,,,,,5.04,"Alta",28,3.96,"Alta",31,5.4,0.76,0.325,0.435,20.4,4.2,0.687,0.304,0.383,21.0,16.9,70,14.4,37,1022.1,6,"Parcialmente Nublado",15.2,0.244,0.753,0.318,0.435,4.5,101,0.267,0.78,0.345,0.435,4.5,31,0.233,0.684,0.303,0.381,4.5,78,0.239,0.696,0.306,0.39,4.5,32,5,94,265,5,82,228,14.1,28,1,3,7,11.2,31,2,2,6,4.14,3.45,3.19,3.68,39,7.2,49.6,22.3,25.5,7.5,12.2,30.7,9,6.8,3.25,5.4,24.6,89,8,4,2,6.3,5.7,4,26,25,22,29.3,10,27,27,94,5.2,5.95,24.6,52.3,11.2,28.3,8.3,0,"Keibert Ruiz",2.8108703144677705,24.3,5.3,4.7,22,4,0,0,5.31,4.38,3.89,4.6,43,6.6,48.5,20.6,18.3,9.7,10,26.9,3,5.2,1.33,4.7,23.2,80,5,7,6,3.7,5,5,19,25,23,17.9,5,19,19,83,5,4.8,23.2,52.1,24,12.2,11.8,0,"Luis Torrens",4.760209617563985,22.3,4.6,6.0,19,3.7,0,0,0.331,0.337,0.184,0.292,43.1,9.9,76.7,23.6,21.3,76.7,23.3,16.4,31.8,30.6,29.1,34.8,0.303,0.328,0.148,0.277,43,8.8,75.1,21.8,22.7,75,24.9,19.1,33.9,32.5,23.6,38.6,-2.57,-1.17,-0.93,0.073,0.009,1.08,1.2,0,-0.01,0,2.9,,1,2,"away","Final",0,,,"fastball",52.3,"curve",28.3,,3.6178861788617884,16.48148148148148,"fastball",52.1,"slider",24,,3.4482758620689657,17.02127659574468,88.33333333333333,"Normal",76,"Normal","R","L",14.1,28,11.2,31,1,5737.777777777777,877.7777777777778,0,5262.222222222223,911.1111111111111,0,,,,,,,,,25.6,28.3,25.3,13.7,94,104,103
"822733","2026-05-21","A.J. Ewing","New York Mets",7,"R","CF",0.276,0.432,0.448,0.88,0.39,0.172,39,8,0,1,1,28.2,20.5,0.318,0.855,0.455,10,7,1,0.815,0.762,0.445,0.447,24.5,27.3,77.3,77.3,22.7,,"Cade Cavalli","R",0.297,0.224,0.429,0.289,"4:05 PM ET","Washington Nationals","New York Mets","Nationals Park","Cade Cavalli",3.88,1.38,25.5,7.5,5,4,"92.2",105,19,4.88,,,,,"David Peterson",6.45,1.64,18.3,9.7,4,7,"82.1",70,19,4.33,,,,,5.04,"Alta",28,3.96,"Alta",31,5.4,0.76,0.325,0.435,20.4,4.2,0.687,0.304,0.383,21.0,16.9,70,14.4,37,1022.1,6,"Parcialmente Nublado",15.2,0.244,0.753,0.318,0.435,4.5,101,0.267,0.78,0.345,0.435,4.5,31,0.233,0.684,0.303,0.381,4.5,78,0.239,0.696,0.306,0.39,4.5,32,5,94,265,5,82,228,14.1,28,1,3,7,11.2,31,2,2,6,4.14,3.45,3.19,3.68,39,7.2,49.6,22.3,25.5,7.5,12.2,30.7,9,6.8,3.25,5.4,24.6,89,8,4,2,6.3,5.7,4,26,25,22,29.3,10,27,27,94,5.2,5.95,24.6,52.3,11.2,28.3,8.3,0,"Keibert Ruiz",2.8108703144677705,24.3,5.3,4.7,22,4,0,0,5.31,4.38,3.89,4.6,43,6.6,48.5,20.6,18.3,9.7,10,26.9,3,5.2,1.33,4.7,23.2,80,5,7,6,3.7,5,5,19,25,23,17.9,5,19,19,83,5,4.8,23.2,52.1,24,12.2,11.8,0,"Luis Torrens",4.760209617563985,22.3,4.6,6.0,19,3.7,0,0,0.331,0.337,0.184,0.292,43.1,9.9,76.7,23.6,21.3,76.7,23.3,16.4,31.8,30.6,29.1,34.8,0.303,0.328,0.148,0.277,43,8.8,75.1,21.8,22.7,75,24.9,19.1,33.9,32.5,23.6,38.6,-2.57,-1.17,-0.93,0.073,0.009,1.08,1.2,0,-0.01,0,2.9,,1,2,"away","Final",0,,,"fastball",52.3,"curve",28.3,,3.6178861788617884,16.48148148148148,"fastball",52.1,"slider",24,,3.4482758620689657,17.02127659574468,88.33333333333333,"Normal",76,"Normal","R","L",14.1,28,11.2,31,1,5737.777777777777,877.7777777777778,0,5262.222222222223,911.1111111111111,0,,,,,,,,,25.6,28.3,25.3,13.7,94,104,103
"822733","2026-05-21","MJ Melendez","New York Mets",8,"R","DH",0.219,0.333,0.391,0.724,0.322,0.172,76,14,3,1,2,34.2,10.5,0.083,0.297,0.083,1,1,0,0.638,0.93,0.33,0.545,33.8,42.9,64.2,64.2,35.8,,"Cade Cavalli","R",0.297,0.224,0.429,0.289,"4:05 PM ET","Washington Nationals","New York Mets","Nationals Park","Cade Cavalli",3.88,1.38,25.5,7.5,5,4,"92.2",105,19,4.88,,,,,"David Peterson",6.45,1.64,18.3,9.7,4,7,"82.1",70,19,4.33,,,,,5.04,"Alta",28,3.96,"Alta",31,5.4,0.76,0.325,0.435,20.4,4.2,0.687,0.304,0.383,21.0,16.9,70,14.4,37,1022.1,6,"Parcialmente Nublado",15.2,0.244,0.753,0.318,0.435,4.5,101,0.267,0.78,0.345,0.435,4.5,31,0.233,0.684,0.303,0.381,4.5,78,0.239,0.696,0.306,0.39,4.5,32,5,94,265,5,82,228,14.1,28,1,3,7,11.2,31,2,2,6,4.14,3.45,3.19,3.68,39,7.2,49.6,22.3,25.5,7.5,12.2,30.7,9,6.8,3.25,5.4,24.6,89,8,4,2,6.3,5.7,4,26,25,22,29.3,10,27,27,94,5.2,5.95,24.6,52.3,11.2,28.3,8.3,0,"Keibert Ruiz",2.8108703144677705,24.3,5.3,4.7,22,4,0,0,5.31,4.38,3.89,4.6,43,6.6,48.5,20.6,18.3,9.7,10,26.9,3,5.2,1.33,4.7,23.2,80,5,7,6,3.7,5,5,19,25,23,17.9,5,19,19,83,5,4.8,23.2,52.1,24,12.2,11.8,0,"Luis Torrens",4.760209617563985,22.3,4.6,6.0,19,3.7,0,0,0.331,0.337,0.184,0.292,43.1,9.9,76.7,23.6,21.3,76.7,23.3,16.4,31.8,30.6,29.1,34.8,0.303,0.328,0.148,0.277,43,8.8,75.1,21.8,22.7,75,24.9,19.1,33.9,32.5,23.6,38.6,-2.57,-1.17,-0.93,0.073,0.009,1.08,1.2,0,-0.01,0,2.9,,1,2,"away","Final",0,,,"fastball",52.3,"curve",28.3,,3.6178861788617884,16.48148148148148,"fastball",52.1,"slider",24,,3.4482758620689657,17.02127659574468,88.33333333333333,"Normal",76,"Normal","R","L",14.1,28,11.2,31,1,5737.777777777777,877.7777777777778,0,5262.222222222223,911.1111111111111,0,,,,,,,,,25.6,28.3,25.3,13.7,94,104,103
"822733","2026-05-21","Luis Torrens","New York Mets",9,"R","C",0.208,0.26,0.292,0.552,0.246,0.084,78,15,6,0,0,19.2,3.8,0.2,0.573,0.3,6,4,2,0.576,0.633,0.304,0.341,21.4,18.4,77.8,77.8,22.2,,"Cade Cavalli","R",0.297,0.224,0.429,0.289,"4:05 PM ET","Washington Nationals","New York Mets","Nationals Park","Cade Cavalli",3.88,1.38,25.5,7.5,5,4,"92.2",105,19,4.88,,,,,"David Peterson",6.45,1.64,18.3,9.7,4,7,"82.1",70,19,4.33,,,,,5.04,"Alta",28,3.96,"Alta",31,5.4,0.76,0.325,0.435,20.4,4.2,0.687,0.304,0.383,21.0,16.9,70,14.4,37,1022.1,6,"Parcialmente Nublado",15.2,0.244,0.753,0.318,0.435,4.5,101,0.267,0.78,0.345,0.435,4.5,31,0.233,0.684,0.303,0.381,4.5,78,0.239,0.696,0.306,0.39,4.5,32,5,94,265,5,82,228,14.1,28,1,3,7,11.2,31,2,2,6,4.14,3.45,3.19,3.68,39,7.2,49.6,22.3,25.5,7.5,12.2,30.7,9,6.8,3.25,5.4,24.6,89,8,4,2,6.3,5.7,4,26,25,22,29.3,10,27,27,94,5.2,5.95,24.6,52.3,11.2,28.3,8.3,0,"Keibert Ruiz",2.8108703144677705,24.3,5.3,4.7,22,4,0,0,5.31,4.38,3.89,4.6,43,6.6,48.5,20.6,18.3,9.7,10,26.9,3,5.2,1.33,4.7,23.2,80,5,7,6,3.7,5,5,19,25,23,17.9,5,19,19,83,5,4.8,23.2,52.1,24,12.2,11.8,0,"Luis Torrens",4.760209617563985,22.3,4.6,6.0,19,3.7,0,0,0.331,0.337,0.184,0.292,43.1,9.9,76.7,23.6,21.3,76.7,23.3,16.4,31.8,30.6,29.1,34.8,0.303,0.328,0.148,0.277,43,8.8,75.1,21.8,22.7,75,24.9,19.1,33.9,32.5,23.6,38.6,-2.57,-1.17,-0.93,0.073,0.009,1.08,1.2,0,-0.01,0,2.9,,1,2,"away","Final",0,,,"fastball",52.3,"curve",28.3,,3.6178861788617884,16.48148148148148,"fastball",52.1,"slider",24,,3.4482758620689657,17.02127659574468,88.33333333333333,"Normal",76,"Normal","R","L",14.1,28,11.2,31,1,5737.777777777777,877.7777777777778,0,5262.222222222223,911.1111111111111,0,,,,,,,,,25.6,28.3,25.3,13.7,94,104,103