game_id,game_date,side,pitcher_id,pitcher_name,stored_last3Ks1,reconstructed_last3Ks1,absolute_difference,historical_game_id,historical_game_date,historical_k,historical_ip,historical_bf,historical_pitch_count,historical_gamesStarted,historical_scheduled_start,historical_record_timestamp,historical_source,historical_competition,causes,evidence,target_game_excluded,future_games_excluded,target_stats_used
824622,2026-04-04,home,691799,Grant Taylor,1.0,0.0,1.0,831904,2026-03-07,0.0,1.0,4.0,13.0,1,2026-03-07T20:10:00+00:00,2026-08-26T19:54:29.468000+00:00,boxscore_stats starter,MLB_SPRING_TRAINING_INFERRED,E_BACKFILL_OR_LATE_RECORD_TIMESTAMP|F_NON_MLB_GAME|J_LAST_APPEARANCE_DEFINITION|I_DIFFERENT_HISTORICAL_GAME_ID,selected history record_timestamp >= target scheduled_start | selected historical competition=MLB_SPRING_TRAINING_INFERRED | stored matches older local appearance at position 2: 823811,True,True,False
823730,2026-04-04,home,690953,Mick Abel,4.0,6.0,2.0,831606,2026-03-19,6.0,4.2,19.0,79.0,1,2026-03-19T22:05:00+00:00,2026-08-26T23:16:54.728000+00:00,boxscore_stats starter,MLB_SPRING_TRAINING_INFERRED,E_BACKFILL_OR_LATE_RECORD_TIMESTAMP|F_NON_MLB_GAME|B_START_VS_RELIEF_APPEARANCE|J_LAST_APPEARANCE_DEFINITION|K_LAST_START_DEFINITION|I_DIFFERENT_HISTORICAL_GAME_ID,"selected history record_timestamp >= target scheduled_start | selected historical competition=MLB_SPRING_TRAINING_INFERRED | stored matches most recent appearance game 824864, not most recent start 831606",True,True,False
825102,2026-04-05,away,527048,Martín Pérez,3.0,1.0,2.0,831453,2026-03-18,1.0,3.2,19.0,64.0,1,2026-03-18T17:05:00+00:00,2026-08-26T23:11:43.591000+00:00,boxscore_stats starter,MLB_SPRING_TRAINING_INFERRED,E_BACKFILL_OR_LATE_RECORD_TIMESTAMP|F_NON_MLB_GAME|B_START_VS_RELIEF_APPEARANCE|J_LAST_APPEARANCE_DEFINITION|K_LAST_START_DEFINITION|I_DIFFERENT_HISTORICAL_GAME_ID,"selected history record_timestamp >= target scheduled_start | selected historical competition=MLB_SPRING_TRAINING_INFERRED | stored matches most recent appearance game 824942, not most recent start 831453",True,True,False
822755,2026-04-06,home,641793,Zack Littell,1.0,3.0,2.0,831452,2026-03-19,3.0,2.2,17.0,64.0,1,2026-03-19T17:05:00+00:00,2026-08-26T23:15:45.069000+00:00,boxscore_stats starter,MLB_SPRING_TRAINING_INFERRED,E_BACKFILL_OR_LATE_RECORD_TIMESTAMP|F_NON_MLB_GAME|B_START_VS_RELIEF_APPEARANCE|J_LAST_APPEARANCE_DEFINITION|K_LAST_START_DEFINITION|I_DIFFERENT_HISTORICAL_GAME_ID,"selected history record_timestamp >= target scheduled_start | selected historical competition=MLB_SPRING_TRAINING_INFERRED | stored matches most recent appearance game 823485, not most recent start 831452",True,True,False
822832,2026-04-06,away,680736,Justin Wrobleski,2.0,3.0,1.0,831809,2026-03-14,3.0,2.1,13.0,68.0,1,2026-03-14T20:05:00+00:00,2026-08-26T20:04:44.914000+00:00,boxscore_stats starter,MLB_SPRING_TRAINING_INFERRED,E_BACKFILL_OR_LATE_RECORD_TIMESTAMP|F_NON_MLB_GAME|B_START_VS_RELIEF_APPEARANCE|J_LAST_APPEARANCE_DEFINITION|K_LAST_START_DEFINITION|I_DIFFERENT_HISTORICAL_GAME_ID,"selected history record_timestamp >= target scheduled_start | selected historical competition=MLB_SPRING_TRAINING_INFERRED | stored matches most recent appearance game 823972, not most recent start 831809",True,True,False
823728,2026-04-06,home,657746,Joe Ryan,3.0,7.0,4.0,824865,2026-03-26,7.0,5.1,19.0,85.0,1,2026-03-26T19:05:00+00:00,2026-07-10T19:47:35.633000+00:00,boxscore_stats starter,MLB_REGULAR_SEASON_INFERRED,E_BACKFILL_OR_LATE_RECORD_TIMESTAMP|M_UNEXPLAINED,selected history record_timestamp >= target scheduled_start,True,True,False
823400,2026-04-13,away,676917,Cade Cavalli,1.0,3.0,2.0,822754,2026-04-07,3.0,4.2,20.0,94.0,1,2026-04-07T22:45:00+00:00,2026-08-26T23:50:58.027000+00:00,boxscore_stats starter,MLB_REGULAR_SEASON_INFERRED,E_BACKFILL_OR_LATE_RECORD_TIMESTAMP|G_DIFFERENT_TEMPORAL_ORDER|I_DIFFERENT_HISTORICAL_GAME_ID,selected history record_timestamp >= target scheduled_start | stored matches older local start at position 4: 831448,True,True,False
822818,2026-05-11,away,656876,Drew Rasmussen,5.0,6.0,1.0,822992,2026-04-24,6.0,6.0,24.0,98.0,1,2026-04-24T23:10:00+00:00,2026-08-27T00:32:35.122000+00:00,boxscore_stats starter,MLB_REGULAR_SEASON_INFERRED,E_BACKFILL_OR_LATE_RECORD_TIMESTAMP|M_UNEXPLAINED,selected history record_timestamp >= target scheduled_start,True,True,False
823953,2026-05-11,home,808963,Roki Sasaki,4.0,5.0,1.0,823960,2026-04-25,5.0,5.0,23.0,99.0,1,2026-04-25T23:15:00+00:00,2026-08-27T00:37:25.762000+00:00,boxscore_stats starter,MLB_REGULAR_SEASON_INFERRED,E_BACKFILL_OR_LATE_RECORD_TIMESTAMP|G_DIFFERENT_TEMPORAL_ORDER|I_DIFFERENT_HISTORICAL_GAME_ID,selected history record_timestamp >= target scheduled_start | stored matches older local start at position 5: 823972,True,True,False
824199,2026-05-11,home,663567,Peter Lambert,4.0,8.0,4.0,824449,2026-04-22,8.0,6.0,24.0,96.0,1,2026-04-22T17:10:00+00:00,2026-08-27T00:28:23.177000+00:00,boxscore_stats starter,MLB_REGULAR_SEASON_INFERRED,E_BACKFILL_OR_LATE_RECORD_TIMESTAMP|M_UNEXPLAINED,selected history record_timestamp >= target scheduled_start,True,True,False
824199,2026-05-11,away,669923,George Kirby,5.0,2.0,3.0,823069,2026-04-24,2.0,6.0,24.0,81.0,1,2026-04-25T00:15:00+00:00,2026-08-27T00:33:17.355000+00:00,boxscore_stats starter,MLB_REGULAR_SEASON_INFERRED,E_BACKFILL_OR_LATE_RECORD_TIMESTAMP|G_DIFFERENT_TEMPORAL_ORDER|I_DIFFERENT_HISTORICAL_GAME_ID,selected history record_timestamp >= target scheduled_start | stored matches older local start at position 2: 823151,True,True,False
823554,2026-05-02,away,680694,Kyle Bradish,3.0,4.0,1.0,824855,2026-04-15,4.0,6.0,27.0,97.0,1,2026-04-15T16:35:00+00:00,2026-08-27T00:12:55.013000+00:00,boxscore_stats starter,MLB_REGULAR_SEASON_INFERRED,E_BACKFILL_OR_LATE_RECORD_TIMESTAMP|G_DIFFERENT_TEMPORAL_ORDER|I_DIFFERENT_HISTORICAL_GAME_ID,selected history record_timestamp >= target scheduled_start | stored matches older local start at position 5: 831503,True,True,False
823715,2026-05-02,home,687570,Connor Prielipp,5.0,6.0,1.0,823641,2026-04-22,6.0,4.0,17.0,82.0,1,2026-04-22T23:10:00+00:00,2026-08-27T00:29:17.963000+00:00,boxscore_stats starter,MLB_REGULAR_SEASON_INFERRED,E_BACKFILL_OR_LATE_RECORD_TIMESTAMP|M_UNEXPLAINED,selected history record_timestamp >= target scheduled_start,True,True,False
823715,2026-05-02,away,656302,Dylan Cease,5.0,6.0,1.0,823803,2026-04-15,6.0,6.0,22.0,106.0,1,2026-04-15T23:40:00+00:00,2026-08-27T00:15:08.716000+00:00,boxscore_stats starter,MLB_REGULAR_SEASON_INFERRED,E_BACKFILL_OR_LATE_RECORD_TIMESTAMP|M_UNEXPLAINED,selected history record_timestamp >= target scheduled_start,True,True,False
824685,2026-05-02,home,684007,Shota Imanaga,6.0,1.0,5.0,824690,2026-04-21,1.0,7.0,26.0,87.0,1,2026-04-21T23:40:00+00:00,2026-08-27T00:26:49.691000+00:00,boxscore_stats starter,MLB_REGULAR_SEASON_INFERRED,E_BACKFILL_OR_LATE_RECORD_TIMESTAMP|M_UNEXPLAINED,selected history record_timestamp >= target scheduled_start,True,True,False
824685,2026-05-02,away,669194,Ryne Nelson,4.0,1.0,3.0,825100,2026-04-19,1.0,0.1,10.0,30.0,1,2026-04-19T20:10:00+00:00,2026-08-27T00:24:56.924000+00:00,boxscore_stats starter,MLB_REGULAR_SEASON_INFERRED,E_BACKFILL_OR_LATE_RECORD_TIMESTAMP|G_DIFFERENT_TEMPORAL_ORDER|I_DIFFERENT_HISTORICAL_GAME_ID,selected history record_timestamp >= target scheduled_start | stored matches older local start at position 5: 823971,True,True,False
825014,2026-05-02,away,677944,Slade Cecconi,5.0,2.0,3.0,824450,2026-04-20,2.0,5.0,27.0,94.0,1,2026-04-20T22:10:00+00:00,2026-08-26T20:24:10.895000+00:00,boxscore_stats starter,MLB_REGULAR_SEASON_INFERRED,E_BACKFILL_OR_LATE_RECORD_TIMESTAMP|G_DIFFERENT_TEMPORAL_ORDER|I_DIFFERENT_HISTORICAL_GAME_ID,selected history record_timestamp >= target scheduled_start | stored matches older local start at position 5: 823160,True,True,False
822980,2026-05-18,home,663556,Shane McClanahan,7.0,4.0,3.0,822985,2026-05-06,4.0,5.2,20.0,69.0,1,2026-05-06T17:10:00+00:00,2026-08-26T20:41:41.973000+00:00,boxscore_stats starter,MLB_REGULAR_SEASON_INFERRED,E_BACKFILL_OR_LATE_RECORD_TIMESTAMP|G_DIFFERENT_TEMPORAL_ORDER|I_DIFFERENT_HISTORICAL_GAME_ID,selected history record_timestamp >= target scheduled_start | stored matches older local start at position 2: 822989,True,True,False
823705,2026-05-18,away,837227,Tatsuya Imai,3.0,0.0,3.0,823156,2026-04-10,0.0,0.1,7.0,37.0,1,2026-04-11T01:40:00+00:00,2026-08-27T00:03:22.276000+00:00,boxscore_stats starter,MLB_REGULAR_SEASON_INFERRED,E_BACKFILL_OR_LATE_RECORD_TIMESTAMP|G_DIFFERENT_TEMPORAL_ORDER|I_DIFFERENT_HISTORICAL_GAME_ID,selected history record_timestamp >= target scheduled_start | stored matches older local start at position 4: 831443,True,True,False
824680,2026-05-18,away,687075,Brandon Sproat,6.0,5.0,1.0,823063,2026-05-06,5.0,4.0,16.0,76.0,1,2026-05-06T17:15:00+00:00,2026-08-26T20:41:58.458000+00:00,boxscore_stats starter,MLB_REGULAR_SEASON_INFERRED,E_BACKFILL_OR_LATE_RECORD_TIMESTAMP|G_DIFFERENT_TEMPORAL_ORDER|I_DIFFERENT_HISTORICAL_GAME_ID,selected history record_timestamp >= target scheduled_start | stored matches older local start at position 3: 823801,True,True,False
824357,2026-05-18,away,669022,MacKenzie Gore,5.0,3.0,2.0,823551,2026-05-07,3.0,5.1,25.0,96.0,1,2026-05-07T16:35:00+00:00,2026-08-26T20:44:43.284000+00:00,boxscore_stats starter,MLB_REGULAR_SEASON_INFERRED,E_BACKFILL_OR_LATE_RECORD_TIMESTAMP|G_DIFFERENT_TEMPORAL_ORDER|I_DIFFERENT_HISTORICAL_GAME_ID,selected history record_timestamp >= target scheduled_start | stored matches older local start at position 3: 823150,True,True,False
823379,2026-05-26,home,677952,Braxton Ashcraft,5.0,9.0,4.0,823056,2026-05-21,9.0,7.0,27.0,98.0,1,2026-05-21T17:15:00+00:00,2026-08-26T21:15:21.390000+00:00,boxscore_stats starter,MLB_REGULAR_SEASON_INFERRED,E_BACKFILL_OR_LATE_RECORD_TIMESTAMP|G_DIFFERENT_TEMPORAL_ORDER|I_DIFFERENT_HISTORICAL_GAME_ID,selected history record_timestamp >= target scheduled_start | stored matches older local start at position 2: 823384,True,True,False
823711,2026-05-03,home,657746,Joe Ryan,6.0,5.0,1.0,823639,2026-04-23,5.0,5.0,25.0,92.0,1,2026-04-23T23:10:00+00:00,2026-08-27T00:31:10.029000+00:00,boxscore_stats starter,MLB_REGULAR_SEASON_INFERRED,E_BACKFILL_OR_LATE_RECORD_TIMESTAMP|G_DIFFERENT_TEMPORAL_ORDER|I_DIFFERENT_HISTORICAL_GAME_ID,selected history record_timestamp >= target scheduled_start | stored matches older local start at position 2: 823720,True,True,False
824769,2026-05-03,home,624133,Ranger Suarez,10.0,4.0,6.0,824774,2026-04-22,4.0,4.2,21.0,71.0,1,2026-04-22T22:45:00+00:00,2026-08-27T00:29:10.666000+00:00,boxscore_stats starter,MLB_REGULAR_SEASON_INFERRED,E_BACKFILL_OR_LATE_RECORD_TIMESTAMP|M_UNEXPLAINED,selected history record_timestamp >= target scheduled_start,True,True,False
823387,2026-05-03,home,677952,Braxton Ashcraft,7.0,5.0,2.0,822913,2026-04-22,5.0,7.0,25.0,94.0,1,2026-04-23T00:05:00+00:00,2026-08-27T00:29:30.996000+00:00,boxscore_stats starter,MLB_REGULAR_SEASON_INFERRED,E_BACKFILL_OR_LATE_RECORD_TIMESTAMP|G_DIFFERENT_TEMPORAL_ORDER|I_DIFFERENT_HISTORICAL_GAME_ID,selected history record_timestamp >= target scheduled_start | stored matches older local start at position 2: 823396,True,True,False
823387,2026-05-03,away,695505,Chase Burns,9.0,8.0,1.0,822995,2026-04-21,8.0,5.2,23.0,97.0,1,2026-04-21T22:40:00+00:00,2026-08-27T00:25:58.528000+00:00,boxscore_stats starter,MLB_REGULAR_SEASON_INFERRED,E_BACKFILL_OR_LATE_RECORD_TIMESTAMP|G_DIFFERENT_TEMPORAL_ORDER|I_DIFFERENT_HISTORICAL_GAME_ID,selected history record_timestamp >= target scheduled_start | stored matches older local start at position 4: 822917,True,True,False
823555,2026-05-03,home,608331,Max Fried,5.0,9.0,4.0,824774,2026-04-22,9.0,8.0,29.0,100.0,1,2026-04-22T22:45:00+00:00,2026-08-27T00:29:10.666000+00:00,boxscore_stats starter,MLB_REGULAR_SEASON_INFERRED,E_BACKFILL_OR_LATE_RECORD_TIMESTAMP|M_UNEXPLAINED,selected history record_timestamp >= target scheduled_start,True,True,False
822987,2026-05-03,home,571927,Steven Matz,2.0,4.0,2.0,822995,2026-04-21,4.0,3.0,17.0,77.0,1,2026-04-21T22:40:00+00:00,2026-08-27T00:25:58.528000+00:00,boxscore_stats starter,MLB_REGULAR_SEASON_INFERRED,E_BACKFILL_OR_LATE_RECORD_TIMESTAMP|G_DIFFERENT_TEMPORAL_ORDER|I_DIFFERENT_HISTORICAL_GAME_ID,selected history record_timestamp >= target scheduled_start | stored matches older local start at position 5: 823079,True,True,False
822987,2026-05-03,away,641816,Tyler Mahle,3.0,5.0,2.0,823231,2026-04-22,5.0,7.0,26.0,91.0,1,2026-04-23T01:45:00+00:00,2026-08-27T00:30:01.176000+00:00,boxscore_stats starter,MLB_REGULAR_SEASON_INFERRED,E_BACKFILL_OR_LATE_RECORD_TIMESTAMP|M_UNEXPLAINED,selected history record_timestamp >= target scheduled_start,True,True,False
823875,2026-05-03,home,663978,Chris Paddack,1.0,7.0,6.0,823880,2026-04-21,7.0,4.2,24.0,90.0,1,2026-04-21T22:40:00+00:00,2026-08-27T00:26:08.405000+00:00,boxscore_stats starter,MLB_REGULAR_SEASON_INFERRED,E_BACKFILL_OR_LATE_RECORD_TIMESTAMP|M_UNEXPLAINED,selected history record_timestamp >= target scheduled_start,True,True,False
823875,2026-05-03,away,666200,Jesús Luzardo,8.0,3.0,5.0,824690,2026-04-21,3.0,4.2,24.0,100.0,1,2026-04-21T23:40:00+00:00,2026-08-27T00:26:49.691000+00:00,boxscore_stats starter,MLB_REGULAR_SEASON_INFERRED,E_BACKFILL_OR_LATE_RECORD_TIMESTAMP|G_DIFFERENT_TEMPORAL_ORDER|I_DIFFERENT_HISTORICAL_GAME_ID,selected history record_timestamp >= target scheduled_start | stored matches older local start at position 3: 823482,True,True,False
823065,2026-05-03,home,669160,Dustin May,2.0,5.0,3.0,823880,2026-04-21,5.0,5.1,22.0,97.0,1,2026-04-21T22:40:00+00:00,2026-08-27T00:26:08.405000+00:00,boxscore_stats starter,MLB_REGULAR_SEASON_INFERRED,E_BACKFILL_OR_LATE_RECORD_TIMESTAMP|M_UNEXPLAINED,selected history record_timestamp >= target scheduled_start,True,True,False
823065,2026-05-03,away,680736,Justin Wrobleski,6.0,2.0,4.0,822832,2026-04-06,2.0,5.0,21.0,78.0,1,2026-04-06T23:07:00+00:00,2026-08-26T20:24:15.302000+00:00,boxscore_stats starter,MLB_REGULAR_SEASON_INFERRED,E_BACKFILL_OR_LATE_RECORD_TIMESTAMP|M_UNEXPLAINED,selected history record_timestamp >= target scheduled_start,True,True,False
824687,2026-05-03,home,571510,Matthew Boyd,4.0,5.0,1.0,824688,2026-04-22,5.0,4.2,19.0,84.0,1,2026-04-22T23:40:00+00:00,2026-08-27T00:29:23.215000+00:00,boxscore_stats starter,MLB_REGULAR_SEASON_INFERRED,E_BACKFILL_OR_LATE_RECORD_TIMESTAMP|J_LAST_APPEARANCE_DEFINITION|I_DIFFERENT_HISTORICAL_GAME_ID,selected history record_timestamp >= target scheduled_start | stored matches older local appearance at position 4: 831720,True,True,False
824687,2026-05-03,away,518876,Merrill Kelly,1.0,5.0,4.0,825099,2026-04-21,5.0,4.1,26.0,101.0,1,2026-04-22T01:40:00+00:00,2026-08-27T00:27:30.404000+00:00,boxscore_stats starter,MLB_REGULAR_SEASON_INFERRED,E_BACKFILL_OR_LATE_RECORD_TIMESTAMP|G_DIFFERENT_TEMPORAL_ORDER|I_DIFFERENT_HISTORICAL_GAME_ID,selected history record_timestamp >= target scheduled_start | stored matches older local start at position 3: 831885,True,True,False
824364,2026-05-03,home,607536,Kyle Freeland,4.0,0.0,4.0,823317,2026-04-12,0.0,0.0,0.0,0.0,1,2026-04-12T20:10:00+00:00,2026-08-27T00:11:31.577000+00:00,boxscore_stats starter,MLB_REGULAR_SEASON_INFERRED,E_BACKFILL_OR_LATE_RECORD_TIMESTAMP|G_DIFFERENT_TEMPORAL_ORDER|I_DIFFERENT_HISTORICAL_GAME_ID,selected history record_timestamp >= target scheduled_start | stored matches older local start at position 6: 831928,True,True,False
825013,2026-05-03,home,650644,Aaron Civale,3.0,5.0,2.0,823147,2026-04-22,5.0,5.1,23.0,85.0,1,2026-04-22T20:10:00+00:00,2026-08-27T00:28:50.225000+00:00,boxscore_stats starter,MLB_REGULAR_SEASON_INFERRED,E_BACKFILL_OR_LATE_RECORD_TIMESTAMP|G_DIFFERENT_TEMPORAL_ORDER|I_DIFFERENT_HISTORICAL_GAME_ID,selected history record_timestamp >= target scheduled_start | stored matches older local start at position 3: 823642,True,True,False
825013,2026-05-03,away,800048,Parker Messick,9.0,4.0,5.0,824448,2026-04-21,4.0,5.0,20.0,85.0,1,2026-04-21T22:10:00+00:00,2026-08-27T00:25:43.632000+00:00,boxscore_stats starter,MLB_REGULAR_SEASON_INFERRED,E_BACKFILL_OR_LATE_RECORD_TIMESTAMP|G_DIFFERENT_TEMPORAL_ORDER|I_DIFFERENT_HISTORICAL_GAME_ID,selected history record_timestamp >= target scheduled_start | stored matches older local start at position 2: 824453,True,True,False
824043,2026-05-03,home,686799,Jack Kochanowicz,5.0,1.0,4.0,824045,2026-04-21,1.0,5.2,23.0,88.0,1,2026-04-22T01:38:00+00:00,2026-08-27T00:27:14.864000+00:00,boxscore_stats starter,MLB_REGULAR_SEASON_INFERRED,E_BACKFILL_OR_LATE_RECORD_TIMESTAMP|M_UNEXPLAINED,selected history record_timestamp >= target scheduled_start,True,True,False
824043,2026-05-03,away,605280,Clay Holmes,6.0,3.0,3.0,823641,2026-04-22,3.0,7.0,27.0,88.0,1,2026-04-22T23:10:00+00:00,2026-08-27T00:29:17.963000+00:00,boxscore_stats starter,MLB_REGULAR_SEASON_INFERRED,E_BACKFILL_OR_LATE_RECORD_TIMESTAMP|J_LAST_APPEARANCE_DEFINITION|I_DIFFERENT_HISTORICAL_GAME_ID,selected history record_timestamp >= target scheduled_start | stored matches older local appearance at position 5: 831462,True,True,False
823145,2026-05-03,home,622491,Luis Castillo,3.0,6.0,3.0,823148,2026-04-21,6.0,5.0,21.0,95.0,1,2026-04-22T01:40:00+00:00,2026-08-27T00:27:21.904000+00:00,boxscore_stats starter,MLB_REGULAR_SEASON_INFERRED,E_BACKFILL_OR_LATE_RECORD_TIMESTAMP|G_DIFFERENT_TEMPORAL_ORDER|I_DIFFERENT_HISTORICAL_GAME_ID,selected history record_timestamp >= target scheduled_start | stored matches older local start at position 2: 823313,True,True,False
823145,2026-05-03,away,663460,Kris Bubic,6.0,3.0,3.0,824127,2026-04-21,3.0,6.0,24.0,100.0,1,2026-04-21T23:40:00+00:00,2026-08-27T00:26:41.721000+00:00,boxscore_stats starter,MLB_REGULAR_SEASON_INFERRED,E_BACKFILL_OR_LATE_RECORD_TIMESTAMP|M_UNEXPLAINED,selected history record_timestamp >= target scheduled_start,True,True,False
823307,2026-05-03,away,641743,Anthony Kay,2.0,1.0,1.0,825097,2026-04-22,1.0,3.2,22.0,92.0,1,2026-04-23T01:40:00+00:00,2026-08-27T00:29:45.092000+00:00,boxscore_stats starter,MLB_REGULAR_SEASON_INFERRED,E_BACKFILL_OR_LATE_RECORD_TIMESTAMP|G_DIFFERENT_TEMPORAL_ORDER|I_DIFFERENT_HISTORICAL_GAME_ID,selected history record_timestamp >= target scheduled_start | stored matches older local start at position 7: 831919,True,True,False
824285,2026-05-03,away,683004,Jack Leiter,4.0,5.0,1.0,822913,2026-04-22,5.0,5.0,22.0,84.0,1,2026-04-23T00:05:00+00:00,2026-08-27T00:29:30.996000+00:00,boxscore_stats starter,MLB_REGULAR_SEASON_INFERRED,E_BACKFILL_OR_LATE_RECORD_TIMESTAMP|G_DIFFERENT_TEMPORAL_ORDER|I_DIFFERENT_HISTORICAL_GAME_ID,selected history record_timestamp >= target scheduled_start | stored matches older local start at position 3: 823967,True,True,False
823386,2026-05-13,home,656605,Mitch Keller,4.0,6.0,2.0,823799,2026-04-25,6.0,5.0,22.0,93.0,1,2026-04-25T23:10:00+00:00,2026-08-27T00:36:54.911000+00:00,boxscore_stats starter,MLB_REGULAR_SEASON_INFERRED,E_BACKFILL_OR_LATE_RECORD_TIMESTAMP|G_DIFFERENT_TEMPORAL_ORDER|I_DIFFERENT_HISTORICAL_GAME_ID,selected history record_timestamp >= target scheduled_start | stored matches older local start at position 4: 823403,True,True,False
823386,2026-05-13,away,500779,Jose Quintana,2.0,1.0,1.0,824209,2026-04-15,1.0,3.2,18.0,75.0,1,2026-04-16T00:10:00+00:00,2026-08-27T00:15:18.826000+00:00,boxscore_stats starter,MLB_REGULAR_SEASON_INFERRED,E_BACKFILL_OR_LATE_RECORD_TIMESTAMP|G_DIFFERENT_TEMPORAL_ORDER|I_DIFFERENT_HISTORICAL_GAME_ID,selected history record_timestamp >= target scheduled_start | stored matches older local start at position 2: 823891,True,True,False
824763,2026-05-13,away,691725,Andrew Painter,2.0,1.0,1.0,824932,2026-04-24,1.0,5.2,28.0,96.0,1,2026-04-24T23:15:00+00:00,2026-08-27T00:32:39.973000+00:00,boxscore_stats starter,MLB_REGULAR_SEASON_INFERRED,E_BACKFILL_OR_LATE_RECORD_TIMESTAMP|M_UNEXPLAINED,selected history record_timestamp >= target scheduled_start,True,True,False
823631,2026-05-13,home,681035,Christian Scott,6.0,1.0,5.0,823639,2026-04-23,1.0,1.1,10.0,43.0,1,2026-04-23T23:10:00+00:00,2026-08-27T00:31:10.029000+00:00,boxscore_stats starter,MLB_REGULAR_SEASON_INFERRED,E_BACKFILL_OR_LATE_RECORD_TIMESTAMP|M_UNEXPLAINED,selected history record_timestamp >= target scheduled_start,True,True,False
823631,2026-05-13,away,664285,Framber Valdez,3.0,4.0,1.0,824529,2026-04-24,4.0,4.1,21.0,89.0,1,2026-04-24T22:40:00+00:00,2026-08-27T00:32:10.232000+00:00,boxscore_stats starter,MLB_REGULAR_SEASON_INFERRED,E_BACKFILL_OR_LATE_RECORD_TIMESTAMP|G_DIFFERENT_TEMPORAL_ORDER|I_DIFFERENT_HISTORICAL_GAME_ID,selected history record_timestamp >= target scheduled_start | stored matches older local start at position 8: 831611,True,True,False
823710,2026-05-13,away,676974,Max Meyer,5.0,8.0,3.0,823879,2026-04-20,8.0,5.1,23.0,91.0,1,2026-04-20T22:40:00+00:00,2026-08-26T20:24:31.109000+00:00,boxscore_stats starter,MLB_REGULAR_SEASON_INFERRED,E_BACKFILL_OR_LATE_RECORD_TIMESTAMP|G_DIFFERENT_TEMPORAL_ORDER|I_DIFFERENT_HISTORICAL_GAME_ID,selected history record_timestamp >= target scheduled_start | stored matches older local start at position 2: 824935,True,True,False
825010,2026-05-13,home,669372,J.T. Ginn,8.0,3.0,5.0,825021,2026-04-15,3.0,5.1,21.0,78.0,1,2026-04-16T01:40:00+00:00,2026-08-27T00:15:39.752000+00:00,boxscore_stats starter,MLB_REGULAR_SEASON_INFERRED,E_BACKFILL_OR_LATE_RECORD_TIMESTAMP|M_UNEXPLAINED,selected history record_timestamp >= target scheduled_start,True,True,False
825010,2026-05-13,away,669461,Matthew Liberatore,6.0,3.0,3.0,823070,2026-04-25,3.0,3.1,18.0,64.0,1,2026-04-25T18:15:00+00:00,2026-08-27T00:34:43.870000+00:00,boxscore_stats starter,MLB_REGULAR_SEASON_INFERRED,E_BACKFILL_OR_LATE_RECORD_TIMESTAMP|G_DIFFERENT_TEMPORAL_ORDER|I_DIFFERENT_HISTORICAL_GAME_ID,selected history record_timestamp >= target scheduled_start | stored matches older local start at position 4: 822754,True,True,False
823952,2026-05-13,home,660271,Shohei Ohtani,8.0,7.0,1.0,823231,2026-04-22,7.0,6.0,23.0,91.0,1,2026-04-23T01:45:00+00:00,2026-08-27T00:30:01.176000+00:00,boxscore_stats starter,MLB_REGULAR_SEASON_INFERRED,E_BACKFILL_OR_LATE_RECORD_TIMESTAMP|M_UNEXPLAINED,selected history record_timestamp >= target scheduled_start,True,True,False
824363,2026-05-04,home,608372,Tomoyuki Sugano,2.0,4.0,2.0,824367,2026-04-22,4.0,5.2,23.0,101.0,1,2026-04-23T00:40:00+00:00,2026-08-27T00:29:39.890000+00:00,boxscore_stats starter,MLB_REGULAR_SEASON_INFERRED,E_BACKFILL_OR_LATE_RECORD_TIMESTAMP|M_UNEXPLAINED,selected history record_timestamp >= target scheduled_start,True,True,False
824283,2026-05-04,away,801139,Payton Tolle,4.0,11.0,7.0,824770,2026-04-23,11.0,6.0,22.0,93.0,1,2026-04-23T22:10:00+00:00,2026-08-27T00:31:04.422000+00:00,boxscore_stats starter,MLB_REGULAR_SEASON_INFERRED,E_BACKFILL_OR_LATE_RECORD_TIMESTAMP|M_UNEXPLAINED,selected history record_timestamp >= target scheduled_start,True,True,False
822984,2026-05-04,home,607259,Nick Martinez,4.0,6.0,2.0,822993,2026-04-22,6.0,8.0,30.0,95.0,1,2026-04-22T17:10:00+00:00,2026-08-27T00:28:30.620000+00:00,boxscore_stats starter,MLB_REGULAR_SEASON_INFERRED,E_BACKFILL_OR_LATE_RECORD_TIMESTAMP|G_DIFFERENT_TEMPORAL_ORDER|I_DIFFERENT_HISTORICAL_GAME_ID,selected history record_timestamp >= target scheduled_start | stored matches older local start at position 3: 822996,True,True,False
822984,2026-05-04,away,641778,Eric Lauer,1.0,3.0,2.0,824044,2026-04-22,3.0,5.0,24.0,79.0,1,2026-04-22T19:07:00+00:00,2026-08-27T00:28:44.903000+00:00,boxscore_stats starter,MLB_REGULAR_SEASON_INFERRED,E_BACKFILL_OR_LATE_RECORD_TIMESTAMP|M_UNEXPLAINED,selected history record_timestamp >= target scheduled_start,True,True,False
823874,2026-05-04,home,676083,Janson Junk,4.0,2.0,2.0,823878,2026-04-22,2.0,5.0,17.0,56.0,1,2026-04-22T16:10:00+00:00,2026-08-27T00:28:17.838000+00:00,boxscore_stats starter,MLB_REGULAR_SEASON_INFERRED,E_BACKFILL_OR_LATE_RECORD_TIMESTAMP|G_DIFFERENT_TEMPORAL_ORDER|I_DIFFERENT_HISTORICAL_GAME_ID,selected history record_timestamp >= target scheduled_start | stored matches older local start at position 3: 824294,True,True,False
823874,2026-05-04,away,605400,Aaron Nola,6.0,5.0,1.0,823478,2026-04-14,5.0,5.0,23.0,87.0,1,2026-04-14T22:40:00+00:00,2026-07-10T20:40:15.843000+00:00,boxscore_stats starter,MLB_REGULAR_SEASON_INFERRED,E_BACKFILL_OR_LATE_RECORD_TIMESTAMP|M_UNEXPLAINED,selected history record_timestamp >= target scheduled_start,True,True,False
823552,2026-05-04,home,693645,Cam Schlittler,8.0,5.0,3.0,824770,2026-04-23,5.0,8.0,28.0,96.0,1,2026-04-23T22:10:00+00:00,2026-08-27T00:31:04.422000+00:00,boxscore_stats starter,MLB_REGULAR_SEASON_INFERRED,E_BACKFILL_OR_LATE_RECORD_TIMESTAMP|G_DIFFERENT_TEMPORAL_ORDER|I_DIFFERENT_HISTORICAL_GAME_ID,selected history record_timestamp >= target scheduled_start | stored matches older local start at position 3: 822998,True,True,False
823552,2026-05-04,away,669358,Shane Baz,6.0,4.0,2.0,824127,2026-04-21,4.0,6.1,29.0,98.0,1,2026-04-21T23:40:00+00:00,2026-08-27T00:26:41.721000+00:00,boxscore_stats starter,MLB_REGULAR_SEASON_INFERRED,E_BACKFILL_OR_LATE_RECORD_TIMESTAMP|G_DIFFERENT_TEMPORAL_ORDER|I_DIFFERENT_HISTORICAL_GAME_ID,selected history record_timestamp >= target scheduled_start | stored matches older local start at position 2: 824453,True,True,False
824684,2026-05-04,home,665795,Edward Cabrera,7.0,5.0,2.0,824689,2026-04-23,5.0,7.0,28.0,83.0,1,2026-04-23T18:20:00+00:00,2026-08-27T00:30:40.822000+00:00,boxscore_stats starter,MLB_REGULAR_SEASON_INFERRED,E_BACKFILL_OR_LATE_RECORD_TIMESTAMP|M_UNEXPLAINED,selected history record_timestamp >= target scheduled_start,True,True,False
824120,2026-05-04,away,676440,Tanner Bibee,6.0,3.0,3.0,824449,2026-04-22,3.0,6.0,24.0,95.0,1,2026-04-22T17:10:00+00:00,2026-08-27T00:28:23.177000+00:00,boxscore_stats starter,MLB_REGULAR_SEASON_INFERRED,E_BACKFILL_OR_LATE_RECORD_TIMESTAMP|G_DIFFERENT_TEMPORAL_ORDER|I_DIFFERENT_HISTORICAL_GAME_ID,selected history record_timestamp >= target scheduled_start | stored matches older local start at position 9: 831758,True,True,False
823064,2026-05-04,home,681517,Kyle Leahy,7.0,2.0,5.0,823878,2026-04-22,2.0,5.0,25.0,89.0,1,2026-04-22T16:10:00+00:00,2026-08-27T00:28:17.838000+00:00,boxscore_stats starter,MLB_REGULAR_SEASON_INFERRED,E_BACKFILL_OR_LATE_RECORD_TIMESTAMP|M_UNEXPLAINED,selected history record_timestamp >= target scheduled_start,True,True,False
823064,2026-05-04,away,694477,Chad Patrick,5.0,2.0,3.0,823803,2026-04-15,2.0,6.2,24.0,81.0,1,2026-04-15T23:40:00+00:00,2026-08-27T00:15:08.716000+00:00,boxscore_stats starter,MLB_REGULAR_SEASON_INFERRED,E_BACKFILL_OR_LATE_RECORD_TIMESTAMP|G_DIFFERENT_TEMPORAL_ORDER|I_DIFFERENT_HISTORICAL_GAME_ID,selected history record_timestamp >= target scheduled_start | stored matches older local start at position 6: 831954,True,True,False
824201,2026-05-04,away,808967,Yoshinobu Yamamoto,4.0,7.0,3.0,823236,2026-04-21,7.0,7.0,28.0,101.0,1,2026-04-22T01:45:00+00:00,2026-08-27T00:27:36.668000+00:00,boxscore_stats starter,MLB_REGULAR_SEASON_INFERRED,E_BACKFILL_OR_LATE_RECORD_TIMESTAMP|M_UNEXPLAINED,selected history record_timestamp >= target scheduled_start,True,True,False
824039,2026-05-04,home,667755,José Soriano,6.0,4.0,2.0,824044,2026-04-22,4.0,5.0,20.0,84.0,1,2026-04-22T19:07:00+00:00,2026-08-27T00:28:44.903000+00:00,boxscore_stats starter,MLB_REGULAR_SEASON_INFERRED,E_BACKFILL_OR_LATE_RECORD_TIMESTAMP|M_UNEXPLAINED,selected history record_timestamp >= target scheduled_start,True,True,False
823143,2026-05-04,home,669302,Logan Gilbert,4.0,3.0,1.0,823147,2026-04-22,3.0,4.0,21.0,89.0,1,2026-04-22T20:10:00+00:00,2026-08-27T00:28:50.225000+00:00,boxscore_stats starter,MLB_REGULAR_SEASON_INFERRED,E_BACKFILL_OR_LATE_RECORD_TIMESTAMP|M_UNEXPLAINED,selected history record_timestamp >= target scheduled_start,True,True,False
823143,2026-05-04,away,702275,JR Ritchie,4.0,7.0,3.0,822745,2026-04-23,7.0,7.0,26.0,89.0,1,2026-04-23T17:05:00+00:00,2026-08-27T00:30:26.861000+00:00,boxscore_stats starter,MLB_REGULAR_SEASON_INFERRED,E_BACKFILL_OR_LATE_RECORD_TIMESTAMP|M_UNEXPLAINED,selected history record_timestamp >= target scheduled_start,True,True,False
823228,2026-05-04,away,681190,Randy Vásquez,4.0,5.0,1.0,824369,2026-04-21,5.0,7.0,24.0,84.0,1,2026-04-22T00:40:00+00:00,2026-08-27T00:27:07.715000+00:00,boxscore_stats starter,MLB_REGULAR_SEASON_INFERRED,E_BACKFILL_OR_LATE_RECORD_TIMESTAMP|G_DIFFERENT_TEMPORAL_ORDER|I_DIFFERENT_HISTORICAL_GAME_ID,selected history record_timestamp >= target scheduled_start | stored matches older local start at position 6: 831767,True,True,False
822985,2026-05-06,home,663556,Shane McClanahan,5.0,7.0,2.0,822989,2026-04-25,7.0,5.0,21.0,86.0,1,2026-04-25T20:10:00+00:00,2026-08-27T00:35:12.809000+00:00,boxscore_stats starter,MLB_REGULAR_SEASON_INFERRED,E_BACKFILL_OR_LATE_RECORD_TIMESTAMP|B_START_VS_RELIEF_APPEARANCE|J_LAST_APPEARANCE_DEFINITION|K_LAST_START_DEFINITION|I_DIFFERENT_HISTORICAL_GAME_ID,"selected history record_timestamp >= target scheduled_start | stored matches most recent appearance game 822990, not most recent start 822989",True,True,False
822985,2026-05-06,away,571578,Patrick Corbin,4.0,3.0,1.0,824045,2026-04-21,3.0,5.0,18.0,65.0,1,2026-04-22T01:38:00+00:00,2026-08-27T00:27:14.864000+00:00,boxscore_stats starter,MLB_REGULAR_SEASON_INFERRED,E_BACKFILL_OR_LATE_RECORD_TIMESTAMP|B_START_VS_RELIEF_APPEARANCE|J_LAST_APPEARANCE_DEFINITION|K_LAST_START_DEFINITION|I_DIFFERENT_HISTORICAL_GAME_ID,"selected history record_timestamp >= target scheduled_start | stored matches most recent appearance game 823713, not most recent start 824045",True,True,False
823063,2026-05-06,home,669467,Andre Pallante,6.0,8.0,2.0,823069,2026-04-24,8.0,5.1,23.0,90.0,1,2026-04-25T00:15:00+00:00,2026-08-27T00:33:17.355000+00:00,boxscore_stats starter,MLB_REGULAR_SEASON_INFERRED,E_BACKFILL_OR_LATE_RECORD_TIMESTAMP|M_UNEXPLAINED,selected history record_timestamp >= target scheduled_start,True,True,False
823063,2026-05-06,away,687075,Brandon Sproat,5.0,4.0,1.0,824288,2026-04-23,4.0,5.1,21.0,76.0,1,2026-04-23T17:10:00+00:00,2026-08-27T00:30:32.403000+00:00,boxscore_stats starter,MLB_REGULAR_SEASON_INFERRED,E_BACKFILL_OR_LATE_RECORD_TIMESTAMP|G_DIFFERENT_TEMPORAL_ORDER|I_DIFFERENT_HISTORICAL_GAME_ID,selected history record_timestamp >= target scheduled_start | stored matches older local start at position 4: 832077,True,True,False
824198,2026-05-06,home,621121,Lance McCullers Jr.,9.0,3.0,6.0,824204,2026-04-24,3.0,5.0,23.0,92.0,1,2026-04-25T00:10:00+00:00,2026-08-27T00:33:10.830000+00:00,boxscore_stats starter,MLB_REGULAR_SEASON_INFERRED,E_BACKFILL_OR_LATE_RECORD_TIMESTAMP|G_DIFFERENT_TEMPORAL_ORDER|I_DIFFERENT_HISTORICAL_GAME_ID,selected history record_timestamp >= target scheduled_start | stored matches older local start at position 5: 824214,True,True,False
823226,2026-05-06,home,605288,Adrian Houser,2.0,3.0,1.0,823232,2026-04-24,3.0,4.0,23.0,77.0,1,2026-04-25T02:15:00+00:00,2026-08-27T00:33:32.774000+00:00,boxscore_stats starter,MLB_REGULAR_SEASON_INFERRED,E_BACKFILL_OR_LATE_RECORD_TIMESTAMP|M_UNEXPLAINED,selected history record_timestamp >= target scheduled_start,True,True,False
824036,2026-05-06,home,700712,Walbert Ureña,4.0,3.0,1.0,824121,2026-04-25,3.0,3.2,21.0,81.0,1,2026-04-25T23:10:00+00:00,2026-08-27T00:36:15.588000+00:00,boxscore_stats starter,MLB_REGULAR_SEASON_INFERRED,E_BACKFILL_OR_LATE_RECORD_TIMESTAMP|B_START_VS_RELIEF_APPEARANCE|J_LAST_APPEARANCE_DEFINITION|K_LAST_START_DEFINITION|I_DIFFERENT_HISTORICAL_GAME_ID,"selected history record_timestamp >= target scheduled_start | stored matches most recent appearance game 824041, not most recent start 824121",True,True,False
824036,2026-05-06,away,702273,Noah Schultz,2.0,8.0,6.0,824613,2026-04-25,8.0,6.0,25.0,85.0,1,2026-04-25T20:10:00+00:00,2026-08-27T00:35:24.553000+00:00,boxscore_stats starter,MLB_REGULAR_SEASON_INFERRED,E_BACKFILL_OR_LATE_RECORD_TIMESTAMP|B_START_VS_RELIEF_APPEARANCE|J_LAST_APPEARANCE_DEFINITION|K_LAST_START_DEFINITION|I_DIFFERENT_HISTORICAL_GAME_ID,"selected history record_timestamp >= target scheduled_start | stored matches most recent appearance game 823309, not most recent start 824613",True,True,False
823141,2026-05-06,home,693433,Bryan Woo,2.0,1.0,1.0,823070,2026-04-25,1.0,3.0,18.0,53.0,1,2026-04-25T18:15:00+00:00,2026-08-27T00:34:43.870000+00:00,boxscore_stats starter,MLB_REGULAR_SEASON_INFERRED,E_BACKFILL_OR_LATE_RECORD_TIMESTAMP|B_START_VS_RELIEF_APPEARANCE|J_LAST_APPEARANCE_DEFINITION|K_LAST_START_DEFINITION|I_DIFFERENT_HISTORICAL_GAME_ID,"selected history record_timestamp >= target scheduled_start | stored matches most recent appearance game 823146, not most recent start 823070",True,True,False
823141,2026-05-06,away,527048,Martín Pérez,5.0,4.0,1.0,823476,2026-04-17,4.0,6.0,26.0,94.0,1,2026-04-17T22:40:00+00:00,2026-08-27T00:18:47.296000+00:00,boxscore_stats starter,MLB_REGULAR_SEASON_INFERRED,E_BACKFILL_OR_LATE_RECORD_TIMESTAMP|M_UNEXPLAINED,selected history record_timestamp >= target scheduled_start,True,True,False
823470,2026-05-06,home,554430,Zack Wheeler,8.0,6.0,2.0,824933,2026-04-25,6.0,5.0,20.0,84.0,1,2026-04-25T23:15:00+00:00,2026-08-27T00:38:15.824000+00:00,boxscore_stats starter,MLB_REGULAR_SEASON_INFERRED,E_BACKFILL_OR_LATE_RECORD_TIMESTAMP|B_START_VS_RELIEF_APPEARANCE|J_LAST_APPEARANCE_DEFINITION|K_LAST_START_DEFINITION|I_DIFFERENT_HISTORICAL_GAME_ID,"selected history record_timestamp >= target scheduled_start | stored matches most recent appearance game 823877, not most recent start 824933",True,True,False
823872,2026-05-06,away,687064,Brandon Young,2.0,5.0,3.0,824854,2026-04-24,5.0,5.2,25.0,93.0,1,2026-04-24T23:05:00+00:00,2026-08-27T00:32:19.313000+00:00,boxscore_stats starter,MLB_REGULAR_SEASON_INFERRED,E_BACKFILL_OR_LATE_RECORD_TIMESTAMP|M_UNEXPLAINED,selected history record_timestamp >= target scheduled_start,True,True,False
822740,2026-05-06,away,641927,Bailey Ober,2.0,3.0,1.0,822989,2026-04-25,3.0,6.0,22.0,83.0,1,2026-04-25T20:10:00+00:00,2026-08-27T00:35:12.809000+00:00,boxscore_stats starter,MLB_REGULAR_SEASON_INFERRED,E_BACKFILL_OR_LATE_RECORD_TIMESTAMP|G_DIFFERENT_TEMPORAL_ORDER|I_DIFFERENT_HISTORICAL_GAME_ID,selected history record_timestamp >= target scheduled_start | stored matches older local start at position 4: 823726,True,True,False
823550,2026-05-06,home,701542,Will Warren,9.0,6.0,3.0,824204,2026-04-24,6.0,6.0,24.0,95.0,1,2026-04-25T00:10:00+00:00,2026-08-27T00:33:10.830000+00:00,boxscore_stats starter,MLB_REGULAR_SEASON_INFERRED,E_BACKFILL_OR_LATE_RECORD_TIMESTAMP|B_START_VS_RELIEF_APPEARANCE|J_LAST_APPEARANCE_DEFINITION|K_LAST_START_DEFINITION|I_DIFFERENT_HISTORICAL_GAME_ID,"selected history record_timestamp >= target scheduled_start | stored matches most recent appearance game 823557, not most recent start 824204",True,True,False
823550,2026-05-06,away,543135,Nathan Eovaldi,7.0,3.0,4.0,822909,2026-04-24,3.0,6.0,25.0,86.0,1,2026-04-25T00:05:00+00:00,2026-08-27T00:33:03.039000+00:00,boxscore_stats starter,MLB_REGULAR_SEASON_INFERRED,E_BACKFILL_OR_LATE_RECORD_TIMESTAMP|G_DIFFERENT_TEMPORAL_ORDER|I_DIFFERENT_HISTORICAL_GAME_ID,selected history record_timestamp >= target scheduled_start | stored matches older local start at position 3: 822916,True,True,False
824683,2026-05-06,home,607067,Colin Rea,6.0,4.0,2.0,823960,2026-04-25,4.0,3.1,20.0,92.0,1,2026-04-25T23:15:00+00:00,2026-08-27T00:37:25.762000+00:00,boxscore_stats starter,MLB_REGULAR_SEASON_INFERRED,E_BACKFILL_OR_LATE_RECORD_TIMESTAMP|B_START_VS_RELIEF_APPEARANCE|J_LAST_APPEARANCE_DEFINITION|K_LAST_START_DEFINITION|I_DIFFERENT_HISTORICAL_GAME_ID,"selected history record_timestamp >= target scheduled_start | stored matches most recent appearance game 824686, not most recent start 823960",True,True,False
824683,2026-05-06,away,663903,Brady Singer,1.0,3.0,2.0,824527,2026-04-25,3.0,5.1,24.0,94.0,1,2026-04-25T23:15:00+00:00,2026-08-27T00:37:10.867000+00:00,boxscore_stats starter,MLB_REGULAR_SEASON_INFERRED,E_BACKFILL_OR_LATE_RECORD_TIMESTAMP|B_START_VS_RELIEF_APPEARANCE|J_LAST_APPEARANCE_DEFINITION|K_LAST_START_DEFINITION|I_DIFFERENT_HISTORICAL_GAME_ID,"selected history record_timestamp >= target scheduled_start | stored matches most recent appearance game 823389, not most recent start 824527",True,True,False
824118,2026-05-06,home,666142,Cole Ragans,8.0,11.0,3.0,824121,2026-04-25,11.0,6.0,23.0,99.0,1,2026-04-25T23:10:00+00:00,2026-08-27T00:36:15.588000+00:00,boxscore_stats starter,MLB_REGULAR_SEASON_INFERRED,E_BACKFILL_OR_LATE_RECORD_TIMESTAMP|B_START_VS_RELIEF_APPEARANCE|J_LAST_APPEARANCE_DEFINITION|K_LAST_START_DEFINITION|I_DIFFERENT_HISTORICAL_GAME_ID,"selected history record_timestamp >= target scheduled_start | stored matches most recent appearance game 823146, not most recent start 824121",True,True,False
824118,2026-05-06,away,676282,Joey Cantillo,2.0,4.0,2.0,822826,2026-04-25,4.0,5.0,22.0,89.0,1,2026-04-25T19:07:00+00:00,2026-08-27T00:34:54.359000+00:00,boxscore_stats starter,MLB_REGULAR_SEASON_INFERRED,E_BACKFILL_OR_LATE_RECORD_TIMESTAMP|B_START_VS_RELIEF_APPEARANCE|J_LAST_APPEARANCE_DEFINITION|K_LAST_START_DEFINITION|I_DIFFERENT_HISTORICAL_GAME_ID,"selected history record_timestamp >= target scheduled_start | stored matches most recent appearance game 825012, not most recent start 822826",True,True,False
824361,2026-05-06,home,547179,Michael Lorenzen,5.0,3.0,2.0,823638,2026-04-24,3.0,7.0,26.0,90.0,1,2026-04-24T23:10:00+00:00,2026-08-27T00:32:30.221000+00:00,boxscore_stats starter,MLB_REGULAR_SEASON_INFERRED,E_BACKFILL_OR_LATE_RECORD_TIMESTAMP|M_UNEXPLAINED,selected history record_timestamp >= target scheduled_start,True,True,False
824361,2026-05-06,away,642547,Freddy Peralta,6.0,8.0,2.0,823638,2026-04-24,8.0,5.2,27.0,95.0,1,2026-04-24T23:10:00+00:00,2026-08-27T00:32:30.221000+00:00,boxscore_stats starter,MLB_REGULAR_SEASON_INFERRED,E_BACKFILL_OR_LATE_RECORD_TIMESTAMP|G_DIFFERENT_TEMPORAL_ORDER|I_DIFFERENT_HISTORICAL_GAME_ID,selected history record_timestamp >= target scheduled_start | stored matches older local start at position 3: 823642,True,True,False
825091,2026-05-06,home,647336,Michael Soroka,2.0,6.0,4.0,825096,2026-04-23,6.0,5.0,22.0,101.0,1,2026-04-23T19:40:00+00:00,2026-08-27T00:30:53.154000+00:00,boxscore_stats starter,MLB_REGULAR_SEASON_INFERRED,E_BACKFILL_OR_LATE_RECORD_TIMESTAMP|M_UNEXPLAINED,selected history record_timestamp >= target scheduled_start,True,True,False
825091,2026-05-06,away,694973,Paul Skenes,9.0,7.0,2.0,823800,2026-04-24,7.0,7.0,22.0,93.0,1,2026-04-24T23:40:00+00:00,2026-08-27T00:32:57.697000+00:00,boxscore_stats starter,MLB_REGULAR_SEASON_INFERRED,E_BACKFILL_OR_LATE_RECORD_TIMESTAMP|M_UNEXPLAINED,selected history record_timestamp >= target scheduled_start,True,True,False
823551,2026-05-07,home,621112,Paul Blackburn,0.0,3.0,3.0,831632,2026-03-05,3.0,2.1,12.0,56.0,1,2026-03-05T18:05:00+00:00,2026-08-26T19:51:00.786000+00:00,boxscore_stats starter,MLB_SPRING_TRAINING_INFERRED,E_BACKFILL_OR_LATE_RECORD_TIMESTAMP|F_NON_MLB_GAME|B_START_VS_RELIEF_APPEARANCE|J_LAST_APPEARANCE_DEFINITION|K_LAST_START_DEFINITION|I_DIFFERENT_HISTORICAL_GAME_ID,"selected history record_timestamp >= target scheduled_start | selected historical competition=MLB_SPRING_TRAINING_INFERRED | stored matches most recent appearance game 823552, not most recent start 831632",True,True,False
823551,2026-05-07,away,669022,MacKenzie Gore,3.0,7.0,4.0,822910,2026-04-25,7.0,5.0,25.0,106.0,1,2026-04-25T23:05:00+00:00,2026-08-27T00:35:43.743000+00:00,boxscore_stats starter,MLB_REGULAR_SEASON_INFERRED,E_BACKFILL_OR_LATE_RECORD_TIMESTAMP|B_START_VS_RELIEF_APPEARANCE|J_LAST_APPEARANCE_DEFINITION|K_LAST_START_DEFINITION|I_DIFFERENT_HISTORICAL_GAME_ID,"selected history record_timestamp >= target scheduled_start | stored matches most recent appearance game 824287, not most recent start 822910",True,True,False
822741,2026-05-07,home,663623,Jake Irvin,5.0,9.0,4.0,824613,2026-04-25,9.0,5.2,23.0,88.0,1,2026-04-25T20:10:00+00:00,2026-08-27T00:35:24.553000+00:00,boxscore_stats starter,MLB_REGULAR_SEASON_INFERRED,E_BACKFILL_OR_LATE_RECORD_TIMESTAMP|B_START_VS_RELIEF_APPEARANCE|J_LAST_APPEARANCE_DEFINITION|K_LAST_START_DEFINITION|I_DIFFERENT_HISTORICAL_GAME_ID,"selected history record_timestamp >= target scheduled_start | stored matches most recent appearance game 822744, not most recent start 824613",True,True,False
824117,2026-05-07,home,607625,Seth Lugo,6.0,7.0,1.0,824291,2026-04-15,7.0,6.2,23.0,92.0,1,2026-04-15T22:40:00+00:00,2026-08-27T00:13:31.262000+00:00,boxscore_stats starter,MLB_REGULAR_SEASON_INFERRED,E_BACKFILL_OR_LATE_RECORD_TIMESTAMP|M_UNEXPLAINED,selected history record_timestamp >= target scheduled_start,True,True,False
824681,2026-05-07,away,695076,Rhett Lowder,1.0,3.0,2.0,822994,2026-04-20,3.0,6.0,24.0,93.0,1,2026-04-20T22:40:00+00:00,2026-08-26T20:24:20.180000+00:00,boxscore_stats starter,MLB_REGULAR_SEASON_INFERRED,E_BACKFILL_OR_LATE_RECORD_TIMESTAMP|M_UNEXPLAINED,selected history record_timestamp >= target scheduled_start,True,True,False
824522,2026-05-08,away,681347,Mike Burrows,3.0,8.0,5.0,824203,2026-04-25,8.0,5.0,21.0,92.0,1,2026-04-25T23:10:00+00:00,2026-08-27T00:36:36.491000+00:00,boxscore_stats starter,MLB_REGULAR_SEASON_INFERRED,E_BACKFILL_OR_LATE_RECORD_TIMESTAMP|B_START_VS_RELIEF_APPEARANCE|J_LAST_APPEARANCE_DEFINITION|K_LAST_START_DEFINITION|I_DIFFERENT_HISTORICAL_GAME_ID,"selected history record_timestamp >= target scheduled_start | stored matches most recent appearance game 824772, not most recent start 824203",True,True,False
823466,2026-05-08,away,801403,Chase Dollander,7.0,1.0,6.0,831861,2026-03-11,1.0,3.1,18.0,62.0,1,2026-03-11T20:10:00+00:00,2026-08-26T20:00:32.551000+00:00,boxscore_stats starter,MLB_SPRING_TRAINING_INFERRED,E_BACKFILL_OR_LATE_RECORD_TIMESTAMP|F_NON_MLB_GAME|M_UNEXPLAINED,selected history record_timestamp >= target scheduled_start | selected historical competition=MLB_SPRING_TRAINING_INFERRED,True,True,False
822822,2026-05-08,away,672282,Reid Detmers,8.0,9.0,1.0,823562,2026-04-14,9.0,7.0,25.0,99.0,1,2026-04-14T23:05:00+00:00,2026-07-10T20:40:29.202000+00:00,boxscore_stats starter,MLB_REGULAR_SEASON_INFERRED,E_BACKFILL_OR_LATE_RECORD_TIMESTAMP|M_UNEXPLAINED,selected history record_timestamp >= target scheduled_start,True,True,False
824768,2026-05-08,home,813349,Connelly Early,3.0,4.0,1.0,824773,2026-04-21,4.0,5.1,23.0,92.0,1,2026-04-21T22:45:00+00:00,2026-08-27T00:26:29.914000+00:00,boxscore_stats starter,MLB_REGULAR_SEASON_INFERRED,E_BACKFILL_OR_LATE_RECORD_TIMESTAMP|M_UNEXPLAINED,selected history record_timestamp >= target scheduled_start,True,True,False
824116,2026-05-08,away,672456,Keider Montero,2.0,3.0,1.0,824290,2026-04-21,3.0,5.2,22.0,88.0,1,2026-04-21T22:40:00+00:00,2026-08-27T00:26:17.876000+00:00,boxscore_stats starter,MLB_REGULAR_SEASON_INFERRED,E_BACKFILL_OR_LATE_RECORD_TIMESTAMP|M_UNEXPLAINED,selected history record_timestamp >= target scheduled_start,True,True,False
824607,2026-05-08,home,680732,Sean Burke,8.0,3.0,5.0,825099,2026-04-21,3.0,6.0,22.0,101.0,1,2026-04-22T01:40:00+00:00,2026-08-27T00:27:30.404000+00:00,boxscore_stats starter,MLB_REGULAR_SEASON_INFERRED,E_BACKFILL_OR_LATE_RECORD_TIMESTAMP|M_UNEXPLAINED,selected history record_timestamp >= target scheduled_start,True,True,False
824607,2026-05-08,away,676106,Emerson Hancock,14.0,6.0,8.0,823314,2026-04-15,6.0,6.0,23.0,98.0,1,2026-04-16T01:40:00+00:00,2026-08-27T00:15:30.316000+00:00,boxscore_stats starter,MLB_REGULAR_SEASON_INFERRED,E_BACKFILL_OR_LATE_RECORD_TIMESTAMP|M_UNEXPLAINED,selected history record_timestamp >= target scheduled_start,True,True,False
823794,2026-05-08,home,694819,Jacob Misiorowski,8.0,9.0,1.0,823799,2026-04-25,9.0,6.0,26.0,91.0,1,2026-04-25T23:10:00+00:00,2026-08-27T00:36:54.911000+00:00,boxscore_stats starter,MLB_REGULAR_SEASON_INFERRED,E_BACKFILL_OR_LATE_RECORD_TIMESTAMP|B_START_VS_RELIEF_APPEARANCE|J_LAST_APPEARANCE_DEFINITION|K_LAST_START_DEFINITION|I_DIFFERENT_HISTORICAL_GAME_ID,"selected history record_timestamp >= target scheduled_start | stored matches most recent appearance game 822744, not most recent start 823799",True,True,False
822904,2026-05-08,home,677958,Kumar Rocker,2.0,5.0,3.0,822914,2026-04-21,5.0,6.0,23.0,88.0,1,2026-04-22T00:05:00+00:00,2026-08-27T00:26:58.644000+00:00,boxscore_stats starter,MLB_REGULAR_SEASON_INFERRED,E_BACKFILL_OR_LATE_RECORD_TIMESTAMP|M_UNEXPLAINED,selected history record_timestamp >= target scheduled_start,True,True,False
822904,2026-05-08,away,676962,Ben Brown,1.0,6.0,5.0,831928,2026-03-14,6.0,4.0,14.0,51.0,1,2026-03-14T20:10:00+00:00,2026-08-26T20:04:51.801000+00:00,boxscore_stats starter,MLB_SPRING_TRAINING_INFERRED,E_BACKFILL_OR_LATE_RECORD_TIMESTAMP|F_NON_MLB_GAME|B_START_VS_RELIEF_APPEARANCE|J_LAST_APPEARANCE_DEFINITION|K_LAST_START_DEFINITION|I_DIFFERENT_HISTORICAL_GAME_ID,"selected history record_timestamp >= target scheduled_start | selected historical competition=MLB_SPRING_TRAINING_INFERRED | stored matches most recent appearance game 824684, not most recent start 831928",True,True,False
825088,2026-05-08,away,690997,Nolan McLean,6.0,10.0,4.0,823640,2026-04-21,10.0,6.2,25.0,99.0,1,2026-04-21T23:10:00+00:00,2026-08-27T00:26:36.466000+00:00,boxscore_stats starter,MLB_REGULAR_SEASON_INFERRED,E_BACKFILL_OR_LATE_RECORD_TIMESTAMP|M_UNEXPLAINED,selected history record_timestamp >= target scheduled_start,True,True,False
823957,2026-05-08,home,686218,Emmet Sheehan,8.0,10.0,2.0,823962,2026-04-24,10.0,6.1,24.0,101.0,1,2026-04-25T02:15:00+00:00,2026-08-27T00:33:23.258000+00:00,boxscore_stats starter,MLB_REGULAR_SEASON_INFERRED,E_BACKFILL_OR_LATE_RECORD_TIMESTAMP|B_START_VS_RELIEF_APPEARANCE|J_LAST_APPEARANCE_DEFINITION|K_LAST_START_DEFINITION|I_DIFFERENT_HISTORICAL_GAME_ID,"selected history record_timestamp >= target scheduled_start | stored matches most recent appearance game 823066, not most recent start 823962",True,True,False
823957,2026-05-08,away,519242,Chris Sale,11.0,7.0,4.0,823474,2026-04-18,7.0,7.0,26.0,101.0,1,2026-04-18T23:15:00+00:00,2026-08-27T00:22:33.315000+00:00,boxscore_stats starter,MLB_REGULAR_SEASON_INFERRED,E_BACKFILL_OR_LATE_RECORD_TIMESTAMP|M_UNEXPLAINED,selected history record_timestamp >= target scheduled_start,True,True,False
823225,2026-05-08,home,592662,Robbie Ray,5.0,4.0,1.0,823229,2026-04-25,4.0,5.0,21.0,97.0,1,2026-04-25T20:05:00+00:00,2026-08-27T00:35:03.059000+00:00,boxscore_stats starter,MLB_REGULAR_SEASON_INFERRED,E_BACKFILL_OR_LATE_RECORD_TIMESTAMP|B_START_VS_RELIEF_APPEARANCE|J_LAST_APPEARANCE_DEFINITION|K_LAST_START_DEFINITION|I_DIFFERENT_HISTORICAL_GAME_ID,"selected history record_timestamp >= target scheduled_start | stored matches most recent appearance game 822990, not most recent start 823229",True,True,False
823225,2026-05-08,away,669387,Carmen Mlodzinski,10.0,6.0,4.0,822914,2026-04-21,6.0,4.1,21.0,93.0,1,2026-04-22T00:05:00+00:00,2026-08-27T00:26:58.644000+00:00,boxscore_stats starter,MLB_REGULAR_SEASON_INFERRED,E_BACKFILL_OR_LATE_RECORD_TIMESTAMP|M_UNEXPLAINED,selected history record_timestamp >= target scheduled_start,True,True,False
824523,2026-05-09,away,681293,Spencer Arrighetti,4.0,3.0,1.0,824450,2026-04-20,3.0,5.0,25.0,96.0,1,2026-04-20T22:10:00+00:00,2026-08-26T20:24:10.895000+00:00,boxscore_stats starter,MLB_REGULAR_SEASON_INFERRED,E_BACKFILL_OR_LATE_RECORD_TIMESTAMP|M_UNEXPLAINED,selected history record_timestamp >= target scheduled_start,True,True,False
823792,2026-05-09,home,690986,Kyle Harrison,5.0,3.0,2.0,824290,2026-04-21,3.0,3.0,17.0,72.0,1,2026-04-21T22:40:00+00:00,2026-08-27T00:26:17.876000+00:00,boxscore_stats starter,MLB_REGULAR_SEASON_INFERRED,E_BACKFILL_OR_LATE_RECORD_TIMESTAMP|J_LAST_APPEARANCE_DEFINITION|I_DIFFERENT_HISTORICAL_GAME_ID,selected history record_timestamp >= target scheduled_start | stored matches older local appearance at position 5: 832077,True,True,False
823224,2026-05-09,home,694738,Landen Roupp,6.0,7.0,1.0,823236,2026-04-21,7.0,5.0,20.0,106.0,1,2026-04-22T01:45:00+00:00,2026-08-27T00:27:36.668000+00:00,boxscore_stats starter,MLB_REGULAR_SEASON_INFERRED,E_BACKFILL_OR_LATE_RECORD_TIMESTAMP|G_DIFFERENT_TEMPORAL_ORDER|I_DIFFERENT_HISTORICAL_GAME_ID,selected history record_timestamp >= target scheduled_start | stored matches older local start at position 2: 824530,True,True,False
823868,2026-05-10,home,645261,Sandy Alcantara,5.0,4.0,1.0,823232,2026-04-24,4.0,6.0,26.0,108.0,1,2026-04-25T02:15:00+00:00,2026-08-27T00:33:32.774000+00:00,boxscore_stats starter,MLB_REGULAR_SEASON_INFERRED,E_BACKFILL_OR_LATE_RECORD_TIMESTAMP|G_DIFFERENT_TEMPORAL_ORDER|I_DIFFERENT_HISTORICAL_GAME_ID,selected history record_timestamp >= target scheduled_start | stored matches older local start at position 6: 823893,True,True,False
823868,2026-05-10,away,676917,Cade Cavalli,2.0,10.0,8.0,822745,2026-04-23,10.0,5.0,23.0,85.0,1,2026-04-23T17:05:00+00:00,2026-08-27T00:30:26.861000+00:00,boxscore_stats starter,MLB_REGULAR_SEASON_INFERRED,E_BACKFILL_OR_LATE_RECORD_TIMESTAMP|G_DIFFERENT_TEMPORAL_ORDER|I_DIFFERENT_HISTORICAL_GAME_ID,selected history record_timestamp >= target scheduled_start | stored matches older local start at position 3: 823400,True,True,False
824845,2026-05-10,away,622663,Luis Severino,3.0,5.0,2.0,822909,2026-04-24,5.0,6.2,26.0,98.0,1,2026-04-25T00:05:00+00:00,2026-08-27T00:33:03.039000+00:00,boxscore_stats starter,MLB_REGULAR_SEASON_INFERRED,E_BACKFILL_OR_LATE_RECORD_TIMESTAMP|G_DIFFERENT_TEMPORAL_ORDER|I_DIFFERENT_HISTORICAL_GAME_ID,selected history record_timestamp >= target scheduled_start | stored matches older local start at position 2: 825020,True,True,False
823463,2026-05-10,home,650911,Cristopher Sánchez,10.0,4.0,6.0,824689,2026-04-23,4.0,5.1,30.0,99.0,1,2026-04-23T18:20:00+00:00,2026-08-27T00:30:40.822000+00:00,boxscore_stats starter,MLB_REGULAR_SEASON_INFERRED,E_BACKFILL_OR_LATE_RECORD_TIMESTAMP|G_DIFFERENT_TEMPORAL_ORDER|I_DIFFERENT_HISTORICAL_GAME_ID,selected history record_timestamp >= target scheduled_start | stored matches older local start at position 6: 823486,True,True,False
824440,2026-05-10,home,668909,Gavin Williams,7.0,4.0,3.0,822827,2026-04-24,4.0,6.0,27.0,96.0,1,2026-04-24T23:07:00+00:00,2026-08-27T00:32:24.727000+00:00,boxscore_stats starter,MLB_REGULAR_SEASON_INFERRED,E_BACKFILL_OR_LATE_RECORD_TIMESTAMP|G_DIFFERENT_TEMPORAL_ORDER|I_DIFFERENT_HISTORICAL_GAME_ID,selected history record_timestamp >= target scheduled_start | stored matches older local start at position 5: 823162,True,True,False
822902,2026-05-10,home,594798,Jacob deGrom,7.0,10.0,3.0,822912,2026-04-23,10.0,5.2,23.0,89.0,1,2026-04-24T00:05:00+00:00,2026-08-27T00:31:14.544000+00:00,boxscore_stats starter,MLB_REGULAR_SEASON_INFERRED,E_BACKFILL_OR_LATE_RECORD_TIMESTAMP|G_DIFFERENT_TEMPORAL_ORDER|I_DIFFERENT_HISTORICAL_GAME_ID,selected history record_timestamp >= target scheduled_start | stored matches older local start at position 5: 824861,True,True,False
822902,2026-05-10,away,592791,Jameson Taillon,5.0,4.0,1.0,823962,2026-04-24,4.0,5.0,21.0,85.0,1,2026-04-25T02:15:00+00:00,2026-08-27T00:33:23.258000+00:00,boxscore_stats starter,MLB_REGULAR_SEASON_INFERRED,E_BACKFILL_OR_LATE_RECORD_TIMESTAMP|M_UNEXPLAINED,selected history record_timestamp >= target scheduled_start,True,True,False
825085,2026-05-10,home,593958,Eduardo Rodriguez,7.0,4.0,3.0,825097,2026-04-22,4.0,5.0,24.0,96.0,1,2026-04-23T01:40:00+00:00,2026-08-27T00:29:45.092000+00:00,boxscore_stats starter,MLB_REGULAR_SEASON_INFERRED,E_BACKFILL_OR_LATE_RECORD_TIMESTAMP|M_UNEXPLAINED,selected history record_timestamp >= target scheduled_start,True,True,False
823305,2026-05-10,home,621111,Walker Buehler,5.0,2.0,3.0,824367,2026-04-22,2.0,2.2,19.0,82.0,1,2026-04-23T00:40:00+00:00,2026-08-27T00:29:39.890000+00:00,boxscore_stats starter,MLB_REGULAR_SEASON_INFERRED,E_BACKFILL_OR_LATE_RECORD_TIMESTAMP|M_UNEXPLAINED,selected history record_timestamp >= target scheduled_start,True,True,False
823954,2026-05-10,away,693821,Bryce Elder,9.0,2.0,7.0,824933,2026-04-25,2.0,7.0,28.0,92.0,1,2026-04-25T23:15:00+00:00,2026-08-27T00:38:15.824000+00:00,boxscore_stats starter,MLB_REGULAR_SEASON_INFERRED,E_BACKFILL_OR_LATE_RECORD_TIMESTAMP|M_UNEXPLAINED,selected history record_timestamp >= target scheduled_start,True,True,False
824113,2026-05-10,home,702070,Noah Cameron,5.0,6.0,1.0,824124,2026-04-24,6.0,6.1,28.0,88.0,1,2026-04-24T23:40:00+00:00,2026-08-27T00:32:45.283000+00:00,boxscore_stats starter,MLB_REGULAR_SEASON_INFERRED,E_BACKFILL_OR_LATE_RECORD_TIMESTAMP|G_DIFFERENT_TEMPORAL_ORDER|I_DIFFERENT_HISTORICAL_GAME_ID,selected history record_timestamp >= target scheduled_start | stored matches older local start at position 3: 824457,True,True,False
824278,2026-05-16,home,663554,Casey Mize,3.0,7.0,4.0,824286,2026-04-22,7.0,6.0,23.0,88.0,1,2026-04-22T22:40:00+00:00,2026-08-27T00:28:58.768000+00:00,boxscore_stats starter,MLB_REGULAR_SEASON_INFERRED,E_BACKFILL_OR_LATE_RECORD_TIMESTAMP|J_LAST_APPEARANCE_DEFINITION|I_DIFFERENT_HISTORICAL_GAME_ID,selected history record_timestamp >= target scheduled_start | stored matches older local appearance at position 6: 831856,True,True,False
823376,2026-05-27,home,696149,Bubba Chandler,5.0,11.0,6.0,822816,2026-05-22,11.0,5.0,23.0,99.0,1,2026-05-22T23:07:00+00:00,2026-08-26T21:17:17.970000+00:00,boxscore_stats starter,MLB_REGULAR_SEASON_INFERRED,E_BACKFILL_OR_LATE_RECORD_TIMESTAMP|G_DIFFERENT_TEMPORAL_ORDER|I_DIFFERENT_HISTORICAL_GAME_ID,selected history record_timestamp >= target scheduled_start | stored matches older local start at position 10: 831525,True,True,False
822982,2026-05-17,away,691587,Eury Pérez,8.0,6.0,2.0,823872,2026-05-06,6.0,5.0,24.0,93.0,1,2026-05-06T22:40:00+00:00,2026-08-26T20:42:57.951000+00:00,boxscore_stats starter,MLB_REGULAR_SEASON_INFERRED,E_BACKFILL_OR_LATE_RECORD_TIMESTAMP|G_DIFFERENT_TEMPORAL_ORDER|I_DIFFERENT_HISTORICAL_GAME_ID,selected history record_timestamp >= target scheduled_start | stored matches older local start at position 6: 823892,True,True,False
823381,2026-05-17,home,694973,Paul Skenes,10.0,7.0,3.0,825091,2026-05-06,7.0,8.0,26.0,97.0,1,2026-05-07T01:40:00+00:00,2026-08-26T20:43:41.946000+00:00,boxscore_stats starter,MLB_REGULAR_SEASON_INFERRED,E_BACKFILL_OR_LATE_RECORD_TIMESTAMP|M_UNEXPLAINED,selected history record_timestamp >= target scheduled_start,True,True,False
824923,2026-05-17,home,656550,Grant Holmes,5.0,4.0,1.0,824932,2026-04-24,4.0,6.0,28.0,89.0,1,2026-04-24T23:15:00+00:00,2026-08-27T00:32:39.973000+00:00,boxscore_stats starter,MLB_REGULAR_SEASON_INFERRED,E_BACKFILL_OR_LATE_RECORD_TIMESTAMP|M_UNEXPLAINED,selected history record_timestamp >= target scheduled_start,True,True,False
824436,2026-05-17,away,663903,Brady Singer,2.0,6.0,4.0,824683,2026-05-06,6.0,6.0,25.0,96.0,1,2026-05-06T23:40:00+00:00,2026-08-26T20:43:19.076000+00:00,boxscore_stats starter,MLB_REGULAR_SEASON_INFERRED,E_BACKFILL_OR_LATE_RECORD_TIMESTAMP|G_DIFFERENT_TEMPORAL_ORDER|I_DIFFERENT_HISTORICAL_GAME_ID,selected history record_timestamp >= target scheduled_start | stored matches older local start at position 3: 823718,True,True,False
824279,2026-05-17,home,656427,Jack Flaherty,2.0,10.0,8.0,824282,2026-05-06,10.0,5.0,21.0,96.0,1,2026-05-06T22:40:00+00:00,2026-08-26T20:42:41.876000+00:00,boxscore_stats starter,MLB_REGULAR_SEASON_INFERRED,E_BACKFILL_OR_LATE_RECORD_TIMESTAMP|G_DIFFERENT_TEMPORAL_ORDER|I_DIFFERENT_HISTORICAL_GAME_ID,selected history record_timestamp >= target scheduled_start | stored matches older local start at position 7: 823323,True,True,False
823628,2026-05-17,home,642547,Freddy Peralta,7.0,1.0,6.0,824361,2026-05-06,1.0,5.0,21.0,91.0,1,2026-05-07T01:20:00+00:00,2026-08-26T20:43:37.674000+00:00,boxscore_stats starter,MLB_REGULAR_SEASON_INFERRED,E_BACKFILL_OR_LATE_RECORD_TIMESTAMP|G_DIFFERENT_TEMPORAL_ORDER|I_DIFFERENT_HISTORICAL_GAME_ID,selected history record_timestamp >= target scheduled_start | stored matches older local start at position 6: 823649,True,True,False
824599,2026-05-17,home,607200,Erick Fedde,2.0,3.0,1.0,825020,2026-04-18,3.0,4.2,20.0,75.0,1,2026-04-18T20:05:00+00:00,2026-08-27T00:21:36.028000+00:00,boxscore_stats starter,MLB_REGULAR_SEASON_INFERRED,E_BACKFILL_OR_LATE_RECORD_TIMESTAMP|M_UNEXPLAINED,selected history record_timestamp >= target scheduled_start,True,True,False
824599,2026-05-17,away,607067,Colin Rea,1.0,5.0,4.0,824683,2026-05-06,5.0,5.1,24.0,98.0,1,2026-05-06T23:40:00+00:00,2026-08-26T20:43:19.076000+00:00,boxscore_stats starter,MLB_REGULAR_SEASON_INFERRED,E_BACKFILL_OR_LATE_RECORD_TIMESTAMP|G_DIFFERENT_TEMPORAL_ORDER|I_DIFFERENT_HISTORICAL_GAME_ID,selected history record_timestamp >= target scheduled_start | stored matches older local start at position 5: 831849,True,True,False
823708,2026-05-17,home,641927,Bailey Ober,7.0,3.0,4.0,822740,2026-05-06,3.0,5.0,23.0,82.0,1,2026-05-06T22:45:00+00:00,2026-08-26T20:43:01.298000+00:00,boxscore_stats starter,MLB_REGULAR_SEASON_INFERRED,E_BACKFILL_OR_LATE_RECORD_TIMESTAMP|G_DIFFERENT_TEMPORAL_ORDER|I_DIFFERENT_HISTORICAL_GAME_ID,selected history record_timestamp >= target scheduled_start | stored matches older local start at position 4: 823725,True,True,False
823058,2026-05-17,home,669467,Andre Pallante,4.0,3.0,1.0,823063,2026-05-06,3.0,6.0,27.0,104.0,1,2026-05-06T17:15:00+00:00,2026-08-26T20:41:58.458000+00:00,boxscore_stats starter,MLB_REGULAR_SEASON_INFERRED,E_BACKFILL_OR_LATE_RECORD_TIMESTAMP|G_DIFFERENT_TEMPORAL_ORDER|I_DIFFERENT_HISTORICAL_GAME_ID,selected history record_timestamp >= target scheduled_start | stored matches older local start at position 7: 831460,True,True,False
824358,2026-05-17,home,547179,Michael Lorenzen,5.0,2.0,3.0,824361,2026-05-06,2.0,5.0,26.0,87.0,1,2026-05-07T01:20:00+00:00,2026-08-26T20:43:37.674000+00:00,boxscore_stats starter,MLB_REGULAR_SEASON_INFERRED,E_BACKFILL_OR_LATE_RECORD_TIMESTAMP|M_UNEXPLAINED,selected history record_timestamp >= target scheduled_start,True,True,False
825006,2026-05-17,home,605488,Jeffrey Springs,5.0,4.0,1.0,823470,2026-05-06,4.0,5.1,23.0,75.0,1,2026-05-06T22:40:00+00:00,2026-08-26T20:42:49.537000+00:00,boxscore_stats starter,MLB_REGULAR_SEASON_INFERRED,E_BACKFILL_OR_LATE_RECORD_TIMESTAMP|G_DIFFERENT_TEMPORAL_ORDER|I_DIFFERENT_HISTORICAL_GAME_ID,selected history record_timestamp >= target scheduled_start | stored matches older local start at position 4: 825022,True,True,False
825006,2026-05-17,away,605288,Adrian Houser,4.0,3.0,1.0,823226,2026-05-06,3.0,6.0,23.0,74.0,1,2026-05-06T19:45:00+00:00,2026-08-26T20:42:21.238000+00:00,boxscore_stats starter,MLB_REGULAR_SEASON_INFERRED,E_BACKFILL_OR_LATE_RECORD_TIMESTAMP|M_UNEXPLAINED,selected history record_timestamp >= target scheduled_start,True,True,False
824835,2026-05-29,home,669432,Trevor Rogers,2.0,3.0,1.0,822980,2026-05-18,3.0,3.2,22.0,88.0,1,2026-05-18T22:40:00+00:00,2026-08-26T20:36:19.667000+00:00,boxscore_stats starter,MLB_REGULAR_SEASON_INFERRED,E_BACKFILL_OR_LATE_RECORD_TIMESTAMP|G_DIFFERENT_TEMPORAL_ORDER|I_DIFFERENT_HISTORICAL_GAME_ID,selected history record_timestamp >= target scheduled_start | stored matches older local start at position 3: 824851,True,True,False
823055,2026-05-29,home,669467,Andre Pallante,3.0,7.0,4.0,823058,2026-05-17,7.0,6.2,27.0,99.0,1,2026-05-17T18:15:00+00:00,2026-08-26T21:08:06.466000+00:00,boxscore_stats starter,MLB_REGULAR_SEASON_INFERRED,E_BACKFILL_OR_LATE_RECORD_TIMESTAMP|G_DIFFERENT_TEMPORAL_ORDER|I_DIFFERENT_HISTORICAL_GAME_ID,selected history record_timestamp >= target scheduled_start | stored matches older local start at position 2: 823063,True,True,False
824353,2026-05-29,away,657277,Logan Webb,4.0,5.0,1.0,823233,2026-04-23,5.0,7.0,29.0,98.0,1,2026-04-23T19:45:00+00:00,2026-08-27T00:30:59.792000+00:00,boxscore_stats starter,MLB_REGULAR_SEASON_INFERRED,E_BACKFILL_OR_LATE_RECORD_TIMESTAMP|M_UNEXPLAINED,selected history record_timestamp >= target scheduled_start,True,True,False
823704,2026-05-19,away,669920,Jason Alexander,5.0,1.0,4.0,831523,2026-03-07,1.0,3.0,12.0,48.0,1,2026-03-07T17:05:00+00:00,2026-08-26T19:53:21.465000+00:00,boxscore_stats starter,MLB_SPRING_TRAINING_INFERRED,E_BACKFILL_OR_LATE_RECORD_TIMESTAMP|F_NON_MLB_GAME|B_START_VS_RELIEF_APPEARANCE|J_LAST_APPEARANCE_DEFINITION|K_LAST_START_DEFINITION|I_DIFFERENT_HISTORICAL_GAME_ID,"selected history record_timestamp >= target scheduled_start | selected historical competition=MLB_SPRING_TRAINING_INFERRED | stored matches most recent appearance game 824198, not most recent start 831523",True,True,False
823302,2026-05-19,away,686218,Emmet Sheehan,6.0,7.0,1.0,823957,2026-05-08,7.0,4.2,20.0,88.0,1,2026-05-09T02:10:00+00:00,2026-08-26T20:49:14.516000+00:00,boxscore_stats starter,MLB_REGULAR_SEASON_INFERRED,E_BACKFILL_OR_LATE_RECORD_TIMESTAMP|G_DIFFERENT_TEMPORAL_ORDER|I_DIFFERENT_HISTORICAL_GAME_ID,selected history record_timestamp >= target scheduled_start | stored matches older local start at position 4: 823967,True,True,False
825086,2026-05-19,away,694738,Landen Roupp,7.0,8.0,1.0,823224,2026-05-09,8.0,4.0,18.0,94.0,1,2026-05-10T01:05:00+00:00,2026-08-26T20:51:27.816000+00:00,boxscore_stats starter,MLB_REGULAR_SEASON_INFERRED,E_BACKFILL_OR_LATE_RECORD_TIMESTAMP|G_DIFFERENT_TEMPORAL_ORDER|I_DIFFERENT_HISTORICAL_GAME_ID,selected history record_timestamp >= target scheduled_start | stored matches older local start at position 2: 823236,True,True,False
823136,2026-05-19,away,641743,Anthony Kay,4.0,5.0,1.0,824606,2026-05-09,5.0,5.0,20.0,88.0,1,2026-05-09T23:10:00+00:00,2026-08-26T20:50:58.439000+00:00,boxscore_stats starter,MLB_REGULAR_SEASON_INFERRED,E_BACKFILL_OR_LATE_RECORD_TIMESTAMP|G_DIFFERENT_TEMPORAL_ORDER|I_DIFFERENT_HISTORICAL_GAME_ID,selected history record_timestamp >= target scheduled_start | stored matches older local start at position 6: 831915,True,True,False
824593,2026-05-30,away,664285,Framber Valdez,5.0,3.0,2.0,824277,2026-05-18,3.0,5.0,23.0,89.0,1,2026-05-18T22:40:00+00:00,2026-08-26T20:35:56.852000+00:00,boxscore_stats starter,MLB_REGULAR_SEASON_INFERRED,E_BACKFILL_OR_LATE_RECORD_TIMESTAMP|B_START_VS_RELIEF_APPEARANCE|J_LAST_APPEARANCE_DEFINITION|K_LAST_START_DEFINITION|I_DIFFERENT_HISTORICAL_GAME_ID,"selected history record_timestamp >= target scheduled_start | stored matches most recent appearance game 824839, not most recent start 824277",True,True,False
822731,2026-05-30,away,650633,Michael King,4.0,9.0,5.0,823301,2026-05-18,9.0,7.0,24.0,100.0,1,2026-05-19T01:40:00+00:00,2026-08-26T20:38:18.390000+00:00,boxscore_stats starter,MLB_REGULAR_SEASON_INFERRED,E_BACKFILL_OR_LATE_RECORD_TIMESTAMP|B_START_VS_RELIEF_APPEARANCE|J_LAST_APPEARANCE_DEFINITION|K_LAST_START_DEFINITION|I_DIFFERENT_HISTORICAL_GAME_ID,"selected history record_timestamp >= target scheduled_start | stored matches most recent appearance game 823297, not most recent start 823301",True,True,False
824833,2026-05-30,home,687064,Brandon Young,4.0,3.0,1.0,822738,2026-05-17,3.0,3.2,19.0,70.0,1,2026-05-17T17:35:00+00:00,2026-08-26T21:05:37.691000+00:00,boxscore_stats starter,MLB_REGULAR_SEASON_INFERRED,E_BACKFILL_OR_LATE_RECORD_TIMESTAMP|B_START_VS_RELIEF_APPEARANCE|J_LAST_APPEARANCE_DEFINITION|K_LAST_START_DEFINITION|I_DIFFERENT_HISTORICAL_GAME_ID,"selected history record_timestamp >= target scheduled_start | stored matches most recent appearance game 824839, not most recent start 822738",True,True,False
824833,2026-05-30,away,702056,Trey Yesavage,6.0,8.0,2.0,823547,2026-05-20,8.0,6.0,20.0,95.0,1,2026-05-20T23:05:00+00:00,2026-08-26T21:14:22.498000+00:00,boxscore_stats starter,MLB_REGULAR_SEASON_INFERRED,E_BACKFILL_OR_LATE_RECORD_TIMESTAMP|G_DIFFERENT_TEMPORAL_ORDER|I_DIFFERENT_HISTORICAL_GAME_ID,selected history record_timestamp >= target scheduled_start | stored matches older local start at position 2: 824280,True,True,False
824354,2026-05-31,home,685299,Tanner Gordon,3.0,4.0,1.0,831858,2026-03-15,4.0,4.0,17.0,56.0,1,2026-03-15T20:10:00+00:00,2026-08-26T20:07:02.787000+00:00,boxscore_stats starter,MLB_SPRING_TRAINING_INFERRED,E_BACKFILL_OR_LATE_RECORD_TIMESTAMP|F_NON_MLB_GAME|J_LAST_APPEARANCE_DEFINITION|I_DIFFERENT_HISTORICAL_GAME_ID,selected history record_timestamp >= target scheduled_start | selected historical competition=MLB_SPRING_TRAINING_INFERRED | stored matches older local appearance at position 3: 823468,True,True,False
822733,2026-05-21,away,656849,David Peterson,5.0,6.0,1.0,823646,2026-04-08,6.0,5.0,23.0,85.0,1,2026-04-08T20:10:00+00:00,2026-08-26T23:56:52.540000+00:00,boxscore_stats starter,MLB_REGULAR_SEASON_INFERRED,E_BACKFILL_OR_LATE_RECORD_TIMESTAMP|G_DIFFERENT_TEMPORAL_ORDER|I_DIFFERENT_HISTORICAL_GAME_ID,selected history record_timestamp >= target scheduled_start | stored matches older local start at position 2: 823242,True,True,False
824760,2026-05-23,away,671737,Taj Bradley,8.0,3.0,5.0,822992,2026-04-24,3.0,6.1,29.0,93.0,1,2026-04-24T23:10:00+00:00,2026-08-27T00:32:35.122000+00:00,boxscore_stats starter,MLB_REGULAR_SEASON_INFERRED,E_BACKFILL_OR_LATE_RECORD_TIMESTAMP|M_UNEXPLAINED,selected history record_timestamp >= target scheduled_start,True,True,False
825080,2026-05-23,home,668678,Zac Gallen,5.0,3.0,2.0,825093,2026-04-25,3.0,3.0,10.0,49.0,1,2026-04-25T22:05:00+00:00,2026-08-27T00:35:32.821000+00:00,boxscore_stats starter,MLB_REGULAR_SEASON_INFERRED,E_BACKFILL_OR_LATE_RECORD_TIMESTAMP|G_DIFFERENT_TEMPORAL_ORDER|I_DIFFERENT_HISTORICAL_GAME_ID,selected history record_timestamp >= target scheduled_start | stored matches older local start at position 4: 823648,True,True,False
822974,2026-06-01,away,680744,Ty Madden,0.0,2.0,2.0,831625,2026-03-10,2.0,3.2,15.0,60.0,1,2026-03-10T17:05:00+00:00,2026-08-26T19:58:15.873000+00:00,boxscore_stats starter,MLB_SPRING_TRAINING_INFERRED,E_BACKFILL_OR_LATE_RECORD_TIMESTAMP|F_NON_MLB_GAME|B_START_VS_RELIEF_APPEARANCE|J_LAST_APPEARANCE_DEFINITION|K_LAST_START_DEFINITION|I_DIFFERENT_HISTORICAL_GAME_ID,"selected history record_timestamp >= target scheduled_start | selected historical competition=MLB_SPRING_TRAINING_INFERRED | stored matches most recent appearance game 824280, not most recent start 831625",True,True,False
825078,2026-06-01,away,686218,Emmet Sheehan,8.0,2.0,6.0,823302,2026-05-19,2.0,4.0,18.0,67.0,1,2026-05-20T01:40:00+00:00,2026-08-26T21:12:04.083000+00:00,boxscore_stats starter,MLB_REGULAR_SEASON_INFERRED,E_BACKFILL_OR_LATE_RECORD_TIMESTAMP|J_LAST_APPEARANCE_DEFINITION|I_DIFFERENT_HISTORICAL_GAME_ID,selected history record_timestamp >= target scheduled_start | stored matches older local appearance at position 3: 823066,True,True,False
823861,2026-05-24,home,663969,Tyler Phillips,2.0,3.0,1.0,831468,2026-03-09,3.0,2.0,13.0,45.0,1,2026-03-09T22:10:00+00:00,2026-08-26T19:57:45.900000+00:00,boxscore_stats starter,MLB_SPRING_TRAINING_INFERRED,E_BACKFILL_OR_LATE_RECORD_TIMESTAMP|F_NON_MLB_GAME|B_START_VS_RELIEF_APPEARANCE|J_LAST_APPEARANCE_DEFINITION|K_LAST_START_DEFINITION|I_DIFFERENT_HISTORICAL_GAME_ID,"selected history record_timestamp >= target scheduled_start | selected historical competition=MLB_SPRING_TRAINING_INFERRED | stored matches most recent appearance game 823866, not most recent start 831468",True,True,False
824108,2026-05-24,away,693433,Bryan Woo,8.0,9.0,1.0,823141,2026-05-06,9.0,6.0,21.0,98.0,1,2026-05-06T20:10:00+00:00,2026-08-26T20:42:38.195000+00:00,boxscore_stats starter,MLB_REGULAR_SEASON_INFERRED,E_BACKFILL_OR_LATE_RECORD_TIMESTAMP|M_UNEXPLAINED,selected history record_timestamp >= target scheduled_start,True,True,False
823220,2026-05-24,home,592662,Robbie Ray,1.0,2.0,1.0,823952,2026-05-13,2.0,4.2,23.0,95.0,1,2026-05-14T02:10:00+00:00,2026-08-26T20:35:34.531000+00:00,boxscore_stats starter,MLB_REGULAR_SEASON_INFERRED,E_BACKFILL_OR_LATE_RECORD_TIMESTAMP|M_UNEXPLAINED,selected history record_timestamp >= target scheduled_start,True,True,False
823220,2026-05-24,away,702273,Noah Schultz,6.0,3.0,3.0,824603,2026-05-13,3.0,4.1,19.0,76.0,1,2026-05-13T23:40:00+00:00,2026-08-26T20:34:48.251000+00:00,boxscore_stats starter,MLB_REGULAR_SEASON_INFERRED,E_BACKFILL_OR_LATE_RECORD_TIMESTAMP|G_DIFFERENT_TEMPORAL_ORDER|I_DIFFERENT_HISTORICAL_GAME_ID,selected history record_timestamp >= target scheduled_start | stored matches older local start at position 4: 825018,True,True,False
822727,2026-06-03,home,674841,Andrew Alvarez,1.0,5.0,4.0,831572,2026-03-08,5.0,4.0,13.0,41.0,1,2026-03-08T17:05:00+00:00,2026-08-26T19:55:04.252000+00:00,boxscore_stats starter,MLB_SPRING_TRAINING_INFERRED,E_BACKFILL_OR_LATE_RECORD_TIMESTAMP|F_NON_MLB_GAME|B_START_VS_RELIEF_APPEARANCE|J_LAST_APPEARANCE_DEFINITION|K_LAST_START_DEFINITION|I_DIFFERENT_HISTORICAL_GAME_ID,"selected history record_timestamp >= target scheduled_start | selected historical competition=MLB_SPRING_TRAINING_INFERRED | stored matches most recent appearance game 822732, not most recent start 831572",True,True,False
823442,2026-07-02,home,660604,Alan Rangel,4.0,3.0,1.0,831522,2026-03-08,3.0,3.0,14.0,40.0,1,2026-03-08T17:05:00+00:00,2026-08-26T19:55:15.663000+00:00,boxscore_stats starter,MLB_SPRING_TRAINING_INFERRED,E_BACKFILL_OR_LATE_RECORD_TIMESTAMP|F_NON_MLB_GAME|B_START_VS_RELIEF_APPEARANCE|J_LAST_APPEARANCE_DEFINITION|K_LAST_START_DEFINITION|I_DIFFERENT_HISTORICAL_GAME_ID,"selected history record_timestamp >= target scheduled_start | selected historical competition=MLB_SPRING_TRAINING_INFERRED | stored matches most recent appearance game 823609, not most recent start 831522",True,True,False
824186,2026-06-05,away,678022,Jack Perkins,0.0,2.0,2.0,831943,2026-03-09,2.0,2.2,15.0,58.0,1,2026-03-09T20:05:00+00:00,2026-08-26T19:57:22.211000+00:00,boxscore_stats starter,MLB_SPRING_TRAINING_INFERRED,E_BACKFILL_OR_LATE_RECORD_TIMESTAMP|F_NON_MLB_GAME|B_START_VS_RELIEF_APPEARANCE|J_LAST_APPEARANCE_DEFINITION|K_LAST_START_DEFINITION|I_DIFFERENT_HISTORICAL_GAME_ID,"selected history record_timestamp >= target scheduled_start | selected historical competition=MLB_SPRING_TRAINING_INFERRED | stored matches most recent appearance game 825001, not most recent start 831943",True,True,False
825062,2026-07-03,home,703615,Jose Cabrera,4.0,3.0,1.0,825067,2026-06-21,3.0,5.0,18.0,62.0,1,2026-06-21T19:15:00+00:00,2026-08-26T22:03:38.109000+00:00,boxscore_stats starter,MLB_REGULAR_SEASON_INFERRED,E_BACKFILL_OR_LATE_RECORD_TIMESTAMP|M_UNEXPLAINED,selected history record_timestamp >= target scheduled_start,True,True,False
824499,2026-07-04,away,687064,Brandon Young,8.0,2.0,6.0,823128,2026-06-16,2.0,6.0,26.0,92.0,1,2026-06-17T01:40:00+00:00,2026-08-26T21:49:18.201000+00:00,boxscore_stats starter,MLB_REGULAR_SEASON_INFERRED,E_BACKFILL_OR_LATE_RECORD_TIMESTAMP|M_UNEXPLAINED,selected history record_timestamp >= target scheduled_start,True,True,False
824902,2026-07-05,home,527048,Martín Pérez,1.0,4.0,3.0,823284,2026-06-24,4.0,4.0,20.0,82.0,1,2026-06-25T00:40:00+00:00,2026-08-26T22:14:03.758000+00:00,boxscore_stats starter,MLB_REGULAR_SEASON_INFERRED,E_BACKFILL_OR_LATE_RECORD_TIMESTAMP|B_START_VS_RELIEF_APPEARANCE|J_LAST_APPEARANCE_DEFINITION|K_LAST_START_DEFINITION|I_DIFFERENT_HISTORICAL_GAME_ID,"selected history record_timestamp >= target scheduled_start | stored matches most recent appearance game 824907, not most recent start 823284",True,True,False
824902,2026-07-05,away,690997,Nolan McLean,7.0,9.0,2.0,824503,2026-06-17,9.0,7.0,27.0,101.0,1,2026-06-17T16:40:00+00:00,2026-08-26T21:50:00.244000+00:00,boxscore_stats starter,MLB_REGULAR_SEASON_INFERRED,E_BACKFILL_OR_LATE_RECORD_TIMESTAMP|B_START_VS_RELIEF_APPEARANCE|J_LAST_APPEARANCE_DEFINITION|K_LAST_START_DEFINITION|I_DIFFERENT_HISTORICAL_GAME_ID,"selected history record_timestamp >= target scheduled_start | stored matches most recent appearance game 822793, not most recent start 824503",True,True,False
822715,2026-07-05,home,676917,Cade Cavalli,13.0,7.0,6.0,822717,2026-06-25,7.0,6.0,25.0,97.0,1,2026-06-25T22:45:00+00:00,2026-07-18T13:38:42.121000+00:00,boxscore_stats starter,MLB_REGULAR_SEASON_INFERRED,E_BACKFILL_OR_LATE_RECORD_TIMESTAMP|B_START_VS_RELIEF_APPEARANCE|J_LAST_APPEARANCE_DEFINITION|K_LAST_START_DEFINITION|I_DIFFERENT_HISTORICAL_GAME_ID,"selected history record_timestamp >= target scheduled_start | stored matches most recent appearance game 824742, not most recent start 822717",True,True,False
822715,2026-07-05,away,696149,Bubba Chandler,6.0,4.0,2.0,823366,2026-06-25,4.0,5.1,23.0,75.0,1,2026-06-25T16:35:00+00:00,2026-07-18T13:38:22.837000+00:00,boxscore_stats starter,MLB_REGULAR_SEASON_INFERRED,E_BACKFILL_OR_LATE_RECORD_TIMESTAMP|B_START_VS_RELIEF_APPEARANCE|J_LAST_APPEARANCE_DEFINITION|K_LAST_START_DEFINITION|I_DIFFERENT_HISTORICAL_GAME_ID,"selected history record_timestamp >= target scheduled_start | stored matches most recent appearance game 823445, not most recent start 823366",True,True,False
823525,2026-07-05,away,657746,Joe Ryan,5.0,9.0,4.0,823691,2026-06-24,9.0,6.0,27.0,98.0,1,2026-06-24T23:40:00+00:00,2026-08-26T22:13:32.615000+00:00,boxscore_stats starter,MLB_REGULAR_SEASON_INFERRED,E_BACKFILL_OR_LATE_RECORD_TIMESTAMP|B_START_VS_RELIEF_APPEARANCE|J_LAST_APPEARANCE_DEFINITION|K_LAST_START_DEFINITION|I_DIFFERENT_HISTORICAL_GAME_ID,"selected history record_timestamp >= target scheduled_start | stored matches most recent appearance game 824175, not most recent start 823691",True,True,False
824413,2026-07-05,home,676440,Tanner Bibee,2.0,3.0,1.0,824583,2026-06-24,3.0,6.0,21.0,89.0,1,2026-06-24T18:10:00+00:00,2026-08-26T22:11:49.259000+00:00,boxscore_stats starter,MLB_REGULAR_SEASON_INFERRED,E_BACKFILL_OR_LATE_RECORD_TIMESTAMP|B_START_VS_RELIEF_APPEARANCE|J_LAST_APPEARANCE_DEFINITION|K_LAST_START_DEFINITION|I_DIFFERENT_HISTORICAL_GAME_ID,"selected history record_timestamp >= target scheduled_start | stored matches most recent appearance game 824418, not most recent start 824583",True,True,False
824656,2026-07-05,home,665871,Javier Assad,5.0,1.0,4.0,824668,2026-06-17,1.0,5.2,22.0,92.0,1,2026-06-18T00:05:00+00:00,2026-08-26T21:52:39.040000+00:00,boxscore_stats starter,MLB_REGULAR_SEASON_INFERRED,E_BACKFILL_OR_LATE_RECORD_TIMESTAMP|J_LAST_APPEARANCE_DEFINITION|I_DIFFERENT_HISTORICAL_GAME_ID,selected history record_timestamp >= target scheduled_start | stored matches older local appearance at position 3: 824670,True,True,False
824656,2026-07-05,away,669461,Matthew Liberatore,9.0,3.0,6.0,823041,2026-06-24,3.0,5.1,26.0,98.0,1,2026-06-24T23:45:00+00:00,2026-08-26T22:13:48.487000+00:00,boxscore_stats starter,MLB_REGULAR_SEASON_INFERRED,E_BACKFILL_OR_LATE_RECORD_TIMESTAMP|B_START_VS_RELIEF_APPEARANCE|J_LAST_APPEARANCE_DEFINITION|K_LAST_START_DEFINITION|I_DIFFERENT_HISTORICAL_GAME_ID,"selected history record_timestamp >= target scheduled_start | stored matches most recent appearance game 824907, not most recent start 823041",True,True,False
824333,2026-07-05,home,685299,Tanner Gordon,4.0,2.0,2.0,824354,2026-05-31,2.0,3.0,17.0,75.0,1,2026-05-31T19:10:00+00:00,2026-08-26T21:16:14.966000+00:00,boxscore_stats starter,MLB_REGULAR_SEASON_INFERRED,E_BACKFILL_OR_LATE_RECORD_TIMESTAMP|B_START_VS_RELIEF_APPEARANCE|J_LAST_APPEARANCE_DEFINITION|K_LAST_START_DEFINITION|I_DIFFERENT_HISTORICAL_GAME_ID,"selected history record_timestamp >= target scheduled_start | stored matches most recent appearance game 824338, not most recent start 824354",True,True,False
825061,2026-07-05,away,687075,Brandon Sproat,7.0,10.0,3.0,824501,2026-06-23,10.0,6.0,19.0,80.0,1,2026-06-23T23:10:00+00:00,2026-08-26T22:09:31.745000+00:00,boxscore_stats starter,MLB_REGULAR_SEASON_INFERRED,E_BACKFILL_OR_LATE_RECORD_TIMESTAMP|B_START_VS_RELIEF_APPEARANCE|J_LAST_APPEARANCE_DEFINITION|K_LAST_START_DEFINITION|I_DIFFERENT_HISTORICAL_GAME_ID,"selected history record_timestamp >= target scheduled_start | stored matches most recent appearance game 823768, not most recent start 824501",True,True,False
824980,2026-07-05,away,691587,Eury Pérez,8.0,1.0,7.0,823850,2026-06-24,1.0,4.2,15.0,68.0,1,2026-06-24T16:10:00+00:00,2026-08-26T22:11:28.007000+00:00,boxscore_stats starter,MLB_REGULAR_SEASON_INFERRED,E_BACKFILL_OR_LATE_RECORD_TIMESTAMP|B_START_VS_RELIEF_APPEARANCE|J_LAST_APPEARANCE_DEFINITION|K_LAST_START_DEFINITION|I_DIFFERENT_HISTORICAL_GAME_ID,"selected history record_timestamp >= target scheduled_start | stored matches most recent appearance game 824338, not most recent start 823850",True,True,False
823931,2026-07-05,away,676664,JP Sears,4.0,5.0,1.0,823284,2026-06-24,5.0,5.2,25.0,81.0,1,2026-06-25T00:40:00+00:00,2026-08-26T22:14:03.758000+00:00,boxscore_stats starter,MLB_REGULAR_SEASON_INFERRED,E_BACKFILL_OR_LATE_RECORD_TIMESTAMP|B_START_VS_RELIEF_APPEARANCE|J_LAST_APPEARANCE_DEFINITION|K_LAST_START_DEFINITION|I_DIFFERENT_HISTORICAL_GAME_ID,"selected history record_timestamp >= target scheduled_start | stored matches most recent appearance game 824661, not most recent start 823284",True,True,False
824089,2026-07-06,home,702070,Noah Cameron,0.0,5.0,5.0,822965,2026-06-24,5.0,5.0,27.0,108.0,1,2026-06-24T22:40:00+00:00,2026-08-26T22:12:22.857000+00:00,boxscore_stats starter,MLB_REGULAR_SEASON_INFERRED,E_BACKFILL_OR_LATE_RECORD_TIMESTAMP|B_START_VS_RELIEF_APPEARANCE|J_LAST_APPEARANCE_DEFINITION|K_LAST_START_DEFINITION|I_DIFFERENT_HISTORICAL_GAME_ID,"selected history record_timestamp >= target scheduled_start | stored matches most recent appearance game 824096, not most recent start 822965",True,True,False
824089,2026-07-06,away,650911,Cristopher Sánchez,9.0,6.0,3.0,822717,2026-06-25,6.0,5.0,25.0,92.0,1,2026-06-25T22:45:00+00:00,2026-07-18T13:38:42.121000+00:00,boxscore_stats starter,MLB_REGULAR_SEASON_INFERRED,E_BACKFILL_OR_LATE_RECORD_TIMESTAMP|B_START_VS_RELIEF_APPEARANCE|J_LAST_APPEARANCE_DEFINITION|K_LAST_START_DEFINITION|I_DIFFERENT_HISTORICAL_GAME_ID,"selected history record_timestamp >= target scheduled_start | stored matches most recent appearance game 823445, not most recent start 822717",True,True,False
822958,2026-07-06,home,643377,Griffin Jax,5.0,7.0,2.0,822965,2026-06-24,7.0,5.0,24.0,88.0,1,2026-06-24T22:40:00+00:00,2026-08-26T22:12:22.857000+00:00,boxscore_stats starter,MLB_REGULAR_SEASON_INFERRED,E_BACKFILL_OR_LATE_RECORD_TIMESTAMP|B_START_VS_RELIEF_APPEARANCE|J_LAST_APPEARANCE_DEFINITION|K_LAST_START_DEFINITION|I_DIFFERENT_HISTORICAL_GAME_ID,"selected history record_timestamp >= target scheduled_start | stored matches most recent appearance game 824096, not most recent start 822965",True,True,False
822958,2026-07-06,away,693645,Cam Schlittler,5.0,9.0,4.0,824747,2026-06-25,9.0,5.0,25.0,92.0,1,2026-06-25T23:10:00+00:00,2026-07-18T13:38:58.121000+00:00,boxscore_stats starter,MLB_REGULAR_SEASON_INFERRED,E_BACKFILL_OR_LATE_RECORD_TIMESTAMP|B_START_VS_RELIEF_APPEARANCE|J_LAST_APPEARANCE_DEFINITION|K_LAST_START_DEFINITION|I_DIFFERENT_HISTORICAL_GAME_ID,"selected history record_timestamp >= target scheduled_start | stored matches most recent appearance game 823528, not most recent start 824747",True,True,False
824900,2026-07-06,home,625643,Reynaldo López,6.0,1.0,5.0,823206,2026-06-26,1.0,3.0,12.0,57.0,1,2026-06-27T02:15:00+00:00,2026-08-26T22:17:35.579000+00:00,boxscore_stats starter,MLB_REGULAR_SEASON_INFERRED,E_BACKFILL_OR_LATE_RECORD_TIMESTAMP|G_DIFFERENT_TEMPORAL_ORDER|I_DIFFERENT_HISTORICAL_GAME_ID,selected history record_timestamp >= target scheduled_start | stored matches older local start at position 3: 824935,True,True,False
824900,2026-07-06,away,642547,Freddy Peralta,4.0,5.0,1.0,823612,2026-06-25,5.0,5.2,24.0,98.0,1,2026-06-25T23:10:00+00:00,2026-07-18T13:38:52.853000+00:00,boxscore_stats starter,MLB_REGULAR_SEASON_INFERRED,E_BACKFILL_OR_LATE_RECORD_TIMESTAMP|G_DIFFERENT_TEMPORAL_ORDER|I_DIFFERENT_HISTORICAL_GAME_ID,selected history record_timestamp >= target scheduled_start | stored matches older local start at position 7: 823628,True,True,False
823036,2026-07-06,away,675660,Shane Drohan,7.0,5.0,2.0,824500,2026-06-24,5.0,4.1,20.0,98.0,1,2026-06-24T23:10:00+00:00,2026-08-26T22:13:25.222000+00:00,boxscore_stats starter,MLB_REGULAR_SEASON_INFERRED,E_BACKFILL_OR_LATE_RECORD_TIMESTAMP|M_UNEXPLAINED,selected history record_timestamp >= target scheduled_start,True,True,False
823282,2026-07-06,home,621111,Walker Buehler,6.0,5.0,1.0,823285,2026-06-26,5.0,5.1,20.0,74.0,1,2026-06-27T01:45:00+00:00,2026-08-26T22:17:27.898000+00:00,boxscore_stats starter,MLB_REGULAR_SEASON_INFERRED,E_BACKFILL_OR_LATE_RECORD_TIMESTAMP|B_START_VS_RELIEF_APPEARANCE|J_LAST_APPEARANCE_DEFINITION|K_LAST_START_DEFINITION|I_DIFFERENT_HISTORICAL_GAME_ID,"selected history record_timestamp >= target scheduled_start | stored matches most recent appearance game 824660, not most recent start 823285",True,True,False
823282,2026-07-06,away,694297,Brandon Pfaadt,2.0,6.0,4.0,823480,2026-04-11,6.0,6.0,28.0,101.0,1,2026-04-11T17:05:00+00:00,2026-08-27T00:04:33.589000+00:00,boxscore_stats starter,MLB_REGULAR_SEASON_INFERRED,E_BACKFILL_OR_LATE_RECORD_TIMESTAMP|B_START_VS_RELIEF_APPEARANCE|J_LAST_APPEARANCE_DEFINITION|K_LAST_START_DEFINITION|I_DIFFERENT_HISTORICAL_GAME_ID,"selected history record_timestamp >= target scheduled_start | stored matches most recent appearance game 825066, not most recent start 823480",True,True,False
823205,2026-07-06,home,694738,Landen Roupp,4.0,6.0,2.0,823209,2026-06-25,6.0,6.0,24.0,108.0,1,2026-06-25T19:45:00+00:00,2026-07-18T13:38:27.823000+00:00,boxscore_stats starter,MLB_REGULAR_SEASON_INFERRED,E_BACKFILL_OR_LATE_RECORD_TIMESTAMP|B_START_VS_RELIEF_APPEARANCE|J_LAST_APPEARANCE_DEFINITION|K_LAST_START_DEFINITION|I_DIFFERENT_HISTORICAL_GAME_ID,"selected history record_timestamp >= target scheduled_start | stored matches most recent appearance game 825066, not most recent start 823209",True,True,False
823205,2026-07-06,away,592332,Kevin Gausman,7.0,4.0,3.0,822797,2026-06-25,4.0,6.0,28.0,99.0,1,2026-06-25T23:07:00+00:00,2026-07-18T13:38:47.451000+00:00,boxscore_stats starter,MLB_REGULAR_SEASON_INFERRED,E_BACKFILL_OR_LATE_RECORD_TIMESTAMP|B_START_VS_RELIEF_APPEARANCE|J_LAST_APPEARANCE_DEFINITION|K_LAST_START_DEFINITION|I_DIFFERENT_HISTORICAL_GAME_ID,"selected history record_timestamp >= target scheduled_start | stored matches most recent appearance game 822793, not most recent start 822797",True,True,False
823930,2026-07-06,away,607536,Kyle Freeland,7.0,4.0,3.0,824341,2026-06-24,4.0,6.0,29.0,81.0,1,2026-06-24T19:10:00+00:00,2026-08-26T22:12:05.087000+00:00,boxscore_stats starter,MLB_REGULAR_SEASON_INFERRED,E_BACKFILL_OR_LATE_RECORD_TIMESTAMP|G_DIFFERENT_TEMPORAL_ORDER|I_DIFFERENT_HISTORICAL_GAME_ID,selected history record_timestamp >= target scheduled_start | stored matches older local start at position 9: 824364,True,True,False
824820,2026-07-07,away,571510,Matthew Boyd,2.0,4.0,2.0,823612,2026-06-25,4.0,4.2,21.0,76.0,1,2026-06-25T23:10:00+00:00,2026-07-18T13:38:52.853000+00:00,boxscore_stats starter,MLB_REGULAR_SEASON_INFERRED,E_BACKFILL_OR_LATE_RECORD_TIMESTAMP|B_START_VS_RELIEF_APPEARANCE|J_LAST_APPEARANCE_DEFINITION|K_LAST_START_DEFINITION|I_DIFFERENT_HISTORICAL_GAME_ID,"selected history record_timestamp >= target scheduled_start | stored matches most recent appearance game 824661, not most recent start 823612",True,True,False
824254,2026-07-07,away,669372,J.T. Ginn,4.0,5.0,1.0,824014,2026-06-26,5.0,6.0,26.0,89.0,1,2026-06-27T01:38:00+00:00,2026-08-26T22:17:20.884000+00:00,boxscore_stats starter,MLB_REGULAR_SEASON_INFERRED,E_BACKFILL_OR_LATE_RECORD_TIMESTAMP|G_DIFFERENT_TEMPORAL_ORDER|I_DIFFERENT_HISTORICAL_GAME_ID,selected history record_timestamp >= target scheduled_start | stored matches older local start at position 6: 825000,True,True,False
823361,2026-07-07,home,694973,Paul Skenes,5.0,7.0,2.0,823363,2026-06-26,7.0,5.0,23.0,96.0,1,2026-06-26T22:40:00+00:00,2026-08-26T22:15:01.557000+00:00,boxscore_stats starter,MLB_REGULAR_SEASON_INFERRED,E_BACKFILL_OR_LATE_RECORD_TIMESTAMP|G_DIFFERENT_TEMPORAL_ORDER|I_DIFFERENT_HISTORICAL_GAME_ID,selected history record_timestamp >= target scheduled_start | stored matches older local start at position 10: 823394,True,True,False
823847,2026-07-07,away,693433,Bryan Woo,5.0,4.0,1.0,823367,2026-06-24,4.0,4.0,20.0,86.0,1,2026-06-24T22:40:00+00:00,2026-08-26T22:12:16.303000+00:00,boxscore_stats starter,MLB_REGULAR_SEASON_INFERRED,E_BACKFILL_OR_LATE_RECORD_TIMESTAMP|B_START_VS_RELIEF_APPEARANCE|J_LAST_APPEARANCE_DEFINITION|K_LAST_START_DEFINITION|I_DIFFERENT_HISTORICAL_GAME_ID,"selected history record_timestamp >= target scheduled_start | stored matches most recent appearance game 823122, not most recent start 823367",True,True,False
822956,2026-07-07,away,701542,Will Warren,7.0,0.0,7.0,824743,2026-06-26,0.0,5.2,27.0,90.0,1,2026-06-26T23:10:00+00:00,2026-08-26T22:16:09.546000+00:00,boxscore_stats starter,MLB_REGULAR_SEASON_INFERRED,E_BACKFILL_OR_LATE_RECORD_TIMESTAMP|B_START_VS_RELIEF_APPEARANCE|J_LAST_APPEARANCE_DEFINITION|K_LAST_START_DEFINITION|I_DIFFERENT_HISTORICAL_GAME_ID,"selected history record_timestamp >= target scheduled_start | stored matches most recent appearance game 823530, not most recent start 824743",True,True,False
822713,2026-07-07,away,837227,Tatsuya Imai,2.0,10.0,8.0,824258,2026-06-25,10.0,6.0,21.0,96.0,1,2026-06-25T22:40:00+00:00,2026-07-18T13:38:33.642000+00:00,boxscore_stats starter,MLB_REGULAR_SEASON_INFERRED,E_BACKFILL_OR_LATE_RECORD_TIMESTAMP|G_DIFFERENT_TEMPORAL_ORDER|I_DIFFERENT_HISTORICAL_GAME_ID,selected history record_timestamp >= target scheduled_start | stored matches older local start at position 5: 822899,True,True,False
823607,2026-07-07,away,607625,Seth Lugo,7.0,3.0,4.0,822961,2026-06-25,3.0,5.0,24.0,90.0,1,2026-06-25T16:10:00+00:00,2026-07-18T13:38:20.623000+00:00,boxscore_stats starter,MLB_REGULAR_SEASON_INFERRED,E_BACKFILL_OR_LATE_RECORD_TIMESTAMP|G_DIFFERENT_TEMPORAL_ORDER|I_DIFFERENT_HISTORICAL_GAME_ID,selected history record_timestamp >= target scheduled_start | stored matches older local start at position 10: 824291,True,True,False
824495,2026-07-07,home,671096,Andrew Abbott,3.0,6.0,3.0,823363,2026-06-26,6.0,5.1,24.0,94.0,1,2026-06-26T22:40:00+00:00,2026-08-26T22:15:01.557000+00:00,boxscore_stats starter,MLB_REGULAR_SEASON_INFERRED,E_BACKFILL_OR_LATE_RECORD_TIMESTAMP|G_DIFFERENT_TEMPORAL_ORDER|I_DIFFERENT_HISTORICAL_GAME_ID,selected history record_timestamp >= target scheduled_start | stored matches older local start at position 6: 823462,True,True,False
824495,2026-07-07,away,554430,Zack Wheeler,10.0,5.0,5.0,823610,2026-06-26,5.0,7.0,25.0,98.0,1,2026-06-26T23:10:00+00:00,2026-08-26T22:16:01.230000+00:00,boxscore_stats starter,MLB_REGULAR_SEASON_INFERRED,E_BACKFILL_OR_LATE_RECORD_TIMESTAMP|M_UNEXPLAINED,selected history record_timestamp >= target scheduled_start,True,True,False
823687,2026-07-07,home,671737,Taj Bradley,11.0,7.0,4.0,823688,2026-06-26,7.0,7.0,27.0,99.0,1,2026-06-27T00:10:00+00:00,2026-08-26T22:16:59.334000+00:00,boxscore_stats starter,MLB_REGULAR_SEASON_INFERRED,E_BACKFILL_OR_LATE_RECORD_TIMESTAMP|M_UNEXPLAINED,selected history record_timestamp >= target scheduled_start,True,True,False
823687,2026-07-07,away,676282,Joey Cantillo,4.0,9.0,5.0,824423,2026-06-26,9.0,6.0,20.0,90.0,1,2026-06-26T23:10:00+00:00,2026-08-26T22:15:29.408000+00:00,boxscore_stats starter,MLB_REGULAR_SEASON_INFERRED,E_BACKFILL_OR_LATE_RECORD_TIMESTAMP|B_START_VS_RELIEF_APPEARANCE|J_LAST_APPEARANCE_DEFINITION|K_LAST_START_DEFINITION|I_DIFFERENT_HISTORICAL_GAME_ID,"selected history record_timestamp >= target scheduled_start | stored matches most recent appearance game 824419, not most recent start 824423",True,True,False
824579,2026-07-07,home,702273,Noah Schultz,7.0,1.0,6.0,823220,2026-05-24,1.0,4.0,20.0,70.0,1,2026-05-24T20:05:00+00:00,2026-08-26T21:24:57.613000+00:00,boxscore_stats starter,MLB_REGULAR_SEASON_INFERRED,E_BACKFILL_OR_LATE_RECORD_TIMESTAMP|B_START_VS_RELIEF_APPEARANCE|J_LAST_APPEARANCE_DEFINITION|K_LAST_START_DEFINITION|I_DIFFERENT_HISTORICAL_GAME_ID,"selected history record_timestamp >= target scheduled_start | stored matches most recent appearance game 824818, not most recent start 823220",True,True,False
824579,2026-07-07,away,801139,Payton Tolle,5.0,7.0,2.0,824743,2026-06-26,7.0,7.0,24.0,88.0,1,2026-06-26T23:10:00+00:00,2026-08-26T22:16:09.546000+00:00,boxscore_stats starter,MLB_REGULAR_SEASON_INFERRED,E_BACKFILL_OR_LATE_RECORD_TIMESTAMP|B_START_VS_RELIEF_APPEARANCE|J_LAST_APPEARANCE_DEFINITION|K_LAST_START_DEFINITION|I_DIFFERENT_HISTORICAL_GAME_ID,"selected history record_timestamp >= target scheduled_start | stored matches most recent appearance game 824740, not most recent start 824743",True,True,False
822881,2026-07-07,home,594798,Jacob deGrom,9.0,8.0,1.0,823850,2026-06-24,8.0,6.0,23.0,91.0,1,2026-06-24T16:10:00+00:00,2026-08-26T22:11:28.007000+00:00,boxscore_stats starter,MLB_REGULAR_SEASON_INFERRED,E_BACKFILL_OR_LATE_RECORD_TIMESTAMP|B_START_VS_RELIEF_APPEARANCE|J_LAST_APPEARANCE_DEFINITION|K_LAST_START_DEFINITION|I_DIFFERENT_HISTORICAL_GAME_ID,"selected history record_timestamp >= target scheduled_start | stored matches most recent appearance game 824418, not most recent start 823850",True,True,False
822881,2026-07-07,away,667755,José Soriano,9.0,4.0,5.0,824018,2026-06-24,4.0,3.0,17.0,69.0,1,2026-06-24T20:07:00+00:00,2026-08-26T22:12:10.177000+00:00,boxscore_stats starter,MLB_REGULAR_SEASON_INFERRED,E_BACKFILL_OR_LATE_RECORD_TIMESTAMP|B_START_VS_RELIEF_APPEARANCE|J_LAST_APPEARANCE_DEFINITION|K_LAST_START_DEFINITION|I_DIFFERENT_HISTORICAL_GAME_ID,"selected history record_timestamp >= target scheduled_start | stored matches most recent appearance game 823122, not most recent start 824018",True,True,False
823280,2026-07-07,away,668678,Zac Gallen,4.0,0.0,4.0,822962,2026-06-26,0.0,6.2,27.0,86.0,1,2026-06-26T23:10:00+00:00,2026-08-26T22:15:40.186000+00:00,boxscore_stats starter,MLB_REGULAR_SEASON_INFERRED,E_BACKFILL_OR_LATE_RECORD_TIMESTAMP|M_UNEXPLAINED,selected history record_timestamp >= target scheduled_start,True,True,False
823203,2026-07-07,home,686790,Trevor McDonald,5.0,3.0,2.0,823206,2026-06-26,3.0,5.1,24.0,90.0,1,2026-06-27T02:15:00+00:00,2026-08-26T22:17:35.579000+00:00,boxscore_stats starter,MLB_REGULAR_SEASON_INFERRED,E_BACKFILL_OR_LATE_RECORD_TIMESTAMP|G_DIFFERENT_TEMPORAL_ORDER|I_DIFFERENT_HISTORICAL_GAME_ID,selected history record_timestamp >= target scheduled_start | stored matches older local start at position 7: 825007,True,True,False
823929,2026-07-07,home,680736,Justin Wrobleski,11.0,3.0,8.0,823690,2026-06-23,3.0,7.0,28.0,92.0,1,2026-06-23T23:40:00+00:00,2026-08-26T22:09:38.405000+00:00,boxscore_stats starter,MLB_REGULAR_SEASON_INFERRED,E_BACKFILL_OR_LATE_RECORD_TIMESTAMP|B_START_VS_RELIEF_APPEARANCE|J_LAST_APPEARANCE_DEFINITION|K_LAST_START_DEFINITION|I_DIFFERENT_HISTORICAL_GAME_ID,"selected history record_timestamp >= target scheduled_start | stored matches most recent appearance game 824984, not most recent start 823690",True,True,False
822970,2026-06-10,away,687562,Jake Bennett,1.0,2.0,1.0,831571,2026-03-08,2.0,1.2,8.0,41.0,1,2026-03-08T17:05:00+00:00,2026-08-26T19:55:09.107000+00:00,boxscore_stats starter,MLB_SPRING_TRAINING_INFERRED,E_BACKFILL_OR_LATE_RECORD_TIMESTAMP|F_NON_MLB_GAME|M_UNEXPLAINED,selected history record_timestamp >= target scheduled_start | selected historical competition=MLB_SPRING_TRAINING_INFERRED,True,True,False
823215,2026-06-10,home,592662,Robbie Ray,4.0,6.0,2.0,824354,2026-05-31,6.0,4.0,19.0,96.0,1,2026-05-31T19:10:00+00:00,2026-08-26T21:16:14.966000+00:00,boxscore_stats starter,MLB_REGULAR_SEASON_INFERRED,E_BACKFILL_OR_LATE_RECORD_TIMESTAMP|G_DIFFERENT_TEMPORAL_ORDER|I_DIFFERENT_HISTORICAL_GAME_ID,selected history record_timestamp >= target scheduled_start | stored matches older local start at position 5: 823229,True,True,False
824831,2026-06-10,home,687064,Brandon Young,4.0,7.0,3.0,824833,2026-05-30,7.0,6.2,27.0,86.0,1,2026-05-30T20:05:00+00:00,2026-08-26T21:12:50.480000+00:00,boxscore_stats starter,MLB_REGULAR_SEASON_INFERRED,E_BACKFILL_OR_LATE_RECORD_TIMESTAMP|J_LAST_APPEARANCE_DEFINITION|I_DIFFERENT_HISTORICAL_GAME_ID,selected history record_timestamp >= target scheduled_start | stored matches older local appearance at position 2: 824839,True,True,False
824815,2026-07-08,home,665152,Dean Kremer,4.0,7.0,3.0,824451,2026-04-18,7.0,6.0,22.0,95.0,1,2026-04-18T22:10:00+00:00,2026-08-27T00:22:09.713000+00:00,boxscore_stats starter,MLB_REGULAR_SEASON_INFERRED,E_BACKFILL_OR_LATE_RECORD_TIMESTAMP|B_START_VS_RELIEF_APPEARANCE|J_LAST_APPEARANCE_DEFINITION|K_LAST_START_DEFINITION|I_DIFFERENT_HISTORICAL_GAME_ID,"selected history record_timestamp >= target scheduled_start | stored matches most recent appearance game 824818, not most recent start 824451",True,True,False
824815,2026-07-08,away,607067,Colin Rea,5.0,4.0,1.0,823773,2026-06-26,4.0,5.0,23.0,89.0,1,2026-06-26T23:45:00+00:00,2026-08-26T22:16:32.167000+00:00,boxscore_stats starter,MLB_REGULAR_SEASON_INFERRED,E_BACKFILL_OR_LATE_RECORD_TIMESTAMP|B_START_VS_RELIEF_APPEARANCE|J_LAST_APPEARANCE_DEFINITION|K_LAST_START_DEFINITION|I_DIFFERENT_HISTORICAL_GAME_ID,"selected history record_timestamp >= target scheduled_start | stored matches most recent appearance game 824660, not most recent start 823773",True,True,False
824253,2026-07-08,home,675512,Troy Melton,7.0,6.0,1.0,824258,2026-06-25,6.0,6.0,20.0,88.0,1,2026-06-25T22:40:00+00:00,2026-07-18T13:38:33.642000+00:00,boxscore_stats starter,MLB_REGULAR_SEASON_INFERRED,E_BACKFILL_OR_LATE_RECORD_TIMESTAMP|B_START_VS_RELIEF_APPEARANCE|J_LAST_APPEARANCE_DEFINITION|K_LAST_START_DEFINITION|I_DIFFERENT_HISTORICAL_GAME_ID,"selected history record_timestamp >= target scheduled_start | stored matches most recent appearance game 823530, not most recent start 824258",True,True,False
824253,2026-07-08,away,605488,Jeffrey Springs,2.0,6.0,4.0,823209,2026-06-25,6.0,5.1,21.0,87.0,1,2026-06-25T19:45:00+00:00,2026-07-18T13:38:27.823000+00:00,boxscore_stats starter,MLB_REGULAR_SEASON_INFERRED,E_BACKFILL_OR_LATE_RECORD_TIMESTAMP|B_START_VS_RELIEF_APPEARANCE|J_LAST_APPEARANCE_DEFINITION|K_LAST_START_DEFINITION|I_DIFFERENT_HISTORICAL_GAME_ID,"selected history record_timestamp >= target scheduled_start | stored matches most recent appearance game 824984, not most recent start 823209",True,True,False
823032,2026-07-08,home,700241,Michael McGreevy,3.0,4.0,1.0,823039,2026-06-26,4.0,6.0,22.0,94.0,1,2026-06-27T00:15:00+00:00,2026-08-26T22:17:09.398000+00:00,boxscore_stats starter,MLB_REGULAR_SEASON_INFERRED,E_BACKFILL_OR_LATE_RECORD_TIMESTAMP|G_DIFFERENT_TEMPORAL_ORDER|I_DIFFERENT_HISTORICAL_GAME_ID,selected history record_timestamp >= target scheduled_start | stored matches older local start at position 7: 825008,True,True,False
822880,2026-07-08,home,669022,MacKenzie Gore,7.0,5.0,2.0,822797,2026-06-25,5.0,7.0,25.0,98.0,1,2026-06-25T23:07:00+00:00,2026-07-18T13:38:47.451000+00:00,boxscore_stats starter,MLB_REGULAR_SEASON_INFERRED,E_BACKFILL_OR_LATE_RECORD_TIMESTAMP|B_START_VS_RELIEF_APPEARANCE|J_LAST_APPEARANCE_DEFINITION|K_LAST_START_DEFINITION|I_DIFFERENT_HISTORICAL_GAME_ID,"selected history record_timestamp >= target scheduled_start | stored matches most recent appearance game 824419, not most recent start 822797",True,True,False
822724,2026-06-15,away,687765,Mitch Spence,3.0,0.0,3.0,831849,2026-03-11,0.0,2.0,11.0,42.0,1,2026-03-11T20:05:00+00:00,2026-08-26T20:00:06.588000+00:00,boxscore_stats starter,MLB_SPRING_TRAINING_INFERRED,E_BACKFILL_OR_LATE_RECORD_TIMESTAMP|F_NON_MLB_GAME|B_START_VS_RELIEF_APPEARANCE|J_LAST_APPEARANCE_DEFINITION|K_LAST_START_DEFINITION|I_DIFFERENT_HISTORICAL_GAME_ID,"selected history record_timestamp >= target scheduled_start | selected historical competition=MLB_SPRING_TRAINING_INFERRED | stored matches most recent appearance game 823558, not most recent start 831849",True,True,False
823451,2026-06-16,away,663969,Tyler Phillips,5.0,2.0,3.0,823622,2026-05-30,2.0,5.0,21.0,72.0,1,2026-05-30T20:10:00+00:00,2026-08-26T21:13:20.393000+00:00,boxscore_stats starter,MLB_REGULAR_SEASON_INFERRED,E_BACKFILL_OR_LATE_RECORD_TIMESTAMP|M_UNEXPLAINED,selected history record_timestamp >= target scheduled_start,True,True,False
824504,2026-06-16,away,673540,Kodai Senga,1.0,3.0,2.0,824693,2026-04-17,3.0,3.1,18.0,65.0,1,2026-04-17T18:20:00+00:00,2026-08-27T00:18:29.044000+00:00,boxscore_stats starter,MLB_REGULAR_SEASON_INFERRED,E_BACKFILL_OR_LATE_RECORD_TIMESTAMP|M_UNEXPLAINED,selected history record_timestamp >= target scheduled_start,True,True,False
824912,2026-06-16,away,605288,Adrian Houser,2.0,6.0,4.0,823214,2026-06-09,6.0,4.1,18.0,77.0,1,2026-06-10T01:45:00+00:00,2026-08-26T21:42:26.137000+00:00,boxscore_stats starter,MLB_REGULAR_SEASON_INFERRED,E_BACKFILL_OR_LATE_RECORD_TIMESTAMP|M_UNEXPLAINED|H_DUPLICATE_RECORD,selected history record_timestamp >= target scheduled_start | duplicate target game_id+pitcher_id collapsed to one discrepancy,True,True,False
824667,2026-06-16,home,665795,Edward Cabrera,5.0,2.0,3.0,824678,2026-05-20,2.0,3.0,16.0,61.0,1,2026-05-20T23:40:00+00:00,2026-08-26T21:14:34.770000+00:00,boxscore_stats starter,MLB_REGULAR_SEASON_INFERRED,E_BACKFILL_OR_LATE_RECORD_TIMESTAMP|G_DIFFERENT_TEMPORAL_ORDER|I_DIFFERENT_HISTORICAL_GAME_ID,selected history record_timestamp >= target scheduled_start | stored matches older local start at position 5: 824689,True,True,False
824667,2026-06-16,away,663372,Ryan Feltner,3.0,4.0,1.0,824350,2026-06-05,4.0,6.0,22.0,81.0,1,2026-06-06T00:40:00+00:00,2026-08-26T21:33:01.479000+00:00,boxscore_stats starter,MLB_REGULAR_SEASON_INFERRED,E_BACKFILL_OR_LATE_RECORD_TIMESTAMP|G_DIFFERENT_TEMPORAL_ORDER|I_DIFFERENT_HISTORICAL_GAME_ID,selected history record_timestamp >= target scheduled_start | stored matches older local start at position 3: 824368,True,True,False
822888,2026-06-16,home,677958,Kumar Rocker,3.0,5.0,2.0,822892,2026-06-05,5.0,5.0,22.0,94.0,1,2026-06-06T00:15:00+00:00,2026-08-26T21:32:52.753000+00:00,boxscore_stats starter,MLB_REGULAR_SEASON_INFERRED,E_BACKFILL_OR_LATE_RECORD_TIMESTAMP|G_DIFFERENT_TEMPORAL_ORDER|I_DIFFERENT_HISTORICAL_GAME_ID,selected history record_timestamp >= target scheduled_start | stored matches older local start at position 4: 822900,True,True,False
822888,2026-06-16,away,805673,Zebby Matthews,4.0,2.0,2.0,823699,2026-06-05,2.0,7.0,27.0,100.0,1,2026-06-06T00:15:00+00:00,2026-08-26T21:32:56.793000+00:00,boxscore_stats starter,MLB_REGULAR_SEASON_INFERRED,E_BACKFILL_OR_LATE_RECORD_TIMESTAMP|M_UNEXPLAINED,selected history record_timestamp >= target scheduled_start,True,True,False
825070,2026-06-16,home,518876,Merrill Kelly,1.0,4.0,3.0,825073,2026-06-05,4.0,5.0,25.0,85.0,1,2026-06-06T01:40:00+00:00,2026-08-26T21:33:06.670000+00:00,boxscore_stats starter,MLB_REGULAR_SEASON_INFERRED,E_BACKFILL_OR_LATE_RECORD_TIMESTAMP|G_DIFFERENT_TEMPORAL_ORDER|I_DIFFERENT_HISTORICAL_GAME_ID,selected history record_timestamp >= target scheduled_start | stored matches older local start at position 10: 831885,True,True,False
824991,2026-06-16,away,656605,Mitch Keller,3.0,4.0,1.0,824914,2026-06-05,4.0,4.2,25.0,99.0,1,2026-06-05T23:15:00+00:00,2026-08-26T21:32:17.747000+00:00,boxscore_stats starter,MLB_REGULAR_SEASON_INFERRED,E_BACKFILL_OR_LATE_RECORD_TIMESTAMP|G_DIFFERENT_TEMPORAL_ORDER|I_DIFFERENT_HISTORICAL_GAME_ID,selected history record_timestamp >= target scheduled_start | stored matches older local start at position 4: 823059,True,True,False
823939,2026-06-16,home,680736,Justin Wrobleski,1.0,4.0,3.0,825076,2026-06-04,4.0,6.0,24.0,84.0,1,2026-06-05T01:40:00+00:00,2026-08-26T21:30:01.667000+00:00,boxscore_stats starter,MLB_REGULAR_SEASON_INFERRED,E_BACKFILL_OR_LATE_RECORD_TIMESTAMP|M_UNEXPLAINED,selected history record_timestamp >= target scheduled_start,True,True,False
823685,2026-07-10,away,680570,Grayson Rodriguez,1.0,6.0,5.0,824025,2026-06-08,6.0,5.1,25.0,92.0,1,2026-06-09T01:38:00+00:00,2026-08-26T21:39:58.401000+00:00,boxscore_stats starter,MLB_REGULAR_SEASON_INFERRED,E_BACKFILL_OR_LATE_RECORD_TIMESTAMP|M_UNEXPLAINED,selected history record_timestamp >= target scheduled_start,True,True,False
824503,2026-06-17,home,666157,Nick Lodolo,5.0,3.0,2.0,823048,2026-06-06,3.0,5.0,25.0,95.0,1,2026-06-06T18:15:00+00:00,2026-08-26T21:34:06.226000+00:00,boxscore_stats starter,MLB_REGULAR_SEASON_INFERRED,E_BACKFILL_OR_LATE_RECORD_TIMESTAMP|M_UNEXPLAINED,selected history record_timestamp >= target scheduled_start,True,True,False
824503,2026-06-17,away,690997,Nolan McLean,6.0,5.0,1.0,823292,2026-06-06,5.0,6.0,23.0,101.0,1,2026-06-07T02:10:00+00:00,2026-08-26T21:35:30.863000+00:00,boxscore_stats starter,MLB_REGULAR_SEASON_INFERRED,E_BACKFILL_OR_LATE_RECORD_TIMESTAMP|G_DIFFERENT_TEMPORAL_ORDER|I_DIFFERENT_HISTORICAL_GAME_ID,selected history record_timestamp >= target scheduled_start | stored matches older local start at position 3: 823625,True,True,False
822721,2026-06-17,home,641793,Zack Littell,0.0,4.0,4.0,825075,2026-06-06,4.0,5.0,19.0,64.0,1,2026-06-06T20:10:00+00:00,2026-08-26T21:34:30.025000+00:00,boxscore_stats starter,MLB_REGULAR_SEASON_INFERRED,E_BACKFILL_OR_LATE_RECORD_TIMESTAMP|J_LAST_APPEARANCE_DEFINITION|I_DIFFERENT_HISTORICAL_GAME_ID,selected history record_timestamp >= target scheduled_start | stored matches older local appearance at position 6: 823869,True,True,False
822721,2026-06-17,away,679883,Luinder Avila,0.0,3.0,3.0,823697,2026-06-06,3.0,5.0,18.0,70.0,1,2026-06-06T18:10:00+00:00,2026-08-26T21:33:46.593000+00:00,boxscore_stats starter,MLB_REGULAR_SEASON_INFERRED,E_BACKFILL_OR_LATE_RECORD_TIMESTAMP|M_UNEXPLAINED,selected history record_timestamp >= target scheduled_start,True,True,False
823044,2026-06-17,home,681517,Kyle Leahy,5.0,1.0,4.0,823049,2026-06-05,1.0,4.0,19.0,79.0,1,2026-06-06T00:15:00+00:00,2026-08-26T21:32:37.051000+00:00,boxscore_stats starter,MLB_REGULAR_SEASON_INFERRED,E_BACKFILL_OR_LATE_RECORD_TIMESTAMP|G_DIFFERENT_TEMPORAL_ORDER|I_DIFFERENT_HISTORICAL_GAME_ID,selected history record_timestamp >= target scheduled_start | stored matches older local start at position 5: 823305,True,True,False
823044,2026-06-17,away,699134,Bradgley Rodriguez,1.0,0.0,1.0,823226,2026-05-06,0.0,1.0,3.0,7.0,1,2026-05-06T19:45:00+00:00,2026-08-26T20:42:21.238000+00:00,boxscore_stats starter,MLB_REGULAR_SEASON_INFERRED,E_BACKFILL_OR_LATE_RECORD_TIMESTAMP|J_LAST_APPEARANCE_DEFINITION|I_DIFFERENT_HISTORICAL_GAME_ID,selected history record_timestamp >= target scheduled_start | stored matches older local appearance at position 3: 823292,True,True,False
823940,2026-06-17,away,663556,Shane McClanahan,7.0,6.0,1.0,823859,2026-06-06,6.0,5.0,25.0,81.0,1,2026-06-06T20:10:00+00:00,2026-08-26T21:34:58.193000+00:00,boxscore_stats starter,MLB_REGULAR_SEASON_INFERRED,E_BACKFILL_OR_LATE_RECORD_TIMESTAMP|G_DIFFERENT_TEMPORAL_ORDER|I_DIFFERENT_HISTORICAL_GAME_ID,selected history record_timestamp >= target scheduled_start | stored matches older local start at position 6: 822989,True,True,False
825072,2026-06-17,home,593958,Eduardo Rodriguez,3.0,5.0,2.0,825075,2026-06-06,5.0,6.1,25.0,92.0,1,2026-06-06T20:10:00+00:00,2026-08-26T21:34:30.025000+00:00,boxscore_stats starter,MLB_REGULAR_SEASON_INFERRED,E_BACKFILL_OR_LATE_RECORD_TIMESTAMP|G_DIFFERENT_TEMPORAL_ORDER|I_DIFFERENT_HISTORICAL_GAME_ID,selected history record_timestamp >= target scheduled_start | stored matches older local start at position 2: 825078,True,True,False
823536,2026-06-17,away,641743,Anthony Kay,7.0,4.0,3.0,823455,2026-06-05,4.0,4.0,21.0,87.0,1,2026-06-05T22:40:00+00:00,2026-08-26T21:31:16.426000+00:00,boxscore_stats starter,MLB_REGULAR_SEASON_INFERRED,E_BACKFILL_OR_LATE_RECORD_TIMESTAMP|M_UNEXPLAINED,selected history record_timestamp >= target scheduled_start,True,True,False
824668,2026-06-17,home,665871,Javier Assad,5.0,3.0,2.0,824691,2026-04-19,3.0,5.2,20.0,82.0,1,2026-04-19T18:20:00+00:00,2026-08-27T00:24:23.868000+00:00,boxscore_stats starter,MLB_REGULAR_SEASON_INFERRED,E_BACKFILL_OR_LATE_RECORD_TIMESTAMP|B_START_VS_RELIEF_APPEARANCE|J_LAST_APPEARANCE_DEFINITION|K_LAST_START_DEFINITION|I_DIFFERENT_HISTORICAL_GAME_ID,"selected history record_timestamp >= target scheduled_start | stored matches most recent appearance game 824670, not most recent start 824691",True,True,False
824668,2026-06-17,away,807743,Sean Sullivan,2.0,1.0,1.0,831869,2026-03-12,1.0,4.0,15.0,54.0,1,2026-03-12T20:10:00+00:00,2026-08-26T20:01:24.878000+00:00,boxscore_stats starter,MLB_SPRING_TRAINING_INFERRED,E_BACKFILL_OR_LATE_RECORD_TIMESTAMP|F_NON_MLB_GAME|J_LAST_APPEARANCE_DEFINITION|I_DIFFERENT_HISTORICAL_GAME_ID,selected history record_timestamp >= target scheduled_start | selected historical competition=MLB_SPRING_TRAINING_INFERRED | stored matches older local appearance at position 3: 831867,True,True,False
824992,2026-06-17,away,677952,Braxton Ashcraft,4.0,5.0,1.0,824915,2026-06-06,5.0,5.0,25.0,86.0,1,2026-06-06T20:10:00+00:00,2026-08-26T21:34:44.599000+00:00,boxscore_stats starter,MLB_REGULAR_SEASON_INFERRED,E_BACKFILL_OR_LATE_RECORD_TIMESTAMP|M_UNEXPLAINED,selected history record_timestamp >= target scheduled_start,True,True,False
823127,2026-06-17,away,680694,Kyle Bradish,5.0,3.0,2.0,822808,2026-06-06,3.0,4.0,21.0,81.0,1,2026-06-06T19:07:00+00:00,2026-08-26T21:34:16.737000+00:00,boxscore_stats starter,MLB_REGULAR_SEASON_INFERRED,E_BACKFILL_OR_LATE_RECORD_TIMESTAMP|M_UNEXPLAINED,selected history record_timestamp >= target scheduled_start,True,True,False
824748,2026-06-18,away,702056,Trey Yesavage,3.0,4.0,1.0,824833,2026-05-30,4.0,5.0,21.0,92.0,1,2026-05-30T20:05:00+00:00,2026-08-26T21:12:50.480000+00:00,boxscore_stats starter,MLB_REGULAR_SEASON_INFERRED,E_BACKFILL_OR_LATE_RECORD_TIMESTAMP|M_UNEXPLAINED,selected history record_timestamp >= target scheduled_start,True,True,False
823772,2026-06-18,home,675660,Shane Drohan,7.0,4.0,3.0,824349,2026-06-07,4.0,6.1,24.0,83.0,1,2026-06-07T19:10:00+00:00,2026-08-26T21:38:14.425000+00:00,boxscore_stats starter,MLB_REGULAR_SEASON_INFERRED,E_BACKFILL_OR_LATE_RECORD_TIMESTAMP|M_UNEXPLAINED,selected history record_timestamp >= target scheduled_start,True,True,False
823125,2026-06-18,home,693433,Bryan Woo,4.0,7.0,3.0,824271,2026-06-05,7.0,6.1,27.0,90.0,1,2026-06-05T22:40:00+00:00,2026-08-26T21:31:05.408000+00:00,boxscore_stats starter,MLB_REGULAR_SEASON_INFERRED,E_BACKFILL_OR_LATE_RECORD_TIMESTAMP|G_DIFFERENT_TEMPORAL_ORDER|I_DIFFERENT_HISTORICAL_GAME_ID,selected history record_timestamp >= target scheduled_start | stored matches older local start at position 3: 824108,True,True,False
823125,2026-06-18,away,669358,Shane Baz,1.0,3.0,2.0,822807,2026-06-07,3.0,5.2,26.0,81.0,1,2026-06-07T17:37:00+00:00,2026-08-26T21:37:07.917000+00:00,boxscore_stats starter,MLB_REGULAR_SEASON_INFERRED,E_BACKFILL_OR_LATE_RECORD_TIMESTAMP|M_UNEXPLAINED,selected history record_timestamp >= target scheduled_start,True,True,False
823448,2026-06-18,home,605400,Aaron Nola,3.0,4.0,1.0,823453,2026-06-07,4.0,4.1,23.0,98.0,1,2026-06-07T17:35:00+00:00,2026-08-26T21:36:56.565000+00:00,boxscore_stats starter,MLB_REGULAR_SEASON_INFERRED,E_BACKFILL_OR_LATE_RECORD_TIMESTAMP|G_DIFFERENT_TEMPORAL_ORDER|I_DIFFERENT_HISTORICAL_GAME_ID,selected history record_timestamp >= target scheduled_start | stored matches older local start at position 9: 823234,True,True,False
823448,2026-06-18,away,640455,Sean Manaea,6.0,4.0,2.0,831463,2026-03-17,4.0,4.0,12.0,52.0,1,2026-03-17T17:10:00+00:00,2026-08-26T23:10:09.528000+00:00,boxscore_stats starter,MLB_SPRING_TRAINING_INFERRED,E_BACKFILL_OR_LATE_RECORD_TIMESTAMP|F_NON_MLB_GAME|J_LAST_APPEARANCE_DEFINITION|I_DIFFERENT_HISTORICAL_GAME_ID,selected history record_timestamp >= target scheduled_start | selected historical competition=MLB_SPRING_TRAINING_INFERRED | stored matches older local appearance at position 3: 823624,True,True,False
823533,2026-06-18,home,677960,Ryan Weathers,2.0,4.0,2.0,823538,2026-06-05,4.0,6.0,26.0,93.0,1,2026-06-05T23:05:00+00:00,2026-08-26T21:31:28.679000+00:00,boxscore_stats starter,MLB_REGULAR_SEASON_INFERRED,E_BACKFILL_OR_LATE_RECORD_TIMESTAMP|M_UNEXPLAINED,selected history record_timestamp >= target scheduled_start,True,True,False
823533,2026-06-18,away,663542,Bryan Hudson,0.0,1.0,1.0,823222,2026-05-23,1.0,1.1,4.0,16.0,1,2026-05-23T20:05:00+00:00,2026-08-26T21:20:03.685000+00:00,boxscore_stats starter,MLB_REGULAR_SEASON_INFERRED,E_BACKFILL_OR_LATE_RECORD_TIMESTAMP|B_START_VS_RELIEF_APPEARANCE|J_LAST_APPEARANCE_DEFINITION|K_LAST_START_DEFINITION|I_DIFFERENT_HISTORICAL_GAME_ID,"selected history record_timestamp >= target scheduled_start | stored matches most recent appearance game 824590, not most recent start 823222",True,True,False
824098,2026-06-18,home,702070,Noah Cameron,1.0,7.0,6.0,823696,2026-06-07,7.0,6.0,23.0,104.0,1,2026-06-07T18:10:00+00:00,2026-08-26T21:37:42.495000+00:00,boxscore_stats starter,MLB_REGULAR_SEASON_INFERRED,E_BACKFILL_OR_LATE_RECORD_TIMESTAMP|M_UNEXPLAINED,selected history record_timestamp >= target scheduled_start,True,True,False
824989,2026-06-18,home,695611,Gage Jump,6.0,3.0,3.0,824183,2026-06-07,3.0,6.1,24.0,96.0,1,2026-06-07T18:10:00+00:00,2026-08-26T21:37:35.432000+00:00,boxscore_stats starter,MLB_REGULAR_SEASON_INFERRED,E_BACKFILL_OR_LATE_RECORD_TIMESTAMP|M_UNEXPLAINED,selected history record_timestamp >= target scheduled_start,True,True,False
824663,2026-06-19,home,676962,Ben Brown,3.0,5.0,2.0,824669,2026-06-06,5.0,5.1,19.0,87.0,1,2026-06-06T18:20:00+00:00,2026-08-26T21:34:09.496000+00:00,boxscore_stats starter,MLB_REGULAR_SEASON_INFERRED,E_BACKFILL_OR_LATE_RECORD_TIMESTAMP|G_DIFFERENT_TEMPORAL_ORDER|I_DIFFERENT_HISTORICAL_GAME_ID,selected history record_timestamp >= target scheduled_start | stored matches older local start at position 6: 822904,True,True,False
824663,2026-06-19,away,592332,Kevin Gausman,7.0,5.0,2.0,822807,2026-06-07,5.0,5.0,20.0,93.0,1,2026-06-07T17:37:00+00:00,2026-08-26T21:37:07.917000+00:00,boxscore_stats starter,MLB_REGULAR_SEASON_INFERRED,E_BACKFILL_OR_LATE_RECORD_TIMESTAMP|M_UNEXPLAINED,selected history record_timestamp >= target scheduled_start,True,True,False
824264,2026-06-19,home,669373,Tarik Skubal,4.0,5.0,1.0,824288,2026-04-23,5.0,6.0,24.0,94.0,1,2026-04-23T17:10:00+00:00,2026-08-27T00:30:32.403000+00:00,boxscore_stats starter,MLB_REGULAR_SEASON_INFERRED,E_BACKFILL_OR_LATE_RECORD_TIMESTAMP|M_UNEXPLAINED,selected history record_timestamp >= target scheduled_start,True,True,False
823534,2026-06-19,home,693645,Cam Schlittler,7.0,5.0,2.0,823537,2026-06-07,5.0,5.2,22.0,92.0,1,2026-06-07T17:35:00+00:00,2026-08-26T21:37:01.091000+00:00,boxscore_stats starter,MLB_REGULAR_SEASON_INFERRED,E_BACKFILL_OR_LATE_RECORD_TIMESTAMP|G_DIFFERENT_TEMPORAL_ORDER|I_DIFFERENT_HISTORICAL_GAME_ID,selected history record_timestamp >= target scheduled_start | stored matches older local start at position 4: 823547,True,True,False
823534,2026-06-19,away,695076,Rhett Lowder,6.0,4.0,2.0,823047,2026-06-07,4.0,3.0,16.0,70.0,1,2026-06-07T18:15:00+00:00,2026-08-26T21:38:01.149000+00:00,boxscore_stats starter,MLB_REGULAR_SEASON_INFERRED,E_BACKFILL_OR_LATE_RECORD_TIMESTAMP|M_UNEXPLAINED,selected history record_timestamp >= target scheduled_start,True,True,False
822966,2026-06-19,home,643377,Griffin Jax,5.0,4.0,1.0,823857,2026-06-07,4.0,5.0,17.0,62.0,1,2026-06-07T17:40:00+00:00,2026-08-26T21:37:27.705000+00:00,boxscore_stats starter,MLB_REGULAR_SEASON_INFERRED,E_BACKFILL_OR_LATE_RECORD_TIMESTAMP|G_DIFFERENT_TEMPORAL_ORDER|I_DIFFERENT_HISTORICAL_GAME_ID,selected history record_timestamp >= target scheduled_start | stored matches older local start at position 2: 822974,True,True,False
822966,2026-06-19,away,676571,PJ Poulin,0.0,1.0,1.0,824432,2026-05-27,1.0,1.0,3.0,13.0,1,2026-05-27T17:10:00+00:00,2026-08-26T21:02:47.265000+00:00,boxscore_stats starter,MLB_REGULAR_SEASON_INFERRED,E_BACKFILL_OR_LATE_RECORD_TIMESTAMP|B_START_VS_RELIEF_APPEARANCE|J_LAST_APPEARANCE_DEFINITION|K_LAST_START_DEFINITION|I_DIFFERENT_HISTORICAL_GAME_ID,"selected history record_timestamp >= target scheduled_start | stored matches most recent appearance game 822721, not most recent start 824432",True,True,False
824910,2026-06-19,home,527048,Martín Pérez,4.0,5.0,1.0,824914,2026-06-05,5.0,5.0,20.0,85.0,1,2026-06-05T23:15:00+00:00,2026-08-26T21:32:17.747000+00:00,boxscore_stats starter,MLB_REGULAR_SEASON_INFERRED,E_BACKFILL_OR_LATE_RECORD_TIMESTAMP|G_DIFFERENT_TEMPORAL_ORDER|I_DIFFERENT_HISTORICAL_GAME_ID,selected history record_timestamp >= target scheduled_start | stored matches older local start at position 6: 823476,True,True,False
824910,2026-06-19,away,694819,Jacob Misiorowski,15.0,8.0,7.0,824351,2026-06-06,8.0,7.0,29.0,98.0,1,2026-06-07T01:10:00+00:00,2026-08-26T21:35:18.267000+00:00,boxscore_stats starter,MLB_REGULAR_SEASON_INFERRED,E_BACKFILL_OR_LATE_RECORD_TIMESTAMP|M_UNEXPLAINED,selected history record_timestamp >= target scheduled_start,True,True,False
822886,2026-06-19,home,594798,Jacob deGrom,5.0,6.0,1.0,822890,2026-06-07,6.0,6.0,23.0,87.0,1,2026-06-07T18:35:00+00:00,2026-08-26T21:38:08.027000+00:00,boxscore_stats starter,MLB_REGULAR_SEASON_INFERRED,E_BACKFILL_OR_LATE_RECORD_TIMESTAMP|M_UNEXPLAINED,selected history record_timestamp >= target scheduled_start,True,True,False
822886,2026-06-19,away,681190,Randy Vásquez,5.0,3.0,2.0,823291,2026-06-07,3.0,4.0,22.0,75.0,1,2026-06-07T20:10:00+00:00,2026-08-26T21:38:36.321000+00:00,boxscore_stats starter,MLB_REGULAR_SEASON_INFERRED,E_BACKFILL_OR_LATE_RECORD_TIMESTAMP|G_DIFFERENT_TEMPORAL_ORDER|I_DIFFERENT_HISTORICAL_GAME_ID,selected history record_timestamp >= target scheduled_start | stored matches older local start at position 8: 824369,True,True,False
824179,2026-06-19,home,837227,Tatsuya Imai,1.0,8.0,7.0,824184,2026-06-06,8.0,5.0,24.0,92.0,1,2026-06-06T20:10:00+00:00,2026-08-26T21:34:37.314000+00:00,boxscore_stats starter,MLB_REGULAR_SEASON_INFERRED,E_BACKFILL_OR_LATE_RECORD_TIMESTAMP|M_UNEXPLAINED,selected history record_timestamp >= target scheduled_start,True,True,False
824179,2026-06-19,away,676440,Tanner Bibee,8.0,3.0,5.0,822891,2026-06-06,3.0,8.0,27.0,87.0,1,2026-06-06T23:35:00+00:00,2026-08-26T21:35:10.502000+00:00,boxscore_stats starter,MLB_REGULAR_SEASON_INFERRED,E_BACKFILL_OR_LATE_RECORD_TIMESTAMP|M_UNEXPLAINED,selected history record_timestamp >= target scheduled_start,True,True,False
824097,2026-06-19,away,700241,Michael McGreevy,2.0,5.0,3.0,823047,2026-06-07,5.0,6.0,23.0,83.0,1,2026-06-07T18:15:00+00:00,2026-08-26T21:38:01.149000+00:00,boxscore_stats starter,MLB_REGULAR_SEASON_INFERRED,E_BACKFILL_OR_LATE_RECORD_TIMESTAMP|G_DIFFERENT_TEMPORAL_ORDER|I_DIFFERENT_HISTORICAL_GAME_ID,selected history record_timestamp >= target scheduled_start | stored matches older local start at position 8: 823072,True,True,False
824345,2026-06-19,home,607536,Kyle Freeland,4.0,2.0,2.0,824349,2026-06-07,2.0,5.0,22.0,89.0,1,2026-06-07T19:10:00+00:00,2026-08-26T21:38:14.425000+00:00,boxscore_stats starter,MLB_REGULAR_SEASON_INFERRED,E_BACKFILL_OR_LATE_RECORD_TIMESTAMP|G_DIFFERENT_TEMPORAL_ORDER|I_DIFFERENT_HISTORICAL_GAME_ID,selected history record_timestamp >= target scheduled_start | stored matches older local start at position 2: 824027,True,True,False
824345,2026-06-19,away,696149,Bubba Chandler,6.0,3.0,3.0,824189,2026-06-02,3.0,5.0,23.0,91.0,1,2026-06-03T00:10:00+00:00,2026-08-26T21:25:24.004000+00:00,boxscore_stats starter,MLB_REGULAR_SEASON_INFERRED,E_BACKFILL_OR_LATE_RECORD_TIMESTAMP|G_DIFFERENT_TEMPORAL_ORDER|I_DIFFERENT_HISTORICAL_GAME_ID,selected history record_timestamp >= target scheduled_start | stored matches older local start at position 10: 824537,True,True,False
824990,2026-06-19,home,605488,Jeffrey Springs,5.0,3.0,2.0,824998,2026-06-08,3.0,5.0,25.0,99.0,1,2026-06-09T02:05:00+00:00,2026-08-26T21:40:18.876000+00:00,boxscore_stats starter,MLB_REGULAR_SEASON_INFERRED,E_BACKFILL_OR_LATE_RECORD_TIMESTAMP|G_DIFFERENT_TEMPORAL_ORDER|I_DIFFERENT_HISTORICAL_GAME_ID,selected history record_timestamp >= target scheduled_start | stored matches older local start at position 9: 825022,True,True,False
824990,2026-06-19,away,667755,José Soriano,5.0,2.0,3.0,823941,2026-06-07,2.0,6.0,27.0,88.0,1,2026-06-07T20:10:00+00:00,2026-08-26T21:38:29.032000+00:00,boxscore_stats starter,MLB_REGULAR_SEASON_INFERRED,E_BACKFILL_OR_LATE_RECORD_TIMESTAMP|G_DIFFERENT_TEMPORAL_ORDER|I_DIFFERENT_HISTORICAL_GAME_ID,selected history record_timestamp >= target scheduled_start | stored matches older local start at position 7: 824039,True,True,False
825069,2026-06-19,home,647336,Michael Soroka,7.0,6.0,1.0,825074,2026-06-07,6.0,7.0,26.0,100.0,1,2026-06-07T19:15:00+00:00,2026-08-26T21:38:21.385000+00:00,boxscore_stats starter,MLB_REGULAR_SEASON_INFERRED,E_BACKFILL_OR_LATE_RECORD_TIMESTAMP|M_UNEXPLAINED,selected history record_timestamp >= target scheduled_start,True,True,False
825069,2026-06-19,away,687570,Connor Prielipp,2.0,7.0,5.0,823696,2026-06-07,7.0,4.1,18.0,77.0,1,2026-06-07T18:10:00+00:00,2026-08-26T21:37:42.495000+00:00,boxscore_stats starter,MLB_REGULAR_SEASON_INFERRED,E_BACKFILL_OR_LATE_RECORD_TIMESTAMP|J_LAST_APPEARANCE_DEFINITION|I_DIFFERENT_HISTORICAL_GAME_ID,selected history record_timestamp >= target scheduled_start | stored matches older local appearance at position 9: 831630,True,True,False
823936,2026-06-19,home,808963,Roki Sasaki,4.0,10.0,6.0,823943,2026-06-05,10.0,7.0,25.0,98.0,1,2026-06-06T02:10:00+00:00,2026-08-26T21:33:17.251000+00:00,boxscore_stats starter,MLB_REGULAR_SEASON_INFERRED,E_BACKFILL_OR_LATE_RECORD_TIMESTAMP|G_DIFFERENT_TEMPORAL_ORDER|I_DIFFERENT_HISTORICAL_GAME_ID,selected history record_timestamp >= target scheduled_start | stored matches older local start at position 3: 823787,True,True,False
823936,2026-06-19,away,694346,Trey Gibson,7.0,0.0,7.0,824829,2026-06-08,0.0,4.2,19.0,68.0,1,2026-06-08T22:35:00+00:00,2026-08-26T21:39:18.849000+00:00,boxscore_stats starter,MLB_REGULAR_SEASON_INFERRED,E_BACKFILL_OR_LATE_RECORD_TIMESTAMP|M_UNEXPLAINED,selected history record_timestamp >= target scheduled_start,True,True,False
823124,2026-06-19,home,682243,Bryce Miller,7.0,9.0,2.0,824269,2026-06-06,9.0,6.0,20.0,94.0,1,2026-06-06T17:10:00+00:00,2026-08-26T21:33:40.859000+00:00,boxscore_stats starter,MLB_REGULAR_SEASON_INFERRED,E_BACKFILL_OR_LATE_RECORD_TIMESTAMP|G_DIFFERENT_TEMPORAL_ORDER|I_DIFFERENT_HISTORICAL_GAME_ID,selected history record_timestamp >= target scheduled_start | stored matches older local start at position 3: 823136,True,True,False
823124,2026-06-19,away,624133,Ranger Suarez,7.0,6.0,1.0,823537,2026-06-07,6.0,6.1,25.0,90.0,1,2026-06-07T17:35:00+00:00,2026-08-26T21:37:01.091000+00:00,boxscore_stats starter,MLB_REGULAR_SEASON_INFERRED,E_BACKFILL_OR_LATE_RECORD_TIMESTAMP|M_UNEXPLAINED,selected history record_timestamp >= target scheduled_start,True,True,False
824263,2026-06-20,away,656794,Sean Newcomb,0.0,1.0,1.0,831772,2026-03-03,1.0,3.0,15.0,54.0,1,2026-03-03T20:05:00+00:00,2026-08-26T19:48:03.639000+00:00,boxscore_stats starter,MLB_SPRING_TRAINING_INFERRED,E_BACKFILL_OR_LATE_RECORD_TIMESTAMP|F_NON_MLB_GAME|B_START_VS_RELIEF_APPEARANCE|J_LAST_APPEARANCE_DEFINITION|K_LAST_START_DEFINITION|I_DIFFERENT_HISTORICAL_GAME_ID,"selected history record_timestamp >= target scheduled_start | selected historical competition=MLB_SPRING_TRAINING_INFERRED | stored matches most recent appearance game 823536, not most recent start 831772",True,True,False
823532,2026-06-20,home,701542,Will Warren,1.0,5.0,4.0,824427,2026-06-08,5.0,4.1,20.0,91.0,1,2026-06-08T22:40:00+00:00,2026-08-26T21:39:45.050000+00:00,boxscore_stats starter,MLB_REGULAR_SEASON_INFERRED,E_BACKFILL_OR_LATE_RECORD_TIMESTAMP|M_UNEXPLAINED,selected history record_timestamp >= target scheduled_start,True,True,False
823532,2026-06-20,away,671096,Andrew Abbott,5.0,6.0,1.0,823289,2026-06-08,6.0,6.0,24.0,101.0,1,2026-06-09T01:40:00+00:00,2026-08-26T21:40:06.004000+00:00,boxscore_stats starter,MLB_REGULAR_SEASON_INFERRED,E_BACKFILL_OR_LATE_RECORD_TIMESTAMP|G_DIFFERENT_TEMPORAL_ORDER|I_DIFFERENT_HISTORICAL_GAME_ID,selected history record_timestamp >= target scheduled_start | stored matches older local start at position 2: 824511,True,True,False
822885,2026-06-20,away,621111,Walker Buehler,5.0,4.0,1.0,823289,2026-06-08,4.0,4.2,22.0,86.0,1,2026-06-09T01:40:00+00:00,2026-08-26T21:40:06.004000+00:00,boxscore_stats starter,MLB_REGULAR_SEASON_INFERRED,E_BACKFILL_OR_LATE_RECORD_TIMESTAMP|M_UNEXPLAINED,selected history record_timestamp >= target scheduled_start,True,True,False
822967,2026-06-20,away,676917,Cade Cavalli,5.0,2.0,3.0,825074,2026-06-07,2.0,5.0,22.0,88.0,1,2026-06-07T19:15:00+00:00,2026-08-26T21:38:21.385000+00:00,boxscore_stats starter,MLB_REGULAR_SEASON_INFERRED,E_BACKFILL_OR_LATE_RECORD_TIMESTAMP|G_DIFFERENT_TEMPORAL_ORDER|I_DIFFERENT_HISTORICAL_GAME_ID,selected history record_timestamp >= target scheduled_start | stored matches older local start at position 8: 822751,True,True,False
823854,2026-06-20,home,676974,Max Meyer,9.0,5.0,4.0,823858,2026-06-09,5.0,5.1,24.0,95.0,1,2026-06-09T22:40:00+00:00,2026-08-26T21:41:29.001000+00:00,boxscore_stats starter,MLB_REGULAR_SEASON_INFERRED,E_BACKFILL_OR_LATE_RECORD_TIMESTAMP|G_DIFFERENT_TEMPORAL_ORDER|I_DIFFERENT_HISTORICAL_GAME_ID,selected history record_timestamp >= target scheduled_start | stored matches older local start at position 6: 823710,True,True,False
823854,2026-06-20,away,686790,Trevor McDonald,4.0,6.0,2.0,824670,2026-06-07,6.0,5.0,21.0,87.0,1,2026-06-08T00:30:00+00:00,2026-08-26T21:38:45.560000+00:00,boxscore_stats starter,MLB_REGULAR_SEASON_INFERRED,E_BACKFILL_OR_LATE_RECORD_TIMESTAMP|G_DIFFERENT_TEMPORAL_ORDER|I_DIFFERENT_HISTORICAL_GAME_ID,selected history record_timestamp >= target scheduled_start | stored matches older local start at position 2: 823782,True,True,False
824909,2026-06-20,away,690986,Kyle Harrison,3.0,4.0,1.0,824998,2026-06-08,4.0,2.1,17.0,71.0,1,2026-06-09T02:05:00+00:00,2026-08-26T21:40:18.876000+00:00,boxscore_stats starter,MLB_REGULAR_SEASON_INFERRED,E_BACKFILL_OR_LATE_RECORD_TIMESTAMP|G_DIFFERENT_TEMPORAL_ORDER|I_DIFFERENT_HISTORICAL_GAME_ID,selected history record_timestamp >= target scheduled_start | stored matches older local start at position 7: 824290,True,True,False
824180,2026-06-20,away,676282,Joey Cantillo,4.0,7.0,3.0,822890,2026-06-07,7.0,5.0,25.0,97.0,1,2026-06-07T18:35:00+00:00,2026-08-26T21:38:08.027000+00:00,boxscore_stats starter,MLB_REGULAR_SEASON_INFERRED,E_BACKFILL_OR_LATE_RECORD_TIMESTAMP|G_DIFFERENT_TEMPORAL_ORDER|I_DIFFERENT_HISTORICAL_GAME_ID,selected history record_timestamp >= target scheduled_start | stored matches older local start at position 2: 823541,True,True,False
823447,2026-06-20,home,650911,Cristopher Sánchez,3.0,10.0,7.0,822806,2026-06-08,10.0,7.0,26.0,107.0,1,2026-06-08T23:07:00+00:00,2026-08-26T21:39:51.978000+00:00,boxscore_stats starter,MLB_REGULAR_SEASON_INFERRED,E_BACKFILL_OR_LATE_RECORD_TIMESTAMP|M_UNEXPLAINED,selected history record_timestamp >= target scheduled_start,True,True,False
823447,2026-06-20,away,642547,Freddy Peralta,2.0,5.0,3.0,823620,2026-06-09,5.0,6.0,28.0,98.0,1,2026-06-09T23:10:00+00:00,2026-08-26T21:41:42.963000+00:00,boxscore_stats starter,MLB_REGULAR_SEASON_INFERRED,E_BACKFILL_OR_LATE_RECORD_TIMESTAMP|M_UNEXPLAINED,selected history record_timestamp >= target scheduled_start,True,True,False
824342,2026-06-20,home,608372,Tomoyuki Sugano,2.0,3.0,1.0,824347,2026-06-09,3.0,5.0,22.0,93.0,1,2026-06-10T00:40:00+00:00,2026-08-26T21:42:06.778000+00:00,boxscore_stats starter,MLB_REGULAR_SEASON_INFERRED,E_BACKFILL_OR_LATE_RECORD_TIMESTAMP|G_DIFFERENT_TEMPORAL_ORDER|I_DIFFERENT_HISTORICAL_GAME_ID,selected history record_timestamp >= target scheduled_start | stored matches older local start at position 6: 823463,True,True,False
824342,2026-06-20,away,694973,Paul Skenes,10.0,7.0,3.0,823374,2026-06-09,7.0,6.0,25.0,103.0,1,2026-06-09T22:40:00+00:00,2026-08-26T21:41:00.092000+00:00,boxscore_stats starter,MLB_REGULAR_SEASON_INFERRED,E_BACKFILL_OR_LATE_RECORD_TIMESTAMP|G_DIFFERENT_TEMPORAL_ORDER|I_DIFFERENT_HISTORICAL_GAME_ID,selected history record_timestamp >= target scheduled_start | stored matches older local start at position 3: 823378,True,True,False
823937,2026-06-20,home,808967,Yoshinobu Yamamoto,7.0,4.0,3.0,823942,2026-06-06,4.0,8.0,26.0,93.0,1,2026-06-07T02:10:00+00:00,2026-08-26T21:35:21.327000+00:00,boxscore_stats starter,MLB_REGULAR_SEASON_INFERRED,E_BACKFILL_OR_LATE_RECORD_TIMESTAMP|G_DIFFERENT_TEMPORAL_ORDER|I_DIFFERENT_HISTORICAL_GAME_ID,selected history record_timestamp >= target scheduled_start | stored matches older local start at position 6: 823236,True,True,False
823937,2026-06-20,away,669432,Trevor Rogers,4.0,3.0,1.0,824830,2026-06-09,3.0,5.2,24.0,97.0,1,2026-06-09T22:35:00+00:00,2026-08-26T21:40:45.963000+00:00,boxscore_stats starter,MLB_REGULAR_SEASON_INFERRED,E_BACKFILL_OR_LATE_RECORD_TIMESTAMP|M_UNEXPLAINED,selected history record_timestamp >= target scheduled_start,True,True,False
823126,2026-06-20,home,676106,Emerson Hancock,2.0,3.0,1.0,824829,2026-06-08,3.0,5.0,21.0,92.0,1,2026-06-08T22:35:00+00:00,2026-08-26T21:39:18.849000+00:00,boxscore_stats starter,MLB_REGULAR_SEASON_INFERRED,E_BACKFILL_OR_LATE_RECORD_TIMESTAMP|M_UNEXPLAINED,selected history record_timestamp >= target scheduled_start,True,True,False
823126,2026-06-20,away,813349,Connelly Early,3.0,6.0,3.0,822972,2026-06-08,6.0,4.2,23.0,96.0,1,2026-06-08T22:40:00+00:00,2026-08-26T21:39:32.164000+00:00,boxscore_stats starter,MLB_REGULAR_SEASON_INFERRED,E_BACKFILL_OR_LATE_RECORD_TIMESTAMP|M_UNEXPLAINED,selected history record_timestamp >= target scheduled_start,True,True,False
825068,2026-06-20,home,668678,Zac Gallen,4.0,3.0,1.0,823858,2026-06-09,3.0,5.1,26.0,94.0,1,2026-06-09T22:40:00+00:00,2026-08-26T21:41:29.001000+00:00,boxscore_stats starter,MLB_REGULAR_SEASON_INFERRED,E_BACKFILL_OR_LATE_RECORD_TIMESTAMP|M_UNEXPLAINED,selected history record_timestamp >= target scheduled_start,True,True,False
825068,2026-06-20,away,671737,Taj Bradley,7.0,3.0,4.0,824267,2026-06-09,3.0,4.1,23.0,89.0,1,2026-06-09T22:40:00+00:00,2026-08-26T21:41:21.587000+00:00,boxscore_stats starter,MLB_REGULAR_SEASON_INFERRED,E_BACKFILL_OR_LATE_RECORD_TIMESTAMP|G_DIFFERENT_TEMPORAL_ORDER|I_DIFFERENT_HISTORICAL_GAME_ID,selected history record_timestamp >= target scheduled_start | stored matches older local start at position 4: 824760,True,True,False
824908,2026-06-21,home,693821,Bryce Elder,2.0,4.0,2.0,824916,2026-06-07,4.0,6.0,22.0,88.0,1,2026-06-07T17:35:00+00:00,2026-08-26T21:36:45.472000+00:00,boxscore_stats starter,MLB_REGULAR_SEASON_INFERRED,E_BACKFILL_OR_LATE_RECORD_TIMESTAMP|G_DIFFERENT_TEMPORAL_ORDER|I_DIFFERENT_HISTORICAL_GAME_ID,selected history record_timestamp >= target scheduled_start | stored matches older local start at position 7: 824933,True,True,False
824260,2026-06-21,home,672456,Keider Montero,4.0,1.0,3.0,824269,2026-06-06,1.0,5.0,22.0,79.0,1,2026-06-06T17:10:00+00:00,2026-08-26T21:33:40.859000+00:00,boxscore_stats starter,MLB_REGULAR_SEASON_INFERRED,E_BACKFILL_OR_LATE_RECORD_TIMESTAMP|G_DIFFERENT_TEMPORAL_ORDER|I_DIFFERENT_HISTORICAL_GAME_ID,selected history record_timestamp >= target scheduled_start | stored matches older local start at position 2: 824592,True,True,False
824095,2026-06-21,home,663568,Stephen Kolek,4.0,3.0,1.0,824105,2026-06-09,3.0,5.0,23.0,86.0,1,2026-06-09T23:40:00+00:00,2026-08-26T21:41:48.334000+00:00,boxscore_stats starter,MLB_REGULAR_SEASON_INFERRED,E_BACKFILL_OR_LATE_RECORD_TIMESTAMP|M_UNEXPLAINED,selected history record_timestamp >= target scheduled_start,True,True,False
822883,2026-06-21,home,543135,Nathan Eovaldi,6.0,3.0,3.0,824105,2026-06-09,3.0,5.2,23.0,88.0,1,2026-06-09T23:40:00+00:00,2026-08-26T21:41:48.334000+00:00,boxscore_stats starter,MLB_REGULAR_SEASON_INFERRED,E_BACKFILL_OR_LATE_RECORD_TIMESTAMP|G_DIFFERENT_TEMPORAL_ORDER|I_DIFFERENT_HISTORICAL_GAME_ID,selected history record_timestamp >= target scheduled_start | stored matches older local start at position 3: 822896,True,True,False
824412,2026-07-18,home,671106,Logan Allen,7.0,2.0,5.0,831743,2026-03-20,2.0,2.1,23.0,85.0,1,2026-03-21T01:05:00+00:00,2026-08-26T23:22:47.718000+00:00,boxscore_stats starter,MLB_SPRING_TRAINING_INFERRED,E_BACKFILL_OR_LATE_RECORD_TIMESTAMP|F_NON_MLB_GAME|B_START_VS_RELIEF_APPEARANCE|J_LAST_APPEARANCE_DEFINITION|K_LAST_START_DEFINITION|I_DIFFERENT_HISTORICAL_GAME_ID,"selected history record_timestamp >= target scheduled_start | selected historical competition=MLB_SPRING_TRAINING_INFERRED | stored matches most recent appearance game 824437, not most recent start 831743",True,True,False
824331,2026-07-18,away,695076,Rhett Lowder,8.0,6.0,2.0,824500,2026-06-24,6.0,5.2,27.0,100.0,1,2026-06-24T23:10:00+00:00,2026-08-26T22:13:25.222000+00:00,boxscore_stats starter,MLB_REGULAR_SEASON_INFERRED,E_BACKFILL_OR_LATE_RECORD_TIMESTAMP|J_LAST_APPEARANCE_DEFINITION|I_DIFFERENT_HISTORICAL_GAME_ID,selected history record_timestamp >= target scheduled_start | stored matches older local appearance at position 4: 823768,True,True,False
822720,2026-06-22,away,641835,Tim Mayza,2.0,4.0,2.0,831551,2026-03-19,4.0,2.0,7.0,27.0,1,2026-03-19T17:05:00+00:00,2026-08-26T23:16:04.905000+00:00,boxscore_stats starter,MLB_SPRING_TRAINING_INFERRED,E_BACKFILL_OR_LATE_RECORD_TIMESTAMP|F_NON_MLB_GAME|J_LAST_APPEARANCE_DEFINITION|I_DIFFERENT_HISTORICAL_GAME_ID,selected history record_timestamp >= target scheduled_start | selected historical competition=MLB_SPRING_TRAINING_INFERRED | stored matches older local appearance at position 7: 823462,True,True,False
824502,2026-06-22,away,605540,Brandon Woodruff,2.0,3.0,1.0,823800,2026-04-24,3.0,5.0,21.0,71.0,1,2026-04-24T23:40:00+00:00,2026-08-27T00:32:57.697000+00:00,boxscore_stats starter,MLB_REGULAR_SEASON_INFERRED,E_BACKFILL_OR_LATE_RECORD_TIMESTAMP|M_UNEXPLAINED,selected history record_timestamp >= target scheduled_start,True,True,False
824344,2026-06-22,away,687562,Jake Bennett,5.0,4.0,1.0,822970,2026-06-10,4.0,5.0,23.0,73.0,1,2026-06-10T17:10:00+00:00,2026-08-26T21:42:57.860000+00:00,boxscore_stats starter,MLB_REGULAR_SEASON_INFERRED,E_BACKFILL_OR_LATE_RECORD_TIMESTAMP|M_UNEXPLAINED,selected history record_timestamp >= target scheduled_start,True,True,False
823521,2026-07-19,home,642232,Ryan Yarbrough,0.0,2.0,2.0,831723,2026-03-04,2.0,3.0,11.0,31.0,1,2026-03-04T20:10:00+00:00,2026-08-26T19:50:09.750000+00:00,boxscore_stats starter,WBC_OR_NATIONAL_TEAMS,E_BACKFILL_OR_LATE_RECORD_TIMESTAMP|F_NON_MLB_GAME|B_START_VS_RELIEF_APPEARANCE|J_LAST_APPEARANCE_DEFINITION|K_LAST_START_DEFINITION|I_DIFFERENT_HISTORICAL_GAME_ID,"selected history record_timestamp >= target scheduled_start | selected historical competition=WBC_OR_NATIONAL_TEAMS | stored matches most recent appearance game 822708, not most recent start 831723",True,True,False
823849,2026-06-23,away,615698,Cal Quantrill,1.0,0.0,1.0,831427,2026-03-04,0.0,2.0,8.0,31.0,1,2026-03-04T18:05:00+00:00,2026-08-26T19:49:01.173000+00:00,boxscore_stats starter,WBC_OR_NATIONAL_TEAMS,E_BACKFILL_OR_LATE_RECORD_TIMESTAMP|F_NON_MLB_GAME|J_LAST_APPEARANCE_DEFINITION|I_DIFFERENT_HISTORICAL_GAME_ID,selected history record_timestamp >= target scheduled_start | selected historical competition=WBC_OR_NATIONAL_TEAMS | stored matches older local appearance at position 3: 823051,True,True,False
823522,2026-07-20,away,677952,Braxton Ashcraft,6.0,7.0,1.0,822716,2026-07-04,7.0,5.2,23.0,94.0,1,2026-07-04T15:05:00+00:00,2026-08-26T21:34:48.194000+00:00,boxscore_stats starter,MLB_REGULAR_SEASON_INFERRED,E_BACKFILL_OR_LATE_RECORD_TIMESTAMP|G_DIFFERENT_TEMPORAL_ORDER|I_DIFFERENT_HISTORICAL_GAME_ID,selected history record_timestamp >= target scheduled_start | stored matches older local start at position 10: 823224,True,True,False
822788,2026-07-20,home,656302,Dylan Cease,11.0,3.0,8.0,823443,2026-07-14,3.0,1.0,4.0,25.0,1,2026-07-15T00:00:00+00:00,2026-08-26T21:56:41.675000+00:00,boxscore_stats starter,ALL_STAR,E_BACKFILL_OR_LATE_RECORD_TIMESTAMP|F_NON_MLB_GAME|G_DIFFERENT_TEMPORAL_ORDER|I_DIFFERENT_HISTORICAL_GAME_ID,selected history record_timestamp >= target scheduled_start | selected historical competition=ALL_STAR | stored matches older local start at position 2: 823202,True,True,False
824736,2026-07-20,home,801139,Payton Tolle,7.0,6.0,1.0,824579,2026-07-07,6.0,6.0,21.0,91.0,1,2026-07-07T23:40:00+00:00,2026-08-26T21:42:29.507000+00:00,boxscore_stats starter,MLB_REGULAR_SEASON_INFERRED,E_BACKFILL_OR_LATE_RECORD_TIMESTAMP|G_DIFFERENT_TEMPORAL_ORDER|I_DIFFERENT_HISTORICAL_GAME_ID,selected history record_timestamp >= target scheduled_start | stored matches older local start at position 2: 824743,True,True,False
823436,2026-07-20,home,650911,Cristopher Sánchez,7.0,2.0,5.0,823443,2026-07-14,2.0,1.0,8.0,34.0,1,2026-07-15T00:00:00+00:00,2026-08-26T21:56:41.675000+00:00,boxscore_stats starter,ALL_STAR,E_BACKFILL_OR_LATE_RECORD_TIMESTAMP|F_NON_MLB_GAME|G_DIFFERENT_TEMPORAL_ORDER|I_DIFFERENT_HISTORICAL_GAME_ID,selected history record_timestamp >= target scheduled_start | selected historical competition=ALL_STAR | stored matches older local start at position 2: 824249,True,True,False
823762,2026-07-20,home,694819,Jacob Misiorowski,11.0,10.0,1.0,823765,2026-07-02,10.0,5.0,21.0,82.0,1,2026-07-02T18:10:00+00:00,2026-08-26T21:30:09.898000+00:00,boxscore_stats starter,MLB_REGULAR_SEASON_INFERRED,E_BACKFILL_OR_LATE_RECORD_TIMESTAMP|G_DIFFERENT_TEMPORAL_ORDER|I_DIFFERENT_HISTORICAL_GAME_ID,selected history record_timestamp >= target scheduled_start | stored matches older local start at position 9: 823794,True,True,False
822874,2026-07-20,away,607200,Erick Fedde,3.0,2.0,1.0,823701,2026-06-03,2.0,5.0,18.0,61.0,1,2026-06-03T17:40:00+00:00,2026-08-26T21:26:56.773000+00:00,boxscore_stats starter,MLB_REGULAR_SEASON_INFERRED,E_BACKFILL_OR_LATE_RECORD_TIMESTAMP|B_START_VS_RELIEF_APPEARANCE|J_LAST_APPEARANCE_DEFINITION|K_LAST_START_DEFINITION|I_DIFFERENT_HISTORICAL_GAME_ID,"selected history record_timestamp >= target scheduled_start | stored matches most recent appearance game 824576, not most recent start 823701",True,True,False
822798,2026-06-24,away,681347,Mike Burrows,5.0,3.0,2.0,824183,2026-06-07,3.0,5.0,26.0,97.0,1,2026-06-07T18:10:00+00:00,2026-08-26T21:37:35.432000+00:00,boxscore_stats starter,MLB_REGULAR_SEASON_INFERRED,E_BACKFILL_OR_LATE_RECORD_TIMESTAMP|M_UNEXPLAINED,selected history record_timestamp >= target scheduled_start,True,True,False
823691,2026-06-24,home,657746,Joe Ryan,7.0,5.0,2.0,823697,2026-06-06,5.0,6.0,26.0,102.0,1,2026-06-06T18:10:00+00:00,2026-08-26T21:33:46.593000+00:00,boxscore_stats starter,MLB_REGULAR_SEASON_INFERRED,E_BACKFILL_OR_LATE_RECORD_TIMESTAMP|G_DIFFERENT_TEMPORAL_ORDER|I_DIFFERENT_HISTORICAL_GAME_ID,selected history record_timestamp >= target scheduled_start | stored matches older local start at position 5: 823707,True,True,False
823760,2026-07-21,home,687075,Brandon Sproat,3.0,4.0,1.0,825061,2026-07-05,4.0,4.0,20.0,92.0,1,2026-07-05T20:00:00+00:00,2026-08-26T21:38:31.663000+00:00,boxscore_stats starter,MLB_REGULAR_SEASON_INFERRED,E_BACKFILL_OR_LATE_RECORD_TIMESTAMP|G_DIFFERENT_TEMPORAL_ORDER|I_DIFFERENT_HISTORICAL_GAME_ID,selected history record_timestamp >= target scheduled_start | stored matches older local start at position 4: 824996,True,True,False
823760,2026-07-21,away,804267,Zac Thornton,5.0,7.0,2.0,823610,2026-06-26,7.0,6.0,23.0,78.0,1,2026-06-26T23:10:00+00:00,2026-08-26T22:16:01.230000+00:00,boxscore_stats starter,MLB_REGULAR_SEASON_INFERRED,E_BACKFILL_OR_LATE_RECORD_TIMESTAMP|M_UNEXPLAINED,selected history record_timestamp >= target scheduled_start,True,True,False
824423,2026-06-26,away,622491,Luis Castillo,4.0,5.0,1.0,824268,2026-06-07,5.0,5.2,21.0,100.0,1,2026-06-07T17:40:00+00:00,2026-08-26T21:37:16.642000+00:00,boxscore_stats starter,MLB_REGULAR_SEASON_INFERRED,E_BACKFILL_OR_LATE_RECORD_TIMESTAMP|B_START_VS_RELIEF_APPEARANCE|J_LAST_APPEARANCE_DEFINITION|K_LAST_START_DEFINITION|I_DIFFERENT_HISTORICAL_GAME_ID,"selected history record_timestamp >= target scheduled_start | stored matches most recent appearance game 823124, not most recent start 824268",True,True,False
822784,2026-07-22,home,680755,Braydon Fisher,1.0,2.0,1.0,822808,2026-06-06,2.0,1.0,5.0,18.0,1,2026-06-06T19:07:00+00:00,2026-08-26T21:34:16.737000+00:00,boxscore_stats starter,MLB_REGULAR_SEASON_INFERRED,E_BACKFILL_OR_LATE_RECORD_TIMESTAMP|B_START_VS_RELIEF_APPEARANCE|J_LAST_APPEARANCE_DEFINITION|K_LAST_START_DEFINITION|I_DIFFERENT_HISTORICAL_GAME_ID,"selected history record_timestamp >= target scheduled_start | stored matches most recent appearance game 822788, not most recent start 822808",True,True,False
822784,2026-07-22,away,643377,Griffin Jax,6.0,3.0,3.0,822953,2026-07-11,3.0,5.0,21.0,69.0,1,2026-07-11T20:10:00+00:00,2026-07-17T14:01:52.339000+00:00,boxscore_stats starter,MLB_REGULAR_SEASON_INFERRED,G_DIFFERENT_TEMPORAL_ORDER|I_DIFFERENT_HISTORICAL_GAME_ID,stored matches older local start at position 8: 822979,True,True,False
824483,2026-08-02,home,695505,Chase Burns,4.0,6.0,2.0,823114,2026-07-21,6.0,5.0,20.0,91.0,1,2026-07-22T01:40:00+00:00,2026-08-26T22:15:57.636000+00:00,boxscore_stats starter,MLB_REGULAR_SEASON_INFERRED,E_BACKFILL_OR_LATE_RECORD_TIMESTAMP|G_DIFFERENT_TEMPORAL_ORDER|I_DIFFERENT_HISTORICAL_GAME_ID,selected history record_timestamp >= target scheduled_start | stored matches older local start at position 3: 823765,True,True,False
823609,2026-06-27,home,681035,Christian Scott,6.0,3.0,3.0,823293,2026-06-05,3.0,5.2,21.0,98.0,1,2026-06-06T01:40:00+00:00,2026-08-26T21:33:10.803000+00:00,boxscore_stats starter,MLB_REGULAR_SEASON_INFERRED,E_BACKFILL_OR_LATE_RECORD_TIMESTAMP|M_UNEXPLAINED,selected history record_timestamp >= target scheduled_start,True,True,False
823283,2026-06-27,home,606996,Kyle Hart,3.0,1.0,2.0,831735,2026-03-23,1.0,1.0,6.0,20.0,1,2026-03-23T19:10:00+00:00,2026-08-26T23:29:02.230000+00:00,boxscore_stats starter,MLB_SPRING_TRAINING_INFERRED,E_BACKFILL_OR_LATE_RECORD_TIMESTAMP|F_NON_MLB_GAME|B_START_VS_RELIEF_APPEARANCE|J_LAST_APPEARANCE_DEFINITION|K_LAST_START_DEFINITION|I_DIFFERENT_HISTORICAL_GAME_ID,"selected history record_timestamp >= target scheduled_start | selected historical competition=MLB_SPRING_TRAINING_INFERRED | stored matches most recent appearance game 823286, not most recent start 831735",True,True,False
823352,2026-07-24,home,683003,Jared Jones,9.0,8.0,1.0,823360,2026-07-08,8.0,6.0,18.0,77.0,1,2026-07-08T22:40:00+00:00,2026-08-26T21:44:07.792000+00:00,boxscore_stats starter,MLB_REGULAR_SEASON_INFERRED,E_BACKFILL_OR_LATE_RECORD_TIMESTAMP|M_UNEXPLAINED,selected history record_timestamp >= target scheduled_start,True,True,False
823434,2026-07-24,away,693645,Cam Schlittler,8.0,6.0,2.0,822711,2026-07-11,6.0,6.2,27.0,99.0,1,2026-07-11T20:05:00+00:00,2026-07-17T14:01:41.943000+00:00,boxscore_stats starter,MLB_REGULAR_SEASON_INFERRED,G_DIFFERENT_TEMPORAL_ORDER|I_DIFFERENT_HISTORICAL_GAME_ID,stored matches older local start at position 2: 822958,True,True,False
824256,2026-06-28,home,656427,Jack Flaherty,1.0,7.0,6.0,824268,2026-06-07,7.0,5.0,22.0,87.0,1,2026-06-07T17:40:00+00:00,2026-08-26T21:37:16.642000+00:00,boxscore_stats starter,MLB_REGULAR_SEASON_INFERRED,E_BACKFILL_OR_LATE_RECORD_TIMESTAMP|M_UNEXPLAINED,selected history record_timestamp >= target scheduled_start,True,True,False
823281,2026-06-28,away,686218,Emmet Sheehan,4.0,2.0,2.0,823941,2026-06-07,2.0,1.1,9.0,49.0,1,2026-06-07T20:10:00+00:00,2026-08-26T21:38:29.032000+00:00,boxscore_stats starter,MLB_REGULAR_SEASON_INFERRED,E_BACKFILL_OR_LATE_RECORD_TIMESTAMP|B_START_VS_RELIEF_APPEARANCE|J_LAST_APPEARANCE_DEFINITION|K_LAST_START_DEFINITION|I_DIFFERENT_HISTORICAL_GAME_ID,"selected history record_timestamp >= target scheduled_start | stored matches most recent appearance game 823934, not most recent start 823941",True,True,False
824805,2026-08-04,home,700249,Cade Povich,1.0,5.0,4.0,824859,2026-04-12,5.0,6.2,24.0,97.0,1,2026-04-12T17:35:00+00:00,2026-08-27T00:08:57.830000+00:00,boxscore_stats starter,MLB_REGULAR_SEASON_INFERRED,E_BACKFILL_OR_LATE_RECORD_TIMESTAMP|G_DIFFERENT_TEMPORAL_ORDER|I_DIFFERENT_HISTORICAL_GAME_ID,selected history record_timestamp >= target scheduled_start | stored matches older local start at position 3: 831630,True,True,False
823600,2026-07-25,away,808967,Yoshinobu Yamamoto,7.0,6.0,1.0,823926,2026-07-11,6.0,6.0,27.0,103.0,1,2026-07-12T01:10:00+00:00,2026-07-17T14:02:18.642000+00:00,boxscore_stats starter,MLB_REGULAR_SEASON_INFERRED,G_DIFFERENT_TEMPORAL_ORDER|I_DIFFERENT_HISTORICAL_GAME_ID,stored matches older local start at position 10: 823236,True,True,False
824741,2026-06-29,away,571945,Miles Mikolas,2.0,3.0,1.0,822740,2026-05-06,3.0,5.1,19.0,74.0,1,2026-05-06T22:45:00+00:00,2026-08-26T20:43:01.298000+00:00,boxscore_stats starter,MLB_REGULAR_SEASON_INFERRED,E_BACKFILL_OR_LATE_RECORD_TIMESTAMP|J_LAST_APPEARANCE_DEFINITION|I_DIFFERENT_HISTORICAL_GAME_ID,selected history record_timestamp >= target scheduled_start | stored matches older local appearance at position 2: 822966,True,True,False
824402,2026-08-05,away,681035,Christian Scott,7.0,6.0,1.0,823761,2026-07-22,6.0,3.2,18.0,89.0,1,2026-07-22T18:10:00+00:00,2026-08-26T22:17:43.512000+00:00,boxscore_stats starter,MLB_REGULAR_SEASON_INFERRED,E_BACKFILL_OR_LATE_RECORD_TIMESTAMP|G_DIFFERENT_TEMPORAL_ORDER|I_DIFFERENT_HISTORICAL_GAME_ID,selected history record_timestamp >= target scheduled_start | stored matches older local start at position 2: 823440,True,True,False
824570,2026-07-27,away,608331,Max Fried,7.0,2.0,5.0,824841,2026-05-13,2.0,3.0,13.0,61.0,1,2026-05-13T17:05:00+00:00,2026-08-26T20:34:03.330000+00:00,boxscore_stats starter,MLB_REGULAR_SEASON_INFERRED,E_BACKFILL_OR_LATE_RECORD_TIMESTAMP|M_UNEXPLAINED,selected history record_timestamp >= target scheduled_start,True,True,False
823191,2026-08-07,home,664141,JT Brubaker,0.0,1.0,1.0,832862,2026-03-07,1.0,3.0,10.0,41.0,1,2026-03-07T20:10:00+00:00,2026-08-26T19:54:22.681000+00:00,boxscore_stats starter,MLB_SPRING_TRAINING_INFERRED,E_BACKFILL_OR_LATE_RECORD_TIMESTAMP|F_NON_MLB_GAME|B_START_VS_RELIEF_APPEARANCE|J_LAST_APPEARANCE_DEFINITION|K_LAST_START_DEFINITION|I_DIFFERENT_HISTORICAL_GAME_ID,"selected history record_timestamp >= target scheduled_start | selected historical competition=MLB_SPRING_TRAINING_INFERRED | stored matches most recent appearance game 822865, not most recent start 832862",True,True,False
823350,2026-07-28,home,696149,Bubba Chandler,5.0,6.0,1.0,823356,2026-07-11,6.0,4.2,21.0,97.0,1,2026-07-11T20:05:00+00:00,2026-07-17T14:01:19.746000+00:00,boxscore_stats starter,MLB_REGULAR_SEASON_INFERRED,G_DIFFERENT_TEMPORAL_ORDER|I_DIFFERENT_HISTORICAL_GAME_ID,stored matches older local start at position 6: 823376,True,True,False
823350,2026-07-28,away,694297,Brandon Pfaadt,1.0,3.0,2.0,825059,2026-07-18,3.0,5.1,23.0,87.0,1,2026-07-18T20:10:00+00:00,2026-08-26T22:04:39.893000+00:00,boxscore_stats starter,MLB_REGULAR_SEASON_INFERRED,E_BACKFILL_OR_LATE_RECORD_TIMESTAMP|G_DIFFERENT_TEMPORAL_ORDER|I_DIFFERENT_HISTORICAL_GAME_ID,selected history record_timestamp >= target scheduled_start | stored matches older local start at position 9: 831963,True,True,False
823026,2026-07-28,home,700241,Michael McGreevy,3.0,5.0,2.0,825060,2026-07-17,5.0,6.1,26.0,94.0,1,2026-07-18T01:40:00+00:00,2026-08-26T22:01:46.340000+00:00,boxscore_stats starter,MLB_REGULAR_SEASON_INFERRED,E_BACKFILL_OR_LATE_RECORD_TIMESTAMP|G_DIFFERENT_TEMPORAL_ORDER|I_DIFFERENT_HISTORICAL_GAME_ID,selected history record_timestamp >= target scheduled_start | stored matches older local start at position 9: 825008,True,True,False
823514,2026-08-08,away,519242,Chris Sale,9.0,11.0,2.0,824893,2026-07-23,11.0,6.0,25.0,98.0,1,2026-07-23T16:15:00+00:00,2026-08-26T22:20:00.853000+00:00,boxscore_stats starter,MLB_REGULAR_SEASON_INFERRED,E_BACKFILL_OR_LATE_RECORD_TIMESTAMP|M_UNEXPLAINED,selected history record_timestamp >= target scheduled_start,True,True,False
822700,2026-08-09,home,695418,Brad Lord,1.0,2.0,1.0,831475,2026-03-01,2.0,2.1,12.0,43.0,1,2026-03-01T18:05:00+00:00,2026-08-26T19:45:01.759000+00:00,boxscore_stats starter,MLB_SPRING_TRAINING_INFERRED,E_BACKFILL_OR_LATE_RECORD_TIMESTAMP|F_NON_MLB_GAME|J_LAST_APPEARANCE_DEFINITION|I_DIFFERENT_HISTORICAL_GAME_ID,selected history record_timestamp >= target scheduled_start | selected historical competition=MLB_SPRING_TRAINING_INFERRED | stored matches older local appearance at position 3: 824740,True,True,False
825050,2026-08-09,home,593958,Eduardo Rodriguez,4.0,2.0,2.0,823351,2026-07-29,2.0,8.0,28.0,105.0,1,2026-07-29T16:35:00+00:00,2026-08-26T22:35:28.102000+00:00,boxscore_stats starter,MLB_REGULAR_SEASON_INFERRED,E_BACKFILL_OR_LATE_RECORD_TIMESTAMP|B_START_VS_RELIEF_APPEARANCE|J_LAST_APPEARANCE_DEFINITION|K_LAST_START_DEFINITION|I_DIFFERENT_HISTORICAL_GAME_ID,"selected history record_timestamp >= target scheduled_start | stored matches most recent appearance game 825054, not most recent start 823351",True,True,False
823268,2026-08-09,home,681190,Randy Vásquez,1.0,0.0,1.0,823841,2026-07-25,0.0,2.2,10.0,37.0,1,2026-07-25T20:10:00+00:00,2026-08-26T22:26:10.760000+00:00,boxscore_stats starter,MLB_REGULAR_SEASON_INFERRED,E_BACKFILL_OR_LATE_RECORD_TIMESTAMP|B_START_VS_RELIEF_APPEARANCE|J_LAST_APPEARANCE_DEFINITION|K_LAST_START_DEFINITION|I_DIFFERENT_HISTORICAL_GAME_ID,"selected history record_timestamp >= target scheduled_start | stored matches most recent appearance game 825054, not most recent start 823841",True,True,False
824488,2026-07-30,away,670990,Yohan Ramírez,1.0,2.0,1.0,831451,2026-03-20,2.0,1.0,3.0,11.0,1,2026-03-20T22:05:00+00:00,2026-08-26T23:21:42.772000+00:00,boxscore_stats starter,MLB_SPRING_TRAINING_INFERRED,E_BACKFILL_OR_LATE_RECORD_TIMESTAMP|F_NON_MLB_GAME|B_START_VS_RELIEF_APPEARANCE|J_LAST_APPEARANCE_DEFINITION|K_LAST_START_DEFINITION|I_DIFFERENT_HISTORICAL_GAME_ID,"selected history record_timestamp >= target scheduled_start | selected historical competition=MLB_SPRING_TRAINING_INFERRED | stored matches most recent appearance game 823353, not most recent start 831451",True,True,False
822778,2026-08-11,home,656302,Dylan Cease,10.0,7.0,3.0,822782,2026-07-31,7.0,6.0,24.0,96.0,1,2026-07-31T23:07:00+00:00,2026-08-26T22:40:52.575000+00:00,boxscore_stats starter,MLB_REGULAR_SEASON_INFERRED,E_BACKFILL_OR_LATE_RECORD_TIMESTAMP|G_DIFFERENT_TEMPORAL_ORDER|I_DIFFERENT_HISTORICAL_GAME_ID,selected history record_timestamp >= target scheduled_start | stored matches older local start at position 7: 822794,True,True,False
822698,2026-08-12,away,656849,David Peterson,3.0,8.0,5.0,824649,2026-08-01,8.0,6.1,25.0,97.0,1,2026-08-01T23:15:00+00:00,2026-08-26T22:15:19.594000+00:00,boxscore_stats starter,MLB_REGULAR_SEASON_INFERRED,E_BACKFILL_OR_LATE_RECORD_TIMESTAMP|G_DIFFERENT_TEMPORAL_ORDER|I_DIFFERENT_HISTORICAL_GAME_ID,selected history record_timestamp >= target scheduled_start | stored matches older local start at position 2: 823025,True,True,False
823423,2026-08-18,away,806188,Cade Gibson,0.0,4.0,4.0,831459,2026-03-14,4.0,1.2,9.0,42.0,1,2026-03-14T16:05:00+00:00,2026-08-26T20:04:02.780000+00:00,boxscore_stats starter,MLB_SPRING_TRAINING_INFERRED,E_BACKFILL_OR_LATE_RECORD_TIMESTAMP|F_NON_MLB_GAME|B_START_VS_RELIEF_APPEARANCE|J_LAST_APPEARANCE_DEFINITION|K_LAST_START_DEFINITION|I_DIFFERENT_HISTORICAL_GAME_ID,"selected history record_timestamp >= target scheduled_start | selected historical competition=MLB_SPRING_TRAINING_INFERRED | stored matches most recent appearance game 823427, not most recent start 831459",True,True,False
824801,2026-08-19,home,605135,Chris Bassitt,3.0,1.0,2.0,824755,2026-06-03,1.0,3.0,16.0,56.0,1,2026-06-03T22:45:00+00:00,2026-08-26T21:27:16.325000+00:00,boxscore_stats starter,MLB_REGULAR_SEASON_INFERRED,E_BACKFILL_OR_LATE_RECORD_TIMESTAMP|G_DIFFERENT_TEMPORAL_ORDER|I_DIFFERENT_HISTORICAL_GAME_ID,selected history record_timestamp >= target scheduled_start | stored matches older local start at position 4: 824123,True,True,False
824800,2026-08-21,home,669432,Trevor Rogers,6.0,4.0,2.0,823675,2026-08-10,4.0,4.0,19.0,79.0,1,2026-08-10T23:40:00+00:00,2026-08-26T22:39:18.369000+00:00,boxscore_stats starter,MLB_REGULAR_SEASON_INFERRED,E_BACKFILL_OR_LATE_RECORD_TIMESTAMP|B_START_VS_RELIEF_APPEARANCE|J_LAST_APPEARANCE_DEFINITION|K_LAST_START_DEFINITION|I_DIFFERENT_HISTORICAL_GAME_ID,"selected history record_timestamp >= target scheduled_start | stored matches most recent appearance game 822940, not most recent start 823675",True,True,False
824800,2026-08-21,away,642547,Freddy Peralta,2.0,5.0,3.0,824969,2026-08-10,5.0,6.0,24.0,98.0,1,2026-08-11T01:40:00+00:00,2026-08-26T22:40:07.425000+00:00,boxscore_stats starter,MLB_REGULAR_SEASON_INFERRED,E_BACKFILL_OR_LATE_RECORD_TIMESTAMP|B_START_VS_RELIEF_APPEARANCE|J_LAST_APPEARANCE_DEFINITION|K_LAST_START_DEFINITION|I_DIFFERENT_HISTORICAL_GAME_ID,"selected history record_timestamp >= target scheduled_start | stored matches most recent appearance game 822940, not most recent start 824969",True,True,False
823422,2026-08-22,away,687273,Quinn Mathews,7.0,3.0,4.0,822781,2026-08-01,3.0,5.0,24.0,97.0,1,2026-08-01T19:07:00+00:00,2026-08-26T22:13:57.362000+00:00,boxscore_stats starter,MLB_REGULAR_SEASON_INFERRED,E_BACKFILL_OR_LATE_RECORD_TIMESTAMP|J_LAST_APPEARANCE_DEFINITION|I_DIFFERENT_HISTORICAL_GAME_ID,selected history record_timestamp >= target scheduled_start | stored matches older local appearance at position 3: 831478,True,True,False
822856,2026-08-23,away,579328,Yusei Kikuchi,1.0,5.0,4.0,824124,2026-04-24,5.0,5.0,22.0,90.0,1,2026-04-24T23:40:00+00:00,2026-08-27T00:32:45.283000+00:00,boxscore_stats starter,MLB_REGULAR_SEASON_INFERRED,E_BACKFILL_OR_LATE_RECORD_TIMESTAMP|M_UNEXPLAINED,selected history record_timestamp >= target scheduled_start,True,True,False
824557,2026-08-24,home,664353,José Urquidy,8.0,4.0,4.0,831511,2026-03-15,4.0,3.2,17.0,61.0,1,2026-03-15T17:05:00+00:00,2026-08-26T20:06:02.271000+00:00,boxscore_stats starter,MLB_SPRING_TRAINING_INFERRED,E_BACKFILL_OR_LATE_RECORD_TIMESTAMP|F_NON_MLB_GAME|B_START_VS_RELIEF_APPEARANCE|J_LAST_APPEARANCE_DEFINITION|K_LAST_START_DEFINITION|I_DIFFERENT_HISTORICAL_GAME_ID,"selected history record_timestamp >= target scheduled_start | selected historical competition=MLB_SPRING_TRAINING_INFERRED | stored matches most recent appearance game 824640, not most recent start 831511",True,True,False
824556,2026-08-25,home,641743,Anthony Kay,6.0,4.0,2.0,824239,2026-08-15,4.0,5.1,22.0,86.0,1,2026-08-15T17:10:00+00:00,2026-08-26T22:50:09.893000+00:00,boxscore_stats starter,MLB_REGULAR_SEASON_INFERRED,E_BACKFILL_OR_LATE_RECORD_TIMESTAMP|M_UNEXPLAINED,selected history record_timestamp >= target scheduled_start,True,True,False
824962,2026-08-25,home,695611,Gage Jump,3.0,1.0,2.0,824968,2026-08-14,1.0,5.1,23.0,101.0,1,2026-08-15T01:40:00+00:00,2026-08-26T22:48:57.305000+00:00,boxscore_stats starter,MLB_REGULAR_SEASON_INFERRED,E_BACKFILL_OR_LATE_RECORD_TIMESTAMP|B_START_VS_RELIEF_APPEARANCE|J_LAST_APPEARANCE_DEFINITION|K_LAST_START_DEFINITION|I_DIFFERENT_HISTORICAL_GAME_ID,"selected history record_timestamp >= target scheduled_start | stored matches most recent appearance game 824074, not most recent start 824968",True,True,False
824457,2026-04-07,home,668909,Gavin Williams,10.0,7.0,3.0,823162,2026-03-27,7.0,5.0,22.0,89.0,1,2026-03-28T01:45:00+00:00,2026-08-26T23:33:37.624000+00:00,boxscore_stats starter,MLB_REGULAR_SEASON_INFERRED,E_BACKFILL_OR_LATE_RECORD_TIMESTAMP|M_UNEXPLAINED,selected history record_timestamp >= target scheduled_start,True,True,False
824457,2026-04-07,away,702070,Noah Cameron,5.0,4.0,1.0,831846,2026-03-19,4.0,4.1,21.0,80.0,1,2026-03-20T01:05:00+00:00,2026-08-26T23:17:30.935000+00:00,boxscore_stats starter,MLB_SPRING_TRAINING_INFERRED,E_BACKFILL_OR_LATE_RECORD_TIMESTAMP|F_NON_MLB_GAME|M_UNEXPLAINED,selected history record_timestamp >= target scheduled_start | selected historical competition=MLB_SPRING_TRAINING_INFERRED,True,True,False
823402,2026-04-07,away,601713,Nick Pivetta,8.0,4.0,4.0,823325,2026-03-26,4.0,3.0,19.0,69.0,1,2026-03-26T20:10:00+00:00,2026-07-10T19:48:03.779000+00:00,boxscore_stats starter,MLB_REGULAR_SEASON_INFERRED,E_BACKFILL_OR_LATE_RECORD_TIMESTAMP|M_UNEXPLAINED,selected history record_timestamp >= target scheduled_start,True,True,False
822999,2026-04-07,home,669438,Mason Englert,1.0,2.0,1.0,831577,2026-03-02,2.0,2.0,11.0,45.0,1,2026-03-02T18:05:00+00:00,2026-08-26T19:46:19.685000+00:00,boxscore_stats starter,MLB_SPRING_TRAINING_INFERRED,E_BACKFILL_OR_LATE_RECORD_TIMESTAMP|F_NON_MLB_GAME|B_START_VS_RELIEF_APPEARANCE|J_LAST_APPEARANCE_DEFINITION|K_LAST_START_DEFINITION|I_DIFFERENT_HISTORICAL_GAME_ID,"selected history record_timestamp >= target scheduled_start | selected historical competition=MLB_SPRING_TRAINING_INFERRED | stored matches most recent appearance game 823730, not most recent start 831577",True,True,False
824780,2026-04-07,home,676979,Garrett Crochet,7.0,8.0,1.0,824541,2026-03-26,8.0,6.0,24.0,80.0,1,2026-03-26T20:10:00+00:00,2026-07-10T19:47:43.708000+00:00,boxscore_stats starter,MLB_REGULAR_SEASON_INFERRED,E_BACKFILL_OR_LATE_RECORD_TIMESTAMP|M_UNEXPLAINED,selected history record_timestamp >= target scheduled_start,True,True,False
824780,2026-04-07,away,694819,Jacob Misiorowski,7.0,11.0,4.0,823812,2026-03-26,11.0,5.0,20.0,94.0,1,2026-03-26T18:10:00+00:00,2026-07-10T19:47:18.625000+00:00,boxscore_stats starter,MLB_REGULAR_SEASON_INFERRED,E_BACKFILL_OR_LATE_RECORD_TIMESTAMP|M_UNEXPLAINED,selected history record_timestamp >= target scheduled_start,True,True,False
823567,2026-04-07,home,693645,Cam Schlittler,7.0,8.0,1.0,823243,2026-03-27,8.0,5.1,17.0,68.0,1,2026-03-27T20:35:00+00:00,2026-08-26T23:32:57.066000+00:00,boxscore_stats starter,MLB_REGULAR_SEASON_INFERRED,E_BACKFILL_OR_LATE_RECORD_TIMESTAMP|M_UNEXPLAINED,selected history record_timestamp >= target scheduled_start,True,True,False
822831,2026-04-07,away,808967,Yoshinobu Yamamoto,2.0,6.0,4.0,823974,2026-03-26,6.0,6.0,21.0,95.0,1,2026-03-27T00:30:00+00:00,2026-07-10T19:48:31.055000+00:00,boxscore_stats starter,MLB_REGULAR_SEASON_INFERRED,E_BACKFILL_OR_LATE_RECORD_TIMESTAMP|M_UNEXPLAINED,selected history record_timestamp >= target scheduled_start,True,True,False
823727,2026-04-07,away,669373,Tarik Skubal,3.0,6.0,3.0,823325,2026-03-26,6.0,6.0,22.0,74.0,1,2026-03-26T20:10:00+00:00,2026-07-10T19:48:03.779000+00:00,boxscore_stats starter,MLB_REGULAR_SEASON_INFERRED,E_BACKFILL_OR_LATE_RECORD_TIMESTAMP|M_UNEXPLAINED,selected history record_timestamp >= target scheduled_start,True,True,False
824051,2026-04-07,home,579328,Yusei Kikuchi,5.0,3.0,2.0,824216,2026-03-27,3.0,4.1,22.0,86.0,1,2026-03-28T00:15:00+00:00,2026-08-26T23:33:17.774000+00:00,boxscore_stats starter,MLB_REGULAR_SEASON_INFERRED,E_BACKFILL_OR_LATE_RECORD_TIMESTAMP|M_UNEXPLAINED,selected history record_timestamp >= target scheduled_start,True,True,False
822833,2026-04-08,home,656302,Dylan Cease,6.0,12.0,6.0,822838,2026-03-28,12.0,5.1,22.0,90.0,1,2026-03-28T19:07:00+00:00,2026-08-26T23:35:15.136000+00:00,boxscore_stats starter,MLB_REGULAR_SEASON_INFERRED,E_BACKFILL_OR_LATE_RECORD_TIMESTAMP|G_DIFFERENT_TEMPORAL_ORDER|I_DIFFERENT_HISTORICAL_GAME_ID,selected history record_timestamp >= target scheduled_start | stored matches older local start at position 2: 831592,True,True,False
824130,2026-04-09,home,607625,Seth Lugo,7.0,3.0,4.0,824944,2026-03-29,3.0,6.1,24.0,77.0,1,2026-03-29T17:35:00+00:00,2026-08-26T23:39:24.971000+00:00,boxscore_stats starter,MLB_REGULAR_SEASON_INFERRED,E_BACKFILL_OR_LATE_RECORD_TIMESTAMP|M_UNEXPLAINED,selected history record_timestamp >= target scheduled_start,True,True,False
823319,2026-04-09,away,623474,Jimmy Herget,1.0,0.0,1.0,831808,2026-03-02,0.0,2.0,9.0,36.0,1,2026-03-02T20:10:00+00:00,2026-08-26T19:46:51.677000+00:00,boxscore_stats starter,MLB_SPRING_TRAINING_INFERRED,E_BACKFILL_OR_LATE_RECORD_TIMESTAMP|F_NON_MLB_GAME|J_LAST_APPEARANCE_DEFINITION|I_DIFFERENT_HISTORICAL_GAME_ID,selected history record_timestamp >= target scheduled_start | selected historical competition=MLB_SPRING_TRAINING_INFERRED | stored matches older local appearance at position 4: 823893,True,True,False
824695,2026-04-10,home,684007,Shota Imanaga,4.0,7.0,3.0,824700,2026-03-29,7.0,5.0,22.0,82.0,1,2026-03-29T18:20:00+00:00,2026-08-26T23:41:11.371000+00:00,boxscore_stats starter,MLB_REGULAR_SEASON_INFERRED,E_BACKFILL_OR_LATE_RECORD_TIMESTAMP|M_UNEXPLAINED,selected history record_timestamp >= target scheduled_start,True,True,False
823643,2026-04-10,away,669372,J.T. Ginn,1.0,5.0,4.0,831936,2026-03-12,5.0,4.2,20.0,76.0,1,2026-03-12T20:05:00+00:00,2026-08-26T20:01:20.575000+00:00,boxscore_stats starter,MLB_SPRING_TRAINING_INFERRED,E_BACKFILL_OR_LATE_RECORD_TIMESTAMP|F_NON_MLB_GAME|B_START_VS_RELIEF_APPEARANCE|J_LAST_APPEARANCE_DEFINITION|K_LAST_START_DEFINITION|I_DIFFERENT_HISTORICAL_GAME_ID,"selected history record_timestamp >= target scheduled_start | selected historical competition=MLB_SPRING_TRAINING_INFERRED | stored matches most recent appearance game 825025, not most recent start 831936",True,True,False
823808,2026-04-10,home,676879,Aaron Ashby,2.0,1.0,1.0,832078,2026-03-23,1.0,0.2,4.0,26.0,1,2026-03-23T23:40:00+00:00,2026-08-26T23:29:13.371000+00:00,boxscore_stats starter,MLB_SPRING_TRAINING_INFERRED,E_BACKFILL_OR_LATE_RECORD_TIMESTAMP|F_NON_MLB_GAME|B_START_VS_RELIEF_APPEARANCE|J_LAST_APPEARANCE_DEFINITION|K_LAST_START_DEFINITION|I_DIFFERENT_HISTORICAL_GAME_ID,"selected history record_timestamp >= target scheduled_start | selected historical competition=MLB_SPRING_TRAINING_INFERRED | stored matches most recent appearance game 824779, not most recent start 832078",True,True,False
824939,2026-04-11,away,800048,Parker Messick,6.0,5.0,1.0,823972,2026-03-30,5.0,6.0,20.0,76.0,1,2026-03-31T02:10:00+00:00,2026-08-26T23:45:23.580000+00:00,boxscore_stats starter,MLB_REGULAR_SEASON_INFERRED,E_BACKFILL_OR_LATE_RECORD_TIMESTAMP|G_DIFFERENT_TEMPORAL_ORDER|I_DIFFERENT_HISTORICAL_GAME_ID,selected history record_timestamp >= target scheduled_start | stored matches older local start at position 2: 831887,True,True,False
823316,2026-04-11,away,663372,Ryan Feltner,1.0,4.0,3.0,822836,2026-03-31,4.0,3.0,11.0,47.0,1,2026-03-31T23:07:00+00:00,2026-08-26T23:47:13.992000+00:00,boxscore_stats starter,MLB_REGULAR_SEASON_INFERRED,E_BACKFILL_OR_LATE_RECORD_TIMESTAMP|M_UNEXPLAINED,selected history record_timestamp >= target scheduled_start,True,True,False
824859,2026-04-12,home,700249,Cade Povich,2.0,4.0,2.0,831565,2026-03-13,4.0,2.2,14.0,66.0,1,2026-03-13T17:05:00+00:00,2026-08-26T20:02:29.904000+00:00,boxscore_stats starter,MLB_SPRING_TRAINING_INFERRED,E_BACKFILL_OR_LATE_RECORD_TIMESTAMP|F_NON_MLB_GAME|B_START_VS_RELIEF_APPEARANCE|J_LAST_APPEARANCE_DEFINITION|K_LAST_START_DEFINITION|I_DIFFERENT_HISTORICAL_GAME_ID,"selected history record_timestamp >= target scheduled_start | selected historical competition=MLB_SPRING_TRAINING_INFERRED | stored matches most recent appearance game 823405, not most recent start 831565",True,True,False
824859,2026-04-12,away,605288,Adrian Houser,3.0,5.0,2.0,831835,2026-03-20,5.0,6.0,23.0,78.0,1,2026-03-21T00:05:00+00:00,2026-08-26T23:22:23.846000+00:00,boxscore_stats starter,MLB_SPRING_TRAINING_INFERRED,E_BACKFILL_OR_LATE_RECORD_TIMESTAMP|F_NON_MLB_GAME|G_DIFFERENT_TEMPORAL_ORDER|I_DIFFERENT_HISTORICAL_GAME_ID,selected history record_timestamp >= target scheduled_start | selected historical competition=MLB_SPRING_TRAINING_INFERRED | stored matches older local start at position 3: 831720,True,True,False
824533,2026-04-12,away,667755,José Soriano,10.0,4.0,6.0,824699,2026-03-31,4.0,6.0,21.0,90.0,1,2026-03-31T23:40:00+00:00,2026-08-26T23:47:34.694000+00:00,boxscore_stats starter,MLB_REGULAR_SEASON_INFERRED,E_BACKFILL_OR_LATE_RECORD_TIMESTAMP|M_UNEXPLAINED,selected history record_timestamp >= target scheduled_start,True,True,False
822998,2026-04-12,home,656876,Drew Rasmussen,8.0,2.0,6.0,823081,2026-03-26,2.0,5.0,20.0,73.0,1,2026-03-26T20:15:00+00:00,2026-07-10T19:48:12.512000+00:00,boxscore_stats starter,MLB_REGULAR_SEASON_INFERRED,E_BACKFILL_OR_LATE_RECORD_TIMESTAMP|M_UNEXPLAINED,selected history record_timestamp >= target scheduled_start,True,True,False
824208,2026-04-16,home,680802,Ryan Weiss,4.0,1.0,3.0,831508,2026-03-14,1.0,4.1,15.0,53.0,1,2026-03-14T22:05:00+00:00,2026-08-26T20:05:10.633000+00:00,boxscore_stats starter,MLB_SPRING_TRAINING_INFERRED,E_BACKFILL_OR_LATE_RECORD_TIMESTAMP|F_NON_MLB_GAME|B_START_VS_RELIEF_APPEARANCE|J_LAST_APPEARANCE_DEFINITION|K_LAST_START_DEFINITION|I_DIFFERENT_HISTORICAL_GAME_ID,"selected history record_timestamp >= target scheduled_start | selected historical competition=MLB_SPRING_TRAINING_INFERRED | stored matches most recent appearance game 823156, not most recent start 831508",True,True,False
823558,2026-04-18,away,702070,Noah Cameron,4.0,5.0,1.0,824457,2026-04-07,5.0,5.2,24.0,97.0,1,2026-04-07T17:10:00+00:00,2026-08-26T23:50:02.123000+00:00,boxscore_stats starter,MLB_REGULAR_SEASON_INFERRED,E_BACKFILL_OR_LATE_RECORD_TIMESTAMP|B_START_VS_RELIEF_APPEARANCE|J_LAST_APPEARANCE_DEFINITION|K_LAST_START_DEFINITION|I_DIFFERENT_HISTORICAL_GAME_ID,"selected history record_timestamp >= target scheduled_start | stored matches most recent appearance game 824126, not most recent start 824457",True,True,False
824047,2026-04-19,home,700712,Walbert Ureña,1.0,4.0,3.0,831747,2026-03-14,4.0,3.0,12.0,46.0,1,2026-03-14T20:10:00+00:00,2026-08-26T20:05:00.398000+00:00,boxscore_stats starter,MLB_SPRING_TRAINING_INFERRED,E_BACKFILL_OR_LATE_RECORD_TIMESTAMP|F_NON_MLB_GAME|B_START_VS_RELIEF_APPEARANCE|J_LAST_APPEARANCE_DEFINITION|K_LAST_START_DEFINITION|I_DIFFERENT_HISTORICAL_GAME_ID,"selected history record_timestamp >= target scheduled_start | selected historical competition=MLB_SPRING_TRAINING_INFERRED | stored matches most recent appearance game 824213, not most recent start 831747",True,True,False
823475,2026-04-19,home,691725,Andrew Painter,1.0,8.0,7.0,823485,2026-03-31,8.0,5.1,21.0,84.0,1,2026-03-31T22:40:00+00:00,2026-08-26T23:46:50.435000+00:00,boxscore_stats starter,MLB_REGULAR_SEASON_INFERRED,E_BACKFILL_OR_LATE_RECORD_TIMESTAMP|G_DIFFERENT_TEMPORAL_ORDER|I_DIFFERENT_HISTORICAL_GAME_ID,selected history record_timestamp >= target scheduled_start | stored matches older local start at position 5: 831578,True,True,False
824044,2026-04-22,home,667755,José Soriano,8.0,10.0,2.0,824533,2026-04-12,10.0,7.0,26.0,106.0,1,2026-04-12T17:40:00+00:00,2026-08-27T00:09:28.496000+00:00,boxscore_stats starter,MLB_REGULAR_SEASON_INFERRED,E_BACKFILL_OR_LATE_RECORD_TIMESTAMP|B_START_VS_RELIEF_APPEARANCE|J_LAST_APPEARANCE_DEFINITION|K_LAST_START_DEFINITION|I_DIFFERENT_HISTORICAL_GAME_ID,"selected history record_timestamp >= target scheduled_start | stored matches most recent appearance game 824048, not most recent start 824533",True,True,False
824286,2026-04-22,away,669084,DL Hall,1.0,2.0,1.0,831791,2026-03-12,2.0,2.0,8.0,34.0,1,2026-03-13T01:05:00+00:00,2026-08-26T20:02:02.100000+00:00,boxscore_stats starter,MLB_SPRING_TRAINING_INFERRED,E_BACKFILL_OR_LATE_RECORD_TIMESTAMP|F_NON_MLB_GAME|B_START_VS_RELIEF_APPEARANCE|J_LAST_APPEARANCE_DEFINITION|K_LAST_START_DEFINITION|I_DIFFERENT_HISTORICAL_GAME_ID,"selected history record_timestamp >= target scheduled_start | selected historical competition=MLB_SPRING_TRAINING_INFERRED | stored matches most recent appearance game 823881, not most recent start 831791",True,True,False
822748,2026-04-22,away,800311,Didier Fuentes,4.0,1.0,3.0,831447,2026-03-23,1.0,4.2,16.0,65.0,1,2026-03-23T17:05:00+00:00,2026-08-26T23:28:43.813000+00:00,boxscore_stats starter,MLB_SPRING_TRAINING_INFERRED,E_BACKFILL_OR_LATE_RECORD_TIMESTAMP|F_NON_MLB_GAME|B_START_VS_RELIEF_APPEARANCE|J_LAST_APPEARANCE_DEFINITION|K_LAST_START_DEFINITION|I_DIFFERENT_HISTORICAL_GAME_ID,"selected history record_timestamp >= target scheduled_start | selected historical competition=MLB_SPRING_TRAINING_INFERRED | stored matches most recent appearance game 824944, not most recent start 831447",True,True,False
824688,2026-04-22,home,571510,Matthew Boyd,10.0,7.0,3.0,824704,2026-03-26,7.0,3.2,17.0,63.0,1,2026-03-26T18:20:00+00:00,2026-07-10T19:47:27.465000+00:00,boxscore_stats starter,MLB_REGULAR_SEASON_INFERRED,E_BACKFILL_OR_LATE_RECORD_TIMESTAMP|M_UNEXPLAINED,selected history record_timestamp >= target scheduled_start,True,True,False
823229,2026-04-25,away,691587,Eury Pérez,7.0,2.0,5.0,824937,2026-04-13,2.0,4.0,20.0,76.0,1,2026-04-13T23:15:00+00:00,2026-08-26T20:24:23.955000+00:00,boxscore_stats starter,MLB_REGULAR_SEASON_INFERRED,E_BACKFILL_OR_LATE_RECORD_TIMESTAMP|B_START_VS_RELIEF_APPEARANCE|J_LAST_APPEARANCE_DEFINITION|K_LAST_START_DEFINITION|I_DIFFERENT_HISTORICAL_GAME_ID,"selected history record_timestamp >= target scheduled_start | stored matches most recent appearance game 823881, not most recent start 824937",True,True,False
823799,2026-04-25,home,694819,Jacob Misiorowski,9.0,5.0,4.0,823802,2026-04-14,5.0,5.1,21.0,76.0,1,2026-04-14T23:40:00+00:00,2026-07-10T20:41:28.808000+00:00,boxscore_stats starter,MLB_REGULAR_SEASON_INFERRED,E_BACKFILL_OR_LATE_RECORD_TIMESTAMP|B_START_VS_RELIEF_APPEARANCE|J_LAST_APPEARANCE_DEFINITION|K_LAST_START_DEFINITION|I_DIFFERENT_HISTORICAL_GAME_ID,"selected history record_timestamp >= target scheduled_start | stored matches most recent appearance game 823881, not most recent start 823802",True,True,False
823960,2026-04-25,away,607067,Colin Rea,5.0,2.0,3.0,823000,2026-04-08,2.0,5.0,20.0,79.0,1,2026-04-08T22:40:00+00:00,2026-08-26T23:57:02.427000+00:00,boxscore_stats starter,MLB_REGULAR_SEASON_INFERRED,E_BACKFILL_OR_LATE_RECORD_TIMESTAMP|B_START_VS_RELIEF_APPEARANCE|J_LAST_APPEARANCE_DEFINITION|K_LAST_START_DEFINITION|I_DIFFERENT_HISTORICAL_GAME_ID,"selected history record_timestamp >= target scheduled_start | stored matches most recent appearance game 823478, not most recent start 823000",True,True,False
