game_id,game_date,side,pitcher_id,pitcher_name,stored_k1,stored_k2,stored_k3,starts_history_count,appearances_history_count,strict_starts_count,strict_appearances_count,target_game_excluded,future_games_excluded,target_stats_used,starts_k1,starts_game_id1,appearances_k1,appearances_game_id1,starts_k2,starts_game_id2,appearances_k2,appearances_game_id2,starts_k3,starts_game_id3,appearances_k3,appearances_game_id3
823180,2026-08-26,home,657277,Logan Webb,2.0,7.0,2.0,22,22,0,0,True,True,False,2.0,824721,2.0,824721,7.0,823184,7.0,823184,2.0,823190,2.0,823190
823180,2026-08-26,away,666157,Nick Lodolo,2.0,2.0,5.0,16,17,1,1,True,True,False,2.0,824477,2.0,824477,5.0,824563,5.0,824563,4.0,824492,4.0,824492
823988,2026-08-26,home,680570,Grayson Rodriguez,6.0,5.0,8.0,16,16,3,3,True,True,False,6.0,824153,6.0,824153,5.0,823993,5.0,823993,8.0,823835,8.0,823835
823988,2026-08-26,away,676282,Joey Cantillo,5.0,7.0,3.0,27,30,7,9,True,True,False,5.0,824317,5.0,824317,7.0,824400,7.0,824400,3.0,824564,3.0,824564
823255,2026-08-26,home,681190,Randy Vásquez,3.0,1.0,1.0,20,27,3,4,True,True,False,3.0,823262,3.0,823262,1.0,823268,5.0,824400,0.0,823841,1.0,823268
823255,2026-08-26,away,696149,Bubba Chandler,6.0,5.0,5.0,21,23,4,5,True,True,False,6.0,823911,6.0,823911,5.0,823346,5.0,823346,5.0,823348,5.0,823348
823096,2026-08-26,home,693433,Bryan Woo,5.0,5.0,5.0,22,24,4,6,True,True,False,5.0,824156,5.0,824156,5.0,823512,5.0,823512,5.0,823106,5.0,823106
823096,2026-08-26,away,666200,Jesús Luzardo,9.0,9.0,12.0,29,30,2,2,True,True,False,9.0,823420,9.0,823420,9.0,823671,9.0,823671,12.0,823425,12.0,823425
824940,2026-04-01,home,519242,Chris Sale,6.0,,,4,4,0,0,True,True,False,6.0,824946,6.0,824946,4.0,831502,4.0,831502,3.0,831557,3.0,831557
824940,2026-04-01,away,622663,Luis Severino,3.0,,,3,3,0,0,True,True,False,3.0,822839,3.0,822839,7.0,831931,7.0,831931,2.0,836149,2.0,836149
824860,2026-04-01,home,669432,Trevor Rogers,5.0,,,4,4,0,0,True,True,False,5.0,824865,5.0,824865,7.0,831501,7.0,831501,3.0,831562,3.0,831562
824860,2026-04-01,away,543135,Nathan Eovaldi,7.0,,,4,4,0,0,True,True,False,7.0,823486,7.0,823486,0.0,831749,0.0,831749,5.0,831770,5.0,831770
824536,2026-04-01,home,671096,Andrew Abbott,4.0,,,6,6,0,0,True,True,False,4.0,824541,4.0,824541,5.0,831916,5.0,831916,3.0,831903,3.0,831903
824536,2026-04-01,away,694973,Paul Skenes,1.0,,,3,3,0,0,True,True,False,1.0,823649,1.0,823649,5.0,831553,5.0,831553,4.0,831720,4.0,831720
823483,2026-04-01,home,650911,Cristopher Sánchez,10.0,,,2,2,0,0,True,True,False,10.0,823486,10.0,823486,4.0,831550,4.0,831550,,,,
823483,2026-04-01,away,676917,Cade Cavalli,5.0,,,4,4,0,0,True,True,False,5.0,824704,5.0,824704,1.0,831448,1.0,831448,2.0,831465,2.0,831465
822835,2026-04-01,home,592332,Kevin Gausman,11.0,,,4,4,0,0,True,True,False,11.0,822839,11.0,822839,2.0,831553,2.0,831553,3.0,831627,3.0,831627
822835,2026-04-01,away,607536,Kyle Freeland,2.0,,,5,5,0,0,True,True,False,2.0,823893,2.0,823893,2.0,831868,2.0,831868,4.0,831928,4.0,831928
823889,2026-04-01,home,645261,Sandy Alcantara,5.0,,,4,4,0,0,True,True,False,5.0,823893,5.0,823893,6.0,831446,6.0,831446,5.0,831463,5.0,831463
823889,2026-04-01,away,681343,Shane Smith,2.0,,,3,3,0,0,True,True,False,2.0,823812,2.0,823812,5.0,831910,5.0,831910,2.0,831918,2.0,831918
824133,2026-04-02,home,666142,Cole Ragans,5.0,,,5,5,0,0,True,True,False,5.0,824946,5.0,824946,8.0,831868,8.0,831868,5.0,831913,5.0,831913
824133,2026-04-02,away,671737,Taj Bradley,9.0,,,4,4,0,0,True,True,False,9.0,824862,9.0,824862,4.0,831492,4.0,831492,7.0,831619,7.0,831619
825105,2026-04-02,home,669194,Ryne Nelson,4.0,,,5,5,0,0,True,True,False,4.0,823971,4.0,823971,7.0,831734,7.0,831734,6.0,831903,6.0,831903
825105,2026-04-02,away,625643,Reynaldo López,3.0,,,5,5,0,0,True,True,False,3.0,824945,3.0,824945,1.0,831492,1.0,831492,6.0,831504,6.0,831504
823242,2026-04-02,home,592662,Robbie Ray,4.0,,,5,5,0,0,True,True,False,4.0,823243,4.0,823243,6.0,831873,6.0,831873,8.0,831787,8.0,831787
823242,2026-04-02,away,656849,David Peterson,3.0,,,5,5,0,0,True,True,False,3.0,823651,3.0,823651,4.0,831446,4.0,831446,2.0,831457,2.0,831457
822758,2026-04-03,home,571945,Miles Mikolas,4.0,,,3,3,0,0,True,True,False,4.0,824701,4.0,824701,1.0,831461,1.0,831461,3.0,831479,3.0,831479
822758,2026-04-03,away,686218,Emmet Sheehan,6.0,,,4,5,0,0,True,True,False,6.0,823971,6.0,823971,5.0,831937,5.0,831937,4.0,831814,4.0,831814
824299,2026-04-03,home,664285,Framber Valdez,5.0,,,5,5,0,0,True,True,False,5.0,823324,5.0,823324,4.0,831601,4.0,831601,3.0,831611,3.0,831611
824299,2026-04-03,away,700241,Michael McGreevy,5.0,,,4,4,0,0,True,True,False,5.0,823082,5.0,823082,5.0,831496,5.0,831496,3.0,831472,3.0,831472
823568,2026-04-03,home,701542,Will Warren,3.0,,,6,6,0,0,True,True,False,3.0,823241,3.0,823241,6.0,831493,6.0,831493,4.0,831609,4.0,831609
823568,2026-04-03,away,691587,Eury Pérez,8.0,,,4,4,0,0,True,True,False,8.0,823892,8.0,823892,5.0,831505,5.0,831505,5.0,831509,5.0,831509
824786,2026-04-03,home,543243,Sonny Gray,5.0,,,4,4,0,0,True,True,False,5.0,824540,5.0,824540,9.0,831552,9.0,831552,3.0,831504,3.0,831504
824786,2026-04-03,away,650633,Michael King,6.0,,,5,5,0,0,True,True,False,6.0,823324,6.0,823324,3.0,831907,3.0,831907,5.0,831778,5.0,831778
822919,2026-04-03,home,669022,MacKenzie Gore,7.0,,,4,4,0,0,True,True,False,7.0,823487,7.0,823487,3.0,831838,3.0,831838,3.0,831905,3.0,831905
822919,2026-04-03,away,663903,Brady Singer,5.0,,,6,6,0,0,True,True,False,5.0,824540,5.0,824540,3.0,832078,3.0,832078,3.0,831866,3.0,831866
824458,2026-04-03,home,676282,Joey Cantillo,5.0,,,4,5,0,0,True,True,False,5.0,823161,5.0,823161,6.0,831879,6.0,831885,4.0,831882,6.0,831879
824458,2026-04-03,away,690990,Cade Horton,4.0,,,5,5,0,0,True,True,False,4.0,824701,4.0,824701,3.0,831789,3.0,831789,10.0,831924,10.0,831924
823732,2026-04-03,home,641927,Bailey Ober,1.0,,,5,5,0,0,True,True,False,1.0,824864,1.0,824864,3.0,832036,3.0,832036,0.0,831554,0.0,831554
823732,2026-04-03,away,671212,Joe Boyle,4.0,,,2,4,0,0,True,True,False,4.0,823082,4.0,823082,6.0,831624,6.0,831609,,,6.0,831624
824377,2026-04-03,home,547179,Michael Lorenzen,4.0,,,3,3,0,0,True,True,False,4.0,823892,4.0,823892,3.0,831945,3.0,831945,2.0,831792,2.0,831792
824377,2026-04-03,away,605400,Aaron Nola,7.0,,,3,3,0,0,True,True,False,7.0,823488,7.0,823488,4.0,831493,4.0,831493,4.0,831427,4.0,831427
823406,2026-04-03,home,656605,Mitch Keller,3.0,,,4,4,0,0,True,True,False,3.0,823651,3.0,823651,5.0,831552,5.0,831552,6.0,831560,6.0,831560
823406,2026-04-03,away,680694,Kyle Bradish,4.0,,,3,3,0,0,True,True,False,4.0,824862,4.0,824862,3.0,831503,3.0,831503,2.0,831507,2.0,831507
824056,2026-04-03,home,672282,Reid Detmers,9.0,,,4,4,0,0,True,True,False,9.0,824213,9.0,824213,3.0,831821,3.0,831821,5.0,831826,5.0,831826
824056,2026-04-03,away,693433,Bryan Woo,9.0,,,4,4,0,0,True,True,False,9.0,823161,9.0,823161,4.0,831746,4.0,831746,4.0,831748,4.0,831748
825026,2026-04-03,home,605488,Jeffrey Springs,2.0,,,5,5,0,0,True,True,False,2.0,822838,2.0,822838,4.0,831945,4.0,831945,4.0,831834,4.0,831834
825026,2026-04-03,away,664299,Cristian Javier,1.0,,,5,5,0,0,True,True,False,1.0,824213,1.0,824213,2.0,831496,2.0,831496,5.0,831509,5.0,831509
825103,2026-04-03,home,593958,Eduardo Rodriguez,5.0,,,2,2,0,0,True,True,False,5.0,823973,5.0,823973,2.0,831428,2.0,831428,,,,
825103,2026-04-03,away,656550,Grant Holmes,4.0,,,5,5,0,0,True,True,False,4.0,824944,4.0,824944,4.0,831545,4.0,831545,9.0,831466,9.0,831466
823240,2026-04-03,home,641816,Tyler Mahle,5.0,,,5,5,0,0,True,True,False,5.0,823241,5.0,823241,4.0,831752,4.0,831752,6.0,831751,6.0,831751
823240,2026-04-03,away,690997,Nolan McLean,8.0,,,1,1,0,0,True,True,False,8.0,823647,8.0,823647,,,,,,,,
823072,2026-04-14,home,700241,Michael McGreevy,1.0,4.0,5.0,6,6,0,0,True,True,False,1.0,822753,1.0,822753,4.0,824299,4.0,824299,5.0,823082,5.0,823082
823072,2026-04-14,away,676282,Joey Cantillo,9.0,6.0,5.0,6,7,0,0,True,True,False,9.0,824455,9.0,824455,6.0,824458,6.0,824458,5.0,823161,5.0,823161
823315,2026-04-14,home,650633,Michael King,4.0,5.0,6.0,7,7,0,0,True,True,False,4.0,823403,4.0,823403,5.0,824786,5.0,824786,6.0,823324,6.0,823324
823315,2026-04-14,away,693433,Bryan Woo,2.0,6.0,9.0,6,6,0,0,True,True,False,2.0,822915,2.0,822915,6.0,824056,6.0,824056,9.0,823161,9.0,823161
823398,2026-04-14,home,656605,Mitch Keller,4.0,4.0,3.0,6,6,0,0,True,True,False,4.0,823403,4.0,823403,4.0,823406,4.0,823406,3.0,823651,3.0,823651
823398,2026-04-14,away,676571,PJ Poulin,1.0,,,2,15,0,0,True,True,False,1.0,823485,0.0,823804,1.0,831546,0.0,823808,,,0.0,822753
823478,2026-04-14,home,605400,Aaron Nola,3.0,9.0,7.0,5,5,0,0,True,True,False,3.0,823234,3.0,823234,9.0,824377,9.0,824377,7.0,823488,7.0,823488
823478,2026-04-14,away,702303,Riley Martin,2.0,1.0,0.0,1,5,0,0,True,True,False,2.0,831933,2.0,824696,,,1.0,824695,,,0.0,823002
823562,2026-04-14,home,677960,Ryan Weathers,7.0,4.0,7.0,6,7,0,0,True,True,False,7.0,823565,7.0,823565,4.0,823569,4.0,823569,7.0,823159,7.0,823159
823562,2026-04-14,away,672282,Reid Detmers,4.0,4.0,9.0,6,6,0,0,True,True,False,4.0,824050,4.0,824050,4.0,824056,4.0,824056,9.0,824213,9.0,824213
823723,2026-04-14,home,690953,Mick Abel,6.0,3.0,,6,8,0,0,True,True,False,6.0,823724,6.0,823724,3.0,823730,3.0,823730,6.0,831606,4.0,824864
823723,2026-04-14,away,543243,Sonny Gray,2.0,3.0,5.0,6,6,0,0,True,True,False,2.0,824779,2.0,824779,3.0,824786,3.0,824786,5.0,824540,5.0,824540
823802,2026-04-14,home,694819,Jacob Misiorowski,10.0,7.0,11.0,5,6,0,0,True,True,False,10.0,824780,10.0,824780,11.0,823812,11.0,823812,3.0,831796,3.0,831796
823802,2026-04-14,away,592332,Kevin Gausman,5.0,10.0,11.0,6,6,0,0,True,True,False,5.0,822831,5.0,822831,10.0,822835,10.0,822835,11.0,822839,11.0,822839
823965,2026-04-14,home,808967,Yoshinobu Yamamoto,6.0,2.0,6.0,3,3,0,0,True,True,False,6.0,822831,6.0,822831,6.0,823974,6.0,823974,7.0,831766,7.0,831766
823965,2026-04-14,away,690997,Nolan McLean,8.0,4.0,8.0,3,3,0,0,True,True,False,8.0,823645,8.0,823645,4.0,823240,4.0,823240,8.0,823647,8.0,823647
824210,2026-04-14,home,676467,Colton Gordon,,,,2,2,0,0,True,True,False,3.0,831443,3.0,831443,1.0,831642,1.0,831642,,,,
824210,2026-04-14,away,547179,Michael Lorenzen,4.0,2.0,4.0,5,6,0,0,True,True,False,4.0,824374,0.0,823316,2.0,824377,4.0,824374,4.0,823892,2.0,824377
824292,2026-04-14,home,664285,Framber Valdez,2.0,5.0,5.0,7,7,0,0,True,True,False,2.0,823726,2.0,823726,5.0,824299,5.0,824299,5.0,823324,5.0,823324
824292,2026-04-14,away,666142,Cole Ragans,2.0,8.0,5.0,7,7,0,0,True,True,False,2.0,824455,2.0,824455,8.0,824133,8.0,824133,5.0,824946,5.0,824946
824531,2026-04-14,home,663903,Brady Singer,3.0,5.0,5.0,8,8,0,0,True,True,False,3.0,823885,3.0,823885,5.0,822919,5.0,822919,5.0,824540,5.0,824540
824531,2026-04-14,away,592662,Robbie Ray,7.0,7.0,4.0,7,7,0,0,True,True,False,7.0,823235,7.0,823235,7.0,823242,7.0,823242,4.0,823243,4.0,823243
824616,2026-04-14,home,702273,Noah Schultz,,,,0,1,0,0,True,True,False,,,2.0,831919,,,,,,,,
824616,2026-04-14,away,663556,Shane McClanahan,5.0,4.0,,6,6,0,0,True,True,False,5.0,823002,5.0,823002,4.0,823807,4.0,823807,4.0,831602,4.0,831602
824853,2026-04-14,home,669432,Trevor Rogers,6.0,3.0,5.0,6,6,0,0,True,True,False,6.0,824618,6.0,824618,3.0,824860,3.0,824860,5.0,824865,5.0,824865
824853,2026-04-14,away,518876,Merrill Kelly,,,,3,3,0,0,True,True,False,1.0,831885,1.0,831885,0.0,831932,0.0,831932,1.0,831958,1.0,831958
824935,2026-04-14,home,625643,Reynaldo López,7.0,3.0,3.0,7,7,0,0,True,True,False,7.0,824051,7.0,824051,3.0,825105,3.0,825105,3.0,824945,3.0,824945
824935,2026-04-14,away,676974,Max Meyer,4.0,6.0,5.0,5,5,0,0,True,True,False,4.0,823884,4.0,823884,6.0,823569,6.0,823569,5.0,823891,5.0,823891
825022,2026-04-14,home,605488,Jeffrey Springs,6.0,7.0,2.0,7,7,0,0,True,True,False,6.0,823565,6.0,823565,7.0,825026,7.0,825026,2.0,822838,2.0,822838
825022,2026-04-14,away,669022,MacKenzie Gore,9.0,9.0,7.0,6,6,0,0,True,True,False,9.0,822915,9.0,822915,9.0,822919,9.0,822919,7.0,823487,7.0,823487
823081,2026-03-26,home,669461,Matthew Liberatore,,,,3,3,0,0,True,True,False,5.0,831456,5.0,831456,7.0,831570,7.0,831570,5.0,831429,5.0,831429
823081,2026-03-26,away,656876,Drew Rasmussen,,,,3,3,0,0,True,True,False,3.0,831551,3.0,831551,4.0,831616,4.0,831616,1.0,831585,1.0,831585
823163,2026-03-26,home,669302,Logan Gilbert,,,,3,3,0,0,True,True,False,5.0,831747,5.0,831747,2.0,831904,2.0,831904,3.0,831721,3.0,831721
823163,2026-03-26,away,676440,Tanner Bibee,,,,4,4,0,0,True,True,False,3.0,831873,3.0,831873,5.0,831944,5.0,831944,6.0,831758,6.0,831758
823325,2026-03-26,home,601713,Nick Pivetta,,,,3,3,0,0,True,True,False,3.0,831864,3.0,831864,4.0,831877,4.0,831877,1.0,831772,1.0,831772
823325,2026-03-26,away,669373,Tarik Skubal,,,,3,3,0,0,True,True,False,5.0,831550,5.0,831550,7.0,831614,7.0,831614,1.0,831639,1.0,831639
823486,2026-03-26,home,650911,Cristopher Sánchez,,,,1,1,0,0,True,True,False,4.0,831550,4.0,831550,,,,,,,,
823486,2026-03-26,away,543135,Nathan Eovaldi,,,,3,3,0,0,True,True,False,0.0,831749,0.0,831749,5.0,831770,5.0,831770,4.0,831813,4.0,831813
823649,2026-03-26,home,642547,Freddy Peralta,,,,2,2,0,0,True,True,False,5.0,831508,5.0,831508,4.0,831575,4.0,831575,,,,
823649,2026-03-26,away,694973,Paul Skenes,,,,2,2,0,0,True,True,False,5.0,831553,5.0,831553,4.0,831720,4.0,831720,,,,
823812,2026-03-26,home,694819,Jacob Misiorowski,,,,3,4,0,0,True,True,False,3.0,831796,3.0,831796,6.0,831860,6.0,831860,5.0,831855,6.0,831740
823812,2026-03-26,away,681343,Shane Smith,,,,2,2,0,0,True,True,False,5.0,831910,5.0,831910,2.0,831918,2.0,831918,,,,
823974,2026-03-26,home,808967,Yoshinobu Yamamoto,,,,1,1,0,0,True,True,False,7.0,831766,7.0,831766,,,,,,,,
823974,2026-03-26,away,668678,Zac Gallen,,,,4,4,0,0,True,True,False,0.0,831796,0.0,831796,1.0,831953,1.0,831953,3.0,831748,3.0,831748
824218,2026-03-26,home,686613,Hunter Brown,,,,3,3,0,0,True,True,False,6.0,831505,6.0,831505,9.0,831572,9.0,831572,3.0,831529,3.0,831529
824218,2026-03-26,away,667755,José Soriano,,,,2,2,0,0,True,True,False,3.0,831910,3.0,831910,4.0,831816,4.0,831816,,,,
824541,2026-03-26,home,671096,Andrew Abbott,,,,5,5,0,0,True,True,False,5.0,831916,5.0,831916,3.0,831903,3.0,831903,5.0,831793,5.0,831793
824541,2026-03-26,away,676979,Garrett Crochet,,,,3,3,0,0,True,True,False,3.0,831502,3.0,831502,2.0,831515,2.0,831515,3.0,831634,3.0,831634
824704,2026-03-26,home,571510,Matthew Boyd,,,,1,2,0,0,True,True,False,5.0,831902,5.0,831902,,,4.0,831720,,,,
824704,2026-03-26,away,676917,Cade Cavalli,,,,3,3,0,0,True,True,False,1.0,831448,1.0,831448,2.0,831465,2.0,831465,6.0,831524,6.0,831524
824865,2026-03-26,home,669432,Trevor Rogers,,,,3,3,0,0,True,True,False,7.0,831501,7.0,831501,3.0,831562,3.0,831562,4.0,831445,4.0,831445
824865,2026-03-26,away,657746,Joe Ryan,,,,3,3,0,0,True,True,False,2.0,831599,2.0,831599,6.0,831506,6.0,831506,0.0,831618,0.0,831618
831638,2026-03-01,home,624133,Ranger Suarez,,,,0,0,0,0,True,True,False,,,,,,,,,,,,
831638,2026-03-01,away,605135,Chris Bassitt,,,,0,0,0,0,True,True,False,,,,,,,,,,,,
831477,2026-03-01,home,681517,Kyle Leahy,,,,0,0,0,0,True,True,False,,,,,,,,,,,,
831477,2026-03-01,away,682995,Hunter Barco,,,,0,0,0,0,True,True,False,,,,,,,,,,,,
831639,2026-03-01,home,669373,Tarik Skubal,,,,0,0,0,0,True,True,False,,,,,,,,,,,,
831639,2026-03-01,away,814804,Grant Rogers,,,,0,0,0,0,True,True,False,,,,,,,,,,,,
831585,2026-03-01,home,625643,Reynaldo López,,,,0,0,0,0,True,True,False,,,,,,,,,,,,
831585,2026-03-01,away,656876,Drew Rasmussen,,,,0,0,0,0,True,True,False,,,,,,,,,,,,
831531,2026-03-01,home,690953,Mick Abel,,,,0,0,0,0,True,True,False,,,,,,,,,,,,
831531,2026-03-01,away,656550,Grant Holmes,,,,0,0,0,0,True,True,False,,,,,,,,,,,,
831475,2026-03-01,home,695418,Brad Lord,,,,0,0,0,0,True,True,False,,,,,,,,,,,,
831475,2026-03-01,away,663978,Chris Paddack,,,,0,0,0,0,True,True,False,,,,,,,,,,,,
831578,2026-03-01,home,691725,Andrew Painter,,,,0,0,0,0,True,True,False,,,,,,,,,,,,
831578,2026-03-01,away,701542,Will Warren,,,,0,0,0,0,True,True,False,,,,,,,,,,,,
831579,2026-03-01,home,605280,Clay Holmes,,,,0,0,0,0,True,True,False,,,,,,,,,,,,
831579,2026-03-01,away,669920,Jason Alexander,,,,0,0,0,0,True,True,False,,,,,,,,,,,,
831867,2026-03-01,home,668909,Gavin Williams,,,,0,0,0,0,True,True,False,,,,,,,,,,,,
831867,2026-03-01,away,801403,Chase Dollander,,,,0,0,0,0,True,True,False,,,,,,,,,,,,
831827,2026-03-01,home,689017,Landon Knack,,,,0,0,0,0,True,True,False,,,,,,,,,,,,
831827,2026-03-01,away,672282,Reid Detmers,,,,0,0,0,0,True,True,False,,,,,,,,,,,,
831899,2026-03-01,home,669372,J.T. Ginn,,,,0,0,0,0,True,True,False,,,,,,,,,,,,
831899,2026-03-01,away,671096,Andrew Abbott,,,,0,0,0,0,True,True,False,,,,,,,,,,,,
831768,2026-03-01,home,657277,Logan Webb,,,,0,0,0,0,True,True,False,,,,,,,,,,,,
831768,2026-03-01,away,608566,Germán Márquez,,,,0,0,0,0,True,True,False,,,,,,,,,,,,
831914,2026-03-01,home,684007,Shota Imanaga,,,,0,0,0,0,True,True,False,,,,,,,,,,,,
831914,2026-03-01,away,641743,Anthony Kay,,,,0,0,0,0,True,True,False,,,,,,,,,,,,
831794,2026-03-01,home,663460,Kris Bubic,,,,0,0,0,0,True,True,False,,,,,,,,,,,,
831794,2026-03-01,away,694477,Chad Patrick,,,,0,0,0,0,True,True,False,,,,,,,,,,,,
831888,2026-03-01,home,647336,Michael Soroka,,,,0,0,0,0,True,True,False,,,,,,,,,,,,
831888,2026-03-01,away,682982,Daniel Espino,,,,0,0,0,0,True,True,False,,,,,,,,,,,,
831721,2026-03-01,home,669302,Logan Gilbert,,,,0,0,0,0,True,True,False,,,,,,,,,,,,
831721,2026-03-01,away,656641,Jacob Latz,,,,0,0,0,0,True,True,False,,,,,,,,,,,,
831529,2026-03-02,home,686613,Hunter Brown,,,,0,0,0,0,True,True,False,,,,,,,,,,,,
831529,2026-03-02,away,680686,Josiah Gray,,,,0,0,0,0,True,True,False,,,,,,,,,,,,
831577,2026-03-02,home,605182,Mike Clevinger,,,,0,0,0,0,True,True,False,,,,,,,,,,,,
831577,2026-03-02,away,669438,Mason Englert,,,,0,0,0,0,True,True,False,,,,,,,,,,,,
831527,2026-03-02,home,664285,Framber Valdez,,,,0,0,0,0,True,True,False,,,,,,,,,,,,
831527,2026-03-02,away,693821,Bryce Elder,,,,0,0,0,0,True,True,False,,,,,,,,,,,,
831476,2026-03-02,home,669467,Andre Pallante,,,,0,0,0,0,True,True,False,,,,,,,,,,,,
831476,2026-03-02,away,800049,Adam Mazur,,,,0,0,0,0,True,True,False,,,,,,,,,,,,
831640,2026-03-02,home,664074,Cody Ponce,,,,0,0,0,0,True,True,False,,,,,,,,,,,,
831640,2026-03-02,away,670912,Johan Oviedo,,,,0,0,0,0,True,True,False,,,,,,,,,,,,
831930,2026-03-02,home,663903,Brady Singer,,,,0,0,0,0,True,True,False,,,,,,,,,,,,
831930,2026-03-02,away,592791,Jameson Taillon,,,,0,0,0,0,True,True,False,,,,,,,,,,,,
831874,2026-03-02,home,596295,Austin Gomber,,,,0,0,0,0,True,True,False,,,,,,,,,,,,
831874,2026-03-02,away,677944,Slade Cecconi,,,,0,0,0,0,True,True,False,,,,,,,,,,,,
831760,2026-03-02,home,663436,Davis Martin,,,,0,0,0,0,True,True,False,,,,,,,,,,,,
831760,2026-03-02,away,694738,Landen Roupp,,,,0,0,0,0,True,True,False,,,,,,,,,,,,
831840,2026-03-02,home,680570,Grayson Rodriguez,,,,0,0,0,0,True,True,False,,,,,,,,,,,,
831840,2026-03-02,away,702070,Noah Cameron,,,,0,0,0,0,True,True,False,,,,,,,,,,,,
831808,2026-03-02,home,623474,Jimmy Herget,,,,0,0,0,0,True,True,False,,,,,,,,,,,,
831808,2026-03-02,away,656924,Ryder Ryan,,,,0,0,0,0,True,True,False,,,,,,,,,,,,
831934,2026-03-02,home,650633,Michael King,,,,0,0,0,0,True,True,False,,,,,,,,,,,,
831934,2026-03-02,away,686930,Mason Barnett,,,,0,0,0,0,True,True,False,,,,,,,,,,,,
831641,2026-03-03,home,680573,Simeon Woods Richardson,,,,0,0,0,0,True,True,False,,,,,,,,,,,,
831641,2026-03-03,away,811315,Brody Hopkins,,,,0,0,0,0,True,True,False,,,,,,,,,,,,
831532,2026-03-03,home,663556,Shane McClanahan,,,,0,0,0,0,True,True,False,,,,,,,,,,,,
831532,2026-03-03,away,660604,Alan Rangel,,,,0,0,0,0,True,True,False,,,,,,,,,,,,
831430,2026-03-03,home,664353,José Urquidy,,,,0,0,0,0,True,True,False,,,,,,,,,,,,
831430,2026-03-03,away,527054,Julio Teheran,,,,0,0,0,0,True,True,False,,,,,,,,,,,,
831445,2026-03-03,home,669432,Trevor Rogers,,,,0,0,0,0,True,True,False,,,,,,,,,,,,
831445,2026-03-03,away,820853,Ryjeteri Merite,,,,0,0,0,0,True,True,False,,,,,,,,,,,,
831444,2026-03-03,home,608331,Max Fried,,,,0,0,0,0,True,True,False,,,,,,,,,,,,
831444,2026-03-03,away,683517,Jorge Garcia,,,,0,0,0,0,True,True,False,,,,,,,,,,,,
831437,2026-03-03,home,592332,Kevin Gausman,,,,0,0,0,0,True,True,False,,,,,,,,,,,,
831437,2026-03-03,away,663531,Logan Allen,,,,0,0,0,0,True,True,False,,,,,,,,,,,,
831436,2026-03-03,home,666129,Braxton Garrett,,,,0,0,0,0,True,True,False,,,,,,,,,,,,
831436,2026-03-03,away,476594,Robert Stock,,,,0,0,0,0,True,True,False,,,,,,,,,,,,
831434,2026-03-03,home,804636,Jonah Tong,,,,0,0,0,0,True,True,False,,,,,,,,,,,,
831434,2026-03-03,away,541640,Erasmo Ramírez,,,,0,0,0,0,True,True,False,,,,,,,,,,,,
831811,2026-03-03,home,676282,Joey Cantillo,,,,0,0,0,0,True,True,False,,,,,,,,,,,,
831811,2026-03-03,away,808963,Roki Sasaki,,,,0,0,0,0,True,True,False,,,,,,,,,,,,
831772,2026-03-03,home,656794,Sean Newcomb,,,,0,0,0,0,True,True,False,,,,,,,,,,,,
831772,2026-03-03,away,601713,Nick Pivetta,,,,0,0,0,0,True,True,False,,,,,,,,,,,,
831940,2026-03-03,home,650644,Aaron Civale,,,,0,0,0,0,True,True,False,,,,,,,,,,,,
831940,2026-03-03,away,649963,Bo Takahashi,,,,0,0,0,0,True,True,False,,,,,,,,,,,,
831851,2026-03-03,home,686701,Ryan Bergert,,,,0,0,0,0,True,True,False,,,,,,,,,,,,
831851,2026-03-03,away,682644,Denny Larrondo,,,,0,0,0,0,True,True,False,,,,,,,,,,,,
831853,2026-03-03,home,690990,Cade Horton,,,,0,0,0,0,True,True,False,,,,,,,,,,,,
831853,2026-03-03,away,690626,Dylan DeLucia,,,,0,0,0,0,True,True,False,,,,,,,,,,,,
831720,2026-03-03,home,605288,Adrian Houser,,,,0,0,0,0,True,True,False,,,,,,,,,,,,
831720,2026-03-03,away,694973,Paul Skenes,,,,0,0,0,0,True,True,False,,,,,,,,,,,,
831817,2026-03-03,home,693433,Bryan Woo,,,,0,0,0,0,True,True,False,,,,,,,,,,,,
831817,2026-03-03,away,691946,George Klassen,,,,0,0,0,0,True,True,False,,,,,,,,,,,,
831855,2026-03-03,home,694819,Jacob Misiorowski,,,,0,0,0,0,True,True,False,,,,,,,,,,,,
831855,2026-03-03,away,669084,DL Hall,,,,0,0,0,0,True,True,False,,,,,,,,,,,,
831800,2026-03-03,home,668678,Zac Gallen,,,,0,0,0,0,True,True,False,,,,,,,,,,,,
831800,2026-03-03,away,592836,Taijuan Walker,,,,0,0,0,0,True,True,False,,,,,,,,,,,,
836149,2026-03-03,home,622663,Luis Severino,,,,0,0,0,0,True,True,False,,,,,,,,,,,,
836149,2026-03-03,away,680744,Ty Madden,,,,0,0,0,0,True,True,False,,,,,,,,,,,,
831439,2026-03-03,home,687562,Jake Bennett,,,,0,0,0,0,True,True,False,,,,,,,,,,,,
831439,2026-03-03,away,695684,Elmer Rodríguez,,,,0,0,0,0,True,True,False,,,,,,,,,,,,
831440,2026-03-03,home,664299,Cristian Javier,,,,0,0,0,0,True,True,False,,,,,,,,,,,,
831440,2026-03-03,away,660825,Eduard Bazardo,,,,0,0,0,0,True,True,False,,,,,,,,,,,,
831642,2026-03-04,home,669358,Shane Baz,,,,0,0,0,0,True,True,False,,,,,,,,,,,,
831642,2026-03-04,away,676467,Colton Gordon,,,,0,0,0,0,True,True,False,,,,,,,,,,,,
831634,2026-03-04,home,676979,Garrett Crochet,,,,0,0,0,0,True,True,False,,,,,,,,,,,,
831634,2026-03-04,away,661563,Luis Gil,,,,0,0,0,0,True,True,False,,,,,,,,,,,,
831427,2026-03-04,home,605400,Aaron Nola,,,,0,0,0,0,True,True,False,,,,,,,,,,,,
831427,2026-03-04,away,615698,Cal Quantrill,,,,0,0,0,0,True,True,False,,,,,,,,,,,,
831438,2026-03-04,home,622694,Elieser Hernández,,,,0,0,0,0,True,True,False,,,,,,,,,,,,
831438,2026-03-04,away,672715,Luis Patiño,,,,0,0,0,0,True,True,False,,,,,,,,,,,,
831432,2026-03-04,home,663765,Jake Woodford,,,,0,0,0,0,True,True,False,,,,,,,,,,,,
831432,2026-03-04,away,808378,Jamdrick Cornelia,,,,0,0,0,0,True,True,False,,,,,,,,,,,,
831429,2026-03-04,home,669461,Matthew Liberatore,,,,0,0,0,0,True,True,False,,,,,,,,,,,,
831429,2026-03-04,away,650356,Dilmer Mejia,,,,0,0,0,0,True,True,False,,,,,,,,,,,,
831433,2026-03-04,home,656427,Jack Flaherty,,,,0,0,0,0,True,True,False,,,,,,,,,,,,
831433,2026-03-04,away,642545,Jaime Barria,,,,0,0,0,0,True,True,False,,,,,,,,,,,,
831435,2026-03-04,home,805673,Zebby Matthews,,,,0,0,0,0,True,True,False,,,,,,,,,,,,
831435,2026-03-04,away,670103,Raymond Burgos,,,,0,0,0,0,True,True,False,,,,,,,,,,,,
831431,2026-03-04,home,656849,David Peterson,,,,0,0,0,0,True,True,False,,,,,,,,,,,,
831431,2026-03-04,away,815084,Ben Simon,,,,0,0,0,0,True,True,False,,,,,,,,,,,,
836150,2026-03-04,home,678394,Brayan Bello,,,,0,0,0,0,True,True,False,,,,,,,,,,,,
836150,2026-03-04,away,572143,Burch Smith,,,,0,0,0,0,True,True,False,,,,,,,,,,,,
831963,2026-03-04,home,605488,Jeffrey Springs,,,,0,0,0,0,True,True,False,,,,,,,,,,,,
831963,2026-03-04,away,694297,Brandon Pfaadt,,,,0,0,0,0,True,True,False,,,,,,,,,,,,
831938,2026-03-04,home,594798,Jacob deGrom,,,,0,0,0,0,True,True,False,,,,,,,,,,,,
831938,2026-03-04,away,807344,Enzo Sawayama,,,,0,0,0,0,True,True,False,,,,,,,,,,,,
831852,2026-03-04,home,678789,Julio Robaina,,,,0,0,0,0,True,True,False,,,,,,,,,,,,
831852,2026-03-04,away,695076,Rhett Lowder,,,,0,0,0,0,True,True,False,,,,,,,,,,,,
831799,2026-03-04,home,607192,Tyler Glasnow,,,,0,0,0,0,True,True,False,,,,,,,,,,,,
831799,2026-03-04,away,657514,Brennan Bernardino,,,,0,0,0,0,True,True,False,,,,,,,,,,,,
831929,2026-03-04,home,687075,Brandon Sproat,,,,0,0,0,0,True,True,False,,,,,,,,,,,,
831929,2026-03-04,away,665795,Edward Cabrera,,,,0,0,0,0,True,True,False,,,,,,,,,,,,
831854,2026-03-04,home,605397,Joe Musgrove,,,,0,0,0,0,True,True,False,,,,,,,,,,,,
831854,2026-03-04,away,682044,Sean Boyle,,,,0,0,0,0,True,True,False,,,,,,,,,,,,
831844,2026-03-04,home,815083,Mitch Farris,,,,0,0,0,0,True,True,False,,,,,,,,,,,,
831844,2026-03-04,away,838341,Gabriele Quattrini,,,,0,0,0,0,True,True,False,,,,,,,,,,,,
831723,2026-03-04,home,607536,Kyle Freeland,,,,0,0,0,0,True,True,False,,,,,,,,,,,,
831723,2026-03-04,away,642232,Ryan Yarbrough,,,,0,0,0,0,True,True,False,,,,,,,,,,,,
831428,2026-03-04,home,656492,Foster Griffin,,,,0,0,0,0,True,True,False,,,,,,,,,,,,
831428,2026-03-04,away,593958,Eduardo Rodriguez,,,,0,0,0,0,True,True,False,,,,,,,,,,,,
831739,2026-03-04,home,592662,Robbie Ray,,,,0,0,0,0,True,True,False,,,,,,,,,,,,
831739,2026-03-04,away,681867,Cooper Criswell,,,,0,0,0,0,True,True,False,,,,,,,,,,,,
831479,2026-03-05,home,571945,Miles Mikolas,,,,0,0,0,0,True,True,False,,,,,,,,,,,,
831479,2026-03-05,away,663795,Justin Hagenman,,,,0,0,0,0,True,True,False,,,,,,,,,,,,
831478,2026-03-05,home,656605,Mitch Keller,,,,0,0,0,0,True,True,False,,,,,,,,,,,,
831478,2026-03-05,away,669160,Dustin May,,,,0,0,0,0,True,True,False,,,,,,,,,,,,
831633,2026-03-05,home,686752,Ryan Pepiot,,,,0,0,0,0,True,True,False,,,,,,,,,,,,
831633,2026-03-05,away,621107,Zach Eflin,,,,0,0,0,0,True,True,False,,,,,,,,,,,,
831581,2026-03-05,home,666200,Jesús Luzardo,,,,0,0,0,0,True,True,False,,,,,,,,,,,,
831581,2026-03-05,away,674674,T.J. Sikkema,,,,0,0,0,0,True,True,False,,,,,,,,,,,,
831583,2026-03-05,home,519242,Chris Sale,,,,0,0,0,0,True,True,False,,,,,,,,,,,,
831583,2026-03-05,away,641778,Eric Lauer,,,,0,0,0,0,True,True,False,,,,,,,,,,,,
831632,2026-03-05,home,621112,Paul Blackburn,,,,0,0,0,0,True,True,False,,,,,,,,,,,,
831632,2026-03-05,away,671737,Taj Bradley,,,,0,0,0,0,True,True,False,,,,,,,,,,,,
831582,2026-03-05,home,645261,Sandy Alcantara,,,,0,0,0,0,True,True,False,,,,,,,,,,,,
831582,2026-03-05,away,837227,Tatsuya Imai,,,,0,0,0,0,True,True,False,,,,,,,,,,,,
831961,2026-03-05,home,607067,Colin Rea,,,,0,0,0,0,True,True,False,,,,,,,,,,,,
831961,2026-03-05,away,669194,Ryne Nelson,,,,0,0,0,0,True,True,False,,,,,,,,,,,,
831810,2026-03-05,home,683742,Jose Franco,,,,0,0,0,0,True,True,False,,,,,,,,,,,,
831810,2026-03-05,away,608344,Cole Irvin,,,,0,0,0,0,True,True,False,,,,,,,,,,,,
831941,2026-03-05,home,666201,Alek Manoah,,,,0,0,0,0,True,True,False,,,,,,,,,,,,
831941,2026-03-05,away,806960,Luis Morales,,,,0,0,0,0,True,True,False,,,,,,,,,,,,
831765,2026-03-05,home,622491,Luis Castillo,,,,0,0,0,0,True,True,False,,,,,,,,,,,,
831765,2026-03-05,away,621111,Walker Buehler,,,,0,0,0,0,True,True,False,,,,,,,,,,,,
831792,2026-03-05,home,547179,Michael Lorenzen,,,,0,0,0,0,True,True,False,,,,,,,,,,,,
831792,2026-03-05,away,688107,Robert Gasser,,,,0,0,0,0,True,True,False,,,,,,,,,,,,
831733,2026-03-05,home,666142,Cole Ragans,,,,0,0,0,0,True,True,False,,,,,,,,,,,,
831733,2026-03-05,away,669022,MacKenzie Gore,,,,0,0,0,0,True,True,False,,,,,,,,,,,,
831880,2026-03-05,home,680732,Sean Burke,,,,0,0,0,0,True,True,False,,,,,,,,,,,,
831880,2026-03-05,away,676440,Tanner Bibee,,,,0,0,0,0,True,True,False,,,,,,,,,,,,
831631,2026-03-06,home,434378,Justin Verlander,,,,0,0,0,0,True,True,False,,,,,,,,,,,,
831631,2026-03-06,away,813349,Connelly Early,,,,0,0,0,0,True,True,False,,,,,,,,,,,,
831524,2026-03-06,home,681347,Mike Burrows,,,,0,0,0,0,True,True,False,,,,,,,,,,,,
831524,2026-03-06,away,676917,Cade Cavalli,,,,0,0,0,0,True,True,False,,,,,,,,,,,,
831519,2026-03-06,home,605135,Chris Bassitt,,,,1,1,0,0,True,True,False,0.0,831638,0.0,831638,,,,,,,,
831519,2026-03-06,away,700241,Michael McGreevy,,,,0,0,0,0,True,True,False,,,,,,,,,,,,
831470,2026-03-06,home,677952,Braxton Ashcraft,,,,0,0,0,0,True,True,False,,,,,,,,,,,,
831470,2026-03-06,away,691893,Jean Cabrera,,,,0,0,0,0,True,True,False,,,,,,,,,,,,
831525,2026-03-06,home,621244,José Berríos,,,,0,0,0,0,True,True,False,,,,,,,,,,,,
831525,2026-03-06,away,696149,Bubba Chandler,,,,0,0,0,0,True,True,False,,,,,,,,,,,,
831826,2026-03-06,home,668909,Gavin Williams,,,,1,1,0,0,True,True,False,3.0,831867,3.0,831867,,,,,,,,
831826,2026-03-06,away,672282,Reid Detmers,,,,1,1,0,0,True,True,False,2.0,831827,2.0,831827,,,,,,,,
831871,2026-03-06,home,669372,J.T. Ginn,,,,1,1,0,0,True,True,False,2.0,831899,2.0,831899,,,,,,,,
831871,2026-03-06,away,801403,Chase Dollander,,,,1,1,0,0,True,True,False,1.0,831867,1.0,831867,,,,,,,,
831889,2026-03-06,home,641816,Tyler Mahle,,,,0,0,0,0,True,True,False,,,,,,,,,,,,
831889,2026-03-06,away,671096,Andrew Abbott,,,,1,1,0,0,True,True,False,2.0,831899,2.0,831899,,,,,,,,
831737,2026-03-06,home,683004,Jack Leiter,,,,0,0,0,0,True,True,False,,,,,,,,,,,,
831737,2026-03-06,away,807739,Kade Anderson,,,,0,0,0,0,True,True,False,,,,,,,,,,,,
831919,2026-03-06,home,811666,Daniel Eagen,,,,0,0,0,0,True,True,False,,,,,,,,,,,,
831919,2026-03-06,away,641743,Anthony Kay,,,,1,1,0,0,True,True,False,2.0,831914,2.0,831914,,,,,,,,
831954,2026-03-06,home,694477,Chad Patrick,,,,1,1,0,0,True,True,False,2.0,831794,2.0,831794,,,,,,,,
831954,2026-03-06,away,683352,Mitch Bratt,,,,0,0,0,0,True,True,False,,,,,,,,,,,,
831521,2026-03-06,home,641927,Bailey Ober,,,,0,0,0,0,True,True,False,,,,,,,,,,,,
831521,2026-03-06,away,625643,Reynaldo López,,,,1,1,0,0,True,True,False,3.0,831585,3.0,831585,,,,,,,,
831624,2026-03-06,home,693645,Cam Schlittler,,,,0,0,0,0,True,True,False,,,,,,,,,,,,
831624,2026-03-06,away,671212,Joe Boyle,,,,0,1,0,0,True,True,False,,,2.0,831585,,,,,,,,
831480,2026-03-06,home,676974,Max Meyer,,,,0,0,0,0,True,True,False,,,,,,,,,,,,
831480,2026-03-06,away,640455,Sean Manaea,,,,0,0,0,0,True,True,False,,,,,,,,,,,,
831842,2026-03-06,home,656924,Ryder Ryan,,,,1,1,0,0,True,True,False,1.0,831808,1.0,831808,,,,,,,,
831842,2026-03-06,away,687765,Mitch Spence,,,,0,1,0,0,True,True,False,,,2.0,831794,,,,,,,,
831921,2026-03-06,home,608566,Germán Márquez,,,,1,1,0,0,True,True,False,2.0,831768,2.0,831768,,,,,,,,
831921,2026-03-06,away,676962,Ben Brown,,,,0,0,0,0,True,True,False,,,,,,,,,,,,
831523,2026-03-07,home,669920,Jason Alexander,,,,1,1,0,0,True,True,False,1.0,831579,1.0,831579,,,,,,,,
831523,2026-03-07,away,663978,Chris Paddack,,,,1,1,0,0,True,True,False,3.0,831475,3.0,831475,,,,,,,,
831518,2026-03-07,home,663554,Casey Mize,,,,0,1,0,0,True,True,False,,,2.0,831527,,,,,,,,
831518,2026-03-07,away,682995,Hunter Barco,,,,1,1,0,0,True,True,False,3.0,831477,3.0,831477,,,,,,,,
831469,2026-03-07,home,681517,Kyle Leahy,,,,1,1,0,0,True,True,False,1.0,831477,1.0,831477,,,,,,,,
831469,2026-03-07,away,673540,Kodai Senga,,,,0,0,0,0,True,True,False,,,,,,,,,,,,
831629,2026-03-07,home,670912,Johan Oviedo,,,,1,1,0,0,True,True,False,4.0,831640,4.0,831640,,,,,,,,
831629,2026-03-07,away,694494,Ty Johnson,,,,0,1,0,0,True,True,False,,,1.0,831577,,,,,,,,
831630,2026-03-07,home,700249,Cade Povich,,,,0,0,0,0,True,True,False,,,,,,,,,,,,
831630,2026-03-07,away,690953,Mick Abel,,,,1,1,0,0,True,True,False,6.0,831531,6.0,831531,,,,,,,,
831576,2026-03-07,home,691725,Andrew Painter,,,,1,1,0,0,True,True,False,1.0,831578,1.0,831578,,,,,,,,
831576,2026-03-07,away,453286,Max Scherzer,,,,0,0,0,0,True,True,False,,,,,,,,,,,,
831580,2026-03-07,home,656550,Grant Holmes,,,,1,1,0,0,True,True,False,2.0,831531,2.0,831531,,,,,,,,
831580,2026-03-07,away,801725,Luis De León,,,,0,1,0,0,True,True,False,,,0.0,831638,,,,,,,,
831949,2026-03-07,home,684007,Shota Imanaga,,,,1,1,0,0,True,True,False,1.0,831914,1.0,831914,,,,,,,,
831949,2026-03-07,away,686930,Mason Barnett,,,,1,1,0,0,True,True,False,2.0,831934,2.0,831934,,,,,,,,
831774,2026-03-07,home,677944,Slade Cecconi,,,,1,1,0,0,True,True,False,4.0,831874,4.0,831874,,,,,,,,
831774,2026-03-07,away,650633,Michael King,,,,1,1,0,0,True,True,False,3.0,831934,3.0,831934,,,,,,,,
831726,2026-03-07,home,687931,Carson Whisenhunt,,,,0,1,0,0,True,True,False,,,2.0,831760,,,,,,,,
831726,2026-03-07,away,656641,Jacob Latz,,,,1,1,0,0,True,True,False,1.0,831721,1.0,831721,,,,,,,,
832862,2026-03-07,home,684442,Kohl Drake,,,,0,1,0,0,True,True,False,,,1.0,831888,,,,,,,,
832862,2026-03-07,away,664141,JT Brubaker,,,,0,1,0,0,True,True,False,,,3.0,831768,,,,,,,,
831904,2026-03-07,home,669302,Logan Gilbert,,,,1,1,0,0,True,True,False,3.0,831721,3.0,831721,,,,,,,,
831904,2026-03-07,away,691799,Grant Taylor,,,,0,1,0,0,True,True,False,,,1.0,831760,,,,,,,,
831795,2026-03-07,home,680570,Grayson Rodriguez,,,,1,1,0,0,True,True,False,3.0,831840,3.0,831840,,,,,,,,
831795,2026-03-07,away,605540,Brandon Woodruff,,,,0,0,0,0,True,True,False,,,,,,,,,,,,
831828,2026-03-07,home,695611,Gage Jump,,,,0,1,0,0,True,True,False,,,3.0,831899,,,,,,,,
831828,2026-03-07,away,696270,Ryan Johnson,,,,0,1,0,0,True,True,False,,,2.0,831827,,,,,,,,
831568,2026-03-07,home,680686,Josiah Gray,,,,1,1,0,0,True,True,False,3.0,831529,3.0,831529,,,,,,,,
831568,2026-03-07,away,701542,Will Warren,,,,1,1,0,0,True,True,False,3.0,831578,3.0,831578,,,,,,,,
831863,2026-03-07,home,689017,Landon Knack,,,,1,1,0,0,True,True,False,1.0,831827,1.0,831827,,,,,,,,
831863,2026-03-07,away,688642,Zach Agnos,,,,0,1,0,0,True,True,False,,,1.0,831723,,,,,,,,
831572,2026-03-08,home,674841,Andrew Alvarez,,,,0,1,0,0,True,True,False,,,3.0,831529,,,,,,,,
831572,2026-03-08,away,686613,Hunter Brown,,,,1,1,0,0,True,True,False,3.0,831529,3.0,831529,,,,,,,,
831571,2026-03-08,home,669387,Carmen Mlodzinski,,,,0,1,0,0,True,True,False,,,2.0,831577,,,,,,,,
831571,2026-03-08,away,687562,Jake Bennett,,,,1,1,0,0,True,True,False,0.0,831439,0.0,831439,,,,,,,,
831628,2026-03-08,home,669330,Tyler Wells,,,,0,1,0,0,True,True,False,,,3.0,831642,,,,,,,,
831628,2026-03-08,away,664074,Cody Ponce,,,,1,1,0,0,True,True,False,2.0,831640,2.0,831640,,,,,,,,
831522,2026-03-08,home,680573,Simeon Woods Richardson,,,,1,1,0,0,True,True,False,3.0,831641,3.0,831641,,,,,,,,
831522,2026-03-08,away,660604,Alan Rangel,,,,1,1,0,0,True,True,False,0.0,831532,0.0,831532,,,,,,,,
831520,2026-03-08,home,694312,Logan Workman,,,,0,1,0,0,True,True,False,,,1.0,831641,,,,,,,,
831520,2026-03-08,away,693821,Bryce Elder,,,,1,1,0,0,True,True,False,1.0,831527,1.0,831527,,,,,,,,
831627,2026-03-08,home,592332,Kevin Gausman,,,,1,1,0,0,True,True,False,2.0,831437,2.0,831437,,,,,,,,
831627,2026-03-08,away,676614,Bryan Sammons,,,,0,1,0,0,True,True,False,,,1.0,836149,,,,,,,,
831467,2026-03-08,home,666129,Braxton Garrett,,,,1,1,0,0,True,True,False,1.0,831436,1.0,831436,,,,,,,,
831467,2026-03-08,away,669467,Andre Pallante,,,,1,1,0,0,True,True,False,2.0,831476,2.0,831476,,,,,,,,
831575,2026-03-08,home,642547,Freddy Peralta,,,,0,0,0,0,True,True,False,,,,,,,,,,,,
831575,2026-03-08,away,677960,Ryan Weathers,,,,0,0,0,0,True,True,False,,,,,,,,,,,,
831960,2026-03-08,home,663903,Brady Singer,,,,1,1,0,0,True,True,False,1.0,831930,1.0,831930,,,,,,,,
831960,2026-03-08,away,686753,Drey Jameson,,,,0,2,0,0,True,True,False,,,1.0,831961,,,1.0,831888,,,,
831832,2026-03-08,home,650644,Aaron Civale,,,,1,1,0,0,True,True,False,1.0,831940,1.0,831940,,,,,,,,
831832,2026-03-08,away,686799,Jack Kochanowicz,,,,0,1,0,0,True,True,False,,,2.0,831840,,,,,,,,
831812,2026-03-08,home,682052,Jacob Lopez,,,,0,0,0,0,True,True,False,,,,,,,,,,,,
831812,2026-03-08,away,680736,Justin Wrobleski,,,,0,0,0,0,True,True,False,,,,,,,,,,,,
831757,2026-03-08,home,573204,Caleb Thielbar,,,,0,2,0,0,True,True,False,,,1.0,831961,,,0.0,831914,,,,
831757,2026-03-08,away,694738,Landen Roupp,,,,1,1,0,0,True,True,False,2.0,831760,2.0,831760,,,,,,,,
831813,2026-03-08,home,543135,Nathan Eovaldi,,,,0,0,0,0,True,True,False,,,,,,,,,,,,
831813,2026-03-08,away,682989,Victor Mederos,,,,0,0,0,0,True,True,False,,,,,,,,,,,,
831848,2026-03-08,home,663855,Jordan Hicks,,,,0,1,0,0,True,True,False,,,1.0,831914,,,,,,,,
831848,2026-03-08,away,702070,Noah Cameron,,,,1,1,0,0,True,True,False,0.0,831840,0.0,831840,,,,,,,,
831882,2026-03-08,home,682769,Eiberson Castellano,,,,0,0,0,0,True,True,False,,,,,,,,,,,,
831882,2026-03-08,away,676282,Joey Cantillo,,,,1,1,0,0,True,True,False,2.0,831811,2.0,831811,,,,,,,,
831892,2026-03-08,home,670810,Logan Gillaspie,,,,0,1,0,0,True,True,False,,,3.0,831934,,,,,,,,
831892,2026-03-08,away,695505,Chase Burns,,,,0,0,0,0,True,True,False,,,,,,,,,,,,
831740,2026-03-08,home,690986,Kyle Harrison,,,,0,1,0,0,True,True,False,,,2.0,831855,,,,,,,,
831740,2026-03-08,away,669923,George Kirby,,,,0,0,0,0,True,True,False,,,,,,,,,,,,
831570,2026-03-09,home,669461,Matthew Liberatore,,,,1,1,0,0,True,True,False,5.0,831429,5.0,831429,,,,,,,,
831570,2026-03-09,away,694346,Trey Gibson,,,,0,0,0,0,True,True,False,,,,,,,,,,,,
831516,2026-03-09,home,664299,Cristian Javier,,,,1,1,0,0,True,True,False,0.0,831440,0.0,831440,,,,,,,,
831516,2026-03-09,away,690916,Richard Fitts,,,,0,1,0,0,True,True,False,,,4.0,831429,,,,,,,,
831626,2026-03-09,home,664285,Framber Valdez,,,,1,1,0,0,True,True,False,3.0,831527,3.0,831527,,,,,,,,
831626,2026-03-09,away,663556,Shane McClanahan,,,,1,1,0,0,True,True,False,1.0,831532,1.0,831532,,,,,,,,
831515,2026-03-09,home,676979,Garrett Crochet,,,,1,1,0,0,True,True,False,3.0,831634,3.0,831634,,,,,,,,
831515,2026-03-09,away,669060,Bryse Wilson,,,,0,0,0,0,True,True,False,,,,,,,,,,,,
831569,2026-03-09,home,471911,Carlos Carrasco,,,,0,0,0,0,True,True,False,,,,,,,,,,,,
831569,2026-03-09,away,805673,Zebby Matthews,,,,1,1,0,0,True,True,False,3.0,831435,3.0,831435,,,,,,,,
831881,2026-03-09,home,686701,Ryan Bergert,,,,1,1,0,0,True,True,False,4.0,831851,4.0,831851,,,,,,,,
831881,2026-03-09,away,800048,Parker Messick,,,,0,0,0,0,True,True,False,,,,,,,,,,,,
831943,2026-03-09,home,695076,Rhett Lowder,,,,1,1,0,0,True,True,False,3.0,831852,3.0,831852,,,,,,,,
831943,2026-03-09,away,678022,Jack Perkins,,,,0,1,0,0,True,True,False,,,1.0,831940,,,,,,,,
831816,2026-03-09,home,592662,Robbie Ray,,,,1,1,0,0,True,True,False,2.0,831739,2.0,831739,,,,,,,,
831816,2026-03-09,away,667755,José Soriano,,,,0,0,0,0,True,True,False,,,,,,,,,,,,
831865,2026-03-09,home,699151,Jedixson Paez,,,,0,1,0,0,True,True,False,,,2.0,831880,,,,,,,,
831865,2026-03-09,away,607536,Kyle Freeland,,,,1,1,0,0,True,True,False,1.0,831723,1.0,831723,,,,,,,,
831748,2026-03-09,home,668678,Zac Gallen,,,,1,1,0,0,True,True,False,0.0,831800,0.0,831800,,,,,,,,
831748,2026-03-09,away,693433,Bryan Woo,,,,1,1,0,0,True,True,False,4.0,831817,4.0,831817,,,,,,,,
831725,2026-03-09,home,681190,Randy Vásquez,,,,0,1,0,0,True,True,False,,,3.0,831854,,,,,,,,
831725,2026-03-09,away,657022,Trey Supak,,,,0,0,0,0,True,True,False,,,,,,,,,,,,
831802,2026-03-09,home,676879,Aaron Ashby,,,,0,1,0,0,True,True,False,,,1.0,831855,,,,,,,,
831802,2026-03-09,away,686218,Emmet Sheehan,,,,0,1,0,0,True,True,False,,,0.0,831799,,,,,,,,
831468,2026-03-09,home,804267,Zac Thornton,,,,0,0,0,0,True,True,False,,,,,,,,,,,,
831468,2026-03-09,away,663969,Tyler Phillips,,,,0,1,0,0,True,True,False,,,2.0,831475,,,,,,,,
831517,2026-03-09,home,608331,Max Fried,,,,1,1,0,0,True,True,False,1.0,831444,1.0,831444,,,,,,,,
831517,2026-03-09,away,664353,José Urquidy,,,,1,1,0,0,True,True,False,3.0,831430,3.0,831430,,,,,,,,
831625,2026-03-10,home,543243,Sonny Gray,,,,0,0,0,0,True,True,False,,,,,,,,,,,,
831625,2026-03-10,away,680744,Ty Madden,,,,1,1,0,0,True,True,False,1.0,836149,1.0,836149,,,,,,,,
831617,2026-03-10,home,621121,Lance McCullers Jr.,,,,0,0,0,0,True,True,False,,,,,,,,,,,,
831617,2026-03-10,away,694370,Levi Wells,,,,0,0,0,0,True,True,False,,,,,,,,,,,,
831618,2026-03-10,home,571927,Steven Matz,,,,0,0,0,0,True,True,False,,,,,,,,,,,,
831618,2026-03-10,away,657746,Joe Ryan,,,,0,0,0,0,True,True,False,,,,,,,,,,,,
831573,2026-03-10,home,621383,Tanner Banks,,,,0,3,0,0,True,True,False,,,0.0,831576,,,2.0,831427,,,0.0,831578
831573,2026-03-10,away,661563,Luis Gil,,,,1,1,0,0,True,True,False,6.0,831634,6.0,831634,,,,,,,,
831513,2026-03-10,home,656302,Dylan Cease,,,,0,0,0,0,True,True,False,,,,,,,,,,,,
831513,2026-03-10,away,702275,JR Ritchie,,,,0,0,0,0,True,True,False,,,,,,,,,,,,
831473,2026-03-10,home,656849,David Peterson,,,,1,1,0,0,True,True,False,4.0,831431,4.0,831431,,,,,,,,
831473,2026-03-10,away,694363,Jared Shuster,,,,0,0,0,0,True,True,False,,,,,,,,,,,,
831471,2026-03-10,home,691587,Eury Pérez,,,,0,0,0,0,True,True,False,,,,,,,,,,,,
831471,2026-03-10,away,656492,Foster Griffin,,,,1,1,0,0,True,True,False,1.0,831428,1.0,831428,,,,,,,,
831956,2026-03-10,home,607192,Tyler Glasnow,,,,1,1,0,0,True,True,False,4.0,831799,4.0,831799,,,,,,,,
831956,2026-03-10,away,694297,Brandon Pfaadt,,,,1,1,0,0,True,True,False,1.0,831963,1.0,831963,,,,,,,,
831758,2026-03-10,home,676440,Tanner Bibee,,,,1,1,0,0,True,True,False,4.0,831880,4.0,831880,,,,,,,,
831758,2026-03-10,away,693313,Carson Seymour,,,,0,1,0,0,True,True,False,,,2.0,831739,,,,,,,,
831920,2026-03-10,home,594798,Jacob deGrom,,,,1,1,0,0,True,True,False,3.0,831938,3.0,831938,,,,,,,,
831920,2026-03-10,away,690990,Cade Horton,,,,1,1,0,0,True,True,False,3.0,831853,3.0,831853,,,,,,,,
831918,2026-03-10,home,605488,Jeffrey Springs,,,,1,1,0,0,True,True,False,4.0,831963,4.0,831963,,,,,,,,
831918,2026-03-10,away,681343,Shane Smith,,,,0,0,0,0,True,True,False,,,,,,,,,,,,
831898,2026-03-10,home,663372,Ryan Feltner,,,,0,1,0,0,True,True,False,,,5.0,831792,,,,,,,,
831898,2026-03-10,away,682227,Brandon Williamson,,,,0,1,0,0,True,True,False,,,2.0,831930,,,,,,,,
831771,2026-03-10,home,815083,Mitch Farris,,,,1,1,0,0,True,True,False,1.0,831844,1.0,831844,,,,,,,,
831771,2026-03-10,away,621111,Walker Buehler,,,,1,1,0,0,True,True,False,4.0,831765,4.0,831765,,,,,,,,
831836,2026-03-10,home,681867,Cooper Criswell,,,,1,1,0,0,True,True,False,1.0,831739,1.0,831739,,,,,,,,
831836,2026-03-10,away,666142,Cole Ragans,,,,1,1,0,0,True,True,False,2.0,831733,2.0,831733,,,,,,,,
831507,2026-03-11,home,680694,Kyle Bradish,,,,0,0,0,0,True,True,False,,,,,,,,,,,,
831507,2026-03-11,away,663562,Noah Davis,,,,0,1,0,0,True,True,False,,,3.0,831525,,,,,,,,
831465,2026-03-11,home,676917,Cade Cavalli,,,,1,1,0,0,True,True,False,6.0,831524,6.0,831524,,,,,,,,
831465,2026-03-11,away,669160,Dustin May,,,,1,1,0,0,True,True,False,1.0,831478,1.0,831478,,,,,,,,
831619,2026-03-11,home,671737,Taj Bradley,,,,1,1,0,0,True,True,False,3.0,831632,3.0,831632,,,,,,,,
831619,2026-03-11,away,663432,Tanner Rainey,,,,0,2,0,0,True,True,False,,,0.0,831626,,,2.0,831631,,,,
831574,2026-03-11,home,675911,Spencer Strider,,,,0,1,0,0,True,True,False,,,4.0,831583,,,,,,,,
831574,2026-03-11,away,607259,Nick Martinez,,,,0,0,0,0,True,True,False,,,,,,,,,,,,
831561,2026-03-11,home,676974,Max Meyer,,,,1,1,0,0,True,True,False,4.0,831480,4.0,831480,,,,,,,,
831561,2026-03-11,away,837227,Tatsuya Imai,,,,1,1,0,0,True,True,False,3.0,831582,3.0,831582,,,,,,,,
831849,2026-03-11,home,607067,Colin Rea,,,,1,1,0,0,True,True,False,6.0,831961,6.0,831961,,,,,,,,
831849,2026-03-11,away,687765,Mitch Spence,,,,1,2,0,0,True,True,False,0.0,831842,0.0,831842,,,2.0,831794,,,,
831762,2026-03-11,home,663559,Bailey Falter,,,,0,0,0,0,True,True,False,,,,,,,,,,,,
831762,2026-03-11,away,641816,Tyler Mahle,,,,1,1,0,0,True,True,False,4.0,831889,4.0,831889,,,,,,,,
831824,2026-03-11,home,641743,Anthony Kay,,,,2,2,0,0,True,True,False,2.0,831919,2.0,831919,2.0,831914,2.0,831914,,,,
831824,2026-03-11,away,666201,Alek Manoah,,,,1,1,0,0,True,True,False,3.0,831941,3.0,831941,,,,,,,,
831793,2026-03-11,home,671096,Andrew Abbott,,,,2,2,0,0,True,True,False,5.0,831889,5.0,831889,2.0,831899,2.0,831899,,,,
831793,2026-03-11,away,688107,Robert Gasser,,,,1,1,0,0,True,True,False,2.0,831792,2.0,831792,,,,,,,,
831950,2026-03-11,home,669194,Ryne Nelson,,,,1,1,0,0,True,True,False,3.0,831961,3.0,831961,,,,,,,,
831950,2026-03-11,away,806960,Luis Morales,,,,1,1,0,0,True,True,False,4.0,831941,4.0,831941,,,,,,,,
831861,2026-03-11,home,622491,Luis Castillo,,,,1,1,0,0,True,True,False,2.0,831765,2.0,831765,,,,,,,,
831861,2026-03-11,away,801403,Chase Dollander,,,,2,2,0,0,True,True,False,2.0,831871,2.0,831871,1.0,831867,1.0,831867,,,,
831620,2026-03-11,home,693645,Cam Schlittler,,,,1,1,0,0,True,True,False,4.0,831624,4.0,831624,,,,,,,,
831620,2026-03-11,away,641778,Eric Lauer,,,,1,1,0,0,True,True,False,2.0,831583,2.0,831583,,,,,,,,
831472,2026-03-12,home,700241,Michael McGreevy,,,,1,1,0,0,True,True,False,4.0,831519,4.0,831519,,,,,,,,
831472,2026-03-12,away,640455,Sean Manaea,,,,1,1,0,0,True,True,False,1.0,831480,1.0,831480,,,,,,,,
831622,2026-03-12,home,641927,Bailey Ober,,,,1,1,0,0,True,True,False,1.0,831521,1.0,831521,,,,,,,,
831622,2026-03-12,away,813349,Connelly Early,,,,1,1,0,0,True,True,False,4.0,831631,4.0,831631,,,,,,,,
831564,2026-03-12,home,666200,Jesús Luzardo,,,,1,1,0,0,True,True,False,5.0,831581,5.0,831581,,,,,,,,
831564,2026-03-12,away,669310,CJ Van Eyk,,,,0,1,0,0,True,True,False,,,0.0,831583,,,,,,,,
831621,2026-03-12,home,434378,Justin Verlander,,,,1,1,0,0,True,True,False,4.0,831631,4.0,831631,,,,,,,,
831621,2026-03-12,away,701542,Will Warren,,,,2,2,0,0,True,True,False,3.0,831568,3.0,831568,3.0,831578,3.0,831578,,,,
831754,2026-03-12,home,665795,Edward Cabrera,,,,1,1,0,0,True,True,False,2.0,831929,2.0,831929,,,,,,,,
831754,2026-03-12,away,676106,Emerson Hancock,,,,0,1,0,0,True,True,False,,,4.0,831737,,,,,,,,
831936,2026-03-12,home,683004,Jack Leiter,,,,1,1,0,0,True,True,False,4.0,831737,4.0,831737,,,,,,,,
831936,2026-03-12,away,669372,J.T. Ginn,,,,2,2,0,0,True,True,False,3.0,831871,3.0,831871,2.0,831899,2.0,831899,,,,
831869,2026-03-12,home,664199,Taylor Clarke,,,,0,3,0,0,True,True,False,,,0.0,831748,,,1.0,831919,,,0.0,831800
831869,2026-03-12,away,807743,Sean Sullivan,,,,0,2,0,0,True,True,False,,,1.0,831863,,,2.0,831867,,,,
831510,2026-03-12,home,681347,Mike Burrows,,,,1,1,0,0,True,True,False,4.0,831524,4.0,831524,,,,,,,,
831510,2026-03-12,away,663623,Jake Irvin,,,,0,0,0,0,True,True,False,,,,,,,,,,,,
831466,2026-03-12,home,696149,Bubba Chandler,,,,1,1,0,0,True,True,False,5.0,831525,5.0,831525,,,,,,,,
831466,2026-03-12,away,656550,Grant Holmes,,,,2,2,0,0,True,True,False,3.0,831580,3.0,831580,2.0,831531,2.0,831531,,,,
831894,2026-03-12,home,608344,Cole Irvin,,,,1,1,0,0,True,True,False,1.0,831810,1.0,831810,,,,,,,,
831894,2026-03-12,away,666157,Nick Lodolo,,,,0,1,0,0,True,True,False,,,4.0,831897,,,,,,,,
831908,2026-03-12,home,686790,Trevor McDonald,,,,0,1,0,0,True,True,False,,,2.0,831889,,,,,,,,
831908,2026-03-12,away,621366,Ryan Borucki,,,,0,2,0,0,True,True,False,,,2.0,831904,,,1.0,831914,,,,
831791,2026-03-12,home,677944,Slade Cecconi,,,,2,2,0,0,True,True,False,3.0,831774,3.0,831774,4.0,831874,4.0,831874,,,,
831791,2026-03-12,away,669084,DL Hall,,,,1,1,0,0,True,True,False,2.0,831855,2.0,831855,,,,,,,,
831839,2026-03-12,home,608566,Germán Márquez,,,,2,2,0,0,True,True,False,3.0,831921,3.0,831921,2.0,831768,2.0,831768,,,,
831839,2026-03-12,away,663460,Kris Bubic,,,,1,2,0,0,True,True,False,3.0,831794,3.0,831897,,,3.0,831794,,,,
831616,2026-03-13,home,670912,Johan Oviedo,,,,2,2,0,0,True,True,False,4.0,831629,4.0,831629,4.0,831640,4.0,831640,,,,
831616,2026-03-13,away,656876,Drew Rasmussen,,,,1,1,0,0,True,True,False,1.0,831585,1.0,831585,,,,,,,,
831565,2026-03-13,home,691725,Andrew Painter,,,,2,2,0,0,True,True,False,0.0,831576,0.0,831576,1.0,831578,1.0,831578,,,,
831565,2026-03-13,away,700249,Cade Povich,,,,1,1,0,0,True,True,False,1.0,831630,1.0,831630,,,,,,,,
831563,2026-03-13,home,800311,Didier Fuentes,,,,0,1,0,0,True,True,False,,,4.0,831580,,,,,,,,
831563,2026-03-13,away,677960,Ryan Weathers,,,,1,1,0,0,True,True,False,3.0,831575,3.0,831575,,,,,,,,
831623,2026-03-13,home,664074,Cody Ponce,,,,2,2,0,0,True,True,False,1.0,831628,1.0,831628,2.0,831640,2.0,831640,,,,
831623,2026-03-13,away,690953,Mick Abel,,,,2,2,0,0,True,True,False,2.0,831630,2.0,831630,6.0,831531,6.0,831531,,,,
831778,2026-03-13,home,650644,Aaron Civale,,,,2,2,0,0,True,True,False,4.0,831832,4.0,831832,1.0,831940,1.0,831940,,,,
831778,2026-03-13,away,650633,Michael King,,,,2,2,0,0,True,True,False,2.0,831774,2.0,831774,3.0,831934,3.0,831934,,,,
831933,2026-03-13,home,663436,Davis Martin,,,,1,2,0,0,True,True,False,2.0,831760,4.0,831904,,,2.0,831760,,,,
831933,2026-03-13,away,702303,Riley Martin,,,,0,1,0,0,True,True,False,,,0.0,831949,,,,,,,,
831879,2026-03-13,home,680570,Grayson Rodriguez,,,,2,2,0,0,True,True,False,2.0,831795,2.0,831795,3.0,831840,3.0,831840,,,,
831879,2026-03-13,away,676282,Joey Cantillo,,,,2,2,0,0,True,True,False,4.0,831882,4.0,831882,2.0,831811,2.0,831811,,,,
831731,2026-03-13,home,500779,Jose Quintana,,,,0,0,0,0,True,True,False,,,,,,,,,,,,
831731,2026-03-13,away,656641,Jacob Latz,,,,2,2,0,0,True,True,False,3.0,831726,3.0,831726,1.0,831721,1.0,831721,,,,
831935,2026-03-13,home,690986,Kyle Harrison,,,,1,2,0,0,True,True,False,8.0,831740,8.0,831740,,,2.0,831855,,,,
831935,2026-03-13,away,695611,Gage Jump,,,,1,2,0,0,True,True,False,1.0,831828,1.0,831828,,,3.0,831899,,,,
831464,2026-03-13,home,641793,Zack Littell,,,,0,0,0,0,True,True,False,,,,,,,,,,,,
831464,2026-03-13,away,605218,Carl Edwards Jr.,,,,0,1,0,0,True,True,False,,,5.0,831575,,,,,,,,
831512,2026-03-13,home,663554,Casey Mize,,,,1,2,0,0,True,True,False,1.0,831518,1.0,831518,,,2.0,831527,,,,
831512,2026-03-13,away,605182,Mike Clevinger,,,,1,2,0,0,True,True,False,3.0,831577,2.0,831571,,,3.0,831577,,,,
831567,2026-03-13,home,681517,Kyle Leahy,,,,2,2,0,0,True,True,False,5.0,831469,5.0,831469,1.0,831477,1.0,831477,,,,
831567,2026-03-13,away,678906,Kai-Wei Teng,,,,0,2,0,0,True,True,False,,,1.0,831524,,,1.0,831579,,,,
831462,2026-03-13,home,673540,Kodai Senga,,,,1,1,0,0,True,True,False,2.0,831469,2.0,831469,,,,,,,,
831462,2026-03-13,away,663978,Chris Paddack,,,,2,2,0,0,True,True,False,2.0,831523,2.0,831523,3.0,831475,3.0,831475,,,,
831891,2026-03-13,home,694738,Landen Roupp,,,,2,2,0,0,True,True,False,2.0,831757,2.0,831757,2.0,831760,2.0,831760,,,,
831891,2026-03-13,away,695505,Chase Burns,,,,1,1,0,0,True,True,False,4.0,831892,4.0,831892,,,,,,,,
831958,2026-03-13,home,608379,Michael Wacha,,,,0,1,0,0,True,True,False,,,3.0,831794,,,,,,,,
831958,2026-03-13,away,518876,Merrill Kelly,,,,0,0,0,0,True,True,False,,,,,,,,,,,,
831759,2026-03-13,home,663903,Brady Singer,,,,2,2,0,0,True,True,False,3.0,831960,3.0,831960,1.0,831930,1.0,831930,,,,
831759,2026-03-13,away,687931,Carson Whisenhunt,,,,1,2,0,0,True,True,False,5.0,831726,5.0,831726,,,2.0,831760,,,,
831801,2026-03-13,home,807739,Kade Anderson,,,,1,1,0,0,True,True,False,2.0,831737,2.0,831737,,,,,,,,
831801,2026-03-13,away,689017,Landon Knack,,,,2,2,0,0,True,True,False,0.0,831863,0.0,831863,1.0,831827,1.0,831827,,,,
831459,2026-03-14,home,806046,Alex Clemmey,,,,0,0,0,0,True,True,False,,,,,,,,,,,,
831459,2026-03-14,away,806188,Cade Gibson,,,,0,3,0,0,True,True,False,,,1.0,831561,,,3.0,831523,,,1.0,831436
831562,2026-03-14,home,669387,Carmen Mlodzinski,,,,1,2,0,0,True,True,False,4.0,831571,4.0,831571,,,2.0,831577,,,,
831562,2026-03-14,away,669432,Trevor Rogers,,,,1,1,0,0,True,True,False,4.0,831445,4.0,831445,,,,,,,,
831613,2026-03-14,home,680573,Simeon Woods Richardson,,,,2,2,0,0,True,True,False,5.0,831522,5.0,831522,3.0,831641,3.0,831641,,,,
831613,2026-03-14,away,663765,Jake Woodford,,,,1,2,0,0,True,True,False,2.0,831432,1.0,831626,,,2.0,831432,,,,
831514,2026-03-14,home,608331,Max Fried,,,,2,2,0,0,True,True,False,6.0,831517,6.0,831517,1.0,831444,1.0,831444,,,,
831514,2026-03-14,away,669060,Bryse Wilson,,,,1,1,0,0,True,True,False,3.0,831515,3.0,831515,,,,,,,,
831614,2026-03-14,home,453286,Max Scherzer,,,,1,1,0,0,True,True,False,1.0,831576,1.0,831576,,,,,,,,
831614,2026-03-14,away,669373,Tarik Skubal,,,,1,1,0,0,True,True,False,1.0,831639,1.0,831639,,,,,,,,
831460,2026-03-14,home,687473,Ryan Gusto,,,,0,1,0,0,True,True,False,,,2.0,831467,,,,,,,,
831460,2026-03-14,away,669467,Andre Pallante,,,,2,2,0,0,True,True,False,3.0,831467,3.0,831467,2.0,831476,2.0,831476,,,,
831850,2026-03-14,home,682052,Jacob Lopez,,,,1,1,0,0,True,True,False,1.0,831812,1.0,831812,,,,,,,,
831850,2026-03-14,away,686701,Ryan Bergert,,,,2,2,0,0,True,True,False,2.0,831881,2.0,831881,4.0,831851,4.0,831851,,,,
831953,2026-03-14,home,605288,Adrian Houser,,,,1,1,0,0,True,True,False,3.0,831720,3.0,831720,,,,,,,,
831953,2026-03-14,away,668678,Zac Gallen,,,,2,2,0,0,True,True,False,3.0,831748,3.0,831748,0.0,831800,0.0,831800,,,,
831728,2026-03-14,home,695076,Rhett Lowder,,,,2,2,0,0,True,True,False,4.0,831943,4.0,831943,3.0,831852,3.0,831852,,,,
831728,2026-03-14,away,596295,Austin Gomber,,,,1,1,0,0,True,True,False,3.0,831874,3.0,831874,,,,,,,,
831770,2026-03-14,home,543135,Nathan Eovaldi,,,,1,1,0,0,True,True,False,4.0,831813,4.0,831813,,,,,,,,
831770,2026-03-14,away,594835,Marco Gonzales,,,,0,2,0,0,True,True,False,,,5.0,831921,,,1.0,831768,,,,
831809,2026-03-14,home,678024,Mike Vasil,,,,0,1,0,0,True,True,False,,,1.0,831865,,,,,,,,
831809,2026-03-14,away,680736,Justin Wrobleski,,,,1,1,0,0,True,True,False,3.0,831812,3.0,831812,,,,,,,,
831928,2026-03-14,home,607536,Kyle Freeland,,,,2,2,0,0,True,True,False,2.0,831865,2.0,831865,1.0,831723,1.0,831723,,,,
831928,2026-03-14,away,676962,Ben Brown,,,,1,1,0,0,True,True,False,3.0,831921,3.0,831921,,,,,,,,
831877,2026-03-14,home,601713,Nick Pivetta,,,,1,1,0,0,True,True,False,1.0,831772,1.0,831772,,,,,,,,
831877,2026-03-14,away,671106,Logan Allen,,,,0,0,0,0,True,True,False,,,,,,,,,,,,
831747,2026-03-14,home,700712,Walbert Ureña,,,,0,2,0,0,True,True,False,,,1.0,831771,,,3.0,831941,,,,
831747,2026-03-14,away,669302,Logan Gilbert,,,,2,2,0,0,True,True,False,2.0,831904,2.0,831904,3.0,831721,3.0,831721,,,,
831860,2026-03-14,home,694819,Jacob Misiorowski,,,,1,2,0,0,True,True,False,5.0,831855,6.0,831740,,,5.0,831855,,,,
831860,2026-03-14,away,688642,Zach Agnos,,,,1,3,0,0,True,True,False,0.0,831863,1.0,831861,,,0.0,831863,,,1.0,831723
831508,2026-03-14,home,680802,Ryan Weiss,,,,0,2,0,0,True,True,False,,,6.0,831516,,,3.0,831440,,,,
831508,2026-03-14,away,642547,Freddy Peralta,,,,1,1,0,0,True,True,False,4.0,831575,4.0,831575,,,,,,,,
831566,2026-03-14,home,693821,Bryce Elder,,,,2,2,0,0,True,True,False,2.0,831520,2.0,831520,1.0,831527,1.0,831527,,,,
831566,2026-03-14,away,678394,Brayan Bello,,,,1,1,0,0,True,True,False,2.0,836150,2.0,836150,,,,,,,,
831461,2026-03-15,home,690916,Richard Fitts,,,,1,2,0,0,True,True,False,3.0,831516,3.0,831516,,,4.0,831429,,,,
831461,2026-03-15,away,571945,Miles Mikolas,,,,1,1,0,0,True,True,False,3.0,831479,3.0,831479,,,,,,,,
831511,2026-03-15,home,663556,Shane McClanahan,,,,2,2,0,0,True,True,False,3.0,831626,3.0,831626,1.0,831532,1.0,831532,,,,
831511,2026-03-15,away,664353,José Urquidy,,,,2,2,0,0,True,True,False,0.0,831517,0.0,831517,3.0,831430,3.0,831430,,,,
831615,2026-03-15,home,664918,Kyle Keller,,,,0,4,0,0,True,True,False,,,1.0,831622,,,0.0,831571,,,0.0,831581
831615,2026-03-15,away,805673,Zebby Matthews,,,,2,2,0,0,True,True,False,5.0,831569,5.0,831569,3.0,831435,3.0,831435,,,,
831458,2026-03-15,home,592836,Taijuan Walker,,,,1,1,0,0,True,True,False,2.0,831800,2.0,831800,,,,,,,,
831458,2026-03-15,away,660761,José Suarez,,,,0,1,0,0,True,True,False,,,2.0,831513,,,,,,,,
831509,2026-03-15,home,664299,Cristian Javier,,,,2,2,0,0,True,True,False,3.0,831516,3.0,831516,0.0,831440,0.0,831440,,,,
831509,2026-03-15,away,691587,Eury Pérez,,,,1,1,0,0,True,True,False,7.0,831471,7.0,831471,,,,,,,,
831611,2026-03-15,home,661563,Luis Gil,,,,2,2,0,0,True,True,False,4.0,831573,4.0,831573,6.0,831634,6.0,831634,,,,
831611,2026-03-15,away,664285,Framber Valdez,,,,2,2,0,0,True,True,False,6.0,831626,6.0,831626,3.0,831527,3.0,831527,,,,
831555,2026-03-15,home,804267,Zac Thornton,,,,1,1,0,0,True,True,False,3.0,831468,3.0,831468,,,,,,,,
831555,2026-03-15,away,814804,Grant Rogers,,,,1,1,0,0,True,True,False,3.0,831639,3.0,831639,,,,,,,,
831814,2026-03-15,home,592791,Jameson Taillon,,,,1,1,0,0,True,True,False,2.0,831930,2.0,831930,,,,,,,,
831814,2026-03-15,away,686218,Emmet Sheehan,,,,1,2,0,0,True,True,False,2.0,831802,2.0,831802,,,0.0,831799,,,,
831944,2026-03-15,home,676440,Tanner Bibee,,,,2,2,0,0,True,True,False,6.0,831758,6.0,831758,4.0,831880,4.0,831880,,,,
831944,2026-03-15,away,827734,Wei-En Lin,,,,0,0,0,0,True,True,False,,,,,,,,,,,,
831727,2026-03-15,home,689981,River Ryan,,,,0,2,0,0,True,True,False,,,3.0,831802,,,3.0,831811,,,,
831727,2026-03-15,away,657022,Trey Supak,,,,1,1,0,0,True,True,False,0.0,831725,0.0,831725,,,,,,,,
831913,2026-03-15,home,666142,Cole Ragans,,,,2,2,0,0,True,True,False,5.0,831836,5.0,831836,2.0,831733,2.0,831733,,,,
831913,2026-03-15,away,696146,Hagen Smith,,,,0,2,0,0,True,True,False,,,1.0,831918,,,2.0,831880,,,,
831787,2026-03-15,home,592662,Robbie Ray,,,,2,2,0,0,True,True,False,4.0,831816,4.0,831816,2.0,831739,2.0,831739,,,,
831787,2026-03-15,away,675660,Shane Drohan,,,,0,2,0,0,True,True,False,,,3.0,831802,,,4.0,831929,,,,
831858,2026-03-15,home,803135,Austin Gordon,,,,0,2,0,0,True,True,False,,,3.0,831832,,,1.0,831827,,,,
831858,2026-03-15,away,685299,Tanner Gordon,,,,0,1,0,0,True,True,False,,,4.0,831898,,,,,,,,
831777,2026-03-15,home,694297,Brandon Pfaadt,,,,2,2,0,0,True,True,False,4.0,831956,4.0,831956,1.0,831963,1.0,831963,,,,
831777,2026-03-15,away,681190,Randy Vásquez,,,,1,2,0,0,True,True,False,2.0,831725,2.0,831725,,,3.0,831854,,,,
831890,2026-03-15,home,669923,George Kirby,,,,1,1,0,0,True,True,False,2.0,831740,2.0,831740,,,,,,,,
831890,2026-03-15,away,682227,Brandon Williamson,,,,1,2,0,0,True,True,False,3.0,831898,3.0,831898,,,2.0,831930,,,,
831506,2026-03-16,home,657746,Joe Ryan,,,,1,1,0,0,True,True,False,0.0,831618,0.0,831618,,,,,,,,
831506,2026-03-16,away,663562,Noah Davis,,,,1,2,0,0,True,True,False,5.0,831507,5.0,831507,,,3.0,831525,,,,
831498,2026-03-16,home,656427,Jack Flaherty,,,,1,1,0,0,True,True,False,3.0,831433,3.0,831433,,,,,,,,
831498,2026-03-16,away,666155,Chuck King,,,,0,1,0,0,True,True,False,,,4.0,831573,,,,,,,,
831557,2026-03-16,home,519242,Chris Sale,,,,1,1,0,0,True,True,False,2.0,831583,2.0,831583,,,,,,,,
831557,2026-03-16,away,607259,Nick Martinez,,,,1,1,0,0,True,True,False,5.0,831574,5.0,831574,,,,,,,,
831559,2026-03-16,home,676083,Janson Junk,,,,0,2,0,0,True,True,False,,,2.0,831561,,,2.0,831523,,,,
831559,2026-03-16,away,681751,Lazaro Estrada,,,,0,3,0,0,True,True,False,,,0.0,831620,,,1.0,831576,,,0.0,831437
831834,2026-03-16,home,605488,Jeffrey Springs,,,,2,2,0,0,True,True,False,3.0,831918,3.0,831918,4.0,831963,4.0,831963,,,,
831834,2026-03-16,away,691946,George Klassen,,,,1,2,0,0,True,True,False,4.0,831817,2.0,831816,,,4.0,831817,,,,
831785,2026-03-16,home,607192,Tyler Glasnow,,,,2,2,0,0,True,True,False,5.0,831956,5.0,831956,4.0,831799,4.0,831799,,,,
831785,2026-03-16,away,694477,Chad Patrick,,,,2,2,0,0,True,True,False,5.0,831954,5.0,831954,2.0,831794,2.0,831794,,,,
831903,2026-03-16,home,669194,Ryne Nelson,,,,2,2,0,0,True,True,False,4.0,831950,4.0,831950,3.0,831961,3.0,831961,,,,
831903,2026-03-16,away,671096,Andrew Abbott,,,,3,3,0,0,True,True,False,5.0,831793,5.0,831793,5.0,831889,5.0,831889,2.0,831899,2.0,831899
831751,2026-03-16,home,621111,Walker Buehler,,,,2,2,0,0,True,True,False,2.0,831771,2.0,831771,4.0,831765,4.0,831765,,,,
831751,2026-03-16,away,641816,Tyler Mahle,,,,2,2,0,0,True,True,False,1.0,831762,1.0,831762,4.0,831889,4.0,831889,,,,
831457,2026-03-16,home,656849,David Peterson,,,,2,2,0,0,True,True,False,3.0,831473,3.0,831473,4.0,831431,4.0,831431,,,,
831457,2026-03-16,away,683068,Zach Penrod,,,,0,4,0,0,True,True,False,,,0.0,831459,,,2.0,831471,,,0.0,831524
831905,2026-03-16,home,669022,MacKenzie Gore,,,,1,1,0,0,True,True,False,2.0,831733,2.0,831733,,,,,,,,
831905,2026-03-16,away,680732,Sean Burke,,,,1,1,0,0,True,True,False,3.0,831880,3.0,831880,,,,,,,,
831924,2026-03-16,home,668909,Gavin Williams,,,,2,2,0,0,True,True,False,5.0,831826,5.0,831826,3.0,831867,3.0,831867,,,,
831924,2026-03-16,away,690990,Cade Horton,,,,2,2,0,0,True,True,False,2.0,831920,2.0,831920,3.0,831853,3.0,831853,,,,
824295,2026-04-04,home,656427,Jack Flaherty,2.0,,,4,4,0,0,True,True,False,2.0,823323,2.0,823323,6.0,831857,6.0,831857,3.0,831498,3.0,831498
824295,2026-04-04,away,669160,Dustin May,3.0,,,5,5,0,0,True,True,False,3.0,823079,3.0,823079,4.0,831442,4.0,831442,3.0,831454,3.0,831454
824622,2026-04-04,home,691799,Grant Taylor,1.0,,,1,8,0,0,True,True,False,0.0,831904,3.0,823810,,,1.0,823811,,,1.0,831915
824622,2026-04-04,away,689254,Mason Fluharty,2.0,1.0,1.0,0,9,0,0,True,True,False,,,2.0,822835,,,1.0,822836,,,1.0,822837
824132,2026-04-04,home,679883,Luinder Avila,,,,0,1,0,0,True,True,False,,,3.0,831794,,,,,,,,
824132,2026-04-04,away,694477,Chad Patrick,4.0,,,5,5,0,0,True,True,False,4.0,823811,4.0,823811,4.0,831789,4.0,831789,2.0,831785,2.0,831785
822757,2026-04-04,home,663623,Jake Irvin,7.0,,,3,3,0,0,True,True,False,7.0,824700,7.0,824700,5.0,831454,5.0,831454,4.0,831510,4.0,831510
822757,2026-04-04,away,607192,Tyler Glasnow,6.0,,,5,5,0,0,True,True,False,6.0,823973,6.0,823973,11.0,831804,11.0,831804,6.0,831785,6.0,831785
825027,2026-04-04,home,806960,Luis Morales,5.0,,,5,5,0,0,True,True,False,5.0,822837,5.0,822837,2.0,831915,2.0,831915,5.0,831942,5.0,831942
825027,2026-04-04,away,837227,Tatsuya Imai,4.0,,,4,4,0,0,True,True,False,4.0,824215,4.0,824215,3.0,831443,3.0,831443,4.0,831561,4.0,831561
823404,2026-04-04,home,669387,Carmen Mlodzinski,8.0,,,3,4,0,0,True,True,False,8.0,823647,8.0,823647,5.0,831562,5.0,831562,4.0,831571,4.0,831571
823404,2026-04-04,away,669358,Shane Baz,4.0,,,3,3,0,0,True,True,False,4.0,824864,4.0,824864,5.0,831546,5.0,831546,5.0,831642,5.0,831642
824782,2026-04-04,home,813349,Connelly Early,6.0,,,4,4,0,0,True,True,False,6.0,824538,6.0,824538,7.0,831607,7.0,831607,1.0,831622,1.0,831622
824782,2026-04-04,away,681190,Randy Vásquez,8.0,,,4,5,0,0,True,True,False,8.0,823323,8.0,823323,4.0,831767,4.0,831767,4.0,831777,4.0,831777
822920,2026-04-04,home,677958,Kumar Rocker,,,,1,3,0,0,True,True,False,6.0,831833,6.0,831833,,,5.0,831920,,,1.0,831938
822920,2026-04-04,away,695076,Rhett Lowder,5.0,,,4,5,0,0,True,True,False,5.0,824538,5.0,824538,4.0,831728,3.0,832077,4.0,831943,4.0,831728
823569,2026-04-04,home,677960,Ryan Weathers,7.0,,,4,5,0,0,True,True,False,7.0,823159,7.0,823159,5.0,831605,4.0,831779,4.0,831563,5.0,831605
823569,2026-04-04,away,676974,Max Meyer,5.0,,,3,3,0,0,True,True,False,5.0,823891,5.0,823891,6.0,831561,6.0,831561,4.0,831480,4.0,831480
823730,2026-04-04,home,690953,Mick Abel,4.0,,,4,6,0,0,True,True,False,6.0,831606,4.0,824864,4.0,831623,4.0,832037,2.0,831630,6.0,831606
823730,2026-04-04,away,571927,Steven Matz,2.0,,,3,3,0,0,True,True,False,2.0,823079,2.0,823079,4.0,831547,4.0,831547,3.0,831618,3.0,831618
825104,2026-04-04,home,647336,Michael Soroka,10.0,,,4,4,0,0,True,True,False,10.0,825108,10.0,825108,5.0,831887,5.0,831887,8.0,831962,8.0,831962
825104,2026-04-04,away,693821,Bryce Elder,5.0,,,4,4,0,0,True,True,False,5.0,824943,5.0,824943,6.0,831566,6.0,831566,2.0,831520,2.0,831520
824378,2026-04-04,home,657514,Brennan Bernardino,0.0,1.0,0.0,1,9,0,0,True,True,False,0.0,831799,0.0,822835,,,1.0,822836,,,0.0,823892
824378,2026-04-04,away,666200,Jesús Luzardo,7.0,,,5,5,0,0,True,True,False,7.0,823487,7.0,823487,6.0,831547,6.0,831547,5.0,831554,5.0,831554
823239,2026-04-04,home,694738,Landen Roupp,7.0,,,6,6,0,0,True,True,False,7.0,823320,7.0,823320,6.0,831782,6.0,831782,5.0,831761,5.0,831761
823239,2026-04-04,away,605280,Clay Holmes,5.0,,,2,2,0,0,True,True,False,5.0,823080,6.0,831462,4.0,831579,4.0,831579,,,,
824054,2026-04-04,home,686799,Jack Kochanowicz,3.0,,,4,5,0,0,True,True,False,3.0,824215,3.0,824215,4.0,831820,4.0,831820,6.0,831895,6.0,831895
824054,2026-04-04,away,676106,Emerson Hancock,9.0,,,2,4,0,0,True,True,False,9.0,823160,9.0,823160,5.0,831754,4.0,831784,,,5.0,831754
824459,2026-04-05,home,677944,Slade Cecconi,5.0,,,5,5,0,0,True,True,False,5.0,823160,5.0,823160,2.0,831885,2.0,831885,6.0,831791,6.0,831791
824459,2026-04-05,away,665795,Edward Cabrera,5.0,,,5,5,0,0,True,True,False,5.0,824702,5.0,824702,3.0,831779,3.0,831779,4.0,831932,4.0,831932
822756,2026-04-05,home,656492,Foster Griffin,5.0,,,4,4,0,0,True,True,False,5.0,823484,5.0,823484,5.0,831450,5.0,831450,4.0,831471,4.0,831471
822756,2026-04-05,away,808963,Roki Sasaki,4.0,,,4,4,0,0,True,True,False,4.0,823972,4.0,823972,2.0,831821,2.0,831821,5.0,831806,5.0,831806
823405,2026-04-05,home,677952,Braxton Ashcraft,3.0,,,3,3,0,0,True,True,False,3.0,824539,3.0,824539,8.0,831558,8.0,831558,5.0,831470,5.0,831470
823405,2026-04-05,away,605135,Chris Bassitt,3.0,,,4,6,0,0,True,True,False,3.0,824863,3.0,824863,4.0,831610,1.0,831546,2.0,831519,4.0,831610
824781,2026-04-05,home,624133,Ranger Suarez,3.0,,,3,3,0,0,True,True,False,3.0,824214,3.0,824214,4.0,832037,4.0,832037,2.0,831638,2.0,831638
824781,2026-04-05,away,621111,Walker Buehler,3.0,,,5,5,0,0,True,True,False,3.0,823320,3.0,823320,3.0,831947,3.0,831947,7.0,831751,7.0,831751
823566,2026-04-05,home,608331,Max Fried,6.0,4.0,,6,6,0,0,True,True,False,6.0,823158,6.0,823158,4.0,823244,4.0,823244,2.0,832062,2.0,832062
823566,2026-04-05,away,664126,Pete Fairbanks,3.0,1.0,1.0,0,8,0,0,True,True,False,,,3.0,823888,,,1.0,823892,,,1.0,823893
823729,2026-04-05,home,680573,Simeon Woods Richardson,2.0,,,5,4,0,0,True,True,False,2.0,824135,3.0,831604,3.0,831604,2.0,831613,2.0,831613,5.0,831522
823729,2026-04-05,away,607259,Nick Martinez,3.0,,,4,4,0,0,True,True,False,3.0,823809,3.0,823809,0.0,831592,0.0,831592,1.0,831557,1.0,831557
824620,2026-04-05,home,663436,Davis Martin,6.0,,,4,5,0,0,True,True,False,6.0,823890,6.0,823890,3.0,831962,3.0,831962,4.0,831933,4.0,831933
824620,2026-04-05,away,641778,Eric Lauer,9.0,,,3,3,0,0,True,True,False,9.0,822837,9.0,822837,3.0,831620,3.0,831620,2.0,831583,2.0,831583
824131,2026-04-05,home,663460,Kris Bubic,4.0,,,4,4,0,0,True,True,False,4.0,824135,4.0,831822,4.0,831822,4.0,831839,4.0,831839,3.0,831897
824131,2026-04-05,away,690986,Kyle Harrison,8.0,,,4,6,0,0,True,True,False,8.0,823809,8.0,823809,3.0,831818,5.0,832077,4.0,831935,3.0,831818
822917,2026-04-05,home,683004,Jack Leiter,8.0,,,4,4,0,0,True,True,False,8.0,824863,8.0,824863,6.0,831837,6.0,831837,6.0,831936,6.0,831936
822917,2026-04-05,away,695505,Chase Burns,7.0,,,5,5,0,0,True,True,False,7.0,824539,7.0,824539,7.0,832077,7.0,832077,2.0,831895,2.0,831895
824379,2026-04-05,home,608372,Tomoyuki Sugano,4.0,,,3,3,0,0,True,True,False,4.0,822834,4.0,822834,4.0,831856,4.0,831856,1.0,831756,1.0,831756
824379,2026-04-05,away,592836,Taijuan Walker,2.0,,,3,3,0,0,True,True,False,2.0,823484,2.0,823484,3.0,831458,3.0,831458,2.0,831800,2.0,831800
825025,2026-04-05,home,682052,Jacob Lopez,0.0,,,4,4,0,0,True,True,False,0.0,824943,0.0,824943,3.0,831937,3.0,831937,7.0,831850,7.0,831850
825025,2026-04-05,away,621121,Lance McCullers Jr.,9.0,,,4,4,0,0,True,True,False,9.0,824214,9.0,824214,7.0,831441,7.0,831441,1.0,831560,1.0,831560
823238,2026-04-05,home,657277,Logan Webb,5.0,7.0,,4,4,0,0,True,True,False,5.0,823322,5.0,823322,7.0,823244,7.0,823244,3.0,831756,3.0,831756
823238,2026-04-05,away,673540,Kodai Senga,9.0,,,4,3,0,0,True,True,False,9.0,823077,4.0,831500,4.0,831500,5.0,831462,5.0,831462,2.0,831469
824053,2026-04-05,home,691946,George Klassen,,,,3,4,0,0,True,True,False,4.0,831804,4.0,831804,1.0,831834,1.0,831834,4.0,831817,2.0,831816
824053,2026-04-05,away,622491,Luis Castillo,7.0,,,5,5,0,0,True,True,False,7.0,823159,7.0,823159,5.0,831735,5.0,831735,1.0,831769,1.0,831769
825102,2026-04-05,home,694297,Brandon Pfaadt,3.0,,,4,4,0,0,True,True,False,3.0,825107,3.0,825107,6.0,831777,6.0,831777,4.0,831956,4.0,831956
825102,2026-04-05,away,527048,Martín Pérez,3.0,,,1,4,0,0,True,True,False,1.0,831453,3.0,824942,,,1.0,831453,,,6.0,831574
824296,2026-04-05,home,672456,Keider Montero,,,,0,1,0,0,True,True,False,,,3.0,831433,,,,,,,,
824296,2026-04-05,away,681517,Kyle Leahy,1.0,,,5,4,0,0,True,True,False,1.0,823080,6.0,831556,6.0,831556,5.0,831567,5.0,831567,5.0,831469
823002,2026-04-06,home,663556,Shane McClanahan,4.0,,,5,5,0,0,True,True,False,4.0,823807,4.0,823807,4.0,831602,4.0,831602,7.0,831511,7.0,831511
823002,2026-04-06,away,592791,Jameson Taillon,3.0,,,4,4,0,0,True,True,False,3.0,824699,3.0,824699,6.0,831931,6.0,831931,2.0,831814,2.0,831814
824456,2026-04-06,home,676440,Tanner Bibee,4.0,7.0,,6,6,0,0,True,True,False,4.0,823969,4.0,823969,7.0,823163,7.0,823163,3.0,831873,3.0,831873
824456,2026-04-06,away,608379,Michael Wacha,7.0,,,4,5,0,0,True,True,False,7.0,824945,7.0,824945,5.0,831838,5.0,831838,4.0,831833,4.0,831833
823401,2026-04-06,home,696149,Bubba Chandler,6.0,,,3,3,0,0,True,True,False,6.0,824537,6.0,824537,8.0,831466,8.0,831466,5.0,831525,5.0,831525
823401,2026-04-06,away,608566,Germán Márquez,1.0,,,5,6,0,0,True,True,False,1.0,823322,1.0,823322,9.0,831769,8.0,831735,1.0,831839,9.0,831769
823886,2026-04-06,home,676083,Janson Junk,5.0,,,3,5,0,0,True,True,False,5.0,823888,5.0,823888,1.0,831449,1.0,831449,2.0,831559,2.0,831559
823886,2026-04-06,away,682227,Brandon Williamson,3.0,,,4,5,0,0,True,True,False,3.0,824537,3.0,824537,2.0,831902,2.0,831902,4.0,831890,4.0,831890
822755,2026-04-06,home,641793,Zack Littell,1.0,,,2,3,0,0,True,True,False,3.0,831452,1.0,823485,2.0,831464,3.0,831452,,,2.0,831464
822755,2026-04-06,away,669467,Andre Pallante,3.0,,,4,3,0,0,True,True,False,3.0,823077,4.0,831460,4.0,831460,3.0,831467,3.0,831467,2.0,831476
824783,2026-04-06,home,678394,Brayan Bello,2.0,,,4,4,0,0,True,True,False,2.0,824212,2.0,824212,7.0,831606,7.0,831606,7.0,831566,7.0,831566
824783,2026-04-06,away,605540,Brandon Woodruff,6.0,,,3,3,0,0,True,True,False,6.0,823807,6.0,823807,4.0,831722,4.0,831722,3.0,831795,3.0,831795
822832,2026-04-06,home,453286,Max Scherzer,4.0,,,4,4,0,0,True,True,False,4.0,822836,4.0,822836,3.0,831604,3.0,831604,5.0,831614,5.0,831614
822832,2026-04-06,away,680736,Justin Wrobleski,2.0,,,2,4,0,0,True,True,False,3.0,831809,2.0,823972,3.0,831812,5.0,831820,,,3.0,831809
823728,2026-04-06,home,657746,Joe Ryan,3.0,7.0,,4,4,0,0,True,True,False,7.0,824865,7.0,824865,2.0,831599,2.0,831599,6.0,831506,6.0,831506
823728,2026-04-06,away,663554,Casey Mize,9.0,,,4,6,0,0,True,True,False,9.0,825107,9.0,825107,6.0,831558,3.0,831856,2.0,831512,6.0,831558
822918,2026-04-06,home,594798,Jacob deGrom,7.0,,,3,3,0,0,True,True,False,7.0,824861,7.0,824861,5.0,831920,5.0,831920,3.0,831938,3.0,831938
822918,2026-04-06,away,669302,Logan Gilbert,6.0,7.0,,5,5,0,0,True,True,False,6.0,823158,6.0,823158,7.0,823163,7.0,823163,5.0,831747,5.0,831747
823153,2026-04-13,home,669923,George Kirby,4.0,6.0,6.0,5,5,0,0,True,True,False,4.0,822916,4.0,822916,6.0,823162,6.0,823162,4.0,831923,4.0,831923
823153,2026-04-13,away,681347,Mike Burrows,3.0,6.0,6.0,5,5,0,0,True,True,False,3.0,824375,3.0,824375,6.0,824216,6.0,824216,2.0,831549,2.0,831549
824856,2026-04-13,home,665152,Dean Kremer,,,,1,2,0,0,True,True,False,8.0,832062,8.0,832062,,,2.0,831445,,,,
824856,2026-04-13,away,669194,Ryne Nelson,5.0,3.0,4.0,7,7,0,0,True,True,False,5.0,823646,5.0,823646,3.0,825105,3.0,825105,4.0,823971,4.0,823971
823400,2026-04-13,home,694973,Paul Skenes,6.0,5.0,1.0,5,5,0,0,True,True,False,6.0,823402,6.0,823402,5.0,824536,5.0,824536,1.0,823649,1.0,823649
823400,2026-04-13,away,676917,Cade Cavalli,1.0,,,6,6,0,0,True,True,False,3.0,822754,3.0,822754,3.0,823483,3.0,823483,5.0,824704,5.0,824704
823481,2026-04-13,home,650911,Cristopher Sánchez,6.0,7.0,10.0,4,4,0,0,True,True,False,6.0,823235,6.0,823235,7.0,823483,7.0,823483,10.0,823486,10.0,823486
823481,2026-04-13,away,665871,Javier Assad,3.0,,,1,2,0,0,True,True,False,3.0,822999,3.0,822999,,,3.0,831931,,,,
823563,2026-04-13,home,701542,Will Warren,5.0,6.0,3.0,8,8,0,0,True,True,False,5.0,823564,5.0,823564,6.0,823568,6.0,823568,3.0,823241,3.0,823241
823563,2026-04-13,away,579328,Yusei Kikuchi,8.0,5.0,3.0,3,3,0,0,True,True,False,8.0,824051,8.0,824051,3.0,824216,3.0,824216,2.0,831822,2.0,831822
824937,2026-04-13,home,656550,Grant Holmes,6.0,4.0,4.0,7,7,0,0,True,True,False,6.0,824050,6.0,824050,4.0,825103,4.0,825103,4.0,824944,4.0,824944
824937,2026-04-13,away,691587,Eury Pérez,6.0,4.0,8.0,6,6,0,0,True,True,False,6.0,823885,6.0,823885,4.0,823568,4.0,823568,8.0,823892,8.0,823892
823725,2026-04-13,home,641927,Bailey Ober,2.0,4.0,1.0,7,7,0,0,True,True,False,2.0,823726,2.0,823726,4.0,823732,4.0,823732,1.0,824864,1.0,824864
823725,2026-04-13,away,676979,Garrett Crochet,7.0,7.0,8.0,5,5,0,0,True,True,False,7.0,824780,7.0,824780,8.0,824541,8.0,824541,3.0,831502,3.0,831502
823073,2026-04-13,home,669461,Matthew Liberatore,,,,5,5,0,0,True,True,False,6.0,822754,6.0,822754,2.0,823081,2.0,823081,5.0,831456,5.0,831456
823073,2026-04-13,away,668909,Gavin Williams,,,,6,6,0,0,True,True,False,8.0,824457,8.0,824457,7.0,823162,7.0,823162,3.0,831896,3.0,831896
824776,2026-04-20,home,543243,Sonny Gray,1.0,2.0,3.0,7,7,0,0,True,True,False,1.0,823723,1.0,823723,2.0,824779,2.0,824779,3.0,824786,3.0,824786
824776,2026-04-20,away,656427,Jack Flaherty,7.0,6.0,6.0,7,7,0,0,True,True,False,7.0,824291,7.0,824291,6.0,823724,6.0,823724,6.0,824295,6.0,824295
824450,2026-04-20,home,677944,Slade Cecconi,4.0,3.0,6.0,8,8,0,0,True,True,False,4.0,823071,4.0,823071,3.0,824941,3.0,824941,6.0,824459,6.0,824459
824450,2026-04-20,away,681293,Spencer Arrighetti,10.0,,,1,4,0,0,True,True,False,10.0,824209,10.0,824209,,,3.0,831441,,,6.0,831561
822994,2026-04-20,home,669947,Jesse Scholtens,3.0,4.0,,0,4,0,0,True,True,False,,,3.0,824615,,,4.0,823000,,,0.0,831618
822994,2026-04-20,away,695076,Rhett Lowder,4.0,2.0,4.0,7,8,0,0,True,True,False,4.0,824532,4.0,824532,2.0,823884,2.0,823884,4.0,822920,4.0,822920
823879,2026-04-20,home,676974,Max Meyer,5.0,4.0,6.0,6,6,0,0,True,True,False,5.0,824935,5.0,824935,4.0,823884,4.0,823884,6.0,823569,6.0,823569
823879,2026-04-20,away,700241,Michael McGreevy,2.0,1.0,4.0,7,7,0,0,True,True,False,2.0,823072,2.0,823072,1.0,822753,1.0,822753,4.0,824299,4.0,824299
822749,2026-04-20,home,663623,Jake Irvin,5.0,5.0,4.0,6,6,0,0,True,True,False,5.0,823399,5.0,823399,5.0,823808,5.0,823808,4.0,822757,4.0,822757
822749,2026-04-20,away,693821,Bryce Elder,7.0,3.0,8.0,7,7,0,0,True,True,False,7.0,824936,7.0,824936,3.0,824941,3.0,824941,8.0,825104,8.0,825104
822818,2026-05-11,home,592332,Kevin Gausman,3.0,2.0,3.0,9,9,0,0,True,True,False,3.0,822826,3.0,822826,4.0,825100,4.0,825100,5.0,823802,5.0,823802
822818,2026-05-11,away,656876,Drew Rasmussen,5.0,6.0,6.0,7,7,0,0,True,True,False,6.0,822992,6.0,822992,3.0,823394,3.0,823394,7.0,822998,7.0,822998
822901,2026-05-11,home,596001,Jakob Junis,1.0,0.0,0.0,0,18,0,0,True,True,False,,,1.0,822904,,,0.0,824287,,,0.0,822910
822901,2026-05-11,away,647336,Michael Soroka,6.0,2.0,6.0,9,9,0,0,True,True,False,6.0,825091,6.0,825091,6.0,825096,6.0,825096,5.0,825101,5.0,825101
823953,2026-05-11,home,808963,Roki Sasaki,4.0,5.0,2.0,8,8,0,0,True,True,False,5.0,823960,5.0,823960,2.0,824371,2.0,824371,6.0,823966,6.0,823966
823953,2026-05-11,away,686790,Trevor McDonald,8.0,,,2,5,0,0,True,True,False,8.0,823228,8.0,823228,4.0,831908,2.0,831873,,,1.0,831761
824199,2026-05-11,home,663567,Peter Lambert,4.0,3.0,8.0,3,5,0,0,True,True,False,8.0,824449,8.0,824449,8.0,824207,8.0,824207,1.0,831500,1.0,831500
824199,2026-05-11,away,669923,George Kirby,5.0,5.0,2.0,8,8,0,0,True,True,False,2.0,823069,2.0,823069,5.0,823151,5.0,823151,6.0,823153,6.0,823153
824441,2026-05-11,home,676282,Joey Cantillo,1.0,2.0,4.0,10,12,0,0,True,True,False,1.0,824118,1.0,824118,4.0,822826,2.0,825012,6.0,824452,4.0,822826
824441,2026-05-11,away,608718,Brent Suter,2.0,,,1,17,0,0,True,True,False,2.0,823560,2.0,822822,,,0.0,824036,,,1.0,824039
824844,2026-05-11,home,687064,Brandon Young,5.0,2.0,5.0,2,2,0,0,True,True,False,5.0,823872,5.0,823872,5.0,824854,5.0,824854,,,,
824844,2026-05-11,away,677960,Ryan Weathers,5.0,4.0,8.0,10,11,0,0,True,True,False,5.0,823554,5.0,823554,4.0,824203,4.0,824203,8.0,823556,8.0,823556
823554,2026-05-02,home,677960,Ryan Weathers,4.0,8.0,10.0,9,10,0,0,True,True,False,4.0,824203,4.0,824203,8.0,823556,8.0,823556,10.0,823562,10.0,823562
823554,2026-05-02,away,680694,Kyle Bradish,3.0,7.0,4.0,6,6,0,0,True,True,False,4.0,824855,4.0,824855,7.0,824617,7.0,824617,6.0,823406,6.0,823406
823715,2026-05-02,home,687570,Connor Prielipp,5.0,6.0,,1,3,0,0,True,True,False,6.0,823641,6.0,823641,,,2.0,831630,,,2.0,831531
823715,2026-05-02,away,656302,Dylan Cease,5.0,12.0,6.0,5,5,0,0,True,True,False,6.0,823803,6.0,823803,8.0,822833,8.0,822833,12.0,822838,12.0,822838
824685,2026-05-02,home,684007,Shota Imanaga,6.0,1.0,11.0,8,8,0,0,True,True,False,1.0,824690,1.0,824690,11.0,823477,11.0,823477,9.0,824695,9.0,824695
824685,2026-05-02,away,669194,Ryne Nelson,4.0,1.0,7.0,9,9,0,0,True,True,False,1.0,825100,1.0,825100,7.0,824856,7.0,824856,5.0,823646,5.0,823646
825014,2026-05-02,home,682052,Jacob Lopez,1.0,5.0,5.0,8,8,0,0,True,True,False,1.0,823148,1.0,823148,5.0,825023,5.0,825023,5.0,823644,5.0,823644
825014,2026-05-02,away,677944,Slade Cecconi,5.0,2.0,4.0,9,9,0,0,True,True,False,2.0,824450,2.0,824450,4.0,823071,4.0,823071,3.0,824941,3.0,824941
824442,2026-05-12,home,677944,Slade Cecconi,3.0,3.0,5.0,11,11,0,0,True,True,False,3.0,824117,3.0,824117,3.0,825014,3.0,825014,2.0,824450,2.0,824450
824442,2026-05-12,away,700712,Walbert Ureña,5.0,4.0,3.0,4,11,0,0,True,True,False,5.0,824036,5.0,824036,3.0,824121,4.0,824041,8.0,824047,3.0,824121
824843,2026-05-12,home,669432,Trevor Rogers,2.0,5.0,6.0,9,9,0,0,True,True,False,2.0,824851,2.0,824851,5.0,824452,5.0,824452,6.0,824853,6.0,824853
824843,2026-05-12,away,701542,Will Warren,7.0,9.0,6.0,12,13,0,0,True,True,False,7.0,823550,7.0,823550,6.0,824204,9.0,823557,11.0,823558,6.0,824204
824277,2026-05-18,home,664285,Framber Valdez,7.0,3.0,8.0,11,11,0,0,True,True,False,7.0,823631,7.0,823631,4.0,824529,4.0,824529,7.0,824777,7.0,824777
824277,2026-05-18,away,677944,Slade Cecconi,7.0,3.0,3.0,12,11,0,0,True,True,False,7.0,824442,3.0,824117,3.0,824117,3.0,825014,3.0,825014,2.0,824450
822980,2026-05-18,home,663556,Shane McClanahan,7.0,4.0,5.0,10,11,0,0,True,True,False,4.0,822985,4.0,822985,7.0,822989,5.0,822990,5.0,823393,7.0,822989
822980,2026-05-18,away,669432,Trevor Rogers,3.0,2.0,5.0,10,10,0,0,True,True,False,3.0,824843,3.0,824843,2.0,824851,2.0,824851,5.0,824452,5.0,824452
823465,2026-05-18,home,691725,Andrew Painter,4.0,2.0,7.0,8,9,0,0,True,True,False,4.0,824763,4.0,824763,1.0,824932,1.0,824932,4.0,823475,4.0,823475
823465,2026-05-18,away,666157,Nick Lodolo,6.0,2.0,,5,6,0,0,True,True,False,6.0,824519,6.0,824519,2.0,824522,2.0,824522,0.0,831896,0.0,831896
823867,2026-05-18,home,676974,Max Meyer,9.0,5.0,7.0,8,8,0,0,True,True,False,9.0,823710,9.0,823710,8.0,823879,8.0,823879,5.0,824935,5.0,824935
823867,2026-05-18,away,702275,JR Ritchie,4.0,2.0,4.0,4,5,0,0,True,True,False,4.0,824928,4.0,824928,2.0,823143,2.0,823143,7.0,822745,7.0,822745
822734,2026-05-18,home,663623,Jake Irvin,4.0,2.0,5.0,10,11,0,0,True,True,False,4.0,824519,4.0,824519,2.0,822741,2.0,822741,9.0,824613,5.0,822744
822734,2026-05-18,away,681035,Christian Scott,5.0,6.0,8.0,2,6,0,0,True,True,False,5.0,823631,5.0,823631,1.0,823639,8.0,824041,,,1.0,823639
823549,2026-05-18,home,677960,Ryan Weathers,9.0,5.0,4.0,11,12,0,0,True,True,False,9.0,824844,9.0,824844,5.0,823554,5.0,823554,4.0,824203,4.0,824203
823549,2026-05-18,away,571578,Patrick Corbin,1.0,1.0,4.0,4,5,0,0,True,True,False,1.0,822985,1.0,822985,3.0,824045,4.0,823713,6.0,823801,3.0,824045
824114,2026-05-18,home,607625,Seth Lugo,4.0,5.0,6.0,6,6,0,0,True,True,False,4.0,824603,4.0,824603,5.0,824117,5.0,824117,7.0,824291,7.0,824291
824114,2026-05-18,away,543243,Sonny Gray,6.0,2.0,2.0,10,10,0,0,True,True,False,6.0,824763,6.0,824763,2.0,824282,2.0,824282,2.0,824776,2.0,824776
823705,2026-05-18,home,696070,Kendry Rojas,3.0,5.0,0.0,0,4,0,0,True,True,False,,,3.0,823709,,,5.0,824440,,,0.0,823641
823705,2026-05-18,away,837227,Tatsuya Imai,3.0,0.0,9.0,6,6,0,0,True,True,False,0.0,823156,0.0,823156,9.0,825027,9.0,825027,4.0,824215,4.0,824215
824680,2026-05-18,home,684007,Shota Imanaga,6.0,10.0,5.0,11,11,0,0,True,True,False,6.0,824928,6.0,824928,10.0,824681,10.0,824681,5.0,824685,5.0,824685
824680,2026-05-18,away,687075,Brandon Sproat,6.0,5.0,5.0,6,8,0,0,True,True,False,5.0,823063,5.0,823063,4.0,824288,4.0,824288,6.0,823801,6.0,823801
824357,2026-05-18,home,500779,Jose Quintana,2.0,2.0,3.0,5,6,0,0,True,True,False,2.0,823386,2.0,823386,1.0,824209,3.0,824366,2.0,823891,1.0,824209
824357,2026-05-18,away,669022,MacKenzie Gore,5.0,3.0,3.0,10,11,0,0,True,True,False,3.0,823551,3.0,823551,7.0,822910,3.0,824287,5.0,823150,7.0,822910
824035,2026-05-18,home,700712,Walbert Ureña,4.0,5.0,4.0,5,11,0,0,True,True,False,4.0,824442,5.0,824036,5.0,824036,4.0,824041,3.0,824121,3.0,824121
824035,2026-05-18,away,669372,J.T. Ginn,3.0,8.0,4.0,6,12,0,0,True,True,False,3.0,825010,3.0,825010,3.0,825021,4.0,825012,4.0,823643,3.0,825021
823301,2026-05-18,home,650633,Michael King,5.0,6.0,5.0,10,10,0,0,True,True,False,5.0,823791,5.0,823791,6.0,824047,6.0,824047,5.0,823315,5.0,823315
823301,2026-05-18,away,808967,Yoshinobu Yamamoto,8.0,8.0,4.0,6,6,0,0,True,True,False,8.0,824201,8.0,824201,7.0,823236,7.0,823236,7.0,823965,7.0,823965
823380,2026-05-25,home,669387,Carmen Mlodzinski,1.0,1.0,10.0,8,11,0,0,True,True,False,1.0,823057,1.0,823057,1.0,823225,2.0,823383,6.0,822914,1.0,823225
823380,2026-05-25,away,676962,Ben Brown,6.0,7.0,3.0,5,16,0,0,True,True,False,6.0,824677,6.0,824677,7.0,824926,7.0,824926,3.0,822904,3.0,822904
824838,2026-05-25,home,680694,Kyle Bradish,6.0,7.0,10.0,10,10,0,0,True,True,False,6.0,822979,6.0,822979,7.0,824841,7.0,824841,10.0,824846,10.0,824846
824838,2026-05-25,away,663556,Shane McClanahan,6.0,7.0,4.0,11,12,0,0,True,True,False,6.0,822980,6.0,822980,4.0,822985,4.0,822985,7.0,822989,5.0,822990
824598,2026-05-25,home,641743,Anthony Kay,5.0,4.0,5.0,11,13,0,0,True,True,False,5.0,823136,5.0,823136,5.0,824606,5.0,824606,5.0,823307,5.0,823307
824598,2026-05-25,away,805673,Zebby Matthews,6.0,5.0,,5,5,0,0,True,True,False,6.0,823704,6.0,823704,5.0,823709,5.0,823709,1.0,831615,1.0,831615
823784,2026-05-25,home,694819,Jacob Misiorowski,8.0,10.0,11.0,10,13,0,0,True,True,False,8.0,824677,8.0,824677,10.0,823791,10.0,823791,11.0,823794,11.0,823794
823784,2026-05-25,away,669461,Matthew Liberatore,9.0,5.0,6.0,10,10,0,0,True,True,False,9.0,823059,9.0,823059,5.0,825010,5.0,825010,3.0,823070,4.0,823066
824107,2026-05-25,home,608379,Michael Wacha,8.0,5.0,6.0,12,13,0,0,True,True,False,8.0,824111,8.0,824111,5.0,823061,5.0,823061,6.0,824115,6.0,824115
824107,2026-05-25,away,701542,Will Warren,3.0,6.0,7.0,14,15,0,0,True,True,False,3.0,823548,3.0,823548,6.0,824843,6.0,824843,7.0,823550,7.0,823550
823625,2026-05-25,home,690997,Nolan McLean,5.0,7.0,6.0,8,8,0,0,True,True,False,5.0,822736,5.0,822736,7.0,823630,7.0,823630,6.0,825088,6.0,825088
823625,2026-05-25,away,666157,Nick Lodolo,3.0,6.0,2.0,6,7,0,0,True,True,False,3.0,823465,3.0,823465,6.0,824519,6.0,824519,2.0,824522,2.0,824522
823219,2026-05-25,home,694738,Landen Roupp,3.0,7.0,8.0,12,11,0,0,True,True,False,3.0,825086,3.0,825086,8.0,823224,8.0,823224,7.0,823236,7.0,823236
823219,2026-05-25,away,518876,Merrill Kelly,4.0,3.0,6.0,9,9,0,0,True,True,False,4.0,825084,4.0,825084,3.0,824360,3.0,824360,6.0,825089,6.0,825089
824437,2026-05-25,home,676440,Tanner Bibee,5.0,2.0,9.0,14,13,0,0,True,True,False,5.0,824273,5.0,824273,2.0,824439,2.0,824439,9.0,824444,9.0,824444
824437,2026-05-25,away,676571,PJ Poulin,2.0,1.0,0.0,6,28,0,0,True,True,False,2.0,822742,1.0,822734,1.0,824611,0.0,822737,0.0,822750,1.0,824519
823296,2026-05-25,home,656288,Griffin Canning,5.0,2.0,5.0,4,4,0,0,True,True,False,5.0,823302,5.0,823302,2.0,823789,2.0,823789,5.0,823303,5.0,823303
823296,2026-05-25,away,666200,Jesús Luzardo,5.0,4.0,6.0,13,13,0,0,True,True,False,5.0,823464,5.0,823464,4.0,824762,4.0,824762,6.0,823466,6.0,823466
822899,2026-05-25,home,677958,Kumar Rocker,3.0,3.0,2.0,7,10,0,0,True,True,False,3.0,822900,7.0,824356,3.0,822904,3.0,822900,5.0,822914,3.0,822904
822899,2026-05-25,away,837227,Tatsuya Imai,5.0,3.0,0.0,7,7,0,0,True,True,False,5.0,823705,5.0,823705,0.0,823156,0.0,823156,9.0,825027,9.0,825027
822811,2026-05-26,home,680755,Braydon Fisher,4.0,0.0,,2,28,0,0,True,True,False,4.0,823545,1.0,822813,0.0,825101,2.0,822814,,,4.0,823545
822811,2026-05-26,away,645261,Sandy Alcantara,3.0,6.0,3.0,12,12,0,0,True,True,False,3.0,823864,3.0,823864,6.0,822981,6.0,822981,3.0,823868,3.0,823868
822898,2026-05-26,home,683004,Jack Leiter,5.0,6.0,6.0,12,12,0,0,True,True,False,5.0,824355,5.0,824355,6.0,824194,6.0,824194,6.0,822905,6.0,822905
822898,2026-05-26,away,669920,Jason Alexander,4.0,,,3,4,0,0,True,True,False,4.0,823704,4.0,823704,1.0,831523,5.0,824198,1.0,831579,1.0,831523
823216,2026-05-26,home,641816,Tyler Mahle,6.0,6.0,8.0,13,13,0,0,True,True,False,6.0,825084,6.0,825084,6.0,825009,6.0,825009,8.0,823221,8.0,823221
823216,2026-05-26,away,593958,Eduardo Rodriguez,4.0,6.0,4.0,9,9,0,0,True,True,False,4.0,825083,4.0,825083,6.0,824359,6.0,824359,4.0,825085,4.0,825085
823294,2026-05-26,home,681190,Randy Vásquez,0.0,3.0,6.0,12,13,0,0,True,True,False,0.0,823299,0.0,823299,3.0,823140,3.0,823140,6.0,823304,6.0,823304
823294,2026-05-26,away,605400,Aaron Nola,5.0,2.0,4.0,10,10,0,0,True,True,False,5.0,823462,5.0,823462,2.0,823384,2.0,823384,4.0,823468,4.0,823468
823379,2026-05-26,home,677952,Braxton Ashcraft,5.0,3.0,3.0,11,11,0,0,True,True,False,9.0,823056,9.0,823056,5.0,823384,5.0,823384,6.0,823224,6.0,823224
823379,2026-05-26,away,696136,Jordan Wicks,,,,0,0,0,0,True,True,False,,,,,,,,,,,,
823624,2026-05-26,home,656849,David Peterson,3.0,5.0,7.0,8,13,0,0,True,True,False,3.0,822733,3.0,822733,6.0,823646,8.0,823627,5.0,823242,3.0,825085
823624,2026-05-26,away,695505,Chase Burns,9.0,7.0,2.0,13,13,0,0,True,True,False,9.0,823464,9.0,823464,7.0,824517,7.0,824517,2.0,824523,2.0,824523
823785,2026-05-26,home,690986,Kyle Harrison,11.0,7.0,6.0,10,12,0,0,True,True,False,11.0,824678,11.0,824678,7.0,823789,7.0,823789,6.0,823792,6.0,823792
823785,2026-05-26,away,700241,Michael McGreevy,1.0,3.0,9.0,11,11,0,0,True,True,False,1.0,823057,1.0,823057,3.0,825008,3.0,825008,9.0,823303,9.0,823303
823949,2026-05-26,home,641778,Eric Lauer,2.0,1.0,3.0,7,9,0,0,True,True,False,2.0,822984,4.0,822819,3.0,824044,2.0,822984,3.0,822830,3.0,824044
823949,2026-05-26,away,607536,Kyle Freeland,4.0,3.0,4.0,12,12,0,0,True,True,False,4.0,824355,4.0,824355,3.0,824360,3.0,824360,4.0,823468,4.0,823468
824106,2026-05-26,home,663559,Bailey Falter,2.0,,,2,5,0,0,True,True,False,2.0,824112,2.0,824112,0.0,831762,0.0,823060,,,4.0,824946
824106,2026-05-26,away,693645,Cam Schlittler,7.0,9.0,6.0,12,12,0,0,True,True,False,7.0,823547,7.0,823547,9.0,823629,9.0,823629,6.0,823792,6.0,823792
824275,2026-05-26,home,672456,Keider Montero,1.0,2.0,4.0,7,8,0,0,True,True,False,1.0,824276,1.0,824276,2.0,823630,2.0,823630,4.0,824116,4.0,824116
824275,2026-05-26,away,686799,Jack Kochanowicz,7.0,4.0,0.0,12,13,0,0,True,True,False,7.0,824032,7.0,824032,4.0,824037,4.0,824037,0.0,822820,0.0,822820
824434,2026-05-26,home,676282,Joey Cantillo,6.0,4.0,4.0,13,15,0,0,True,True,False,6.0,824274,6.0,824274,4.0,824435,4.0,824435,4.0,824441,4.0,824441
824434,2026-05-26,away,676917,Cade Cavalli,9.0,8.0,4.0,12,12,0,0,True,True,False,9.0,822733,9.0,822733,8.0,822737,8.0,822737,4.0,823868,4.0,823868
824597,2026-05-26,home,680732,Sean Burke,5.0,5.0,4.0,10,10,0,0,True,True,False,5.0,823134,5.0,823134,5.0,824601,5.0,824601,4.0,824607,4.0,824607
824597,2026-05-26,away,657746,Joe Ryan,9.0,7.0,5.0,12,12,0,0,True,True,False,9.0,823703,9.0,823703,7.0,823707,7.0,823707,5.0,824444,5.0,824444
824758,2026-05-26,home,624133,Ranger Suarez,3.0,8.0,3.0,10,10,0,0,True,True,False,3.0,824112,3.0,824112,8.0,824762,8.0,824762,3.0,824769,3.0,824769
824758,2026-05-26,away,675911,Spencer Strider,9.0,4.0,8.0,5,6,0,0,True,True,False,9.0,823864,9.0,823864,4.0,824925,4.0,824925,8.0,823955,8.0,823955
824837,2026-05-26,home,669358,Shane Baz,6.0,4.0,5.0,11,10,0,0,True,True,False,6.0,822977,6.0,822977,4.0,822739,4.0,822739,5.0,824847,5.0,824847
824837,2026-05-26,away,643377,Griffin Jax,6.0,1.0,3.0,2,14,0,0,True,True,False,6.0,822979,6.0,822979,1.0,822815,1.0,822815,,,3.0,822995
825004,2026-05-26,home,695611,Gage Jump,,,,2,3,0,0,True,True,False,3.0,831935,3.0,831935,1.0,831828,1.0,831828,,,3.0,831899
825004,2026-05-26,away,676106,Emerson Hancock,4.0,6.0,4.0,8,10,0,0,True,True,False,4.0,823134,4.0,823134,6.0,823140,6.0,823140,4.0,824607,4.0,824607
823711,2026-05-03,home,657746,Joe Ryan,6.0,5.0,6.0,8,8,0,0,True,True,False,5.0,823639,5.0,823639,6.0,823720,6.0,823720,5.0,822830,5.0,822830
823711,2026-05-03,away,702056,Trey Yesavage,3.0,,,0,0,0,0,True,True,False,,,,,,,,,,,,
824769,2026-05-03,home,624133,Ranger Suarez,10.0,4.0,4.0,7,7,0,0,True,True,False,4.0,824774,4.0,824774,4.0,824778,4.0,824778,6.0,823074,6.0,823074
824769,2026-05-03,away,675989,Cody Bolton,1.0,5.0,,1,3,0,0,True,True,False,1.0,823154,1.0,823154,,,5.0,824212,,,2.0,831441
823387,2026-05-03,home,677952,Braxton Ashcraft,7.0,5.0,7.0,7,7,0,0,True,True,False,5.0,822913,5.0,822913,7.0,823396,7.0,823396,9.0,824697,9.0,824697
823387,2026-05-03,away,695505,Chase Burns,9.0,8.0,4.0,9,9,0,0,True,True,False,8.0,822995,8.0,822995,4.0,824530,4.0,824530,2.0,824534,2.0,824534
823555,2026-05-03,home,608331,Max Fried,5.0,9.0,3.0,10,10,0,0,True,True,False,9.0,824774,9.0,824774,3.0,823560,3.0,823560,6.0,822996,6.0,822996
823555,2026-05-03,away,694346,Trey Gibson,,,,1,1,0,0,True,True,False,1.0,831570,1.0,831570,,,,,,,,
822742,2026-05-03,home,676571,PJ Poulin,1.0,0.0,1.0,5,21,0,0,True,True,False,1.0,824611,1.0,824611,0.0,822750,0.0,822749,1.0,823398,0.0,822750
822742,2026-05-03,away,701656,Logan Henderson,3.0,,,0,2,0,0,True,True,False,,,3.0,831796,,,1.0,831929,,,,
822987,2026-05-03,home,571927,Steven Matz,2.0,4.0,4.0,7,7,0,0,True,True,False,4.0,822995,4.0,822995,4.0,824614,4.0,824614,7.0,822997,7.0,822997
822987,2026-05-03,away,641816,Tyler Mahle,3.0,5.0,6.0,9,9,0,0,True,True,False,5.0,823231,5.0,823231,6.0,824532,6.0,824532,6.0,823234,6.0,823234
823875,2026-05-03,home,663978,Chris Paddack,1.0,7.0,4.0,8,9,0,0,True,True,False,7.0,823880,7.0,823880,4.0,824936,4.0,824936,4.0,824297,4.0,824297
823875,2026-05-03,away,666200,Jesús Luzardo,8.0,3.0,4.0,9,9,0,0,True,True,False,3.0,824690,3.0,824690,4.0,823477,4.0,823477,8.0,823482,8.0,823482
823065,2026-05-03,home,669160,Dustin May,2.0,5.0,4.0,9,9,0,0,True,True,False,5.0,823880,5.0,823880,4.0,823071,4.0,823071,4.0,823076,4.0,823076
823065,2026-05-03,away,680736,Justin Wrobleski,6.0,3.0,2.0,3,5,0,0,True,True,False,2.0,822832,2.0,822832,3.0,831809,2.0,823972,3.0,831812,5.0,831820
824687,2026-05-03,home,571510,Matthew Boyd,4.0,5.0,10.0,3,4,0,0,True,True,False,5.0,824688,5.0,824688,7.0,824704,7.0,824704,5.0,831902,5.0,831902
824687,2026-05-03,away,518876,Merrill Kelly,1.0,5.0,3.0,5,5,0,0,True,True,False,5.0,825099,5.0,825099,3.0,824853,3.0,824853,1.0,831885,1.0,831885
824364,2026-05-03,home,607536,Kyle Freeland,4.0,5.0,6.0,8,8,0,0,True,True,False,0.0,823317,0.0,823317,5.0,824375,5.0,824375,6.0,822835,6.0,822835
824364,2026-05-03,away,675911,Spencer Strider,,,,1,2,0,0,True,True,False,5.0,831574,5.0,831574,,,4.0,831583,,,,
825013,2026-05-03,home,650644,Aaron Civale,3.0,5.0,4.0,9,9,0,0,True,True,False,5.0,823147,5.0,823147,4.0,825019,4.0,825019,3.0,823642,3.0,823642
825013,2026-05-03,away,800048,Parker Messick,9.0,4.0,9.0,7,7,0,0,True,True,False,4.0,824448,4.0,824448,9.0,824453,9.0,824453,5.0,824939,5.0,824939
824043,2026-05-03,home,686799,Jack Kochanowicz,5.0,1.0,6.0,8,9,0,0,True,True,False,1.0,824045,1.0,824045,6.0,823561,6.0,823561,2.0,824534,2.0,824534
824043,2026-05-03,away,605280,Clay Holmes,6.0,3.0,4.0,6,6,0,0,True,True,False,3.0,823641,3.0,823641,4.0,823963,4.0,823963,3.0,823643,3.0,823643
823145,2026-05-03,home,622491,Luis Castillo,3.0,6.0,3.0,9,9,0,0,True,True,False,6.0,823148,6.0,823148,3.0,823313,3.0,823313,3.0,823155,3.0,823155
823145,2026-05-03,away,663460,Kris Bubic,6.0,3.0,3.0,8,8,0,0,True,True,False,3.0,824127,3.0,824127,3.0,824289,3.0,824289,11.0,824128,11.0,824128
823307,2026-05-03,home,656288,Griffin Canning,,,,0,0,0,0,True,True,False,,,,,,,,,,,,
823307,2026-05-03,away,641743,Anthony Kay,2.0,1.0,6.0,8,10,0,0,True,True,False,1.0,825097,1.0,825097,6.0,824130,1.0,824614,5.0,823810,6.0,824130
824285,2026-05-03,home,663947,Tyler Holton,1.0,0.0,0.0,0,17,0,0,True,True,False,,,0.0,824527,,,0.0,824288,,,1.0,824776
824285,2026-05-03,away,683004,Jack Leiter,4.0,5.0,3.0,8,8,0,0,True,True,False,5.0,822913,5.0,822913,3.0,825023,3.0,825023,4.0,823967,4.0,823967
824841,2026-05-13,home,680694,Kyle Bradish,10.0,4.0,3.0,8,8,0,0,True,True,False,10.0,824846,10.0,824846,4.0,823554,4.0,823554,4.0,824855,4.0,824855
824841,2026-05-13,away,608331,Max Fried,5.0,6.0,5.0,12,12,0,0,True,True,False,5.0,823794,5.0,823794,6.0,823555,6.0,823555,9.0,824774,9.0,824774
824438,2026-05-13,home,800048,Parker Messick,7.0,6.0,9.0,9,9,0,0,True,True,False,7.0,824443,7.0,824443,6.0,825013,6.0,825013,4.0,824448,4.0,824448
824438,2026-05-13,away,672282,Reid Detmers,3.0,8.0,5.0,8,8,0,0,True,True,False,3.0,822822,3.0,822822,9.0,823562,9.0,823562,4.0,824050,4.0,824050
824519,2026-05-13,home,666157,Nick Lodolo,2.0,,,4,5,0,0,True,True,False,2.0,824522,2.0,824522,0.0,831896,0.0,831896,7.0,831883,7.0,831883
824519,2026-05-13,away,663623,Jake Irvin,2.0,5.0,9.0,9,10,0,0,True,True,False,2.0,822741,2.0,822741,9.0,824613,5.0,822744,4.0,822749,9.0,824613
823386,2026-05-13,home,656605,Mitch Keller,4.0,6.0,6.0,9,10,0,0,True,True,False,6.0,823799,6.0,823389,5.0,823393,6.0,823799,3.0,823398,5.0,823393
823386,2026-05-13,away,500779,Jose Quintana,2.0,3.0,5.0,4,5,0,0,True,True,False,1.0,824209,3.0,824366,2.0,823891,1.0,824209,2.0,831866,2.0,823891
824763,2026-05-13,home,543243,Sonny Gray,2.0,2.0,1.0,9,9,0,0,True,True,False,2.0,824282,2.0,824282,2.0,824776,2.0,824776,1.0,823723,1.0,823723
824763,2026-05-13,away,691725,Andrew Painter,2.0,7.0,1.0,7,8,0,0,True,True,False,1.0,824932,1.0,824932,4.0,823475,4.0,823475,8.0,823485,7.0,823479
822815,2026-05-13,home,656302,Dylan Cease,10.0,7.0,5.0,7,7,0,0,True,True,False,10.0,822822,10.0,822822,7.0,823715,7.0,823715,6.0,823803,6.0,823803
822815,2026-05-13,away,643377,Griffin Jax,3.0,2.0,2.0,0,12,0,0,True,True,False,,,3.0,822995,,,2.0,823394,,,0.0,823397
823631,2026-05-13,home,681035,Christian Scott,6.0,8.0,1.0,1,5,0,0,True,True,False,1.0,823639,8.0,824041,,,1.0,823639,,,4.0,831457
823631,2026-05-13,away,664285,Framber Valdez,3.0,8.0,4.0,10,10,0,0,True,True,False,4.0,824529,4.0,824529,7.0,824777,7.0,824777,1.0,824292,1.0,824292
824928,2026-05-13,home,702275,JR Ritchie,2.0,4.0,7.0,3,4,0,0,True,True,False,2.0,823143,2.0,823143,7.0,822745,7.0,822745,2.0,831513,6.0,831458
824928,2026-05-13,away,684007,Shota Imanaga,10.0,5.0,6.0,10,10,0,0,True,True,False,10.0,824681,10.0,824681,5.0,824685,5.0,824685,1.0,824690,1.0,824690
824603,2026-05-13,home,702273,Noah Schultz,3.0,2.0,8.0,4,6,0,0,True,True,False,3.0,824036,3.0,824036,8.0,824613,2.0,823309,6.0,825018,8.0,824613
824603,2026-05-13,away,607625,Seth Lugo,5.0,6.0,3.0,5,5,0,0,True,True,False,5.0,824117,5.0,824117,7.0,824291,7.0,824291,4.0,824130,4.0,824130
823710,2026-05-13,home,680573,Simeon Woods Richardson,2.0,2.0,2.0,10,10,0,0,True,True,False,2.0,822741,2.0,822741,2.0,823640,2.0,823713,3.0,823722,2.0,823640
823710,2026-05-13,away,676974,Max Meyer,5.0,7.0,5.0,7,7,0,0,True,True,False,8.0,823879,8.0,823879,5.0,824935,5.0,824935,4.0,823884,4.0,823884
823791,2026-05-13,home,694819,Jacob Misiorowski,11.0,8.0,9.0,8,11,0,0,True,True,False,11.0,823794,11.0,823794,9.0,823799,8.0,822744,5.0,823802,9.0,823799
823791,2026-05-13,away,650633,Michael King,6.0,5.0,8.0,9,9,0,0,True,True,False,6.0,824047,6.0,824047,5.0,823315,5.0,823315,4.0,823403,4.0,823403
822900,2026-05-13,home,677958,Kumar Rocker,3.0,2.0,3.0,6,8,0,0,True,True,False,3.0,822904,3.0,822904,5.0,822914,5.0,822914,6.0,825021,6.0,825021
822900,2026-05-13,away,669194,Ryne Nelson,7.0,4.0,4.0,11,11,0,0,True,True,False,7.0,825088,7.0,825088,4.0,824685,4.0,824685,1.0,825100,1.0,825100
824195,2026-05-13,home,621121,Lance McCullers Jr.,4.0,9.0,3.0,9,9,0,0,True,True,False,4.0,824198,4.0,824198,3.0,824204,3.0,824204,4.0,824206,4.0,824206
824195,2026-05-13,away,682243,Bryce Miller,,,,0,0,0,0,True,True,False,,,,,,,,,,,,
825010,2026-05-13,home,669372,J.T. Ginn,8.0,4.0,2.0,5,11,0,0,True,True,False,3.0,825021,4.0,825012,4.0,823643,3.0,825021,5.0,831936,4.0,823643
825010,2026-05-13,away,669461,Matthew Liberatore,6.0,4.0,3.0,8,8,0,0,True,True,False,3.0,823070,4.0,823066,4.0,824205,3.0,823070,2.0,823073,4.0,824205
823952,2026-05-13,home,660271,Shohei Ohtani,8.0,9.0,7.0,6,6,0,0,True,True,False,7.0,823231,7.0,823231,10.0,823963,10.0,823963,2.0,822833,2.0,822833
823952,2026-05-13,away,592662,Robbie Ray,7.0,5.0,4.0,11,12,0,0,True,True,False,7.0,823225,7.0,823225,4.0,823229,5.0,822990,7.0,822750,4.0,823229
824363,2026-05-04,home,608372,Tomoyuki Sugano,2.0,4.0,3.0,7,7,0,0,True,True,False,4.0,824367,4.0,824367,3.0,824373,3.0,824373,3.0,823318,3.0,823318
824363,2026-05-04,away,623211,Huascar Brazobán,1.0,1.0,1.0,0,12,0,0,True,True,False,,,1.0,824041,,,0.0,823639,,,2.0,823640
824283,2026-05-04,home,663947,Tyler Holton,1.0,,,1,18,0,0,True,True,False,1.0,824285,1.0,824285,,,0.0,824527,,,0.0,824288
824283,2026-05-04,away,801139,Payton Tolle,4.0,11.0,,1,3,0,0,True,True,False,11.0,824770,11.0,824770,,,5.0,831504,,,7.0,831634
822984,2026-05-04,home,607259,Nick Martinez,4.0,6.0,3.0,8,8,0,0,True,True,False,6.0,822993,6.0,822993,3.0,823397,3.0,823397,4.0,822996,4.0,822996
822984,2026-05-04,away,641778,Eric Lauer,1.0,3.0,3.0,6,7,0,0,True,True,False,3.0,824044,3.0,824044,3.0,822830,4.0,825101,0.0,824620,3.0,822830
823874,2026-05-04,home,676083,Janson Junk,4.0,2.0,3.0,7,9,0,0,True,True,False,2.0,823878,2.0,823878,3.0,823883,3.0,823883,4.0,824294,4.0,824294
823874,2026-05-04,away,605400,Aaron Nola,6.0,5.0,5.0,6,6,0,0,True,True,False,5.0,823478,5.0,823478,3.0,823234,3.0,823234,9.0,824377,9.0,824377
823552,2026-05-04,home,693645,Cam Schlittler,8.0,5.0,6.0,8,8,0,0,True,True,False,5.0,824770,5.0,824770,6.0,823559,6.0,823559,8.0,822998,8.0,822998
823552,2026-05-04,away,669358,Shane Baz,6.0,4.0,6.0,7,6,0,0,True,True,False,4.0,824127,4.0,824127,6.0,824453,6.0,824453,4.0,824858,5.0,823404
824684,2026-05-04,home,665795,Edward Cabrera,7.0,5.0,4.0,9,9,0,0,True,True,False,5.0,824689,5.0,824689,4.0,824693,4.0,824693,4.0,824697,4.0,824697
824684,2026-05-04,away,695534,Chase Petty,,,,0,2,0,0,True,True,False,,,1.0,831892,,,1.0,831852,,,,
824120,2026-05-04,home,608379,Michael Wacha,5.0,5.0,6.0,8,9,0,0,True,True,False,5.0,824123,5.0,824123,6.0,823559,6.0,823559,7.0,824129,7.0,824129
824120,2026-05-04,away,676440,Tanner Bibee,6.0,3.0,5.0,10,9,0,0,True,True,False,3.0,824449,3.0,824449,5.0,824454,5.0,824454,4.0,824938,3.0,824456
823064,2026-05-04,home,681517,Kyle Leahy,7.0,2.0,6.0,9,8,0,0,True,True,False,2.0,823878,2.0,823878,6.0,824207,6.0,824207,2.0,823074,2.0,823074
823064,2026-05-04,away,694477,Chad Patrick,5.0,2.0,3.0,7,9,0,0,True,True,False,2.0,823803,2.0,824286,3.0,824132,2.0,823803,4.0,823811,0.0,823808
824201,2026-05-04,home,595345,Steven Okert,1.0,0.0,0.0,0,23,0,0,True,True,False,,,1.0,824769,,,0.0,824203,,,0.0,824449
824201,2026-05-04,away,808967,Yoshinobu Yamamoto,4.0,7.0,7.0,5,5,0,0,True,True,False,7.0,823236,7.0,823236,7.0,823965,7.0,823965,6.0,822831,6.0,822831
824039,2026-05-04,home,667755,José Soriano,6.0,4.0,8.0,6,7,0,0,True,True,False,4.0,824044,4.0,824044,10.0,824533,8.0,824048,4.0,824699,10.0,824533
824039,2026-05-04,away,663436,Davis Martin,7.0,7.0,4.0,8,9,0,0,True,True,False,7.0,825096,7.0,825096,4.0,825019,4.0,825019,3.0,824128,3.0,824128
823143,2026-05-04,home,669302,Logan Gilbert,4.0,3.0,7.0,9,9,0,0,True,True,False,3.0,823147,3.0,823147,7.0,823152,7.0,823152,7.0,823154,7.0,823154
823143,2026-05-04,away,702275,JR Ritchie,4.0,7.0,,2,3,0,0,True,True,False,7.0,822745,7.0,822745,2.0,831513,6.0,831458,,,2.0,831513
823228,2026-05-04,home,686790,Trevor McDonald,,,,1,4,0,0,True,True,False,4.0,831908,2.0,831873,,,1.0,831761,,,4.0,831908
823228,2026-05-04,away,681190,Randy Vásquez,4.0,5.0,6.0,8,9,0,0,True,True,False,5.0,824369,5.0,824369,6.0,823314,6.0,823314,8.0,823319,8.0,823319
823383,2026-05-14,home,682254,Mason Montgomery,,,,1,19,0,0,True,True,False,1.0,823399,1.0,823221,,,1.0,823799,,,1.0,823800
823383,2026-05-14,away,801403,Chase Dollander,5.0,7.0,,4,12,0,0,True,True,False,5.0,823466,5.0,823466,1.0,831861,9.0,824369,2.0,831871,9.0,824208
824517,2026-05-14,home,695505,Chase Burns,2.0,7.0,9.0,11,11,0,0,True,True,False,2.0,824523,2.0,824523,7.0,823387,7.0,823387,8.0,822995,8.0,822995
824517,2026-05-14,away,656492,Foster Griffin,9.0,3.0,8.0,9,9,0,0,True,True,False,9.0,823871,9.0,823871,3.0,822747,3.0,822747,7.0,823396,7.0,823396
823630,2026-05-14,home,690997,Nolan McLean,6.0,6.0,7.0,6,6,0,0,True,True,False,6.0,825088,6.0,825088,10.0,823640,10.0,823640,8.0,823965,8.0,823965
823630,2026-05-14,away,672456,Keider Montero,4.0,2.0,5.0,5,6,0,0,True,True,False,4.0,824116,4.0,824116,3.0,824290,3.0,824290,5.0,824289,5.0,824289
823709,2026-05-14,home,805673,Zebby Matthews,,,,3,3,0,0,True,True,False,1.0,831615,1.0,831615,5.0,831569,5.0,831569,3.0,831435,3.0,831435
823709,2026-05-14,away,666129,Braxton Garrett,,,,2,2,0,0,True,True,False,2.0,831467,2.0,831467,1.0,831436,1.0,831436,,,,
823789,2026-05-14,home,690986,Kyle Harrison,6.0,5.0,12.0,8,10,0,0,True,True,False,6.0,823792,6.0,823792,3.0,824290,3.0,824290,1.0,823805,1.0,823805
823789,2026-05-14,away,656288,Griffin Canning,5.0,7.0,,2,2,0,0,True,True,False,5.0,823303,5.0,823303,7.0,823307,7.0,823307,,,,
824196,2026-05-14,home,681347,Mike Burrows,6.0,3.0,8.0,9,10,0,0,True,True,False,6.0,824522,6.0,824522,8.0,824203,3.0,824772,7.0,824205,8.0,824203
824196,2026-05-14,away,622491,Luis Castillo,6.0,5.0,3.0,11,11,0,0,True,True,False,6.0,824606,6.0,824606,5.0,823145,5.0,823145,6.0,823148,6.0,823148
825008,2026-05-14,home,682052,Jacob Lopez,5.0,5.0,1.0,10,10,0,0,True,True,False,5.0,824846,5.0,824846,5.0,825014,5.0,825014,1.0,823148,1.0,823148
825008,2026-05-14,away,700241,Michael McGreevy,9.0,3.0,6.0,9,9,0,0,True,True,False,9.0,823303,9.0,823303,3.0,823879,3.0,823879,2.0,823072,2.0,823072
824762,2026-05-14,home,624133,Ranger Suarez,3.0,10.0,4.0,8,8,0,0,True,True,False,3.0,824769,3.0,824769,4.0,824774,4.0,824774,4.0,824778,4.0,824778
824762,2026-05-14,away,666200,Jesús Luzardo,6.0,10.0,8.0,11,11,0,0,True,True,False,6.0,823466,6.0,823466,10.0,823875,10.0,823875,3.0,824690,3.0,824690
824926,2026-05-14,home,519242,Chris Sale,7.0,11.0,9.0,8,7,0,0,True,True,False,7.0,823957,7.0,823957,7.0,823474,7.0,823474,6.0,824938,3.0,824940
824926,2026-05-14,away,676962,Ben Brown,3.0,,,3,14,0,0,True,True,False,3.0,822904,3.0,822904,6.0,831928,1.0,824684,3.0,831921,1.0,824685
822985,2026-05-06,home,663556,Shane McClanahan,5.0,7.0,5.0,9,10,0,0,True,True,False,7.0,822989,5.0,822990,5.0,823393,7.0,822989,4.0,824616,5.0,823393
822985,2026-05-06,away,571578,Patrick Corbin,4.0,4.0,3.0,3,4,0,0,True,True,False,3.0,824045,4.0,823713,6.0,823801,3.0,824045,3.0,822829,6.0,823801
823063,2026-05-06,home,669467,Andre Pallante,6.0,8.0,5.0,8,7,0,0,True,True,False,8.0,823069,8.0,823069,5.0,824206,5.0,824206,2.0,823075,2.0,823075
823063,2026-05-06,away,687075,Brandon Sproat,5.0,4.0,6.0,5,7,0,0,True,True,False,4.0,824288,4.0,824288,6.0,823801,6.0,823801,3.0,823810,3.0,823805
824198,2026-05-06,home,621121,Lance McCullers Jr.,9.0,3.0,4.0,8,8,0,0,True,True,False,3.0,824204,3.0,824204,4.0,824206,4.0,824206,4.0,823155,4.0,823155
824198,2026-05-06,away,607192,Tyler Glasnow,9.0,9.0,7.0,9,9,0,0,True,True,False,9.0,823233,9.0,823233,7.0,824373,7.0,824373,7.0,823968,7.0,823968
823226,2026-05-06,home,605288,Adrian Houser,2.0,3.0,1.0,6,6,0,0,True,True,False,3.0,823232,3.0,823232,1.0,822751,1.0,822751,3.0,824859,3.0,824859
823226,2026-05-06,away,699134,Bradgley Rodriguez,0.0,0.0,0.0,0,19,0,0,True,True,False,,,0.0,823228,,,2.0,824047,,,0.0,824048
824036,2026-05-06,home,700712,Walbert Ureña,4.0,3.0,8.0,3,10,0,0,True,True,False,3.0,824121,4.0,824041,8.0,824047,3.0,824121,4.0,831747,8.0,824047
824036,2026-05-06,away,702273,Noah Schultz,2.0,8.0,6.0,3,5,0,0,True,True,False,8.0,824613,2.0,823309,6.0,825018,8.0,824613,4.0,824616,6.0,825018
823141,2026-05-06,home,693433,Bryan Woo,2.0,1.0,6.0,9,10,0,0,True,True,False,1.0,823070,2.0,823146,6.0,823150,1.0,823070,3.0,823315,6.0,823150
823141,2026-05-06,away,527048,Martín Pérez,5.0,4.0,2.0,4,8,0,0,True,True,False,4.0,823476,4.0,822748,2.0,824939,4.0,823476,1.0,825102,2.0,824939
824282,2026-05-06,home,656427,Jack Flaherty,4.0,4.0,3.0,9,10,0,0,True,True,False,4.0,824527,4.0,824287,3.0,824776,4.0,824527,7.0,824291,3.0,824776
824282,2026-05-06,away,543243,Sonny Gray,2.0,1.0,2.0,8,8,0,0,True,True,False,2.0,824776,2.0,824776,1.0,823723,1.0,823723,2.0,824779,2.0,824779
823470,2026-05-06,home,554430,Zack Wheeler,8.0,6.0,,1,2,0,0,True,True,False,6.0,824933,8.0,823877,,,6.0,824933,,,,
823470,2026-05-06,away,605488,Jeffrey Springs,4.0,4.0,7.0,10,10,0,0,True,True,False,4.0,822910,4.0,822910,7.0,825018,7.0,825018,5.0,825022,5.0,825022
823872,2026-05-06,home,691587,Eury Pérez,6.0,6.0,7.0,8,10,0,0,True,True,False,6.0,823229,6.0,823877,2.0,824937,6.0,823229,6.0,823885,7.0,823881
823872,2026-05-06,away,687064,Brandon Young,2.0,5.0,2.0,1,1,0,0,True,True,False,5.0,824854,5.0,824854,,,,,,,,
822740,2026-05-06,home,571945,Miles Mikolas,3.0,3.0,4.0,5,8,0,0,True,True,False,3.0,822753,1.0,824611,4.0,822758,4.0,822750,4.0,824701,0.0,823398
822740,2026-05-06,away,641927,Bailey Ober,2.0,3.0,10.0,10,10,0,0,True,True,False,3.0,822989,3.0,822989,10.0,823718,10.0,823718,7.0,823725,7.0,823725
823550,2026-05-06,home,701542,Will Warren,9.0,6.0,11.0,11,12,0,0,True,True,False,6.0,824204,9.0,823557,11.0,823558,6.0,824204,6.0,823563,11.0,823558
823550,2026-05-06,away,543135,Nathan Eovaldi,7.0,3.0,3.0,8,8,0,0,True,True,False,3.0,822909,3.0,822909,3.0,823151,3.0,823151,7.0,822916,7.0,822916
824683,2026-05-06,home,607067,Colin Rea,6.0,4.0,5.0,5,10,0,0,True,True,False,4.0,823960,6.0,824686,2.0,823000,4.0,823960,4.0,831923,5.0,823478
824683,2026-05-06,away,663903,Brady Singer,1.0,3.0,2.0,11,12,0,0,True,True,False,3.0,824527,1.0,823389,2.0,823718,3.0,824527,1.0,824531,2.0,823718
824118,2026-05-06,home,666142,Cole Ragans,8.0,11.0,6.0,10,11,0,0,True,True,False,11.0,824121,8.0,823146,6.0,823556,11.0,824121,1.0,824292,6.0,823556
824118,2026-05-06,away,676282,Joey Cantillo,2.0,4.0,6.0,9,11,0,0,True,True,False,4.0,822826,2.0,825012,6.0,824452,4.0,822826,4.0,823072,6.0,824452
824361,2026-05-06,home,547179,Michael Lorenzen,5.0,3.0,3.0,8,9,0,0,True,True,False,3.0,823638,3.0,823638,3.0,824371,3.0,824371,3.0,824210,3.0,824210
824361,2026-05-06,away,642547,Freddy Peralta,6.0,8.0,3.0,7,7,0,0,True,True,False,8.0,823638,8.0,823638,3.0,824694,3.0,824694,6.0,823642,6.0,823642
825091,2026-05-06,home,647336,Michael Soroka,2.0,6.0,5.0,8,8,0,0,True,True,False,6.0,825096,6.0,825096,5.0,825101,5.0,825101,10.0,823482,10.0,823482
825091,2026-05-06,away,694973,Paul Skenes,9.0,7.0,5.0,8,8,0,0,True,True,False,7.0,823800,7.0,823800,5.0,823394,5.0,823394,6.0,823400,6.0,823400
823551,2026-05-07,home,621112,Paul Blackburn,0.0,2.0,2.0,1,11,0,0,True,True,False,3.0,831632,0.0,823552,,,2.0,823554,,,1.0,823558
823551,2026-05-07,away,669022,MacKenzie Gore,3.0,7.0,5.0,9,10,0,0,True,True,False,7.0,822910,3.0,824287,5.0,823150,7.0,822910,5.0,825022,5.0,823150
822741,2026-05-07,home,663623,Jake Irvin,5.0,9.0,4.0,8,9,0,0,True,True,False,9.0,824613,5.0,822744,4.0,822749,9.0,824613,5.0,823399,4.0,822749
822741,2026-05-07,away,680573,Simeon Woods Richardson,2.0,2.0,2.0,9,9,0,0,True,True,False,2.0,823640,2.0,823713,3.0,823722,2.0,823640,2.0,822829,3.0,823722
824117,2026-05-07,home,607625,Seth Lugo,6.0,3.0,7.0,4,4,0,0,True,True,False,7.0,824291,7.0,824291,4.0,824130,4.0,824130,3.0,824944,3.0,824944
824117,2026-05-07,away,677944,Slade Cecconi,3.0,5.0,2.0,10,10,0,0,True,True,False,3.0,825014,3.0,825014,2.0,824450,2.0,824450,4.0,823071,4.0,823071
824681,2026-05-07,home,684007,Shota Imanaga,5.0,6.0,1.0,9,9,0,0,True,True,False,5.0,824685,5.0,824685,1.0,824690,1.0,824690,11.0,823477,11.0,823477
824681,2026-05-07,away,695076,Rhett Lowder,1.0,7.0,3.0,8,9,0,0,True,True,False,3.0,822994,3.0,822994,4.0,824532,4.0,824532,2.0,823884,2.0,823884
824522,2026-05-08,home,666157,Nick Lodolo,,,,3,4,0,0,True,True,False,0.0,831896,0.0,831896,7.0,831883,7.0,831883,3.0,831894,3.0,831894
824522,2026-05-08,away,681347,Mike Burrows,3.0,8.0,7.0,8,9,0,0,True,True,False,8.0,824203,3.0,824772,7.0,824205,8.0,824203,3.0,823153,7.0,824205
823466,2026-05-08,home,666200,Jesús Luzardo,10.0,8.0,3.0,10,10,0,0,True,True,False,10.0,823875,10.0,823875,3.0,824690,3.0,824690,4.0,823477,4.0,823477
823466,2026-05-08,away,801403,Chase Dollander,7.0,,,3,11,0,0,True,True,False,1.0,831861,9.0,824369,2.0,831871,9.0,824208,1.0,831867,0.0,823317
824846,2026-05-08,home,680694,Kyle Bradish,4.0,3.0,7.0,7,7,0,0,True,True,False,4.0,823554,4.0,823554,4.0,824855,4.0,824855,7.0,824617,7.0,824617
824846,2026-05-08,away,682052,Jacob Lopez,5.0,1.0,5.0,9,9,0,0,True,True,False,5.0,825014,5.0,825014,1.0,823148,1.0,823148,5.0,825023,5.0,825023
822822,2026-05-08,home,656302,Dylan Cease,7.0,5.0,12.0,6,6,0,0,True,True,False,7.0,823715,7.0,823715,6.0,823803,6.0,823803,8.0,822833,8.0,822833
822822,2026-05-08,away,672282,Reid Detmers,8.0,5.0,5.0,7,7,0,0,True,True,False,9.0,823562,9.0,823562,4.0,824050,4.0,824050,4.0,824056,4.0,824056
824768,2026-05-08,home,813349,Connelly Early,3.0,4.0,4.0,8,8,0,0,True,True,False,4.0,824773,4.0,824773,5.0,823722,5.0,823722,5.0,823076,5.0,823076
824768,2026-05-08,away,669947,Jesse Scholtens,6.0,,,1,5,0,0,True,True,False,6.0,822994,6.0,822994,,,3.0,824615,,,4.0,823000
823871,2026-05-08,home,702281,Robby Snelling,,,,0,2,0,0,True,True,False,,,5.0,831463,,,6.0,831582,,,,
823871,2026-05-08,away,656492,Foster Griffin,3.0,8.0,3.0,8,8,0,0,True,True,False,3.0,822747,3.0,822747,7.0,823396,7.0,823396,1.0,823805,1.0,823805
824443,2026-05-08,home,800048,Parker Messick,6.0,9.0,4.0,8,8,0,0,True,True,False,6.0,825013,6.0,825013,4.0,824448,4.0,824448,9.0,824453,9.0,824453
824443,2026-05-08,away,687570,Connor Prielipp,4.0,5.0,6.0,2,4,0,0,True,True,False,4.0,823715,4.0,823715,6.0,823641,6.0,823641,,,2.0,831630
824116,2026-05-08,home,663460,Kris Bubic,7.0,6.0,3.0,9,9,0,0,True,True,False,7.0,823145,7.0,823145,3.0,824127,3.0,824127,3.0,824289,3.0,824289
824116,2026-05-08,away,672456,Keider Montero,2.0,5.0,3.0,4,5,0,0,True,True,False,3.0,824290,3.0,824290,5.0,824289,5.0,824289,7.0,824297,7.0,824297
824607,2026-05-08,home,680732,Sean Burke,8.0,3.0,2.0,7,7,0,0,True,True,False,3.0,825099,3.0,825099,2.0,824615,2.0,824615,3.0,824617,3.0,824617
824607,2026-05-08,away,676106,Emerson Hancock,14.0,4.0,3.0,5,7,0,0,True,True,False,6.0,823314,6.0,823314,5.0,823156,5.0,823156,5.0,824054,5.0,824054
823794,2026-05-08,home,694819,Jacob Misiorowski,8.0,9.0,9.0,7,10,0,0,True,True,False,9.0,823799,8.0,822744,5.0,823802,9.0,823799,10.0,824780,9.0,823881
823794,2026-05-08,away,608331,Max Fried,6.0,5.0,9.0,11,11,0,0,True,True,False,6.0,823555,6.0,823555,9.0,824774,9.0,824774,3.0,823560,3.0,823560
822904,2026-05-08,home,677958,Kumar Rocker,2.0,3.0,5.0,5,7,0,0,True,True,False,5.0,822914,5.0,822914,6.0,825021,6.0,825021,5.0,823968,5.0,823968
822904,2026-05-08,away,676962,Ben Brown,1.0,1.0,1.0,2,13,0,0,True,True,False,6.0,831928,1.0,824684,3.0,831921,1.0,824685,,,5.0,824688
825088,2026-05-08,home,669194,Ryne Nelson,4.0,4.0,1.0,10,10,0,0,True,True,False,4.0,824685,4.0,824685,1.0,825100,1.0,825100,7.0,824856,7.0,824856
825088,2026-05-08,away,690997,Nolan McLean,6.0,7.0,10.0,5,5,0,0,True,True,False,10.0,823640,10.0,823640,8.0,823965,8.0,823965,8.0,823645,8.0,823645
823303,2026-05-08,home,656288,Griffin Canning,7.0,,,1,1,0,0,True,True,False,7.0,823307,7.0,823307,,,,,,,,
823303,2026-05-08,away,700241,Michael McGreevy,3.0,6.0,3.0,8,8,0,0,True,True,False,3.0,823879,3.0,823879,2.0,823072,2.0,823072,1.0,822753,1.0,822753
823957,2026-05-08,home,686218,Emmet Sheehan,8.0,10.0,4.0,8,10,0,0,True,True,False,10.0,823962,8.0,823066,4.0,824372,10.0,823962,6.0,823967,4.0,824372
823957,2026-05-08,away,519242,Chris Sale,11.0,9.0,7.0,7,6,0,0,True,True,False,7.0,823474,7.0,823474,6.0,824938,3.0,824940,3.0,824940,6.0,824946
823225,2026-05-08,home,592662,Robbie Ray,5.0,4.0,7.0,10,11,0,0,True,True,False,4.0,823229,5.0,822990,7.0,822750,4.0,823229,6.0,824531,7.0,822750
823225,2026-05-08,away,669387,Carmen Mlodzinski,10.0,4.0,6.0,6,8,0,0,True,True,False,6.0,822914,6.0,822914,2.0,824695,5.0,823399,5.0,823404,2.0,824695
822820,2026-05-09,home,702056,Trey Yesavage,6.0,3.0,,1,1,0,0,True,True,False,6.0,823711,6.0,823711,,,,,,,,
822820,2026-05-09,away,686799,Jack Kochanowicz,6.0,5.0,1.0,9,10,0,0,True,True,False,6.0,824043,6.0,824043,1.0,824045,1.0,824045,6.0,823561,6.0,823561
824847,2026-05-09,home,669358,Shane Baz,4.0,6.0,4.0,8,7,0,0,True,True,False,4.0,823552,4.0,823552,4.0,824127,4.0,824127,6.0,824453,6.0,824453
824847,2026-05-09,away,650644,Aaron Civale,3.0,3.0,5.0,10,10,0,0,True,True,False,3.0,825013,3.0,825013,5.0,823147,5.0,823147,4.0,825019,4.0,825019
824523,2026-05-09,home,695505,Chase Burns,7.0,9.0,8.0,10,10,0,0,True,True,False,7.0,823387,7.0,823387,8.0,822995,8.0,822995,4.0,824530,4.0,824530
824523,2026-05-09,away,681293,Spencer Arrighetti,4.0,8.0,3.0,2,5,0,0,True,True,False,3.0,824450,3.0,824450,10.0,824209,10.0,824209,,,3.0,831441
823869,2026-05-09,home,676083,Janson Junk,6.0,4.0,2.0,8,10,0,0,True,True,False,6.0,823874,6.0,823874,2.0,823878,2.0,823878,3.0,823883,3.0,823883
823869,2026-05-09,away,663992,Richard Lovelady,1.0,1.0,0.0,0,14,0,0,True,True,False,,,1.0,822741,,,1.0,822742,,,0.0,824611
823468,2026-05-09,home,605400,Aaron Nola,5.0,6.0,5.0,7,7,0,0,True,True,False,5.0,823874,5.0,823874,5.0,823478,5.0,823478,3.0,823234,3.0,823234
823468,2026-05-09,away,607536,Kyle Freeland,7.0,4.0,5.0,9,9,0,0,True,True,False,7.0,824364,7.0,824364,0.0,823317,0.0,823317,5.0,824375,5.0,824375
824444,2026-05-09,home,676440,Tanner Bibee,4.0,6.0,3.0,11,10,0,0,True,True,False,4.0,824120,4.0,824120,3.0,824449,3.0,824449,5.0,824454,5.0,824454
824444,2026-05-09,away,657746,Joe Ryan,1.0,6.0,5.0,9,9,0,0,True,True,False,1.0,823711,1.0,823711,5.0,823639,5.0,823639,6.0,823720,6.0,823720
822905,2026-05-09,home,683004,Jack Leiter,10.0,4.0,5.0,9,9,0,0,True,True,False,10.0,824285,10.0,824285,5.0,822913,5.0,822913,3.0,825023,3.0,825023
822905,2026-05-09,away,665795,Edward Cabrera,8.0,7.0,5.0,10,10,0,0,True,True,False,8.0,824684,8.0,824684,5.0,824689,5.0,824689,4.0,824693,4.0,824693
824115,2026-05-09,home,608379,Michael Wacha,3.0,5.0,5.0,9,10,0,0,True,True,False,3.0,824120,3.0,824120,5.0,824123,5.0,824123,6.0,823559,6.0,823559
824115,2026-05-09,away,572143,Burch Smith,1.0,4.0,0.0,1,11,0,0,True,True,False,1.0,836150,1.0,824282,,,0.0,824285,,,3.0,824287
824606,2026-05-09,home,641743,Anthony Kay,5.0,2.0,1.0,9,11,0,0,True,True,False,5.0,823307,5.0,823307,1.0,825097,1.0,825097,6.0,824130,1.0,824614
824606,2026-05-09,away,622491,Luis Castillo,5.0,3.0,6.0,10,10,0,0,True,True,False,5.0,823145,5.0,823145,6.0,823148,6.0,823148,3.0,823313,3.0,823313
823792,2026-05-09,home,690986,Kyle Harrison,5.0,12.0,3.0,7,9,0,0,True,True,False,3.0,824290,3.0,824290,1.0,823805,1.0,823805,6.0,824131,6.0,824131
823792,2026-05-09,away,693645,Cam Schlittler,4.0,8.0,5.0,9,9,0,0,True,True,False,4.0,823552,4.0,823552,5.0,824770,5.0,824770,6.0,823559,6.0,823559
825089,2026-05-09,home,518876,Merrill Kelly,5.0,1.0,5.0,6,6,0,0,True,True,False,5.0,824687,5.0,824687,5.0,825099,5.0,825099,3.0,824853,3.0,824853
825089,2026-05-09,away,605280,Clay Holmes,6.0,6.0,3.0,7,7,0,0,True,True,False,6.0,824043,6.0,824043,3.0,823641,3.0,823641,4.0,823963,4.0,823963
823304,2026-05-09,home,681190,Randy Vásquez,2.0,4.0,5.0,9,10,0,0,True,True,False,2.0,823228,2.0,823228,5.0,824369,5.0,824369,6.0,823314,6.0,823314
823304,2026-05-09,away,669160,Dustin May,3.0,2.0,5.0,10,10,0,0,True,True,False,3.0,823065,3.0,823065,5.0,823880,5.0,823880,4.0,823071,4.0,823071
823224,2026-05-09,home,694738,Landen Roupp,6.0,6.0,7.0,10,9,0,0,True,True,False,7.0,823236,7.0,823236,6.0,824530,6.0,824530,4.0,824858,7.0,823239
823224,2026-05-09,away,677952,Braxton Ashcraft,6.0,7.0,5.0,8,8,0,0,True,True,False,6.0,823387,6.0,823387,5.0,822913,5.0,822913,7.0,823396,7.0,823396
823955,2026-05-09,home,605483,Blake Snell,,,,0,0,0,0,True,True,False,,,,,,,,,,,,
823955,2026-05-09,away,675911,Spencer Strider,6.0,,,2,3,0,0,True,True,False,6.0,824364,6.0,824364,5.0,831574,5.0,831574,,,4.0,831583
823868,2026-05-10,home,645261,Sandy Alcantara,5.0,4.0,4.0,9,9,0,0,True,True,False,4.0,823232,4.0,823232,1.0,823882,1.0,823882,4.0,824293,4.0,824293
823868,2026-05-10,away,676917,Cade Cavalli,2.0,10.0,10.0,9,9,0,0,True,True,False,10.0,822745,10.0,822745,5.0,822751,5.0,822751,2.0,823400,2.0,823400
824845,2026-05-10,home,669211,Keegan Akin,1.0,1.0,0.0,0,6,0,0,True,True,False,,,0.0,823552,,,0.0,823554,,,2.0,824851
824845,2026-05-10,away,622663,Luis Severino,3.0,8.0,5.0,7,7,0,0,True,True,False,5.0,822909,5.0,822909,3.0,825020,3.0,825020,7.0,823564,7.0,823564
824765,2026-05-10,home,801139,Payton Tolle,8.0,4.0,11.0,2,4,0,0,True,True,False,8.0,824283,8.0,824283,11.0,824770,11.0,824770,,,5.0,831504
824765,2026-05-10,away,607259,Nick Martinez,4.0,4.0,6.0,9,9,0,0,True,True,False,4.0,822984,4.0,822984,6.0,822993,6.0,822993,3.0,823397,3.0,823397
823463,2026-05-10,home,650911,Cristopher Sánchez,10.0,7.0,4.0,7,7,0,0,True,True,False,4.0,824689,4.0,824689,8.0,823474,8.0,823474,8.0,823481,8.0,823481
823463,2026-05-10,away,608372,Tomoyuki Sugano,1.0,2.0,4.0,8,8,0,0,True,True,False,1.0,824363,1.0,824363,4.0,824367,4.0,824367,3.0,824373,3.0,824373
822819,2026-05-10,home,693686,Spencer Miles,1.0,0.0,3.0,0,15,0,0,True,True,False,,,1.0,822984,,,0.0,823715,,,2.0,822827
822819,2026-05-10,away,667755,José Soriano,5.0,6.0,4.0,7,8,0,0,True,True,False,5.0,824039,5.0,824039,4.0,824044,4.0,824044,10.0,824533,8.0,824048
824520,2026-05-10,home,671096,Andrew Abbott,4.0,5.0,4.0,11,11,0,0,True,True,False,4.0,824529,4.0,824529,3.0,823721,3.0,823721,1.0,824533,1.0,824533
824520,2026-05-10,away,678906,Kai-Wei Teng,2.0,,,1,16,0,0,True,True,False,2.0,831567,2.0,824201,,,0.0,824203,,,2.0,824448
824440,2026-05-10,home,668909,Gavin Williams,7.0,9.0,4.0,9,8,0,0,True,True,False,4.0,822827,4.0,822827,11.0,824451,11.0,824451,4.0,823073,8.0,824457
824440,2026-05-10,away,702193,Andrew Morris,1.0,1.0,3.0,0,8,0,0,True,True,False,,,1.0,824444,,,1.0,822740,,,3.0,823711
824605,2026-05-10,home,663436,Davis Martin,10.0,7.0,7.0,9,10,0,0,True,True,False,10.0,824039,10.0,824039,7.0,825096,7.0,825096,4.0,825019,4.0,825019
824605,2026-05-10,away,669302,Logan Gilbert,4.0,4.0,3.0,10,10,0,0,True,True,False,4.0,823143,4.0,823143,3.0,823147,3.0,823147,7.0,823152,7.0,823152
823793,2026-05-10,home,701656,Logan Henderson,8.0,3.0,,1,3,0,0,True,True,False,8.0,822742,8.0,822742,,,3.0,831796,,,1.0,831929
823793,2026-05-10,away,607074,Carlos Rodón,,,,0,0,0,0,True,True,False,,,,,,,,,,,,
822902,2026-05-10,home,594798,Jacob deGrom,7.0,5.0,10.0,7,7,0,0,True,True,False,10.0,822912,10.0,822912,3.0,823152,3.0,823152,9.0,823966,9.0,823966
822902,2026-05-10,away,592791,Jameson Taillon,5.0,6.0,4.0,8,8,0,0,True,True,False,4.0,823962,4.0,823962,4.0,824694,4.0,824694,10.0,824696,10.0,824696
823221,2026-05-10,home,641816,Tyler Mahle,5.0,3.0,5.0,10,10,0,0,True,True,False,5.0,822987,5.0,822987,5.0,823231,5.0,823231,6.0,824532,6.0,824532
823221,2026-05-10,away,696149,Bubba Chandler,4.0,6.0,4.0,7,7,0,0,True,True,False,4.0,822912,4.0,822912,3.0,823397,3.0,823397,4.0,824696,4.0,824696
825085,2026-05-10,home,593958,Eduardo Rodriguez,7.0,4.0,4.0,6,6,0,0,True,True,False,4.0,825097,4.0,825097,3.0,824855,3.0,824855,3.0,823645,3.0,823645
825085,2026-05-10,away,623211,Huascar Brazobán,0.0,,,1,13,0,0,True,True,False,0.0,824363,0.0,824363,,,1.0,824041,,,0.0,823639
823305,2026-05-10,home,621111,Walker Buehler,5.0,4.0,2.0,9,9,0,0,True,True,False,2.0,824367,2.0,824367,7.0,823313,7.0,823313,4.0,823318,4.0,823318
823305,2026-05-10,away,681517,Kyle Leahy,5.0,7.0,2.0,10,9,0,0,True,True,False,5.0,823064,5.0,823064,2.0,823878,2.0,823878,6.0,824207,6.0,824207
823954,2026-05-10,home,680736,Justin Wrobleski,0.0,6.0,3.0,4,6,0,0,True,True,False,0.0,823065,0.0,823065,2.0,822832,2.0,822832,3.0,831809,2.0,823972
823954,2026-05-10,away,693821,Bryce Elder,9.0,5.0,2.0,9,9,0,0,True,True,False,2.0,824933,2.0,824933,6.0,822749,6.0,822749,7.0,824936,7.0,824936
824113,2026-05-10,home,702070,Noah Cameron,5.0,6.0,3.0,6,8,0,0,True,True,False,6.0,824124,6.0,824124,3.0,823558,3.0,823558,5.0,824457,4.0,824126
824113,2026-05-10,away,669724,Brenan Hanifee,2.0,1.0,1.0,0,7,0,0,True,True,False,,,1.0,824285,,,1.0,824287,,,1.0,831601
823384,2026-05-15,home,677952,Braxton Ashcraft,6.0,6.0,7.0,9,9,0,0,True,True,False,6.0,823224,6.0,823224,6.0,823387,6.0,823387,5.0,822913,5.0,822913
823384,2026-05-15,away,605400,Aaron Nola,4.0,5.0,6.0,8,8,0,0,True,True,False,4.0,823468,4.0,823468,5.0,823874,5.0,823874,5.0,823478,5.0,823478
822739,2026-05-15,home,641793,Zack Littell,1.0,1.0,4.0,6,9,0,0,True,True,False,1.0,822748,0.0,823869,4.0,822752,1.0,822742,3.0,823804,1.0,822748
822739,2026-05-15,away,669358,Shane Baz,5.0,4.0,6.0,9,8,0,0,True,True,False,5.0,824847,5.0,824847,4.0,823552,4.0,823552,4.0,824127,4.0,824127
824280,2026-05-15,home,669724,Brenan Hanifee,0.0,,,1,9,0,0,True,True,False,0.0,824113,0.0,823630,,,0.0,824113,,,1.0,824285
824280,2026-05-15,away,702056,Trey Yesavage,6.0,6.0,3.0,2,2,0,0,True,True,False,6.0,822820,6.0,822820,6.0,823711,6.0,823711,,,,
824439,2026-05-15,home,676440,Tanner Bibee,9.0,4.0,6.0,12,11,0,0,True,True,False,9.0,824444,9.0,824444,4.0,824120,4.0,824120,3.0,824449,3.0,824449
824439,2026-05-15,away,671096,Andrew Abbott,5.0,4.0,5.0,12,12,0,0,True,True,False,5.0,824520,5.0,824520,4.0,824529,4.0,824529,3.0,823721,3.0,823721
822983,2026-05-15,home,693855,Ian Seymour,2.0,1.0,1.0,0,18,0,0,True,True,False,,,1.0,822818,,,1.0,822985,,,2.0,822984
822983,2026-05-15,away,676083,Janson Junk,6.0,6.0,4.0,9,11,0,0,True,True,False,6.0,823869,6.0,823869,6.0,823874,6.0,823874,2.0,823878,2.0,823878
823707,2026-05-15,home,657746,Joe Ryan,5.0,1.0,6.0,10,10,0,0,True,True,False,5.0,824444,5.0,824444,1.0,823711,1.0,823711,5.0,823639,5.0,823639
823707,2026-05-15,away,689441,Coleman Crow,4.0,,,1,2,0,0,True,True,False,4.0,823883,4.0,823883,,,1.0,831792,,,,
824925,2026-05-15,home,675911,Spencer Strider,8.0,6.0,,3,4,0,0,True,True,False,8.0,823955,8.0,823955,6.0,824364,6.0,824364,5.0,831574,5.0,831574
824925,2026-05-15,away,813349,Connelly Early,8.0,3.0,4.0,9,9,0,0,True,True,False,8.0,824768,8.0,824768,4.0,824773,4.0,824773,5.0,823722,5.0,823722
823629,2026-05-15,home,605280,Clay Holmes,6.0,6.0,6.0,8,8,0,0,True,True,False,6.0,825089,6.0,825089,6.0,824043,6.0,824043,3.0,823641,3.0,823641
823629,2026-05-15,away,693645,Cam Schlittler,6.0,4.0,8.0,10,10,0,0,True,True,False,6.0,823792,6.0,823792,4.0,823552,4.0,823552,5.0,824770,5.0,824770
824601,2026-05-15,home,680732,Sean Burke,4.0,8.0,3.0,8,8,0,0,True,True,False,4.0,824607,4.0,824607,3.0,825099,3.0,825099,2.0,824615,2.0,824615
824601,2026-05-15,away,665795,Edward Cabrera,6.0,8.0,7.0,11,11,0,0,True,True,False,6.0,822905,6.0,822905,8.0,824684,8.0,824684,5.0,824689,5.0,824689
824194,2026-05-15,home,681293,Spencer Arrighetti,5.0,4.0,8.0,3,6,0,0,True,True,False,5.0,824523,5.0,824523,3.0,824450,3.0,824450,10.0,824209,10.0,824209
824194,2026-05-15,away,683004,Jack Leiter,6.0,10.0,4.0,10,10,0,0,True,True,False,6.0,822905,6.0,822905,10.0,824285,10.0,824285,5.0,822913,5.0,822913
823061,2026-05-15,home,669160,Dustin May,7.0,3.0,2.0,11,11,0,0,True,True,False,7.0,823304,7.0,823304,3.0,823065,3.0,823065,5.0,823880,5.0,823880
823061,2026-05-15,away,608379,Michael Wacha,6.0,3.0,5.0,10,11,0,0,True,True,False,6.0,824115,6.0,824115,3.0,824120,3.0,824120,5.0,824123,5.0,824123
824360,2026-05-15,home,607536,Kyle Freeland,4.0,7.0,4.0,10,10,0,0,True,True,False,4.0,823468,4.0,823468,7.0,824364,7.0,824364,0.0,823317,0.0,823317
824360,2026-05-15,away,518876,Merrill Kelly,6.0,5.0,1.0,7,7,0,0,True,True,False,6.0,825089,6.0,825089,5.0,824687,5.0,824687,5.0,825099,5.0,825099
824037,2026-05-15,home,686799,Jack Kochanowicz,0.0,6.0,5.0,10,11,0,0,True,True,False,0.0,822820,0.0,822820,6.0,824043,6.0,824043,1.0,824045,1.0,824045
824037,2026-05-15,away,694361,Will Klein,1.0,1.0,0.0,0,17,0,0,True,True,False,,,1.0,823953,,,1.0,823957,,,0.0,823065
823140,2026-05-15,home,676106,Emerson Hancock,4.0,14.0,4.0,6,8,0,0,True,True,False,4.0,824607,4.0,824607,6.0,823314,6.0,823314,5.0,823156,5.0,823156
823140,2026-05-15,away,681190,Randy Vásquez,6.0,2.0,4.0,10,11,0,0,True,True,False,6.0,823304,6.0,823304,2.0,823228,2.0,823228,5.0,824369,5.0,824369
825009,2026-05-15,home,650644,Aaron Civale,6.0,3.0,3.0,11,11,0,0,True,True,False,6.0,824847,6.0,824847,3.0,825013,3.0,825013,5.0,823147,5.0,823147
825009,2026-05-15,away,641816,Tyler Mahle,8.0,5.0,3.0,11,11,0,0,True,True,False,8.0,823221,8.0,823221,5.0,822987,5.0,822987,5.0,823231,5.0,823231
824278,2026-05-16,home,663554,Casey Mize,3.0,7.0,7.0,8,10,0,0,True,True,False,7.0,824286,7.0,824286,7.0,824778,7.0,824778,5.0,824294,5.0,824294
824278,2026-05-16,away,689254,Mason Fluharty,0.0,,,1,25,0,0,True,True,False,0.0,824622,0.0,822815,,,0.0,822818,,,2.0,822820
823060,2026-05-16,home,681517,Kyle Leahy,5.0,5.0,7.0,11,10,0,0,True,True,False,5.0,823305,5.0,823305,5.0,823064,5.0,823064,2.0,823878,2.0,823878
823060,2026-05-16,away,702070,Noah Cameron,4.0,5.0,6.0,7,9,0,0,True,True,False,4.0,824113,4.0,824113,6.0,824124,6.0,824124,3.0,823558,3.0,823558
824359,2026-05-16,home,608372,Tomoyuki Sugano,2.0,1.0,2.0,9,9,0,0,True,True,False,2.0,823463,2.0,823463,1.0,824363,1.0,824363,4.0,824367,4.0,824367
824359,2026-05-16,away,593958,Eduardo Rodriguez,4.0,7.0,4.0,7,7,0,0,True,True,False,4.0,825085,4.0,825085,4.0,825097,4.0,825097,3.0,824855,3.0,824855
822737,2026-05-16,home,676917,Cade Cavalli,4.0,2.0,10.0,10,10,0,0,True,True,False,4.0,823868,4.0,823868,10.0,822745,10.0,822745,5.0,822751,5.0,822751
822737,2026-05-16,away,605135,Chris Bassitt,3.0,7.0,3.0,8,11,0,0,True,True,False,3.0,824123,6.0,824845,2.0,824454,3.0,824123,2.0,824857,2.0,824454
823382,2026-05-16,home,696149,Bubba Chandler,3.0,4.0,6.0,8,8,0,0,True,True,False,3.0,823221,3.0,823221,4.0,822912,4.0,822912,3.0,823397,3.0,823397
823382,2026-05-16,away,650911,Cristopher Sánchez,7.0,10.0,7.0,8,8,0,0,True,True,False,7.0,823463,7.0,823463,4.0,824689,4.0,824689,8.0,823474,8.0,823474
822981,2026-05-16,home,607259,Nick Martinez,3.0,4.0,4.0,10,10,0,0,True,True,False,3.0,824765,3.0,824765,4.0,822984,4.0,822984,6.0,822993,6.0,822993
822981,2026-05-16,away,645261,Sandy Alcantara,3.0,5.0,4.0,10,10,0,0,True,True,False,3.0,823868,3.0,823868,4.0,823232,4.0,823232,1.0,823882,1.0,823882
824435,2026-05-16,home,676282,Joey Cantillo,4.0,1.0,2.0,11,13,0,0,True,True,False,4.0,824441,4.0,824441,1.0,824118,1.0,824118,4.0,822826,2.0,825012
824435,2026-05-16,away,663978,Chris Paddack,1.0,1.0,7.0,9,10,0,0,True,True,False,1.0,823875,1.0,823875,7.0,823880,7.0,823880,4.0,824936,4.0,824936
824193,2026-05-16,home,678906,Kai-Wei Teng,1.0,2.0,,2,17,0,0,True,True,False,1.0,824520,1.0,824520,2.0,831567,2.0,824201,,,0.0,824203
824193,2026-05-16,away,594798,Jacob deGrom,10.0,7.0,5.0,8,8,0,0,True,True,False,10.0,822902,10.0,822902,10.0,822912,10.0,822912,3.0,823152,3.0,823152
824600,2026-05-16,home,663436,Davis Martin,9.0,10.0,7.0,10,11,0,0,True,True,False,9.0,824605,9.0,824605,10.0,824039,10.0,824039,7.0,825096,7.0,825096
824600,2026-05-16,away,592791,Jameson Taillon,4.0,5.0,6.0,9,9,0,0,True,True,False,4.0,822902,4.0,822902,4.0,823962,4.0,823962,4.0,824694,4.0,824694
823706,2026-05-16,home,687570,Connor Prielipp,6.0,4.0,5.0,3,5,0,0,True,True,False,6.0,824443,6.0,824443,4.0,823715,4.0,823715,6.0,823641,6.0,823641
823706,2026-05-16,away,701656,Logan Henderson,5.0,8.0,3.0,2,4,0,0,True,True,False,5.0,823793,5.0,823793,8.0,822742,8.0,822742,,,3.0,831796
823139,2026-05-16,home,669302,Logan Gilbert,9.0,4.0,4.0,11,11,0,0,True,True,False,9.0,824605,9.0,824605,4.0,823143,4.0,823143,3.0,823147,3.0,823147
823139,2026-05-16,away,621111,Walker Buehler,2.0,5.0,4.0,10,10,0,0,True,True,False,2.0,823305,2.0,823305,2.0,824367,2.0,824367,7.0,823313,7.0,823313
824924,2026-05-16,home,693821,Bryce Elder,8.0,9.0,5.0,10,10,0,0,True,True,False,8.0,823954,8.0,823954,2.0,824933,2.0,824933,6.0,822749,6.0,822749
824924,2026-05-16,away,801139,Payton Tolle,4.0,8.0,4.0,3,5,0,0,True,True,False,4.0,824765,4.0,824765,8.0,824283,8.0,824283,11.0,824770,11.0,824770
823627,2026-05-16,home,623211,Huascar Brazobán,0.0,0.0,,2,15,0,0,True,True,False,0.0,825085,2.0,823631,0.0,824363,0.0,825085,,,0.0,824363
823627,2026-05-16,away,607074,Carlos Rodón,4.0,,,1,1,0,0,True,True,False,4.0,823793,4.0,823793,,,,,,,,
824038,2026-05-16,home,667755,José Soriano,7.0,5.0,6.0,8,9,0,0,True,True,False,7.0,822819,7.0,822819,5.0,824039,5.0,824039,4.0,824044,4.0,824044
824038,2026-05-16,away,680736,Justin Wrobleski,7.0,0.0,6.0,5,7,0,0,True,True,False,7.0,823954,7.0,823954,0.0,823065,0.0,823065,2.0,822832,2.0,822832
825007,2026-05-16,home,622663,Luis Severino,4.0,3.0,8.0,8,8,0,0,True,True,False,4.0,824845,4.0,824845,5.0,822909,5.0,822909,3.0,825020,3.0,825020
825007,2026-05-16,away,686790,Trevor McDonald,4.0,8.0,,3,6,0,0,True,True,False,4.0,823953,4.0,823953,8.0,823228,8.0,823228,4.0,831908,2.0,831873
822809,2026-05-27,home,592332,Kevin Gausman,8.0,5.0,5.0,12,12,0,0,True,True,False,8.0,822816,8.0,822816,5.0,824279,5.0,824279,5.0,822818,5.0,822818
822809,2026-05-27,away,691587,Eury Pérez,5.0,5.0,8.0,11,13,0,0,True,True,False,5.0,823863,5.0,823863,5.0,822982,5.0,822982,6.0,823872,6.0,823872
824432,2026-05-27,home,668909,Gavin Williams,11.0,7.0,6.0,12,11,0,0,True,True,False,11.0,823461,11.0,823461,7.0,824436,7.0,824436,6.0,824440,6.0,824440
824432,2026-05-27,away,676571,PJ Poulin,0.0,2.0,1.0,7,29,0,0,True,True,False,0.0,824437,0.0,824437,2.0,822742,1.0,822734,1.0,824611,0.0,822737
823783,2026-05-27,home,694477,Chad Patrick,4.0,5.0,2.0,8,14,0,0,True,True,False,4.0,823064,0.0,823788,2.0,823803,0.0,824677,3.0,824132,3.0,823706
823783,2026-05-27,away,669160,Dustin May,7.0,3.0,7.0,13,13,0,0,True,True,False,7.0,823056,7.0,823056,3.0,823061,3.0,823061,7.0,823304,7.0,823304
825003,2026-05-27,home,605488,Jeffrey Springs,3.0,3.0,5.0,13,13,0,0,True,True,False,3.0,823298,3.0,823298,3.0,825006,3.0,825006,4.0,823470,4.0,823470
825003,2026-05-27,away,669302,Logan Gilbert,6.0,5.0,9.0,13,13,0,0,True,True,False,6.0,824110,6.0,824110,5.0,823139,5.0,823139,9.0,824605,9.0,824605
823217,2026-05-27,home,686790,Trevor McDonald,4.0,5.0,4.0,5,8,0,0,True,True,False,4.0,823223,4.0,823223,5.0,825007,5.0,825007,4.0,823953,4.0,823953
823217,2026-05-27,away,647336,Michael Soroka,2.0,8.0,5.0,12,12,0,0,True,True,False,2.0,825082,2.0,825082,8.0,824358,8.0,824358,5.0,822901,5.0,822901
823295,2026-05-27,home,621111,Walker Buehler,4.0,6.0,2.0,12,12,0,0,True,True,False,4.0,823298,4.0,823298,6.0,823139,6.0,823139,2.0,823305,2.0,823305
823295,2026-05-27,away,650911,Cristopher Sánchez,6.0,13.0,7.0,10,10,0,0,True,True,False,6.0,823461,6.0,823461,13.0,823382,13.0,823382,7.0,823463,7.0,823463
824836,2026-05-27,home,694346,Trey Gibson,2.0,,,2,3,0,0,True,True,False,2.0,823555,2.0,824846,1.0,831570,2.0,823555,,,1.0,831570
824836,2026-05-27,away,571927,Steven Matz,5.0,1.0,2.0,9,9,0,0,True,True,False,5.0,822977,5.0,822977,1.0,822987,1.0,822987,4.0,822995,4.0,822995
824270,2026-05-27,home,663554,Casey Mize,4.0,4.0,3.0,10,12,0,0,True,True,False,4.0,824274,4.0,824274,4.0,824278,4.0,824278,7.0,824286,7.0,824286
824270,2026-05-27,away,667755,José Soriano,7.0,6.0,7.0,10,11,0,0,True,True,False,7.0,824031,7.0,824031,6.0,824038,6.0,824038,7.0,822819,7.0,822819
823376,2026-05-27,home,696149,Bubba Chandler,5.0,9.0,5.0,10,10,0,0,True,True,False,11.0,822816,11.0,822816,2.0,823382,2.0,823382,3.0,823221,3.0,823221
823376,2026-05-27,away,592791,Jameson Taillon,5.0,2.0,4.0,11,11,0,0,True,True,False,5.0,824679,5.0,824679,2.0,824600,2.0,824600,4.0,822902,4.0,822902
824756,2026-05-27,home,813349,Connelly Early,5.0,6.0,8.0,11,11,0,0,True,True,False,5.0,824111,5.0,824111,6.0,824925,6.0,824925,8.0,824768,8.0,824768
824756,2026-05-27,away,693821,Bryce Elder,4.0,3.0,8.0,12,12,0,0,True,True,False,4.0,824922,4.0,824922,3.0,824924,3.0,824924,8.0,823954,8.0,823954
823626,2026-05-27,home,623211,Huascar Brazobán,2.0,0.0,0.0,3,19,0,0,True,True,False,2.0,823627,0.0,823861,0.0,825085,0.0,822733,0.0,824363,1.0,822734
823626,2026-05-27,away,671096,Andrew Abbott,3.0,2.0,5.0,14,14,0,0,True,True,False,3.0,823462,3.0,823462,2.0,824439,2.0,824439,5.0,824520,5.0,824520
824596,2026-05-27,home,689818,David Sandlin,,,,0,0,0,0,True,True,False,,,,,,,,,,,,
824596,2026-05-27,away,687570,Connor Prielipp,1.0,8.0,6.0,5,7,0,0,True,True,False,1.0,824761,1.0,824761,8.0,823706,8.0,823706,6.0,824443,6.0,824443
824104,2026-05-27,home,702070,Noah Cameron,8.0,4.0,4.0,9,11,0,0,True,True,False,8.0,824110,8.0,824110,4.0,823060,4.0,823060,4.0,824113,4.0,824113
824104,2026-05-27,away,543037,Gerrit Cole,2.0,,,3,3,0,0,True,True,False,2.0,823546,2.0,823546,3.0,831779,3.0,831779,0.0,831607,0.0,831607
822897,2026-05-27,home,594798,Jacob deGrom,3.0,4.0,10.0,10,10,0,0,True,True,False,3.0,824029,3.0,824029,4.0,824193,4.0,824193,10.0,822902,10.0,822902
822897,2026-05-27,away,681347,Mike Burrows,2.0,4.0,6.0,11,12,0,0,True,True,False,2.0,823703,2.0,823703,4.0,824196,4.0,824196,6.0,824522,6.0,824522
823947,2026-05-27,home,660271,Shohei Ohtani,4.0,8.0,8.0,8,8,0,0,True,True,False,4.0,823299,4.0,823299,8.0,823952,8.0,823952,7.0,823231,7.0,823231
823947,2026-05-27,away,608372,Tomoyuki Sugano,3.0,1.0,2.0,11,11,0,0,True,True,False,3.0,825082,3.0,825082,1.0,824359,1.0,824359,2.0,823463,2.0,823463
822982,2026-05-17,home,656876,Drew Rasmussen,6.0,5.0,6.0,8,8,0,0,True,True,False,6.0,822818,6.0,822818,6.0,822992,6.0,822992,3.0,823394,3.0,823394
822982,2026-05-17,away,691587,Eury Pérez,8.0,6.0,6.0,9,11,0,0,True,True,False,6.0,823872,6.0,823872,6.0,823229,6.0,823877,2.0,824937,6.0,823229
822738,2026-05-17,home,663992,Richard Lovelady,3.0,,,1,17,0,0,True,True,False,3.0,823869,1.0,822739,,,0.0,824519,,,3.0,823869
822738,2026-05-17,away,687064,Brandon Young,5.0,5.0,2.0,3,3,0,0,True,True,False,5.0,824844,5.0,824844,5.0,823872,5.0,823872,5.0,824854,5.0,824854
823381,2026-05-17,home,694973,Paul Skenes,10.0,7.0,9.0,9,9,0,0,True,True,False,7.0,825091,7.0,825091,7.0,823800,7.0,823800,5.0,823394,5.0,823394
823381,2026-05-17,away,554430,Zack Wheeler,4.0,4.0,8.0,2,3,0,0,True,True,False,4.0,823470,4.0,823470,6.0,824933,8.0,823877,,,6.0,824933
824923,2026-05-17,home,656550,Grant Holmes,5.0,4.0,4.0,10,11,0,0,True,True,False,4.0,824932,4.0,824366,4.0,823475,4.0,824932,3.0,824937,4.0,823475
824923,2026-05-17,away,678394,Brayan Bello,2.0,2.0,4.0,8,8,0,0,True,True,False,2.0,824854,2.0,824854,4.0,824775,4.0,824775,2.0,823075,2.0,823075
824436,2026-05-17,home,668909,Gavin Williams,6.0,7.0,9.0,10,9,0,0,True,True,False,6.0,824440,6.0,824440,4.0,822827,4.0,822827,11.0,824451,11.0,824451
824436,2026-05-17,away,663903,Brady Singer,2.0,6.0,1.0,12,13,0,0,True,True,False,6.0,824683,6.0,824683,3.0,824527,1.0,823389,2.0,823718,3.0,824527
824279,2026-05-17,home,656427,Jack Flaherty,2.0,10.0,4.0,10,11,0,0,True,True,False,10.0,824282,10.0,824282,4.0,824527,4.0,824287,3.0,824776,4.0,824527
824279,2026-05-17,away,592332,Kevin Gausman,5.0,3.0,2.0,10,10,0,0,True,True,False,5.0,822818,5.0,822818,3.0,822826,3.0,822826,4.0,825100,4.0,825100
823628,2026-05-17,home,642547,Freddy Peralta,7.0,1.0,6.0,8,8,0,0,True,True,False,1.0,824361,1.0,824361,8.0,823638,8.0,823638,3.0,824694,3.0,824694
823628,2026-05-17,away,695684,Elmer Rodríguez,2.0,3.0,,1,1,0,0,True,True,False,2.0,831439,2.0,831439,,,,,,,,
824192,2026-05-17,home,663567,Peter Lambert,6.0,4.0,3.0,4,6,0,0,True,True,False,6.0,824199,6.0,824199,8.0,824449,8.0,824449,8.0,824207,8.0,824207
824192,2026-05-17,away,543135,Nathan Eovaldi,8.0,7.0,3.0,9,9,0,0,True,True,False,8.0,823550,8.0,823550,3.0,822909,3.0,822909,3.0,823151,3.0,823151
824599,2026-05-17,home,607200,Erick Fedde,2.0,2.0,6.0,3,6,0,0,True,True,False,3.0,825020,1.0,824611,4.0,824129,3.0,825020,4.0,823888,4.0,824129
824599,2026-05-17,away,607067,Colin Rea,1.0,5.0,6.0,6,11,0,0,True,True,False,5.0,824683,5.0,824683,4.0,823960,6.0,824686,2.0,823000,4.0,823960
823708,2026-05-17,home,641927,Bailey Ober,7.0,3.0,2.0,11,11,0,0,True,True,False,3.0,822740,3.0,822740,3.0,822989,3.0,822989,10.0,823718,10.0,823718
823708,2026-05-17,away,688107,Robert Gasser,,,,3,3,0,0,True,True,False,7.0,831767,7.0,831767,4.0,831793,4.0,831793,2.0,831792,2.0,831792
823058,2026-05-17,home,669467,Andre Pallante,4.0,3.0,6.0,9,8,0,0,True,True,False,3.0,823063,3.0,823063,8.0,823069,8.0,823069,5.0,824206,5.0,824206
823058,2026-05-17,away,663568,Stephen Kolek,6.0,3.0,,0,0,0,0,True,True,False,,,,,,,,,,,,
824358,2026-05-17,home,547179,Michael Lorenzen,5.0,2.0,5.0,9,10,0,0,True,True,False,2.0,824361,2.0,824361,3.0,823638,3.0,823638,3.0,824371,3.0,824371
824358,2026-05-17,away,647336,Michael Soroka,5.0,6.0,2.0,10,10,0,0,True,True,False,5.0,822901,5.0,822901,6.0,825091,6.0,825091,6.0,825096,6.0,825096
825006,2026-05-17,home,605488,Jeffrey Springs,5.0,4.0,4.0,11,11,0,0,True,True,False,4.0,823470,4.0,823470,4.0,822910,4.0,822910,7.0,825018,7.0,825018
825006,2026-05-17,away,605288,Adrian Houser,4.0,3.0,2.0,7,7,0,0,True,True,False,3.0,823226,3.0,823226,3.0,823232,3.0,823232,1.0,822751,1.0,822751
824034,2026-05-17,home,680570,Grayson Rodriguez,,,,3,3,0,0,True,True,False,5.0,831879,5.0,831879,2.0,831795,2.0,831795,3.0,831840,3.0,831840
824034,2026-05-17,away,808963,Roki Sasaki,5.0,4.0,5.0,9,9,0,0,True,True,False,5.0,823953,5.0,823953,5.0,823960,5.0,823960,2.0,824371,2.0,824371
823138,2026-05-17,home,669923,George Kirby,7.0,5.0,5.0,9,9,0,0,True,True,False,7.0,824199,7.0,824199,2.0,823069,2.0,823069,5.0,823151,5.0,823151
823138,2026-05-17,away,608337,Lucas Giolito,,,,0,0,0,0,True,True,False,,,,,,,,,,,,
824272,2026-05-28,home,656427,Jack Flaherty,7.0,4.0,2.0,12,13,0,0,True,True,False,7.0,824842,7.0,824842,4.0,824279,4.0,824279,10.0,824282,10.0,824282
824272,2026-05-28,away,680570,Grayson Rodriguez,5.0,4.0,,5,5,0,0,True,True,False,5.0,824029,5.0,824029,4.0,824034,4.0,824034,5.0,831879,5.0,831879
824595,2026-05-28,home,663436,Davis Martin,7.0,7.0,9.0,12,13,0,0,True,True,False,7.0,823223,7.0,823223,7.0,824600,7.0,824600,9.0,824605,9.0,824605
824595,2026-05-28,away,680573,Simeon Woods Richardson,1.0,2.0,2.0,11,13,0,0,True,True,False,1.0,823710,1.0,824598,2.0,822741,1.0,823705,2.0,823640,1.0,823710
824757,2026-05-28,home,801139,Payton Tolle,9.0,3.0,4.0,5,7,0,0,True,True,False,9.0,824761,9.0,824761,3.0,824924,3.0,824924,4.0,824765,4.0,824765
824757,2026-05-28,away,519242,Chris Sale,8.0,8.0,7.0,10,9,0,0,True,True,False,8.0,823866,8.0,823866,8.0,824926,8.0,824926,7.0,823957,7.0,823957
824834,2026-05-28,home,605135,Chris Bassitt,4.0,3.0,7.0,9,13,0,0,True,True,False,4.0,822737,4.0,824842,3.0,824123,4.0,822737,2.0,824454,6.0,824845
824834,2026-05-28,away,571578,Patrick Corbin,7.0,3.0,1.0,6,7,0,0,True,True,False,7.0,822814,7.0,822814,3.0,823549,3.0,823549,1.0,822985,1.0,822985
823378,2026-05-28,home,694973,Paul Skenes,2.0,7.0,10.0,11,11,0,0,True,True,False,2.0,822814,2.0,822814,7.0,823381,7.0,823381,7.0,825091,7.0,825091
823378,2026-05-28,away,607067,Colin Rea,4.0,4.0,1.0,8,13,0,0,True,True,False,4.0,824674,4.0,824674,4.0,824599,4.0,824599,5.0,824683,5.0,824683
822896,2026-05-28,home,543135,Nathan Eovaldi,6.0,8.0,8.0,11,11,0,0,True,True,False,6.0,824030,6.0,824030,8.0,824192,8.0,824192,8.0,823550,8.0,823550
822896,2026-05-28,away,681293,Spencer Arrighetti,5.0,5.0,5.0,5,8,0,0,True,True,False,5.0,824679,5.0,824679,5.0,824194,5.0,824194,5.0,824523,5.0,824523
824515,2026-05-29,home,663978,Chris Paddack,,,,10,11,0,0,True,True,False,3.0,824435,3.0,824435,1.0,823875,1.0,823875,7.0,823880,7.0,823880
824515,2026-05-29,away,656550,Grant Holmes,,,,12,13,0,0,True,True,False,10.0,824920,10.0,824920,4.0,824923,4.0,824923,4.0,824932,4.0,824366
822732,2026-05-29,home,687606,Paxton Schultz,1.0,0.0,2.0,0,12,0,0,True,True,False,,,1.0,824922,,,0.0,822734,,,2.0,822738
822732,2026-05-29,away,608337,Lucas Giolito,2.0,3.0,,2,2,0,0,True,True,False,2.0,823300,2.0,823300,3.0,823138,3.0,823138,,,,
823377,2026-05-29,home,683003,Jared Jones,,,,0,0,0,0,True,True,False,,,,,,,,,,,,
823377,2026-05-29,away,671737,Taj Bradley,7.0,8.0,7.0,10,10,0,0,True,True,False,7.0,824760,7.0,824760,3.0,822992,3.0,822992,5.0,823721,5.0,823721
824835,2026-05-29,home,669432,Trevor Rogers,2.0,3.0,3.0,11,11,0,0,True,True,False,3.0,822980,3.0,822980,3.0,824843,3.0,824843,2.0,824851,2.0,824851
824835,2026-05-29,away,671936,Adam Macko,0.0,1.0,0.0,0,6,0,0,True,True,False,,,0.0,822811,,,0.0,822814,,,2.0,823545
824433,2026-05-29,home,677944,Slade Cecconi,5.0,4.0,7.0,14,13,0,0,True,True,False,5.0,823458,5.0,823458,4.0,824277,4.0,824277,7.0,824442,3.0,824117
824433,2026-05-29,away,701719,Tyler Samaniego,0.0,0.0,1.0,0,19,0,0,True,True,False,,,0.0,824760,,,0.0,824761,,,1.0,824112
822978,2026-05-29,home,607259,Nick Martinez,1.0,4.0,3.0,12,12,0,0,True,True,False,1.0,823546,1.0,823546,4.0,822981,4.0,822981,3.0,824765,3.0,824765
822978,2026-05-29,away,700712,Walbert Ureña,6.0,4.0,4.0,7,13,0,0,True,True,False,6.0,824030,6.0,824030,4.0,824035,4.0,824035,4.0,824442,5.0,824036
823623,2026-05-29,home,642547,Freddy Peralta,9.0,4.0,7.0,10,10,0,0,True,True,False,9.0,823862,9.0,823862,4.0,823628,4.0,823628,1.0,824361,1.0,824361
823623,2026-05-29,away,676974,Max Meyer,8.0,6.0,9.0,10,10,0,0,True,True,False,8.0,823862,8.0,823862,6.0,823867,6.0,823867,9.0,823710,9.0,823710
823055,2026-05-29,home,669467,Andre Pallante,3.0,7.0,4.0,10,9,0,0,True,True,False,7.0,823058,7.0,823058,3.0,823063,3.0,823063,8.0,823069,8.0,823069
823055,2026-05-29,away,684007,Shota Imanaga,6.0,2.0,6.0,13,13,0,0,True,True,False,6.0,824676,6.0,824676,2.0,824680,2.0,824680,6.0,824928,6.0,824928
824594,2026-05-29,home,685126,Brandon Eisert,2.0,2.0,2.0,0,13,0,0,True,True,False,,,1.0,824596,,,2.0,823220,,,2.0,823223
824594,2026-05-29,away,675512,Troy Melton,3.0,,,0,0,0,0,True,True,False,,,,,,,,,,,,
822894,2026-05-29,home,669022,MacKenzie Gore,7.0,2.0,5.0,12,13,0,0,True,True,False,7.0,824028,7.0,824028,2.0,824357,2.0,824357,3.0,823551,3.0,823551
822894,2026-05-29,away,663568,Stephen Kolek,2.0,3.0,6.0,2,2,0,0,True,True,False,2.0,824109,2.0,824109,3.0,823058,3.0,823058,,,,
824191,2026-05-29,home,678906,Kai-Wei Teng,6.0,7.0,1.0,4,19,0,0,True,True,False,6.0,824674,6.0,824674,7.0,824193,7.0,824193,1.0,824520,1.0,824520
824191,2026-05-29,away,689441,Coleman Crow,3.0,4.0,,2,3,0,0,True,True,False,3.0,823707,3.0,823707,4.0,823883,4.0,823883,,,1.0,831792
824353,2026-05-29,home,547179,Michael Lorenzen,5.0,5.0,5.0,11,12,0,0,True,True,False,5.0,825080,5.0,825080,5.0,824358,5.0,824358,2.0,824361,2.0,824361
824353,2026-05-29,away,657277,Logan Webb,4.0,6.0,5.0,8,8,0,0,True,True,False,5.0,823233,5.0,823233,6.0,822752,6.0,822752,6.0,824857,6.0,824857
825002,2026-05-29,home,622663,Luis Severino,10.0,7.0,4.0,10,10,0,0,True,True,False,10.0,824031,10.0,824031,7.0,825007,7.0,825007,4.0,824845,4.0,824845
825002,2026-05-29,away,607074,Carlos Rodón,7.0,6.0,4.0,3,3,0,0,True,True,False,7.0,823545,7.0,823545,6.0,823627,6.0,823627,4.0,823793,4.0,823793
823135,2026-05-29,home,669923,George Kirby,3.0,6.0,7.0,11,11,0,0,True,True,False,3.0,824109,3.0,824109,6.0,823138,6.0,823138,7.0,824199,7.0,824199
823135,2026-05-29,away,668678,Zac Gallen,6.0,5.0,4.0,10,11,0,0,True,True,False,6.0,825080,6.0,825080,3.0,825093,3.0,824686,3.0,825098,3.0,825093
823946,2026-05-29,home,680736,Justin Wrobleski,4.0,5.0,7.0,7,9,0,0,True,True,False,4.0,823788,4.0,823788,5.0,824038,5.0,824038,7.0,823954,7.0,823954
823946,2026-05-29,away,554430,Zack Wheeler,6.0,8.0,4.0,4,5,0,0,True,True,False,6.0,823458,6.0,823458,8.0,823381,8.0,823381,4.0,823470,4.0,823470
823865,2026-05-19,home,666129,Braxton Garrett,3.0,,,3,3,0,0,True,True,False,3.0,823709,3.0,823709,2.0,831467,2.0,831467,1.0,831436,1.0,831436
823865,2026-05-19,away,527048,Martín Pérez,5.0,5.0,4.0,5,11,0,0,True,True,False,5.0,823141,2.0,824924,4.0,823476,2.0,824928,2.0,824939,5.0,823141
824276,2026-05-19,home,672456,Keider Montero,2.0,4.0,2.0,6,7,0,0,True,True,False,2.0,823630,2.0,823630,4.0,824116,4.0,824116,3.0,824290,3.0,824290
824276,2026-05-19,away,800048,Parker Messick,7.0,7.0,6.0,10,10,0,0,True,True,False,7.0,824438,7.0,824438,7.0,824443,7.0,824443,6.0,825013,6.0,825013
822979,2026-05-19,home,643377,Griffin Jax,1.0,3.0,2.0,1,13,0,0,True,True,False,1.0,822815,1.0,822815,,,3.0,822995,,,2.0,823394
822979,2026-05-19,away,680694,Kyle Bradish,7.0,10.0,4.0,9,9,0,0,True,True,False,7.0,824841,7.0,824841,10.0,824846,10.0,824846,4.0,823554,4.0,823554
823464,2026-05-19,home,666200,Jesús Luzardo,4.0,6.0,10.0,12,12,0,0,True,True,False,4.0,824762,4.0,824762,6.0,823466,6.0,823466,10.0,823875,10.0,823875
823464,2026-05-19,away,695505,Chase Burns,7.0,2.0,7.0,12,12,0,0,True,True,False,7.0,824517,7.0,824517,2.0,824523,2.0,824523,7.0,823387,7.0,823387
822736,2026-05-19,home,656492,Foster Griffin,7.0,9.0,3.0,10,10,0,0,True,True,False,7.0,824517,7.0,824517,9.0,823871,9.0,823871,3.0,822747,3.0,822747
822736,2026-05-19,away,690997,Nolan McLean,7.0,6.0,6.0,7,7,0,0,True,True,False,7.0,823630,7.0,823630,6.0,825088,6.0,825088,10.0,823640,10.0,823640
823548,2026-05-19,home,701542,Will Warren,6.0,7.0,9.0,13,14,0,0,True,True,False,6.0,824843,6.0,824843,7.0,823550,7.0,823550,6.0,824204,9.0,823557
823548,2026-05-19,away,656302,Dylan Cease,9.0,10.0,7.0,8,8,0,0,True,True,False,9.0,822815,9.0,822815,10.0,822822,10.0,822822,7.0,823715,7.0,823715
824112,2026-05-19,home,663559,Bailey Falter,0.0,0.0,4.0,1,4,0,0,True,True,False,0.0,831762,0.0,823060,,,4.0,824946,,,5.0,831806
824112,2026-05-19,away,624133,Ranger Suarez,8.0,3.0,10.0,9,9,0,0,True,True,False,8.0,824762,8.0,824762,3.0,824769,3.0,824769,4.0,824774,4.0,824774
823704,2026-05-19,home,805673,Zebby Matthews,5.0,,,4,4,0,0,True,True,False,5.0,823709,5.0,823709,1.0,831615,1.0,831615,5.0,831569,5.0,831569
823704,2026-05-19,away,669920,Jason Alexander,5.0,1.0,,2,3,0,0,True,True,False,1.0,831523,5.0,824198,1.0,831579,1.0,831523,,,1.0,831579
824677,2026-05-19,home,676962,Ben Brown,7.0,3.0,,4,15,0,0,True,True,False,7.0,824926,7.0,824926,3.0,822904,3.0,822904,6.0,831928,1.0,824684
824677,2026-05-19,away,694819,Jacob Misiorowski,10.0,11.0,8.0,9,12,0,0,True,True,False,10.0,823791,10.0,823791,11.0,823794,11.0,823794,9.0,823799,8.0,822744
823059,2026-05-19,home,669461,Matthew Liberatore,5.0,6.0,4.0,9,9,0,0,True,True,False,5.0,825010,5.0,825010,3.0,823070,4.0,823066,4.0,824205,3.0,823070
823059,2026-05-19,away,656605,Mitch Keller,3.0,4.0,6.0,10,11,0,0,True,True,False,3.0,823386,3.0,823386,6.0,823799,6.0,823389,5.0,823393,6.0,823799
824356,2026-05-19,home,671111,Sammy Peralta,,,,0,4,0,0,True,True,False,,,2.0,831784,,,0.0,831935,,,0.0,831793
824356,2026-05-19,away,641302,Tyler Alexander,1.0,2.0,0.0,0,22,0,0,True,True,False,,,1.0,822900,,,2.0,822901,,,0.0,822904
824033,2026-05-19,home,672282,Reid Detmers,6.0,3.0,8.0,9,9,0,0,True,True,False,6.0,824438,6.0,824438,3.0,822822,3.0,822822,9.0,823562,9.0,823562
824033,2026-05-19,away,682052,Jacob Lopez,2.0,5.0,5.0,11,11,0,0,True,True,False,2.0,825008,2.0,825008,5.0,824846,5.0,824846,5.0,825014,5.0,825014
823302,2026-05-19,home,656288,Griffin Canning,2.0,5.0,7.0,3,3,0,0,True,True,False,2.0,823789,2.0,823789,5.0,823303,5.0,823303,7.0,823307,7.0,823307
823302,2026-05-19,away,686218,Emmet Sheehan,6.0,7.0,8.0,9,11,0,0,True,True,False,7.0,823957,7.0,823957,10.0,823962,8.0,823066,4.0,824372,10.0,823962
825086,2026-05-19,home,669194,Ryne Nelson,8.0,7.0,4.0,12,12,0,0,True,True,False,8.0,822900,8.0,822900,7.0,825088,7.0,825088,4.0,824685,4.0,824685
825086,2026-05-19,away,694738,Landen Roupp,7.0,8.0,6.0,11,10,0,0,True,True,False,8.0,823224,8.0,823224,7.0,823236,7.0,823236,6.0,824530,6.0,824530
823136,2026-05-19,home,682243,Bryce Miller,3.0,,,1,1,0,0,True,True,False,3.0,824195,3.0,824195,,,,,,,,
823136,2026-05-19,away,641743,Anthony Kay,4.0,5.0,5.0,10,12,0,0,True,True,False,5.0,824606,5.0,824606,5.0,823307,5.0,823307,1.0,825097,1.0,825097
824593,2026-05-30,home,641743,Anthony Kay,5.0,5.0,4.0,12,14,0,0,True,True,False,5.0,824598,5.0,824598,5.0,823136,5.0,823136,5.0,824606,5.0,824606
824593,2026-05-30,away,664285,Framber Valdez,5.0,3.0,7.0,12,13,0,0,True,True,False,3.0,824277,5.0,824839,7.0,823631,3.0,824277,4.0,824529,7.0,823631
822731,2026-05-30,home,656492,Foster Griffin,6.0,5.0,7.0,12,12,0,0,True,True,False,6.0,824921,6.0,824921,5.0,822736,5.0,822736,7.0,824517,7.0,824517
822731,2026-05-30,away,650633,Michael King,4.0,9.0,5.0,11,12,0,0,True,True,False,9.0,823301,4.0,823297,5.0,823791,9.0,823301,6.0,824047,5.0,823791
822893,2026-05-30,home,677958,Kumar Rocker,5.0,3.0,3.0,8,11,0,0,True,True,False,5.0,822899,5.0,822899,3.0,822900,7.0,824356,3.0,822904,3.0,822900
822893,2026-05-30,away,607625,Seth Lugo,3.0,5.0,4.0,8,8,0,0,True,True,False,3.0,824108,3.0,824108,5.0,824114,5.0,824114,4.0,824603,4.0,824603
824833,2026-05-30,home,687064,Brandon Young,4.0,3.0,5.0,4,5,0,0,True,True,False,3.0,822738,4.0,824839,5.0,824844,3.0,822738,5.0,823872,5.0,824844
824833,2026-05-30,away,702056,Trey Yesavage,6.0,8.0,6.0,4,4,0,0,True,True,False,8.0,823547,8.0,823547,6.0,824280,6.0,824280,6.0,822820,6.0,822820
823375,2026-05-30,home,656605,Mitch Keller,5.0,3.0,3.0,12,13,0,0,True,True,False,5.0,822813,5.0,822813,3.0,823059,3.0,823059,3.0,823386,3.0,823386
823375,2026-05-30,away,641927,Bailey Ober,3.0,1.0,7.0,13,13,0,0,True,True,False,3.0,824759,3.0,824759,1.0,823708,1.0,823708,3.0,822740,3.0,822740
824431,2026-05-30,home,800048,Parker Messick,6.0,6.0,7.0,12,12,0,0,True,True,False,6.0,823459,6.0,823459,6.0,824276,6.0,824276,7.0,824438,7.0,824438
824431,2026-05-30,away,543243,Sonny Gray,4.0,9.0,6.0,12,12,0,0,True,True,False,4.0,824759,4.0,824759,9.0,824114,9.0,824114,6.0,824763,6.0,824763
822975,2026-05-30,home,656876,Drew Rasmussen,6.0,2.0,6.0,10,10,0,0,True,True,False,6.0,823544,6.0,823544,2.0,822982,2.0,822982,6.0,822818,6.0,822818
822975,2026-05-30,away,672282,Reid Detmers,14.0,8.0,6.0,11,11,0,0,True,True,False,14.0,824028,14.0,824028,8.0,824033,8.0,824033,6.0,824438,6.0,824438
823622,2026-05-30,home,681035,Christian Scott,5.0,5.0,5.0,4,8,0,0,True,True,False,5.0,823861,5.0,823861,5.0,822734,5.0,822734,5.0,823631,5.0,823631
823622,2026-05-30,away,663969,Tyler Phillips,4.0,,,2,18,0,0,True,True,False,4.0,823861,4.0,823861,3.0,831468,2.0,823866,,,0.0,822982
824190,2026-05-30,home,663567,Peter Lambert,5.0,6.0,6.0,6,8,0,0,True,True,False,5.0,824676,5.0,824676,6.0,824192,6.0,824192,6.0,824199,6.0,824199
824190,2026-05-30,away,687075,Brandon Sproat,7.0,5.0,6.0,8,10,0,0,True,True,False,7.0,823786,7.0,823786,5.0,824680,5.0,824680,5.0,823063,5.0,823063
823054,2026-05-30,home,681517,Kyle Leahy,8.0,2.0,5.0,13,12,0,0,True,True,False,8.0,824516,8.0,824516,2.0,823060,2.0,823060,5.0,823305,5.0,823305
823054,2026-05-30,away,676962,Ben Brown,7.0,6.0,7.0,6,17,0,0,True,True,False,7.0,823380,7.0,823380,6.0,824677,6.0,824677,7.0,824926,7.0,824926
824513,2026-05-30,home,663903,Brady Singer,6.0,2.0,6.0,13,14,0,0,True,True,False,6.0,824436,6.0,824436,6.0,824683,6.0,824683,3.0,824527,1.0,823389
824513,2026-05-30,away,527048,Martín Pérez,2.0,10.0,5.0,7,13,0,0,True,True,False,2.0,824921,2.0,824921,10.0,823865,10.0,823865,5.0,823141,2.0,824924
824352,2026-05-30,home,663372,Ryan Feltner,3.0,5.0,4.0,7,8,0,0,True,True,False,3.0,824368,3.0,824368,5.0,824372,5.0,824372,4.0,823316,4.0,823316
824352,2026-05-30,away,605288,Adrian Houser,5.0,3.0,4.0,9,9,0,0,True,True,False,5.0,823222,5.0,823222,3.0,825006,3.0,825006,3.0,823226,3.0,823226
825000,2026-05-30,home,669372,J.T. Ginn,4.0,10.0,3.0,8,14,0,0,True,True,False,4.0,823300,4.0,823300,10.0,824035,10.0,824035,3.0,825010,3.0,825010
825000,2026-05-30,away,677960,Ryan Weathers,4.0,7.0,9.0,13,14,0,0,True,True,False,4.0,823544,4.0,823544,7.0,823549,7.0,823549,9.0,824844,9.0,824844
823132,2026-05-30,home,693433,Bryan Woo,4.0,8.0,9.0,11,12,0,0,True,True,False,4.0,824108,4.0,824108,9.0,823141,9.0,823141,1.0,823070,2.0,823146
823132,2026-05-30,away,669194,Ryne Nelson,3.0,3.0,8.0,14,14,0,0,True,True,False,3.0,825081,3.0,825081,3.0,825086,3.0,825086,8.0,822900,8.0,822900
823945,2026-05-30,home,808963,Roki Sasaki,4.0,8.0,5.0,11,11,0,0,True,True,False,4.0,823787,4.0,823787,8.0,824034,8.0,824034,5.0,823953,5.0,823953
823945,2026-05-30,away,666200,Jesús Luzardo,6.0,5.0,4.0,14,14,0,0,True,True,False,6.0,823296,6.0,823296,5.0,823464,5.0,823464,4.0,824762,4.0,824762
823462,2026-05-20,home,605400,Aaron Nola,2.0,4.0,5.0,9,9,0,0,True,True,False,2.0,823384,2.0,823384,4.0,823468,4.0,823468,5.0,823874,5.0,823874
823462,2026-05-20,away,671096,Andrew Abbott,2.0,5.0,4.0,13,13,0,0,True,True,False,2.0,824439,2.0,824439,5.0,824520,5.0,824520,4.0,824529,4.0,824529
822977,2026-05-20,home,571927,Steven Matz,1.0,2.0,4.0,8,8,0,0,True,True,False,1.0,822987,1.0,822987,4.0,822995,4.0,822995,4.0,824614,4.0,824614
822977,2026-05-20,away,669358,Shane Baz,4.0,5.0,4.0,10,9,0,0,True,True,False,4.0,822739,4.0,822739,5.0,824847,5.0,824847,4.0,823552,4.0,823552
823703,2026-05-20,home,657746,Joe Ryan,7.0,5.0,1.0,11,11,0,0,True,True,False,7.0,823707,7.0,823707,5.0,824444,5.0,824444,1.0,823711,1.0,823711
823703,2026-05-20,away,681347,Mike Burrows,4.0,6.0,3.0,10,11,0,0,True,True,False,4.0,824196,4.0,824196,6.0,824522,6.0,824522,8.0,824203,3.0,824772
824355,2026-05-20,home,607536,Kyle Freeland,3.0,4.0,7.0,11,11,0,0,True,True,False,3.0,824360,3.0,824360,4.0,823468,4.0,823468,7.0,824364,7.0,824364
824355,2026-05-20,away,683004,Jack Leiter,6.0,6.0,10.0,11,11,0,0,True,True,False,6.0,824194,6.0,824194,6.0,822905,6.0,822905,10.0,824285,10.0,824285
825084,2026-05-20,home,518876,Merrill Kelly,3.0,6.0,5.0,8,8,0,0,True,True,False,3.0,824360,3.0,824360,6.0,825089,6.0,825089,5.0,824687,5.0,824687
825084,2026-05-20,away,641816,Tyler Mahle,6.0,8.0,5.0,12,12,0,0,True,True,False,6.0,825009,6.0,825009,8.0,823221,8.0,823221,5.0,822987,5.0,822987
823134,2026-05-20,home,676106,Emerson Hancock,6.0,4.0,14.0,7,9,0,0,True,True,False,6.0,823140,6.0,823140,4.0,824607,4.0,824607,6.0,823314,6.0,823314
823134,2026-05-20,away,680732,Sean Burke,5.0,4.0,8.0,9,9,0,0,True,True,False,5.0,824601,5.0,824601,4.0,824607,4.0,824607,3.0,825099,3.0,825099
824273,2026-05-20,home,623454,Drew Anderson,,,,0,17,0,0,True,True,False,,,1.0,824280,,,1.0,823631,,,4.0,824113
824273,2026-05-20,away,676440,Tanner Bibee,2.0,9.0,4.0,13,12,0,0,True,True,False,2.0,824439,2.0,824439,9.0,824444,9.0,824444,4.0,824120,4.0,824120
823866,2026-05-20,home,676083,Janson Junk,4.0,6.0,6.0,10,12,0,0,True,True,False,4.0,822983,4.0,822983,6.0,823869,6.0,823869,6.0,823874,6.0,823874
823866,2026-05-20,away,519242,Chris Sale,8.0,7.0,11.0,9,8,0,0,True,True,False,8.0,824926,8.0,824926,7.0,823957,7.0,823957,7.0,823474,7.0,823474
822735,2026-05-20,home,641793,Zack Littell,3.0,1.0,1.0,7,10,0,0,True,True,False,3.0,822739,3.0,822739,1.0,822748,0.0,823869,4.0,822752,1.0,822742
822735,2026-05-20,away,804267,Zac Thornton,,,,2,2,0,0,True,True,False,1.0,831555,1.0,831555,3.0,831468,3.0,831468,,,,
823547,2026-05-20,home,693645,Cam Schlittler,9.0,6.0,4.0,11,11,0,0,True,True,False,9.0,823629,9.0,823629,6.0,823792,6.0,823792,4.0,823552,4.0,823552
823547,2026-05-20,away,702056,Trey Yesavage,6.0,6.0,6.0,3,3,0,0,True,True,False,6.0,824280,6.0,824280,6.0,822820,6.0,822820,6.0,823711,6.0,823711
824111,2026-05-20,home,608379,Michael Wacha,5.0,6.0,3.0,11,12,0,0,True,True,False,5.0,823061,5.0,823061,6.0,824115,6.0,824115,3.0,824120,3.0,824120
824111,2026-05-20,away,813349,Connelly Early,6.0,8.0,3.0,10,10,0,0,True,True,False,6.0,824925,6.0,824925,8.0,824768,8.0,824768,4.0,824773,4.0,824773
824678,2026-05-20,home,665795,Edward Cabrera,2.0,6.0,8.0,12,12,0,0,True,True,False,2.0,824601,2.0,824601,6.0,822905,6.0,822905,8.0,824684,8.0,824684
824678,2026-05-20,away,690986,Kyle Harrison,7.0,6.0,5.0,9,11,0,0,True,True,False,7.0,823789,7.0,823789,6.0,823792,6.0,823792,3.0,824290,3.0,824290
823057,2026-05-20,home,700241,Michael McGreevy,3.0,9.0,3.0,10,10,0,0,True,True,False,3.0,825008,3.0,825008,9.0,823303,9.0,823303,3.0,823879,3.0,823879
823057,2026-05-20,away,669387,Carmen Mlodzinski,1.0,10.0,4.0,7,10,0,0,True,True,False,1.0,823225,2.0,823383,6.0,822914,1.0,823225,2.0,824695,6.0,822914
823299,2026-05-20,home,681190,Randy Vásquez,3.0,6.0,2.0,11,12,0,0,True,True,False,3.0,823140,3.0,823140,6.0,823304,6.0,823304,2.0,823228,2.0,823228
823299,2026-05-20,away,660271,Shohei Ohtani,8.0,8.0,9.0,7,7,0,0,True,True,False,8.0,823952,8.0,823952,7.0,823231,7.0,823231,10.0,823963,10.0,823963
824032,2026-05-20,home,686799,Jack Kochanowicz,4.0,0.0,6.0,11,12,0,0,True,True,False,4.0,824037,4.0,824037,0.0,822820,0.0,822820,6.0,824043,6.0,824043
824032,2026-05-20,away,650644,Aaron Civale,2.0,6.0,3.0,12,12,0,0,True,True,False,2.0,825009,2.0,825009,6.0,824847,6.0,824847,3.0,825013,3.0,825013
824832,2026-05-31,home,680694,Kyle Bradish,3.0,6.0,7.0,11,11,0,0,True,True,False,3.0,824838,3.0,824838,6.0,822979,6.0,822979,7.0,824841,7.0,824841
824832,2026-05-31,away,693686,Spencer Miles,2.0,,,1,19,0,0,True,True,False,2.0,822819,3.0,822811,,,6.0,823545,,,5.0,824278
822729,2026-05-31,home,641793,Zack Littell,3.0,3.0,1.0,8,12,0,0,True,True,False,3.0,822735,7.0,824437,3.0,822739,3.0,822735,1.0,822748,3.0,822739
822729,2026-05-31,away,656288,Griffin Canning,5.0,5.0,2.0,5,5,0,0,True,True,False,5.0,823296,5.0,823296,5.0,823302,5.0,823302,2.0,823789,2.0,823789
823373,2026-05-31,home,677952,Braxton Ashcraft,5.0,9.0,5.0,12,12,0,0,True,True,False,5.0,823379,5.0,823379,9.0,823056,9.0,823056,5.0,823384,5.0,823384
823373,2026-05-31,away,805673,Zebby Matthews,6.0,6.0,5.0,6,6,0,0,True,True,False,6.0,824598,6.0,824598,6.0,823704,6.0,823704,5.0,823709,5.0,823709
824430,2026-05-31,home,676440,Tanner Bibee,,,,15,14,0,0,True,True,False,3.0,824437,3.0,824437,5.0,824273,5.0,824273,2.0,824439,2.0,824439
824430,2026-05-31,away,624133,Ranger Suarez,,,,11,11,0,0,True,True,False,4.0,824758,4.0,824758,3.0,824112,3.0,824112,8.0,824762,8.0,824762
822976,2026-05-31,home,663556,Shane McClanahan,3.0,6.0,7.0,12,13,0,0,True,True,False,3.0,824838,3.0,824838,6.0,822980,6.0,822980,4.0,822985,4.0,822985
822976,2026-05-31,away,686799,Jack Kochanowicz,4.0,7.0,4.0,13,14,0,0,True,True,False,4.0,824275,4.0,824275,7.0,824032,7.0,824032,4.0,824037,4.0,824037
824512,2026-05-31,home,666157,Nick Lodolo,7.0,3.0,6.0,7,8,0,0,True,True,False,7.0,823625,7.0,823625,3.0,823465,3.0,823465,6.0,824519,6.0,824519
824512,2026-05-31,away,675911,Spencer Strider,5.0,9.0,4.0,6,7,0,0,True,True,False,5.0,824758,5.0,824758,9.0,823864,9.0,823864,4.0,824925,4.0,824925
823621,2026-05-31,home,690997,Nolan McLean,6.0,5.0,7.0,9,9,0,0,True,True,False,6.0,823625,6.0,823625,5.0,822736,5.0,822736,7.0,823630,7.0,823630
823621,2026-05-31,away,667463,John King,1.0,0.0,0.0,0,28,0,0,True,True,False,,,1.0,822809,,,0.0,823861,,,1.0,823867
824592,2026-05-31,home,680732,Sean Burke,8.0,5.0,5.0,11,11,0,0,True,True,False,8.0,824597,8.0,824597,5.0,823134,5.0,823134,5.0,824601,5.0,824601
824592,2026-05-31,away,672456,Keider Montero,7.0,1.0,2.0,8,9,0,0,True,True,False,7.0,824275,7.0,824275,1.0,824276,1.0,824276,2.0,823630,2.0,823630
824187,2026-05-31,home,837227,Tatsuya Imai,2.0,5.0,3.0,8,8,0,0,True,True,False,2.0,822899,2.0,822899,5.0,823705,5.0,823705,0.0,823156,0.0,823156
824187,2026-05-31,away,694819,Jacob Misiorowski,12.0,8.0,10.0,11,14,0,0,True,True,False,12.0,823784,12.0,823784,8.0,824677,8.0,824677,10.0,823791,10.0,823791
822895,2026-05-31,home,683004,Jack Leiter,4.0,5.0,6.0,13,13,0,0,True,True,False,4.0,822898,4.0,822898,5.0,824355,5.0,824355,6.0,824194,6.0,824194
822895,2026-05-31,away,608379,Michael Wacha,5.0,8.0,5.0,13,14,0,0,True,True,False,5.0,824107,5.0,824107,8.0,824111,8.0,824111,5.0,823061,5.0,823061
824354,2026-05-31,home,685299,Tanner Gordon,3.0,,,1,6,0,0,True,True,False,4.0,831858,5.0,824356,,,5.0,823383,,,3.0,823468
824354,2026-05-31,away,592662,Robbie Ray,3.0,1.0,2.0,13,14,0,0,True,True,False,3.0,823220,3.0,823220,2.0,823952,2.0,823952,7.0,823225,7.0,823225
825001,2026-05-31,home,682052,Jacob Lopez,2.0,2.0,5.0,12,13,0,0,True,True,False,2.0,824033,3.0,823297,2.0,825008,2.0,824033,5.0,824846,2.0,825008
825001,2026-05-31,away,701542,Will Warren,3.0,3.0,6.0,15,16,0,0,True,True,False,3.0,824107,3.0,824107,3.0,823548,3.0,823548,6.0,824843,6.0,824843
823133,2026-05-31,home,682243,Bryce Miller,7.0,3.0,,2,2,0,0,True,True,False,7.0,823136,7.0,823136,3.0,824195,3.0,824195,,,,
823133,2026-05-31,away,518876,Merrill Kelly,4.0,4.0,3.0,10,10,0,0,True,True,False,4.0,823219,4.0,823219,4.0,825084,4.0,825084,3.0,824360,3.0,824360
823944,2026-05-31,home,808967,Yoshinobu Yamamoto,3.0,8.0,8.0,8,8,0,0,True,True,False,3.0,823786,3.0,823786,8.0,823301,8.0,823301,8.0,824201,8.0,824201
823944,2026-05-31,away,691725,Andrew Painter,3.0,3.0,4.0,10,11,0,0,True,True,False,3.0,823459,3.0,823459,3.0,823465,3.0,823465,4.0,824763,4.0,824763
823053,2026-05-31,home,669461,Matthew Liberatore,10.0,9.0,5.0,11,11,0,0,True,True,False,10.0,823784,10.0,823784,9.0,823059,9.0,823059,5.0,825010,5.0,825010
823053,2026-05-31,away,696136,Jordan Wicks,5.0,,,1,1,0,0,True,True,False,5.0,823379,5.0,823379,,,,,,,,
824274,2026-05-21,home,663554,Casey Mize,4.0,3.0,7.0,9,11,0,0,True,True,False,4.0,824278,4.0,824278,7.0,824286,7.0,824286,7.0,824778,7.0,824778
824274,2026-05-21,away,676282,Joey Cantillo,4.0,4.0,1.0,12,14,0,0,True,True,False,4.0,824435,4.0,824435,4.0,824441,4.0,824441,1.0,824118,1.0,824118
823056,2026-05-21,home,669160,Dustin May,3.0,7.0,3.0,12,12,0,0,True,True,False,3.0,823061,3.0,823061,7.0,823304,7.0,823304,3.0,823065,3.0,823065
823056,2026-05-21,away,677952,Braxton Ashcraft,5.0,6.0,6.0,10,10,0,0,True,True,False,5.0,823384,5.0,823384,6.0,823224,6.0,823224,6.0,823387,6.0,823387
822733,2026-05-21,home,676917,Cade Cavalli,8.0,4.0,2.0,11,11,0,0,True,True,False,8.0,822737,8.0,822737,4.0,823868,4.0,823868,10.0,822745,10.0,822745
822733,2026-05-21,away,656849,David Peterson,5.0,7.0,6.0,7,12,0,0,True,True,False,6.0,823646,8.0,823627,5.0,823242,3.0,825085,3.0,823651,6.0,824363
823864,2026-05-21,home,645261,Sandy Alcantara,6.0,3.0,5.0,11,11,0,0,True,True,False,6.0,822981,6.0,822981,3.0,823868,3.0,823868,4.0,823232,4.0,823232
823864,2026-05-21,away,675911,Spencer Strider,4.0,8.0,6.0,4,5,0,0,True,True,False,4.0,824925,4.0,824925,8.0,823955,8.0,823955,6.0,824364,6.0,824364
823545,2026-05-21,home,607074,Carlos Rodón,6.0,4.0,,2,2,0,0,True,True,False,6.0,823627,6.0,823627,4.0,823793,4.0,823793,,,,
823545,2026-05-21,away,680755,Braydon Fisher,0.0,,,1,25,0,0,True,True,False,0.0,825101,1.0,823549,,,2.0,824278,,,1.0,824280
824031,2026-05-21,home,667755,José Soriano,6.0,7.0,5.0,9,10,0,0,True,True,False,6.0,824038,6.0,824038,7.0,822819,7.0,822819,5.0,824039,5.0,824039
824031,2026-05-21,away,622663,Luis Severino,7.0,4.0,3.0,9,9,0,0,True,True,False,7.0,825007,7.0,825007,4.0,824845,4.0,824845,5.0,822909,5.0,822909
825083,2026-05-21,home,593958,Eduardo Rodriguez,6.0,4.0,7.0,8,8,0,0,True,True,False,6.0,824359,6.0,824359,4.0,825085,4.0,825085,4.0,825097,4.0,825097
825083,2026-05-21,away,688642,Zach Agnos,1.0,1.0,1.0,2,19,0,0,True,True,False,1.0,831860,1.0,824360,0.0,831863,1.0,823463,,,1.0,824361
824679,2026-05-22,home,592791,Jameson Taillon,2.0,4.0,5.0,10,10,0,0,True,True,False,2.0,824600,2.0,824600,4.0,822902,4.0,822902,4.0,823962,4.0,823962
824679,2026-05-22,away,681293,Spencer Arrighetti,5.0,5.0,4.0,4,7,0,0,True,True,False,5.0,824194,5.0,824194,5.0,824523,5.0,824523,3.0,824450,3.0,824450
823461,2026-05-22,home,650911,Cristopher Sánchez,13.0,7.0,10.0,9,9,0,0,True,True,False,13.0,823382,13.0,823382,7.0,823463,7.0,823463,4.0,824689,4.0,824689
823461,2026-05-22,away,668909,Gavin Williams,7.0,6.0,7.0,11,10,0,0,True,True,False,7.0,824436,7.0,824436,6.0,824440,6.0,824440,4.0,822827,4.0,822827
823546,2026-05-22,home,543037,Gerrit Cole,,,,2,2,0,0,True,True,False,3.0,831779,3.0,831779,0.0,831607,0.0,831607,,,,
823546,2026-05-22,away,607259,Nick Martinez,4.0,3.0,4.0,11,11,0,0,True,True,False,4.0,822981,4.0,822981,3.0,824765,3.0,824765,4.0,822984,4.0,822984
822816,2026-05-22,home,592332,Kevin Gausman,5.0,5.0,3.0,11,11,0,0,True,True,False,5.0,824279,5.0,824279,5.0,822818,5.0,822818,3.0,822826,3.0,822826
822816,2026-05-22,away,696149,Bubba Chandler,2.0,3.0,4.0,9,9,0,0,True,True,False,2.0,823382,2.0,823382,3.0,823221,3.0,823221,4.0,822912,4.0,822912
824761,2026-05-22,home,801139,Payton Tolle,3.0,4.0,8.0,4,6,0,0,True,True,False,3.0,824924,3.0,824924,4.0,824765,4.0,824765,8.0,824283,8.0,824283
824761,2026-05-22,away,687570,Connor Prielipp,8.0,6.0,4.0,4,6,0,0,True,True,False,8.0,823706,8.0,823706,6.0,824443,6.0,824443,4.0,823715,4.0,823715
823863,2026-05-22,home,691587,Eury Pérez,5.0,8.0,6.0,10,12,0,0,True,True,False,5.0,822982,5.0,822982,6.0,823872,6.0,823872,6.0,823229,6.0,823877
823863,2026-05-22,away,668964,Tobias Myers,2.0,,,2,15,0,0,True,True,False,2.0,824691,1.0,822734,2.0,831456,1.0,823629,,,1.0,823630
824842,2026-05-22,home,669211,Keegan Akin,2.0,,,1,10,0,0,True,True,False,2.0,824845,1.0,822979,,,0.0,822737,,,0.0,824841
824842,2026-05-22,away,656427,Jack Flaherty,4.0,2.0,10.0,11,12,0,0,True,True,False,4.0,824279,4.0,824279,10.0,824282,10.0,824282,4.0,824527,4.0,824287
824922,2026-05-22,home,693821,Bryce Elder,3.0,8.0,9.0,11,11,0,0,True,True,False,3.0,824924,3.0,824924,8.0,823954,8.0,823954,2.0,824933,2.0,824933
824922,2026-05-22,away,663992,Richard Lovelady,1.0,3.0,,2,19,0,0,True,True,False,1.0,822738,1.0,822736,3.0,823869,1.0,822738,,,1.0,822739
824110,2026-05-22,home,702070,Noah Cameron,4.0,4.0,5.0,8,10,0,0,True,True,False,4.0,823060,4.0,823060,4.0,824113,4.0,824113,6.0,824124,6.0,824124
824110,2026-05-22,away,669302,Logan Gilbert,5.0,9.0,4.0,12,12,0,0,True,True,False,5.0,823139,5.0,823139,9.0,824605,9.0,824605,4.0,823143,4.0,823143
823788,2026-05-22,home,701656,Logan Henderson,7.0,5.0,8.0,3,5,0,0,True,True,False,7.0,823706,7.0,823706,5.0,823793,5.0,823793,8.0,822742,8.0,822742
823788,2026-05-22,away,680736,Justin Wrobleski,5.0,7.0,0.0,6,8,0,0,True,True,False,5.0,824038,5.0,824038,7.0,823954,7.0,823954,0.0,823065,0.0,823065
824029,2026-05-22,home,680570,Grayson Rodriguez,4.0,,,4,4,0,0,True,True,False,4.0,824034,4.0,824034,5.0,831879,5.0,831879,2.0,831795,2.0,831795
824029,2026-05-22,away,594798,Jacob deGrom,4.0,10.0,7.0,9,9,0,0,True,True,False,4.0,824193,4.0,824193,10.0,822902,10.0,822902,10.0,822912,10.0,822912
825082,2026-05-22,home,647336,Michael Soroka,8.0,5.0,6.0,11,11,0,0,True,True,False,8.0,824358,8.0,824358,5.0,822901,5.0,822901,6.0,825091,6.0,825091
825082,2026-05-22,away,608372,Tomoyuki Sugano,1.0,2.0,1.0,10,10,0,0,True,True,False,1.0,824359,1.0,824359,2.0,823463,2.0,823463,1.0,824363,1.0,824363
823298,2026-05-22,home,621111,Walker Buehler,6.0,2.0,5.0,11,11,0,0,True,True,False,6.0,823139,6.0,823139,2.0,823305,2.0,823305,2.0,824367,2.0,824367
823298,2026-05-22,away,605488,Jeffrey Springs,3.0,5.0,4.0,12,12,0,0,True,True,False,3.0,825006,3.0,825006,4.0,823470,4.0,823470,4.0,822910,4.0,822910
823223,2026-05-22,home,686790,Trevor McDonald,5.0,4.0,8.0,4,7,0,0,True,True,False,5.0,825007,5.0,825007,4.0,823953,4.0,823953,8.0,823228,8.0,823228
823223,2026-05-22,away,663436,Davis Martin,7.0,9.0,10.0,11,12,0,0,True,True,False,7.0,824600,7.0,824600,9.0,824605,9.0,824605,10.0,824039,10.0,824039
824516,2026-05-23,home,695534,Chase Petty,1.0,,,1,3,0,0,True,True,False,1.0,824684,1.0,824684,,,1.0,831892,,,1.0,831852
824516,2026-05-23,away,681517,Kyle Leahy,2.0,5.0,5.0,12,11,0,0,True,True,False,2.0,823060,2.0,823060,5.0,823305,5.0,823305,5.0,823064,5.0,823064
824674,2026-05-23,home,607067,Colin Rea,4.0,1.0,5.0,7,12,0,0,True,True,False,4.0,824599,4.0,824599,5.0,824683,5.0,824683,4.0,823960,6.0,824686
824674,2026-05-23,away,678906,Kai-Wei Teng,7.0,1.0,2.0,3,18,0,0,True,True,False,7.0,824193,7.0,824193,1.0,824520,1.0,824520,2.0,831567,2.0,824201
822814,2026-05-23,home,571578,Patrick Corbin,3.0,1.0,1.0,5,6,0,0,True,True,False,3.0,823549,3.0,823549,1.0,822985,1.0,822985,3.0,824045,4.0,823713
822814,2026-05-23,away,694973,Paul Skenes,7.0,10.0,7.0,10,10,0,0,True,True,False,7.0,823381,7.0,823381,7.0,825091,7.0,825091,7.0,823800,7.0,823800
823458,2026-05-23,home,554430,Zack Wheeler,8.0,4.0,4.0,3,4,0,0,True,True,False,8.0,823381,8.0,823381,4.0,823470,4.0,823470,6.0,824933,8.0,823877
823458,2026-05-23,away,677944,Slade Cecconi,4.0,7.0,3.0,13,12,0,0,True,True,False,4.0,824277,4.0,824277,7.0,824442,3.0,824117,3.0,824117,3.0,825014
823222,2026-05-23,home,605288,Adrian Houser,3.0,4.0,3.0,8,8,0,0,True,True,False,3.0,825006,3.0,825006,3.0,823226,3.0,823226,3.0,823232,3.0,823232
823222,2026-05-23,away,663542,Bryan Hudson,1.0,1.0,,1,22,0,0,True,True,False,1.0,824611,1.0,823136,,,0.0,824599,,,0.0,824601
824109,2026-05-23,home,663568,Stephen Kolek,3.0,6.0,3.0,1,1,0,0,True,True,False,3.0,823058,3.0,823058,,,,,,,,
824109,2026-05-23,away,669923,George Kirby,6.0,7.0,5.0,10,10,0,0,True,True,False,6.0,823138,6.0,823138,7.0,824199,7.0,824199,2.0,823069,2.0,823069
824760,2026-05-23,home,663558,Jovani Morán,2.0,3.0,,0,16,0,0,True,True,False,,,1.0,824111,,,3.0,824112,,,3.0,824925
824760,2026-05-23,away,671737,Taj Bradley,8.0,7.0,3.0,9,9,0,0,True,True,False,3.0,822992,3.0,822992,5.0,823721,5.0,823721,7.0,822828,7.0,822828
824920,2026-05-23,home,656550,Grant Holmes,4.0,5.0,4.0,11,12,0,0,True,True,False,4.0,824923,4.0,824923,4.0,824932,4.0,824366,4.0,823475,4.0,824932
824920,2026-05-23,away,663623,Jake Irvin,6.0,4.0,2.0,11,12,0,0,True,True,False,6.0,822734,6.0,822734,4.0,824519,4.0,824519,2.0,822741,2.0,822741
823862,2026-05-23,home,676974,Max Meyer,6.0,9.0,5.0,9,9,0,0,True,True,False,6.0,823867,6.0,823867,9.0,823710,9.0,823710,8.0,823879,8.0,823879
823862,2026-05-23,away,642547,Freddy Peralta,4.0,7.0,1.0,9,9,0,0,True,True,False,4.0,823628,4.0,823628,1.0,824361,1.0,824361,8.0,823638,8.0,823638
823787,2026-05-23,home,688107,Robert Gasser,3.0,,,4,4,0,0,True,True,False,3.0,823708,3.0,823708,7.0,831767,7.0,831767,4.0,831793,4.0,831793
823787,2026-05-23,away,808963,Roki Sasaki,8.0,5.0,4.0,10,10,0,0,True,True,False,8.0,824034,8.0,824034,5.0,823953,5.0,823953,5.0,823960,5.0,823960
823300,2026-05-23,home,608337,Lucas Giolito,3.0,,,1,1,0,0,True,True,False,3.0,823138,3.0,823138,,,,,,,,
823300,2026-05-23,away,669372,J.T. Ginn,10.0,3.0,8.0,7,13,0,0,True,True,False,10.0,824035,10.0,824035,3.0,825010,3.0,825010,3.0,825021,4.0,825012
824030,2026-05-23,home,700712,Walbert Ureña,4.0,4.0,5.0,6,12,0,0,True,True,False,4.0,824035,4.0,824035,4.0,824442,5.0,824036,5.0,824036,4.0,824041
824030,2026-05-23,away,543135,Nathan Eovaldi,8.0,8.0,7.0,10,10,0,0,True,True,False,8.0,824192,8.0,824192,8.0,823550,8.0,823550,3.0,822909,3.0,822909
825080,2026-05-23,home,668678,Zac Gallen,5.0,4.0,5.0,9,10,0,0,True,True,False,3.0,825093,3.0,824686,3.0,825098,3.0,825093,2.0,823479,3.0,825098
825080,2026-05-23,away,547179,Michael Lorenzen,5.0,5.0,2.0,10,11,0,0,True,True,False,5.0,824358,5.0,824358,2.0,824361,2.0,824361,3.0,823638,3.0,823638
822717,2026-06-25,home,676917,Cade Cavalli,1.0,5.0,2.0,16,16,0,0,True,True,False,1.0,822967,1.0,822967,2.0,825074,2.0,825074,6.0,822730,6.0,822730
822717,2026-06-25,away,650911,Cristopher Sánchez,5.0,3.0,10.0,14,14,0,0,True,True,False,5.0,823447,5.0,823447,10.0,822806,10.0,822806,8.0,823456,8.0,823456
822797,2026-06-25,home,592332,Kevin Gausman,3.0,7.0,5.0,16,16,0,0,True,True,False,3.0,824663,3.0,824663,5.0,822807,5.0,822807,8.0,824918,8.0,824918
822797,2026-06-25,away,669022,MacKenzie Gore,6.0,10.0,6.0,17,18,0,0,True,True,False,6.0,822885,6.0,822885,10.0,822887,10.0,822887,6.0,824103,6.0,824103
822961,2026-06-25,home,668984,Casey Legumina,1.0,,,0,24,0,0,True,True,False,,,0.0,823940,,,0.0,822970,,,1.0,822972
822961,2026-06-25,away,607625,Seth Lugo,0.0,2.0,4.0,12,12,0,0,True,True,False,0.0,824097,0.0,824097,2.0,824103,2.0,824103,4.0,823698,4.0,823698
823209,2026-06-25,home,694738,Landen Roupp,7.0,5.0,5.0,16,14,0,0,True,True,False,7.0,823853,5.0,824669,5.0,824669,4.0,823781,4.0,823781,7.0,823219
823209,2026-06-25,away,605488,Jeffrey Springs,4.0,5.0,3.0,17,16,0,0,True,True,False,4.0,824990,4.0,824990,3.0,824998,3.0,824998,3.0,824671,7.0,825003
823366,2026-06-25,home,696149,Bubba Chandler,1.0,6.0,3.0,13,14,0,0,True,True,False,1.0,824345,1.0,824345,3.0,824189,7.0,824916,5.0,823376,3.0,824189
823366,2026-06-25,away,682243,Bryce Miller,7.0,7.0,9.0,5,5,0,0,True,True,False,7.0,823124,7.0,823124,9.0,824269,9.0,824269,6.0,823133,6.0,823133
823612,2026-06-25,home,642547,Freddy Peralta,2.0,2.0,5.0,14,14,0,0,True,True,False,2.0,823447,2.0,823447,5.0,823620,5.0,823620,6.0,823130,6.0,823130
823612,2026-06-25,away,571510,Matthew Boyd,5.0,4.0,5.0,4,5,0,0,True,True,False,5.0,824687,5.0,824687,5.0,824688,5.0,824688,7.0,824704,7.0,824704
824258,2026-06-25,home,675512,Troy Melton,5.0,5.0,5.0,4,4,0,0,True,True,False,5.0,824263,5.0,824263,5.0,824267,5.0,824267,5.0,822973,5.0,822973
824258,2026-06-25,away,837227,Tatsuya Imai,11.0,1.0,8.0,11,11,0,0,True,True,False,11.0,824179,11.0,824179,8.0,824184,8.0,824184,5.0,824187,5.0,824187
824747,2026-06-25,home,813349,Connelly Early,7.0,3.0,6.0,15,15,0,0,True,True,False,7.0,823126,7.0,823126,6.0,822972,6.0,822972,6.0,824754,6.0,824754
824747,2026-06-25,away,693645,Cam Schlittler,13.0,7.0,5.0,16,16,0,0,True,True,False,13.0,823534,13.0,823534,5.0,823537,5.0,823537,3.0,823541,3.0,823541
822974,2026-06-01,home,643377,Griffin Jax,3.0,6.0,1.0,3,15,0,0,True,True,False,3.0,824837,3.0,824837,6.0,822979,6.0,822979,1.0,822815,1.0,822815
822974,2026-06-01,away,680744,Ty Madden,0.0,5.0,7.0,2,5,0,0,True,True,False,2.0,831625,0.0,824280,1.0,836149,5.0,824115,,,7.0,824283
822730,2026-06-01,home,676917,Cade Cavalli,7.0,9.0,8.0,13,13,0,0,True,True,False,7.0,824434,7.0,824434,9.0,822733,9.0,822733,8.0,822737,8.0,822737
822730,2026-06-01,away,645261,Sandy Alcantara,4.0,3.0,6.0,13,13,0,0,True,True,False,4.0,822811,4.0,822811,3.0,823864,3.0,823864,6.0,822981,6.0,822981
824510,2026-06-01,home,680689,Lyon Richardson,1.0,,,0,4,0,0,True,True,False,,,1.0,824513,,,1.0,831891,,,2.0,831898
824510,2026-06-01,away,679883,Luinder Avila,4.0,,,1,7,0,0,True,True,False,4.0,824132,1.0,824106,,,3.0,824112,,,1.0,824116
823702,2026-06-01,home,657746,Joe Ryan,9.0,9.0,7.0,13,13,0,0,True,True,False,9.0,824597,9.0,824597,9.0,823703,9.0,823703,7.0,823707,7.0,823707
823702,2026-06-01,away,689818,David Sandlin,4.0,,,1,1,0,0,True,True,False,4.0,824596,4.0,824596,,,,,,,,
823781,2026-06-01,home,675660,Shane Drohan,2.0,,,2,11,0,0,True,True,False,2.0,824779,1.0,823783,5.0,831787,5.0,823786,,,2.0,823788
823781,2026-06-01,away,694738,Landen Roupp,7.0,3.0,7.0,13,12,0,0,True,True,False,7.0,823219,7.0,823219,3.0,825086,3.0,825086,8.0,823224,8.0,823224
823050,2026-06-01,home,700241,Michael McGreevy,6.0,1.0,3.0,12,12,0,0,True,True,False,6.0,823785,6.0,823785,1.0,823057,1.0,823057,3.0,825008,3.0,825008
823050,2026-06-01,away,594798,Jacob deGrom,6.0,3.0,4.0,11,11,0,0,True,True,False,6.0,822897,6.0,822897,3.0,824029,3.0,824029,4.0,824193,4.0,824193
824027,2026-06-01,home,667755,José Soriano,4.0,7.0,6.0,11,12,0,0,True,True,False,4.0,824270,4.0,824270,7.0,824031,7.0,824031,6.0,824038,6.0,824038
824027,2026-06-01,away,607536,Kyle Freeland,4.0,4.0,3.0,13,13,0,0,True,True,False,4.0,823949,4.0,823949,4.0,824355,4.0,824355,3.0,824360,3.0,824360
825078,2026-06-01,home,593958,Eduardo Rodriguez,6.0,4.0,6.0,10,10,0,0,True,True,False,6.0,823216,6.0,823216,4.0,825083,4.0,825083,6.0,824359,6.0,824359
825078,2026-06-01,away,686218,Emmet Sheehan,8.0,2.0,6.0,10,12,0,0,True,True,False,2.0,823302,2.0,823302,7.0,823957,7.0,823957,10.0,823962,8.0,823066
823131,2026-06-01,home,676106,Emerson Hancock,3.0,4.0,6.0,9,11,0,0,True,True,False,3.0,825004,3.0,825004,4.0,823134,4.0,823134,6.0,823140,6.0,823140
823131,2026-06-01,away,681810,Austin Warren,2.0,1.0,3.0,0,12,0,0,True,True,False,,,2.0,823622,,,1.0,823623,,,3.0,823625
822813,2026-05-24,home,656302,Dylan Cease,9.0,9.0,10.0,9,9,0,0,True,True,False,9.0,823548,9.0,823548,9.0,822815,9.0,822815,10.0,822822,10.0,822822
822813,2026-05-24,away,656605,Mitch Keller,3.0,3.0,4.0,11,12,0,0,True,True,False,3.0,823059,3.0,823059,3.0,823386,3.0,823386,6.0,823799,6.0,823389
824759,2026-05-24,home,543243,Sonny Gray,9.0,6.0,2.0,11,11,0,0,True,True,False,9.0,824114,9.0,824114,6.0,824763,6.0,824763,2.0,824282,2.0,824282
824759,2026-05-24,away,641927,Bailey Ober,1.0,7.0,3.0,12,12,0,0,True,True,False,1.0,823708,1.0,823708,3.0,822740,3.0,822740,3.0,822989,3.0,822989
823459,2026-05-24,home,691725,Andrew Painter,3.0,4.0,2.0,9,10,0,0,True,True,False,3.0,823465,3.0,823465,4.0,824763,4.0,824763,1.0,824932,1.0,824932
823459,2026-05-24,away,800048,Parker Messick,6.0,7.0,7.0,11,11,0,0,True,True,False,6.0,824276,6.0,824276,7.0,824438,7.0,824438,7.0,824443,7.0,824443
823544,2026-05-24,home,677960,Ryan Weathers,7.0,9.0,5.0,12,13,0,0,True,True,False,7.0,823549,7.0,823549,9.0,824844,9.0,824844,5.0,823554,5.0,823554
823544,2026-05-24,away,656876,Drew Rasmussen,2.0,6.0,5.0,9,9,0,0,True,True,False,2.0,822982,2.0,822982,6.0,822818,6.0,822818,6.0,822992,6.0,822992
823861,2026-05-24,home,663969,Tyler Phillips,2.0,0.0,1.0,1,17,0,0,True,True,False,3.0,831468,2.0,823866,,,0.0,822982,,,1.0,823710
823861,2026-05-24,away,681035,Christian Scott,5.0,5.0,6.0,3,7,0,0,True,True,False,5.0,822734,5.0,822734,5.0,823631,5.0,823631,1.0,823639,8.0,824041
824108,2026-05-24,home,607625,Seth Lugo,5.0,4.0,5.0,7,7,0,0,True,True,False,5.0,824114,5.0,824114,4.0,824603,4.0,824603,5.0,824117,5.0,824117
824108,2026-05-24,away,693433,Bryan Woo,8.0,9.0,9.0,10,11,0,0,True,True,False,9.0,823141,9.0,823141,1.0,823070,2.0,823146,6.0,823150,1.0,823070
823786,2026-05-24,home,687075,Brandon Sproat,5.0,6.0,5.0,7,9,0,0,True,True,False,5.0,824680,5.0,824680,5.0,823063,5.0,823063,4.0,824288,4.0,824288
823786,2026-05-24,away,808967,Yoshinobu Yamamoto,8.0,8.0,8.0,7,7,0,0,True,True,False,8.0,823301,8.0,823301,8.0,824201,8.0,824201,7.0,823236,7.0,823236
824676,2026-05-24,home,684007,Shota Imanaga,2.0,6.0,10.0,12,12,0,0,True,True,False,2.0,824680,2.0,824680,6.0,824928,6.0,824928,10.0,824681,10.0,824681
824676,2026-05-24,away,663567,Peter Lambert,6.0,6.0,4.0,5,7,0,0,True,True,False,6.0,824192,6.0,824192,6.0,824199,6.0,824199,8.0,824449,8.0,824449
823220,2026-05-24,home,592662,Robbie Ray,1.0,2.0,7.0,12,13,0,0,True,True,False,2.0,823952,2.0,823952,7.0,823225,7.0,823225,4.0,823229,5.0,822990
823220,2026-05-24,away,702273,Noah Schultz,6.0,3.0,3.0,5,7,0,0,True,True,False,3.0,824603,3.0,824603,3.0,824036,3.0,824036,8.0,824613,2.0,823309
825081,2026-05-24,home,669194,Ryne Nelson,3.0,8.0,7.0,13,13,0,0,True,True,False,3.0,825086,3.0,825086,8.0,822900,8.0,822900,7.0,825088,7.0,825088
825081,2026-05-24,away,500779,Jose Quintana,4.0,2.0,2.0,6,7,0,0,True,True,False,4.0,824357,4.0,824357,2.0,823386,2.0,823386,1.0,824209,3.0,824366
824921,2026-05-24,home,527048,Martín Pérez,10.0,5.0,5.0,6,12,0,0,True,True,False,10.0,823865,10.0,823865,5.0,823141,2.0,824924,4.0,823476,2.0,824928
824921,2026-05-24,away,656492,Foster Griffin,5.0,7.0,9.0,11,11,0,0,True,True,False,5.0,822736,5.0,822736,7.0,824517,7.0,824517,9.0,823871,9.0,823871
824028,2026-05-24,home,672282,Reid Detmers,8.0,6.0,3.0,10,10,0,0,True,True,False,8.0,824033,8.0,824033,6.0,824438,6.0,824438,3.0,822822,3.0,822822
824028,2026-05-24,away,669022,MacKenzie Gore,2.0,5.0,3.0,11,12,0,0,True,True,False,2.0,824357,2.0,824357,3.0,823551,3.0,823551,7.0,822910,3.0,824287
822971,2026-06-02,home,571927,Steven Matz,2.0,5.0,1.0,10,10,0,0,True,True,False,2.0,824836,2.0,824836,5.0,822977,5.0,822977,1.0,822987,1.0,822987
822971,2026-06-02,away,656427,Jack Flaherty,9.0,7.0,4.0,13,14,0,0,True,True,False,9.0,824272,9.0,824272,7.0,824842,7.0,824842,4.0,824279,4.0,824279
823460,2026-06-02,home,605400,Aaron Nola,5.0,5.0,2.0,11,11,0,0,True,True,False,5.0,823294,5.0,823294,5.0,823462,5.0,823462,2.0,823384,2.0,823384
823460,2026-06-02,away,681190,Randy Vásquez,2.0,0.0,3.0,13,14,0,0,True,True,False,2.0,823294,2.0,823294,0.0,823299,0.0,823299,3.0,823140,3.0,823140
824754,2026-06-02,home,813349,Connelly Early,7.0,5.0,6.0,12,12,0,0,True,True,False,7.0,824756,7.0,824756,5.0,824111,5.0,824111,6.0,824925,6.0,824925
824754,2026-06-02,away,669358,Shane Baz,9.0,6.0,4.0,12,11,0,0,True,True,False,9.0,824837,9.0,824837,6.0,822977,6.0,822977,4.0,822739,4.0,822739
822728,2026-06-02,home,663992,Richard Lovelady,0.0,1.0,3.0,3,24,0,0,True,True,False,0.0,824922,0.0,822730,1.0,822738,0.0,824432,3.0,823869,0.0,824921
822728,2026-06-02,away,669199,Lake Bachar,2.0,3.0,2.0,0,20,0,0,True,True,False,,,2.0,823622,,,2.0,823865,,,0.0,823867
823541,2026-06-02,home,693645,Cam Schlittler,6.0,7.0,9.0,13,13,0,0,True,True,False,6.0,824106,6.0,824106,7.0,823547,7.0,823547,9.0,823629,9.0,823629
823541,2026-06-02,away,676282,Joey Cantillo,1.0,6.0,4.0,14,16,0,0,True,True,False,1.0,824434,1.0,824434,6.0,824274,6.0,824274,4.0,824435,4.0,824435
824511,2026-06-02,home,671096,Andrew Abbott,4.0,3.0,2.0,15,15,0,0,True,True,False,4.0,823626,4.0,823626,3.0,823462,3.0,823462,2.0,824439,2.0,824439
824511,2026-06-02,away,702070,Noah Cameron,4.0,8.0,4.0,10,12,0,0,True,True,False,4.0,824104,4.0,824104,8.0,824110,8.0,824110,4.0,823060,4.0,823060
824918,2026-06-02,home,693821,Bryce Elder,1.0,4.0,3.0,13,13,0,0,True,True,False,1.0,824756,1.0,824756,4.0,824922,4.0,824922,3.0,824924,3.0,824924
824918,2026-06-02,away,592332,Kevin Gausman,5.0,8.0,5.0,13,13,0,0,True,True,False,5.0,822809,5.0,822809,8.0,822816,8.0,822816,5.0,824279,5.0,824279
823700,2026-06-02,home,687570,Connor Prielipp,5.0,1.0,8.0,6,8,0,0,True,True,False,5.0,824596,5.0,824596,1.0,824761,1.0,824761,8.0,823706,8.0,823706
823700,2026-06-02,away,663436,Davis Martin,5.0,7.0,7.0,13,14,0,0,True,True,False,5.0,824595,5.0,824595,7.0,823223,7.0,823223,7.0,824600,7.0,824600
823782,2026-06-02,home,690986,Kyle Harrison,2.0,11.0,7.0,11,13,0,0,True,True,False,2.0,823785,2.0,823785,11.0,824678,11.0,824678,7.0,823789,7.0,823789
823782,2026-06-02,away,686790,Trevor McDonald,6.0,4.0,5.0,6,9,0,0,True,True,False,6.0,823217,6.0,823217,4.0,823223,4.0,823223,5.0,825007,5.0,825007
823052,2026-06-02,home,669160,Dustin May,9.0,7.0,3.0,14,14,0,0,True,True,False,9.0,823783,9.0,823783,7.0,823056,7.0,823056,3.0,823061,3.0,823061
823052,2026-06-02,away,543135,Nathan Eovaldi,6.0,6.0,8.0,12,12,0,0,True,True,False,6.0,822896,6.0,822896,6.0,824030,6.0,824030,8.0,824192,8.0,824192
824675,2026-06-02,home,592791,Jameson Taillon,4.0,5.0,2.0,12,12,0,0,True,True,False,4.0,823376,4.0,823376,5.0,824679,5.0,824679,2.0,824600,2.0,824600
824675,2026-06-02,away,695611,Gage Jump,5.0,,,3,4,0,0,True,True,False,5.0,825004,5.0,825004,3.0,831935,3.0,831935,1.0,831828,1.0,831828
824189,2026-06-02,home,681347,Mike Burrows,6.0,2.0,4.0,12,13,0,0,True,True,False,6.0,822897,6.0,822897,2.0,823703,2.0,823703,4.0,824196,4.0,824196
824189,2026-06-02,away,696149,Bubba Chandler,5.0,11.0,2.0,11,11,0,0,True,True,False,5.0,823376,5.0,823376,11.0,822816,11.0,822816,2.0,823382,2.0,823382
824026,2026-06-02,home,680570,Grayson Rodriguez,5.0,5.0,4.0,6,6,0,0,True,True,False,5.0,824272,5.0,824272,5.0,824029,5.0,824029,4.0,824034,4.0,824034
824026,2026-06-02,away,608372,Tomoyuki Sugano,3.0,3.0,1.0,12,12,0,0,True,True,False,3.0,823947,3.0,823947,3.0,825082,3.0,825082,1.0,824359,1.0,824359
825079,2026-06-02,home,647336,Michael Soroka,3.0,2.0,8.0,13,13,0,0,True,True,False,3.0,823217,3.0,823217,2.0,825082,2.0,825082,8.0,824358,8.0,824358
825079,2026-06-02,away,641778,Eric Lauer,4.0,2.0,1.0,8,10,0,0,True,True,False,4.0,823949,4.0,823949,2.0,822984,4.0,822819,3.0,824044,2.0,822984
823129,2026-06-02,home,669302,Logan Gilbert,6.0,6.0,5.0,14,14,0,0,True,True,False,6.0,825003,6.0,825003,6.0,824110,6.0,824110,5.0,823139,5.0,823139
823129,2026-06-02,away,623211,Huascar Brazobán,2.0,2.0,0.0,4,22,0,0,True,True,False,2.0,823626,3.0,823622,2.0,823627,0.0,823623,0.0,825085,2.0,823626
822727,2026-06-03,home,674841,Andrew Alvarez,1.0,1.0,5.0,1,7,0,0,True,True,False,5.0,831572,1.0,822732,,,1.0,824921,,,5.0,822735
822727,2026-06-03,away,676974,Max Meyer,6.0,8.0,6.0,11,11,0,0,True,True,False,6.0,823623,6.0,823623,8.0,823862,8.0,823862,6.0,823867,6.0,823867
822973,2026-06-03,home,607259,Nick Martinez,5.0,1.0,4.0,13,13,0,0,True,True,False,5.0,822978,5.0,822978,1.0,823546,1.0,823546,4.0,822981,4.0,822981
822973,2026-06-03,away,675512,Troy Melton,1.0,3.0,,1,1,0,0,True,True,False,1.0,824594,1.0,824594,,,,,,,,
823701,2026-06-03,home,671737,Taj Bradley,6.0,7.0,8.0,11,11,0,0,True,True,False,6.0,823377,6.0,823377,7.0,824760,7.0,824760,3.0,822992,3.0,822992
823701,2026-06-03,away,607200,Erick Fedde,2.0,2.0,2.0,4,9,0,0,True,True,False,2.0,824599,3.0,824594,3.0,825020,3.0,823222,4.0,824129,2.0,824599
823130,2026-06-03,home,669923,George Kirby,4.0,3.0,6.0,12,12,0,0,True,True,False,4.0,823135,4.0,823135,3.0,824109,3.0,824109,6.0,823138,6.0,823138
823130,2026-06-03,away,642547,Freddy Peralta,5.0,9.0,4.0,11,11,0,0,True,True,False,5.0,823623,5.0,823623,9.0,823862,9.0,823862,4.0,823628,4.0,823628
823456,2026-06-03,home,650911,Cristopher Sánchez,9.0,6.0,13.0,11,11,0,0,True,True,False,9.0,823295,9.0,823295,6.0,823461,6.0,823461,13.0,823382,13.0,823382
823456,2026-06-03,away,621111,Walker Buehler,2.0,4.0,6.0,13,13,0,0,True,True,False,2.0,823295,2.0,823295,4.0,823298,4.0,823298,6.0,823139,6.0,823139
824755,2026-06-03,home,801139,Payton Tolle,7.0,9.0,3.0,6,8,0,0,True,True,False,7.0,824757,7.0,824757,9.0,824761,9.0,824761,3.0,824924,3.0,824924
824755,2026-06-03,away,605135,Chris Bassitt,2.0,4.0,3.0,10,14,0,0,True,True,False,2.0,824834,2.0,824834,4.0,822737,4.0,824842,3.0,824123,4.0,822737
823540,2026-06-03,home,543037,Gerrit Cole,10.0,2.0,,4,4,0,0,True,True,False,10.0,824104,10.0,824104,2.0,823546,2.0,823546,3.0,831779,3.0,831779
823540,2026-06-03,away,668909,Gavin Williams,4.0,11.0,7.0,13,12,0,0,True,True,False,4.0,824432,4.0,824432,11.0,823461,11.0,823461,7.0,824436,7.0,824436
824509,2026-06-03,home,695505,Chase Burns,8.0,9.0,7.0,14,14,0,0,True,True,False,8.0,823624,8.0,823624,9.0,823464,9.0,823464,7.0,824517,7.0,824517
824509,2026-06-03,away,663568,Stephen Kolek,5.0,2.0,3.0,3,3,0,0,True,True,False,5.0,822894,5.0,822894,2.0,824109,2.0,824109,3.0,823058,3.0,823058
824917,2026-06-03,home,656550,Grant Holmes,5.0,10.0,4.0,13,13,0,0,True,True,False,5.0,824515,10.0,824920,10.0,824920,4.0,824923,4.0,824923,4.0,824366
824917,2026-06-03,away,571578,Patrick Corbin,4.0,7.0,3.0,7,8,0,0,True,True,False,4.0,824834,4.0,824834,7.0,822814,7.0,822814,3.0,823549,3.0,823549
823780,2026-06-03,home,688107,Robert Gasser,4.0,3.0,,5,5,0,0,True,True,False,4.0,823787,4.0,823787,3.0,823708,3.0,823708,7.0,831767,7.0,831767
823780,2026-06-03,away,657277,Logan Webb,5.0,4.0,6.0,9,9,0,0,True,True,False,5.0,824353,5.0,824353,5.0,823233,5.0,823233,6.0,822752,6.0,822752
823051,2026-06-03,home,669467,Andre Pallante,3.0,3.0,7.0,11,10,0,0,True,True,False,3.0,823055,3.0,823055,7.0,823058,7.0,823058,3.0,823063,3.0,823063
823051,2026-06-03,away,669022,MacKenzie Gore,3.0,7.0,2.0,13,14,0,0,True,True,False,3.0,822894,3.0,822894,7.0,824028,7.0,824028,2.0,824357,2.0,824357
824671,2026-06-03,home,607067,Colin Rea,,,,9,14,0,0,True,True,False,5.0,823378,5.0,823378,4.0,824674,4.0,824674,4.0,824599,4.0,824599
824671,2026-06-03,away,605488,Jeffrey Springs,,,,14,14,0,0,True,True,False,7.0,825003,7.0,825003,3.0,823298,3.0,823298,3.0,825006,3.0,825006
824188,2026-06-03,home,681293,Spencer Arrighetti,3.0,5.0,5.0,6,9,0,0,True,True,False,3.0,822896,3.0,822896,5.0,824679,5.0,824679,5.0,824194,5.0,824194
824188,2026-06-03,away,694973,Paul Skenes,10.0,2.0,7.0,12,12,0,0,True,True,False,10.0,823378,10.0,823378,2.0,822814,2.0,822814,7.0,823381,7.0,823381
824024,2026-06-03,home,700712,Walbert Ureña,5.0,6.0,4.0,8,14,0,0,True,True,False,5.0,822978,5.0,822978,6.0,824030,6.0,824030,4.0,824035,4.0,824035
824024,2026-06-03,away,547179,Michael Lorenzen,2.0,5.0,5.0,12,13,0,0,True,True,False,2.0,824353,2.0,824353,5.0,825080,5.0,825080,5.0,824358,5.0,824358
825077,2026-06-03,home,668678,Zac Gallen,2.0,6.0,5.0,11,12,0,0,True,True,False,2.0,823135,2.0,823135,6.0,825080,6.0,825080,3.0,825093,3.0,824686
825077,2026-06-03,away,660271,Shohei Ohtani,7.0,4.0,8.0,9,9,0,0,True,True,False,7.0,823947,7.0,823947,4.0,823299,4.0,823299,8.0,823952,8.0,823952
823457,2026-06-04,home,554430,Zack Wheeler,4.0,6.0,8.0,5,6,0,0,True,True,False,4.0,823946,4.0,823946,6.0,823458,6.0,823458,8.0,823381,8.0,823381
823457,2026-06-04,away,608337,Lucas Giolito,1.0,2.0,3.0,3,3,0,0,True,True,False,1.0,822732,1.0,822732,2.0,823300,2.0,823300,3.0,823138,3.0,823138
824753,2026-06-04,home,678394,Brayan Bello,1.0,2.0,2.0,9,11,0,0,True,True,False,1.0,824923,5.0,824433,2.0,824854,5.0,824760,4.0,824775,1.0,824923
824753,2026-06-04,away,669432,Trevor Rogers,3.0,2.0,3.0,12,12,0,0,True,True,False,3.0,824835,3.0,824835,3.0,822980,3.0,822980,3.0,824843,3.0,824843
823542,2026-06-04,home,607074,Carlos Rodón,3.0,7.0,6.0,4,4,0,0,True,True,False,3.0,825002,3.0,825002,7.0,823545,7.0,823545,6.0,823627,6.0,823627
823542,2026-06-04,away,677944,Slade Cecconi,3.0,5.0,4.0,15,14,0,0,True,True,False,3.0,824433,3.0,824433,5.0,823458,5.0,823458,4.0,824277,4.0,824277
823779,2026-06-04,home,689441,Coleman Crow,1.0,3.0,4.0,3,4,0,0,True,True,False,1.0,824191,1.0,824191,3.0,823707,3.0,823707,4.0,823883,4.0,823883
823779,2026-06-04,away,605288,Adrian Houser,4.0,5.0,3.0,10,10,0,0,True,True,False,4.0,824352,4.0,824352,5.0,823222,5.0,823222,3.0,825006,3.0,825006
824919,2026-06-04,home,519242,Chris Sale,8.0,8.0,8.0,11,10,0,0,True,True,False,8.0,824757,8.0,824757,8.0,823866,8.0,823866,8.0,824926,8.0,824926
824919,2026-06-04,away,689254,Mason Fluharty,3.0,0.0,,2,34,0,0,True,True,False,3.0,824278,0.0,824918,0.0,824622,3.0,824832,,,1.0,824835
823698,2026-06-04,home,702193,Andrew Morris,0.0,,,1,17,0,0,True,True,False,0.0,824440,2.0,823700,,,3.0,824595,,,0.0,824597
823698,2026-06-04,away,607625,Seth Lugo,6.0,3.0,5.0,9,9,0,0,True,True,False,6.0,822893,6.0,822893,3.0,824108,3.0,824108,5.0,824114,5.0,824114
824672,2026-06-04,home,684007,Shota Imanaga,2.0,6.0,2.0,14,14,0,0,True,True,False,2.0,823055,2.0,823055,6.0,824676,6.0,824676,2.0,824680,2.0,824680
824672,2026-06-04,away,669372,J.T. Ginn,4.0,4.0,10.0,9,15,0,0,True,True,False,4.0,825000,4.0,825000,4.0,823300,4.0,823300,10.0,824035,10.0,824035
824185,2026-06-04,home,678906,Kai-Wei Teng,7.0,6.0,7.0,5,20,0,0,True,True,False,7.0,824191,7.0,824191,6.0,824674,6.0,824674,7.0,824193,7.0,824193
824185,2026-06-04,away,683003,Jared Jones,6.0,,,1,1,0,0,True,True,False,6.0,823377,6.0,823377,,,,,,,,
825076,2026-06-04,home,669194,Ryne Nelson,3.0,3.0,3.0,15,15,0,0,True,True,False,3.0,823132,3.0,823132,3.0,825081,3.0,825081,3.0,825086,3.0,825086
825076,2026-06-04,away,680736,Justin Wrobleski,9.0,4.0,5.0,8,10,0,0,True,True,False,9.0,823946,9.0,823946,4.0,823788,4.0,823788,5.0,824038,5.0,824038
822711,2026-07-11,home,676571,PJ Poulin,1.0,1.0,0.0,10,36,1,2,True,True,False,1.0,822718,0.0,822715,1.0,822966,0.0,824821,1.0,824432,1.0,822719
822711,2026-07-11,away,693645,Cam Schlittler,8.0,5.0,9.0,18,19,1,2,True,True,False,8.0,822958,8.0,822958,9.0,824747,5.0,823528,13.0,823534,9.0,824747
822875,2026-07-11,home,677958,Kumar Rocker,4.0,5.0,4.0,13,17,0,0,True,True,False,4.0,822879,4.0,822879,5.0,822795,5.0,822795,4.0,822888,9.0,823851
822875,2026-07-11,away,663567,Peter Lambert,6.0,4.0,6.0,13,15,1,1,True,True,False,6.0,824172,6.0,824172,4.0,824176,4.0,824176,6.0,822799,6.0,822799
822953,2026-07-11,home,643377,Griffin Jax,10.0,5.0,7.0,8,21,1,3,True,True,False,10.0,822958,10.0,822958,7.0,822965,5.0,824096,5.0,822966,7.0,822965
822953,2026-07-11,away,669302,Logan Gilbert,7.0,7.0,8.0,20,20,1,1,True,True,False,7.0,823118,7.0,823118,7.0,824421,7.0,824421,8.0,823123,8.0,823123
823030,2026-07-11,home,669461,Matthew Liberatore,3.0,9.0,3.0,16,17,1,3,True,True,False,3.0,824656,3.0,824656,3.0,823041,9.0,824907,2.0,824098,3.0,823041
823030,2026-07-11,away,625643,Reynaldo López,5.0,6.0,1.0,11,23,1,1,True,True,False,5.0,824900,5.0,824900,1.0,823206,1.0,823206,1.0,822747,3.0,824908
823198,2026-07-11,home,641816,Tyler Mahle,5.0,3.0,4.0,17,17,1,1,True,True,False,5.0,824333,5.0,824333,3.0,825065,3.0,825065,4.0,823208,4.0,823208
823198,2026-07-11,away,607536,Kyle Freeland,2.0,7.0,4.0,18,18,1,1,True,True,False,2.0,823930,2.0,823930,4.0,824341,4.0,824341,8.0,824345,8.0,824345
823276,2026-07-11,home,621111,Walker Buehler,4.0,6.0,5.0,18,19,0,0,True,True,False,4.0,823282,4.0,823282,5.0,823285,6.0,824660,7.0,822885,5.0,823285
823276,2026-07-11,away,702056,Trey Yesavage,7.0,3.0,5.0,9,9,0,0,True,True,False,7.0,823117,7.0,823117,3.0,822792,3.0,822792,5.0,822798,5.0,822798
823356,2026-07-11,home,696149,Bubba Chandler,0.0,6.0,4.0,15,17,0,1,True,True,False,0.0,822715,0.0,822715,4.0,823366,6.0,823445,1.0,824345,4.0,823366
823356,2026-07-11,away,675660,Shane Drohan,2.0,7.0,5.0,7,16,0,0,True,True,False,2.0,823036,2.0,823036,5.0,824500,5.0,824500,3.0,823772,3.0,823772
823603,2026-07-11,home,642547,Freddy Peralta,6.0,4.0,5.0,16,16,1,1,True,True,False,6.0,824900,6.0,824900,5.0,823612,5.0,823612,2.0,823447,2.0,823447
823603,2026-07-11,away,700842,Eduardo Rivera,3.0,,,0,2,0,0,True,True,False,,,3.0,824774,,,0.0,831602,,,,
823682,2026-07-11,home,657746,Joe Ryan,9.0,5.0,9.0,17,18,2,3,True,True,False,9.0,823525,9.0,823525,9.0,823691,5.0,824175,5.0,823697,9.0,823691
823682,2026-07-11,away,696270,Ryan Johnson,6.0,3.0,8.0,7,13,0,0,True,True,False,6.0,824010,6.0,824010,3.0,823121,3.0,823121,8.0,824017,8.0,824017
823844,2026-07-11,home,691587,Eury Pérez,8.0,8.0,1.0,14,17,0,2,True,True,False,8.0,824980,8.0,824980,1.0,823850,8.0,824338,9.0,822809,1.0,823850
823844,2026-07-11,away,676440,Tanner Bibee,1.0,2.0,3.0,20,19,1,2,True,True,False,1.0,824413,1.0,824413,3.0,824583,2.0,824418,7.0,824179,3.0,824583
823926,2026-07-11,home,808967,Yoshinobu Yamamoto,10.0,4.0,6.0,13,13,2,2,True,True,False,10.0,823932,10.0,823932,4.0,823283,4.0,823283,6.0,823937,6.0,823937
823926,2026-07-11,away,694297,Brandon Pfaadt,6.0,2.0,6.0,7,16,0,1,True,True,False,6.0,823282,6.0,823282,6.0,823480,2.0,825066,2.0,825102,1.0,825077
824249,2026-07-11,home,663554,Casey Mize,4.0,10.0,6.0,15,17,0,0,True,True,False,4.0,822879,4.0,822879,10.0,823529,10.0,823529,6.0,824262,6.0,824262
824249,2026-07-11,away,650911,Cristopher Sánchez,1.0,9.0,6.0,16,17,1,2,True,True,False,1.0,824089,1.0,824089,6.0,822717,9.0,823445,5.0,823447,6.0,822717
824492,2026-07-11,home,666157,Nick Lodolo,4.0,4.0,6.0,13,14,0,0,True,True,False,4.0,824497,4.0,824497,4.0,823771,4.0,823771,6.0,824501,6.0,824501
824492,2026-07-11,away,665871,Javier Assad,2.0,5.0,1.0,5,12,0,1,True,True,False,2.0,824656,2.0,824656,1.0,824668,1.0,824661,3.0,824691,1.0,824668
824576,2026-07-11,home,663542,Bryan Hudson,2.0,0.0,1.0,3,37,0,3,True,True,False,2.0,823533,2.0,824578,1.0,823222,2.0,824417,1.0,824611,0.0,824818
824576,2026-07-11,away,695611,Gage Jump,1.0,5.0,9.0,9,10,1,1,True,True,False,1.0,824980,1.0,824980,5.0,824986,5.0,824986,9.0,823208,9.0,823208
824813,2026-07-11,home,680694,Kyle Bradish,5.0,2.0,9.0,17,17,0,0,True,True,False,5.0,824497,5.0,824497,2.0,824821,2.0,824821,9.0,824016,9.0,824016
824813,2026-07-11,away,702070,Noah Cameron,7.0,0.0,5.0,15,18,0,1,True,True,False,7.0,824089,7.0,824089,5.0,822965,0.0,824096,6.0,824098,5.0,822965
823442,2026-07-02,home,660604,Alan Rangel,4.0,4.0,5.0,2,5,0,0,True,True,False,3.0,831522,4.0,823609,0.0,831532,4.0,822720,,,5.0,824688
823442,2026-07-02,away,683003,Jared Jones,4.0,3.0,4.0,6,6,0,0,True,True,False,4.0,823364,4.0,823364,3.0,824343,3.0,824343,4.0,824993,4.0,824993
823765,2026-07-02,home,694819,Jacob Misiorowski,8.0,7.0,15.0,15,18,0,0,True,True,False,8.0,823773,8.0,823773,7.0,824910,7.0,824910,8.0,824351,8.0,824351
823765,2026-07-02,away,695505,Chase Burns,10.0,7.0,7.0,19,19,0,0,True,True,False,10.0,823364,10.0,823364,7.0,823531,7.0,823531,7.0,824505,7.0,824505
824335,2026-07-02,home,547179,Michael Lorenzen,1.0,5.0,5.0,17,18,0,0,True,True,False,1.0,823689,1.0,823689,5.0,824343,5.0,824343,5.0,824666,5.0,824666
824335,2026-07-02,away,687473,Ryan Gusto,4.0,6.0,1.0,6,9,0,0,True,True,False,4.0,823038,4.0,823038,6.0,823852,6.0,823852,1.0,823452,1.0,823452
824416,2026-07-02,home,677944,Slade Cecconi,4.0,1.0,4.0,20,19,0,0,True,True,False,4.0,824421,4.0,824421,1.0,824177,1.0,824177,4.0,823775,4.0,823775
824416,2026-07-02,away,663436,Davis Martin,3.0,4.0,4.0,18,19,0,0,True,True,False,3.0,824581,3.0,824581,4.0,824260,4.0,824260,4.0,823535,4.0,823535
824906,2026-07-02,home,694462,Hurston Waldrep,3.0,,,0,1,0,0,True,True,False,,,3.0,823206,,,,,,,,
824906,2026-07-02,away,669160,Dustin May,2.0,9.0,6.0,18,18,0,0,True,True,False,2.0,824095,2.0,824095,9.0,823046,9.0,823046,6.0,823620,6.0,823620
824093,2026-07-02,home,663568,Stephen Kolek,0.0,4.0,3.0,6,6,0,0,True,True,False,0.0,824095,0.0,824095,3.0,824105,3.0,824105,8.0,824509,8.0,824509
824093,2026-07-02,away,693855,Ian Seymour,4.0,5.0,2.0,3,29,0,0,True,True,False,4.0,822967,7.0,822961,5.0,822972,4.0,822967,2.0,822983,5.0,822972
822884,2026-07-02,home,543135,Nathan Eovaldi,9.0,9.0,6.0,16,16,0,0,True,True,False,9.0,822796,9.0,822796,9.0,822883,9.0,822883,3.0,824105,3.0,824105
822884,2026-07-02,away,664285,Framber Valdez,2.0,8.0,6.0,18,19,0,0,True,True,False,2.0,824257,2.0,824257,8.0,824261,8.0,824261,6.0,824182,6.0,824182
823119,2026-07-02,home,682243,Bryce Miller,11.0,7.0,7.0,6,6,0,0,True,True,False,11.0,823366,11.0,823366,7.0,823124,7.0,823124,9.0,824269,9.0,824269
823119,2026-07-02,away,700712,Walbert Ureña,5.0,6.0,3.0,13,19,0,0,True,True,False,5.0,824014,5.0,824014,6.0,824988,6.0,824988,3.0,825071,3.0,825071
823935,2026-07-02,home,808963,Roki Sasaki,2.0,6.0,4.0,15,15,0,0,True,True,False,2.0,823285,2.0,823285,6.0,823936,6.0,823936,10.0,823943,10.0,823943
823935,2026-07-02,away,681190,Randy Vásquez,1.0,5.0,3.0,16,18,0,0,True,True,False,1.0,822886,1.0,823283,3.0,823291,1.0,822886,3.0,823460,3.0,823291
824271,2026-06-05,home,664285,Framber Valdez,4.0,5.0,3.0,13,14,0,0,True,True,False,4.0,824593,4.0,824593,3.0,824277,5.0,824839,7.0,823631,3.0,824277
824271,2026-06-05,away,693433,Bryan Woo,9.0,4.0,8.0,12,13,0,0,True,True,False,9.0,823132,9.0,823132,4.0,824108,4.0,824108,9.0,823141,9.0,823141
823455,2026-06-05,home,666200,Jesús Luzardo,6.0,6.0,5.0,15,15,0,0,True,True,False,6.0,823945,6.0,823945,6.0,823296,6.0,823296,5.0,823464,5.0,823464
823455,2026-06-05,away,641743,Anthony Kay,3.0,5.0,5.0,13,15,0,0,True,True,False,3.0,824593,3.0,824593,5.0,824598,5.0,824598,5.0,823136,5.0,823136
823538,2026-06-05,home,677960,Ryan Weathers,10.0,4.0,7.0,14,15,0,0,True,True,False,10.0,825000,10.0,825000,4.0,823544,4.0,823544,7.0,823549,7.0,823549
823538,2026-06-05,away,543243,Sonny Gray,7.0,4.0,9.0,13,13,0,0,True,True,False,7.0,824431,7.0,824431,4.0,824759,4.0,824759,9.0,824114,9.0,824114
823860,2026-06-05,home,687473,Ryan Gusto,3.0,1.0,,1,4,0,0,True,True,False,3.0,831460,3.0,822728,,,1.0,823885,,,3.0,831460
823860,2026-06-05,away,656876,Drew Rasmussen,4.0,6.0,2.0,11,11,0,0,True,True,False,4.0,822975,4.0,822975,6.0,823544,6.0,823544,2.0,822982,2.0,822982
824914,2026-06-05,home,527048,Martín Pérez,2.0,2.0,10.0,8,14,0,0,True,True,False,2.0,824513,2.0,824513,2.0,824921,2.0,824921,10.0,823865,10.0,823865
824914,2026-06-05,away,656605,Mitch Keller,5.0,5.0,3.0,13,14,0,0,True,True,False,5.0,823375,5.0,823375,5.0,822813,5.0,822813,3.0,823059,3.0,823059
824186,2026-06-05,home,663567,Peter Lambert,3.0,5.0,6.0,7,9,0,0,True,True,False,3.0,824190,3.0,824190,5.0,824676,5.0,824676,6.0,824192,6.0,824192
824186,2026-06-05,away,678022,Jack Perkins,0.0,2.0,7.0,1,16,0,0,True,True,False,2.0,831943,0.0,825001,,,2.0,825000,,,2.0,823298
823049,2026-06-05,home,681517,Kyle Leahy,4.0,8.0,2.0,14,13,0,0,True,True,False,4.0,823054,4.0,823054,8.0,824516,8.0,824516,2.0,823060,2.0,823060
823049,2026-06-05,away,663903,Brady Singer,2.0,6.0,2.0,14,15,0,0,True,True,False,2.0,824513,2.0,824513,6.0,824436,6.0,824436,6.0,824683,6.0,824683
822892,2026-06-05,home,677958,Kumar Rocker,2.0,5.0,3.0,9,12,0,0,True,True,False,2.0,822893,2.0,822893,5.0,822899,5.0,822899,3.0,822900,7.0,824356
822892,2026-06-05,away,800048,Parker Messick,4.0,6.0,6.0,13,13,0,0,True,True,False,4.0,824431,4.0,824431,6.0,823459,6.0,823459,6.0,824276,6.0,824276
823699,2026-06-05,home,805673,Zebby Matthews,7.0,6.0,6.0,7,7,0,0,True,True,False,7.0,823373,7.0,823373,6.0,824598,6.0,824598,6.0,823704,6.0,823704
823699,2026-06-05,away,608379,Michael Wacha,5.0,5.0,8.0,14,15,0,0,True,True,False,5.0,822895,5.0,822895,5.0,824107,5.0,824107,8.0,824111,8.0,824111
824350,2026-06-05,home,663372,Ryan Feltner,2.0,3.0,5.0,8,9,0,0,True,True,False,2.0,824352,2.0,824352,3.0,824368,3.0,824368,5.0,824372,5.0,824372
824350,2026-06-05,away,687075,Brandon Sproat,4.0,7.0,5.0,9,11,0,0,True,True,False,4.0,824190,4.0,824190,7.0,823786,7.0,823786,5.0,824680,5.0,824680
825073,2026-06-05,home,518876,Merrill Kelly,2.0,4.0,4.0,11,11,0,0,True,True,False,2.0,823133,2.0,823133,4.0,823219,4.0,823219,4.0,825084,4.0,825084
825073,2026-06-05,away,656492,Foster Griffin,5.0,6.0,5.0,13,13,0,0,True,True,False,5.0,822731,5.0,822731,6.0,824921,6.0,824921,5.0,822736,5.0,822736
823293,2026-06-05,home,650633,Michael King,2.0,4.0,9.0,12,13,0,0,True,True,False,2.0,822731,2.0,822731,9.0,823301,4.0,823297,5.0,823791,9.0,823301
823293,2026-06-05,away,681035,Christian Scott,8.0,5.0,5.0,5,9,0,0,True,True,False,8.0,823622,8.0,823622,5.0,823861,5.0,823861,5.0,822734,5.0,822734
823943,2026-06-05,home,808963,Roki Sasaki,7.0,4.0,8.0,12,12,0,0,True,True,False,7.0,823945,7.0,823945,4.0,823787,4.0,823787,8.0,824034,8.0,824034
823943,2026-06-05,away,672282,Reid Detmers,7.0,14.0,8.0,12,12,0,0,True,True,False,7.0,822975,7.0,822975,14.0,824028,14.0,824028,8.0,824033,8.0,824033
824659,2026-07-03,home,656849,David Peterson,2.0,5.0,4.0,11,19,0,0,True,True,False,2.0,823770,2.0,823770,5.0,823449,5.0,823449,4.0,823624,1.0,824505
824659,2026-07-03,away,669467,Andre Pallante,4.0,2.0,6.0,16,15,0,0,True,True,False,4.0,823038,4.0,823038,2.0,823040,2.0,823040,6.0,823045,6.0,823045
822714,2026-07-03,home,656492,Foster Griffin,9.0,9.0,6.0,17,17,0,0,True,True,False,9.0,822720,9.0,822720,6.0,822723,6.0,822723,5.0,823215,5.0,823215
822714,2026-07-03,away,656605,Mitch Keller,4.0,4.0,7.0,17,18,0,0,True,True,False,4.0,823362,4.0,823362,4.0,823365,4.0,823365,7.0,824991,7.0,824991
823527,2026-07-03,home,543037,Gerrit Cole,5.0,5.0,6.0,9,9,0,0,True,True,False,5.0,824745,5.0,824745,5.0,824261,5.0,824261,6.0,823535,6.0,823535
823527,2026-07-03,away,702474,Mike Paredes,2.0,1.0,2.0,4,6,0,0,True,True,False,2.0,823689,2.0,823689,1.0,825067,1.0,825067,2.0,822887,2.0,822887
824498,2026-07-03,home,663903,Brady Singer,6.0,7.0,5.0,19,20,0,0,True,True,False,6.0,823362,6.0,823362,7.0,824502,7.0,824502,5.0,824504,5.0,824504
824498,2026-07-03,away,669432,Trevor Rogers,7.0,6.0,4.0,16,16,0,0,True,True,False,7.0,824824,7.0,824824,6.0,823937,6.0,823937,3.0,824830,3.0,824830
824417,2026-07-03,home,668909,Gavin Williams,6.0,8.0,4.0,18,17,0,0,True,True,False,6.0,824422,6.0,824422,8.0,824585,8.0,824585,4.0,823774,4.0,823774
824417,2026-07-03,away,641743,Anthony Kay,2.0,8.0,2.0,17,19,0,0,True,True,False,2.0,824580,2.0,824580,8.0,824585,8.0,824585,2.0,823536,2.0,823536
824904,2026-07-03,home,656550,Grant Holmes,4.0,2.0,2.0,18,19,0,0,True,True,False,4.0,823288,4.0,823207,2.0,824912,4.0,823288,2.0,824912,2.0,824912
824904,2026-07-03,away,681035,Christian Scott,6.0,6.0,3.0,7,11,0,0,True,True,False,6.0,823609,6.0,823609,3.0,823293,3.0,823293,8.0,823622,8.0,823622
824336,2026-07-03,home,663372,Ryan Feltner,0.0,2.0,7.0,12,13,0,0,True,True,False,0.0,823686,0.0,823686,2.0,824344,2.0,824344,7.0,824667,7.0,824667
824336,2026-07-03,away,657277,Logan Webb,6.0,5.0,7.0,13,13,0,0,True,True,False,6.0,823207,6.0,823207,5.0,823852,5.0,823852,7.0,823218,7.0,823218
824173,2026-07-03,home,681293,Spencer Arrighetti,7.0,8.0,7.0,10,13,0,0,True,True,False,7.0,824255,7.0,824255,8.0,824180,8.0,824180,7.0,824025,7.0,824025
824173,2026-07-03,away,607259,Nick Martinez,3.0,5.0,6.0,18,18,0,0,True,True,False,3.0,822962,3.0,822962,5.0,822968,5.0,822968,6.0,823938,6.0,823938
824013,2026-07-03,home,672282,Reid Detmers,8.0,4.0,3.0,17,17,0,0,True,True,False,8.0,824015,8.0,824015,4.0,824987,4.0,824987,3.0,825070,3.0,825070
824013,2026-07-03,away,687562,Jake Bennett,3.0,9.0,5.0,5,6,0,0,True,True,False,3.0,824745,3.0,824745,9.0,824344,9.0,824344,4.0,822970,4.0,822970
824982,2026-07-03,home,678022,Jack Perkins,5.0,8.0,6.0,6,21,0,0,True,True,False,5.0,824015,5.0,824015,8.0,824987,8.0,824987,6.0,824991,6.0,824991
824982,2026-07-03,away,663969,Tyler Phillips,1.0,4.0,4.0,6,23,0,0,True,True,False,1.0,823037,1.0,823037,4.0,823851,4.0,823851,4.0,823451,4.0,823451
825062,2026-07-03,home,703615,Jose Cabrera,4.0,3.0,,1,1,0,0,True,True,False,3.0,825067,3.0,825067,,,,,,,,
825062,2026-07-03,away,690986,Kyle Harrison,9.0,7.0,3.0,15,17,0,0,True,True,False,9.0,823770,9.0,823770,7.0,824909,7.0,824909,4.0,824998,4.0,824998
823933,2026-07-03,home,660271,Shohei Ohtani,8.0,5.0,6.0,13,13,0,0,True,True,False,8.0,823691,8.0,823691,5.0,823940,5.0,823940,6.0,823372,6.0,823372
823933,2026-07-03,away,650633,Michael King,5.0,5.0,1.0,17,18,0,0,True,True,False,5.0,823281,5.0,823281,5.0,823288,5.0,823288,1.0,823045,1.0,823045
823120,2026-07-03,home,622491,Luis Castillo,4.0,4.0,5.0,14,17,0,0,True,True,False,4.0,824423,4.0,824423,5.0,824268,4.0,823124,6.0,824196,5.0,824268
823120,2026-07-03,away,656302,Dylan Cease,10.0,8.0,7.0,14,14,0,0,True,True,False,10.0,822794,10.0,822794,8.0,822800,8.0,822800,7.0,824750,7.0,824750
824269,2026-06-06,home,672456,Keider Montero,4.0,7.0,1.0,9,10,0,0,True,True,False,4.0,824592,4.0,824592,7.0,824275,7.0,824275,1.0,824276,1.0,824276
824269,2026-06-06,away,682243,Bryce Miller,6.0,7.0,3.0,3,3,0,0,True,True,False,6.0,823133,6.0,823133,7.0,823136,7.0,823136,3.0,824195,3.0,824195
823697,2026-06-06,home,657746,Joe Ryan,9.0,9.0,9.0,14,14,0,0,True,True,False,9.0,823702,9.0,823702,9.0,824597,9.0,824597,9.0,823703,9.0,823703
823697,2026-06-06,away,679883,Luinder Avila,5.0,4.0,,2,8,0,0,True,True,False,5.0,824510,5.0,824510,4.0,824132,1.0,824106,,,3.0,824112
823048,2026-06-06,home,669461,Matthew Liberatore,4.0,10.0,9.0,12,12,0,0,True,True,False,4.0,823053,4.0,823053,10.0,823784,10.0,823784,9.0,823059,9.0,823059
823048,2026-06-06,away,666157,Nick Lodolo,4.0,7.0,3.0,8,9,0,0,True,True,False,4.0,824512,4.0,824512,7.0,823625,7.0,823625,3.0,823465,3.0,823465
824669,2026-06-06,home,676962,Ben Brown,6.0,7.0,6.0,7,18,0,0,True,True,False,6.0,823054,6.0,823054,7.0,823380,7.0,823380,6.0,824677,6.0,824677
824669,2026-06-06,away,694738,Landen Roupp,4.0,7.0,3.0,14,13,0,0,True,True,False,4.0,823781,4.0,823781,7.0,823219,7.0,823219,3.0,825086,3.0,825086
822808,2026-06-06,home,680755,Braydon Fisher,1.0,4.0,0.0,3,33,0,0,True,True,False,1.0,822811,1.0,824919,4.0,823545,1.0,824918,0.0,825101,0.0,824835
822808,2026-06-06,away,680694,Kyle Bradish,4.0,3.0,6.0,12,12,0,0,True,True,False,4.0,824832,4.0,824832,3.0,824838,3.0,824838,6.0,822979,6.0,822979
823454,2026-06-06,home,691725,Andrew Painter,3.0,3.0,3.0,11,12,0,0,True,True,False,3.0,823944,3.0,823944,3.0,823459,3.0,823459,3.0,823465,3.0,823465
823454,2026-06-06,away,685126,Brandon Eisert,1.0,,,1,17,0,0,True,True,False,1.0,824594,2.0,823455,,,1.0,823702,,,1.0,824592
825075,2026-06-06,home,593958,Eduardo Rodriguez,3.0,6.0,4.0,11,11,0,0,True,True,False,3.0,825078,3.0,825078,6.0,823216,6.0,823216,4.0,825083,4.0,825083
825075,2026-06-06,away,641793,Zack Littell,5.0,3.0,3.0,9,13,0,0,True,True,False,5.0,822729,5.0,822729,3.0,822735,7.0,824437,3.0,822739,3.0,822735
824184,2026-06-06,home,837227,Tatsuya Imai,5.0,2.0,5.0,9,9,0,0,True,True,False,5.0,824187,5.0,824187,2.0,822899,2.0,822899,5.0,823705,5.0,823705
824184,2026-06-06,away,695034,Kade Morris,,,,0,1,0,0,True,True,False,,,2.0,831871,,,,,,,,
824915,2026-06-06,home,675911,Spencer Strider,8.0,5.0,9.0,7,8,0,0,True,True,False,8.0,824512,8.0,824512,5.0,824758,5.0,824758,9.0,823864,9.0,823864
824915,2026-06-06,away,677952,Braxton Ashcraft,11.0,5.0,9.0,13,13,0,0,True,True,False,11.0,823373,11.0,823373,5.0,823379,5.0,823379,9.0,823056,9.0,823056
823859,2026-06-06,home,669199,Lake Bachar,3.0,,,1,21,0,0,True,True,False,3.0,822728,3.0,822728,,,2.0,823622,,,2.0,823865
823859,2026-06-06,away,663556,Shane McClanahan,3.0,3.0,6.0,13,14,0,0,True,True,False,3.0,822976,3.0,822976,3.0,824838,3.0,824838,6.0,822980,6.0,822980
822891,2026-06-06,home,683004,Jack Leiter,10.0,4.0,5.0,14,14,0,0,True,True,False,10.0,822895,10.0,822895,4.0,822898,4.0,822898,5.0,824355,5.0,824355
822891,2026-06-06,away,676440,Tanner Bibee,5.0,3.0,5.0,16,14,0,0,True,True,False,5.0,824430,3.0,824437,3.0,824437,5.0,824273,5.0,824273,2.0,824439
824351,2026-06-06,home,688642,Zach Agnos,4.0,,,3,22,0,0,True,True,False,4.0,825083,2.0,824354,1.0,831860,1.0,823949,0.0,831863,4.0,825083
824351,2026-06-06,away,694819,Jacob Misiorowski,8.0,12.0,8.0,12,15,0,0,True,True,False,8.0,824187,8.0,824187,12.0,823784,12.0,823784,8.0,824677,8.0,824677
823942,2026-06-06,home,808967,Yoshinobu Yamamoto,10.0,3.0,8.0,9,9,0,0,True,True,False,10.0,823944,10.0,823944,3.0,823786,3.0,823786,8.0,823301,8.0,823301
823942,2026-06-06,away,686799,Jack Kochanowicz,1.0,4.0,7.0,14,15,0,0,True,True,False,1.0,822976,1.0,822976,4.0,824275,4.0,824275,7.0,824032,7.0,824032
823292,2026-06-06,home,656288,Griffin Canning,3.0,5.0,5.0,6,6,0,0,True,True,False,3.0,822729,3.0,822729,5.0,823296,5.0,823296,5.0,823302,5.0,823302
823292,2026-06-06,away,690997,Nolan McLean,2.0,6.0,5.0,10,10,0,0,True,True,False,2.0,823621,2.0,823621,6.0,823625,6.0,823625,5.0,822736,5.0,822736
822716,2026-07-04,home,687223,Carson Palmquist,3.0,,,1,4,0,0,True,True,False,3.0,822719,1.0,824740,,,3.0,822719,,,0.0,831792
822716,2026-07-04,away,677952,Braxton Ashcraft,8.0,10.0,7.0,17,17,0,0,True,True,False,8.0,823444,8.0,823444,10.0,823367,10.0,823367,7.0,824992,7.0,824992
823526,2026-07-04,home,694341,Brendan Beck,1.0,,,0,1,0,0,True,True,False,,,1.0,823551,,,,,,,,
823526,2026-07-04,away,805673,Zebby Matthews,7.0,5.0,4.0,11,11,0,0,True,True,False,7.0,824176,7.0,824176,5.0,823692,5.0,823692,4.0,822888,4.0,822888
822882,2026-07-04,home,615698,Cal Quantrill,5.0,1.0,,3,16,0,0,True,True,False,5.0,822794,5.0,822794,1.0,823849,1.0,823849,0.0,831427,0.0,822888
822882,2026-07-04,away,656427,Jack Flaherty,9.0,1.0,7.0,16,17,0,0,True,True,False,9.0,824256,9.0,824256,7.0,824268,7.0,824268,6.0,822971,6.0,822971
823118,2026-07-04,home,669302,Logan Gilbert,7.0,8.0,10.0,19,19,0,0,True,True,False,7.0,824421,7.0,824421,8.0,823123,8.0,823123,10.0,823128,10.0,823128
823118,2026-07-04,away,669456,Shane Bieber,4.0,2.0,,2,2,0,0,True,True,False,4.0,822795,4.0,822795,2.0,822799,2.0,822799,,,,
824499,2026-07-04,home,668881,Hunter Greene,,,,0,0,0,0,True,True,False,,,,,,,,,,,,
824499,2026-07-04,away,687064,Brandon Young,8.0,5.0,2.0,7,9,0,0,True,True,False,2.0,823128,5.0,823934,5.0,824831,2.0,823128,7.0,824833,5.0,824831
824171,2026-07-04,home,686613,Hunter Brown,4.0,4.0,7.0,8,8,0,0,True,True,False,4.0,824256,4.0,824256,4.0,822800,4.0,822800,7.0,824182,7.0,824182
824171,2026-07-04,away,656876,Drew Rasmussen,5.0,5.0,7.0,16,16,0,0,True,True,False,5.0,822959,5.0,822959,5.0,822964,5.0,822964,7.0,823939,7.0,823939
824415,2026-07-04,home,800048,Parker Messick,5.0,10.0,9.0,18,18,0,0,True,True,False,5.0,824420,5.0,824420,10.0,824584,10.0,824584,9.0,823772,9.0,823772
824415,2026-07-04,away,680732,Sean Burke,8.0,6.0,6.0,14,16,0,0,True,True,False,8.0,824822,8.0,824822,6.0,824584,6.0,824584,6.0,824592,8.0,823533
824658,2026-07-04,home,684007,Shota Imanaga,4.0,4.0,3.0,19,19,0,0,True,True,False,4.0,824662,4.0,824662,4.0,823611,4.0,823611,3.0,824666,3.0,824666
824658,2026-07-04,away,681517,Kyle Leahy,5.0,3.0,7.0,18,17,0,0,True,True,False,5.0,823037,5.0,823037,3.0,823043,3.0,823043,7.0,823044,7.0,823044
824903,2026-07-04,home,519242,Chris Sale,10.0,7.0,6.0,15,14,0,0,True,True,False,10.0,823204,10.0,823204,7.0,824909,7.0,824909,6.0,824590,6.0,824590
824903,2026-07-04,away,640455,Sean Manaea,4.0,4.0,5.0,6,19,0,0,True,True,False,4.0,822792,4.0,822792,4.0,823611,4.0,823611,5.0,823448,5.0,823448
824334,2026-07-04,home,807743,Sean Sullivan,5.0,3.0,2.0,4,6,0,0,True,True,False,5.0,824339,5.0,824339,3.0,824340,3.0,824340,2.0,824668,2.0,824668
824334,2026-07-04,away,592662,Robbie Ray,2.0,6.0,3.0,17,20,0,0,True,True,False,2.0,823204,2.0,823204,6.0,823210,6.0,823210,3.0,823215,8.0,824912
824092,2026-07-04,home,608379,Michael Wacha,7.0,5.0,3.0,18,19,0,0,True,True,False,7.0,824581,7.0,824581,5.0,822964,5.0,822964,3.0,822723,3.0,822723
824092,2026-07-04,away,666200,Jesús Luzardo,6.0,13.0,9.0,20,20,0,0,True,True,False,6.0,823608,6.0,823608,13.0,822718,13.0,822718,9.0,823451,9.0,823451
824012,2026-07-04,home,691951,Sam Aldegheri,4.0,3.0,1.0,3,6,0,0,True,True,False,4.0,824011,4.0,824011,3.0,824016,3.0,824016,1.0,825072,1.0,825072
824012,2026-07-04,away,543243,Sonny Gray,9.0,11.0,4.0,17,17,0,0,True,True,False,9.0,824744,9.0,824744,11.0,824340,11.0,824340,4.0,824748,4.0,824748
824983,2026-07-04,home,650644,Aaron Civale,2.0,5.0,2.0,16,16,0,0,True,True,False,2.0,824011,2.0,824011,5.0,823210,5.0,823210,2.0,824992,2.0,824992
824983,2026-07-04,away,645261,Sandy Alcantara,3.0,4.0,6.0,18,18,0,0,True,True,False,3.0,824339,3.0,824339,4.0,823849,4.0,823849,6.0,823450,6.0,823450
825063,2026-07-04,home,518876,Merrill Kelly,3.0,2.0,4.0,15,15,0,0,True,True,False,3.0,822959,3.0,822959,2.0,823040,2.0,823040,4.0,825070,4.0,825070
825063,2026-07-04,away,605540,Brandon Woodruff,6.0,10.0,2.0,9,9,0,0,True,True,False,6.0,823769,6.0,823769,10.0,824502,10.0,824502,3.0,823800,3.0,823800
823932,2026-07-04,home,808967,Yoshinobu Yamamoto,4.0,6.0,7.0,12,12,0,0,True,True,False,4.0,823283,4.0,823283,6.0,823937,6.0,823937,4.0,823942,4.0,823942
823932,2026-07-04,away,593974,Wandy Peralta,2.0,0.0,1.0,3,36,0,1,True,True,False,2.0,823286,2.0,823935,0.0,822883,0.0,824661,1.0,823046,2.0,823281
824916,2026-06-07,home,693821,Bryce Elder,6.0,1.0,4.0,14,14,0,0,True,True,False,6.0,824918,6.0,824918,1.0,824756,1.0,824756,4.0,824922,4.0,824922
824916,2026-06-07,away,682254,Mason Montgomery,3.0,1.0,1.0,2,28,0,0,True,True,False,3.0,823383,0.0,824915,1.0,823399,2.0,824188,,,0.0,823375
823453,2026-06-07,home,605400,Aaron Nola,8.0,5.0,5.0,12,12,0,0,True,True,False,8.0,823460,8.0,823460,5.0,823294,5.0,823294,5.0,823462,5.0,823462
823453,2026-06-07,away,656457,Tyler Gilbert,2.0,0.0,,0,7,0,0,True,True,False,,,2.0,824615,,,0.0,823812,,,0.0,831910
823537,2026-06-07,home,693645,Cam Schlittler,3.0,6.0,7.0,14,14,0,0,True,True,False,3.0,823541,3.0,823541,6.0,824106,6.0,824106,7.0,823547,7.0,823547
823537,2026-06-07,away,624133,Ranger Suarez,10.0,4.0,3.0,12,11,0,0,True,True,False,10.0,824430,4.0,824758,4.0,824758,3.0,824112,3.0,824112,8.0,824762
822807,2026-06-07,home,592332,Kevin Gausman,8.0,5.0,8.0,14,14,0,0,True,True,False,8.0,824918,8.0,824918,5.0,822809,5.0,822809,8.0,822816,8.0,822816
822807,2026-06-07,away,669358,Shane Baz,6.0,9.0,6.0,13,12,0,0,True,True,False,6.0,824754,6.0,824754,9.0,824837,9.0,824837,6.0,822977,6.0,822977
824268,2026-06-07,home,656427,Jack Flaherty,6.0,9.0,7.0,14,15,0,0,True,True,False,6.0,822971,6.0,822971,9.0,824272,9.0,824272,7.0,824842,7.0,824842
824268,2026-06-07,away,622491,Luis Castillo,6.0,6.0,6.0,12,14,0,0,True,True,False,6.0,824196,3.0,823133,6.0,824606,4.0,823136,5.0,823145,6.0,824196
823857,2026-06-07,home,645261,Sandy Alcantara,5.0,4.0,3.0,14,14,0,0,True,True,False,5.0,822730,5.0,822730,4.0,822811,4.0,822811,3.0,823864,3.0,823864
823857,2026-06-07,away,643377,Griffin Jax,5.0,3.0,6.0,4,16,0,0,True,True,False,5.0,822974,5.0,822974,3.0,824837,3.0,824837,6.0,822979,6.0,822979
824183,2026-06-07,home,681347,Mike Burrows,3.0,6.0,2.0,13,14,0,0,True,True,False,3.0,824189,3.0,824189,6.0,822897,6.0,822897,2.0,823703,2.0,823703
824183,2026-06-07,away,695611,Gage Jump,5.0,5.0,,4,5,0,0,True,True,False,5.0,824675,5.0,824675,5.0,825004,5.0,825004,3.0,831935,3.0,831935
823696,2026-06-07,home,687570,Connor Prielipp,7.0,5.0,1.0,7,9,0,0,True,True,False,7.0,823700,7.0,823700,5.0,824596,5.0,824596,1.0,824761,1.0,824761
823696,2026-06-07,away,702070,Noah Cameron,8.0,4.0,8.0,11,13,0,0,True,True,False,8.0,824511,8.0,824511,4.0,824104,4.0,824104,8.0,824110,8.0,824110
823047,2026-06-07,home,700241,Michael McGreevy,1.0,6.0,1.0,13,13,0,0,True,True,False,1.0,823050,1.0,823050,6.0,823785,6.0,823785,1.0,823057,1.0,823057
823047,2026-06-07,away,695076,Rhett Lowder,1.0,1.0,7.0,9,10,0,0,True,True,False,1.0,824681,1.0,824681,3.0,822994,3.0,822994,4.0,824532,4.0,824532
822890,2026-06-07,home,594798,Jacob deGrom,8.0,6.0,3.0,12,12,0,0,True,True,False,8.0,823050,8.0,823050,6.0,822897,6.0,822897,3.0,824029,3.0,824029
822890,2026-06-07,away,676282,Joey Cantillo,4.0,1.0,6.0,15,17,0,0,True,True,False,4.0,823541,4.0,823541,1.0,824434,1.0,824434,6.0,824274,6.0,824274
824349,2026-06-07,home,607536,Kyle Freeland,4.0,4.0,4.0,14,14,0,0,True,True,False,4.0,824027,4.0,824027,4.0,823949,4.0,823949,4.0,824355,4.0,824355
824349,2026-06-07,away,675660,Shane Drohan,5.0,2.0,,3,12,0,0,True,True,False,5.0,823781,5.0,823781,2.0,824779,1.0,823783,5.0,831787,5.0,823786
825074,2026-06-07,home,647336,Michael Soroka,6.0,3.0,2.0,14,14,0,0,True,True,False,6.0,825079,6.0,825079,3.0,823217,3.0,823217,2.0,825082,2.0,825082
825074,2026-06-07,away,676917,Cade Cavalli,6.0,7.0,9.0,14,14,0,0,True,True,False,6.0,822730,6.0,822730,7.0,824434,7.0,824434,9.0,822733,9.0,822733
823941,2026-06-07,home,686218,Emmet Sheehan,3.0,8.0,2.0,11,13,0,0,True,True,False,3.0,825078,3.0,825078,2.0,823302,2.0,823302,7.0,823957,7.0,823957
823941,2026-06-07,away,667755,José Soriano,7.0,4.0,7.0,12,13,0,0,True,True,False,7.0,824027,7.0,824027,4.0,824270,4.0,824270,7.0,824031,7.0,824031
823291,2026-06-07,home,681190,Randy Vásquez,3.0,2.0,0.0,14,15,0,0,True,True,False,3.0,823460,3.0,823460,2.0,823294,2.0,823294,0.0,823299,0.0,823299
823291,2026-06-07,away,623211,Huascar Brazobán,0.0,2.0,2.0,5,24,0,0,True,True,False,0.0,823129,2.0,823293,2.0,823626,0.0,823129,2.0,823627,3.0,823622
824670,2026-06-07,home,592791,Jameson Taillon,6.0,4.0,5.0,13,13,0,0,True,True,False,6.0,824675,6.0,824675,4.0,823376,4.0,823376,5.0,824679,5.0,824679
824670,2026-06-07,away,686790,Trevor McDonald,4.0,6.0,4.0,7,10,0,0,True,True,False,4.0,823782,4.0,823782,6.0,823217,6.0,823217,4.0,823223,4.0,823223
824902,2026-07-05,home,527048,Martín Pérez,1.0,4.0,5.0,11,18,0,1,True,True,False,4.0,823284,1.0,824907,5.0,824910,4.0,823284,5.0,824914,5.0,824910
824902,2026-07-05,away,690997,Nolan McLean,7.0,9.0,9.0,12,13,0,1,True,True,False,9.0,824503,7.0,822793,5.0,823292,9.0,824503,2.0,823621,5.0,823292
822715,2026-07-05,home,676917,Cade Cavalli,13.0,7.0,1.0,17,18,0,1,True,True,False,7.0,822717,13.0,824742,1.0,822967,7.0,822717,2.0,825074,1.0,822967
822715,2026-07-05,away,696149,Bubba Chandler,6.0,4.0,1.0,14,16,0,1,True,True,False,4.0,823366,6.0,823445,1.0,824345,4.0,823366,3.0,824189,1.0,824345
824497,2026-07-05,home,666157,Nick Lodolo,4.0,6.0,2.0,12,13,0,0,True,True,False,4.0,823771,4.0,823771,6.0,824501,6.0,824501,2.0,824503,2.0,824503
824497,2026-07-05,away,680694,Kyle Bradish,2.0,9.0,12.0,16,16,0,0,True,True,False,2.0,824821,2.0,824821,9.0,824016,9.0,824016,12.0,823127,12.0,823127
823525,2026-07-05,home,677960,Ryan Weathers,3.0,6.0,8.0,18,19,0,0,True,True,False,3.0,823529,3.0,823529,6.0,824259,6.0,824259,8.0,823533,8.0,823533
823525,2026-07-05,away,657746,Joe Ryan,5.0,9.0,7.0,16,17,0,1,True,True,False,9.0,823691,5.0,824175,5.0,823697,9.0,823691,9.0,823702,5.0,823697
824413,2026-07-05,home,676440,Tanner Bibee,2.0,3.0,7.0,19,18,0,1,True,True,False,3.0,824583,2.0,824418,7.0,824179,3.0,824583,3.0,822891,7.0,824179
824413,2026-07-05,away,669684,Chris Murphy,2.0,,,1,22,0,0,True,True,False,2.0,824583,2.0,824417,,,0.0,824416,,,0.0,824822
824656,2026-07-05,home,665871,Javier Assad,5.0,1.0,5.0,4,11,0,1,True,True,False,1.0,824668,1.0,824661,3.0,824691,1.0,824668,3.0,823481,5.0,824670
824656,2026-07-05,away,669461,Matthew Liberatore,9.0,3.0,2.0,15,16,0,1,True,True,False,3.0,823041,9.0,824907,2.0,824098,3.0,823041,4.0,823048,2.0,824098
824091,2026-07-05,home,679883,Luinder Avila,4.0,6.0,5.0,6,12,0,0,True,True,False,4.0,824580,4.0,824580,6.0,822963,6.0,822963,5.0,822721,5.0,822721
824091,2026-07-05,away,605400,Aaron Nola,5.0,5.0,6.0,16,16,0,0,True,True,False,5.0,823444,5.0,823444,5.0,822719,5.0,822719,6.0,823448,6.0,823448
824172,2026-07-05,home,663567,Peter Lambert,4.0,6.0,5.0,12,14,0,0,True,True,False,4.0,824176,4.0,824176,6.0,822799,6.0,822799,5.0,824178,5.0,824178
824172,2026-07-05,away,669438,Mason Englert,2.0,,,2,14,0,0,True,True,False,2.0,822999,3.0,822973,2.0,831577,3.0,824768,,,3.0,823393
822879,2026-07-05,home,677958,Kumar Rocker,5.0,4.0,3.0,12,16,0,0,True,True,False,5.0,822795,5.0,822795,4.0,822888,9.0,823851,5.0,822892,4.0,822888
822879,2026-07-05,away,663554,Casey Mize,10.0,6.0,3.0,14,16,0,0,True,True,False,10.0,823529,10.0,823529,6.0,824262,6.0,824262,3.0,824178,3.0,824178
824333,2026-07-05,home,685299,Tanner Gordon,4.0,2.0,3.0,2,8,0,1,True,True,False,2.0,824354,4.0,824338,4.0,831858,2.0,824354,,,5.0,824356
824333,2026-07-05,away,641816,Tyler Mahle,3.0,4.0,3.0,16,16,0,0,True,True,False,3.0,825065,3.0,825065,4.0,823208,4.0,823208,3.0,823216,3.0,823216
825061,2026-07-05,home,593958,Eduardo Rodriguez,1.0,5.0,5.0,15,15,0,0,True,True,False,1.0,825065,1.0,825065,5.0,823043,5.0,823043,5.0,825072,5.0,825072
825061,2026-07-05,away,687075,Brandon Sproat,7.0,10.0,6.0,13,16,0,1,True,True,False,10.0,824501,7.0,823768,6.0,823774,10.0,824501,3.0,824996,6.0,823774
824980,2026-07-05,home,695611,Gage Jump,5.0,9.0,7.0,8,9,0,0,True,True,False,5.0,824986,5.0,824986,9.0,823208,9.0,823208,7.0,824989,7.0,824989
824980,2026-07-05,away,691587,Eury Pérez,8.0,1.0,9.0,13,16,0,1,True,True,False,1.0,823850,8.0,824338,9.0,822809,1.0,823850,5.0,823863,9.0,822809
823117,2026-07-05,home,676106,Emerson Hancock,6.0,6.0,2.0,13,15,0,0,True,True,False,6.0,824422,6.0,824422,6.0,823126,6.0,823126,3.0,824829,3.0,824829
823117,2026-07-05,away,702056,Trey Yesavage,3.0,5.0,6.0,8,8,0,0,True,True,False,3.0,822792,3.0,822792,5.0,822798,5.0,822798,6.0,824748,6.0,824748
823931,2026-07-05,home,686218,Emmet Sheehan,5.0,4.0,8.0,13,16,0,0,True,True,False,5.0,823281,5.0,823281,2.0,823941,4.0,823934,3.0,825078,2.0,823941
823931,2026-07-05,away,676664,JP Sears,4.0,5.0,,1,4,0,1,True,True,False,5.0,823284,4.0,824661,,,5.0,823284,,,6.0,831839
824010,2026-07-05,home,696270,Ryan Johnson,3.0,8.0,2.0,6,12,0,0,True,True,False,3.0,823121,3.0,823121,8.0,824017,8.0,824017,2.0,824989,2.0,824989
824010,2026-07-05,away,624133,Ranger Suarez,8.0,9.0,5.0,16,15,0,0,True,True,False,8.0,824741,8.0,824741,9.0,824341,9.0,824341,5.0,823124,5.0,823124
824829,2026-06-08,home,694346,Trey Gibson,1.0,2.0,,3,4,0,0,True,True,False,1.0,824836,1.0,824836,2.0,823555,2.0,824846,1.0,831570,2.0,823555
824829,2026-06-08,away,676106,Emerson Hancock,7.0,3.0,4.0,10,12,0,0,True,True,False,7.0,823131,7.0,823131,3.0,825004,3.0,825004,4.0,823134,4.0,823134
822972,2026-06-08,home,693855,Ian Seymour,2.0,,,1,26,0,0,True,True,False,2.0,822983,1.0,822971,,,1.0,822975,,,2.0,824838
822972,2026-06-08,away,813349,Connelly Early,6.0,7.0,5.0,13,13,0,0,True,True,False,6.0,824754,6.0,824754,7.0,824756,7.0,824756,5.0,824111,5.0,824111
824427,2026-06-08,home,668909,Gavin Williams,6.0,4.0,11.0,14,13,0,0,True,True,False,6.0,823540,6.0,823540,4.0,824432,4.0,824432,11.0,823461,11.0,823461
824427,2026-06-08,away,701542,Will Warren,5.0,3.0,3.0,16,17,0,0,True,True,False,5.0,825001,5.0,825001,3.0,824107,3.0,824107,3.0,823548,3.0,823548
822806,2026-06-08,home,571578,Patrick Corbin,1.0,4.0,7.0,8,9,0,0,True,True,False,1.0,824917,1.0,824917,4.0,824834,4.0,824834,7.0,822814,7.0,822814
822806,2026-06-08,away,650911,Cristopher Sánchez,8.0,9.0,6.0,12,12,0,0,True,True,False,8.0,823456,8.0,823456,9.0,823295,9.0,823295,6.0,823461,6.0,823461
824025,2026-06-08,home,680570,Grayson Rodriguez,3.0,5.0,5.0,7,7,0,0,True,True,False,3.0,824026,3.0,824026,5.0,824272,5.0,824272,5.0,824029,5.0,824029
824025,2026-06-08,away,681293,Spencer Arrighetti,3.0,3.0,5.0,7,10,0,0,True,True,False,3.0,824188,3.0,824188,3.0,822896,3.0,822896,5.0,824679,5.0,824679
823289,2026-06-08,home,621111,Walker Buehler,6.0,2.0,4.0,14,14,0,0,True,True,False,6.0,823456,6.0,823456,2.0,823295,2.0,823295,4.0,823298,4.0,823298
823289,2026-06-08,away,671096,Andrew Abbott,5.0,4.0,3.0,16,16,0,0,True,True,False,5.0,824511,5.0,824511,4.0,823626,4.0,823626,3.0,823462,3.0,823462
823218,2026-06-08,home,657277,Logan Webb,4.0,5.0,4.0,10,10,0,0,True,True,False,4.0,823780,4.0,823780,5.0,824353,5.0,824353,5.0,823233,5.0,823233
823218,2026-06-08,away,663992,Richard Lovelady,2.0,0.0,1.0,4,25,0,0,True,True,False,2.0,822728,2.0,822728,0.0,824922,0.0,822730,1.0,822738,0.0,824432
824998,2026-06-08,home,605488,Jeffrey Springs,3.0,7.0,3.0,15,14,0,0,True,True,False,3.0,824671,7.0,825003,7.0,825003,3.0,823298,3.0,823298,3.0,825006
824998,2026-06-08,away,690986,Kyle Harrison,12.0,2.0,11.0,12,14,0,0,True,True,False,12.0,823782,12.0,823782,2.0,823785,2.0,823785,11.0,824678,11.0,824678
824089,2026-07-06,home,702070,Noah Cameron,0.0,5.0,6.0,14,17,0,1,True,True,False,5.0,822965,0.0,824096,6.0,824098,5.0,822965,7.0,823696,6.0,824098
824089,2026-07-06,away,650911,Cristopher Sánchez,9.0,6.0,5.0,15,16,0,1,True,True,False,6.0,822717,9.0,823445,5.0,823447,6.0,822717,10.0,822806,5.0,823447
822958,2026-07-06,home,643377,Griffin Jax,5.0,7.0,5.0,7,20,0,1,True,True,False,7.0,822965,5.0,824096,5.0,822966,7.0,822965,4.0,823857,5.0,822966
822958,2026-07-06,away,693645,Cam Schlittler,5.0,9.0,13.0,17,18,0,1,True,True,False,9.0,824747,5.0,823528,13.0,823534,9.0,824747,5.0,823537,13.0,823534
822712,2026-07-06,home,571945,Miles Mikolas,3.0,2.0,3.0,7,17,0,0,True,True,False,3.0,824741,3.0,824741,3.0,822740,1.0,822719,3.0,822753,2.0,822966
822712,2026-07-06,away,681347,Mike Burrows,3.0,3.0,5.0,15,18,0,1,True,True,False,3.0,822798,3.0,824175,3.0,824183,3.0,822798,3.0,824189,1.0,824179
824900,2026-07-06,home,625643,Reynaldo López,6.0,1.0,1.0,10,22,0,0,True,True,False,1.0,823206,1.0,823206,1.0,822747,3.0,824908,6.0,824935,1.0,824912
824900,2026-07-06,away,642547,Freddy Peralta,4.0,5.0,2.0,15,15,0,0,True,True,False,5.0,823612,5.0,823612,2.0,823447,2.0,823447,5.0,823620,5.0,823620
823036,2026-07-06,home,669160,Dustin May,1.0,2.0,9.0,19,19,0,0,True,True,False,1.0,824906,1.0,824906,2.0,824095,2.0,824095,9.0,823046,9.0,823046
823036,2026-07-06,away,675660,Shane Drohan,7.0,5.0,3.0,6,15,0,0,True,True,False,5.0,824500,5.0,824500,3.0,823772,3.0,823772,4.0,824349,4.0,824349
823282,2026-07-06,home,621111,Walker Buehler,6.0,5.0,7.0,17,18,0,0,True,True,False,5.0,823285,6.0,824660,7.0,822885,5.0,823285,4.0,823289,7.0,822885
823282,2026-07-06,away,694297,Brandon Pfaadt,2.0,6.0,2.0,6,15,0,1,True,True,False,6.0,823480,2.0,825066,2.0,825102,1.0,825077,3.0,825107,3.0,823135
823205,2026-07-06,home,694738,Landen Roupp,4.0,6.0,7.0,17,16,0,1,True,True,False,6.0,823209,4.0,825066,7.0,823853,6.0,823209,5.0,824669,5.0,824669
823205,2026-07-06,away,592332,Kevin Gausman,7.0,4.0,3.0,17,18,0,1,True,True,False,4.0,822797,7.0,822793,3.0,824663,4.0,822797,5.0,822807,3.0,824663
823930,2026-07-06,home,641778,Eric Lauer,2.0,4.0,5.0,12,15,0,0,True,True,False,2.0,824986,2.0,824986,4.0,823938,2.0,823692,5.0,823374,4.0,823938
823930,2026-07-06,away,607536,Kyle Freeland,7.0,4.0,8.0,17,17,0,0,True,True,False,4.0,824341,4.0,824341,8.0,824345,8.0,824345,2.0,824349,2.0,824349
824830,2026-06-09,home,669432,Trevor Rogers,3.0,3.0,2.0,13,13,0,0,True,True,False,3.0,824753,3.0,824753,3.0,824835,3.0,824835,3.0,822980,3.0,822980
824830,2026-06-09,away,669302,Logan Gilbert,8.0,6.0,6.0,15,15,0,0,True,True,False,8.0,823129,8.0,823129,6.0,825003,6.0,825003,6.0,824110,6.0,824110
823374,2026-06-09,home,694973,Paul Skenes,7.0,10.0,2.0,13,13,0,0,True,True,False,7.0,824188,7.0,824188,10.0,823378,10.0,823378,2.0,822814,2.0,822814
823374,2026-06-09,away,641778,Eric Lauer,1.0,4.0,2.0,9,11,0,0,True,True,False,1.0,825079,1.0,825079,4.0,823949,4.0,823949,2.0,822984,4.0,822819
822969,2026-06-09,home,607259,Nick Martinez,1.0,5.0,1.0,14,14,0,0,True,True,False,1.0,822973,1.0,822973,5.0,822978,5.0,822978,1.0,823546,1.0,823546
822969,2026-06-09,away,801139,Payton Tolle,5.0,7.0,9.0,7,9,0,0,True,True,False,5.0,824755,5.0,824755,7.0,824757,7.0,824757,9.0,824761,9.0,824761
824267,2026-06-09,home,675512,Troy Melton,5.0,1.0,3.0,2,2,0,0,True,True,False,5.0,822973,5.0,822973,1.0,824594,1.0,824594,,,,
824267,2026-06-09,away,671737,Taj Bradley,5.0,6.0,7.0,12,12,0,0,True,True,False,5.0,823701,5.0,823701,6.0,823377,6.0,823377,7.0,824760,7.0,824760
823858,2026-06-09,home,676974,Max Meyer,7.0,6.0,8.0,12,12,0,0,True,True,False,7.0,822727,7.0,822727,6.0,823623,6.0,823623,8.0,823862,8.0,823862
823858,2026-06-09,away,668678,Zac Gallen,1.0,2.0,6.0,12,13,0,0,True,True,False,1.0,825077,1.0,825077,2.0,823135,2.0,823135,6.0,825080,6.0,825080
824429,2026-06-09,home,677944,Slade Cecconi,4.0,3.0,5.0,16,15,0,0,True,True,False,4.0,823542,4.0,823542,3.0,824433,3.0,824433,5.0,823458,5.0,823458
824429,2026-06-09,away,543037,Gerrit Cole,2.0,10.0,2.0,5,5,0,0,True,True,False,2.0,823540,2.0,823540,10.0,824104,10.0,824104,2.0,823546,2.0,823546
822805,2026-06-09,home,656302,Dylan Cease,8.0,9.0,9.0,10,10,0,0,True,True,False,8.0,822813,8.0,822813,9.0,823548,9.0,823548,9.0,822815,9.0,822815
822805,2026-06-09,away,554430,Zack Wheeler,8.0,4.0,6.0,6,7,0,0,True,True,False,8.0,823457,8.0,823457,4.0,823946,4.0,823946,6.0,823458,6.0,823458
823620,2026-06-09,home,642547,Freddy Peralta,6.0,5.0,9.0,12,12,0,0,True,True,False,6.0,823130,6.0,823130,5.0,823623,5.0,823623,9.0,823862,9.0,823862
823620,2026-06-09,away,669160,Dustin May,9.0,9.0,7.0,15,15,0,0,True,True,False,9.0,823052,9.0,823052,9.0,823783,9.0,823783,7.0,823056,7.0,823056
824105,2026-06-09,home,663568,Stephen Kolek,8.0,5.0,2.0,4,4,0,0,True,True,False,8.0,824509,8.0,824509,5.0,822894,5.0,822894,2.0,824109,2.0,824109
824105,2026-06-09,away,543135,Nathan Eovaldi,7.0,6.0,6.0,13,13,0,0,True,True,False,7.0,823052,7.0,823052,6.0,822896,6.0,822896,6.0,824030,6.0,824030
824591,2026-06-09,home,685126,Brandon Eisert,2.0,1.0,,2,18,0,0,True,True,False,2.0,823454,2.0,823454,1.0,824594,2.0,823455,,,1.0,823702
824591,2026-06-09,away,656550,Grant Holmes,4.0,5.0,10.0,14,14,0,0,True,True,False,4.0,824917,4.0,824917,5.0,824515,10.0,824920,10.0,824920,4.0,824923
824347,2026-06-09,home,608372,Tomoyuki Sugano,5.0,3.0,3.0,13,13,0,0,True,True,False,5.0,824026,5.0,824026,3.0,823947,3.0,823947,3.0,825082,3.0,825082
824347,2026-06-09,away,607067,Colin Rea,3.0,5.0,4.0,10,14,0,0,True,True,False,3.0,824671,5.0,823378,5.0,823378,4.0,824674,4.0,824674,4.0,824599
824023,2026-06-09,home,700712,Walbert Ureña,7.0,5.0,6.0,9,15,0,0,True,True,False,7.0,824024,7.0,824024,5.0,822978,5.0,822978,6.0,824030,6.0,824030
824023,2026-06-09,away,678906,Kai-Wei Teng,1.0,7.0,6.0,6,21,0,0,True,True,False,1.0,824185,1.0,824185,7.0,824191,7.0,824191,6.0,824674,6.0,824674
823290,2026-06-09,home,608337,Lucas Giolito,5.0,1.0,2.0,4,4,0,0,True,True,False,5.0,823457,5.0,823457,1.0,822732,1.0,822732,2.0,823300,2.0,823300
823290,2026-06-09,away,695505,Chase Burns,9.0,8.0,9.0,15,15,0,0,True,True,False,9.0,824509,9.0,824509,8.0,823624,8.0,823624,9.0,823464,9.0,823464
823214,2026-06-09,home,605288,Adrian Houser,5.0,4.0,5.0,11,11,0,0,True,True,False,5.0,823779,5.0,823779,4.0,824352,4.0,824352,5.0,823222,5.0,823222
823214,2026-06-09,away,674841,Andrew Alvarez,5.0,,,2,8,0,0,True,True,False,5.0,822727,5.0,822727,5.0,831572,1.0,822732,,,1.0,824921
824999,2026-06-09,home,669372,J.T. Ginn,8.0,4.0,4.0,10,16,0,0,True,True,False,8.0,824672,8.0,824672,4.0,825000,4.0,825000,4.0,823300,4.0,823300
824999,2026-06-09,away,688107,Robert Gasser,5.0,4.0,3.0,6,6,0,0,True,True,False,5.0,823780,5.0,823780,4.0,823787,4.0,823787,3.0,823708,3.0,823708
823035,2026-07-07,home,690928,Hunter Dobbins,5.0,4.0,,0,2,0,0,True,True,False,,,6.0,823049,,,4.0,823053,,,,
823035,2026-07-07,away,688107,Robert Gasser,5.0,7.0,5.0,10,10,0,0,True,True,False,5.0,823771,5.0,823771,7.0,824908,7.0,824908,5.0,823775,5.0,823775
824820,2026-07-07,home,669358,Shane Baz,6.0,5.0,9.0,17,16,0,0,True,True,False,6.0,824822,6.0,824822,5.0,824017,5.0,824017,9.0,823125,9.0,823125
824820,2026-07-07,away,571510,Matthew Boyd,2.0,4.0,5.0,5,7,0,1,True,True,False,4.0,823612,2.0,824661,5.0,824687,4.0,823612,5.0,824688,5.0,824687
824254,2026-07-07,home,669373,Tarik Skubal,9.0,9.0,8.0,10,11,0,1,True,True,False,9.0,824259,9.0,823528,8.0,824264,9.0,824259,5.0,824288,8.0,824264
824254,2026-07-07,away,669372,J.T. Ginn,4.0,5.0,5.0,14,20,0,0,True,True,False,5.0,824014,5.0,824014,5.0,824988,5.0,824988,3.0,824993,3.0,824993
823361,2026-07-07,home,694973,Paul Skenes,5.0,7.0,8.0,16,16,0,0,True,True,False,7.0,823363,7.0,823363,8.0,824342,8.0,824342,7.0,823374,7.0,823374
823361,2026-07-07,away,694462,Hurston Waldrep,4.0,,,1,2,0,0,True,True,False,4.0,824906,4.0,824906,,,3.0,823206,,,,
823847,2026-07-07,home,676974,Max Meyer,5.0,5.0,7.0,15,15,0,0,True,True,False,5.0,823039,5.0,823039,7.0,823854,7.0,823854,5.0,823858,5.0,823858
823847,2026-07-07,away,693433,Bryan Woo,5.0,4.0,9.0,15,17,0,1,True,True,False,4.0,823367,5.0,823122,9.0,823125,4.0,823367,7.0,824271,9.0,823125
822956,2026-07-07,home,693855,Ian Seymour,8.0,4.0,5.0,4,30,0,0,True,True,False,8.0,824093,8.0,824093,4.0,822967,7.0,822961,5.0,822972,4.0,822967
822956,2026-07-07,away,701542,Will Warren,7.0,0.0,8.0,19,21,0,0,True,True,False,0.0,824743,7.0,823530,8.0,823532,0.0,824743,5.0,824427,8.0,823532
822713,2026-07-07,home,674841,Andrew Alvarez,5.0,6.0,5.0,6,13,0,0,True,True,False,5.0,824824,6.0,824740,6.0,822968,5.0,824824,5.0,822724,6.0,822968
822713,2026-07-07,away,837227,Tatsuya Imai,2.0,10.0,11.0,12,12,0,0,True,True,False,10.0,824258,10.0,824258,11.0,824179,11.0,824179,8.0,824184,8.0,824184
823607,2026-07-07,home,672335,Cionel Pérez,2.0,,,1,32,0,0,True,True,False,2.0,823608,3.0,824900,,,2.0,823608,,,1.0,823610
823607,2026-07-07,away,607625,Seth Lugo,7.0,3.0,0.0,13,13,0,0,True,True,False,3.0,822961,3.0,822961,0.0,824097,0.0,824097,2.0,824103,2.0,824103
824495,2026-07-07,home,671096,Andrew Abbott,3.0,6.0,6.0,19,19,0,0,True,True,False,6.0,823363,6.0,823363,6.0,823532,6.0,823532,6.0,823289,6.0,823289
824495,2026-07-07,away,554430,Zack Wheeler,10.0,5.0,7.0,10,11,0,0,True,True,False,5.0,823610,5.0,823610,7.0,823449,7.0,823449,9.0,823452,9.0,823452
823687,2026-07-07,home,671737,Taj Bradley,11.0,7.0,4.0,15,15,0,0,True,True,False,7.0,823688,7.0,823688,4.0,825068,4.0,825068,3.0,824267,3.0,824267
823687,2026-07-07,away,676282,Joey Cantillo,4.0,9.0,9.0,18,21,0,0,True,True,False,9.0,824423,4.0,824419,9.0,824180,9.0,824423,7.0,822890,9.0,824180
824579,2026-07-07,home,702273,Noah Schultz,7.0,1.0,6.0,6,9,0,1,True,True,False,1.0,823220,7.0,824818,3.0,824603,1.0,823220,3.0,824036,3.0,824603
824579,2026-07-07,away,801139,Payton Tolle,5.0,7.0,2.0,11,14,0,0,True,True,False,7.0,824743,5.0,824740,2.0,823123,7.0,824743,6.0,824750,2.0,823123
822881,2026-07-07,home,594798,Jacob deGrom,9.0,8.0,9.0,15,16,0,1,True,True,False,8.0,823850,9.0,824418,9.0,822886,8.0,823850,6.0,822890,9.0,822886
822881,2026-07-07,away,667755,José Soriano,9.0,4.0,6.0,15,17,0,1,True,True,False,4.0,824018,9.0,823122,6.0,824990,4.0,824018,2.0,823941,6.0,824990
823280,2026-07-07,home,608566,Germán Márquez,2.0,2.0,5.0,9,12,0,0,True,True,False,2.0,825093,1.0,823935,5.0,824049,2.0,823309,5.0,823316,2.0,825093
823280,2026-07-07,away,668678,Zac Gallen,4.0,0.0,2.0,15,16,0,0,True,True,False,0.0,822962,0.0,822962,2.0,825068,2.0,825068,3.0,823858,3.0,823858
823203,2026-07-07,home,686790,Trevor McDonald,5.0,3.0,1.0,10,13,0,0,True,True,False,3.0,823206,3.0,823206,1.0,823854,1.0,823854,6.0,824670,6.0,824670
823203,2026-07-07,away,693686,Spencer Miles,2.0,2.0,,2,25,0,0,True,True,False,2.0,824832,3.0,822796,2.0,822819,3.0,822799,,,0.0,824663
823929,2026-07-07,home,680736,Justin Wrobleski,11.0,3.0,5.0,11,14,0,1,True,True,False,3.0,823690,11.0,824984,5.0,823939,3.0,823690,4.0,825076,5.0,823939
823929,2026-07-07,away,547179,Michael Lorenzen,1.0,1.0,5.0,18,19,0,0,True,True,False,1.0,824335,1.0,824335,1.0,823689,1.0,823689,5.0,824343,5.0,824343
822970,2026-06-10,home,656876,Drew Rasmussen,9.0,4.0,6.0,12,12,0,0,True,True,False,9.0,823860,9.0,823860,4.0,822975,4.0,822975,6.0,823544,6.0,823544
822970,2026-06-10,away,687562,Jake Bennett,1.0,3.0,,2,3,0,0,True,True,False,2.0,831571,3.0,824772,0.0,831439,2.0,831571,,,0.0,831439
824428,2026-06-10,home,800048,Parker Messick,4.0,4.0,6.0,14,14,0,0,True,True,False,4.0,822892,4.0,822892,4.0,824431,4.0,824431,6.0,823459,6.0,823459
824428,2026-06-10,away,607074,Carlos Rodón,7.0,3.0,7.0,5,5,0,0,True,True,False,7.0,823542,7.0,823542,3.0,825002,3.0,825002,7.0,823545,7.0,823545
823215,2026-06-10,home,592662,Robbie Ray,4.0,6.0,3.0,14,15,0,0,True,True,False,6.0,824354,6.0,824354,3.0,823220,3.0,823220,2.0,823952,2.0,823952
823215,2026-06-10,away,656492,Foster Griffin,4.0,5.0,6.0,14,14,0,0,True,True,False,4.0,825073,4.0,825073,5.0,822731,5.0,822731,6.0,824921,6.0,824921
823287,2026-06-10,home,650633,Michael King,4.0,2.0,4.0,13,14,0,0,True,True,False,4.0,823293,4.0,823293,2.0,822731,2.0,822731,9.0,823301,4.0,823297
823287,2026-06-10,away,663903,Brady Singer,6.0,2.0,6.0,15,16,0,0,True,True,False,6.0,823049,6.0,823049,2.0,824513,2.0,824513,6.0,824436,6.0,824436
824831,2026-06-10,home,687064,Brandon Young,4.0,7.0,4.0,5,6,0,0,True,True,False,7.0,824833,7.0,824833,3.0,822738,4.0,824839,5.0,824844,3.0,822738
824831,2026-06-10,away,669923,George Kirby,5.0,4.0,3.0,13,13,0,0,True,True,False,5.0,823130,5.0,823130,4.0,823135,4.0,823135,3.0,824109,3.0,824109
823372,2026-06-10,home,683003,Jared Jones,4.0,6.0,,2,2,0,0,True,True,False,4.0,824185,4.0,824185,6.0,823377,6.0,823377,,,,
823372,2026-06-10,away,660271,Shohei Ohtani,6.0,7.0,4.0,10,10,0,0,True,True,False,6.0,825077,6.0,825077,7.0,823947,7.0,823947,4.0,823299,4.0,823299
824266,2026-06-10,home,664285,Framber Valdez,5.0,4.0,5.0,14,15,0,0,True,True,False,5.0,824271,5.0,824271,4.0,824593,4.0,824593,3.0,824277,5.0,824839
824266,2026-06-10,away,702474,Mike Paredes,1.0,3.0,,0,2,0,0,True,True,False,,,1.0,823698,,,3.0,823373,,,,
823856,2026-06-10,home,687473,Ryan Gusto,1.0,,,2,5,0,0,True,True,False,1.0,823860,1.0,823860,3.0,831460,3.0,822728,,,1.0,823885
823856,2026-06-10,away,669194,Ryne Nelson,3.0,3.0,3.0,16,16,0,0,True,True,False,3.0,825076,3.0,825076,3.0,823132,3.0,823132,3.0,825081,3.0,825081
822804,2026-06-10,home,453286,Max Scherzer,0.0,1.0,3.0,8,8,0,0,True,True,False,0.0,822827,0.0,822827,1.0,825098,1.0,825098,3.0,822828,3.0,822828
822804,2026-06-10,away,666200,Jesús Luzardo,2.0,6.0,6.0,16,16,0,0,True,True,False,2.0,823455,2.0,823455,6.0,823945,6.0,823945,6.0,823296,6.0,823296
823618,2026-06-10,home,681810,Austin Warren,0.0,,,1,14,0,0,True,True,False,0.0,823131,1.0,823292,,,0.0,823131,,,2.0,823622
823618,2026-06-10,away,669467,Andre Pallante,5.0,3.0,3.0,12,11,0,0,True,True,False,5.0,823051,5.0,823051,3.0,823055,3.0,823055,7.0,823058,7.0,823058
824103,2026-06-10,home,607625,Seth Lugo,4.0,6.0,3.0,10,10,0,0,True,True,False,4.0,823698,4.0,823698,6.0,822893,6.0,822893,3.0,824108,3.0,824108
824103,2026-06-10,away,669022,MacKenzie Gore,5.0,3.0,7.0,14,15,0,0,True,True,False,5.0,823051,5.0,823051,3.0,822894,3.0,822894,7.0,824028,7.0,824028
824590,2026-06-10,home,663436,Davis Martin,2.0,5.0,7.0,14,15,0,0,True,True,False,2.0,823700,2.0,823700,5.0,824595,5.0,824595,7.0,823223,7.0,823223
824590,2026-06-10,away,519242,Chris Sale,6.0,8.0,8.0,12,11,0,0,True,True,False,6.0,824919,6.0,824919,8.0,824757,8.0,824757,8.0,823866,8.0,823866
824348,2026-06-10,home,547179,Michael Lorenzen,5.0,2.0,5.0,13,14,0,0,True,True,False,5.0,824024,5.0,824024,2.0,824353,2.0,824353,5.0,825080,5.0,825080
824348,2026-06-10,away,684007,Shota Imanaga,5.0,2.0,6.0,15,15,0,0,True,True,False,5.0,824672,5.0,824672,2.0,823055,2.0,823055,6.0,824676,6.0,824676
824996,2026-06-10,home,678022,Jack Perkins,6.0,,,2,17,0,0,True,True,False,6.0,824186,6.0,824186,2.0,831943,0.0,825001,,,2.0,825000
824996,2026-06-10,away,687075,Brandon Sproat,2.0,4.0,7.0,10,12,0,0,True,True,False,2.0,824350,2.0,824350,4.0,824190,4.0,824190,7.0,823786,7.0,823786
824022,2026-06-10,home,672282,Reid Detmers,6.0,7.0,14.0,13,13,0,0,True,True,False,6.0,823943,6.0,823943,7.0,822975,7.0,822975,14.0,824028,14.0,824028
824022,2026-06-10,away,663567,Peter Lambert,4.0,3.0,5.0,8,10,0,0,True,True,False,4.0,824186,4.0,824186,3.0,824190,3.0,824190,5.0,824676,5.0,824676
823202,2026-07-08,home,657277,Logan Webb,2.0,6.0,5.0,14,14,0,0,True,True,False,2.0,824336,2.0,824336,6.0,823207,6.0,823207,5.0,823852,5.0,823852
823202,2026-07-08,away,656302,Dylan Cease,9.0,10.0,8.0,15,15,0,0,True,True,False,9.0,823120,9.0,823120,10.0,822794,10.0,822794,8.0,822800,8.0,822800
824815,2026-07-08,home,665152,Dean Kremer,4.0,7.0,9.0,3,5,0,1,True,True,False,7.0,824451,4.0,824818,9.0,824856,7.0,824451,8.0,832062,9.0,824856
824815,2026-07-08,away,607067,Colin Rea,5.0,4.0,3.0,13,18,0,0,True,True,False,4.0,823773,5.0,824660,3.0,824665,4.0,823773,2.0,824347,3.0,824665
824253,2026-07-08,home,675512,Troy Melton,7.0,6.0,5.0,5,6,0,0,True,True,False,6.0,824258,7.0,823530,5.0,824263,6.0,824258,5.0,824267,5.0,824263
824253,2026-07-08,away,605488,Jeffrey Springs,2.0,6.0,4.0,18,18,0,1,True,True,False,6.0,823209,2.0,824984,4.0,824990,6.0,823209,3.0,824998,4.0,824990
823360,2026-07-08,home,683003,Jared Jones,6.0,4.0,3.0,7,7,0,0,True,True,False,6.0,823442,6.0,823442,4.0,823364,4.0,823364,3.0,824343,3.0,824343
823360,2026-07-08,away,656550,Grant Holmes,2.0,4.0,2.0,19,20,0,0,True,True,False,2.0,824904,2.0,824904,4.0,823288,4.0,823207,2.0,824912,4.0,823288
823848,2026-07-08,home,663969,Tyler Phillips,2.0,1.0,4.0,7,24,0,0,True,True,False,2.0,824982,2.0,824982,1.0,823037,1.0,823037,4.0,823851,4.0,823851
823848,2026-07-08,away,669923,George Kirby,7.0,5.0,5.0,17,17,0,0,True,True,False,7.0,823121,7.0,823121,5.0,823365,5.0,823365,5.0,823127,5.0,823127
822957,2026-07-08,home,663556,Shane McClanahan,4.0,4.0,3.0,16,17,0,0,True,True,False,4.0,822963,4.0,822963,3.0,823940,3.0,823940,6.0,823859,6.0,823859
822957,2026-07-08,away,543037,Gerrit Cole,7.0,5.0,5.0,10,10,0,0,True,True,False,7.0,823527,7.0,823527,5.0,824745,5.0,824745,5.0,824261,5.0,824261
822710,2026-07-08,home,656492,Foster Griffin,2.0,9.0,9.0,18,18,0,0,True,True,False,2.0,822714,2.0,822714,9.0,822720,9.0,822720,6.0,822723,6.0,822723
822710,2026-07-08,away,681293,Spencer Arrighetti,4.0,7.0,8.0,11,14,0,0,True,True,False,4.0,824173,4.0,824173,7.0,824255,7.0,824255,8.0,824180,8.0,824180
823605,2026-07-08,home,681035,Christian Scott,7.0,6.0,6.0,8,12,0,0,True,True,False,7.0,824904,7.0,824904,6.0,823609,6.0,823609,3.0,823293,3.0,823293
823605,2026-07-08,away,674444,Steven Cruz,3.0,,,1,28,0,1,True,True,False,3.0,824582,2.0,824089,,,0.0,824093,,,1.0,824096
824496,2026-07-08,home,695505,Chase Burns,4.0,10.0,7.0,20,20,0,0,True,True,False,4.0,823765,4.0,823765,10.0,823364,10.0,823364,7.0,823531,7.0,823531
824496,2026-07-08,away,660604,Alan Rangel,4.0,,,3,6,0,0,True,True,False,4.0,823442,4.0,823442,3.0,831522,4.0,823609,0.0,831532,4.0,822720
823684,2026-07-08,home,687570,Connor Prielipp,10.0,4.0,2.0,10,12,0,0,True,True,False,10.0,823686,10.0,823686,4.0,825069,4.0,825069,7.0,823696,7.0,823696
823684,2026-07-08,away,677944,Slade Cecconi,3.0,4.0,1.0,21,20,0,0,True,True,False,3.0,824416,3.0,824416,4.0,824421,4.0,824421,1.0,824177,1.0,824177
824578,2026-07-08,home,663436,Davis Martin,0.0,3.0,4.0,19,20,0,0,True,True,False,0.0,824416,0.0,824416,3.0,824581,3.0,824581,4.0,824260,4.0,824260
824578,2026-07-08,away,687562,Jake Bennett,6.0,3.0,9.0,6,7,0,0,True,True,False,6.0,824013,6.0,824013,3.0,824745,3.0,824745,9.0,824344,9.0,824344
823032,2026-07-08,home,700241,Michael McGreevy,3.0,4.0,2.0,16,16,0,0,True,True,False,4.0,823039,4.0,823039,2.0,824097,2.0,824097,5.0,823047,5.0,823047
823032,2026-07-08,away,690986,Kyle Harrison,3.0,9.0,7.0,16,18,0,0,True,True,False,3.0,825062,3.0,825062,9.0,823770,9.0,823770,7.0,824909,7.0,824909
822880,2026-07-08,home,669022,MacKenzie Gore,7.0,5.0,6.0,18,20,0,0,True,True,False,5.0,822797,7.0,824419,6.0,822885,5.0,822797,10.0,822887,6.0,822885
822880,2026-07-08,away,700712,Walbert Ureña,6.0,5.0,6.0,14,20,0,0,True,True,False,6.0,823119,6.0,823119,5.0,824014,5.0,824014,6.0,824988,6.0,824988
823928,2026-07-08,home,808963,Roki Sasaki,3.0,2.0,6.0,16,16,0,0,True,True,False,3.0,823935,3.0,823935,2.0,823285,2.0,823285,6.0,823936,6.0,823936
823928,2026-07-08,away,687312,Gabriel Hughes,1.0,,,0,2,0,0,True,True,False,,,1.0,824336,,,1.0,831723,,,,
823279,2026-07-08,home,650633,Michael King,5.0,5.0,5.0,18,19,0,0,True,True,False,5.0,823933,5.0,823933,5.0,823281,5.0,823281,5.0,823288,5.0,823288
823279,2026-07-08,away,703615,Jose Cabrera,3.0,4.0,3.0,2,2,0,0,True,True,False,3.0,825062,3.0,825062,3.0,825067,3.0,825067,,,,
823452,2026-06-15,home,554430,Zack Wheeler,5.0,8.0,4.0,7,8,0,0,True,True,False,5.0,822805,5.0,822805,8.0,823457,8.0,823457,4.0,823946,4.0,823946
823452,2026-06-15,away,687473,Ryan Gusto,4.0,1.0,,3,6,0,0,True,True,False,4.0,823856,4.0,823856,1.0,823860,1.0,823860,3.0,831460,3.0,822728
822724,2026-06-15,home,674841,Andrew Alvarez,4.0,5.0,,3,9,0,0,True,True,False,4.0,823214,4.0,823214,5.0,822727,5.0,822727,5.0,831572,1.0,822732
822724,2026-06-15,away,687765,Mitch Spence,3.0,,,2,4,0,0,True,True,False,0.0,831849,3.0,823558,0.0,831842,0.0,831849,,,0.0,831842
824505,2026-06-15,home,695505,Chase Burns,7.0,9.0,8.0,16,16,0,0,True,True,False,7.0,823290,7.0,823290,9.0,824509,9.0,824509,8.0,823624,8.0,823624
824505,2026-06-15,away,668964,Tobias Myers,0.0,2.0,,3,19,0,0,True,True,False,0.0,823863,0.0,823623,2.0,824691,0.0,823626,2.0,831456,3.0,823625
823046,2026-06-15,home,669160,Dustin May,6.0,9.0,9.0,16,16,0,0,True,True,False,6.0,823620,6.0,823620,9.0,823052,9.0,823052,9.0,823783,9.0,823783
823046,2026-06-15,away,593974,Wandy Peralta,3.0,0.0,0.0,0,26,0,0,True,True,False,,,0.0,823287,,,0.0,823291,,,1.0,823457
824666,2026-06-15,home,684007,Shota Imanaga,7.0,5.0,2.0,16,16,0,0,True,True,False,7.0,824348,7.0,824348,5.0,824672,5.0,824672,2.0,823055,2.0,823055
824666,2026-06-15,away,547179,Michael Lorenzen,7.0,5.0,2.0,14,15,0,0,True,True,False,7.0,824348,7.0,824348,5.0,824024,5.0,824024,2.0,824353,2.0,824353
822887,2026-06-15,home,669022,MacKenzie Gore,6.0,5.0,3.0,15,16,0,0,True,True,False,6.0,824103,6.0,824103,5.0,823051,5.0,823051,3.0,822894,3.0,822894
822887,2026-06-15,away,702474,Mike Paredes,4.0,,,1,3,0,0,True,True,False,4.0,824266,4.0,824266,,,1.0,823698,,,3.0,823373
824181,2026-06-15,home,678906,Kai-Wei Teng,5.0,1.0,7.0,7,22,0,0,True,True,False,5.0,824023,5.0,824023,1.0,824185,1.0,824185,7.0,824191,7.0,824191
824181,2026-06-15,away,623454,Drew Anderson,7.0,,,1,25,0,0,True,True,False,7.0,824273,2.0,824267,,,2.0,824268,,,1.0,824271
825071,2026-06-15,home,669194,Ryne Nelson,2.0,3.0,3.0,17,17,0,0,True,True,False,2.0,823856,2.0,823856,3.0,825076,3.0,825076,3.0,823132,3.0,823132
825071,2026-06-15,away,700712,Walbert Ureña,7.0,7.0,5.0,10,16,0,0,True,True,False,7.0,824023,7.0,824023,7.0,824024,7.0,824024,5.0,822978,5.0,822978
824993,2026-06-15,home,669372,J.T. Ginn,5.0,8.0,4.0,11,17,0,0,True,True,False,5.0,824999,5.0,824999,8.0,824672,8.0,824672,4.0,825000,4.0,825000
824993,2026-06-15,away,683003,Jared Jones,4.0,4.0,6.0,3,3,0,0,True,True,False,4.0,823372,4.0,823372,4.0,824185,4.0,824185,6.0,823377,6.0,823377
823938,2026-06-15,home,641778,Eric Lauer,5.0,1.0,4.0,10,12,0,0,True,True,False,5.0,823374,5.0,823374,1.0,825079,1.0,825079,4.0,823949,4.0,823949
823938,2026-06-15,away,607259,Nick Martinez,2.0,1.0,5.0,15,15,0,0,True,True,False,2.0,822969,2.0,822969,1.0,822973,1.0,822973,5.0,822978,5.0,822978
823359,2026-07-09,home,656605,Mitch Keller,1.0,4.0,4.0,18,19,0,0,True,True,False,1.0,822714,1.0,822714,4.0,823362,4.0,823362,4.0,823365,4.0,823365
823359,2026-07-09,away,693821,Bryce Elder,4.0,6.0,2.0,17,17,0,0,True,True,False,4.0,823207,4.0,823207,6.0,824908,6.0,824908,4.0,824916,4.0,824916
823606,2026-07-09,home,640455,Sean Manaea,4.0,4.0,4.0,7,20,0,0,True,True,False,4.0,824903,4.0,824903,4.0,822792,4.0,822792,4.0,823611,4.0,823611
823606,2026-07-09,away,608379,Michael Wacha,7.0,7.0,5.0,19,20,0,0,True,True,False,7.0,824092,7.0,824092,7.0,824581,7.0,824581,5.0,822964,5.0,822964
822954,2026-07-09,home,656876,Drew Rasmussen,2.0,5.0,5.0,17,17,0,0,True,True,False,2.0,824171,2.0,824171,5.0,822959,5.0,822959,5.0,822964,5.0,822964
822954,2026-07-09,away,621112,Paul Blackburn,0.0,,,2,32,0,0,True,True,False,0.0,823551,1.0,822956,3.0,831632,1.0,823525,,,2.0,823527
824816,2026-07-09,home,669432,Trevor Rogers,4.0,7.0,6.0,17,17,0,0,True,True,False,4.0,824498,4.0,824498,7.0,824824,7.0,824824,6.0,823937,6.0,823937
824816,2026-07-09,away,656849,David Peterson,3.0,2.0,5.0,12,20,0,0,True,True,False,3.0,824659,3.0,824659,2.0,823770,2.0,823770,5.0,823449,5.0,823449
823683,2026-07-09,home,641927,Bailey Ober,3.0,3.0,1.0,14,14,0,0,True,True,False,3.0,823375,3.0,823375,3.0,824759,3.0,824759,1.0,823708,1.0,823708
823683,2026-07-09,away,668909,Gavin Williams,6.0,6.0,8.0,19,18,0,0,True,True,False,6.0,824417,6.0,824417,6.0,824422,6.0,824422,8.0,824585,8.0,824585
824577,2026-07-09,home,641743,Anthony Kay,2.0,2.0,8.0,18,20,0,0,True,True,False,2.0,824417,2.0,824417,2.0,824580,2.0,824580,8.0,824585,8.0,824585
824577,2026-07-09,away,663776,Patrick Sandoval,,,,0,0,0,0,True,True,False,,,,,,,,,,,,
824251,2026-07-09,home,664285,Framber Valdez,1.0,2.0,8.0,19,20,0,0,True,True,False,1.0,822884,1.0,822884,2.0,824257,2.0,824257,8.0,824261,8.0,824261
824251,2026-07-09,away,660761,José Suarez,6.0,,,3,29,0,0,True,True,False,6.0,824942,4.0,824253,6.0,831451,0.0,824983,3.0,831458,0.0,824982
823846,2026-07-09,home,676083,Janson Junk,3.0,3.0,4.0,11,13,0,0,True,True,False,3.0,823866,3.0,823866,4.0,822983,4.0,822983,6.0,823869,6.0,823869
823846,2026-07-09,away,682243,Bryce Miller,8.0,11.0,7.0,7,7,0,0,True,True,False,8.0,823119,8.0,823119,11.0,823366,11.0,823366,7.0,823124,7.0,823124
824494,2026-07-09,home,663903,Brady Singer,6.0,6.0,7.0,20,21,0,0,True,True,False,6.0,824498,6.0,824498,6.0,823362,6.0,823362,7.0,824502,7.0,824502
824494,2026-07-09,away,666200,Jesús Luzardo,9.0,6.0,13.0,21,21,0,0,True,True,False,9.0,824092,9.0,824092,6.0,823608,6.0,823608,13.0,822718,13.0,822718
823034,2026-07-09,home,669467,Andre Pallante,2.0,4.0,2.0,17,16,0,0,True,True,False,2.0,824659,2.0,824659,4.0,823038,4.0,823038,2.0,823040,2.0,823040
823034,2026-07-09,away,701656,Logan Henderson,7.0,7.0,5.0,4,6,0,0,True,True,False,7.0,823788,7.0,823788,7.0,823706,7.0,823706,5.0,823793,5.0,823793
822877,2026-07-09,home,543135,Nathan Eovaldi,9.0,9.0,9.0,17,17,0,0,True,True,False,9.0,822884,9.0,822884,9.0,822796,9.0,822796,9.0,822883,9.0,822883
822877,2026-07-09,away,672282,Reid Detmers,5.0,8.0,4.0,18,18,0,0,True,True,False,5.0,824013,5.0,824013,8.0,824015,8.0,824015,4.0,824987,4.0,824987
823277,2026-07-09,home,656288,Griffin Canning,3.0,6.0,6.0,8,11,0,0,True,True,False,3.0,824662,4.0,823932,6.0,823292,3.0,824662,3.0,822729,2.0,823286
823277,2026-07-09,away,518876,Merrill Kelly,6.0,3.0,2.0,16,16,0,0,True,True,False,6.0,825063,6.0,825063,3.0,822959,3.0,822959,2.0,823040,2.0,823040
823201,2026-07-09,home,687931,Carson Whisenhunt,2.0,,,3,4,0,0,True,True,False,2.0,824913,2.0,824913,6.0,831759,6.0,831759,5.0,831726,5.0,831726
823201,2026-07-09,away,663372,Ryan Feltner,9.0,0.0,2.0,13,14,0,0,True,True,False,9.0,824336,9.0,824336,0.0,823686,0.0,823686,2.0,824344,2.0,824344
823451,2026-06-16,home,666200,Jesús Luzardo,8.0,2.0,6.0,17,17,0,0,True,True,False,8.0,822804,8.0,822804,2.0,823455,2.0,823455,6.0,823945,6.0,823945
823451,2026-06-16,away,663969,Tyler Phillips,5.0,2.0,4.0,3,20,0,0,True,True,False,2.0,823622,3.0,823860,4.0,823861,2.0,823622,3.0,831468,4.0,823861
822723,2026-06-16,home,656492,Foster Griffin,5.0,4.0,5.0,15,15,0,0,True,True,False,5.0,823215,5.0,823215,4.0,825073,4.0,825073,5.0,822731,5.0,822731
822723,2026-06-16,away,608379,Michael Wacha,2.0,2.0,5.0,15,16,0,0,True,True,False,2.0,823699,2.0,823699,5.0,822895,5.0,822895,5.0,824107,5.0,824107
824750,2026-06-16,home,801139,Payton Tolle,3.0,5.0,7.0,8,10,0,0,True,True,False,3.0,822969,3.0,822969,5.0,824755,5.0,824755,7.0,824757,7.0,824757
824750,2026-06-16,away,656302,Dylan Cease,11.0,8.0,9.0,11,11,0,0,True,True,False,11.0,822805,11.0,822805,8.0,822813,8.0,822813,9.0,823548,9.0,823548
823535,2026-06-16,home,543037,Gerrit Cole,4.0,2.0,10.0,6,6,0,0,True,True,False,4.0,824429,4.0,824429,2.0,823540,2.0,823540,10.0,824104,10.0,824104
823535,2026-06-16,away,663436,Davis Martin,6.0,2.0,5.0,15,16,0,0,True,True,False,6.0,824590,6.0,824590,2.0,823700,2.0,823700,5.0,824595,5.0,824595
824504,2026-06-16,home,663903,Brady Singer,5.0,6.0,2.0,16,17,0,0,True,True,False,5.0,823287,5.0,823287,6.0,823049,6.0,823049,2.0,824513,2.0,824513
824504,2026-06-16,away,673540,Kodai Senga,1.0,3.0,3.0,7,6,0,0,True,True,False,3.0,824693,3.0,824693,3.0,823644,3.0,823644,7.0,823238,7.0,823238
824912,2026-06-16,home,656550,Grant Holmes,2.0,2.0,4.0,15,15,0,0,True,True,False,2.0,824591,2.0,824591,4.0,824917,4.0,824917,5.0,824515,10.0,824920
824912,2026-06-16,away,605288,Adrian Houser,2.0,6.0,5.0,12,12,0,0,True,True,False,6.0,823214,6.0,823214,5.0,823779,5.0,823779,4.0,824352,4.0,824352
823775,2026-06-16,home,688107,Robert Gasser,7.0,5.0,4.0,7,7,0,0,True,True,False,7.0,824999,7.0,824999,5.0,823780,5.0,823780,4.0,823787,4.0,823787
823775,2026-06-16,away,677944,Slade Cecconi,7.0,4.0,3.0,17,16,0,0,True,True,False,7.0,824429,7.0,824429,4.0,823542,4.0,823542,3.0,824433,3.0,824433
823045,2026-06-16,home,669467,Andre Pallante,5.0,5.0,3.0,13,12,0,0,True,True,False,5.0,823618,5.0,823618,5.0,823051,5.0,823051,3.0,823055,3.0,823055
823045,2026-06-16,away,650633,Michael King,3.0,4.0,2.0,14,15,0,0,True,True,False,3.0,823287,3.0,823287,4.0,823293,4.0,823293,2.0,822731,2.0,822731
824667,2026-06-16,home,665795,Edward Cabrera,5.0,6.0,2.0,13,13,0,0,True,True,False,2.0,824678,2.0,824678,2.0,824601,2.0,824601,6.0,822905,6.0,822905
824667,2026-06-16,away,663372,Ryan Feltner,3.0,4.0,2.0,9,10,0,0,True,True,False,4.0,824350,4.0,824350,2.0,824352,2.0,824352,3.0,824368,3.0,824368
822888,2026-06-16,home,677958,Kumar Rocker,3.0,5.0,2.0,10,13,0,0,True,True,False,5.0,822892,5.0,822892,2.0,822893,2.0,822893,5.0,822899,5.0,822899
822888,2026-06-16,away,805673,Zebby Matthews,4.0,2.0,7.0,8,8,0,0,True,True,False,2.0,823699,2.0,823699,7.0,823373,7.0,823373,6.0,824598,6.0,824598
824182,2026-06-16,home,686613,Hunter Brown,8.0,9.0,,5,5,0,0,True,True,False,8.0,824212,8.0,824212,9.0,824218,9.0,824218,6.0,831505,6.0,831505
824182,2026-06-16,away,664285,Framber Valdez,2.0,5.0,4.0,15,16,0,0,True,True,False,2.0,824266,2.0,824266,5.0,824271,5.0,824271,4.0,824593,4.0,824593
825070,2026-06-16,home,518876,Merrill Kelly,1.0,4.0,2.0,12,12,0,0,True,True,False,4.0,825073,4.0,825073,2.0,823133,2.0,823133,4.0,823219,4.0,823219
825070,2026-06-16,away,672282,Reid Detmers,9.0,6.0,7.0,14,14,0,0,True,True,False,9.0,824022,9.0,824022,6.0,823943,6.0,823943,7.0,822975,7.0,822975
824991,2026-06-16,home,678022,Jack Perkins,4.0,6.0,,3,18,0,0,True,True,False,4.0,824996,4.0,824996,6.0,824186,6.0,824186,2.0,831943,0.0,825001
824991,2026-06-16,away,656605,Mitch Keller,3.0,4.0,5.0,14,15,0,0,True,True,False,4.0,824914,4.0,824914,5.0,823375,5.0,823375,5.0,822813,5.0,822813
823128,2026-06-16,home,669302,Logan Gilbert,5.0,8.0,6.0,16,16,0,0,True,True,False,5.0,824830,5.0,824830,8.0,823129,8.0,823129,6.0,825003,6.0,825003
823128,2026-06-16,away,687064,Brandon Young,5.0,4.0,7.0,6,7,0,0,True,True,False,5.0,824831,5.0,824831,7.0,824833,7.0,824833,3.0,822738,4.0,824839
823939,2026-06-16,home,680736,Justin Wrobleski,1.0,4.0,9.0,9,11,0,0,True,True,False,4.0,825076,4.0,825076,9.0,823946,9.0,823946,4.0,823788,4.0,823788
823939,2026-06-16,away,656876,Drew Rasmussen,13.0,9.0,4.0,13,13,0,0,True,True,False,13.0,822970,13.0,822970,9.0,823860,9.0,823860,4.0,822975,4.0,822975
824252,2026-07-10,home,656427,Jack Flaherty,5.0,9.0,1.0,17,18,0,1,True,True,False,5.0,822882,5.0,822882,9.0,824256,9.0,824256,7.0,824268,7.0,824268
824252,2026-07-10,away,605400,Aaron Nola,7.0,5.0,5.0,17,17,2,2,True,True,False,7.0,824091,7.0,824091,5.0,823444,5.0,823444,5.0,822719,5.0,822719
822709,2026-07-10,home,687223,Carson Palmquist,3.0,3.0,,2,6,0,0,True,True,False,3.0,822716,0.0,822713,3.0,822719,3.0,822716,,,1.0,824740
822709,2026-07-10,away,677960,Ryan Weathers,6.0,3.0,6.0,19,20,2,2,True,True,False,6.0,823525,6.0,823525,3.0,823529,3.0,823529,6.0,824259,6.0,824259
824817,2026-07-10,home,687064,Brandon Young,5.0,8.0,5.0,8,10,1,1,True,True,False,5.0,824499,5.0,824499,2.0,823128,5.0,823934,5.0,824831,2.0,823128
824817,2026-07-10,away,679883,Luinder Avila,4.0,4.0,6.0,7,13,0,1,True,True,False,4.0,824091,4.0,824091,4.0,824580,4.0,824580,6.0,822963,6.0,822963
824493,2026-07-10,home,668881,Hunter Greene,7.0,,,1,1,0,0,True,True,False,7.0,824499,7.0,824499,,,,,,,,
824493,2026-07-10,away,684007,Shota Imanaga,8.0,4.0,4.0,20,20,0,0,True,True,False,8.0,824658,8.0,824658,4.0,824662,4.0,824662,4.0,823611,4.0,823611
822955,2026-07-10,home,607259,Nick Martinez,3.0,3.0,5.0,19,19,0,0,True,True,False,3.0,824173,3.0,824173,3.0,822962,3.0,822962,5.0,822968,5.0,822968
822955,2026-07-10,away,622491,Luis Castillo,4.0,4.0,4.0,15,18,0,0,True,True,False,4.0,823120,4.0,823120,4.0,824423,4.0,824423,5.0,824268,4.0,823124
823845,2026-07-10,home,645261,Sandy Alcantara,8.0,3.0,4.0,19,19,1,1,True,True,False,8.0,824983,8.0,824983,3.0,824339,3.0,824339,4.0,823849,4.0,823849
823845,2026-07-10,away,800048,Parker Messick,3.0,5.0,10.0,19,19,0,0,True,True,False,3.0,824415,3.0,824415,5.0,824420,5.0,824420,10.0,824584,10.0,824584
823604,2026-07-10,home,690997,Nolan McLean,5.0,7.0,9.0,13,14,1,2,True,True,False,5.0,824902,5.0,824902,9.0,824503,7.0,822793,5.0,823292,9.0,824503
823604,2026-07-10,away,543243,Sonny Gray,7.0,9.0,11.0,18,18,1,1,True,True,False,7.0,824012,7.0,824012,9.0,824744,9.0,824744,11.0,824340,11.0,824340
824575,2026-07-10,home,680732,Sean Burke,11.0,8.0,6.0,15,17,1,1,True,True,False,11.0,824415,11.0,824415,8.0,824822,8.0,824822,6.0,824584,6.0,824584
824575,2026-07-10,away,682052,Jacob Lopez,3.0,2.0,2.0,13,15,0,0,True,True,False,3.0,825001,4.0,824254,2.0,824033,3.0,825001,2.0,825008,3.0,823297
822878,2026-07-10,home,615698,Cal Quantrill,2.0,5.0,1.0,4,17,0,0,True,True,False,2.0,822882,2.0,822882,5.0,822794,5.0,822794,1.0,823849,1.0,823849
822878,2026-07-10,away,686613,Hunter Brown,3.0,4.0,4.0,9,9,1,1,True,True,False,3.0,824171,3.0,824171,4.0,824256,4.0,824256,4.0,822800,4.0,822800
823685,2026-07-10,home,805673,Zebby Matthews,5.0,7.0,5.0,12,12,0,0,True,True,False,5.0,823526,5.0,823526,7.0,824176,7.0,824176,5.0,823692,5.0,823692
823685,2026-07-10,away,680570,Grayson Rodriguez,1.0,6.0,3.0,8,8,0,0,True,True,False,6.0,824025,6.0,824025,3.0,824026,3.0,824026,5.0,824272,5.0,824272
823033,2026-07-10,home,681517,Kyle Leahy,6.0,5.0,3.0,19,18,0,0,True,True,False,6.0,824658,6.0,824658,5.0,823037,5.0,823037,3.0,823043,3.0,823043
823033,2026-07-10,away,519242,Chris Sale,3.0,10.0,7.0,16,15,0,0,True,True,False,3.0,824903,3.0,824903,10.0,823204,10.0,823204,7.0,824909,7.0,824909
823278,2026-07-10,home,676664,JP Sears,5.0,4.0,5.0,2,5,0,1,True,True,False,5.0,823931,5.0,823931,5.0,823284,4.0,824661,,,5.0,823284
823278,2026-07-10,away,669456,Shane Bieber,3.0,4.0,2.0,3,3,0,0,True,True,False,3.0,823118,3.0,823118,4.0,822795,4.0,822795,2.0,822799,2.0,822799
823927,2026-07-10,home,669165,Kyle Hurt,0.0,1.0,3.0,0,33,0,1,True,True,False,,,0.0,823931,,,1.0,823933,,,3.0,824986
823927,2026-07-10,away,593958,Eduardo Rodriguez,3.0,1.0,5.0,16,16,1,1,True,True,False,3.0,825061,3.0,825061,1.0,825065,1.0,825065,5.0,823043,5.0,823043
823200,2026-07-10,home,592662,Robbie Ray,4.0,2.0,6.0,18,21,1,2,True,True,False,4.0,824334,4.0,824334,2.0,823204,2.0,823204,6.0,823210,6.0,823210
823200,2026-07-10,away,685299,Tanner Gordon,7.0,4.0,2.0,3,9,0,1,True,True,False,7.0,824333,7.0,824333,2.0,824354,4.0,824338,4.0,831858,2.0,824354
824503,2026-06-17,home,666157,Nick Lodolo,5.0,3.0,4.0,9,10,0,0,True,True,False,3.0,823048,3.0,823048,4.0,824512,4.0,824512,7.0,823625,7.0,823625
824503,2026-06-17,away,690997,Nolan McLean,6.0,5.0,2.0,11,11,0,0,True,True,False,5.0,823292,5.0,823292,2.0,823621,2.0,823621,6.0,823625,6.0,823625
822721,2026-06-17,home,641793,Zack Littell,0.0,4.0,5.0,10,14,0,0,True,True,False,4.0,825075,4.0,825075,5.0,822729,5.0,822729,3.0,822735,7.0,824437
822721,2026-06-17,away,679883,Luinder Avila,0.0,3.0,5.0,3,9,0,0,True,True,False,3.0,823697,3.0,823697,5.0,824510,5.0,824510,4.0,824132,1.0,824106
823450,2026-06-17,home,691725,Andrew Painter,4.0,3.0,3.0,12,13,0,0,True,True,False,4.0,823454,4.0,823454,3.0,823944,3.0,823944,3.0,823459,3.0,823459
823450,2026-06-17,away,645261,Sandy Alcantara,7.0,7.0,5.0,15,15,0,0,True,True,False,7.0,823857,7.0,823857,5.0,822730,5.0,822730,4.0,822811,4.0,822811
824912,2026-06-17,home,656550,Grant Holmes,2.0,2.0,4.0,15,15,0,0,True,True,False,2.0,824591,2.0,824591,4.0,824917,4.0,824917,5.0,824515,10.0,824920
824912,2026-06-17,away,605288,Adrian Houser,2.0,6.0,5.0,12,12,0,0,True,True,False,6.0,823214,6.0,823214,5.0,823779,5.0,823779,4.0,824352,4.0,824352
824178,2026-06-17,home,663567,Peter Lambert,6.0,4.0,3.0,9,11,0,0,True,True,False,6.0,824022,6.0,824022,4.0,824186,4.0,824186,3.0,824190,3.0,824190
824178,2026-06-17,away,663554,Casey Mize,6.0,4.0,4.0,11,13,0,0,True,True,False,6.0,824270,6.0,824270,4.0,824274,4.0,824274,4.0,824278,4.0,824278
823044,2026-06-17,home,681517,Kyle Leahy,5.0,1.0,4.0,15,14,0,0,True,True,False,1.0,823049,1.0,823049,4.0,823054,4.0,823054,8.0,824516,8.0,824516
823044,2026-06-17,away,699134,Bradgley Rodriguez,1.0,0.0,,1,31,0,0,True,True,False,0.0,823226,2.0,823290,,,0.0,823289,,,1.0,823292
823940,2026-06-17,home,660271,Shohei Ohtani,6.0,6.0,7.0,11,11,0,0,True,True,False,6.0,823372,6.0,823372,6.0,825077,6.0,825077,7.0,823947,7.0,823947
823940,2026-06-17,away,663556,Shane McClanahan,7.0,6.0,3.0,14,15,0,0,True,True,False,6.0,823859,6.0,823859,3.0,822976,3.0,822976,3.0,824838,3.0,824838
825072,2026-06-17,home,593958,Eduardo Rodriguez,3.0,5.0,3.0,12,12,0,0,True,True,False,5.0,825075,5.0,825075,3.0,825078,3.0,825078,6.0,823216,6.0,823216
825072,2026-06-17,away,691951,Sam Aldegheri,4.0,0.0,,0,3,0,0,True,True,False,,,1.0,824025,,,5.0,824026,,,2.0,823560
823536,2026-06-17,home,607074,Carlos Rodón,7.0,7.0,3.0,6,6,0,0,True,True,False,7.0,824428,7.0,824428,7.0,823542,7.0,823542,3.0,825002,3.0,825002
823536,2026-06-17,away,641743,Anthony Kay,7.0,4.0,3.0,14,16,0,0,True,True,False,4.0,823455,4.0,823455,3.0,824593,3.0,824593,5.0,824598,5.0,824598
824913,2026-06-17,home,702275,JR Ritchie,4.0,4.0,2.0,5,6,0,0,True,True,False,4.0,823867,4.0,823867,4.0,824928,4.0,824928,2.0,823143,2.0,823143
824913,2026-06-17,away,687931,Carson Whisenhunt,,,,2,3,0,0,True,True,False,6.0,831759,6.0,831759,5.0,831726,5.0,831726,,,2.0,831760
823774,2026-06-17,home,687075,Brandon Sproat,3.0,2.0,4.0,11,13,0,0,True,True,False,3.0,824996,3.0,824996,2.0,824350,2.0,824350,4.0,824190,4.0,824190
823774,2026-06-17,away,668909,Gavin Williams,5.0,6.0,4.0,15,14,0,0,True,True,False,5.0,824427,5.0,824427,6.0,823540,6.0,823540,4.0,824432,4.0,824432
824668,2026-06-17,home,665871,Javier Assad,5.0,3.0,3.0,3,9,0,0,True,True,False,3.0,824691,5.0,824670,3.0,823481,1.0,824601,3.0,822999,1.0,822904
824668,2026-06-17,away,807743,Sean Sullivan,2.0,,,1,3,0,0,True,True,False,1.0,831869,1.0,831869,,,1.0,831863,,,2.0,831867
824992,2026-06-17,home,650644,Aaron Civale,2.0,2.0,2.0,13,13,0,0,True,True,False,2.0,824032,2.0,824032,2.0,825009,2.0,825009,6.0,824847,6.0,824847
824992,2026-06-17,away,677952,Braxton Ashcraft,4.0,5.0,11.0,14,14,0,0,True,True,False,5.0,824915,5.0,824915,11.0,823373,11.0,823373,5.0,823379,5.0,823379
823127,2026-06-17,home,669923,George Kirby,10.0,5.0,4.0,14,14,0,0,True,True,False,10.0,824831,10.0,824831,5.0,823130,5.0,823130,4.0,823135,4.0,823135
823127,2026-06-17,away,680694,Kyle Bradish,5.0,3.0,4.0,13,13,0,0,True,True,False,3.0,822808,3.0,822808,4.0,824832,4.0,824832,3.0,824838,3.0,824838
823358,2026-07-12,home,694973,Paul Skenes,4.0,5.0,7.0,17,17,1,1,True,True,False,4.0,823361,4.0,823361,7.0,823363,7.0,823363,8.0,824342,8.0,824342
823358,2026-07-12,away,688107,Robert Gasser,4.0,5.0,7.0,11,11,0,0,True,True,False,4.0,823035,4.0,823035,5.0,823771,5.0,823771,7.0,824908,7.0,824908
824814,2026-07-12,home,669358,Shane Baz,,,,18,17,1,1,True,True,False,3.0,824820,3.0,824820,6.0,824822,6.0,824822,5.0,824017,5.0,824017
824814,2026-07-12,away,607625,Seth Lugo,,,,14,14,0,0,True,True,False,4.0,823607,4.0,823607,3.0,822961,3.0,822961,0.0,824097,0.0,824097
822708,2026-07-12,home,676917,Cade Cavalli,3.0,13.0,7.0,18,19,2,3,True,True,False,3.0,822715,3.0,822715,7.0,822717,13.0,824742,1.0,822967,7.0,822717
822708,2026-07-12,away,701542,Will Warren,3.0,7.0,0.0,20,22,0,1,True,True,False,3.0,822956,3.0,822956,0.0,824743,7.0,823530,8.0,823532,0.0,824743
824491,2026-07-12,home,671096,Andrew Abbott,8.0,3.0,6.0,20,20,1,1,True,True,False,8.0,824495,8.0,824495,6.0,823363,6.0,823363,6.0,823532,6.0,823532
824491,2026-07-12,away,571510,Matthew Boyd,7.0,2.0,4.0,6,8,1,2,True,True,False,7.0,824820,7.0,824820,4.0,823612,2.0,824661,5.0,824687,4.0,823612
822951,2026-07-12,home,693855,Ian Seymour,12.0,8.0,4.0,5,31,0,3,True,True,False,12.0,822956,12.0,822956,8.0,824093,8.0,824093,4.0,822967,7.0,822961
822951,2026-07-12,away,676106,Emerson Hancock,5.0,6.0,6.0,14,16,1,1,True,True,False,5.0,823117,5.0,823117,6.0,824422,6.0,824422,6.0,823126,6.0,823126
824250,2026-07-12,home,669373,Tarik Skubal,9.0,9.0,9.0,11,12,1,2,True,True,False,9.0,824254,9.0,824254,9.0,824259,9.0,823528,8.0,824264,9.0,824259
824250,2026-07-12,away,554430,Zack Wheeler,14.0,10.0,5.0,11,12,0,1,True,True,False,14.0,824495,14.0,824495,5.0,823610,5.0,823610,7.0,823449,7.0,823449
823842,2026-07-12,home,663969,Tyler Phillips,3.0,2.0,1.0,8,25,0,0,True,True,False,3.0,823848,3.0,823848,2.0,824982,2.0,824982,1.0,823037,1.0,823037
823842,2026-07-12,away,676282,Joey Cantillo,7.0,4.0,9.0,19,22,3,4,True,True,False,7.0,823687,7.0,823687,9.0,824423,4.0,824419,9.0,824180,9.0,824423
823681,2026-07-12,home,671737,Taj Bradley,,,,16,16,0,0,True,True,False,10.0,823687,10.0,823687,7.0,823688,7.0,823688,4.0,825068,4.0,825068
823681,2026-07-12,away,667755,José Soriano,,,,16,18,1,2,True,True,False,4.0,822881,4.0,822881,4.0,824018,9.0,823122,6.0,824990,4.0,824018
824574,2026-07-12,home,702273,Noah Schultz,3.0,7.0,1.0,7,10,1,3,True,True,False,3.0,824579,3.0,824579,1.0,823220,7.0,824818,3.0,824603,1.0,823220
824574,2026-07-12,away,669372,J.T. Ginn,4.0,4.0,5.0,15,21,0,1,True,True,False,4.0,824254,4.0,824254,5.0,824014,5.0,824014,5.0,824988,5.0,824988
823029,2026-07-12,home,669160,Dustin May,7.0,1.0,2.0,20,20,0,0,True,True,False,7.0,823036,7.0,823036,1.0,824906,1.0,824906,2.0,824095,2.0,824095
823029,2026-07-12,away,664849,Danny Young,1.0,0.0,2.0,0,4,0,0,True,True,False,,,1.0,823033,,,0.0,823359,,,2.0,824902
822876,2026-07-12,home,669022,MacKenzie Gore,7.0,7.0,5.0,19,21,1,2,True,True,False,7.0,822880,7.0,822880,5.0,822797,7.0,824419,6.0,822885,5.0,822797
822876,2026-07-12,away,664299,Cristian Javier,1.0,2.0,1.0,7,9,0,0,True,True,False,1.0,824374,0.0,822710,2.0,825026,4.0,824171,1.0,824213,1.0,824374
823199,2026-07-12,home,686790,Trevor McDonald,0.0,5.0,3.0,11,14,1,1,True,True,False,0.0,823203,0.0,823203,3.0,823206,3.0,823206,1.0,823854,1.0,823854
823199,2026-07-12,away,547179,Michael Lorenzen,5.0,1.0,1.0,19,20,1,1,True,True,False,5.0,823929,5.0,823929,1.0,824335,1.0,824335,1.0,823689,1.0,823689
823925,2026-07-12,home,686218,Emmet Sheehan,5.0,5.0,4.0,14,17,0,1,True,True,False,5.0,823931,5.0,823931,5.0,823281,5.0,823281,2.0,823941,4.0,823934
823925,2026-07-12,away,683352,Mitch Bratt,3.0,,,2,2,0,0,True,True,False,3.0,823041,3.0,823041,2.0,831954,2.0,831954,,,,
823274,2026-07-12,home,608566,Germán Márquez,4.0,2.0,2.0,10,13,0,1,True,True,False,4.0,823280,4.0,823280,2.0,825093,1.0,823935,5.0,824049,2.0,823309
823274,2026-07-12,away,592332,Kevin Gausman,8.0,7.0,4.0,18,19,2,3,True,True,False,8.0,823205,8.0,823205,4.0,822797,7.0,822793,3.0,824663,4.0,822797
824748,2026-06-18,home,543243,Sonny Gray,,,,14,14,0,0,True,True,False,3.0,823538,3.0,823538,7.0,824431,7.0,824431,4.0,824759,4.0,824759
824748,2026-06-18,away,702056,Trey Yesavage,3.0,5.0,4.0,5,5,0,0,True,True,False,4.0,824833,4.0,824833,8.0,823547,8.0,823547,6.0,824280,6.0,824280
823772,2026-06-18,home,675660,Shane Drohan,7.0,4.0,5.0,4,13,0,0,True,True,False,4.0,824349,4.0,824349,5.0,823781,5.0,823781,2.0,824779,1.0,823783
823772,2026-06-18,away,800048,Parker Messick,4.0,4.0,4.0,15,15,0,0,True,True,False,4.0,824428,4.0,824428,4.0,822892,4.0,822892,4.0,824431,4.0,824431
823125,2026-06-18,home,693433,Bryan Woo,4.0,7.0,9.0,13,14,0,0,True,True,False,7.0,824271,7.0,824271,9.0,823132,9.0,823132,4.0,824108,4.0,824108
823125,2026-06-18,away,669358,Shane Baz,1.0,3.0,6.0,14,13,0,0,True,True,False,3.0,822807,3.0,822807,6.0,824754,6.0,824754,9.0,824837,9.0,824837
823448,2026-06-18,home,605400,Aaron Nola,3.0,4.0,8.0,13,13,0,0,True,True,False,4.0,823453,4.0,823453,8.0,823460,8.0,823460,5.0,823294,5.0,823294
823448,2026-06-18,away,640455,Sean Manaea,6.0,,,3,16,0,0,True,True,False,4.0,831463,3.0,823291,4.0,831472,4.0,823131,1.0,831480,6.0,823624
823533,2026-06-18,home,677960,Ryan Weathers,2.0,4.0,10.0,15,16,0,0,True,True,False,4.0,823538,4.0,823538,10.0,825000,10.0,825000,4.0,823544,4.0,823544
823533,2026-06-18,away,663542,Bryan Hudson,0.0,1.0,1.0,2,30,0,0,True,True,False,1.0,823222,0.0,824590,1.0,824611,0.0,823453,,,0.0,823455
824098,2026-06-18,home,702070,Noah Cameron,1.0,7.0,8.0,12,14,0,0,True,True,False,7.0,823696,7.0,823696,8.0,824511,8.0,824511,4.0,824104,4.0,824104
824098,2026-06-18,away,669461,Matthew Liberatore,4.0,4.0,4.0,13,13,0,0,True,True,False,4.0,823048,4.0,823048,4.0,823053,4.0,823053,10.0,823784,10.0,823784
824989,2026-06-18,home,695611,Gage Jump,6.0,3.0,5.0,5,6,0,0,True,True,False,3.0,824183,3.0,824183,5.0,824675,5.0,824675,5.0,825004,5.0,825004
824989,2026-06-18,away,696270,Ryan Johnson,2.0,,,3,9,0,0,True,True,False,2.0,824702,0.0,824033,4.0,831818,2.0,824034,4.0,831828,1.0,824037
823443,2026-07-14,home,650911,Cristopher Sánchez,7.0,1.0,9.0,17,18,1,2,True,True,False,7.0,824249,7.0,824249,1.0,824089,1.0,824089,6.0,822717,9.0,823445
823443,2026-07-14,away,656302,Dylan Cease,11.0,9.0,10.0,16,16,0,0,True,True,False,11.0,823202,11.0,823202,9.0,823120,9.0,823120,10.0,822794,10.0,822794
824663,2026-06-19,home,676962,Ben Brown,3.0,5.0,6.0,8,19,0,0,True,True,False,5.0,824669,5.0,824669,6.0,823054,6.0,823054,7.0,823380,7.0,823380
824663,2026-06-19,away,592332,Kevin Gausman,7.0,5.0,8.0,15,15,0,0,True,True,False,5.0,822807,5.0,822807,8.0,824918,8.0,824918,5.0,822809,5.0,822809
824264,2026-06-19,home,669373,Tarik Skubal,4.0,7.0,5.0,8,8,0,0,True,True,False,5.0,824288,5.0,824288,10.0,824775,10.0,824775,7.0,824293,7.0,824293
824264,2026-06-19,away,685126,Brandon Eisert,1.0,2.0,1.0,3,20,0,0,True,True,False,1.0,824591,2.0,823536,2.0,823454,1.0,824591,1.0,824594,2.0,823454
823534,2026-06-19,home,693645,Cam Schlittler,7.0,5.0,3.0,15,15,0,0,True,True,False,5.0,823537,5.0,823537,3.0,823541,3.0,823541,6.0,824106,6.0,824106
823534,2026-06-19,away,695076,Rhett Lowder,6.0,4.0,1.0,10,11,0,0,True,True,False,4.0,823047,4.0,823047,1.0,824681,1.0,824681,3.0,822994,3.0,822994
822966,2026-06-19,home,643377,Griffin Jax,5.0,4.0,5.0,5,17,0,0,True,True,False,4.0,823857,4.0,823857,5.0,822974,5.0,822974,3.0,824837,3.0,824837
822966,2026-06-19,away,676571,PJ Poulin,0.0,1.0,0.0,8,31,0,0,True,True,False,1.0,824432,0.0,822721,0.0,824437,1.0,824432,2.0,822742,0.0,824437
823853,2026-06-19,home,669199,Lake Bachar,,,,2,24,0,0,True,True,False,3.0,823859,0.0,823451,3.0,822728,3.0,823856,,,3.0,823859
823853,2026-06-19,away,694738,Landen Roupp,,,,15,14,0,0,True,True,False,5.0,824669,5.0,824669,4.0,823781,4.0,823781,7.0,823219,7.0,823219
824910,2026-06-19,home,527048,Martín Pérez,4.0,5.0,2.0,9,15,0,0,True,True,False,5.0,824914,5.0,824914,2.0,824513,2.0,824513,2.0,824921,2.0,824921
824910,2026-06-19,away,694819,Jacob Misiorowski,15.0,8.0,8.0,13,16,0,0,True,True,False,8.0,824351,8.0,824351,8.0,824187,8.0,824187,12.0,823784,12.0,823784
822886,2026-06-19,home,594798,Jacob deGrom,5.0,6.0,8.0,13,13,0,0,True,True,False,6.0,822890,6.0,822890,8.0,823050,8.0,823050,6.0,822897,6.0,822897
822886,2026-06-19,away,681190,Randy Vásquez,5.0,3.0,3.0,15,16,0,0,True,True,False,3.0,823291,3.0,823291,3.0,823460,3.0,823460,2.0,823294,2.0,823294
824179,2026-06-19,home,837227,Tatsuya Imai,1.0,8.0,5.0,10,10,0,0,True,True,False,8.0,824184,8.0,824184,5.0,824187,5.0,824187,2.0,822899,2.0,822899
824179,2026-06-19,away,676440,Tanner Bibee,8.0,3.0,5.0,17,15,0,0,True,True,False,3.0,822891,3.0,822891,5.0,824430,3.0,824437,3.0,824437,5.0,824273
824097,2026-06-19,home,607625,Seth Lugo,2.0,4.0,6.0,11,11,0,0,True,True,False,2.0,824103,2.0,824103,4.0,823698,4.0,823698,6.0,822893,6.0,822893
824097,2026-06-19,away,700241,Michael McGreevy,2.0,5.0,1.0,14,14,0,0,True,True,False,5.0,823047,5.0,823047,1.0,823050,1.0,823050,6.0,823785,6.0,823785
824345,2026-06-19,home,607536,Kyle Freeland,4.0,2.0,4.0,15,15,0,0,True,True,False,2.0,824349,2.0,824349,4.0,824027,4.0,824027,4.0,823949,4.0,823949
824345,2026-06-19,away,696149,Bubba Chandler,6.0,3.0,5.0,12,13,0,0,True,True,False,3.0,824189,7.0,824916,5.0,823376,3.0,824189,11.0,822816,5.0,823376
824990,2026-06-19,home,605488,Jeffrey Springs,5.0,3.0,3.0,16,15,0,0,True,True,False,3.0,824998,3.0,824998,3.0,824671,7.0,825003,7.0,825003,3.0,823298
824990,2026-06-19,away,667755,José Soriano,5.0,2.0,7.0,13,14,0,0,True,True,False,2.0,823941,2.0,823941,7.0,824027,7.0,824027,4.0,824270,4.0,824270
825069,2026-06-19,home,647336,Michael Soroka,7.0,6.0,6.0,15,15,0,0,True,True,False,6.0,825074,6.0,825074,6.0,825079,6.0,825079,3.0,823217,3.0,823217
825069,2026-06-19,away,687570,Connor Prielipp,2.0,7.0,7.0,8,10,0,0,True,True,False,7.0,823696,7.0,823696,7.0,823700,7.0,823700,5.0,824596,5.0,824596
823936,2026-06-19,home,808963,Roki Sasaki,4.0,10.0,7.0,13,13,0,0,True,True,False,10.0,823943,10.0,823943,7.0,823945,7.0,823945,4.0,823787,4.0,823787
823936,2026-06-19,away,694346,Trey Gibson,7.0,0.0,1.0,4,5,0,0,True,True,False,0.0,824829,0.0,824829,1.0,824836,1.0,824836,2.0,823555,2.0,824846
823124,2026-06-19,home,682243,Bryce Miller,7.0,9.0,6.0,4,4,0,0,True,True,False,9.0,824269,9.0,824269,6.0,823133,6.0,823133,7.0,823136,7.0,823136
823124,2026-06-19,away,624133,Ranger Suarez,7.0,6.0,10.0,13,12,0,0,True,True,False,6.0,823537,6.0,823537,10.0,824430,4.0,824758,4.0,824758,3.0,824112
823440,2026-07-16,home,605400,Aaron Nola,8.0,7.0,5.0,18,18,2,2,True,True,False,8.0,824252,8.0,824252,7.0,824091,7.0,824091,5.0,823444,5.0,823444
823440,2026-07-16,away,681035,Christian Scott,5.0,7.0,6.0,9,13,0,1,True,True,False,5.0,823605,5.0,823605,7.0,824904,7.0,824904,6.0,823609,6.0,823609
824737,2026-07-17,home,700842,Eduardo Rivera,3.0,,,1,3,1,1,True,True,False,3.0,823603,3.0,823603,,,3.0,824774,,,0.0,831602
824737,2026-07-17,away,669438,Mason Englert,9.0,2.0,,3,15,0,1,True,True,False,9.0,824172,9.0,824172,2.0,822999,3.0,822973,2.0,831577,3.0,824768
823524,2026-07-17,home,543037,Gerrit Cole,6.0,7.0,5.0,11,11,0,0,True,True,False,6.0,822957,6.0,822957,7.0,823527,7.0,823527,5.0,824745,5.0,824745
823524,2026-07-17,away,808963,Roki Sasaki,5.0,3.0,2.0,17,17,1,1,True,True,False,5.0,823928,5.0,823928,3.0,823935,3.0,823935,2.0,823285,2.0,823285
824901,2026-07-17,home,519242,Chris Sale,5.0,3.0,10.0,17,16,0,0,True,True,False,5.0,823033,5.0,823033,3.0,824903,3.0,824903,10.0,823204,10.0,823204
824901,2026-07-17,away,615698,Cal Quantrill,1.0,2.0,5.0,5,18,0,0,True,True,False,1.0,822878,1.0,822878,2.0,822882,2.0,822882,5.0,822794,5.0,822794
822789,2026-07-17,home,693686,Spencer Miles,1.0,2.0,2.0,3,27,0,2,True,True,False,1.0,823203,1.0,823276,2.0,824832,1.0,823203,2.0,822819,3.0,822796
822789,2026-07-17,away,641743,Anthony Kay,4.0,2.0,2.0,19,21,0,0,True,True,False,4.0,824577,4.0,824577,2.0,824417,2.0,824417,2.0,824580,2.0,824580
823766,2026-07-17,home,701656,Logan Henderson,4.0,7.0,7.0,5,7,0,0,True,True,False,4.0,823034,4.0,823034,7.0,823788,7.0,823788,7.0,823706,7.0,823706
823766,2026-07-17,away,645261,Sandy Alcantara,8.0,8.0,3.0,20,20,1,1,True,True,False,8.0,823845,8.0,823845,8.0,824983,8.0,824983,3.0,824339,3.0,824339
824655,2026-07-17,home,607067,Colin Rea,2.0,5.0,4.0,14,19,0,2,True,True,False,2.0,824815,2.0,824815,4.0,823773,5.0,824660,3.0,824665,4.0,823773
824655,2026-07-17,away,641927,Bailey Ober,5.0,3.0,3.0,15,15,0,0,True,True,False,5.0,823683,5.0,823683,3.0,823375,3.0,823375,3.0,824759,3.0,824759
824170,2026-07-17,home,663567,Peter Lambert,7.0,6.0,4.0,14,16,2,2,True,True,False,7.0,822875,7.0,822875,6.0,824172,6.0,824172,4.0,824176,4.0,824176
824170,2026-07-17,away,665152,Dean Kremer,4.0,4.0,7.0,4,6,0,1,True,True,False,4.0,824815,4.0,824815,7.0,824451,4.0,824818,9.0,824856,7.0,824451
824090,2026-07-17,home,607625,Seth Lugo,6.0,4.0,7.0,15,14,0,0,True,True,False,6.0,824814,4.0,823607,4.0,823607,3.0,822961,3.0,822961,0.0,824097
824090,2026-07-17,away,650633,Michael King,4.0,5.0,5.0,19,20,1,1,True,True,False,4.0,823279,4.0,823279,5.0,823933,5.0,823933,5.0,823281,5.0,823281
824332,2026-07-17,home,687312,Gabriel Hughes,7.0,,,1,3,0,0,True,True,False,7.0,823928,7.0,823928,,,1.0,824336,,,1.0,831723
824332,2026-07-17,away,663903,Brady Singer,5.0,6.0,6.0,21,22,1,2,True,True,False,5.0,824494,5.0,824494,6.0,824498,6.0,824498,6.0,823362,6.0,823362
824009,2026-07-17,home,672282,Reid Detmers,6.0,5.0,8.0,19,19,1,1,True,True,False,6.0,822877,6.0,822877,5.0,824013,5.0,824013,8.0,824015,8.0,824015
824009,2026-07-17,away,675512,Troy Melton,9.0,7.0,6.0,6,7,0,0,True,True,False,9.0,824253,9.0,824253,6.0,824258,7.0,823530,5.0,824263,6.0,824258
824981,2026-07-17,home,695611,Gage Jump,7.0,1.0,5.0,10,11,2,2,True,True,False,7.0,824576,7.0,824576,1.0,824980,1.0,824980,5.0,824986,5.0,824986
824981,2026-07-17,away,676917,Cade Cavalli,5.0,3.0,13.0,19,20,2,3,True,True,False,5.0,822708,5.0,822708,3.0,822715,3.0,822715,7.0,822717,13.0,824742
825060,2026-07-17,home,518876,Merrill Kelly,6.0,6.0,3.0,17,17,1,1,True,True,False,6.0,823277,6.0,823277,6.0,825063,6.0,825063,3.0,822959,3.0,822959
825060,2026-07-17,away,700241,Michael McGreevy,6.0,3.0,4.0,17,17,2,2,True,True,False,6.0,823032,6.0,823032,4.0,823039,4.0,823039,2.0,824097,2.0,824097
823115,2026-07-17,home,682243,Bryce Miller,3.0,8.0,11.0,8,8,0,0,True,True,False,3.0,823846,3.0,823846,8.0,823119,8.0,823119,11.0,823366,11.0,823366
823115,2026-07-17,away,694738,Landen Roupp,5.0,4.0,6.0,18,17,0,1,True,True,False,5.0,823205,5.0,823205,6.0,823209,4.0,825066,7.0,823853,6.0,823209
824263,2026-06-20,home,675512,Troy Melton,5.0,5.0,1.0,3,3,0,0,True,True,False,5.0,824267,5.0,824267,5.0,822973,5.0,822973,1.0,824594,1.0,824594
824263,2026-06-20,away,656794,Sean Newcomb,0.0,4.0,1.0,1,28,0,0,True,True,False,1.0,831772,0.0,823536,,,1.0,824590,,,3.0,823454
823532,2026-06-20,home,701542,Will Warren,1.0,5.0,5.0,17,18,0,0,True,True,False,5.0,824427,5.0,824427,5.0,825001,5.0,825001,3.0,824107,3.0,824107
823532,2026-06-20,away,671096,Andrew Abbott,5.0,6.0,5.0,17,17,0,0,True,True,False,6.0,823289,6.0,823289,5.0,824511,5.0,824511,4.0,823626,4.0,823626
824665,2026-06-20,home,607067,Colin Rea,2.0,3.0,5.0,11,15,0,0,True,True,False,2.0,824347,2.0,824347,3.0,824671,5.0,823378,5.0,823378,4.0,824674
824665,2026-06-20,away,571578,Patrick Corbin,3.0,3.0,1.0,9,10,0,0,True,True,False,3.0,822806,3.0,822806,1.0,824917,1.0,824917,4.0,824834,4.0,824834
822885,2026-06-20,home,669022,MacKenzie Gore,10.0,6.0,5.0,16,17,0,0,True,True,False,10.0,822887,10.0,822887,6.0,824103,6.0,824103,5.0,823051,5.0,823051
822885,2026-06-20,away,621111,Walker Buehler,5.0,4.0,6.0,15,15,0,0,True,True,False,4.0,823289,4.0,823289,6.0,823456,6.0,823456,2.0,823295,2.0,823295
822967,2026-06-20,home,693855,Ian Seymour,5.0,2.0,,2,27,0,0,True,True,False,5.0,822972,5.0,822972,2.0,822983,1.0,822971,,,1.0,822975
822967,2026-06-20,away,676917,Cade Cavalli,5.0,2.0,6.0,15,15,0,0,True,True,False,2.0,825074,2.0,825074,6.0,822730,6.0,822730,7.0,824434,7.0,824434
823854,2026-06-20,home,676974,Max Meyer,9.0,5.0,7.0,13,13,0,0,True,True,False,5.0,823858,5.0,823858,7.0,822727,7.0,822727,6.0,823623,6.0,823623
823854,2026-06-20,away,686790,Trevor McDonald,4.0,6.0,4.0,8,11,0,0,True,True,False,6.0,824670,6.0,824670,4.0,823782,4.0,823782,6.0,823217,6.0,823217
824909,2026-06-20,home,519242,Chris Sale,6.0,6.0,8.0,13,12,0,0,True,True,False,6.0,824590,6.0,824590,6.0,824919,6.0,824919,8.0,824757,8.0,824757
824909,2026-06-20,away,690986,Kyle Harrison,3.0,4.0,12.0,13,15,0,0,True,True,False,4.0,824998,4.0,824998,12.0,823782,12.0,823782,2.0,823785,2.0,823785
824180,2026-06-20,home,681293,Spencer Arrighetti,7.0,7.0,3.0,8,11,0,0,True,True,False,7.0,824025,7.0,824025,3.0,824188,3.0,824188,3.0,822896,3.0,822896
824180,2026-06-20,away,676282,Joey Cantillo,4.0,7.0,4.0,16,18,0,0,True,True,False,7.0,822890,7.0,822890,4.0,823541,4.0,823541,1.0,824434,1.0,824434
823447,2026-06-20,home,650911,Cristopher Sánchez,3.0,10.0,8.0,13,13,0,0,True,True,False,10.0,822806,10.0,822806,8.0,823456,8.0,823456,9.0,823295,9.0,823295
823447,2026-06-20,away,642547,Freddy Peralta,2.0,5.0,6.0,13,13,0,0,True,True,False,5.0,823620,5.0,823620,6.0,823130,6.0,823130,5.0,823623,5.0,823623
824342,2026-06-20,home,608372,Tomoyuki Sugano,2.0,3.0,5.0,14,14,0,0,True,True,False,3.0,824347,3.0,824347,5.0,824026,5.0,824026,3.0,823947,3.0,823947
824342,2026-06-20,away,694973,Paul Skenes,10.0,7.0,7.0,14,14,0,0,True,True,False,7.0,823374,7.0,823374,7.0,824188,7.0,824188,10.0,823378,10.0,823378
824988,2026-06-20,home,669372,J.T. Ginn,3.0,5.0,8.0,12,18,0,0,True,True,False,3.0,824993,3.0,824993,5.0,824999,5.0,824999,8.0,824672,8.0,824672
824988,2026-06-20,away,700712,Walbert Ureña,3.0,7.0,7.0,11,17,0,0,True,True,False,3.0,825071,3.0,825071,7.0,824023,7.0,824023,7.0,824024,7.0,824024
823937,2026-06-20,home,808967,Yoshinobu Yamamoto,7.0,4.0,10.0,10,10,0,0,True,True,False,4.0,823942,4.0,823942,10.0,823944,10.0,823944,3.0,823786,3.0,823786
823937,2026-06-20,away,669432,Trevor Rogers,4.0,3.0,3.0,14,14,0,0,True,True,False,3.0,824830,3.0,824830,3.0,824753,3.0,824753,3.0,824835,3.0,824835
823126,2026-06-20,home,676106,Emerson Hancock,2.0,3.0,7.0,11,13,0,0,True,True,False,3.0,824829,3.0,824829,7.0,823131,7.0,823131,3.0,825004,3.0,825004
823126,2026-06-20,away,813349,Connelly Early,3.0,6.0,6.0,14,14,0,0,True,True,False,6.0,822972,6.0,822972,6.0,824754,6.0,824754,7.0,824756,7.0,824756
825068,2026-06-20,home,668678,Zac Gallen,4.0,3.0,1.0,13,14,0,0,True,True,False,3.0,823858,3.0,823858,1.0,825077,1.0,825077,2.0,823135,2.0,823135
825068,2026-06-20,away,671737,Taj Bradley,7.0,3.0,5.0,13,13,0,0,True,True,False,3.0,824267,3.0,824267,5.0,823701,5.0,823701,6.0,823377,6.0,823377
823531,2026-06-21,home,695684,Elmer Rodríguez,1.0,2.0,3.0,2,2,0,0,True,True,False,1.0,823628,1.0,823628,2.0,831439,2.0,831439,,,,
823531,2026-06-21,away,695505,Chase Burns,7.0,7.0,9.0,17,17,0,0,True,True,False,7.0,824505,7.0,824505,7.0,823290,7.0,823290,9.0,824509,9.0,824509
824908,2026-06-21,home,693821,Bryce Elder,2.0,4.0,6.0,15,15,0,0,True,True,False,4.0,824916,4.0,824916,6.0,824918,6.0,824918,1.0,824756,1.0,824756
824908,2026-06-21,away,688107,Robert Gasser,5.0,7.0,5.0,8,8,0,0,True,True,False,5.0,823775,5.0,823775,7.0,824999,7.0,824999,5.0,823780,5.0,823780
822968,2026-06-21,home,607259,Nick Martinez,6.0,2.0,1.0,16,16,0,0,True,True,False,6.0,823938,6.0,823938,2.0,822969,2.0,822969,1.0,822973,1.0,822973
822968,2026-06-21,away,674841,Andrew Alvarez,5.0,4.0,5.0,4,10,0,0,True,True,False,5.0,822724,5.0,822724,4.0,823214,4.0,823214,5.0,822727,5.0,822727
824260,2026-06-21,home,672456,Keider Montero,4.0,1.0,4.0,10,12,0,0,True,True,False,1.0,824269,2.0,824182,4.0,824592,1.0,824269,7.0,824275,4.0,824592
824260,2026-06-21,away,663436,Davis Martin,4.0,6.0,2.0,16,17,0,0,True,True,False,4.0,823535,4.0,823535,6.0,824590,6.0,824590,2.0,823700,2.0,823700
823852,2026-06-21,home,687473,Ryan Gusto,1.0,4.0,1.0,4,7,0,0,True,True,False,1.0,823452,1.0,823452,4.0,823856,4.0,823856,1.0,823860,1.0,823860
823852,2026-06-21,away,657277,Logan Webb,7.0,7.0,4.0,11,11,0,0,True,True,False,7.0,823218,7.0,823218,4.0,823780,4.0,823780,5.0,824353,5.0,824353
824177,2026-06-21,home,678906,Kai-Wei Teng,9.0,5.0,1.0,8,23,0,0,True,True,False,9.0,824181,9.0,824181,5.0,824023,5.0,824023,1.0,824185,1.0,824185
824177,2026-06-21,away,677944,Slade Cecconi,4.0,7.0,4.0,18,17,0,0,True,True,False,4.0,823775,4.0,823775,7.0,824429,7.0,824429,4.0,823542,4.0,823542
824095,2026-06-21,home,663568,Stephen Kolek,4.0,3.0,8.0,5,5,0,0,True,True,False,3.0,824105,3.0,824105,8.0,824509,8.0,824509,5.0,822894,5.0,822894
824095,2026-06-21,away,669160,Dustin May,9.0,6.0,9.0,17,17,0,0,True,True,False,9.0,823046,9.0,823046,6.0,823620,6.0,823620,9.0,823052,9.0,823052
822883,2026-06-21,home,543135,Nathan Eovaldi,6.0,3.0,7.0,14,14,0,0,True,True,False,3.0,824105,3.0,824105,7.0,823052,7.0,823052,6.0,822896,6.0,822896
822883,2026-06-21,away,593974,Wandy Peralta,1.0,,,1,29,0,0,True,True,False,1.0,823046,0.0,822886,,,0.0,823045,,,1.0,823046
824343,2026-06-21,home,547179,Michael Lorenzen,5.0,7.0,5.0,15,16,0,0,True,True,False,5.0,824666,5.0,824666,7.0,824348,7.0,824348,5.0,824024,5.0,824024
824343,2026-06-21,away,683003,Jared Jones,4.0,4.0,4.0,4,4,0,0,True,True,False,4.0,824993,4.0,824993,4.0,823372,4.0,823372,4.0,824185,4.0,824185
825067,2026-06-21,home,703615,Jose Cabrera,,,,0,0,0,0,True,True,False,,,,,,,,,,,,
825067,2026-06-21,away,702474,Mike Paredes,2.0,4.0,,2,4,0,0,True,True,False,2.0,822887,2.0,822887,4.0,824266,4.0,824266,,,1.0,823698
824987,2026-06-21,home,678022,Jack Perkins,6.0,4.0,6.0,4,19,0,0,True,True,False,6.0,824991,6.0,824991,4.0,824996,4.0,824996,6.0,824186,6.0,824186
824987,2026-06-21,away,672282,Reid Detmers,3.0,9.0,6.0,15,15,0,0,True,True,False,3.0,825070,3.0,825070,9.0,824022,9.0,824022,6.0,823943,6.0,823943
823123,2026-06-21,home,669302,Logan Gilbert,10.0,5.0,8.0,17,17,0,0,True,True,False,10.0,823128,10.0,823128,5.0,824830,5.0,824830,8.0,823129,8.0,823129
823123,2026-06-21,away,801139,Payton Tolle,6.0,3.0,5.0,9,11,0,0,True,True,False,6.0,824750,6.0,824750,3.0,822969,3.0,822969,5.0,824755,5.0,824755
823449,2026-06-21,home,554430,Zack Wheeler,9.0,5.0,8.0,8,9,0,0,True,True,False,9.0,823452,9.0,823452,5.0,822805,5.0,822805,8.0,823457,8.0,823457
823449,2026-06-21,away,656849,David Peterson,4.0,3.0,5.0,9,17,0,0,True,True,False,4.0,823624,1.0,824505,3.0,822733,1.0,823618,6.0,823646,3.0,823621
824412,2026-07-18,home,671106,Logan Allen,7.0,,,2,3,0,0,True,True,False,2.0,831743,7.0,824437,3.0,831877,2.0,831743,,,3.0,831877
824412,2026-07-18,away,682254,Mason Montgomery,2.0,3.0,1.0,3,40,0,4,True,True,False,2.0,824916,2.0,823356,3.0,823383,2.0,823360,1.0,823399,1.0,822715
824657,2026-07-18,home,571510,Matthew Boyd,3.0,7.0,2.0,7,9,2,3,True,True,False,3.0,824491,3.0,824491,7.0,824820,7.0,824820,4.0,823612,2.0,824661
824657,2026-07-18,away,671737,Taj Bradley,6.0,10.0,11.0,17,16,0,0,True,True,False,6.0,823681,10.0,823687,10.0,823687,7.0,823688,7.0,823688,4.0,825068
823441,2026-07-18,home,666200,Jesús Luzardo,11.0,9.0,6.0,22,23,0,0,True,True,False,11.0,824494,1.0,823443,9.0,824092,11.0,824494,6.0,823608,9.0,824092
823441,2026-07-18,away,640455,Sean Manaea,6.0,4.0,4.0,8,21,0,1,True,True,False,6.0,823606,6.0,823606,4.0,824903,4.0,824903,4.0,822792,4.0,822792
822790,2026-07-18,home,669456,Shane Bieber,4.0,3.0,4.0,4,4,0,0,True,True,False,4.0,823278,4.0,823278,3.0,823118,3.0,823118,4.0,822795,4.0,822795
822790,2026-07-18,away,663436,Davis Martin,2.0,0.0,3.0,20,21,0,0,True,True,False,2.0,824578,2.0,824578,0.0,824416,0.0,824416,3.0,824581,3.0,824581
824331,2026-07-18,home,608372,Tomoyuki Sugano,2.0,5.0,2.0,16,16,0,0,True,True,False,2.0,823688,2.0,823688,5.0,824342,5.0,824342,3.0,824347,3.0,824347
824331,2026-07-18,away,695076,Rhett Lowder,8.0,6.0,5.0,12,17,0,1,True,True,False,6.0,824500,1.0,824491,5.0,823534,2.0,824496,4.0,823047,0.0,824499
824169,2026-07-18,home,681293,Spencer Arrighetti,2.0,4.0,7.0,12,15,0,0,True,True,False,2.0,822710,2.0,822710,4.0,824173,4.0,824173,7.0,824255,7.0,824255
824169,2026-07-18,away,669432,Trevor Rogers,4.0,4.0,7.0,18,18,2,2,True,True,False,4.0,824816,4.0,824816,4.0,824498,4.0,824498,7.0,824824,7.0,824824
824088,2026-07-18,home,677976,Randy Dobnak,2.0,2.0,,1,5,0,0,True,True,False,2.0,831755,2.0,823605,,,2.0,824093,,,2.0,831755
824088,2026-07-18,away,656288,Griffin Canning,5.0,3.0,6.0,9,12,0,0,True,True,False,5.0,823277,5.0,823277,3.0,824662,4.0,823932,6.0,823292,3.0,824662
825059,2026-07-18,home,694297,Brandon Pfaadt,2.0,6.0,2.0,8,17,1,2,True,True,False,2.0,823926,2.0,823926,6.0,823282,6.0,823282,6.0,823480,2.0,825066
825059,2026-07-18,away,669160,Dustin May,4.0,7.0,1.0,21,21,0,0,True,True,False,4.0,823029,4.0,823029,7.0,823036,7.0,823036,1.0,824906,1.0,824906
824738,2026-07-18,home,663776,Patrick Sandoval,5.0,,,1,1,0,0,True,True,False,5.0,824577,5.0,824577,,,,,,,,
824738,2026-07-18,away,693855,Ian Seymour,3.0,12.0,8.0,6,32,0,4,True,True,False,3.0,822951,3.0,822951,12.0,822956,12.0,822956,8.0,824093,8.0,824093
824899,2026-07-18,home,702566,Owen Murphy,3.0,1.0,,0,3,0,1,True,True,False,,,3.0,823030,,,1.0,824900,,,3.0,831527
824899,2026-07-18,away,669022,MacKenzie Gore,4.0,7.0,7.0,20,22,2,3,True,True,False,4.0,822876,4.0,822876,7.0,822880,7.0,822880,5.0,822797,7.0,824419
823763,2026-07-18,home,675660,Shane Drohan,6.0,2.0,7.0,8,17,1,1,True,True,False,6.0,823356,6.0,823356,2.0,823036,2.0,823036,5.0,824500,5.0,824500
823763,2026-07-18,away,676974,Max Meyer,4.0,5.0,5.0,16,16,1,1,True,True,False,4.0,823847,4.0,823847,5.0,823039,5.0,823039,7.0,823854,7.0,823854
823116,2026-07-18,home,693433,Bryan Woo,5.0,5.0,4.0,16,18,1,3,True,True,False,5.0,823847,5.0,823847,4.0,823367,5.0,823122,9.0,823125,4.0,823367
823116,2026-07-18,away,657277,Logan Webb,2.0,2.0,6.0,15,15,0,0,True,True,False,2.0,823202,2.0,823202,2.0,824336,2.0,824336,6.0,823207,6.0,823207
824979,2026-07-18,home,669372,J.T. Ginn,7.0,4.0,4.0,16,22,0,1,True,True,False,7.0,824574,7.0,824574,4.0,824254,4.0,824254,5.0,824014,5.0,824014
824979,2026-07-18,away,641793,Zack Littell,3.0,2.0,0.0,12,19,0,0,True,True,False,3.0,824821,5.0,822709,2.0,822721,3.0,822716,4.0,825075,3.0,824821
824008,2026-07-18,home,680570,Grayson Rodriguez,0.0,1.0,6.0,9,9,0,0,True,True,False,0.0,823685,0.0,823685,6.0,824025,6.0,824025,3.0,824026,3.0,824026
824008,2026-07-18,away,669373,Tarik Skubal,5.0,9.0,9.0,12,13,1,2,True,True,False,5.0,824250,5.0,824250,9.0,824254,9.0,824254,9.0,824259,9.0,823528
824261,2026-06-22,home,664285,Framber Valdez,6.0,2.0,5.0,16,17,0,0,True,True,False,6.0,824182,6.0,824182,2.0,824266,2.0,824266,5.0,824271,5.0,824271
824261,2026-06-22,away,543037,Gerrit Cole,6.0,4.0,2.0,7,7,0,0,True,True,False,6.0,823535,6.0,823535,4.0,824429,4.0,824429,2.0,823540,2.0,823540
822964,2026-06-22,home,656876,Drew Rasmussen,7.0,13.0,9.0,14,14,0,0,True,True,False,7.0,823939,7.0,823939,13.0,822970,13.0,822970,9.0,823860,9.0,823860
822964,2026-06-22,away,608379,Michael Wacha,3.0,2.0,2.0,16,17,0,0,True,True,False,3.0,822723,3.0,822723,2.0,823699,2.0,823699,5.0,822895,5.0,822895
823851,2026-06-22,home,663969,Tyler Phillips,4.0,5.0,2.0,4,21,0,0,True,True,False,4.0,823451,4.0,823451,2.0,823622,3.0,823860,4.0,823861,2.0,823622
823851,2026-06-22,away,641302,Tyler Alexander,1.0,,,1,33,0,0,True,True,False,1.0,824356,0.0,822885,,,1.0,822888,,,1.0,824103
822720,2026-06-22,home,656492,Foster Griffin,6.0,5.0,4.0,16,16,0,0,True,True,False,6.0,822723,6.0,822723,5.0,823215,5.0,823215,4.0,825073,4.0,825073
822720,2026-06-22,away,641835,Tim Mayza,2.0,,,1,29,0,0,True,True,False,4.0,831551,3.0,823450,,,1.0,823452,,,0.0,823453
822800,2026-06-22,home,656302,Dylan Cease,7.0,11.0,8.0,12,12,0,0,True,True,False,7.0,824750,7.0,824750,11.0,822805,11.0,822805,8.0,822813,8.0,822813
822800,2026-06-22,away,686613,Hunter Brown,7.0,8.0,9.0,6,6,0,0,True,True,False,7.0,824182,7.0,824182,8.0,824212,8.0,824212,9.0,824218,9.0,824218
824502,2026-06-22,home,663903,Brady Singer,5.0,5.0,6.0,17,18,0,0,True,True,False,5.0,824504,5.0,824504,5.0,823287,5.0,823287,6.0,823049,6.0,823049
824502,2026-06-22,away,605540,Brandon Woodruff,2.0,3.0,4.0,7,7,0,0,True,True,False,3.0,823800,3.0,823800,4.0,823882,4.0,823882,6.0,823804,6.0,823804
823692,2026-06-22,home,805673,Zebby Matthews,4.0,4.0,2.0,9,9,0,0,True,True,False,4.0,822888,4.0,822888,2.0,823699,2.0,823699,7.0,823373,7.0,823373
823692,2026-06-22,away,694361,Will Klein,2.0,,,1,29,0,0,True,True,False,2.0,824037,0.0,823936,,,0.0,823939,,,0.0,823938
824585,2026-06-22,home,641743,Anthony Kay,2.0,7.0,4.0,15,17,0,0,True,True,False,2.0,823536,2.0,823536,4.0,823455,4.0,823455,3.0,824593,3.0,824593
824585,2026-06-22,away,668909,Gavin Williams,4.0,5.0,6.0,16,15,0,0,True,True,False,4.0,823774,4.0,823774,5.0,824427,5.0,824427,6.0,823540,6.0,823540
823040,2026-06-22,home,669467,Andre Pallante,6.0,5.0,5.0,14,13,0,0,True,True,False,6.0,823045,6.0,823045,5.0,823618,5.0,823618,5.0,823051,5.0,823051
823040,2026-06-22,away,518876,Merrill Kelly,4.0,1.0,4.0,13,13,0,0,True,True,False,4.0,825070,4.0,825070,4.0,825073,4.0,825073,2.0,823133,2.0,823133
824344,2026-06-22,home,663372,Ryan Feltner,7.0,3.0,4.0,10,11,0,0,True,True,False,7.0,824667,7.0,824667,4.0,824350,4.0,824350,2.0,824352,2.0,824352
824344,2026-06-22,away,687562,Jake Bennett,5.0,4.0,1.0,3,4,0,0,True,True,False,4.0,822970,4.0,822970,2.0,831571,3.0,824772,0.0,831439,2.0,831571
824016,2026-06-22,home,691951,Sam Aldegheri,1.0,4.0,0.0,1,4,0,0,True,True,False,1.0,825072,1.0,825072,,,1.0,824025,,,5.0,824026
824016,2026-06-22,away,680694,Kyle Bradish,12.0,5.0,3.0,14,14,0,0,True,True,False,12.0,823127,12.0,823127,3.0,822808,3.0,822808,4.0,824832,4.0,824832
823288,2026-06-22,home,650633,Michael King,1.0,3.0,4.0,15,16,0,0,True,True,False,1.0,823045,1.0,823045,3.0,823287,3.0,823287,4.0,823293,4.0,823293
823288,2026-06-22,away,656550,Grant Holmes,2.0,2.0,4.0,17,17,0,0,True,True,False,2.0,824912,2.0,824912,2.0,824912,2.0,824912,2.0,824591,2.0,824591
822786,2026-07-19,home,702056,Trey Yesavage,1.0,7.0,3.0,10,10,1,1,True,True,False,1.0,823276,1.0,823276,7.0,823117,7.0,823117,3.0,822792,3.0,822792
822786,2026-07-19,away,680732,Sean Burke,9.0,11.0,8.0,16,18,1,1,True,True,False,9.0,824575,9.0,824575,11.0,824415,11.0,824415,8.0,824822,8.0,824822
823521,2026-07-19,home,642232,Ryan Yarbrough,0.0,0.0,2.0,1,26,0,3,True,True,False,2.0,831723,0.0,822708,,,0.0,822954,,,2.0,823526
823521,2026-07-19,away,694361,Will Klein,2.0,2.0,,2,35,0,2,True,True,False,2.0,823692,2.0,823927,2.0,824037,0.0,823929,,,2.0,823932
824739,2026-07-19,home,543243,Sonny Gray,3.0,7.0,9.0,19,19,1,1,True,True,False,3.0,823604,3.0,823604,7.0,824012,7.0,824012,9.0,824744,9.0,824744
824739,2026-07-19,away,663556,Shane McClanahan,5.0,4.0,4.0,17,18,1,2,True,True,False,5.0,822957,5.0,822957,4.0,822963,4.0,822963,3.0,823940,3.0,823940
823439,2026-07-19,home,660604,Alan Rangel,5.0,4.0,,4,7,0,0,True,True,False,5.0,824496,5.0,824496,4.0,823442,4.0,823442,3.0,831522,4.0,823609
823439,2026-07-19,away,690997,Nolan McLean,7.0,5.0,7.0,14,15,1,2,True,True,False,7.0,823604,7.0,823604,5.0,824902,5.0,824902,9.0,824503,7.0,822793
824897,2026-07-19,home,656550,Grant Holmes,5.0,2.0,4.0,20,21,0,1,True,True,False,5.0,823360,5.0,823360,2.0,824904,2.0,824904,4.0,823288,4.0,823207
824897,2026-07-19,away,543135,Nathan Eovaldi,10.0,9.0,9.0,18,18,1,1,True,True,False,10.0,822877,10.0,822877,9.0,822884,9.0,822884,9.0,822796,9.0,822796
824411,2026-07-19,home,676282,Joey Cantillo,9.0,7.0,4.0,20,23,3,4,True,True,False,9.0,823842,9.0,823842,7.0,823687,7.0,823687,9.0,824423,4.0,824419
824411,2026-07-19,away,694973,Paul Skenes,7.0,4.0,5.0,18,18,1,1,True,True,False,7.0,823358,7.0,823358,4.0,823361,4.0,823361,7.0,823363,7.0,823363
824168,2026-07-19,home,686613,Hunter Brown,4.0,3.0,4.0,10,10,1,1,True,True,False,4.0,822878,4.0,822878,3.0,824171,3.0,824171,4.0,824256,4.0,824256
824168,2026-07-19,away,687064,Brandon Young,5.0,5.0,8.0,9,11,1,1,True,True,False,5.0,824817,5.0,824817,5.0,824499,5.0,824499,2.0,823128,5.0,823934
824086,2026-07-19,home,702070,Noah Cameron,9.0,7.0,0.0,16,19,1,2,True,True,False,9.0,824813,9.0,824813,7.0,824089,7.0,824089,5.0,822965,0.0,824096
824086,2026-07-19,away,608566,Germán Márquez,4.0,4.0,2.0,11,14,0,1,True,True,False,4.0,823274,4.0,823274,4.0,823280,4.0,823280,2.0,825093,1.0,823935
823764,2026-07-19,home,688107,Robert Gasser,3.0,4.0,5.0,12,12,0,0,True,True,False,3.0,823358,3.0,823358,4.0,823035,4.0,823035,5.0,823771,5.0,823771
823764,2026-07-19,away,691587,Eury Pérez,6.0,8.0,8.0,15,18,1,3,True,True,False,6.0,823844,6.0,823844,8.0,824980,8.0,824980,1.0,823850,8.0,824338
824653,2026-07-19,home,684007,Shota Imanaga,5.0,8.0,4.0,21,21,0,0,True,True,False,5.0,824493,5.0,824493,8.0,824658,8.0,824658,4.0,824662,4.0,824662
824653,2026-07-19,away,805673,Zebby Matthews,3.0,5.0,7.0,13,13,0,0,True,True,False,3.0,823685,3.0,823685,5.0,823526,5.0,823526,7.0,824176,7.0,824176
824330,2026-07-19,home,663372,Ryan Feltner,3.0,9.0,0.0,14,15,0,0,True,True,False,3.0,823201,3.0,823201,9.0,824336,9.0,824336,0.0,823686,0.0,823686
824330,2026-07-19,away,668881,Hunter Greene,12.0,7.0,,2,2,0,0,True,True,False,12.0,824493,12.0,824493,7.0,824499,7.0,824499,,,,
824978,2026-07-19,home,682052,Jacob Lopez,1.0,3.0,2.0,14,16,0,0,True,True,False,1.0,824575,1.0,824575,3.0,825001,4.0,824254,2.0,824033,3.0,825001
824978,2026-07-19,away,656492,Foster Griffin,9.0,2.0,9.0,19,20,0,0,True,True,False,9.0,822710,2.0,823443,2.0,822714,9.0,822710,9.0,822720,2.0,822714
824007,2026-07-19,home,696270,Ryan Johnson,1.0,6.0,3.0,8,14,1,1,True,True,False,1.0,823682,1.0,823682,6.0,824010,6.0,824010,3.0,823121,3.0,823121
824007,2026-07-19,away,663554,Casey Mize,5.0,4.0,10.0,16,18,1,1,True,True,False,5.0,824249,5.0,824249,4.0,822879,4.0,822879,10.0,823529,10.0,823529
823113,2026-07-19,home,669302,Logan Gilbert,5.0,7.0,7.0,21,21,2,2,True,True,False,5.0,822953,5.0,822953,7.0,823118,7.0,823118,7.0,824421,7.0,824421
823113,2026-07-19,away,592662,Robbie Ray,4.0,4.0,2.0,19,22,1,2,True,True,False,4.0,823200,4.0,823200,4.0,824334,4.0,824334,2.0,823204,2.0,823204
825057,2026-07-19,home,593958,Eduardo Rodriguez,5.0,3.0,1.0,17,18,1,1,True,True,False,5.0,823927,0.0,823443,3.0,825061,5.0,823927,1.0,825065,3.0,825061
825057,2026-07-19,away,669467,Andre Pallante,2.0,2.0,4.0,18,17,0,0,True,True,False,2.0,823034,2.0,823034,2.0,824659,2.0,824659,4.0,823038,4.0,823038
822799,2026-06-23,home,669456,Shane Bieber,,,,0,0,0,0,True,True,False,,,,,,,,,,,,
822799,2026-06-23,away,663567,Peter Lambert,5.0,6.0,4.0,10,12,0,0,True,True,False,5.0,824178,5.0,824178,6.0,824022,6.0,824022,4.0,824186,4.0,824186
823365,2026-06-23,home,656605,Mitch Keller,7.0,3.0,4.0,15,16,0,0,True,True,False,7.0,824991,7.0,824991,4.0,824914,4.0,824914,5.0,823375,5.0,823375
823365,2026-06-23,away,669923,George Kirby,5.0,10.0,5.0,15,15,0,0,True,True,False,5.0,823127,5.0,823127,10.0,824831,10.0,824831,5.0,823130,5.0,823130
822963,2026-06-23,home,663556,Shane McClanahan,3.0,7.0,6.0,15,16,0,0,True,True,False,3.0,823940,3.0,823940,6.0,823859,6.0,823859,3.0,822976,3.0,822976
822963,2026-06-23,away,679883,Luinder Avila,5.0,0.0,3.0,4,10,0,0,True,True,False,5.0,822721,5.0,822721,3.0,823697,3.0,823697,5.0,824510,5.0,824510
823849,2026-06-23,home,645261,Sandy Alcantara,6.0,7.0,7.0,16,16,0,0,True,True,False,6.0,823450,6.0,823450,7.0,823857,7.0,823857,5.0,822730,5.0,822730
823849,2026-06-23,away,615698,Cal Quantrill,1.0,0.0,1.0,1,14,0,0,True,True,False,0.0,831427,0.0,822888,,,2.0,822891,,,1.0,823051
824262,2026-06-23,home,663554,Casey Mize,3.0,6.0,4.0,12,14,0,0,True,True,False,3.0,824178,3.0,824178,6.0,824270,6.0,824270,4.0,824274,4.0,824274
824262,2026-06-23,away,607074,Carlos Rodón,7.0,7.0,7.0,7,7,0,0,True,True,False,7.0,823536,7.0,823536,7.0,824428,7.0,824428,7.0,823542,7.0,823542
822718,2026-06-23,home,676571,PJ Poulin,1.0,0.0,1.0,9,32,0,0,True,True,False,1.0,822966,1.0,822966,1.0,824432,0.0,822721,0.0,824437,1.0,824432
822718,2026-06-23,away,666200,Jesús Luzardo,9.0,8.0,2.0,18,18,0,0,True,True,False,9.0,823451,9.0,823451,8.0,822804,8.0,822804,2.0,823455,2.0,823455
823614,2026-06-23,home,673540,Kodai Senga,5.0,1.0,3.0,8,7,0,0,True,True,False,5.0,824504,5.0,824504,3.0,824693,3.0,824693,3.0,823644,3.0,823644
823614,2026-06-23,away,665795,Edward Cabrera,3.0,5.0,6.0,14,14,0,0,True,True,False,3.0,824667,3.0,824667,2.0,824678,2.0,824678,2.0,824601,2.0,824601
824501,2026-06-23,home,666157,Nick Lodolo,2.0,5.0,3.0,10,11,0,0,True,True,False,2.0,824503,2.0,824503,3.0,823048,3.0,823048,4.0,824512,4.0,824512
824501,2026-06-23,away,687075,Brandon Sproat,6.0,3.0,2.0,12,14,0,0,True,True,False,6.0,823774,6.0,823774,3.0,824996,3.0,824996,2.0,824350,2.0,824350
823690,2026-06-23,home,696070,Kendry Rojas,3.0,,,1,6,0,0,True,True,False,3.0,823705,3.0,824760,,,3.0,823705,,,3.0,823709
823690,2026-06-23,away,680736,Justin Wrobleski,5.0,1.0,4.0,10,12,0,0,True,True,False,5.0,823939,5.0,823939,4.0,825076,4.0,825076,9.0,823946,9.0,823946
824584,2026-06-23,home,680732,Sean Burke,6.0,6.0,8.0,12,14,0,0,True,True,False,6.0,824592,8.0,823533,8.0,824597,7.0,823454,5.0,823134,6.0,824592
824584,2026-06-23,away,800048,Parker Messick,9.0,4.0,4.0,16,16,0,0,True,True,False,9.0,823772,9.0,823772,4.0,824428,4.0,824428,4.0,822892,4.0,822892
823043,2026-06-23,home,681517,Kyle Leahy,7.0,5.0,1.0,16,15,0,0,True,True,False,7.0,823044,7.0,823044,1.0,823049,1.0,823049,4.0,823054,4.0,823054
823043,2026-06-23,away,593958,Eduardo Rodriguez,5.0,3.0,5.0,13,13,0,0,True,True,False,5.0,825072,5.0,825072,5.0,825075,5.0,825075,3.0,825078,3.0,825078
824340,2026-06-23,home,807743,Sean Sullivan,2.0,2.0,,2,4,0,0,True,True,False,2.0,824668,2.0,824668,1.0,831869,1.0,831869,,,1.0,831863
824340,2026-06-23,away,543243,Sonny Gray,4.0,7.0,3.0,15,15,0,0,True,True,False,4.0,824748,4.0,824748,3.0,823538,3.0,823538,7.0,824431,7.0,824431
824017,2026-06-23,home,696270,Ryan Johnson,2.0,2.0,,4,10,0,0,True,True,False,2.0,824989,2.0,824989,2.0,824702,0.0,824033,4.0,831818,2.0,824034
824017,2026-06-23,away,669358,Shane Baz,9.0,1.0,3.0,15,14,0,0,True,True,False,9.0,823125,9.0,823125,3.0,822807,3.0,822807,6.0,824754,6.0,824754
823286,2026-06-23,home,593974,Wandy Peralta,0.0,1.0,,2,30,0,0,True,True,False,0.0,822883,0.0,822883,1.0,823046,0.0,822886,,,0.0,823045
823286,2026-06-23,away,702275,JR Ritchie,4.0,4.0,4.0,6,7,0,0,True,True,False,4.0,824913,4.0,824913,4.0,823867,4.0,823867,4.0,824928,4.0,824928
823210,2026-06-23,home,592662,Robbie Ray,3.0,4.0,6.0,15,18,0,0,True,True,False,3.0,823215,8.0,824912,6.0,824354,8.0,824912,3.0,823220,3.0,823215
823210,2026-06-23,away,650644,Aaron Civale,2.0,2.0,2.0,14,14,0,0,True,True,False,2.0,824992,2.0,824992,2.0,824032,2.0,824032,2.0,825009,2.0,825009
824410,2026-07-20,home,676440,Tanner Bibee,3.0,1.0,2.0,21,20,2,3,True,True,False,3.0,823844,3.0,823844,1.0,824413,1.0,824413,3.0,824583,2.0,824418
824410,2026-07-20,away,657746,Joe Ryan,6.0,9.0,5.0,18,20,3,4,True,True,False,6.0,823682,2.0,823443,9.0,823525,6.0,823682,9.0,823691,9.0,823525
823522,2026-07-20,home,677960,Ryan Weathers,6.0,6.0,3.0,20,21,2,2,True,True,False,6.0,822709,6.0,822709,6.0,823525,6.0,823525,3.0,823529,3.0,823529
823522,2026-07-20,away,677952,Braxton Ashcraft,6.0,7.0,8.0,18,18,1,1,True,True,False,7.0,822716,7.0,822716,8.0,823444,8.0,823444,10.0,823367,10.0,823367
822788,2026-07-20,home,656302,Dylan Cease,11.0,9.0,10.0,17,17,0,0,True,True,False,3.0,823443,3.0,823443,11.0,823202,11.0,823202,9.0,823120,9.0,823120
822788,2026-07-20,away,607259,Nick Martinez,1.0,3.0,3.0,20,21,0,0,True,True,False,1.0,822955,1.0,823443,3.0,824173,1.0,822955,3.0,822962,3.0,824173
824736,2026-07-20,home,801139,Payton Tolle,7.0,6.0,5.0,12,15,0,0,True,True,False,6.0,824579,6.0,824579,7.0,824743,5.0,824740,2.0,823123,7.0,824743
824736,2026-07-20,away,669358,Shane Baz,9.0,3.0,6.0,19,17,1,1,True,True,False,9.0,824814,3.0,824820,3.0,824820,6.0,824822,6.0,824822,5.0,824017
823436,2026-07-20,home,650911,Cristopher Sánchez,7.0,1.0,9.0,18,19,3,4,True,True,False,2.0,823443,2.0,823443,7.0,824249,7.0,824249,1.0,824089,1.0,824089
823436,2026-07-20,away,686218,Emmet Sheehan,7.0,5.0,5.0,15,18,0,1,True,True,False,7.0,823925,7.0,823925,5.0,823931,5.0,823931,5.0,823281,5.0,823281
824898,2026-07-20,home,693821,Bryce Elder,3.0,4.0,6.0,18,18,0,0,True,True,False,3.0,823359,3.0,823359,4.0,823207,4.0,823207,6.0,824908,6.0,824908
824898,2026-07-20,away,676664,JP Sears,3.0,5.0,4.0,3,6,0,1,True,True,False,3.0,823278,3.0,823278,5.0,823931,5.0,823931,5.0,823284,4.0,824661
824087,2026-07-20,home,608379,Michael Wacha,5.0,7.0,7.0,20,22,0,0,True,True,False,5.0,823606,2.0,823443,7.0,824092,5.0,823606,7.0,824581,7.0,824092
824087,2026-07-20,away,686790,Trevor McDonald,4.0,0.0,5.0,12,15,1,1,True,True,False,4.0,823199,4.0,823199,0.0,823203,0.0,823203,3.0,823206,3.0,823206
823762,2026-07-20,home,694819,Jacob Misiorowski,11.0,10.0,8.0,16,19,2,3,True,True,False,10.0,823765,10.0,823765,8.0,823773,8.0,823773,7.0,824910,7.0,824910
823762,2026-07-20,away,642547,Freddy Peralta,6.0,6.0,4.0,17,17,3,3,True,True,False,6.0,823603,6.0,823603,6.0,824900,6.0,824900,5.0,823612,5.0,823612
824654,2026-07-20,home,592791,Jameson Taillon,2.0,6.0,4.0,14,14,0,0,True,True,False,2.0,824670,2.0,824670,6.0,824675,6.0,824675,4.0,823376,4.0,823376
824654,2026-07-20,away,656427,Jack Flaherty,6.0,5.0,9.0,18,19,0,1,True,True,False,6.0,824252,6.0,824252,5.0,822882,5.0,822882,9.0,824256,9.0,824256
822874,2026-07-20,home,594798,Jacob deGrom,7.0,9.0,8.0,16,17,0,1,True,True,False,7.0,822881,7.0,822881,8.0,823850,9.0,824418,9.0,822886,8.0,823850
822874,2026-07-20,away,607200,Erick Fedde,3.0,2.0,2.0,5,16,0,2,True,True,False,2.0,823701,3.0,824576,2.0,824599,4.0,824413,3.0,825020,3.0,824819
824167,2026-07-20,home,669854,Ronel Blanco,,,,0,0,0,0,True,True,False,,,,,,,,,,,,
824167,2026-07-20,away,676083,Janson Junk,5.0,3.0,3.0,12,14,0,0,True,True,False,5.0,823846,5.0,823846,3.0,823866,3.0,823866,4.0,822983,4.0,822983
824328,2026-07-20,home,607536,Kyle Freeland,9.0,2.0,7.0,19,19,2,2,True,True,False,9.0,823198,9.0,823198,2.0,823930,2.0,823930,4.0,824341,4.0,824341
824328,2026-07-20,away,674841,Andrew Alvarez,3.0,5.0,6.0,7,15,0,0,True,True,False,3.0,822713,2.0,822708,5.0,824824,3.0,822713,6.0,822968,6.0,824740
825058,2026-07-20,home,683352,Mitch Bratt,0.0,3.0,,3,3,0,0,True,True,False,0.0,823925,0.0,823925,3.0,823041,3.0,823041,2.0,831954,2.0,831954
825058,2026-07-20,away,605488,Jeffrey Springs,4.0,2.0,6.0,19,19,2,3,True,True,False,4.0,824253,4.0,824253,6.0,823209,2.0,824984,4.0,824990,6.0,823209
823112,2026-07-20,home,669923,George Kirby,7.0,7.0,5.0,18,18,1,1,True,True,False,7.0,823848,7.0,823848,7.0,823121,7.0,823121,5.0,823365,5.0,823365
823112,2026-07-20,away,671096,Andrew Abbott,3.0,8.0,3.0,21,21,1,1,True,True,False,3.0,824491,3.0,824491,8.0,824495,8.0,824495,6.0,823363,6.0,823363
824006,2026-07-20,home,667755,José Soriano,0.0,4.0,9.0,17,18,1,2,True,True,False,0.0,823681,4.0,822881,4.0,822881,9.0,823122,4.0,824018,4.0,824018
824006,2026-07-20,away,681517,Kyle Leahy,2.0,6.0,5.0,20,19,0,0,True,True,False,2.0,823033,2.0,823033,6.0,824658,6.0,824658,5.0,823037,5.0,823037
823850,2026-06-24,home,691587,Eury Pérez,9.0,5.0,5.0,12,14,0,0,True,True,False,9.0,822809,9.0,822809,5.0,823863,5.0,823863,5.0,822982,5.0,822982
823850,2026-06-24,away,594798,Jacob deGrom,9.0,5.0,6.0,14,14,0,0,True,True,False,9.0,822886,9.0,822886,6.0,822890,6.0,822890,8.0,823050,8.0,823050
823611,2026-06-24,home,640455,Sean Manaea,5.0,6.0,,4,17,0,0,True,True,False,5.0,823448,5.0,823448,4.0,831463,3.0,823291,4.0,831472,4.0,823131
823611,2026-06-24,away,684007,Shota Imanaga,3.0,7.0,5.0,17,17,0,0,True,True,False,3.0,824666,3.0,824666,7.0,824348,7.0,824348,5.0,824672,5.0,824672
824583,2026-06-24,home,669684,Chris Murphy,2.0,2.0,2.0,0,17,0,0,True,True,False,,,1.0,824585,,,1.0,824263,,,1.0,824264
824583,2026-06-24,away,676440,Tanner Bibee,7.0,8.0,3.0,18,16,0,0,True,True,False,7.0,824179,7.0,824179,3.0,822891,3.0,822891,5.0,824430,3.0,824437
824341,2026-06-24,home,607536,Kyle Freeland,8.0,4.0,2.0,16,16,0,0,True,True,False,8.0,824345,8.0,824345,2.0,824349,2.0,824349,4.0,824027,4.0,824027
824341,2026-06-24,away,624133,Ranger Suarez,5.0,7.0,6.0,14,13,0,0,True,True,False,5.0,823124,5.0,823124,6.0,823537,6.0,823537,10.0,824430,4.0,824758
824018,2026-06-24,home,667755,José Soriano,6.0,5.0,2.0,14,15,0,0,True,True,False,6.0,824990,6.0,824990,2.0,823941,2.0,823941,7.0,824027,7.0,824027
824018,2026-06-24,away,694346,Trey Gibson,8.0,7.0,0.0,5,6,0,0,True,True,False,8.0,823936,8.0,823936,0.0,824829,0.0,824829,1.0,824836,1.0,824836
823367,2026-06-24,home,677952,Braxton Ashcraft,7.0,4.0,5.0,15,15,0,0,True,True,False,7.0,824992,7.0,824992,5.0,824915,5.0,824915,11.0,823373,11.0,823373
823367,2026-06-24,away,693433,Bryan Woo,9.0,4.0,7.0,14,15,0,0,True,True,False,9.0,823125,9.0,823125,7.0,824271,7.0,824271,9.0,823132,9.0,823132
822965,2026-06-24,home,643377,Griffin Jax,5.0,5.0,4.0,6,18,0,0,True,True,False,5.0,822966,5.0,822966,4.0,823857,4.0,823857,5.0,822974,5.0,822974
822965,2026-06-24,away,702070,Noah Cameron,6.0,1.0,7.0,13,15,0,0,True,True,False,6.0,824098,6.0,824098,7.0,823696,7.0,823696,8.0,824511,8.0,824511
824259,2026-06-24,home,669373,Tarik Skubal,8.0,4.0,7.0,9,9,0,0,True,True,False,8.0,824264,8.0,824264,5.0,824288,5.0,824288,10.0,824775,10.0,824775
824259,2026-06-24,away,677960,Ryan Weathers,8.0,2.0,4.0,16,17,0,0,True,True,False,8.0,823533,8.0,823533,4.0,823538,4.0,823538,10.0,825000,10.0,825000
822719,2026-06-24,home,687223,Carson Palmquist,,,,0,2,0,0,True,True,False,,,0.0,831792,,,2.0,831867,,,,
822719,2026-06-24,away,605400,Aaron Nola,6.0,3.0,4.0,14,14,0,0,True,True,False,6.0,823448,6.0,823448,4.0,823453,4.0,823453,8.0,823460,8.0,823460
822798,2026-06-24,home,702056,Trey Yesavage,6.0,3.0,5.0,6,6,0,0,True,True,False,6.0,824748,6.0,824748,4.0,824833,4.0,824833,8.0,823547,8.0,823547
822798,2026-06-24,away,681347,Mike Burrows,5.0,3.0,3.0,14,16,0,0,True,True,False,3.0,824183,1.0,824179,3.0,824189,3.0,824183,6.0,822897,3.0,824189
824500,2026-06-24,home,695076,Rhett Lowder,5.0,6.0,4.0,11,12,0,0,True,True,False,5.0,823534,5.0,823534,4.0,823047,4.0,823047,1.0,824681,1.0,824681
824500,2026-06-24,away,675660,Shane Drohan,3.0,7.0,4.0,5,14,0,0,True,True,False,3.0,823772,3.0,823772,4.0,824349,4.0,824349,5.0,823781,5.0,823781
823691,2026-06-24,home,657746,Joe Ryan,7.0,8.0,5.0,15,15,0,0,True,True,False,5.0,823697,5.0,823697,9.0,823702,9.0,823702,9.0,824597,9.0,824597
823691,2026-06-24,away,660271,Shohei Ohtani,5.0,6.0,6.0,12,12,0,0,True,True,False,5.0,823940,5.0,823940,6.0,823372,6.0,823372,6.0,825077,6.0,825077
823041,2026-06-24,home,669461,Matthew Liberatore,2.0,4.0,4.0,14,14,0,0,True,True,False,2.0,824098,2.0,824098,4.0,823048,4.0,823048,4.0,823053,4.0,823053
823041,2026-06-24,away,683352,Mitch Bratt,,,,1,1,0,0,True,True,False,2.0,831954,2.0,831954,,,,,,,,
823284,2026-06-24,home,676664,JP Sears,,,,0,2,0,0,True,True,False,,,6.0,831839,,,3.0,831765,,,,
823284,2026-06-24,away,527048,Martín Pérez,5.0,4.0,5.0,10,16,0,0,True,True,False,5.0,824910,5.0,824910,5.0,824914,5.0,824914,2.0,824513,2.0,824513
823208,2026-06-24,home,641816,Tyler Mahle,3.0,6.0,6.0,14,14,0,0,True,True,False,3.0,823216,3.0,823216,6.0,825084,6.0,825084,6.0,825009,6.0,825009
823208,2026-06-24,away,695611,Gage Jump,7.0,6.0,3.0,6,7,0,0,True,True,False,7.0,824989,7.0,824989,3.0,824183,3.0,824183,5.0,824675,5.0,824675
822781,2026-08-01,home,592332,Kevin Gausman,6.0,1.0,8.0,21,22,3,4,True,True,False,6.0,824730,6.0,824730,1.0,822787,1.0,822787,8.0,823274,8.0,823274
822781,2026-08-01,away,687273,Quinn Mathews,,,,1,2,0,0,True,True,False,4.0,831452,4.0,831452,,,7.0,831478,,,,
823109,2026-08-01,home,669302,Logan Gilbert,4.0,10.0,5.0,23,23,2,2,True,True,False,4.0,822870,4.0,822870,10.0,823113,10.0,823113,5.0,822953,5.0,822953
823109,2026-08-01,away,687570,Connor Prielipp,5.0,6.0,10.0,12,14,0,0,True,True,False,5.0,823678,5.0,823678,6.0,823684,6.0,823684,10.0,823686,10.0,823686
822944,2026-08-01,home,656876,Drew Rasmussen,9.0,5.0,2.0,20,21,2,2,True,True,False,9.0,822950,9.0,822950,5.0,822787,5.0,822787,2.0,822954,1.0,823443
822944,2026-08-01,away,663855,Jordan Hicks,1.0,2.0,0.0,1,39,0,4,True,True,False,1.0,831848,1.0,824567,,,2.0,824569,,,0.0,824572
823594,2026-08-01,home,804267,Zac Thornton,5.0,2.0,5.0,6,6,0,0,True,True,False,5.0,823597,5.0,823597,2.0,823760,2.0,823760,7.0,823610,7.0,823610
823594,2026-08-01,away,663969,Tyler Phillips,5.0,2.0,1.0,11,28,0,0,True,True,False,5.0,823839,5.0,823839,2.0,824165,2.0,824165,1.0,823842,1.0,823842
824485,2026-08-01,home,671096,Andrew Abbott,4.0,6.0,3.0,23,23,1,1,True,True,False,4.0,823028,4.0,823028,6.0,823112,6.0,823112,3.0,824491,3.0,824491
824485,2026-08-01,away,677952,Braxton Ashcraft,5.0,2.0,6.0,20,20,1,1,True,True,False,5.0,823354,5.0,823354,2.0,823522,2.0,823522,7.0,822716,7.0,822716
824808,2026-08-01,home,669358,Shane Baz,2.0,6.0,9.0,21,19,1,1,True,True,False,2.0,824810,2.0,824810,6.0,824736,6.0,824736,9.0,824814,3.0,824820
824808,2026-08-01,away,650911,Cristopher Sánchez,6.0,7.0,7.0,20,21,3,4,True,True,False,6.0,823433,6.0,823433,7.0,823436,7.0,823436,2.0,823443,2.0,823443
824162,2026-08-01,home,669854,Ronel Blanco,4.0,8.0,,2,2,0,0,True,True,False,4.0,824572,4.0,824572,8.0,824167,8.0,824167,,,,
824162,2026-08-01,away,594798,Jacob deGrom,4.0,6.0,7.0,18,19,0,1,True,True,False,4.0,822870,4.0,822870,6.0,822874,6.0,822874,7.0,822881,7.0,822881
824405,2026-08-01,home,800048,Parker Messick,6.0,6.0,1.0,22,23,0,0,True,True,False,6.0,822950,6.0,822950,6.0,824409,6.0,824409,1.0,823845,1.0,823443
824405,2026-08-01,away,684442,Kohl Drake,1.0,5.0,,3,4,0,0,True,True,False,1.0,822706,1.0,822706,5.0,825056,5.0,825056,2.0,832862,2.0,832862
824890,2026-08-01,home,527048,Martín Pérez,4.0,3.0,1.0,14,21,0,1,True,True,False,4.0,823597,4.0,823597,3.0,824896,3.0,824896,1.0,824902,1.0,824902
824890,2026-08-01,away,571945,Miles Mikolas,1.0,3.0,3.0,9,21,0,2,True,True,False,1.0,822706,1.0,822706,3.0,822712,1.0,824329,3.0,824741,0.0,822711
824649,2026-08-01,home,656849,David Peterson,3.0,4.0,2.0,15,23,1,1,True,True,False,3.0,823025,3.0,823025,4.0,824652,4.0,824652,2.0,824816,2.0,824816
824649,2026-08-01,away,608331,Max Fried,4.0,7.0,2.0,14,14,0,0,True,True,False,4.0,824570,4.0,824570,2.0,824841,2.0,824841,5.0,823794,5.0,823794
824326,2026-08-01,home,663372,Ryan Feltner,4.0,3.0,3.0,16,17,0,0,True,True,False,4.0,823758,4.0,823758,3.0,824330,3.0,824330,3.0,823201,3.0,823201
824326,2026-08-01,away,679883,Luinder Avila,2.0,7.0,3.0,10,16,0,1,True,True,False,2.0,824246,2.0,824246,7.0,824085,7.0,824085,3.0,824817,3.0,824817
823269,2026-08-01,home,621111,Walker Buehler,7.0,3.0,1.0,21,22,1,1,True,True,False,7.0,823840,7.0,823840,3.0,824895,3.0,824895,1.0,823276,1.0,823276
823269,2026-08-01,away,641816,Tyler Mahle,3.0,4.0,4.0,20,20,2,2,True,True,False,3.0,823195,3.0,823195,4.0,824085,4.0,824085,4.0,823198,4.0,823198
823920,2026-08-01,home,808967,Yoshinobu Yamamoto,5.0,7.0,6.0,15,15,3,3,True,True,False,5.0,823600,5.0,823600,6.0,823926,6.0,823926,10.0,823932,10.0,823932
823920,2026-08-01,away,801139,Payton Tolle,7.0,9.0,7.0,14,17,0,0,True,True,False,7.0,824977,7.0,824977,9.0,824736,9.0,824736,6.0,824579,6.0,824579
824000,2026-08-01,home,608718,Brent Suter,1.0,2.0,,2,40,1,3,True,True,False,1.0,824441,1.0,824002,2.0,823560,0.0,824003,,,4.0,823197
824000,2026-08-01,away,688107,Robert Gasser,4.0,5.0,3.0,14,14,0,0,True,True,False,4.0,823758,4.0,823758,5.0,823764,5.0,823764,3.0,823358,3.0,823358
824972,2026-08-01,home,678022,Jack Perkins,4.0,4.0,8.0,9,25,0,0,True,True,False,4.0,824977,4.0,824977,4.0,825056,4.0,825056,8.0,824982,2.0,824251
824972,2026-08-01,away,664285,Framber Valdez,4.0,1.0,9.0,22,23,1,1,True,True,False,4.0,824246,4.0,824246,1.0,824652,1.0,824652,9.0,824251,9.0,824251
824409,2026-07-21,home,800048,Parker Messick,,,,20,21,0,0,True,True,False,1.0,823845,1.0,823443,3.0,824415,1.0,823845,5.0,824420,3.0,824415
824409,2026-07-21,away,696070,Kendry Rojas,,,,2,9,0,0,True,True,False,4.0,823690,1.0,824657,3.0,823705,3.0,823683,,,4.0,823690
823437,2026-07-21,home,554430,Zack Wheeler,10.0,14.0,10.0,12,13,0,1,True,True,False,10.0,824250,10.0,824250,14.0,824495,14.0,824495,5.0,823610,5.0,823610
823437,2026-07-21,away,680736,Justin Wrobleski,9.0,11.0,3.0,12,16,0,1,True,True,False,9.0,823929,5.0,823443,3.0,823690,9.0,823929,5.0,823939,11.0,824984
822787,2026-07-21,home,592332,Kevin Gausman,8.0,8.0,7.0,19,20,3,4,True,True,False,8.0,823274,8.0,823274,8.0,823205,8.0,823205,4.0,822797,7.0,822793
822787,2026-07-21,away,656876,Drew Rasmussen,2.0,2.0,5.0,18,19,2,2,True,True,False,2.0,822954,1.0,823443,2.0,824171,2.0,822954,5.0,822959,2.0,824171
824895,2026-07-21,home,625643,Reynaldo López,3.0,5.0,6.0,12,24,2,2,True,True,False,3.0,823030,3.0,823030,5.0,824900,5.0,824900,1.0,823206,1.0,823206
824895,2026-07-21,away,621111,Walker Buehler,1.0,4.0,6.0,19,20,1,1,True,True,False,1.0,823276,1.0,823276,4.0,823282,4.0,823282,5.0,823285,6.0,824660
824085,2026-07-21,home,679883,Luinder Avila,3.0,4.0,4.0,8,14,0,1,True,True,False,3.0,824817,3.0,824817,4.0,824091,4.0,824091,4.0,824580,4.0,824580
824085,2026-07-21,away,641816,Tyler Mahle,4.0,5.0,3.0,18,18,2,2,True,True,False,4.0,823198,4.0,823198,5.0,824333,5.0,824333,3.0,825065,3.0,825065
823760,2026-07-21,home,687075,Brandon Sproat,3.0,4.0,7.0,14,17,0,1,True,True,False,4.0,825061,4.0,825061,10.0,824501,7.0,823768,6.0,823774,10.0,824501
823760,2026-07-21,away,804267,Zac Thornton,5.0,7.0,3.0,4,4,0,0,True,True,False,7.0,823610,7.0,823610,3.0,822735,3.0,822735,1.0,831555,1.0,831555
824652,2026-07-21,home,656849,David Peterson,2.0,3.0,2.0,13,21,1,1,True,True,False,2.0,824816,2.0,824816,3.0,824659,3.0,824659,2.0,823770,2.0,823770
824652,2026-07-21,away,664285,Framber Valdez,9.0,1.0,2.0,20,21,1,1,True,True,False,9.0,824251,9.0,824251,1.0,822884,1.0,822884,2.0,824257,2.0,824257
822871,2026-07-21,home,677958,Kumar Rocker,6.0,4.0,5.0,14,18,1,1,True,True,False,6.0,822875,6.0,822875,4.0,822879,4.0,822879,5.0,822795,5.0,822795
822871,2026-07-21,away,702273,Noah Schultz,4.0,3.0,7.0,8,11,1,3,True,True,False,4.0,824574,4.0,824574,3.0,824579,3.0,824579,1.0,823220,7.0,824818
824165,2026-07-21,home,837227,Tatsuya Imai,3.0,2.0,10.0,13,13,1,1,True,True,False,3.0,822713,3.0,822713,10.0,824258,10.0,824258,11.0,824179,11.0,824179
824165,2026-07-21,away,663969,Tyler Phillips,1.0,3.0,2.0,9,26,0,0,True,True,False,1.0,823842,1.0,823842,3.0,823848,3.0,823848,2.0,824982,2.0,824982
824329,2026-07-21,home,547179,Michael Lorenzen,1.0,5.0,1.0,20,21,1,1,True,True,False,1.0,823199,1.0,823199,5.0,823929,5.0,823929,1.0,824335,1.0,824335
824329,2026-07-21,away,687223,Carson Palmquist,4.0,3.0,3.0,3,8,0,0,True,True,False,4.0,822709,1.0,824979,3.0,822716,4.0,822709,3.0,822719,0.0,822713
824005,2026-07-21,home,700712,Walbert Ureña,3.0,6.0,5.0,15,21,0,2,True,True,False,3.0,822880,3.0,822880,6.0,823119,6.0,823119,5.0,824014,5.0,824014
824005,2026-07-21,away,669461,Matthew Liberatore,6.0,3.0,9.0,17,18,2,4,True,True,False,6.0,823030,6.0,823030,3.0,824656,3.0,824656,3.0,823041,9.0,824907
825056,2026-07-21,home,684442,Kohl Drake,,,,1,2,0,0,True,True,False,2.0,832862,2.0,832862,,,1.0,831888,,,,
825056,2026-07-21,away,678022,Jack Perkins,8.0,5.0,8.0,7,23,0,0,True,True,False,8.0,824982,2.0,824251,5.0,824015,8.0,824982,8.0,824987,5.0,824015
823114,2026-07-21,home,622491,Luis Castillo,4.0,4.0,4.0,16,19,0,0,True,True,False,4.0,822955,4.0,822955,4.0,823120,4.0,823120,4.0,824423,4.0,824423
823114,2026-07-21,away,695505,Chase Burns,2.0,4.0,10.0,21,21,1,1,True,True,False,2.0,824496,2.0,824496,4.0,823765,4.0,823765,10.0,823364,10.0,823364
824255,2026-06-26,home,672456,Keider Montero,3.0,4.0,1.0,11,13,0,0,True,True,False,3.0,824260,3.0,824260,1.0,824269,2.0,824182,4.0,824592,1.0,824269
824255,2026-06-26,away,681293,Spencer Arrighetti,8.0,7.0,7.0,9,12,0,0,True,True,False,8.0,824180,8.0,824180,7.0,824025,7.0,824025,3.0,824188,3.0,824188
823363,2026-06-26,home,694973,Paul Skenes,8.0,10.0,7.0,15,15,0,0,True,True,False,8.0,824342,8.0,824342,7.0,823374,7.0,823374,7.0,824188,7.0,824188
823363,2026-06-26,away,671096,Andrew Abbott,6.0,5.0,6.0,18,18,0,0,True,True,False,6.0,823532,6.0,823532,6.0,823289,6.0,823289,5.0,824511,5.0,824511
824824,2026-06-26,home,669432,Trevor Rogers,6.0,4.0,3.0,15,15,0,0,True,True,False,6.0,823937,6.0,823937,3.0,824830,3.0,824830,3.0,824753,3.0,824753
824824,2026-06-26,away,674841,Andrew Alvarez,6.0,5.0,4.0,5,11,0,0,True,True,False,6.0,822968,6.0,822968,5.0,822724,5.0,822724,4.0,823214,4.0,823214
822796,2026-06-26,home,571578,Patrick Corbin,4.0,3.0,3.0,10,11,0,0,True,True,False,4.0,824665,4.0,824665,3.0,822806,3.0,822806,1.0,824917,1.0,824917
822796,2026-06-26,away,543135,Nathan Eovaldi,9.0,6.0,3.0,15,15,0,0,True,True,False,9.0,822883,9.0,822883,3.0,824105,3.0,824105,7.0,823052,7.0,823052
824423,2026-06-26,home,676282,Joey Cantillo,9.0,4.0,7.0,17,19,0,0,True,True,False,9.0,824180,9.0,824180,7.0,822890,7.0,822890,4.0,823541,4.0,823541
824423,2026-06-26,away,622491,Luis Castillo,4.0,5.0,6.0,13,16,0,0,True,True,False,5.0,824268,4.0,823124,6.0,824196,5.0,824268,6.0,824606,3.0,823133
822962,2026-06-26,home,607259,Nick Martinez,5.0,6.0,2.0,17,17,0,0,True,True,False,5.0,822968,5.0,822968,6.0,823938,6.0,823938,2.0,822969,2.0,822969
822962,2026-06-26,away,668678,Zac Gallen,2.0,4.0,3.0,14,15,0,0,True,True,False,2.0,825068,2.0,825068,3.0,823858,3.0,823858,1.0,825077,1.0,825077
823610,2026-06-26,home,804267,Zac Thornton,3.0,,,3,3,0,0,True,True,False,3.0,822735,3.0,822735,1.0,831555,1.0,831555,3.0,831468,3.0,831468
823610,2026-06-26,away,554430,Zack Wheeler,7.0,9.0,5.0,9,10,0,0,True,True,False,7.0,823449,7.0,823449,9.0,823452,9.0,823452,5.0,822805,5.0,822805
824743,2026-06-26,home,801139,Payton Tolle,2.0,6.0,3.0,10,12,0,0,True,True,False,2.0,823123,2.0,823123,6.0,824750,6.0,824750,3.0,822969,3.0,822969
824743,2026-06-26,away,701542,Will Warren,8.0,1.0,5.0,18,19,0,0,True,True,False,8.0,823532,8.0,823532,5.0,824427,5.0,824427,5.0,825001,5.0,825001
824582,2026-06-26,home,689818,David Sandlin,4.0,4.0,,2,3,0,0,True,True,False,4.0,823702,6.0,823453,4.0,824596,4.0,823702,,,4.0,824596
824582,2026-06-26,away,674444,Steven Cruz,0.0,3.0,1.0,0,23,0,0,True,True,False,,,0.0,822963,,,3.0,824095,,,1.0,824103
823773,2026-06-26,home,694819,Jacob Misiorowski,7.0,15.0,8.0,14,17,0,0,True,True,False,7.0,824910,7.0,824910,8.0,824351,8.0,824351,8.0,824187,8.0,824187
823773,2026-06-26,away,607067,Colin Rea,3.0,2.0,3.0,12,16,0,0,True,True,False,3.0,824665,3.0,824665,2.0,824347,2.0,824347,3.0,824671,5.0,823378
823688,2026-06-26,home,671737,Taj Bradley,4.0,7.0,3.0,14,14,0,0,True,True,False,4.0,825068,4.0,825068,3.0,824267,3.0,824267,5.0,823701,5.0,823701
823688,2026-06-26,away,608372,Tomoyuki Sugano,5.0,2.0,3.0,15,15,0,0,True,True,False,5.0,824342,5.0,824342,3.0,824347,3.0,824347,5.0,824026,5.0,824026
823039,2026-06-26,home,700241,Michael McGreevy,2.0,2.0,5.0,15,15,0,0,True,True,False,2.0,824097,2.0,824097,5.0,823047,5.0,823047,1.0,823050,1.0,823050
823039,2026-06-26,away,676974,Max Meyer,7.0,9.0,5.0,14,14,0,0,True,True,False,7.0,823854,7.0,823854,5.0,823858,5.0,823858,7.0,822727,7.0,822727
824014,2026-06-26,home,700712,Walbert Ureña,6.0,3.0,7.0,12,18,0,0,True,True,False,6.0,824988,6.0,824988,3.0,825071,3.0,825071,7.0,824023,7.0,824023
824014,2026-06-26,away,669372,J.T. Ginn,5.0,3.0,5.0,13,19,0,0,True,True,False,5.0,824988,5.0,824988,3.0,824993,3.0,824993,5.0,824999,5.0,824999
823285,2026-06-26,home,621111,Walker Buehler,7.0,5.0,4.0,16,16,0,0,True,True,False,7.0,822885,7.0,822885,4.0,823289,4.0,823289,6.0,823456,6.0,823456
823285,2026-06-26,away,808963,Roki Sasaki,6.0,4.0,10.0,14,14,0,0,True,True,False,6.0,823936,6.0,823936,10.0,823943,10.0,823943,7.0,823945,7.0,823945
823206,2026-06-26,home,686790,Trevor McDonald,1.0,4.0,6.0,9,12,0,0,True,True,False,1.0,823854,1.0,823854,6.0,824670,6.0,824670,4.0,823782,4.0,823782
823206,2026-06-26,away,625643,Reynaldo López,1.0,6.0,7.0,9,21,0,0,True,True,False,1.0,822747,3.0,824908,6.0,824935,1.0,824912,7.0,824051,1.0,824912
823518,2026-07-22,home,543037,Gerrit Cole,8.0,6.0,7.0,12,12,0,0,True,True,False,8.0,823524,8.0,823524,6.0,822957,6.0,822957,7.0,823527,7.0,823527
823518,2026-07-22,away,656605,Mitch Keller,3.0,1.0,4.0,19,20,1,2,True,True,False,3.0,823359,3.0,823359,1.0,822714,1.0,822714,4.0,823362,4.0,823362
824732,2026-07-22,home,700842,Eduardo Rivera,3.0,3.0,,2,4,1,1,True,True,False,3.0,824737,3.0,824737,3.0,823603,3.0,823603,,,3.0,824774
824732,2026-07-22,away,680694,Kyle Bradish,5.0,5.0,2.0,18,18,1,1,True,True,False,5.0,824813,5.0,824813,5.0,824497,5.0,824497,2.0,824821,2.0,824821
824083,2026-07-22,home,607625,Seth Lugo,3.0,6.0,4.0,16,15,1,1,True,True,False,3.0,824090,3.0,824090,6.0,824814,4.0,823607,4.0,823607,3.0,822961
824083,2026-07-22,away,694738,Landen Roupp,2.0,5.0,4.0,19,18,1,2,True,True,False,2.0,823115,2.0,823115,5.0,823205,5.0,823205,6.0,823209,4.0,825066
823761,2026-07-22,home,701656,Logan Henderson,4.0,4.0,7.0,6,8,0,0,True,True,False,4.0,823766,4.0,823766,4.0,823034,4.0,823034,7.0,823788,7.0,823788
823761,2026-07-22,away,681035,Christian Scott,7.0,5.0,7.0,10,14,0,1,True,True,False,7.0,823440,7.0,823440,5.0,823605,5.0,823605,7.0,824904,7.0,824904
824327,2026-07-22,home,687312,Gabriel Hughes,6.0,7.0,,2,4,0,0,True,True,False,6.0,824332,6.0,824332,7.0,823928,7.0,823928,,,1.0,824336
824327,2026-07-22,away,676917,Cade Cavalli,9.0,5.0,3.0,20,21,3,4,True,True,False,9.0,824981,9.0,824981,5.0,822708,5.0,822708,3.0,822715,3.0,822715
825055,2026-07-22,home,518876,Merrill Kelly,3.0,6.0,6.0,18,18,1,1,True,True,False,3.0,825060,3.0,825060,6.0,823277,6.0,823277,6.0,825063,6.0,825063
825055,2026-07-22,away,695611,Gage Jump,8.0,7.0,1.0,11,12,2,2,True,True,False,8.0,824981,8.0,824981,7.0,824576,7.0,824576,1.0,824980,1.0,824980
823110,2026-07-22,home,676106,Emerson Hancock,2.0,5.0,6.0,15,17,1,1,True,True,False,2.0,822951,2.0,822951,5.0,823117,5.0,823117,6.0,824422,6.0,824422
823110,2026-07-22,away,663903,Brady Singer,6.0,5.0,6.0,22,23,1,2,True,True,False,6.0,824332,6.0,824332,5.0,824494,5.0,824494,6.0,824498,6.0,824498
824004,2026-07-22,home,672282,Reid Detmers,7.0,6.0,5.0,20,20,1,1,True,True,False,7.0,824009,7.0,824009,6.0,822877,6.0,822877,5.0,824013,5.0,824013
824004,2026-07-22,away,690928,Hunter Dobbins,4.0,5.0,4.0,1,3,0,0,True,True,False,4.0,823035,4.0,823035,,,6.0,823049,,,4.0,823053
824408,2026-07-22,home,677944,Slade Cecconi,4.0,3.0,4.0,22,21,0,0,True,True,False,4.0,823684,4.0,823684,3.0,824416,3.0,824416,4.0,824421,4.0,824421
824408,2026-07-22,away,641927,Bailey Ober,7.0,5.0,3.0,16,16,0,0,True,True,False,7.0,824655,7.0,824655,5.0,823683,5.0,823683,3.0,823375,3.0,823375
823438,2026-07-22,home,605400,Aaron Nola,6.0,8.0,7.0,19,19,2,2,True,True,False,6.0,823440,6.0,823440,8.0,824252,8.0,824252,7.0,824091,7.0,824091
823438,2026-07-22,away,641778,Eric Lauer,3.0,2.0,4.0,13,16,1,1,True,True,False,3.0,823930,3.0,823930,2.0,824986,2.0,824986,4.0,823938,2.0,823692
822784,2026-07-22,home,680755,Braydon Fisher,1.0,0.0,2.0,4,44,1,5,True,True,False,2.0,822808,1.0,822788,1.0,822811,1.0,822786,4.0,823545,0.0,822789
822784,2026-07-22,away,643377,Griffin Jax,6.0,3.0,10.0,9,22,2,4,True,True,False,3.0,822953,3.0,822953,10.0,822958,10.0,822958,7.0,822965,5.0,824096
824896,2026-07-22,home,527048,Martín Pérez,1.0,1.0,4.0,12,19,0,1,True,True,False,1.0,824902,1.0,824902,4.0,823284,1.0,824907,5.0,824910,4.0,823284
824896,2026-07-22,away,650633,Michael King,4.0,4.0,5.0,20,21,1,1,True,True,False,4.0,824090,4.0,824090,4.0,823279,4.0,823279,5.0,823933,5.0,823933
822873,2026-07-22,home,641302,Tyler Alexander,2.0,1.0,1.0,3,46,0,4,True,True,False,2.0,824420,0.0,824897,1.0,823851,0.0,824899,1.0,824356,2.0,822876
822873,2026-07-22,away,641743,Anthony Kay,5.0,4.0,2.0,20,22,0,0,True,True,False,5.0,822789,5.0,822789,4.0,824577,4.0,824577,2.0,824417,2.0,824417
824650,2026-07-22,home,607067,Colin Rea,6.0,2.0,5.0,15,20,0,2,True,True,False,6.0,824655,6.0,824655,2.0,824815,2.0,824815,4.0,823773,5.0,824660
824650,2026-07-22,away,672456,Keider Montero,3.0,3.0,4.0,12,19,1,1,True,True,False,3.0,824255,5.0,824009,3.0,824260,5.0,824250,1.0,824269,1.0,824253
824166,2026-07-22,home,663567,Peter Lambert,10.0,7.0,6.0,15,17,2,2,True,True,False,10.0,824170,10.0,824170,7.0,822875,7.0,822875,6.0,824172,6.0,824172
824166,2026-07-22,away,645261,Sandy Alcantara,7.0,8.0,8.0,21,21,1,1,True,True,False,7.0,823766,7.0,823766,8.0,823845,8.0,823845,8.0,824983,8.0,824983
824807,2026-08-02,home,680694,Kyle Bradish,4.0,4.0,5.0,20,20,1,1,True,True,False,4.0,824245,4.0,824245,4.0,824732,4.0,824732,5.0,824813,5.0,824813
824807,2026-08-02,away,554430,Zack Wheeler,6.0,9.0,10.0,14,15,0,1,True,True,False,6.0,823839,6.0,823839,9.0,823437,9.0,823437,10.0,824250,10.0,824250
824891,2026-08-02,home,702275,JR Ritchie,7.0,4.0,4.0,7,13,0,0,True,True,False,7.0,823286,4.0,824895,4.0,824913,1.0,824899,4.0,823867,2.0,823029
824891,2026-08-02,away,676917,Cade Cavalli,3.0,8.0,9.0,22,23,3,4,True,True,False,3.0,822703,3.0,822703,8.0,824327,8.0,824327,9.0,824981,9.0,824981
822783,2026-08-02,home,453286,Max Scherzer,4.0,4.0,0.0,10,10,0,0,True,True,False,4.0,822705,4.0,822705,4.0,822804,4.0,822804,0.0,822827,0.0,822827
822783,2026-08-02,away,669461,Matthew Liberatore,5.0,7.0,6.0,19,20,2,4,True,True,False,5.0,823025,5.0,823025,7.0,824005,7.0,824005,6.0,823030,6.0,823030
824404,2026-08-02,home,668909,Gavin Williams,12.0,11.0,11.0,22,21,0,0,True,True,False,12.0,824489,12.0,824489,11.0,824406,11.0,824406,11.0,823683,11.0,823683
824404,2026-08-02,away,518876,Merrill Kelly,6.0,3.0,3.0,20,20,1,1,True,True,False,6.0,823353,6.0,823353,3.0,825055,3.0,825055,3.0,825060,3.0,825060
824483,2026-08-02,home,695505,Chase Burns,4.0,6.0,2.0,22,22,1,1,True,True,False,6.0,823114,6.0,823114,2.0,824496,2.0,824496,4.0,823765,4.0,823765
824483,2026-08-02,away,656605,Mitch Keller,4.0,6.0,3.0,21,22,1,2,True,True,False,4.0,823353,4.0,823353,6.0,823518,6.0,823518,3.0,823359,3.0,823359
822943,2026-08-02,home,643377,Griffin Jax,10.0,5.0,6.0,11,24,2,4,True,True,False,10.0,822949,10.0,822949,5.0,822784,5.0,822784,3.0,822953,3.0,822953
822943,2026-08-02,away,641743,Anthony Kay,7.0,4.0,5.0,22,24,0,0,True,True,False,7.0,824569,7.0,824569,4.0,822873,4.0,822873,5.0,822789,5.0,822789
823592,2026-08-02,home,476594,Robert Stock,,,,1,1,0,0,True,True,False,3.0,831436,3.0,831436,,,,,,,,
823592,2026-08-02,away,645261,Sandy Alcantara,5.0,3.0,7.0,23,23,1,1,True,True,False,5.0,823838,5.0,823838,3.0,824166,3.0,824166,7.0,823766,7.0,823766
824163,2026-08-02,home,663567,Peter Lambert,6.0,3.0,10.0,17,19,2,2,True,True,False,6.0,824003,6.0,824003,3.0,824166,3.0,824166,10.0,824170,10.0,824170
824163,2026-08-02,away,677958,Kumar Rocker,7.0,6.0,6.0,16,20,1,1,True,True,False,7.0,822868,7.0,822868,6.0,822871,6.0,822871,6.0,822875,6.0,822875
824648,2026-08-02,home,607067,Colin Rea,2.0,5.0,6.0,17,22,0,2,True,True,False,2.0,823026,2.0,823026,5.0,824650,5.0,824650,6.0,824655,6.0,824655
824648,2026-08-02,away,543037,Gerrit Cole,7.0,11.0,8.0,14,14,0,0,True,True,False,7.0,824569,7.0,824569,11.0,823518,11.0,823518,8.0,823524,8.0,823524
824323,2026-08-02,home,607536,Kyle Freeland,2.0,4.0,9.0,21,21,2,2,True,True,False,2.0,823755,2.0,823755,4.0,824328,4.0,824328,9.0,823198,9.0,823198
824323,2026-08-02,away,607625,Seth Lugo,2.0,5.0,3.0,18,17,1,1,True,True,False,2.0,823676,2.0,823676,5.0,824083,5.0,824083,3.0,824090,3.0,824090
823996,2026-08-02,home,700712,Walbert Ureña,5.0,5.0,3.0,17,23,0,2,True,True,False,5.0,824001,5.0,824001,5.0,824005,5.0,824005,3.0,822880,3.0,822880
823996,2026-08-02,away,694819,Jacob Misiorowski,12.0,6.0,11.0,18,21,2,3,True,True,False,12.0,823755,12.0,823755,6.0,823762,6.0,823762,10.0,823765,10.0,823765
824971,2026-08-02,home,695611,Gage Jump,7.0,5.0,8.0,13,14,2,2,True,True,False,7.0,824976,7.0,824976,5.0,825055,5.0,825055,8.0,824981,8.0,824981
824971,2026-08-02,away,672456,Keider Montero,1.0,8.0,3.0,14,21,1,1,True,True,False,1.0,824245,1.0,824245,8.0,824650,8.0,824650,3.0,824255,5.0,824009
823270,2026-08-02,home,606996,Kyle Hart,3.0,1.0,2.0,4,31,0,0,True,True,False,3.0,823273,3.0,823273,1.0,824893,2.0,823843,2.0,823283,1.0,824893
823270,2026-08-02,away,694738,Landen Roupp,1.0,7.0,2.0,21,20,1,2,True,True,False,1.0,823193,1.0,823193,7.0,824083,7.0,824083,2.0,823115,2.0,823115
823107,2026-08-02,home,669923,George Kirby,3.0,6.0,7.0,20,20,1,1,True,True,False,3.0,822868,3.0,822868,6.0,823112,6.0,823112,7.0,823848,7.0,823848
823107,2026-08-02,away,671737,Taj Bradley,10.0,5.0,6.0,20,19,0,0,True,True,False,10.0,823676,10.0,823676,5.0,824406,5.0,824406,6.0,824657,6.0,824657
823919,2026-08-02,home,686218,Emmet Sheehan,5.0,6.0,7.0,17,20,0,1,True,True,False,5.0,823599,5.0,823599,6.0,823436,6.0,823436,7.0,823925,7.0,823925
823919,2026-08-02,away,687562,Jake Bennett,4.0,4.0,3.0,8,9,0,1,True,True,False,4.0,824976,4.0,824976,4.0,824578,4.0,824578,6.0,824013,6.0,824013
824257,2026-06-27,home,664285,Framber Valdez,8.0,6.0,2.0,17,18,0,0,True,True,False,8.0,824261,8.0,824261,6.0,824182,6.0,824182,2.0,824266,2.0,824266
824257,2026-06-27,away,678906,Kai-Wei Teng,4.0,9.0,5.0,9,24,0,0,True,True,False,4.0,824177,4.0,824177,9.0,824181,9.0,824181,5.0,824023,5.0,824023
824745,2026-06-27,home,687562,Jake Bennett,9.0,5.0,4.0,4,5,0,0,True,True,False,9.0,824344,9.0,824344,4.0,822970,4.0,822970,2.0,831571,3.0,824772
824745,2026-06-27,away,543037,Gerrit Cole,5.0,6.0,4.0,8,8,0,0,True,True,False,5.0,824261,5.0,824261,6.0,823535,6.0,823535,4.0,824429,4.0,824429
822794,2026-06-27,home,656302,Dylan Cease,8.0,7.0,11.0,13,13,0,0,True,True,False,8.0,822800,8.0,822800,7.0,824750,7.0,824750,11.0,822805,11.0,822805
822794,2026-06-27,away,615698,Cal Quantrill,1.0,,,2,15,0,0,True,True,False,1.0,823849,1.0,823849,0.0,831427,0.0,822888,,,2.0,822891
823364,2026-06-27,home,683003,Jared Jones,3.0,4.0,4.0,5,5,0,0,True,True,False,3.0,824343,3.0,824343,4.0,824993,4.0,824993,4.0,823372,4.0,823372
823364,2026-06-27,away,695505,Chase Burns,7.0,7.0,7.0,18,18,0,0,True,True,False,7.0,823531,7.0,823531,7.0,824505,7.0,824505,7.0,823290,7.0,823290
823609,2026-06-27,home,681035,Christian Scott,6.0,3.0,8.0,6,10,0,0,True,True,False,3.0,823293,3.0,823293,8.0,823622,8.0,823622,5.0,823861,5.0,823861
823609,2026-06-27,away,641835,Tim Mayza,2.0,2.0,,2,31,0,0,True,True,False,2.0,822720,0.0,822717,4.0,831551,2.0,822720,,,3.0,823450
824581,2026-06-27,home,663436,Davis Martin,4.0,4.0,6.0,17,18,0,0,True,True,False,4.0,824260,4.0,824260,4.0,823535,4.0,823535,6.0,824590,6.0,824590
824581,2026-06-27,away,608379,Michael Wacha,5.0,3.0,2.0,17,18,0,0,True,True,False,5.0,822964,5.0,822964,3.0,822723,3.0,822723,2.0,823699,2.0,823699
824421,2026-06-27,home,677944,Slade Cecconi,1.0,4.0,7.0,19,18,0,0,True,True,False,1.0,824177,1.0,824177,4.0,823775,4.0,823775,7.0,824429,7.0,824429
824421,2026-06-27,away,669302,Logan Gilbert,8.0,10.0,5.0,18,18,0,0,True,True,False,8.0,823123,8.0,823123,10.0,823128,10.0,823128,5.0,824830,5.0,824830
823689,2026-06-27,home,702474,Mike Paredes,1.0,2.0,4.0,3,5,0,0,True,True,False,1.0,825067,1.0,825067,2.0,822887,2.0,822887,4.0,824266,4.0,824266
823689,2026-06-27,away,547179,Michael Lorenzen,5.0,5.0,7.0,16,17,0,0,True,True,False,5.0,824343,5.0,824343,5.0,824666,5.0,824666,7.0,824348,7.0,824348
823770,2026-06-27,home,690986,Kyle Harrison,7.0,3.0,4.0,14,16,0,0,True,True,False,7.0,824909,7.0,824909,4.0,824998,4.0,824998,12.0,823782,12.0,823782
823770,2026-06-27,away,656849,David Peterson,5.0,4.0,3.0,10,18,0,0,True,True,False,5.0,823449,5.0,823449,4.0,823624,1.0,824505,3.0,822733,1.0,823618
823038,2026-06-27,home,669467,Andre Pallante,2.0,6.0,5.0,15,14,0,0,True,True,False,2.0,823040,2.0,823040,6.0,823045,6.0,823045,5.0,823618,5.0,823618
823038,2026-06-27,away,687473,Ryan Gusto,6.0,1.0,4.0,5,8,0,0,True,True,False,6.0,823852,6.0,823852,1.0,823452,1.0,823452,4.0,823856,4.0,823856
823283,2026-06-27,home,606996,Kyle Hart,3.0,2.0,1.0,1,20,0,0,True,True,False,1.0,831735,3.0,823286,,,2.0,822883,,,1.0,822885
823283,2026-06-27,away,808967,Yoshinobu Yamamoto,6.0,7.0,4.0,11,11,0,0,True,True,False,6.0,823937,6.0,823937,4.0,823942,4.0,823942,10.0,823944,10.0,823944
823207,2026-06-27,home,657277,Logan Webb,5.0,7.0,7.0,12,12,0,0,True,True,False,5.0,823852,5.0,823852,7.0,823218,7.0,823218,4.0,823780,4.0,823780
823207,2026-06-27,away,693821,Bryce Elder,6.0,2.0,4.0,16,16,0,0,True,True,False,6.0,824908,6.0,824908,4.0,824916,4.0,824916,6.0,824918,6.0,824918
824015,2026-06-27,home,672282,Reid Detmers,4.0,3.0,9.0,16,16,0,0,True,True,False,4.0,824987,4.0,824987,3.0,825070,3.0,825070,9.0,824022,9.0,824022
824015,2026-06-27,away,678022,Jack Perkins,8.0,6.0,4.0,5,20,0,0,True,True,False,8.0,824987,8.0,824987,6.0,824991,6.0,824991,4.0,824996,4.0,824996
824893,2026-07-23,home,519242,Chris Sale,6.0,5.0,3.0,18,17,0,0,True,True,False,6.0,824901,6.0,824901,5.0,823033,5.0,823033,3.0,824903,3.0,824903
824893,2026-07-23,away,606996,Kyle Hart,2.0,,,2,28,0,0,True,True,False,2.0,823283,2.0,824898,1.0,831735,0.0,824090,,,0.0,823274
824406,2026-07-23,home,668909,Gavin Williams,11.0,11.0,6.0,20,19,0,0,True,True,False,11.0,823683,11.0,823683,6.0,824417,6.0,824417,6.0,824422,6.0,824422
824406,2026-07-23,away,671737,Taj Bradley,6.0,6.0,10.0,18,17,0,0,True,True,False,6.0,824657,6.0,824657,6.0,823681,10.0,823687,10.0,823687,7.0,823688
822785,2026-07-23,home,669456,Shane Bieber,6.0,4.0,3.0,5,5,0,0,True,True,False,6.0,822790,6.0,822790,4.0,823278,4.0,823278,3.0,823118,3.0,823118
822785,2026-07-23,away,668984,Casey Legumina,0.0,1.0,,1,32,1,4,True,True,False,0.0,822961,1.0,822788,,,0.0,824738,,,0.0,822953
824247,2026-07-23,home,675512,Troy Melton,9.0,9.0,7.0,7,8,1,1,True,True,False,9.0,824009,9.0,824009,9.0,824253,9.0,824253,6.0,824258,7.0,823530
824247,2026-07-23,away,677976,Randy Dobnak,3.0,,,2,6,0,0,True,True,False,3.0,824088,3.0,824088,2.0,831755,2.0,823605,,,2.0,824093
823431,2026-08-03,home,605400,Aaron Nola,4.0,4.0,6.0,21,21,2,2,True,True,False,4.0,823838,4.0,823838,4.0,823438,4.0,823438,6.0,823440,6.0,823440
823431,2026-08-03,away,674841,Andrew Alvarez,2.0,3.0,5.0,8,17,0,0,True,True,False,2.0,824328,3.0,822705,3.0,822713,2.0,824328,5.0,824824,2.0,822708
823520,2026-08-03,home,693645,Cam Schlittler,8.0,12.0,8.0,21,22,3,4,True,True,False,8.0,824567,8.0,824567,12.0,823434,12.0,823434,6.0,822711,6.0,822711
823520,2026-08-03,away,700241,Michael McGreevy,2.0,3.0,5.0,19,19,2,2,True,True,False,2.0,823026,2.0,823026,5.0,825060,5.0,825060,6.0,823032,6.0,823032
823757,2026-08-03,home,687075,Brandon Sproat,5.0,4.0,3.0,16,19,0,1,True,True,False,5.0,823195,5.0,823195,4.0,823760,4.0,823760,4.0,825061,4.0,825061
823757,2026-08-03,away,696149,Bubba Chandler,3.0,5.0,6.0,17,19,2,3,True,True,False,3.0,823350,3.0,823350,6.0,823356,6.0,823356,0.0,822715,0.0,822715
824647,2026-08-03,home,571510,Matthew Boyd,5.0,4.0,4.0,10,12,2,3,True,True,False,5.0,823022,5.0,823022,4.0,823352,4.0,823352,4.0,824657,4.0,824657
824647,2026-08-03,away,680736,Justin Wrobleski,7.0,7.0,9.0,14,18,0,1,True,True,False,7.0,823923,7.0,823923,7.0,823437,7.0,823437,9.0,823929,5.0,823443
822867,2026-08-03,home,615698,Cal Quantrill,7.0,3.0,1.0,7,21,0,0,True,True,False,7.0,822949,7.0,822949,3.0,824901,1.0,822873,1.0,822878,3.0,824901
822867,2026-08-03,away,657277,Logan Webb,4.0,4.0,5.0,18,18,0,0,True,True,False,4.0,823192,4.0,823192,4.0,823196,4.0,823196,5.0,823116,5.0,823116
824160,2026-08-03,home,664299,Cristian Javier,4.0,1.0,2.0,8,12,0,0,True,True,False,4.0,822876,7.0,824001,1.0,824374,2.0,824168,2.0,825026,4.0,822876
824160,2026-08-03,away,669456,Shane Bieber,0.0,3.0,6.0,7,7,0,0,True,True,False,0.0,822703,0.0,822703,3.0,822785,3.0,822785,6.0,822790,6.0,822790
824324,2026-08-03,home,547179,Michael Lorenzen,2.0,5.0,1.0,22,23,1,1,True,True,False,2.0,823275,2.0,823275,5.0,824329,5.0,824329,1.0,823199,1.0,823199
824324,2026-08-03,away,693855,Ian Seymour,4.0,3.0,12.0,7,35,0,4,True,True,False,4.0,824738,4.0,822947,3.0,822951,7.0,822785,12.0,822956,4.0,824738
825095,2026-08-03,home,694297,Brandon Pfaadt,4.0,1.0,3.0,10,19,1,2,True,True,False,4.0,823350,4.0,823350,3.0,825059,3.0,825059,2.0,823926,2.0,823926
825095,2026-08-03,away,650633,Michael King,6.0,7.0,4.0,22,23,1,1,True,True,False,6.0,823275,6.0,823275,7.0,824896,7.0,824896,4.0,824090,4.0,824090
823759,2026-07-24,home,675660,Shane Drohan,9.0,6.0,2.0,9,18,1,1,True,True,False,9.0,823763,9.0,823763,6.0,823356,6.0,823356,2.0,823036,2.0,823036
823759,2026-07-24,away,608372,Tomoyuki Sugano,3.0,2.0,5.0,17,17,0,0,True,True,False,3.0,824331,3.0,824331,2.0,823688,2.0,823688,5.0,824342,5.0,824342
824248,2026-07-24,home,669373,Tarik Skubal,9.0,5.0,9.0,13,14,1,2,True,True,False,9.0,824008,9.0,824008,5.0,824250,5.0,824250,9.0,824254,9.0,824254
824248,2026-07-24,away,694360,Beck Way,2.0,2.0,0.0,0,20,0,1,True,True,False,,,2.0,824086,,,2.0,824088,,,0.0,823606
823352,2026-07-24,home,683003,Jared Jones,9.0,8.0,6.0,8,8,0,0,True,True,False,8.0,823360,8.0,823360,6.0,823442,6.0,823442,4.0,823364,4.0,823364
823352,2026-07-24,away,571510,Matthew Boyd,4.0,3.0,7.0,8,10,2,3,True,True,False,4.0,824657,4.0,824657,3.0,824491,3.0,824491,7.0,824820,7.0,824820
822707,2026-07-24,home,687223,Carson Palmquist,2.0,4.0,3.0,4,9,0,0,True,True,False,2.0,824329,2.0,824329,4.0,822709,1.0,824979,3.0,822716,4.0,822709
822707,2026-07-24,away,593958,Eduardo Rodriguez,3.0,5.0,3.0,18,19,1,1,True,True,False,3.0,825057,3.0,825057,5.0,823927,0.0,823443,3.0,825061,5.0,823927
823434,2026-07-24,home,666200,Jesús Luzardo,7.0,11.0,9.0,23,24,0,0,True,True,False,7.0,823441,7.0,823441,11.0,824494,1.0,823443,9.0,824092,11.0,824494
823434,2026-07-24,away,693645,Cam Schlittler,8.0,6.0,8.0,19,20,3,4,True,True,False,6.0,822711,6.0,822711,8.0,822958,8.0,822958,9.0,824747,5.0,823528
824812,2026-07-24,home,669432,Trevor Rogers,8.0,4.0,4.0,19,19,2,2,True,True,False,8.0,824169,8.0,824169,4.0,824816,4.0,824816,4.0,824498,4.0,824498
824812,2026-07-24,away,656550,Grant Holmes,2.0,5.0,2.0,21,22,0,1,True,True,False,2.0,824897,2.0,824897,5.0,823360,5.0,823360,2.0,824904,2.0,824904
823601,2026-07-24,home,640455,Sean Manaea,7.0,6.0,4.0,9,22,0,1,True,True,False,7.0,823441,7.0,823441,6.0,823606,6.0,823606,4.0,824903,4.0,824903
823601,2026-07-24,away,808963,Roki Sasaki,5.0,5.0,3.0,18,18,1,1,True,True,False,5.0,823524,5.0,823524,5.0,823928,5.0,823928,3.0,823935,3.0,823935
822952,2026-07-24,home,663556,Shane McClanahan,3.0,5.0,4.0,18,19,1,2,True,True,False,3.0,824739,3.0,824739,5.0,822957,5.0,822957,4.0,822963,4.0,822963
822952,2026-07-24,away,676282,Joey Cantillo,7.0,9.0,7.0,21,24,3,4,True,True,False,7.0,824411,7.0,824411,9.0,823842,9.0,823842,7.0,823687,7.0,823687
823843,2026-07-24,home,687473,Ryan Gusto,2.0,4.0,6.0,7,13,0,0,True,True,False,2.0,824335,2.0,824165,4.0,823038,2.0,823763,6.0,823852,1.0,823845
823843,2026-07-24,away,608566,Germán Márquez,2.0,4.0,4.0,12,15,0,1,True,True,False,2.0,824086,2.0,824086,4.0,823274,4.0,823274,4.0,823280,4.0,823280
824733,2026-07-24,home,663776,Patrick Sandoval,5.0,5.0,,2,2,0,0,True,True,False,5.0,824738,5.0,824738,5.0,824577,5.0,824577,,,,
824733,2026-07-24,away,702056,Trey Yesavage,9.0,1.0,7.0,11,11,1,1,True,True,False,9.0,822786,9.0,822786,1.0,823276,1.0,823276,7.0,823117,7.0,823117
824573,2026-07-24,home,663436,Davis Martin,5.0,2.0,0.0,21,22,0,0,True,True,False,5.0,822790,5.0,822790,2.0,824578,2.0,824578,0.0,824416,0.0,824416
824573,2026-07-24,away,681293,Spencer Arrighetti,6.0,2.0,4.0,13,16,0,0,True,True,False,6.0,824169,6.0,824169,2.0,822710,2.0,822710,4.0,824173,4.0,824173
822872,2026-07-24,home,669022,MacKenzie Gore,7.0,4.0,7.0,21,23,2,3,True,True,False,7.0,824899,7.0,824899,4.0,822876,4.0,822876,7.0,822880,7.0,822880
822872,2026-07-24,away,682243,Bryce Miller,6.0,3.0,8.0,9,9,1,1,True,True,False,6.0,823115,6.0,823115,3.0,823846,3.0,823846,8.0,823119,8.0,823119
823680,2026-07-24,home,805673,Zebby Matthews,4.0,3.0,5.0,14,14,0,0,True,True,False,4.0,824653,4.0,824653,3.0,823685,3.0,823685,5.0,823526,5.0,823526
823680,2026-07-24,away,682052,Jacob Lopez,6.0,1.0,3.0,15,17,0,0,True,True,False,6.0,824978,6.0,824978,1.0,824575,1.0,824575,3.0,825001,4.0,824254
823031,2026-07-24,home,669160,Dustin May,6.0,4.0,7.0,22,22,0,0,True,True,False,6.0,825059,6.0,825059,4.0,823029,4.0,823029,7.0,823036,7.0,823036
823031,2026-07-24,away,695076,Rhett Lowder,2.0,8.0,6.0,13,18,0,1,True,True,False,2.0,824331,2.0,824331,6.0,824500,1.0,824491,5.0,823534,2.0,824496
823196,2026-07-24,home,657277,Logan Webb,5.0,2.0,2.0,16,16,0,0,True,True,False,5.0,823116,5.0,823116,2.0,823202,2.0,823202,2.0,824336,2.0,824336
823196,2026-07-24,away,680570,Grayson Rodriguez,3.0,0.0,1.0,10,10,0,0,True,True,False,3.0,824008,3.0,824008,0.0,823685,0.0,823685,6.0,824025,6.0,824025
824821,2026-06-28,home,680694,Kyle Bradish,9.0,12.0,5.0,15,15,0,0,True,True,False,9.0,824016,9.0,824016,12.0,823127,12.0,823127,3.0,822808,3.0,822808
824821,2026-06-28,away,641793,Zack Littell,2.0,0.0,4.0,11,16,0,0,True,True,False,2.0,822721,5.0,822718,4.0,825075,2.0,822721,5.0,822729,4.0,825075
823362,2026-06-28,home,656605,Mitch Keller,4.0,7.0,3.0,16,17,0,0,True,True,False,4.0,823365,4.0,823365,7.0,824991,7.0,824991,4.0,824914,4.0,824914
823362,2026-06-28,away,663903,Brady Singer,7.0,5.0,5.0,18,19,0,0,True,True,False,7.0,824502,7.0,824502,5.0,824504,5.0,824504,5.0,823287,5.0,823287
822795,2026-06-28,home,669456,Shane Bieber,2.0,,,1,1,0,0,True,True,False,2.0,822799,2.0,822799,,,,,,,,
822795,2026-06-28,away,677958,Kumar Rocker,4.0,3.0,5.0,11,15,0,0,True,True,False,4.0,822888,9.0,823851,5.0,822892,4.0,822888,2.0,822893,5.0,822892
824256,2026-06-28,home,656427,Jack Flaherty,1.0,7.0,6.0,15,16,0,0,True,True,False,7.0,824268,7.0,824268,6.0,822971,6.0,822971,9.0,824272,9.0,824272
824256,2026-06-28,away,686613,Hunter Brown,4.0,7.0,8.0,7,7,0,0,True,True,False,4.0,822800,4.0,822800,7.0,824182,7.0,824182,8.0,824212,8.0,824212
824422,2026-06-28,home,668909,Gavin Williams,8.0,4.0,5.0,17,16,0,0,True,True,False,8.0,824585,8.0,824585,4.0,823774,4.0,823774,5.0,824427,5.0,824427
824422,2026-06-28,away,676106,Emerson Hancock,6.0,2.0,3.0,12,14,0,0,True,True,False,6.0,823126,6.0,823126,3.0,824829,3.0,824829,7.0,823131,7.0,823131
822959,2026-06-28,home,656876,Drew Rasmussen,5.0,7.0,13.0,15,15,0,0,True,True,False,5.0,822964,5.0,822964,7.0,823939,7.0,823939,13.0,822970,13.0,822970
822959,2026-06-28,away,518876,Merrill Kelly,2.0,4.0,1.0,14,14,0,0,True,True,False,2.0,823040,2.0,823040,4.0,825070,4.0,825070,4.0,825073,4.0,825073
823608,2026-06-28,home,672335,Cionel Pérez,1.0,1.0,3.0,0,30,0,0,True,True,False,,,1.0,823610,,,1.0,823614,,,3.0,823447
823608,2026-06-28,away,666200,Jesús Luzardo,13.0,9.0,8.0,19,19,0,0,True,True,False,13.0,822718,13.0,822718,9.0,823451,9.0,823451,8.0,822804,8.0,822804
823686,2026-06-28,home,687570,Connor Prielipp,4.0,2.0,7.0,9,11,0,0,True,True,False,4.0,825069,4.0,825069,7.0,823696,7.0,823696,7.0,823700,7.0,823700
823686,2026-06-28,away,663372,Ryan Feltner,2.0,7.0,3.0,11,12,0,0,True,True,False,2.0,824344,2.0,824344,7.0,824667,7.0,824667,4.0,824350,4.0,824350
824580,2026-06-28,home,641743,Anthony Kay,8.0,2.0,7.0,16,18,0,0,True,True,False,8.0,824585,8.0,824585,2.0,823536,2.0,823536,4.0,823455,4.0,823455
824580,2026-06-28,away,679883,Luinder Avila,6.0,5.0,0.0,5,11,0,0,True,True,False,6.0,822963,6.0,822963,5.0,822721,5.0,822721,3.0,823697,3.0,823697
823769,2026-06-28,home,605540,Brandon Woodruff,10.0,2.0,3.0,8,8,0,0,True,True,False,10.0,824502,10.0,824502,3.0,823800,3.0,823800,4.0,823882,4.0,823882
823769,2026-06-28,away,669020,Ryan Rolison,0.0,,,0,22,0,0,True,True,False,,,2.0,823614,,,0.0,824665,,,3.0,824667
823037,2026-06-28,home,681517,Kyle Leahy,3.0,7.0,5.0,17,16,0,0,True,True,False,3.0,823043,3.0,823043,7.0,823044,7.0,823044,1.0,823049,1.0,823049
823037,2026-06-28,away,663969,Tyler Phillips,4.0,4.0,5.0,5,22,0,0,True,True,False,4.0,823851,4.0,823851,4.0,823451,4.0,823451,2.0,823622,3.0,823860
824011,2026-06-28,home,691951,Sam Aldegheri,3.0,1.0,4.0,2,5,0,0,True,True,False,3.0,824016,3.0,824016,1.0,825072,1.0,825072,,,1.0,824025
824011,2026-06-28,away,650644,Aaron Civale,5.0,2.0,2.0,15,15,0,0,True,True,False,5.0,823210,5.0,823210,2.0,824992,2.0,824992,2.0,824032,2.0,824032
823204,2026-06-28,home,592662,Robbie Ray,6.0,3.0,4.0,16,19,0,0,True,True,False,6.0,823210,6.0,823210,3.0,823215,8.0,824912,6.0,824354,8.0,824912
823204,2026-06-28,away,519242,Chris Sale,7.0,6.0,6.0,14,13,0,0,True,True,False,7.0,824909,7.0,824909,6.0,824590,6.0,824590,6.0,824919,6.0,824919
823281,2026-06-28,home,650633,Michael King,5.0,1.0,3.0,16,17,0,0,True,True,False,5.0,823288,5.0,823288,1.0,823045,1.0,823045,3.0,823287,3.0,823287
823281,2026-06-28,away,686218,Emmet Sheehan,4.0,8.0,2.0,12,15,0,0,True,True,False,2.0,823941,4.0,823934,3.0,825078,2.0,823941,2.0,823302,3.0,825078
824744,2026-06-28,home,543243,Sonny Gray,11.0,4.0,7.0,16,16,0,0,True,True,False,11.0,824340,11.0,824340,4.0,824748,4.0,824748,3.0,823538,3.0,823538
824744,2026-06-28,away,607074,Carlos Rodón,5.0,7.0,7.0,8,8,0,0,True,True,False,5.0,824262,5.0,824262,7.0,823536,7.0,823536,7.0,824428,7.0,824428
824805,2026-08-04,home,700249,Cade Povich,1.0,4.0,5.0,3,5,0,1,True,True,False,5.0,824859,4.0,823557,4.0,831565,5.0,824859,1.0,831630,2.0,823405
824805,2026-08-04,away,680570,Grayson Rodriguez,6.0,3.0,3.0,12,12,0,0,True,True,False,6.0,824002,6.0,824002,3.0,823196,3.0,823196,3.0,824008,3.0,824008
824403,2026-08-04,home,676282,Joey Cantillo,8.0,4.0,7.0,23,26,3,4,True,True,False,8.0,824487,8.0,824487,4.0,822952,4.0,822952,7.0,824411,7.0,824411
824403,2026-08-04,away,640455,Sean Manaea,4.0,3.0,7.0,11,24,0,1,True,True,False,4.0,823596,4.0,823596,3.0,823601,3.0,823601,7.0,823441,7.0,823441
824484,2026-08-04,home,663903,Brady Singer,3.0,6.0,6.0,24,25,1,2,True,True,False,3.0,824487,3.0,824487,6.0,823110,6.0,823110,6.0,824332,6.0,824332
824484,2026-08-04,away,669372,J.T. Ginn,7.0,7.0,4.0,17,23,0,1,True,True,False,7.0,824979,7.0,824979,7.0,824574,7.0,824574,4.0,824254,4.0,824254
823432,2026-08-04,home,666200,Jesús Luzardo,5.0,9.0,7.0,25,26,0,0,True,True,False,5.0,823837,5.0,823837,9.0,823434,9.0,823434,7.0,823441,7.0,823441
823432,2026-08-04,away,687223,Carson Palmquist,1.0,2.0,4.0,5,12,0,0,True,True,False,1.0,822707,0.0,824894,2.0,824329,0.0,822705,4.0,822709,1.0,822707
823517,2026-08-04,home,677960,Ryan Weathers,4.0,7.0,5.0,23,24,2,2,True,True,False,4.0,824568,4.0,824568,7.0,823435,7.0,823435,5.0,823522,5.0,823522
823517,2026-08-04,away,690928,Hunter Dobbins,5.0,4.0,5.0,2,5,0,0,True,True,False,5.0,824004,4.0,823025,4.0,823035,5.0,824004,,,4.0,823035
824731,2026-08-04,home,663776,Patrick Sandoval,7.0,3.0,5.0,4,4,0,0,True,True,False,7.0,824973,7.0,824973,3.0,824733,3.0,824733,5.0,824738,5.0,824738
824731,2026-08-04,away,663436,Davis Martin,6.0,3.0,5.0,23,24,0,0,True,True,False,6.0,824567,6.0,824567,3.0,824573,3.0,824573,5.0,822790,5.0,822790
824888,2026-08-04,home,656550,Grant Holmes,4.0,5.0,2.0,23,24,0,1,True,True,False,4.0,824894,4.0,824894,5.0,824812,5.0,824812,2.0,824897,2.0,824897
824888,2026-08-04,away,687473,Ryan Gusto,3.0,4.0,2.0,9,15,0,0,True,True,False,3.0,823837,3.0,823837,4.0,823843,4.0,823843,2.0,824335,2.0,824165
824084,2026-08-04,home,677976,Randy Dobnak,4.0,3.0,3.0,4,8,0,0,True,True,False,4.0,823677,4.0,823677,3.0,824247,3.0,824247,3.0,824088,3.0,824088
824084,2026-08-04,away,657746,Joe Ryan,4.0,3.0,6.0,20,22,3,4,True,True,False,4.0,823677,4.0,823677,3.0,824410,3.0,824410,6.0,823682,2.0,823443
823756,2026-08-04,home,701656,Logan Henderson,7.0,9.0,4.0,8,10,0,0,True,True,False,7.0,823193,7.0,823193,9.0,823761,9.0,823761,4.0,823766,4.0,823766
823756,2026-08-04,away,683003,Jared Jones,5.0,5.0,9.0,10,10,0,0,True,True,False,5.0,823351,5.0,823351,5.0,823352,5.0,823352,8.0,823360,8.0,823360
824645,2026-08-04,home,665871,Javier Assad,6.0,4.0,2.0,7,16,1,2,True,True,False,6.0,823023,6.0,823023,4.0,824492,3.0,823355,2.0,824656,2.0,824654
824645,2026-08-04,away,669373,Tarik Skubal,6.0,12.0,9.0,15,16,1,2,True,True,False,6.0,824242,6.0,824242,12.0,824248,12.0,824248,9.0,824008,9.0,824008
822865,2026-08-04,home,669022,MacKenzie Gore,9.0,5.0,7.0,23,25,2,3,True,True,False,9.0,822947,9.0,822947,5.0,822872,5.0,822872,7.0,824899,7.0,824899
822865,2026-08-04,away,694918,Blade Tidwell,2.0,2.0,0.0,0,10,0,0,True,True,False,,,2.0,823233,,,0.0,822752,,,1.0,824532
824161,2026-08-04,home,669713,Hayden Wesneski,4.0,,,1,1,0,0,True,True,False,4.0,824002,4.0,824002,,,,,,,,
824161,2026-08-04,away,702056,Trey Yesavage,4.0,9.0,9.0,13,13,1,1,True,True,False,4.0,822702,4.0,822702,9.0,824733,9.0,824733,9.0,822786,9.0,822786
824321,2026-08-04,home,687312,Gabriel Hughes,2.0,5.0,6.0,4,6,0,0,True,True,False,2.0,823273,2.0,823273,5.0,824327,5.0,824327,6.0,824332,6.0,824332
824321,2026-08-04,away,642547,Freddy Peralta,3.0,6.0,6.0,19,19,3,3,True,True,False,3.0,823599,3.0,823599,6.0,823762,6.0,823762,6.0,823603,6.0,823603
823108,2026-08-04,home,676106,Emerson Hancock,5.0,3.0,2.0,17,19,1,1,True,True,False,5.0,823924,5.0,823924,3.0,823110,3.0,823110,2.0,822951,2.0,822951
823108,2026-08-04,away,675512,Troy Melton,5.0,5.0,9.0,9,10,1,1,True,True,False,5.0,824243,5.0,824243,5.0,824247,5.0,824247,9.0,824009,9.0,824009
824244,2026-07-25,home,663554,Casey Mize,5.0,5.0,4.0,17,19,1,1,True,True,False,5.0,824007,5.0,824007,5.0,824249,5.0,824249,4.0,822879,4.0,822879
824244,2026-07-25,away,608379,Michael Wacha,5.0,5.0,7.0,21,23,0,0,True,True,False,5.0,824087,5.0,824087,5.0,823606,2.0,823443,7.0,824092,5.0,823606
822704,2026-07-25,home,656492,Foster Griffin,2.0,9.0,2.0,20,21,0,0,True,True,False,2.0,824978,2.0,824978,9.0,822710,2.0,823443,2.0,822714,9.0,822710
822704,2026-07-25,away,683352,Mitch Bratt,4.0,0.0,3.0,4,4,0,0,True,True,False,4.0,825058,4.0,825058,0.0,823925,0.0,823925,3.0,823041,3.0,823041
823197,2026-07-25,home,592662,Robbie Ray,6.0,4.0,4.0,20,23,1,2,True,True,False,6.0,823113,6.0,823113,4.0,823200,4.0,823200,4.0,824334,4.0,824334
823197,2026-07-25,away,696270,Ryan Johnson,5.0,1.0,6.0,9,15,1,1,True,True,False,5.0,824007,5.0,824007,1.0,823682,1.0,823682,6.0,824010,6.0,824010
824734,2026-07-25,home,543243,Sonny Gray,5.0,3.0,7.0,20,20,1,1,True,True,False,5.0,824739,5.0,824739,3.0,823604,3.0,823604,7.0,824012,7.0,824012
824734,2026-07-25,away,656302,Dylan Cease,7.0,11.0,9.0,18,18,0,0,True,True,False,7.0,822788,7.0,822788,3.0,823443,3.0,823443,11.0,823202,11.0,823202
823841,2026-07-25,home,691587,Eury Pérez,9.0,6.0,8.0,16,19,1,3,True,True,False,9.0,823764,9.0,823764,6.0,823844,6.0,823844,8.0,824980,8.0,824980
823841,2026-07-25,away,681190,Randy Vásquez,0.0,1.0,5.0,17,21,1,1,True,True,False,0.0,823935,1.0,824896,1.0,822886,2.0,824086,3.0,823291,0.0,823935
823435,2026-07-25,home,641835,Tim Mayza,1.0,2.0,2.0,3,39,0,2,True,True,False,1.0,823609,0.0,823438,2.0,822720,1.0,823439,4.0,831551,1.0,824252
823435,2026-07-25,away,677960,Ryan Weathers,5.0,6.0,6.0,21,22,2,2,True,True,False,5.0,823522,5.0,823522,6.0,822709,6.0,822709,6.0,823525,6.0,823525
822948,2026-07-25,home,607259,Nick Martinez,0.0,1.0,3.0,21,22,0,0,True,True,False,0.0,822788,0.0,822788,1.0,822955,1.0,823443,3.0,824173,1.0,822955
822948,2026-07-25,away,676440,Tanner Bibee,5.0,3.0,1.0,22,21,2,3,True,True,False,5.0,824410,5.0,824410,3.0,823844,3.0,823844,1.0,824413,1.0,824413
823355,2026-07-25,home,694973,Paul Skenes,8.0,7.0,4.0,19,19,1,1,True,True,False,8.0,824411,8.0,824411,7.0,823358,7.0,823358,4.0,823361,4.0,823361
823355,2026-07-25,away,684007,Shota Imanaga,4.0,5.0,8.0,22,22,0,0,True,True,False,4.0,824653,4.0,824653,5.0,824493,5.0,824493,8.0,824658,8.0,824658
824811,2026-07-25,home,687064,Brandon Young,7.0,5.0,5.0,10,12,1,1,True,True,False,7.0,824168,7.0,824168,5.0,824817,5.0,824817,5.0,824499,5.0,824499
824811,2026-07-25,away,693821,Bryce Elder,4.0,3.0,4.0,19,19,0,0,True,True,False,4.0,824898,4.0,824898,3.0,823359,3.0,823359,4.0,823207,4.0,823207
823679,2026-07-25,home,696070,Kendry Rojas,2.0,4.0,3.0,3,10,0,0,True,True,False,2.0,824409,2.0,824409,4.0,823690,1.0,824657,3.0,823705,3.0,823683
823679,2026-07-25,away,669620,Brady Basso,0.0,3.0,2.0,0,7,0,1,True,True,False,,,0.0,825056,,,3.0,824978,,,2.0,824981
824571,2026-07-25,home,680732,Sean Burke,5.0,9.0,11.0,17,19,1,1,True,True,False,5.0,822786,5.0,822786,9.0,824575,9.0,824575,11.0,824415,11.0,824415
824571,2026-07-25,away,686613,Hunter Brown,4.0,4.0,3.0,11,11,1,1,True,True,False,4.0,824168,4.0,824168,4.0,822878,4.0,822878,3.0,824171,3.0,824171
823758,2026-07-25,home,688107,Robert Gasser,5.0,3.0,4.0,13,13,0,0,True,True,False,5.0,823764,5.0,823764,3.0,823358,3.0,823358,4.0,823035,4.0,823035
823758,2026-07-25,away,663372,Ryan Feltner,3.0,3.0,9.0,15,16,0,0,True,True,False,3.0,824330,3.0,824330,3.0,823201,3.0,823201,9.0,824336,9.0,824336
823600,2026-07-25,home,690997,Nolan McLean,10.0,7.0,5.0,15,16,1,2,True,True,False,10.0,823439,10.0,823439,7.0,823604,7.0,823604,5.0,824902,5.0,824902
823600,2026-07-25,away,808967,Yoshinobu Yamamoto,7.0,6.0,10.0,14,14,3,3,True,True,False,6.0,823926,6.0,823926,10.0,823932,10.0,823932,4.0,823283,4.0,823283
823027,2026-07-25,home,669467,Andre Pallante,3.0,2.0,2.0,19,18,0,0,True,True,False,3.0,825057,3.0,825057,2.0,823034,2.0,823034,2.0,824659,2.0,824659
823027,2026-07-25,away,668881,Hunter Greene,7.0,12.0,7.0,3,3,0,0,True,True,False,7.0,824330,7.0,824330,12.0,824493,12.0,824493,7.0,824499,7.0,824499
822869,2026-07-25,home,543135,Nathan Eovaldi,,,,19,19,1,1,True,True,False,2.0,824897,2.0,824897,10.0,822877,10.0,822877,9.0,822884,9.0,822884
822869,2026-07-25,away,693433,Bryan Woo,,,,17,19,1,3,True,True,False,7.0,823116,7.0,823116,5.0,823847,5.0,823847,4.0,823367,5.0,823122
824822,2026-06-29,home,669358,Shane Baz,5.0,9.0,1.0,16,15,0,0,True,True,False,5.0,824017,5.0,824017,9.0,823125,9.0,823125,3.0,822807,3.0,822807
824822,2026-06-29,away,680732,Sean Burke,6.0,6.0,6.0,13,15,0,0,True,True,False,6.0,824584,6.0,824584,6.0,824592,8.0,823533,8.0,824597,7.0,823454
823444,2026-06-29,home,605400,Aaron Nola,5.0,6.0,3.0,15,15,0,0,True,True,False,5.0,822719,5.0,822719,6.0,823448,6.0,823448,4.0,823453,4.0,823453
823444,2026-06-29,away,677952,Braxton Ashcraft,10.0,7.0,4.0,16,16,0,0,True,True,False,10.0,823367,10.0,823367,7.0,824992,7.0,824992,5.0,824915,5.0,824915
823529,2026-06-29,home,677960,Ryan Weathers,6.0,8.0,2.0,17,18,0,0,True,True,False,6.0,824259,6.0,824259,8.0,823533,8.0,823533,4.0,823538,4.0,823538
823529,2026-06-29,away,663554,Casey Mize,6.0,3.0,6.0,13,15,0,0,True,True,False,6.0,824262,6.0,824262,3.0,824178,3.0,824178,6.0,824270,6.0,824270
822792,2026-06-29,home,702056,Trey Yesavage,5.0,6.0,3.0,7,7,0,0,True,True,False,5.0,822798,5.0,822798,6.0,824748,6.0,824748,4.0,824833,4.0,824833
822792,2026-06-29,away,640455,Sean Manaea,4.0,5.0,6.0,5,18,0,0,True,True,False,4.0,823611,4.0,823611,5.0,823448,5.0,823448,4.0,831463,3.0,823291
824741,2026-06-29,home,624133,Ranger Suarez,9.0,5.0,7.0,15,14,0,0,True,True,False,9.0,824341,9.0,824341,5.0,823124,5.0,823124,6.0,823537,6.0,823537
824741,2026-06-29,away,571945,Miles Mikolas,2.0,3.0,3.0,6,16,0,0,True,True,False,3.0,822740,1.0,822719,3.0,822753,2.0,822966,4.0,822758,2.0,823218
824420,2026-06-29,home,800048,Parker Messick,10.0,9.0,4.0,17,17,0,0,True,True,False,10.0,824584,10.0,824584,9.0,823772,9.0,823772,4.0,824428,4.0,824428
824420,2026-06-29,away,641302,Tyler Alexander,1.0,1.0,,2,37,0,0,True,True,False,1.0,823851,1.0,822795,1.0,824356,0.0,822794,,,2.0,823850
823771,2026-06-29,home,688107,Robert Gasser,7.0,5.0,7.0,9,9,0,0,True,True,False,7.0,824908,7.0,824908,5.0,823775,5.0,823775,7.0,824999,7.0,824999
823771,2026-06-29,away,666157,Nick Lodolo,6.0,2.0,5.0,11,12,0,0,True,True,False,6.0,824501,6.0,824501,2.0,824503,2.0,824503,3.0,823048,3.0,823048
824662,2026-06-29,home,684007,Shota Imanaga,4.0,3.0,7.0,18,18,0,0,True,True,False,4.0,823611,4.0,823611,3.0,824666,3.0,824666,7.0,824348,7.0,824348
824662,2026-06-29,away,656288,Griffin Canning,6.0,6.0,3.0,7,9,0,0,True,True,False,6.0,823292,2.0,823286,3.0,822729,2.0,823044,5.0,823296,6.0,823292
824176,2026-06-29,home,663567,Peter Lambert,6.0,5.0,6.0,11,13,0,0,True,True,False,6.0,822799,6.0,822799,5.0,824178,5.0,824178,6.0,824022,6.0,824022
824176,2026-06-29,away,805673,Zebby Matthews,5.0,4.0,4.0,10,10,0,0,True,True,False,5.0,823692,5.0,823692,4.0,822888,4.0,822888,2.0,823699,2.0,823699
824339,2026-06-29,home,807743,Sean Sullivan,3.0,2.0,2.0,3,5,0,0,True,True,False,3.0,824340,3.0,824340,2.0,824668,2.0,824668,1.0,831869,1.0,831869
824339,2026-06-29,away,645261,Sandy Alcantara,4.0,6.0,7.0,17,17,0,0,True,True,False,4.0,823849,4.0,823849,6.0,823450,6.0,823450,7.0,823857,7.0,823857
824986,2026-06-29,home,695611,Gage Jump,9.0,7.0,6.0,7,8,0,0,True,True,False,9.0,823208,9.0,823208,7.0,824989,7.0,824989,3.0,824183,3.0,824183
824986,2026-06-29,away,641778,Eric Lauer,4.0,5.0,1.0,11,14,0,0,True,True,False,4.0,823938,2.0,823692,5.0,823374,4.0,823938,1.0,825079,5.0,823374
823121,2026-06-29,home,669923,George Kirby,5.0,5.0,10.0,16,16,0,0,True,True,False,5.0,823365,5.0,823365,5.0,823127,5.0,823127,10.0,824831,10.0,824831
823121,2026-06-29,away,696270,Ryan Johnson,8.0,2.0,2.0,5,11,0,0,True,True,False,8.0,824017,8.0,824017,2.0,824989,2.0,824989,2.0,824702,0.0,824033
825065,2026-06-29,home,593958,Eduardo Rodriguez,5.0,5.0,3.0,14,14,0,0,True,True,False,5.0,823043,5.0,823043,5.0,825072,5.0,825072,5.0,825075,5.0,825075
825065,2026-06-29,away,641816,Tyler Mahle,4.0,3.0,6.0,15,15,0,0,True,True,False,4.0,823208,4.0,823208,3.0,823216,3.0,823216,6.0,825084,6.0,825084
824158,2026-08-05,home,686613,Hunter Brown,5.0,7.0,4.0,13,13,1,1,True,True,False,5.0,824164,5.0,824164,7.0,824571,7.0,824571,4.0,824168,4.0,824168
824158,2026-08-05,away,592791,Jameson Taillon,3.0,6.0,2.0,16,16,0,0,True,True,False,3.0,823354,3.0,823354,6.0,824654,6.0,824654,2.0,824670,2.0,824670
824646,2026-08-05,home,684007,Shota Imanaga,6.0,4.0,4.0,24,24,0,0,True,True,False,6.0,824651,6.0,824651,4.0,823355,4.0,823355,4.0,824653,4.0,824653
824646,2026-08-05,away,641778,Eric Lauer,4.0,5.0,3.0,15,18,1,1,True,True,False,4.0,823924,4.0,823924,5.0,823438,5.0,823438,3.0,823930,3.0,823930
822866,2026-08-05,home,674003,Cody Bradford,,,,0,0,0,0,True,True,False,,,,,,,,,,,,
822866,2026-08-05,away,687931,Carson Whisenhunt,3.0,7.0,4.0,6,7,0,0,True,True,False,3.0,823272,3.0,823272,7.0,823194,7.0,823194,4.0,823201,4.0,823201
824322,2026-08-05,home,608372,Tomoyuki Sugano,2.0,5.0,3.0,19,19,0,0,True,True,False,2.0,824325,2.0,824325,5.0,823759,5.0,823759,3.0,824331,3.0,824331
824322,2026-08-05,away,607259,Nick Martinez,2.0,5.0,0.0,23,24,0,0,True,True,False,2.0,822945,2.0,822945,5.0,822948,5.0,822948,0.0,822788,0.0,822788
824806,2026-08-05,home,669432,Trevor Rogers,6.0,6.0,8.0,21,21,2,2,True,True,False,6.0,824242,6.0,824242,6.0,824812,6.0,824812,8.0,824169,8.0,824169
824806,2026-08-05,away,672282,Reid Detmers,9.0,6.0,7.0,22,22,1,1,True,True,False,9.0,824003,9.0,824003,6.0,824004,6.0,824004,7.0,824009,7.0,824009
824402,2026-08-05,home,676440,Tanner Bibee,3.0,5.0,5.0,24,23,2,3,True,True,False,3.0,824407,3.0,824407,5.0,822948,5.0,822948,5.0,824410,5.0,824410
824402,2026-08-05,away,681035,Christian Scott,7.0,6.0,7.0,11,15,0,1,True,True,False,6.0,823761,6.0,823761,7.0,823440,7.0,823440,5.0,823605,5.0,823605
824482,2026-08-05,home,695076,Rhett Lowder,5.0,4.0,2.0,15,20,0,1,True,True,False,5.0,824488,5.0,824488,4.0,823031,4.0,823031,2.0,824331,2.0,824331
824482,2026-08-05,away,682052,Jacob Lopez,8.0,4.0,6.0,17,19,0,0,True,True,False,8.0,824973,8.0,824973,4.0,823680,4.0,823680,6.0,824978,6.0,824978
823429,2026-08-05,home,691725,Andrew Painter,6.0,3.0,4.0,14,15,0,0,True,True,False,6.0,824809,6.0,824809,3.0,823450,3.0,823450,4.0,823454,4.0,823454
823429,2026-08-05,away,663623,Jake Irvin,1.0,7.0,6.0,13,14,0,1,True,True,False,1.0,824894,1.0,824894,7.0,824920,7.0,824920,6.0,822734,6.0,822734
823516,2026-08-05,home,701542,Will Warren,7.0,5.0,2.0,23,25,0,1,True,True,False,7.0,824651,7.0,824651,5.0,823433,5.0,823433,2.0,822708,2.0,822708
823516,2026-08-05,away,669467,Andre Pallante,3.0,8.0,3.0,21,20,0,0,True,True,False,3.0,823023,3.0,823023,8.0,823027,8.0,823027,3.0,825057,3.0,825057
824728,2026-08-05,home,543243,Sonny Gray,5.0,3.0,5.0,22,22,1,1,True,True,False,5.0,824974,5.0,824974,3.0,824734,3.0,824734,5.0,824739,5.0,824739
824728,2026-08-05,away,680732,Sean Burke,10.0,10.0,5.0,19,21,1,1,True,True,False,10.0,824568,10.0,824568,10.0,824571,10.0,824571,5.0,822786,5.0,822786
824889,2026-08-05,home,693821,Bryce Elder,3.0,8.0,4.0,21,21,0,0,True,True,False,3.0,824892,3.0,824892,8.0,824811,8.0,824811,4.0,824898,4.0,824898
824889,2026-08-05,away,691587,Eury Pérez,6.0,2.0,9.0,18,21,1,3,True,True,False,6.0,823595,6.0,823595,2.0,823841,2.0,823841,9.0,823764,9.0,823764
824082,2026-08-05,home,702070,Noah Cameron,7.0,1.0,9.0,18,22,1,2,True,True,False,7.0,823674,7.0,823674,1.0,824086,8.0,824248,9.0,824813,1.0,824086
824082,2026-08-05,away,665152,Dean Kremer,4.0,5.0,5.0,6,8,0,1,True,True,False,4.0,824243,4.0,824243,5.0,824170,5.0,824170,4.0,824815,4.0,824815
823753,2026-08-05,home,690986,Kyle Harrison,2.0,3.0,9.0,17,19,1,1,True,True,False,2.0,823032,2.0,823032,3.0,825062,3.0,825062,9.0,823770,9.0,823770
823753,2026-08-05,away,694973,Paul Skenes,7.0,11.0,8.0,21,21,1,1,True,True,False,7.0,824486,7.0,824486,11.0,823355,11.0,823355,8.0,824411,8.0,824411
825052,2026-08-05,home,683352,Mitch Bratt,2.0,3.0,4.0,6,6,0,0,True,True,False,2.0,824407,2.0,824407,3.0,822704,3.0,822704,4.0,825058,4.0,825058
825052,2026-08-05,away,663554,Casey Mize,3.0,5.0,5.0,18,20,1,1,True,True,False,3.0,824244,3.0,824244,5.0,824007,5.0,824007,5.0,824249,5.0,824249
823106,2026-08-05,home,693433,Bryan Woo,8.0,5.0,7.0,19,21,1,3,True,True,False,8.0,823921,8.0,823921,5.0,822869,5.0,822869,7.0,823116,7.0,823116
823106,2026-08-05,away,623454,Drew Anderson,5.0,7.0,,2,40,0,2,True,True,False,5.0,824181,2.0,824971,7.0,824273,2.0,824242,,,0.0,824245
822950,2026-07-26,home,656876,Drew Rasmussen,5.0,2.0,2.0,19,20,2,2,True,True,False,5.0,822787,5.0,822787,2.0,822954,1.0,823443,2.0,824171,2.0,822954
822950,2026-07-26,away,800048,Parker Messick,6.0,1.0,3.0,21,22,0,0,True,True,False,6.0,824409,6.0,824409,1.0,823845,1.0,823443,3.0,824415,1.0,823845
822706,2026-07-26,home,571945,Miles Mikolas,3.0,3.0,2.0,8,20,0,2,True,True,False,3.0,822712,1.0,824329,3.0,824741,0.0,822711,3.0,822740,3.0,822712
822706,2026-07-26,away,684442,Kohl Drake,5.0,,,2,3,0,0,True,True,False,5.0,825056,5.0,825056,2.0,832862,2.0,832862,,,1.0,831888
823354,2026-07-26,home,677952,Braxton Ashcraft,2.0,6.0,7.0,19,19,1,1,True,True,False,2.0,823522,2.0,823522,7.0,822716,7.0,822716,8.0,823444,8.0,823444
823354,2026-07-26,away,592791,Jameson Taillon,6.0,2.0,6.0,15,15,0,0,True,True,False,6.0,824654,6.0,824654,2.0,824670,2.0,824670,6.0,824675,6.0,824675
824730,2026-07-26,home,624133,Ranger Suarez,5.0,8.0,9.0,17,16,1,1,True,True,False,5.0,824010,5.0,824010,8.0,824741,8.0,824741,9.0,824341,9.0,824341
824730,2026-07-26,away,592332,Kevin Gausman,1.0,8.0,8.0,20,21,3,4,True,True,False,1.0,822787,1.0,822787,8.0,823274,8.0,823274,8.0,823205,8.0,823205
824810,2026-07-26,home,669358,Shane Baz,6.0,9.0,3.0,20,18,1,1,True,True,False,6.0,824736,6.0,824736,9.0,824814,3.0,824820,3.0,824820,6.0,824822
824810,2026-07-26,away,625643,Reynaldo López,6.0,3.0,5.0,13,25,2,2,True,True,False,6.0,824895,6.0,824895,3.0,823030,3.0,823030,5.0,824900,5.0,824900
824246,2026-07-26,home,664285,Framber Valdez,1.0,9.0,1.0,21,22,1,1,True,True,False,1.0,824652,1.0,824652,9.0,824251,9.0,824251,1.0,822884,1.0,822884
824246,2026-07-26,away,679883,Luinder Avila,7.0,3.0,4.0,9,15,0,1,True,True,False,7.0,824085,7.0,824085,3.0,824817,3.0,824817,4.0,824091,4.0,824091
823599,2026-07-26,home,642547,Freddy Peralta,6.0,6.0,6.0,18,18,3,3,True,True,False,6.0,823762,6.0,823762,6.0,823603,6.0,823603,6.0,824900,6.0,824900
823599,2026-07-26,away,686218,Emmet Sheehan,6.0,7.0,5.0,16,19,0,1,True,True,False,6.0,823436,6.0,823436,7.0,823925,7.0,823925,5.0,823931,5.0,823931
823840,2026-07-26,home,676083,Janson Junk,3.0,5.0,3.0,13,15,0,0,True,True,False,3.0,824167,3.0,824167,5.0,823846,5.0,823846,3.0,823866,3.0,823866
823840,2026-07-26,away,621111,Walker Buehler,3.0,1.0,4.0,20,21,1,1,True,True,False,3.0,824895,3.0,824895,1.0,823276,1.0,823276,4.0,823282,4.0,823282
823678,2026-07-26,home,687570,Connor Prielipp,6.0,10.0,4.0,11,13,0,0,True,True,False,6.0,823684,6.0,823684,10.0,823686,10.0,823686,4.0,825069,4.0,825069
823678,2026-07-26,away,605488,Jeffrey Springs,2.0,4.0,2.0,20,20,2,3,True,True,False,2.0,825058,2.0,825058,4.0,824253,4.0,824253,6.0,823209,2.0,824984
824572,2026-07-26,home,607200,Erick Fedde,6.0,3.0,2.0,6,17,0,2,True,True,False,6.0,822874,6.0,822874,2.0,823701,3.0,824576,2.0,824599,4.0,824413
824572,2026-07-26,away,669854,Ronel Blanco,8.0,,,1,1,0,0,True,True,False,8.0,824167,8.0,824167,,,,,,,,
823755,2026-07-26,home,694819,Jacob Misiorowski,6.0,11.0,10.0,17,20,2,3,True,True,False,6.0,823762,6.0,823762,10.0,823765,10.0,823765,8.0,823773,8.0,823773
823755,2026-07-26,away,607536,Kyle Freeland,4.0,9.0,2.0,20,20,2,2,True,True,False,4.0,824328,4.0,824328,9.0,823198,9.0,823198,2.0,823930,2.0,823930
823028,2026-07-26,home,681517,Kyle Leahy,4.0,2.0,6.0,21,20,0,0,True,True,False,4.0,824006,4.0,824006,2.0,823033,2.0,823033,6.0,824658,6.0,824658
823028,2026-07-26,away,671096,Andrew Abbott,6.0,3.0,8.0,22,22,1,1,True,True,False,6.0,823112,6.0,823112,3.0,824491,3.0,824491,8.0,824495,8.0,824495
822870,2026-07-26,home,594798,Jacob deGrom,6.0,7.0,9.0,17,18,0,1,True,True,False,6.0,822874,6.0,822874,7.0,822881,7.0,822881,8.0,823850,9.0,824418
822870,2026-07-26,away,669302,Logan Gilbert,10.0,5.0,7.0,22,22,2,2,True,True,False,10.0,823113,10.0,823113,5.0,822953,5.0,822953,7.0,823118,7.0,823118
823194,2026-07-26,home,687931,Carson Whisenhunt,4.0,2.0,,4,5,0,0,True,True,False,4.0,823201,4.0,823201,2.0,824913,2.0,824913,6.0,831759,6.0,831759
823194,2026-07-26,away,667755,José Soriano,7.0,0.0,4.0,18,19,1,2,True,True,False,7.0,824006,7.0,824006,0.0,823681,4.0,822881,4.0,822881,9.0,823122
823433,2026-07-26,home,650911,Cristopher Sánchez,7.0,7.0,1.0,19,20,3,4,True,True,False,7.0,823436,7.0,823436,2.0,823443,2.0,823443,7.0,824249,7.0,824249
823433,2026-07-26,away,701542,Will Warren,2.0,3.0,7.0,21,23,0,1,True,True,False,2.0,822708,2.0,822708,3.0,822956,3.0,822956,0.0,824743,7.0,823530
824804,2026-08-06,home,687064,Brandon Young,5.0,6.0,7.0,12,14,1,1,True,True,False,5.0,824809,5.0,824809,6.0,824811,6.0,824811,7.0,824168,7.0,824168
824804,2026-08-06,away,696270,Ryan Johnson,3.0,4.0,5.0,11,17,1,1,True,True,False,3.0,823999,3.0,823999,4.0,823197,4.0,823197,5.0,824007,5.0,824007
824481,2026-08-06,home,671096,Andrew Abbott,1.0,4.0,6.0,24,24,1,1,True,True,False,1.0,824485,1.0,824485,4.0,823028,4.0,823028,6.0,823112,6.0,823112
824481,2026-08-06,away,686930,Mason Barnett,6.0,,,3,16,0,1,True,True,False,6.0,824974,6.0,824974,2.0,831949,2.0,823679,2.0,831934,0.0,824575
824401,2026-08-06,home,656492,Foster Griffin,3.0,2.0,2.0,22,23,0,0,True,True,False,3.0,824892,3.0,824892,2.0,822704,2.0,822704,2.0,824978,2.0,824978
824401,2026-08-06,away,690997,Nolan McLean,6.0,7.0,10.0,17,18,1,2,True,True,False,6.0,823595,6.0,823595,7.0,823600,7.0,823600,10.0,823439,10.0,823439
823754,2026-08-06,home,669160,Dustin May,3.0,8.0,6.0,24,24,0,0,True,True,False,3.0,823022,3.0,823022,8.0,823031,8.0,823031,6.0,825059,6.0,825059
823754,2026-08-06,away,677952,Braxton Ashcraft,5.0,5.0,2.0,21,21,1,1,True,True,False,5.0,824485,5.0,824485,5.0,823354,5.0,823354,2.0,823522,2.0,823522
823105,2026-08-06,home,682243,Bryce Miller,3.0,0.0,6.0,11,11,1,1,True,True,False,3.0,823111,3.0,823111,0.0,822872,0.0,822872,6.0,823115,6.0,823115
823105,2026-08-06,away,664285,Framber Valdez,6.0,4.0,1.0,23,24,1,1,True,True,False,6.0,824972,6.0,824972,4.0,824246,4.0,824246,1.0,824652,1.0,824652
823430,2026-08-06,home,650911,Cristopher Sánchez,11.0,6.0,7.0,21,22,3,4,True,True,False,11.0,824808,11.0,824808,6.0,823433,6.0,823433,7.0,823436,7.0,823436
823430,2026-08-06,away,571945,Miles Mikolas,3.0,1.0,3.0,10,22,0,2,True,True,False,3.0,824890,3.0,824890,1.0,822706,1.0,822706,3.0,822712,1.0,824329
824729,2026-08-06,home,624133,Ranger Suarez,2.0,6.0,5.0,19,18,1,1,True,True,False,2.0,823922,2.0,823922,6.0,824730,6.0,824730,5.0,824010,5.0,824010
824729,2026-08-06,away,622491,Luis Castillo,2.0,3.0,4.0,18,21,0,0,True,True,False,2.0,823923,2.0,823923,3.0,823114,3.0,823114,4.0,822955,4.0,822955
824885,2026-08-06,home,527048,Martín Pérez,6.0,4.0,3.0,15,22,0,1,True,True,False,6.0,824890,6.0,824890,4.0,823597,4.0,823597,3.0,824896,3.0,824896
824885,2026-08-06,away,676083,Janson Junk,4.0,6.0,3.0,15,17,0,0,True,True,False,4.0,823593,4.0,823593,6.0,823840,6.0,823840,3.0,824167,3.0,824167
824080,2026-08-06,home,608379,Michael Wacha,7.0,3.0,5.0,23,25,0,0,True,True,False,7.0,824325,7.0,824325,3.0,824244,3.0,824244,5.0,824087,5.0,824087
824080,2026-08-06,away,641927,Bailey Ober,3.0,2.0,7.0,18,18,0,0,True,True,False,3.0,823674,3.0,823674,2.0,824408,2.0,824408,7.0,824655,7.0,824655
825053,2026-08-06,home,684442,Kohl Drake,6.0,1.0,5.0,4,5,0,0,True,True,False,6.0,824405,6.0,824405,1.0,822706,1.0,822706,5.0,825056,5.0,825056
825053,2026-08-06,away,621111,Walker Buehler,1.0,7.0,3.0,22,23,1,1,True,True,False,1.0,823269,1.0,823269,7.0,823840,7.0,823840,3.0,824895,3.0,824895
822868,2026-07-27,home,677958,Kumar Rocker,6.0,6.0,4.0,15,19,1,1,True,True,False,6.0,822871,6.0,822871,6.0,822875,6.0,822875,4.0,822879,4.0,822879
822868,2026-07-27,away,669923,George Kirby,6.0,7.0,7.0,19,19,1,1,True,True,False,6.0,823112,6.0,823112,7.0,823848,7.0,823848,7.0,823121,7.0,823121
824245,2026-07-27,home,672456,Keider Montero,8.0,3.0,3.0,13,20,1,1,True,True,False,8.0,824650,8.0,824650,3.0,824255,5.0,824009,3.0,824260,5.0,824250
824245,2026-07-27,away,680694,Kyle Bradish,4.0,5.0,5.0,19,19,1,1,True,True,False,4.0,824732,4.0,824732,5.0,824813,5.0,824813,5.0,824497,5.0,824497
823353,2026-07-27,home,656605,Mitch Keller,6.0,3.0,1.0,20,21,1,2,True,True,False,6.0,823518,6.0,823518,3.0,823359,3.0,823359,1.0,822714,1.0,822714
823353,2026-07-27,away,518876,Merrill Kelly,3.0,3.0,6.0,19,19,1,1,True,True,False,3.0,825055,3.0,825055,3.0,825060,3.0,825060,6.0,823277,6.0,823277
823839,2026-07-27,home,663969,Tyler Phillips,2.0,1.0,3.0,10,27,0,0,True,True,False,2.0,824165,2.0,824165,1.0,823842,1.0,823842,3.0,823848,3.0,823848
823839,2026-07-27,away,554430,Zack Wheeler,9.0,10.0,14.0,13,14,0,1,True,True,False,9.0,823437,9.0,823437,10.0,824250,10.0,824250,14.0,824495,14.0,824495
822705,2026-07-27,home,678868,Eddy Yean,0.0,1.0,3.0,0,4,0,0,True,True,False,,,0.0,822704,,,1.0,824327,,,3.0,822715
822705,2026-07-27,away,453286,Max Scherzer,4.0,0.0,1.0,9,9,0,0,True,True,False,4.0,822804,4.0,822804,0.0,822827,0.0,822827,1.0,825098,1.0,825098
823597,2026-07-27,home,804267,Zac Thornton,2.0,5.0,7.0,5,5,0,0,True,True,False,2.0,823760,2.0,823760,7.0,823610,7.0,823610,3.0,822735,3.0,822735
823597,2026-07-27,away,527048,Martín Pérez,3.0,1.0,1.0,13,20,0,1,True,True,False,3.0,824896,3.0,824896,1.0,824902,1.0,824902,4.0,823284,1.0,824907
824570,2026-07-27,home,702273,Noah Schultz,2.0,4.0,3.0,9,12,1,3,True,True,False,2.0,822871,2.0,822871,4.0,824574,4.0,824574,3.0,824579,3.0,824579
824570,2026-07-27,away,608331,Max Fried,7.0,2.0,5.0,13,13,0,0,True,True,False,2.0,824841,2.0,824841,5.0,823794,5.0,823794,6.0,823555,6.0,823555
823025,2026-07-27,home,669461,Matthew Liberatore,7.0,6.0,3.0,18,19,2,4,True,True,False,7.0,824005,7.0,824005,6.0,823030,6.0,823030,3.0,824656,3.0,824656
823025,2026-07-27,away,656849,David Peterson,4.0,2.0,3.0,14,22,1,1,True,True,False,4.0,824652,4.0,824652,2.0,824816,2.0,824816,3.0,824659,3.0,824659
824001,2026-07-27,home,700712,Walbert Ureña,5.0,3.0,6.0,16,22,0,2,True,True,False,5.0,824005,5.0,824005,3.0,822880,3.0,822880,6.0,823119,6.0,823119
824001,2026-07-27,away,837227,Tatsuya Imai,8.0,3.0,2.0,14,14,1,1,True,True,False,8.0,824165,8.0,824165,3.0,822713,3.0,822713,10.0,824258,10.0,824258
824977,2026-07-27,home,678022,Jack Perkins,4.0,8.0,5.0,8,24,0,0,True,True,False,4.0,825056,4.0,825056,8.0,824982,2.0,824251,5.0,824015,8.0,824982
824977,2026-07-27,away,801139,Payton Tolle,9.0,7.0,6.0,13,16,0,0,True,True,False,9.0,824736,9.0,824736,6.0,824579,6.0,824579,7.0,824743,5.0,824740
823195,2026-07-27,home,641816,Tyler Mahle,4.0,4.0,5.0,19,19,2,2,True,True,False,4.0,824085,4.0,824085,4.0,823198,4.0,823198,5.0,824333,5.0,824333
823195,2026-07-27,away,687075,Brandon Sproat,4.0,3.0,4.0,15,18,0,1,True,True,False,4.0,823760,4.0,823760,4.0,825061,4.0,825061,10.0,824501,7.0,823768
823349,2026-08-07,home,669387,Carmen Mlodzinski,2.0,1.0,1.0,9,24,0,0,True,True,False,2.0,823380,4.0,824485,1.0,823057,1.0,823351,1.0,823225,2.0,823354
823349,2026-08-07,away,804267,Zac Thornton,2.0,5.0,2.0,7,7,0,0,True,True,False,2.0,823594,2.0,823594,5.0,823597,5.0,823597,2.0,823760,2.0,823760
823428,2026-08-07,home,554430,Zack Wheeler,3.0,6.0,9.0,15,16,0,1,True,True,False,3.0,824807,3.0,824807,6.0,823839,6.0,823839,9.0,823437,9.0,823437
823428,2026-08-07,away,667755,José Soriano,5.0,7.0,0.0,19,20,1,2,True,True,False,5.0,823194,5.0,823194,7.0,824006,7.0,824006,0.0,823681,4.0,822881
822699,2026-08-07,home,676917,Cade Cavalli,3.0,3.0,8.0,23,24,3,4,True,True,False,3.0,824891,3.0,824891,3.0,822703,3.0,822703,8.0,824327,8.0,824327
822699,2026-08-07,away,695534,Chase Petty,1.0,1.0,,2,15,0,0,True,True,False,1.0,824516,1.0,824487,1.0,824684,2.0,823027,,,0.0,823112
823515,2026-08-07,home,608331,Max Fried,7.0,4.0,7.0,15,15,0,0,True,True,False,7.0,824649,7.0,824649,4.0,824570,4.0,824570,2.0,824841,2.0,824841
823515,2026-08-07,away,641816,Tyler Mahle,9.0,3.0,4.0,21,21,2,2,True,True,False,9.0,823269,9.0,823269,3.0,823195,3.0,823195,4.0,824085,4.0,824085
824727,2026-08-07,home,801139,Payton Tolle,,,,15,18,0,0,True,True,False,7.0,823920,7.0,823920,7.0,824977,7.0,824977,9.0,824736,9.0,824736
824727,2026-08-07,away,678022,Jack Perkins,9.0,4.0,4.0,10,26,0,0,True,True,False,9.0,824972,9.0,824972,4.0,824977,4.0,824977,4.0,825056,4.0,825056
823836,2026-08-07,home,663969,Tyler Phillips,3.0,5.0,2.0,12,29,0,0,True,True,False,3.0,823594,3.0,823594,5.0,823839,5.0,823839,2.0,824165,2.0,824165
823836,2026-08-07,away,691946,George Klassen,2.0,4.0,,5,6,0,0,True,True,False,2.0,824535,2.0,824535,4.0,824053,4.0,824053,4.0,831804,4.0,831804
824566,2026-08-07,home,702273,Noah Schultz,5.0,2.0,4.0,10,14,1,3,True,True,False,5.0,824570,4.0,822944,2.0,822871,5.0,824570,4.0,824574,2.0,822871
824566,2026-08-07,away,800048,Parker Messick,6.0,6.0,6.0,23,24,0,0,True,True,False,6.0,824405,6.0,824405,6.0,822950,6.0,822950,6.0,824409,6.0,824409
823750,2026-08-07,home,675660,Shane Drohan,7.0,6.0,9.0,11,20,1,1,True,True,False,7.0,823999,7.0,823999,6.0,823759,6.0,823759,9.0,823763,9.0,823763
823750,2026-08-07,away,805673,Zebby Matthews,10.0,1.0,4.0,16,16,0,0,True,True,False,10.0,823111,10.0,823111,1.0,823680,1.0,823680,4.0,824653,4.0,824653
824081,2026-08-07,home,663738,Daniel Lynch IV,1.0,0.0,0.0,0,45,0,1,True,True,False,,,1.0,824084,,,0.0,823677,,,0.0,823676
824081,2026-08-07,away,592332,Kevin Gausman,4.0,6.0,1.0,22,23,3,4,True,True,False,4.0,822781,4.0,822781,6.0,824730,6.0,824730,1.0,822787,1.0,822787
823024,2026-08-07,home,681517,Kyle Leahy,3.0,9.0,4.0,23,22,0,0,True,True,False,3.0,822782,3.0,822782,9.0,823028,9.0,823028,4.0,824006,4.0,824006
823024,2026-08-07,away,663372,Ryan Feltner,3.0,4.0,3.0,17,18,0,0,True,True,False,3.0,824326,3.0,824326,4.0,823758,4.0,823758,3.0,824330,3.0,824330
822863,2026-08-07,home,543135,Nathan Eovaldi,5.0,8.0,2.0,21,21,1,1,True,True,False,5.0,824164,5.0,824164,8.0,822869,8.0,822869,2.0,824897,2.0,824897
822863,2026-08-07,away,669358,Shane Baz,4.0,2.0,6.0,22,20,1,1,True,True,False,4.0,824808,4.0,824808,2.0,824810,2.0,824810,6.0,824736,6.0,824736
825051,2026-08-07,home,518876,Merrill Kelly,5.0,6.0,3.0,21,21,1,1,True,True,False,5.0,824404,5.0,824404,6.0,823353,6.0,823353,3.0,825055,3.0,825055
825051,2026-08-07,away,808963,Roki Sasaki,7.0,9.0,5.0,20,20,1,1,True,True,False,7.0,823921,7.0,823921,9.0,823601,9.0,823601,5.0,823524,5.0,823524
823266,2026-08-07,home,592662,Robbie Ray,6.0,5.0,6.0,22,25,1,2,True,True,False,6.0,823271,6.0,823271,5.0,823197,5.0,823197,6.0,823113,6.0,823113
823266,2026-08-07,away,669854,Ronel Blanco,4.0,4.0,8.0,3,3,0,0,True,True,False,4.0,824162,4.0,824162,4.0,824572,4.0,824572,8.0,824167,8.0,824167
823103,2026-08-07,home,669302,Logan Gilbert,6.0,4.0,10.0,24,24,2,2,True,True,False,6.0,823109,6.0,823109,4.0,822870,4.0,822870,10.0,823113,10.0,823113
823103,2026-08-07,away,656876,Drew Rasmussen,10.0,9.0,5.0,21,22,2,2,True,True,False,10.0,822944,10.0,822944,9.0,822950,9.0,822950,5.0,822787,5.0,822787
823191,2026-08-07,home,664141,JT Brubaker,0.0,0.0,1.0,1,34,0,3,True,True,False,1.0,832862,0.0,822865,,,0.0,823270,,,1.0,823193
823191,2026-08-07,away,672456,Keider Montero,2.0,1.0,8.0,15,22,1,1,True,True,False,2.0,824971,2.0,824971,1.0,824245,1.0,824245,8.0,824650,8.0,824650
824489,2026-07-28,home,657571,Caleb Ferguson,0.0,1.0,2.0,0,21,0,2,True,True,False,,,0.0,823031,,,1.0,823112,,,2.0,824331
824489,2026-07-28,away,668909,Gavin Williams,11.0,11.0,11.0,21,20,0,0,True,True,False,11.0,824406,11.0,824406,11.0,823683,11.0,823683,6.0,824417,6.0,824417
824243,2026-07-28,home,675512,Troy Melton,5.0,9.0,9.0,8,9,1,1,True,True,False,5.0,824247,5.0,824247,9.0,824009,9.0,824009,9.0,824253,9.0,824253
824243,2026-07-28,away,665152,Dean Kremer,5.0,5.0,4.0,5,7,0,1,True,True,False,5.0,824170,5.0,824170,4.0,824815,4.0,824815,7.0,824451,4.0,824818
823350,2026-07-28,home,696149,Bubba Chandler,5.0,6.0,0.0,16,18,2,3,True,True,False,6.0,823356,6.0,823356,0.0,822715,0.0,822715,4.0,823366,6.0,823445
823350,2026-07-28,away,694297,Brandon Pfaadt,1.0,3.0,2.0,9,18,1,2,True,True,False,3.0,825059,3.0,825059,2.0,823926,2.0,823926,6.0,823282,6.0,823282
822949,2026-07-28,home,643377,Griffin Jax,5.0,6.0,3.0,10,23,2,4,True,True,False,5.0,822784,5.0,822784,3.0,822953,3.0,822953,10.0,822958,10.0,822958
822949,2026-07-28,away,615698,Cal Quantrill,3.0,1.0,2.0,6,20,0,0,True,True,False,3.0,824901,1.0,822873,1.0,822878,3.0,824901,2.0,822882,1.0,822878
823838,2026-07-28,home,645261,Sandy Alcantara,3.0,7.0,8.0,22,22,1,1,True,True,False,3.0,824166,3.0,824166,7.0,823766,7.0,823766,8.0,823845,8.0,823845
823838,2026-07-28,away,605400,Aaron Nola,4.0,6.0,8.0,20,20,2,2,True,True,False,4.0,823438,4.0,823438,6.0,823440,6.0,823440,8.0,824252,8.0,824252
822703,2026-07-28,home,676917,Cade Cavalli,8.0,9.0,5.0,21,22,3,4,True,True,False,8.0,824327,8.0,824327,9.0,824981,9.0,824981,5.0,822708,5.0,822708
822703,2026-07-28,away,669456,Shane Bieber,3.0,6.0,4.0,6,6,0,0,True,True,False,3.0,822785,3.0,822785,6.0,822790,6.0,822790,4.0,823278,4.0,823278
823676,2026-07-28,home,671737,Taj Bradley,5.0,6.0,6.0,19,18,0,0,True,True,False,5.0,824406,5.0,824406,6.0,824657,6.0,824657,6.0,823681,10.0,823687
823676,2026-07-28,away,607625,Seth Lugo,5.0,3.0,6.0,17,16,1,1,True,True,False,5.0,824083,5.0,824083,3.0,824090,3.0,824090,6.0,824814,4.0,823607
824569,2026-07-28,home,641743,Anthony Kay,4.0,5.0,4.0,21,23,0,0,True,True,False,4.0,822873,4.0,822873,5.0,822789,5.0,822789,4.0,824577,4.0,824577
824569,2026-07-28,away,543037,Gerrit Cole,11.0,8.0,6.0,13,13,0,0,True,True,False,11.0,823518,11.0,823518,8.0,823524,8.0,823524,6.0,822957,6.0,822957
823026,2026-07-28,home,700241,Michael McGreevy,3.0,5.0,6.0,18,18,2,2,True,True,False,5.0,825060,5.0,825060,6.0,823032,6.0,823032,4.0,823039,4.0,823039
823026,2026-07-28,away,607067,Colin Rea,5.0,6.0,2.0,16,21,0,2,True,True,False,5.0,824650,5.0,824650,6.0,824655,6.0,824655,2.0,824815,2.0,824815
824003,2026-07-28,home,672282,Reid Detmers,6.0,7.0,6.0,21,21,1,1,True,True,False,6.0,824004,6.0,824004,7.0,824009,7.0,824009,6.0,822877,6.0,822877
824003,2026-07-28,away,663567,Peter Lambert,3.0,10.0,7.0,16,18,2,2,True,True,False,3.0,824166,3.0,824166,10.0,824170,10.0,824170,7.0,822875,7.0,822875
824976,2026-07-28,home,695611,Gage Jump,5.0,8.0,7.0,12,13,2,2,True,True,False,5.0,825055,5.0,825055,8.0,824981,8.0,824981,7.0,824576,7.0,824576
824976,2026-07-28,away,687562,Jake Bennett,4.0,3.0,4.0,7,8,0,1,True,True,False,4.0,824578,4.0,824578,6.0,824013,6.0,824013,3.0,824745,3.0,824745
823275,2026-07-28,home,650633,Michael King,7.0,4.0,4.0,21,22,1,1,True,True,False,7.0,824896,7.0,824896,4.0,824090,4.0,824090,4.0,823279,4.0,823279
823275,2026-07-28,away,547179,Michael Lorenzen,5.0,1.0,5.0,21,22,1,1,True,True,False,5.0,824329,5.0,824329,1.0,823199,1.0,823199,5.0,823929,5.0,823929
823193,2026-07-28,home,694738,Landen Roupp,7.0,2.0,5.0,20,19,1,2,True,True,False,7.0,824083,7.0,824083,2.0,823115,2.0,823115,5.0,823205,5.0,823205
823193,2026-07-28,away,701656,Logan Henderson,9.0,4.0,4.0,7,9,0,0,True,True,False,9.0,823761,9.0,823761,4.0,823766,4.0,823766,4.0,823034,4.0,823034
823923,2026-07-28,home,680736,Justin Wrobleski,7.0,9.0,11.0,13,17,0,1,True,True,False,7.0,823437,7.0,823437,9.0,823929,5.0,823443,3.0,823690,9.0,823929
823923,2026-07-28,away,622491,Luis Castillo,3.0,4.0,4.0,17,20,0,0,True,True,False,3.0,823114,3.0,823114,4.0,822955,4.0,822955,4.0,823120,4.0,823120
823514,2026-08-08,home,543037,Gerrit Cole,5.0,7.0,11.0,15,15,0,0,True,True,False,5.0,824648,5.0,824648,7.0,824569,7.0,824569,11.0,823518,11.0,823518
823514,2026-08-08,away,519242,Chris Sale,9.0,11.0,6.0,19,18,0,0,True,True,False,11.0,824893,11.0,824893,6.0,824901,6.0,824901,5.0,823033,5.0,823033
824726,2026-08-08,home,687562,Jake Bennett,4.0,4.0,4.0,9,10,0,1,True,True,False,4.0,823919,4.0,823919,4.0,824976,4.0,824976,4.0,824578,4.0,824578
824726,2026-08-08,away,695611,Gage Jump,5.0,7.0,5.0,14,15,2,2,True,True,False,5.0,824971,5.0,824971,7.0,824976,7.0,824976,5.0,825055,5.0,825055
823834,2026-08-08,home,645261,Sandy Alcantara,5.0,5.0,3.0,24,24,1,1,True,True,False,5.0,823592,5.0,823592,5.0,823838,5.0,823838,3.0,824166,3.0,824166
823834,2026-08-08,away,700712,Walbert Ureña,7.0,5.0,5.0,18,24,0,2,True,True,False,7.0,823996,7.0,823996,5.0,824001,5.0,824001,5.0,824005,5.0,824005
823426,2026-08-08,home,605400,Aaron Nola,5.0,4.0,4.0,22,22,2,2,True,True,False,5.0,823431,5.0,823431,4.0,823838,4.0,823838,4.0,823438,4.0,823438
823426,2026-08-08,away,453286,Max Scherzer,5.0,4.0,4.0,11,11,0,0,True,True,False,5.0,822783,5.0,822783,4.0,822705,4.0,822705,4.0,822804,4.0,822804
823348,2026-08-08,home,696149,Bubba Chandler,5.0,3.0,5.0,18,20,2,3,True,True,False,5.0,823757,5.0,823757,3.0,823350,3.0,823350,6.0,823356,6.0,823356
823348,2026-08-08,away,476594,Robert Stock,4.0,,,2,2,0,0,True,True,False,4.0,823592,4.0,823592,3.0,831436,3.0,831436,,,,
822701,2026-08-08,home,674841,Andrew Alvarez,5.0,2.0,3.0,9,18,0,0,True,True,False,5.0,823431,5.0,823431,2.0,824328,3.0,822705,3.0,822713,2.0,824328
822701,2026-08-08,away,695505,Chase Burns,9.0,4.0,6.0,23,23,1,1,True,True,False,9.0,824483,9.0,824483,6.0,823114,6.0,823114,2.0,824496,2.0,824496
824079,2026-08-08,home,607625,Seth Lugo,3.0,2.0,5.0,19,18,1,1,True,True,False,3.0,824323,3.0,824323,2.0,823676,2.0,823676,5.0,824083,5.0,824083
824079,2026-08-08,away,605280,Clay Holmes,8.0,6.0,6.0,9,9,0,0,True,True,False,8.0,823629,8.0,823629,6.0,825089,6.0,825089,6.0,824043,6.0,824043
823752,2026-08-08,home,688107,Robert Gasser,6.0,4.0,5.0,15,15,0,0,True,True,False,6.0,824000,6.0,824000,4.0,823758,4.0,823758,5.0,823764,5.0,823764
823752,2026-08-08,away,671737,Taj Bradley,2.0,10.0,5.0,21,20,0,0,True,True,False,2.0,823107,2.0,823107,10.0,823676,10.0,823676,5.0,824406,5.0,824406
823267,2026-08-08,home,650633,Michael King,5.0,6.0,7.0,23,24,1,1,True,True,False,5.0,825095,5.0,825095,6.0,823275,6.0,823275,7.0,824896,7.0,824896
823267,2026-08-08,away,663567,Peter Lambert,8.0,6.0,3.0,18,20,2,2,True,True,False,8.0,824163,8.0,824163,6.0,824003,6.0,824003,3.0,824166,3.0,824166
823188,2026-08-08,home,694738,Landen Roupp,6.0,1.0,7.0,22,21,1,2,True,True,False,6.0,823270,6.0,823270,1.0,823193,1.0,823193,7.0,824083,7.0,824083
823188,2026-08-08,away,695549,Jackson Jobe,,,,0,0,0,0,True,True,False,,,,,,,,,,,,
823021,2026-08-08,home,669461,Matthew Liberatore,7.0,5.0,7.0,20,21,2,4,True,True,False,7.0,822783,7.0,822783,5.0,823025,5.0,823025,7.0,824005,7.0,824005
823021,2026-08-08,away,607536,Kyle Freeland,8.0,2.0,4.0,22,22,2,2,True,True,False,8.0,824323,8.0,824323,2.0,823755,2.0,823755,4.0,824328,4.0,824328
822864,2026-08-08,home,594798,Jacob deGrom,3.0,4.0,6.0,19,20,0,1,True,True,False,3.0,824162,3.0,824162,4.0,822870,4.0,822870,6.0,822874,6.0,822874
822864,2026-08-08,away,680694,Kyle Bradish,3.0,4.0,4.0,21,21,1,1,True,True,False,3.0,824807,3.0,824807,4.0,824245,4.0,824245,4.0,824732,4.0,824732
824565,2026-08-08,home,641743,Anthony Kay,3.0,7.0,4.0,23,25,0,0,True,True,False,3.0,822943,3.0,822943,7.0,824569,7.0,824569,4.0,822873,4.0,822873
824565,2026-08-08,away,668909,Gavin Williams,10.0,12.0,11.0,23,22,0,0,True,True,False,10.0,824404,10.0,824404,12.0,824489,12.0,824489,11.0,824406,11.0,824406
825049,2026-08-08,home,694297,Brandon Pfaadt,3.0,4.0,1.0,11,20,1,2,True,True,False,3.0,825095,3.0,825095,4.0,823350,4.0,823350,3.0,825059,3.0,825059
825049,2026-08-08,away,808967,Yoshinobu Yamamoto,3.0,5.0,7.0,16,16,3,3,True,True,False,3.0,823920,3.0,823920,5.0,823600,5.0,823600,6.0,823926,6.0,823926
823102,2026-08-08,home,669923,George Kirby,3.0,3.0,6.0,21,21,1,1,True,True,False,3.0,823107,3.0,823107,3.0,822868,3.0,822868,6.0,823112,6.0,823112
823102,2026-08-08,away,668984,Casey Legumina,0.0,2.0,0.0,3,37,1,4,True,True,False,0.0,822947,1.0,824321,2.0,822785,0.0,824324,0.0,822961,1.0,822946
823837,2026-07-29,home,687473,Ryan Gusto,4.0,2.0,4.0,8,14,0,0,True,True,False,4.0,823843,4.0,823843,2.0,824335,2.0,824165,4.0,823038,2.0,823763
823837,2026-07-29,away,666200,Jesús Luzardo,9.0,7.0,11.0,24,25,0,0,True,True,False,9.0,823434,9.0,823434,7.0,823441,7.0,823441,11.0,824494,1.0,823443
823351,2026-07-29,home,683003,Jared Jones,5.0,9.0,8.0,9,9,0,0,True,True,False,5.0,823352,5.0,823352,8.0,823360,8.0,823360,6.0,823442,6.0,823442
823351,2026-07-29,away,593958,Eduardo Rodriguez,4.0,3.0,5.0,19,20,1,1,True,True,False,4.0,822707,4.0,822707,3.0,825057,3.0,825057,5.0,823927,0.0,823443
822702,2026-07-29,home,641793,Zack Littell,4.0,3.0,2.0,13,21,0,0,True,True,False,4.0,824979,5.0,822707,3.0,824821,4.0,824979,2.0,822721,5.0,822709
822702,2026-07-29,away,702056,Trey Yesavage,9.0,9.0,1.0,12,12,1,1,True,True,False,9.0,824733,9.0,824733,9.0,822786,9.0,822786,1.0,823276,1.0,823276
824242,2026-07-29,home,669373,Tarik Skubal,12.0,9.0,5.0,14,15,1,2,True,True,False,12.0,824248,12.0,824248,9.0,824008,9.0,824008,5.0,824250,5.0,824250
824242,2026-07-29,away,669432,Trevor Rogers,6.0,8.0,4.0,20,20,2,2,True,True,False,6.0,824812,6.0,824812,8.0,824169,8.0,824169,4.0,824816,4.0,824816
823596,2026-07-29,home,640455,Sean Manaea,3.0,7.0,6.0,10,23,0,1,True,True,False,3.0,823601,3.0,823601,7.0,823441,7.0,823441,6.0,823606,6.0,823606
823596,2026-07-29,away,700363,AJ Smith-Shawver,,,,0,0,0,0,True,True,False,,,,,,,,,,,,
823192,2026-07-29,home,657277,Logan Webb,4.0,5.0,2.0,17,17,0,0,True,True,False,4.0,823196,4.0,823196,5.0,823116,5.0,823116,2.0,823202,2.0,823202
823192,2026-07-29,away,623381,Thomas Pannone,,,,0,0,0,0,True,True,False,,,,,,,,,,,,
823273,2026-07-29,home,606996,Kyle Hart,1.0,2.0,,3,30,0,0,True,True,False,1.0,824893,2.0,823843,2.0,823283,1.0,824893,1.0,831735,2.0,824898
823273,2026-07-29,away,687312,Gabriel Hughes,5.0,6.0,7.0,3,5,0,0,True,True,False,5.0,824327,5.0,824327,6.0,824332,6.0,824332,7.0,823928,7.0,823928
822947,2026-07-29,home,668984,Casey Legumina,2.0,0.0,1.0,2,33,1,4,True,True,False,2.0,822785,2.0,822785,0.0,822961,1.0,822788,,,0.0,824738
822947,2026-07-29,away,669022,MacKenzie Gore,5.0,7.0,4.0,22,24,2,3,True,True,False,5.0,822872,5.0,822872,7.0,824899,7.0,824899,4.0,822876,4.0,822876
824487,2026-07-29,home,663903,Brady Singer,6.0,6.0,5.0,23,24,1,2,True,True,False,6.0,823110,6.0,823110,6.0,824332,6.0,824332,5.0,824494,5.0,824494
824487,2026-07-29,away,676282,Joey Cantillo,4.0,7.0,9.0,22,25,3,4,True,True,False,4.0,822952,4.0,822952,7.0,824411,7.0,824411,9.0,823842,9.0,823842
823677,2026-07-29,home,657746,Joe Ryan,3.0,6.0,9.0,19,21,3,4,True,True,False,3.0,824410,3.0,824410,6.0,823682,2.0,823443,9.0,823525,6.0,823682
823677,2026-07-29,away,677976,Randy Dobnak,3.0,3.0,,3,7,0,0,True,True,False,3.0,824247,3.0,824247,3.0,824088,3.0,824088,2.0,831755,2.0,823605
824567,2026-07-29,home,663436,Davis Martin,3.0,5.0,2.0,22,23,0,0,True,True,False,3.0,824573,3.0,824573,5.0,822790,5.0,822790,2.0,824578,2.0,824578
824567,2026-07-29,away,693645,Cam Schlittler,12.0,8.0,6.0,20,21,3,4,True,True,False,12.0,823434,12.0,823434,6.0,822711,6.0,822711,8.0,822958,8.0,822958
823022,2026-07-29,home,669160,Dustin May,8.0,6.0,4.0,23,23,0,0,True,True,False,8.0,823031,8.0,823031,6.0,825059,6.0,825059,4.0,823029,4.0,823029
823022,2026-07-29,away,571510,Matthew Boyd,4.0,4.0,3.0,9,11,2,3,True,True,False,4.0,823352,4.0,823352,4.0,824657,4.0,824657,3.0,824491,3.0,824491
824002,2026-07-29,home,680570,Grayson Rodriguez,3.0,3.0,0.0,11,11,0,0,True,True,False,3.0,823196,3.0,823196,3.0,824008,3.0,824008,0.0,823685,0.0,823685
824002,2026-07-29,away,669713,Hayden Wesneski,,,,0,0,0,0,True,True,False,,,,,,,,,,,,
824973,2026-07-29,home,682052,Jacob Lopez,4.0,6.0,1.0,16,18,0,0,True,True,False,4.0,823680,4.0,823680,6.0,824978,6.0,824978,1.0,824575,1.0,824575
824973,2026-07-29,away,663776,Patrick Sandoval,3.0,5.0,5.0,3,3,0,0,True,True,False,3.0,824733,3.0,824733,5.0,824738,5.0,824738,5.0,824577,5.0,824577
823924,2026-07-29,home,641778,Eric Lauer,5.0,3.0,2.0,14,17,1,1,True,True,False,5.0,823438,5.0,823438,3.0,823930,3.0,823930,2.0,824986,2.0,824986
823924,2026-07-29,away,676106,Emerson Hancock,3.0,2.0,5.0,16,18,1,1,True,True,False,3.0,823110,3.0,823110,2.0,822951,2.0,822951,5.0,823117,5.0,823117
822700,2026-08-09,home,695418,Brad Lord,1.0,,,1,29,0,1,True,True,False,2.0,831475,0.0,823429,,,0.0,822715,,,1.0,824740
822700,2026-08-09,away,663903,Brady Singer,6.0,3.0,6.0,25,26,1,2,True,True,False,6.0,824484,6.0,824484,3.0,824487,3.0,824487,6.0,823110,6.0,823110
824724,2026-08-09,home,669062,Erik Miller,3.0,1.0,0.0,0,39,0,2,True,True,False,,,3.0,824729,,,1.0,824731,,,0.0,823270
824724,2026-08-09,away,669372,J.T. Ginn,5.0,7.0,7.0,18,24,0,1,True,True,False,5.0,824484,5.0,824484,7.0,824979,7.0,824979,7.0,824574,7.0,824574
823345,2026-08-09,home,683003,Jared Jones,4.0,5.0,5.0,11,11,0,0,True,True,False,4.0,823756,4.0,823756,5.0,823351,5.0,823351,5.0,823352,5.0,823352
823345,2026-08-09,away,640455,Sean Manaea,7.0,4.0,3.0,12,25,0,1,True,True,False,7.0,824403,7.0,824403,4.0,823596,4.0,823596,3.0,823601,3.0,823601
823425,2026-08-09,home,666200,Jesús Luzardo,7.0,5.0,9.0,26,27,0,0,True,True,False,7.0,823432,7.0,823432,5.0,823837,5.0,823837,9.0,823434,9.0,823434
823425,2026-08-09,away,669456,Shane Bieber,6.0,0.0,3.0,8,8,0,0,True,True,False,6.0,824160,6.0,824160,0.0,822703,0.0,822703,3.0,822785,3.0,822785
823513,2026-08-09,home,693645,Cam Schlittler,6.0,8.0,12.0,22,23,3,4,True,True,False,6.0,823520,6.0,823520,8.0,824567,8.0,824567,12.0,823434,12.0,823434
823513,2026-08-09,away,656550,Grant Holmes,5.0,4.0,5.0,24,25,0,1,True,True,False,5.0,824888,5.0,824888,4.0,824894,4.0,824894,5.0,824812,5.0,824812
823835,2026-08-09,home,687473,Ryan Gusto,5.0,3.0,4.0,10,16,0,0,True,True,False,5.0,824888,5.0,824888,3.0,823837,3.0,823837,4.0,823843,4.0,823843
823835,2026-08-09,away,680570,Grayson Rodriguez,6.0,6.0,3.0,13,13,0,0,True,True,False,6.0,824805,6.0,824805,6.0,824002,6.0,824002,3.0,823196,3.0,823196
824078,2026-08-09,home,677976,Randy Dobnak,1.0,4.0,3.0,5,9,0,0,True,True,False,1.0,824084,1.0,824084,4.0,823677,4.0,823677,3.0,824247,3.0,824247
824078,2026-08-09,away,571510,Matthew Boyd,3.0,5.0,4.0,11,13,2,3,True,True,False,3.0,824647,3.0,824647,5.0,823022,5.0,823022,4.0,823352,4.0,823352
824564,2026-08-09,home,663436,Davis Martin,1.0,6.0,3.0,24,25,0,0,True,True,False,1.0,824731,1.0,824731,6.0,824567,6.0,824567,3.0,824573,3.0,824573
824564,2026-08-09,away,676282,Joey Cantillo,5.0,8.0,4.0,24,27,3,4,True,True,False,5.0,824403,5.0,824403,8.0,824487,8.0,824487,4.0,822952,4.0,822952
823751,2026-08-09,home,694819,Jacob Misiorowski,10.0,12.0,6.0,19,22,2,3,True,True,False,10.0,823996,10.0,823996,12.0,823755,12.0,823755,6.0,823762,6.0,823762
823751,2026-08-09,away,687570,Connor Prielipp,5.0,5.0,6.0,13,15,0,0,True,True,False,5.0,823109,5.0,823109,5.0,823678,5.0,823678,6.0,823684,6.0,823684
823020,2026-08-09,home,700241,Michael McGreevy,5.0,2.0,3.0,20,20,2,2,True,True,False,5.0,823520,5.0,823520,2.0,823026,2.0,823026,5.0,825060,5.0,825060
823020,2026-08-09,away,547179,Michael Lorenzen,0.0,2.0,5.0,23,24,1,1,True,True,False,0.0,824324,0.0,824324,2.0,823275,2.0,823275,5.0,824329,5.0,824329
822862,2026-08-09,home,677958,Kumar Rocker,5.0,7.0,6.0,17,21,1,1,True,True,False,5.0,824163,5.0,824163,7.0,822868,7.0,822868,6.0,822871,6.0,822871
822862,2026-08-09,away,700249,Cade Povich,7.0,1.0,4.0,4,6,0,1,True,True,False,7.0,824805,7.0,824805,5.0,824859,4.0,823557,4.0,831565,5.0,824859
823190,2026-08-09,home,657277,Logan Webb,8.0,4.0,4.0,19,19,0,0,True,True,False,8.0,822867,8.0,822867,4.0,823192,4.0,823192,4.0,823196,4.0,823196
823190,2026-08-09,away,675512,Troy Melton,4.0,5.0,5.0,10,11,1,1,True,True,False,4.0,823108,4.0,823108,5.0,824243,5.0,824243,5.0,824247,5.0,824247
825050,2026-08-09,home,593958,Eduardo Rodriguez,4.0,2.0,4.0,20,22,1,1,True,True,False,2.0,823351,4.0,825054,4.0,822707,2.0,823351,3.0,825057,4.0,822707
825050,2026-08-09,away,680736,Justin Wrobleski,4.0,7.0,7.0,15,19,0,1,True,True,False,4.0,824647,4.0,824647,7.0,823923,7.0,823923,7.0,823437,7.0,823437
823104,2026-08-09,home,676106,Emerson Hancock,6.0,5.0,3.0,18,20,1,1,True,True,False,6.0,823108,6.0,823108,5.0,823924,5.0,823924,3.0,823110,3.0,823110
823104,2026-08-09,away,693855,Ian Seymour,9.0,4.0,3.0,8,36,0,4,True,True,False,9.0,824324,9.0,824324,4.0,824738,4.0,822947,3.0,822951,7.0,822785
823268,2026-08-09,home,681190,Randy Vásquez,1.0,0.0,0.0,18,24,1,1,True,True,False,0.0,823841,1.0,825054,0.0,823935,1.0,823271,1.0,822886,0.0,823841
823268,2026-08-09,away,664299,Cristian Javier,2.0,4.0,1.0,9,13,0,0,True,True,False,2.0,824160,2.0,824160,4.0,822876,7.0,824001,1.0,824374,2.0,824168
822946,2026-07-30,home,663556,Shane McClanahan,3.0,3.0,5.0,19,20,1,2,True,True,False,3.0,822952,3.0,822952,3.0,824739,3.0,824739,5.0,822957,5.0,822957
822946,2026-07-30,away,668390,Cole Winn,1.0,0.0,2.0,0,41,0,2,True,True,False,,,1.0,822870,,,0.0,822872,,,2.0,824897
823674,2026-07-30,home,641927,Bailey Ober,2.0,7.0,5.0,17,17,0,0,True,True,False,2.0,824408,2.0,824408,7.0,824655,7.0,824655,5.0,823683,5.0,823683
823674,2026-07-30,away,702070,Noah Cameron,1.0,9.0,7.0,17,21,1,2,True,True,False,1.0,824086,8.0,824248,9.0,824813,1.0,824086,7.0,824089,9.0,824813
824568,2026-07-30,home,680732,Sean Burke,10.0,5.0,9.0,18,20,1,1,True,True,False,10.0,824571,10.0,824571,5.0,822786,5.0,822786,9.0,824575,9.0,824575
824568,2026-07-30,away,677960,Ryan Weathers,7.0,5.0,6.0,22,23,2,2,True,True,False,7.0,823435,7.0,823435,5.0,823522,5.0,823522,6.0,822709,6.0,822709
823023,2026-07-30,home,669467,Andre Pallante,8.0,3.0,2.0,20,19,0,0,True,True,False,8.0,823027,8.0,823027,3.0,825057,3.0,825057,2.0,823034,2.0,823034
823023,2026-07-30,away,665871,Javier Assad,4.0,2.0,5.0,6,15,1,2,True,True,False,4.0,824492,3.0,823355,2.0,824656,2.0,824654,1.0,824668,4.0,824492
824488,2026-07-30,home,695076,Rhett Lowder,4.0,2.0,8.0,14,19,0,1,True,True,False,4.0,823031,4.0,823031,2.0,824331,2.0,824331,6.0,824500,1.0,824491
824488,2026-07-30,away,670990,Yohan Ramírez,1.0,2.0,0.0,1,42,0,4,True,True,False,2.0,831451,1.0,823353,,,2.0,823352,,,1.0,824412
823595,2026-07-30,home,690997,Nolan McLean,7.0,10.0,7.0,16,17,1,2,True,True,False,7.0,823600,7.0,823600,10.0,823439,10.0,823439,7.0,823604,7.0,823604
823595,2026-07-30,away,691587,Eury Pérez,2.0,9.0,6.0,17,20,1,3,True,True,False,2.0,823841,2.0,823841,9.0,823764,9.0,823764,6.0,823844,6.0,823844
824894,2026-07-30,home,656550,Grant Holmes,5.0,2.0,5.0,22,23,0,1,True,True,False,5.0,824812,5.0,824812,2.0,824897,2.0,824897,5.0,823360,5.0,823360
824894,2026-07-30,away,663623,Jake Irvin,7.0,6.0,4.0,12,13,0,1,True,True,False,7.0,824920,7.0,824920,6.0,822734,6.0,822734,4.0,824519,4.0,824519
824974,2026-07-30,home,686930,Mason Barnett,2.0,0.0,0.0,2,15,0,1,True,True,False,2.0,831949,2.0,823679,2.0,831934,0.0,824575,,,0.0,824253
824974,2026-07-30,away,543243,Sonny Gray,3.0,5.0,3.0,21,21,1,1,True,True,False,3.0,824734,3.0,824734,5.0,824739,5.0,824739,3.0,823604,3.0,823604
823271,2026-07-30,home,676664,JP Sears,3.0,3.0,5.0,4,8,0,1,True,True,False,3.0,824898,3.0,823841,3.0,823278,3.0,824898,5.0,823931,3.0,823278
823271,2026-07-30,away,592662,Robbie Ray,5.0,6.0,4.0,21,24,1,2,True,True,False,5.0,823197,5.0,823197,6.0,823113,6.0,823113,4.0,823200,4.0,823200
823921,2026-07-30,home,808963,Roki Sasaki,9.0,5.0,5.0,19,19,1,1,True,True,False,9.0,823601,9.0,823601,5.0,823524,5.0,823524,5.0,823928,5.0,823928
823921,2026-07-30,away,693433,Bryan Woo,5.0,7.0,5.0,18,20,1,3,True,True,False,5.0,822869,5.0,822869,7.0,823116,7.0,823116,5.0,823847,5.0,823847
822780,2026-08-10,home,592791,Jameson Taillon,4.0,3.0,6.0,17,17,0,0,True,True,False,4.0,824158,4.0,824158,3.0,823354,3.0,823354,6.0,824654,6.0,824654
822780,2026-08-10,away,543243,Sonny Gray,8.0,5.0,3.0,23,23,1,1,True,True,False,8.0,824728,8.0,824728,5.0,824974,5.0,824974,3.0,824734,3.0,824734
824887,2026-08-10,home,693821,Bryce Elder,3.0,3.0,8.0,22,22,0,0,True,True,False,3.0,824889,3.0,824889,3.0,824892,3.0,824892,8.0,824811,8.0,824811
824887,2026-08-10,away,681035,Christian Scott,7.0,7.0,6.0,12,16,0,1,True,True,False,7.0,824402,7.0,824402,6.0,823761,6.0,823761,7.0,823440,7.0,823440
823675,2026-08-10,home,665152,Dean Kremer,2.0,4.0,5.0,7,9,0,1,True,True,False,2.0,824082,2.0,824082,4.0,824243,4.0,824243,5.0,824170,5.0,824170
823675,2026-08-10,away,669432,Trevor Rogers,9.0,6.0,6.0,22,22,2,2,True,True,False,9.0,824806,9.0,824806,6.0,824242,6.0,824242,6.0,824812,6.0,824812
823018,2026-08-10,home,690928,Hunter Dobbins,4.0,5.0,4.0,3,6,0,0,True,True,False,4.0,823517,4.0,823517,5.0,824004,4.0,823025,4.0,823035,5.0,824004
823018,2026-08-10,away,691725,Andrew Painter,4.0,6.0,3.0,15,16,0,0,True,True,False,4.0,823429,4.0,823429,6.0,824809,6.0,824809,3.0,823450,3.0,823450
823998,2026-08-10,home,672282,Reid Detmers,5.0,9.0,6.0,23,23,1,1,True,True,False,5.0,824806,5.0,824806,9.0,824003,9.0,824003,6.0,824004,6.0,824004
823998,2026-08-10,away,669022,MacKenzie Gore,4.0,9.0,5.0,24,26,2,3,True,True,False,4.0,822865,4.0,822865,9.0,822947,9.0,822947,5.0,822872,5.0,822872
825048,2026-08-10,home,647336,Michael Soroka,0.0,7.0,6.0,16,16,1,1,True,True,False,0.0,825069,0.0,825069,6.0,825074,6.0,825074,6.0,825079,6.0,825079
825048,2026-08-10,away,687312,Gabriel Hughes,7.0,2.0,5.0,5,7,0,0,True,True,False,7.0,824321,7.0,824321,2.0,823273,2.0,823273,5.0,824327,5.0,824327
824969,2026-08-10,home,682052,Jacob Lopez,9.0,8.0,4.0,18,20,0,0,True,True,False,9.0,824482,9.0,824482,8.0,824973,8.0,824973,4.0,823680,4.0,823680
824969,2026-08-10,away,642547,Freddy Peralta,3.0,3.0,6.0,20,20,3,3,True,True,False,3.0,824321,3.0,824321,3.0,823599,3.0,823599,6.0,823762,6.0,823762
823265,2026-08-10,home,663554,Casey Mize,,,,19,21,1,1,True,True,False,1.0,825052,1.0,825052,3.0,824244,3.0,824244,5.0,824007,5.0,824007
823265,2026-08-10,away,701656,Logan Henderson,,,,9,11,0,0,True,True,False,8.0,823756,8.0,823756,7.0,823193,7.0,823193,9.0,823761,9.0,823761
823189,2026-08-10,home,694918,Blade Tidwell,3.0,,,1,11,0,0,True,True,False,3.0,822865,3.0,822865,,,2.0,823233,,,0.0,822752
823189,2026-08-10,away,669713,Hayden Wesneski,4.0,4.0,,2,2,0,0,True,True,False,4.0,824161,4.0,824161,4.0,824002,4.0,824002,,,,
823918,2026-08-10,home,669373,Tarik Skubal,6.0,6.0,12.0,16,17,1,2,True,True,False,6.0,824645,6.0,824645,6.0,824242,6.0,824242,12.0,824248,12.0,824248
823918,2026-08-10,away,702070,Noah Cameron,9.0,7.0,1.0,19,23,1,2,True,True,False,9.0,824082,9.0,824082,7.0,823674,7.0,823674,1.0,824086,8.0,824248
824651,2026-07-31,home,684007,Shota Imanaga,4.0,4.0,5.0,23,23,0,0,True,True,False,4.0,823355,4.0,823355,4.0,824653,4.0,824653,5.0,824493,5.0,824493
824651,2026-07-31,away,701542,Will Warren,5.0,2.0,3.0,22,24,0,1,True,True,False,5.0,823433,5.0,823433,2.0,822708,2.0,822708,3.0,822956,3.0,822956
824486,2026-07-31,home,668881,Hunter Greene,3.0,7.0,12.0,4,4,0,0,True,True,False,3.0,823027,3.0,823027,7.0,824330,7.0,824330,12.0,824493,12.0,824493
824486,2026-07-31,away,694973,Paul Skenes,11.0,8.0,7.0,20,20,1,1,True,True,False,11.0,823355,11.0,823355,8.0,824411,8.0,824411,7.0,823358,7.0,823358
824809,2026-07-31,home,687064,Brandon Young,6.0,7.0,5.0,11,13,1,1,True,True,False,6.0,824811,6.0,824811,7.0,824168,7.0,824168,5.0,824817,5.0,824817
824809,2026-07-31,away,691725,Andrew Painter,3.0,4.0,3.0,13,14,0,0,True,True,False,3.0,823450,3.0,823450,4.0,823454,4.0,823454,3.0,823944,3.0,823944
822782,2026-07-31,home,656302,Dylan Cease,12.0,7.0,11.0,19,19,0,0,True,True,False,12.0,824734,12.0,824734,7.0,822788,7.0,822788,3.0,823443,3.0,823443
822782,2026-07-31,away,681517,Kyle Leahy,9.0,4.0,2.0,22,21,0,0,True,True,False,9.0,823028,9.0,823028,4.0,824006,4.0,824006,2.0,823033,2.0,823033
824407,2026-07-31,home,676440,Tanner Bibee,5.0,5.0,3.0,23,22,2,3,True,True,False,5.0,822948,5.0,822948,5.0,824410,5.0,824410,3.0,823844,3.0,823844
824407,2026-07-31,away,683352,Mitch Bratt,3.0,4.0,0.0,5,5,0,0,True,True,False,3.0,822704,3.0,822704,4.0,825058,4.0,825058,0.0,823925,0.0,823925
822945,2026-07-31,home,607259,Nick Martinez,5.0,0.0,1.0,22,23,0,0,True,True,False,5.0,822948,5.0,822948,0.0,822788,0.0,822788,1.0,822955,1.0,823443
822945,2026-07-31,away,607200,Erick Fedde,2.0,6.0,3.0,7,18,0,2,True,True,False,2.0,824572,2.0,824572,6.0,822874,6.0,822874,2.0,823701,3.0,824576
823593,2026-07-31,home,673540,Kodai Senga,6.0,5.0,1.0,9,13,0,0,True,True,False,6.0,823614,2.0,823441,5.0,824504,1.0,823604,3.0,824693,4.0,823607
823593,2026-07-31,away,676083,Janson Junk,6.0,3.0,5.0,14,16,0,0,True,True,False,6.0,823840,6.0,823840,3.0,824167,3.0,824167,5.0,823846,5.0,823846
824892,2026-07-31,home,693821,Bryce Elder,8.0,4.0,3.0,20,20,0,0,True,True,False,8.0,824811,8.0,824811,4.0,824898,4.0,824898,3.0,823359,3.0,823359
824892,2026-07-31,away,656492,Foster Griffin,2.0,2.0,9.0,21,22,0,0,True,True,False,2.0,822704,2.0,822704,2.0,824978,2.0,824978,9.0,822710,2.0,823443
824164,2026-07-31,home,686613,Hunter Brown,7.0,4.0,4.0,12,12,1,1,True,True,False,7.0,824571,7.0,824571,4.0,824168,4.0,824168,4.0,822878,4.0,822878
824164,2026-07-31,away,543135,Nathan Eovaldi,8.0,2.0,10.0,20,20,1,1,True,True,False,8.0,822869,8.0,822869,2.0,824897,2.0,824897,10.0,822877,10.0,822877
824325,2026-07-31,home,608372,Tomoyuki Sugano,5.0,3.0,2.0,18,18,0,0,True,True,False,5.0,823759,5.0,823759,3.0,824331,3.0,824331,2.0,823688,2.0,823688
824325,2026-07-31,away,608379,Michael Wacha,3.0,5.0,5.0,22,24,0,0,True,True,False,3.0,824244,3.0,824244,5.0,824087,5.0,824087,5.0,823606,2.0,823443
823999,2026-07-31,home,696270,Ryan Johnson,4.0,5.0,1.0,10,16,1,1,True,True,False,4.0,823197,4.0,823197,5.0,824007,5.0,824007,1.0,823682,1.0,823682
823999,2026-07-31,away,675660,Shane Drohan,6.0,9.0,6.0,10,19,1,1,True,True,False,6.0,823759,6.0,823759,9.0,823763,9.0,823763,6.0,823356,6.0,823356
824975,2026-07-31,home,605488,Jeffrey Springs,0.0,2.0,4.0,21,21,2,3,True,True,False,0.0,823678,0.0,823678,2.0,825058,2.0,825058,4.0,824253,4.0,824253
824975,2026-07-31,away,663947,Tyler Holton,1.0,1.0,,2,45,0,5,True,True,False,1.0,824283,0.0,824245,1.0,824285,0.0,824244,,,0.0,824247
823272,2026-07-31,home,699134,Bradgley Rodriguez,1.0,1.0,0.0,2,45,0,3,True,True,False,1.0,823044,1.0,823273,0.0,823226,1.0,823275,,,1.0,823843
823272,2026-07-31,away,687931,Carson Whisenhunt,7.0,4.0,2.0,5,6,0,0,True,True,False,7.0,823194,7.0,823194,4.0,823201,4.0,823201,2.0,824913,2.0,824913
823922,2026-07-31,home,683618,Edgardo Henriquez,0.0,2.0,2.0,0,40,0,1,True,True,False,,,0.0,823921,,,2.0,823600,,,2.0,823438
823922,2026-07-31,away,624133,Ranger Suarez,6.0,5.0,8.0,18,17,1,1,True,True,False,6.0,824730,6.0,824730,5.0,824010,5.0,824010,8.0,824741,8.0,824741
823111,2026-07-31,home,682243,Bryce Miller,0.0,6.0,3.0,10,10,1,1,True,True,False,0.0,822872,0.0,822872,6.0,823115,6.0,823115,3.0,823846,3.0,823846
823111,2026-07-31,away,805673,Zebby Matthews,1.0,4.0,3.0,15,15,0,0,True,True,False,1.0,823680,1.0,823680,4.0,824653,4.0,824653,3.0,823685,3.0,823685
824240,2026-08-11,home,623454,Drew Anderson,0.0,5.0,7.0,3,41,0,2,True,True,False,0.0,823106,0.0,823106,5.0,824181,2.0,824971,7.0,824273,2.0,824242
824240,2026-08-11,away,676440,Tanner Bibee,10.0,3.0,5.0,25,24,2,3,True,True,False,10.0,824402,10.0,824402,3.0,824407,3.0,824407,5.0,822948,5.0,822948
823832,2026-08-11,home,691587,Eury Pérez,9.0,6.0,2.0,19,22,1,3,True,True,False,9.0,824889,9.0,824889,6.0,823595,6.0,823595,2.0,823841,2.0,823841
823832,2026-08-11,away,694973,Paul Skenes,6.0,7.0,11.0,22,22,1,1,True,True,False,6.0,823753,6.0,823753,7.0,824486,7.0,824486,11.0,823355,11.0,823355
822697,2026-08-11,home,663623,Jake Irvin,3.0,1.0,7.0,14,15,0,1,True,True,False,3.0,823429,3.0,823429,1.0,824894,1.0,824894,7.0,824920,7.0,824920
822697,2026-08-11,away,684007,Shota Imanaga,6.0,6.0,4.0,25,25,0,0,True,True,False,6.0,824646,6.0,824646,6.0,824651,6.0,824651,4.0,823355,4.0,823355
823512,2026-08-11,home,677960,Ryan Weathers,6.0,4.0,7.0,24,25,2,2,True,True,False,6.0,823517,6.0,823517,4.0,824568,4.0,824568,7.0,823435,7.0,823435
823512,2026-08-11,away,693433,Bryan Woo,5.0,8.0,5.0,20,22,1,3,True,True,False,5.0,823106,5.0,823106,8.0,823921,8.0,823921,5.0,822869,5.0,822869
822778,2026-08-11,home,656302,Dylan Cease,10.0,7.0,12.0,20,20,0,0,True,True,False,7.0,822782,7.0,822782,12.0,824734,12.0,824734,7.0,822788,7.0,822788
822778,2026-08-11,away,663776,Patrick Sandoval,5.0,7.0,3.0,5,5,0,0,True,True,False,5.0,824731,5.0,824731,7.0,824973,7.0,824973,3.0,824733,3.0,824733
824886,2026-08-11,home,527048,Martín Pérez,3.0,6.0,4.0,16,23,0,1,True,True,False,3.0,824885,3.0,824885,6.0,824890,6.0,824890,4.0,823597,4.0,823597
824886,2026-08-11,away,690997,Nolan McLean,8.0,6.0,7.0,18,19,1,2,True,True,False,8.0,824401,8.0,824401,6.0,823595,6.0,823595,7.0,823600,7.0,823600
823673,2026-08-11,home,641927,Bailey Ober,0.0,3.0,2.0,19,19,0,0,True,True,False,0.0,824080,0.0,824080,3.0,823674,3.0,823674,2.0,824408,2.0,824408
823673,2026-08-11,away,687064,Brandon Young,4.0,5.0,6.0,13,15,1,1,True,True,False,4.0,824804,4.0,824804,5.0,824809,5.0,824809,6.0,824811,6.0,824811
824563,2026-08-11,home,680732,Sean Burke,4.0,10.0,10.0,20,22,1,1,True,True,False,4.0,824728,4.0,824728,10.0,824568,10.0,824568,10.0,824571,10.0,824571
824563,2026-08-11,away,666157,Nick Lodolo,4.0,4.0,4.0,14,15,1,1,True,True,False,4.0,824492,4.0,824492,4.0,824497,4.0,824497,4.0,823771,4.0,823771
823019,2026-08-11,home,669467,Andre Pallante,4.0,3.0,8.0,22,21,0,0,True,True,False,4.0,823516,4.0,823516,3.0,823023,3.0,823023,8.0,823027,8.0,823027
823019,2026-08-11,away,650911,Cristopher Sánchez,6.0,11.0,6.0,22,23,3,4,True,True,False,6.0,823430,6.0,823430,11.0,824808,11.0,824808,6.0,823433,6.0,823433
823997,2026-08-11,home,696270,Ryan Johnson,1.0,3.0,4.0,12,18,1,1,True,True,False,1.0,824804,1.0,824804,3.0,823999,3.0,823999,4.0,823197,4.0,823197
823997,2026-08-11,away,674003,Cody Bradford,5.0,,,1,1,0,0,True,True,False,5.0,822866,5.0,822866,,,,,,,,
825046,2026-08-11,home,683352,Mitch Bratt,9.0,2.0,3.0,7,7,0,0,True,True,False,9.0,825052,9.0,825052,2.0,824407,2.0,824407,3.0,822704,3.0,822704
825046,2026-08-11,away,608372,Tomoyuki Sugano,3.0,2.0,5.0,20,20,0,0,True,True,False,3.0,824322,3.0,824322,2.0,824325,2.0,824325,5.0,823759,5.0,823759
824970,2026-08-11,home,686930,Mason Barnett,7.0,6.0,,4,17,0,1,True,True,False,7.0,824481,7.0,824481,6.0,824974,6.0,824974,2.0,831949,2.0,823679
824970,2026-08-11,away,607259,Nick Martinez,4.0,2.0,5.0,24,25,0,0,True,True,False,4.0,824322,4.0,824322,2.0,822945,2.0,822945,5.0,822948,5.0,822948
823264,2026-08-11,home,621111,Walker Buehler,3.0,1.0,7.0,23,24,1,1,True,True,False,3.0,825053,3.0,825053,1.0,823269,1.0,823269,7.0,823840,7.0,823840
823264,2026-08-11,away,690986,Kyle Harrison,10.0,2.0,3.0,18,20,1,1,True,True,False,10.0,823753,10.0,823753,2.0,823032,2.0,823032,3.0,825062,3.0,825062
823186,2026-08-11,home,687931,Carson Whisenhunt,4.0,3.0,7.0,7,8,0,0,True,True,False,4.0,822866,4.0,822866,3.0,823272,3.0,823272,7.0,823194,7.0,823194
823186,2026-08-11,away,686613,Hunter Brown,8.0,5.0,7.0,14,14,1,1,True,True,False,8.0,824158,8.0,824158,5.0,824164,5.0,824164,7.0,824571,7.0,824571
823917,2026-08-11,home,605483,Blake Snell,5.0,,,1,1,0,0,True,True,False,5.0,823955,5.0,823955,,,,,,,,
823917,2026-08-11,away,608379,Michael Wacha,1.0,7.0,3.0,24,26,0,0,True,True,False,1.0,824080,1.0,824080,7.0,824325,7.0,824325,3.0,824244,3.0,824244
823672,2026-08-12,home,805673,Zebby Matthews,4.0,10.0,1.0,17,17,0,0,True,True,False,4.0,823750,4.0,823750,10.0,823111,10.0,823111,1.0,823680,1.0,823680
823672,2026-08-12,away,669358,Shane Baz,9.0,4.0,2.0,23,21,1,1,True,True,False,9.0,822863,9.0,822863,4.0,824808,4.0,824808,2.0,824810,2.0,824810
823017,2026-08-12,home,681517,Kyle Leahy,8.0,3.0,9.0,24,23,0,0,True,True,False,8.0,823024,8.0,823024,3.0,822782,3.0,822782,9.0,823028,9.0,823028
823017,2026-08-12,away,554430,Zack Wheeler,6.0,3.0,6.0,16,17,0,1,True,True,False,6.0,823428,6.0,823428,3.0,824807,3.0,824807,6.0,823839,6.0,823839
824967,2026-08-12,home,678022,Jack Perkins,3.0,9.0,4.0,11,27,0,0,True,True,False,3.0,824727,3.0,824727,9.0,824972,9.0,824972,4.0,824977,4.0,824977
824967,2026-08-12,away,656876,Drew Rasmussen,8.0,10.0,9.0,22,23,2,2,True,True,False,8.0,823103,8.0,823103,10.0,822944,10.0,822944,9.0,822950,9.0,822950
825047,2026-08-12,home,518876,Merrill Kelly,4.0,5.0,6.0,22,22,1,1,True,True,False,4.0,825051,4.0,825051,5.0,824404,5.0,824404,6.0,823353,6.0,823353
825047,2026-08-12,away,663372,Ryan Feltner,2.0,3.0,4.0,18,19,0,0,True,True,False,2.0,823024,2.0,823024,3.0,824326,3.0,824326,4.0,823758,4.0,823758
823187,2026-08-12,home,605288,Adrian Houser,2.0,6.0,5.0,14,23,0,1,True,True,False,2.0,824912,4.0,823191,2.0,824912,0.0,822865,6.0,823214,3.0,823272
823187,2026-08-12,away,687911,Bryan King,3.0,0.0,1.0,0,48,0,5,True,True,False,,,3.0,823268,,,0.0,823267,,,1.0,824163
823263,2026-08-12,home,592662,Robbie Ray,2.0,6.0,5.0,23,26,1,2,True,True,False,2.0,823266,2.0,823266,6.0,823271,6.0,823271,5.0,823197,5.0,823197
823263,2026-08-12,away,669160,Dustin May,5.0,3.0,8.0,25,25,0,0,True,True,False,5.0,823754,5.0,823754,3.0,823022,3.0,823022,8.0,823031,8.0,823031
824241,2026-08-12,home,664285,Framber Valdez,5.0,6.0,4.0,24,25,1,1,True,True,False,5.0,823105,5.0,823105,6.0,824972,6.0,824972,4.0,824246,4.0,824246
824241,2026-08-12,away,656492,Foster Griffin,6.0,3.0,2.0,23,24,0,0,True,True,False,6.0,824401,6.0,824401,3.0,824892,3.0,824892,2.0,822704,2.0,822704
823833,2026-08-12,home,676083,Janson Junk,1.0,4.0,6.0,16,18,0,0,True,True,False,1.0,824885,1.0,824885,4.0,823593,4.0,823593,6.0,823840,6.0,823840
823833,2026-08-12,away,669387,Carmen Mlodzinski,1.0,2.0,1.0,10,25,0,0,True,True,False,1.0,823349,1.0,823349,2.0,823380,4.0,824485,1.0,823057,1.0,823351
822698,2026-08-12,home,800600,Jackson Kent,,,,0,0,0,0,True,True,False,,,,,,,,,,,,
822698,2026-08-12,away,656849,David Peterson,3.0,8.0,3.0,16,24,1,1,True,True,False,8.0,824649,8.0,824649,3.0,823025,3.0,823025,4.0,824652,4.0,824652
823511,2026-08-12,home,701542,Will Warren,5.0,7.0,5.0,24,26,0,1,True,True,False,5.0,823516,5.0,823516,7.0,824651,7.0,824651,5.0,823433,5.0,823433
823511,2026-08-12,away,682243,Bryce Miller,5.0,3.0,0.0,12,12,1,1,True,True,False,5.0,823105,5.0,823105,3.0,823111,3.0,823111,0.0,822872,0.0,822872
822779,2026-08-12,home,667755,José Soriano,3.0,5.0,7.0,20,21,1,2,True,True,False,3.0,823428,3.0,823428,5.0,823194,5.0,823194,7.0,824006,7.0,824006
822779,2026-08-12,away,624133,Ranger Suarez,3.0,2.0,6.0,20,19,1,1,True,True,False,3.0,824729,3.0,824729,2.0,823922,2.0,823922,6.0,824730,6.0,824730
824883,2026-08-12,home,641816,Tyler Mahle,9.0,9.0,3.0,22,22,2,2,True,True,False,9.0,823515,9.0,823515,9.0,823269,9.0,823269,3.0,823195,3.0,823195
824883,2026-08-12,away,804267,Zac Thornton,3.0,2.0,5.0,8,8,0,0,True,True,False,3.0,823349,3.0,823349,2.0,823594,2.0,823594,5.0,823597,5.0,823597
824562,2026-08-12,home,622491,Luis Castillo,5.0,2.0,3.0,19,22,0,0,True,True,False,5.0,824729,5.0,824729,2.0,823923,2.0,823923,3.0,823114,3.0,823114
824562,2026-08-12,away,695076,Rhett Lowder,3.0,5.0,4.0,16,21,0,1,True,True,False,3.0,824482,3.0,824482,5.0,824488,5.0,824488,4.0,823031,4.0,823031
823916,2026-08-12,home,641778,Eric Lauer,1.0,4.0,5.0,16,19,1,1,True,True,False,1.0,824646,1.0,824646,4.0,823924,4.0,823924,5.0,823438,5.0,823438
823916,2026-08-12,away,663738,Daniel Lynch IV,2.0,,,1,46,0,1,True,True,False,2.0,824081,2.0,824081,,,1.0,824084,,,0.0,823677
823994,2026-08-12,home,691946,George Klassen,3.0,2.0,4.0,6,7,0,0,True,True,False,3.0,823836,3.0,823836,2.0,824535,2.0,824535,4.0,824053,4.0,824053
823994,2026-08-12,away,615698,Cal Quantrill,4.0,7.0,3.0,8,23,0,0,True,True,False,4.0,822867,0.0,822864,7.0,822949,4.0,822867,3.0,824901,7.0,822949
824238,2026-08-13,home,672456,Keider Montero,5.0,2.0,1.0,16,23,1,1,True,True,False,5.0,823191,5.0,823191,2.0,824971,2.0,824971,1.0,824245,1.0,824245
824238,2026-08-13,away,800048,Parker Messick,8.0,6.0,6.0,24,25,0,0,True,True,False,8.0,824566,8.0,824566,6.0,824405,6.0,824405,6.0,822950,6.0,822950
824561,2026-08-13,home,663436,Davis Martin,1.0,1.0,6.0,25,26,0,0,True,True,False,1.0,824564,1.0,824564,1.0,824731,1.0,824731,6.0,824567,6.0,824567
824561,2026-08-13,away,671096,Andrew Abbott,4.0,1.0,4.0,25,25,1,1,True,True,False,4.0,824481,4.0,824481,1.0,824485,1.0,824485,4.0,823028,4.0,823028
823829,2026-08-13,home,663969,Tyler Phillips,4.0,3.0,5.0,13,30,0,0,True,True,False,4.0,823836,4.0,823836,3.0,823594,3.0,823594,5.0,823839,5.0,823839
823829,2026-08-13,away,677952,Braxton Ashcraft,5.0,5.0,5.0,22,22,1,1,True,True,False,5.0,823754,5.0,823754,5.0,824485,5.0,824485,5.0,823354,5.0,823354
823508,2026-08-13,home,608331,Max Fried,7.0,7.0,4.0,16,16,0,0,True,True,False,7.0,823515,7.0,823515,7.0,824649,7.0,824649,4.0,824570,4.0,824570
823508,2026-08-13,away,669302,Logan Gilbert,6.0,6.0,4.0,25,25,2,2,True,True,False,6.0,823103,6.0,823103,6.0,823109,6.0,823109,4.0,822870,4.0,822870
822776,2026-08-13,home,453286,Max Scherzer,4.0,5.0,4.0,12,12,0,0,True,True,False,4.0,823426,4.0,823426,5.0,822783,5.0,822783,4.0,822705,4.0,822705
822776,2026-08-13,away,801139,Payton Tolle,14.0,7.0,7.0,16,19,0,0,True,True,False,14.0,824727,14.0,824727,7.0,823920,7.0,823920,7.0,824977,7.0,824977
822696,2026-08-13,home,676917,Cade Cavalli,8.0,3.0,3.0,24,25,3,4,True,True,False,8.0,822699,8.0,822699,3.0,824891,3.0,824891,3.0,822703,3.0,822703
822696,2026-08-13,away,592332,Kevin Gausman,4.0,4.0,6.0,23,24,3,4,True,True,False,4.0,824081,4.0,824081,4.0,822781,4.0,822781,6.0,824730,6.0,824730
823669,2026-08-13,home,671737,Taj Bradley,7.0,2.0,10.0,22,21,0,0,True,True,False,7.0,823752,7.0,823752,2.0,823107,2.0,823107,10.0,823676,10.0,823676
823669,2026-08-13,away,605400,Aaron Nola,8.0,5.0,4.0,23,23,2,2,True,True,False,8.0,823426,8.0,823426,5.0,823431,5.0,823431,4.0,823838,4.0,823838
823995,2026-08-13,home,700712,Walbert Ureña,2.0,7.0,5.0,19,25,0,2,True,True,False,2.0,823834,2.0,823834,7.0,823996,7.0,823996,5.0,824001,5.0,824001
823995,2026-08-13,away,594798,Jacob deGrom,9.0,3.0,4.0,20,21,0,1,True,True,False,9.0,822864,9.0,822864,3.0,824162,3.0,824162,4.0,822870,4.0,822870
823915,2026-08-13,home,808963,Roki Sasaki,5.0,7.0,9.0,21,21,1,1,True,True,False,5.0,825051,5.0,825051,7.0,823921,7.0,823921,9.0,823601,9.0,823601
823915,2026-08-13,away,675660,Shane Drohan,4.0,7.0,6.0,12,21,1,1,True,True,False,4.0,823750,4.0,823750,7.0,823999,7.0,823999,6.0,823759,6.0,823759
824643,2026-08-14,home,605280,Clay Holmes,1.0,8.0,6.0,10,10,0,0,True,True,False,1.0,824079,1.0,824079,8.0,823629,8.0,823629,6.0,825089,6.0,825089
824643,2026-08-14,away,669461,Matthew Liberatore,3.0,7.0,5.0,21,22,2,4,True,True,False,3.0,823021,3.0,823021,7.0,822783,7.0,822783,5.0,823025,5.0,823025
824479,2026-08-14,home,695505,Chase Burns,6.0,9.0,4.0,24,24,1,1,True,True,False,6.0,822701,6.0,822701,9.0,824483,9.0,824483,6.0,823114,6.0,823114
824479,2026-08-14,away,645261,Sandy Alcantara,8.0,5.0,5.0,25,25,1,1,True,True,False,8.0,823834,8.0,823834,5.0,823592,5.0,823592,5.0,823838,5.0,823838
823346,2026-08-14,home,696149,Bubba Chandler,5.0,5.0,3.0,19,21,2,3,True,True,False,5.0,823348,5.0,823348,5.0,823757,5.0,823757,3.0,823350,3.0,823350
823346,2026-08-14,away,687562,Jake Bennett,5.0,4.0,4.0,10,11,0,1,True,True,False,5.0,824726,5.0,824726,4.0,823919,4.0,823919,4.0,824976,4.0,824976
824237,2026-08-14,home,695549,Jackson Jobe,4.0,,,1,1,0,0,True,True,False,4.0,823188,4.0,823188,,,,,,,,
824237,2026-08-14,away,656794,Sean Newcomb,4.0,,,2,44,0,3,True,True,False,4.0,824263,0.0,824563,1.0,831772,2.0,824564,,,1.0,824565
823591,2026-08-14,home,476594,Robert Stock,4.0,4.0,,3,3,0,0,True,True,False,4.0,823348,4.0,823348,4.0,823592,4.0,823592,3.0,831436,3.0,831436
823591,2026-08-14,away,674841,Andrew Alvarez,2.0,5.0,2.0,10,19,0,0,True,True,False,2.0,822701,2.0,822701,5.0,823431,5.0,823431,2.0,824328,3.0,822705
824399,2026-08-14,home,668909,Gavin Williams,7.0,10.0,12.0,24,23,0,0,True,True,False,7.0,824565,7.0,824565,10.0,824404,10.0,824404,12.0,824489,12.0,824489
824399,2026-08-14,away,650633,Michael King,6.0,5.0,6.0,24,25,1,1,True,True,False,6.0,823267,6.0,823267,5.0,825095,5.0,825095,6.0,823275,6.0,823275
824882,2026-08-14,home,519242,Chris Sale,8.0,9.0,11.0,20,19,0,0,True,True,False,8.0,823514,8.0,823514,11.0,824893,11.0,824893,6.0,824901,6.0,824901
824882,2026-08-14,away,694297,Brandon Pfaadt,2.0,3.0,4.0,12,21,1,2,True,True,False,2.0,825049,2.0,825049,3.0,825095,3.0,825095,4.0,823350,4.0,823350
822777,2026-08-14,home,669456,Shane Bieber,4.0,6.0,0.0,9,9,0,0,True,True,False,4.0,823425,4.0,823425,6.0,824160,6.0,824160,0.0,822703,0.0,822703
822777,2026-08-14,away,543037,Gerrit Cole,9.0,5.0,7.0,16,16,0,0,True,True,False,9.0,823514,9.0,823514,5.0,824648,5.0,824648,7.0,824569,7.0,824569
824159,2026-08-14,home,663567,Peter Lambert,3.0,8.0,6.0,19,21,2,2,True,True,False,3.0,823267,3.0,823267,8.0,824163,8.0,824163,6.0,824003,6.0,824003
824159,2026-08-14,away,669923,George Kirby,2.0,3.0,3.0,22,22,1,1,True,True,False,2.0,823102,2.0,823102,3.0,823107,3.0,823107,3.0,822868,3.0,822868
823993,2026-08-14,home,680570,Grayson Rodriguez,8.0,6.0,6.0,14,14,0,0,True,True,False,8.0,823835,8.0,823835,6.0,824805,6.0,824805,6.0,824002,6.0,824002
823993,2026-08-14,away,607625,Seth Lugo,5.0,3.0,2.0,20,19,1,1,True,True,False,5.0,824079,5.0,824079,3.0,824323,3.0,824323,2.0,823676,2.0,823676
824968,2026-08-14,home,695611,Gage Jump,11.0,5.0,7.0,15,16,2,2,True,True,False,11.0,824726,11.0,824726,5.0,824971,5.0,824971,7.0,824976,7.0,824976
824968,2026-08-14,away,677958,Kumar Rocker,5.0,5.0,7.0,18,22,1,1,True,True,False,5.0,822862,5.0,822862,5.0,824163,5.0,824163,7.0,822868,7.0,822868
823913,2026-08-14,home,808967,Yoshinobu Yamamoto,6.0,3.0,5.0,17,17,3,3,True,True,False,6.0,825049,6.0,825049,3.0,823920,3.0,823920,5.0,823600,5.0,823600
823913,2026-08-14,away,688107,Robert Gasser,3.0,6.0,4.0,16,16,0,0,True,True,False,3.0,823752,3.0,823752,6.0,824000,6.0,824000,4.0,823758,4.0,823758
823185,2026-08-14,home,694738,Landen Roupp,3.0,6.0,1.0,23,22,1,2,True,True,False,3.0,823188,3.0,823188,6.0,823270,6.0,823270,1.0,823193,1.0,823193
823185,2026-08-14,away,607536,Kyle Freeland,3.0,8.0,2.0,23,23,2,2,True,True,False,3.0,823021,3.0,823021,8.0,824323,8.0,824323,2.0,823755,2.0,823755
824239,2026-08-15,home,675512,Troy Melton,5.0,4.0,5.0,11,12,1,1,True,True,False,5.0,823190,5.0,823190,4.0,823108,4.0,823108,5.0,824243,5.0,824243
824239,2026-08-15,away,641743,Anthony Kay,4.0,3.0,7.0,24,26,0,0,True,True,False,4.0,824565,4.0,824565,3.0,822943,3.0,822943,7.0,824569,7.0,824569
824644,2026-08-15,home,571510,Matthew Boyd,3.0,3.0,5.0,12,14,2,3,True,True,False,3.0,824078,3.0,824078,3.0,824647,3.0,824647,5.0,823022,5.0,823022
824644,2026-08-15,away,700241,Michael McGreevy,4.0,5.0,2.0,21,21,2,2,True,True,False,4.0,823020,4.0,823020,5.0,823520,5.0,823520,2.0,823026,2.0,823026
822775,2026-08-15,home,680755,Braydon Fisher,1.0,1.0,0.0,5,54,1,5,True,True,False,1.0,822784,1.0,822776,2.0,822808,0.0,822778,1.0,822811,0.0,823425
822775,2026-08-15,away,693645,Cam Schlittler,11.0,6.0,8.0,23,24,3,4,True,True,False,11.0,823513,11.0,823513,6.0,823520,6.0,823520,8.0,824567,8.0,824567
823184,2026-08-15,home,657277,Logan Webb,2.0,8.0,4.0,20,20,0,0,True,True,False,2.0,823190,2.0,823190,8.0,822867,8.0,822867,4.0,823192,4.0,823192
823184,2026-08-15,away,547179,Michael Lorenzen,1.0,0.0,2.0,24,25,1,1,True,True,False,1.0,823020,1.0,823020,0.0,824324,0.0,824324,2.0,823275,2.0,823275
823588,2026-08-15,home,640455,Sean Manaea,11.0,7.0,4.0,13,26,0,1,True,True,False,11.0,823345,11.0,823345,7.0,824403,7.0,824403,4.0,823596,4.0,823596
823588,2026-08-15,away,695418,Brad Lord,4.0,1.0,,2,30,0,1,True,True,False,4.0,822700,4.0,822700,2.0,831475,0.0,823429,,,0.0,822715
822941,2026-08-15,home,693855,Ian Seymour,7.0,9.0,4.0,9,37,0,4,True,True,False,7.0,823104,7.0,823104,9.0,824324,9.0,824324,4.0,824738,4.0,822947
822941,2026-08-15,away,680694,Kyle Bradish,4.0,3.0,4.0,22,22,1,1,True,True,False,4.0,822864,4.0,822864,3.0,824807,3.0,824807,4.0,824245,4.0,824245
824480,2026-08-15,home,663903,Brady Singer,3.0,6.0,3.0,26,27,1,2,True,True,False,3.0,822700,3.0,822700,6.0,824484,6.0,824484,3.0,824487,3.0,824487
824480,2026-08-15,away,687473,Ryan Gusto,4.0,5.0,3.0,11,17,0,0,True,True,False,4.0,823835,4.0,823835,5.0,824888,5.0,824888,3.0,823837,3.0,823837
824400,2026-08-15,home,676282,Joey Cantillo,3.0,5.0,8.0,25,28,3,4,True,True,False,3.0,824564,3.0,824564,5.0,824403,5.0,824403,8.0,824487,8.0,824487
824400,2026-08-15,away,593974,Wandy Peralta,0.0,2.0,0.0,4,51,0,4,True,True,False,0.0,823932,0.0,823264,2.0,823286,1.0,823266,0.0,822883,1.0,825052
824157,2026-08-15,home,669713,Hayden Wesneski,4.0,4.0,4.0,3,3,0,0,True,True,False,4.0,823189,4.0,823189,4.0,824161,4.0,824161,4.0,824002,4.0,824002
824157,2026-08-15,away,676106,Emerson Hancock,3.0,6.0,5.0,19,21,1,1,True,True,False,3.0,823104,3.0,823104,6.0,823108,6.0,823108,5.0,823924,5.0,823924
823671,2026-08-15,home,687570,Connor Prielipp,7.0,5.0,5.0,14,16,0,0,True,True,False,7.0,823751,7.0,823751,5.0,823109,5.0,823109,5.0,823678,5.0,823678
823671,2026-08-15,away,666200,Jesús Luzardo,12.0,7.0,5.0,27,28,0,0,True,True,False,12.0,823425,12.0,823425,7.0,823432,7.0,823432,5.0,823837,5.0,823837
823347,2026-08-15,home,683003,Jared Jones,3.0,4.0,5.0,12,12,0,0,True,True,False,3.0,823345,3.0,823345,4.0,823756,4.0,823756,5.0,823351,5.0,823351
823347,2026-08-15,away,543243,Sonny Gray,4.0,8.0,5.0,24,24,1,1,True,True,False,4.0,822780,4.0,822780,8.0,824728,8.0,824728,5.0,824974,5.0,824974
824884,2026-08-15,home,656550,Grant Holmes,2.0,5.0,4.0,25,26,0,1,True,True,False,2.0,823513,2.0,823513,5.0,824888,5.0,824888,4.0,824894,4.0,824894
824884,2026-08-15,away,593958,Eduardo Rodriguez,9.0,4.0,2.0,21,23,1,1,True,True,False,9.0,825050,9.0,825050,2.0,823351,4.0,825054,4.0,822707,2.0,823351
823914,2026-08-15,home,680736,Justin Wrobleski,3.0,4.0,7.0,16,20,0,1,True,True,False,3.0,825050,3.0,825050,4.0,824647,4.0,824647,7.0,823923,7.0,823923
823914,2026-08-15,away,694819,Jacob Misiorowski,9.0,10.0,12.0,20,23,2,3,True,True,False,9.0,823751,9.0,823751,10.0,823996,10.0,823996,12.0,823755,12.0,823755
823990,2026-08-15,home,672282,Reid Detmers,6.0,5.0,9.0,24,24,1,1,True,True,False,6.0,823998,6.0,823998,5.0,824806,5.0,824806,9.0,824003,9.0,824003
823990,2026-08-15,away,677976,Randy Dobnak,4.0,1.0,4.0,6,10,0,0,True,True,False,4.0,824078,4.0,824078,1.0,824084,1.0,824084,4.0,823677,4.0,823677
824966,2026-08-15,home,669372,J.T. Ginn,2.0,5.0,7.0,19,25,0,1,True,True,False,2.0,824724,2.0,824724,5.0,824484,5.0,824484,7.0,824979,7.0,824979
824966,2026-08-15,away,669022,MacKenzie Gore,9.0,4.0,9.0,25,27,2,3,True,True,False,9.0,823998,9.0,823998,4.0,822865,4.0,822865,9.0,822947,9.0,822947
823344,2026-08-16,home,669199,Lake Bachar,1.0,4.0,3.0,3,41,0,2,True,True,False,1.0,823853,1.0,823833,3.0,823859,4.0,823348,3.0,822728,2.0,823753
823344,2026-08-16,away,663776,Patrick Sandoval,4.0,5.0,7.0,6,6,0,0,True,True,False,4.0,822778,4.0,822778,5.0,824731,5.0,824731,7.0,824973,7.0,824973
824880,2026-08-16,home,693821,Bryce Elder,4.0,3.0,3.0,23,23,0,0,True,True,False,4.0,824887,4.0,824887,3.0,824889,3.0,824889,3.0,824892,3.0,824892
824880,2026-08-16,away,647336,Michael Soroka,4.0,0.0,7.0,17,17,1,1,True,True,False,4.0,825048,4.0,825048,0.0,825069,0.0,825069,6.0,825074,6.0,825074
822774,2026-08-16,home,656302,Dylan Cease,7.0,10.0,7.0,21,21,0,0,True,True,False,7.0,822778,7.0,822778,7.0,822782,7.0,822782,12.0,824734,12.0,824734
822774,2026-08-16,away,677960,Ryan Weathers,4.0,6.0,4.0,25,26,2,2,True,True,False,4.0,823512,4.0,823512,6.0,823517,6.0,823517,4.0,824568,4.0,824568
823590,2026-08-16,home,681035,Christian Scott,6.0,7.0,7.0,13,17,0,1,True,True,False,6.0,824887,6.0,824887,7.0,824402,7.0,824402,6.0,823761,6.0,823761
823590,2026-08-16,away,663623,Jake Irvin,4.0,3.0,1.0,15,16,0,1,True,True,False,4.0,822697,4.0,822697,3.0,823429,3.0,823429,1.0,824894,1.0,824894
824397,2026-08-16,home,676440,Tanner Bibee,4.0,10.0,3.0,26,25,2,3,True,True,False,4.0,824240,4.0,824240,10.0,824402,10.0,824402,3.0,824407,3.0,824407
824397,2026-08-16,away,663554,Casey Mize,6.0,1.0,3.0,20,21,1,1,True,True,False,6.0,823265,1.0,825052,1.0,825052,3.0,824244,3.0,824244,5.0,824007
824236,2026-08-16,home,623454,Drew Anderson,4.0,0.0,5.0,4,42,0,2,True,True,False,4.0,824240,4.0,824240,0.0,823106,0.0,823106,5.0,824181,2.0,824971
824236,2026-08-16,away,680732,Sean Burke,8.0,4.0,10.0,21,23,1,1,True,True,False,8.0,824563,8.0,824563,4.0,824728,4.0,824728,10.0,824568,10.0,824568
824477,2026-08-16,home,666157,Nick Lodolo,5.0,4.0,4.0,15,16,1,1,True,True,False,5.0,824563,5.0,824563,4.0,824492,4.0,824492,4.0,824497,4.0,824497
824477,2026-08-16,away,691587,Eury Pérez,7.0,9.0,6.0,20,23,1,3,True,True,False,7.0,823832,7.0,823832,9.0,824889,9.0,824889,6.0,823595,6.0,823595
823670,2026-08-16,home,665152,Dean Kremer,7.0,2.0,4.0,8,10,0,1,True,True,False,7.0,823675,7.0,823675,2.0,824082,2.0,824082,4.0,824243,4.0,824243
823670,2026-08-16,away,691725,Andrew Painter,6.0,4.0,6.0,16,17,0,0,True,True,False,6.0,823018,6.0,823018,4.0,823429,4.0,823429,6.0,824809,6.0,824809
824642,2026-08-16,home,665795,Edward Cabrera,4.0,3.0,5.0,15,15,0,0,True,True,False,4.0,823614,4.0,823614,3.0,824667,3.0,824667,2.0,824678,2.0,824678
824642,2026-08-16,away,690928,Hunter Dobbins,6.0,4.0,5.0,4,7,0,0,True,True,False,6.0,823018,6.0,823018,4.0,823517,4.0,823517,5.0,824004,4.0,823025
823182,2026-08-16,home,694918,Blade Tidwell,6.0,3.0,,2,12,0,0,True,True,False,6.0,823189,6.0,823189,3.0,822865,3.0,822865,,,2.0,823233
823182,2026-08-16,away,687312,Gabriel Hughes,3.0,7.0,2.0,6,8,0,0,True,True,False,3.0,825048,3.0,825048,7.0,824321,7.0,824321,2.0,823273,2.0,823273
824965,2026-08-16,home,682052,Jacob Lopez,5.0,9.0,8.0,19,21,0,0,True,True,False,5.0,824969,5.0,824969,9.0,824482,9.0,824482,8.0,824973,8.0,824973
824965,2026-08-16,away,674003,Cody Bradford,1.0,5.0,,2,2,0,0,True,True,False,1.0,823997,1.0,823997,5.0,822866,5.0,822866,,,,
823991,2026-08-16,home,696270,Ryan Johnson,5.0,1.0,3.0,13,19,1,1,True,True,False,5.0,823997,5.0,823997,1.0,824804,1.0,824804,3.0,823999,3.0,823999
823991,2026-08-16,away,702070,Noah Cameron,2.0,9.0,7.0,20,24,1,2,True,True,False,2.0,823918,2.0,823918,9.0,824082,9.0,824082,7.0,823674,7.0,823674
823912,2026-08-16,home,669373,Tarik Skubal,6.0,6.0,6.0,17,18,1,2,True,True,False,6.0,823918,6.0,823918,6.0,824645,6.0,824645,6.0,824242,6.0,824242
823912,2026-08-16,away,701656,Logan Henderson,7.0,8.0,7.0,10,11,0,0,True,True,False,7.0,823265,8.0,823756,8.0,823756,7.0,823193,7.0,823193,9.0,823761
824156,2026-08-16,home,686613,Hunter Brown,4.0,8.0,5.0,15,15,1,1,True,True,False,4.0,823186,4.0,823186,8.0,824158,8.0,824158,5.0,824164,5.0,824164
824156,2026-08-16,away,693433,Bryan Woo,5.0,5.0,8.0,21,23,1,3,True,True,False,5.0,823512,5.0,823512,5.0,823106,5.0,823106,8.0,823921,8.0,823921
824478,2026-08-17,home,695076,Rhett Lowder,4.0,3.0,5.0,17,22,0,1,True,True,False,4.0,824562,4.0,824562,3.0,824482,3.0,824482,5.0,824488,5.0,824488
824478,2026-08-17,away,669467,Andre Pallante,2.0,4.0,3.0,23,22,0,0,True,True,False,2.0,823019,2.0,823019,4.0,823516,4.0,823516,3.0,823023,3.0,823023
822939,2026-08-17,home,663556,Shane McClanahan,3.0,3.0,3.0,20,21,1,2,True,True,False,3.0,822946,3.0,822946,3.0,822952,3.0,822952,3.0,824739,3.0,824739
822939,2026-08-17,away,687064,Brandon Young,4.0,4.0,5.0,14,16,1,1,True,True,False,4.0,823673,4.0,823673,4.0,824804,4.0,824804,5.0,824809,5.0,824809
823427,2026-08-17,home,650911,Cristopher Sánchez,7.0,6.0,11.0,23,24,3,4,True,True,False,7.0,823019,7.0,823019,6.0,823430,6.0,823430,11.0,824808,11.0,824808
823427,2026-08-17,away,676083,Janson Junk,2.0,1.0,4.0,17,19,0,0,True,True,False,2.0,823833,2.0,823833,1.0,824885,1.0,824885,4.0,823593,4.0,823593
823343,2026-08-17,home,669387,Carmen Mlodzinski,1.0,1.0,2.0,11,26,0,0,True,True,False,1.0,823833,1.0,823833,1.0,823349,1.0,823349,2.0,823380,4.0,824485
823343,2026-08-17,away,664285,Framber Valdez,3.0,5.0,6.0,25,26,1,1,True,True,False,3.0,824241,3.0,824241,5.0,823105,5.0,823105,6.0,824972,6.0,824972
824725,2026-08-17,home,687941,Alec Gamboa,0.0,0.0,6.0,0,8,0,0,True,True,False,,,0.0,823346,,,0.0,822779,,,6.0,824734
824725,2026-08-17,away,683352,Mitch Bratt,4.0,9.0,2.0,8,8,0,0,True,True,False,4.0,825046,4.0,825046,9.0,825052,9.0,825052,2.0,824407,2.0,824407
823589,2026-08-17,home,690997,Nolan McLean,3.0,8.0,6.0,19,20,1,2,True,True,False,3.0,824886,3.0,824886,8.0,824401,8.0,824401,6.0,823595,6.0,823595
823589,2026-08-17,away,621111,Walker Buehler,5.0,3.0,1.0,24,25,1,1,True,True,False,5.0,823264,5.0,823264,3.0,825053,3.0,825053,1.0,823269,1.0,823269
824077,2026-08-17,home,608379,Michael Wacha,5.0,1.0,7.0,25,27,0,0,True,True,False,5.0,823917,5.0,823917,1.0,824080,1.0,824080,7.0,824325,7.0,824325
824077,2026-08-17,away,686930,Mason Barnett,0.0,7.0,6.0,5,18,0,1,True,True,False,0.0,824970,0.0,824970,7.0,824481,7.0,824481,6.0,824974,6.0,824974
823668,2026-08-17,home,641927,Bailey Ober,4.0,0.0,3.0,20,20,0,0,True,True,False,4.0,823673,4.0,823673,0.0,824080,0.0,824080,3.0,823674,3.0,823674
823668,2026-08-17,away,527048,Martín Pérez,2.0,3.0,6.0,17,24,0,1,True,True,False,2.0,824886,2.0,824886,3.0,824885,3.0,824885,6.0,824890,6.0,824890
824641,2026-08-17,home,684007,Shota Imanaga,5.0,6.0,6.0,26,26,0,0,True,True,False,5.0,822697,5.0,822697,6.0,824646,6.0,824646,6.0,824651,6.0,824651
824641,2026-08-17,away,622491,Luis Castillo,10.0,5.0,2.0,20,23,0,0,True,True,False,10.0,824562,10.0,824562,5.0,824729,5.0,824729,2.0,823923,2.0,823923
824320,2026-08-17,home,608372,Tomoyuki Sugano,5.0,3.0,2.0,21,21,0,0,True,True,False,5.0,825046,5.0,825046,3.0,824322,3.0,824322,2.0,824325,2.0,824325
824320,2026-08-17,away,605483,Blake Snell,10.0,5.0,,2,2,0,0,True,True,False,10.0,823917,10.0,823917,5.0,823955,5.0,823955,,,,
824803,2026-08-18,home,669358,Shane Baz,2.0,9.0,4.0,24,22,1,1,True,True,False,2.0,823672,2.0,823672,9.0,822863,9.0,822863,4.0,824808,4.0,824808
824803,2026-08-18,away,607074,Carlos Rodón,6.0,5.0,7.0,9,9,0,0,True,True,False,6.0,824744,6.0,824744,5.0,824262,5.0,824262,7.0,823536,7.0,823536
823341,2026-08-18,home,677952,Braxton Ashcraft,10.0,5.0,5.0,23,23,1,1,True,True,False,10.0,823829,10.0,823829,5.0,823754,5.0,823754,5.0,824485,5.0,824485
823341,2026-08-18,away,672456,Keider Montero,0.0,5.0,2.0,17,24,1,1,True,True,False,0.0,824238,0.0,824238,5.0,823191,5.0,823191,2.0,824971,2.0,824971
824398,2026-08-18,home,656492,Foster Griffin,3.0,6.0,3.0,24,25,0,0,True,True,False,3.0,824241,3.0,824241,6.0,824401,6.0,824401,3.0,824892,3.0,824892
824398,2026-08-18,away,687931,Carson Whisenhunt,2.0,4.0,3.0,8,9,0,0,True,True,False,2.0,823186,2.0,823186,4.0,822866,4.0,822866,3.0,823272,3.0,823272
824475,2026-08-18,home,671096,Andrew Abbott,3.0,4.0,1.0,26,26,1,1,True,True,False,3.0,824561,3.0,824561,4.0,824481,4.0,824481,1.0,824485,1.0,824485
824475,2026-08-18,away,681517,Kyle Leahy,6.0,8.0,3.0,25,24,0,0,True,True,False,6.0,823017,6.0,823017,8.0,823024,8.0,823024,3.0,822782,3.0,822782
822938,2026-08-18,home,607259,Nick Martinez,5.0,4.0,2.0,25,26,0,0,True,True,False,5.0,824970,5.0,824970,4.0,824322,4.0,824322,2.0,822945,2.0,822945
822938,2026-08-18,away,667755,José Soriano,4.0,3.0,5.0,21,22,1,2,True,True,False,4.0,822779,4.0,822779,3.0,823428,3.0,823428,5.0,823194,5.0,823194
823423,2026-08-18,home,554430,Zack Wheeler,5.0,6.0,3.0,17,18,0,1,True,True,False,5.0,823017,5.0,823017,6.0,823428,6.0,823428,3.0,824807,3.0,824807
823423,2026-08-18,away,806188,Cade Gibson,0.0,3.0,0.0,1,31,0,4,True,True,False,4.0,831459,0.0,823427,,,3.0,823829,,,0.0,823834
824723,2026-08-18,home,624133,Ranger Suarez,2.0,3.0,2.0,21,20,1,1,True,True,False,2.0,822779,2.0,822779,3.0,824729,3.0,824729,2.0,823922,2.0,823922
824723,2026-08-18,away,518876,Merrill Kelly,2.0,4.0,5.0,23,23,1,1,True,True,False,2.0,825047,2.0,825047,4.0,825051,4.0,825051,5.0,824404,5.0,824404
823586,2026-08-18,home,804267,Zac Thornton,2.0,3.0,2.0,9,9,0,0,True,True,False,2.0,824883,2.0,824883,3.0,823349,3.0,823349,2.0,823594,2.0,823594
823586,2026-08-18,away,592662,Robbie Ray,4.0,2.0,6.0,24,27,1,2,True,True,False,4.0,823263,4.0,823263,2.0,823266,2.0,823266,6.0,823271,6.0,823271
824075,2026-08-18,home,663738,Daniel Lynch IV,3.0,2.0,,2,47,0,1,True,True,False,3.0,823916,3.0,823916,2.0,824081,2.0,824081,,,1.0,824084
824075,2026-08-18,away,669620,Brady Basso,3.0,,,1,15,0,1,True,True,False,3.0,823679,2.0,824966,,,2.0,824970,,,0.0,824724
823667,2026-08-18,home,805673,Zebby Matthews,4.0,4.0,10.0,18,18,0,0,True,True,False,4.0,823672,4.0,823672,4.0,823750,4.0,823750,10.0,823111,10.0,823111
823667,2026-08-18,away,641816,Tyler Mahle,7.0,9.0,9.0,23,23,2,2,True,True,False,7.0,824883,7.0,824883,9.0,823515,9.0,823515,9.0,823269,9.0,823269
823749,2026-08-18,home,690986,Kyle Harrison,3.0,10.0,2.0,19,21,1,1,True,True,False,3.0,823264,3.0,823264,10.0,823753,10.0,823753,2.0,823032,2.0,823032
823749,2026-08-18,away,682243,Bryce Miller,5.0,5.0,3.0,13,13,1,1,True,True,False,5.0,823511,5.0,823511,5.0,823105,5.0,823105,3.0,823111,3.0,823111
822859,2026-08-18,home,615698,Cal Quantrill,6.0,4.0,7.0,9,24,0,0,True,True,False,6.0,823994,6.0,823994,4.0,822867,0.0,822864,7.0,822949,4.0,822867
822859,2026-08-18,away,800600,Jackson Kent,6.0,,,1,1,0,0,True,True,False,6.0,822698,6.0,822698,,,,,,,,
824639,2026-08-18,home,592332,Kevin Gausman,7.0,4.0,4.0,24,25,3,4,True,True,False,7.0,822696,7.0,822696,4.0,824081,4.0,824081,4.0,822781,4.0,822781
824639,2026-08-18,away,663542,Bryan Hudson,0.0,2.0,0.0,4,50,1,4,True,True,False,0.0,824576,1.0,824239,2.0,823533,2.0,824237,1.0,823222,0.0,824563
824154,2026-08-18,home,664299,Cristian Javier,2.0,2.0,4.0,10,14,0,0,True,True,False,2.0,823268,2.0,823268,2.0,824160,2.0,824160,4.0,822876,7.0,824001
824154,2026-08-18,away,691946,George Klassen,5.0,3.0,2.0,7,8,0,0,True,True,False,5.0,823994,5.0,823994,3.0,823836,3.0,823836,2.0,824535,2.0,824535
824319,2026-08-18,home,663372,Ryan Feltner,2.0,2.0,3.0,19,20,0,0,True,True,False,2.0,825047,2.0,825047,2.0,823024,2.0,823024,3.0,824326,3.0,824326
824319,2026-08-18,away,641778,Eric Lauer,6.0,1.0,4.0,17,20,1,1,True,True,False,6.0,823916,6.0,823916,1.0,824646,1.0,824646,4.0,823924,4.0,823924
823342,2026-08-19,home,694973,Paul Skenes,4.0,6.0,7.0,23,23,1,1,True,True,False,4.0,823832,4.0,823832,6.0,823753,6.0,823753,7.0,824486,7.0,824486
823342,2026-08-19,away,695549,Jackson Jobe,4.0,4.0,,2,2,0,0,True,True,False,4.0,824237,4.0,824237,4.0,823188,4.0,823188,,,,
823587,2026-08-19,home,476594,Robert Stock,5.0,4.0,4.0,4,4,0,0,True,True,False,5.0,823591,5.0,823591,4.0,823348,4.0,823348,4.0,823592,4.0,823592
823587,2026-08-19,away,650633,Michael King,4.0,6.0,5.0,25,26,1,1,True,True,False,4.0,824399,4.0,824399,6.0,823267,6.0,823267,5.0,825095,5.0,825095
823664,2026-08-19,home,671737,Taj Bradley,3.0,7.0,2.0,23,22,0,0,True,True,False,3.0,823669,3.0,823669,7.0,823752,7.0,823752,2.0,823107,2.0,823107
823664,2026-08-19,away,700363,AJ Smith-Shawver,4.0,,,1,1,0,0,True,True,False,4.0,823596,4.0,823596,,,,,,,,
824640,2026-08-19,home,605280,Clay Holmes,3.0,1.0,8.0,11,11,0,0,True,True,False,3.0,824643,3.0,824643,1.0,824079,1.0,824079,8.0,823629,8.0,823629
824640,2026-08-19,away,656794,Sean Newcomb,2.0,4.0,,3,46,0,3,True,True,False,2.0,824237,2.0,824236,4.0,824263,2.0,824237,1.0,831772,0.0,824563
824722,2026-08-19,home,801139,Payton Tolle,4.0,14.0,7.0,17,20,0,0,True,True,False,4.0,822776,4.0,822776,14.0,824727,14.0,824727,7.0,823920,7.0,823920
824722,2026-08-19,away,694297,Brandon Pfaadt,7.0,2.0,3.0,13,22,1,2,True,True,False,7.0,824882,7.0,824882,2.0,825049,2.0,825049,3.0,825095,3.0,825095
823424,2026-08-19,home,605400,Aaron Nola,9.0,8.0,5.0,24,24,2,2,True,True,False,9.0,823669,9.0,823669,8.0,823426,8.0,823426,5.0,823431,5.0,823431
823424,2026-08-19,away,645261,Sandy Alcantara,2.0,8.0,5.0,26,26,1,1,True,True,False,2.0,824479,2.0,824479,8.0,823834,8.0,823834,5.0,823592,5.0,823592
824801,2026-08-19,home,605135,Chris Bassitt,3.0,1.0,2.0,11,15,0,0,True,True,False,1.0,824755,1.0,824755,2.0,824834,2.0,824834,4.0,822737,4.0,824842
824801,2026-08-19,away,701542,Will Warren,3.0,5.0,7.0,25,27,0,1,True,True,False,3.0,823511,3.0,823511,5.0,823516,5.0,823516,7.0,824651,7.0,824651
824394,2026-08-19,home,800048,Parker Messick,6.0,8.0,6.0,25,26,0,0,True,True,False,6.0,824238,6.0,824238,8.0,824566,8.0,824566,6.0,824405,6.0,824405
824394,2026-08-19,away,683363,Matt Wilkinson,,,,0,1,0,0,True,True,False,,,5.0,831427,,,,,,,,
824476,2026-08-19,home,695505,Chase Burns,8.0,6.0,9.0,25,25,1,1,True,True,False,8.0,824479,8.0,824479,6.0,822701,6.0,822701,9.0,824483,9.0,824483
824476,2026-08-19,away,669461,Matthew Liberatore,6.0,3.0,7.0,22,23,2,4,True,True,False,6.0,824643,6.0,824643,3.0,823021,3.0,823021,7.0,822783,7.0,822783
822937,2026-08-19,home,656876,Drew Rasmussen,3.0,8.0,10.0,23,24,2,2,True,True,False,3.0,824967,3.0,824967,8.0,823103,8.0,823103,10.0,822944,10.0,822944
822937,2026-08-19,away,453286,Max Scherzer,4.0,4.0,5.0,13,13,0,0,True,True,False,4.0,822776,4.0,822776,4.0,823426,4.0,823426,5.0,822783,5.0,822783
824076,2026-08-19,home,607625,Seth Lugo,4.0,5.0,3.0,21,20,1,1,True,True,False,4.0,823993,4.0,823993,5.0,824079,5.0,824079,3.0,824323,3.0,824323
824076,2026-08-19,away,605488,Jeffrey Springs,2.0,0.0,2.0,22,22,2,3,True,True,False,2.0,824975,2.0,824975,0.0,823678,0.0,823678,2.0,825058,2.0,825058
823748,2026-08-19,home,669160,Dustin May,6.0,5.0,3.0,26,26,0,0,True,True,False,6.0,823263,6.0,823263,5.0,823754,5.0,823754,3.0,823022,3.0,823022
823748,2026-08-19,away,669302,Logan Gilbert,7.0,6.0,6.0,26,26,2,2,True,True,False,7.0,823508,7.0,823508,6.0,823103,6.0,823103,6.0,823109,6.0,823109
822860,2026-08-19,home,677958,Kumar Rocker,3.0,5.0,5.0,19,23,1,1,True,True,False,3.0,824968,3.0,824968,5.0,822862,5.0,822862,5.0,824163,5.0,824163
822860,2026-08-19,away,676917,Cade Cavalli,10.0,8.0,3.0,25,26,3,4,True,True,False,10.0,822696,10.0,822696,8.0,822699,8.0,822699,3.0,824891,3.0,824891
824155,2026-08-19,home,814490,Ethan Pecko,,,,0,0,0,0,True,True,False,,,,,,,,,,,,
824155,2026-08-19,away,700712,Walbert Ureña,5.0,2.0,7.0,20,26,0,2,True,True,False,5.0,823995,5.0,823995,2.0,823834,2.0,823834,7.0,823996,7.0,823996
824318,2026-08-19,home,607536,Kyle Freeland,2.0,3.0,8.0,24,24,2,2,True,True,False,2.0,823185,2.0,823185,3.0,823021,3.0,823021,8.0,824323,8.0,824323
824318,2026-08-19,away,808963,Roki Sasaki,2.0,5.0,7.0,22,22,1,1,True,True,False,2.0,823915,2.0,823915,5.0,825051,5.0,825051,7.0,823921,7.0,823921
824474,2026-08-20,home,663903,Brady Singer,4.0,3.0,6.0,27,28,1,2,True,True,False,4.0,824480,4.0,824480,3.0,822700,3.0,822700,6.0,824484,6.0,824484
824474,2026-08-20,away,700241,Michael McGreevy,6.0,4.0,5.0,22,22,2,2,True,True,False,6.0,824644,6.0,824644,4.0,823020,4.0,823020,5.0,823520,5.0,823520
824395,2026-08-20,home,668909,Gavin Williams,5.0,7.0,10.0,25,24,0,0,True,True,False,5.0,824399,5.0,824399,7.0,824565,7.0,824565,10.0,824404,10.0,824404
824395,2026-08-20,away,694738,Landen Roupp,5.0,3.0,6.0,24,23,1,2,True,True,False,5.0,823185,5.0,823185,3.0,823188,3.0,823188,6.0,823270,6.0,823270
822934,2026-08-20,home,693855,Ian Seymour,9.0,7.0,9.0,10,38,0,4,True,True,False,9.0,822941,9.0,822941,7.0,823104,7.0,823104,9.0,824324,9.0,824324
822934,2026-08-20,away,669456,Shane Bieber,5.0,4.0,6.0,10,10,0,0,True,True,False,5.0,822777,5.0,822777,4.0,823425,4.0,823425,6.0,824160,6.0,824160
823747,2026-08-20,home,688107,Robert Gasser,7.0,3.0,6.0,17,17,0,0,True,True,False,7.0,823913,7.0,823913,3.0,823752,3.0,823752,6.0,824000,6.0,824000
823747,2026-08-20,away,669923,George Kirby,2.0,2.0,3.0,23,23,1,1,True,True,False,2.0,824159,2.0,824159,2.0,823102,2.0,823102,3.0,823107,3.0,823107
824802,2026-08-20,home,680694,Kyle Bradish,3.0,4.0,3.0,23,23,1,1,True,True,False,3.0,822941,3.0,822941,4.0,822864,4.0,822864,3.0,824807,3.0,824807
824802,2026-08-20,away,543037,Gerrit Cole,5.0,9.0,5.0,17,17,0,0,True,True,False,5.0,822777,5.0,822777,9.0,823514,9.0,823514,5.0,824648,5.0,824648
822861,2026-08-20,home,594798,Jacob deGrom,3.0,9.0,3.0,21,22,0,1,True,True,False,3.0,823995,3.0,823995,9.0,822864,9.0,822864,3.0,824162,3.0,824162
822861,2026-08-20,away,674841,Andrew Alvarez,4.0,2.0,5.0,11,20,0,0,True,True,False,4.0,823591,4.0,823591,2.0,822701,2.0,822701,5.0,823431,5.0,823431
824153,2026-08-20,home,663567,Peter Lambert,6.0,3.0,8.0,20,22,2,2,True,True,False,6.0,824159,6.0,824159,3.0,823267,3.0,823267,8.0,824163,8.0,824163
824153,2026-08-20,away,680570,Grayson Rodriguez,5.0,8.0,6.0,15,15,0,0,True,True,False,5.0,823993,5.0,823993,8.0,823835,8.0,823835,6.0,824805,6.0,824805
823746,2026-08-21,home,694819,Jacob Misiorowski,6.0,9.0,10.0,21,24,2,3,True,True,False,6.0,823914,6.0,823914,9.0,823751,9.0,823751,10.0,823996,10.0,823996
823746,2026-08-21,away,519242,Chris Sale,9.0,8.0,9.0,21,20,0,0,True,True,False,9.0,824882,9.0,824882,8.0,823514,8.0,823514,11.0,824893,11.0,824893
823420,2026-08-21,home,666200,Jesús Luzardo,9.0,12.0,7.0,28,29,0,0,True,True,False,9.0,823671,9.0,823671,12.0,823425,12.0,823425,7.0,823432,7.0,823432
823420,2026-08-21,away,690928,Hunter Dobbins,7.0,6.0,4.0,5,8,0,0,True,True,False,7.0,824642,7.0,824642,6.0,823018,6.0,823018,4.0,823517,4.0,823517
823510,2026-08-21,home,693645,Cam Schlittler,7.0,11.0,6.0,24,25,3,4,True,True,False,7.0,822775,7.0,822775,11.0,823513,11.0,823513,6.0,823520,6.0,823520
823510,2026-08-21,away,689254,Mason Fluharty,1.0,3.0,0.0,3,66,0,4,True,True,False,1.0,824919,1.0,822937,3.0,824278,0.0,822938,0.0,824622,0.0,822775
824721,2026-08-21,home,543243,Sonny Gray,7.0,4.0,8.0,25,25,1,1,True,True,False,7.0,823347,7.0,823347,4.0,822780,4.0,822780,8.0,824728,8.0,824728
824721,2026-08-21,away,657277,Logan Webb,7.0,2.0,8.0,21,21,0,0,True,True,False,7.0,823184,7.0,823184,2.0,823190,2.0,823190,8.0,822867,8.0,822867
824800,2026-08-21,home,669432,Trevor Rogers,6.0,4.0,9.0,23,24,2,2,True,True,False,4.0,823675,6.0,822940,9.0,824806,4.0,823675,6.0,824242,9.0,824806
824800,2026-08-21,away,642547,Freddy Peralta,2.0,5.0,3.0,21,22,3,3,True,True,False,5.0,824969,2.0,822940,3.0,824321,5.0,824969,3.0,823599,3.0,824321
824559,2026-08-21,home,680732,Sean Burke,2.0,8.0,4.0,22,24,1,1,True,True,False,2.0,824236,2.0,824236,8.0,824563,8.0,824563,4.0,824728,4.0,824728
824559,2026-08-21,away,640455,Sean Manaea,7.0,11.0,7.0,14,27,0,1,True,True,False,7.0,823588,7.0,823588,11.0,823345,11.0,823345,7.0,824403,7.0,824403
824072,2026-08-21,home,702070,Noah Cameron,8.0,2.0,9.0,21,25,1,2,True,True,False,8.0,823991,8.0,823991,2.0,823918,2.0,823918,9.0,824082,9.0,824082
824072,2026-08-21,away,675512,Troy Melton,4.0,5.0,4.0,12,13,1,1,True,True,False,4.0,824239,4.0,824239,5.0,823190,5.0,823190,4.0,823108,4.0,823108
824152,2026-08-21,home,669713,Hayden Wesneski,6.0,4.0,4.0,4,4,0,0,True,True,False,6.0,824157,6.0,824157,4.0,823189,4.0,823189,4.0,824161,4.0,824161
824152,2026-08-21,away,669372,J.T. Ginn,7.0,2.0,5.0,20,26,0,1,True,True,False,7.0,824966,7.0,824966,2.0,824724,2.0,824724,5.0,824484,5.0,824484
822857,2026-08-21,home,669022,MacKenzie Gore,5.0,9.0,4.0,26,28,2,3,True,True,False,5.0,824966,5.0,824966,9.0,823998,9.0,823998,4.0,822865,4.0,822865
822857,2026-08-21,away,672282,Reid Detmers,11.0,6.0,5.0,25,25,1,1,True,True,False,11.0,823990,11.0,823990,6.0,823998,6.0,823998,5.0,824806,5.0,824806
824317,2026-08-21,home,685299,Tanner Gordon,1.0,7.0,4.0,4,15,0,1,True,True,False,1.0,823200,4.0,823184,7.0,824333,2.0,823020,2.0,824354,3.0,824324
824317,2026-08-21,away,676282,Joey Cantillo,7.0,3.0,5.0,26,29,3,4,True,True,False,7.0,824400,7.0,824400,3.0,824564,3.0,824564,5.0,824403,5.0,824403
823262,2026-08-21,home,681190,Randy Vásquez,1.0,1.0,0.0,19,26,1,1,True,True,False,1.0,823268,5.0,824400,0.0,823841,1.0,823268,0.0,823935,1.0,825054
823262,2026-08-21,away,687570,Connor Prielipp,6.0,7.0,5.0,15,17,0,0,True,True,False,6.0,823671,6.0,823671,7.0,823751,7.0,823751,5.0,823109,5.0,823109
823911,2026-08-21,home,808967,Yoshinobu Yamamoto,9.0,6.0,3.0,18,18,3,3,True,True,False,9.0,823913,9.0,823913,6.0,825049,6.0,825049,3.0,823920,3.0,823920
823911,2026-08-21,away,696149,Bubba Chandler,5.0,5.0,5.0,20,22,2,3,True,True,False,5.0,823346,5.0,823346,5.0,823348,5.0,823348,5.0,823757,5.0,823757
823101,2026-08-21,home,676106,Emerson Hancock,8.0,3.0,6.0,20,22,1,1,True,True,False,8.0,824157,8.0,824157,3.0,823104,3.0,823104,6.0,823108,6.0,823108
823101,2026-08-21,away,571510,Matthew Boyd,2.0,3.0,3.0,13,15,2,3,True,True,False,2.0,824644,2.0,824644,3.0,824078,3.0,824078,3.0,824647,3.0,824647
831610,2026-03-17,home,434378,Justin Verlander,,,,2,2,0,0,True,True,False,5.0,831621,5.0,831621,4.0,831631,4.0,831631,,,,
831610,2026-03-17,away,605135,Chris Bassitt,,,,2,3,0,0,True,True,False,2.0,831519,3.0,831507,0.0,831638,2.0,831519,,,0.0,831638
831560,2026-03-17,home,656605,Mitch Keller,,,,1,1,0,0,True,True,False,3.0,831478,3.0,831478,,,,,,,,
831560,2026-03-17,away,621121,Lance McCullers Jr.,,,,1,1,0,0,True,True,False,4.0,831617,4.0,831617,,,,,,,,
831454,2026-03-17,home,663623,Jake Irvin,,,,1,1,0,0,True,True,False,4.0,831510,4.0,831510,,,,,,,,
831454,2026-03-17,away,669160,Dustin May,,,,2,2,0,0,True,True,False,3.0,831465,3.0,831465,1.0,831478,1.0,831478,,,,
831554,2026-03-17,home,666200,Jesús Luzardo,,,,2,2,0,0,True,True,False,3.0,831564,3.0,831564,5.0,831581,5.0,831581,,,,
831554,2026-03-17,away,641927,Bailey Ober,,,,2,2,0,0,True,True,False,2.0,831622,2.0,831622,1.0,831521,1.0,831521,,,,
831504,2026-03-17,home,543243,Sonny Gray,,,,1,1,0,0,True,True,False,4.0,831625,4.0,831625,,,,,,,,
831504,2026-03-17,away,625643,Reynaldo López,,,,2,2,0,0,True,True,False,3.0,831521,3.0,831521,3.0,831585,3.0,831585,,,,
831609,2026-03-17,home,686752,Ryan Pepiot,,,,1,1,0,0,True,True,False,3.0,831633,3.0,831633,,,,,,,,
831609,2026-03-17,away,701542,Will Warren,,,,3,3,0,0,True,True,False,2.0,831621,2.0,831621,3.0,831568,3.0,831568,3.0,831578,3.0,831578
831463,2026-03-17,home,645261,Sandy Alcantara,,,,1,1,0,0,True,True,False,4.0,831582,4.0,831582,,,,,,,,
831463,2026-03-17,away,640455,Sean Manaea,,,,2,2,0,0,True,True,False,4.0,831472,4.0,831472,1.0,831480,1.0,831480,,,,
831942,2026-03-17,home,641743,Anthony Kay,,,,3,3,0,0,True,True,False,4.0,831824,4.0,831824,2.0,831919,2.0,831919,2.0,831914,2.0,831914
831942,2026-03-17,away,806960,Luis Morales,,,,2,2,0,0,True,True,False,3.0,831950,3.0,831950,4.0,831941,4.0,831941,,,,
831742,2026-03-17,home,663372,Ryan Feltner,,,,1,2,0,0,True,True,False,4.0,831898,4.0,831898,,,5.0,831792,,,,
831742,2026-03-17,away,681867,Cooper Criswell,,,,2,2,0,0,True,True,False,5.0,831836,5.0,831836,1.0,831739,1.0,831739,,,,
831769,2026-03-17,home,622491,Luis Castillo,,,,2,2,0,0,True,True,False,3.0,831861,3.0,831861,2.0,831765,2.0,831765,,,,
831769,2026-03-17,away,608566,Germán Márquez,,,,3,3,0,0,True,True,False,1.0,831839,1.0,831839,3.0,831921,3.0,831921,2.0,831768,2.0,831768
831831,2026-03-17,home,684007,Shota Imanaga,,,,2,2,0,0,True,True,False,3.0,831949,3.0,831949,1.0,831914,1.0,831914,,,,
831831,2026-03-17,away,666201,Alek Manoah,,,,2,2,0,0,True,True,False,4.0,831824,4.0,831824,3.0,831941,3.0,831941,,,,
831883,2026-03-17,home,666157,Nick Lodolo,,,,1,2,0,0,True,True,False,3.0,831894,3.0,831894,,,4.0,831897,,,,
831883,2026-03-17,away,663465,Kolby Allard,,,,0,3,0,0,True,True,False,,,0.0,831879,,,0.0,831881,,,1.0,831880
831806,2026-03-17,home,592717,Aaron Sanchez,,,,0,3,0,0,True,True,False,,,0.0,831762,,,2.0,831897,,,0.0,831851
831806,2026-03-17,away,808963,Roki Sasaki,,,,1,1,0,0,True,True,False,2.0,831811,2.0,831811,,,,,,,,
823509,2026-08-22,home,677960,Ryan Weathers,4.0,4.0,6.0,26,27,2,2,True,True,False,4.0,822774,4.0,822774,4.0,823512,4.0,823512,6.0,823517,6.0,823517
823509,2026-08-22,away,656302,Dylan Cease,10.0,7.0,10.0,22,22,0,0,True,True,False,10.0,822774,10.0,822774,7.0,822778,7.0,822778,7.0,822782,7.0,822782
823743,2026-08-22,home,701656,Logan Henderson,6.0,7.0,8.0,11,12,0,0,True,True,False,6.0,823912,6.0,823912,7.0,823265,8.0,823756,8.0,823756,7.0,823193
823743,2026-08-22,away,527048,Martín Pérez,3.0,2.0,3.0,18,25,0,1,True,True,False,3.0,823668,3.0,823668,2.0,824886,2.0,824886,3.0,824885,3.0,824885
823831,2026-08-22,home,691587,Eury Pérez,5.0,7.0,9.0,21,24,1,3,True,True,False,5.0,824477,5.0,824477,7.0,823832,7.0,823832,9.0,824889,9.0,824889
823831,2026-08-22,away,663623,Jake Irvin,6.0,4.0,3.0,16,17,0,1,True,True,False,6.0,823590,6.0,823590,4.0,822697,4.0,822697,3.0,823429,3.0,823429
823422,2026-08-22,home,691725,Andrew Painter,2.0,6.0,4.0,17,18,0,0,True,True,False,2.0,823670,2.0,823670,6.0,823018,6.0,823018,4.0,823429,4.0,823429
823422,2026-08-22,away,687273,Quinn Mathews,7.0,3.0,,2,3,0,0,True,True,False,3.0,822781,3.0,822781,4.0,831452,4.0,831452,,,7.0,831478
824798,2026-08-22,home,687064,Brandon Young,3.0,4.0,4.0,15,17,1,1,True,True,False,3.0,822939,3.0,822939,4.0,823673,4.0,823673,4.0,824804,4.0,824804
824798,2026-08-22,away,663556,Shane McClanahan,3.0,3.0,3.0,21,22,1,2,True,True,False,3.0,822939,3.0,822939,3.0,822946,3.0,822946,3.0,822952,3.0,822952
822858,2026-08-22,home,674003,Cody Bradford,4.0,1.0,5.0,3,3,0,0,True,True,False,4.0,824965,4.0,824965,1.0,823997,1.0,823997,5.0,822866,5.0,822866
822858,2026-08-22,away,696270,Ryan Johnson,4.0,5.0,1.0,14,20,1,1,True,True,False,4.0,823991,4.0,823991,5.0,823997,5.0,823997,1.0,824804,1.0,824804
824151,2026-08-22,home,686613,Hunter Brown,5.0,4.0,8.0,16,16,1,1,True,True,False,5.0,824156,5.0,824156,4.0,823186,4.0,823186,8.0,824158,8.0,824158
824151,2026-08-22,away,682052,Jacob Lopez,6.0,5.0,9.0,20,22,0,0,True,True,False,6.0,824965,6.0,824965,5.0,824969,5.0,824969,9.0,824482,9.0,824482
824560,2026-08-22,home,622491,Luis Castillo,1.0,10.0,5.0,21,24,0,0,True,True,False,1.0,824641,1.0,824641,10.0,824562,10.0,824562,5.0,824729,5.0,824729
824560,2026-08-22,away,681035,Christian Scott,7.0,6.0,7.0,14,18,0,1,True,True,False,7.0,823590,7.0,823590,6.0,824887,6.0,824887,7.0,824402,7.0,824402
824073,2026-08-22,home,608379,Michael Wacha,3.0,5.0,1.0,26,28,0,0,True,True,False,3.0,824077,3.0,824077,5.0,823917,5.0,823917,1.0,824080,1.0,824080
824073,2026-08-22,away,623454,Drew Anderson,5.0,4.0,0.0,5,43,0,2,True,True,False,5.0,824236,5.0,824236,4.0,824240,4.0,824240,0.0,823106,0.0,823106
823910,2026-08-22,home,669373,Tarik Skubal,7.0,6.0,6.0,18,19,1,2,True,True,False,7.0,823912,7.0,823912,6.0,823918,6.0,823918,6.0,824645,6.0,824645
823910,2026-08-22,away,683003,Jared Jones,7.0,3.0,4.0,13,13,0,0,True,True,False,7.0,823347,7.0,823347,3.0,823345,3.0,823345,4.0,823756,4.0,823756
823100,2026-08-22,home,807739,Kade Anderson,,,,2,2,0,0,True,True,False,4.0,831801,4.0,831801,2.0,831737,2.0,831737,,,,
823100,2026-08-22,away,656849,David Peterson,6.0,3.0,8.0,17,26,1,1,True,True,False,6.0,822698,1.0,824641,8.0,824649,6.0,822698,3.0,823025,8.0,824649
824718,2026-08-22,home,663776,Patrick Sandoval,6.0,4.0,5.0,7,7,0,0,True,True,False,6.0,823344,6.0,823344,4.0,822778,4.0,822778,5.0,824731,5.0,824731
824718,2026-08-22,away,694918,Blade Tidwell,1.0,6.0,3.0,3,13,0,0,True,True,False,1.0,823182,1.0,823182,6.0,823189,6.0,823189,3.0,822865,3.0,822865
825044,2026-08-22,home,647336,Michael Soroka,5.0,4.0,0.0,18,18,1,1,True,True,False,5.0,824880,5.0,824880,4.0,825048,4.0,825048,0.0,825069,0.0,825069
825044,2026-08-22,away,695076,Rhett Lowder,5.0,4.0,3.0,18,23,0,1,True,True,False,5.0,824478,5.0,824478,4.0,824562,4.0,824562,3.0,824482,3.0,824482
824316,2026-08-22,home,687312,Gabriel Hughes,2.0,3.0,7.0,7,9,0,0,True,True,False,2.0,823182,2.0,823182,3.0,825048,3.0,825048,7.0,824321,7.0,824321
824316,2026-08-22,away,676440,Tanner Bibee,3.0,4.0,10.0,27,26,2,3,True,True,False,3.0,824397,3.0,824397,4.0,824240,4.0,824240,10.0,824402,10.0,824402
823261,2026-08-22,home,663554,Casey Mize,3.0,6.0,1.0,21,22,1,1,True,True,False,3.0,824397,3.0,824397,6.0,823265,1.0,825052,1.0,825052,3.0,824244
823261,2026-08-22,away,665152,Dean Kremer,6.0,7.0,2.0,9,11,0,1,True,True,False,6.0,823670,6.0,823670,7.0,823675,7.0,823675,2.0,824082,2.0,824082
831556,2026-03-18,home,681517,Kyle Leahy,,,,3,3,0,0,True,True,False,5.0,831567,5.0,831567,5.0,831469,5.0,831469,1.0,831477,1.0,831477
831556,2026-03-18,away,641585,J.P. France,,,,0,3,0,0,True,True,False,,,5.0,831567,,,1.0,831572,,,2.0,831529
831453,2026-03-18,home,527048,Martín Pérez,,,,0,2,0,0,True,True,False,,,6.0,831574,,,3.0,831521,,,,
831453,2026-03-18,away,691725,Andrew Painter,,,,3,3,0,0,True,True,False,4.0,831565,4.0,831565,0.0,831576,0.0,831576,1.0,831578,1.0,831578
831607,2026-03-18,home,543037,Gerrit Cole,,,,0,0,0,0,True,True,False,,,,,,,,,,,,
831607,2026-03-18,away,813349,Connelly Early,,,,2,2,0,0,True,True,False,1.0,831622,1.0,831622,4.0,831631,4.0,831631,,,,
831600,2026-03-18,home,676596,Josh Fleming,,,,0,3,0,0,True,True,False,,,2.0,831614,,,0.0,831564,,,0.0,831576
831600,2026-03-18,away,544150,Albert Suárez,,,,0,2,0,0,True,True,False,,,2.0,831519,,,2.0,831638,,,,
831866,2026-03-18,home,663903,Brady Singer,,,,3,3,0,0,True,True,False,2.0,831759,2.0,831759,3.0,831960,3.0,831960,1.0,831930,1.0,831930
831866,2026-03-18,away,500779,Jose Quintana,,,,1,1,0,0,True,True,False,5.0,831731,5.0,831731,,,,,,,,
831761,2026-03-18,home,660271,Shohei Ohtani,,,,0,0,0,0,True,True,False,,,,,,,,,,,,
831761,2026-03-18,away,694738,Landen Roupp,,,,3,3,0,0,True,True,False,4.0,831891,4.0,831891,2.0,831757,2.0,831757,2.0,831760,2.0,831760
831932,2026-03-18,home,518876,Merrill Kelly,,,,1,1,0,0,True,True,False,1.0,831958,1.0,831958,,,,,,,,
831932,2026-03-18,away,665795,Edward Cabrera,,,,2,2,0,0,True,True,False,3.0,831754,3.0,831754,2.0,831929,2.0,831929,,,,
831895,2026-03-18,home,686799,Jack Kochanowicz,,,,1,2,0,0,True,True,False,2.0,831832,2.0,831832,,,2.0,831840,,,,
831895,2026-03-18,away,695505,Chase Burns,,,,2,2,0,0,True,True,False,2.0,831891,2.0,831891,4.0,831892,4.0,831892,,,,
831818,2026-03-18,home,690986,Kyle Harrison,,,,2,3,0,0,True,True,False,4.0,831935,4.0,831935,8.0,831740,8.0,831740,,,2.0,831855
831818,2026-03-18,away,696270,Ryan Johnson,,,,1,3,0,0,True,True,False,4.0,831828,6.0,831879,,,4.0,831828,,,2.0,831827
831558,2026-03-18,home,677952,Braxton Ashcraft,,,,1,1,0,0,True,True,False,5.0,831470,5.0,831470,,,,,,,,
831558,2026-03-18,away,663554,Casey Mize,,,,2,3,0,0,True,True,False,2.0,831512,2.0,831512,1.0,831518,1.0,831518,,,2.0,831527
831833,2026-03-18,home,677958,Kumar Rocker,,,,0,2,0,0,True,True,False,,,5.0,831920,,,1.0,831938,,,,
831833,2026-03-18,away,608379,Michael Wacha,,,,1,2,0,0,True,True,False,6.0,831958,6.0,831958,,,3.0,831794,,,,
824799,2026-08-23,home,669358,Shane Baz,10.0,2.0,9.0,25,23,1,1,True,True,False,10.0,824803,10.0,824803,2.0,823672,2.0,823672,9.0,822863,9.0,822863
824799,2026-08-23,away,607259,Nick Martinez,5.0,5.0,4.0,26,27,0,0,True,True,False,5.0,822938,5.0,822938,5.0,824970,5.0,824970,4.0,824322,4.0,824322
823421,2026-08-23,home,650911,Cristopher Sánchez,6.0,7.0,6.0,24,25,3,4,True,True,False,6.0,823427,6.0,823427,7.0,823019,7.0,823019,6.0,823430,6.0,823430
823421,2026-08-23,away,681517,Kyle Leahy,6.0,6.0,8.0,26,25,0,0,True,True,False,6.0,824475,6.0,824475,6.0,823017,6.0,823017,8.0,823024,8.0,823024
823507,2026-08-23,home,607074,Carlos Rodón,4.0,6.0,5.0,10,10,0,0,True,True,False,4.0,824803,4.0,824803,6.0,824744,6.0,824744,5.0,824262,5.0,824262
823507,2026-08-23,away,667755,José Soriano,2.0,4.0,3.0,22,23,1,2,True,True,False,2.0,822938,2.0,822938,4.0,822779,4.0,822779,3.0,823428,3.0,823428
824071,2026-08-23,home,663738,Daniel Lynch IV,1.0,3.0,2.0,3,48,0,1,True,True,False,1.0,824075,1.0,824075,3.0,823916,3.0,823916,2.0,824081,2.0,824081
824071,2026-08-23,away,621097,Jacob Waguespack,0.0,1.0,0.0,0,25,0,1,True,True,False,,,0.0,823342,,,1.0,824236,,,0.0,824237
824150,2026-08-23,home,664299,Cristian Javier,5.0,2.0,2.0,11,15,0,0,True,True,False,5.0,824154,5.0,824154,2.0,823268,2.0,823268,2.0,824160,2.0,824160
824150,2026-08-23,away,669620,Brady Basso,1.0,3.0,,2,16,0,1,True,True,False,1.0,824075,1.0,824075,3.0,823679,2.0,824966,,,2.0,824970
824558,2026-08-23,home,656794,Sean Newcomb,0.0,2.0,4.0,4,47,0,3,True,True,False,0.0,824640,0.0,824640,2.0,824237,2.0,824236,4.0,824263,2.0,824237
824558,2026-08-23,away,690997,Nolan McLean,3.0,3.0,8.0,20,21,1,2,True,True,False,3.0,823589,3.0,823589,3.0,824886,3.0,824886,8.0,824401,8.0,824401
822856,2026-08-23,home,615698,Cal Quantrill,5.0,6.0,4.0,10,25,0,0,True,True,False,5.0,822859,5.0,822859,6.0,823994,6.0,823994,4.0,822867,0.0,822864
822856,2026-08-23,away,579328,Yusei Kikuchi,1.0,5.0,8.0,6,6,0,0,True,True,False,5.0,824124,5.0,824124,8.0,824049,8.0,824049,3.0,823563,3.0,823563
824315,2026-08-23,home,608372,Tomoyuki Sugano,3.0,5.0,3.0,22,22,0,0,True,True,False,3.0,824320,3.0,824320,5.0,825046,5.0,825046,3.0,824322,3.0,824322
824315,2026-08-23,away,656492,Foster Griffin,6.0,3.0,6.0,25,26,0,0,True,True,False,6.0,824398,6.0,824398,3.0,824241,3.0,824241,6.0,824401,6.0,824401
824720,2026-08-23,home,687562,Jake Bennett,6.0,5.0,4.0,11,12,0,1,True,True,False,6.0,823346,6.0,823346,5.0,824726,5.0,824726,4.0,823919,4.0,823919
824720,2026-08-23,away,683363,Matt Wilkinson,0.0,,,1,2,0,0,True,True,False,0.0,824394,0.0,824394,,,5.0,831427,,,,
823909,2026-08-23,home,605483,Blake Snell,5.0,10.0,5.0,3,3,0,0,True,True,False,5.0,824320,5.0,824320,10.0,823917,10.0,823917,5.0,823955,5.0,823955
823909,2026-08-23,away,669199,Lake Bachar,4.0,1.0,4.0,4,43,0,2,True,True,False,4.0,823344,1.0,823911,1.0,823853,4.0,823344,3.0,823859,1.0,823833
823099,2026-08-23,home,682243,Bryce Miller,3.0,5.0,5.0,14,14,1,1,True,True,False,3.0,823749,3.0,823749,5.0,823511,5.0,823511,5.0,823105,5.0,823105
823099,2026-08-23,away,684007,Shota Imanaga,,,,27,27,0,0,True,True,False,10.0,824641,10.0,824641,5.0,822697,5.0,822697,6.0,824646,6.0,824646
823258,2026-08-23,home,621111,Walker Buehler,4.0,5.0,3.0,25,26,1,1,True,True,False,4.0,823589,4.0,823589,5.0,823264,5.0,823264,3.0,825053,3.0,825053
823258,2026-08-23,away,641927,Bailey Ober,4.0,4.0,0.0,21,21,0,0,True,True,False,4.0,823668,4.0,823668,4.0,823673,4.0,823673,0.0,824080,0.0,824080
825043,2026-08-23,home,683352,Mitch Bratt,0.0,4.0,9.0,9,9,0,0,True,True,False,0.0,824725,0.0,824725,4.0,825046,4.0,825046,9.0,825052,9.0,825052
825043,2026-08-23,away,671096,Andrew Abbott,6.0,3.0,4.0,27,27,1,1,True,True,False,6.0,824475,6.0,824475,3.0,824561,3.0,824561,4.0,824481,4.0,824481
823745,2026-08-23,home,675660,Shane Drohan,5.0,4.0,7.0,13,23,1,1,True,True,False,5.0,823915,1.0,823749,4.0,823750,5.0,823915,7.0,823999,4.0,823750
823745,2026-08-23,away,641816,Tyler Mahle,3.0,7.0,9.0,24,24,2,2,True,True,False,3.0,823667,3.0,823667,7.0,824883,7.0,824883,9.0,823515,9.0,823515
831452,2026-03-19,home,687273,Quinn Mathews,,,,0,1,0,0,True,True,False,,,7.0,831478,,,,,,,,
831452,2026-03-19,away,641793,Zack Littell,,,,1,1,0,0,True,True,False,2.0,831464,2.0,831464,,,,,,,,
831551,2026-03-19,home,641835,Tim Mayza,,,,0,4,0,0,True,True,False,,,0.0,831498,,,0.0,831565,,,0.0,831522
831551,2026-03-19,away,656876,Drew Rasmussen,,,,2,2,0,0,True,True,False,4.0,831616,4.0,831616,1.0,831585,1.0,831585,,,,
832062,2026-03-19,home,608331,Max Fried,,,,3,3,0,0,True,True,False,4.0,831514,4.0,831514,6.0,831517,6.0,831517,1.0,831444,1.0,831444
832062,2026-03-19,away,665152,Dean Kremer,,,,0,1,0,0,True,True,False,,,2.0,831445,,,,,,,,
831605,2026-03-19,home,664074,Cody Ponce,,,,3,3,0,0,True,True,False,2.0,831623,2.0,831623,1.0,831628,1.0,831628,2.0,831640,2.0,831640
831605,2026-03-19,away,677960,Ryan Weathers,,,,2,2,0,0,True,True,False,4.0,831563,4.0,831563,3.0,831575,3.0,831575,,,,
831500,2026-03-19,home,663567,Peter Lambert,,,,0,2,0,0,True,True,False,,,3.0,831508,,,2.0,831516,,,,
831500,2026-03-19,away,673540,Kodai Senga,,,,2,2,0,0,True,True,False,5.0,831462,5.0,831462,2.0,831469,2.0,831469,,,,
831501,2026-03-19,home,669432,Trevor Rogers,,,,2,2,0,0,True,True,False,3.0,831562,3.0,831562,4.0,831445,4.0,831445,,,,
831501,2026-03-19,away,676742,Cam Sanders,,,,0,5,0,0,True,True,False,,,2.0,831562,,,1.0,831466,,,2.0,831571
831606,2026-03-19,home,678394,Brayan Bello,,,,2,2,0,0,True,True,False,7.0,831566,7.0,831566,2.0,836150,2.0,836150,,,,
831606,2026-03-19,away,690953,Mick Abel,,,,3,3,0,0,True,True,False,4.0,831623,4.0,831623,2.0,831630,2.0,831630,6.0,831531,6.0,831531
831822,2026-03-19,home,663460,Kris Bubic,,,,2,3,0,0,True,True,False,4.0,831839,4.0,831839,3.0,831794,3.0,831897,,,3.0,831794
831822,2026-03-19,away,579328,Yusei Kikuchi,,,,0,0,0,0,True,True,False,,,,,,,,,,,,
831846,2026-03-19,home,800048,Parker Messick,,,,1,1,0,0,True,True,False,4.0,831881,4.0,831881,,,,,,,,
831846,2026-03-19,away,702070,Noah Cameron,,,,2,3,0,0,True,True,False,3.0,831848,2.0,831958,0.0,831840,3.0,831848,,,0.0,831840
831962,2026-03-19,home,663436,Davis Martin,,,,2,3,0,0,True,True,False,4.0,831933,4.0,831933,2.0,831760,4.0,831904,,,2.0,831760
831962,2026-03-19,away,647336,Michael Soroka,,,,1,1,0,0,True,True,False,1.0,831888,1.0,831888,,,,,,,,
831755,2026-03-19,home,650644,Aaron Civale,,,,3,3,0,0,True,True,False,3.0,831778,3.0,831778,4.0,831832,4.0,831832,1.0,831940,1.0,831940
831755,2026-03-19,away,677976,Randy Dobnak,,,,0,2,0,0,True,True,False,,,2.0,831801,,,1.0,831904,,,,
831756,2026-03-19,home,608372,Tomoyuki Sugano,,,,0,0,0,0,True,True,False,,,,,,,,,,,,
831756,2026-03-19,away,657277,Logan Webb,,,,1,1,0,0,True,True,False,3.0,831768,3.0,831768,,,,,,,,
831907,2026-03-19,home,650633,Michael King,,,,3,3,0,0,True,True,False,5.0,831778,5.0,831778,2.0,831774,2.0,831774,3.0,831934,3.0,831934
831907,2026-03-19,away,676249,Adisyn Coffey,,,,0,0,0,0,True,True,False,,,,,,,,,,,,
831722,2026-03-19,home,605540,Brandon Woodruff,,,,1,1,0,0,True,True,False,3.0,831795,3.0,831795,,,,,,,,
831722,2026-03-19,away,656641,Jacob Latz,,,,3,3,0,0,True,True,False,6.0,831731,6.0,831731,3.0,831726,3.0,831726,1.0,831721,1.0,831721
824235,2026-08-24,home,664285,Framber Valdez,5.0,3.0,5.0,26,27,1,1,True,True,False,5.0,823343,5.0,823343,3.0,824241,3.0,824241,5.0,823105,5.0,823105
824235,2026-08-24,away,656876,Drew Rasmussen,5.0,3.0,8.0,24,25,2,2,True,True,False,5.0,822937,5.0,822937,3.0,824967,3.0,824967,8.0,823103,8.0,823103
823828,2026-08-24,home,645261,Sandy Alcantara,1.0,2.0,8.0,27,27,1,1,True,True,False,1.0,823424,1.0,823424,2.0,824479,2.0,824479,8.0,823834,8.0,823834
823828,2026-08-24,away,624133,Ranger Suarez,3.0,2.0,3.0,22,21,1,1,True,True,False,3.0,824723,3.0,824723,2.0,822779,2.0,822779,3.0,824729,3.0,824729
822695,2026-08-24,home,676917,Cade Cavalli,11.0,10.0,8.0,26,27,3,4,True,True,False,11.0,822860,11.0,822860,10.0,822696,10.0,822696,8.0,822699,8.0,822699
822695,2026-08-24,away,663372,Ryan Feltner,3.0,2.0,2.0,20,21,0,0,True,True,False,3.0,824319,3.0,824319,2.0,825047,2.0,825047,2.0,823024,2.0,823024
824557,2026-08-24,home,664353,José Urquidy,8.0,3.0,0.0,3,11,0,0,True,True,False,4.0,831511,8.0,824640,0.0,831517,3.0,824237,3.0,831430,0.0,823400
824557,2026-08-24,away,677958,Kumar Rocker,3.0,3.0,5.0,20,24,1,1,True,True,False,3.0,822860,3.0,822860,3.0,824968,3.0,824968,5.0,822862,5.0,822862
823992,2026-08-24,home,691946,George Klassen,7.0,5.0,3.0,8,9,0,0,True,True,False,7.0,824154,7.0,824154,5.0,823994,5.0,823994,3.0,823836,3.0,823836
823992,2026-08-24,away,800048,Parker Messick,10.0,6.0,8.0,26,27,0,0,True,True,False,10.0,824394,10.0,824394,6.0,824238,6.0,824238,8.0,824566,8.0,824566
825041,2026-08-24,home,518876,Merrill Kelly,2.0,2.0,4.0,24,24,1,1,True,True,False,2.0,824723,2.0,824723,2.0,825047,2.0,825047,4.0,825051,4.0,825051
825041,2026-08-24,away,592332,Kevin Gausman,5.0,7.0,4.0,25,26,3,4,True,True,False,5.0,824639,5.0,824639,7.0,822696,7.0,822696,4.0,824081,4.0,824081
823260,2026-08-24,home,592662,Robbie Ray,4.0,4.0,2.0,25,28,1,2,True,True,False,4.0,823586,4.0,823586,4.0,823263,4.0,823263,2.0,823266,2.0,823266
823260,2026-08-24,away,677952,Braxton Ashcraft,4.0,10.0,5.0,24,24,1,1,True,True,False,4.0,823341,4.0,823341,10.0,823829,10.0,823829,5.0,823754,5.0,823754
824964,2026-08-24,home,605488,Jeffrey Springs,1.0,2.0,0.0,23,23,2,3,True,True,False,1.0,824076,1.0,824076,2.0,824975,2.0,824975,0.0,823678,0.0,823678
824964,2026-08-24,away,805673,Zebby Matthews,4.0,4.0,4.0,19,19,0,0,True,True,False,4.0,823667,4.0,823667,4.0,823672,4.0,823672,4.0,823750,4.0,823750
823097,2026-08-24,home,669302,Logan Gilbert,5.0,7.0,6.0,27,27,2,2,True,True,False,5.0,823748,5.0,823748,7.0,823508,7.0,823508,6.0,823103,6.0,823103
823097,2026-08-24,away,554430,Zack Wheeler,7.0,5.0,6.0,18,19,0,1,True,True,False,7.0,823423,7.0,823423,5.0,823017,5.0,823017,6.0,823428,6.0,823428
823183,2026-08-24,home,687931,Carson Whisenhunt,1.0,2.0,4.0,9,10,0,0,True,True,False,1.0,824398,1.0,824398,2.0,823186,2.0,823186,4.0,822866,4.0,822866
823183,2026-08-24,away,695505,Chase Burns,8.0,8.0,6.0,26,26,1,1,True,True,False,8.0,824476,8.0,824476,8.0,824479,8.0,824479,6.0,822701,6.0,822701
824233,2026-08-25,home,695549,Jackson Jobe,3.0,4.0,4.0,3,3,0,0,True,True,False,3.0,823342,3.0,823342,4.0,824237,4.0,824237,4.0,823188,4.0,823188
824233,2026-08-25,away,668984,Casey Legumina,1.0,0.0,2.0,4,43,1,4,True,True,False,1.0,823102,3.0,822934,0.0,822947,1.0,822939,2.0,822785,4.0,822941
823826,2026-08-25,home,663969,Tyler Phillips,6.0,4.0,3.0,14,32,0,0,True,True,False,6.0,823829,3.0,823423,4.0,823836,6.0,823829,3.0,823594,4.0,823836
823826,2026-08-25,away,801139,Payton Tolle,6.0,4.0,14.0,18,21,0,1,True,True,False,6.0,824722,6.0,824722,4.0,822776,4.0,822776,14.0,824727,14.0,824727
822693,2026-08-25,home,674841,Andrew Alvarez,5.0,4.0,2.0,12,21,0,1,True,True,False,5.0,822861,5.0,822861,4.0,823591,4.0,823591,2.0,822701,2.0,822701
822693,2026-08-25,away,690279,Mason Adams,,,,0,0,0,0,True,True,False,,,,,,,,,,,,
823505,2026-08-25,home,701542,Will Warren,5.0,3.0,5.0,26,28,0,2,True,True,False,5.0,824801,5.0,824801,3.0,823511,3.0,823511,5.0,823516,5.0,823516
823505,2026-08-25,away,814490,Ethan Pecko,4.0,,,1,1,0,0,True,True,False,4.0,824155,4.0,824155,,,,,,,,
822773,2026-08-25,home,453286,Max Scherzer,1.0,4.0,4.0,14,14,0,0,True,True,False,1.0,822937,1.0,822937,4.0,822776,4.0,822776,4.0,823426,4.0,823426
822773,2026-08-25,away,607625,Seth Lugo,3.0,4.0,5.0,22,21,1,1,True,True,False,3.0,824076,3.0,824076,4.0,823993,4.0,823993,5.0,824079,5.0,824079
823585,2026-08-25,home,804267,Zac Thornton,7.0,2.0,3.0,10,10,0,0,True,True,False,7.0,823586,7.0,823586,2.0,824883,2.0,824883,3.0,823349,3.0,823349
823585,2026-08-25,away,690986,Kyle Harrison,8.0,3.0,10.0,20,22,1,1,True,True,False,8.0,823749,8.0,823749,3.0,823264,3.0,823264,10.0,823753,10.0,823753
824881,2026-08-25,home,693821,Bryce Elder,5.0,4.0,3.0,24,24,0,0,True,True,False,5.0,824880,5.0,824880,4.0,824887,4.0,824887,3.0,824889,3.0,824889
824881,2026-08-25,away,607192,Tyler Glasnow,2.0,9.0,9.0,10,10,0,0,True,True,False,2.0,824198,2.0,824198,9.0,823233,9.0,823233,7.0,824373,7.0,824373
824556,2026-08-25,home,641743,Anthony Kay,6.0,4.0,4.0,25,27,0,0,True,True,False,4.0,824239,4.0,824239,4.0,824565,4.0,824565,3.0,822943,3.0,822943
824556,2026-08-25,away,594798,Jacob deGrom,10.0,3.0,9.0,22,23,0,1,True,True,False,10.0,822861,10.0,822861,3.0,823995,3.0,823995,9.0,822864,9.0,822864
823016,2026-08-25,home,669461,Matthew Liberatore,9.0,6.0,3.0,23,24,2,4,True,True,False,9.0,824476,9.0,824476,6.0,824643,6.0,824643,3.0,823021,3.0,823021
823016,2026-08-25,away,605135,Chris Bassitt,6.0,3.0,1.0,12,16,0,0,True,True,False,6.0,824801,6.0,824801,1.0,824755,1.0,824755,2.0,824834,2.0,824834
823989,2026-08-25,home,700712,Walbert Ureña,7.0,5.0,2.0,21,27,0,2,True,True,False,7.0,824155,7.0,824155,5.0,823995,5.0,823995,2.0,823834,2.0,823834
823989,2026-08-25,away,668909,Gavin Williams,11.0,5.0,7.0,26,25,0,0,True,True,False,11.0,824395,11.0,824395,5.0,824399,5.0,824399,7.0,824565,7.0,824565
825042,2026-08-25,home,694297,Brandon Pfaadt,8.0,7.0,2.0,14,23,1,2,True,True,False,8.0,824722,8.0,824722,7.0,824882,7.0,824882,2.0,825049,2.0,825049
825042,2026-08-25,away,605280,Clay Holmes,1.0,3.0,1.0,12,12,0,0,True,True,False,1.0,824640,1.0,824640,3.0,824643,3.0,824643,1.0,824079,1.0,824079
823259,2026-08-25,home,650633,Michael King,4.0,4.0,6.0,26,27,1,1,True,True,False,4.0,823587,4.0,823587,4.0,824399,4.0,824399,6.0,823267,6.0,823267
823259,2026-08-25,away,694973,Paul Skenes,5.0,4.0,6.0,24,24,1,1,True,True,False,5.0,823342,5.0,823342,4.0,823832,4.0,823832,6.0,823753,6.0,823753
824962,2026-08-25,home,695611,Gage Jump,3.0,1.0,11.0,16,18,2,2,True,True,False,1.0,824968,3.0,824074,11.0,824726,1.0,824968,5.0,824971,11.0,824726
824962,2026-08-25,away,671737,Taj Bradley,7.0,3.0,7.0,24,23,0,0,True,True,False,7.0,823664,7.0,823664,3.0,823669,3.0,823669,7.0,823752,7.0,823752
823098,2026-08-25,home,669923,George Kirby,3.0,2.0,2.0,24,24,1,1,True,True,False,3.0,823747,3.0,823747,2.0,824159,2.0,824159,2.0,823102,2.0,823102
823098,2026-08-25,away,605400,Aaron Nola,8.0,9.0,8.0,25,25,2,2,True,True,False,8.0,823424,8.0,823424,9.0,823669,9.0,823669,8.0,823426,8.0,823426
823181,2026-08-25,home,605288,Adrian Houser,5.0,2.0,6.0,15,25,0,1,True,True,False,5.0,823187,3.0,824394,2.0,824912,5.0,823187,2.0,824912,4.0,823191
823181,2026-08-25,away,663903,Brady Singer,3.0,4.0,3.0,28,29,1,2,True,True,False,3.0,824474,3.0,824474,4.0,824480,4.0,824480,3.0,822700,3.0,822700
831602,2026-03-20,home,663556,Shane McClanahan,,,,3,3,0,0,True,True,False,7.0,831511,7.0,831511,3.0,831626,3.0,831626,1.0,831532,1.0,831532
831602,2026-03-20,away,687762,Blake Wehunt,,,,0,0,0,0,True,True,False,,,,,,,,,,,,
831604,2026-03-20,home,680573,Simeon Woods Richardson,,,,3,3,0,0,True,True,False,2.0,831613,2.0,831613,5.0,831522,5.0,831522,3.0,831641,3.0,831641
831604,2026-03-20,away,453286,Max Scherzer,,,,2,2,0,0,True,True,False,5.0,831614,5.0,831614,1.0,831576,1.0,831576,,,,
831550,2026-03-20,home,650911,Cristopher Sánchez,,,,0,0,0,0,True,True,False,,,,,,,,,,,,
831550,2026-03-20,away,669373,Tarik Skubal,,,,2,2,0,0,True,True,False,7.0,831614,7.0,831614,1.0,831639,1.0,831639,,,,
831456,2026-03-20,home,668964,Tobias Myers,,,,0,2,0,0,True,True,False,,,3.0,831463,,,2.0,831472,,,,
831456,2026-03-20,away,669461,Matthew Liberatore,,,,2,2,0,0,True,True,False,7.0,831570,7.0,831570,5.0,831429,5.0,831429,,,,
831910,2026-03-20,home,667755,José Soriano,,,,1,1,0,0,True,True,False,4.0,831816,4.0,831816,,,,,,,,
831910,2026-03-20,away,681343,Shane Smith,,,,1,1,0,0,True,True,False,2.0,831918,2.0,831918,,,,,,,,
831451,2026-03-20,home,660761,José Suarez,,,,1,2,0,0,True,True,False,3.0,831458,3.0,831458,,,2.0,831513,,,,
831451,2026-03-20,away,670990,Yohan Ramírez,,,,0,5,0,0,True,True,False,,,1.0,831511,,,1.0,831512,,,1.0,831517
831505,2026-03-20,home,686613,Hunter Brown,,,,2,2,0,0,True,True,False,9.0,831572,9.0,831572,3.0,831529,3.0,831529,,,,
831505,2026-03-20,away,691587,Eury Pérez,,,,2,2,0,0,True,True,False,5.0,831509,5.0,831509,7.0,831471,7.0,831471,,,,
831603,2026-03-20,home,661563,Luis Gil,,,,3,3,0,0,True,True,False,2.0,831611,2.0,831611,4.0,831573,4.0,831573,6.0,831634,6.0,831634
831603,2026-03-20,away,621107,Zach Eflin,,,,1,1,0,0,True,True,False,3.0,831633,3.0,831633,,,,,,,,
831450,2026-03-20,home,663978,Chris Paddack,,,,3,3,0,0,True,True,False,3.0,831462,3.0,831462,2.0,831523,2.0,831523,3.0,831475,3.0,831475
831450,2026-03-20,away,656492,Foster Griffin,,,,2,2,0,0,True,True,False,4.0,831471,4.0,831471,1.0,831428,1.0,831428,,,,
831835,2026-03-20,home,605288,Adrian Houser,,,,2,2,0,0,True,True,False,6.0,831953,6.0,831953,3.0,831720,3.0,831720,,,,
831835,2026-03-20,away,686701,Ryan Bergert,,,,3,3,0,0,True,True,False,4.0,831850,4.0,831850,2.0,831881,2.0,831881,4.0,831851,4.0,831851
831902,2026-03-20,home,571510,Matthew Boyd,,,,0,1,0,0,True,True,False,,,4.0,831720,,,,,,,,
831902,2026-03-20,away,682227,Brandon Williamson,,,,2,3,0,0,True,True,False,4.0,831890,4.0,831890,3.0,831898,3.0,831898,,,2.0,831930
831766,2026-03-20,home,808967,Yoshinobu Yamamoto,,,,0,0,0,0,True,True,False,,,,,,,,,,,,
831766,2026-03-20,away,594835,Marco Gonzales,,,,1,3,0,0,True,True,False,1.0,831770,1.0,831770,,,5.0,831921,,,1.0,831768
831743,2026-03-20,home,671106,Logan Allen,,,,1,1,0,0,True,True,False,3.0,831877,3.0,831877,,,,,,,,
831743,2026-03-20,away,682077,Gabe Mosser,,,,0,2,0,0,True,True,False,,,2.0,831740,,,2.0,831721,,,,
831749,2026-03-20,home,543135,Nathan Eovaldi,,,,2,2,0,0,True,True,False,5.0,831770,5.0,831770,4.0,831813,4.0,831813,,,,
831749,2026-03-20,away,702352,Spencer Bivens,,,,0,5,0,0,True,True,False,,,0.0,831751,,,0.0,831953,,,3.0,831762
831931,2026-03-20,home,622663,Luis Severino,,,,1,1,0,0,True,True,False,2.0,836149,2.0,836149,,,,,,,,
831931,2026-03-20,away,592791,Jameson Taillon,,,,2,2,0,0,True,True,False,2.0,831814,2.0,831814,2.0,831930,2.0,831930,,,,
831864,2026-03-20,home,601713,Nick Pivetta,,,,2,2,0,0,True,True,False,4.0,831877,4.0,831877,1.0,831772,1.0,831772,,,,
831864,2026-03-20,away,675848,Juan Mejia,,,,0,1,0,0,True,True,False,,,0.0,836149,,,,,,,,
831796,2026-03-20,home,668678,Zac Gallen,,,,3,3,0,0,True,True,False,1.0,831953,1.0,831953,3.0,831748,3.0,831748,0.0,831800,0.0,831800
831796,2026-03-20,away,694819,Jacob Misiorowski,,,,2,3,0,0,True,True,False,6.0,831860,6.0,831860,5.0,831855,6.0,831740,,,5.0,831855
831448,2026-03-21,home,676917,Cade Cavalli,,,,2,2,0,0,True,True,False,2.0,831465,2.0,831465,6.0,831524,6.0,831524,,,,
831448,2026-03-21,away,680933,Joander Suarez,,,,0,0,0,0,True,True,False,,,,,,,,,,,,
831553,2026-03-21,home,694973,Paul Skenes,,,,1,1,0,0,True,True,False,4.0,831720,4.0,831720,,,,,,,,
831553,2026-03-21,away,592332,Kevin Gausman,,,,2,2,0,0,True,True,False,3.0,831627,3.0,831627,2.0,831437,2.0,831437,,,,
831599,2026-03-21,home,691765,Jackson Baumeister,,,,0,0,0,0,True,True,False,,,,,,,,,,,,
831599,2026-03-21,away,657746,Joe Ryan,,,,2,2,0,0,True,True,False,6.0,831506,6.0,831506,0.0,831618,0.0,831618,,,,
831499,2026-03-21,home,694370,Levi Wells,,,,1,1,0,0,True,True,False,1.0,831617,1.0,831617,,,,,,,,
831499,2026-03-21,away,680743,Ryan Cusick,,,,0,0,0,0,True,True,False,,,,,,,,,,,,
831502,2026-03-21,home,676979,Garrett Crochet,,,,2,2,0,0,True,True,False,2.0,831515,2.0,831515,3.0,831634,3.0,831634,,,,
831502,2026-03-21,away,519242,Chris Sale,,,,2,2,0,0,True,True,False,3.0,831557,3.0,831557,2.0,831583,2.0,831583,,,,
831449,2026-03-21,home,695766,Mason Molina,,,,0,0,0,0,True,True,False,,,,,,,,,,,,
831449,2026-03-21,away,676083,Janson Junk,,,,1,3,0,0,True,True,False,2.0,831559,2.0,831559,,,2.0,831561,,,2.0,831523
831601,2026-03-21,home,664285,Framber Valdez,,,,3,3,0,0,True,True,False,3.0,831611,3.0,831611,6.0,831626,6.0,831626,3.0,831527,3.0,831527
831601,2026-03-21,away,693645,Cam Schlittler,,,,2,2,0,0,True,True,False,6.0,831620,6.0,831620,4.0,831624,4.0,831624,,,,
831549,2026-03-21,home,804636,Jonah Tong,,,,1,1,0,0,True,True,False,3.0,831434,3.0,831434,,,,,,,,
831549,2026-03-21,away,681347,Mike Burrows,,,,2,2,0,0,True,True,False,5.0,831510,5.0,831510,4.0,831524,4.0,831524,,,,
831937,2026-03-21,home,686218,Emmet Sheehan,,,,2,3,0,0,True,True,False,4.0,831814,4.0,831814,2.0,831802,2.0,831802,,,0.0,831799
831937,2026-03-21,away,682052,Jacob Lopez,,,,2,2,0,0,True,True,False,7.0,831850,7.0,831850,1.0,831812,1.0,831812,,,,
831868,2026-03-21,home,666142,Cole Ragans,,,,3,3,0,0,True,True,False,5.0,831913,5.0,831913,5.0,831836,5.0,831836,2.0,831733,2.0,831733
831868,2026-03-21,away,607536,Kyle Freeland,,,,3,3,0,0,True,True,False,4.0,831928,4.0,831928,2.0,831865,2.0,831865,1.0,831723,1.0,831723
831873,2026-03-21,home,592662,Robbie Ray,,,,3,3,0,0,True,True,False,8.0,831787,8.0,831787,4.0,831816,4.0,831816,2.0,831739,2.0,831739
831873,2026-03-21,away,676440,Tanner Bibee,,,,3,3,0,0,True,True,False,5.0,831944,5.0,831944,6.0,831758,6.0,831758,4.0,831880,4.0,831880
831734,2026-03-21,home,669194,Ryne Nelson,,,,3,3,0,0,True,True,False,6.0,831903,6.0,831903,4.0,831950,4.0,831950,3.0,831961,3.0,831961
831734,2026-03-21,away,596295,Austin Gomber,,,,2,2,0,0,True,True,False,2.0,831728,2.0,831728,3.0,831874,3.0,831874,,,,
831767,2026-03-21,home,688107,Robert Gasser,,,,2,2,0,0,True,True,False,4.0,831793,4.0,831793,2.0,831792,2.0,831792,,,,
831767,2026-03-21,away,681190,Randy Vásquez,,,,2,3,0,0,True,True,False,4.0,831777,4.0,831777,2.0,831725,2.0,831725,,,3.0,831854
831916,2026-03-21,home,671096,Andrew Abbott,,,,4,4,0,0,True,True,False,3.0,831903,3.0,831903,5.0,831793,5.0,831793,5.0,831889,5.0,831889
831916,2026-03-21,away,699151,Jedixson Paez,,,,1,5,0,0,True,True,False,2.0,831865,3.0,831942,,,1.0,831809,,,2.0,831908
831923,2026-03-21,home,669923,George Kirby,,,,2,2,0,0,True,True,False,4.0,831890,4.0,831890,2.0,831740,2.0,831740,,,,
831923,2026-03-21,away,607067,Colin Rea,,,,2,3,0,0,True,True,False,1.0,831849,4.0,831924,6.0,831961,1.0,831849,,,6.0,831961
831496,2026-03-22,home,664299,Cristian Javier,,,,3,3,0,0,True,True,False,5.0,831509,5.0,831509,3.0,831516,3.0,831516,0.0,831440,0.0,831440
831496,2026-03-22,away,700241,Michael McGreevy,,,,2,2,0,0,True,True,False,3.0,831472,3.0,831472,4.0,831519,4.0,831519,,,,
831552,2026-03-22,home,656605,Mitch Keller,,,,2,2,0,0,True,True,False,6.0,831560,6.0,831560,3.0,831478,3.0,831478,,,,
831552,2026-03-22,away,543243,Sonny Gray,,,,2,2,0,0,True,True,False,3.0,831504,3.0,831504,4.0,831625,4.0,831625,,,,
831492,2026-03-22,home,671737,Taj Bradley,,,,2,2,0,0,True,True,False,7.0,831619,7.0,831619,3.0,831632,3.0,831632,,,,
831492,2026-03-22,away,625643,Reynaldo López,,,,3,3,0,0,True,True,False,6.0,831504,6.0,831504,3.0,831521,3.0,831521,3.0,831585,3.0,831585
831493,2026-03-22,home,701542,Will Warren,,,,4,4,0,0,True,True,False,4.0,831609,4.0,831609,2.0,831621,2.0,831621,3.0,831568,3.0,831568
831493,2026-03-22,away,605400,Aaron Nola,,,,1,1,0,0,True,True,False,4.0,831427,4.0,831427,,,,,,,,
831592,2026-03-22,home,656302,Dylan Cease,,,,1,1,0,0,True,True,False,3.0,831513,3.0,831513,,,,,,,,
831592,2026-03-22,away,607259,Nick Martinez,,,,2,2,0,0,True,True,False,1.0,831557,1.0,831557,5.0,831574,5.0,831574,,,,
831446,2026-03-22,home,645261,Sandy Alcantara,,,,2,2,0,0,True,True,False,5.0,831463,5.0,831463,4.0,831582,4.0,831582,,,,
831446,2026-03-22,away,656849,David Peterson,,,,3,3,0,0,True,True,False,2.0,831457,2.0,831457,3.0,831473,3.0,831473,4.0,831431,4.0,831431
831503,2026-03-22,home,680694,Kyle Bradish,,,,1,1,0,0,True,True,False,2.0,831507,2.0,831507,,,,,,,,
831503,2026-03-22,away,680730,Mitchell Parker,,,,0,0,0,0,True,True,False,,,,,,,,,,,,
831896,2026-03-22,home,668909,Gavin Williams,,,,3,3,0,0,True,True,False,7.0,831924,7.0,831924,5.0,831826,5.0,831826,3.0,831867,3.0,831867
831896,2026-03-22,away,666157,Nick Lodolo,,,,2,3,0,0,True,True,False,7.0,831883,7.0,831883,3.0,831894,3.0,831894,,,4.0,831897
831789,2026-03-22,home,690990,Cade Horton,,,,3,3,0,0,True,True,False,10.0,831924,10.0,831924,2.0,831920,2.0,831920,3.0,831853,3.0,831853
831789,2026-03-22,away,694477,Chad Patrick,,,,3,3,0,0,True,True,False,2.0,831785,2.0,831785,5.0,831954,5.0,831954,2.0,831794,2.0,831794
831945,2026-03-22,home,547179,Michael Lorenzen,,,,1,1,0,0,True,True,False,2.0,831792,2.0,831792,,,,,,,,
831945,2026-03-22,away,605488,Jeffrey Springs,,,,3,3,0,0,True,True,False,4.0,831834,4.0,831834,3.0,831918,3.0,831918,4.0,831963,4.0,831963
831752,2026-03-22,home,802609,John Michael Bertrand,,,,0,0,0,0,True,True,False,,,,,,,,,,,,
831752,2026-03-22,away,641816,Tyler Mahle,,,,3,3,0,0,True,True,False,6.0,831751,6.0,831751,1.0,831762,1.0,831762,4.0,831889,4.0,831889
831746,2026-03-22,home,680732,Sean Burke,,,,2,2,0,0,True,True,False,4.0,831905,4.0,831905,3.0,831880,3.0,831880,,,,
831746,2026-03-22,away,693433,Bryan Woo,,,,2,2,0,0,True,True,False,4.0,831748,4.0,831748,4.0,831817,4.0,831817,,,,
831804,2026-03-22,home,691946,George Klassen,,,,2,3,0,0,True,True,False,1.0,831834,1.0,831834,4.0,831817,2.0,831816,,,4.0,831817
831804,2026-03-22,away,607192,Tyler Glasnow,,,,3,3,0,0,True,True,False,6.0,831785,6.0,831785,5.0,831956,5.0,831956,4.0,831799,4.0,831799
831947,2026-03-22,home,621111,Walker Buehler,,,,3,3,0,0,True,True,False,7.0,831751,7.0,831751,2.0,831771,2.0,831771,4.0,831765,4.0,831765
831947,2026-03-22,away,595928,John Curtiss,,,,0,5,0,0,True,True,False,,,0.0,831777,,,1.0,831869,,,0.0,831960
831547,2026-03-23,home,666200,Jesús Luzardo,,,,3,3,0,0,True,True,False,5.0,831554,5.0,831554,3.0,831564,3.0,831564,5.0,831581,5.0,831581
831547,2026-03-23,away,571927,Steven Matz,,,,1,1,0,0,True,True,False,3.0,831618,3.0,831618,,,,,,,,
831546,2026-03-23,home,676571,PJ Poulin,,,,0,5,0,0,True,True,False,,,3.0,831448,,,1.0,831454,,,1.0,831510
831546,2026-03-23,away,669358,Shane Baz,,,,1,1,0,0,True,True,False,5.0,831642,5.0,831642,,,,,,,,
832036,2026-03-23,home,670912,Johan Oviedo,,,,3,3,0,0,True,True,False,5.0,831616,5.0,831616,4.0,831629,4.0,831629,4.0,831640,4.0,831640
832036,2026-03-23,away,641927,Bailey Ober,,,,3,3,0,0,True,True,False,0.0,831554,0.0,831554,2.0,831622,2.0,831622,1.0,831521,1.0,831521
831447,2026-03-23,home,608334,Carson Fulmer,,,,0,2,0,0,True,True,False,,,1.0,831558,,,1.0,831512,,,,
831447,2026-03-23,away,800311,Didier Fuentes,,,,1,3,0,0,True,True,False,5.0,831563,8.0,831453,,,5.0,831563,,,4.0,831580
831915,2026-03-23,home,806960,Luis Morales,,,,3,3,0,0,True,True,False,5.0,831942,5.0,831942,3.0,831950,3.0,831950,4.0,831941,4.0,831941
831915,2026-03-23,away,641743,Anthony Kay,,,,4,4,0,0,True,True,False,5.0,831942,5.0,831942,4.0,831824,4.0,831824,2.0,831919,2.0,831919
831780,2026-03-23,home,684007,Shota Imanaga,,,,3,3,0,0,True,True,False,8.0,831831,8.0,831831,3.0,831949,3.0,831949,1.0,831914,1.0,831914
831780,2026-03-23,away,801739,Carlos Lagrange,,,,0,2,0,0,True,True,False,,,4.0,831607,,,3.0,831620,,,,
831735,2026-03-23,home,606996,Kyle Hart,,,,0,4,0,0,True,True,False,,,1.0,831907,,,6.0,831877,,,3.0,831892
831735,2026-03-23,away,622491,Luis Castillo,,,,3,3,0,0,True,True,False,1.0,831769,1.0,831769,3.0,831861,3.0,831861,2.0,831765,2.0,831765
831442,2026-03-23,home,802408,Brycen Mautz,,,,0,2,0,0,True,True,False,,,2.0,831469,,,3.0,831477,,,,
831442,2026-03-23,away,669160,Dustin May,,,,3,3,0,0,True,True,False,3.0,831454,3.0,831454,3.0,831465,3.0,831465,1.0,831478,1.0,831478
832078,2026-03-23,home,676879,Aaron Ashby,,,,1,4,0,0,True,True,False,4.0,831802,2.0,831767,,,2.0,831818,,,4.0,831802
832078,2026-03-23,away,663903,Brady Singer,,,,4,4,0,0,True,True,False,3.0,831866,3.0,831866,2.0,831759,2.0,831759,3.0,831960,3.0,831960
831838,2026-03-23,home,669022,MacKenzie Gore,,,,2,2,0,0,True,True,False,3.0,831905,3.0,831905,2.0,831733,2.0,831733,,,,
831838,2026-03-23,away,608379,Michael Wacha,,,,2,3,0,0,True,True,False,4.0,831833,4.0,831833,6.0,831958,6.0,831958,,,3.0,831794
831443,2026-03-23,home,837227,Tatsuya Imai,,,,2,2,0,0,True,True,False,4.0,831561,4.0,831561,3.0,831582,3.0,831582,,,,
831443,2026-03-23,away,676467,Colton Gordon,,,,1,1,0,0,True,True,False,1.0,831642,1.0,831642,,,,,,,,
831857,2026-03-23,home,663372,Ryan Feltner,,,,2,3,0,0,True,True,False,2.0,831742,2.0,831742,4.0,831898,4.0,831898,,,5.0,831792
831857,2026-03-23,away,656427,Jack Flaherty,,,,2,2,0,0,True,True,False,3.0,831498,3.0,831498,3.0,831433,3.0,831433,,,,
831821,2026-03-23,home,808963,Roki Sasaki,,,,2,2,0,0,True,True,False,5.0,831806,5.0,831806,2.0,831811,2.0,831811,,,,
831821,2026-03-23,away,672282,Reid Detmers,,,,2,2,0,0,True,True,False,5.0,831826,5.0,831826,2.0,831827,2.0,831827,,,,
831885,2026-03-23,home,518876,Merrill Kelly,,,,2,2,0,0,True,True,False,0.0,831932,0.0,831932,1.0,831958,1.0,831958,,,,
831885,2026-03-23,away,677944,Slade Cecconi,,,,3,3,0,0,True,True,False,6.0,831791,6.0,831791,3.0,831774,3.0,831774,4.0,831874,4.0,831874
831786,2026-03-23,home,702352,Spencer Bivens,,,,1,6,0,0,True,True,False,1.0,831749,1.0,831749,,,0.0,831751,,,0.0,831953
831786,2026-03-23,away,605501,Stephen Tarpley,,,,0,0,0,0,True,True,False,,,,,,,,,,,,
831545,2026-03-24,home,656550,Grant Holmes,,,,3,3,0,0,True,True,False,9.0,831466,9.0,831466,3.0,831580,3.0,831580,2.0,831531,2.0,831531
831545,2026-03-24,away,592155,Cam Booser,,,,0,8,0,0,True,True,False,,,1.0,831592,,,1.0,831602,,,1.0,831511
832037,2026-03-24,home,687849,Zak Kent,,,,0,6,0,0,True,True,False,,,1.0,831604,,,0.0,831554,,,1.0,831623
832037,2026-03-24,away,624133,Ranger Suarez,,,,1,1,0,0,True,True,False,2.0,831638,2.0,831638,,,,,,,,
831837,2026-03-24,home,683004,Jack Leiter,,,,2,2,0,0,True,True,False,6.0,831936,6.0,831936,4.0,831737,4.0,831737,,,,
831837,2026-03-24,away,607625,Seth Lugo,,,,0,0,0,0,True,True,False,,,,,,,,,,,,
831779,2026-03-24,home,665795,Edward Cabrera,,,,3,3,0,0,True,True,False,4.0,831932,4.0,831932,3.0,831754,3.0,831754,2.0,831929,2.0,831929
831779,2026-03-24,away,543037,Gerrit Cole,,,,1,1,0,0,True,True,False,0.0,831607,0.0,831607,,,,,,,,
831856,2026-03-24,home,608372,Tomoyuki Sugano,,,,1,1,0,0,True,True,False,1.0,831756,1.0,831756,,,,,,,,
831856,2026-03-24,away,434378,Justin Verlander,,,,3,3,0,0,True,True,False,6.0,831610,6.0,831610,5.0,831621,5.0,831621,4.0,831631,4.0,831631
831887,2026-03-24,home,647336,Michael Soroka,,,,2,2,0,0,True,True,False,8.0,831962,8.0,831962,1.0,831888,1.0,831888,,,,
831887,2026-03-24,away,800048,Parker Messick,,,,2,2,0,0,True,True,False,4.0,831846,4.0,831846,4.0,831881,4.0,831881,,,,
832077,2026-03-24,home,687075,Brandon Sproat,,,,1,2,0,0,True,True,False,4.0,831929,3.0,831860,,,4.0,831929,,,,
832077,2026-03-24,away,695505,Chase Burns,,,,3,3,0,0,True,True,False,2.0,831895,2.0,831895,2.0,831891,2.0,831891,4.0,831892,4.0,831892
831820,2026-03-24,home,660271,Shohei Ohtani,,,,1,1,0,0,True,True,False,4.0,831761,4.0,831761,,,,,,,,
831820,2026-03-24,away,686799,Jack Kochanowicz,,,,2,3,0,0,True,True,False,6.0,831895,6.0,831895,2.0,831832,2.0,831832,,,2.0,831840
831441,2026-03-24,home,621121,Lance McCullers Jr.,,,,2,2,0,0,True,True,False,1.0,831560,1.0,831560,4.0,831617,4.0,831617,,,,
831441,2026-03-24,away,699044,Miguel Ullola,,,,0,1,0,0,True,True,False,,,2.0,831642,,,,,,,,
831782,2026-03-24,home,694738,Landen Roupp,,,,4,4,0,0,True,True,False,5.0,831761,5.0,831761,4.0,831891,4.0,831891,2.0,831757,2.0,831757
831782,2026-03-24,away,656954,Justus Sheffield,,,,0,0,0,0,True,True,False,,,,,,,,,,,,
823244,2026-03-25,home,657277,Logan Webb,,,,2,2,0,0,True,True,False,3.0,831756,3.0,831756,3.0,831768,3.0,831768,,,,
823244,2026-03-25,away,608331,Max Fried,,,,4,4,0,0,True,True,False,2.0,832062,2.0,832062,4.0,831514,4.0,831514,6.0,831517,6.0,831517
823243,2026-03-27,home,592662,Robbie Ray,,,,4,4,0,0,True,True,False,6.0,831873,6.0,831873,8.0,831787,8.0,831787,4.0,831816,4.0,831816
823243,2026-03-27,away,693645,Cam Schlittler,,,,3,3,0,0,True,True,False,1.0,831601,1.0,831601,6.0,831620,6.0,831620,4.0,831624,4.0,831624
822839,2026-03-27,home,592332,Kevin Gausman,,,,3,3,0,0,True,True,False,2.0,831553,2.0,831553,3.0,831627,3.0,831627,2.0,831437,2.0,831437
822839,2026-03-27,away,622663,Luis Severino,,,,2,2,0,0,True,True,False,7.0,831931,7.0,831931,2.0,836149,2.0,836149,,,,
823893,2026-03-27,home,645261,Sandy Alcantara,,,,3,3,0,0,True,True,False,6.0,831446,6.0,831446,5.0,831463,5.0,831463,4.0,831582,4.0,831582
823893,2026-03-27,away,607536,Kyle Freeland,,,,4,4,0,0,True,True,False,2.0,831868,2.0,831868,4.0,831928,4.0,831928,2.0,831865,2.0,831865
824946,2026-03-27,home,519242,Chris Sale,,,,3,3,0,0,True,True,False,4.0,831502,4.0,831502,3.0,831557,3.0,831557,2.0,831583,2.0,831583
824946,2026-03-27,away,666142,Cole Ragans,,,,4,4,0,0,True,True,False,8.0,831868,8.0,831868,5.0,831913,5.0,831913,5.0,831836,5.0,831836
824216,2026-03-27,home,681347,Mike Burrows,,,,3,3,0,0,True,True,False,2.0,831549,2.0,831549,5.0,831510,5.0,831510,4.0,831524,4.0,831524
824216,2026-03-27,away,579328,Yusei Kikuchi,,,,1,1,0,0,True,True,False,2.0,831822,2.0,831822,,,,,,,,
823324,2026-03-27,home,650633,Michael King,,,,4,4,0,0,True,True,False,3.0,831907,3.0,831907,5.0,831778,5.0,831778,2.0,831774,2.0,831774
823324,2026-03-27,away,664285,Framber Valdez,,,,4,4,0,0,True,True,False,4.0,831601,4.0,831601,3.0,831611,3.0,831611,6.0,831626,6.0,831626
823162,2026-03-27,home,669923,George Kirby,,,,3,3,0,0,True,True,False,4.0,831923,4.0,831923,4.0,831890,4.0,831890,2.0,831740,2.0,831740
823162,2026-03-27,away,668909,Gavin Williams,,,,4,4,0,0,True,True,False,3.0,831896,3.0,831896,7.0,831924,7.0,831924,5.0,831826,5.0,831826
823971,2026-03-27,home,686218,Emmet Sheehan,,,,3,4,0,0,True,True,False,5.0,831937,5.0,831937,4.0,831814,4.0,831814,2.0,831802,2.0,831802
823971,2026-03-27,away,669194,Ryne Nelson,,,,4,4,0,0,True,True,False,7.0,831734,7.0,831734,6.0,831903,6.0,831903,4.0,831950,4.0,831950
823082,2026-03-28,home,700241,Michael McGreevy,,,,3,3,0,0,True,True,False,5.0,831496,5.0,831496,3.0,831472,3.0,831472,4.0,831519,4.0,831519
823082,2026-03-28,away,671212,Joe Boyle,,,,1,3,0,0,True,True,False,6.0,831624,6.0,831609,,,6.0,831624,,,2.0,831585
824701,2026-03-28,home,690990,Cade Horton,,,,4,4,0,0,True,True,False,3.0,831789,3.0,831789,10.0,831924,10.0,831924,2.0,831920,2.0,831920
824701,2026-03-28,away,571945,Miles Mikolas,,,,2,2,0,0,True,True,False,1.0,831461,1.0,831461,3.0,831479,3.0,831479,,,,
822838,2026-03-28,home,656302,Dylan Cease,,,,2,2,0,0,True,True,False,6.0,831592,6.0,831592,3.0,831513,3.0,831513,,,,
822838,2026-03-28,away,605488,Jeffrey Springs,,,,4,4,0,0,True,True,False,4.0,831945,4.0,831945,4.0,831834,4.0,831834,3.0,831918,3.0,831918
824862,2026-03-28,home,680694,Kyle Bradish,,,,2,2,0,0,True,True,False,3.0,831503,3.0,831503,2.0,831507,2.0,831507,,,,
824862,2026-03-28,away,671737,Taj Bradley,,,,3,3,0,0,True,True,False,4.0,831492,4.0,831492,7.0,831619,7.0,831619,3.0,831632,3.0,831632
823488,2026-03-28,home,605400,Aaron Nola,,,,2,2,0,0,True,True,False,4.0,831493,4.0,831493,4.0,831427,4.0,831427,,,,
823488,2026-03-28,away,656641,Jacob Latz,,,,4,5,0,0,True,True,False,5.0,831722,1.0,831837,6.0,831731,5.0,831722,3.0,831726,6.0,831731
824540,2026-03-28,home,663903,Brady Singer,,,,5,5,0,0,True,True,False,3.0,832078,3.0,832078,3.0,831866,3.0,831866,2.0,831759,2.0,831759
824540,2026-03-28,away,543243,Sonny Gray,,,,3,3,0,0,True,True,False,9.0,831552,9.0,831552,3.0,831504,3.0,831504,4.0,831625,4.0,831625
823651,2026-03-28,home,656849,David Peterson,,,,4,4,0,0,True,True,False,4.0,831446,4.0,831446,2.0,831457,2.0,831457,3.0,831473,3.0,831473
823651,2026-03-28,away,656605,Mitch Keller,,,,3,3,0,0,True,True,False,5.0,831552,5.0,831552,6.0,831560,6.0,831560,3.0,831478,3.0,831478
823892,2026-03-28,home,691587,Eury Pérez,,,,3,3,0,0,True,True,False,5.0,831505,5.0,831505,5.0,831509,5.0,831509,7.0,831471,7.0,831471
823892,2026-03-28,away,547179,Michael Lorenzen,,,,2,2,0,0,True,True,False,3.0,831945,3.0,831945,2.0,831792,2.0,831792,,,,
824213,2026-03-28,home,664299,Cristian Javier,,,,4,4,0,0,True,True,False,2.0,831496,2.0,831496,5.0,831509,5.0,831509,3.0,831516,3.0,831516
824213,2026-03-28,away,672282,Reid Detmers,,,,3,3,0,0,True,True,False,3.0,831821,3.0,831821,5.0,831826,5.0,831826,2.0,831827,2.0,831827
823811,2026-03-28,home,694477,Chad Patrick,,,,4,4,0,0,True,True,False,4.0,831789,4.0,831789,2.0,831785,2.0,831785,5.0,831954,5.0,831954
823811,2026-03-28,away,680732,Sean Burke,,,,3,3,0,0,True,True,False,6.0,831746,6.0,831746,4.0,831905,4.0,831905,3.0,831880,3.0,831880
824945,2026-03-28,home,625643,Reynaldo López,,,,4,4,0,0,True,True,False,1.0,831492,1.0,831492,6.0,831504,6.0,831504,3.0,831521,3.0,831521
824945,2026-03-28,away,608379,Michael Wacha,,,,3,4,0,0,True,True,False,5.0,831838,5.0,831838,4.0,831833,4.0,831833,6.0,831958,6.0,831958
823241,2026-03-28,home,641816,Tyler Mahle,,,,4,4,0,0,True,True,False,4.0,831752,4.0,831752,6.0,831751,6.0,831751,1.0,831762,1.0,831762
823241,2026-03-28,away,701542,Will Warren,,,,5,5,0,0,True,True,False,6.0,831493,6.0,831493,4.0,831609,4.0,831609,2.0,831621,2.0,831621
823323,2026-03-28,home,681190,Randy Vásquez,,,,3,4,0,0,True,True,False,4.0,831767,4.0,831767,4.0,831777,4.0,831777,2.0,831725,2.0,831725
823323,2026-03-28,away,656427,Jack Flaherty,,,,3,3,0,0,True,True,False,6.0,831857,6.0,831857,3.0,831498,3.0,831498,3.0,831433,3.0,831433
823973,2026-03-28,home,607192,Tyler Glasnow,,,,4,4,0,0,True,True,False,11.0,831804,11.0,831804,6.0,831785,6.0,831785,5.0,831956,5.0,831956
823973,2026-03-28,away,593958,Eduardo Rodriguez,,,,1,1,0,0,True,True,False,2.0,831428,2.0,831428,,,,,,,,
823161,2026-03-28,home,693433,Bryan Woo,,,,3,3,0,0,True,True,False,4.0,831746,4.0,831746,4.0,831748,4.0,831748,4.0,831817,4.0,831817
823161,2026-03-28,away,676282,Joey Cantillo,,,,3,4,0,0,True,True,False,6.0,831879,6.0,831885,4.0,831882,6.0,831879,2.0,831811,4.0,831882
824864,2026-03-29,home,669358,Shane Baz,,,,2,2,0,0,True,True,False,5.0,831546,5.0,831546,5.0,831642,5.0,831642,,,,
824864,2026-03-29,away,641927,Bailey Ober,,,,4,4,0,0,True,True,False,3.0,832036,3.0,832036,0.0,831554,0.0,831554,2.0,831622,2.0,831622
823487,2026-03-29,home,666200,Jesús Luzardo,,,,4,4,0,0,True,True,False,6.0,831547,6.0,831547,5.0,831554,5.0,831554,3.0,831564,3.0,831564
823487,2026-03-29,away,669022,MacKenzie Gore,,,,3,3,0,0,True,True,False,3.0,831838,3.0,831838,3.0,831905,3.0,831905,2.0,831733,2.0,831733
824944,2026-03-29,home,656550,Grant Holmes,,,,4,4,0,0,True,True,False,4.0,831545,4.0,831545,9.0,831466,9.0,831466,3.0,831580,3.0,831580
824944,2026-03-29,away,607625,Seth Lugo,,,,1,1,0,0,True,True,False,4.0,831837,4.0,831837,,,,,,,,
822837,2026-03-29,home,641778,Eric Lauer,,,,2,2,0,0,True,True,False,3.0,831620,3.0,831620,2.0,831583,2.0,831583,,,,
822837,2026-03-29,away,806960,Luis Morales,,,,4,4,0,0,True,True,False,2.0,831915,2.0,831915,5.0,831942,5.0,831942,3.0,831950,3.0,831950
824538,2026-03-29,home,695076,Rhett Lowder,,,,3,4,0,0,True,True,False,4.0,831728,3.0,832077,4.0,831943,4.0,831728,3.0,831852,4.0,831943
824538,2026-03-29,away,813349,Connelly Early,,,,3,3,0,0,True,True,False,7.0,831607,7.0,831607,1.0,831622,1.0,831622,4.0,831631,4.0,831631
823647,2026-03-29,home,690997,Nolan McLean,,,,0,0,0,0,True,True,False,,,,,,,,,,,,
823647,2026-03-29,away,669387,Carmen Mlodzinski,,,,2,3,0,0,True,True,False,5.0,831562,5.0,831562,4.0,831571,4.0,831571,,,2.0,831577
823891,2026-03-29,home,676974,Max Meyer,,,,2,2,0,0,True,True,False,6.0,831561,6.0,831561,4.0,831480,4.0,831480,,,,
823891,2026-03-29,away,500779,Jose Quintana,,,,2,2,0,0,True,True,False,2.0,831866,2.0,831866,5.0,831731,5.0,831731,,,,
824215,2026-03-29,home,837227,Tatsuya Imai,,,,3,3,0,0,True,True,False,3.0,831443,3.0,831443,4.0,831561,4.0,831561,3.0,831582,3.0,831582
824215,2026-03-29,away,686799,Jack Kochanowicz,,,,3,4,0,0,True,True,False,4.0,831820,4.0,831820,6.0,831895,6.0,831895,2.0,831832,2.0,831832
823810,2026-03-29,home,687075,Brandon Sproat,,,,2,3,0,0,True,True,False,5.0,832077,5.0,832077,4.0,831929,3.0,831860,,,4.0,831929
823810,2026-03-29,away,641743,Anthony Kay,,,,5,5,0,0,True,True,False,4.0,831915,4.0,831915,5.0,831942,5.0,831942,4.0,831824,4.0,831824
823079,2026-03-29,home,669160,Dustin May,,,,4,4,0,0,True,True,False,4.0,831442,4.0,831442,3.0,831454,3.0,831454,3.0,831465,3.0,831465
823079,2026-03-29,away,571927,Steven Matz,,,,2,2,0,0,True,True,False,4.0,831547,4.0,831547,3.0,831618,3.0,831618,,,,
824700,2026-03-29,home,684007,Shota Imanaga,,,,4,4,0,0,True,True,False,5.0,831780,5.0,831780,8.0,831831,8.0,831831,3.0,831949,3.0,831949
824700,2026-03-29,away,663623,Jake Irvin,,,,2,2,0,0,True,True,False,5.0,831454,5.0,831454,4.0,831510,4.0,831510,,,,
823160,2026-03-29,home,676106,Emerson Hancock,,,,1,3,0,0,True,True,False,5.0,831754,4.0,831784,,,5.0,831754,,,4.0,831737
823160,2026-03-29,away,677944,Slade Cecconi,,,,4,4,0,0,True,True,False,2.0,831885,2.0,831885,6.0,831791,6.0,831791,3.0,831774,3.0,831774
824135,2026-03-30,home,663460,Kris Bubic,,,,3,4,0,0,True,True,False,4.0,831822,4.0,831822,4.0,831839,4.0,831839,3.0,831794,3.0,831897
824135,2026-03-30,away,680573,Simeon Woods Richardson,,,,4,4,0,0,True,True,False,3.0,831604,3.0,831604,2.0,831613,2.0,831613,5.0,831522,5.0,831522
824863,2026-03-30,home,605135,Chris Bassitt,,,,3,5,0,0,True,True,False,4.0,831610,1.0,831546,2.0,831519,4.0,831610,0.0,831638,3.0,831507
824863,2026-03-30,away,683004,Jack Leiter,,,,3,3,0,0,True,True,False,6.0,831837,6.0,831837,6.0,831936,6.0,831936,4.0,831737,4.0,831737
824539,2026-03-30,home,695505,Chase Burns,,,,4,4,0,0,True,True,False,7.0,832077,7.0,832077,2.0,831895,2.0,831895,2.0,831891,2.0,831891
824539,2026-03-30,away,677952,Braxton Ashcraft,,,,2,2,0,0,True,True,False,8.0,831558,8.0,831558,5.0,831470,5.0,831470,,,,
823484,2026-03-30,home,592836,Taijuan Walker,,,,2,2,0,0,True,True,False,3.0,831458,3.0,831458,2.0,831800,2.0,831800,,,,
823484,2026-03-30,away,656492,Foster Griffin,,,,3,3,0,0,True,True,False,5.0,831450,5.0,831450,4.0,831471,4.0,831471,1.0,831428,1.0,831428
823890,2026-03-30,home,663978,Chris Paddack,,,,4,4,0,0,True,True,False,3.0,831450,3.0,831450,3.0,831462,3.0,831462,2.0,831523,2.0,831523
823890,2026-03-30,away,663436,Davis Martin,,,,3,4,0,0,True,True,False,3.0,831962,3.0,831962,4.0,831933,4.0,831933,2.0,831760,4.0,831904
822834,2026-03-30,home,664074,Cody Ponce,,,,4,4,0,0,True,True,False,5.0,831605,5.0,831605,2.0,831623,2.0,831623,1.0,831628,1.0,831628
822834,2026-03-30,away,608372,Tomoyuki Sugano,,,,2,2,0,0,True,True,False,4.0,831856,4.0,831856,1.0,831756,1.0,831756,,,,
824943,2026-03-30,home,693821,Bryce Elder,,,,3,3,0,0,True,True,False,6.0,831566,6.0,831566,2.0,831520,2.0,831520,1.0,831527,1.0,831527
824943,2026-03-30,away,682052,Jacob Lopez,,,,3,3,0,0,True,True,False,3.0,831937,3.0,831937,7.0,831850,7.0,831850,1.0,831812,1.0,831812
824702,2026-03-30,home,665795,Edward Cabrera,,,,4,4,0,0,True,True,False,3.0,831779,3.0,831779,4.0,831932,4.0,831932,3.0,831754,3.0,831754
824702,2026-03-30,away,696270,Ryan Johnson,,,,2,5,0,0,True,True,False,4.0,831818,5.0,831820,4.0,831828,4.0,831818,,,6.0,831879
823809,2026-03-30,home,690986,Kyle Harrison,,,,3,5,0,0,True,True,False,3.0,831818,5.0,832077,4.0,831935,3.0,831818,8.0,831740,4.0,831935
823809,2026-03-30,away,607259,Nick Martinez,,,,3,3,0,0,True,True,False,0.0,831592,0.0,831592,1.0,831557,1.0,831557,5.0,831574,5.0,831574
823080,2026-03-30,home,681517,Kyle Leahy,,,,4,4,0,0,True,True,False,6.0,831556,6.0,831556,5.0,831567,5.0,831567,5.0,831469,5.0,831469
823080,2026-03-30,away,605280,Clay Holmes,,,,1,2,0,0,True,True,False,4.0,831579,6.0,831462,,,4.0,831579,,,,
824214,2026-03-30,home,621121,Lance McCullers Jr.,,,,3,3,0,0,True,True,False,7.0,831441,7.0,831441,1.0,831560,1.0,831560,4.0,831617,4.0,831617
824214,2026-03-30,away,624133,Ranger Suarez,,,,2,2,0,0,True,True,False,4.0,832037,4.0,832037,2.0,831638,2.0,831638,,,,
823320,2026-03-30,home,621111,Walker Buehler,,,,4,4,0,0,True,True,False,3.0,831947,3.0,831947,7.0,831751,7.0,831751,2.0,831771,2.0,831771
823320,2026-03-30,away,694738,Landen Roupp,,,,5,5,0,0,True,True,False,6.0,831782,6.0,831782,5.0,831761,5.0,831761,4.0,831891,4.0,831891
823159,2026-03-30,home,622491,Luis Castillo,,,,4,4,0,0,True,True,False,5.0,831735,5.0,831735,1.0,831769,1.0,831769,3.0,831861,3.0,831861
823159,2026-03-30,away,677960,Ryan Weathers,,,,3,4,0,0,True,True,False,5.0,831605,4.0,831779,4.0,831563,5.0,831605,3.0,831575,4.0,831563
825108,2026-03-30,home,647336,Michael Soroka,,,,3,3,0,0,True,True,False,5.0,831887,5.0,831887,8.0,831962,8.0,831962,1.0,831888,1.0,831888
825108,2026-03-30,away,434378,Justin Verlander,,,,4,4,0,0,True,True,False,4.0,831856,4.0,831856,6.0,831610,6.0,831610,5.0,831621,5.0,831621
823972,2026-03-30,home,808963,Roki Sasaki,,,,3,3,0,0,True,True,False,2.0,831821,2.0,831821,5.0,831806,5.0,831806,2.0,831811,2.0,831811
823972,2026-03-30,away,800048,Parker Messick,,,,3,3,0,0,True,True,False,6.0,831887,6.0,831887,4.0,831846,4.0,831846,4.0,831881,4.0,831881
824861,2026-03-31,home,621107,Zach Eflin,,,,2,2,0,0,True,True,False,7.0,831603,7.0,831603,3.0,831633,3.0,831633,,,,
824861,2026-03-31,away,594798,Jacob deGrom,,,,2,2,0,0,True,True,False,5.0,831920,5.0,831920,3.0,831938,3.0,831938,,,,
824537,2026-03-31,home,682227,Brandon Williamson,,,,3,4,0,0,True,True,False,2.0,831902,2.0,831902,4.0,831890,4.0,831890,3.0,831898,3.0,831898
824537,2026-03-31,away,696149,Bubba Chandler,,,,2,2,0,0,True,True,False,8.0,831466,8.0,831466,5.0,831525,5.0,831525,,,,
823485,2026-03-31,home,691725,Andrew Painter,,,,4,4,0,0,True,True,False,3.0,831453,3.0,831453,4.0,831565,4.0,831565,0.0,831576,0.0,831576
823485,2026-03-31,away,676571,PJ Poulin,1.0,0.0,,1,8,0,0,True,True,False,1.0,831546,1.0,824700,,,0.0,824704,,,1.0,831546
823888,2026-03-31,home,676083,Janson Junk,,,,2,4,0,0,True,True,False,1.0,831449,1.0,831449,2.0,831559,2.0,831559,,,2.0,831561
823888,2026-03-31,away,607200,Erick Fedde,,,,0,2,0,0,True,True,False,,,4.0,831913,,,1.0,831880,,,,
822836,2026-03-31,home,453286,Max Scherzer,,,,3,3,0,0,True,True,False,3.0,831604,3.0,831604,5.0,831614,5.0,831614,1.0,831576,1.0,831576
822836,2026-03-31,away,663372,Ryan Feltner,,,,3,4,0,0,True,True,False,3.0,831857,3.0,831857,2.0,831742,2.0,831742,4.0,831898,4.0,831898
824942,2026-03-31,home,660761,José Suarez,,,,2,3,0,0,True,True,False,6.0,831451,6.0,831451,3.0,831458,3.0,831458,,,2.0,831513
824942,2026-03-31,away,650644,Aaron Civale,,,,4,4,0,0,True,True,False,11.0,831755,11.0,831755,3.0,831778,3.0,831778,4.0,831832,4.0,831832
824699,2026-03-31,home,592791,Jameson Taillon,,,,3,3,0,0,True,True,False,6.0,831931,6.0,831931,2.0,831814,2.0,831814,2.0,831930,2.0,831930
824699,2026-03-31,away,667755,José Soriano,7.0,,,3,3,0,0,True,True,False,7.0,824218,7.0,824218,3.0,831910,3.0,831910,4.0,831816,4.0,831816
823807,2026-03-31,home,605540,Brandon Woodruff,,,,2,2,0,0,True,True,False,4.0,831722,4.0,831722,3.0,831795,3.0,831795,,,,
823807,2026-03-31,away,663556,Shane McClanahan,,,,4,4,0,0,True,True,False,4.0,831602,4.0,831602,7.0,831511,7.0,831511,3.0,831626,3.0,831626
823077,2026-03-31,home,669467,Andre Pallante,,,,3,3,0,0,True,True,False,4.0,831460,4.0,831460,3.0,831467,3.0,831467,2.0,831476,2.0,831476
823077,2026-03-31,away,673540,Kodai Senga,,,,3,3,0,0,True,True,False,4.0,831500,4.0,831500,5.0,831462,5.0,831462,2.0,831469,2.0,831469
824212,2026-03-31,home,686613,Hunter Brown,9.0,,,4,4,0,0,True,True,False,9.0,824218,9.0,824218,6.0,831505,6.0,831505,9.0,831572,9.0,831572
824212,2026-03-31,away,678394,Brayan Bello,,,,3,3,0,0,True,True,False,7.0,831606,7.0,831606,7.0,831566,7.0,831566,2.0,836150,2.0,836150
825107,2026-03-31,home,694297,Brandon Pfaadt,,,,3,3,0,0,True,True,False,6.0,831777,6.0,831777,4.0,831956,4.0,831956,1.0,831963,1.0,831963
825107,2026-03-31,away,663554,Casey Mize,,,,3,5,0,0,True,True,False,6.0,831558,3.0,831856,2.0,831512,6.0,831558,1.0,831518,2.0,831512
823322,2026-03-31,home,608566,Germán Márquez,,,,4,5,0,0,True,True,False,9.0,831769,8.0,831735,1.0,831839,9.0,831769,3.0,831921,1.0,831839
823322,2026-03-31,away,657277,Logan Webb,7.0,,,3,3,0,0,True,True,False,7.0,823244,7.0,823244,3.0,831756,3.0,831756,3.0,831768,3.0,831768
823158,2026-03-31,home,669302,Logan Gilbert,7.0,,,4,4,0,0,True,True,False,7.0,823163,7.0,823163,5.0,831747,5.0,831747,2.0,831904,2.0,831904
823158,2026-03-31,away,608331,Max Fried,4.0,,,5,5,0,0,True,True,False,4.0,823244,4.0,823244,2.0,832062,2.0,832062,4.0,831514,4.0,831514
823969,2026-03-31,home,660271,Shohei Ohtani,,,,2,2,0,0,True,True,False,11.0,831820,11.0,831820,4.0,831761,4.0,831761,,,,
823969,2026-03-31,away,676440,Tanner Bibee,7.0,,,5,5,0,0,True,True,False,7.0,823163,7.0,823163,3.0,831873,3.0,831873,5.0,831944,5.0,831944
824457,2026-04-07,home,668909,Gavin Williams,10.0,7.0,,5,5,0,0,True,True,False,7.0,823162,7.0,823162,3.0,831896,3.0,831896,7.0,831924,7.0,831924
824457,2026-04-07,away,702070,Noah Cameron,5.0,,,3,4,0,0,True,True,False,4.0,831846,4.0,831846,3.0,831848,2.0,831958,0.0,831840,3.0,831848
824618,2026-04-07,home,681343,Shane Smith,1.0,2.0,,4,4,0,0,True,True,False,1.0,823889,1.0,823889,2.0,823812,2.0,823812,5.0,831910,5.0,831910
824618,2026-04-07,away,669432,Trevor Rogers,3.0,5.0,,5,5,0,0,True,True,False,3.0,824860,3.0,824860,5.0,824865,5.0,824865,7.0,831501,7.0,831501
823648,2026-04-07,home,642547,Freddy Peralta,7.0,7.0,,3,3,0,0,True,True,False,7.0,823649,7.0,823649,5.0,831508,5.0,831508,4.0,831575,4.0,831575
823648,2026-04-07,away,668678,Zac Gallen,2.0,2.0,,5,5,0,0,True,True,False,2.0,823974,2.0,823974,0.0,831796,0.0,831796,1.0,831953,1.0,831953
823402,2026-04-07,home,694973,Paul Skenes,5.0,1.0,,4,4,0,0,True,True,False,5.0,824536,5.0,824536,1.0,823649,1.0,823649,5.0,831553,5.0,831553
823402,2026-04-07,away,601713,Nick Pivetta,8.0,4.0,,4,4,0,0,True,True,False,4.0,823325,4.0,823325,3.0,831864,3.0,831864,4.0,831877,4.0,831877
822999,2026-04-07,home,669438,Mason Englert,1.0,0.0,1.0,1,6,0,0,True,True,False,2.0,831577,1.0,823730,,,1.0,823079,,,0.0,831602
822999,2026-04-07,away,665871,Javier Assad,,,,0,1,0,0,True,True,False,,,3.0,831931,,,,,,,,
823887,2026-04-07,home,645261,Sandy Alcantara,7.0,5.0,,5,5,0,0,True,True,False,7.0,823889,7.0,823889,5.0,823893,5.0,823893,6.0,831446,6.0,831446
823887,2026-04-07,away,671096,Andrew Abbott,5.0,4.0,,7,7,0,0,True,True,False,5.0,824536,5.0,824536,4.0,824541,4.0,824541,5.0,831916,5.0,831916
822754,2026-04-07,home,676917,Cade Cavalli,3.0,5.0,,5,5,0,0,True,True,False,3.0,823483,3.0,823483,5.0,824704,5.0,824704,1.0,831448,1.0,831448
822754,2026-04-07,away,669461,Matthew Liberatore,2.0,2.0,,4,4,0,0,True,True,False,2.0,823081,2.0,823081,5.0,831456,5.0,831456,7.0,831570,7.0,831570
824780,2026-04-07,home,676979,Garrett Crochet,7.0,8.0,,4,4,0,0,True,True,False,8.0,824541,8.0,824541,3.0,831502,3.0,831502,2.0,831515,2.0,831515
824780,2026-04-07,away,694819,Jacob Misiorowski,7.0,11.0,,4,5,0,0,True,True,False,11.0,823812,11.0,823812,3.0,831796,3.0,831796,6.0,831860,6.0,831860
823567,2026-04-07,home,693645,Cam Schlittler,7.0,8.0,,4,4,0,0,True,True,False,8.0,823243,8.0,823243,1.0,831601,1.0,831601,6.0,831620,6.0,831620
823567,2026-04-07,away,650644,Aaron Civale,3.0,,,5,5,0,0,True,True,False,3.0,824942,3.0,824942,11.0,831755,11.0,831755,3.0,831778,3.0,831778
822831,2026-04-07,home,592332,Kevin Gausman,10.0,11.0,,5,5,0,0,True,True,False,10.0,822835,10.0,822835,11.0,822839,11.0,822839,2.0,831553,2.0,831553
822831,2026-04-07,away,808967,Yoshinobu Yamamoto,2.0,6.0,,2,2,0,0,True,True,False,6.0,823974,6.0,823974,7.0,831766,7.0,831766,,,,
823727,2026-04-07,home,671737,Taj Bradley,3.0,9.0,,5,5,0,0,True,True,False,3.0,824133,3.0,824133,9.0,824862,9.0,824862,4.0,831492,4.0,831492
823727,2026-04-07,away,669373,Tarik Skubal,3.0,6.0,,4,4,0,0,True,True,False,6.0,823325,6.0,823325,5.0,831550,5.0,831550,7.0,831614,7.0,831614
822916,2026-04-07,home,543135,Nathan Eovaldi,5.0,7.0,,5,5,0,0,True,True,False,5.0,824860,5.0,824860,7.0,823486,7.0,823486,0.0,831749,0.0,831749
822916,2026-04-07,away,669923,George Kirby,6.0,6.0,,4,4,0,0,True,True,False,6.0,823162,6.0,823162,4.0,831923,4.0,831923,4.0,831890,4.0,831890
824375,2026-04-07,home,607536,Kyle Freeland,6.0,2.0,,6,6,0,0,True,True,False,6.0,822835,6.0,822835,2.0,823893,2.0,823893,2.0,831868,2.0,831868
824375,2026-04-07,away,681347,Mike Burrows,6.0,6.0,,4,4,0,0,True,True,False,6.0,824216,6.0,824216,2.0,831549,2.0,831549,5.0,831510,5.0,831510
824051,2026-04-07,home,579328,Yusei Kikuchi,5.0,3.0,,2,2,0,0,True,True,False,3.0,824216,3.0,824216,2.0,831822,2.0,831822,,,,
824051,2026-04-07,away,625643,Reynaldo López,3.0,3.0,,6,6,0,0,True,True,False,3.0,825105,3.0,825105,3.0,824945,3.0,824945,1.0,831492,1.0,831492
823235,2026-04-07,home,592662,Robbie Ray,7.0,4.0,,6,6,0,0,True,True,False,7.0,823242,7.0,823242,4.0,823243,4.0,823243,6.0,831873,6.0,831873
823235,2026-04-07,away,650911,Cristopher Sánchez,7.0,10.0,,3,3,0,0,True,True,False,7.0,823483,7.0,823483,10.0,823486,10.0,823486,4.0,831550,4.0,831550
823403,2026-04-08,home,656605,Mitch Keller,4.0,3.0,,5,5,0,0,True,True,False,4.0,823406,4.0,823406,3.0,823651,3.0,823651,5.0,831552,5.0,831552
823403,2026-04-08,away,650633,Michael King,5.0,6.0,,6,6,0,0,True,True,False,5.0,824786,5.0,824786,6.0,823324,6.0,823324,3.0,831907,3.0,831907
824455,2026-04-08,home,676282,Joey Cantillo,6.0,5.0,,5,6,0,0,True,True,False,6.0,824458,6.0,824458,5.0,823161,5.0,823161,6.0,831879,6.0,831885
824455,2026-04-08,away,666142,Cole Ragans,8.0,5.0,,6,6,0,0,True,True,False,8.0,824133,8.0,824133,5.0,824946,5.0,824946,8.0,831868,8.0,831868
824779,2026-04-08,home,543243,Sonny Gray,3.0,5.0,,5,5,0,0,True,True,False,3.0,824786,3.0,824786,5.0,824540,5.0,824540,9.0,831552,9.0,831552
824779,2026-04-08,away,675660,Shane Drohan,,,,1,3,0,0,True,True,False,5.0,831787,5.0,831787,,,3.0,831802,,,4.0,831929
824617,2026-04-08,home,680732,Sean Burke,5.0,,,4,4,0,0,True,True,False,5.0,823811,5.0,823811,6.0,831746,6.0,831746,4.0,831905,4.0,831905
824617,2026-04-08,away,680694,Kyle Bradish,6.0,4.0,,4,4,0,0,True,True,False,6.0,823406,6.0,823406,4.0,824862,4.0,824862,3.0,831503,3.0,831503
822915,2026-04-08,home,669022,MacKenzie Gore,9.0,7.0,,5,5,0,0,True,True,False,9.0,822919,9.0,822919,7.0,823487,7.0,823487,3.0,831838,3.0,831838
822915,2026-04-08,away,693433,Bryan Woo,6.0,9.0,,5,5,0,0,True,True,False,6.0,824056,6.0,824056,9.0,823161,9.0,823161,4.0,831746,4.0,831746
822833,2026-04-08,home,656302,Dylan Cease,6.0,12.0,,3,3,0,0,True,True,False,12.0,822838,12.0,822838,6.0,831592,6.0,831592,3.0,831513,3.0,831513
822833,2026-04-08,away,660271,Shohei Ohtani,6.0,,,3,3,0,0,True,True,False,6.0,823969,6.0,823969,11.0,831820,11.0,831820,4.0,831761,4.0,831761
824374,2026-04-08,home,547179,Michael Lorenzen,2.0,4.0,,4,4,0,0,True,True,False,2.0,824377,2.0,824377,4.0,823892,4.0,823892,3.0,831945,3.0,831945
824374,2026-04-08,away,664299,Cristian Javier,2.0,1.0,,6,6,0,0,True,True,False,2.0,825026,2.0,825026,1.0,824213,1.0,824213,2.0,831496,2.0,831496
823234,2026-04-08,home,641816,Tyler Mahle,4.0,5.0,,6,6,0,0,True,True,False,4.0,823240,4.0,823240,5.0,823241,5.0,823241,4.0,831752,4.0,831752
823234,2026-04-08,away,605400,Aaron Nola,9.0,7.0,,4,4,0,0,True,True,False,9.0,824377,9.0,824377,7.0,823488,7.0,823488,4.0,831493,4.0,831493
822753,2026-04-08,home,571945,Miles Mikolas,4.0,4.0,,4,4,0,0,True,True,False,4.0,822758,4.0,822758,4.0,824701,4.0,824701,1.0,831461,1.0,831461
822753,2026-04-08,away,700241,Michael McGreevy,4.0,5.0,,5,5,0,0,True,True,False,4.0,824299,4.0,824299,5.0,823082,5.0,823082,5.0,831496,5.0,831496
824050,2026-04-08,home,672282,Reid Detmers,,,,5,5,0,0,True,True,False,4.0,824056,4.0,824056,9.0,824213,9.0,824213,3.0,831821,3.0,831821
824050,2026-04-08,away,656550,Grant Holmes,,,,6,6,0,0,True,True,False,4.0,825103,4.0,825103,4.0,824944,4.0,824944,4.0,831545,4.0,831545
823646,2026-04-08,home,656849,David Peterson,5.0,3.0,,6,6,0,0,True,True,False,5.0,823242,5.0,823242,3.0,823651,3.0,823651,4.0,831446,4.0,831446
823646,2026-04-08,away,669194,Ryne Nelson,3.0,4.0,,6,6,0,0,True,True,False,3.0,825105,3.0,825105,4.0,823971,4.0,823971,7.0,831734,7.0,831734
823000,2026-04-08,home,671212,Joe Boyle,9.0,4.0,,3,5,0,0,True,True,False,9.0,823732,9.0,823732,4.0,823082,4.0,823082,6.0,831624,6.0,831609
823000,2026-04-08,away,607067,Colin Rea,4.0,4.0,,3,6,0,0,True,True,False,4.0,831923,4.0,824458,1.0,831849,4.0,824702,6.0,831961,4.0,831923
823885,2026-04-08,home,691587,Eury Pérez,4.0,8.0,,5,5,0,0,True,True,False,4.0,823568,4.0,823568,8.0,823892,8.0,823892,5.0,831505,5.0,831505
823885,2026-04-08,away,663903,Brady Singer,5.0,5.0,,7,7,0,0,True,True,False,5.0,822919,5.0,822919,5.0,824540,5.0,824540,3.0,832078,3.0,832078
823564,2026-04-08,home,701542,Will Warren,6.0,3.0,,7,7,0,0,True,True,False,6.0,823568,6.0,823568,3.0,823241,3.0,823241,6.0,831493,6.0,831493
823564,2026-04-08,away,622663,Luis Severino,7.0,3.0,,4,4,0,0,True,True,False,7.0,824940,7.0,824940,3.0,822839,3.0,822839,7.0,831931,7.0,831931
823726,2026-04-08,home,641927,Bailey Ober,4.0,1.0,,6,6,0,0,True,True,False,4.0,823732,4.0,823732,1.0,824864,1.0,824864,3.0,832036,3.0,832036
823726,2026-04-08,away,664285,Framber Valdez,5.0,5.0,,6,6,0,0,True,True,False,5.0,824299,5.0,824299,5.0,823324,5.0,823324,4.0,831601,4.0,831601
823884,2026-04-09,home,676974,Max Meyer,6.0,5.0,,4,4,0,0,True,True,False,6.0,823569,6.0,823569,5.0,823891,5.0,823891,6.0,831561,6.0,831561
823884,2026-04-09,away,695076,Rhett Lowder,4.0,5.0,,5,6,0,0,True,True,False,4.0,822920,4.0,822920,5.0,824538,5.0,824538,4.0,831728,3.0,832077
823565,2026-04-09,home,677960,Ryan Weathers,4.0,7.0,,5,6,0,0,True,True,False,4.0,823569,4.0,823569,7.0,823159,7.0,823159,5.0,831605,4.0,831779
823565,2026-04-09,away,605488,Jeffrey Springs,7.0,2.0,,6,6,0,0,True,True,False,7.0,825026,7.0,825026,2.0,822838,2.0,822838,4.0,831945,4.0,831945
823724,2026-04-09,home,690953,Mick Abel,3.0,,,5,7,0,0,True,True,False,3.0,823730,3.0,823730,6.0,831606,4.0,824864,4.0,831623,4.0,832037
823724,2026-04-09,away,656427,Jack Flaherty,6.0,2.0,,5,5,0,0,True,True,False,6.0,824295,6.0,824295,2.0,823323,2.0,823323,6.0,831857,6.0,831857
823645,2026-04-09,home,690997,Nolan McLean,4.0,8.0,,2,2,0,0,True,True,False,4.0,823240,4.0,823240,8.0,823647,8.0,823647,,,,
823645,2026-04-09,away,593958,Eduardo Rodriguez,3.0,5.0,,3,3,0,0,True,True,False,3.0,825103,3.0,825103,5.0,823973,5.0,823973,2.0,831428,2.0,831428
824130,2026-04-09,home,607625,Seth Lugo,7.0,3.0,,2,2,0,0,True,True,False,3.0,824944,3.0,824944,4.0,831837,4.0,831837,,,,
824130,2026-04-09,away,641743,Anthony Kay,5.0,,,6,7,0,0,True,True,False,5.0,823810,0.0,824622,4.0,831915,5.0,823810,5.0,831942,4.0,831915
823319,2026-04-09,home,681190,Randy Vásquez,3.0,8.0,,5,6,0,0,True,True,False,3.0,824782,3.0,824782,8.0,823323,8.0,823323,4.0,831767,4.0,831767
823319,2026-04-09,away,623474,Jimmy Herget,1.0,2.0,0.0,1,11,0,0,True,True,False,0.0,831808,2.0,824378,,,0.0,822835,,,2.0,823891
824695,2026-04-10,home,684007,Shota Imanaga,4.0,7.0,,5,5,0,0,True,True,False,7.0,824700,7.0,824700,5.0,831780,5.0,831780,8.0,831831,8.0,831831
824695,2026-04-10,away,669387,Carmen Mlodzinski,5.0,8.0,,4,5,0,0,True,True,False,5.0,823404,5.0,823404,8.0,823647,8.0,823647,5.0,831562,5.0,831562
823482,2026-04-10,home,666200,Jesús Luzardo,11.0,7.0,,6,6,0,0,True,True,False,11.0,824378,11.0,824378,7.0,823487,7.0,823487,6.0,831547,6.0,831547
823482,2026-04-10,away,647336,Michael Soroka,3.0,10.0,,5,5,0,0,True,True,False,3.0,825104,3.0,825104,10.0,825108,10.0,825108,5.0,831887,5.0,831887
824297,2026-04-10,home,672456,Keider Montero,3.0,,,1,2,0,0,True,True,False,3.0,824296,3.0,824296,,,3.0,831433,,,,
824297,2026-04-10,away,663978,Chris Paddack,6.0,,,5,6,0,0,True,True,False,6.0,823890,4.0,823566,3.0,831450,6.0,823890,3.0,831462,3.0,831450
824534,2026-04-10,home,695505,Chase Burns,9.0,7.0,,6,6,0,0,True,True,False,9.0,822917,9.0,822917,7.0,824539,7.0,824539,7.0,832077,7.0,832077
824534,2026-04-10,away,686799,Jack Kochanowicz,7.0,3.0,,5,6,0,0,True,True,False,7.0,824054,7.0,824054,3.0,824215,3.0,824215,4.0,831820,4.0,831820
822829,2026-04-10,home,571578,Patrick Corbin,,,,0,0,0,0,True,True,False,,,,,,,,,,,,
822829,2026-04-10,away,680573,Simeon Woods Richardson,4.0,2.0,,6,5,0,0,True,True,False,4.0,823729,4.0,823729,2.0,824135,3.0,831604,3.0,831604,2.0,831613
823643,2026-04-10,home,605280,Clay Holmes,4.0,5.0,,3,3,0,0,True,True,False,4.0,823239,4.0,823239,5.0,823080,6.0,831462,4.0,831579,4.0,831579
823643,2026-04-10,away,669372,J.T. Ginn,1.0,1.0,2.0,3,8,0,0,True,True,False,5.0,831936,1.0,825025,3.0,831871,1.0,825026,2.0,831899,2.0,822837
822997,2026-04-10,home,571927,Steven Matz,8.0,2.0,,4,4,0,0,True,True,False,8.0,823730,8.0,823730,2.0,823079,2.0,823079,4.0,831547,4.0,831547
822997,2026-04-10,away,661563,Luis Gil,,,,4,4,0,0,True,True,False,7.0,831603,7.0,831603,2.0,831611,2.0,831611,4.0,831573,4.0,831573
824858,2026-04-10,home,669358,Shane Baz,,,,4,4,0,0,True,True,False,5.0,823404,5.0,823404,4.0,824864,4.0,824864,5.0,831546,5.0,831546
824858,2026-04-10,away,694738,Landen Roupp,,,,7,7,0,0,True,True,False,7.0,823239,7.0,823239,7.0,823320,7.0,823320,6.0,831782,6.0,831782
824941,2026-04-10,home,693821,Bryce Elder,8.0,5.0,,5,5,0,0,True,True,False,8.0,825104,8.0,825104,5.0,824943,5.0,824943,6.0,831566,6.0,831566
824941,2026-04-10,away,677944,Slade Cecconi,6.0,5.0,,6,6,0,0,True,True,False,6.0,824459,6.0,824459,5.0,823160,5.0,823160,2.0,831885,2.0,831885
824128,2026-04-10,home,663460,Kris Bubic,8.0,4.0,,5,5,0,0,True,True,False,8.0,824131,8.0,824131,4.0,824135,4.0,831822,4.0,831822,4.0,831839
824128,2026-04-10,away,663436,Davis Martin,6.0,6.0,,5,6,0,0,True,True,False,6.0,824620,6.0,824620,6.0,823890,6.0,823890,3.0,831962,3.0,831962
823808,2026-04-10,home,676879,Aaron Ashby,2.0,0.0,3.0,2,11,0,0,True,True,False,1.0,832078,2.0,824779,4.0,831802,0.0,824783,,,3.0,824132
823808,2026-04-10,away,663623,Jake Irvin,4.0,7.0,,4,4,0,0,True,True,False,4.0,822757,4.0,822757,7.0,824700,7.0,824700,5.0,831454,5.0,831454
823076,2026-04-10,home,669160,Dustin May,4.0,3.0,,6,6,0,0,True,True,False,4.0,824295,4.0,824295,3.0,823079,3.0,823079,4.0,831442,4.0,831442
823076,2026-04-10,away,813349,Connelly Early,4.0,6.0,,5,5,0,0,True,True,False,4.0,824782,4.0,824782,6.0,824538,6.0,824538,7.0,831607,7.0,831607
823318,2026-04-10,home,621111,Walker Buehler,4.0,3.0,,6,6,0,0,True,True,False,4.0,824781,4.0,824781,3.0,823320,3.0,823320,3.0,831947,3.0,831947
823318,2026-04-10,away,608372,Tomoyuki Sugano,5.0,4.0,,4,4,0,0,True,True,False,5.0,824379,5.0,824379,4.0,822834,4.0,822834,4.0,831856,4.0,831856
823156,2026-04-10,home,676106,Emerson Hancock,5.0,9.0,,3,5,0,0,True,True,False,5.0,824054,5.0,824054,9.0,823160,9.0,823160,5.0,831754,4.0,831784
823156,2026-04-10,away,837227,Tatsuya Imai,9.0,4.0,,5,5,0,0,True,True,False,9.0,825027,9.0,825027,4.0,824215,4.0,824215,3.0,831443,3.0,831443
823968,2026-04-10,home,607192,Tyler Glasnow,9.0,6.0,,6,6,0,0,True,True,False,9.0,822757,9.0,822757,6.0,823973,6.0,823973,11.0,831804,11.0,831804
823968,2026-04-10,away,677958,Kumar Rocker,3.0,,,2,4,0,0,True,True,False,3.0,822920,3.0,822920,6.0,831833,6.0,831833,,,5.0,831920
823480,2026-04-11,home,592836,Taijuan Walker,4.0,2.0,,4,4,0,0,True,True,False,4.0,824379,4.0,824379,2.0,823484,2.0,823484,3.0,831458,3.0,831458
823480,2026-04-11,away,694297,Brandon Pfaadt,2.0,3.0,,5,5,0,0,True,True,False,2.0,825102,2.0,825102,3.0,825107,3.0,825107,6.0,831777,6.0,831777
824294,2026-04-11,home,663554,Casey Mize,4.0,9.0,,5,7,0,0,True,True,False,4.0,823728,4.0,823728,9.0,825107,9.0,825107,6.0,831558,3.0,831856
824294,2026-04-11,away,676083,Janson Junk,3.0,5.0,,4,6,0,0,True,True,False,3.0,823886,3.0,823886,5.0,823888,5.0,823888,1.0,831449,1.0,831449
824697,2026-04-11,home,665795,Edward Cabrera,4.0,5.0,,6,6,0,0,True,True,False,4.0,824459,4.0,824459,5.0,824702,5.0,824702,3.0,831779,3.0,831779
824697,2026-04-11,away,677952,Braxton Ashcraft,8.0,3.0,,4,4,0,0,True,True,False,8.0,823405,8.0,823405,3.0,824539,3.0,824539,8.0,831558,8.0,831558
822830,2026-04-11,home,641778,Eric Lauer,0.0,9.0,,4,4,0,0,True,True,False,0.0,824620,0.0,824620,9.0,822837,9.0,822837,3.0,831620,3.0,831620
822830,2026-04-11,away,657746,Joe Ryan,7.0,3.0,7.0,5,5,0,0,True,True,False,7.0,823728,7.0,823728,7.0,824865,7.0,824865,2.0,831599,2.0,831599
824535,2026-04-11,home,682227,Brandon Williamson,4.0,3.0,,5,6,0,0,True,True,False,4.0,823886,4.0,823886,3.0,824537,3.0,824537,2.0,831902,2.0,831902
824535,2026-04-11,away,691946,George Klassen,4.0,,,4,5,0,0,True,True,False,4.0,824053,4.0,824053,4.0,831804,4.0,831804,1.0,831834,1.0,831834
823644,2026-04-11,home,673540,Kodai Senga,7.0,9.0,,5,4,0,0,True,True,False,7.0,823238,7.0,823238,9.0,823077,4.0,831500,4.0,831500,5.0,831462
823644,2026-04-11,away,682052,Jacob Lopez,6.0,0.0,,5,5,0,0,True,True,False,6.0,825025,6.0,825025,0.0,824943,0.0,824943,3.0,831937,3.0,831937
824129,2026-04-11,home,608379,Michael Wacha,3.0,7.0,,5,6,0,0,True,True,False,3.0,824456,3.0,824456,7.0,824945,7.0,824945,5.0,831838,5.0,831838
824129,2026-04-11,away,607200,Erick Fedde,4.0,,,1,3,0,0,True,True,False,4.0,823888,4.0,823888,,,4.0,831913,,,1.0,831880
822996,2026-04-11,home,607259,Nick Martinez,4.0,3.0,,5,5,0,0,True,True,False,4.0,823729,4.0,823729,3.0,823809,3.0,823809,0.0,831592,0.0,831592
822996,2026-04-11,away,608331,Max Fried,4.0,6.0,4.0,7,7,0,0,True,True,False,4.0,823566,4.0,823566,6.0,823158,6.0,823158,4.0,823244,4.0,823244
823805,2026-04-11,home,690986,Kyle Harrison,6.0,8.0,,5,7,0,0,True,True,False,6.0,824131,6.0,824131,8.0,823809,8.0,823809,3.0,831818,5.0,832077
823805,2026-04-11,away,656492,Foster Griffin,6.0,5.0,,5,5,0,0,True,True,False,6.0,822756,6.0,822756,5.0,823484,5.0,823484,5.0,831450,5.0,831450
824857,2026-04-11,home,605135,Chris Bassitt,0.0,3.0,,5,7,0,0,True,True,False,0.0,823405,0.0,823405,3.0,824863,3.0,824863,4.0,831610,1.0,831546
824857,2026-04-11,away,657277,Logan Webb,3.0,5.0,7.0,5,5,0,0,True,True,False,3.0,823238,3.0,823238,5.0,823322,5.0,823322,7.0,823244,7.0,823244
823074,2026-04-11,home,681517,Kyle Leahy,4.0,1.0,,6,5,0,0,True,True,False,4.0,824296,4.0,824296,1.0,823080,6.0,831556,6.0,831556,5.0,831567
823074,2026-04-11,away,624133,Ranger Suarez,2.0,3.0,,4,4,0,0,True,True,False,2.0,824781,2.0,824781,3.0,824214,3.0,824214,4.0,832037,4.0,832037
824939,2026-04-11,home,527048,Martín Pérez,1.0,,,2,5,0,0,True,True,False,1.0,825102,1.0,825102,1.0,831453,3.0,824942,,,1.0,831453
824939,2026-04-11,away,800048,Parker Messick,6.0,5.0,,4,4,0,0,True,True,False,5.0,823972,5.0,823972,6.0,831887,6.0,831887,4.0,831846,4.0,831846
823316,2026-04-11,home,608566,Germán Márquez,4.0,1.0,,6,7,0,0,True,True,False,4.0,823401,4.0,823401,1.0,823322,1.0,823322,9.0,831769,8.0,831735
823316,2026-04-11,away,663372,Ryan Feltner,1.0,4.0,,4,5,0,0,True,True,False,4.0,822836,4.0,822836,3.0,831857,3.0,831857,2.0,831742,2.0,831742
823967,2026-04-11,home,686218,Emmet Sheehan,2.0,6.0,,5,6,0,0,True,True,False,2.0,822758,2.0,822758,6.0,823971,6.0,823971,5.0,831937,5.0,831937
823967,2026-04-11,away,683004,Jack Leiter,9.0,8.0,,5,5,0,0,True,True,False,9.0,822917,9.0,822917,8.0,824863,8.0,824863,6.0,831837,6.0,831837
823155,2026-04-11,home,622491,Luis Castillo,4.0,7.0,,6,6,0,0,True,True,False,4.0,824053,4.0,824053,7.0,823159,7.0,823159,5.0,831735,5.0,831735
823155,2026-04-11,away,621121,Lance McCullers Jr.,4.0,9.0,,5,5,0,0,True,True,False,4.0,825025,4.0,825025,9.0,824214,9.0,824214,7.0,831441,7.0,831441
824859,2026-04-12,home,700249,Cade Povich,2.0,,,2,3,0,0,True,True,False,4.0,831565,2.0,823405,1.0,831630,4.0,831565,,,1.0,831630
824859,2026-04-12,away,605288,Adrian Houser,3.0,4.0,,3,3,0,0,True,True,False,5.0,831835,5.0,831835,6.0,831953,6.0,831953,3.0,831720,3.0,831720
823479,2026-04-12,home,647315,Zach Pop,0.0,0.0,3.0,0,13,0,0,True,True,False,,,0.0,823234,,,0.0,823235,,,3.0,824377
823479,2026-04-12,away,668678,Zac Gallen,5.0,2.0,2.0,6,6,0,0,True,True,False,5.0,823648,5.0,823648,2.0,823974,2.0,823974,0.0,831796,0.0,831796
822828,2026-04-12,home,453286,Max Scherzer,2.0,4.0,,5,5,0,0,True,True,False,2.0,822832,2.0,822832,4.0,822836,4.0,822836,3.0,831604,3.0,831604
822828,2026-04-12,away,671737,Taj Bradley,10.0,3.0,9.0,6,6,0,0,True,True,False,10.0,823727,10.0,823727,3.0,824133,3.0,824133,9.0,824862,9.0,824862
824533,2026-04-12,home,671096,Andrew Abbott,2.0,5.0,4.0,8,8,0,0,True,True,False,2.0,823887,2.0,823887,5.0,824536,5.0,824536,4.0,824541,4.0,824541
824533,2026-04-12,away,667755,José Soriano,10.0,4.0,7.0,4,4,0,0,True,True,False,4.0,824699,4.0,824699,7.0,824218,7.0,824218,3.0,831910,3.0,831910
823642,2026-04-12,home,642547,Freddy Peralta,5.0,7.0,7.0,4,4,0,0,True,True,False,5.0,823648,5.0,823648,7.0,823649,7.0,823649,5.0,831508,5.0,831508
823642,2026-04-12,away,650644,Aaron Civale,6.0,3.0,,6,6,0,0,True,True,False,6.0,823567,6.0,823567,3.0,824942,3.0,824942,11.0,831755,11.0,831755
824293,2026-04-12,home,669373,Tarik Skubal,7.0,3.0,6.0,5,5,0,0,True,True,False,7.0,823727,7.0,823727,6.0,823325,6.0,823325,5.0,831550,5.0,831550
824293,2026-04-12,away,645261,Sandy Alcantara,6.0,7.0,5.0,6,6,0,0,True,True,False,6.0,823887,6.0,823887,7.0,823889,7.0,823889,5.0,823893,5.0,823893
822998,2026-04-12,home,656876,Drew Rasmussen,8.0,2.0,,4,4,0,0,True,True,False,2.0,823081,2.0,823081,3.0,831551,3.0,831551,4.0,831616,4.0,831616
822998,2026-04-12,away,693645,Cam Schlittler,7.0,7.0,8.0,5,5,0,0,True,True,False,7.0,823567,7.0,823567,8.0,823243,8.0,823243,1.0,831601,1.0,831601
823804,2026-04-12,home,605540,Brandon Woodruff,4.0,6.0,,4,4,0,0,True,True,False,4.0,824783,4.0,824783,6.0,823807,6.0,823807,4.0,831722,4.0,831722
823804,2026-04-12,away,641793,Zack Littell,6.0,,,3,4,0,0,True,True,False,6.0,822755,6.0,822755,3.0,831452,1.0,823485,2.0,831464,3.0,831452
823075,2026-04-12,home,669467,Andre Pallante,2.0,3.0,,5,4,0,0,True,True,False,2.0,822755,2.0,822755,3.0,823077,4.0,831460,4.0,831460,3.0,831467
823075,2026-04-12,away,678394,Brayan Bello,5.0,2.0,,5,5,0,0,True,True,False,5.0,824783,5.0,824783,2.0,824212,2.0,824212,7.0,831606,7.0,831606
824696,2026-04-12,home,592791,Jameson Taillon,4.0,3.0,,5,5,0,0,True,True,False,4.0,823002,4.0,823002,3.0,824699,3.0,824699,6.0,831931,6.0,831931
824696,2026-04-12,away,696149,Bubba Chandler,4.0,6.0,,4,4,0,0,True,True,False,4.0,823401,4.0,823401,6.0,824537,6.0,824537,8.0,831466,8.0,831466
823317,2026-04-12,home,601713,Nick Pivetta,8.0,8.0,4.0,5,5,0,0,True,True,False,8.0,823402,8.0,823402,4.0,823325,4.0,823325,3.0,831864,3.0,831864
823317,2026-04-12,away,607536,Kyle Freeland,5.0,6.0,2.0,7,7,0,0,True,True,False,5.0,824375,5.0,824375,6.0,822835,6.0,822835,2.0,823893,2.0,823893
823154,2026-04-12,home,669302,Logan Gilbert,5.0,6.0,7.0,6,6,0,0,True,True,False,5.0,822918,5.0,822918,6.0,823158,6.0,823158,7.0,823163,7.0,823163
823154,2026-04-12,away,675989,Cody Bolton,5.0,,,0,2,0,0,True,True,False,,,5.0,824212,,,2.0,831441,,,,
823966,2026-04-12,home,808963,Roki Sasaki,5.0,4.0,,5,5,0,0,True,True,False,5.0,822756,5.0,822756,4.0,823972,4.0,823972,2.0,831821,2.0,831821
823966,2026-04-12,away,594798,Jacob deGrom,6.0,7.0,,4,4,0,0,True,True,False,6.0,822918,6.0,822918,7.0,824861,7.0,824861,5.0,831920,5.0,831920
824938,2026-04-12,home,519242,Chris Sale,,,,5,5,0,0,True,True,False,3.0,824940,3.0,824940,6.0,824946,6.0,824946,4.0,831502,4.0,831502
824938,2026-04-12,away,676440,Tanner Bibee,,,,7,7,0,0,True,True,False,3.0,824456,3.0,824456,4.0,823969,4.0,823969,7.0,823163,7.0,823163
824855,2026-04-15,home,680694,Kyle Bradish,7.0,6.0,4.0,5,5,0,0,True,True,False,7.0,824617,7.0,824617,6.0,823406,6.0,823406,4.0,824862,4.0,824862
824855,2026-04-15,away,593958,Eduardo Rodriguez,3.0,3.0,5.0,4,4,0,0,True,True,False,3.0,823645,3.0,823645,3.0,825103,3.0,825103,5.0,823973,5.0,823973
823071,2026-04-15,home,669160,Dustin May,4.0,4.0,3.0,7,7,0,0,True,True,False,4.0,823076,4.0,823076,4.0,824295,4.0,824295,3.0,823079,3.0,823079
823071,2026-04-15,away,677944,Slade Cecconi,3.0,6.0,5.0,7,7,0,0,True,True,False,3.0,824941,3.0,824941,6.0,824459,6.0,824459,5.0,823160,5.0,823160
823722,2026-04-15,home,680573,Simeon Woods Richardson,2.0,4.0,2.0,7,6,0,0,True,True,False,2.0,822829,2.0,822829,4.0,823729,4.0,823729,2.0,824135,3.0,831604
823722,2026-04-15,away,813349,Connelly Early,5.0,4.0,6.0,6,6,0,0,True,True,False,5.0,823076,5.0,823076,4.0,824782,4.0,824782,6.0,824538,6.0,824538
824291,2026-04-15,home,656427,Jack Flaherty,6.0,6.0,2.0,6,6,0,0,True,True,False,6.0,823724,6.0,823724,6.0,824295,6.0,824295,2.0,823323,2.0,823323
824291,2026-04-15,away,607625,Seth Lugo,4.0,7.0,3.0,3,3,0,0,True,True,False,4.0,824130,4.0,824130,3.0,824944,3.0,824944,4.0,831837,4.0,831837
823399,2026-04-15,home,682254,Mason Montgomery,2.0,2.0,2.0,0,14,0,0,True,True,False,,,2.0,823398,,,2.0,824697,,,2.0,824695
823399,2026-04-15,away,663623,Jake Irvin,5.0,4.0,7.0,5,5,0,0,True,True,False,5.0,823808,5.0,823808,4.0,822757,4.0,822757,7.0,824700,7.0,824700
824532,2026-04-15,home,695076,Rhett Lowder,2.0,4.0,5.0,6,7,0,0,True,True,False,2.0,823884,2.0,823884,4.0,822920,4.0,822920,5.0,824538,5.0,824538
824532,2026-04-15,away,641816,Tyler Mahle,6.0,4.0,5.0,7,7,0,0,True,True,False,6.0,823234,6.0,823234,4.0,823240,4.0,823240,5.0,823241,5.0,823241
823477,2026-04-15,home,666200,Jesús Luzardo,8.0,11.0,7.0,7,7,0,0,True,True,False,8.0,823482,8.0,823482,11.0,824378,11.0,824378,7.0,823487,7.0,823487
823477,2026-04-15,away,684007,Shota Imanaga,9.0,4.0,7.0,6,6,0,0,True,True,False,9.0,824695,9.0,824695,7.0,824700,7.0,824700,5.0,831780,5.0,831780
823561,2026-04-15,home,661563,Luis Gil,2.0,,,5,5,0,0,True,True,False,2.0,822997,2.0,822997,7.0,831603,7.0,831603,2.0,831611,2.0,831611
823561,2026-04-15,away,686799,Jack Kochanowicz,2.0,7.0,3.0,6,7,0,0,True,True,False,2.0,824534,2.0,824534,7.0,824054,7.0,824054,3.0,824215,3.0,824215
824936,2026-04-15,home,693821,Bryce Elder,3.0,8.0,5.0,6,6,0,0,True,True,False,3.0,824941,3.0,824941,8.0,825104,8.0,825104,5.0,824943,5.0,824943
824936,2026-04-15,away,663978,Chris Paddack,4.0,6.0,,6,7,0,0,True,True,False,4.0,824297,4.0,824297,6.0,823890,4.0,823566,3.0,831450,6.0,823890
824615,2026-04-15,home,680732,Sean Burke,3.0,5.0,,5,5,0,0,True,True,False,3.0,824617,3.0,824617,5.0,823811,5.0,823811,6.0,831746,6.0,831746
824615,2026-04-15,away,642121,Cole Sulser,4.0,,,0,11,0,0,True,True,False,,,0.0,822998,,,0.0,822996,,,2.0,822999
823803,2026-04-15,home,694477,Chad Patrick,3.0,4.0,,6,7,0,0,True,True,False,3.0,824132,0.0,823808,4.0,823811,3.0,824132,4.0,831789,4.0,823811
823803,2026-04-15,away,656302,Dylan Cease,8.0,6.0,12.0,4,4,0,0,True,True,False,8.0,822833,8.0,822833,12.0,822838,12.0,822838,6.0,831592,6.0,831592
824209,2026-04-15,home,681293,Spencer Arrighetti,,,,0,3,0,0,True,True,False,,,3.0,831441,,,6.0,831561,,,2.0,831582
824209,2026-04-15,away,500779,Jose Quintana,2.0,,,3,3,0,0,True,True,False,2.0,823891,2.0,823891,2.0,831866,2.0,831866,5.0,831731,5.0,831731
823314,2026-04-15,home,681190,Randy Vásquez,8.0,3.0,8.0,6,7,0,0,True,True,False,8.0,823319,8.0,823319,3.0,824782,3.0,824782,8.0,823323,8.0,823323
823314,2026-04-15,away,676106,Emerson Hancock,5.0,5.0,9.0,4,6,0,0,True,True,False,5.0,823156,5.0,823156,5.0,824054,5.0,824054,9.0,823160,9.0,823160
825021,2026-04-15,home,669372,J.T. Ginn,4.0,,,4,9,0,0,True,True,False,4.0,823643,4.0,823643,5.0,831936,1.0,825025,3.0,831871,1.0,825026
825021,2026-04-15,away,677958,Kumar Rocker,5.0,3.0,,3,5,0,0,True,True,False,5.0,823968,5.0,823968,3.0,822920,3.0,822920,6.0,831833,6.0,831833
823963,2026-04-15,home,660271,Shohei Ohtani,2.0,6.0,,4,4,0,0,True,True,False,2.0,822833,2.0,822833,6.0,823969,6.0,823969,11.0,831820,11.0,831820
823963,2026-04-15,away,605280,Clay Holmes,3.0,4.0,5.0,4,4,0,0,True,True,False,3.0,823643,3.0,823643,4.0,823239,4.0,823239,5.0,823080,6.0,831462
823396,2026-04-16,home,677952,Braxton Ashcraft,9.0,8.0,3.0,5,5,0,0,True,True,False,9.0,824697,9.0,824697,8.0,823405,8.0,823405,3.0,824539,3.0,824539
823396,2026-04-16,away,656492,Foster Griffin,1.0,6.0,5.0,6,6,0,0,True,True,False,1.0,823805,1.0,823805,6.0,822756,6.0,822756,5.0,823484,5.0,823484
824530,2026-04-16,home,695505,Chase Burns,2.0,9.0,7.0,7,7,0,0,True,True,False,2.0,824534,2.0,824534,9.0,822917,9.0,822917,7.0,824539,7.0,824539
824530,2026-04-16,away,694738,Landen Roupp,4.0,7.0,7.0,8,7,0,0,True,True,False,4.0,824858,7.0,823239,7.0,823239,7.0,823320,7.0,823320,6.0,831782
824289,2026-04-16,home,672456,Keider Montero,7.0,3.0,,2,3,0,0,True,True,False,7.0,824297,7.0,824297,3.0,824296,3.0,824296,,,3.0,831433
824289,2026-04-16,away,663460,Kris Bubic,11.0,8.0,4.0,6,6,0,0,True,True,False,11.0,824128,11.0,824128,8.0,824131,8.0,824131,4.0,824135,4.0,831822
823560,2026-04-16,home,608331,Max Fried,6.0,4.0,6.0,8,8,0,0,True,True,False,6.0,822996,6.0,822996,4.0,823566,4.0,823566,6.0,823158,6.0,823158
823560,2026-04-16,away,608718,Brent Suter,2.0,2.0,3.0,0,10,0,0,True,True,False,,,2.0,824535,,,2.0,824050,,,3.0,824053
823801,2026-04-16,home,687075,Brandon Sproat,3.0,,,3,5,0,0,True,True,False,3.0,823810,3.0,823805,5.0,832077,3.0,823810,4.0,831929,5.0,832077
823801,2026-04-16,away,571578,Patrick Corbin,3.0,,,1,1,0,0,True,True,False,3.0,822829,3.0,822829,,,,,,,,
824614,2026-04-16,home,673929,Jordan Leasure,0.0,2.0,2.0,0,14,0,0,True,True,False,,,0.0,824126,,,2.0,824130,,,2.0,824618
824614,2026-04-16,away,571927,Steven Matz,7.0,8.0,2.0,5,5,0,0,True,True,False,7.0,822997,7.0,822997,8.0,823730,8.0,823730,2.0,823079,2.0,823079
825023,2026-04-16,home,682052,Jacob Lopez,5.0,6.0,0.0,6,6,0,0,True,True,False,5.0,823644,5.0,823644,6.0,825025,6.0,825025,0.0,824943,0.0,824943
825023,2026-04-16,away,683004,Jack Leiter,4.0,9.0,8.0,6,6,0,0,True,True,False,4.0,823967,4.0,823967,9.0,822917,9.0,822917,8.0,824863,8.0,824863
824453,2026-04-16,home,800048,Parker Messick,5.0,6.0,5.0,5,5,0,0,True,True,False,5.0,824939,5.0,824939,5.0,823972,5.0,823972,6.0,831887,6.0,831887
824453,2026-04-16,away,669358,Shane Baz,4.0,5.0,4.0,5,4,0,0,True,True,False,4.0,824858,5.0,823404,5.0,823404,4.0,824864,4.0,824864,5.0,831546
824208,2026-04-16,home,680802,Ryan Weiss,4.0,4.0,2.0,1,9,0,0,True,True,False,1.0,831508,4.0,823156,,,2.0,825026,,,3.0,824214
824208,2026-04-16,away,675848,Juan Mejia,1.0,0.0,1.0,1,8,0,0,True,True,False,1.0,831864,1.0,824210,,,0.0,823318,,,1.0,823319
823313,2026-04-16,home,621111,Walker Buehler,4.0,4.0,3.0,7,7,0,0,True,True,False,4.0,823318,4.0,823318,4.0,824781,4.0,824781,3.0,823320,3.0,823320
823313,2026-04-16,away,622491,Luis Castillo,3.0,4.0,7.0,7,7,0,0,True,True,False,3.0,823155,3.0,823155,4.0,824053,4.0,824053,7.0,823159,7.0,823159
824693,2026-04-17,home,665795,Edward Cabrera,4.0,4.0,5.0,7,7,0,0,True,True,False,4.0,824697,4.0,824697,4.0,824459,4.0,824459,5.0,824702,5.0,824702
824693,2026-04-17,away,673540,Kodai Senga,3.0,7.0,9.0,6,5,0,0,True,True,False,3.0,823644,3.0,823644,7.0,823238,7.0,823238,9.0,823077,4.0,831500
824454,2026-04-17,home,676440,Tanner Bibee,4.0,3.0,4.0,8,7,0,0,True,True,False,4.0,824938,3.0,824456,3.0,824456,4.0,823969,4.0,823969,7.0,823163
824454,2026-04-17,away,605135,Chris Bassitt,2.0,0.0,3.0,6,8,0,0,True,True,False,2.0,824857,2.0,824857,0.0,823405,0.0,823405,3.0,824863,3.0,824863
823476,2026-04-17,home,592836,Taijuan Walker,6.0,4.0,2.0,5,5,0,0,True,True,False,6.0,823480,6.0,823480,4.0,824379,4.0,824379,2.0,823484,2.0,823484
823476,2026-04-17,away,527048,Martín Pérez,2.0,1.0,,3,6,0,0,True,True,False,2.0,824939,2.0,824939,1.0,825102,1.0,825102,1.0,831453,3.0,824942
822752,2026-04-17,home,641793,Zack Littell,3.0,6.0,,4,5,0,0,True,True,False,3.0,823804,3.0,823804,6.0,822755,6.0,822755,3.0,831452,1.0,823485
822752,2026-04-17,away,657277,Logan Webb,6.0,3.0,5.0,6,6,0,0,True,True,False,6.0,824857,6.0,824857,3.0,823238,3.0,823238,5.0,823322,5.0,823322
823397,2026-04-17,home,696149,Bubba Chandler,4.0,4.0,6.0,5,5,0,0,True,True,False,4.0,824696,4.0,824696,4.0,823401,4.0,823401,6.0,824537,6.0,824537
823397,2026-04-17,away,607259,Nick Martinez,4.0,4.0,3.0,6,6,0,0,True,True,False,4.0,822996,4.0,822996,4.0,823729,4.0,823729,3.0,823809,3.0,823809
823559,2026-04-17,home,693645,Cam Schlittler,8.0,7.0,7.0,6,6,0,0,True,True,False,8.0,822998,8.0,822998,7.0,823567,7.0,823567,8.0,823243,8.0,823243
823559,2026-04-17,away,608379,Michael Wacha,7.0,3.0,7.0,6,7,0,0,True,True,False,7.0,824129,7.0,824129,3.0,824456,3.0,824456,7.0,824945,7.0,824945
823883,2026-04-17,home,676083,Janson Junk,4.0,3.0,5.0,5,7,0,0,True,True,False,4.0,824294,4.0,824294,3.0,823886,3.0,823886,5.0,823888,5.0,823888
823883,2026-04-17,away,689441,Coleman Crow,,,,0,1,0,0,True,True,False,,,1.0,831792,,,,,,,,
824778,2026-04-17,home,624133,Ranger Suarez,6.0,2.0,3.0,5,5,0,0,True,True,False,6.0,823074,6.0,823074,2.0,824781,2.0,824781,3.0,824214,3.0,824214
824778,2026-04-17,away,663554,Casey Mize,5.0,4.0,9.0,6,8,0,0,True,True,False,5.0,824294,5.0,824294,4.0,823728,4.0,823728,9.0,825107,9.0,825107
824207,2026-04-17,home,663567,Peter Lambert,,,,1,3,0,0,True,True,False,1.0,831500,1.0,831500,,,3.0,831508,,,2.0,831516
824207,2026-04-17,away,681517,Kyle Leahy,2.0,4.0,1.0,7,6,0,0,True,True,False,2.0,823074,2.0,823074,4.0,824296,4.0,824296,1.0,823080,6.0,831556
823720,2026-04-17,home,657746,Joe Ryan,5.0,7.0,3.0,6,6,0,0,True,True,False,5.0,822830,5.0,822830,7.0,823728,7.0,823728,7.0,824865,7.0,824865
823720,2026-04-17,away,682227,Brandon Williamson,3.0,4.0,3.0,6,7,0,0,True,True,False,3.0,824535,3.0,824535,4.0,823886,4.0,823886,3.0,824537,3.0,824537
824373,2026-04-17,home,608372,Tomoyuki Sugano,3.0,5.0,4.0,5,5,0,0,True,True,False,3.0,823318,3.0,823318,5.0,824379,5.0,824379,4.0,822834,4.0,822834
824373,2026-04-17,away,607192,Tyler Glasnow,7.0,9.0,6.0,7,7,0,0,True,True,False,7.0,823968,7.0,823968,9.0,822757,9.0,822757,6.0,823973,6.0,823973
823152,2026-04-17,home,669302,Logan Gilbert,7.0,5.0,6.0,7,7,0,0,True,True,False,7.0,823154,7.0,823154,5.0,822918,5.0,822918,6.0,823158,6.0,823158
823152,2026-04-17,away,594798,Jacob deGrom,9.0,6.0,7.0,5,5,0,0,True,True,False,9.0,823966,9.0,823966,6.0,822918,6.0,822918,7.0,824861,7.0,824861
825101,2026-04-17,home,647336,Michael Soroka,10.0,3.0,10.0,6,6,0,0,True,True,False,10.0,823482,10.0,823482,3.0,825104,3.0,825104,10.0,825108,10.0,825108
825101,2026-04-17,away,680755,Braydon Fisher,0.0,2.0,4.0,0,13,0,0,True,True,False,,,0.0,823803,,,2.0,823802,,,4.0,822829
825019,2026-04-17,home,650644,Aaron Civale,3.0,6.0,3.0,7,7,0,0,True,True,False,3.0,823642,3.0,823642,6.0,823567,6.0,823567,3.0,824942,3.0,824942
825019,2026-04-17,away,663436,Davis Martin,3.0,6.0,6.0,6,7,0,0,True,True,False,3.0,824128,3.0,824128,6.0,824620,6.0,824620,6.0,823890,6.0,823890
823558,2026-04-18,home,701542,Will Warren,6.0,5.0,6.0,9,9,0,0,True,True,False,6.0,823563,6.0,823563,5.0,823564,5.0,823564,6.0,823568,6.0,823568
823558,2026-04-18,away,702070,Noah Cameron,4.0,5.0,5.0,4,6,0,0,True,True,False,5.0,824457,4.0,824126,4.0,831846,5.0,824457,3.0,831848,4.0,831846
823721,2026-04-18,home,671737,Taj Bradley,7.0,10.0,3.0,7,7,0,0,True,True,False,7.0,822828,7.0,822828,10.0,823727,10.0,823727,3.0,824133,3.0,824133
823721,2026-04-18,away,671096,Andrew Abbott,1.0,2.0,5.0,9,9,0,0,True,True,False,1.0,824533,1.0,824533,2.0,823887,2.0,823887,5.0,824536,5.0,824536
824694,2026-04-18,home,592791,Jameson Taillon,10.0,4.0,3.0,6,6,0,0,True,True,False,10.0,824696,10.0,824696,4.0,823002,4.0,823002,3.0,824699,3.0,824699
824694,2026-04-18,away,642547,Freddy Peralta,6.0,5.0,7.0,5,5,0,0,True,True,False,6.0,823642,6.0,823642,5.0,823648,5.0,823648,7.0,823649,7.0,823649
823394,2026-04-18,home,694973,Paul Skenes,6.0,6.0,5.0,6,6,0,0,True,True,False,6.0,823400,6.0,823400,6.0,823402,6.0,823402,5.0,824536,5.0,824536
823394,2026-04-18,away,656876,Drew Rasmussen,7.0,8.0,2.0,5,5,0,0,True,True,False,7.0,822998,7.0,822998,2.0,823081,2.0,823081,3.0,831551,3.0,831551
822751,2026-04-18,home,676917,Cade Cavalli,2.0,3.0,3.0,7,7,0,0,True,True,False,2.0,823400,2.0,823400,3.0,822754,3.0,822754,3.0,823483,3.0,823483
822751,2026-04-18,away,605288,Adrian Houser,3.0,3.0,4.0,4,4,0,0,True,True,False,3.0,824859,3.0,824859,5.0,831835,5.0,831835,6.0,831953,6.0,831953
825020,2026-04-18,home,622663,Luis Severino,7.0,7.0,7.0,5,5,0,0,True,True,False,7.0,823564,7.0,823564,7.0,824940,7.0,824940,3.0,822839,3.0,822839
825020,2026-04-18,away,607200,Erick Fedde,4.0,4.0,,2,4,0,0,True,True,False,4.0,824129,4.0,824129,4.0,823888,4.0,823888,,,4.0,831913
824775,2026-04-18,home,678394,Brayan Bello,2.0,5.0,2.0,6,6,0,0,True,True,False,2.0,823075,2.0,823075,5.0,824783,5.0,824783,2.0,824212,2.0,824212
824775,2026-04-18,away,669373,Tarik Skubal,7.0,7.0,3.0,6,6,0,0,True,True,False,7.0,824293,7.0,824293,7.0,823727,7.0,823727,6.0,823325,6.0,823325
823882,2026-04-18,home,645261,Sandy Alcantara,4.0,6.0,7.0,7,7,0,0,True,True,False,4.0,824293,4.0,824293,6.0,823887,6.0,823887,7.0,823889,7.0,823889
823882,2026-04-18,away,605540,Brandon Woodruff,6.0,4.0,6.0,5,5,0,0,True,True,False,6.0,823804,6.0,823804,4.0,824783,4.0,824783,6.0,823807,6.0,823807
824451,2026-04-18,home,668909,Gavin Williams,4.0,8.0,10.0,7,6,0,0,True,True,False,4.0,823073,8.0,824457,8.0,824457,7.0,823162,7.0,823162,3.0,831896
824451,2026-04-18,away,665152,Dean Kremer,9.0,,,2,3,0,0,True,True,False,9.0,824856,9.0,824856,8.0,832062,8.0,832062,,,2.0,831445
824206,2026-04-18,home,621121,Lance McCullers Jr.,4.0,4.0,9.0,6,6,0,0,True,True,False,4.0,823155,4.0,823155,4.0,825025,4.0,825025,9.0,824214,9.0,824214
824206,2026-04-18,away,669467,Andre Pallante,2.0,2.0,3.0,6,5,0,0,True,True,False,2.0,823075,2.0,823075,2.0,822755,2.0,822755,3.0,823077,4.0,831460
823151,2026-04-18,home,669923,George Kirby,6.0,4.0,6.0,6,6,0,0,True,True,False,6.0,823153,6.0,823153,4.0,822916,4.0,822916,6.0,823162,6.0,823162
823151,2026-04-18,away,543135,Nathan Eovaldi,7.0,7.0,5.0,6,6,0,0,True,True,False,7.0,822916,7.0,822916,5.0,824860,5.0,824860,7.0,823486,7.0,823486
823474,2026-04-18,home,650911,Cristopher Sánchez,8.0,6.0,7.0,5,5,0,0,True,True,False,8.0,823481,8.0,823481,6.0,823235,6.0,823235,7.0,823483,7.0,823483
823474,2026-04-18,away,519242,Chris Sale,6.0,7.0,3.0,6,5,0,0,True,True,False,6.0,824938,3.0,824940,3.0,824940,6.0,824946,6.0,824946,4.0,831502
824372,2026-04-18,home,663372,Ryan Feltner,4.0,1.0,4.0,5,6,0,0,True,True,False,4.0,823316,4.0,823316,4.0,822836,4.0,822836,3.0,831857,3.0,831857
824372,2026-04-18,away,686218,Emmet Sheehan,6.0,2.0,6.0,6,7,0,0,True,True,False,6.0,823967,6.0,823967,2.0,822758,2.0,822758,6.0,823971,6.0,823971
825098,2026-04-18,home,668678,Zac Gallen,2.0,5.0,2.0,7,7,0,0,True,True,False,2.0,823479,2.0,823479,5.0,823648,5.0,823648,2.0,823974,2.0,823974
825098,2026-04-18,away,453286,Max Scherzer,3.0,2.0,4.0,6,6,0,0,True,True,False,3.0,822828,3.0,822828,2.0,822832,2.0,822832,4.0,822836,4.0,822836
824049,2026-04-18,home,579328,Yusei Kikuchi,3.0,8.0,5.0,4,4,0,0,True,True,False,3.0,823563,3.0,823563,8.0,824051,8.0,824051,3.0,824216,3.0,824216
824049,2026-04-18,away,608566,Germán Márquez,5.0,4.0,1.0,7,8,0,0,True,True,False,5.0,823316,5.0,823316,4.0,823401,4.0,823401,1.0,823322,1.0,823322
822750,2026-04-19,home,676571,PJ Poulin,1.0,1.0,,3,18,0,0,True,True,False,1.0,823398,1.0,822752,1.0,823485,0.0,823396,1.0,831546,1.0,823398
822750,2026-04-19,away,592662,Robbie Ray,6.0,7.0,7.0,8,8,0,0,True,True,False,6.0,824531,6.0,824531,7.0,823235,7.0,823235,7.0,823242,7.0,823242
823393,2026-04-19,home,656605,Mitch Keller,3.0,4.0,4.0,7,7,0,0,True,True,False,3.0,823398,3.0,823398,4.0,823403,4.0,823403,4.0,823406,4.0,823406
823393,2026-04-19,away,663556,Shane McClanahan,4.0,5.0,4.0,7,7,0,0,True,True,False,4.0,824616,4.0,824616,5.0,823002,5.0,823002,4.0,823807,4.0,823807
823556,2026-04-19,home,677960,Ryan Weathers,10.0,7.0,4.0,7,8,0,0,True,True,False,10.0,823562,10.0,823562,7.0,823565,7.0,823565,4.0,823569,4.0,823569
823556,2026-04-19,away,666142,Cole Ragans,1.0,2.0,8.0,8,8,0,0,True,True,False,1.0,824292,1.0,824292,2.0,824455,2.0,824455,8.0,824133,8.0,824133
824452,2026-04-19,home,676282,Joey Cantillo,4.0,9.0,6.0,7,8,0,0,True,True,False,4.0,823072,4.0,823072,9.0,824455,9.0,824455,6.0,824458,6.0,824458
824452,2026-04-19,away,669432,Trevor Rogers,6.0,6.0,3.0,7,7,0,0,True,True,False,6.0,824853,6.0,824853,6.0,824618,6.0,824618,3.0,824860,3.0,824860
824205,2026-04-19,home,681347,Mike Burrows,3.0,3.0,6.0,6,6,0,0,True,True,False,3.0,823153,3.0,823153,3.0,824375,3.0,824375,6.0,824216,6.0,824216
824205,2026-04-19,away,669461,Matthew Liberatore,2.0,6.0,2.0,6,5,0,0,True,True,False,2.0,823073,6.0,822754,6.0,822754,2.0,823081,2.0,823081,5.0,831456
823718,2026-04-19,home,641927,Bailey Ober,7.0,2.0,4.0,8,8,0,0,True,True,False,7.0,823725,7.0,823725,2.0,823726,2.0,823726,4.0,823732,4.0,823732
823718,2026-04-19,away,663903,Brady Singer,1.0,3.0,5.0,9,9,0,0,True,True,False,1.0,824531,1.0,824531,3.0,823885,3.0,823885,5.0,822919,5.0,822919
824691,2026-04-19,home,665871,Javier Assad,3.0,3.0,,2,3,0,0,True,True,False,3.0,823481,3.0,823481,3.0,822999,3.0,822999,,,3.0,831931
824691,2026-04-19,away,668964,Tobias Myers,2.0,1.0,1.0,1,7,0,0,True,True,False,2.0,831456,2.0,823963,,,1.0,823643,,,1.0,823239
824371,2026-04-19,home,547179,Michael Lorenzen,3.0,4.0,2.0,6,7,0,0,True,True,False,3.0,824210,3.0,824210,4.0,824374,0.0,823316,2.0,824377,4.0,824374
824371,2026-04-19,away,808963,Roki Sasaki,6.0,5.0,4.0,6,6,0,0,True,True,False,6.0,823966,6.0,823966,5.0,822756,5.0,822756,4.0,823972,4.0,823972
825018,2026-04-19,home,605488,Jeffrey Springs,5.0,6.0,7.0,8,8,0,0,True,True,False,5.0,825022,5.0,825022,6.0,823565,6.0,823565,7.0,825026,7.0,825026
825018,2026-04-19,away,702273,Noah Schultz,4.0,,,1,2,0,0,True,True,False,4.0,824616,4.0,824616,,,2.0,831919,,,,
824047,2026-04-19,home,700712,Walbert Ureña,1.0,1.0,,1,7,0,0,True,True,False,4.0,831747,1.0,824213,,,1.0,824218,,,2.0,831821
824047,2026-04-19,away,650633,Michael King,5.0,4.0,5.0,8,8,0,0,True,True,False,5.0,823315,5.0,823315,4.0,823403,4.0,823403,5.0,824786,5.0,824786
823150,2026-04-19,home,693433,Bryan Woo,3.0,2.0,6.0,7,7,0,0,True,True,False,3.0,823315,3.0,823315,2.0,822915,2.0,822915,6.0,824056,6.0,824056
823150,2026-04-19,away,669022,MacKenzie Gore,5.0,9.0,9.0,7,7,0,0,True,True,False,5.0,825022,5.0,825022,9.0,822915,9.0,822915,9.0,822919,9.0,822919
825100,2026-04-19,home,669194,Ryne Nelson,7.0,5.0,3.0,8,8,0,0,True,True,False,7.0,824856,7.0,824856,5.0,823646,5.0,823646,3.0,825105,3.0,825105
825100,2026-04-19,away,592332,Kevin Gausman,5.0,5.0,10.0,7,7,0,0,True,True,False,5.0,823802,5.0,823802,5.0,822831,5.0,822831,10.0,822835,10.0,822835
824777,2026-04-19,home,676979,Garrett Crochet,0.0,7.0,7.0,6,6,0,0,True,True,False,0.0,823725,0.0,823725,7.0,824780,7.0,824780,8.0,824541,8.0,824541
824777,2026-04-19,away,664285,Framber Valdez,1.0,2.0,5.0,8,8,0,0,True,True,False,1.0,824292,1.0,824292,2.0,823726,2.0,823726,5.0,824299,5.0,824299
823475,2026-04-19,home,691725,Andrew Painter,1.0,8.0,,5,6,0,0,True,True,False,8.0,823485,7.0,823479,3.0,831453,8.0,823485,4.0,831565,3.0,831453
823475,2026-04-19,away,656550,Grant Holmes,3.0,6.0,4.0,8,8,0,0,True,True,False,3.0,824937,3.0,824937,6.0,824050,6.0,824050,4.0,825103,4.0,825103
824448,2026-04-21,home,800048,Parker Messick,9.0,5.0,6.0,6,6,0,0,True,True,False,9.0,824453,9.0,824453,5.0,824939,5.0,824939,5.0,823972,5.0,823972
824448,2026-04-21,away,680802,Ryan Weiss,3.0,,,2,10,0,0,True,True,False,3.0,824208,3.0,824208,1.0,831508,4.0,823156,,,2.0,825026
822995,2026-04-21,home,571927,Steven Matz,4.0,7.0,8.0,6,6,0,0,True,True,False,4.0,824614,4.0,824614,7.0,822997,7.0,822997,8.0,823730,8.0,823730
822995,2026-04-21,away,695505,Chase Burns,4.0,2.0,9.0,8,8,0,0,True,True,False,4.0,824530,4.0,824530,2.0,824534,2.0,824534,9.0,822917,9.0,822917
823880,2026-04-21,home,663978,Chris Paddack,4.0,4.0,6.0,7,8,0,0,True,True,False,4.0,824936,4.0,824936,4.0,824297,4.0,824297,6.0,823890,4.0,823566
823880,2026-04-21,away,669160,Dustin May,4.0,4.0,4.0,8,8,0,0,True,True,False,4.0,823071,4.0,823071,4.0,823076,4.0,823076,4.0,824295,4.0,824295
824290,2026-04-21,home,672456,Keider Montero,5.0,7.0,3.0,3,4,0,0,True,True,False,5.0,824289,5.0,824289,7.0,824297,7.0,824297,3.0,824296,3.0,824296
824290,2026-04-21,away,690986,Kyle Harrison,1.0,6.0,8.0,6,8,0,0,True,True,False,1.0,823805,1.0,823805,6.0,824131,6.0,824131,8.0,823809,8.0,823809
822747,2026-04-21,home,656492,Foster Griffin,7.0,1.0,6.0,7,7,0,0,True,True,False,7.0,823396,7.0,823396,1.0,823805,1.0,823805,6.0,822756,6.0,822756
822747,2026-04-21,away,625643,Reynaldo López,6.0,7.0,3.0,8,8,0,0,True,True,False,6.0,824935,6.0,824935,7.0,824051,7.0,824051,3.0,825105,3.0,825105
824773,2026-04-21,home,813349,Connelly Early,5.0,5.0,4.0,7,7,0,0,True,True,False,5.0,823722,5.0,823722,5.0,823076,5.0,823076,4.0,824782,4.0,824782
824773,2026-04-21,away,661563,Luis Gil,5.0,2.0,,6,6,0,0,True,True,False,5.0,823561,5.0,823561,2.0,822997,2.0,822997,7.0,831603,7.0,831603
823640,2026-04-21,home,690997,Nolan McLean,8.0,8.0,4.0,4,4,0,0,True,True,False,8.0,823965,8.0,823965,8.0,823645,8.0,823645,4.0,823240,4.0,823240
823640,2026-04-21,away,680573,Simeon Woods Richardson,3.0,2.0,4.0,8,7,0,0,True,True,False,3.0,823722,3.0,823722,2.0,822829,2.0,822829,4.0,823729,4.0,823729
824127,2026-04-21,home,663460,Kris Bubic,3.0,11.0,8.0,7,7,0,0,True,True,False,3.0,824289,3.0,824289,11.0,824128,11.0,824128,8.0,824131,8.0,824131
824127,2026-04-21,away,669358,Shane Baz,6.0,4.0,5.0,6,5,0,0,True,True,False,6.0,824453,6.0,824453,4.0,824858,5.0,823404,5.0,823404,4.0,824864
824690,2026-04-21,home,684007,Shota Imanaga,11.0,9.0,4.0,7,7,0,0,True,True,False,11.0,823477,11.0,823477,9.0,824695,9.0,824695,7.0,824700,7.0,824700
824690,2026-04-21,away,666200,Jesús Luzardo,4.0,8.0,11.0,8,8,0,0,True,True,False,4.0,823477,4.0,823477,8.0,823482,8.0,823482,11.0,824378,11.0,824378
822914,2026-04-21,home,677958,Kumar Rocker,6.0,5.0,3.0,4,6,0,0,True,True,False,6.0,825021,6.0,825021,5.0,823968,5.0,823968,3.0,822920,3.0,822920
822914,2026-04-21,away,669387,Carmen Mlodzinski,2.0,5.0,8.0,5,7,0,0,True,True,False,2.0,824695,5.0,823399,5.0,823404,2.0,824695,8.0,823647,5.0,823404
824369,2026-04-21,home,623474,Jimmy Herget,0.0,0.0,,2,16,0,0,True,True,False,0.0,823319,1.0,824371,0.0,831808,1.0,824208,,,0.0,823317
824369,2026-04-21,away,681190,Randy Vásquez,6.0,8.0,3.0,7,8,0,0,True,True,False,6.0,823314,6.0,823314,8.0,823319,8.0,823319,3.0,824782,3.0,824782
824045,2026-04-21,home,686799,Jack Kochanowicz,6.0,2.0,7.0,7,8,0,0,True,True,False,6.0,823561,6.0,823561,2.0,824534,2.0,824534,7.0,824054,7.0,824054
824045,2026-04-21,away,571578,Patrick Corbin,6.0,3.0,,2,2,0,0,True,True,False,6.0,823801,6.0,823801,3.0,822829,3.0,822829,,,,
823148,2026-04-21,home,622491,Luis Castillo,3.0,3.0,4.0,8,8,0,0,True,True,False,3.0,823313,3.0,823313,3.0,823155,3.0,823155,4.0,824053,4.0,824053
823148,2026-04-21,away,682052,Jacob Lopez,5.0,5.0,6.0,7,7,0,0,True,True,False,5.0,825023,5.0,825023,5.0,823644,5.0,823644,6.0,825025,6.0,825025
825099,2026-04-21,home,518876,Merrill Kelly,3.0,,,4,4,0,0,True,True,False,3.0,824853,3.0,824853,1.0,831885,1.0,831885,0.0,831932,0.0,831932
825099,2026-04-21,away,680732,Sean Burke,2.0,3.0,5.0,6,6,0,0,True,True,False,2.0,824615,2.0,824615,3.0,824617,3.0,824617,5.0,823811,5.0,823811
823236,2026-04-21,home,694738,Landen Roupp,6.0,4.0,7.0,9,8,0,0,True,True,False,6.0,824530,6.0,824530,4.0,824858,7.0,823239,7.0,823239,7.0,823320
823236,2026-04-21,away,808967,Yoshinobu Yamamoto,7.0,6.0,2.0,4,4,0,0,True,True,False,7.0,823965,7.0,823965,6.0,822831,6.0,822831,6.0,823974,6.0,823974
823878,2026-04-22,home,676083,Janson Junk,3.0,4.0,3.0,6,8,0,0,True,True,False,3.0,823883,3.0,823883,4.0,824294,4.0,824294,3.0,823886,3.0,823886
823878,2026-04-22,away,681517,Kyle Leahy,6.0,2.0,4.0,8,7,0,0,True,True,False,6.0,824207,6.0,824207,2.0,823074,2.0,823074,4.0,824296,4.0,824296
824449,2026-04-22,home,676440,Tanner Bibee,5.0,4.0,3.0,9,8,0,0,True,True,False,5.0,824454,5.0,824454,4.0,824938,3.0,824456,3.0,824456,4.0,823969
824449,2026-04-22,away,663567,Peter Lambert,8.0,,,2,4,0,0,True,True,False,8.0,824207,8.0,824207,1.0,831500,1.0,831500,,,3.0,831508
822993,2026-04-22,home,607259,Nick Martinez,3.0,4.0,4.0,7,7,0,0,True,True,False,3.0,823397,3.0,823397,4.0,822996,4.0,822996,4.0,823729,4.0,823729
822993,2026-04-22,away,682227,Brandon Williamson,2.0,3.0,4.0,7,8,0,0,True,True,False,2.0,823720,2.0,823720,3.0,824535,3.0,824535,4.0,823886,4.0,823886
824123,2026-04-22,home,608379,Michael Wacha,6.0,7.0,3.0,7,8,0,0,True,True,False,6.0,823559,6.0,823559,7.0,824129,7.0,824129,3.0,824456,3.0,824456
824123,2026-04-22,away,605135,Chris Bassitt,2.0,2.0,0.0,7,9,0,0,True,True,False,2.0,824454,2.0,824454,2.0,824857,2.0,824857,0.0,823405,0.0,823405
824044,2026-04-22,home,667755,José Soriano,8.0,10.0,10.0,5,6,0,0,True,True,False,10.0,824533,8.0,824048,4.0,824699,10.0,824533,7.0,824218,4.0,824699
824044,2026-04-22,away,641778,Eric Lauer,3.0,0.0,9.0,5,6,0,0,True,True,False,3.0,822830,4.0,825101,0.0,824620,3.0,822830,9.0,822837,0.0,824620
823147,2026-04-22,home,669302,Logan Gilbert,7.0,7.0,5.0,8,8,0,0,True,True,False,7.0,823152,7.0,823152,7.0,823154,7.0,823154,5.0,822918,5.0,822918
823147,2026-04-22,away,650644,Aaron Civale,4.0,3.0,6.0,8,8,0,0,True,True,False,4.0,825019,4.0,825019,3.0,823642,3.0,823642,6.0,823567,6.0,823567
824286,2026-04-22,home,663554,Casey Mize,7.0,5.0,4.0,7,9,0,0,True,True,False,7.0,824778,7.0,824778,5.0,824294,5.0,824294,4.0,823728,4.0,823728
824286,2026-04-22,away,669084,DL Hall,1.0,1.0,0.0,2,14,0,0,True,True,False,2.0,831791,1.0,823881,2.0,831855,1.0,823883,,,0.0,823803
822748,2026-04-22,home,641793,Zack Littell,4.0,3.0,6.0,5,6,0,0,True,True,False,4.0,822752,4.0,822752,3.0,823804,3.0,823804,6.0,822755,6.0,822755
822748,2026-04-22,away,800311,Didier Fuentes,4.0,,,2,5,0,0,True,True,False,1.0,831447,4.0,824944,5.0,831563,1.0,831447,,,8.0,831453
824774,2026-04-22,home,624133,Ranger Suarez,4.0,6.0,2.0,6,6,0,0,True,True,False,4.0,824778,4.0,824778,6.0,823074,6.0,823074,2.0,824781,2.0,824781
824774,2026-04-22,away,608331,Max Fried,3.0,6.0,4.0,9,9,0,0,True,True,False,3.0,823560,3.0,823560,6.0,822996,6.0,822996,4.0,823566,4.0,823566
823641,2026-04-22,home,605280,Clay Holmes,4.0,3.0,4.0,5,5,0,0,True,True,False,4.0,823963,4.0,823963,3.0,823643,3.0,823643,4.0,823239,4.0,823239
823641,2026-04-22,away,687570,Connor Prielipp,,,,0,2,0,0,True,True,False,,,2.0,831630,,,2.0,831531,,,,
824688,2026-04-22,home,571510,Matthew Boyd,10.0,7.0,,2,3,0,0,True,True,False,7.0,824704,7.0,824704,5.0,831902,5.0,831902,,,4.0,831720
824688,2026-04-22,away,679775,Kyle Backhus,1.0,1.0,3.0,0,12,0,0,True,True,False,,,1.0,823475,,,3.0,823477,,,2.0,824379
822913,2026-04-22,home,683004,Jack Leiter,3.0,4.0,9.0,7,7,0,0,True,True,False,3.0,825023,3.0,825023,4.0,823967,4.0,823967,9.0,822917,9.0,822917
822913,2026-04-22,away,677952,Braxton Ashcraft,7.0,9.0,8.0,6,6,0,0,True,True,False,7.0,823396,7.0,823396,9.0,824697,9.0,824697,8.0,823405,8.0,823405
824367,2026-04-22,home,608372,Tomoyuki Sugano,3.0,3.0,5.0,6,6,0,0,True,True,False,3.0,824373,3.0,824373,3.0,823318,3.0,823318,5.0,824379,5.0,824379
824367,2026-04-22,away,621111,Walker Buehler,7.0,4.0,4.0,8,8,0,0,True,True,False,7.0,823313,7.0,823313,4.0,823318,4.0,823318,4.0,824781,4.0,824781
825097,2026-04-22,home,593958,Eduardo Rodriguez,3.0,3.0,3.0,5,5,0,0,True,True,False,3.0,824855,3.0,824855,3.0,823645,3.0,823645,3.0,825103,3.0,825103
825097,2026-04-22,away,641743,Anthony Kay,6.0,5.0,,7,9,0,0,True,True,False,6.0,824130,1.0,824614,5.0,823810,6.0,824130,4.0,831915,0.0,824622
823231,2026-04-22,home,641816,Tyler Mahle,6.0,6.0,4.0,8,8,0,0,True,True,False,6.0,824532,6.0,824532,6.0,823234,6.0,823234,4.0,823240,4.0,823240
823231,2026-04-22,away,660271,Shohei Ohtani,10.0,2.0,6.0,5,5,0,0,True,True,False,10.0,823963,10.0,823963,2.0,822833,2.0,822833,6.0,823969,6.0,823969
822745,2026-04-23,home,676917,Cade Cavalli,5.0,2.0,3.0,8,8,0,0,True,True,False,5.0,822751,5.0,822751,2.0,823400,2.0,823400,3.0,822754,3.0,822754
822745,2026-04-23,away,702275,JR Ritchie,,,,1,2,0,0,True,True,False,2.0,831513,6.0,831458,,,2.0,831513,,,,
824288,2026-04-23,home,669373,Tarik Skubal,10.0,7.0,7.0,7,7,0,0,True,True,False,10.0,824775,10.0,824775,7.0,824293,7.0,824293,7.0,823727,7.0,823727
824288,2026-04-23,away,687075,Brandon Sproat,6.0,3.0,,4,6,0,0,True,True,False,6.0,823801,6.0,823801,3.0,823810,3.0,823805,5.0,832077,3.0,823810
824689,2026-04-23,home,665795,Edward Cabrera,4.0,4.0,4.0,8,8,0,0,True,True,False,4.0,824693,4.0,824693,4.0,824697,4.0,824697,4.0,824459,4.0,824459
824689,2026-04-23,away,650911,Cristopher Sánchez,8.0,8.0,6.0,6,6,0,0,True,True,False,8.0,823474,8.0,823474,8.0,823481,8.0,823481,6.0,823235,6.0,823235
824368,2026-04-23,home,663372,Ryan Feltner,5.0,4.0,1.0,6,7,0,0,True,True,False,5.0,824372,5.0,824372,4.0,823316,4.0,823316,4.0,822836,4.0,822836
824368,2026-04-23,away,663362,Matt Waldron,4.0,,,0,3,0,0,True,True,False,,,4.0,824048,,,4.0,831947,,,2.0,831769
825096,2026-04-23,home,647336,Michael Soroka,5.0,10.0,3.0,7,7,0,0,True,True,False,5.0,825101,5.0,825101,10.0,823482,10.0,823482,3.0,825104,3.0,825104
825096,2026-04-23,away,663436,Davis Martin,4.0,3.0,6.0,7,8,0,0,True,True,False,4.0,825019,4.0,825019,3.0,824128,3.0,824128,6.0,824620,6.0,824620
823233,2026-04-23,home,657277,Logan Webb,6.0,6.0,3.0,7,7,0,0,True,True,False,6.0,822752,6.0,822752,6.0,824857,6.0,824857,3.0,823238,3.0,823238
823233,2026-04-23,away,607192,Tyler Glasnow,7.0,7.0,9.0,8,8,0,0,True,True,False,7.0,824373,7.0,824373,7.0,823968,7.0,823968,9.0,822757,9.0,822757
824770,2026-04-23,home,801139,Payton Tolle,,,,0,2,0,0,True,True,False,,,5.0,831504,,,7.0,831634,,,,
824770,2026-04-23,away,693645,Cam Schlittler,6.0,8.0,7.0,7,7,0,0,True,True,False,6.0,823559,6.0,823559,8.0,822998,8.0,822998,7.0,823567,7.0,823567
823639,2026-04-23,home,681035,Christian Scott,,,,0,3,0,0,True,True,False,,,4.0,831457,,,4.0,831473,,,5.0,831431
823639,2026-04-23,away,657746,Joe Ryan,6.0,5.0,7.0,7,7,0,0,True,True,False,6.0,823720,6.0,823720,5.0,822830,5.0,822830,7.0,823728,7.0,823728
822912,2026-04-23,home,594798,Jacob deGrom,3.0,9.0,6.0,6,6,0,0,True,True,False,3.0,823152,3.0,823152,9.0,823966,9.0,823966,6.0,822918,6.0,822918
822912,2026-04-23,away,696149,Bubba Chandler,3.0,4.0,4.0,6,6,0,0,True,True,False,3.0,823397,3.0,823397,4.0,824696,4.0,824696,4.0,823401,4.0,823401
824529,2026-04-24,home,671096,Andrew Abbott,3.0,1.0,2.0,10,10,0,0,True,True,False,3.0,823721,3.0,823721,1.0,824533,1.0,824533,2.0,823887,2.0,823887
824529,2026-04-24,away,664285,Framber Valdez,7.0,1.0,2.0,9,9,0,0,True,True,False,7.0,824777,7.0,824777,1.0,824292,1.0,824292,2.0,823726,2.0,823726
824854,2026-04-24,home,687064,Brandon Young,2.0,,,0,0,0,0,True,True,False,,,,,,,,,,,,
824854,2026-04-24,away,678394,Brayan Bello,4.0,2.0,5.0,7,7,0,0,True,True,False,4.0,824775,4.0,824775,2.0,823075,2.0,823075,5.0,824783,5.0,824783
822827,2026-04-24,home,453286,Max Scherzer,1.0,3.0,2.0,7,7,0,0,True,True,False,1.0,825098,1.0,825098,3.0,822828,3.0,822828,2.0,822832,2.0,822832
822827,2026-04-24,away,668909,Gavin Williams,11.0,4.0,8.0,8,7,0,0,True,True,False,11.0,824451,11.0,824451,4.0,823073,8.0,824457,8.0,824457,7.0,823162
823638,2026-04-24,home,642547,Freddy Peralta,3.0,6.0,5.0,6,6,0,0,True,True,False,3.0,824694,3.0,824694,6.0,823642,6.0,823642,5.0,823648,5.0,823648
823638,2026-04-24,away,547179,Michael Lorenzen,3.0,3.0,4.0,7,8,0,0,True,True,False,3.0,824371,3.0,824371,3.0,824210,3.0,824210,4.0,824374,0.0,823316
822992,2026-04-24,home,656876,Drew Rasmussen,3.0,7.0,8.0,6,6,0,0,True,True,False,3.0,823394,3.0,823394,7.0,822998,7.0,822998,2.0,823081,2.0,823081
822992,2026-04-24,away,671737,Taj Bradley,5.0,7.0,10.0,8,8,0,0,True,True,False,5.0,823721,5.0,823721,7.0,822828,7.0,822828,10.0,823727,10.0,823727
824932,2026-04-24,home,656550,Grant Holmes,4.0,3.0,6.0,9,9,0,0,True,True,False,4.0,823475,4.0,823475,3.0,824937,3.0,824937,6.0,824050,6.0,824050
824932,2026-04-24,away,691725,Andrew Painter,4.0,1.0,8.0,6,7,0,0,True,True,False,4.0,823475,4.0,823475,8.0,823485,7.0,823479,3.0,831453,8.0,823485
824124,2026-04-24,home,702070,Noah Cameron,3.0,4.0,5.0,5,7,0,0,True,True,False,3.0,823558,3.0,823558,5.0,824457,4.0,824126,4.0,831846,5.0,824457
824124,2026-04-24,away,579328,Yusei Kikuchi,8.0,3.0,8.0,5,5,0,0,True,True,False,8.0,824049,8.0,824049,3.0,823563,3.0,823563,8.0,824051,8.0,824051
824611,2026-04-24,home,663542,Bryan Hudson,2.0,1.0,2.0,0,15,0,0,True,True,False,,,2.0,825097,,,1.0,825018,,,2.0,825020
824611,2026-04-24,away,676571,PJ Poulin,0.0,1.0,1.0,4,20,0,0,True,True,False,0.0,822750,0.0,822749,1.0,823398,0.0,822750,1.0,823485,1.0,822752
823800,2026-04-24,home,605540,Brandon Woodruff,4.0,6.0,4.0,6,6,0,0,True,True,False,4.0,823882,4.0,823882,6.0,823804,6.0,823804,4.0,824783,4.0,824783
823800,2026-04-24,away,694973,Paul Skenes,5.0,6.0,6.0,7,7,0,0,True,True,False,5.0,823394,5.0,823394,6.0,823400,6.0,823400,6.0,823402,6.0,823402
822909,2026-04-24,home,543135,Nathan Eovaldi,3.0,7.0,7.0,7,7,0,0,True,True,False,3.0,823151,3.0,823151,7.0,822916,7.0,822916,5.0,824860,5.0,824860
822909,2026-04-24,away,622663,Luis Severino,3.0,7.0,7.0,6,6,0,0,True,True,False,3.0,825020,3.0,825020,7.0,823564,7.0,823564,7.0,824940,7.0,824940
824204,2026-04-24,home,621121,Lance McCullers Jr.,4.0,4.0,4.0,7,7,0,0,True,True,False,4.0,824206,4.0,824206,4.0,823155,4.0,823155,4.0,825025,4.0,825025
824204,2026-04-24,away,701542,Will Warren,11.0,6.0,5.0,10,10,0,0,True,True,False,11.0,823558,11.0,823558,6.0,823563,6.0,823563,5.0,823564,5.0,823564
823069,2026-04-24,home,669467,Andre Pallante,5.0,2.0,2.0,7,6,0,0,True,True,False,5.0,824206,5.0,824206,2.0,823075,2.0,823075,2.0,822755,2.0,822755
823069,2026-04-24,away,669923,George Kirby,5.0,6.0,4.0,7,7,0,0,True,True,False,5.0,823151,5.0,823151,6.0,823153,6.0,823153,4.0,822916,4.0,822916
823962,2026-04-24,home,686218,Emmet Sheehan,4.0,6.0,2.0,7,8,0,0,True,True,False,4.0,824372,4.0,824372,6.0,823967,6.0,823967,2.0,822758,2.0,822758
823962,2026-04-24,away,592791,Jameson Taillon,4.0,10.0,4.0,7,7,0,0,True,True,False,4.0,824694,4.0,824694,10.0,824696,10.0,824696,4.0,823002,4.0,823002
823232,2026-04-24,home,605288,Adrian Houser,1.0,3.0,3.0,5,5,0,0,True,True,False,1.0,822751,1.0,822751,3.0,824859,3.0,824859,5.0,831835,5.0,831835
823232,2026-04-24,away,645261,Sandy Alcantara,1.0,4.0,6.0,8,8,0,0,True,True,False,1.0,823882,1.0,823882,4.0,824293,4.0,824293,6.0,823887,6.0,823887
824851,2026-04-25,home,669432,Trevor Rogers,5.0,6.0,6.0,8,8,0,0,True,True,False,5.0,824452,5.0,824452,6.0,824853,6.0,824853,6.0,824618,6.0,824618
824851,2026-04-25,away,676979,Garrett Crochet,8.0,0.0,7.0,7,7,0,0,True,True,False,8.0,824777,8.0,824777,0.0,823725,0.0,823725,7.0,824780,7.0,824780
823070,2026-04-25,home,669461,Matthew Liberatore,4.0,2.0,6.0,7,6,0,0,True,True,False,4.0,824205,4.0,824205,2.0,823073,6.0,822754,6.0,822754,2.0,823081
823070,2026-04-25,away,693433,Bryan Woo,6.0,3.0,2.0,8,8,0,0,True,True,False,6.0,823150,6.0,823150,3.0,823315,3.0,823315,2.0,822915,2.0,822915
822826,2026-04-25,home,592332,Kevin Gausman,4.0,5.0,5.0,8,8,0,0,True,True,False,4.0,825100,4.0,825100,5.0,823802,5.0,823802,5.0,822831,5.0,822831
822826,2026-04-25,away,676282,Joey Cantillo,6.0,4.0,9.0,8,9,0,0,True,True,False,6.0,824452,6.0,824452,4.0,823072,4.0,823072,9.0,824455,9.0,824455
823229,2026-04-25,home,592662,Robbie Ray,7.0,6.0,7.0,9,9,0,0,True,True,False,7.0,822750,7.0,822750,6.0,824531,6.0,824531,7.0,823235,7.0,823235
823229,2026-04-25,away,691587,Eury Pérez,7.0,2.0,6.0,7,8,0,0,True,True,False,2.0,824937,7.0,823881,6.0,823885,2.0,824937,4.0,823568,6.0,823885
822989,2026-04-25,home,663556,Shane McClanahan,5.0,4.0,5.0,8,8,0,0,True,True,False,5.0,823393,5.0,823393,4.0,824616,4.0,824616,5.0,823002,5.0,823002
822989,2026-04-25,away,641927,Bailey Ober,10.0,7.0,2.0,9,9,0,0,True,True,False,10.0,823718,10.0,823718,7.0,823725,7.0,823725,2.0,823726,2.0,823726
824613,2026-04-25,home,702273,Noah Schultz,6.0,4.0,,2,3,0,0,True,True,False,6.0,825018,6.0,825018,4.0,824616,4.0,824616,,,2.0,831919
824613,2026-04-25,away,663623,Jake Irvin,4.0,5.0,5.0,7,7,0,0,True,True,False,4.0,822749,4.0,822749,5.0,823399,5.0,823399,5.0,823808,5.0,823808
825093,2026-04-25,home,668678,Zac Gallen,3.0,2.0,5.0,8,8,0,0,True,True,False,3.0,825098,3.0,825098,2.0,823479,2.0,823479,5.0,823648,5.0,823648
825093,2026-04-25,away,608566,Germán Márquez,5.0,5.0,4.0,8,9,0,0,True,True,False,5.0,824049,5.0,824049,5.0,823316,5.0,823316,4.0,823401,4.0,823401
822910,2026-04-25,home,669022,MacKenzie Gore,5.0,5.0,9.0,8,8,0,0,True,True,False,5.0,823150,5.0,823150,5.0,825022,5.0,825022,9.0,822915,9.0,822915
822910,2026-04-25,away,605488,Jeffrey Springs,7.0,5.0,6.0,9,9,0,0,True,True,False,7.0,825018,7.0,825018,5.0,825022,5.0,825022,6.0,823565,6.0,823565
824121,2026-04-25,home,666142,Cole Ragans,6.0,1.0,2.0,9,9,0,0,True,True,False,6.0,823556,6.0,823556,1.0,824292,1.0,824292,2.0,824455,2.0,824455
824121,2026-04-25,away,700712,Walbert Ureña,8.0,,,2,8,0,0,True,True,False,8.0,824047,8.0,824047,4.0,831747,1.0,824213,,,1.0,824218
824203,2026-04-25,home,681347,Mike Burrows,7.0,3.0,3.0,7,7,0,0,True,True,False,7.0,824205,7.0,824205,3.0,823153,3.0,823153,3.0,824375,3.0,824375
824203,2026-04-25,away,677960,Ryan Weathers,8.0,10.0,7.0,8,9,0,0,True,True,False,8.0,823556,8.0,823556,10.0,823562,10.0,823562,7.0,823565,7.0,823565
823799,2026-04-25,home,694819,Jacob Misiorowski,9.0,5.0,10.0,6,8,0,0,True,True,False,5.0,823802,9.0,823881,10.0,824780,5.0,823802,11.0,823812,10.0,824780
823799,2026-04-25,away,656605,Mitch Keller,5.0,3.0,4.0,8,8,0,0,True,True,False,5.0,823393,5.0,823393,3.0,823398,3.0,823398,4.0,823403,4.0,823403
824527,2026-04-25,home,663903,Brady Singer,2.0,1.0,3.0,10,10,0,0,True,True,False,2.0,823718,2.0,823718,1.0,824531,1.0,824531,3.0,823885,3.0,823885
824527,2026-04-25,away,656427,Jack Flaherty,3.0,7.0,6.0,8,8,0,0,True,True,False,3.0,824776,3.0,824776,7.0,824291,7.0,824291,6.0,823724,6.0,823724
823960,2026-04-25,home,808963,Roki Sasaki,2.0,6.0,5.0,7,7,0,0,True,True,False,2.0,824371,2.0,824371,6.0,823966,6.0,823966,5.0,822756,5.0,822756
823960,2026-04-25,away,607067,Colin Rea,5.0,2.0,,4,8,0,0,True,True,False,2.0,823000,5.0,823478,4.0,831923,2.0,823000,1.0,831849,4.0,824458
824933,2026-04-25,home,693821,Bryce Elder,6.0,7.0,3.0,8,8,0,0,True,True,False,6.0,822749,6.0,822749,7.0,824936,7.0,824936,3.0,824941,3.0,824941
824933,2026-04-25,away,554430,Zack Wheeler,,,,0,0,0,0,True,True,False,,,,,,,,,,,,
