game_id,game_date,snapshot_home_pitcher_name,linescore_defense_pitcher_id,independent_pitcher_id,independent_pitcher_name,home_team,snapshot_captured_at,scheduled_start,snapshot_status,minutes_before_scheduled_start,validation_result,reason,identity_id_agreement,identity_name_agreement,source_type,endpoint,source_queried_at,source_has_pregame_as_of_timestamp
"822696","2026-08-13","Cade Cavalli","676917","676917","Cade Cavalli","Washington Nationals","2026-08-13T18:42:08.203Z","2026-08-13T20:05:00.000Z","Pre-Game","82.863283","NOT_VERIFIABLE","ID y nombre coinciden con MLB teams.home.probablePitcher, pero la respuesta consultada después del juego no incluye timestamp ni versión as-of anterior al inicio","true","true","MLB Stats API probablePitcher","https://statsapi.mlb.com/api/v1/schedule?sportId=1&date=2026-08-13&hydrate=probablePitcher,team","2026-08-27T01:34:10.621Z","false"
"822702","2026-07-29","Zack Littell","641793","641793","Zack Littell","Washington Nationals","2026-07-29T14:55:43.755Z","2026-07-29T17:05:00.000Z","Pre-Game","129.27075","NOT_VERIFIABLE","ID y nombre coinciden con MLB teams.home.probablePitcher, pero la respuesta consultada después del juego no incluye timestamp ni versión as-of anterior al inicio","true","true","MLB Stats API probablePitcher","https://statsapi.mlb.com/api/v1/schedule?sportId=1&date=2026-07-29&hydrate=probablePitcher,team","2026-08-27T01:34:10.621Z","false"
"822707","2026-07-24","Carson Palmquist","687223","687223","Carson Palmquist","Washington Nationals","2026-07-24T19:48:59.280Z","2026-07-24T22:45:00.000Z","Pre-Game","176.012","NOT_VERIFIABLE","ID y nombre coinciden con MLB teams.home.probablePitcher, pero la respuesta consultada después del juego no incluye timestamp ni versión as-of anterior al inicio","true","true","MLB Stats API probablePitcher","https://statsapi.mlb.com/api/v1/schedule?sportId=1&date=2026-07-24&hydrate=probablePitcher,team","2026-08-27T01:34:10.621Z","false"
"822708","2026-07-12","Cade Cavalli","676917","676917","Cade Cavalli","Washington Nationals","2026-07-12T16:55:47.763Z","2026-07-12T17:35:00.000Z","Pre-Game","39.20395","NOT_VERIFIABLE","ID y nombre coinciden con MLB teams.home.probablePitcher, pero la respuesta consultada después del juego no incluye timestamp ni versión as-of anterior al inicio","true","true","MLB Stats API probablePitcher","https://statsapi.mlb.com/api/v1/schedule?sportId=1&date=2026-07-12&hydrate=probablePitcher,team","2026-08-27T01:34:10.621Z","false"
"822709","2026-07-10","Carson Palmquist","687223","687223","Carson Palmquist","Washington Nationals","2026-07-10T20:34:16.882Z","2026-07-10T22:45:00.000Z","Pre-Game","130.718633","NOT_VERIFIABLE","ID y nombre coinciden con MLB teams.home.probablePitcher, pero la respuesta consultada después del juego no incluye timestamp ni versión as-of anterior al inicio","true","true","MLB Stats API probablePitcher","https://statsapi.mlb.com/api/v1/schedule?sportId=1&date=2026-07-10&hydrate=probablePitcher,team","2026-08-27T01:34:10.621Z","false"
"822710","2026-07-08","Foster Griffin","656492","656492","Foster Griffin","Washington Nationals","2026-07-08T20:22:02.343Z","2026-07-08T22:45:00.000Z","Pre-Game","142.96095","NOT_VERIFIABLE","ID y nombre coinciden con MLB teams.home.probablePitcher, pero la respuesta consultada después del juego no incluye timestamp ni versión as-of anterior al inicio","true","true","MLB Stats API probablePitcher","https://statsapi.mlb.com/api/v1/schedule?sportId=1&date=2026-07-08&hydrate=probablePitcher,team","2026-08-27T01:34:10.621Z","false"
"822712","2026-07-06","Miles Mikolas","571945","571945","Miles Mikolas","Washington Nationals","2026-07-06T22:27:30.388Z","2026-07-06T22:45:00.000Z","Warmup","17.493533","NOT_VERIFIABLE","ID y nombre coinciden con MLB teams.home.probablePitcher, pero la respuesta consultada después del juego no incluye timestamp ni versión as-of anterior al inicio","true","true","MLB Stats API probablePitcher","https://statsapi.mlb.com/api/v1/schedule?sportId=1&date=2026-07-06&hydrate=probablePitcher,team","2026-08-27T01:34:10.621Z","false"
"822713","2026-07-07","Andrew Alvarez","674841","674841","Andrew Alvarez","Washington Nationals","2026-07-07T21:48:01.396Z","2026-07-07T22:45:00.000Z","Pre-Game","56.976733","NOT_VERIFIABLE","ID y nombre coinciden con MLB teams.home.probablePitcher, pero la respuesta consultada después del juego no incluye timestamp ni versión as-of anterior al inicio","true","true","MLB Stats API probablePitcher","https://statsapi.mlb.com/api/v1/schedule?sportId=1&date=2026-07-07&hydrate=probablePitcher,team","2026-08-27T01:34:10.621Z","false"
"822714","2026-07-03","Foster Griffin","656492","656492","Foster Griffin","Washington Nationals","2026-07-03T22:10:18.475Z","2026-07-03T22:45:00.000Z","Pre-Game","34.692083","NOT_VERIFIABLE","ID y nombre coinciden con MLB teams.home.probablePitcher, pero la respuesta consultada después del juego no incluye timestamp ni versión as-of anterior al inicio","true","true","MLB Stats API probablePitcher","https://statsapi.mlb.com/api/v1/schedule?sportId=1&date=2026-07-03&hydrate=probablePitcher,team","2026-08-27T01:34:10.621Z","false"
"822716","2026-07-04","Carson Palmquist","687223","687223","Carson Palmquist","Washington Nationals","2026-07-04T14:39:47.382Z","2026-07-04T15:05:00.000Z","Warmup","25.2103","NOT_VERIFIABLE","ID y nombre coinciden con MLB teams.home.probablePitcher, pero la respuesta consultada después del juego no incluye timestamp ni versión as-of anterior al inicio","true","true","MLB Stats API probablePitcher","https://statsapi.mlb.com/api/v1/schedule?sportId=1&date=2026-07-04&hydrate=probablePitcher,team","2026-08-27T01:34:10.621Z","false"
"822717","2026-06-25","Cade Cavalli","676917","676917","Cade Cavalli","Washington Nationals","2026-06-25T20:14:30.015Z","2026-06-25T22:45:00.000Z","Pre-Game","150.49975","NOT_VERIFIABLE","ID y nombre coinciden con MLB teams.home.probablePitcher, pero la respuesta consultada después del juego no incluye timestamp ni versión as-of anterior al inicio","true","true","MLB Stats API probablePitcher","https://statsapi.mlb.com/api/v1/schedule?sportId=1&date=2026-06-25&hydrate=probablePitcher,team","2026-08-27T01:34:10.621Z","false"
"822718","2026-06-23","PJ Poulin","676571","676571","PJ Poulin","Washington Nationals","2026-06-23T21:41:55.279Z","2026-06-23T22:45:00.000Z","Pre-Game","63.078683","NOT_VERIFIABLE","ID y nombre coinciden con MLB teams.home.probablePitcher, pero la respuesta consultada después del juego no incluye timestamp ni versión as-of anterior al inicio","true","true","MLB Stats API probablePitcher","https://statsapi.mlb.com/api/v1/schedule?sportId=1&date=2026-06-23&hydrate=probablePitcher,team","2026-08-27T01:34:10.621Z","false"
"822719","2026-06-24","Carson Palmquist","687223","687223","Carson Palmquist","Washington Nationals","2026-06-24T21:17:11.177Z","2026-06-24T22:45:00.000Z","Pre-Game","87.813717","NOT_VERIFIABLE","ID y nombre coinciden con MLB teams.home.probablePitcher, pero la respuesta consultada después del juego no incluye timestamp ni versión as-of anterior al inicio","true","true","MLB Stats API probablePitcher","https://statsapi.mlb.com/api/v1/schedule?sportId=1&date=2026-06-24&hydrate=probablePitcher,team","2026-08-27T01:34:10.621Z","false"
"822776","2026-08-13","Max Scherzer","453286","453286","Max Scherzer","Toronto Blue Jays","2026-08-13T18:42:05.020Z","2026-08-13T19:07:00.000Z","Pre-Game","24.916333","NOT_VERIFIABLE","ID y nombre coinciden con MLB teams.home.probablePitcher, pero la respuesta consultada después del juego no incluye timestamp ni versión as-of anterior al inicio","true","true","MLB Stats API probablePitcher","https://statsapi.mlb.com/api/v1/schedule?sportId=1&date=2026-08-13&hydrate=probablePitcher,team","2026-08-27T01:34:10.621Z","false"
"822785","2026-07-23","Shane Bieber","669456","669456","Shane Bieber","Toronto Blue Jays","2026-07-23T17:27:16.655Z","2026-07-23T19:07:00.000Z","Pre-Game","99.722417","NOT_VERIFIABLE","ID y nombre coinciden con MLB teams.home.probablePitcher, pero la respuesta consultada después del juego no incluye timestamp ni versión as-of anterior al inicio","true","true","MLB Stats API probablePitcher","https://statsapi.mlb.com/api/v1/schedule?sportId=1&date=2026-07-23&hydrate=probablePitcher,team","2026-08-27T01:34:10.621Z","false"
"822787","2026-07-21","Kevin Gausman","592332","592332","Kevin Gausman","Toronto Blue Jays","2026-07-21T22:26:27.685Z","2026-07-21T23:07:00.000Z","Pre-Game","40.538583","NOT_VERIFIABLE","ID y nombre coinciden con MLB teams.home.probablePitcher, pero la respuesta consultada después del juego no incluye timestamp ni versión as-of anterior al inicio","true","true","MLB Stats API probablePitcher","https://statsapi.mlb.com/api/v1/schedule?sportId=1&date=2026-07-21&hydrate=probablePitcher,team","2026-08-27T01:34:10.621Z","false"
"822789","2026-07-17","Spencer Miles","693686","693686","Spencer Miles","Toronto Blue Jays","2026-07-17T23:14:17.701Z","2026-07-17T23:15:00.000Z","Warmup","0.704983","NOT_VERIFIABLE","ID y nombre coinciden con MLB teams.home.probablePitcher, pero la respuesta consultada después del juego no incluye timestamp ni versión as-of anterior al inicio","true","true","MLB Stats API probablePitcher","https://statsapi.mlb.com/api/v1/schedule?sportId=1&date=2026-07-17&hydrate=probablePitcher,team","2026-08-27T01:34:10.621Z","false"
"822792","2026-06-29","Trey Yesavage","702056","702056","Trey Yesavage","Toronto Blue Jays","2026-06-29T22:55:06.600Z","2026-06-29T23:07:00.000Z","Warmup","11.89","NOT_VERIFIABLE","ID y nombre coinciden con MLB teams.home.probablePitcher, pero la respuesta consultada después del juego no incluye timestamp ni versión as-of anterior al inicio","true","true","MLB Stats API probablePitcher","https://statsapi.mlb.com/api/v1/schedule?sportId=1&date=2026-06-29&hydrate=probablePitcher,team","2026-08-27T01:34:10.621Z","false"
"822793","2026-06-30","Kevin Gausman","592332","592332","Kevin Gausman","Toronto Blue Jays","2026-06-30T23:05:32.702Z","2026-06-30T23:07:00.000Z","Warmup","1.454967","NOT_VERIFIABLE","ID y nombre coinciden con MLB teams.home.probablePitcher, pero la respuesta consultada después del juego no incluye timestamp ni versión as-of anterior al inicio","true","true","MLB Stats API probablePitcher","https://statsapi.mlb.com/api/v1/schedule?sportId=1&date=2026-06-30&hydrate=probablePitcher,team","2026-08-27T01:34:10.621Z","false"
"822795","2026-06-28","Shane Bieber","669456","669456","Shane Bieber","Toronto Blue Jays","2026-06-28T17:24:58.386Z","2026-06-28T17:37:00.000Z","Warmup","12.0269","NOT_VERIFIABLE","ID y nombre coinciden con MLB teams.home.probablePitcher, pero la respuesta consultada después del juego no incluye timestamp ni versión as-of anterior al inicio","true","true","MLB Stats API probablePitcher","https://statsapi.mlb.com/api/v1/schedule?sportId=1&date=2026-06-28&hydrate=probablePitcher,team","2026-08-27T01:34:10.621Z","false"
"822796","2026-06-26","Patrick Corbin","571578","571578","Patrick Corbin","Toronto Blue Jays","2026-06-26T23:01:17.077Z","2026-06-26T23:07:00.000Z","Warmup","5.715383","NOT_VERIFIABLE","ID y nombre coinciden con MLB teams.home.probablePitcher, pero la respuesta consultada después del juego no incluye timestamp ni versión as-of anterior al inicio","true","true","MLB Stats API probablePitcher","https://statsapi.mlb.com/api/v1/schedule?sportId=1&date=2026-06-26&hydrate=probablePitcher,team","2026-08-27T01:34:10.621Z","false"
"822797","2026-06-25","Kevin Gausman","592332","592332","Kevin Gausman","Toronto Blue Jays","2026-06-25T20:14:34.527Z","2026-06-25T23:07:00.000Z","Pre-Game","172.42455","NOT_VERIFIABLE","ID y nombre coinciden con MLB teams.home.probablePitcher, pero la respuesta consultada después del juego no incluye timestamp ni versión as-of anterior al inicio","true","true","MLB Stats API probablePitcher","https://statsapi.mlb.com/api/v1/schedule?sportId=1&date=2026-06-25&hydrate=probablePitcher,team","2026-08-27T01:34:10.621Z","false"
"822798","2026-06-24","Trey Yesavage","702056","702056","Trey Yesavage","Toronto Blue Jays","2026-06-24T21:17:14.600Z","2026-06-24T23:07:00.000Z","Pre-Game","109.756667","NOT_VERIFIABLE","ID y nombre coinciden con MLB teams.home.probablePitcher, pero la respuesta consultada después del juego no incluye timestamp ni versión as-of anterior al inicio","true","true","MLB Stats API probablePitcher","https://statsapi.mlb.com/api/v1/schedule?sportId=1&date=2026-06-24&hydrate=probablePitcher,team","2026-08-27T01:34:10.621Z","false"
"822871","2026-07-21","Kumar Rocker","677958","677958","Kumar Rocker","Texas Rangers","2026-07-21T22:26:32.606Z","2026-07-22T00:05:00.000Z","Pre-Game","98.456567","NOT_VERIFIABLE","ID y nombre coinciden con MLB teams.home.probablePitcher, pero la respuesta consultada después del juego no incluye timestamp ni versión as-of anterior al inicio","true","true","MLB Stats API probablePitcher","https://statsapi.mlb.com/api/v1/schedule?sportId=1&date=2026-07-21&hydrate=probablePitcher,team","2026-08-27T01:34:10.621Z","false"
"822875","2026-07-11","Kumar Rocker","677958","677958","Kumar Rocker","Texas Rangers","2026-07-11T21:45:38.221Z","2026-07-11T23:05:00.000Z","Pre-Game","79.362983","NOT_VERIFIABLE","ID y nombre coinciden con MLB teams.home.probablePitcher, pero la respuesta consultada después del juego no incluye timestamp ni versión as-of anterior al inicio","true","true","MLB Stats API probablePitcher","https://statsapi.mlb.com/api/v1/schedule?sportId=1&date=2026-07-11&hydrate=probablePitcher,team","2026-08-27T01:34:10.621Z","false"
"822876","2026-07-12","MacKenzie Gore","669022","669022","MacKenzie Gore","Texas Rangers","2026-07-12T16:55:52.712Z","2026-07-12T18:35:00.000Z","Pre-Game","99.121467","NOT_VERIFIABLE","ID y nombre coinciden con MLB teams.home.probablePitcher, pero la respuesta consultada después del juego no incluye timestamp ni versión as-of anterior al inicio","true","true","MLB Stats API probablePitcher","https://statsapi.mlb.com/api/v1/schedule?sportId=1&date=2026-07-12&hydrate=probablePitcher,team","2026-08-27T01:34:10.621Z","false"
"822879","2026-07-05","Kumar Rocker","677958","677958","Kumar Rocker","Texas Rangers","2026-07-05T19:21:53.972Z","2026-07-05T19:30:00.000Z","Warmup","8.100467","NOT_VERIFIABLE","ID y nombre coinciden con MLB teams.home.probablePitcher, pero la respuesta consultada después del juego no incluye timestamp ni versión as-of anterior al inicio","true","true","MLB Stats API probablePitcher","https://statsapi.mlb.com/api/v1/schedule?sportId=1&date=2026-07-05&hydrate=probablePitcher,team","2026-08-27T01:34:10.621Z","false"
"822881","2026-07-07","Jacob deGrom","594798","594798","Jacob deGrom","Texas Rangers","2026-07-07T23:57:31.981Z","2026-07-08T00:05:00.000Z","Warmup","7.466983","NOT_VERIFIABLE","ID y nombre coinciden con MLB teams.home.probablePitcher, pero la respuesta consultada después del juego no incluye timestamp ni versión as-of anterior al inicio","true","true","MLB Stats API probablePitcher","https://statsapi.mlb.com/api/v1/schedule?sportId=1&date=2026-07-07&hydrate=probablePitcher,team","2026-08-27T01:34:10.621Z","false"
"822882","2026-07-04","Cal Quantrill","615698","615698","Cal Quantrill","Texas Rangers","2026-07-04T19:13:50.245Z","2026-07-04T20:05:00.000Z","Pre-Game","51.162583","NOT_VERIFIABLE","ID y nombre coinciden con MLB teams.home.probablePitcher, pero la respuesta consultada después del juego no incluye timestamp ni versión as-of anterior al inicio","true","true","MLB Stats API probablePitcher","https://statsapi.mlb.com/api/v1/schedule?sportId=1&date=2026-07-04&hydrate=probablePitcher,team","2026-08-27T01:34:10.621Z","false"
"822884","2026-07-02","Nathan Eovaldi","543135","543135","Nathan Eovaldi","Texas Rangers","2026-07-02T21:55:01.566Z","2026-07-03T00:05:00.000Z","Pre-Game","129.9739","NOT_VERIFIABLE","ID y nombre coinciden con MLB teams.home.probablePitcher, pero la respuesta consultada después del juego no incluye timestamp ni versión as-of anterior al inicio","true","true","MLB Stats API probablePitcher","https://statsapi.mlb.com/api/v1/schedule?sportId=1&date=2026-07-02&hydrate=probablePitcher,team","2026-08-27T01:34:10.621Z","false"
"822951","2026-07-12","Ian Seymour","693855","693855","Ian Seymour","Tampa Bay Rays","2026-07-12T16:55:56.862Z","2026-07-12T17:40:00.000Z","Pre-Game","44.0523","NOT_VERIFIABLE","ID y nombre coinciden con MLB teams.home.probablePitcher, pero la respuesta consultada después del juego no incluye timestamp ni versión as-of anterior al inicio","true","true","MLB Stats API probablePitcher","https://statsapi.mlb.com/api/v1/schedule?sportId=1&date=2026-07-12&hydrate=probablePitcher,team","2026-08-27T01:34:10.621Z","false"
"822952","2026-07-24","Shane McClanahan","663556","663556","Shane McClanahan","Tampa Bay Rays","2026-07-24T19:49:08.384Z","2026-07-24T23:10:00.000Z","Pre-Game","200.860267","NOT_VERIFIABLE","ID y nombre coinciden con MLB teams.home.probablePitcher, pero la respuesta consultada después del juego no incluye timestamp ni versión as-of anterior al inicio","true","true","MLB Stats API probablePitcher","https://statsapi.mlb.com/api/v1/schedule?sportId=1&date=2026-07-24&hydrate=probablePitcher,team","2026-08-27T01:34:10.621Z","false"
"822954","2026-07-09","Drew Rasmussen","656876","656876","Drew Rasmussen","Tampa Bay Rays","2026-07-09T17:04:56.969Z","2026-07-09T17:10:00.000Z","Warmup","5.050517","NOT_VERIFIABLE","ID y nombre coinciden con MLB teams.home.probablePitcher, pero la respuesta consultada después del juego no incluye timestamp ni versión as-of anterior al inicio","true","true","MLB Stats API probablePitcher","https://statsapi.mlb.com/api/v1/schedule?sportId=1&date=2026-07-09&hydrate=probablePitcher,team","2026-08-27T01:34:10.621Z","false"
"822955","2026-07-10","Nick Martinez","607259","607259","Nick Martinez","Tampa Bay Rays","2026-07-10T20:34:24.297Z","2026-07-10T23:10:00.000Z","Pre-Game","155.59505","NOT_VERIFIABLE","ID y nombre coinciden con MLB teams.home.probablePitcher, pero la respuesta consultada después del juego no incluye timestamp ni versión as-of anterior al inicio","true","true","MLB Stats API probablePitcher","https://statsapi.mlb.com/api/v1/schedule?sportId=1&date=2026-07-10&hydrate=probablePitcher,team","2026-08-27T01:34:10.621Z","false"
"822956","2026-07-07","Ian Seymour","693855","693855","Ian Seymour","Tampa Bay Rays","2026-07-07T21:55:13.893Z","2026-07-07T22:40:00.000Z","Pre-Game","44.76845","NOT_VERIFIABLE","ID y nombre coinciden con MLB teams.home.probablePitcher, pero la respuesta consultada después del juego no incluye timestamp ni versión as-of anterior al inicio","true","true","MLB Stats API probablePitcher","https://statsapi.mlb.com/api/v1/schedule?sportId=1&date=2026-07-07&hydrate=probablePitcher,team","2026-08-27T01:34:10.621Z","false"
"822957","2026-07-08","Shane McClanahan","663556","663556","Shane McClanahan","Tampa Bay Rays","2026-07-08T20:22:10.363Z","2026-07-08T22:40:00.000Z","Pre-Game","137.827283","NOT_VERIFIABLE","ID y nombre coinciden con MLB teams.home.probablePitcher, pero la respuesta consultada después del juego no incluye timestamp ni versión as-of anterior al inicio","true","true","MLB Stats API probablePitcher","https://statsapi.mlb.com/api/v1/schedule?sportId=1&date=2026-07-08&hydrate=probablePitcher,team","2026-08-27T01:34:10.621Z","false"
"822958","2026-07-06","Griffin Jax","643377","643377","Griffin Jax","Tampa Bay Rays","2026-07-06T22:27:34.399Z","2026-07-06T22:40:00.000Z","Warmup","12.426683","NOT_VERIFIABLE","ID y nombre coinciden con MLB teams.home.probablePitcher, pero la respuesta consultada después del juego no incluye timestamp ni versión as-of anterior al inicio","true","true","MLB Stats API probablePitcher","https://statsapi.mlb.com/api/v1/schedule?sportId=1&date=2026-07-06&hydrate=probablePitcher,team","2026-08-27T01:34:10.621Z","false"
"822959","2026-06-28","Drew Rasmussen","656876","656876","Drew Rasmussen","Tampa Bay Rays","2026-06-28T17:25:02.982Z","2026-06-28T17:40:00.000Z","Warmup","14.9503","NOT_VERIFIABLE","ID y nombre coinciden con MLB teams.home.probablePitcher, pero la respuesta consultada después del juego no incluye timestamp ni versión as-of anterior al inicio","true","true","MLB Stats API probablePitcher","https://statsapi.mlb.com/api/v1/schedule?sportId=1&date=2026-06-28&hydrate=probablePitcher,team","2026-08-27T01:34:10.621Z","false"
"822960","2026-06-27","Cole Sulser","642121","642121","Cole Sulser","Tampa Bay Rays","2026-06-27T22:09:00.156Z","2026-06-27T22:10:00.000Z","Warmup","0.9974","NOT_VERIFIABLE","ID y nombre coinciden con MLB teams.home.probablePitcher, pero la respuesta consultada después del juego no incluye timestamp ni versión as-of anterior al inicio","true","true","MLB Stats API probablePitcher","https://statsapi.mlb.com/api/v1/schedule?sportId=1&date=2026-06-27&hydrate=probablePitcher,team","2026-08-27T01:34:10.621Z","false"
"822961","2026-06-25","Casey Legumina","668984","668984","Casey Legumina","Tampa Bay Rays","2026-06-25T16:04:39.366Z","2026-06-25T16:10:00.000Z","Warmup","5.3439","NOT_VERIFIABLE","ID y nombre coinciden con MLB teams.home.probablePitcher, pero la respuesta consultada después del juego no incluye timestamp ni versión as-of anterior al inicio","true","true","MLB Stats API probablePitcher","https://statsapi.mlb.com/api/v1/schedule?sportId=1&date=2026-06-25&hydrate=probablePitcher,team","2026-08-27T01:34:10.621Z","false"
"822962","2026-06-26","Nick Martinez","607259","607259","Nick Martinez","Tampa Bay Rays","2026-06-26T23:01:40.287Z","2026-06-26T23:10:00.000Z","Warmup","8.32855","NOT_VERIFIABLE","ID y nombre coinciden con MLB teams.home.probablePitcher, pero la respuesta consultada después del juego no incluye timestamp ni versión as-of anterior al inicio","true","true","MLB Stats API probablePitcher","https://statsapi.mlb.com/api/v1/schedule?sportId=1&date=2026-06-26&hydrate=probablePitcher,team","2026-08-27T01:34:10.621Z","false"
"822963","2026-06-23","Shane McClanahan","663556","663556","Shane McClanahan","Tampa Bay Rays","2026-06-23T21:42:00.959Z","2026-06-23T22:40:00.000Z","Pre-Game","57.984017","NOT_VERIFIABLE","ID y nombre coinciden con MLB teams.home.probablePitcher, pero la respuesta consultada después del juego no incluye timestamp ni versión as-of anterior al inicio","true","true","MLB Stats API probablePitcher","https://statsapi.mlb.com/api/v1/schedule?sportId=1&date=2026-06-23&hydrate=probablePitcher,team","2026-08-27T01:34:10.621Z","false"
"822965","2026-06-24","Griffin Jax","643377","643377","Griffin Jax","Tampa Bay Rays","2026-06-24T21:17:17.293Z","2026-06-24T22:40:00.000Z","Pre-Game","82.711783","NOT_VERIFIABLE","ID y nombre coinciden con MLB teams.home.probablePitcher, pero la respuesta consultada después del juego no incluye timestamp ni versión as-of anterior al inicio","true","true","MLB Stats API probablePitcher","https://statsapi.mlb.com/api/v1/schedule?sportId=1&date=2026-06-24&hydrate=probablePitcher,team","2026-08-27T01:34:10.621Z","false"
"823029","2026-07-12","Dustin May","669160","669160","Dustin May","St. Louis Cardinals","2026-07-12T16:56:01.163Z","2026-07-12T18:15:00.000Z","Pre-Game","78.980617","NOT_VERIFIABLE","ID y nombre coinciden con MLB teams.home.probablePitcher, pero la respuesta consultada después del juego no incluye timestamp ni versión as-of anterior al inicio","true","true","MLB Stats API probablePitcher","https://statsapi.mlb.com/api/v1/schedule?sportId=1&date=2026-07-12&hydrate=probablePitcher,team","2026-08-27T01:34:10.621Z","false"
"823030","2026-07-11","Matthew Liberatore","669461","669461","Matthew Liberatore","St. Louis Cardinals","2026-07-11T21:45:44.902Z","2026-07-11T23:15:00.000Z","Pre-Game","89.251633","NOT_VERIFIABLE","ID y nombre coinciden con MLB teams.home.probablePitcher, pero la respuesta consultada después del juego no incluye timestamp ni versión as-of anterior al inicio","true","true","MLB Stats API probablePitcher","https://statsapi.mlb.com/api/v1/schedule?sportId=1&date=2026-07-11&hydrate=probablePitcher,team","2026-08-27T01:34:10.621Z","false"
"823033","2026-07-10","Kyle Leahy","681517","681517","Kyle Leahy","St. Louis Cardinals","2026-07-10T20:34:26.942Z","2026-07-11T00:15:00.000Z","Pre-Game","220.550967","NOT_VERIFIABLE","ID y nombre coinciden con MLB teams.home.probablePitcher, pero la respuesta consultada después del juego no incluye timestamp ni versión as-of anterior al inicio","true","true","MLB Stats API probablePitcher","https://statsapi.mlb.com/api/v1/schedule?sportId=1&date=2026-07-10&hydrate=probablePitcher,team","2026-08-27T01:34:10.621Z","false"
"823034","2026-07-09","Andre Pallante","669467","669467","Andre Pallante","St. Louis Cardinals","2026-07-09T21:01:17.553Z","2026-07-09T23:45:00.000Z","Pre-Game","163.70745","NOT_VERIFIABLE","ID y nombre coinciden con MLB teams.home.probablePitcher, pero la respuesta consultada después del juego no incluye timestamp ni versión as-of anterior al inicio","true","true","MLB Stats API probablePitcher","https://statsapi.mlb.com/api/v1/schedule?sportId=1&date=2026-07-09&hydrate=probablePitcher,team","2026-08-27T01:34:10.621Z","false"
"823035","2026-07-07","Hunter Dobbins","690928","690928","Hunter Dobbins","St. Louis Cardinals","2026-07-07T23:38:15.085Z","2026-07-07T23:45:00.000Z","Warmup","6.748583","NOT_VERIFIABLE","ID y nombre coinciden con MLB teams.home.probablePitcher, pero la respuesta consultada después del juego no incluye timestamp ni versión as-of anterior al inicio","true","true","MLB Stats API probablePitcher","https://statsapi.mlb.com/api/v1/schedule?sportId=1&date=2026-07-07&hydrate=probablePitcher,team","2026-08-27T01:34:10.621Z","false"
"823036","2026-07-06","Dustin May","669160","669160","Dustin May","St. Louis Cardinals","2026-07-06T23:25:29.891Z","2026-07-06T23:45:00.000Z","Warmup","19.501817","NOT_VERIFIABLE","ID y nombre coinciden con MLB teams.home.probablePitcher, pero la respuesta consultada después del juego no incluye timestamp ni versión as-of anterior al inicio","true","true","MLB Stats API probablePitcher","https://statsapi.mlb.com/api/v1/schedule?sportId=1&date=2026-07-06&hydrate=probablePitcher,team","2026-08-27T01:34:10.621Z","false"
"823037","2026-06-28","Kyle Leahy","681517","681517","Kyle Leahy","St. Louis Cardinals","2026-06-28T18:07:36.783Z","2026-06-28T18:15:00.000Z","Warmup","7.38695","NOT_VERIFIABLE","ID y nombre coinciden con MLB teams.home.probablePitcher, pero la respuesta consultada después del juego no incluye timestamp ni versión as-of anterior al inicio","true","true","MLB Stats API probablePitcher","https://statsapi.mlb.com/api/v1/schedule?sportId=1&date=2026-06-28&hydrate=probablePitcher,team","2026-08-27T01:34:10.621Z","false"
"823038","2026-06-27","Andre Pallante","669467","669467","Andre Pallante","St. Louis Cardinals","2026-06-27T22:36:58.402Z","2026-06-27T23:15:00.000Z","Pre-Game","38.026633","NOT_VERIFIABLE","ID y nombre coinciden con MLB teams.home.probablePitcher, pero la respuesta consultada después del juego no incluye timestamp ni versión as-of anterior al inicio","true","true","MLB Stats API probablePitcher","https://statsapi.mlb.com/api/v1/schedule?sportId=1&date=2026-06-27&hydrate=probablePitcher,team","2026-08-27T01:34:10.621Z","false"
"823039","2026-06-26","Michael McGreevy","700241","700241","Michael McGreevy","St. Louis Cardinals","2026-06-27T00:07:39.232Z","2026-06-27T00:15:00.000Z","Warmup","7.346133","NOT_VERIFIABLE","ID y nombre coinciden con MLB teams.home.probablePitcher, pero la respuesta consultada después del juego no incluye timestamp ni versión as-of anterior al inicio","true","true","MLB Stats API probablePitcher","https://statsapi.mlb.com/api/v1/schedule?sportId=1&date=2026-06-26&hydrate=probablePitcher,team","2026-08-27T01:34:10.621Z","false"
"823041","2026-06-24","Matthew Liberatore","669461","669461","Matthew Liberatore","St. Louis Cardinals","2026-06-24T21:17:19.992Z","2026-06-24T23:45:00.000Z","Pre-Game","147.6668","NOT_VERIFIABLE","ID y nombre coinciden con MLB teams.home.probablePitcher, pero la respuesta consultada después del juego no incluye timestamp ni versión as-of anterior al inicio","true","true","MLB Stats API probablePitcher","https://statsapi.mlb.com/api/v1/schedule?sportId=1&date=2026-06-24&hydrate=probablePitcher,team","2026-08-27T01:34:10.621Z","false"
"823043","2026-06-23","Kyle Leahy","681517","681517","Kyle Leahy","St. Louis Cardinals","2026-06-23T23:00:13.253Z","2026-06-23T23:45:00.000Z","Pre-Game","44.779117","NOT_VERIFIABLE","ID y nombre coinciden con MLB teams.home.probablePitcher, pero la respuesta consultada después del juego no incluye timestamp ni versión as-of anterior al inicio","true","true","MLB Stats API probablePitcher","https://statsapi.mlb.com/api/v1/schedule?sportId=1&date=2026-06-23&hydrate=probablePitcher,team","2026-08-27T01:34:10.621Z","false"
"823110","2026-07-22","Emerson Hancock","676106","676106","Emerson Hancock","Seattle Mariners","2026-07-22T19:27:54.868Z","2026-07-22T19:40:00.000Z","Warmup","12.085533","NOT_VERIFIABLE","ID y nombre coinciden con MLB teams.home.probablePitcher, pero la respuesta consultada después del juego no incluye timestamp ni versión as-of anterior al inicio","true","true","MLB Stats API probablePitcher","https://statsapi.mlb.com/api/v1/schedule?sportId=1&date=2026-07-22&hydrate=probablePitcher,team","2026-08-27T01:34:10.621Z","false"
"823113","2026-07-19","Logan Gilbert","669302","669302","Logan Gilbert","Seattle Mariners","2026-07-19T19:08:18.913Z","2026-07-19T20:10:00.000Z","Pre-Game","61.684783","NOT_VERIFIABLE","ID y nombre coinciden con MLB teams.home.probablePitcher, pero la respuesta consultada después del juego no incluye timestamp ni versión as-of anterior al inicio","true","true","MLB Stats API probablePitcher","https://statsapi.mlb.com/api/v1/schedule?sportId=1&date=2026-07-19&hydrate=probablePitcher,team","2026-08-27T01:34:10.621Z","false"
"823114","2026-07-21","Luis Castillo","622491","622491","Luis Castillo","Seattle Mariners","2026-07-21T22:26:36.297Z","2026-07-22T01:40:00.000Z","Pre-Game","193.39505","NOT_VERIFIABLE","ID y nombre coinciden con MLB teams.home.probablePitcher, pero la respuesta consultada después del juego no incluye timestamp ni versión as-of anterior al inicio","true","true","MLB Stats API probablePitcher","https://statsapi.mlb.com/api/v1/schedule?sportId=1&date=2026-07-21&hydrate=probablePitcher,team","2026-08-27T01:34:10.621Z","false"
"823115","2026-07-17","Bryce Miller","682243","682243","Bryce Miller","Seattle Mariners","2026-07-18T01:36:49.895Z","2026-07-18T02:10:00.000Z","Pre-Game","33.168417","NOT_VERIFIABLE","ID y nombre coinciden con MLB teams.home.probablePitcher, pero la respuesta consultada después del juego no incluye timestamp ni versión as-of anterior al inicio","true","true","MLB Stats API probablePitcher","https://statsapi.mlb.com/api/v1/schedule?sportId=1&date=2026-07-17&hydrate=probablePitcher,team","2026-08-27T01:34:10.621Z","false"
"823117","2026-07-05","Emerson Hancock","676106","676106","Emerson Hancock","Seattle Mariners","2026-07-05T20:12:29.755Z","2026-07-05T21:00:00.000Z","Pre-Game","47.504083","NOT_VERIFIABLE","ID y nombre coinciden con MLB teams.home.probablePitcher, pero la respuesta consultada después del juego no incluye timestamp ni versión as-of anterior al inicio","true","true","MLB Stats API probablePitcher","https://statsapi.mlb.com/api/v1/schedule?sportId=1&date=2026-07-05&hydrate=probablePitcher,team","2026-08-27T01:34:10.621Z","false"
"823118","2026-07-04","Logan Gilbert","669302","669302","Logan Gilbert","Seattle Mariners","2026-07-04T19:13:52.994Z","2026-07-04T20:10:00.000Z","Pre-Game","56.116767","NOT_VERIFIABLE","ID y nombre coinciden con MLB teams.home.probablePitcher, pero la respuesta consultada después del juego no incluye timestamp ni versión as-of anterior al inicio","true","true","MLB Stats API probablePitcher","https://statsapi.mlb.com/api/v1/schedule?sportId=1&date=2026-07-04&hydrate=probablePitcher,team","2026-08-27T01:34:10.621Z","false"
"823119","2026-07-02","Bryce Miller","682243","682243","Bryce Miller","Seattle Mariners","2026-07-02T21:52:41.145Z","2026-07-03T01:40:00.000Z","Pre-Game","227.31425","NOT_VERIFIABLE","ID y nombre coinciden con MLB teams.home.probablePitcher, pero la respuesta consultada después del juego no incluye timestamp ni versión as-of anterior al inicio","true","true","MLB Stats API probablePitcher","https://statsapi.mlb.com/api/v1/schedule?sportId=1&date=2026-07-02&hydrate=probablePitcher,team","2026-08-27T01:34:10.621Z","false"
"823120","2026-07-03","Luis Castillo","622491","622491","Luis Castillo","Seattle Mariners","2026-07-03T23:50:39.403Z","2026-07-04T02:10:00.000Z","Pre-Game","139.343283","NOT_VERIFIABLE","ID y nombre coinciden con MLB teams.home.probablePitcher, pero la respuesta consultada después del juego no incluye timestamp ni versión as-of anterior al inicio","true","true","MLB Stats API probablePitcher","https://statsapi.mlb.com/api/v1/schedule?sportId=1&date=2026-07-03&hydrate=probablePitcher,team","2026-08-27T01:34:10.621Z","false"
"823121","2026-06-29","George Kirby","669923","669923","George Kirby","Seattle Mariners","2026-06-30T01:10:30.214Z","2026-06-30T01:40:00.000Z","Pre-Game","29.496433","NOT_VERIFIABLE","ID y nombre coinciden con MLB teams.home.probablePitcher, pero la respuesta consultada después del juego no incluye timestamp ni versión as-of anterior al inicio","true","true","MLB Stats API probablePitcher","https://statsapi.mlb.com/api/v1/schedule?sportId=1&date=2026-06-29&hydrate=probablePitcher,team","2026-08-27T01:34:10.621Z","false"
"823122","2026-06-30","Bryan Woo","693433","693433","Bryan Woo","Seattle Mariners","2026-07-01T00:03:05.102Z","2026-07-01T01:40:00.000Z","Pre-Game","96.914967","NOT_VERIFIABLE","ID y nombre coinciden con MLB teams.home.probablePitcher, pero la respuesta consultada después del juego no incluye timestamp ni versión as-of anterior al inicio","true","true","MLB Stats API probablePitcher","https://statsapi.mlb.com/api/v1/schedule?sportId=1&date=2026-06-30&hydrate=probablePitcher,team","2026-08-27T01:34:10.621Z","false"
"823192","2026-07-29","Logan Webb","657277","657277","Logan Webb","San Francisco Giants","2026-07-29T18:55:53.116Z","2026-07-29T19:45:00.000Z","Pre-Game","49.114733","NOT_VERIFIABLE","ID y nombre coinciden con MLB teams.home.probablePitcher, pero la respuesta consultada después del juego no incluye timestamp ni versión as-of anterior al inicio","true","true","MLB Stats API probablePitcher","https://statsapi.mlb.com/api/v1/schedule?sportId=1&date=2026-07-29&hydrate=probablePitcher,team","2026-08-27T01:34:10.621Z","false"
"823199","2026-07-12","Trevor McDonald","686790","686790","Trevor McDonald","San Francisco Giants","2026-07-12T20:00:20.433Z","2026-07-12T20:05:00.000Z","Warmup","4.65945","NOT_VERIFIABLE","ID y nombre coinciden con MLB teams.home.probablePitcher, pero la respuesta consultada después del juego no incluye timestamp ni versión as-of anterior al inicio","true","true","MLB Stats API probablePitcher","https://statsapi.mlb.com/api/v1/schedule?sportId=1&date=2026-07-12&hydrate=probablePitcher,team","2026-08-27T01:34:10.621Z","false"
"823202","2026-07-08","Logan Webb","657277","657277","Logan Webb","San Francisco Giants","2026-07-08T18:38:50.664Z","2026-07-08T19:45:00.000Z","Pre-Game","66.1556","NOT_VERIFIABLE","ID y nombre coinciden con MLB teams.home.probablePitcher, pero la respuesta consultada después del juego no incluye timestamp ni versión as-of anterior al inicio","true","true","MLB Stats API probablePitcher","https://statsapi.mlb.com/api/v1/schedule?sportId=1&date=2026-07-08&hydrate=probablePitcher,team","2026-08-27T01:34:10.621Z","false"
"823203","2026-07-07","Trevor McDonald","686790","686790","Trevor McDonald","San Francisco Giants","2026-07-08T01:39:44.224Z","2026-07-08T01:45:00.000Z","Warmup","5.262933","NOT_VERIFIABLE","ID y nombre coinciden con MLB teams.home.probablePitcher, pero la respuesta consultada después del juego no incluye timestamp ni versión as-of anterior al inicio","true","true","MLB Stats API probablePitcher","https://statsapi.mlb.com/api/v1/schedule?sportId=1&date=2026-07-07&hydrate=probablePitcher,team","2026-08-27T01:34:10.621Z","false"
"823204","2026-06-28","Robbie Ray","592662","592662","Robbie Ray","San Francisco Giants","2026-06-28T19:53:42.376Z","2026-06-28T20:05:00.000Z","Warmup","11.293733","NOT_VERIFIABLE","ID y nombre coinciden con MLB teams.home.probablePitcher, pero la respuesta consultada después del juego no incluye timestamp ni versión as-of anterior al inicio","true","true","MLB Stats API probablePitcher","https://statsapi.mlb.com/api/v1/schedule?sportId=1&date=2026-06-28&hydrate=probablePitcher,team","2026-08-27T01:34:10.621Z","false"
"823205","2026-07-06","Landen Roupp","694738","694738","Landen Roupp","San Francisco Giants","2026-07-07T01:30:45.402Z","2026-07-07T01:45:00.000Z","Warmup","14.2433","NOT_VERIFIABLE","ID y nombre coinciden con MLB teams.home.probablePitcher, pero la respuesta consultada después del juego no incluye timestamp ni versión as-of anterior al inicio","true","true","MLB Stats API probablePitcher","https://statsapi.mlb.com/api/v1/schedule?sportId=1&date=2026-07-06&hydrate=probablePitcher,team","2026-08-27T01:34:10.621Z","false"
"823206","2026-06-26","Trevor McDonald","686790","686790","Trevor McDonald","San Francisco Giants","2026-06-27T02:04:58.896Z","2026-06-27T02:15:00.000Z","Warmup","10.0184","NOT_VERIFIABLE","ID y nombre coinciden con MLB teams.home.probablePitcher, pero la respuesta consultada después del juego no incluye timestamp ni versión as-of anterior al inicio","true","true","MLB Stats API probablePitcher","https://statsapi.mlb.com/api/v1/schedule?sportId=1&date=2026-06-26&hydrate=probablePitcher,team","2026-08-27T01:34:10.621Z","false"
"823207","2026-06-27","Logan Webb","657277","657277","Logan Webb","San Francisco Giants","2026-06-28T01:03:09.114Z","2026-06-28T01:05:00.000Z","Warmup","1.8481","NOT_VERIFIABLE","ID y nombre coinciden con MLB teams.home.probablePitcher, pero la respuesta consultada después del juego no incluye timestamp ni versión as-of anterior al inicio","true","true","MLB Stats API probablePitcher","https://statsapi.mlb.com/api/v1/schedule?sportId=1&date=2026-06-27&hydrate=probablePitcher,team","2026-08-27T01:34:10.621Z","false"
"823209","2026-06-25","Landen Roupp","694738","694738","Landen Roupp","San Francisco Giants","2026-06-25T19:14:00.691Z","2026-06-25T19:45:00.000Z","Pre-Game","30.988483","NOT_VERIFIABLE","ID y nombre coinciden con MLB teams.home.probablePitcher, pero la respuesta consultada después del juego no incluye timestamp ni versión as-of anterior al inicio","true","true","MLB Stats API probablePitcher","https://statsapi.mlb.com/api/v1/schedule?sportId=1&date=2026-06-25&hydrate=probablePitcher,team","2026-08-27T01:34:10.621Z","false"
"823210","2026-06-23","Robbie Ray","592662","592662","Robbie Ray","San Francisco Giants","2026-06-24T00:56:24.408Z","2026-06-24T01:45:00.000Z","Pre-Game","48.5932","NOT_VERIFIABLE","ID y nombre coinciden con MLB teams.home.probablePitcher, pero la respuesta consultada después del juego no incluye timestamp ni versión as-of anterior al inicio","true","true","MLB Stats API probablePitcher","https://statsapi.mlb.com/api/v1/schedule?sportId=1&date=2026-06-23&hydrate=probablePitcher,team","2026-08-27T01:34:10.621Z","false"
"823274","2026-07-12","Germán Márquez","608566","608566","Germán Márquez","San Diego Padres","2026-07-12T20:00:28.738Z","2026-07-12T20:10:00.000Z","Warmup","9.521033","NOT_VERIFIABLE","ID y nombre coinciden con MLB teams.home.probablePitcher, pero la respuesta consultada después del juego no incluye timestamp ni versión as-of anterior al inicio","true","true","MLB Stats API probablePitcher","https://statsapi.mlb.com/api/v1/schedule?sportId=1&date=2026-07-12&hydrate=probablePitcher,team","2026-08-27T01:34:10.621Z","false"
"823276","2026-07-11","Walker Buehler","621111","621111","Walker Buehler","San Diego Padres","2026-07-11T21:45:50.826Z","2026-07-12T00:40:00.000Z","Pre-Game","174.1529","NOT_VERIFIABLE","ID y nombre coinciden con MLB teams.home.probablePitcher, pero la respuesta consultada después del juego no incluye timestamp ni versión as-of anterior al inicio","true","true","MLB Stats API probablePitcher","https://statsapi.mlb.com/api/v1/schedule?sportId=1&date=2026-07-11&hydrate=probablePitcher,team","2026-08-27T01:34:10.621Z","false"
"823279","2026-07-08","Michael King","650633","650633","Michael King","San Diego Padres","2026-07-09T01:49:33.799Z","2026-07-09T02:10:00.000Z","Warmup","20.436683","NOT_VERIFIABLE","ID y nombre coinciden con MLB teams.home.probablePitcher, pero la respuesta consultada después del juego no incluye timestamp ni versión as-of anterior al inicio","true","true","MLB Stats API probablePitcher","https://statsapi.mlb.com/api/v1/schedule?sportId=1&date=2026-07-08&hydrate=probablePitcher,team","2026-08-27T01:34:10.621Z","false"
"823280","2026-07-07","Germán Márquez","608566","608566","Germán Márquez","San Diego Padres","2026-07-08T01:39:47.411Z","2026-07-08T01:40:00.000Z","Warmup","0.209817","NOT_VERIFIABLE","ID y nombre coinciden con MLB teams.home.probablePitcher, pero la respuesta consultada después del juego no incluye timestamp ni versión as-of anterior al inicio","true","true","MLB Stats API probablePitcher","https://statsapi.mlb.com/api/v1/schedule?sportId=1&date=2026-07-07&hydrate=probablePitcher,team","2026-08-27T01:34:10.621Z","false"
"823281","2026-06-28","Michael King","650633","650633","Michael King","San Diego Padres","2026-06-28T20:04:12.901Z","2026-06-28T20:10:00.000Z","Warmup","5.784983","NOT_VERIFIABLE","ID y nombre coinciden con MLB teams.home.probablePitcher, pero la respuesta consultada después del juego no incluye timestamp ni versión as-of anterior al inicio","true","true","MLB Stats API probablePitcher","https://statsapi.mlb.com/api/v1/schedule?sportId=1&date=2026-06-28&hydrate=probablePitcher,team","2026-08-27T01:34:10.621Z","false"
"823282","2026-07-06","Walker Buehler","621111","621111","Walker Buehler","San Diego Padres","2026-07-07T01:30:49.596Z","2026-07-07T01:40:00.000Z","Warmup","9.1734","NOT_VERIFIABLE","ID y nombre coinciden con MLB teams.home.probablePitcher, pero la respuesta consultada después del juego no incluye timestamp ni versión as-of anterior al inicio","true","true","MLB Stats API probablePitcher","https://statsapi.mlb.com/api/v1/schedule?sportId=1&date=2026-07-06&hydrate=probablePitcher,team","2026-08-27T01:34:10.621Z","false"
"823283","2026-06-27","Kyle Hart","606996","606996","Kyle Hart","San Diego Padres","2026-06-28T00:35:48.129Z","2026-06-28T00:40:00.000Z","Warmup","4.19785","NOT_VERIFIABLE","ID y nombre coinciden con MLB teams.home.probablePitcher, pero la respuesta consultada después del juego no incluye timestamp ni versión as-of anterior al inicio","true","true","MLB Stats API probablePitcher","https://statsapi.mlb.com/api/v1/schedule?sportId=1&date=2026-06-27&hydrate=probablePitcher,team","2026-08-27T01:34:10.621Z","false"
"823284","2026-06-24","JP Sears","676664","676664","JP Sears","San Diego Padres","2026-06-24T21:17:26.489Z","2026-06-25T00:40:00.000Z","Pre-Game","202.558517","NOT_VERIFIABLE","ID y nombre coinciden con MLB teams.home.probablePitcher, pero la respuesta consultada después del juego no incluye timestamp ni versión as-of anterior al inicio","true","true","MLB Stats API probablePitcher","https://statsapi.mlb.com/api/v1/schedule?sportId=1&date=2026-06-24&hydrate=probablePitcher,team","2026-08-27T01:34:10.621Z","false"
"823285","2026-06-26","Walker Buehler","621111","621111","Walker Buehler","San Diego Padres","2026-06-27T01:36:22.205Z","2026-06-27T01:45:00.000Z","Warmup","8.629917","NOT_VERIFIABLE","ID y nombre coinciden con MLB teams.home.probablePitcher, pero la respuesta consultada después del juego no incluye timestamp ni versión as-of anterior al inicio","true","true","MLB Stats API probablePitcher","https://statsapi.mlb.com/api/v1/schedule?sportId=1&date=2026-06-26&hydrate=probablePitcher,team","2026-08-27T01:34:10.621Z","false"
"823286","2026-06-23","Wandy Peralta","593974","593974","Wandy Peralta","San Diego Padres","2026-06-24T00:56:27.529Z","2026-06-24T01:40:00.000Z","Pre-Game","43.541183","NOT_VERIFIABLE","ID y nombre coinciden con MLB teams.home.probablePitcher, pero la respuesta consultada después del juego no incluye timestamp ni versión as-of anterior al inicio","true","true","MLB Stats API probablePitcher","https://statsapi.mlb.com/api/v1/schedule?sportId=1&date=2026-06-23&hydrate=probablePitcher,team","2026-08-27T01:34:10.621Z","false"
"823351","2026-07-29","Jared Jones","683003","683003","Jared Jones","Pittsburgh Pirates","2026-07-29T14:56:03.456Z","2026-07-29T16:35:00.000Z","Pre-Game","98.9424","NOT_VERIFIABLE","ID y nombre coinciden con MLB teams.home.probablePitcher, pero la respuesta consultada después del juego no incluye timestamp ni versión as-of anterior al inicio","true","true","MLB Stats API probablePitcher","https://statsapi.mlb.com/api/v1/schedule?sportId=1&date=2026-07-29&hydrate=probablePitcher,team","2026-08-27T01:34:10.621Z","false"
"823359","2026-07-09","Mitch Keller","656605","656605","Mitch Keller","Pittsburgh Pirates","2026-07-09T16:27:36.919Z","2026-07-09T16:35:00.000Z","Warmup","7.384683","NOT_VERIFIABLE","ID y nombre coinciden con MLB teams.home.probablePitcher, pero la respuesta consultada después del juego no incluye timestamp ni versión as-of anterior al inicio","true","true","MLB Stats API probablePitcher","https://statsapi.mlb.com/api/v1/schedule?sportId=1&date=2026-07-09&hydrate=probablePitcher,team","2026-08-27T01:34:10.621Z","false"
"823360","2026-07-08","Jared Jones","683003","683003","Jared Jones","Pittsburgh Pirates","2026-07-08T20:22:34.743Z","2026-07-08T22:40:00.000Z","Pre-Game","137.42095","NOT_VERIFIABLE","ID y nombre coinciden con MLB teams.home.probablePitcher, pero la respuesta consultada después del juego no incluye timestamp ni versión as-of anterior al inicio","true","true","MLB Stats API probablePitcher","https://statsapi.mlb.com/api/v1/schedule?sportId=1&date=2026-07-08&hydrate=probablePitcher,team","2026-08-27T01:34:10.621Z","false"
"823361","2026-07-07","Paul Skenes","694973","694973","Paul Skenes","Pittsburgh Pirates","2026-07-07T21:48:11.685Z","2026-07-07T22:40:00.000Z","Pre-Game","51.80525","NOT_VERIFIABLE","ID y nombre coinciden con MLB teams.home.probablePitcher, pero la respuesta consultada después del juego no incluye timestamp ni versión as-of anterior al inicio","true","true","MLB Stats API probablePitcher","https://statsapi.mlb.com/api/v1/schedule?sportId=1&date=2026-07-07&hydrate=probablePitcher,team","2026-08-27T01:34:10.621Z","false"
"823362","2026-06-28","Mitch Keller","656605","656605","Mitch Keller","Pittsburgh Pirates","2026-06-28T17:25:15.982Z","2026-06-28T17:35:00.000Z","Warmup","9.733633","NOT_VERIFIABLE","ID y nombre coinciden con MLB teams.home.probablePitcher, pero la respuesta consultada después del juego no incluye timestamp ni versión as-of anterior al inicio","true","true","MLB Stats API probablePitcher","https://statsapi.mlb.com/api/v1/schedule?sportId=1&date=2026-06-28&hydrate=probablePitcher,team","2026-08-27T01:34:10.621Z","false"
"823363","2026-06-26","Paul Skenes","694973","694973","Paul Skenes","Pittsburgh Pirates","2026-06-26T22:38:26.833Z","2026-06-26T22:40:00.000Z","Warmup","1.552783","NOT_VERIFIABLE","ID y nombre coinciden con MLB teams.home.probablePitcher, pero la respuesta consultada después del juego no incluye timestamp ni versión as-of anterior al inicio","true","true","MLB Stats API probablePitcher","https://statsapi.mlb.com/api/v1/schedule?sportId=1&date=2026-06-26&hydrate=probablePitcher,team","2026-08-27T01:34:10.621Z","false"
"823365","2026-06-23","Mitch Keller","656605","656605","Mitch Keller","Pittsburgh Pirates","2026-06-23T21:42:11.761Z","2026-06-23T22:40:00.000Z","Pre-Game","57.803983","NOT_VERIFIABLE","ID y nombre coinciden con MLB teams.home.probablePitcher, pero la respuesta consultada después del juego no incluye timestamp ni versión as-of anterior al inicio","true","true","MLB Stats API probablePitcher","https://statsapi.mlb.com/api/v1/schedule?sportId=1&date=2026-06-23&hydrate=probablePitcher,team","2026-08-27T01:34:10.621Z","false"
"823366","2026-06-25","Bubba Chandler","696149","696149","Bubba Chandler","Pittsburgh Pirates","2026-06-25T16:32:55.474Z","2026-06-25T16:35:00.000Z","Warmup","2.075433","NOT_VERIFIABLE","ID y nombre coinciden con MLB teams.home.probablePitcher, pero la respuesta consultada después del juego no incluye timestamp ni versión as-of anterior al inicio","true","true","MLB Stats API probablePitcher","https://statsapi.mlb.com/api/v1/schedule?sportId=1&date=2026-06-25&hydrate=probablePitcher,team","2026-08-27T01:34:10.621Z","false"
"823367","2026-06-24","Braxton Ashcraft","677952","677952","Braxton Ashcraft","Pittsburgh Pirates","2026-06-24T21:17:29.196Z","2026-06-24T22:40:00.000Z","Pre-Game","82.5134","NOT_VERIFIABLE","ID y nombre coinciden con MLB teams.home.probablePitcher, pero la respuesta consultada después del juego no incluye timestamp ni versión as-of anterior al inicio","true","true","MLB Stats API probablePitcher","https://statsapi.mlb.com/api/v1/schedule?sportId=1&date=2026-06-24&hydrate=probablePitcher,team","2026-08-27T01:34:10.621Z","false"
"823434","2026-07-24","Jesús Luzardo","666200","666200","Jesús Luzardo","Philadelphia Phillies","2026-07-24T19:49:23.777Z","2026-07-24T22:45:00.000Z","Pre-Game","175.603717","NOT_VERIFIABLE","ID y nombre coinciden con MLB teams.home.probablePitcher, pero la respuesta consultada después del juego no incluye timestamp ni versión as-of anterior al inicio","true","true","MLB Stats API probablePitcher","https://statsapi.mlb.com/api/v1/schedule?sportId=1&date=2026-07-24&hydrate=probablePitcher,team","2026-08-27T01:34:10.621Z","false"
"823446","2026-07-01","Zack Wheeler","554430","554430","Zack Wheeler","Philadelphia Phillies","2026-07-01T21:55:21.941Z","2026-07-01T22:40:00.000Z","Pre-Game","44.634317","NOT_VERIFIABLE","ID y nombre coinciden con MLB teams.home.probablePitcher, pero la respuesta consultada después del juego no incluye timestamp ni versión as-of anterior al inicio","true","true","MLB Stats API probablePitcher","https://statsapi.mlb.com/api/v1/schedule?sportId=1&date=2026-07-01&hydrate=probablePitcher,team","2026-08-27T01:34:10.621Z","false"
"823525","2026-07-05","Ryan Weathers","677960","677960","Ryan Weathers","New York Yankees","2026-07-05T17:31:51.548Z","2026-07-05T17:35:00.000Z","Warmup","3.140867","NOT_VERIFIABLE","ID y nombre coinciden con MLB teams.home.probablePitcher, pero la respuesta consultada después del juego no incluye timestamp ni versión as-of anterior al inicio","true","true","MLB Stats API probablePitcher","https://statsapi.mlb.com/api/v1/schedule?sportId=1&date=2026-07-05&hydrate=probablePitcher,team","2026-08-27T01:34:10.621Z","false"
"823526","2026-07-04","Brendan Beck","694341","694341","Brendan Beck","New York Yankees","2026-07-04T16:13:05.546Z","2026-07-04T17:35:00.000Z","Pre-Game","81.907567","NOT_VERIFIABLE","ID y nombre coinciden con MLB teams.home.probablePitcher, pero la respuesta consultada después del juego no incluye timestamp ni versión as-of anterior al inicio","true","true","MLB Stats API probablePitcher","https://statsapi.mlb.com/api/v1/schedule?sportId=1&date=2026-07-04&hydrate=probablePitcher,team","2026-08-27T01:34:10.621Z","false"
"823527","2026-07-03","Gerrit Cole","543037","543037","Gerrit Cole","New York Yankees","2026-07-03T22:10:26.969Z","2026-07-03T23:05:00.000Z","Pre-Game","54.550517","NOT_VERIFIABLE","ID y nombre coinciden con MLB teams.home.probablePitcher, pero la respuesta consultada después del juego no incluye timestamp ni versión as-of anterior al inicio","true","true","MLB Stats API probablePitcher","https://statsapi.mlb.com/api/v1/schedule?sportId=1&date=2026-07-03&hydrate=probablePitcher,team","2026-08-27T01:34:10.621Z","false"
"823528","2026-06-30","Cam Schlittler","693645","693645","Cam Schlittler","New York Yankees","2026-06-30T23:04:16.895Z","2026-06-30T23:05:00.000Z","Warmup","0.718417","NOT_VERIFIABLE","ID y nombre coinciden con MLB teams.home.probablePitcher, pero la respuesta consultada después del juego no incluye timestamp ni versión as-of anterior al inicio","true","true","MLB Stats API probablePitcher","https://statsapi.mlb.com/api/v1/schedule?sportId=1&date=2026-06-30&hydrate=probablePitcher,team","2026-08-27T01:34:10.621Z","false"
"823529","2026-06-29","Ryan Weathers","677960","677960","Ryan Weathers","New York Yankees","2026-06-29T22:55:03.781Z","2026-06-29T23:05:00.000Z","Warmup","9.936983","NOT_VERIFIABLE","ID y nombre coinciden con MLB teams.home.probablePitcher, pero la respuesta consultada después del juego no incluye timestamp ni versión as-of anterior al inicio","true","true","MLB Stats API probablePitcher","https://statsapi.mlb.com/api/v1/schedule?sportId=1&date=2026-06-29&hydrate=probablePitcher,team","2026-08-27T01:34:10.621Z","false"
"823530","2026-07-01","Will Warren","701542","701542","Will Warren","New York Yankees","2026-07-01T17:31:58.794Z","2026-07-01T17:35:00.000Z","Warmup","3.0201","NOT_VERIFIABLE","ID y nombre coinciden con MLB teams.home.probablePitcher, pero la respuesta consultada después del juego no incluye timestamp ni versión as-of anterior al inicio","true","true","MLB Stats API probablePitcher","https://statsapi.mlb.com/api/v1/schedule?sportId=1&date=2026-07-01&hydrate=probablePitcher,team","2026-08-27T01:34:10.621Z","false"
"823596","2026-07-29","Sean Manaea","640455","640455","Sean Manaea","New York Mets","2026-07-29T14:56:07.219Z","2026-07-29T17:10:00.000Z","Pre-Game","133.879683","NOT_VERIFIABLE","ID y nombre coinciden con MLB teams.home.probablePitcher, pero la respuesta consultada después del juego no incluye timestamp ni versión as-of anterior al inicio","true","true","MLB Stats API probablePitcher","https://statsapi.mlb.com/api/v1/schedule?sportId=1&date=2026-07-29&hydrate=probablePitcher,team","2026-08-27T01:34:10.621Z","false"
"823602","2026-07-12","Zach Thornton","804267","804267","Zac Thornton","New York Mets","2026-07-12T16:56:16.575Z","2026-07-12T17:40:00.000Z","Pre-Game","43.72375","NOT_VERIFIABLE","ID y nombre coinciden con MLB teams.home.probablePitcher, pero la respuesta consultada después del juego no incluye timestamp ni versión as-of anterior al inicio","true","false","MLB Stats API probablePitcher","https://statsapi.mlb.com/api/v1/schedule?sportId=1&date=2026-07-12&hydrate=probablePitcher,team","2026-08-27T01:34:10.621Z","false"
"823605","2026-07-08","Christian Scott","681035","681035","Christian Scott","New York Mets","2026-07-08T20:22:41.644Z","2026-07-08T23:10:00.000Z","Pre-Game","167.305933","NOT_VERIFIABLE","ID y nombre coinciden con MLB teams.home.probablePitcher, pero la respuesta consultada después del juego no incluye timestamp ni versión as-of anterior al inicio","true","true","MLB Stats API probablePitcher","https://statsapi.mlb.com/api/v1/schedule?sportId=1&date=2026-07-08&hydrate=probablePitcher,team","2026-08-27T01:34:10.621Z","false"
"823606","2026-07-09","Sean Manaea","640455","640455","Sean Manaea","New York Mets","2026-07-09T17:05:22.912Z","2026-07-09T17:10:00.000Z","Warmup","4.618133","NOT_VERIFIABLE","ID y nombre coinciden con MLB teams.home.probablePitcher, pero la respuesta consultada después del juego no incluye timestamp ni versión as-of anterior al inicio","true","true","MLB Stats API probablePitcher","https://statsapi.mlb.com/api/v1/schedule?sportId=1&date=2026-07-09&hydrate=probablePitcher,team","2026-08-27T01:34:10.621Z","false"
"823607","2026-07-07","Cionel Pérez","672335","672335","Cionel Pérez","New York Mets","2026-07-07T23:05:17.977Z","2026-07-07T23:10:00.000Z","Warmup","4.700383","NOT_VERIFIABLE","ID y nombre coinciden con MLB teams.home.probablePitcher, pero la respuesta consultada después del juego no incluye timestamp ni versión as-of anterior al inicio","true","true","MLB Stats API probablePitcher","https://statsapi.mlb.com/api/v1/schedule?sportId=1&date=2026-07-07&hydrate=probablePitcher,team","2026-08-27T01:34:10.621Z","false"
"823608","2026-06-28","Cionel Pérez","672335","672335","Cionel Pérez","New York Mets","2026-06-28T17:25:19.467Z","2026-06-28T17:40:00.000Z","Warmup","14.67555","NOT_VERIFIABLE","ID y nombre coinciden con MLB teams.home.probablePitcher, pero la respuesta consultada después del juego no incluye timestamp ni versión as-of anterior al inicio","true","true","MLB Stats API probablePitcher","https://statsapi.mlb.com/api/v1/schedule?sportId=1&date=2026-06-28&hydrate=probablePitcher,team","2026-08-27T01:34:10.621Z","false"
"823610","2026-06-26","Zach Thornton","804267","804267","Zac Thornton","New York Mets","2026-06-26T23:01:55.573Z","2026-06-26T23:10:00.000Z","Warmup","8.073783","NOT_VERIFIABLE","ID y nombre coinciden con MLB teams.home.probablePitcher, pero la respuesta consultada después del juego no incluye timestamp ni versión as-of anterior al inicio","true","false","MLB Stats API probablePitcher","https://statsapi.mlb.com/api/v1/schedule?sportId=1&date=2026-06-26&hydrate=probablePitcher,team","2026-08-27T01:34:10.621Z","false"
"823614","2026-06-23","Kodai Senga","673540","673540","Kodai Senga","New York Mets","2026-06-23T23:00:25.049Z","2026-06-23T23:10:00.000Z","Warmup","9.582517","NOT_VERIFIABLE","ID y nombre coinciden con MLB teams.home.probablePitcher, pero la respuesta consultada después del juego no incluye timestamp ni versión as-of anterior al inicio","true","true","MLB Stats API probablePitcher","https://statsapi.mlb.com/api/v1/schedule?sportId=1&date=2026-06-23&hydrate=probablePitcher,team","2026-08-27T01:34:10.621Z","false"
"823681","2026-07-12","Taj Bradley","671737","671737","Taj Bradley","Minnesota Twins","2026-07-12T16:56:19.818Z","2026-07-12T18:10:00.000Z","Pre-Game","73.6697","NOT_VERIFIABLE","ID y nombre coinciden con MLB teams.home.probablePitcher, pero la respuesta consultada después del juego no incluye timestamp ni versión as-of anterior al inicio","true","true","MLB Stats API probablePitcher","https://statsapi.mlb.com/api/v1/schedule?sportId=1&date=2026-07-12&hydrate=probablePitcher,team","2026-08-27T01:34:10.621Z","false"
"823682","2026-07-11","Joe Ryan","657746","657746","Joe Ryan","Minnesota Twins","2026-07-11T15:44:52.855Z","2026-07-11T18:10:00.000Z","Pre-Game","145.119083","NOT_VERIFIABLE","ID y nombre coinciden con MLB teams.home.probablePitcher, pero la respuesta consultada después del juego no incluye timestamp ni versión as-of anterior al inicio","true","true","MLB Stats API probablePitcher","https://statsapi.mlb.com/api/v1/schedule?sportId=1&date=2026-07-11&hydrate=probablePitcher,team","2026-08-27T01:34:10.621Z","false"
"823683","2026-07-09","Bailey Ober","641927","641927","Bailey Ober","Minnesota Twins","2026-07-09T17:31:46.064Z","2026-07-09T17:40:00.000Z","Warmup","8.232267","NOT_VERIFIABLE","ID y nombre coinciden con MLB teams.home.probablePitcher, pero la respuesta consultada después del juego no incluye timestamp ni versión as-of anterior al inicio","true","true","MLB Stats API probablePitcher","https://statsapi.mlb.com/api/v1/schedule?sportId=1&date=2026-07-09&hydrate=probablePitcher,team","2026-08-27T01:34:10.621Z","false"
"823686","2026-06-28","Connor Prielipp","687570","687570","Connor Prielipp","Minnesota Twins","2026-06-28T18:07:28.268Z","2026-06-28T18:10:00.000Z","Warmup","2.528867","NOT_VERIFIABLE","ID y nombre coinciden con MLB teams.home.probablePitcher, pero la respuesta consultada después del juego no incluye timestamp ni versión as-of anterior al inicio","true","true","MLB Stats API probablePitcher","https://statsapi.mlb.com/api/v1/schedule?sportId=1&date=2026-06-28&hydrate=probablePitcher,team","2026-08-27T01:34:10.621Z","false"
"823687","2026-07-07","Taj Bradley","671737","671737","Taj Bradley","Minnesota Twins","2026-07-07T23:39:16.570Z","2026-07-07T23:40:00.000Z","Warmup","0.723833","NOT_VERIFIABLE","ID y nombre coinciden con MLB teams.home.probablePitcher, pero la respuesta consultada después del juego no incluye timestamp ni versión as-of anterior al inicio","true","true","MLB Stats API probablePitcher","https://statsapi.mlb.com/api/v1/schedule?sportId=1&date=2026-07-07&hydrate=probablePitcher,team","2026-08-27T01:34:10.621Z","false"
"823688","2026-06-26","Taj Bradley","671737","671737","Taj Bradley","Minnesota Twins","2026-06-27T00:07:52.622Z","2026-06-27T00:10:00.000Z","Warmup","2.122967","NOT_VERIFIABLE","ID y nombre coinciden con MLB teams.home.probablePitcher, pero la respuesta consultada después del juego no incluye timestamp ni versión as-of anterior al inicio","true","true","MLB Stats API probablePitcher","https://statsapi.mlb.com/api/v1/schedule?sportId=1&date=2026-06-26&hydrate=probablePitcher,team","2026-08-27T01:34:10.621Z","false"
"823689","2026-06-27","Mike Paredes","702474","702474","Mike Paredes","Minnesota Twins","2026-06-27T22:37:09.996Z","2026-06-27T23:10:00.000Z","Pre-Game","32.8334","NOT_VERIFIABLE","ID y nombre coinciden con MLB teams.home.probablePitcher, pero la respuesta consultada después del juego no incluye timestamp ni versión as-of anterior al inicio","true","true","MLB Stats API probablePitcher","https://statsapi.mlb.com/api/v1/schedule?sportId=1&date=2026-06-27&hydrate=probablePitcher,team","2026-08-27T01:34:10.621Z","false"
"823690","2026-06-23","Kendry Rojas","696070","696070","Kendry Rojas","Minnesota Twins","2026-06-23T23:00:28.238Z","2026-06-23T23:40:00.000Z","Pre-Game","39.529367","NOT_VERIFIABLE","ID y nombre coinciden con MLB teams.home.probablePitcher, pero la respuesta consultada después del juego no incluye timestamp ni versión as-of anterior al inicio","true","true","MLB Stats API probablePitcher","https://statsapi.mlb.com/api/v1/schedule?sportId=1&date=2026-06-23&hydrate=probablePitcher,team","2026-08-27T01:34:10.621Z","false"
"823691","2026-06-24","Joe Ryan","657746","657746","Joe Ryan","Minnesota Twins","2026-06-24T21:17:38.789Z","2026-06-24T23:40:00.000Z","Pre-Game","142.353517","NOT_VERIFIABLE","ID y nombre coinciden con MLB teams.home.probablePitcher, pero la respuesta consultada después del juego no incluye timestamp ni versión as-of anterior al inicio","true","true","MLB Stats API probablePitcher","https://statsapi.mlb.com/api/v1/schedule?sportId=1&date=2026-06-24&hydrate=probablePitcher,team","2026-08-27T01:34:10.621Z","false"
"823759","2026-07-24","Shane Drohan","675660","675660","Shane Drohan","Milwaukee Brewers","2026-07-24T19:49:34.172Z","2026-07-24T20:10:00.000Z","Warmup","20.430467","NOT_VERIFIABLE","ID y nombre coinciden con MLB teams.home.probablePitcher, pero la respuesta consultada después del juego no incluye timestamp ni versión as-of anterior al inicio","true","true","MLB Stats API probablePitcher","https://statsapi.mlb.com/api/v1/schedule?sportId=1&date=2026-07-24&hydrate=probablePitcher,team","2026-08-27T01:34:10.621Z","false"
"823760","2026-07-21","Brandon Sproat","687075","687075","Brandon Sproat","Milwaukee Brewers","2026-07-21T22:26:46.705Z","2026-07-21T23:40:00.000Z","Pre-Game","73.221583","NOT_VERIFIABLE","ID y nombre coinciden con MLB teams.home.probablePitcher, pero la respuesta consultada después del juego no incluye timestamp ni versión as-of anterior al inicio","true","true","MLB Stats API probablePitcher","https://statsapi.mlb.com/api/v1/schedule?sportId=1&date=2026-07-21&hydrate=probablePitcher,team","2026-08-27T01:34:10.621Z","false"
"823761","2026-07-22","Logan Henderson","701656","701656","Logan Henderson","Milwaukee Brewers","2026-07-22T18:09:24.069Z","2026-07-22T18:10:00.000Z","Warmup","0.59885","NOT_VERIFIABLE","ID y nombre coinciden con MLB teams.home.probablePitcher, pero la respuesta consultada después del juego no incluye timestamp ni versión as-of anterior al inicio","true","true","MLB Stats API probablePitcher","https://statsapi.mlb.com/api/v1/schedule?sportId=1&date=2026-07-22&hydrate=probablePitcher,team","2026-08-27T01:34:10.621Z","false"
"823764","2026-07-19","Robert Gasser","688107","688107","Robert Gasser","Milwaukee Brewers","2026-07-19T17:51:25.698Z","2026-07-19T18:10:00.000Z","Warmup","18.5717","NOT_VERIFIABLE","ID y nombre coinciden con MLB teams.home.probablePitcher, pero la respuesta consultada después del juego no incluye timestamp ni versión as-of anterior al inicio","true","true","MLB Stats API probablePitcher","https://statsapi.mlb.com/api/v1/schedule?sportId=1&date=2026-07-19&hydrate=probablePitcher,team","2026-08-27T01:34:10.621Z","false"
"823765","2026-07-02","Jacob Misiorowski","694819","694819","Jacob Misiorowski","Milwaukee Brewers","2026-07-02T17:22:34.971Z","2026-07-02T18:10:00.000Z","Pre-Game","47.41715","NOT_VERIFIABLE","ID y nombre coinciden con MLB teams.home.probablePitcher, pero la respuesta consultada después del juego no incluye timestamp ni versión as-of anterior al inicio","true","true","MLB Stats API probablePitcher","https://statsapi.mlb.com/api/v1/schedule?sportId=1&date=2026-07-02&hydrate=probablePitcher,team","2026-08-27T01:34:10.621Z","false"
"823766","2026-07-17","Logan Henderson","701656","701656","Logan Henderson","Milwaukee Brewers","2026-07-17T23:18:33.825Z","2026-07-17T23:40:00.000Z","Warmup","21.43625","NOT_VERIFIABLE","ID y nombre coinciden con MLB teams.home.probablePitcher, pero la respuesta consultada después del juego no incluye timestamp ni versión as-of anterior al inicio","true","true","MLB Stats API probablePitcher","https://statsapi.mlb.com/api/v1/schedule?sportId=1&date=2026-07-17&hydrate=probablePitcher,team","2026-08-27T01:34:10.621Z","false"
"823767","2026-07-01","Shane Drohan","675660","675660","Shane Drohan","Milwaukee Brewers","2026-07-01T23:50:25.781Z","2026-07-02T00:10:00.000Z","Pre-Game","19.570317","NOT_VERIFIABLE","ID y nombre coinciden con MLB teams.home.probablePitcher, pero la respuesta consultada después del juego no incluye timestamp ni versión as-of anterior al inicio","true","true","MLB Stats API probablePitcher","https://statsapi.mlb.com/api/v1/schedule?sportId=1&date=2026-07-01&hydrate=probablePitcher,team","2026-08-27T01:34:10.621Z","false"
"823768","2026-06-30","Brandon Sproat","687075","687075","Brandon Sproat","Milwaukee Brewers","2026-06-30T23:38:04.595Z","2026-06-30T23:40:00.000Z","Warmup","1.923417","NOT_VERIFIABLE","ID y nombre coinciden con MLB teams.home.probablePitcher, pero la respuesta consultada después del juego no incluye timestamp ni versión as-of anterior al inicio","true","true","MLB Stats API probablePitcher","https://statsapi.mlb.com/api/v1/schedule?sportId=1&date=2026-06-30&hydrate=probablePitcher,team","2026-08-27T01:34:10.621Z","false"
"823769","2026-06-28","Brandon Woodruff","605540","605540","Brandon Woodruff","Milwaukee Brewers","2026-06-28T18:07:34.899Z","2026-06-28T18:10:00.000Z","Warmup","2.41835","NOT_VERIFIABLE","ID y nombre coinciden con MLB teams.home.probablePitcher, pero la respuesta consultada después del juego no incluye timestamp ni versión as-of anterior al inicio","true","true","MLB Stats API probablePitcher","https://statsapi.mlb.com/api/v1/schedule?sportId=1&date=2026-06-28&hydrate=probablePitcher,team","2026-08-27T01:34:10.621Z","false"
"823770","2026-06-27","Kyle Harrison","690986","690986","Kyle Harrison","Milwaukee Brewers","2026-06-27T22:37:14.689Z","2026-06-27T23:10:00.000Z","Pre-Game","32.755183","NOT_VERIFIABLE","ID y nombre coinciden con MLB teams.home.probablePitcher, pero la respuesta consultada después del juego no incluye timestamp ni versión as-of anterior al inicio","true","true","MLB Stats API probablePitcher","https://statsapi.mlb.com/api/v1/schedule?sportId=1&date=2026-06-27&hydrate=probablePitcher,team","2026-08-27T01:34:10.621Z","false"
"823771","2026-06-29","Robert Gasser","688107","688107","Robert Gasser","Milwaukee Brewers","2026-06-29T22:55:14.698Z","2026-06-29T23:40:00.000Z","Pre-Game","44.755033","NOT_VERIFIABLE","ID y nombre coinciden con MLB teams.home.probablePitcher, pero la respuesta consultada después del juego no incluye timestamp ni versión as-of anterior al inicio","true","true","MLB Stats API probablePitcher","https://statsapi.mlb.com/api/v1/schedule?sportId=1&date=2026-06-29&hydrate=probablePitcher,team","2026-08-27T01:34:10.621Z","false"
"823773","2026-06-26","Jacob Misiorowski","694819","694819","Jacob Misiorowski","Milwaukee Brewers","2026-06-26T23:39:50.217Z","2026-06-26T23:45:00.000Z","Warmup","5.16305","NOT_VERIFIABLE","ID y nombre coinciden con MLB teams.home.probablePitcher, pero la respuesta consultada después del juego no incluye timestamp ni versión as-of anterior al inicio","true","true","MLB Stats API probablePitcher","https://statsapi.mlb.com/api/v1/schedule?sportId=1&date=2026-06-26&hydrate=probablePitcher,team","2026-08-27T01:34:10.621Z","false"
"823837","2026-07-29","Ryan Gusto","687473","687473","Ryan Gusto","Miami Marlins","2026-07-29T14:56:27.140Z","2026-07-29T16:10:00.000Z","Pre-Game","73.547667","NOT_VERIFIABLE","ID y nombre coinciden con MLB teams.home.probablePitcher, pero la respuesta consultada después del juego no incluye timestamp ni versión as-of anterior al inicio","true","true","MLB Stats API probablePitcher","https://statsapi.mlb.com/api/v1/schedule?sportId=1&date=2026-07-29&hydrate=probablePitcher,team","2026-08-27T01:34:10.621Z","false"
"823842","2026-07-12","Tyler Phillips","663969","663969","Tyler Phillips","Miami Marlins","2026-07-12T16:56:23.016Z","2026-07-12T17:40:00.000Z","Pre-Game","43.6164","NOT_VERIFIABLE","ID y nombre coinciden con MLB teams.home.probablePitcher, pero la respuesta consultada después del juego no incluye timestamp ni versión as-of anterior al inicio","true","true","MLB Stats API probablePitcher","https://statsapi.mlb.com/api/v1/schedule?sportId=1&date=2026-07-12&hydrate=probablePitcher,team","2026-08-27T01:34:10.621Z","false"
"823843","2026-07-24","Ryan Gusto","687473","687473","Ryan Gusto","Miami Marlins","2026-07-24T19:49:37.371Z","2026-07-24T23:10:00.000Z","Pre-Game","200.37715","NOT_VERIFIABLE","ID y nombre coinciden con MLB teams.home.probablePitcher, pero la respuesta consultada después del juego no incluye timestamp ni versión as-of anterior al inicio","true","true","MLB Stats API probablePitcher","https://statsapi.mlb.com/api/v1/schedule?sportId=1&date=2026-07-24&hydrate=probablePitcher,team","2026-08-27T01:34:10.621Z","false"
"823846","2026-07-09","Janson Junk","676083","676083","Janson Junk","Miami Marlins","2026-07-09T21:01:56.985Z","2026-07-09T22:40:00.000Z","Pre-Game","98.05025","NOT_VERIFIABLE","ID y nombre coinciden con MLB teams.home.probablePitcher, pero la respuesta consultada después del juego no incluye timestamp ni versión as-of anterior al inicio","true","true","MLB Stats API probablePitcher","https://statsapi.mlb.com/api/v1/schedule?sportId=1&date=2026-07-09&hydrate=probablePitcher,team","2026-08-27T01:34:10.621Z","false"
"823847","2026-07-07","Max Meyer","676974","676974","Max Meyer","Miami Marlins","2026-07-07T21:48:32.882Z","2026-07-07T22:40:00.000Z","Pre-Game","51.451967","NOT_VERIFIABLE","ID y nombre coinciden con MLB teams.home.probablePitcher, pero la respuesta consultada después del juego no incluye timestamp ni versión as-of anterior al inicio","true","true","MLB Stats API probablePitcher","https://statsapi.mlb.com/api/v1/schedule?sportId=1&date=2026-07-07&hydrate=probablePitcher,team","2026-08-27T01:34:10.621Z","false"
"823848","2026-07-08","Tyler Phillips","663969","663969","Tyler Phillips","Miami Marlins","2026-07-08T20:22:54.541Z","2026-07-08T22:40:00.000Z","Pre-Game","137.090983","NOT_VERIFIABLE","ID y nombre coinciden con MLB teams.home.probablePitcher, pero la respuesta consultada después del juego no incluye timestamp ni versión as-of anterior al inicio","true","true","MLB Stats API probablePitcher","https://statsapi.mlb.com/api/v1/schedule?sportId=1&date=2026-07-08&hydrate=probablePitcher,team","2026-08-27T01:34:10.621Z","false"
"823849","2026-06-23","Sandy Alcantara","645261","645261","Sandy Alcantara","Miami Marlins","2026-06-23T21:42:19.556Z","2026-06-23T22:40:00.000Z","Pre-Game","57.674067","NOT_VERIFIABLE","ID y nombre coinciden con MLB teams.home.probablePitcher, pero la respuesta consultada después del juego no incluye timestamp ni versión as-of anterior al inicio","true","true","MLB Stats API probablePitcher","https://statsapi.mlb.com/api/v1/schedule?sportId=1&date=2026-06-23&hydrate=probablePitcher,team","2026-08-27T01:34:10.621Z","false"
"823850","2026-06-24","Eury Pérez","691587","691587","Eury Pérez","Miami Marlins","2026-06-24T16:02:45.541Z","2026-06-24T16:10:00.000Z","Warmup","7.240983","NOT_VERIFIABLE","ID y nombre coinciden con MLB teams.home.probablePitcher, pero la respuesta consultada después del juego no incluye timestamp ni versión as-of anterior al inicio","true","true","MLB Stats API probablePitcher","https://statsapi.mlb.com/api/v1/schedule?sportId=1&date=2026-06-24&hydrate=probablePitcher,team","2026-08-27T01:34:10.621Z","false"
"823925","2026-07-12","Emmet Sheehan","686218","686218","Emmet Sheehan","Los Angeles Dodgers","2026-07-12T20:00:56.841Z","2026-07-12T20:10:00.000Z","Warmup","9.05265","NOT_VERIFIABLE","ID y nombre coinciden con MLB teams.home.probablePitcher, pero la respuesta consultada después del juego no incluye timestamp ni versión as-of anterior al inicio","true","true","MLB Stats API probablePitcher","https://statsapi.mlb.com/api/v1/schedule?sportId=1&date=2026-07-12&hydrate=probablePitcher,team","2026-08-27T01:34:10.621Z","false"
"823926","2026-07-11","Yoshinobu Yamamoto","808967","808967","Yoshinobu Yamamoto","Los Angeles Dodgers","2026-07-11T21:46:21.812Z","2026-07-12T01:10:00.000Z","Pre-Game","203.636467","NOT_VERIFIABLE","ID y nombre coinciden con MLB teams.home.probablePitcher, pero la respuesta consultada después del juego no incluye timestamp ni versión as-of anterior al inicio","true","true","MLB Stats API probablePitcher","https://statsapi.mlb.com/api/v1/schedule?sportId=1&date=2026-07-11&hydrate=probablePitcher,team","2026-08-27T01:34:10.621Z","false"
"823928","2026-07-08","Roki Sasaki","808963","808963","Roki Sasaki","Los Angeles Dodgers","2026-07-09T01:49:49.097Z","2026-07-09T02:10:00.000Z","Warmup","20.181717","NOT_VERIFIABLE","ID y nombre coinciden con MLB teams.home.probablePitcher, pero la respuesta consultada después del juego no incluye timestamp ni versión as-of anterior al inicio","true","true","MLB Stats API probablePitcher","https://statsapi.mlb.com/api/v1/schedule?sportId=1&date=2026-07-08&hydrate=probablePitcher,team","2026-08-27T01:34:10.621Z","false"
"823929","2026-07-07","Justin Wrobleski","680736","680736","Justin Wrobleski","Los Angeles Dodgers","2026-07-08T01:40:05.292Z","2026-07-08T02:10:00.000Z","Pre-Game","29.9118","NOT_VERIFIABLE","ID y nombre coinciden con MLB teams.home.probablePitcher, pero la respuesta consultada después del juego no incluye timestamp ni versión as-of anterior al inicio","true","true","MLB Stats API probablePitcher","https://statsapi.mlb.com/api/v1/schedule?sportId=1&date=2026-07-07&hydrate=probablePitcher,team","2026-08-27T01:34:10.621Z","false"
"823930","2026-07-06","Eric Lauer","641778","641778","Eric Lauer","Los Angeles Dodgers","2026-07-07T01:55:45.651Z","2026-07-07T02:10:00.000Z","Warmup","14.23915","NOT_VERIFIABLE","ID y nombre coinciden con MLB teams.home.probablePitcher, pero la respuesta consultada después del juego no incluye timestamp ni versión as-of anterior al inicio","true","true","MLB Stats API probablePitcher","https://statsapi.mlb.com/api/v1/schedule?sportId=1&date=2026-07-06&hydrate=probablePitcher,team","2026-08-27T01:34:10.621Z","false"
"823931","2026-07-05","Emmet Sheehan","686218","686218","Emmet Sheehan","Los Angeles Dodgers","2026-07-05T23:06:55.458Z","2026-07-05T23:20:00.000Z","Warmup","13.0757","NOT_VERIFIABLE","ID y nombre coinciden con MLB teams.home.probablePitcher, pero la respuesta consultada después del juego no incluye timestamp ni versión as-of anterior al inicio","true","true","MLB Stats API probablePitcher","https://statsapi.mlb.com/api/v1/schedule?sportId=1&date=2026-07-05&hydrate=probablePitcher,team","2026-08-27T01:34:10.621Z","false"
"823932","2026-07-04","Yoshinobu Yamamoto","808967","808967","Yoshinobu Yamamoto","Los Angeles Dodgers","2026-07-05T02:00:18.082Z","2026-07-05T02:10:00.000Z","Warmup","9.698633","NOT_VERIFIABLE","ID y nombre coinciden con MLB teams.home.probablePitcher, pero la respuesta consultada después del juego no incluye timestamp ni versión as-of anterior al inicio","true","true","MLB Stats API probablePitcher","https://statsapi.mlb.com/api/v1/schedule?sportId=1&date=2026-07-04&hydrate=probablePitcher,team","2026-08-27T01:34:10.621Z","false"
"823933","2026-07-03","Shohei Ohtani","660271","660271","Shohei Ohtani","Los Angeles Dodgers","2026-07-03T23:50:56.292Z","2026-07-04T02:10:00.000Z","Pre-Game","139.0618","NOT_VERIFIABLE","ID y nombre coinciden con MLB teams.home.probablePitcher, pero la respuesta consultada después del juego no incluye timestamp ni versión as-of anterior al inicio","true","true","MLB Stats API probablePitcher","https://statsapi.mlb.com/api/v1/schedule?sportId=1&date=2026-07-03&hydrate=probablePitcher,team","2026-08-27T01:34:10.621Z","false"
"824004","2026-07-22","Reid Detmers","672282","672282","Reid Detmers","Los Angeles Angels","2026-07-22T19:28:12.494Z","2026-07-22T20:07:00.000Z","Pre-Game","38.791767","NOT_VERIFIABLE","ID y nombre coinciden con MLB teams.home.probablePitcher, pero la respuesta consultada después del juego no incluye timestamp ni versión as-of anterior al inicio","true","true","MLB Stats API probablePitcher","https://statsapi.mlb.com/api/v1/schedule?sportId=1&date=2026-07-22&hydrate=probablePitcher,team","2026-08-27T01:34:10.621Z","false"
"824005","2026-07-21","Walbert Ureña","700712","700712","Walbert Ureña","Los Angeles Angels","2026-07-21T22:26:49.904Z","2026-07-22T01:38:00.000Z","Pre-Game","191.168267","NOT_VERIFIABLE","ID y nombre coinciden con MLB teams.home.probablePitcher, pero la respuesta consultada después del juego no incluye timestamp ni versión as-of anterior al inicio","true","true","MLB Stats API probablePitcher","https://statsapi.mlb.com/api/v1/schedule?sportId=1&date=2026-07-21&hydrate=probablePitcher,team","2026-08-27T01:34:10.621Z","false"
"824007","2026-07-19","Ryan Johnson","696270","696270","Ryan Johnson","Los Angeles Angels","2026-07-19T19:08:36.312Z","2026-07-19T20:07:00.000Z","Pre-Game","58.3948","NOT_VERIFIABLE","ID y nombre coinciden con MLB teams.home.probablePitcher, pero la respuesta consultada después del juego no incluye timestamp ni versión as-of anterior al inicio","true","true","MLB Stats API probablePitcher","https://statsapi.mlb.com/api/v1/schedule?sportId=1&date=2026-07-19&hydrate=probablePitcher,team","2026-08-27T01:34:10.621Z","false"
"824009","2026-07-17","Reid Detmers","672282","672282","Reid Detmers","Los Angeles Angels","2026-07-18T01:37:03.499Z","2026-07-18T01:38:00.000Z","Warmup","0.941683","NOT_VERIFIABLE","ID y nombre coinciden con MLB teams.home.probablePitcher, pero la respuesta consultada después del juego no incluye timestamp ni versión as-of anterior al inicio","true","true","MLB Stats API probablePitcher","https://statsapi.mlb.com/api/v1/schedule?sportId=1&date=2026-07-17&hydrate=probablePitcher,team","2026-08-27T01:34:10.621Z","false"
"824010","2026-07-05","Ryan Johnson","696270","696270","Ryan Johnson","Los Angeles Angels","2026-07-06T00:32:52.215Z","2026-07-06T01:30:00.000Z","Pre-Game","57.12975","NOT_VERIFIABLE","ID y nombre coinciden con MLB teams.home.probablePitcher, pero la respuesta consultada después del juego no incluye timestamp ni versión as-of anterior al inicio","true","true","MLB Stats API probablePitcher","https://statsapi.mlb.com/api/v1/schedule?sportId=1&date=2026-07-05&hydrate=probablePitcher,team","2026-08-27T01:34:10.621Z","false"
"824011","2026-06-28","Sam Aldegheri","691951","691951","Sam Aldegheri","Los Angeles Angels","2026-06-28T19:14:12.583Z","2026-06-28T19:15:00.000Z","Warmup","0.790283","NOT_VERIFIABLE","ID y nombre coinciden con MLB teams.home.probablePitcher, pero la respuesta consultada después del juego no incluye timestamp ni versión as-of anterior al inicio","true","true","MLB Stats API probablePitcher","https://statsapi.mlb.com/api/v1/schedule?sportId=1&date=2026-06-28&hydrate=probablePitcher,team","2026-08-27T01:34:10.621Z","false"
"824012","2026-07-04","Sam Aldegheri","691951","691951","Sam Aldegheri","Los Angeles Angels","2026-07-05T01:32:05.087Z","2026-07-05T01:38:00.000Z","Warmup","5.915217","NOT_VERIFIABLE","ID y nombre coinciden con MLB teams.home.probablePitcher, pero la respuesta consultada después del juego no incluye timestamp ni versión as-of anterior al inicio","true","true","MLB Stats API probablePitcher","https://statsapi.mlb.com/api/v1/schedule?sportId=1&date=2026-07-04&hydrate=probablePitcher,team","2026-08-27T01:34:10.621Z","false"
"824013","2026-07-03","Reid Detmers","672282","672282","Reid Detmers","Los Angeles Angels","2026-07-03T23:51:05.375Z","2026-07-04T01:38:00.000Z","Pre-Game","106.910417","NOT_VERIFIABLE","ID y nombre coinciden con MLB teams.home.probablePitcher, pero la respuesta consultada después del juego no incluye timestamp ni versión as-of anterior al inicio","true","true","MLB Stats API probablePitcher","https://statsapi.mlb.com/api/v1/schedule?sportId=1&date=2026-07-03&hydrate=probablePitcher,team","2026-08-27T01:34:10.621Z","false"
"824014","2026-06-26","Walbert Ureña","700712","700712","Walbert Ureña","Los Angeles Angels","2026-06-27T01:36:56.429Z","2026-06-27T01:38:00.000Z","Warmup","1.059517","NOT_VERIFIABLE","ID y nombre coinciden con MLB teams.home.probablePitcher, pero la respuesta consultada después del juego no incluye timestamp ni versión as-of anterior al inicio","true","true","MLB Stats API probablePitcher","https://statsapi.mlb.com/api/v1/schedule?sportId=1&date=2026-06-26&hydrate=probablePitcher,team","2026-08-27T01:34:10.621Z","false"
"824015","2026-06-27","Reid Detmers","672282","672282","Reid Detmers","Los Angeles Angels","2026-06-28T01:27:43.327Z","2026-06-28T01:38:00.000Z","Warmup","10.277883","NOT_VERIFIABLE","ID y nombre coinciden con MLB teams.home.probablePitcher, pero la respuesta consultada después del juego no incluye timestamp ni versión as-of anterior al inicio","true","true","MLB Stats API probablePitcher","https://statsapi.mlb.com/api/v1/schedule?sportId=1&date=2026-06-27&hydrate=probablePitcher,team","2026-08-27T01:34:10.621Z","false"
"824017","2026-06-23","Ryan Johnson","696270","696270","Ryan Johnson","Los Angeles Angels","2026-06-24T00:56:43.812Z","2026-06-24T01:38:00.000Z","Pre-Game","41.2698","NOT_VERIFIABLE","ID y nombre coinciden con MLB teams.home.probablePitcher, pero la respuesta consultada después del juego no incluye timestamp ni versión as-of anterior al inicio","true","true","MLB Stats API probablePitcher","https://statsapi.mlb.com/api/v1/schedule?sportId=1&date=2026-06-23&hydrate=probablePitcher,team","2026-08-27T01:34:10.621Z","false"
"824018","2026-06-24","José Soriano","667755","667755","José Soriano","Los Angeles Angels","2026-06-24T20:06:43.608Z","2026-06-24T20:07:00.000Z","Warmup","0.2732","NOT_VERIFIABLE","ID y nombre coinciden con MLB teams.home.probablePitcher, pero la respuesta consultada después del juego no incluye timestamp ni versión as-of anterior al inicio","true","true","MLB Stats API probablePitcher","https://statsapi.mlb.com/api/v1/schedule?sportId=1&date=2026-06-24&hydrate=probablePitcher,team","2026-08-27T01:34:10.621Z","false"
"824083","2026-07-22","Seth Lugo","607625","607625","Seth Lugo","Kansas City Royals","2026-07-22T18:07:20.465Z","2026-07-22T18:10:00.000Z","Warmup","2.658917","NOT_VERIFIABLE","ID y nombre coinciden con MLB teams.home.probablePitcher, pero la respuesta consultada después del juego no incluye timestamp ni versión as-of anterior al inicio","true","true","MLB Stats API probablePitcher","https://statsapi.mlb.com/api/v1/schedule?sportId=1&date=2026-07-22&hydrate=probablePitcher,team","2026-08-27T01:34:10.621Z","false"
"824085","2026-07-21","Luinder Avila","679883","679883","Luinder Avila","Kansas City Royals","2026-07-21T22:26:52.897Z","2026-07-21T23:40:00.000Z","Pre-Game","73.118383","NOT_VERIFIABLE","ID y nombre coinciden con MLB teams.home.probablePitcher, pero la respuesta consultada después del juego no incluye timestamp ni versión as-of anterior al inicio","true","true","MLB Stats API probablePitcher","https://statsapi.mlb.com/api/v1/schedule?sportId=1&date=2026-07-21&hydrate=probablePitcher,team","2026-08-27T01:34:10.621Z","false"
"824086","2026-07-19","Noah Cameron","702070","702070","Noah Cameron","Kansas City Royals","2026-07-19T17:51:22.682Z","2026-07-19T18:10:00.000Z","Warmup","18.621967","NOT_VERIFIABLE","ID y nombre coinciden con MLB teams.home.probablePitcher, pero la respuesta consultada después del juego no incluye timestamp ni versión as-of anterior al inicio","true","true","MLB Stats API probablePitcher","https://statsapi.mlb.com/api/v1/schedule?sportId=1&date=2026-07-19&hydrate=probablePitcher,team","2026-08-27T01:34:10.621Z","false"
"824089","2026-07-06","Noah Cameron","702070","702070","Noah Cameron","Kansas City Royals","2026-07-06T17:11:47.356Z","2026-07-06T18:10:00.000Z","Pre-Game","58.210733","NOT_VERIFIABLE","ID y nombre coinciden con MLB teams.home.probablePitcher, pero la respuesta consultada después del juego no incluye timestamp ni versión as-of anterior al inicio","true","true","MLB Stats API probablePitcher","https://statsapi.mlb.com/api/v1/schedule?sportId=1&date=2026-07-06&hydrate=probablePitcher,team","2026-08-27T01:34:10.621Z","false"
"824090","2026-07-17","Seth Lugo","607625","607625","Seth Lugo","Kansas City Royals","2026-07-17T23:18:39.522Z","2026-07-18T00:10:00.000Z","Pre-Game","51.3413","NOT_VERIFIABLE","ID y nombre coinciden con MLB teams.home.probablePitcher, pero la respuesta consultada después del juego no incluye timestamp ni versión as-of anterior al inicio","true","true","MLB Stats API probablePitcher","https://statsapi.mlb.com/api/v1/schedule?sportId=1&date=2026-07-17&hydrate=probablePitcher,team","2026-08-27T01:34:10.621Z","false"
"824091","2026-07-05","Luinder Avila","679883","679883","Luinder Avila","Kansas City Royals","2026-07-05T18:57:19.562Z","2026-07-05T19:00:00.000Z","Warmup","2.673967","NOT_VERIFIABLE","ID y nombre coinciden con MLB teams.home.probablePitcher, pero la respuesta consultada después del juego no incluye timestamp ni versión as-of anterior al inicio","true","true","MLB Stats API probablePitcher","https://statsapi.mlb.com/api/v1/schedule?sportId=1&date=2026-07-05&hydrate=probablePitcher,team","2026-08-27T01:34:10.621Z","false"
"824093","2026-07-02","Stephen Kolek","663568","663568","Stephen Kolek","Kansas City Royals","2026-07-02T21:57:47.960Z","2026-07-02T23:40:00.000Z","Pre-Game","102.200667","NOT_VERIFIABLE","ID y nombre coinciden con MLB teams.home.probablePitcher, pero la respuesta consultada después del juego no incluye timestamp ni versión as-of anterior al inicio","true","true","MLB Stats API probablePitcher","https://statsapi.mlb.com/api/v1/schedule?sportId=1&date=2026-07-02&hydrate=probablePitcher,team","2026-08-27T01:34:10.621Z","false"
"824094","2026-07-01","Seth Lugo","607625","607625","Seth Lugo","Kansas City Royals","2026-07-01T23:01:22.753Z","2026-07-01T23:40:00.000Z","Pre-Game","38.620783","NOT_VERIFIABLE","ID y nombre coinciden con MLB teams.home.probablePitcher, pero la respuesta consultada después del juego no incluye timestamp ni versión as-of anterior al inicio","true","true","MLB Stats API probablePitcher","https://statsapi.mlb.com/api/v1/schedule?sportId=1&date=2026-07-01&hydrate=probablePitcher,team","2026-08-27T01:34:10.621Z","false"
"824096","2026-06-30","Noah Cameron","702070","702070","Noah Cameron","Kansas City Royals","2026-06-30T23:37:05.216Z","2026-06-30T23:40:00.000Z","Warmup","2.913067","NOT_VERIFIABLE","ID y nombre coinciden con MLB teams.home.probablePitcher, pero la respuesta consultada después del juego no incluye timestamp ni versión as-of anterior al inicio","true","true","MLB Stats API probablePitcher","https://statsapi.mlb.com/api/v1/schedule?sportId=1&date=2026-06-30&hydrate=probablePitcher,team","2026-08-27T01:34:10.621Z","false"
"824165","2026-07-21","Tatsuya Imai","837227","837227","Tatsuya Imai","Houston Astros","2026-07-21T22:26:55.795Z","2026-07-22T00:10:00.000Z","Pre-Game","103.070083","NOT_VERIFIABLE","ID y nombre coinciden con MLB teams.home.probablePitcher, pero la respuesta consultada después del juego no incluye timestamp ni versión as-of anterior al inicio","true","true","MLB Stats API probablePitcher","https://statsapi.mlb.com/api/v1/schedule?sportId=1&date=2026-07-21&hydrate=probablePitcher,team","2026-08-27T01:34:10.621Z","false"
"824168","2026-07-19","Hunter Brown","686613","686613","Hunter Brown","Houston Astros","2026-07-19T17:51:18.997Z","2026-07-19T18:10:00.000Z","Warmup","18.683383","NOT_VERIFIABLE","ID y nombre coinciden con MLB teams.home.probablePitcher, pero la respuesta consultada después del juego no incluye timestamp ni versión as-of anterior al inicio","true","true","MLB Stats API probablePitcher","https://statsapi.mlb.com/api/v1/schedule?sportId=1&date=2026-07-19&hydrate=probablePitcher,team","2026-08-27T01:34:10.621Z","false"
"824170","2026-07-17","Peter Lambert","663567","663567","Peter Lambert","Houston Astros","2026-07-17T23:18:42.220Z","2026-07-18T00:10:00.000Z","Pre-Game","51.296333","NOT_VERIFIABLE","ID y nombre coinciden con MLB teams.home.probablePitcher, pero la respuesta consultada después del juego no incluye timestamp ni versión as-of anterior al inicio","true","true","MLB Stats API probablePitcher","https://statsapi.mlb.com/api/v1/schedule?sportId=1&date=2026-07-17&hydrate=probablePitcher,team","2026-08-27T01:34:10.621Z","false"
"824172","2026-07-05","Peter Lambert","663567","663567","Peter Lambert","Houston Astros","2026-07-05T19:22:20.784Z","2026-07-05T19:30:00.000Z","Warmup","7.6536","NOT_VERIFIABLE","ID y nombre coinciden con MLB teams.home.probablePitcher, pero la respuesta consultada después del juego no incluye timestamp ni versión as-of anterior al inicio","true","true","MLB Stats API probablePitcher","https://statsapi.mlb.com/api/v1/schedule?sportId=1&date=2026-07-05&hydrate=probablePitcher,team","2026-08-27T01:34:10.621Z","false"
"824173","2026-07-03","Spencer Arrighetti","681293","681293","Spencer Arrighetti","Houston Astros","2026-07-03T23:51:14.493Z","2026-07-04T00:15:00.000Z","Pre-Game","23.75845","NOT_VERIFIABLE","ID y nombre coinciden con MLB teams.home.probablePitcher, pero la respuesta consultada después del juego no incluye timestamp ni versión as-of anterior al inicio","true","true","MLB Stats API probablePitcher","https://statsapi.mlb.com/api/v1/schedule?sportId=1&date=2026-07-03&hydrate=probablePitcher,team","2026-08-27T01:34:10.621Z","false"
"824174","2026-07-01","Tatsuya Imai","837227","837227","Tatsuya Imai","Houston Astros","2026-07-01T23:50:38.800Z","2026-07-02T00:10:00.000Z","Warmup","19.353333","NOT_VERIFIABLE","ID y nombre coinciden con MLB teams.home.probablePitcher, pero la respuesta consultada después del juego no incluye timestamp ni versión as-of anterior al inicio","true","true","MLB Stats API probablePitcher","https://statsapi.mlb.com/api/v1/schedule?sportId=1&date=2026-07-01&hydrate=probablePitcher,team","2026-08-27T01:34:10.621Z","false"
"824175","2026-06-30","Mike Burrows","681347","681347","Mike Burrows","Houston Astros","2026-07-01T00:02:56.722Z","2026-07-01T00:10:00.000Z","Warmup","7.054633","NOT_VERIFIABLE","ID y nombre coinciden con MLB teams.home.probablePitcher, pero la respuesta consultada después del juego no incluye timestamp ni versión as-of anterior al inicio","true","true","MLB Stats API probablePitcher","https://statsapi.mlb.com/api/v1/schedule?sportId=1&date=2026-06-30&hydrate=probablePitcher,team","2026-08-27T01:34:10.621Z","false"
"824176","2026-06-29","Peter Lambert","663567","663567","Peter Lambert","Houston Astros","2026-06-29T23:57:30.964Z","2026-06-30T00:10:00.000Z","Warmup","12.483933","NOT_VERIFIABLE","ID y nombre coinciden con MLB teams.home.probablePitcher, pero la respuesta consultada después del juego no incluye timestamp ni versión as-of anterior al inicio","true","true","MLB Stats API probablePitcher","https://statsapi.mlb.com/api/v1/schedule?sportId=1&date=2026-06-29&hydrate=probablePitcher,team","2026-08-27T01:34:10.621Z","false"
"824248","2026-07-24","Tarik Skubal","669373","669373","Tarik Skubal","Detroit Tigers","2026-07-24T19:49:41.378Z","2026-07-24T22:40:00.000Z","Pre-Game","170.310367","NOT_VERIFIABLE","ID y nombre coinciden con MLB teams.home.probablePitcher, pero la respuesta consultada después del juego no incluye timestamp ni versión as-of anterior al inicio","true","true","MLB Stats API probablePitcher","https://statsapi.mlb.com/api/v1/schedule?sportId=1&date=2026-07-24&hydrate=probablePitcher,team","2026-08-27T01:34:10.621Z","false"
"824249","2026-07-11","Casey Mize","663554","663554","Casey Mize","Detroit Tigers","2026-07-11T21:46:28.408Z","2026-07-11T22:10:00.000Z","Warmup","23.526533","NOT_VERIFIABLE","ID y nombre coinciden con MLB teams.home.probablePitcher, pero la respuesta consultada después del juego no incluye timestamp ni versión as-of anterior al inicio","true","true","MLB Stats API probablePitcher","https://statsapi.mlb.com/api/v1/schedule?sportId=1&date=2026-07-11&hydrate=probablePitcher,team","2026-08-27T01:34:10.621Z","false"
"824250","2026-07-12","Tarik Skubal","669373","669373","Tarik Skubal","Detroit Tigers","2026-07-12T16:56:30.524Z","2026-07-12T17:40:00.000Z","Pre-Game","43.491267","NOT_VERIFIABLE","ID y nombre coinciden con MLB teams.home.probablePitcher, pero la respuesta consultada después del juego no incluye timestamp ni versión as-of anterior al inicio","true","true","MLB Stats API probablePitcher","https://statsapi.mlb.com/api/v1/schedule?sportId=1&date=2026-07-12&hydrate=probablePitcher,team","2026-08-27T01:34:10.621Z","false"
"824251","2026-07-09","Framber Valdez","664285","664285","Framber Valdez","Detroit Tigers","2026-07-09T21:01:59.501Z","2026-07-09T22:40:00.000Z","Pre-Game","98.008317","NOT_VERIFIABLE","ID y nombre coinciden con MLB teams.home.probablePitcher, pero la respuesta consultada después del juego no incluye timestamp ni versión as-of anterior al inicio","true","true","MLB Stats API probablePitcher","https://statsapi.mlb.com/api/v1/schedule?sportId=1&date=2026-07-09&hydrate=probablePitcher,team","2026-08-27T01:34:10.621Z","false"
"824252","2026-07-10","Jack Flaherty","656427","656427","Jack Flaherty","Detroit Tigers","2026-07-10T20:35:25.992Z","2026-07-10T22:40:00.000Z","Pre-Game","124.5668","NOT_VERIFIABLE","ID y nombre coinciden con MLB teams.home.probablePitcher, pero la respuesta consultada después del juego no incluye timestamp ni versión as-of anterior al inicio","true","true","MLB Stats API probablePitcher","https://statsapi.mlb.com/api/v1/schedule?sportId=1&date=2026-07-10&hydrate=probablePitcher,team","2026-08-27T01:34:10.621Z","false"
"824253","2026-07-08","Troy Melton","675512","675512","Troy Melton","Detroit Tigers","2026-07-08T20:23:09.843Z","2026-07-08T22:40:00.000Z","Pre-Game","136.83595","NOT_VERIFIABLE","ID y nombre coinciden con MLB teams.home.probablePitcher, pero la respuesta consultada después del juego no incluye timestamp ni versión as-of anterior al inicio","true","true","MLB Stats API probablePitcher","https://statsapi.mlb.com/api/v1/schedule?sportId=1&date=2026-07-08&hydrate=probablePitcher,team","2026-08-27T01:34:10.621Z","false"
"824254","2026-07-07","Tarik Skubal","669373","669373","Tarik Skubal","Detroit Tigers","2026-07-07T21:48:48.053Z","2026-07-07T22:40:00.000Z","Pre-Game","51.199117","NOT_VERIFIABLE","ID y nombre coinciden con MLB teams.home.probablePitcher, pero la respuesta consultada después del juego no incluye timestamp ni versión as-of anterior al inicio","true","true","MLB Stats API probablePitcher","https://statsapi.mlb.com/api/v1/schedule?sportId=1&date=2026-07-07&hydrate=probablePitcher,team","2026-08-27T01:34:10.621Z","false"
"824255","2026-06-26","Keider Montero","672456","672456","Keider Montero","Detroit Tigers","2026-06-26T22:38:41.029Z","2026-06-26T22:40:00.000Z","Warmup","1.316183","NOT_VERIFIABLE","ID y nombre coinciden con MLB teams.home.probablePitcher, pero la respuesta consultada después del juego no incluye timestamp ni versión as-of anterior al inicio","true","true","MLB Stats API probablePitcher","https://statsapi.mlb.com/api/v1/schedule?sportId=1&date=2026-06-26&hydrate=probablePitcher,team","2026-08-27T01:34:10.621Z","false"
"824256","2026-06-28","Jack Flaherty","656427","656427","Jack Flaherty","Detroit Tigers","2026-06-28T17:25:30.887Z","2026-06-28T17:40:00.000Z","Warmup","14.485217","NOT_VERIFIABLE","ID y nombre coinciden con MLB teams.home.probablePitcher, pero la respuesta consultada después del juego no incluye timestamp ni versión as-of anterior al inicio","true","true","MLB Stats API probablePitcher","https://statsapi.mlb.com/api/v1/schedule?sportId=1&date=2026-06-28&hydrate=probablePitcher,team","2026-08-27T01:34:10.621Z","false"
"824257","2026-06-27","Framber Valdez","664285","664285","Framber Valdez","Detroit Tigers","2026-06-27T16:54:15.925Z","2026-06-27T17:10:00.000Z","Warmup","15.734583","NOT_VERIFIABLE","ID y nombre coinciden con MLB teams.home.probablePitcher, pero la respuesta consultada después del juego no incluye timestamp ni versión as-of anterior al inicio","true","true","MLB Stats API probablePitcher","https://statsapi.mlb.com/api/v1/schedule?sportId=1&date=2026-06-27&hydrate=probablePitcher,team","2026-08-27T01:34:10.621Z","false"
"824259","2026-06-24","Tarik Skubal","669373","669373","Tarik Skubal","Detroit Tigers","2026-06-24T21:17:48.096Z","2026-06-24T22:40:00.000Z","Pre-Game","82.1984","NOT_VERIFIABLE","ID y nombre coinciden con MLB teams.home.probablePitcher, pero la respuesta consultada después del juego no incluye timestamp ni versión as-of anterior al inicio","true","true","MLB Stats API probablePitcher","https://statsapi.mlb.com/api/v1/schedule?sportId=1&date=2026-06-24&hydrate=probablePitcher,team","2026-08-27T01:34:10.621Z","false"
"824262","2026-06-23","Casey Mize","663554","663554","Casey Mize","Detroit Tigers","2026-06-23T21:42:25.265Z","2026-06-23T22:40:00.000Z","Pre-Game","57.578917","NOT_VERIFIABLE","ID y nombre coinciden con MLB teams.home.probablePitcher, pero la respuesta consultada después del juego no incluye timestamp ni versión as-of anterior al inicio","true","true","MLB Stats API probablePitcher","https://statsapi.mlb.com/api/v1/schedule?sportId=1&date=2026-06-23&hydrate=probablePitcher,team","2026-08-27T01:34:10.621Z","false"
"824327","2026-07-22","Gabriel Hughes","687312","687312","Gabriel Hughes","Colorado Rockies","2026-07-22T18:27:36.753Z","2026-07-22T19:10:00.000Z","Pre-Game","42.38745","NOT_VERIFIABLE","ID y nombre coinciden con MLB teams.home.probablePitcher, pero la respuesta consultada después del juego no incluye timestamp ni versión as-of anterior al inicio","true","true","MLB Stats API probablePitcher","https://statsapi.mlb.com/api/v1/schedule?sportId=1&date=2026-07-22&hydrate=probablePitcher,team","2026-08-27T01:34:10.621Z","false"
"824329","2026-07-21","Michael Lorenzen","547179","547179","Michael Lorenzen","Colorado Rockies","2026-07-21T22:26:58.494Z","2026-07-22T00:40:00.000Z","Pre-Game","133.0251","NOT_VERIFIABLE","ID y nombre coinciden con MLB teams.home.probablePitcher, pero la respuesta consultada después del juego no incluye timestamp ni versión as-of anterior al inicio","true","true","MLB Stats API probablePitcher","https://statsapi.mlb.com/api/v1/schedule?sportId=1&date=2026-07-21&hydrate=probablePitcher,team","2026-08-27T01:34:10.621Z","false"
"824330","2026-07-19","Ryan Feltner","663372","663372","Ryan Feltner","Colorado Rockies","2026-07-19T19:08:45.605Z","2026-07-19T19:10:00.000Z","Warmup","1.239917","NOT_VERIFIABLE","ID y nombre coinciden con MLB teams.home.probablePitcher, pero la respuesta consultada después del juego no incluye timestamp ni versión as-of anterior al inicio","true","true","MLB Stats API probablePitcher","https://statsapi.mlb.com/api/v1/schedule?sportId=1&date=2026-07-19&hydrate=probablePitcher,team","2026-08-27T01:34:10.621Z","false"
"824332","2026-07-17","Gabriel Hughes","687312","687312","Gabriel Hughes","Colorado Rockies","2026-07-17T23:18:45.221Z","2026-07-18T00:40:00.000Z","Pre-Game","81.246317","NOT_VERIFIABLE","ID y nombre coinciden con MLB teams.home.probablePitcher, pero la respuesta consultada después del juego no incluye timestamp ni versión as-of anterior al inicio","true","true","MLB Stats API probablePitcher","https://statsapi.mlb.com/api/v1/schedule?sportId=1&date=2026-07-17&hydrate=probablePitcher,team","2026-08-27T01:34:10.621Z","false"
"824333","2026-07-05","Tanner Gordon","685299","685299","Tanner Gordon","Colorado Rockies","2026-07-05T19:36:16.609Z","2026-07-05T20:00:00.000Z","Pre-Game","23.723183","NOT_VERIFIABLE","ID y nombre coinciden con MLB teams.home.probablePitcher, pero la respuesta consultada después del juego no incluye timestamp ni versión as-of anterior al inicio","true","true","MLB Stats API probablePitcher","https://statsapi.mlb.com/api/v1/schedule?sportId=1&date=2026-07-05&hydrate=probablePitcher,team","2026-08-27T01:34:10.621Z","false"
"824335","2026-07-02","Michael Lorenzen","547179","547179","Michael Lorenzen","Colorado Rockies","2026-07-02T17:22:43.562Z","2026-07-02T19:10:00.000Z","Pre-Game","107.273967","NOT_VERIFIABLE","ID y nombre coinciden con MLB teams.home.probablePitcher, pero la respuesta consultada después del juego no incluye timestamp ni versión as-of anterior al inicio","true","true","MLB Stats API probablePitcher","https://statsapi.mlb.com/api/v1/schedule?sportId=1&date=2026-07-02&hydrate=probablePitcher,team","2026-08-27T01:34:10.621Z","false"
"824336","2026-07-03","Ryan Feltner","663372","663372","Ryan Feltner","Colorado Rockies","2026-07-03T23:51:23.510Z","2026-07-04T00:10:00.000Z","Warmup","18.608167","NOT_VERIFIABLE","ID y nombre coinciden con MLB teams.home.probablePitcher, pero la respuesta consultada después del juego no incluye timestamp ni versión as-of anterior al inicio","true","true","MLB Stats API probablePitcher","https://statsapi.mlb.com/api/v1/schedule?sportId=1&date=2026-07-03&hydrate=probablePitcher,team","2026-08-27T01:34:10.621Z","false"
"824337","2026-07-01","Kyle Freeland","607536","607536","Kyle Freeland","Colorado Rockies","2026-07-02T00:16:52.423Z","2026-07-02T00:40:00.000Z","Warmup","23.126283","NOT_VERIFIABLE","ID y nombre coinciden con MLB teams.home.probablePitcher, pero la respuesta consultada después del juego no incluye timestamp ni versión as-of anterior al inicio","true","true","MLB Stats API probablePitcher","https://statsapi.mlb.com/api/v1/schedule?sportId=1&date=2026-07-01&hydrate=probablePitcher,team","2026-08-27T01:34:10.621Z","false"
"824338","2026-06-30","Tanner Gordon","685299","685299","Tanner Gordon","Colorado Rockies","2026-07-01T00:02:58.591Z","2026-07-01T00:40:00.000Z","Pre-Game","37.023483","NOT_VERIFIABLE","ID y nombre coinciden con MLB teams.home.probablePitcher, pero la respuesta consultada después del juego no incluye timestamp ni versión as-of anterior al inicio","true","true","MLB Stats API probablePitcher","https://statsapi.mlb.com/api/v1/schedule?sportId=1&date=2026-06-30&hydrate=probablePitcher,team","2026-08-27T01:34:10.621Z","false"
"824339","2026-06-29","Sean Sullivan","807743","807743","Sean Sullivan","Colorado Rockies","2026-06-30T00:35:28.520Z","2026-06-30T00:40:00.000Z","Warmup","4.524667","NOT_VERIFIABLE","ID y nombre coinciden con MLB teams.home.probablePitcher, pero la respuesta consultada después del juego no incluye timestamp ni versión as-of anterior al inicio","true","true","MLB Stats API probablePitcher","https://statsapi.mlb.com/api/v1/schedule?sportId=1&date=2026-06-29&hydrate=probablePitcher,team","2026-08-27T01:34:10.621Z","false"
"824340","2026-06-23","Sean Sullivan","807743","807743","Sean Sullivan","Colorado Rockies","2026-06-24T00:38:55.116Z","2026-06-24T00:40:00.000Z","Warmup","1.0814","NOT_VERIFIABLE","ID y nombre coinciden con MLB teams.home.probablePitcher, pero la respuesta consultada después del juego no incluye timestamp ni versión as-of anterior al inicio","true","true","MLB Stats API probablePitcher","https://statsapi.mlb.com/api/v1/schedule?sportId=1&date=2026-06-23&hydrate=probablePitcher,team","2026-08-27T01:34:10.621Z","false"
"824341","2026-06-24","Kyle Freeland","607536","607536","Kyle Freeland","Colorado Rockies","2026-06-24T18:59:59.359Z","2026-06-24T19:10:00.000Z","Warmup","10.010683","NOT_VERIFIABLE","ID y nombre coinciden con MLB teams.home.probablePitcher, pero la respuesta consultada después del juego no incluye timestamp ni versión as-of anterior al inicio","true","true","MLB Stats API probablePitcher","https://statsapi.mlb.com/api/v1/schedule?sportId=1&date=2026-06-24&hydrate=probablePitcher,team","2026-08-27T01:34:10.621Z","false"
"824406","2026-07-23","Gavin Williams","668909","668909","Gavin Williams","Cleveland Guardians","2026-07-23T17:03:08.447Z","2026-07-23T17:10:00.000Z","Warmup","6.859217","NOT_VERIFIABLE","ID y nombre coinciden con MLB teams.home.probablePitcher, pero la respuesta consultada después del juego no incluye timestamp ni versión as-of anterior al inicio","true","true","MLB Stats API probablePitcher","https://statsapi.mlb.com/api/v1/schedule?sportId=1&date=2026-07-23&hydrate=probablePitcher,team","2026-08-27T01:34:10.621Z","false"
"824408","2026-07-22","Slade Cecconi","677944","677944","Slade Cecconi","Cleveland Guardians","2026-07-22T19:28:27.278Z","2026-07-22T22:40:00.000Z","Pre-Game","191.545367","NOT_VERIFIABLE","ID y nombre coinciden con MLB teams.home.probablePitcher, pero la respuesta consultada después del juego no incluye timestamp ni versión as-of anterior al inicio","true","true","MLB Stats API probablePitcher","https://statsapi.mlb.com/api/v1/schedule?sportId=1&date=2026-07-22&hydrate=probablePitcher,team","2026-08-27T01:34:10.621Z","false"
"824409","2026-07-21","Parker Messick","800048","800048","Parker Messick","Cleveland Guardians","2026-07-21T22:27:01.500Z","2026-07-21T22:40:00.000Z","Warmup","12.975","NOT_VERIFIABLE","ID y nombre coinciden con MLB teams.home.probablePitcher, pero la respuesta consultada después del juego no incluye timestamp ni versión as-of anterior al inicio","true","true","MLB Stats API probablePitcher","https://statsapi.mlb.com/api/v1/schedule?sportId=1&date=2026-07-21&hydrate=probablePitcher,team","2026-08-27T01:34:10.621Z","false"
"824416","2026-07-02","Slade Cecconi","677944","677944","Slade Cecconi","Cleveland Guardians","2026-07-02T21:39:47.060Z","2026-07-02T22:40:00.000Z","Pre-Game","60.215667","NOT_VERIFIABLE","ID y nombre coinciden con MLB teams.home.probablePitcher, pero la respuesta consultada después del juego no incluye timestamp ni versión as-of anterior al inicio","true","true","MLB Stats API probablePitcher","https://statsapi.mlb.com/api/v1/schedule?sportId=1&date=2026-07-02&hydrate=probablePitcher,team","2026-08-27T01:34:10.621Z","false"
"824417","2026-07-03","Gavin Williams","668909","668909","Gavin Williams","Cleveland Guardians","2026-07-03T22:10:43.464Z","2026-07-03T23:10:00.000Z","Pre-Game","59.2756","NOT_VERIFIABLE","ID y nombre coinciden con MLB teams.home.probablePitcher, pero la respuesta consultada después del juego no incluye timestamp ni versión as-of anterior al inicio","true","true","MLB Stats API probablePitcher","https://statsapi.mlb.com/api/v1/schedule?sportId=1&date=2026-07-03&hydrate=probablePitcher,team","2026-08-27T01:34:10.621Z","false"
"824419","2026-07-01","Joey Cantillo","676282","676282","Joey Cantillo","Cleveland Guardians","2026-07-01T17:08:09.287Z","2026-07-01T17:10:00.000Z","Warmup","1.845217","NOT_VERIFIABLE","ID y nombre coinciden con MLB teams.home.probablePitcher, pero la respuesta consultada después del juego no incluye timestamp ni versión as-of anterior al inicio","true","true","MLB Stats API probablePitcher","https://statsapi.mlb.com/api/v1/schedule?sportId=1&date=2026-07-01&hydrate=probablePitcher,team","2026-08-27T01:34:10.621Z","false"
"824420","2026-06-29","Parker Messick","800048","800048","Parker Messick","Cleveland Guardians","2026-06-29T22:55:12.301Z","2026-06-29T23:10:00.000Z","Warmup","14.794983","NOT_VERIFIABLE","ID y nombre coinciden con MLB teams.home.probablePitcher, pero la respuesta consultada después del juego no incluye timestamp ni versión as-of anterior al inicio","true","true","MLB Stats API probablePitcher","https://statsapi.mlb.com/api/v1/schedule?sportId=1&date=2026-06-29&hydrate=probablePitcher,team","2026-08-27T01:34:10.621Z","false"
"824421","2026-06-27","Slade Cecconi","677944","677944","Slade Cecconi","Cleveland Guardians","2026-06-27T22:37:23.206Z","2026-06-27T23:10:00.000Z","Pre-Game","32.613233","NOT_VERIFIABLE","ID y nombre coinciden con MLB teams.home.probablePitcher, pero la respuesta consultada después del juego no incluye timestamp ni versión as-of anterior al inicio","true","true","MLB Stats API probablePitcher","https://statsapi.mlb.com/api/v1/schedule?sportId=1&date=2026-06-27&hydrate=probablePitcher,team","2026-08-27T01:34:10.621Z","false"
"824422","2026-06-28","Gavin Williams","668909","668909","Gavin Williams","Cleveland Guardians","2026-06-28T17:25:33.488Z","2026-06-28T17:40:00.000Z","Warmup","14.441867","NOT_VERIFIABLE","ID y nombre coinciden con MLB teams.home.probablePitcher, pero la respuesta consultada después del juego no incluye timestamp ni versión as-of anterior al inicio","true","true","MLB Stats API probablePitcher","https://statsapi.mlb.com/api/v1/schedule?sportId=1&date=2026-06-28&hydrate=probablePitcher,team","2026-08-27T01:34:10.621Z","false"
"824423","2026-06-26","Joey Cantillo","676282","676282","Joey Cantillo","Cleveland Guardians","2026-06-26T23:02:09.183Z","2026-06-26T23:10:00.000Z","Warmup","7.84695","NOT_VERIFIABLE","ID y nombre coinciden con MLB teams.home.probablePitcher, pero la respuesta consultada después del juego no incluye timestamp ni versión as-of anterior al inicio","true","true","MLB Stats API probablePitcher","https://statsapi.mlb.com/api/v1/schedule?sportId=1&date=2026-06-26&hydrate=probablePitcher,team","2026-08-27T01:34:10.621Z","false"
"824491","2026-07-12","Andrew Abbott","671096","671096","Andrew Abbott","Cincinnati Reds","2026-07-12T16:56:33.815Z","2026-07-12T17:40:00.000Z","Pre-Game","43.436417","NOT_VERIFIABLE","ID y nombre coinciden con MLB teams.home.probablePitcher, pero la respuesta consultada después del juego no incluye timestamp ni versión as-of anterior al inicio","true","true","MLB Stats API probablePitcher","https://statsapi.mlb.com/api/v1/schedule?sportId=1&date=2026-07-12&hydrate=probablePitcher,team","2026-08-27T01:34:10.621Z","false"
"824492","2026-07-11","Nick Lodolo","666157","666157","Nick Lodolo","Cincinnati Reds","2026-07-11T21:46:34.312Z","2026-07-11T23:10:00.000Z","Pre-Game","83.428133","NOT_VERIFIABLE","ID y nombre coinciden con MLB teams.home.probablePitcher, pero la respuesta consultada después del juego no incluye timestamp ni versión as-of anterior al inicio","true","true","MLB Stats API probablePitcher","https://statsapi.mlb.com/api/v1/schedule?sportId=1&date=2026-07-11&hydrate=probablePitcher,team","2026-08-27T01:34:10.621Z","false"
"824493","2026-07-10","Hunter Greene","668881","668881","Hunter Greene","Cincinnati Reds","2026-07-10T20:35:32.569Z","2026-07-10T23:10:00.000Z","Pre-Game","154.457183","NOT_VERIFIABLE","ID y nombre coinciden con MLB teams.home.probablePitcher, pero la respuesta consultada después del juego no incluye timestamp ni versión as-of anterior al inicio","true","true","MLB Stats API probablePitcher","https://statsapi.mlb.com/api/v1/schedule?sportId=1&date=2026-07-10&hydrate=probablePitcher,team","2026-08-27T01:34:10.621Z","false"
"824494","2026-07-09","Brady Singer","663903","663903","Brady Singer","Cincinnati Reds","2026-07-09T21:02:01.240Z","2026-07-09T23:10:00.000Z","Pre-Game","127.979333","NOT_VERIFIABLE","ID y nombre coinciden con MLB teams.home.probablePitcher, pero la respuesta consultada después del juego no incluye timestamp ni versión as-of anterior al inicio","true","true","MLB Stats API probablePitcher","https://statsapi.mlb.com/api/v1/schedule?sportId=1&date=2026-07-09&hydrate=probablePitcher,team","2026-08-27T01:34:10.621Z","false"
"824495","2026-07-07","Andrew Abbott","671096","671096","Andrew Abbott","Cincinnati Reds","2026-07-07T23:05:31.493Z","2026-07-07T23:10:00.000Z","Warmup","4.475117","NOT_VERIFIABLE","ID y nombre coinciden con MLB teams.home.probablePitcher, pero la respuesta consultada después del juego no incluye timestamp ni versión as-of anterior al inicio","true","true","MLB Stats API probablePitcher","https://statsapi.mlb.com/api/v1/schedule?sportId=1&date=2026-07-07&hydrate=probablePitcher,team","2026-08-27T01:34:10.621Z","false"
"824496","2026-07-08","Chase Burns","695505","695505","Chase Burns","Cincinnati Reds","2026-07-08T20:23:17.144Z","2026-07-08T23:10:00.000Z","Pre-Game","166.714267","NOT_VERIFIABLE","ID y nombre coinciden con MLB teams.home.probablePitcher, pero la respuesta consultada después del juego no incluye timestamp ni versión as-of anterior al inicio","true","true","MLB Stats API probablePitcher","https://statsapi.mlb.com/api/v1/schedule?sportId=1&date=2026-07-08&hydrate=probablePitcher,team","2026-08-27T01:34:10.621Z","false"
"824498","2026-07-03","Brady Singer","663903","663903","Brady Singer","Cincinnati Reds","2026-07-03T22:10:46.969Z","2026-07-03T23:10:00.000Z","Pre-Game","59.217183","NOT_VERIFIABLE","ID y nombre coinciden con MLB teams.home.probablePitcher, pero la respuesta consultada después del juego no incluye timestamp ni versión as-of anterior al inicio","true","true","MLB Stats API probablePitcher","https://statsapi.mlb.com/api/v1/schedule?sportId=1&date=2026-07-03&hydrate=probablePitcher,team","2026-08-27T01:34:10.621Z","false"
"824500","2026-06-24","Rhett Lowder","695076","695076","Rhett Lowder","Cincinnati Reds","2026-06-24T21:16:57.678Z","2026-06-24T23:10:00.000Z","Pre-Game","113.0387","NOT_VERIFIABLE","ID y nombre coinciden con MLB teams.home.probablePitcher, pero la respuesta consultada después del juego no incluye timestamp ni versión as-of anterior al inicio","true","true","MLB Stats API probablePitcher","https://statsapi.mlb.com/api/v1/schedule?sportId=1&date=2026-06-24&hydrate=probablePitcher,team","2026-08-27T01:34:10.621Z","false"
"824501","2026-06-23","Nick Lodolo","666157","666157","Nick Lodolo","Cincinnati Reds","2026-06-23T23:00:41.858Z","2026-06-23T23:10:00.000Z","Warmup","9.302367","NOT_VERIFIABLE","ID y nombre coinciden con MLB teams.home.probablePitcher, pero la respuesta consultada después del juego no incluye timestamp ni versión as-of anterior al inicio","true","true","MLB Stats API probablePitcher","https://statsapi.mlb.com/api/v1/schedule?sportId=1&date=2026-06-23&hydrate=probablePitcher,team","2026-08-27T01:34:10.621Z","false"
"824574","2026-07-12","Noah Schultz","702273","702273","Noah Schultz","Chicago White Sox","2026-07-12T16:56:36.963Z","2026-07-12T18:10:00.000Z","Pre-Game","73.38395","NOT_VERIFIABLE","ID y nombre coinciden con MLB teams.home.probablePitcher, pero la respuesta consultada después del juego no incluye timestamp ni versión as-of anterior al inicio","true","true","MLB Stats API probablePitcher","https://statsapi.mlb.com/api/v1/schedule?sportId=1&date=2026-07-12&hydrate=probablePitcher,team","2026-08-27T01:34:10.621Z","false"
"824575","2026-07-10","Sean Burke","680732","680732","Sean Burke","Chicago White Sox","2026-07-10T20:35:38.841Z","2026-07-10T23:40:00.000Z","Pre-Game","184.35265","NOT_VERIFIABLE","ID y nombre coinciden con MLB teams.home.probablePitcher, pero la respuesta consultada después del juego no incluye timestamp ni versión as-of anterior al inicio","true","true","MLB Stats API probablePitcher","https://statsapi.mlb.com/api/v1/schedule?sportId=1&date=2026-07-10&hydrate=probablePitcher,team","2026-08-27T01:34:10.621Z","false"
"824576","2026-07-11","Bryan Hudson","663542","663542","Bryan Hudson","Chicago White Sox","2026-07-11T15:44:55.116Z","2026-07-11T18:10:00.000Z","Pre-Game","145.0814","NOT_VERIFIABLE","ID y nombre coinciden con MLB teams.home.probablePitcher, pero la respuesta consultada después del juego no incluye timestamp ni versión as-of anterior al inicio","true","true","MLB Stats API probablePitcher","https://statsapi.mlb.com/api/v1/schedule?sportId=1&date=2026-07-11&hydrate=probablePitcher,team","2026-08-27T01:34:10.621Z","false"
"824577","2026-07-09","Anthony Kay","641743","641743","Anthony Kay","Chicago White Sox","2026-07-09T18:09:45.236Z","2026-07-09T18:10:00.000Z","Warmup","0.246067","NOT_VERIFIABLE","ID y nombre coinciden con MLB teams.home.probablePitcher, pero la respuesta consultada después del juego no incluye timestamp ni versión as-of anterior al inicio","true","true","MLB Stats API probablePitcher","https://statsapi.mlb.com/api/v1/schedule?sportId=1&date=2026-07-09&hydrate=probablePitcher,team","2026-08-27T01:34:10.621Z","false"
"824578","2026-07-08","Davis Martin","663436","663436","Davis Martin","Chicago White Sox","2026-07-08T20:23:23.447Z","2026-07-08T23:40:00.000Z","Pre-Game","196.609217","NOT_VERIFIABLE","ID y nombre coinciden con MLB teams.home.probablePitcher, pero la respuesta consultada después del juego no incluye timestamp ni versión as-of anterior al inicio","true","true","MLB Stats API probablePitcher","https://statsapi.mlb.com/api/v1/schedule?sportId=1&date=2026-07-08&hydrate=probablePitcher,team","2026-08-27T01:34:10.621Z","false"
"824579","2026-07-07","Noah Schultz","702273","702273","Noah Schultz","Chicago White Sox","2026-07-07T23:39:40.082Z","2026-07-07T23:40:00.000Z","Warmup","0.331967","NOT_VERIFIABLE","ID y nombre coinciden con MLB teams.home.probablePitcher, pero la respuesta consultada después del juego no incluye timestamp ni versión as-of anterior al inicio","true","true","MLB Stats API probablePitcher","https://statsapi.mlb.com/api/v1/schedule?sportId=1&date=2026-07-07&hydrate=probablePitcher,team","2026-08-27T01:34:10.621Z","false"
"824580","2026-06-28","Anthony Kay","641743","641743","Anthony Kay","Chicago White Sox","2026-06-28T18:07:31.677Z","2026-06-28T18:10:00.000Z","Warmup","2.47205","NOT_VERIFIABLE","ID y nombre coinciden con MLB teams.home.probablePitcher, pero la respuesta consultada después del juego no incluye timestamp ni versión as-of anterior al inicio","true","true","MLB Stats API probablePitcher","https://statsapi.mlb.com/api/v1/schedule?sportId=1&date=2026-06-28&hydrate=probablePitcher,team","2026-08-27T01:34:10.621Z","false"
"824581","2026-06-27","Davis Martin","663436","663436","Davis Martin","Chicago White Sox","2026-06-27T19:45:50.183Z","2026-06-27T20:10:00.000Z","Warmup","24.163617","NOT_VERIFIABLE","ID y nombre coinciden con MLB teams.home.probablePitcher, pero la respuesta consultada después del juego no incluye timestamp ni versión as-of anterior al inicio","true","true","MLB Stats API probablePitcher","https://statsapi.mlb.com/api/v1/schedule?sportId=1&date=2026-06-27&hydrate=probablePitcher,team","2026-08-27T01:34:10.621Z","false"
"824582","2026-06-26","David Sandlin","689818","689818","David Sandlin","Chicago White Sox","2026-06-26T23:28:14.317Z","2026-06-26T23:40:00.000Z","Warmup","11.761383","NOT_VERIFIABLE","ID y nombre coinciden con MLB teams.home.probablePitcher, pero la respuesta consultada después del juego no incluye timestamp ni versión as-of anterior al inicio","true","true","MLB Stats API probablePitcher","https://statsapi.mlb.com/api/v1/schedule?sportId=1&date=2026-06-26&hydrate=probablePitcher,team","2026-08-27T01:34:10.621Z","false"
"824584","2026-06-23","Sean Burke","680732","680732","Sean Burke","Chicago White Sox","2026-06-23T23:00:44.757Z","2026-06-23T23:40:00.000Z","Pre-Game","39.25405","NOT_VERIFIABLE","ID y nombre coinciden con MLB teams.home.probablePitcher, pero la respuesta consultada después del juego no incluye timestamp ni versión as-of anterior al inicio","true","true","MLB Stats API probablePitcher","https://statsapi.mlb.com/api/v1/schedule?sportId=1&date=2026-06-23&hydrate=probablePitcher,team","2026-08-27T01:34:10.621Z","false"
"824652","2026-07-21","David Peterson","656849","656849","David Peterson","Chicago Cubs","2026-07-21T22:27:04.394Z","2026-07-22T00:05:00.000Z","Pre-Game","97.926767","NOT_VERIFIABLE","ID y nombre coinciden con MLB teams.home.probablePitcher, pero la respuesta consultada después del juego no incluye timestamp ni versión as-of anterior al inicio","true","true","MLB Stats API probablePitcher","https://statsapi.mlb.com/api/v1/schedule?sportId=1&date=2026-07-21&hydrate=probablePitcher,team","2026-08-27T01:34:10.621Z","false"
"824653","2026-07-19","Shota Imanaga","684007","684007","Shota Imanaga","Chicago Cubs","2026-07-19T17:51:28.401Z","2026-07-19T18:20:00.000Z","Pre-Game","28.52665","NOT_VERIFIABLE","ID y nombre coinciden con MLB teams.home.probablePitcher, pero la respuesta consultada después del juego no incluye timestamp ni versión as-of anterior al inicio","true","true","MLB Stats API probablePitcher","https://statsapi.mlb.com/api/v1/schedule?sportId=1&date=2026-07-19&hydrate=probablePitcher,team","2026-08-27T01:34:10.621Z","false"
"824655","2026-07-17","Colin Rea","607067","607067","Colin Rea","Chicago Cubs","2026-07-17T23:18:50.720Z","2026-07-18T00:05:00.000Z","Pre-Game","46.154667","NOT_VERIFIABLE","ID y nombre coinciden con MLB teams.home.probablePitcher, pero la respuesta consultada después del juego no incluye timestamp ni versión as-of anterior al inicio","true","true","MLB Stats API probablePitcher","https://statsapi.mlb.com/api/v1/schedule?sportId=1&date=2026-07-17&hydrate=probablePitcher,team","2026-08-27T01:34:10.621Z","false"
"824656","2026-07-05","Javier Assad","665871","665871","Javier Assad","Chicago Cubs","2026-07-05T17:36:56.032Z","2026-07-05T18:30:00.000Z","Pre-Game","53.066133","NOT_VERIFIABLE","ID y nombre coinciden con MLB teams.home.probablePitcher, pero la respuesta consultada después del juego no incluye timestamp ni versión as-of anterior al inicio","true","true","MLB Stats API probablePitcher","https://statsapi.mlb.com/api/v1/schedule?sportId=1&date=2026-07-05&hydrate=probablePitcher,team","2026-08-27T01:34:10.621Z","false"
"824660","2026-07-01","Colin Rea","607067","607067","Colin Rea","Chicago Cubs","2026-07-01T17:32:56.796Z","2026-07-01T18:20:00.000Z","Pre-Game","47.0534","NOT_VERIFIABLE","ID y nombre coinciden con MLB teams.home.probablePitcher, pero la respuesta consultada después del juego no incluye timestamp ni versión as-of anterior al inicio","true","true","MLB Stats API probablePitcher","https://statsapi.mlb.com/api/v1/schedule?sportId=1&date=2026-07-01&hydrate=probablePitcher,team","2026-08-27T01:34:10.621Z","false"
"824661","2026-06-30","Matthew Boyd","571510","571510","Matthew Boyd","Chicago Cubs","2026-07-01T00:02:52.589Z","2026-07-01T00:05:00.000Z","Warmup","2.123517","NOT_VERIFIABLE","ID y nombre coinciden con MLB teams.home.probablePitcher, pero la respuesta consultada después del juego no incluye timestamp ni versión as-of anterior al inicio","true","true","MLB Stats API probablePitcher","https://statsapi.mlb.com/api/v1/schedule?sportId=1&date=2026-06-30&hydrate=probablePitcher,team","2026-08-27T01:34:10.621Z","false"
"824662","2026-06-29","Shota Imanaga","684007","684007","Shota Imanaga","Chicago Cubs","2026-06-29T23:57:39.183Z","2026-06-30T00:05:00.000Z","Warmup","7.34695","NOT_VERIFIABLE","ID y nombre coinciden con MLB teams.home.probablePitcher, pero la respuesta consultada después del juego no incluye timestamp ni versión as-of anterior al inicio","true","true","MLB Stats API probablePitcher","https://statsapi.mlb.com/api/v1/schedule?sportId=1&date=2026-06-29&hydrate=probablePitcher,team","2026-08-27T01:34:10.621Z","false"
"824733","2026-07-24","Patrick Sandoval","663776","663776","Patrick Sandoval","Boston Red Sox","2026-07-24T19:49:48.379Z","2026-07-24T23:15:00.000Z","Pre-Game","205.193683","NOT_VERIFIABLE","ID y nombre coinciden con MLB teams.home.probablePitcher, pero la respuesta consultada después del juego no incluye timestamp ni versión as-of anterior al inicio","true","true","MLB Stats API probablePitcher","https://statsapi.mlb.com/api/v1/schedule?sportId=1&date=2026-07-24&hydrate=probablePitcher,team","2026-08-27T01:34:10.621Z","false"
"824740","2026-07-01","Payton Tolle","801139","801139","Payton Tolle","Boston Red Sox","2026-07-01T17:31:57.234Z","2026-07-01T17:35:00.000Z","Warmup","3.0461","NOT_VERIFIABLE","ID y nombre coinciden con MLB teams.home.probablePitcher, pero la respuesta consultada después del juego no incluye timestamp ni versión as-of anterior al inicio","true","true","MLB Stats API probablePitcher","https://statsapi.mlb.com/api/v1/schedule?sportId=1&date=2026-07-01&hydrate=probablePitcher,team","2026-08-27T01:34:10.621Z","false"
"824741","2026-06-29","Ranger Suarez","624133","624133","Ranger Suarez","Boston Red Sox","2026-06-29T22:55:09.102Z","2026-06-29T23:10:00.000Z","Warmup","14.8483","NOT_VERIFIABLE","ID y nombre coinciden con MLB teams.home.probablePitcher, pero la respuesta consultada después del juego no incluye timestamp ni versión as-of anterior al inicio","true","true","MLB Stats API probablePitcher","https://statsapi.mlb.com/api/v1/schedule?sportId=1&date=2026-06-29&hydrate=probablePitcher,team","2026-08-27T01:34:10.621Z","false"
"824742","2026-06-30","Connelly Early","813349","813349","Connelly Early","Boston Red Sox","2026-06-30T23:07:51.198Z","2026-06-30T23:10:00.000Z","Warmup","2.1467","NOT_VERIFIABLE","ID y nombre coinciden con MLB teams.home.probablePitcher, pero la respuesta consultada después del juego no incluye timestamp ni versión as-of anterior al inicio","true","true","MLB Stats API probablePitcher","https://statsapi.mlb.com/api/v1/schedule?sportId=1&date=2026-06-30&hydrate=probablePitcher,team","2026-08-27T01:34:10.621Z","false"
"824743","2026-06-26","Payton Tolle","801139","801139","Payton Tolle","Boston Red Sox","2026-06-26T23:02:14.489Z","2026-06-26T23:10:00.000Z","Warmup","7.758517","NOT_VERIFIABLE","ID y nombre coinciden con MLB teams.home.probablePitcher, pero la respuesta consultada después del juego no incluye timestamp ni versión as-of anterior al inicio","true","true","MLB Stats API probablePitcher","https://statsapi.mlb.com/api/v1/schedule?sportId=1&date=2026-06-26&hydrate=probablePitcher,team","2026-08-27T01:34:10.621Z","false"
"824744","2026-06-28","Sonny Gray","543243","543243","Sonny Gray","Boston Red Sox","2026-06-28T21:06:15.657Z","2026-06-28T23:20:00.000Z","Pre-Game","133.73905","NOT_VERIFIABLE","ID y nombre coinciden con MLB teams.home.probablePitcher, pero la respuesta consultada después del juego no incluye timestamp ni versión as-of anterior al inicio","true","true","MLB Stats API probablePitcher","https://statsapi.mlb.com/api/v1/schedule?sportId=1&date=2026-06-28&hydrate=probablePitcher,team","2026-08-27T01:34:10.621Z","false"
"824745","2026-06-27","Jake Bennett","687562","687562","Jake Bennett","Boston Red Sox","2026-06-27T16:54:24.286Z","2026-06-27T17:10:00.000Z","Warmup","15.595233","NOT_VERIFIABLE","ID y nombre coinciden con MLB teams.home.probablePitcher, pero la respuesta consultada después del juego no incluye timestamp ni versión as-of anterior al inicio","true","true","MLB Stats API probablePitcher","https://statsapi.mlb.com/api/v1/schedule?sportId=1&date=2026-06-27&hydrate=probablePitcher,team","2026-08-27T01:34:10.621Z","false"
"824812","2026-07-24","Trevor Rogers","669432","669432","Trevor Rogers","Baltimore Orioles","2026-07-24T19:49:51.682Z","2026-07-24T23:05:00.000Z","Pre-Game","195.138633","NOT_VERIFIABLE","ID y nombre coinciden con MLB teams.home.probablePitcher, pero la respuesta consultada después del juego no incluye timestamp ni versión as-of anterior al inicio","true","true","MLB Stats API probablePitcher","https://statsapi.mlb.com/api/v1/schedule?sportId=1&date=2026-07-24&hydrate=probablePitcher,team","2026-08-27T01:34:10.621Z","false"
"824813","2026-07-11","Kyle Bradish","680694","680694","Kyle Bradish","Baltimore Orioles","2026-07-11T21:46:42.018Z","2026-07-11T23:05:00.000Z","Pre-Game","78.2997","NOT_VERIFIABLE","ID y nombre coinciden con MLB teams.home.probablePitcher, pero la respuesta consultada después del juego no incluye timestamp ni versión as-of anterior al inicio","true","true","MLB Stats API probablePitcher","https://statsapi.mlb.com/api/v1/schedule?sportId=1&date=2026-07-11&hydrate=probablePitcher,team","2026-08-27T01:34:10.621Z","false"
"824814","2026-07-12","Shane Baz","669358","669358","Shane Baz","Baltimore Orioles","2026-07-12T16:56:40.520Z","2026-07-12T17:35:00.000Z","Pre-Game","38.324667","NOT_VERIFIABLE","ID y nombre coinciden con MLB teams.home.probablePitcher, pero la respuesta consultada después del juego no incluye timestamp ni versión as-of anterior al inicio","true","true","MLB Stats API probablePitcher","https://statsapi.mlb.com/api/v1/schedule?sportId=1&date=2026-07-12&hydrate=probablePitcher,team","2026-08-27T01:34:10.621Z","false"
"824815","2026-07-08","Dean Kremer","665152","665152","Dean Kremer","Baltimore Orioles","2026-07-08T20:23:29.349Z","2026-07-08T22:35:00.000Z","Pre-Game","131.51085","NOT_VERIFIABLE","ID y nombre coinciden con MLB teams.home.probablePitcher, pero la respuesta consultada después del juego no incluye timestamp ni versión as-of anterior al inicio","true","true","MLB Stats API probablePitcher","https://statsapi.mlb.com/api/v1/schedule?sportId=1&date=2026-07-08&hydrate=probablePitcher,team","2026-08-27T01:34:10.621Z","false"
"824816","2026-07-09","Trevor Rogers","669432","669432","Trevor Rogers","Baltimore Orioles","2026-07-09T17:32:56.494Z","2026-07-09T17:35:00.000Z","Warmup","2.058433","NOT_VERIFIABLE","ID y nombre coinciden con MLB teams.home.probablePitcher, pero la respuesta consultada después del juego no incluye timestamp ni versión as-of anterior al inicio","true","true","MLB Stats API probablePitcher","https://statsapi.mlb.com/api/v1/schedule?sportId=1&date=2026-07-09&hydrate=probablePitcher,team","2026-08-27T01:34:10.621Z","false"
"824817","2026-07-10","Brandon Young","687064","687064","Brandon Young","Baltimore Orioles","2026-07-10T20:35:43.678Z","2026-07-10T23:05:00.000Z","Pre-Game","149.272033","NOT_VERIFIABLE","ID y nombre coinciden con MLB teams.home.probablePitcher, pero la respuesta consultada después del juego no incluye timestamp ni versión as-of anterior al inicio","true","true","MLB Stats API probablePitcher","https://statsapi.mlb.com/api/v1/schedule?sportId=1&date=2026-07-10&hydrate=probablePitcher,team","2026-08-27T01:34:10.621Z","false"
"824818","2026-07-01","Dean Kremer","665152","665152","Dean Kremer","Baltimore Orioles","2026-07-01T16:33:31.697Z","2026-07-01T16:35:00.000Z","Warmup","1.471717","NOT_VERIFIABLE","ID y nombre coinciden con MLB teams.home.probablePitcher, pero la respuesta consultada después del juego no incluye timestamp ni versión as-of anterior al inicio","true","true","MLB Stats API probablePitcher","https://statsapi.mlb.com/api/v1/schedule?sportId=1&date=2026-07-01&hydrate=probablePitcher,team","2026-08-27T01:34:10.621Z","false"
"824819","2026-06-30","Trey Gibson","694346","694346","Trey Gibson","Baltimore Orioles","2026-06-30T19:20:27.283Z","2026-06-30T22:35:00.000Z","Pre-Game","194.545283","NOT_VERIFIABLE","ID y nombre coinciden con MLB teams.home.probablePitcher, pero la respuesta consultada después del juego no incluye timestamp ni versión as-of anterior al inicio","true","true","MLB Stats API probablePitcher","https://statsapi.mlb.com/api/v1/schedule?sportId=1&date=2026-06-30&hydrate=probablePitcher,team","2026-08-27T01:34:10.621Z","false"
"824820","2026-07-07","Shane Baz","669358","669358","Shane Baz","Baltimore Orioles","2026-07-07T21:48:56.690Z","2026-07-07T22:35:00.000Z","Pre-Game","46.055167","NOT_VERIFIABLE","ID y nombre coinciden con MLB teams.home.probablePitcher, pero la respuesta consultada después del juego no incluye timestamp ni versión as-of anterior al inicio","true","true","MLB Stats API probablePitcher","https://statsapi.mlb.com/api/v1/schedule?sportId=1&date=2026-07-07&hydrate=probablePitcher,team","2026-08-27T01:34:10.621Z","false"
"824821","2026-06-28","Kyle Bradish","680694","680694","Kyle Bradish","Baltimore Orioles","2026-06-28T17:25:41.167Z","2026-06-28T17:35:00.000Z","Warmup","9.313883","NOT_VERIFIABLE","ID y nombre coinciden con MLB teams.home.probablePitcher, pero la respuesta consultada después del juego no incluye timestamp ni versión as-of anterior al inicio","true","true","MLB Stats API probablePitcher","https://statsapi.mlb.com/api/v1/schedule?sportId=1&date=2026-06-28&hydrate=probablePitcher,team","2026-08-27T01:34:10.621Z","false"
"824822","2026-06-29","Shane Baz","669358","669358","Shane Baz","Baltimore Orioles","2026-06-29T20:07:20.435Z","2026-06-29T22:35:00.000Z","Pre-Game","147.659417","NOT_VERIFIABLE","ID y nombre coinciden con MLB teams.home.probablePitcher, pero la respuesta consultada después del juego no incluye timestamp ni versión as-of anterior al inicio","true","true","MLB Stats API probablePitcher","https://statsapi.mlb.com/api/v1/schedule?sportId=1&date=2026-06-29&hydrate=probablePitcher,team","2026-08-27T01:34:10.621Z","false"
"824824","2026-06-26","Trevor Rogers","669432","669432","Trevor Rogers","Baltimore Orioles","2026-06-26T23:02:16.894Z","2026-06-26T23:05:00.000Z","Warmup","2.718433","NOT_VERIFIABLE","ID y nombre coinciden con MLB teams.home.probablePitcher, pero la respuesta consultada después del juego no incluye timestamp ni versión as-of anterior al inicio","true","true","MLB Stats API probablePitcher","https://statsapi.mlb.com/api/v1/schedule?sportId=1&date=2026-06-26&hydrate=probablePitcher,team","2026-08-27T01:34:10.621Z","false"
"824825","2026-06-27","Brandon Young","687064","687064","Brandon Young","Baltimore Orioles","2026-06-27T22:37:32.890Z","2026-06-27T23:05:00.000Z","Pre-Game","27.451833","NOT_VERIFIABLE","ID y nombre coinciden con MLB teams.home.probablePitcher, pero la respuesta consultada después del juego no incluye timestamp ni versión as-of anterior al inicio","true","true","MLB Stats API probablePitcher","https://statsapi.mlb.com/api/v1/schedule?sportId=1&date=2026-06-27&hydrate=probablePitcher,team","2026-08-27T01:34:10.621Z","false"
"824895","2026-07-21","Reynaldo López","625643","625643","Reynaldo López","Atlanta Braves","2026-07-21T22:27:10.898Z","2026-07-21T23:15:00.000Z","Pre-Game","47.818367","NOT_VERIFIABLE","ID y nombre coinciden con MLB teams.home.probablePitcher, pero la respuesta consultada después del juego no incluye timestamp ni versión as-of anterior al inicio","true","true","MLB Stats API probablePitcher","https://statsapi.mlb.com/api/v1/schedule?sportId=1&date=2026-07-21&hydrate=probablePitcher,team","2026-08-27T01:34:10.621Z","false"
"824900","2026-07-06","Reynaldo López","625643","625643","Reynaldo López","Atlanta Braves","2026-07-06T22:27:52.487Z","2026-07-06T23:15:00.000Z","Pre-Game","47.125217","NOT_VERIFIABLE","ID y nombre coinciden con MLB teams.home.probablePitcher, pero la respuesta consultada después del juego no incluye timestamp ni versión as-of anterior al inicio","true","true","MLB Stats API probablePitcher","https://statsapi.mlb.com/api/v1/schedule?sportId=1&date=2026-07-06&hydrate=probablePitcher,team","2026-08-27T01:34:10.621Z","false"
"824901","2026-07-17","Chris Sale","519242","519242","Chris Sale","Atlanta Braves","2026-07-17T23:14:56.713Z","2026-07-17T23:15:00.000Z","Warmup","0.054783","NOT_VERIFIABLE","ID y nombre coinciden con MLB teams.home.probablePitcher, pero la respuesta consultada después del juego no incluye timestamp ni versión as-of anterior al inicio","true","true","MLB Stats API probablePitcher","https://statsapi.mlb.com/api/v1/schedule?sportId=1&date=2026-07-17&hydrate=probablePitcher,team","2026-08-27T01:34:10.621Z","false"
"824902","2026-07-05","Martín Pérez","527048","527048","Martín Pérez","Atlanta Braves","2026-07-05T15:04:17.756Z","2026-07-05T16:30:00.000Z","Pre-Game","85.704067","NOT_VERIFIABLE","ID y nombre coinciden con MLB teams.home.probablePitcher, pero la respuesta consultada después del juego no incluye timestamp ni versión as-of anterior al inicio","true","true","MLB Stats API probablePitcher","https://statsapi.mlb.com/api/v1/schedule?sportId=1&date=2026-07-05&hydrate=probablePitcher,team","2026-08-27T01:34:10.621Z","false"
"824904","2026-07-03","Grant Holmes","656550","656550","Grant Holmes","Atlanta Braves","2026-07-03T22:10:53.675Z","2026-07-03T23:15:00.000Z","Pre-Game","64.105417","NOT_VERIFIABLE","ID y nombre coinciden con MLB teams.home.probablePitcher, pero la respuesta consultada después del juego no incluye timestamp ni versión as-of anterior al inicio","true","true","MLB Stats API probablePitcher","https://statsapi.mlb.com/api/v1/schedule?sportId=1&date=2026-07-03&hydrate=probablePitcher,team","2026-08-27T01:34:10.621Z","false"
"824905","2026-07-01","Reynaldo López","625643","625643","Reynaldo López","Atlanta Braves","2026-07-01T23:01:46.263Z","2026-07-01T23:15:00.000Z","Warmup","13.22895","NOT_VERIFIABLE","ID y nombre coinciden con MLB teams.home.probablePitcher, pero la respuesta consultada después del juego no incluye timestamp ni versión as-of anterior al inicio","true","true","MLB Stats API probablePitcher","https://statsapi.mlb.com/api/v1/schedule?sportId=1&date=2026-07-01&hydrate=probablePitcher,team","2026-08-27T01:34:10.621Z","false"
"824906","2026-07-02","Hurston Waldrep","694462","694462","Hurston Waldrep","Atlanta Braves","2026-07-02T21:55:57.244Z","2026-07-02T23:15:00.000Z","Pre-Game","79.045933","NOT_VERIFIABLE","ID y nombre coinciden con MLB teams.home.probablePitcher, pero la respuesta consultada después del juego no incluye timestamp ni versión as-of anterior al inicio","true","true","MLB Stats API probablePitcher","https://statsapi.mlb.com/api/v1/schedule?sportId=1&date=2026-07-02&hydrate=probablePitcher,team","2026-08-27T01:34:10.621Z","false"
"824907","2026-06-30","Martín Pérez","527048","527048","Martín Pérez","Atlanta Braves","2026-06-30T23:10:15.801Z","2026-06-30T23:15:00.000Z","Warmup","4.73665","NOT_VERIFIABLE","ID y nombre coinciden con MLB teams.home.probablePitcher, pero la respuesta consultada después del juego no incluye timestamp ni versión as-of anterior al inicio","true","true","MLB Stats API probablePitcher","https://statsapi.mlb.com/api/v1/schedule?sportId=1&date=2026-06-30&hydrate=probablePitcher,team","2026-08-27T01:34:10.621Z","false"
"824978","2026-07-19","Jacob Lopez","682052","682052","Jacob Lopez","Athletics","2026-07-19T19:09:01.018Z","2026-07-19T20:05:00.000Z","Pre-Game","55.983033","NOT_VERIFIABLE","ID y nombre coinciden con MLB teams.home.probablePitcher, pero la respuesta consultada después del juego no incluye timestamp ni versión as-of anterior al inicio","true","true","MLB Stats API probablePitcher","https://statsapi.mlb.com/api/v1/schedule?sportId=1&date=2026-07-19&hydrate=probablePitcher,team","2026-08-27T01:34:10.621Z","false"
"824980","2026-07-05","Gage Jump","695611","695611","Gage Jump","Athletics","2026-07-05T20:13:04.556Z","2026-07-05T20:30:00.000Z","Pre-Game","16.924067","NOT_VERIFIABLE","ID y nombre coinciden con MLB teams.home.probablePitcher, pero la respuesta consultada después del juego no incluye timestamp ni versión as-of anterior al inicio","true","true","MLB Stats API probablePitcher","https://statsapi.mlb.com/api/v1/schedule?sportId=1&date=2026-07-05&hydrate=probablePitcher,team","2026-08-27T01:34:10.621Z","false"
"824981","2026-07-17","Gage Jump","695611","695611","Gage Jump","Athletics","2026-07-18T01:37:38.480Z","2026-07-18T01:40:00.000Z","Warmup","2.358667","NOT_VERIFIABLE","ID y nombre coinciden con MLB teams.home.probablePitcher, pero la respuesta consultada después del juego no incluye timestamp ni versión as-of anterior al inicio","true","true","MLB Stats API probablePitcher","https://statsapi.mlb.com/api/v1/schedule?sportId=1&date=2026-07-17&hydrate=probablePitcher,team","2026-08-27T01:34:10.621Z","false"
"824982","2026-07-03","Jack Perkins","678022","678022","Jack Perkins","Athletics","2026-07-03T23:52:06.647Z","2026-07-04T01:40:00.000Z","Pre-Game","107.889217","NOT_VERIFIABLE","ID y nombre coinciden con MLB teams.home.probablePitcher, pero la respuesta consultada después del juego no incluye timestamp ni versión as-of anterior al inicio","true","true","MLB Stats API probablePitcher","https://statsapi.mlb.com/api/v1/schedule?sportId=1&date=2026-07-03&hydrate=probablePitcher,team","2026-08-27T01:34:10.621Z","false"
"824983","2026-07-04","Aaron Civale","650644","650644","Aaron Civale","Athletics","2026-07-05T01:32:06.991Z","2026-07-05T01:40:00.000Z","Warmup","7.883483","NOT_VERIFIABLE","ID y nombre coinciden con MLB teams.home.probablePitcher, pero la respuesta consultada después del juego no incluye timestamp ni versión as-of anterior al inicio","true","true","MLB Stats API probablePitcher","https://statsapi.mlb.com/api/v1/schedule?sportId=1&date=2026-07-04&hydrate=probablePitcher,team","2026-08-27T01:34:10.621Z","false"
"824984","2026-06-30","Jeffrey Springs","605488","605488","Jeffrey Springs","Athletics","2026-07-01T00:03:02.689Z","2026-07-01T01:40:00.000Z","Pre-Game","96.955183","NOT_VERIFIABLE","ID y nombre coinciden con MLB teams.home.probablePitcher, pero la respuesta consultada después del juego no incluye timestamp ni versión as-of anterior al inicio","true","true","MLB Stats API probablePitcher","https://statsapi.mlb.com/api/v1/schedule?sportId=1&date=2026-06-30&hydrate=probablePitcher,team","2026-08-27T01:34:10.621Z","false"
"824985","2026-07-01","J.T. Ginn","669372","669372","J.T. Ginn","Athletics","2026-07-02T00:58:28.420Z","2026-07-02T01:40:00.000Z","Pre-Game","41.526333","NOT_VERIFIABLE","ID y nombre coinciden con MLB teams.home.probablePitcher, pero la respuesta consultada después del juego no incluye timestamp ni versión as-of anterior al inicio","true","true","MLB Stats API probablePitcher","https://statsapi.mlb.com/api/v1/schedule?sportId=1&date=2026-07-01&hydrate=probablePitcher,team","2026-08-27T01:34:10.621Z","false"
"824986","2026-06-29","Gage Jump","695611","695611","Gage Jump","Athletics","2026-06-30T01:10:26.816Z","2026-06-30T01:40:00.000Z","Pre-Game","29.553067","NOT_VERIFIABLE","ID y nombre coinciden con MLB teams.home.probablePitcher, pero la respuesta consultada después del juego no incluye timestamp ni versión as-of anterior al inicio","true","true","MLB Stats API probablePitcher","https://statsapi.mlb.com/api/v1/schedule?sportId=1&date=2026-06-29&hydrate=probablePitcher,team","2026-08-27T01:34:10.621Z","false"
"825055","2026-07-22","Merrill Kelly","518876","518876","Merrill Kelly","Arizona Diamondbacks","2026-07-22T19:28:44.052Z","2026-07-22T19:40:00.000Z","Warmup","11.2658","NOT_VERIFIABLE","ID y nombre coinciden con MLB teams.home.probablePitcher, pero la respuesta consultada después del juego no incluye timestamp ni versión as-of anterior al inicio","true","true","MLB Stats API probablePitcher","https://statsapi.mlb.com/api/v1/schedule?sportId=1&date=2026-07-22&hydrate=probablePitcher,team","2026-08-27T01:34:10.621Z","false"
"825057","2026-07-19","Eduardo Rodriguez","593958","593958","Eduardo Rodriguez","Arizona Diamondbacks","2026-07-19T19:09:03.956Z","2026-07-19T20:10:00.000Z","Pre-Game","60.934067","NOT_VERIFIABLE","ID y nombre coinciden con MLB teams.home.probablePitcher, pero la respuesta consultada después del juego no incluye timestamp ni versión as-of anterior al inicio","true","true","MLB Stats API probablePitcher","https://statsapi.mlb.com/api/v1/schedule?sportId=1&date=2026-07-19&hydrate=probablePitcher,team","2026-08-27T01:34:10.621Z","false"
"825060","2026-07-17","Merrill Kelly","518876","518876","Merrill Kelly","Arizona Diamondbacks","2026-07-18T01:37:41.795Z","2026-07-18T01:40:00.000Z","Warmup","2.303417","NOT_VERIFIABLE","ID y nombre coinciden con MLB teams.home.probablePitcher, pero la respuesta consultada después del juego no incluye timestamp ni versión as-of anterior al inicio","true","true","MLB Stats API probablePitcher","https://statsapi.mlb.com/api/v1/schedule?sportId=1&date=2026-07-17&hydrate=probablePitcher,team","2026-08-27T01:34:10.621Z","false"
"825061","2026-07-05","Eduardo Rodriguez","593958","593958","Eduardo Rodriguez","Arizona Diamondbacks","2026-07-05T19:36:33.960Z","2026-07-05T20:00:00.000Z","Pre-Game","23.434","NOT_VERIFIABLE","ID y nombre coinciden con MLB teams.home.probablePitcher, pero la respuesta consultada después del juego no incluye timestamp ni versión as-of anterior al inicio","true","true","MLB Stats API probablePitcher","https://statsapi.mlb.com/api/v1/schedule?sportId=1&date=2026-07-05&hydrate=probablePitcher,team","2026-08-27T01:34:10.621Z","false"
"825062","2026-07-03","Jose Cabrera","703615","703615","Jose Cabrera","Arizona Diamondbacks","2026-07-03T23:52:14.585Z","2026-07-04T01:45:00.000Z","Pre-Game","112.756917","NOT_VERIFIABLE","ID y nombre coinciden con MLB teams.home.probablePitcher, pero la respuesta consultada después del juego no incluye timestamp ni versión as-of anterior al inicio","true","true","MLB Stats API probablePitcher","https://statsapi.mlb.com/api/v1/schedule?sportId=1&date=2026-07-03&hydrate=probablePitcher,team","2026-08-27T01:34:10.621Z","false"
"825063","2026-07-04","Merrill Kelly","518876","518876","Merrill Kelly","Arizona Diamondbacks","2026-07-05T01:32:09.581Z","2026-07-05T01:40:00.000Z","Warmup","7.840317","NOT_VERIFIABLE","ID y nombre coinciden con MLB teams.home.probablePitcher, pero la respuesta consultada después del juego no incluye timestamp ni versión as-of anterior al inicio","true","true","MLB Stats API probablePitcher","https://statsapi.mlb.com/api/v1/schedule?sportId=1&date=2026-07-04&hydrate=probablePitcher,team","2026-08-27T01:34:10.621Z","false"
"825064","2026-07-01","Zac Gallen","668678","668678","Zac Gallen","Arizona Diamondbacks","2026-07-02T00:58:30.918Z","2026-07-02T01:40:00.000Z","Pre-Game","41.4847","NOT_VERIFIABLE","ID y nombre coinciden con MLB teams.home.probablePitcher, pero la respuesta consultada después del juego no incluye timestamp ni versión as-of anterior al inicio","true","true","MLB Stats API probablePitcher","https://statsapi.mlb.com/api/v1/schedule?sportId=1&date=2026-07-01&hydrate=probablePitcher,team","2026-08-27T01:34:10.621Z","false"
"825065","2026-06-29","Eduardo Rodriguez","593958","593958","Eduardo Rodriguez","Arizona Diamondbacks","2026-06-30T01:10:31.895Z","2026-06-30T01:40:00.000Z","Pre-Game","29.468417","NOT_VERIFIABLE","ID y nombre coinciden con MLB teams.home.probablePitcher, pero la respuesta consultada después del juego no incluye timestamp ni versión as-of anterior al inicio","true","true","MLB Stats API probablePitcher","https://statsapi.mlb.com/api/v1/schedule?sportId=1&date=2026-06-29&hydrate=probablePitcher,team","2026-08-27T01:34:10.621Z","false"
"825066","2026-06-30","Brandon Pfaadt","694297","694297","Brandon Pfaadt","Arizona Diamondbacks","2026-07-01T00:03:12.500Z","2026-07-01T01:40:00.000Z","Pre-Game","96.791667","NOT_VERIFIABLE","ID y nombre coinciden con MLB teams.home.probablePitcher, pero la respuesta consultada después del juego no incluye timestamp ni versión as-of anterior al inicio","true","true","MLB Stats API probablePitcher","https://statsapi.mlb.com/api/v1/schedule?sportId=1&date=2026-06-30&hydrate=probablePitcher,team","2026-08-27T01:34:10.621Z","false"