game_id,game_date,scheduled_time_et,home_team,away_team,venue,game_status,is_final,game_type,game_type_source,has_any_pregame_snapshot,has_training_pregame_snapshot,has_current_pregame_snapshot,home_pitcher_id,home_pitcher_name,home_actual_k,home_ip,home_bf,home_pitches,home_in_official_training_dataset,away_pitcher_id,away_pitcher_name,away_actual_k,away_ip,away_bf,away_pitches,away_in_official_training_dataset,defendible_training_observation_count,source_record_count
"831475","2026-03-01","1:05 PM ET","Washington Nationals","Miami Marlins","CACTI Park of the Palm Beaches","Final","true","S","MLB_STATS_API_SCHEDULE","false","false","false","695418","Brad Lord","2","2.1","12","43","false","663978","Chris Paddack","3","2.0","7","42","false","0","1"
"831477","2026-03-01","1:05 PM ET","St. Louis Cardinals","Pittsburgh Pirates","Roger Dean Chevrolet Stadium","Final","true","S","MLB_STATS_API_SCHEDULE","false","false","false","681517","Kyle Leahy","1","2.2","14","54","false","682995","Hunter Barco","3","3.0","10","44","false","0","1"
"831531","2026-03-01","1:05 PM ET","Minnesota Twins","Atlanta Braves","Lee Health Sports Complex","Final","true","S","MLB_STATS_API_SCHEDULE","false","false","false","690953","Mick Abel","6","3.0","10","43","false","656550","Grant Holmes","2","2.2","11","46","false","0","1"
"831578","2026-03-01","1:05 PM ET","Philadelphia Phillies","New York Yankees","BayCare Ballpark","Final","true","S","MLB_STATS_API_SCHEDULE","false","false","false","691725","Andrew Painter","1","2.0","6","20","false","701542","Will Warren","3","3.2","12","50","false","0","1"
"831579","2026-03-01","1:10 PM ET","New York Mets","Houston Astros","Clover Park","Final","true","S","MLB_STATS_API_SCHEDULE","false","false","false","605280","Clay Holmes","4","4.0","16","63","false","669920","Jason Alexander","1","2.0","7","28","false","0","1"
"831585","2026-03-01","1:05 PM ET","Atlanta Braves","Tampa Bay Rays","CoolToday Park","Final","true","S","MLB_STATS_API_SCHEDULE","false","false","false","625643","Reynaldo López","3","3.0","11","42","false","656876","Drew Rasmussen","1","3.0","9","36","false","0","1"
"831638","2026-03-01","1:05 PM ET","Boston Red Sox","Baltimore Orioles","JetBlue Park","Final","true","S","MLB_STATS_API_SCHEDULE","false","false","false","624133","Ranger Suarez","2","3.0","11","45","false","605135","Chris Bassitt","0","2.0","10","40","false","0","1"
"831639","2026-03-01","1:05 PM ET","Detroit Tigers","Toronto Blue Jays","Publix Field at Joker Marchant Stadium","Final","true","S","MLB_STATS_API_SCHEDULE","false","false","false","669373","Tarik Skubal","1","3.0","12","44","false","814804","Grant Rogers","3","3.0","9","27","false","0","1"
"831721","2026-03-01","3:10 PM ET","Seattle Mariners","Texas Rangers","Peoria Stadium","Final","true","S","MLB_STATS_API_SCHEDULE","false","false","false","669302","Logan Gilbert","3","2.2","10","44","false","656641","Jacob Latz","1","3.0","12","41","false","0","1"
"831768","2026-03-01","3:05 PM ET","San Francisco Giants","San Diego Padres","Scottsdale Stadium","Final","true","S","MLB_STATS_API_SCHEDULE","false","false","false","657277","Logan Webb","3","3.0","11","38","false","608566","Germán Márquez","2","2.0","10","37","false","0","1"
"831794","2026-03-01","3:05 PM ET","Kansas City Royals","Milwaukee Brewers","Surprise Stadium","Final","true","S","MLB_STATS_API_SCHEDULE","false","false","false","663460","Kris Bubic","3","2.0","10","31","false","694477","Chad Patrick","2","2.0","10","41","false","0","1"
"831827","2026-03-01","3:05 PM ET","Los Angeles Dodgers","Los Angeles Angels","Camelback Ranch","Final","true","S","MLB_STATS_API_SCHEDULE","false","false","false","689017","Landon Knack","1","0.2","7","26","false","672282","Reid Detmers","2","3.0","16","61","false","0","1"
"831867","2026-03-01","3:05 PM ET","Cleveland Guardians","Colorado Rockies","Goodyear Ballpark","Final","true","S","MLB_STATS_API_SCHEDULE","false","false","false","668909","Gavin Williams","3","3.0","12","44","false","801403","Chase Dollander","1","2.0","8","34","false","0","1"
"831888","2026-03-01","3:10 PM ET","Arizona Diamondbacks","Cleveland Guardians","Salt River Fields at Talking Stick","Final","true","S","MLB_STATS_API_SCHEDULE","false","false","false","647336","Michael Soroka","1","1.2","12","47","false","682982","Daniel Espino","0","1.0","3","9","false","0","1"
"831899","2026-03-01","3:05 PM ET","Athletics","Cincinnati Reds","Hohokam Stadium","Final","true","S","MLB_STATS_API_SCHEDULE","false","false","false","669372","J.T. Ginn","2","3.0","10","44","false","671096","Andrew Abbott","2","2.2","12","43","false","0","1"
"831914","2026-03-01","3:05 PM ET","Chicago Cubs","Chicago White Sox","Sloan Park","Final","true","S","MLB_STATS_API_SCHEDULE","false","false","false","684007","Shota Imanaga","1","2.2","12","47","false","641743","Anthony Kay","2","2.2","12","54","false","0","1"
"831476","2026-03-02","1:05 PM ET","St. Louis Cardinals","Miami Marlins","Roger Dean Chevrolet Stadium","Final","true","S","MLB_STATS_API_SCHEDULE","false","false","false","669467","Andre Pallante","2","3.0","12","38","false","800049","Adam Mazur","0","2.0","7","26","false","0","1"
"831527","2026-03-02","1:05 PM ET","Detroit Tigers","Atlanta Braves","Publix Field at Joker Marchant Stadium","Final","true","S","MLB_STATS_API_SCHEDULE","false","false","false","664285","Framber Valdez","3","3.0","12","43","false","693821","Bryce Elder","1","3.0","9","41","false","0","1"
"831529","2026-03-02","1:05 PM ET","Houston Astros","Washington Nationals","CACTI Park of the Palm Beaches","Final","true","S","MLB_STATS_API_SCHEDULE","false","false","false","686613","Hunter Brown","3","2.2","11","43","false","680686","Josiah Gray","3","1.2","9","39","false","0","1"
"831577","2026-03-02","1:05 PM ET","Pittsburgh Pirates","Tampa Bay Rays","LECOM Park","Final","true","S","MLB_STATS_API_SCHEDULE","false","false","false","605182","Mike Clevinger","3","3.0","11","49","false","669438","Mason Englert","2","2.0","11","45","false","0","1"
"831640","2026-03-02","1:07 PM ET","Toronto Blue Jays","Boston Red Sox","TD Ballpark","Final","true","S","MLB_STATS_API_SCHEDULE","false","false","false","664074","Cody Ponce","2","2.0","9","32","false","670912","Johan Oviedo","4","3.0","10","31","false","0","1"
"831760","2026-03-02","3:05 PM ET","Chicago White Sox","San Francisco Giants","Camelback Ranch","Final","true","S","MLB_STATS_API_SCHEDULE","false","false","false","663436","Davis Martin","2","3.0","13","51","false","694738","Landen Roupp","2","2.0","6","25","false","0","1"
"831808","2026-03-02","3:10 PM ET","Colorado Rockies","Los Angeles Dodgers","Salt River Fields at Talking Stick","Final","true","S","MLB_STATS_API_SCHEDULE","false","false","false","623474","Jimmy Herget","0","2.0","9","36","false","656924","Ryder Ryan","1","2.0","8","35","false","0","1"
"831840","2026-03-02","3:10 PM ET","Los Angeles Angels","Kansas City Royals","Tempe Diablo Stadium","Final","true","S","MLB_STATS_API_SCHEDULE","false","false","false","680570","Grayson Rodriguez","3","3.0","12","43","false","702070","Noah Cameron","0","2.2","14","52","false","0","1"
"831874","2026-03-02","3:05 PM ET","Texas Rangers","Cleveland Guardians","Surprise Stadium","Final","true","S","MLB_STATS_API_SCHEDULE","false","false","false","596295","Austin Gomber","3","2.0","10","47","false","677944","Slade Cecconi","4","2.2","12","52","false","0","1"
"831930","2026-03-02","3:05 PM ET","Cincinnati Reds","Chicago Cubs","Goodyear Ballpark","Final","true","S","MLB_STATS_API_SCHEDULE","false","false","false","663903","Brady Singer","1","2.0","13","46","false","592791","Jameson Taillon","2","2.1","14","53","false","0","1"
"831934","2026-03-02","3:10 PM ET","San Diego Padres","Athletics","Peoria Stadium","Final","true","S","MLB_STATS_API_SCHEDULE","false","false","false","650633","Michael King","3","2.1","13","57","false","686930","Mason Barnett","2","2.1","8","47","false","0","1"
"831430","2026-03-03","1:05 PM ET","Pittsburgh Pirates","Colombia","LECOM Park","Final","true","E","MLB_STATS_API_SCHEDULE","false","false","false","664353","José Urquidy","3","3.0","11","42","false","527054","Julio Teheran","0","1.0","3","9","false","0","1"
"831434","2026-03-03","1:10 PM ET","New York Mets","Nicaragua","Clover Park","Final","true","E","MLB_STATS_API_SCHEDULE","false","false","false","804636","Jonah Tong","3","2.2","12","54","false","541640","Erasmo Ramírez","1","2.0","8","29","false","0","1"
"831436","2026-03-03","1:10 PM ET","Miami Marlins","Israel","Roger Dean Chevrolet Stadium","Final","true","E","MLB_STATS_API_SCHEDULE","false","false","false","666129","Braxton Garrett","1","2.0","7","26","false","476594","Robert Stock","3","3.0","12","45","false","0","1"
"831437","2026-03-03","1:07 PM ET","Toronto Blue Jays","Canada","TD Ballpark","Final","true","E","MLB_STATS_API_SCHEDULE","false","false","false","592332","Kevin Gausman","2","2.0","8","37","false","663531","Logan Allen","0","1.0","9","44","false","0","1"
"831439","2026-03-03","6:05 PM ET","Boston Red Sox","Puerto Rico","JetBlue Park","Final","true","E","MLB_STATS_API_SCHEDULE","false","false","false","687562","Jake Bennett","0","0.2","8","36","false","695684","Elmer Rodríguez","2","3.0","12","43","false","0","1"
"831440","2026-03-03","6:05 PM ET","Houston Astros","Venezuela","CACTI Park of the Palm Beaches","Final","true","E","MLB_STATS_API_SCHEDULE","false","false","false","664299","Cristian Javier","0","2.0","8","30","false","660825","Eduard Bazardo","0","1.0","3","11","false","0","1"
"831444","2026-03-03","1:05 PM ET","New York Yankees","Panama","George M. Steinbrenner Field","Completed Early","true","E","MLB_STATS_API_SCHEDULE","false","false","false","608331","Max Fried","1","3.0","11","56","false","683517","Jorge Garcia","2","1.0","6","32","false","0","1"
"831445","2026-03-03","1:05 PM ET","Baltimore Orioles","Kingdom of the Netherlands","Ed Smith Stadium","Final","true","E","MLB_STATS_API_SCHEDULE","false","false","false","669432","Trevor Rogers","4","2.1","16","58","false","820853","Ryjeteri Merite","2","1.0","5","21","false","0","1"
"831532","2026-03-03","1:05 PM ET","Tampa Bay Rays","Philadelphia Phillies","Charlotte Sports Park","Final","true","S","MLB_STATS_API_SCHEDULE","false","false","false","663556","Shane McClanahan","1","2.0","7","23","false","660604","Alan Rangel","0","1.2","9","43","false","0","1"
"831641","2026-03-03","1:05 PM ET","Minnesota Twins","Tampa Bay Rays","Lee Health Sports Complex","Final","true","S","MLB_STATS_API_SCHEDULE","false","false","false","680573","Simeon Woods Richardson","3","3.0","17","61","false","811315","Brody Hopkins","1","1.0","5","28","false","0","1"
"831720","2026-03-03","3:08 PM ET","San Francisco Giants","United States","Scottsdale Stadium","Final","true","E","MLB_STATS_API_SCHEDULE","false","false","false","605288","Adrian Houser","3","3.0","13","48","false","694973","Paul Skenes","4","3.0","10","40","false","0","1"
"831772","2026-03-03","3:05 PM ET","Chicago White Sox","San Diego Padres","Camelback Ranch","Final","true","S","MLB_STATS_API_SCHEDULE","false","false","false","656794","Sean Newcomb","1","3.0","15","54","false","601713","Nick Pivetta","1","3.0","14","43","false","0","1"
"831800","2026-03-03","3:10 PM ET","Arizona Diamondbacks","Mexico","Salt River Fields at Talking Stick","Final","true","E","MLB_STATS_API_SCHEDULE","false","false","false","668678","Zac Gallen","0","2.0","7","22","false","592836","Taijuan Walker","2","2.1","11","49","false","0","1"
"831811","2026-03-03","3:05 PM ET","Cleveland Guardians","Los Angeles Dodgers","Goodyear Ballpark","Final","true","S","MLB_STATS_API_SCHEDULE","false","false","false","676282","Joey Cantillo","2","3.0","13","58","false","808963","Roki Sasaki","2","2.0","11","45","false","0","1"
"831817","2026-03-03","3:10 PM ET","Seattle Mariners","Los Angeles Angels","Peoria Stadium","Final","true","S","MLB_STATS_API_SCHEDULE","false","false","false","693433","Bryan Woo","4","2.1","10","48","false","691946","George Klassen","4","3.0","13","51","false","0","1"
"831851","2026-03-03","3:05 PM ET","Kansas City Royals","Cuba","Surprise Stadium","Final","true","E","MLB_STATS_API_SCHEDULE","false","false","false","686701","Ryan Bergert","4","3.0","10","34","false","682644","Denny Larrondo","2","2.0","12","54","false","0","1"
"831853","2026-03-03","3:05 PM ET","Chicago Cubs","Italy","Sloan Park","Final","true","E","MLB_STATS_API_SCHEDULE","false","false","false","690990","Cade Horton","3","3.0","12","42","false","690626","Dylan DeLucia","2","1.2","9","39","false","0","1"
"831855","2026-03-03","3:10 PM ET","Milwaukee Brewers","Great Britain","American Family Fields of Phoenix","Final","true","E","MLB_STATS_API_SCHEDULE","false","false","false","694819","Jacob Misiorowski","5","2.0","9","38","false","669084","DL Hall","2","3.0","12","45","false","0","1"
"831940","2026-03-03","3:05 PM ET","Athletics","Brazil","Hohokam Stadium","Completed Early","true","E","MLB_STATS_API_SCHEDULE","false","false","false","650644","Aaron Civale","1","2.2","14","48","false","649963","Bo Takahashi","0","1.0","11","40","false","0","1"
"836149","2026-03-03","6:05 PM ET","Dominican Republic","Detroit Tigers","Estadio Quisqueya Juan Marichal","Final","true","E","MLB_STATS_API_SCHEDULE","false","false","false","622663","Luis Severino","2","2.0","12","40","false","680744","Ty Madden","1","2.0","13","54","false","0","1"
"831427","2026-03-04","1:05 PM ET","Philadelphia Phillies","Canada","BayCare Ballpark","Final","true","E","MLB_STATS_API_SCHEDULE","false","false","false","605400","Aaron Nola","4","3.0","10","37","false","615698","Cal Quantrill","0","2.0","8","31","false","0","1"
"831428","2026-03-04","6:05 PM ET","Washington Nationals","Venezuela","CACTI Park of the Palm Beaches","Final","true","E","MLB_STATS_API_SCHEDULE","false","false","false","656492","Foster Griffin","1","2.0","9","29","false","593958","Eduardo Rodriguez","2","1.2","9","43","false","0","1"
"831429","2026-03-04","1:05 PM ET","St. Louis Cardinals","Nicaragua","Roger Dean Chevrolet Stadium","Final","true","E","MLB_STATS_API_SCHEDULE","false","false","false","669461","Matthew Liberatore","5","3.1","15","65","false","650356","Dilmer Mejia","1","2.0","7","29","false","0","1"
"831431","2026-03-04","1:10 PM ET","New York Mets","Israel","Clover Park","Final","true","E","MLB_STATS_API_SCHEDULE","false","false","false","656849","David Peterson","4","3.0","11","48","false","815084","Ben Simon","0","1.0","4","20","false","0","1"
"831432","2026-03-04","1:05 PM ET","Tampa Bay Rays","Kingdom of the Netherlands","Charlotte Sports Park","Completed Early","true","E","MLB_STATS_API_SCHEDULE","false","false","false","663765","Jake Woodford","2","2.1","14","47","false","808378","Jamdrick Cornelia","0","1.0","5","19","false","0","1"
"831433","2026-03-04","1:05 PM ET","Detroit Tigers","Panama","Publix Field at Joker Marchant Stadium","Final","true","E","MLB_STATS_API_SCHEDULE","false","false","false","656427","Jack Flaherty","3","3.0","10","38","false","642545","Jaime Barria","1","1.0","3","15","false","0","1"
"831435","2026-03-04","1:05 PM ET","Minnesota Twins","Puerto Rico","Lee Health Sports Complex","Final","true","E","MLB_STATS_API_SCHEDULE","false","false","false","805673","Zebby Matthews","3","4.0","14","56","false","670103","Raymond Burgos","1","1.2","8","39","false","0","1"
"831438","2026-03-04","1:05 PM ET","Atlanta Braves","Colombia","CoolToday Park","Final","true","E","MLB_STATS_API_SCHEDULE","false","false","false","622694","Elieser Hernández","3","2.2","11","46","false","672715","Luis Patiño","1","0.2","6","28","false","0","1"
"831634","2026-03-04","1:05 PM ET","Boston Red Sox","New York Yankees","JetBlue Park","Final","true","S","MLB_STATS_API_SCHEDULE","false","false","false","676979","Garrett Crochet","3","2.2","11","53","false","661563","Luis Gil","6","3.0","12","56","false","0","1"
"831642","2026-03-04","1:05 PM ET","Baltimore Orioles","Houston Astros","Ed Smith Stadium","Final","true","S","MLB_STATS_API_SCHEDULE","false","false","false","669358","Shane Baz","5","3.0","14","49","false","676467","Colton Gordon","1","2.1","10","50","false","0","1"
"831723","2026-03-04","3:10 PM ET","Colorado Rockies","United States","Salt River Fields at Talking Stick","Completed Early","true","E","MLB_STATS_API_SCHEDULE","false","false","false","607536","Kyle Freeland","1","1.0","5","22","false","642232","Ryan Yarbrough","2","3.0","11","31","false","0","1"
"831739","2026-03-04","9:05 PM ET","San Francisco Giants","Seattle Mariners","Scottsdale Stadium","Final","true","S","MLB_STATS_API_SCHEDULE","false","false","false","592662","Robbie Ray","2","2.2","11","50","false","681867","Cooper Criswell","1","3.0","11","41","false","0","1"
"831799","2026-03-04","3:05 PM ET","Los Angeles Dodgers","Mexico","Camelback Ranch","Final","true","E","MLB_STATS_API_SCHEDULE","false","false","false","607192","Tyler Glasnow","4","2.2","13","50","false","657514","Brennan Bernardino","0","1.0","3","13","false","0","1"
"831844","2026-03-04","3:10 PM ET","Los Angeles Angels","Italy","Tempe Diablo Stadium","Final","true","E","MLB_STATS_API_SCHEDULE","false","false","false","815083","Mitch Farris","1","3.0","13","43","false","838341","Gabriele Quattrini","3","3.0","11","33","false","0","1"
"831852","2026-03-04","3:05 PM ET","Cuba","Cincinnati Reds","Goodyear Ballpark","Completed Early","true","E","MLB_STATS_API_SCHEDULE","false","false","false","678789","Julio Robaina","1","2.0","11","50","false","695076","Rhett Lowder","3","3.0","9","43","false","0","1"
"831854","2026-03-04","3:10 PM ET","San Diego Padres","Great Britain","Peoria Stadium","Final","true","E","MLB_STATS_API_SCHEDULE","false","false","false","605397","Joe Musgrove","3","2.0","12","60","false","682044","Sean Boyle","3","3.0","11","44","false","0","1"
"831929","2026-03-04","3:10 PM ET","Milwaukee Brewers","Chicago Cubs","American Family Fields of Phoenix","Final","true","S","MLB_STATS_API_SCHEDULE","false","false","false","687075","Brandon Sproat","4","3.0","13","47","false","665795","Edward Cabrera","2","2.2","11","45","false","0","1"
"831938","2026-03-04","3:05 PM ET","Texas Rangers","Brazil","Surprise Stadium","Completed Early","true","E","MLB_STATS_API_SCHEDULE","false","false","false","594798","Jacob deGrom","3","2.0","10","39","false","807344","Enzo Sawayama","2","2.0","8","35","false","0","1"
"831963","2026-03-04","3:05 PM ET","Athletics","Arizona Diamondbacks","Hohokam Stadium","Final","true","S","MLB_STATS_API_SCHEDULE","false","false","false","605488","Jeffrey Springs","4","2.1","11","56","false","694297","Brandon Pfaadt","1","2.1","9","25","false","0","1"
"836150","2026-03-04","2:05 PM ET","Dominican Republic","Detroit Tigers","Estadio Quisqueya Juan Marichal","Final","true","E","MLB_STATS_API_SCHEDULE","false","false","false","678394","Brayan Bello","2","3.0","12","42","false","572143","Burch Smith","1","1.2","6","25","false","0","1"
"831478","2026-03-05","1:05 PM ET","Pittsburgh Pirates","St. Louis Cardinals","LECOM Park","Final","true","S","MLB_STATS_API_SCHEDULE","false","false","false","656605","Mitch Keller","3","3.0","14","56","false","669160","Dustin May","1","3.0","10","42","false","0","1"
"831479","2026-03-05","1:05 PM ET","Washington Nationals","New York Mets","CACTI Park of the Palm Beaches","Final","true","S","MLB_STATS_API_SCHEDULE","false","false","false","571945","Miles Mikolas","3","3.0","14","57","false","663795","Justin Hagenman","4","3.0","12","43","false","0","1"
"831581","2026-03-05","1:05 PM ET","Philadelphia Phillies","Boston Red Sox","BayCare Ballpark","Final","true","S","MLB_STATS_API_SCHEDULE","false","false","false","666200","Jesús Luzardo","5","3.0","11","38","false","674674","T.J. Sikkema","2","2.1","12","45","false","0","1"
"831582","2026-03-05","1:10 PM ET","Miami Marlins","Houston Astros","Roger Dean Chevrolet Stadium","Final","true","S","MLB_STATS_API_SCHEDULE","false","false","false","645261","Sandy Alcantara","4","3.0","9","43","false","837227","Tatsuya Imai","3","2.0","8","30","false","0","1"
"831583","2026-03-05","1:05 PM ET","Atlanta Braves","Toronto Blue Jays","CoolToday Park","Final","true","S","MLB_STATS_API_SCHEDULE","false","false","false","519242","Chris Sale","2","3.0","13","50","false","641778","Eric Lauer","2","2.1","11","46","false","0","1"
"831632","2026-03-05","1:05 PM ET","New York Yankees","Minnesota Twins","George M. Steinbrenner Field","Completed Early","true","S","MLB_STATS_API_SCHEDULE","false","false","false","621112","Paul Blackburn","3","2.1","12","56","false","671737","Taj Bradley","3","4.0","13","54","false","0","1"
"831633","2026-03-05","1:05 PM ET","Tampa Bay Rays","Baltimore Orioles","Charlotte Sports Park","Final","true","S","MLB_STATS_API_SCHEDULE","false","false","false","686752","Ryan Pepiot","3","3.0","13","57","false","621107","Zach Eflin","3","2.0","8","40","false","0","1"
"831733","2026-03-05","8:05 PM ET","Kansas City Royals","Texas Rangers","Surprise Stadium","Final","true","S","MLB_STATS_API_SCHEDULE","false","false","false","666142","Cole Ragans","2","1.2","12","52","false","669022","MacKenzie Gore","2","1.2","14","53","false","0","1"
"831765","2026-03-05","3:10 PM ET","Seattle Mariners","San Diego Padres","Peoria Stadium","Final","true","S","MLB_STATS_API_SCHEDULE","false","false","false","622491","Luis Castillo","2","1.1","12","39","false","621111","Walker Buehler","4","3.0","12","47","false","0","1"
"831792","2026-03-05","3:10 PM ET","Colorado Rockies","Milwaukee Brewers","Salt River Fields at Talking Stick","Final","true","S","MLB_STATS_API_SCHEDULE","false","false","false","547179","Michael Lorenzen","2","2.2","17","65","false","688107","Robert Gasser","2","2.2","13","53","false","0","1"
"831810","2026-03-05","3:05 PM ET","Cincinnati Reds","Los Angeles Dodgers","Goodyear Ballpark","Final","true","S","MLB_STATS_API_SCHEDULE","false","false","false","683742","Jose Franco","1","1.2","9","49","false","608344","Cole Irvin","1","3.0","15","43","false","0","1"
"831880","2026-03-05","8:05 PM ET","Chicago White Sox","Cleveland Guardians","Camelback Ranch","Final","true","S","MLB_STATS_API_SCHEDULE","false","false","false","680732","Sean Burke","3","3.0","14","40","false","676440","Tanner Bibee","4","4.0","13","46","false","0","1"
"831941","2026-03-05","3:10 PM ET","Los Angeles Angels","Athletics","Tempe Diablo Stadium","Final","true","S","MLB_STATS_API_SCHEDULE","false","false","false","666201","Alek Manoah","3","2.1","15","64","false","806960","Luis Morales","4","3.2","17","65","false","0","1"
"831961","2026-03-05","3:05 PM ET","Chicago Cubs","Arizona Diamondbacks","Sloan Park","Final","true","S","MLB_STATS_API_SCHEDULE","false","false","false","607067","Colin Rea","6","3.2","15","57","false","669194","Ryne Nelson","3","2.2","11","42","false","0","1"
"831470","2026-03-06","1:05 PM ET","Pittsburgh Pirates","Philadelphia Phillies","LECOM Park","Final","true","S","MLB_STATS_API_SCHEDULE","false","false","false","677952","Braxton Ashcraft","5","3.0","12","53","false","691893","Jean Cabrera","3","2.1","11","50","false","0","1"
"831480","2026-03-06","7:10 PM ET","Miami Marlins","New York Mets","Roger Dean Chevrolet Stadium","Final","true","S","MLB_STATS_API_SCHEDULE","false","false","false","676974","Max Meyer","4","3.0","11","39","false","640455","Sean Manaea","1","3.0","10","33","false","0","1"
"831519","2026-03-06","1:05 PM ET","Baltimore Orioles","St. Louis Cardinals","Ed Smith Stadium","Final","true","S","MLB_STATS_API_SCHEDULE","false","false","false","605135","Chris Bassitt","2","3.0","11","43","false","700241","Michael McGreevy","4","4.0","16","60","false","0","1"
"831521","2026-03-06","6:05 PM ET","Minnesota Twins","Atlanta Braves","Lee Health Sports Complex","Final","true","S","MLB_STATS_API_SCHEDULE","false","false","false","641927","Bailey Ober","1","2.0","6","25","false","625643","Reynaldo López","3","4.0","18","62","false","0","1"
"831524","2026-03-06","1:05 PM ET","Houston Astros","Washington Nationals","CACTI Park of the Palm Beaches","Final","true","S","MLB_STATS_API_SCHEDULE","false","false","false","681347","Mike Burrows","4","3.2","14","61","false","676917","Cade Cavalli","6","4.0","14","51","false","0","1"
"831525","2026-03-06","1:07 PM ET","Toronto Blue Jays","Pittsburgh Pirates","TD Ballpark","Final","true","S","MLB_STATS_API_SCHEDULE","false","false","false","621244","José Berríos","3","4.0","18","63","false","696149","Bubba Chandler","5","3.0","13","57","false","0","1"
"831624","2026-03-06","6:35 PM ET","New York Yankees","Tampa Bay Rays","George M. Steinbrenner Field","Final","true","S","MLB_STATS_API_SCHEDULE","false","false","false","693645","Cam Schlittler","4","2.1","10","39","false","671212","Joe Boyle","6","3.0","15","68","false","0","1"
"831631","2026-03-06","1:05 PM ET","Detroit Tigers","Boston Red Sox","Publix Field at Joker Marchant Stadium","Final","true","S","MLB_STATS_API_SCHEDULE","false","false","false","434378","Justin Verlander","4","2.0","10","50","false","813349","Connelly Early","4","3.2","13","51","false","0","1"
"831737","2026-03-06","3:05 PM ET","Texas Rangers","Seattle Mariners","Surprise Stadium","Final","true","S","MLB_STATS_API_SCHEDULE","false","false","false","683004","Jack Leiter","4","3.2","16","61","false","807739","Kade Anderson","2","3.0","10","34","false","0","1"
"831826","2026-03-06","3:05 PM ET","Cleveland Guardians","Los Angeles Angels","Goodyear Ballpark","Final","true","S","MLB_STATS_API_SCHEDULE","false","false","false","668909","Gavin Williams","5","3.2","15","56","false","672282","Reid Detmers","5","4.0","15","64","false","0","1"
"831842","2026-03-06","8:05 PM ET","Los Angeles Dodgers","Kansas City Royals","Camelback Ranch","Final","true","S","MLB_STATS_API_SCHEDULE","false","false","false","656924","Ryder Ryan","1","2.0","6","21","false","687765","Mitch Spence","0","3.0","15","42","false","0","1"
"831871","2026-03-06","3:05 PM ET","Athletics","Colorado Rockies","Hohokam Stadium","Final","true","S","MLB_STATS_API_SCHEDULE","false","false","false","669372","J.T. Ginn","3","3.0","15","58","false","801403","Chase Dollander","2","3.0","14","53","false","0","1"
"831889","2026-03-06","3:05 PM ET","San Francisco Giants","Cincinnati Reds","Scottsdale Stadium","Final","true","S","MLB_STATS_API_SCHEDULE","false","false","false","641816","Tyler Mahle","4","2.0","9","40","false","671096","Andrew Abbott","5","2.2","15","63","false","0","1"
"831919","2026-03-06","3:10 PM ET","Arizona Diamondbacks","Chicago White Sox","Salt River Fields at Talking Stick","Final","true","S","MLB_STATS_API_SCHEDULE","false","false","false","811666","Daniel Eagen","3","1.2","8","42","false","641743","Anthony Kay","2","3.0","13","51","false","0","1"
"831921","2026-03-06","8:10 PM ET","San Diego Padres","Chicago Cubs","Peoria Stadium","Final","true","S","MLB_STATS_API_SCHEDULE","false","false","false","608566","Germán Márquez","3","3.0","10","35","false","676962","Ben Brown","3","2.2","16","48","false","0","1"
"831954","2026-03-06","3:10 PM ET","Milwaukee Brewers","Arizona Diamondbacks","American Family Fields of Phoenix","Final","true","S","MLB_STATS_API_SCHEDULE","false","false","false","694477","Chad Patrick","5","3.0","14","52","false","683352","Mitch Bratt","2","2.2","12","52","false","0","1"
"831469","2026-03-07","1:05 PM ET","St. Louis Cardinals","New York Mets","Roger Dean Chevrolet Stadium","Final","true","S","MLB_STATS_API_SCHEDULE","false","false","false","681517","Kyle Leahy","5","4.0","12","47","false","673540","Kodai Senga","2","2.2","10","50","false","0","1"
"831518","2026-03-07","1:05 PM ET","Detroit Tigers","Pittsburgh Pirates","Publix Field at Joker Marchant Stadium","Final","true","S","MLB_STATS_API_SCHEDULE","false","false","false","663554","Casey Mize","1","3.1","15","59","false","682995","Hunter Barco","3","3.0","13","57","false","0","1"
"831523","2026-03-07","12:05 PM ET","Houston Astros","Miami Marlins","CACTI Park of the Palm Beaches","Final","true","S","MLB_STATS_API_SCHEDULE","false","false","false","669920","Jason Alexander","1","3.0","12","48","false","663978","Chris Paddack","2","3.0","11","40","false","0","1"
"831568","2026-03-07","6:05 PM ET","Washington Nationals","New York Yankees","CACTI Park of the Palm Beaches","Final","true","S","MLB_STATS_API_SCHEDULE","false","false","false","680686","Josiah Gray","2","3.0","10","32","false","701542","Will Warren","3","4.0","16","50","false","0","1"
"831576","2026-03-07","1:05 PM ET","Philadelphia Phillies","Toronto Blue Jays","BayCare Ballpark","Final","true","S","MLB_STATS_API_SCHEDULE","false","false","false","691725","Andrew Painter","0","3.0","10","34","false","453286","Max Scherzer","1","4.0","12","40","false","0","1"
"831580","2026-03-07","1:05 PM ET","Atlanta Braves","Baltimore Orioles","CoolToday Park","Final","true","S","MLB_STATS_API_SCHEDULE","false","false","false","656550","Grant Holmes","3","2.2","13","58","false","801725","Luis De León","2","1.2","7","29","false","0","1"
"831629","2026-03-07","1:05 PM ET","Boston Red Sox","Tampa Bay Rays","JetBlue Park","Completed Early","true","S","MLB_STATS_API_SCHEDULE","false","false","false","670912","Johan Oviedo","4","3.1","12","47","false","694494","Ty Johnson","3","2.1","10","47","false","0","1"
"831630","2026-03-07","1:05 PM ET","Baltimore Orioles","Minnesota Twins","Ed Smith Stadium","Final","true","S","MLB_STATS_API_SCHEDULE","false","false","false","700249","Cade Povich","1","3.2","13","53","false","690953","Mick Abel","2","4.0","12","41","false","0","1"
"831726","2026-03-07","3:05 PM ET","San Francisco Giants","Texas Rangers","Scottsdale Stadium","Final","true","S","MLB_STATS_API_SCHEDULE","false","false","false","687931","Carson Whisenhunt","5","3.0","10","35","false","656641","Jacob Latz","3","3.1","15","53","false","0","1"
"831774","2026-03-07","3:05 PM ET","Cleveland Guardians","San Diego Padres","Goodyear Ballpark","Final","true","S","MLB_STATS_API_SCHEDULE","false","false","false","677944","Slade Cecconi","3","4.0","15","53","false","650633","Michael King","2","3.2","16","73","false","0","1"
"831795","2026-03-07","3:10 PM ET","Los Angeles Angels","Milwaukee Brewers","Tempe Diablo Stadium","Final","true","S","MLB_STATS_API_SCHEDULE","false","false","false","680570","Grayson Rodriguez","2","3.1","15","71","false","605540","Brandon Woodruff","3","2.0","10","32","false","0","1"
"831828","2026-03-07","4:05 PM ET","Athletics","Los Angeles Angels","Las Vegas Ballpark","Final","true","S","MLB_STATS_API_SCHEDULE","false","false","false","695611","Gage Jump","1","3.2","14","49","false","696270","Ryan Johnson","4","4.0","14","55","false","0","1"
"831863","2026-03-07","8:05 PM ET","Los Angeles Dodgers","Colorado Rockies","Camelback Ranch","Final","true","S","MLB_STATS_API_SCHEDULE","false","false","false","689017","Landon Knack","0","3.0","11","36","false","688642","Zach Agnos","0","1.0","3","13","false","0","1"
"831897","2026-03-07","3:05 PM ET","Kansas City Royals","Cincinnati Reds","Surprise Stadium","Final","true","S","MLB_STATS_API_SCHEDULE","false","false","false","663460","Kris Bubic","","","","","false","666157","Nick Lodolo","","","","","false","0","1"
"831904","2026-03-07","3:10 PM ET","Seattle Mariners","Chicago White Sox","Peoria Stadium","Final","true","S","MLB_STATS_API_SCHEDULE","false","false","false","669302","Logan Gilbert","2","4.0","17","54","false","691799","Grant Taylor","0","1.0","4","13","false","0","1"
"831949","2026-03-07","3:05 PM ET","Chicago Cubs","Athletics","Sloan Park","Final","true","S","MLB_STATS_API_SCHEDULE","false","false","false","684007","Shota Imanaga","3","3.2","16","62","false","686930","Mason Barnett","2","3.0","16","64","false","0","1"
"832862","2026-03-07","3:10 PM ET","Arizona Diamondbacks","San Francisco Giants","Salt River Fields at Talking Stick","Final","true","S","MLB_STATS_API_SCHEDULE","false","false","false","684442","Kohl Drake","2","2.1","12","49","false","664141","JT Brubaker","1","3.0","10","41","false","0","1"
"831467","2026-03-08","1:10 PM ET","Miami Marlins","St. Louis Cardinals","Roger Dean Chevrolet Stadium","Final","true","S","MLB_STATS_API_SCHEDULE","false","false","false","666129","Braxton Garrett","2","3.0","11","37","false","669467","Andre Pallante","3","4.0","16","64","false","0","1"
"831520","2026-03-08","1:05 PM ET","Tampa Bay Rays","Atlanta Braves","Charlotte Sports Park","Final","true","S","MLB_STATS_API_SCHEDULE","false","false","false","694312","Logan Workman","3","2.2","15","56","false","693821","Bryce Elder","2","3.1","19","67","false","0","1"
"831522","2026-03-08","1:05 PM ET","Minnesota Twins","Philadelphia Phillies","Lee Health Sports Complex","Final","true","S","MLB_STATS_API_SCHEDULE","false","false","false","680573","Simeon Woods Richardson","5","4.0","13","42","false","660604","Alan Rangel","3","3.0","14","40","false","0","1"
"831571","2026-03-08","1:05 PM ET","Pittsburgh Pirates","Boston Red Sox","LECOM Park","Final","true","S","MLB_STATS_API_SCHEDULE","false","false","false","669387","Carmen Mlodzinski","4","3.0","16","58","false","687562","Jake Bennett","2","1.2","8","41","false","0","1"
"831572","2026-03-08","1:05 PM ET","Washington Nationals","Houston Astros","CACTI Park of the Palm Beaches","Final","true","S","MLB_STATS_API_SCHEDULE","false","false","false","674841","Andrew Alvarez","5","4.0","13","41","false","686613","Hunter Brown","9","4.0","14","62","false","0","1"
"831575","2026-03-08","1:10 PM ET","New York Mets","New York Yankees","Clover Park","Final","true","S","MLB_STATS_API_SCHEDULE","false","false","false","642547","Freddy Peralta","4","3.0","13","45","false","677960","Ryan Weathers","3","2.0","16","59","false","0","1"
"831627","2026-03-08","1:07 PM ET","Toronto Blue Jays","Detroit Tigers","TD Ballpark","Final","true","S","MLB_STATS_API_SCHEDULE","false","false","false","592332","Kevin Gausman","3","3.1","14","52","false","676614","Bryan Sammons","1","2.2","13","57","false","0","1"
"831628","2026-03-08","1:05 PM ET","Baltimore Orioles","Toronto Blue Jays","Ed Smith Stadium","Final","true","S","MLB_STATS_API_SCHEDULE","false","false","false","669330","Tyler Wells","0","1.0","4","10","false","664074","Cody Ponce","1","3.0","9","36","false","0","1"
"831740","2026-03-08","4:10 PM ET","Milwaukee Brewers","Seattle Mariners","American Family Fields of Phoenix","Final","true","S","MLB_STATS_API_SCHEDULE","false","false","false","690986","Kyle Harrison","8","3.0","14","60","false","669923","George Kirby","2","3.0","13","55","false","0","1"
"831757","2026-03-08","4:05 PM ET","Chicago Cubs","San Francisco Giants","Sloan Park","Final","true","S","MLB_STATS_API_SCHEDULE","false","false","false","573204","Caleb Thielbar","1","1.0","3","12","false","694738","Landen Roupp","2","3.0","12","54","false","0","1"
"831812","2026-03-08","4:05 PM ET","Athletics","Los Angeles Dodgers","Hohokam Stadium","Final","true","S","MLB_STATS_API_SCHEDULE","false","false","false","682052","Jacob Lopez","1","2.0","9","40","false","680736","Justin Wrobleski","3","3.0","11","43","false","0","1"
"831813","2026-03-08","4:05 PM ET","Texas Rangers","Los Angeles Angels","Surprise Stadium","Final","true","S","MLB_STATS_API_SCHEDULE","false","false","false","543135","Nathan Eovaldi","4","5.0","21","68","false","682989","Victor Mederos","2","3.0","14","60","false","0","1"
"831832","2026-03-08","4:05 PM ET","Athletics","Los Angeles Angels","Las Vegas Ballpark","Final","true","S","MLB_STATS_API_SCHEDULE","false","false","false","650644","Aaron Civale","4","3.2","15","60","false","686799","Jack Kochanowicz","2","4.0","14","48","false","0","1"
"831848","2026-03-08","4:05 PM ET","Chicago White Sox","Kansas City Royals","Camelback Ranch","Final","true","S","MLB_STATS_API_SCHEDULE","false","false","false","663855","Jordan Hicks","1","1.2","10","38","false","702070","Noah Cameron","3","3.0","13","55","false","0","1"
"831882","2026-03-08","4:10 PM ET","Colorado Rockies","Cleveland Guardians","Salt River Fields at Talking Stick","Final","true","S","MLB_STATS_API_SCHEDULE","false","false","false","682769","Eiberson Castellano","2","2.0","9","35","false","676282","Joey Cantillo","4","4.2","19","69","false","0","1"
"831892","2026-03-08","4:10 PM ET","San Diego Padres","Cincinnati Reds","Peoria Stadium","Final","true","S","MLB_STATS_API_SCHEDULE","false","false","false","670810","Logan Gillaspie","2","4.0","15","59","false","695505","Chase Burns","4","3.2","16","68","false","0","1"
"831960","2026-03-08","4:05 PM ET","Cincinnati Reds","Arizona Diamondbacks","Goodyear Ballpark","Final","true","S","MLB_STATS_API_SCHEDULE","false","false","false","663903","Brady Singer","3","3.0","12","58","false","686753","Drey Jameson","1","0.2","6","29","false","0","1"
"831468","2026-03-09","6:10 PM ET","New York Mets","Miami Marlins","Clover Park","Final","true","S","MLB_STATS_API_SCHEDULE","false","false","false","804267","Zac Thornton","3","3.0","12","54","false","663969","Tyler Phillips","3","2.0","13","45","false","0","1"
"831515","2026-03-09","1:05 PM ET","Boston Red Sox","Philadelphia Phillies","JetBlue Park","Final","true","S","MLB_STATS_API_SCHEDULE","false","false","false","676979","Garrett Crochet","2","4.2","19","59","false","669060","Bryse Wilson","3","3.0","17","56","false","0","1"
"831516","2026-03-09","1:05 PM ET","Houston Astros","St. Louis Cardinals","CACTI Park of the Palm Beaches","Final","true","S","MLB_STATS_API_SCHEDULE","false","false","false","664299","Cristian Javier","3","1.2","10","52","false","690916","Richard Fitts","3","2.2","14","63","false","0","1"
"831517","2026-03-09","6:35 PM ET","New York Yankees","Pittsburgh Pirates","George M. Steinbrenner Field","Final","true","S","MLB_STATS_API_SCHEDULE","false","false","false","608331","Max Fried","6","4.0","14","67","false","664353","José Urquidy","0","3.2","15","36","false","0","1"
"831569","2026-03-09","1:05 PM ET","Atlanta Braves","Minnesota Twins","CoolToday Park","Final","true","S","MLB_STATS_API_SCHEDULE","false","false","false","471911","Carlos Carrasco","3","2.2","13","55","false","805673","Zebby Matthews","5","3.2","19","69","false","0","1"
"831570","2026-03-09","1:05 PM ET","St. Louis Cardinals","Baltimore Orioles","Roger Dean Chevrolet Stadium","Final","true","S","MLB_STATS_API_SCHEDULE","false","false","false","669461","Matthew Liberatore","7","5.0","20","65","false","694346","Trey Gibson","1","4.0","14","53","false","0","1"
"831626","2026-03-09","1:05 PM ET","Detroit Tigers","Tampa Bay Rays","Publix Field at Joker Marchant Stadium","Final","true","S","MLB_STATS_API_SCHEDULE","false","false","false","664285","Framber Valdez","6","4.0","16","53","false","663556","Shane McClanahan","3","2.1","11","41","false","0","1"
"831725","2026-03-09","4:10 PM ET","San Diego Padres","Texas Rangers","Peoria Stadium","Final","true","S","MLB_STATS_API_SCHEDULE","false","false","false","681190","Randy Vásquez","2","4.0","17","63","false","657022","Trey Supak","0","2.1","9","40","false","0","1"
"831748","2026-03-09","4:10 PM ET","Arizona Diamondbacks","Seattle Mariners","Salt River Fields at Talking Stick","Final","true","S","MLB_STATS_API_SCHEDULE","false","false","false","668678","Zac Gallen","3","3.0","9","41","false","693433","Bryan Woo","4","4.0","14","50","false","0","1"
"831802","2026-03-09","4:10 PM ET","Milwaukee Brewers","Los Angeles Dodgers","American Family Fields of Phoenix","Final","true","S","MLB_STATS_API_SCHEDULE","false","false","false","676879","Aaron Ashby","4","2.2","14","50","false","686218","Emmet Sheehan","2","2.1","12","49","false","0","1"
"831816","2026-03-09","4:05 PM ET","San Francisco Giants","Los Angeles Angels","Scottsdale Stadium","Final","true","S","MLB_STATS_API_SCHEDULE","false","false","false","592662","Robbie Ray","4","4.0","14","56","false","667755","José Soriano","4","5.0","16","60","false","0","1"
"831865","2026-03-09","4:05 PM ET","Chicago White Sox","Colorado Rockies","Camelback Ranch","Final","true","S","MLB_STATS_API_SCHEDULE","false","false","false","699151","Jedixson Paez","2","2.0","7","33","false","607536","Kyle Freeland","2","2.0","11","43","false","0","1"
"831881","2026-03-09","4:05 PM ET","Kansas City Royals","Cleveland Guardians","Surprise Stadium","Final","true","S","MLB_STATS_API_SCHEDULE","false","false","false","686701","Ryan Bergert","2","3.0","11","47","false","800048","Parker Messick","4","4.2","16","66","false","0","1"
"831943","2026-03-09","4:05 PM ET","Cincinnati Reds","Athletics","Goodyear Ballpark","Final","true","S","MLB_STATS_API_SCHEDULE","false","false","false","695076","Rhett Lowder","4","3.2","18","59","false","678022","Jack Perkins","2","2.2","15","58","false","0","1"
"831471","2026-03-10","1:10 PM ET","Miami Marlins","Washington Nationals","Roger Dean Chevrolet Stadium","Final","true","S","MLB_STATS_API_SCHEDULE","false","false","false","691587","Eury Pérez","7","3.0","12","55","false","656492","Foster Griffin","4","3.0","13","45","false","0","1"
"831473","2026-03-10","1:10 PM ET","New York Mets","St. Louis Cardinals","Clover Park","Final","true","S","MLB_STATS_API_SCHEDULE","false","false","false","656849","David Peterson","3","4.0","15","52","false","694363","Jared Shuster","4","3.0","16","55","false","0","1"
"831513","2026-03-10","1:07 PM ET","Toronto Blue Jays","Atlanta Braves","TD Ballpark","Final","true","S","MLB_STATS_API_SCHEDULE","false","false","false","656302","Dylan Cease","3","3.0","12","54","false","702275","JR Ritchie","2","4.0","17","60","false","0","1"
"831573","2026-03-10","1:05 PM ET","Philadelphia Phillies","New York Yankees","BayCare Ballpark","Final","true","S","MLB_STATS_API_SCHEDULE","false","false","false","621383","Tanner Banks","1","1.0","4","17","false","661563","Luis Gil","4","3.1","14","62","false","0","1"
"831617","2026-03-10","1:05 PM ET","Houston Astros","Baltimore Orioles","CACTI Park of the Palm Beaches","Final","true","S","MLB_STATS_API_SCHEDULE","false","false","false","621121","Lance McCullers Jr.","4","3.0","13","52","false","694370","Levi Wells","1","3.2","15","66","false","0","1"
"831618","2026-03-10","1:05 PM ET","Tampa Bay Rays","Minnesota Twins","Charlotte Sports Park","Final","true","S","MLB_STATS_API_SCHEDULE","false","false","false","571927","Steven Matz","3","4.0","13","57","false","657746","Joe Ryan","0","3.0","13","48","false","0","1"
"831625","2026-03-10","1:05 PM ET","Boston Red Sox","Detroit Tigers","JetBlue Park","Final","true","S","MLB_STATS_API_SCHEDULE","false","false","false","543243","Sonny Gray","4","4.0","15","59","false","680744","Ty Madden","2","3.2","15","60","false","0","1"
"831758","2026-03-10","4:05 PM ET","Cleveland Guardians","San Francisco Giants","Goodyear Ballpark","Final","true","S","MLB_STATS_API_SCHEDULE","false","false","false","676440","Tanner Bibee","6","3.2","16","71","false","693313","Carson Seymour","3","4.0","15","57","false","0","1"
"831771","2026-03-10","4:10 PM ET","Los Angeles Angels","San Diego Padres","Tempe Diablo Stadium","Final","true","S","MLB_STATS_API_SCHEDULE","false","false","false","815083","Mitch Farris","6","3.2","19","64","false","621111","Walker Buehler","2","3.2","16","68","false","0","1"
"831836","2026-03-10","4:10 PM ET","Seattle Mariners","Kansas City Royals","Peoria Stadium","Final","true","S","MLB_STATS_API_SCHEDULE","false","false","false","681867","Cooper Criswell","5","3.1","12","57","false","666142","Cole Ragans","5","3.1","14","51","false","0","1"
"831898","2026-03-10","4:10 PM ET","Colorado Rockies","Cincinnati Reds","Salt River Fields at Talking Stick","Final","true","S","MLB_STATS_API_SCHEDULE","false","false","false","663372","Ryan Feltner","4","3.0","14","49","false","682227","Brandon Williamson","3","3.0","10","40","false","0","1"
"831918","2026-03-10","4:05 PM ET","Athletics","Chicago White Sox","Hohokam Stadium","Final","true","S","MLB_STATS_API_SCHEDULE","false","false","false","605488","Jeffrey Springs","3","2.2","15","69","false","681343","Shane Smith","2","2.2","16","70","false","0","1"
"831920","2026-03-10","4:05 PM ET","Texas Rangers","Chicago Cubs","Surprise Stadium","Final","true","S","MLB_STATS_API_SCHEDULE","false","false","false","594798","Jacob deGrom","5","3.0","12","43","false","690990","Cade Horton","2","3.2","19","60","false","0","1"
"831956","2026-03-10","4:05 PM ET","Los Angeles Dodgers","Arizona Diamondbacks","Camelback Ranch","Final","true","S","MLB_STATS_API_SCHEDULE","false","false","false","607192","Tyler Glasnow","5","4.1","16","60","false","694297","Brandon Pfaadt","4","2.2","13","42","false","0","1"
"831465","2026-03-11","1:05 PM ET","Washington Nationals","St. Louis Cardinals","CACTI Park of the Palm Beaches","Final","true","S","MLB_STATS_API_SCHEDULE","false","false","false","676917","Cade Cavalli","2","3.0","12","40","false","669160","Dustin May","3","3.2","15","61","false","0","1"
"831507","2026-03-11","1:05 PM ET","Baltimore Orioles","Pittsburgh Pirates","Ed Smith Stadium","Final","true","S","MLB_STATS_API_SCHEDULE","false","false","false","680694","Kyle Bradish","2","5.0","17","73","false","663562","Noah Davis","5","4.2","19","64","false","0","1"
"831561","2026-03-11","1:10 PM ET","Miami Marlins","Houston Astros","Roger Dean Chevrolet Stadium","Final","true","S","MLB_STATS_API_SCHEDULE","false","false","false","676974","Max Meyer","6","3.0","10","48","false","837227","Tatsuya Imai","4","3.0","9","35","false","0","1"
"831574","2026-03-11","1:05 PM ET","Atlanta Braves","Tampa Bay Rays","CoolToday Park","Final","true","S","MLB_STATS_API_SCHEDULE","false","false","false","675911","Spencer Strider","5","4.0","15","61","false","607259","Nick Martinez","5","3.0","13","66","false","0","1"
"831619","2026-03-11","1:05 PM ET","Minnesota Twins","Detroit Tigers","Lee Health Sports Complex","Final","true","S","MLB_STATS_API_SCHEDULE","false","false","false","671737","Taj Bradley","7","5.0","20","69","false","663432","Tanner Rainey","1","1.0","4","19","false","0","1"
"831620","2026-03-11","6:35 PM ET","New York Yankees","Toronto Blue Jays","George M. Steinbrenner Field","Final","true","S","MLB_STATS_API_SCHEDULE","false","false","false","693645","Cam Schlittler","6","3.2","13","46","false","641778","Eric Lauer","3","3.1","15","60","false","0","1"
"831762","2026-03-11","4:05 PM ET","Kansas City Royals","San Francisco Giants","Surprise Stadium","Final","true","S","MLB_STATS_API_SCHEDULE","false","false","false","663559","Bailey Falter","0","3.0","16","47","false","641816","Tyler Mahle","1","3.0","13","47","false","0","1"
"831793","2026-03-11","4:05 PM ET","Cincinnati Reds","Milwaukee Brewers","Goodyear Ballpark","Final","true","S","MLB_STATS_API_SCHEDULE","false","false","false","671096","Andrew Abbott","5","3.2","17","69","false","688107","Robert Gasser","4","2.2","13","62","false","0","1"
"831824","2026-03-11","4:05 PM ET","Chicago White Sox","Los Angeles Angels","Camelback Ranch","Final","true","S","MLB_STATS_API_SCHEDULE","false","false","false","641743","Anthony Kay","4","4.0","15","49","false","666201","Alek Manoah","4","4.0","21","81","false","0","1"
"831849","2026-03-11","4:05 PM ET","Chicago Cubs","Kansas City Royals","Sloan Park","Final","true","S","MLB_STATS_API_SCHEDULE","false","false","false","607067","Colin Rea","1","4.0","19","59","false","687765","Mitch Spence","0","2.0","11","42","false","0","1"
"831861","2026-03-11","4:10 PM ET","Seattle Mariners","Colorado Rockies","Peoria Stadium","Final","true","S","MLB_STATS_API_SCHEDULE","false","false","false","622491","Luis Castillo","3","3.1","15","51","false","801403","Chase Dollander","1","3.1","18","62","false","0","1"
"831950","2026-03-11","4:10 PM ET","Arizona Diamondbacks","Athletics","Salt River Fields at Talking Stick","Final","true","S","MLB_STATS_API_SCHEDULE","false","false","false","669194","Ryne Nelson","4","3.1","13","56","false","806960","Luis Morales","3","4.2","20","75","false","0","1"
"831466","2026-03-12","6:05 PM ET","Pittsburgh Pirates","Atlanta Braves","LECOM Park","Final","true","S","MLB_STATS_API_SCHEDULE","false","false","false","696149","Bubba Chandler","8","5.0","17","66","false","656550","Grant Holmes","9","5.0","16","64","false","0","1"
"831472","2026-03-12","1:05 PM ET","St. Louis Cardinals","New York Mets","Roger Dean Chevrolet Stadium","Final","true","S","MLB_STATS_API_SCHEDULE","false","false","false","700241","Michael McGreevy","3","5.0","20","72","false","640455","Sean Manaea","4","2.2","14","56","false","0","1"
"831510","2026-03-12","6:05 PM ET","Houston Astros","Washington Nationals","CACTI Park of the Palm Beaches","Final","true","S","MLB_STATS_API_SCHEDULE","false","false","false","681347","Mike Burrows","5","4.0","16","77","false","663623","Jake Irvin","4","3.1","15","51","false","0","1"
"831564","2026-03-12","1:05 PM ET","Philadelphia Phillies","Toronto Blue Jays","BayCare Ballpark","Completed Early","true","S","MLB_STATS_API_SCHEDULE","false","false","false","666200","Jesús Luzardo","3","3.2","16","67","false","669310","CJ Van Eyk","1","2.1","14","47","false","0","1"
"831621","2026-03-12","1:05 PM ET","Detroit Tigers","New York Yankees","Publix Field at Joker Marchant Stadium","Final","true","S","MLB_STATS_API_SCHEDULE","false","false","false","434378","Justin Verlander","5","3.1","16","61","false","701542","Will Warren","2","6.0","20","64","false","0","1"
"831622","2026-03-12","1:05 PM ET","Minnesota Twins","Boston Red Sox","Lee Health Sports Complex","Final","true","S","MLB_STATS_API_SCHEDULE","false","false","false","641927","Bailey Ober","2","2.2","14","53","false","813349","Connelly Early","1","3.2","18","62","false","0","1"
"831754","2026-03-12","4:05 PM ET","Chicago Cubs","Seattle Mariners","Sloan Park","Final","true","S","MLB_STATS_API_SCHEDULE","false","false","false","665795","Edward Cabrera","3","3.2","15","60","false","676106","Emerson Hancock","5","4.0","16","56","false","0","1"
"831791","2026-03-12","9:05 PM ET","Cleveland Guardians","Milwaukee Brewers","Goodyear Ballpark","Final","true","S","MLB_STATS_API_SCHEDULE","false","false","false","677944","Slade Cecconi","6","4.0","14","67","false","669084","DL Hall","2","2.0","8","34","false","0","1"
"831839","2026-03-12","9:10 PM ET","San Diego Padres","Kansas City Royals","Peoria Stadium","Final","true","S","MLB_STATS_API_SCHEDULE","false","false","false","608566","Germán Márquez","1","1.2","14","56","false","663460","Kris Bubic","4","3.0","11","52","false","0","1"
"831869","2026-03-12","4:10 PM ET","Arizona Diamondbacks","Colorado Rockies","Salt River Fields at Talking Stick","Final","true","S","MLB_STATS_API_SCHEDULE","false","false","false","664199","Taylor Clarke","2","2.0","7","33","false","807743","Sean Sullivan","1","4.0","15","54","false","0","1"
"831894","2026-03-12","9:05 PM ET","Los Angeles Dodgers","Cincinnati Reds","Camelback Ranch","Final","true","S","MLB_STATS_API_SCHEDULE","false","false","false","608344","Cole Irvin","1","2.0","11","57","false","666157","Nick Lodolo","3","4.0","19","61","false","0","1"
"831908","2026-03-12","9:05 PM ET","San Francisco Giants","Chicago White Sox","Scottsdale Stadium","Final","true","S","MLB_STATS_API_SCHEDULE","false","false","false","686790","Trevor McDonald","4","4.0","16","52","false","621366","Ryan Borucki","0","1.0","3","6","false","0","1"
"831936","2026-03-12","4:05 PM ET","Texas Rangers","Athletics","Surprise Stadium","Final","true","S","MLB_STATS_API_SCHEDULE","false","false","false","683004","Jack Leiter","6","5.0","19","57","false","669372","J.T. Ginn","5","4.2","20","76","false","0","1"
"831462","2026-03-13","6:10 PM ET","New York Mets","Miami Marlins","Clover Park","Final","true","S","MLB_STATS_API_SCHEDULE","false","false","false","673540","Kodai Senga","5","3.0","9","38","false","663978","Chris Paddack","3","3.0","11","46","false","0","1"
"831464","2026-03-13","6:05 PM ET","Washington Nationals","New York Mets","CACTI Park of the Palm Beaches","Final","true","S","MLB_STATS_API_SCHEDULE","false","false","false","641793","Zack Littell","2","3.0","12","39","false","605218","Carl Edwards Jr.","4","4.0","13","61","false","0","1"
"831512","2026-03-13","6:05 PM ET","Detroit Tigers","Pittsburgh Pirates","Publix Field at Joker Marchant Stadium","Final","true","S","MLB_STATS_API_SCHEDULE","false","false","false","663554","Casey Mize","2","3.0","18","67","false","605182","Mike Clevinger","5","4.1","17","67","false","0","1"
"831563","2026-03-13","1:05 PM ET","Atlanta Braves","New York Yankees","CoolToday Park","Final","true","S","MLB_STATS_API_SCHEDULE","false","false","false","800311","Didier Fuentes","5","3.0","9","42","false","677960","Ryan Weathers","4","3.2","19","67","false","0","1"
"831565","2026-03-13","1:05 PM ET","Philadelphia Phillies","Baltimore Orioles","BayCare Ballpark","Final","true","S","MLB_STATS_API_SCHEDULE","false","false","false","691725","Andrew Painter","4","2.2","13","60","false","700249","Cade Povich","4","2.2","14","66","false","0","1"
"831567","2026-03-13","6:05 PM ET","St. Louis Cardinals","Houston Astros","Roger Dean Chevrolet Stadium","Final","true","S","MLB_STATS_API_SCHEDULE","false","false","false","681517","Kyle Leahy","5","4.0","19","74","false","678906","Kai-Wei Teng","2","3.0","12","49","false","0","1"
"831616","2026-03-13","1:05 PM ET","Boston Red Sox","Tampa Bay Rays","JetBlue Park","Final","true","S","MLB_STATS_API_SCHEDULE","false","false","false","670912","Johan Oviedo","5","3.1","16","64","false","656876","Drew Rasmussen","4","4.0","18","71","false","0","1"
"831623","2026-03-13","1:07 PM ET","Toronto Blue Jays","Minnesota Twins","TD Ballpark","Final","true","S","MLB_STATS_API_SCHEDULE","false","false","false","664074","Cody Ponce","2","2.0","11","59","false","690953","Mick Abel","4","3.1","14","70","false","0","1"
"831731","2026-03-13","4:10 PM ET","Colorado Rockies","Texas Rangers","Salt River Fields at Talking Stick","Final","true","S","MLB_STATS_API_SCHEDULE","false","false","false","500779","Jose Quintana","5","3.1","19","72","false","656641","Jacob Latz","6","4.0","17","66","false","0","1"
"831759","2026-03-13","9:05 PM ET","Cincinnati Reds","San Francisco Giants","Goodyear Ballpark","Final","true","S","MLB_STATS_API_SCHEDULE","false","false","false","663903","Brady Singer","2","4.0","17","59","false","687931","Carson Whisenhunt","6","3.2","15","72","false","0","1"
"831778","2026-03-13","4:05 PM ET","Athletics","San Diego Padres","Hohokam Stadium","Final","true","S","MLB_STATS_API_SCHEDULE","false","false","false","650644","Aaron Civale","3","4.0","21","75","false","650633","Michael King","5","4.0","22","80","false","0","1"
"831801","2026-03-13","9:10 PM ET","Seattle Mariners","Los Angeles Dodgers","Peoria Stadium","Final","true","S","MLB_STATS_API_SCHEDULE","false","false","false","807739","Kade Anderson","4","3.0","13","51","false","689017","Landon Knack","4","2.0","10","45","false","0","1"
"831879","2026-03-13","4:10 PM ET","Los Angeles Angels","Cleveland Guardians","Tempe Diablo Stadium","Final","true","S","MLB_STATS_API_SCHEDULE","false","false","false","680570","Grayson Rodriguez","5","4.2","19","85","false","676282","Joey Cantillo","6","4.2","18","74","false","0","1"
"831891","2026-03-13","7:05 PM ET","San Francisco Giants","Cincinnati Reds","Scottsdale Stadium","Final","true","S","MLB_STATS_API_SCHEDULE","false","false","false","694738","Landen Roupp","4","3.0","15","64","false","695505","Chase Burns","2","2.0","7","24","false","0","1"
"831933","2026-03-13","4:05 PM ET","Chicago White Sox","Chicago Cubs","Camelback Ranch","Final","true","S","MLB_STATS_API_SCHEDULE","false","false","false","663436","Davis Martin","4","4.0","13","39","false","702303","Riley Martin","2","2.0","8","37","false","0","1"
"831935","2026-03-13","4:10 PM ET","Milwaukee Brewers","Athletics","American Family Fields of Phoenix","Final","true","S","MLB_STATS_API_SCHEDULE","false","false","false","690986","Kyle Harrison","4","4.0","19","66","false","695611","Gage Jump","3","3.0","12","59","false","0","1"
"831958","2026-03-13","9:05 PM ET","Kansas City Royals","Arizona Diamondbacks","Surprise Stadium","Final","true","S","MLB_STATS_API_SCHEDULE","false","false","false","608379","Michael Wacha","6","3.1","17","58","false","518876","Merrill Kelly","1","1.2","11","36","false","0","1"
"831459","2026-03-14","12:05 PM ET","Washington Nationals","Miami Marlins","CACTI Park of the Palm Beaches","Final","true","S","MLB_STATS_API_SCHEDULE","false","false","false","806046","Alex Clemmey","2","3.0","12","50","false","806188","Cade Gibson","4","1.2","9","42","false","0","1"
"831460","2026-03-14","1:10 PM ET","Miami Marlins","St. Louis Cardinals","Roger Dean Chevrolet Stadium","Final","true","S","MLB_STATS_API_SCHEDULE","false","false","false","687473","Ryan Gusto","3","4.0","18","61","false","669467","Andre Pallante","4","5.0","19","72","false","0","1"
"831508","2026-03-14","6:05 PM ET","Houston Astros","New York Mets","CACTI Park of the Palm Beaches","Final","true","S","MLB_STATS_API_SCHEDULE","false","false","false","680802","Ryan Weiss","1","4.1","15","53","false","642547","Freddy Peralta","5","4.0","13","56","false","0","1"
"831514","2026-03-14","1:05 PM ET","New York Yankees","Philadelphia Phillies","George M. Steinbrenner Field","Final","true","S","MLB_STATS_API_SCHEDULE","false","false","false","608331","Max Fried","4","5.1","21","75","false","669060","Bryse Wilson","1","3.0","10","34","false","0","1"
"831562","2026-03-14","1:05 PM ET","Pittsburgh Pirates","Baltimore Orioles","LECOM Park","Final","true","S","MLB_STATS_API_SCHEDULE","false","false","false","669387","Carmen Mlodzinski","5","5.0","21","64","false","669432","Trevor Rogers","3","4.0","19","61","false","0","1"
"831566","2026-03-14","6:05 PM ET","Atlanta Braves","Boston Red Sox","CoolToday Park","Final","true","S","MLB_STATS_API_SCHEDULE","false","false","false","693821","Bryce Elder","6","5.0","17","78","false","678394","Brayan Bello","7","5.0","18","67","false","0","1"
"831613","2026-03-14","1:05 PM ET","Minnesota Twins","Tampa Bay Rays","Lee Health Sports Complex","Final","true","S","MLB_STATS_API_SCHEDULE","false","false","false","680573","Simeon Woods Richardson","2","4.0","17","79","false","663765","Jake Woodford","1","2.0","8","40","false","0","1"
"831614","2026-03-14","1:07 PM ET","Toronto Blue Jays","Detroit Tigers","TD Ballpark","Final","true","S","MLB_STATS_API_SCHEDULE","false","false","false","453286","Max Scherzer","5","4.2","18","65","false","669373","Tarik Skubal","7","4.2","17","61","false","0","1"
"831728","2026-03-14","4:05 PM ET","Cincinnati Reds","Texas Rangers","Goodyear Ballpark","Final","true","S","MLB_STATS_API_SCHEDULE","false","false","false","695076","Rhett Lowder","4","3.1","18","76","false","596295","Austin Gomber","2","4.1","17","73","false","0","1"
"831747","2026-03-14","4:10 PM ET","Los Angeles Angels","Seattle Mariners","Tempe Diablo Stadium","Final","true","S","MLB_STATS_API_SCHEDULE","false","false","false","700712","Walbert Ureña","4","3.0","12","46","false","669302","Logan Gilbert","5","2.2","17","66","false","0","1"
"831770","2026-03-14","4:05 PM ET","Texas Rangers","San Diego Padres","Surprise Stadium","Final","true","S","MLB_STATS_API_SCHEDULE","false","false","false","543135","Nathan Eovaldi","5","5.2","23","81","false","594835","Marco Gonzales","1","2.0","19","67","false","0","1"
"831809","2026-03-14","4:05 PM ET","Chicago White Sox","Los Angeles Dodgers","Camelback Ranch","Final","true","S","MLB_STATS_API_SCHEDULE","false","false","false","678024","Mike Vasil","3","3.2","14","46","false","680736","Justin Wrobleski","3","2.1","13","68","false","0","1"
"831850","2026-03-14","4:05 PM ET","Athletics","Kansas City Royals","Hohokam Stadium","Final","true","S","MLB_STATS_API_SCHEDULE","false","false","false","682052","Jacob Lopez","7","4.0","13","52","false","686701","Ryan Bergert","4","3.2","20","65","false","0","1"
"831860","2026-03-14","4:10 PM ET","Milwaukee Brewers","Colorado Rockies","American Family Fields of Phoenix","Final","true","S","MLB_STATS_API_SCHEDULE","false","false","false","694819","Jacob Misiorowski","6","4.0","17","70","false","688642","Zach Agnos","1","1.0","3","13","false","0","1"
"831877","2026-03-14","4:10 PM ET","San Diego Padres","Cleveland Guardians","Peoria Stadium","Final","true","S","MLB_STATS_API_SCHEDULE","false","false","false","601713","Nick Pivetta","4","3.0","12","56","false","671106","Logan Allen","3","2.2","17","68","false","0","1"
"831928","2026-03-14","4:10 PM ET","Colorado Rockies","Chicago Cubs","Salt River Fields at Talking Stick","Final","true","S","MLB_STATS_API_SCHEDULE","false","false","false","607536","Kyle Freeland","4","3.0","10","34","false","676962","Ben Brown","6","4.0","14","51","false","0","1"
"831953","2026-03-14","4:05 PM ET","San Francisco Giants","Arizona Diamondbacks","Scottsdale Stadium","Final","true","S","MLB_STATS_API_SCHEDULE","false","false","false","605288","Adrian Houser","6","5.0","20","73","false","668678","Zac Gallen","1","2.2","15","55","false","0","1"
"831458","2026-03-15","1:05 PM ET","Philadelphia Phillies","Atlanta Braves","BayCare Ballpark","Final","true","S","MLB_STATS_API_SCHEDULE","false","false","false","592836","Taijuan Walker","3","5.0","20","60","false","660761","José Suarez","3","4.0","17","61","false","0","1"
"831461","2026-03-15","1:05 PM ET","St. Louis Cardinals","Washington Nationals","Roger Dean Chevrolet Stadium","Final","true","S","MLB_STATS_API_SCHEDULE","false","false","false","690916","Richard Fitts","5","4.2","17","78","false","571945","Miles Mikolas","1","4.2","22","83","false","0","1"
"831509","2026-03-15","1:05 PM ET","Houston Astros","Miami Marlins","CACTI Park of the Palm Beaches","Final","true","S","MLB_STATS_API_SCHEDULE","false","false","false","664299","Cristian Javier","5","4.0","15","56","false","691587","Eury Pérez","5","4.0","13","53","false","0","1"
"831511","2026-03-15","1:05 PM ET","Tampa Bay Rays","Pittsburgh Pirates","Charlotte Sports Park","Final","true","S","MLB_STATS_API_SCHEDULE","false","false","false","663556","Shane McClanahan","7","3.2","13","55","false","664353","José Urquidy","4","3.2","17","61","false","0","1"
"831555","2026-03-15","1:10 PM ET","New York Mets","Toronto Blue Jays","Clover Park","Completed Early","true","S","MLB_STATS_API_SCHEDULE","false","false","false","804267","Zac Thornton","1","3.2","15","60","false","814804","Grant Rogers","2","2.1","16","56","false","0","1"
"831608","2026-03-15","6:05 PM ET","Baltimore Orioles","New York Yankees","Ed Smith Stadium","Cancelled","false","S","MLB_STATS_API_SCHEDULE","true","false","true","621107","Zach Eflin","","","","","false","621112","Paul Blackburn","","","","","false","0","1"
"831611","2026-03-15","1:05 PM ET","New York Yankees","Detroit Tigers","George M. Steinbrenner Field","Final","true","S","MLB_STATS_API_SCHEDULE","false","false","false","661563","Luis Gil","2","3.0","19","68","false","664285","Framber Valdez","3","5.0","18","63","false","0","1"
"831615","2026-03-15","1:05 PM ET","Boston Red Sox","Minnesota Twins","JetBlue Park","Final","true","S","MLB_STATS_API_SCHEDULE","false","false","false","664918","Kyle Keller","0","1.0","5","31","false","805673","Zebby Matthews","1","5.0","20","75","false","0","1"
"831727","2026-03-15","4:05 PM ET","Los Angeles Dodgers","Texas Rangers","Camelback Ranch","Final","true","S","MLB_STATS_API_SCHEDULE","false","false","false","689981","River Ryan","5","4.0","15","48","false","657022","Trey Supak","2","4.0","16","51","false","0","1"
"831777","2026-03-15","4:10 PM ET","Arizona Diamondbacks","San Diego Padres","Salt River Fields at Talking Stick","Final","true","S","MLB_STATS_API_SCHEDULE","false","false","false","694297","Brandon Pfaadt","6","5.0","16","51","false","681190","Randy Vásquez","4","4.1","19","71","false","0","1"
"831787","2026-03-15","4:05 PM ET","San Francisco Giants","Milwaukee Brewers","Scottsdale Stadium","Final","true","S","MLB_STATS_API_SCHEDULE","false","false","false","592662","Robbie Ray","8","5.0","15","64","false","675660","Shane Drohan","5","4.0","18","81","false","0","1"
"831814","2026-03-15","4:05 PM ET","Chicago Cubs","Los Angeles Dodgers","Sloan Park","Final","true","S","MLB_STATS_API_SCHEDULE","false","false","false","592791","Jameson Taillon","2","3.1","21","70","false","686218","Emmet Sheehan","4","3.2","17","66","false","0","1"
"831858","2026-03-15","4:10 PM ET","Los Angeles Angels","Colorado Rockies","Tempe Diablo Stadium","Final","true","S","MLB_STATS_API_SCHEDULE","false","false","false","803135","Austin Gordon","1","2.0","9","35","false","685299","Tanner Gordon","4","4.0","17","56","false","0","1"
"831890","2026-03-15","4:10 PM ET","Seattle Mariners","Cincinnati Reds","Peoria Stadium","Final","true","S","MLB_STATS_API_SCHEDULE","false","false","false","669923","George Kirby","4","4.2","21","67","false","682227","Brandon Williamson","4","4.0","15","63","false","0","1"
"831913","2026-03-15","4:05 PM ET","Kansas City Royals","Chicago White Sox","Surprise Stadium","Final","true","S","MLB_STATS_API_SCHEDULE","false","false","false","666142","Cole Ragans","5","3.2","16","63","false","696146","Hagen Smith","5","2.0","7","30","false","0","1"
"831944","2026-03-15","4:05 PM ET","Cleveland Guardians","Athletics","Goodyear Ballpark","Final","true","S","MLB_STATS_API_SCHEDULE","false","false","false","676440","Tanner Bibee","5","5.2","30","85","false","827734","Wei-En Lin","2","1.1","11","44","false","0","1"
"831457","2026-03-16","6:10 PM ET","New York Mets","Washington Nationals","Clover Park","Final","true","S","MLB_STATS_API_SCHEDULE","false","false","false","656849","David Peterson","2","4.0","19","69","false","683068","Zach Penrod","2","1.0","6","24","false","0","1"
"831498","2026-03-16","1:05 PM ET","Detroit Tigers","Philadelphia Phillies","Publix Field at Joker Marchant Stadium","Final","true","S","MLB_STATS_API_SCHEDULE","false","false","false","656427","Jack Flaherty","3","5.0","20","71","false","666155","Chuck King","1","1.2","16","62","false","0","1"
"831506","2026-03-16","1:05 PM ET","Minnesota Twins","Pittsburgh Pirates","Lee Health Sports Complex","Final","true","S","MLB_STATS_API_SCHEDULE","false","false","false","657746","Joe Ryan","6","4.0","18","68","false","663562","Noah Davis","1","4.0","21","73","false","0","1"
"831557","2026-03-16","1:05 PM ET","Atlanta Braves","Tampa Bay Rays","CoolToday Park","Final","true","S","MLB_STATS_API_SCHEDULE","false","false","false","519242","Chris Sale","3","6.0","23","75","false","607259","Nick Martinez","1","4.0","22","72","false","0","1"
"831559","2026-03-16","1:10 PM ET","Miami Marlins","Toronto Blue Jays","Roger Dean Chevrolet Stadium","Completed Early","true","S","MLB_STATS_API_SCHEDULE","false","false","false","676083","Janson Junk","2","2.0","12","49","false","681751","Lazaro Estrada","0","2.1","10","33","false","0","1"
"831612","2026-03-16","6:05 PM ET","Baltimore Orioles","Boston Red Sox","Ed Smith Stadium","Cancelled","false","S","MLB_STATS_API_SCHEDULE","true","false","true","680694","Kyle Bradish","","","","","false","543243","Sonny Gray","","","","","false","0","1"
"831751","2026-03-16","4:10 PM ET","San Diego Padres","San Francisco Giants","Peoria Stadium","Final","true","S","MLB_STATS_API_SCHEDULE","false","false","false","621111","Walker Buehler","7","5.0","20","77","false","641816","Tyler Mahle","6","4.0","14","54","false","0","1"
"831785","2026-03-16","4:05 PM ET","Los Angeles Dodgers","Milwaukee Brewers","Camelback Ranch","Final","true","S","MLB_STATS_API_SCHEDULE","false","false","false","607192","Tyler Glasnow","6","4.1","17","79","false","694477","Chad Patrick","2","3.1","19","83","false","0","1"
"831834","2026-03-16","4:05 PM ET","Athletics","Los Angeles Angels","Hohokam Stadium","Final","true","S","MLB_STATS_API_SCHEDULE","false","false","false","605488","Jeffrey Springs","4","4.2","20","84","false","691946","George Klassen","1","3.2","18","72","false","0","1"
"831903","2026-03-16","4:10 PM ET","Arizona Diamondbacks","Cincinnati Reds","Salt River Fields at Talking Stick","Final","true","S","MLB_STATS_API_SCHEDULE","false","false","false","669194","Ryne Nelson","6","4.0","16","66","false","671096","Andrew Abbott","3","2.0","17","76","false","0","1"
"831905","2026-03-16","8:05 PM ET","Texas Rangers","Chicago White Sox","Surprise Stadium","Final","true","S","MLB_STATS_API_SCHEDULE","false","false","false","669022","MacKenzie Gore","3","4.1","18","76","false","680732","Sean Burke","4","4.2","21","78","false","0","1"
"831924","2026-03-16","9:05 PM ET","Cleveland Guardians","Chicago Cubs","Goodyear Ballpark","Final","true","S","MLB_STATS_API_SCHEDULE","false","false","false","668909","Gavin Williams","7","4.2","22","85","false","690990","Cade Horton","10","5.0","20","72","false","0","1"
"831454","2026-03-17","1:05 PM ET","Washington Nationals","St. Louis Cardinals","CACTI Park of the Palm Beaches","Final","true","S","MLB_STATS_API_SCHEDULE","false","false","false","663623","Jake Irvin","5","5.0","19","66","false","669160","Dustin May","3","5.0","20","81","false","0","1"
"831463","2026-03-17","1:10 PM ET","Miami Marlins","New York Mets","Roger Dean Chevrolet Stadium","Completed Early","true","S","MLB_STATS_API_SCHEDULE","false","false","false","645261","Sandy Alcantara","5","4.0","18","70","false","640455","Sean Manaea","4","4.0","12","52","false","0","1"
"831504","2026-03-17","1:05 PM ET","Boston Red Sox","Atlanta Braves","JetBlue Park","Final","true","S","MLB_STATS_API_SCHEDULE","false","false","false","543243","Sonny Gray","3","3.1","17","70","false","625643","Reynaldo López","6","3.2","18","73","false","0","1"
"831554","2026-03-17","1:05 PM ET","Philadelphia Phillies","Minnesota Twins","BayCare Ballpark","Final","true","S","MLB_STATS_API_SCHEDULE","false","false","false","666200","Jesús Luzardo","5","5.0","20","77","false","641927","Bailey Ober","0","4.0","15","58","false","0","1"
"831560","2026-03-17","1:05 PM ET","Pittsburgh Pirates","Houston Astros","LECOM Park","Final","true","S","MLB_STATS_API_SCHEDULE","false","false","false","656605","Mitch Keller","6","4.0","20","85","false","621121","Lance McCullers Jr.","1","4.0","16","58","false","0","1"
"831609","2026-03-17","1:05 PM ET","Tampa Bay Rays","New York Yankees","Charlotte Sports Park","Final","true","S","MLB_STATS_API_SCHEDULE","false","false","false","686752","Ryan Pepiot","2","5.0","23","76","false","701542","Will Warren","4","4.0","16","68","false","0","1"
"831610","2026-03-17","1:05 PM ET","Detroit Tigers","Baltimore Orioles","Publix Field at Joker Marchant Stadium","Final","true","S","MLB_STATS_API_SCHEDULE","false","false","false","434378","Justin Verlander","6","4.2","17","76","false","605135","Chris Bassitt","4","5.1","22","89","false","0","1"
"831742","2026-03-17","4:10 PM ET","Colorado Rockies","Seattle Mariners","Salt River Fields at Talking Stick","Final","true","S","MLB_STATS_API_SCHEDULE","false","false","false","663372","Ryan Feltner","2","3.1","17","66","false","681867","Cooper Criswell","5","3.0","15","61","false","0","1"
"831769","2026-03-17","4:10 PM ET","Seattle Mariners","San Diego Padres","Peoria Stadium","Final","true","S","MLB_STATS_API_SCHEDULE","false","false","false","622491","Luis Castillo","1","4.0","16","69","false","608566","Germán Márquez","9","5.0","20","78","false","0","1"
"831806","2026-03-17","9:05 PM ET","Kansas City Royals","Los Angeles Dodgers","Surprise Stadium","Final","true","S","MLB_STATS_API_SCHEDULE","false","false","false","592717","Aaron Sanchez","4","3.0","15","54","false","808963","Roki Sasaki","5","3.1","18","71","false","0","1"
"831831","2026-03-17","9:05 PM ET","Chicago Cubs","Los Angeles Angels","Sloan Park","Final","true","S","MLB_STATS_API_SCHEDULE","false","false","false","684007","Shota Imanaga","8","4.2","17","76","false","666201","Alek Manoah","5","4.0","23","85","false","0","1"
"831883","2026-03-17","9:05 PM ET","Cincinnati Reds","Cleveland Guardians","Goodyear Ballpark","Final","true","S","MLB_STATS_API_SCHEDULE","false","false","false","666157","Nick Lodolo","7","4.2","19","77","false","663465","Kolby Allard","5","3.0","11","49","false","0","1"
"831942","2026-03-17","4:05 PM ET","Chicago White Sox","Athletics","Camelback Ranch","Final","true","S","MLB_STATS_API_SCHEDULE","false","false","false","641743","Anthony Kay","5","4.2","17","66","false","806960","Luis Morales","5","4.1","20","92","false","0","1"
"831453","2026-03-18","1:05 PM ET","Atlanta Braves","Philadelphia Phillies","CoolToday Park","Final","true","S","MLB_STATS_API_SCHEDULE","false","false","false","527048","Martín Pérez","1","3.2","19","64","false","691725","Andrew Painter","3","4.0","14","52","false","0","1"
"831455","2026-03-18","6:05 PM ET","Washington Nationals","Miami Marlins","CACTI Park of the Palm Beaches","Cancelled","false","S","MLB_STATS_API_SCHEDULE","true","false","true","641793","Zack Littell","","","","","false","666129","Braxton Garrett","","","","","false","0","1"
"831556","2026-03-18","1:05 PM ET","St. Louis Cardinals","Houston Astros","Roger Dean Chevrolet Stadium","Final","true","S","MLB_STATS_API_SCHEDULE","false","false","false","681517","Kyle Leahy","6","5.0","18","75","false","641585","J.P. France","4","4.0","15","51","false","0","1"
"831558","2026-03-18","6:05 PM ET","Pittsburgh Pirates","Detroit Tigers","LECOM Park","Final","true","S","MLB_STATS_API_SCHEDULE","false","false","false","677952","Braxton Ashcraft","8","5.1","23","81","false","663554","Casey Mize","6","4.0","21","82","false","0","1"
"831600","2026-03-18","1:07 PM ET","Toronto Blue Jays","Baltimore Orioles","TD Ballpark","Final","true","S","MLB_STATS_API_SCHEDULE","false","false","false","676596","Josh Fleming","2","2.0","10","40","false","544150","Albert Suárez","5","4.0","17","75","false","0","1"
"831607","2026-03-18","1:05 PM ET","New York Yankees","Boston Red Sox","George M. Steinbrenner Field","Final","true","S","MLB_STATS_API_SCHEDULE","false","false","false","543037","Gerrit Cole","0","1.0","4","10","false","813349","Connelly Early","7","5.0","19","75","false","0","1"
"831761","2026-03-18","4:05 PM ET","Los Angeles Dodgers","San Francisco Giants","Camelback Ranch","Completed Early","true","S","MLB_STATS_API_SCHEDULE","false","false","false","660271","Shohei Ohtani","4","4.1","16","61","false","694738","Landen Roupp","5","4.0","18","81","false","0","1"
"831784","2026-03-18","4:10 PM ET","Seattle Mariners","Milwaukee Brewers","Peoria Stadium","Final","true","S","MLB_STATS_API_SCHEDULE","false","false","false","676106","Emerson Hancock","","","","","false","692230","Carlos Rodriguez","","","","","false","0","1"
"831818","2026-03-18","4:10 PM ET","Milwaukee Brewers","Los Angeles Angels","American Family Fields of Phoenix","Final","true","S","MLB_STATS_API_SCHEDULE","false","false","false","690986","Kyle Harrison","3","2.2","14","59","false","696270","Ryan Johnson","4","5.0","21","73","false","0","1"
"831833","2026-03-18","9:05 PM ET","Texas Rangers","Kansas City Royals","Surprise Stadium","Final","true","S","MLB_STATS_API_SCHEDULE","false","false","false","677958","Kumar Rocker","6","4.0","16","70","false","608379","Michael Wacha","4","3.1","17","75","false","0","1"
"831866","2026-03-18","4:05 PM ET","Cincinnati Reds","Colorado Rockies","Goodyear Ballpark","Final","true","S","MLB_STATS_API_SCHEDULE","false","false","false","663903","Brady Singer","3","3.2","12","51","false","500779","Jose Quintana","2","4.0","18","57","false","0","1"
"831895","2026-03-18","4:10 PM ET","Los Angeles Angels","Cincinnati Reds","Tempe Diablo Stadium","Final","true","S","MLB_STATS_API_SCHEDULE","false","false","false","686799","Jack Kochanowicz","6","5.0","20","92","false","695505","Chase Burns","2","2.0","10","48","false","0","1"
"831932","2026-03-18","4:10 PM ET","Arizona Diamondbacks","Chicago Cubs","Salt River Fields at Talking Stick","Final","true","S","MLB_STATS_API_SCHEDULE","false","false","false","518876","Merrill Kelly","0","2.2","13","36","false","665795","Edward Cabrera","4","3.0","18","74","false","0","1"
"831452","2026-03-19","1:05 PM ET","St. Louis Cardinals","Washington Nationals","Roger Dean Chevrolet Stadium","Final","true","S","MLB_STATS_API_SCHEDULE","false","false","false","687273","Quinn Mathews","4","4.0","18","65","false","641793","Zack Littell","3","2.2","17","64","false","0","1"
"831500","2026-03-19","6:05 PM ET","Houston Astros","New York Mets","CACTI Park of the Palm Beaches","Final","true","S","MLB_STATS_API_SCHEDULE","false","false","false","663567","Peter Lambert","1","3.1","14","54","false","673540","Kodai Senga","4","4.0","16","63","false","0","1"
"831501","2026-03-19","6:05 PM ET","Baltimore Orioles","Pittsburgh Pirates","Ed Smith Stadium","Final","true","S","MLB_STATS_API_SCHEDULE","false","false","false","669432","Trevor Rogers","7","5.1","23","82","false","676742","Cam Sanders","2","1.0","4","20","false","0","1"
"831551","2026-03-19","1:05 PM ET","Philadelphia Phillies","Tampa Bay Rays","BayCare Ballpark","Final","true","S","MLB_STATS_API_SCHEDULE","false","false","false","641835","Tim Mayza","4","2.0","7","27","false","656876","Drew Rasmussen","3","5.2","28","83","false","0","1"
"831605","2026-03-19","1:07 PM ET","Toronto Blue Jays","New York Yankees","TD Ballpark","Final","true","S","MLB_STATS_API_SCHEDULE","false","false","false","664074","Cody Ponce","5","5.2","18","65","false","677960","Ryan Weathers","5","3.0","18","74","false","0","1"
"831606","2026-03-19","6:05 PM ET","Boston Red Sox","Minnesota Twins","JetBlue Park","Final","true","S","MLB_STATS_API_SCHEDULE","false","false","false","678394","Brayan Bello","7","6.0","20","69","false","690953","Mick Abel","6","4.2","19","79","false","0","1"
"831722","2026-03-19","9:10 PM ET","Milwaukee Brewers","Texas Rangers","American Family Fields of Phoenix","Final","true","S","MLB_STATS_API_SCHEDULE","false","false","false","605540","Brandon Woodruff","4","3.0","14","62","false","656641","Jacob Latz","5","3.0","20","67","false","0","1"
"831755","2026-03-19","9:10 PM ET","Athletics","Seattle Mariners","Hohokam Stadium","Final","true","S","MLB_STATS_API_SCHEDULE","false","false","false","650644","Aaron Civale","11","6.0","20","81","false","677976","Randy Dobnak","2","3.2","15","60","false","0","1"
"831756","2026-03-19","9:10 PM ET","Colorado Rockies","San Francisco Giants","Salt River Fields at Talking Stick","Final","true","S","MLB_STATS_API_SCHEDULE","false","false","false","608372","Tomoyuki Sugano","1","3.0","12","34","false","657277","Logan Webb","3","4.1","21","86","false","0","1"
"831822","2026-03-19","9:05 PM ET","Kansas City Royals","Los Angeles Angels","Surprise Stadium","Final","true","S","MLB_STATS_API_SCHEDULE","false","false","false","663460","Kris Bubic","4","4.0","17","59","false","579328","Yusei Kikuchi","2","4.2","19","64","false","0","1"
"831846","2026-03-19","9:05 PM ET","Cleveland Guardians","Kansas City Royals","Goodyear Ballpark","Final","true","S","MLB_STATS_API_SCHEDULE","false","false","false","800048","Parker Messick","4","5.2","25","87","false","702070","Noah Cameron","4","4.1","21","80","false","0","1"
"831907","2026-03-19","9:10 PM ET","San Diego Padres","Chicago White Sox","Peoria Stadium","Final","true","S","MLB_STATS_API_SCHEDULE","false","false","false","650633","Michael King","3","5.0","23","91","false","676249","Adisyn Coffey","1","2.0","10","31","false","0","1"
"831962","2026-03-19","9:05 PM ET","Chicago White Sox","Arizona Diamondbacks","Camelback Ranch","Final","true","S","MLB_STATS_API_SCHEDULE","false","false","false","663436","Davis Martin","3","4.2","20","85","false","647336","Michael Soroka","8","5.0","17","70","false","0","1"
"832062","2026-03-19","1:05 PM ET","New York Yankees","Baltimore Orioles","George M. Steinbrenner Field","Final","true","S","MLB_STATS_API_SCHEDULE","false","false","false","608331","Max Fried","2","5.0","22","81","false","665152","Dean Kremer","8","4.1","18","83","false","0","1"
"831450","2026-03-20","7:10 PM ET","Miami Marlins","Washington Nationals","Roger Dean Chevrolet Stadium","Final","true","S","MLB_STATS_API_SCHEDULE","false","false","false","663978","Chris Paddack","3","4.0","13","51","false","656492","Foster Griffin","5","5.0","21","78","false","0","1"
"831451","2026-03-20","6:05 PM ET","Atlanta Braves","Pittsburgh Pirates","CoolToday Park","Final","true","S","MLB_STATS_API_SCHEDULE","false","false","false","660761","José Suarez","6","5.1","19","75","false","670990","Yohan Ramírez","2","1.0","3","11","false","0","1"
"831456","2026-03-20","1:10 PM ET","New York Mets","St. Louis Cardinals","Clover Park","Final","true","S","MLB_STATS_API_SCHEDULE","false","false","false","668964","Tobias Myers","2","2.0","7","27","false","669461","Matthew Liberatore","5","5.0","16","54","false","0","1"
"831505","2026-03-20","6:05 PM ET","Houston Astros","Miami Marlins","CACTI Park of the Palm Beaches","Final","true","S","MLB_STATS_API_SCHEDULE","false","false","false","686613","Hunter Brown","6","4.0","19","83","false","691587","Eury Pérez","5","5.0","20","81","false","0","1"
"831550","2026-03-20","1:05 PM ET","Philadelphia Phillies","Detroit Tigers","BayCare Ballpark","Final","true","S","MLB_STATS_API_SCHEDULE","false","false","false","650911","Cristopher Sánchez","4","5.0","16","50","false","669373","Tarik Skubal","5","4.0","19","73","false","0","1"
"831602","2026-03-20","1:05 PM ET","Tampa Bay Rays","Boston Red Sox","Charlotte Sports Park","Final","true","S","MLB_STATS_API_SCHEDULE","false","false","false","663556","Shane McClanahan","4","5.0","20","73","false","687762","Blake Wehunt","3","4.0","15","61","false","0","1"
"831603","2026-03-20","6:35 PM ET","New York Yankees","Baltimore Orioles","George M. Steinbrenner Field","Final","true","S","MLB_STATS_API_SCHEDULE","false","false","false","661563","Luis Gil","7","5.0","16","69","false","621107","Zach Eflin","7","5.1","17","70","false","0","1"
"831604","2026-03-20","1:05 PM ET","Minnesota Twins","Toronto Blue Jays","Lee Health Sports Complex","Final","true","S","MLB_STATS_API_SCHEDULE","false","false","false","680573","Simeon Woods Richardson","3","5.0","24","85","false","453286","Max Scherzer","3","5.0","19","73","false","0","1"
"831743","2026-03-20","9:05 PM ET","Cleveland Guardians","Seattle Mariners","Goodyear Ballpark","Final","true","S","MLB_STATS_API_SCHEDULE","false","false","false","671106","Logan Allen","2","2.1","23","85","false","682077","Gabe Mosser","1","3.2","19","75","false","0","1"
"831749","2026-03-20","9:05 PM ET","Texas Rangers","San Francisco Giants","Surprise Stadium","Final","true","S","MLB_STATS_API_SCHEDULE","false","false","false","543135","Nathan Eovaldi","0","4.0","15","36","false","702352","Spencer Bivens","1","2.0","7","23","false","0","1"
"831766","2026-03-20","9:05 PM ET","Los Angeles Dodgers","San Diego Padres","Camelback Ranch","Final","true","S","MLB_STATS_API_SCHEDULE","false","false","false","808967","Yoshinobu Yamamoto","7","5.0","17","68","false","594835","Marco Gonzales","4","3.2","17","83","false","0","1"
"831796","2026-03-20","9:10 PM ET","Arizona Diamondbacks","Milwaukee Brewers","Salt River Fields at Talking Stick","Final","true","S","MLB_STATS_API_SCHEDULE","false","false","false","668678","Zac Gallen","0","4.0","21","66","false","694819","Jacob Misiorowski","3","4.1","20","86","false","0","1"
"831835","2026-03-20","8:05 PM ET","San Francisco Giants","Kansas City Royals","Scottsdale Stadium","Final","true","S","MLB_STATS_API_SCHEDULE","false","false","false","605288","Adrian Houser","5","6.0","23","78","false","686701","Ryan Bergert","1","4.0","17","60","false","0","1"
"831864","2026-03-20","9:10 PM ET","San Diego Padres","Colorado Rockies","Peoria Stadium","Final","true","S","MLB_STATS_API_SCHEDULE","false","false","false","601713","Nick Pivetta","3","4.0","20","71","false","675848","Juan Mejia","1","1.0","3","8","false","0","1"
"831902","2026-03-20","9:05 PM ET","Chicago Cubs","Cincinnati Reds","Sloan Park","Final","true","S","MLB_STATS_API_SCHEDULE","false","false","false","571510","Matthew Boyd","5","4.2","25","87","false","682227","Brandon Williamson","2","5.1","21","75","false","0","1"
"831910","2026-03-20","3:10 PM ET","Los Angeles Angels","Chicago White Sox","Tempe Diablo Stadium","Final","true","S","MLB_STATS_API_SCHEDULE","false","false","false","667755","José Soriano","3","3.0","11","52","false","681343","Shane Smith","5","3.1","19","73","false","0","1"
"831931","2026-03-20","9:10 PM ET","Athletics","Chicago Cubs","Hohokam Stadium","Final","true","S","MLB_STATS_API_SCHEDULE","false","false","false","622663","Luis Severino","7","5.0","19","79","false","592791","Jameson Taillon","6","4.0","19","78","false","0","1"
"831448","2026-03-21","1:05 PM ET","Washington Nationals","New York Mets","CACTI Park of the Palm Beaches","Final","true","S","MLB_STATS_API_SCHEDULE","false","false","false","676917","Cade Cavalli","1","5.0","19","71","false","680933","Joander Suarez","3","4.0","14","47","false","0","1"
"831449","2026-03-21","1:05 PM ET","St. Louis Cardinals","Miami Marlins","Roger Dean Chevrolet Stadium","Final","true","S","MLB_STATS_API_SCHEDULE","false","false","false","695766","Mason Molina","3","3.2","17","67","false","676083","Janson Junk","1","3.0","16","50","false","0","1"
"831499","2026-03-21","1:05 PM ET","Baltimore Orioles","Philadelphia Phillies","Ed Smith Stadium","Final","true","S","MLB_STATS_API_SCHEDULE","false","false","false","694370","Levi Wells","4","3.1","19","77","false","680743","Ryan Cusick","1","2.1","12","63","false","0","1"
"831502","2026-03-21","1:05 PM ET","Boston Red Sox","Atlanta Braves","JetBlue Park","Final","true","S","MLB_STATS_API_SCHEDULE","false","false","false","676979","Garrett Crochet","3","5.1","25","89","false","519242","Chris Sale","4","6.0","21","86","false","0","1"
"831549","2026-03-21","1:10 PM ET","New York Mets","Houston Astros","Clover Park","Final","true","S","MLB_STATS_API_SCHEDULE","false","false","false","804636","Jonah Tong","5","4.1","19","79","false","681347","Mike Burrows","2","5.1","22","77","false","0","1"
"831553","2026-03-21","1:05 PM ET","Pittsburgh Pirates","Toronto Blue Jays","LECOM Park","Final","true","S","MLB_STATS_API_SCHEDULE","false","false","false","694973","Paul Skenes","5","4.0","16","65","false","592332","Kevin Gausman","2","5.0","24","78","false","0","1"
"831599","2026-03-21","1:05 PM ET","Tampa Bay Rays","Minnesota Twins","Charlotte Sports Park","Final","true","S","MLB_STATS_API_SCHEDULE","false","false","false","691765","Jackson Baumeister","1","4.1","15","43","false","657746","Joe Ryan","2","5.0","18","59","false","0","1"
"831601","2026-03-21","1:05 PM ET","Detroit Tigers","New York Yankees","Publix Field at Joker Marchant Stadium","Final","true","S","MLB_STATS_API_SCHEDULE","false","false","false","664285","Framber Valdez","4","6.1","24","77","false","693645","Cam Schlittler","1","3.2","14","62","false","0","1"
"831734","2026-03-21","4:10 PM ET","Arizona Diamondbacks","Texas Rangers","Salt River Fields at Talking Stick","Final","true","S","MLB_STATS_API_SCHEDULE","false","false","false","669194","Ryne Nelson","7","5.0","19","71","false","596295","Austin Gomber","2","4.2","20","76","false","0","1"
"831767","2026-03-21","4:10 PM ET","Milwaukee Brewers","San Diego Padres","American Family Fields of Phoenix","Final","true","S","MLB_STATS_API_SCHEDULE","false","false","false","688107","Robert Gasser","7","6.0","24","79","false","681190","Randy Vásquez","4","5.1","20","74","false","0","1"
"831868","2026-03-21","3:05 PM ET","Kansas City Royals","Colorado Rockies","Surprise Stadium","Final","true","S","MLB_STATS_API_SCHEDULE","false","false","false","666142","Cole Ragans","8","5.1","23","86","false","607536","Kyle Freeland","2","4.0","16","63","false","0","1"
"831873","2026-03-21","3:05 PM ET","San Francisco Giants","Cleveland Guardians","Scottsdale Stadium","Final","true","S","MLB_STATS_API_SCHEDULE","false","false","false","592662","Robbie Ray","6","5.0","21","86","false","676440","Tanner Bibee","3","4.2","24","70","false","0","1"
"831916","2026-03-21","9:05 PM ET","Cincinnati Reds","Chicago White Sox","Goodyear Ballpark","Final","true","S","MLB_STATS_API_SCHEDULE","false","false","false","671096","Andrew Abbott","5","4.2","20","84","false","699151","Jedixson Paez","0","2.2","13","50","false","0","1"
"831923","2026-03-21","9:10 PM ET","Seattle Mariners","Chicago Cubs","Peoria Stadium","Final","true","S","MLB_STATS_API_SCHEDULE","false","false","false","669923","George Kirby","4","5.1","22","78","false","607067","Colin Rea","4","4.0","17","77","false","0","1"
"831937","2026-03-21","2:05 PM ET","Los Angeles Dodgers","Athletics","Camelback Ranch","Final","true","S","MLB_STATS_API_SCHEDULE","false","false","false","686218","Emmet Sheehan","5","4.2","19","80","false","682052","Jacob Lopez","3","2.0","15","73","false","0","1"
"831446","2026-03-22","1:10 PM ET","Miami Marlins","New York Mets","Roger Dean Chevrolet Stadium","Final","true","S","MLB_STATS_API_SCHEDULE","false","false","false","645261","Sandy Alcantara","6","4.2","19","86","false","656849","David Peterson","4","5.0","20","76","false","0","1"
"831492","2026-03-22","1:05 PM ET","Minnesota Twins","Atlanta Braves","Lee Health Sports Complex","Final","true","S","MLB_STATS_API_SCHEDULE","false","false","false","671737","Taj Bradley","4","3.1","15","63","false","625643","Reynaldo López","1","4.2","19","80","false","0","1"
"831493","2026-03-22","1:05 PM ET","New York Yankees","Philadelphia Phillies","George M. Steinbrenner Field","Final","true","S","MLB_STATS_API_SCHEDULE","false","false","false","701542","Will Warren","6","5.0","16","62","false","605400","Aaron Nola","4","4.0","20","79","false","0","1"
"831496","2026-03-22","12:05 PM ET","Houston Astros","St. Louis Cardinals","CACTI Park of the Palm Beaches","Final","true","S","MLB_STATS_API_SCHEDULE","false","false","false","664299","Cristian Javier","2","5.0","20","69","false","700241","Michael McGreevy","5","5.0","17","62","false","0","1"
"831503","2026-03-22","1:35 PM ET","Baltimore Orioles","Washington Nationals","Oriole Park at Camden Yards","Final","true","S","MLB_STATS_API_SCHEDULE","false","false","false","680694","Kyle Bradish","3","5.1","23","74","false","680730","Mitchell Parker","8","4.0","17","75","false","0","1"
"831552","2026-03-22","1:05 PM ET","Pittsburgh Pirates","Boston Red Sox","LECOM Park","Final","true","S","MLB_STATS_API_SCHEDULE","false","false","false","656605","Mitch Keller","5","3.2","15","72","false","543243","Sonny Gray","9","6.0","22","78","false","0","1"
"831592","2026-03-22","1:07 PM ET","Toronto Blue Jays","Tampa Bay Rays","TD Ballpark","Final","true","S","MLB_STATS_API_SCHEDULE","false","false","false","656302","Dylan Cease","6","5.0","20","83","false","607259","Nick Martinez","0","3.2","25","82","false","0","1"
"831746","2026-03-22","9:05 PM ET","Chicago White Sox","Seattle Mariners","Camelback Ranch","Final","true","S","MLB_STATS_API_SCHEDULE","false","false","false","680732","Sean Burke","6","5.0","19","74","false","693433","Bryan Woo","4","6.0","21","73","false","0","1"
"831752","2026-03-22","8:07 PM ET","Sacramento River Cats","San Francisco Giants","Sutter Health Park","Final","true","E","MLB_STATS_API_SCHEDULE","false","false","false","802609","John Michael Bertrand","3","5.0","17","67","false","641816","Tyler Mahle","4","5.0","17","67","false","0","1"
"831789","2026-03-22","3:05 PM ET","Chicago Cubs","Milwaukee Brewers","Sloan Park","Final","true","S","MLB_STATS_API_SCHEDULE","false","false","false","690990","Cade Horton","3","6.0","22","68","false","694477","Chad Patrick","4","4.0","20","87","false","0","1"
"831804","2026-03-22","9:07 PM ET","Los Angeles Angels","Los Angeles Dodgers","Angel Stadium","Final","true","S","MLB_STATS_API_SCHEDULE","false","false","false","691946","George Klassen","4","2.1","12","67","false","607192","Tyler Glasnow","11","5.0","19","88","false","0","1"
"831896","2026-03-22","3:05 PM ET","Cleveland Guardians","Cincinnati Reds","Goodyear Ballpark","Final","true","S","MLB_STATS_API_SCHEDULE","false","false","false","668909","Gavin Williams","3","5.0","19","64","false","666157","Nick Lodolo","0","0.0","2","10","false","0","1"
"831945","2026-03-22","4:10 PM ET","Colorado Rockies","Athletics","Salt River Fields at Talking Stick","Final","true","S","MLB_STATS_API_SCHEDULE","false","false","false","547179","Michael Lorenzen","3","5.0","21","73","false","605488","Jeffrey Springs","4","3.0","9","31","false","0","1"
"831947","2026-03-22","9:10 PM ET","San Diego Padres","Arizona Diamondbacks","Peoria Stadium","Final","true","S","MLB_STATS_API_SCHEDULE","false","false","false","621111","Walker Buehler","3","3.1","21","79","false","595928","John Curtiss","4","2.0","8","36","false","0","1"
"831442","2026-03-23","7:05 PM ET","Springfield Cardinals","St. Louis Cardinals","Route 66 Stadium","Final","true","E","MLB_STATS_API_SCHEDULE","false","false","false","802408","Brycen Mautz","2","3.0","12","53","false","669160","Dustin May","4","4.0","17","61","false","0","1"
"831443","2026-03-23","8:10 PM ET","Houston Astros","Sugar Land Space Cowboys","Daikin Park","Completed Early","true","E","MLB_STATS_API_SCHEDULE","false","false","false","837227","Tatsuya Imai","3","3.2","16","79","false","676467","Colton Gordon","3","5.0","19","77","false","0","1"
"831447","2026-03-23","1:05 PM ET","Pittsburgh Pirates","Atlanta Braves","LECOM Park","Final","true","S","MLB_STATS_API_SCHEDULE","false","false","false","608334","Carson Fulmer","2","3.0","11","35","false","800311","Didier Fuentes","1","4.2","16","65","false","0","1"
"831546","2026-03-23","1:05 PM ET","Washington Nationals","Baltimore Orioles","Nationals Park","Final","true","S","MLB_STATS_API_SCHEDULE","false","false","false","676571","PJ Poulin","1","1.0","3","9","false","669358","Shane Baz","5","5.0","18","73","false","0","1"
"831547","2026-03-23","12:05 PM ET","Philadelphia Phillies","Tampa Bay Rays","BayCare Ballpark","Final","true","S","MLB_STATS_API_SCHEDULE","false","false","false","666200","Jesús Luzardo","6","5.0","24","88","false","571927","Steven Matz","4","5.0","18","71","false","0","1"
"831735","2026-03-23","3:10 PM ET","San Diego Padres","Seattle Mariners","Peoria Stadium","Final","true","S","MLB_STATS_API_SCHEDULE","false","false","false","606996","Kyle Hart","1","1.0","6","20","false","622491","Luis Castillo","5","5.0","21","76","false","0","1"
"831780","2026-03-23","3:05 PM ET","Chicago Cubs","New York Yankees","Sloan Park","Final","true","S","MLB_STATS_API_SCHEDULE","false","false","false","684007","Shota Imanaga","5","5.0","23","81","false","801739","Carlos Lagrange","4","2.2","18","66","false","0","1"
"831786","2026-03-23","9:45 PM ET","San Francisco Giants","Sultanes de Monterrey","Oracle Park","Final","true","E","MLB_STATS_API_SCHEDULE","false","false","false","702352","Spencer Bivens","2","1.0","5","15","false","605501","Stephen Tarpley","3","3.0","14","49","false","0","1"
"831821","2026-03-23","9:10 PM ET","Los Angeles Dodgers","Los Angeles Angels","UNIQLO Field at Dodger Stadium","Final","true","S","MLB_STATS_API_SCHEDULE","false","false","false","808963","Roki Sasaki","2","2.0","14","66","false","672282","Reid Detmers","3","3.0","14","66","false","0","1"
"831838","2026-03-23","8:05 PM ET","Texas Rangers","Kansas City Royals","Globe Life Field","Final","true","S","MLB_STATS_API_SCHEDULE","false","false","false","669022","MacKenzie Gore","3","4.0","14","51","false","608379","Michael Wacha","5","5.0","22","88","false","0","1"
"831857","2026-03-23","9:10 PM ET","Colorado Rockies","Detroit Tigers","Salt River Fields at Talking Stick","Final","true","S","MLB_STATS_API_SCHEDULE","false","false","false","663372","Ryan Feltner","3","4.1","18","68","false","656427","Jack Flaherty","6","4.2","21","81","false","0","1"
"831885","2026-03-23","9:40 PM ET","Arizona Diamondbacks","Cleveland Guardians","Chase Field","Final","true","S","MLB_STATS_API_SCHEDULE","false","false","false","518876","Merrill Kelly","1","2.0","12","52","false","677944","Slade Cecconi","2","4.0","15","57","false","0","1"
"831915","2026-03-23","2:05 PM ET","Athletics","Chicago White Sox","Hohokam Stadium","Final","true","S","MLB_STATS_API_SCHEDULE","false","false","false","806960","Luis Morales","2","2.2","13","61","false","641743","Anthony Kay","4","3.2","23","81","false","0","1"
"832036","2026-03-23","1:05 PM ET","Boston Red Sox","Minnesota Twins","JetBlue Park","Final","true","S","MLB_STATS_API_SCHEDULE","false","false","false","670912","Johan Oviedo","3","3.1","19","84","false","641927","Bailey Ober","3","4.1","24","81","false","0","1"
"832078","2026-03-23","7:40 PM ET","Milwaukee Brewers","Cincinnati Reds","American Family Field","Final","true","S","MLB_STATS_API_SCHEDULE","false","false","false","676879","Aaron Ashby","1","0.2","4","26","false","663903","Brady Singer","3","4.0","19","78","false","0","1"
"831441","2026-03-24","8:10 PM ET","Houston Astros","Sugar Land Space Cowboys","Daikin Park","Final","true","E","MLB_STATS_API_SCHEDULE","false","false","false","621121","Lance McCullers Jr.","7","4.2","21","86","false","699044","Miguel Ullola","2","4.1","20","69","false","0","1"
"831545","2026-03-24","12:05 PM ET","Atlanta Braves","Tampa Bay Rays","CoolToday Park","Final","true","S","MLB_STATS_API_SCHEDULE","false","false","false","656550","Grant Holmes","4","5.1","21","78","false","592155","Cam Booser","2","1.0","3","13","false","0","1"
"831779","2026-03-24","3:05 PM ET","Chicago Cubs","New York Yankees","Sloan Park","Final","true","S","MLB_STATS_API_SCHEDULE","false","false","false","665795","Edward Cabrera","3","4.1","22","83","false","543037","Gerrit Cole","3","1.2","6","26","false","0","1"
"831782","2026-03-24","9:45 PM ET","San Francisco Giants","Sultanes de Monterrey","Oracle Park","Final","true","E","MLB_STATS_API_SCHEDULE","false","false","false","694738","Landen Roupp","6","5.1","23","86","false","656954","Justus Sheffield","1","3.1","14","57","false","0","1"
"831820","2026-03-24","8:10 PM ET","Los Angeles Dodgers","Los Angeles Angels","UNIQLO Field at Dodger Stadium","Final","true","S","MLB_STATS_API_SCHEDULE","false","false","false","660271","Shohei Ohtani","11","4.0","18","86","false","686799","Jack Kochanowicz","4","3.0","9","46","false","0","1"
"831837","2026-03-24","2:05 PM ET","Texas Rangers","Kansas City Royals","Globe Life Field","Final","true","S","MLB_STATS_API_SCHEDULE","false","false","false","683004","Jack Leiter","6","4.0","14","56","false","607625","Seth Lugo","4","4.0","20","82","false","0","1"
"831856","2026-03-24","3:10 PM ET","Colorado Rockies","Detroit Tigers","Salt River Fields at Talking Stick","Final","true","S","MLB_STATS_API_SCHEDULE","false","false","false","608372","Tomoyuki Sugano","4","4.1","21","82","false","434378","Justin Verlander","4","4.2","24","70","false","0","1"
"831887","2026-03-24","3:40 PM ET","Arizona Diamondbacks","Cleveland Guardians","Chase Field","Final","true","S","MLB_STATS_API_SCHEDULE","false","false","false","647336","Michael Soroka","5","3.1","23","80","false","800048","Parker Messick","6","4.2","21","76","false","0","1"
"832037","2026-03-24","1:05 PM ET","Minnesota Twins","Boston Red Sox","Lee Health Sports Complex","Final","true","S","MLB_STATS_API_SCHEDULE","false","false","false","687849","Zak Kent","0","1.0","5","17","false","624133","Ranger Suarez","4","4.1","23","69","false","0","1"
"832077","2026-03-24","5:10 PM ET","Milwaukee Brewers","Cincinnati Reds","American Family Field","Final","true","S","MLB_STATS_API_SCHEDULE","false","false","false","687075","Brandon Sproat","5","4.0","15","62","false","695505","Chase Burns","7","5.0","19","68","false","0","1"
"823244","2026-03-25","8:05 PM ET","San Francisco Giants","New York Yankees","Oracle Park","Final","true","R","MLB_STATS_API_SCHEDULE","false","false","false","657277","Logan Webb","7","5.0","26","86","false","608331","Max Fried","4","6.1","23","86","false","0","1"
"823081","2026-03-26","4:15 PM ET","St. Louis Cardinals","Tampa Bay Rays","Busch Stadium","Final","true","R","MLB_STATS_API_SCHEDULE","false","false","false","669461","Matthew Liberatore","2","5.0","24","78","false","656876","Drew Rasmussen","2","5.0","20","73","false","0","1"
"823163","2026-03-26","10:10 PM ET","Seattle Mariners","Cleveland Guardians","T-Mobile Park","Final","true","R","MLB_STATS_API_SCHEDULE","false","false","false","669302","Logan Gilbert","7","5.1","21","86","false","676440","Tanner Bibee","7","5.0","20","78","false","0","1"
"823325","2026-03-26","4:10 PM ET","San Diego Padres","Detroit Tigers","Petco Park","Final","true","R","MLB_STATS_API_SCHEDULE","false","false","false","601713","Nick Pivetta","4","3.0","19","69","false","669373","Tarik Skubal","6","6.0","22","74","false","0","1"
"823486","2026-03-26","4:15 PM ET","Philadelphia Phillies","Texas Rangers","Citizens Bank Park","Final","true","R","MLB_STATS_API_SCHEDULE","false","false","false","650911","Cristopher Sánchez","10","6.0","21","87","false","543135","Nathan Eovaldi","7","4.2","22","80","false","0","1"
"823649","2026-03-26","1:15 PM ET","New York Mets","Pittsburgh Pirates","Citi Field","Final","true","R","MLB_STATS_API_SCHEDULE","false","false","false","642547","Freddy Peralta","7","5.0","21","80","false","694973","Paul Skenes","1","0.2","9","37","false","0","1"
"823812","2026-03-26","2:10 PM ET","Milwaukee Brewers","Chicago White Sox","American Family Field","Final","true","R","MLB_STATS_API_SCHEDULE","false","false","false","694819","Jacob Misiorowski","11","5.0","20","94","false","681343","Shane Smith","2","1.2","11","54","false","0","1"
"823974","2026-03-26","8:30 PM ET","Los Angeles Dodgers","Arizona Diamondbacks","UNIQLO Field at Dodger Stadium","Final","true","R","MLB_STATS_API_SCHEDULE","false","false","false","808967","Yoshinobu Yamamoto","6","6.0","21","95","false","668678","Zac Gallen","2","4.0","19","76","false","0","1"
"824218","2026-03-26","4:10 PM ET","Houston Astros","Los Angeles Angels","Daikin Park","Final","true","R","MLB_STATS_API_SCHEDULE","false","false","false","686613","Hunter Brown","9","4.2","22","102","false","667755","José Soriano","7","6.0","24","91","false","0","1"
"824541","2026-03-26","4:10 PM ET","Cincinnati Reds","Boston Red Sox","Great American Ball Park","Final","true","R","MLB_STATS_API_SCHEDULE","false","false","false","671096","Andrew Abbott","4","6.0","24","83","false","676979","Garrett Crochet","8","6.0","24","80","false","0","1"
"824704","2026-03-26","2:20 PM ET","Chicago Cubs","Washington Nationals","Wrigley Field","Final","true","R","MLB_STATS_API_SCHEDULE","false","false","false","571510","Matthew Boyd","7","3.2","17","63","false","676917","Cade Cavalli","5","3.2","17","75","false","0","1"
"824865","2026-03-26","3:05 PM ET","Baltimore Orioles","Minnesota Twins","Oriole Park at Camden Yards","Final","true","R","MLB_STATS_API_SCHEDULE","false","false","false","669432","Trevor Rogers","5","7.0","27","88","false","657746","Joe Ryan","7","5.1","19","85","false","0","1"
"822839","2026-03-27","7:07 PM ET","Toronto Blue Jays","Athletics","Rogers Centre","Final","true","R","MLB_STATS_API_SCHEDULE","false","false","false","592332","Kevin Gausman","11","6.0","19","83","false","622663","Luis Severino","3","5.0","20","84","false","0","1"
"823162","2026-03-27","9:45 PM ET","Seattle Mariners","Cleveland Guardians","T-Mobile Park","Final","true","R","MLB_STATS_API_SCHEDULE","false","false","false","669923","George Kirby","6","6.0","22","90","false","668909","Gavin Williams","7","5.0","22","89","false","0","1"
"823243","2026-03-27","4:35 PM ET","San Francisco Giants","New York Yankees","Oracle Park","Final","true","R","MLB_STATS_API_SCHEDULE","false","false","false","592662","Robbie Ray","4","5.1","21","89","false","693645","Cam Schlittler","8","5.1","17","68","false","0","1"
"823324","2026-03-27","9:40 PM ET","San Diego Padres","Detroit Tigers","Petco Park","Final","true","R","MLB_STATS_API_SCHEDULE","false","false","false","650633","Michael King","6","5.0","20","82","false","664285","Framber Valdez","5","6.0","25","83","false","0","1"
"823893","2026-03-27","7:10 PM ET","Miami Marlins","Colorado Rockies","loanDepot park","Final","true","R","MLB_STATS_API_SCHEDULE","false","false","false","645261","Sandy Alcantara","5","7.0","25","73","false","607536","Kyle Freeland","2","4.1","21","81","false","0","1"
"823971","2026-03-27","10:10 PM ET","Los Angeles Dodgers","Arizona Diamondbacks","UNIQLO Field at Dodger Stadium","Final","true","R","MLB_STATS_API_SCHEDULE","false","false","false","686218","Emmet Sheehan","6","3.1","16","83","false","669194","Ryne Nelson","4","4.2","19","83","false","0","1"
"824216","2026-03-27","8:15 PM ET","Houston Astros","Los Angeles Angels","Daikin Park","Final","true","R","MLB_STATS_API_SCHEDULE","false","false","false","681347","Mike Burrows","6","5.2","26","94","false","579328","Yusei Kikuchi","3","4.1","22","86","false","0","1"
"824946","2026-03-27","7:15 PM ET","Atlanta Braves","Kansas City Royals","Truist Park","Final","true","R","MLB_STATS_API_SCHEDULE","false","false","false","519242","Chris Sale","6","6.0","23","88","false","666142","Cole Ragans","5","4.0","21","90","false","0","1"
"822838","2026-03-28","3:07 PM ET","Toronto Blue Jays","Athletics","Rogers Centre","Final","true","R","MLB_STATS_API_SCHEDULE","false","false","false","656302","Dylan Cease","12","5.1","22","90","false","605488","Jeffrey Springs","2","5.1","22","83","false","0","1"
"823082","2026-03-28","2:15 PM ET","St. Louis Cardinals","Tampa Bay Rays","Busch Stadium","Final","true","R","MLB_STATS_API_SCHEDULE","false","false","false","700241","Michael McGreevy","5","6.0","21","96","false","671212","Joe Boyle","4","6.0","21","75","false","0","1"
"823161","2026-03-28","9:40 PM ET","Seattle Mariners","Cleveland Guardians","T-Mobile Park","Final","true","R","MLB_STATS_API_SCHEDULE","false","false","false","693433","Bryan Woo","9","6.0","23","83","false","676282","Joey Cantillo","5","3.2","18","91","false","0","1"
"823241","2026-03-28","7:15 PM ET","San Francisco Giants","New York Yankees","Oracle Park","Final","true","R","MLB_STATS_API_SCHEDULE","false","false","false","641816","Tyler Mahle","5","4.0","17","80","false","701542","Will Warren","3","4.1","19","83","false","0","1"
"823323","2026-03-28","8:40 PM ET","San Diego Padres","Detroit Tigers","Petco Park","Final","true","R","MLB_STATS_API_SCHEDULE","false","false","false","681190","Randy Vásquez","8","6.0","23","91","false","656427","Jack Flaherty","2","4.1","21","89","false","0","1"
"823488","2026-03-28","4:05 PM ET","Philadelphia Phillies","Texas Rangers","Citizens Bank Park","Final","true","R","MLB_STATS_API_SCHEDULE","false","false","false","605400","Aaron Nola","7","5.0","22","91","false","656641","Jacob Latz","3","4.0","14","68","false","0","1"
"823651","2026-03-28","4:10 PM ET","New York Mets","Pittsburgh Pirates","Citi Field","Final","true","R","MLB_STATS_API_SCHEDULE","false","false","false","656849","David Peterson","3","5.1","25","76","false","656605","Mitch Keller","3","6.0","21","77","false","0","1"
"823811","2026-03-28","7:10 PM ET","Milwaukee Brewers","Chicago White Sox","American Family Field","Final","true","R","MLB_STATS_API_SCHEDULE","false","false","false","694477","Chad Patrick","4","4.1","19","74","false","680732","Sean Burke","5","4.0","20","91","false","0","1"
"823892","2026-03-28","4:10 PM ET","Miami Marlins","Colorado Rockies","loanDepot park","Final","true","R","MLB_STATS_API_SCHEDULE","false","false","false","691587","Eury Pérez","8","7.0","27","93","false","547179","Michael Lorenzen","4","4.1","22","93","false","0","1"
"823973","2026-03-28","9:10 PM ET","Los Angeles Dodgers","Arizona Diamondbacks","UNIQLO Field at Dodger Stadium","Final","true","R","MLB_STATS_API_SCHEDULE","false","false","false","607192","Tyler Glasnow","6","6.0","23","90","false","593958","Eduardo Rodriguez","5","5.0","20","79","false","0","1"
"824213","2026-03-28","7:10 PM ET","Houston Astros","Los Angeles Angels","Daikin Park","Final","true","R","MLB_STATS_API_SCHEDULE","false","false","false","664299","Cristian Javier","1","4.2","21","74","false","672282","Reid Detmers","9","4.2","21","95","false","0","1"
"824540","2026-03-28","4:10 PM ET","Cincinnati Reds","Boston Red Sox","Great American Ball Park","Final","true","R","MLB_STATS_API_SCHEDULE","false","false","false","663903","Brady Singer","5","4.0","20","74","false","543243","Sonny Gray","5","4.0","20","80","false","0","1"
"824701","2026-03-28","2:20 PM ET","Chicago Cubs","Washington Nationals","Wrigley Field","Final","true","R","MLB_STATS_API_SCHEDULE","false","false","false","690990","Cade Horton","4","6.1","22","75","false","571945","Miles Mikolas","4","5.0","25","97","false","0","1"
"824862","2026-03-28","4:05 PM ET","Baltimore Orioles","Minnesota Twins","Oriole Park at Camden Yards","Final","true","R","MLB_STATS_API_SCHEDULE","false","false","false","680694","Kyle Bradish","4","4.2","19","83","false","671737","Taj Bradley","9","4.1","19","92","false","0","1"
"824945","2026-03-28","7:15 PM ET","Atlanta Braves","Kansas City Royals","Truist Park","Final","true","R","MLB_STATS_API_SCHEDULE","false","false","false","625643","Reynaldo López","3","6.0","22","77","false","608379","Michael Wacha","7","6.0","20","80","false","0","1"
"822837","2026-03-29","1:37 PM ET","Toronto Blue Jays","Athletics","Rogers Centre","Final","true","R","MLB_STATS_API_SCHEDULE","false","false","false","641778","Eric Lauer","9","5.1","20","87","false","806960","Luis Morales","5","4.1","20","71","false","0","1"
"823079","2026-03-29","2:15 PM ET","St. Louis Cardinals","Tampa Bay Rays","Busch Stadium","Final","true","R","MLB_STATS_API_SCHEDULE","false","false","false","669160","Dustin May","3","4.0","22","61","false","571927","Steven Matz","2","5.0","21","81","false","0","1"
"823160","2026-03-29","7:20 PM ET","Seattle Mariners","Cleveland Guardians","T-Mobile Park","Final","true","R","MLB_STATS_API_SCHEDULE","false","false","false","676106","Emerson Hancock","9","6.0","19","97","false","677944","Slade Cecconi","5","4.1","24","93","false","0","1"
"823487","2026-03-29","1:35 PM ET","Philadelphia Phillies","Texas Rangers","Citizens Bank Park","Final","true","R","MLB_STATS_API_SCHEDULE","false","false","false","666200","Jesús Luzardo","7","6.0","25","99","false","669022","MacKenzie Gore","7","5.1","22","90","false","0","1"
"823647","2026-03-29","1:40 PM ET","New York Mets","Pittsburgh Pirates","Citi Field","Final","true","R","MLB_STATS_API_SCHEDULE","false","false","false","690997","Nolan McLean","8","5.0","22","84","false","669387","Carmen Mlodzinski","8","4.1","20","85","false","0","1"
"823810","2026-03-29","2:10 PM ET","Milwaukee Brewers","Chicago White Sox","American Family Field","Final","true","R","MLB_STATS_API_SCHEDULE","false","false","false","687075","Brandon Sproat","3","3.0","18","86","false","641743","Anthony Kay","5","4.2","21","92","false","0","1"
"823891","2026-03-29","1:40 PM ET","Miami Marlins","Colorado Rockies","loanDepot park","Final","true","R","MLB_STATS_API_SCHEDULE","false","false","false","676974","Max Meyer","5","5.0","23","81","false","500779","Jose Quintana","2","4.1","19","78","false","0","1"
"824215","2026-03-29","2:10 PM ET","Houston Astros","Los Angeles Angels","Daikin Park","Final","true","R","MLB_STATS_API_SCHEDULE","false","false","false","837227","Tatsuya Imai","4","2.2","15","74","false","686799","Jack Kochanowicz","3","4.0","22","94","false","0","1"
"824538","2026-03-29","1:40 PM ET","Cincinnati Reds","Boston Red Sox","Great American Ball Park","Final","true","R","MLB_STATS_API_SCHEDULE","false","false","false","695076","Rhett Lowder","5","5.0","20","86","false","813349","Connelly Early","6","5.1","21","96","false","0","1"
"824700","2026-03-29","2:20 PM ET","Chicago Cubs","Washington Nationals","Wrigley Field","Final","true","R","MLB_STATS_API_SCHEDULE","false","false","false","684007","Shota Imanaga","7","5.0","22","82","false","663623","Jake Irvin","7","5.0","20","93","false","0","1"
"824864","2026-03-29","1:35 PM ET","Baltimore Orioles","Minnesota Twins","Oriole Park at Camden Yards","Final","true","R","MLB_STATS_API_SCHEDULE","false","false","false","669358","Shane Baz","4","5.1","21","78","false","641927","Bailey Ober","1","4.0","17","56","false","0","1"
"824944","2026-03-29","1:35 PM ET","Atlanta Braves","Kansas City Royals","Truist Park","Final","true","R","MLB_STATS_API_SCHEDULE","false","false","false","656550","Grant Holmes","4","5.0","22","76","false","607625","Seth Lugo","3","6.1","24","77","false","0","1"
"822834","2026-03-30","7:07 PM ET","Toronto Blue Jays","Colorado Rockies","Rogers Centre","Final","true","R","MLB_STATS_API_SCHEDULE","false","false","false","664074","Cody Ponce","3","2.1","10","47","false","608372","Tomoyuki Sugano","4","4.2","18","72","false","0","1"
"823080","2026-03-30","7:45 PM ET","St. Louis Cardinals","New York Mets","Busch Stadium","Final","true","R","MLB_STATS_API_SCHEDULE","false","false","false","681517","Kyle Leahy","1","5.0","24","79","false","605280","Clay Holmes","5","5.2","23","90","false","0","1"
"823159","2026-03-30","9:40 PM ET","Seattle Mariners","New York Yankees","T-Mobile Park","Final","true","R","MLB_STATS_API_SCHEDULE","false","false","false","622491","Luis Castillo","7","6.0","21","95","false","677960","Ryan Weathers","7","4.1","19","77","false","0","1"
"823320","2026-03-30","9:40 PM ET","San Diego Padres","San Francisco Giants","Petco Park","Final","true","R","MLB_STATS_API_SCHEDULE","false","false","false","621111","Walker Buehler","3","4.0","19","72","false","694738","Landen Roupp","7","6.0","21","88","false","0","1"
"823484","2026-03-30","6:40 PM ET","Philadelphia Phillies","Washington Nationals","Citizens Bank Park","Final","true","R","MLB_STATS_API_SCHEDULE","false","false","false","592836","Taijuan Walker","2","4.2","29","99","false","656492","Foster Griffin","5","5.0","21","86","false","0","1"
"823809","2026-03-30","7:40 PM ET","Milwaukee Brewers","Tampa Bay Rays","American Family Field","Final","true","R","MLB_STATS_API_SCHEDULE","false","false","false","690986","Kyle Harrison","8","5.0","20","87","false","607259","Nick Martinez","3","6.0","24","88","false","0","1"
"823890","2026-03-30","6:40 PM ET","Miami Marlins","Chicago White Sox","loanDepot park","Final","true","R","MLB_STATS_API_SCHEDULE","false","false","false","663978","Chris Paddack","6","4.0","21","79","false","663436","Davis Martin","6","5.0","21","92","false","0","1"
"823972","2026-03-30","10:10 PM ET","Los Angeles Dodgers","Cleveland Guardians","UNIQLO Field at Dodger Stadium","Final","true","R","MLB_STATS_API_SCHEDULE","false","false","false","808963","Roki Sasaki","4","4.0","18","78","false","800048","Parker Messick","5","6.0","20","76","false","0","1"
"824135","2026-03-30","4:10 PM ET","Kansas City Royals","Minnesota Twins","Kauffman Stadium","Final","true","R","MLB_STATS_API_SCHEDULE","false","false","false","663460","Kris Bubic","4","6.0","22","75","false","680573","Simeon Woods Richardson","2","5.0","20","83","false","0","1"
"824214","2026-03-30","8:10 PM ET","Houston Astros","Boston Red Sox","Daikin Park","Final","true","R","MLB_STATS_API_SCHEDULE","false","false","false","621121","Lance McCullers Jr.","9","7.0","24","96","false","624133","Ranger Suarez","3","4.1","20","76","false","0","1"
"824539","2026-03-30","6:40 PM ET","Cincinnati Reds","Pittsburgh Pirates","Great American Ball Park","Final","true","R","MLB_STATS_API_SCHEDULE","false","false","false","695505","Chase Burns","7","5.0","19","78","false","677952","Braxton Ashcraft","3","6.0","25","87","false","0","1"
"824702","2026-03-30","7:40 PM ET","Chicago Cubs","Los Angeles Angels","Wrigley Field","Final","true","R","MLB_STATS_API_SCHEDULE","false","false","false","665795","Edward Cabrera","5","6.0","19","80","false","696270","Ryan Johnson","2","3.1","21","80","false","0","1"
"824863","2026-03-30","6:35 PM ET","Baltimore Orioles","Texas Rangers","Oriole Park at Camden Yards","Final","true","R","MLB_STATS_API_SCHEDULE","false","false","false","605135","Chris Bassitt","3","4.1","25","100","false","683004","Jack Leiter","8","6.0","24","92","false","0","1"
"824943","2026-03-30","7:15 PM ET","Atlanta Braves","Athletics","Truist Park","Final","true","R","MLB_STATS_API_SCHEDULE","false","false","false","693821","Bryce Elder","5","6.0","23","83","false","682052","Jacob Lopez","0","4.0","22","91","false","0","1"
"825108","2026-03-30","10:10 PM ET","Arizona Diamondbacks","Detroit Tigers","Chase Field","Final","true","R","MLB_STATS_API_SCHEDULE","false","false","false","647336","Michael Soroka","10","5.0","20","89","false","434378","Justin Verlander","1","3.2","19","80","false","0","1"
"822836","2026-03-31","7:07 PM ET","Toronto Blue Jays","Colorado Rockies","Rogers Centre","Final","true","R","MLB_STATS_API_SCHEDULE","false","false","false","453286","Max Scherzer","4","6.0","22","83","false","663372","Ryan Feltner","4","3.0","11","47","false","0","1"
"823077","2026-03-31","7:45 PM ET","St. Louis Cardinals","New York Mets","Busch Stadium","Final","true","R","MLB_STATS_API_SCHEDULE","false","false","false","669467","Andre Pallante","3","5.0","21","88","false","673540","Kodai Senga","9","6.0","25","92","false","0","1"
"823158","2026-03-31","9:40 PM ET","Seattle Mariners","New York Yankees","T-Mobile Park","Final","true","R","MLB_STATS_API_SCHEDULE","false","false","false","669302","Logan Gilbert","6","5.1","23","95","false","608331","Max Fried","6","7.0","25","90","false","0","1"
"823322","2026-03-31","9:40 PM ET","San Diego Padres","San Francisco Giants","Petco Park","Final","true","R","MLB_STATS_API_SCHEDULE","false","false","false","608566","Germán Márquez","1","3.0","18","65","false","657277","Logan Webb","5","6.0","25","104","false","0","1"
"823485","2026-03-31","6:40 PM ET","Philadelphia Phillies","Washington Nationals","Citizens Bank Park","Final","true","R","MLB_STATS_API_SCHEDULE","false","false","false","691725","Andrew Painter","8","5.1","21","84","false","676571","PJ Poulin","1","1.0","3","9","false","0","1"
"823807","2026-03-31","7:40 PM ET","Milwaukee Brewers","Tampa Bay Rays","American Family Field","Final","true","R","MLB_STATS_API_SCHEDULE","false","false","false","605540","Brandon Woodruff","6","5.0","19","67","false","663556","Shane McClanahan","4","4.2","19","79","false","0","1"
"823888","2026-03-31","6:40 PM ET","Miami Marlins","Chicago White Sox","loanDepot park","Final","true","R","MLB_STATS_API_SCHEDULE","false","false","false","676083","Janson Junk","5","4.1","19","79","false","607200","Erick Fedde","4","5.0","21","80","false","0","1"
"823969","2026-03-31","10:10 PM ET","Los Angeles Dodgers","Cleveland Guardians","UNIQLO Field at Dodger Stadium","Final","true","R","MLB_STATS_API_SCHEDULE","false","false","false","660271","Shohei Ohtani","6","6.0","23","87","false","676440","Tanner Bibee","4","4.0","18","74","false","0","1"
"824212","2026-03-31","8:10 PM ET","Houston Astros","Boston Red Sox","Daikin Park","Final","true","R","MLB_STATS_API_SCHEDULE","false","false","false","686613","Hunter Brown","8","6.0","21","78","false","678394","Brayan Bello","2","4.2","25","92","false","0","1"
"824537","2026-03-31","6:40 PM ET","Cincinnati Reds","Pittsburgh Pirates","Great American Ball Park","Final","true","R","MLB_STATS_API_SCHEDULE","false","false","false","682227","Brandon Williamson","3","4.2","22","94","false","696149","Bubba Chandler","6","4.1","19","81","false","0","1"
"824699","2026-03-31","7:40 PM ET","Chicago Cubs","Los Angeles Angels","Wrigley Field","Final","true","R","MLB_STATS_API_SCHEDULE","false","false","false","592791","Jameson Taillon","3","4.2","20","85","false","667755","José Soriano","4","6.0","21","90","false","0","1"
"824861","2026-03-31","6:35 PM ET","Baltimore Orioles","Texas Rangers","Oriole Park at Camden Yards","Final","true","R","MLB_STATS_API_SCHEDULE","false","false","false","621107","Zach Eflin","7","3.2","17","74","false","594798","Jacob deGrom","7","4.2","20","79","false","0","1"
"824942","2026-03-31","7:15 PM ET","Atlanta Braves","Athletics","Truist Park","Final","true","R","MLB_STATS_API_SCHEDULE","false","false","false","660761","José Suarez","6","3.2","18","66","false","650644","Aaron Civale","3","5.0","20","87","false","0","1"
"825107","2026-03-31","9:40 PM ET","Arizona Diamondbacks","Detroit Tigers","Chase Field","Final","true","R","MLB_STATS_API_SCHEDULE","false","false","false","694297","Brandon Pfaadt","3","6.0","24","85","false","663554","Casey Mize","9","6.0","22","93","false","0","1"
"822835","2026-04-01","1:07 PM ET","Toronto Blue Jays","Colorado Rockies","Rogers Centre","Final","true","R","MLB_STATS_API_SCHEDULE","false","false","false","592332","Kevin Gausman","10","6.0","21","89","false","607536","Kyle Freeland","6","5.0","22","88","false","0","1"
"823483","2026-04-01","1:05 PM ET","Philadelphia Phillies","Washington Nationals","Citizens Bank Park","Final","true","R","MLB_STATS_API_SCHEDULE","false","false","false","650911","Cristopher Sánchez","7","5.1","24","97","false","676917","Cade Cavalli","3","6.0","25","84","false","0","1"
"823889","2026-04-01","1:10 PM ET","Miami Marlins","Chicago White Sox","loanDepot park","Final","true","R","MLB_STATS_API_SCHEDULE","false","false","false","645261","Sandy Alcantara","7","9.0","31","93","false","681343","Shane Smith","1","3.0","19","72","false","0","1"
"824536","2026-04-01","12:40 PM ET","Cincinnati Reds","Pittsburgh Pirates","Great American Ball Park","Final","true","R","MLB_STATS_API_SCHEDULE","false","false","false","671096","Andrew Abbott","5","5.2","24","88","false","694973","Paul Skenes","5","5.0","20","77","false","0","1"
"824860","2026-04-01","12:35 PM ET","Baltimore Orioles","Texas Rangers","Oriole Park at Camden Yards","Final","true","R","MLB_STATS_API_SCHEDULE","false","false","false","669432","Trevor Rogers","3","6.0","24","91","false","543135","Nathan Eovaldi","5","4.0","23","88","false","0","1"
"824940","2026-04-01","12:15 PM ET","Atlanta Braves","Athletics","Truist Park","Final","true","R","MLB_STATS_API_SCHEDULE","false","false","false","519242","Chris Sale","3","6.0","19","79","false","622663","Luis Severino","7","3.1","18","91","false","0","1"
"823242","2026-04-02","9:45 PM ET","San Francisco Giants","New York Mets","Oracle Park","Final","true","R","MLB_STATS_API_SCHEDULE","false","false","false","592662","Robbie Ray","7","5.1","22","96","false","656849","David Peterson","5","4.1","24","68","false","0","1"
"824133","2026-04-02","2:10 PM ET","Kansas City Royals","Minnesota Twins","Kauffman Stadium","Final","true","R","MLB_STATS_API_SCHEDULE","false","false","false","666142","Cole Ragans","8","6.0","20","89","false","671737","Taj Bradley","3","6.0","24","100","false","0","1"
"824621","2026-04-02","4:10 PM ET","Chicago White Sox","Toronto Blue Jays","Rate Field","Postponed","false","R","MLB_STATS_API_SCHEDULE","true","false","true","680732","Sean Burke","","","","","false","656302","Dylan Cease","","","","","false","0","2"
"825105","2026-04-02","9:40 PM ET","Arizona Diamondbacks","Atlanta Braves","Chase Field","Final","true","R","MLB_STATS_API_SCHEDULE","false","false","false","669194","Ryne Nelson","3","4.2","21","80","false","625643","Reynaldo López","3","5.0","20","79","false","0","1"
"822758","2026-04-03","1:05 PM ET","Washington Nationals","Los Angeles Dodgers","Nationals Park","Final","true","R","MLB_STATS_API_SCHEDULE","false","false","false","571945","Miles Mikolas","4","4.1","25","87","false","686218","Emmet Sheehan","2","5.2","27","98","false","0","1"
"822919","2026-04-03","4:05 PM ET","Texas Rangers","Cincinnati Reds","Globe Life Field","Final","true","R","MLB_STATS_API_SCHEDULE","false","false","false","669022","MacKenzie Gore","9","6.0","24","88","false","663903","Brady Singer","5","5.0","22","87","false","0","1"
"823240","2026-04-03","10:15 PM ET","San Francisco Giants","New York Mets","Oracle Park","Final","true","R","MLB_STATS_API_SCHEDULE","false","false","false","641816","Tyler Mahle","4","5.0","23","91","false","690997","Nolan McLean","4","5.1","19","93","false","0","1"
"823406","2026-04-03","4:12 PM ET","Pittsburgh Pirates","Baltimore Orioles","PNC Park","Final","true","R","MLB_STATS_API_SCHEDULE","false","false","false","656605","Mitch Keller","4","6.0","26","88","false","680694","Kyle Bradish","6","4.0","19","81","false","0","1"
"823568","2026-04-03","1:35 PM ET","New York Yankees","Miami Marlins","Yankee Stadium","Final","true","R","MLB_STATS_API_SCHEDULE","false","false","false","701542","Will Warren","6","5.2","21","77","false","691587","Eury Pérez","4","4.0","20","84","false","0","1"
"823732","2026-04-03","4:10 PM ET","Minnesota Twins","Tampa Bay Rays","Target Field","Final","true","R","MLB_STATS_API_SCHEDULE","false","false","false","641927","Bailey Ober","4","4.0","18","82","false","671212","Joe Boyle","9","5.1","25","104","false","0","1"
"824056","2026-04-03","9:38 PM ET","Los Angeles Angels","Seattle Mariners","Angel Stadium","Final","true","R","MLB_STATS_API_SCHEDULE","false","false","false","672282","Reid Detmers","4","6.2","26","104","false","693433","Bryan Woo","6","7.0","23","87","false","0","1"
"824134","2026-04-03","7:45 PM ET","Kansas City Royals","Milwaukee Brewers","Kauffman Stadium","Postponed","false","R","MLB_STATS_API_SCHEDULE","true","false","true","679883","Luinder Avila","","","","","false","694477","Chad Patrick","","","","","false","0","2"
"824299","2026-04-03","1:10 PM ET","Detroit Tigers","St. Louis Cardinals","Comerica Park","Final","true","R","MLB_STATS_API_SCHEDULE","false","false","false","664285","Framber Valdez","5","6.0","24","91","false","700241","Michael McGreevy","4","4.2","20","75","false","0","1"
"824377","2026-04-03","4:10 PM ET","Colorado Rockies","Philadelphia Phillies","Coors Field","Final","true","R","MLB_STATS_API_SCHEDULE","false","false","false","547179","Michael Lorenzen","2","3.0","23","77","false","605400","Aaron Nola","9","6.1","25","95","false","0","1"
"824458","2026-04-03","4:10 PM ET","Cleveland Guardians","Chicago Cubs","Progressive Field","Final","true","R","MLB_STATS_API_SCHEDULE","false","false","false","676282","Joey Cantillo","6","5.1","21","82","false","690990","Cade Horton","0","1.0","4","17","false","0","1"
"824786","2026-04-03","2:10 PM ET","Boston Red Sox","San Diego Padres","Fenway Park","Final","true","R","MLB_STATS_API_SCHEDULE","false","false","false","543243","Sonny Gray","3","6.0","22","87","false","650633","Michael King","5","5.2","24","81","false","0","1"
"825026","2026-04-03","9:40 PM ET","Athletics","Houston Astros","Sutter Health Park","Final","true","R","MLB_STATS_API_SCHEDULE","false","false","false","605488","Jeffrey Springs","7","6.0","21","103","false","664299","Cristian Javier","2","3.2","21","82","false","0","1"
"825103","2026-04-03","9:45 PM ET","Arizona Diamondbacks","Atlanta Braves","Chase Field","Final","true","R","MLB_STATS_API_SCHEDULE","false","false","false","593958","Eduardo Rodriguez","3","7.0","26","90","false","656550","Grant Holmes","4","6.0","21","85","false","0","1"
"822757","2026-04-04","4:05 PM ET","Washington Nationals","Los Angeles Dodgers","Nationals Park","Final","true","R","MLB_STATS_API_SCHEDULE","false","false","false","663623","Jake Irvin","4","4.0","22","85","false","607192","Tyler Glasnow","9","6.0","24","101","false","0","1"
"822920","2026-04-04","7:05 PM ET","Texas Rangers","Cincinnati Reds","Globe Life Field","Final","true","R","MLB_STATS_API_SCHEDULE","false","false","false","677958","Kumar Rocker","3","5.0","23","80","false","695076","Rhett Lowder","4","6.0","23","82","false","0","1"
"823239","2026-04-04","9:05 PM ET","San Francisco Giants","New York Mets","Oracle Park","Final","true","R","MLB_STATS_API_SCHEDULE","false","false","false","694738","Landen Roupp","7","4.2","23","95","false","605280","Clay Holmes","4","7.0","26","90","false","0","1"
"823404","2026-04-04","4:05 PM ET","Pittsburgh Pirates","Baltimore Orioles","PNC Park","Final","true","R","MLB_STATS_API_SCHEDULE","false","false","false","669387","Carmen Mlodzinski","5","4.2","21","84","false","669358","Shane Baz","5","5.2","25","98","false","0","1"
"823569","2026-04-04","7:05 PM ET","New York Yankees","Miami Marlins","Yankee Stadium","Final","true","R","MLB_STATS_API_SCHEDULE","false","false","false","677960","Ryan Weathers","4","3.2","19","88","false","676974","Max Meyer","6","4.2","21","89","false","0","1"
"823730","2026-04-04","7:10 PM ET","Minnesota Twins","Tampa Bay Rays","Target Field","Final","true","R","MLB_STATS_API_SCHEDULE","false","false","false","690953","Mick Abel","3","4.0","22","84","false","571927","Steven Matz","8","6.0","22","97","false","0","1"
"824054","2026-04-04","9:38 PM ET","Los Angeles Angels","Seattle Mariners","Angel Stadium","Final","true","R","MLB_STATS_API_SCHEDULE","false","false","false","686799","Jack Kochanowicz","7","5.2","23","86","false","676106","Emerson Hancock","5","6.2","24","82","false","0","1"
"824132","2026-04-04","2:10 PM ET","Kansas City Royals","Milwaukee Brewers","Kauffman Stadium","Final","true","R","MLB_STATS_API_SCHEDULE","false","false","false","679883","Luinder Avila","4","3.0","18","73","false","694477","Chad Patrick","3","5.0","20","86","false","0","1"
"824295","2026-04-04","1:10 PM ET","Detroit Tigers","St. Louis Cardinals","Comerica Park","Completed Early","true","R","MLB_STATS_API_SCHEDULE","false","false","false","656427","Jack Flaherty","6","4.0","22","86","false","669160","Dustin May","4","3.1","18","79","false","0","1"
"824378","2026-04-04","8:10 PM ET","Colorado Rockies","Philadelphia Phillies","Coors Field","Final","true","R","MLB_STATS_API_SCHEDULE","false","false","false","657514","Brennan Bernardino","0","0.2","5","21","false","666200","Jesús Luzardo","11","6.2","24","99","false","0","1"
"824460","2026-04-04","7:15 PM ET","Cleveland Guardians","Chicago Cubs","Progressive Field","Postponed","false","R","MLB_STATS_API_SCHEDULE","true","false","true","677944","Slade Cecconi","","","","","false","684007","Shota Imanaga","","","","","false","0","2"
"824622","2026-04-04","2:10 PM ET","Chicago White Sox","Toronto Blue Jays","Rate Field","Final","true","R","MLB_STATS_API_SCHEDULE","false","false","false","691799","Grant Taylor","1","1.0","3","9","false","689254","Mason Fluharty","0","1.0","6","20","false","0","1"
"824782","2026-04-04","4:10 PM ET","Boston Red Sox","San Diego Padres","Fenway Park","Final","true","R","MLB_STATS_API_SCHEDULE","false","false","false","813349","Connelly Early","4","4.0","19","88","false","681190","Randy Vásquez","3","6.0","23","83","false","0","1"
"825027","2026-04-04","4:05 PM ET","Athletics","Houston Astros","Sutter Health Park","Final","true","R","MLB_STATS_API_SCHEDULE","false","false","false","806960","Luis Morales","0","3.0","22","77","false","837227","Tatsuya Imai","9","5.2","22","94","false","0","1"
"825104","2026-04-04","7:15 PM ET","Arizona Diamondbacks","Atlanta Braves","Chase Field","Final","true","R","MLB_STATS_API_SCHEDULE","false","false","false","647336","Michael Soroka","3","5.0","22","91","false","693821","Bryce Elder","8","7.0","24","89","false","0","1"
"822756","2026-04-05","1:35 PM ET","Washington Nationals","Los Angeles Dodgers","Nationals Park","Final","true","R","MLB_STATS_API_SCHEDULE","false","false","false","656492","Foster Griffin","6","5.0","22","95","false","808963","Roki Sasaki","5","5.0","23","90","false","0","1"
"822917","2026-04-05","2:35 PM ET","Texas Rangers","Cincinnati Reds","Globe Life Field","Final","true","R","MLB_STATS_API_SCHEDULE","false","false","false","683004","Jack Leiter","9","5.0","20","85","false","695505","Chase Burns","9","6.0","24","87","false","0","1"
"823238","2026-04-05","4:05 PM ET","San Francisco Giants","New York Mets","Oracle Park","Final","true","R","MLB_STATS_API_SCHEDULE","false","false","false","657277","Logan Webb","3","7.0","28","92","false","673540","Kodai Senga","7","5.2","22","88","false","0","1"
"823405","2026-04-05","1:35 PM ET","Pittsburgh Pirates","Baltimore Orioles","PNC Park","Final","true","R","MLB_STATS_API_SCHEDULE","false","false","false","677952","Braxton Ashcraft","8","6.0","21","87","false","605135","Chris Bassitt","0","2.0","15","62","false","0","1"
"823566","2026-04-05","1:35 PM ET","New York Yankees","Miami Marlins","Yankee Stadium","Final","true","R","MLB_STATS_API_SCHEDULE","false","false","false","608331","Max Fried","4","6.2","27","103","false","664126","Pete Fairbanks","1","1.0","7","27","false","0","1"
"823729","2026-04-05","2:10 PM ET","Minnesota Twins","Tampa Bay Rays","Target Field","Final","true","R","MLB_STATS_API_SCHEDULE","false","false","false","680573","Simeon Woods Richardson","4","6.2","26","88","false","607259","Nick Martinez","4","6.0","20","81","false","0","1"
"824053","2026-04-05","4:07 PM ET","Los Angeles Angels","Seattle Mariners","Angel Stadium","Final","true","R","MLB_STATS_API_SCHEDULE","false","false","false","691946","George Klassen","4","2.2","16","73","false","622491","Luis Castillo","4","3.2","20","84","false","0","1"
"824131","2026-04-05","2:10 PM ET","Kansas City Royals","Milwaukee Brewers","Kauffman Stadium","Final","true","R","MLB_STATS_API_SCHEDULE","false","false","false","663460","Kris Bubic","8","5.0","22","96","false","690986","Kyle Harrison","6","5.1","21","90","false","0","1"
"824296","2026-04-05","7:20 PM ET","Detroit Tigers","St. Louis Cardinals","Comerica Park","Final","true","R","MLB_STATS_API_SCHEDULE","false","false","false","672456","Keider Montero","3","4.1","17","63","false","681517","Kyle Leahy","4","5.0","23","97","false","0","1"
"824379","2026-04-05","3:10 PM ET","Colorado Rockies","Philadelphia Phillies","Coors Field","Final","true","R","MLB_STATS_API_SCHEDULE","false","false","false","608372","Tomoyuki Sugano","5","6.0","23","78","false","592836","Taijuan Walker","4","5.0","23","87","false","0","1"
"824459","2026-04-05","1:10 PM ET","Cleveland Guardians","Chicago Cubs","Progressive Field","Final","true","R","MLB_STATS_API_SCHEDULE","false","false","false","677944","Slade Cecconi","6","6.0","21","85","false","665795","Edward Cabrera","4","5.2","22","97","false","0","1"
"824620","2026-04-05","2:10 PM ET","Chicago White Sox","Toronto Blue Jays","Rate Field","Final","true","R","MLB_STATS_API_SCHEDULE","false","false","false","663436","Davis Martin","6","6.0","23","85","false","641778","Eric Lauer","0","2.0","12","49","false","0","1"
"824781","2026-04-05","1:35 PM ET","Boston Red Sox","San Diego Padres","Fenway Park","Final","true","R","MLB_STATS_API_SCHEDULE","false","false","false","624133","Ranger Suarez","2","4.0","18","75","false","621111","Walker Buehler","4","2.2","14","61","false","0","1"
"825025","2026-04-05","4:05 PM ET","Athletics","Houston Astros","Sutter Health Park","Final","true","R","MLB_STATS_API_SCHEDULE","false","false","false","682052","Jacob Lopez","6","4.1","21","92","false","621121","Lance McCullers Jr.","4","4.0","18","79","false","0","1"
"825102","2026-04-05","4:10 PM ET","Arizona Diamondbacks","Atlanta Braves","Chase Field","Final","true","R","MLB_STATS_API_SCHEDULE","false","false","false","694297","Brandon Pfaadt","2","4.2","21","79","false","527048","Martín Pérez","1","5.0","20","75","false","0","1"
"822755","2026-04-06","6:45 PM ET","Washington Nationals","St. Louis Cardinals","Nationals Park","Final","true","R","MLB_STATS_API_SCHEDULE","false","false","false","641793","Zack Littell","6","5.0","22","70","false","669467","Andre Pallante","2","5.0","22","88","false","0","1"
"822832","2026-04-06","7:07 PM ET","Toronto Blue Jays","Los Angeles Dodgers","Rogers Centre","Final","true","R","MLB_STATS_API_SCHEDULE","false","false","false","453286","Max Scherzer","2","2.0","9","36","false","680736","Justin Wrobleski","2","5.0","21","78","false","0","1"
"822918","2026-04-06","8:05 PM ET","Texas Rangers","Seattle Mariners","Globe Life Field","Final","true","R","MLB_STATS_API_SCHEDULE","false","false","false","594798","Jacob deGrom","6","5.0","17","78","false","669302","Logan Gilbert","5","6.0","23","96","false","0","1"
"823002","2026-04-06","4:10 PM ET","Tampa Bay Rays","Chicago Cubs","Tropicana Field","Final","true","R","MLB_STATS_API_SCHEDULE","false","false","false","663556","Shane McClanahan","5","4.0","17","69","false","592791","Jameson Taillon","4","6.0","25","83","false","0","1"
"823401","2026-04-06","6:40 PM ET","Pittsburgh Pirates","San Diego Padres","PNC Park","Final","true","R","MLB_STATS_API_SCHEDULE","false","false","false","696149","Bubba Chandler","4","4.1","21","83","false","608566","Germán Márquez","4","5.0","21","92","false","0","1"
"823728","2026-04-06","7:40 PM ET","Minnesota Twins","Detroit Tigers","Target Field","Final","true","R","MLB_STATS_API_SCHEDULE","false","false","false","657746","Joe Ryan","7","5.0","22","101","false","663554","Casey Mize","4","4.1","24","90","false","0","1"
"823886","2026-04-06","6:40 PM ET","Miami Marlins","Cincinnati Reds","loanDepot park","Final","true","R","MLB_STATS_API_SCHEDULE","false","false","false","676083","Janson Junk","3","7.1","28","87","false","682227","Brandon Williamson","4","6.2","24","93","false","0","1"
"824456","2026-04-06","6:10 PM ET","Cleveland Guardians","Kansas City Royals","Progressive Field","Final","true","R","MLB_STATS_API_SCHEDULE","false","false","false","676440","Tanner Bibee","3","4.2","20","87","false","608379","Michael Wacha","3","7.0","26","102","false","0","1"
"824619","2026-04-06","7:40 PM ET","Chicago White Sox","Baltimore Orioles","Rate Field","","false","R","MLB_STATS_API_SCHEDULE","true","false","true","691799","Grant Taylor","","","","","false","687064","Brandon Young","","","","","false","0","1"
"824783","2026-04-06","6:45 PM ET","Boston Red Sox","Milwaukee Brewers","Fenway Park","Final","true","R","MLB_STATS_API_SCHEDULE","false","false","false","678394","Brayan Bello","5","3.1","20","86","false","605540","Brandon Woodruff","4","5.2","27","94","false","0","1"
"822754","2026-04-07","6:45 PM ET","Washington Nationals","St. Louis Cardinals","Nationals Park","Final","true","R","MLB_STATS_API_SCHEDULE","false","false","false","676917","Cade Cavalli","3","4.2","20","94","false","669461","Matthew Liberatore","6","5.0","25","92","false","0","1"
"822831","2026-04-07","7:07 PM ET","Toronto Blue Jays","Los Angeles Dodgers","Rogers Centre","Final","true","R","MLB_STATS_API_SCHEDULE","false","false","false","592332","Kevin Gausman","5","5.1","24","84","false","808967","Yoshinobu Yamamoto","6","6.0","24","97","false","0","1"
"822916","2026-04-07","8:05 PM ET","Texas Rangers","Seattle Mariners","Globe Life Field","Final","true","R","MLB_STATS_API_SCHEDULE","false","false","false","543135","Nathan Eovaldi","7","6.0","26","93","false","669923","George Kirby","4","8.0","28","90","false","0","1"
"822999","2026-04-07","6:40 PM ET","Tampa Bay Rays","Chicago Cubs","Tropicana Field","Final","true","R","MLB_STATS_API_SCHEDULE","false","false","false","669438","Mason Englert","2","3.2","19","65","false","665871","Javier Assad","3","5.2","19","80","false","0","1"
"823235","2026-04-07","9:45 PM ET","San Francisco Giants","Philadelphia Phillies","Oracle Park","Final","true","R","MLB_STATS_API_SCHEDULE","false","false","false","592662","Robbie Ray","7","6.2","26","109","false","650911","Cristopher Sánchez","6","5.0","24","92","false","0","1"
"823402","2026-04-07","6:40 PM ET","Pittsburgh Pirates","San Diego Padres","PNC Park","Final","true","R","MLB_STATS_API_SCHEDULE","false","false","false","694973","Paul Skenes","6","6.1","23","87","false","601713","Nick Pivetta","8","5.0","20","86","false","0","1"
"823567","2026-04-07","7:05 PM ET","New York Yankees","Athletics","Yankee Stadium","Final","true","R","MLB_STATS_API_SCHEDULE","false","false","false","693645","Cam Schlittler","7","5.0","20","84","false","650644","Aaron Civale","6","5.0","22","88","false","0","1"
"823648","2026-04-07","4:10 PM ET","New York Mets","Arizona Diamondbacks","Citi Field","Final","true","R","MLB_STATS_API_SCHEDULE","false","false","false","642547","Freddy Peralta","5","4.2","22","101","false","668678","Zac Gallen","5","5.0","23","95","false","0","1"
"823727","2026-04-07","7:40 PM ET","Minnesota Twins","Detroit Tigers","Target Field","Final","true","R","MLB_STATS_API_SCHEDULE","false","false","false","671737","Taj Bradley","10","6.1","27","104","false","669373","Tarik Skubal","7","4.2","24","95","false","0","1"
"823887","2026-04-07","6:40 PM ET","Miami Marlins","Cincinnati Reds","loanDepot park","Final","true","R","MLB_STATS_API_SCHEDULE","false","false","false","645261","Sandy Alcantara","6","8.1","30","95","false","671096","Andrew Abbott","2","5.1","24","91","false","0","1"
"824051","2026-04-07","9:38 PM ET","Los Angeles Angels","Atlanta Braves","Angel Stadium","Final","true","R","MLB_STATS_API_SCHEDULE","false","false","false","579328","Yusei Kikuchi","8","5.0","22","97","false","625643","Reynaldo López","7","4.2","21","80","false","0","1"
"824375","2026-04-07","8:40 PM ET","Colorado Rockies","Houston Astros","Coors Field","Final","true","R","MLB_STATS_API_SCHEDULE","false","false","false","607536","Kyle Freeland","5","6.1","24","81","false","681347","Mike Burrows","3","5.1","23","87","false","0","1"
"824457","2026-04-07","1:10 PM ET","Cleveland Guardians","Kansas City Royals","Progressive Field","Final","true","R","MLB_STATS_API_SCHEDULE","false","false","false","668909","Gavin Williams","8","5.2","22","102","false","702070","Noah Cameron","5","5.2","24","97","false","0","1"
"824618","2026-04-07","3:10 PM ET","Chicago White Sox","Baltimore Orioles","Rate Field","Final","true","R","MLB_STATS_API_SCHEDULE","false","false","false","681343","Shane Smith","8","3.2","19","99","false","669432","Trevor Rogers","6","6.0","25","101","false","0","1"
"824780","2026-04-07","6:45 PM ET","Boston Red Sox","Milwaukee Brewers","Fenway Park","Final","true","R","MLB_STATS_API_SCHEDULE","false","false","false","676979","Garrett Crochet","7","6.1","27","107","false","694819","Jacob Misiorowski","10","5.1","22","101","false","0","1"
"822753","2026-04-08","4:05 PM ET","Washington Nationals","St. Louis Cardinals","Nationals Park","Final","true","R","MLB_STATS_API_SCHEDULE","false","false","false","571945","Miles Mikolas","3","3.0","17","55","false","700241","Michael McGreevy","1","6.0","21","91","false","0","1"
"822833","2026-04-08","3:07 PM ET","Toronto Blue Jays","Los Angeles Dodgers","Rogers Centre","Final","true","R","MLB_STATS_API_SCHEDULE","false","false","false","656302","Dylan Cease","8","5.0","23","96","false","660271","Shohei Ohtani","2","6.0","24","96","false","0","1"
"822915","2026-04-08","2:35 PM ET","Texas Rangers","Seattle Mariners","Globe Life Field","Final","true","R","MLB_STATS_API_SCHEDULE","false","false","false","669022","MacKenzie Gore","9","5.0","17","82","false","693433","Bryan Woo","2","5.0","22","83","false","0","1"
"823000","2026-04-08","6:40 PM ET","Tampa Bay Rays","Chicago Cubs","Tropicana Field","Final","true","R","MLB_STATS_API_SCHEDULE","false","false","false","671212","Joe Boyle","3","4.1","20","84","false","607067","Colin Rea","2","5.0","20","79","false","0","1"
"823234","2026-04-08","3:45 PM ET","San Francisco Giants","Philadelphia Phillies","Oracle Park","Final","true","R","MLB_STATS_API_SCHEDULE","false","false","false","641816","Tyler Mahle","6","5.2","24","94","false","605400","Aaron Nola","3","6.0","23","84","false","0","1"
"823403","2026-04-08","12:35 PM ET","Pittsburgh Pirates","San Diego Padres","PNC Park","Final","true","R","MLB_STATS_API_SCHEDULE","false","false","false","656605","Mitch Keller","4","6.0","22","75","false","650633","Michael King","4","6.0","24","95","false","0","1"
"823564","2026-04-08","7:05 PM ET","New York Yankees","Athletics","Yankee Stadium","Final","true","R","MLB_STATS_API_SCHEDULE","false","false","false","701542","Will Warren","5","4.2","23","85","false","622663","Luis Severino","7","5.0","22","100","false","0","1"
"823646","2026-04-08","4:10 PM ET","New York Mets","Arizona Diamondbacks","Citi Field","Final","true","R","MLB_STATS_API_SCHEDULE","false","false","false","656849","David Peterson","6","5.0","23","85","false","669194","Ryne Nelson","5","5.2","24","86","false","0","1"
"823726","2026-04-08","7:40 PM ET","Minnesota Twins","Detroit Tigers","Target Field","Final","true","R","MLB_STATS_API_SCHEDULE","false","false","false","641927","Bailey Ober","2","5.2","24","99","false","664285","Framber Valdez","2","5.0","29","87","false","0","1"
"823885","2026-04-08","6:40 PM ET","Miami Marlins","Cincinnati Reds","loanDepot park","Final","true","R","MLB_STATS_API_SCHEDULE","false","false","false","691587","Eury Pérez","6","5.0","24","95","false","663903","Brady Singer","3","2.2","17","73","false","0","1"
"824050","2026-04-08","4:07 PM ET","Los Angeles Angels","Atlanta Braves","Angel Stadium","Final","true","R","MLB_STATS_API_SCHEDULE","false","false","false","672282","Reid Detmers","4","4.1","22","92","false","656550","Grant Holmes","6","6.2","28","99","false","0","1"
"824374","2026-04-08","3:10 PM ET","Colorado Rockies","Houston Astros","Coors Field","Final","true","R","MLB_STATS_API_SCHEDULE","false","false","false","547179","Michael Lorenzen","4","5.2","26","100","false","664299","Cristian Javier","1","1.0","6","20","false","0","1"
"824455","2026-04-08","1:10 PM ET","Cleveland Guardians","Kansas City Royals","Progressive Field","Final","true","R","MLB_STATS_API_SCHEDULE","false","false","false","676282","Joey Cantillo","9","5.2","21","88","false","666142","Cole Ragans","2","0.2","5","18","false","0","1"
"824617","2026-04-08","2:10 PM ET","Chicago White Sox","Baltimore Orioles","Rate Field","Final","true","R","MLB_STATS_API_SCHEDULE","false","false","false","680732","Sean Burke","3","5.0","20","92","false","680694","Kyle Bradish","7","5.0","23","96","false","0","1"
"824779","2026-04-08","1:35 PM ET","Boston Red Sox","Milwaukee Brewers","Fenway Park","Final","true","R","MLB_STATS_API_SCHEDULE","false","false","false","543243","Sonny Gray","2","6.1","24","90","false","675660","Shane Drohan","2","2.2","15","63","false","0","1"
"823319","2026-04-09","9:40 PM ET","San Diego Padres","Colorado Rockies","Petco Park","Final","true","R","MLB_STATS_API_SCHEDULE","false","false","false","681190","Randy Vásquez","8","5.2","23","92","false","623474","Jimmy Herget","0","1.0","3","10","false","0","1"
"823565","2026-04-09","1:35 PM ET","New York Yankees","Athletics","Yankee Stadium","Final","true","R","MLB_STATS_API_SCHEDULE","false","false","false","677960","Ryan Weathers","7","8.0","30","101","false","605488","Jeffrey Springs","6","7.0","25","93","false","0","1"
"823645","2026-04-09","7:10 PM ET","New York Mets","Arizona Diamondbacks","Citi Field","Final","true","R","MLB_STATS_API_SCHEDULE","false","false","false","690997","Nolan McLean","8","6.1","23","100","false","593958","Eduardo Rodriguez","3","6.0","25","102","false","0","1"
"823724","2026-04-09","1:40 PM ET","Minnesota Twins","Detroit Tigers","Target Field","Final","true","R","MLB_STATS_API_SCHEDULE","false","false","false","690953","Mick Abel","6","6.0","25","102","false","656427","Jack Flaherty","6","5.2","23","89","false","0","1"
"823884","2026-04-09","12:10 PM ET","Miami Marlins","Cincinnati Reds","loanDepot park","Final","true","R","MLB_STATS_API_SCHEDULE","false","false","false","676974","Max Meyer","4","5.0","23","87","false","695076","Rhett Lowder","2","5.1","26","95","false","0","1"
"824130","2026-04-09","7:40 PM ET","Kansas City Royals","Chicago White Sox","Kauffman Stadium","Final","true","R","MLB_STATS_API_SCHEDULE","false","false","false","607625","Seth Lugo","4","6.1","24","92","false","641743","Anthony Kay","6","5.2","24","100","false","0","1"
"822829","2026-04-10","7:07 PM ET","Toronto Blue Jays","Minnesota Twins","Rogers Centre","Final","true","R","MLB_STATS_API_SCHEDULE","false","false","false","571578","Patrick Corbin","3","4.0","21","85","false","680573","Simeon Woods Richardson","2","4.0","19","68","false","0","1"
"822997","2026-04-10","7:10 PM ET","Tampa Bay Rays","New York Yankees","Tropicana Field","Final","true","R","MLB_STATS_API_SCHEDULE","false","false","false","571927","Steven Matz","7","5.0","20","88","false","661563","Luis Gil","2","4.0","19","88","false","0","1"
"823076","2026-04-10","8:15 PM ET","St. Louis Cardinals","Boston Red Sox","Busch Stadium","Final","true","R","MLB_STATS_API_SCHEDULE","false","false","false","669160","Dustin May","4","6.0","23","75","false","813349","Connelly Early","5","4.1","21","86","false","0","1"
"823156","2026-04-10","9:40 PM ET","Seattle Mariners","Houston Astros","T-Mobile Park","Final","true","R","MLB_STATS_API_SCHEDULE","false","false","false","676106","Emerson Hancock","5","5.0","19","88","false","837227","Tatsuya Imai","0","0.1","7","37","false","0","1"
"823318","2026-04-10","9:40 PM ET","San Diego Padres","Colorado Rockies","Petco Park","Final","true","R","MLB_STATS_API_SCHEDULE","false","false","false","621111","Walker Buehler","4","6.0","20","68","false","608372","Tomoyuki Sugano","3","6.0","22","81","false","0","1"
"823482","2026-04-10","6:40 PM ET","Philadelphia Phillies","Arizona Diamondbacks","Citizens Bank Park","Final","true","R","MLB_STATS_API_SCHEDULE","false","false","false","666200","Jesús Luzardo","8","4.2","22","86","false","647336","Michael Soroka","10","5.2","25","93","false","0","1"
"823643","2026-04-10","7:10 PM ET","New York Mets","Athletics","Citi Field","Final","true","R","MLB_STATS_API_SCHEDULE","false","false","false","605280","Clay Holmes","3","5.1","23","81","false","669372","J.T. Ginn","4","4.0","14","68","false","0","1"
"823808","2026-04-10","7:40 PM ET","Milwaukee Brewers","Washington Nationals","American Family Field","Final","true","R","MLB_STATS_API_SCHEDULE","false","false","false","676879","Aaron Ashby","4","2.1","10","44","false","663623","Jake Irvin","5","5.0","22","100","false","0","1"
"823968","2026-04-10","10:10 PM ET","Los Angeles Dodgers","Texas Rangers","UNIQLO Field at Dodger Stadium","Final","true","R","MLB_STATS_API_SCHEDULE","false","false","false","607192","Tyler Glasnow","7","6.0","24","100","false","677958","Kumar Rocker","5","5.0","21","83","false","0","1"
"824128","2026-04-10","7:40 PM ET","Kansas City Royals","Chicago White Sox","Kauffman Stadium","Final","true","R","MLB_STATS_API_SCHEDULE","false","false","false","663460","Kris Bubic","11","7.0","24","88","false","663436","Davis Martin","3","7.0","26","82","false","0","1"
"824297","2026-04-10","6:40 PM ET","Detroit Tigers","Miami Marlins","Comerica Park","Final","true","R","MLB_STATS_API_SCHEDULE","false","false","false","672456","Keider Montero","7","6.0","21","80","false","663978","Chris Paddack","4","6.0","25","96","false","0","1"
"824534","2026-04-10","6:45 PM ET","Cincinnati Reds","Los Angeles Angels","Great American Ball Park","Final","true","R","MLB_STATS_API_SCHEDULE","false","false","false","695505","Chase Burns","2","5.1","27","92","false","686799","Jack Kochanowicz","2","7.0","27","95","false","0","1"
"824695","2026-04-10","2:20 PM ET","Chicago Cubs","Pittsburgh Pirates","Wrigley Field","Final","true","R","MLB_STATS_API_SCHEDULE","false","false","false","684007","Shota Imanaga","9","6.0","19","100","false","669387","Carmen Mlodzinski","2","5.1","23","81","false","0","1"
"824858","2026-04-10","7:15 PM ET","Baltimore Orioles","San Francisco Giants","Oriole Park at Camden Yards","Final","true","R","MLB_STATS_API_SCHEDULE","false","false","false","669358","Shane Baz","4","5.0","25","99","false","694738","Landen Roupp","4","6.0","25","93","false","0","1"
"824941","2026-04-10","7:15 PM ET","Atlanta Braves","Cleveland Guardians","Truist Park","Final","true","R","MLB_STATS_API_SCHEDULE","false","false","false","693821","Bryce Elder","3","4.2","21","76","false","677944","Slade Cecconi","3","5.1","23","85","false","0","1"
"822830","2026-04-11","3:07 PM ET","Toronto Blue Jays","Minnesota Twins","Rogers Centre","Final","true","R","MLB_STATS_API_SCHEDULE","false","false","false","641778","Eric Lauer","3","5.1","25","95","false","657746","Joe Ryan","5","7.0","24","91","false","0","1"
"822996","2026-04-11","6:10 PM ET","Tampa Bay Rays","New York Yankees","Tropicana Field","Final","true","R","MLB_STATS_API_SCHEDULE","false","false","false","607259","Nick Martinez","4","4.2","22","87","false","608331","Max Fried","6","8.0","30","94","false","0","1"
"823074","2026-04-11","7:15 PM ET","St. Louis Cardinals","Boston Red Sox","Busch Stadium","Final","true","R","MLB_STATS_API_SCHEDULE","false","false","false","681517","Kyle Leahy","2","4.0","17","71","false","624133","Ranger Suarez","6","6.0","22","84","false","0","1"
"823155","2026-04-11","9:40 PM ET","Seattle Mariners","Houston Astros","T-Mobile Park","Final","true","R","MLB_STATS_API_SCHEDULE","false","false","false","622491","Luis Castillo","3","3.1","21","91","false","621121","Lance McCullers Jr.","4","4.1","19","79","false","0","1"
"823316","2026-04-11","8:40 PM ET","San Diego Padres","Colorado Rockies","Petco Park","Final","true","R","MLB_STATS_API_SCHEDULE","false","false","false","608566","Germán Márquez","5","5.0","20","86","false","663372","Ryan Feltner","4","4.0","21","82","false","0","1"
"823480","2026-04-11","1:05 PM ET","Philadelphia Phillies","Arizona Diamondbacks","Citizens Bank Park","Final","true","R","MLB_STATS_API_SCHEDULE","false","false","false","592836","Taijuan Walker","6","5.0","19","85","false","694297","Brandon Pfaadt","6","6.0","28","101","false","0","1"
"823644","2026-04-11","4:10 PM ET","New York Mets","Athletics","Citi Field","Final","true","R","MLB_STATS_API_SCHEDULE","false","false","false","673540","Kodai Senga","3","2.1","17","72","false","682052","Jacob Lopez","5","5.0","25","96","false","0","1"
"823805","2026-04-11","7:10 PM ET","Milwaukee Brewers","Washington Nationals","American Family Field","Final","true","R","MLB_STATS_API_SCHEDULE","false","false","false","690986","Kyle Harrison","1","4.1","19","76","false","656492","Foster Griffin","1","5.1","20","80","false","0","1"
"823967","2026-04-11","9:10 PM ET","Los Angeles Dodgers","Texas Rangers","UNIQLO Field at Dodger Stadium","Final","true","R","MLB_STATS_API_SCHEDULE","false","false","false","686218","Emmet Sheehan","6","6.0","22","77","false","683004","Jack Leiter","4","3.2","19","93","false","0","1"
"824129","2026-04-11","4:10 PM ET","Kansas City Royals","Chicago White Sox","Kauffman Stadium","Final","true","R","MLB_STATS_API_SCHEDULE","false","false","false","608379","Michael Wacha","7","8.0","28","88","false","607200","Erick Fedde","4","5.0","21","85","false","0","1"
"824294","2026-04-11","1:10 PM ET","Detroit Tigers","Miami Marlins","Comerica Park","Final","true","R","MLB_STATS_API_SCHEDULE","false","false","false","663554","Casey Mize","5","5.2","25","74","false","676083","Janson Junk","4","5.0","22","99","false","0","1"
"824535","2026-04-11","4:10 PM ET","Cincinnati Reds","Los Angeles Angels","Great American Ball Park","Final","true","R","MLB_STATS_API_SCHEDULE","false","false","false","682227","Brandon Williamson","3","4.0","21","93","false","691946","George Klassen","2","2.0","16","72","false","0","1"
"824697","2026-04-11","2:20 PM ET","Chicago Cubs","Pittsburgh Pirates","Wrigley Field","Final","true","R","MLB_STATS_API_SCHEDULE","false","false","false","665795","Edward Cabrera","4","5.0","25","98","false","677952","Braxton Ashcraft","9","5.0","20","77","false","0","1"
"824857","2026-04-11","7:15 PM ET","Baltimore Orioles","San Francisco Giants","Oriole Park at Camden Yards","Final","true","R","MLB_STATS_API_SCHEDULE","false","false","false","605135","Chris Bassitt","2","4.2","21","89","false","657277","Logan Webb","6","6.0","26","98","false","0","1"
"824939","2026-04-11","7:15 PM ET","Atlanta Braves","Cleveland Guardians","Truist Park","Final","true","R","MLB_STATS_API_SCHEDULE","false","false","false","527048","Martín Pérez","2","5.0","19","86","false","800048","Parker Messick","5","6.2","26","84","false","0","1"
"822828","2026-04-12","1:37 PM ET","Toronto Blue Jays","Minnesota Twins","Rogers Centre","Final","true","R","MLB_STATS_API_SCHEDULE","false","false","false","453286","Max Scherzer","3","2.1","15","68","false","671737","Taj Bradley","7","5.0","23","106","false","0","1"
"822998","2026-04-12","1:40 PM ET","Tampa Bay Rays","New York Yankees","Tropicana Field","Final","true","R","MLB_STATS_API_SCHEDULE","false","false","false","656876","Drew Rasmussen","7","6.0","19","76","false","693645","Cam Schlittler","8","5.0","23","85","false","0","1"
"823075","2026-04-12","2:15 PM ET","St. Louis Cardinals","Boston Red Sox","Busch Stadium","Final","true","R","MLB_STATS_API_SCHEDULE","false","false","false","669467","Andre Pallante","2","5.0","27","95","false","678394","Brayan Bello","2","6.2","27","94","false","0","1"
"823154","2026-04-12","4:10 PM ET","Seattle Mariners","Houston Astros","T-Mobile Park","Final","true","R","MLB_STATS_API_SCHEDULE","false","false","false","669302","Logan Gilbert","7","7.0","24","85","false","675989","Cody Bolton","1","1.0","9","42","false","0","1"
"823317","2026-04-12","4:10 PM ET","San Diego Padres","Colorado Rockies","Petco Park","Final","true","R","MLB_STATS_API_SCHEDULE","false","false","false","601713","Nick Pivetta","4","3.0","9","46","false","607536","Kyle Freeland","0","0.0","0","0","false","0","1"
"823479","2026-04-12","1:35 PM ET","Philadelphia Phillies","Arizona Diamondbacks","Citizens Bank Park","Final","true","R","MLB_STATS_API_SCHEDULE","false","false","false","647315","Zach Pop","1","2.0","9","37","false","668678","Zac Gallen","2","5.0","22","84","false","0","1"
"823642","2026-04-12","1:40 PM ET","New York Mets","Athletics","Citi Field","Final","true","R","MLB_STATS_API_SCHEDULE","false","false","false","642547","Freddy Peralta","6","6.0","25","100","false","650644","Aaron Civale","3","5.2","20","75","false","0","1"
"823804","2026-04-12","2:10 PM ET","Milwaukee Brewers","Washington Nationals","American Family Field","Final","true","R","MLB_STATS_API_SCHEDULE","false","false","false","605540","Brandon Woodruff","6","6.0","23","70","false","641793","Zack Littell","3","5.0","21","71","false","0","1"
"823966","2026-04-12","4:10 PM ET","Los Angeles Dodgers","Texas Rangers","UNIQLO Field at Dodger Stadium","Final","true","R","MLB_STATS_API_SCHEDULE","false","false","false","808963","Roki Sasaki","6","4.0","22","94","false","594798","Jacob deGrom","9","6.0","24","93","false","0","1"
"824126","2026-04-12","2:10 PM ET","Kansas City Royals","Chicago White Sox","Kauffman Stadium","Final","true","R","MLB_STATS_API_SCHEDULE","false","false","false","702070","Noah Cameron","","","","","false","691799","Grant Taylor","","","","","false","0","1"
"824293","2026-04-12","1:40 PM ET","Detroit Tigers","Miami Marlins","Comerica Park","Final","true","R","MLB_STATS_API_SCHEDULE","false","false","false","669373","Tarik Skubal","7","6.2","24","96","false","645261","Sandy Alcantara","4","6.0","30","100","false","0","1"
"824533","2026-04-12","1:40 PM ET","Cincinnati Reds","Los Angeles Angels","Great American Ball Park","Final","true","R","MLB_STATS_API_SCHEDULE","false","false","false","671096","Andrew Abbott","1","3.0","18","71","false","667755","José Soriano","10","7.0","26","106","false","0","1"
"824696","2026-04-12","2:20 PM ET","Chicago Cubs","Pittsburgh Pirates","Wrigley Field","Final","true","R","MLB_STATS_API_SCHEDULE","false","false","false","592791","Jameson Taillon","10","6.0","26","102","false","696149","Bubba Chandler","4","5.1","23","91","false","0","1"
"824859","2026-04-12","1:35 PM ET","Baltimore Orioles","San Francisco Giants","Oriole Park at Camden Yards","Final","true","R","MLB_STATS_API_SCHEDULE","false","false","false","700249","Cade Povich","5","6.2","24","97","false","605288","Adrian Houser","3","4.2","21","88","false","0","1"
"824938","2026-04-12","7:20 PM ET","Atlanta Braves","Cleveland Guardians","Truist Park","Final","true","R","MLB_STATS_API_SCHEDULE","false","false","false","519242","Chris Sale","6","6.0","26","97","false","676440","Tanner Bibee","4","4.2","24","93","false","0","1"
"823073","2026-04-13","7:45 PM ET","St. Louis Cardinals","Cleveland Guardians","Busch Stadium","Final","true","R","MLB_STATS_API_SCHEDULE","false","false","false","669461","Matthew Liberatore","2","5.0","23","105","false","668909","Gavin Williams","4","5.0","22","93","false","0","1"
"823153","2026-04-13","4:10 PM ET","Seattle Mariners","Houston Astros","T-Mobile Park","Final","true","R","MLB_STATS_API_SCHEDULE","false","false","false","669923","George Kirby","6","7.2","29","99","false","681347","Mike Burrows","3","6.0","30","98","false","0","1"
"823400","2026-04-13","6:40 PM ET","Pittsburgh Pirates","Washington Nationals","PNC Park","Final","true","R","MLB_STATS_API_SCHEDULE","false","false","false","694973","Paul Skenes","6","6.0","20","88","false","676917","Cade Cavalli","2","1.1","12","48","false","0","1"
"823481","2026-04-13","6:40 PM ET","Philadelphia Phillies","Chicago Cubs","Citizens Bank Park","Final","true","R","MLB_STATS_API_SCHEDULE","false","false","false","650911","Cristopher Sánchez","8","6.0","26","96","false","665871","Javier Assad","3","4.1","26","82","false","0","1"
"823563","2026-04-13","7:05 PM ET","New York Yankees","Los Angeles Angels","Yankee Stadium","Final","true","R","MLB_STATS_API_SCHEDULE","false","false","false","701542","Will Warren","6","3.2","17","89","false","579328","Yusei Kikuchi","3","3.1","19","82","false","0","1"
"823725","2026-04-13","7:40 PM ET","Minnesota Twins","Boston Red Sox","Target Field","Final","true","R","MLB_STATS_API_SCHEDULE","false","false","false","641927","Bailey Ober","7","6.0","26","95","false","676979","Garrett Crochet","0","1.2","18","55","false","0","1"
"824856","2026-04-13","6:35 PM ET","Baltimore Orioles","Arizona Diamondbacks","Oriole Park at Camden Yards","Final","true","R","MLB_STATS_API_SCHEDULE","false","false","false","665152","Dean Kremer","9","5.0","21","80","false","669194","Ryne Nelson","7","5.1","22","92","false","0","1"
"824937","2026-04-13","7:15 PM ET","Atlanta Braves","Miami Marlins","Truist Park","Final","true","R","MLB_STATS_API_SCHEDULE","false","false","false","656550","Grant Holmes","3","4.0","17","59","false","691587","Eury Pérez","2","4.0","20","76","false","0","1"
"823072","2026-04-14","7:45 PM ET","St. Louis Cardinals","Cleveland Guardians","Busch Stadium","Final","true","R","MLB_STATS_API_SCHEDULE","false","false","false","700241","Michael McGreevy","2","5.0","20","87","false","676282","Joey Cantillo","4","6.0","21","82","false","0","1"
"823315","2026-04-14","9:40 PM ET","San Diego Padres","Seattle Mariners","Petco Park","Final","true","R","MLB_STATS_API_SCHEDULE","false","false","false","650633","Michael King","5","6.0","25","85","false","693433","Bryan Woo","3","7.0","29","92","false","0","1"
"823398","2026-04-14","6:40 PM ET","Pittsburgh Pirates","Washington Nationals","PNC Park","Final","true","R","MLB_STATS_API_SCHEDULE","false","false","false","656605","Mitch Keller","3","4.0","21","90","false","676571","PJ Poulin","1","1.0","4","25","false","0","1"
"823478","2026-04-14","6:40 PM ET","Philadelphia Phillies","Chicago Cubs","Citizens Bank Park","Final","true","R","MLB_STATS_API_SCHEDULE","false","false","false","605400","Aaron Nola","5","5.0","23","87","false","702303","Riley Martin","1","1.0","3","6","false","0","1"
"823562","2026-04-14","7:05 PM ET","New York Yankees","Los Angeles Angels","Yankee Stadium","Final","true","R","MLB_STATS_API_SCHEDULE","false","false","false","677960","Ryan Weathers","10","5.0","22","94","false","672282","Reid Detmers","9","7.0","25","99","false","0","1"
"823723","2026-04-14","7:40 PM ET","Minnesota Twins","Boston Red Sox","Target Field","Final","true","R","MLB_STATS_API_SCHEDULE","false","false","false","690953","Mick Abel","10","7.0","26","90","false","543243","Sonny Gray","1","4.0","22","93","false","0","1"
"823802","2026-04-14","7:40 PM ET","Milwaukee Brewers","Toronto Blue Jays","American Family Field","Final","true","R","MLB_STATS_API_SCHEDULE","false","false","false","694819","Jacob Misiorowski","5","5.1","21","76","false","592332","Kevin Gausman","5","5.0","24","97","false","0","1"
"823965","2026-04-14","10:10 PM ET","Los Angeles Dodgers","New York Mets","UNIQLO Field at Dodger Stadium","Final","true","R","MLB_STATS_API_SCHEDULE","false","false","false","808967","Yoshinobu Yamamoto","7","7.2","28","104","false","690997","Nolan McLean","8","7.0","25","95","false","0","1"
"824210","2026-04-14","8:10 PM ET","Houston Astros","Colorado Rockies","Daikin Park","Final","true","R","MLB_STATS_API_SCHEDULE","false","false","false","676467","Colton Gordon","5","3.2","19","68","false","547179","Michael Lorenzen","3","2.2","18","71","false","0","1"
"824292","2026-04-14","6:40 PM ET","Detroit Tigers","Kansas City Royals","Comerica Park","Final","true","R","MLB_STATS_API_SCHEDULE","false","false","false","664285","Framber Valdez","1","7.0","26","87","false","666142","Cole Ragans","1","6.0","21","93","false","0","1"
"824531","2026-04-14","6:40 PM ET","Cincinnati Reds","San Francisco Giants","Great American Ball Park","Final","true","R","MLB_STATS_API_SCHEDULE","false","false","false","663903","Brady Singer","1","6.0","25","75","false","592662","Robbie Ray","6","5.0","19","94","false","0","1"
"824616","2026-04-14","7:40 PM ET","Chicago White Sox","Tampa Bay Rays","Rate Field","Final","true","R","MLB_STATS_API_SCHEDULE","false","false","false","702273","Noah Schultz","4","4.1","20","82","false","663556","Shane McClanahan","4","5.0","23","83","false","0","1"
"824853","2026-04-14","6:35 PM ET","Baltimore Orioles","Arizona Diamondbacks","Oriole Park at Camden Yards","Final","true","R","MLB_STATS_API_SCHEDULE","false","false","false","669432","Trevor Rogers","6","4.2","22","99","false","518876","Merrill Kelly","3","5.1","24","86","false","0","1"
"824935","2026-04-14","7:15 PM ET","Atlanta Braves","Miami Marlins","Truist Park","Final","true","R","MLB_STATS_API_SCHEDULE","false","false","false","625643","Reynaldo López","6","5.0","21","96","false","676974","Max Meyer","5","5.0","21","82","false","0","1"
"825022","2026-04-14","9:40 PM ET","Athletics","Texas Rangers","Sutter Health Park","Final","true","R","MLB_STATS_API_SCHEDULE","false","false","false","605488","Jeffrey Springs","5","6.1","23","90","false","669022","MacKenzie Gore","5","4.2","22","94","false","0","1"
"823071","2026-04-15","1:15 PM ET","St. Louis Cardinals","Cleveland Guardians","Busch Stadium","Final","true","R","MLB_STATS_API_SCHEDULE","false","false","false","669160","Dustin May","4","6.0","21","91","false","677944","Slade Cecconi","4","4.0","20","87","false","0","1"
"823314","2026-04-15","9:40 PM ET","San Diego Padres","Seattle Mariners","Petco Park","Final","true","R","MLB_STATS_API_SCHEDULE","false","false","false","681190","Randy Vásquez","6","4.0","21","85","false","676106","Emerson Hancock","6","6.0","23","98","false","0","1"
"823399","2026-04-15","6:40 PM ET","Pittsburgh Pirates","Washington Nationals","PNC Park","Final","true","R","MLB_STATS_API_SCHEDULE","false","false","false","682254","Mason Montgomery","1","1.0","4","11","false","663623","Jake Irvin","5","5.0","23","85","false","0","1"
"823477","2026-04-15","6:40 PM ET","Philadelphia Phillies","Chicago Cubs","Citizens Bank Park","Final","true","R","MLB_STATS_API_SCHEDULE","false","false","false","666200","Jesús Luzardo","4","5.1","27","98","false","684007","Shota Imanaga","11","6.0","22","97","false","0","1"
"823561","2026-04-15","7:05 PM ET","New York Yankees","Los Angeles Angels","Yankee Stadium","Final","true","R","MLB_STATS_API_SCHEDULE","false","false","false","661563","Luis Gil","5","5.0","22","83","false","686799","Jack Kochanowicz","6","6.2","27","97","false","0","1"
"823722","2026-04-15","1:40 PM ET","Minnesota Twins","Boston Red Sox","Target Field","Final","true","R","MLB_STATS_API_SCHEDULE","false","false","false","680573","Simeon Woods Richardson","3","5.0","27","92","false","813349","Connelly Early","5","6.0","23","85","false","0","1"
"823803","2026-04-15","7:40 PM ET","Milwaukee Brewers","Toronto Blue Jays","American Family Field","Final","true","R","MLB_STATS_API_SCHEDULE","false","false","false","694477","Chad Patrick","2","6.2","24","81","false","656302","Dylan Cease","6","6.0","22","106","false","0","1"
"823963","2026-04-15","10:10 PM ET","Los Angeles Dodgers","New York Mets","UNIQLO Field at Dodger Stadium","Final","true","R","MLB_STATS_API_SCHEDULE","false","false","false","660271","Shohei Ohtani","10","6.0","22","95","false","605280","Clay Holmes","4","5.0","21","88","false","0","1"
"824209","2026-04-15","8:10 PM ET","Houston Astros","Colorado Rockies","Daikin Park","Final","true","R","MLB_STATS_API_SCHEDULE","false","false","false","681293","Spencer Arrighetti","10","6.0","27","100","false","500779","Jose Quintana","1","3.2","18","75","false","0","1"
"824291","2026-04-15","6:40 PM ET","Detroit Tigers","Kansas City Royals","Comerica Park","Final","true","R","MLB_STATS_API_SCHEDULE","false","false","false","656427","Jack Flaherty","7","6.0","22","97","false","607625","Seth Lugo","7","6.2","23","92","false","0","1"
"824532","2026-04-15","6:40 PM ET","Cincinnati Reds","San Francisco Giants","Great American Ball Park","Final","true","R","MLB_STATS_API_SCHEDULE","false","false","false","695076","Rhett Lowder","4","6.2","25","90","false","641816","Tyler Mahle","6","4.0","24","89","false","0","1"
"824615","2026-04-15","7:40 PM ET","Chicago White Sox","Tampa Bay Rays","Rate Field","Final","true","R","MLB_STATS_API_SCHEDULE","false","false","false","680732","Sean Burke","2","5.1","25","92","false","642121","Cole Sulser","1","2.0","9","36","false","0","1"
"824855","2026-04-15","12:35 PM ET","Baltimore Orioles","Arizona Diamondbacks","Oriole Park at Camden Yards","Final","true","R","MLB_STATS_API_SCHEDULE","false","false","false","680694","Kyle Bradish","4","6.0","27","97","false","593958","Eduardo Rodriguez","3","5.0","25","98","false","0","1"
"824936","2026-04-15","7:15 PM ET","Atlanta Braves","Miami Marlins","Truist Park","Final","true","R","MLB_STATS_API_SCHEDULE","false","false","false","693821","Bryce Elder","7","5.2","23","79","false","663978","Chris Paddack","4","4.2","19","92","false","0","1"
"825021","2026-04-15","9:40 PM ET","Athletics","Texas Rangers","Sutter Health Park","Final","true","R","MLB_STATS_API_SCHEDULE","false","false","false","669372","J.T. Ginn","3","5.1","21","78","false","677958","Kumar Rocker","6","4.2","23","97","false","0","1"
"823313","2026-04-16","8:40 PM ET","San Diego Padres","Seattle Mariners","Petco Park","Final","true","R","MLB_STATS_API_SCHEDULE","false","false","false","621111","Walker Buehler","7","5.0","20","88","false","622491","Luis Castillo","3","5.1","26","98","false","0","1"
"823396","2026-04-16","12:35 PM ET","Pittsburgh Pirates","Washington Nationals","PNC Park","Final","true","R","MLB_STATS_API_SCHEDULE","false","false","false","677952","Braxton Ashcraft","7","5.2","25","90","false","656492","Foster Griffin","7","5.1","24","89","false","0","1"
"823560","2026-04-16","1:35 PM ET","New York Yankees","Los Angeles Angels","Yankee Stadium","Final","true","R","MLB_STATS_API_SCHEDULE","false","false","false","608331","Max Fried","3","5.1","22","93","false","608718","Brent Suter","2","2.0","10","49","false","0","1"
"823801","2026-04-16","1:40 PM ET","Milwaukee Brewers","Toronto Blue Jays","American Family Field","Final","true","R","MLB_STATS_API_SCHEDULE","false","false","false","687075","Brandon Sproat","6","6.2","24","75","false","571578","Patrick Corbin","6","5.2","20","79","false","0","1"
"824208","2026-04-16","8:10 PM ET","Houston Astros","Colorado Rockies","Daikin Park","Final","true","R","MLB_STATS_API_SCHEDULE","false","false","false","680802","Ryan Weiss","3","3.2","16","76","false","675848","Juan Mejia","2","0.2","6","30","false","0","1"
"824289","2026-04-16","1:10 PM ET","Detroit Tigers","Kansas City Royals","Comerica Park","Final","true","R","MLB_STATS_API_SCHEDULE","false","false","false","672456","Keider Montero","5","6.0","25","83","false","663460","Kris Bubic","3","4.2","21","82","false","0","1"
"824453","2026-04-16","6:10 PM ET","Cleveland Guardians","Baltimore Orioles","Progressive Field","Final","true","R","MLB_STATS_API_SCHEDULE","false","false","false","800048","Parker Messick","9","8.0","27","112","false","669358","Shane Baz","6","6.0","26","99","false","0","1"
"824530","2026-04-16","12:40 PM ET","Cincinnati Reds","San Francisco Giants","Great American Ball Park","Final","true","R","MLB_STATS_API_SCHEDULE","false","false","false","695505","Chase Burns","4","6.0","18","87","false","694738","Landen Roupp","6","6.0","21","87","false","0","1"
"824614","2026-04-16","2:10 PM ET","Chicago White Sox","Tampa Bay Rays","Rate Field","Final","true","R","MLB_STATS_API_SCHEDULE","false","false","false","673929","Jordan Leasure","0","1.1","5","21","false","571927","Steven Matz","4","5.1","22","74","false","0","1"
"825023","2026-04-16","3:05 PM ET","Athletics","Texas Rangers","Sutter Health Park","Final","true","R","MLB_STATS_API_SCHEDULE","false","false","false","682052","Jacob Lopez","5","5.0","22","85","false","683004","Jack Leiter","3","5.2","27","105","false","0","1"
"822752","2026-04-17","6:45 PM ET","Washington Nationals","San Francisco Giants","Nationals Park","Final","true","R","MLB_STATS_API_SCHEDULE","false","false","false","641793","Zack Littell","4","4.0","23","77","false","657277","Logan Webb","6","6.0","27","99","false","0","1"
"823152","2026-04-17","9:40 PM ET","Seattle Mariners","Texas Rangers","T-Mobile Park","Final","true","R","MLB_STATS_API_SCHEDULE","false","false","false","669302","Logan Gilbert","7","5.1","24","99","false","594798","Jacob deGrom","3","4.0","17","88","false","0","1"
"823397","2026-04-17","6:45 PM ET","Pittsburgh Pirates","Tampa Bay Rays","PNC Park","Final","true","R","MLB_STATS_API_SCHEDULE","false","false","false","696149","Bubba Chandler","3","6.0","22","90","false","607259","Nick Martinez","3","5.1","26","88","false","0","1"
"823476","2026-04-17","6:40 PM ET","Philadelphia Phillies","Atlanta Braves","Citizens Bank Park","Final","true","R","MLB_STATS_API_SCHEDULE","false","false","false","592836","Taijuan Walker","4","4.0","23","89","false","527048","Martín Pérez","4","6.0","26","94","false","0","1"
"823559","2026-04-17","7:05 PM ET","New York Yankees","Kansas City Royals","Yankee Stadium","Final","true","R","MLB_STATS_API_SCHEDULE","false","false","false","693645","Cam Schlittler","6","6.0","24","93","false","608379","Michael Wacha","6","6.0","24","97","false","0","1"
"823720","2026-04-17","8:10 PM ET","Minnesota Twins","Cincinnati Reds","Target Field","Final","true","R","MLB_STATS_API_SCHEDULE","false","false","false","657746","Joe Ryan","6","6.0","22","94","false","682227","Brandon Williamson","2","5.1","23","93","false","0","1"
"823883","2026-04-17","7:10 PM ET","Miami Marlins","Milwaukee Brewers","loanDepot park","Final","true","R","MLB_STATS_API_SCHEDULE","false","false","false","676083","Janson Junk","3","5.1","24","93","false","689441","Coleman Crow","4","5.1","21","77","false","0","1"
"824048","2026-04-17","9:38 PM ET","Los Angeles Angels","San Diego Padres","Angel Stadium","Final","true","R","MLB_STATS_API_SCHEDULE","false","false","false","667755","José Soriano","","","","","false","663362","Matt Waldron","","","","","false","0","1"
"824207","2026-04-17","8:10 PM ET","Houston Astros","St. Louis Cardinals","Daikin Park","Final","true","R","MLB_STATS_API_SCHEDULE","false","false","false","663567","Peter Lambert","8","5.0","24","90","false","681517","Kyle Leahy","6","5.0","22","83","false","0","1"
"824373","2026-04-17","8:40 PM ET","Colorado Rockies","Los Angeles Dodgers","Coors Field","Final","true","R","MLB_STATS_API_SCHEDULE","false","false","false","608372","Tomoyuki Sugano","3","4.0","23","91","false","607192","Tyler Glasnow","7","7.0","24","92","false","0","1"
"824454","2026-04-17","6:10 PM ET","Cleveland Guardians","Baltimore Orioles","Progressive Field","Final","true","R","MLB_STATS_API_SCHEDULE","false","false","false","676440","Tanner Bibee","5","6.0","25","96","false","605135","Chris Bassitt","2","5.0","22","100","false","0","1"
"824693","2026-04-17","2:20 PM ET","Chicago Cubs","New York Mets","Wrigley Field","Final","true","R","MLB_STATS_API_SCHEDULE","false","false","false","665795","Edward Cabrera","4","6.0","25","91","false","673540","Kodai Senga","3","3.1","18","65","false","0","1"
"824778","2026-04-17","7:15 PM ET","Boston Red Sox","Detroit Tigers","Fenway Park","Final","true","R","MLB_STATS_API_SCHEDULE","false","false","false","624133","Ranger Suarez","4","8.0","26","93","false","663554","Casey Mize","7","6.2","23","94","false","0","1"
"825019","2026-04-17","9:40 PM ET","Athletics","Chicago White Sox","Sutter Health Park","Final","true","R","MLB_STATS_API_SCHEDULE","false","false","false","650644","Aaron Civale","4","4.2","27","103","false","663436","Davis Martin","4","7.0","24","89","false","0","1"
"825101","2026-04-17","9:40 PM ET","Arizona Diamondbacks","Toronto Blue Jays","Chase Field","Final","true","R","MLB_STATS_API_SCHEDULE","false","false","false","647336","Michael Soroka","5","7.0","26","94","false","680755","Braydon Fisher","0","1.0","4","11","false","0","1"
"822751","2026-04-18","4:05 PM ET","Washington Nationals","San Francisco Giants","Nationals Park","Final","true","R","MLB_STATS_API_SCHEDULE","false","false","false","676917","Cade Cavalli","5","4.0","19","92","false","605288","Adrian Houser","1","5.2","27","88","false","0","1"
"823151","2026-04-18","7:15 PM ET","Seattle Mariners","Texas Rangers","T-Mobile Park","Final","true","R","MLB_STATS_API_SCHEDULE","false","false","false","669923","George Kirby","5","5.2","26","96","false","543135","Nathan Eovaldi","3","5.0","25","95","false","0","1"
"823394","2026-04-18","3:30 PM ET","Pittsburgh Pirates","Tampa Bay Rays","PNC Park","Final","true","R","MLB_STATS_API_SCHEDULE","false","false","false","694973","Paul Skenes","5","4.0","16","64","false","656876","Drew Rasmussen","3","3.2","15","64","false","0","1"
"823474","2026-04-18","7:15 PM ET","Philadelphia Phillies","Atlanta Braves","Citizens Bank Park","Final","true","R","MLB_STATS_API_SCHEDULE","false","false","false","650911","Cristopher Sánchez","8","6.0","28","93","false","519242","Chris Sale","7","7.0","26","101","false","0","1"
"823558","2026-04-18","1:35 PM ET","New York Yankees","Kansas City Royals","Yankee Stadium","Final","true","R","MLB_STATS_API_SCHEDULE","false","false","false","701542","Will Warren","11","7.0","25","93","false","702070","Noah Cameron","3","4.0","22","74","false","0","1"
"823721","2026-04-18","2:10 PM ET","Minnesota Twins","Cincinnati Reds","Target Field","Final","true","R","MLB_STATS_API_SCHEDULE","false","false","false","671737","Taj Bradley","5","6.0","25","99","false","671096","Andrew Abbott","3","4.2","24","97","false","0","1"
"823882","2026-04-18","4:10 PM ET","Miami Marlins","Milwaukee Brewers","loanDepot park","Final","true","R","MLB_STATS_API_SCHEDULE","false","false","false","645261","Sandy Alcantara","1","5.0","24","97","false","605540","Brandon Woodruff","4","7.0","25","92","false","0","1"
"824049","2026-04-18","9:38 PM ET","Los Angeles Angels","San Diego Padres","Angel Stadium","Final","true","R","MLB_STATS_API_SCHEDULE","false","false","false","579328","Yusei Kikuchi","8","6.0","22","86","false","608566","Germán Márquez","5","5.2","20","88","false","0","1"
"824206","2026-04-18","7:10 PM ET","Houston Astros","St. Louis Cardinals","Daikin Park","Final","true","R","MLB_STATS_API_SCHEDULE","false","false","false","621121","Lance McCullers Jr.","4","5.0","25","91","false","669467","Andre Pallante","5","5.0","21","87","false","0","1"
"824372","2026-04-18","8:10 PM ET","Colorado Rockies","Los Angeles Dodgers","Coors Field","Final","true","R","MLB_STATS_API_SCHEDULE","false","false","false","663372","Ryan Feltner","5","5.2","23","87","false","686218","Emmet Sheehan","4","5.0","21","77","false","0","1"
"824451","2026-04-18","6:10 PM ET","Cleveland Guardians","Baltimore Orioles","Progressive Field","Final","true","R","MLB_STATS_API_SCHEDULE","false","false","false","668909","Gavin Williams","11","7.0","26","100","false","665152","Dean Kremer","7","6.0","22","95","false","0","1"
"824694","2026-04-18","2:20 PM ET","Chicago Cubs","New York Mets","Wrigley Field","Final","true","R","MLB_STATS_API_SCHEDULE","false","false","false","592791","Jameson Taillon","4","6.0","24","100","false","642547","Freddy Peralta","3","5.2","23","93","false","0","1"
"824775","2026-04-18","4:10 PM ET","Boston Red Sox","Detroit Tigers","Fenway Park","Final","true","R","MLB_STATS_API_SCHEDULE","false","false","false","678394","Brayan Bello","4","4.0","20","84","false","669373","Tarik Skubal","10","6.0","23","89","false","0","1"
"825020","2026-04-18","4:05 PM ET","Athletics","Chicago White Sox","Sutter Health Park","Final","true","R","MLB_STATS_API_SCHEDULE","false","false","false","622663","Luis Severino","3","5.1","25","96","false","607200","Erick Fedde","3","4.2","20","75","false","0","1"
"825098","2026-04-18","8:10 PM ET","Arizona Diamondbacks","Toronto Blue Jays","Chase Field","Final","true","R","MLB_STATS_API_SCHEDULE","false","false","false","668678","Zac Gallen","3","5.2","25","88","false","453286","Max Scherzer","1","6.0","22","74","false","0","1"
"822750","2026-04-19","1:35 PM ET","Washington Nationals","San Francisco Giants","Nationals Park","Final","true","R","MLB_STATS_API_SCHEDULE","false","false","false","676571","PJ Poulin","0","0.2","4","16","false","592662","Robbie Ray","7","6.0","26","93","false","0","1"
"823150","2026-04-19","4:10 PM ET","Seattle Mariners","Texas Rangers","T-Mobile Park","Final","true","R","MLB_STATS_API_SCHEDULE","false","false","false","693433","Bryan Woo","6","7.0","26","85","false","669022","MacKenzie Gore","5","5.0","23","90","false","0","1"
"823393","2026-04-19","1:35 PM ET","Pittsburgh Pirates","Tampa Bay Rays","PNC Park","Final","true","R","MLB_STATS_API_SCHEDULE","false","false","false","656605","Mitch Keller","5","7.0","25","89","false","663556","Shane McClanahan","5","4.1","21","90","false","0","1"
"823475","2026-04-19","7:20 PM ET","Philadelphia Phillies","Atlanta Braves","Citizens Bank Park","Final","true","R","MLB_STATS_API_SCHEDULE","false","false","false","691725","Andrew Painter","4","4.0","19","84","false","656550","Grant Holmes","4","4.2","19","81","false","0","1"
"823556","2026-04-19","1:35 PM ET","New York Yankees","Kansas City Royals","Yankee Stadium","Final","true","R","MLB_STATS_API_SCHEDULE","false","false","false","677960","Ryan Weathers","8","7.1","26","95","false","666142","Cole Ragans","6","4.1","25","97","false","0","1"
"823718","2026-04-19","2:10 PM ET","Minnesota Twins","Cincinnati Reds","Target Field","Final","true","R","MLB_STATS_API_SCHEDULE","false","false","false","641927","Bailey Ober","10","6.1","26","102","false","663903","Brady Singer","2","6.0","26","104","false","0","1"
"823881","2026-04-19","1:40 PM ET","Miami Marlins","Milwaukee Brewers","loanDepot park","Final","true","R","MLB_STATS_API_SCHEDULE","false","false","false","691587","Eury Pérez","","","","","false","694819","Jacob Misiorowski","","","","","false","0","1"
"824047","2026-04-19","4:07 PM ET","Los Angeles Angels","San Diego Padres","Angel Stadium","Final","true","R","MLB_STATS_API_SCHEDULE","false","false","false","700712","Walbert Ureña","8","6.0","24","92","false","650633","Michael King","6","5.0","19","105","false","0","1"
"824205","2026-04-19","2:10 PM ET","Houston Astros","St. Louis Cardinals","Daikin Park","Final","true","R","MLB_STATS_API_SCHEDULE","false","false","false","681347","Mike Burrows","7","4.2","19","87","false","669461","Matthew Liberatore","4","6.0","23","82","false","0","1"
"824371","2026-04-19","3:10 PM ET","Colorado Rockies","Los Angeles Dodgers","Coors Field","Final","true","R","MLB_STATS_API_SCHEDULE","false","false","false","547179","Michael Lorenzen","3","5.0","22","88","false","808963","Roki Sasaki","2","4.2","22","78","false","0","1"
"824452","2026-04-19","1:40 PM ET","Cleveland Guardians","Baltimore Orioles","Progressive Field","Final","true","R","MLB_STATS_API_SCHEDULE","false","false","false","676282","Joey Cantillo","6","4.2","22","89","false","669432","Trevor Rogers","5","5.0","24","95","false","0","1"
"824691","2026-04-19","2:20 PM ET","Chicago Cubs","New York Mets","Wrigley Field","Final","true","R","MLB_STATS_API_SCHEDULE","false","false","false","665871","Javier Assad","3","5.2","20","82","false","668964","Tobias Myers","2","2.0","7","28","false","0","1"
"824777","2026-04-19","4:35 PM ET","Boston Red Sox","Detroit Tigers","Fenway Park","Final","true","R","MLB_STATS_API_SCHEDULE","false","false","false","676979","Garrett Crochet","8","5.0","24","93","false","664285","Framber Valdez","7","6.0","23","98","false","0","1"
"825018","2026-04-19","4:05 PM ET","Athletics","Chicago White Sox","Sutter Health Park","Final","true","R","MLB_STATS_API_SCHEDULE","false","false","false","605488","Jeffrey Springs","7","5.0","25","85","false","702273","Noah Schultz","6","5.0","18","82","false","0","1"
"825100","2026-04-19","4:10 PM ET","Arizona Diamondbacks","Toronto Blue Jays","Chase Field","Final","true","R","MLB_STATS_API_SCHEDULE","false","false","false","669194","Ryne Nelson","1","0.1","10","30","false","592332","Kevin Gausman","4","6.0","25","86","false","0","1"
"822749","2026-04-20","6:45 PM ET","Washington Nationals","Atlanta Braves","Nationals Park","Final","true","R","MLB_STATS_API_SCHEDULE","false","false","false","663623","Jake Irvin","4","5.0","19","68","false","693821","Bryce Elder","6","6.2","27","98","false","0","1"
"822994","2026-04-20","6:40 PM ET","Tampa Bay Rays","Cincinnati Reds","Tropicana Field","Final","true","R","MLB_STATS_API_SCHEDULE","false","false","false","669947","Jesse Scholtens","6","5.2","26","95","false","695076","Rhett Lowder","3","6.0","24","93","false","0","1"
"823879","2026-04-20","6:40 PM ET","Miami Marlins","St. Louis Cardinals","loanDepot park","Final","true","R","MLB_STATS_API_SCHEDULE","false","false","false","676974","Max Meyer","8","5.1","23","91","false","700241","Michael McGreevy","3","5.2","23","80","false","0","1"
"824450","2026-04-20","6:10 PM ET","Cleveland Guardians","Houston Astros","Progressive Field","Final","true","R","MLB_STATS_API_SCHEDULE","false","false","false","677944","Slade Cecconi","2","5.0","27","94","false","681293","Spencer Arrighetti","3","5.0","25","96","false","0","1"
"824776","2026-04-20","11:10 AM ET","Boston Red Sox","Detroit Tigers","Fenway Park","Final","true","R","MLB_STATS_API_SCHEDULE","false","false","false","543243","Sonny Gray","2","2.2","11","40","false","656427","Jack Flaherty","3","3.1","20","73","false","0","1"
"822747","2026-04-21","6:45 PM ET","Washington Nationals","Atlanta Braves","Nationals Park","Final","true","R","MLB_STATS_API_SCHEDULE","false","false","false","656492","Foster Griffin","3","6.0","24","96","false","625643","Reynaldo López","1","1.0","11","58","false","0","1"
"822914","2026-04-21","8:05 PM ET","Texas Rangers","Pittsburgh Pirates","Globe Life Field","Final","true","R","MLB_STATS_API_SCHEDULE","false","false","false","677958","Kumar Rocker","5","6.0","23","88","false","669387","Carmen Mlodzinski","6","4.1","21","93","false","0","1"
"822995","2026-04-21","6:40 PM ET","Tampa Bay Rays","Cincinnati Reds","Tropicana Field","Final","true","R","MLB_STATS_API_SCHEDULE","false","false","false","571927","Steven Matz","4","3.0","17","77","false","695505","Chase Burns","8","5.2","23","97","false","0","1"
"823148","2026-04-21","9:40 PM ET","Seattle Mariners","Athletics","T-Mobile Park","Final","true","R","MLB_STATS_API_SCHEDULE","false","false","false","622491","Luis Castillo","6","5.0","21","95","false","682052","Jacob Lopez","1","5.1","24","86","false","0","1"
"823236","2026-04-21","9:45 PM ET","San Francisco Giants","Los Angeles Dodgers","Oracle Park","Final","true","R","MLB_STATS_API_SCHEDULE","false","false","false","694738","Landen Roupp","7","5.0","20","106","false","808967","Yoshinobu Yamamoto","7","7.0","28","101","false","0","1"
"823640","2026-04-21","7:10 PM ET","New York Mets","Minnesota Twins","Citi Field","Final","true","R","MLB_STATS_API_SCHEDULE","false","false","false","690997","Nolan McLean","10","6.2","25","99","false","680573","Simeon Woods Richardson","2","5.0","22","95","false","0","1"
"823880","2026-04-21","6:40 PM ET","Miami Marlins","St. Louis Cardinals","loanDepot park","Final","true","R","MLB_STATS_API_SCHEDULE","false","false","false","663978","Chris Paddack","7","4.2","24","90","false","669160","Dustin May","5","5.1","22","97","false","0","1"
"824045","2026-04-21","9:38 PM ET","Los Angeles Angels","Toronto Blue Jays","Angel Stadium","Final","true","R","MLB_STATS_API_SCHEDULE","false","false","false","686799","Jack Kochanowicz","1","5.2","23","88","false","571578","Patrick Corbin","3","5.0","18","65","false","0","1"
"824127","2026-04-21","7:40 PM ET","Kansas City Royals","Baltimore Orioles","Kauffman Stadium","Final","true","R","MLB_STATS_API_SCHEDULE","false","false","false","663460","Kris Bubic","3","6.0","24","100","false","669358","Shane Baz","4","6.1","29","98","false","0","1"
"824290","2026-04-21","6:40 PM ET","Detroit Tigers","Milwaukee Brewers","Comerica Park","Final","true","R","MLB_STATS_API_SCHEDULE","false","false","false","672456","Keider Montero","3","5.2","22","88","false","690986","Kyle Harrison","3","3.0","17","72","false","0","1"
"824369","2026-04-21","8:40 PM ET","Colorado Rockies","San Diego Padres","Coors Field","Final","true","R","MLB_STATS_API_SCHEDULE","false","false","false","623474","Jimmy Herget","3","1.0","3","14","false","681190","Randy Vásquez","5","7.0","24","84","false","0","1"
"824448","2026-04-21","6:10 PM ET","Cleveland Guardians","Houston Astros","Progressive Field","Final","true","R","MLB_STATS_API_SCHEDULE","false","false","false","800048","Parker Messick","4","5.0","20","85","false","680802","Ryan Weiss","4","3.1","19","86","false","0","1"
"824690","2026-04-21","7:40 PM ET","Chicago Cubs","Philadelphia Phillies","Wrigley Field","Final","true","R","MLB_STATS_API_SCHEDULE","false","false","false","684007","Shota Imanaga","1","7.0","26","87","false","666200","Jesús Luzardo","3","4.2","24","100","false","0","1"
"824773","2026-04-21","6:45 PM ET","Boston Red Sox","New York Yankees","Fenway Park","Final","true","R","MLB_STATS_API_SCHEDULE","false","false","false","813349","Connelly Early","4","5.1","23","92","false","661563","Luis Gil","2","6.1","24","83","false","0","1"
"825099","2026-04-21","9:40 PM ET","Arizona Diamondbacks","Chicago White Sox","Chase Field","Final","true","R","MLB_STATS_API_SCHEDULE","false","false","false","518876","Merrill Kelly","5","4.1","26","101","false","680732","Sean Burke","3","6.0","22","101","false","0","1"
"822748","2026-04-22","6:45 PM ET","Washington Nationals","Atlanta Braves","Nationals Park","Final","true","R","MLB_STATS_API_SCHEDULE","false","false","false","641793","Zack Littell","1","6.0","28","96","false","800311","Didier Fuentes","7","3.0","18","74","false","0","1"
"822913","2026-04-22","8:05 PM ET","Texas Rangers","Pittsburgh Pirates","Globe Life Field","Final","true","R","MLB_STATS_API_SCHEDULE","false","false","false","683004","Jack Leiter","5","5.0","22","84","false","677952","Braxton Ashcraft","5","7.0","25","94","false","0","1"
"822993","2026-04-22","1:10 PM ET","Tampa Bay Rays","Cincinnati Reds","Tropicana Field","Final","true","R","MLB_STATS_API_SCHEDULE","false","false","false","607259","Nick Martinez","6","8.0","30","95","false","682227","Brandon Williamson","3","4.1","22","87","false","0","1"
"823147","2026-04-22","4:10 PM ET","Seattle Mariners","Athletics","T-Mobile Park","Final","true","R","MLB_STATS_API_SCHEDULE","false","false","false","669302","Logan Gilbert","3","4.0","21","89","false","650644","Aaron Civale","5","5.1","23","85","false","0","1"
"823231","2026-04-22","9:45 PM ET","San Francisco Giants","Los Angeles Dodgers","Oracle Park","Final","true","R","MLB_STATS_API_SCHEDULE","false","false","false","641816","Tyler Mahle","5","7.0","26","91","false","660271","Shohei Ohtani","7","6.0","23","91","false","0","1"
"823641","2026-04-22","7:10 PM ET","New York Mets","Minnesota Twins","Citi Field","Final","true","R","MLB_STATS_API_SCHEDULE","false","false","false","605280","Clay Holmes","3","7.0","27","88","false","687570","Connor Prielipp","6","4.0","17","82","false","0","1"
"823878","2026-04-22","12:10 PM ET","Miami Marlins","St. Louis Cardinals","loanDepot park","Final","true","R","MLB_STATS_API_SCHEDULE","false","false","false","676083","Janson Junk","2","5.0","17","56","false","681517","Kyle Leahy","2","5.0","25","89","false","0","1"
"824044","2026-04-22","3:07 PM ET","Los Angeles Angels","Toronto Blue Jays","Angel Stadium","Final","true","R","MLB_STATS_API_SCHEDULE","false","false","false","667755","José Soriano","4","5.0","20","84","false","641778","Eric Lauer","3","5.0","24","79","false","0","1"
"824123","2026-04-22","2:10 PM ET","Kansas City Royals","Baltimore Orioles","Kauffman Stadium","Final","true","R","MLB_STATS_API_SCHEDULE","false","false","false","608379","Michael Wacha","5","5.1","25","89","false","605135","Chris Bassitt","3","5.1","25","88","false","0","1"
"824286","2026-04-22","6:40 PM ET","Detroit Tigers","Milwaukee Brewers","Comerica Park","Final","true","R","MLB_STATS_API_SCHEDULE","false","false","false","663554","Casey Mize","7","6.0","23","88","false","669084","DL Hall","2","2.0","7","32","false","0","1"
"824367","2026-04-22","8:40 PM ET","Colorado Rockies","San Diego Padres","Coors Field","Final","true","R","MLB_STATS_API_SCHEDULE","false","false","false","608372","Tomoyuki Sugano","4","5.2","23","101","false","621111","Walker Buehler","2","2.2","19","82","false","0","1"
"824449","2026-04-22","1:10 PM ET","Cleveland Guardians","Houston Astros","Progressive Field","Final","true","R","MLB_STATS_API_SCHEDULE","false","false","false","676440","Tanner Bibee","3","6.0","24","95","false","663567","Peter Lambert","8","6.0","24","96","false","0","1"
"824688","2026-04-22","7:40 PM ET","Chicago Cubs","Philadelphia Phillies","Wrigley Field","Final","true","R","MLB_STATS_API_SCHEDULE","false","false","false","571510","Matthew Boyd","5","4.2","19","84","false","679775","Kyle Backhus","1","1.0","5","15","false","0","1"
"824774","2026-04-22","6:45 PM ET","Boston Red Sox","New York Yankees","Fenway Park","Final","true","R","MLB_STATS_API_SCHEDULE","false","false","false","624133","Ranger Suarez","4","4.2","21","71","false","608331","Max Fried","9","8.0","29","100","false","0","1"
"825097","2026-04-22","9:40 PM ET","Arizona Diamondbacks","Chicago White Sox","Chase Field","Final","true","R","MLB_STATS_API_SCHEDULE","false","false","false","593958","Eduardo Rodriguez","4","5.0","24","96","false","641743","Anthony Kay","1","3.2","22","92","false","0","1"
"822745","2026-04-23","1:05 PM ET","Washington Nationals","Atlanta Braves","Nationals Park","Final","true","R","MLB_STATS_API_SCHEDULE","false","false","false","676917","Cade Cavalli","10","5.0","23","85","false","702275","JR Ritchie","7","7.0","26","89","false","0","1"
"822912","2026-04-23","8:05 PM ET","Texas Rangers","Pittsburgh Pirates","Globe Life Field","Final","true","R","MLB_STATS_API_SCHEDULE","false","false","false","594798","Jacob deGrom","10","5.2","23","89","false","696149","Bubba Chandler","4","4.0","23","78","false","0","1"
"823233","2026-04-23","3:45 PM ET","San Francisco Giants","Los Angeles Dodgers","Oracle Park","Final","true","R","MLB_STATS_API_SCHEDULE","false","false","false","657277","Logan Webb","5","7.0","29","98","false","607192","Tyler Glasnow","9","8.0","25","105","false","0","1"
"823639","2026-04-23","7:10 PM ET","New York Mets","Minnesota Twins","Citi Field","Final","true","R","MLB_STATS_API_SCHEDULE","false","false","false","681035","Christian Scott","1","1.1","10","43","false","657746","Joe Ryan","5","5.0","25","92","false","0","1"
"824288","2026-04-23","1:10 PM ET","Detroit Tigers","Milwaukee Brewers","Comerica Park","Final","true","R","MLB_STATS_API_SCHEDULE","false","false","false","669373","Tarik Skubal","5","6.0","24","94","false","687075","Brandon Sproat","4","5.1","21","76","false","0","1"
"824368","2026-04-23","3:10 PM ET","Colorado Rockies","San Diego Padres","Coors Field","Final","true","R","MLB_STATS_API_SCHEDULE","false","false","false","663372","Ryan Feltner","3","2.0","9","40","false","663362","Matt Waldron","3","5.0","26","82","false","0","1"
"824689","2026-04-23","2:20 PM ET","Chicago Cubs","Philadelphia Phillies","Wrigley Field","Final","true","R","MLB_STATS_API_SCHEDULE","false","false","false","665795","Edward Cabrera","5","7.0","28","83","false","650911","Cristopher Sánchez","4","5.1","30","99","false","0","1"
"824770","2026-04-23","6:10 PM ET","Boston Red Sox","New York Yankees","Fenway Park","Final","true","R","MLB_STATS_API_SCHEDULE","false","false","false","801139","Payton Tolle","11","6.0","22","93","false","693645","Cam Schlittler","5","8.0","28","96","false","0","1"
"825096","2026-04-23","3:40 PM ET","Arizona Diamondbacks","Chicago White Sox","Chase Field","Final","true","R","MLB_STATS_API_SCHEDULE","false","false","false","647336","Michael Soroka","6","5.0","22","101","false","663436","Davis Martin","7","6.1","24","97","false","0","1"
"822827","2026-04-24","7:07 PM ET","Toronto Blue Jays","Cleveland Guardians","Rogers Centre","Final","true","R","MLB_STATS_API_SCHEDULE","false","false","false","453286","Max Scherzer","0","2.1","16","82","false","668909","Gavin Williams","4","6.0","27","96","false","0","1"
"822909","2026-04-24","8:05 PM ET","Texas Rangers","Athletics","Globe Life Field","Final","true","R","MLB_STATS_API_SCHEDULE","false","false","false","543135","Nathan Eovaldi","3","6.0","25","86","false","622663","Luis Severino","5","6.2","26","98","false","0","1"
"822992","2026-04-24","7:10 PM ET","Tampa Bay Rays","Minnesota Twins","Tropicana Field","Final","true","R","MLB_STATS_API_SCHEDULE","false","false","false","656876","Drew Rasmussen","6","6.0","24","98","false","671737","Taj Bradley","3","6.1","29","93","false","0","1"
"823069","2026-04-24","8:15 PM ET","St. Louis Cardinals","Seattle Mariners","Busch Stadium","Final","true","R","MLB_STATS_API_SCHEDULE","false","false","false","669467","Andre Pallante","8","5.1","23","90","false","669923","George Kirby","2","6.0","24","81","false","0","1"
"823232","2026-04-24","10:15 PM ET","San Francisco Giants","Miami Marlins","Oracle Park","Final","true","R","MLB_STATS_API_SCHEDULE","false","false","false","605288","Adrian Houser","3","4.0","23","77","false","645261","Sandy Alcantara","4","6.0","26","108","false","0","1"
"823638","2026-04-24","7:10 PM ET","New York Mets","Colorado Rockies","Citi Field","Final","true","R","MLB_STATS_API_SCHEDULE","false","false","false","642547","Freddy Peralta","8","5.2","27","95","false","547179","Michael Lorenzen","3","7.0","26","90","false","0","1"
"823800","2026-04-24","7:40 PM ET","Milwaukee Brewers","Pittsburgh Pirates","American Family Field","Final","true","R","MLB_STATS_API_SCHEDULE","false","false","false","605540","Brandon Woodruff","3","5.0","21","71","false","694973","Paul Skenes","7","7.0","22","93","false","0","1"
"823962","2026-04-24","10:15 PM ET","Los Angeles Dodgers","Chicago Cubs","UNIQLO Field at Dodger Stadium","Final","true","R","MLB_STATS_API_SCHEDULE","false","false","false","686218","Emmet Sheehan","10","6.1","24","101","false","592791","Jameson Taillon","4","5.0","21","85","false","0","1"
"824124","2026-04-24","7:40 PM ET","Kansas City Royals","Los Angeles Angels","Kauffman Stadium","Final","true","R","MLB_STATS_API_SCHEDULE","false","false","false","702070","Noah Cameron","6","6.1","28","88","false","579328","Yusei Kikuchi","5","5.0","22","90","false","0","1"
"824204","2026-04-24","8:10 PM ET","Houston Astros","New York Yankees","Daikin Park","Final","true","R","MLB_STATS_API_SCHEDULE","false","false","false","621121","Lance McCullers Jr.","3","5.0","23","92","false","701542","Will Warren","6","6.0","24","95","false","0","1"
"824529","2026-04-24","6:40 PM ET","Cincinnati Reds","Detroit Tigers","Great American Ball Park","Final","true","R","MLB_STATS_API_SCHEDULE","false","false","false","671096","Andrew Abbott","4","4.0","19","89","false","664285","Framber Valdez","4","4.1","21","89","false","0","1"
"824611","2026-04-24","7:40 PM ET","Chicago White Sox","Washington Nationals","Rate Field","Final","true","R","MLB_STATS_API_SCHEDULE","false","false","false","663542","Bryan Hudson","1","1.0","4","17","false","676571","PJ Poulin","1","1.2","7","28","false","0","1"
"824854","2026-04-24","7:05 PM ET","Baltimore Orioles","Boston Red Sox","Oriole Park at Camden Yards","Final","true","R","MLB_STATS_API_SCHEDULE","false","false","false","687064","Brandon Young","5","5.2","25","93","false","678394","Brayan Bello","2","3.1","23","85","false","0","1"
"824932","2026-04-24","7:15 PM ET","Atlanta Braves","Philadelphia Phillies","Truist Park","Final","true","R","MLB_STATS_API_SCHEDULE","false","false","false","656550","Grant Holmes","4","6.0","28","89","false","691725","Andrew Painter","1","5.2","28","96","false","0","1"
"822826","2026-04-25","3:07 PM ET","Toronto Blue Jays","Cleveland Guardians","Rogers Centre","Final","true","R","MLB_STATS_API_SCHEDULE","false","false","false","592332","Kevin Gausman","3","6.2","25","91","false","676282","Joey Cantillo","4","5.0","22","89","false","0","1"
"822910","2026-04-25","7:05 PM ET","Texas Rangers","Athletics","Globe Life Field","Final","true","R","MLB_STATS_API_SCHEDULE","false","false","false","669022","MacKenzie Gore","7","5.0","25","106","false","605488","Jeffrey Springs","4","6.0","26","91","false","0","1"
"822989","2026-04-25","4:10 PM ET","Tampa Bay Rays","Minnesota Twins","Tropicana Field","Final","true","R","MLB_STATS_API_SCHEDULE","false","false","false","663556","Shane McClanahan","7","5.0","21","86","false","641927","Bailey Ober","3","6.0","22","83","false","0","1"
"823070","2026-04-25","2:15 PM ET","St. Louis Cardinals","Seattle Mariners","Busch Stadium","Final","true","R","MLB_STATS_API_SCHEDULE","false","false","false","669461","Matthew Liberatore","3","3.1","18","64","false","693433","Bryan Woo","1","3.0","18","53","false","0","1"
"823229","2026-04-25","4:05 PM ET","San Francisco Giants","Miami Marlins","Oracle Park","Final","true","R","MLB_STATS_API_SCHEDULE","false","false","false","592662","Robbie Ray","4","5.0","21","97","false","691587","Eury Pérez","6","5.1","24","94","false","0","1"
"823799","2026-04-25","7:10 PM ET","Milwaukee Brewers","Pittsburgh Pirates","American Family Field","Final","true","R","MLB_STATS_API_SCHEDULE","false","false","false","694819","Jacob Misiorowski","9","6.0","26","91","false","656605","Mitch Keller","6","5.0","22","93","false","0","1"
"823960","2026-04-25","7:15 PM ET","Los Angeles Dodgers","Chicago Cubs","UNIQLO Field at Dodger Stadium","Final","true","R","MLB_STATS_API_SCHEDULE","false","false","false","808963","Roki Sasaki","5","5.0","23","99","false","607067","Colin Rea","4","3.1","20","92","false","0","1"
"824121","2026-04-25","7:10 PM ET","Kansas City Royals","Los Angeles Angels","Kauffman Stadium","Final","true","R","MLB_STATS_API_SCHEDULE","false","false","false","666142","Cole Ragans","11","6.0","23","99","false","700712","Walbert Ureña","3","3.2","21","81","false","0","1"
"824203","2026-04-25","7:10 PM ET","Houston Astros","New York Yankees","Daikin Park","Final","true","R","MLB_STATS_API_SCHEDULE","false","false","false","681347","Mike Burrows","8","5.0","21","92","false","677960","Ryan Weathers","4","5.1","21","86","false","0","1"
"824527","2026-04-25","7:15 PM ET","Cincinnati Reds","Detroit Tigers","Great American Ball Park","Final","true","R","MLB_STATS_API_SCHEDULE","false","false","false","663903","Brady Singer","3","5.1","24","94","false","656427","Jack Flaherty","4","2.0","14","68","false","0","1"
"824613","2026-04-25","4:10 PM ET","Chicago White Sox","Washington Nationals","Rate Field","Final","true","R","MLB_STATS_API_SCHEDULE","false","false","false","702273","Noah Schultz","8","6.0","25","85","false","663623","Jake Irvin","9","5.2","23","88","false","0","1"
"824851","2026-04-25","12:05 PM ET","Baltimore Orioles","Boston Red Sox","Oriole Park at Camden Yards","Final","true","R","MLB_STATS_API_SCHEDULE","false","false","false","669432","Trevor Rogers","2","1.2","11","62","false","676979","Garrett Crochet","7","6.0","22","90","false","0","1"
"824933","2026-04-25","7:15 PM ET","Atlanta Braves","Philadelphia Phillies","Truist Park","Final","true","R","MLB_STATS_API_SCHEDULE","false","false","false","693821","Bryce Elder","2","7.0","28","92","false","554430","Zack Wheeler","6","5.0","20","84","false","0","1"
"825093","2026-04-25","6:05 PM ET","Arizona Diamondbacks","San Diego Padres","Estadio Alfredo Harp Helu","Final","true","R","MLB_STATS_API_SCHEDULE","false","false","false","668678","Zac Gallen","3","3.0","10","49","false","608566","Germán Márquez","2","6.0","26","75","false","0","1"
"822744","2026-05-01","6:45 PM ET","Washington Nationals","Milwaukee Brewers","Nationals Park","Final","true","R","MLB_STATS_API_SCHEDULE","false","false","false","","Jake Irvin","5","","","","false","","Jacob Misiorowski","8","","","","false","0","1"
"822990","2026-05-01","7:10 PM ET","Tampa Bay Rays","San Francisco Giants","Tropicana Field","Final","true","R","MLB_STATS_API_SCHEDULE","false","false","false","","Shane McClanahan","5","","","","false","","Robbie Ray","5","","","","false","0","1"
"823066","2026-05-01","8:15 PM ET","St. Louis Cardinals","Los Angeles Dodgers","Busch Stadium","Final","true","R","MLB_STATS_API_SCHEDULE","false","false","false","","Matthew Liberatore","4","","","","false","","Emmet Sheehan","8","","","","false","0","1"
"823146","2026-05-01","9:45 PM ET","Seattle Mariners","Kansas City Royals","T-Mobile Park","Final","true","R","MLB_STATS_API_SCHEDULE","false","false","false","","Bryan Woo","2","","","","false","","Cole Ragans","8","","","","false","0","1"
"823309","2026-05-01","9:40 PM ET","San Diego Padres","Chicago White Sox","Petco Park","Final","true","R","MLB_STATS_API_SCHEDULE","false","false","false","","Germán Márquez","2","","","","false","","Noah Schultz","2","","","","false","0","1"
"823389","2026-05-01","6:45 PM ET","Pittsburgh Pirates","Cincinnati Reds","PNC Park","Final","true","R","MLB_STATS_API_SCHEDULE","false","false","false","","Mitch Keller","6","","","","false","","Brady Singer","1","","","","false","0","1"
"823557","2026-05-01","7:05 PM ET","New York Yankees","Baltimore Orioles","Yankee Stadium","Final","true","R","MLB_STATS_API_SCHEDULE","false","false","false","","Will Warren","9","","","","false","","Cade Povich","4","","","","false","0","1"
"823713","2026-05-01","8:10 PM ET","Minnesota Twins","Toronto Blue Jays","Target Field","Final","true","R","MLB_STATS_API_SCHEDULE","false","false","false","","Simeon Woods Richardson","2","","","","false","","Patrick Corbin","4","","","","false","0","1"
"823877","2026-05-01","7:10 PM ET","Miami Marlins","Philadelphia Phillies","loanDepot park","Final","true","R","MLB_STATS_API_SCHEDULE","false","false","false","","Eury Pérez","6","","","","false","","Zack Wheeler","8","","","","false","0","1"
"824041","2026-05-01","9:38 PM ET","Los Angeles Angels","New York Mets","Angel Stadium","Final","true","R","MLB_STATS_API_SCHEDULE","false","false","false","","Walbert Ureña","4","","","","false","","Christian Scott","8","","","","false","0","1"
"824287","2026-05-01","6:40 PM ET","Detroit Tigers","Texas Rangers","Comerica Park","Final","true","R","MLB_STATS_API_SCHEDULE","false","false","false","","Jack Flaherty","4","","","","false","","MacKenzie Gore","3","","","","false","0","1"
"824366","2026-05-01","8:40 PM ET","Colorado Rockies","Atlanta Braves","Coors Field","Final","true","R","MLB_STATS_API_SCHEDULE","false","false","false","","Jose Quintana","3","","","","false","","Grant Holmes","4","","","","false","0","1"
"824686","2026-05-01","2:20 PM ET","Chicago Cubs","Arizona Diamondbacks","Wrigley Field","Final","true","R","MLB_STATS_API_SCHEDULE","false","false","false","","Colin Rea","6","","","","false","","Zac Gallen","3","","","","false","0","1"
"824772","2026-05-01","7:10 PM ET","Boston Red Sox","Houston Astros","Fenway Park","Final","true","R","MLB_STATS_API_SCHEDULE","false","false","false","","Jake Bennett","3","","","","false","","Mike Burrows","3","","","","false","0","1"
"825012","2026-05-01","9:40 PM ET","Athletics","Cleveland Guardians","Sutter Health Park","Final","true","R","MLB_STATS_API_SCHEDULE","false","false","false","","J.T. Ginn","4","","","","false","","Joey Cantillo","2","","","","false","0","1"
"823554","2026-05-02","1:35 PM ET","New York Yankees","Baltimore Orioles","Yankee Stadium","Final","true","R","MLB_STATS_API_SCHEDULE","false","false","false","677960","Ryan Weathers","5","5.0","21","90","false","680694","Kyle Bradish","4","4.0","21","89","false","0","1"
"823715","2026-05-02","2:10 PM ET","Minnesota Twins","Toronto Blue Jays","Target Field","Final","true","R","MLB_STATS_API_SCHEDULE","false","false","false","687570","Connor Prielipp","4","5.0","20","91","false","656302","Dylan Cease","7","7.0","28","106","false","0","1"
"824685","2026-05-02","2:20 PM ET","Chicago Cubs","Arizona Diamondbacks","Wrigley Field","Final","true","R","MLB_STATS_API_SCHEDULE","false","false","false","684007","Shota Imanaga","5","7.0","26","87","false","669194","Ryne Nelson","4","5.2","23","84","false","0","1"
"825014","2026-05-02","4:05 PM ET","Athletics","Cleveland Guardians","Sutter Health Park","Final","true","R","MLB_STATS_API_SCHEDULE","false","false","false","682052","Jacob Lopez","5","5.1","25","96","false","677944","Slade Cecconi","3","5.1","25","69","false","0","1"
"822742","2026-05-03","1:35 PM ET","Washington Nationals","Milwaukee Brewers","Nationals Park","Final","true","R","MLB_STATS_API_SCHEDULE","false","false","false","676571","PJ Poulin","2","2.0","8","36","false","701656","Logan Henderson","8","6.0","21","76","false","0","1"
"822987","2026-05-03","1:40 PM ET","Tampa Bay Rays","San Francisco Giants","Tropicana Field","Final","true","R","MLB_STATS_API_SCHEDULE","false","false","false","571927","Steven Matz","1","6.0","22","89","false","641816","Tyler Mahle","5","5.1","22","92","false","0","1"
"823065","2026-05-03","2:15 PM ET","St. Louis Cardinals","Los Angeles Dodgers","Busch Stadium","Final","true","R","MLB_STATS_API_SCHEDULE","false","false","false","669160","Dustin May","3","6.0","25","95","false","680736","Justin Wrobleski","0","6.0","24","83","false","0","1"
"823145","2026-05-03","4:10 PM ET","Seattle Mariners","Kansas City Royals","T-Mobile Park","Final","true","R","MLB_STATS_API_SCHEDULE","false","false","false","622491","Luis Castillo","5","6.0","26","101","false","663460","Kris Bubic","7","7.0","26","94","false","0","1"
"823307","2026-05-03","4:10 PM ET","San Diego Padres","Chicago White Sox","Petco Park","Final","true","R","MLB_STATS_API_SCHEDULE","false","false","false","656288","Griffin Canning","7","5.0","19","73","false","641743","Anthony Kay","5","5.0","21","86","false","0","1"
"823387","2026-05-03","1:35 PM ET","Pittsburgh Pirates","Cincinnati Reds","PNC Park","Final","true","R","MLB_STATS_API_SCHEDULE","false","false","false","677952","Braxton Ashcraft","6","7.2","27","82","false","695505","Chase Burns","7","7.0","24","94","false","0","1"
"823555","2026-05-03","1:35 PM ET","New York Yankees","Baltimore Orioles","Yankee Stadium","Final","true","R","MLB_STATS_API_SCHEDULE","false","false","false","608331","Max Fried","6","5.1","24","107","false","694346","Trey Gibson","2","4.2","21","87","false","0","1"
"823711","2026-05-03","12:45 PM ET","Minnesota Twins","Toronto Blue Jays","Target Field","Final","true","R","MLB_STATS_API_SCHEDULE","false","false","false","657746","Joe Ryan","1","0.1","2","9","false","702056","Trey Yesavage","6","4.0","20","82","false","0","1"
"823875","2026-05-03","1:40 PM ET","Miami Marlins","Philadelphia Phillies","loanDepot park","Final","true","R","MLB_STATS_API_SCHEDULE","false","false","false","663978","Chris Paddack","1","2.2","18","73","false","666200","Jesús Luzardo","10","6.1","27","102","false","0","1"
"824043","2026-05-03","4:07 PM ET","Los Angeles Angels","New York Mets","Angel Stadium","Final","true","R","MLB_STATS_API_SCHEDULE","false","false","false","686799","Jack Kochanowicz","6","6.1","28","110","false","605280","Clay Holmes","6","6.2","26","99","false","0","1"
"824285","2026-05-03","7:20 PM ET","Detroit Tigers","Texas Rangers","Comerica Park","Final","true","R","MLB_STATS_API_SCHEDULE","false","false","false","663947","Tyler Holton","1","0.2","3","17","false","683004","Jack Leiter","10","6.2","26","100","false","0","1"
"824364","2026-05-03","3:10 PM ET","Colorado Rockies","Atlanta Braves","Coors Field","Final","true","R","MLB_STATS_API_SCHEDULE","false","false","false","607536","Kyle Freeland","7","4.1","24","98","false","675911","Spencer Strider","6","3.1","19","87","false","0","1"
"824687","2026-05-03","2:20 PM ET","Chicago Cubs","Arizona Diamondbacks","Wrigley Field","Final","true","R","MLB_STATS_API_SCHEDULE","false","false","false","571510","Matthew Boyd","5","6.0","22","94","false","518876","Merrill Kelly","5","4.1","24","92","false","0","1"
"824769","2026-05-03","1:35 PM ET","Boston Red Sox","Houston Astros","Fenway Park","Final","true","R","MLB_STATS_API_SCHEDULE","false","false","false","624133","Ranger Suarez","3","4.0","16","70","false","675989","Cody Bolton","3","2.1","12","61","false","0","1"
"825013","2026-05-03","4:05 PM ET","Athletics","Cleveland Guardians","Sutter Health Park","Final","true","R","MLB_STATS_API_SCHEDULE","false","false","false","650644","Aaron Civale","3","6.0","26","93","false","800048","Parker Messick","6","5.0","21","78","false","0","1"
"822984","2026-05-04","6:40 PM ET","Tampa Bay Rays","Toronto Blue Jays","Tropicana Field","Final","true","R","MLB_STATS_API_SCHEDULE","false","false","false","607259","Nick Martinez","4","5.0","21","71","false","641778","Eric Lauer","2","4.1","19","61","false","0","1"
"823064","2026-05-04","7:45 PM ET","St. Louis Cardinals","Milwaukee Brewers","Busch Stadium","Final","true","R","MLB_STATS_API_SCHEDULE","false","false","false","681517","Kyle Leahy","5","5.1","25","94","false","694477","Chad Patrick","4","3.1","20","64","false","0","1"
"823143","2026-05-04","9:40 PM ET","Seattle Mariners","Atlanta Braves","T-Mobile Park","Final","true","R","MLB_STATS_API_SCHEDULE","false","false","false","669302","Logan Gilbert","4","6.0","25","89","false","702275","JR Ritchie","2","5.0","24","93","false","0","1"
"823228","2026-05-04","9:45 PM ET","San Francisco Giants","San Diego Padres","Oracle Park","Final","true","R","MLB_STATS_API_SCHEDULE","false","false","false","686790","Trevor McDonald","8","7.0","24","81","false","681190","Randy Vásquez","2","5.2","24","88","false","0","1"
"823552","2026-05-04","7:05 PM ET","New York Yankees","Baltimore Orioles","Yankee Stadium","Final","true","R","MLB_STATS_API_SCHEDULE","false","false","false","693645","Cam Schlittler","4","5.2","25","95","false","669358","Shane Baz","4","5.2","26","96","false","0","1"
"823874","2026-05-04","6:40 PM ET","Miami Marlins","Philadelphia Phillies","loanDepot park","Final","true","R","MLB_STATS_API_SCHEDULE","false","false","false","676083","Janson Junk","6","5.1","22","92","false","605400","Aaron Nola","5","6.0","21","94","false","0","1"
"824039","2026-05-04","9:38 PM ET","Los Angeles Angels","Chicago White Sox","Angel Stadium","Final","true","R","MLB_STATS_API_SCHEDULE","false","false","false","667755","José Soriano","5","4.0","23","88","false","663436","Davis Martin","10","7.0","25","85","false","0","1"
"824120","2026-05-04","7:40 PM ET","Kansas City Royals","Cleveland Guardians","Kauffman Stadium","Final","true","R","MLB_STATS_API_SCHEDULE","false","false","false","608379","Michael Wacha","3","7.0","26","79","false","676440","Tanner Bibee","4","4.0","19","77","false","0","1"
"824201","2026-05-04","8:10 PM ET","Houston Astros","Los Angeles Dodgers","Daikin Park","Final","true","R","MLB_STATS_API_SCHEDULE","false","false","false","595345","Steven Okert","1","0.2","6","20","false","808967","Yoshinobu Yamamoto","8","6.0","23","95","false","0","1"
"824283","2026-05-04","6:10 PM ET","Detroit Tigers","Boston Red Sox","Comerica Park","Final","true","R","MLB_STATS_API_SCHEDULE","false","false","false","663947","Tyler Holton","1","1.0","5","22","false","801139","Payton Tolle","8","7.0","25","83","false","0","1"
"824363","2026-05-04","5:40 PM ET","Colorado Rockies","New York Mets","Coors Field","Final","true","R","MLB_STATS_API_SCHEDULE","false","false","false","608372","Tomoyuki Sugano","1","5.1","20","61","false","623211","Huascar Brazobán","0","1.0","4","11","false","0","1"
"824684","2026-05-04","7:10 PM ET","Chicago Cubs","Cincinnati Reds","Wrigley Field","Final","true","R","MLB_STATS_API_SCHEDULE","false","false","false","665795","Edward Cabrera","8","6.0","27","89","false","695534","Chase Petty","1","5.2","23","75","false","0","1"
"824281","2026-05-05","6:40 PM ET","Detroit Tigers","Boston Red Sox","Comerica Park","","false","R","MLB_STATS_API_SCHEDULE","true","false","true","","Por definir","","","","","false","","Por definir","","","","","false","0","1"
"822740","2026-05-06","6:45 PM ET","Washington Nationals","Minnesota Twins","Nationals Park","Final","true","R","MLB_STATS_API_SCHEDULE","false","false","false","571945","Miles Mikolas","3","5.1","19","74","false","641927","Bailey Ober","3","5.0","23","82","false","0","1"
"822985","2026-05-06","1:10 PM ET","Tampa Bay Rays","Toronto Blue Jays","Tropicana Field","Final","true","R","MLB_STATS_API_SCHEDULE","false","false","false","663556","Shane McClanahan","4","5.2","20","69","false","571578","Patrick Corbin","1","5.1","22","61","false","0","1"
"823063","2026-05-06","1:15 PM ET","St. Louis Cardinals","Milwaukee Brewers","Busch Stadium","Final","true","R","MLB_STATS_API_SCHEDULE","false","false","false","669467","Andre Pallante","3","6.0","27","104","false","687075","Brandon Sproat","5","4.0","16","76","false","0","1"
"823141","2026-05-06","4:10 PM ET","Seattle Mariners","Atlanta Braves","T-Mobile Park","Final","true","R","MLB_STATS_API_SCHEDULE","false","false","false","693433","Bryan Woo","9","6.0","21","98","false","527048","Martín Pérez","5","5.2","22","84","false","0","1"
"823226","2026-05-06","3:45 PM ET","San Francisco Giants","San Diego Padres","Oracle Park","Final","true","R","MLB_STATS_API_SCHEDULE","false","false","false","605288","Adrian Houser","3","6.0","23","74","false","699134","Bradgley Rodriguez","0","1.0","3","7","false","0","1"
"823470","2026-05-06","6:40 PM ET","Philadelphia Phillies","Athletics","Citizens Bank Park","Final","true","R","MLB_STATS_API_SCHEDULE","false","false","false","554430","Zack Wheeler","4","6.1","25","98","false","605488","Jeffrey Springs","4","5.1","23","75","false","0","1"
"823550","2026-05-06","7:05 PM ET","New York Yankees","Texas Rangers","Yankee Stadium","Final","true","R","MLB_STATS_API_SCHEDULE","false","false","false","701542","Will Warren","7","4.0","22","90","false","543135","Nathan Eovaldi","8","8.0","27","101","false","0","1"
"823872","2026-05-06","6:40 PM ET","Miami Marlins","Baltimore Orioles","loanDepot park","Final","true","R","MLB_STATS_API_SCHEDULE","false","false","false","691587","Eury Pérez","6","5.0","24","93","false","687064","Brandon Young","5","6.0","25","93","false","0","1"
"824036","2026-05-06","4:07 PM ET","Los Angeles Angels","Chicago White Sox","Angel Stadium","Final","true","R","MLB_STATS_API_SCHEDULE","false","false","false","700712","Walbert Ureña","5","6.0","22","90","false","702273","Noah Schultz","3","3.2","21","79","false","0","1"
"824118","2026-05-06","7:40 PM ET","Kansas City Royals","Cleveland Guardians","Kauffman Stadium","Final","true","R","MLB_STATS_API_SCHEDULE","false","false","false","666142","Cole Ragans","4","3.0","13","58","false","676282","Joey Cantillo","1","5.0","19","70","false","0","1"
"824198","2026-05-06","2:10 PM ET","Houston Astros","Los Angeles Dodgers","Daikin Park","Final","true","R","MLB_STATS_API_SCHEDULE","false","false","false","621121","Lance McCullers Jr.","4","2.2","15","70","false","607192","Tyler Glasnow","2","1.0","4","19","false","0","1"
"824282","2026-05-06","6:40 PM ET","Detroit Tigers","Boston Red Sox","Comerica Park","Final","true","R","MLB_STATS_API_SCHEDULE","false","false","false","656427","Jack Flaherty","10","5.0","21","96","false","543243","Sonny Gray","2","5.0","20","70","false","0","1"
"824361","2026-05-06","9:20 PM ET","Colorado Rockies","New York Mets","Coors Field","Final","true","R","MLB_STATS_API_SCHEDULE","false","false","false","547179","Michael Lorenzen","2","5.0","26","87","false","642547","Freddy Peralta","1","5.0","21","91","false","0","1"
"824683","2026-05-06","7:40 PM ET","Chicago Cubs","Cincinnati Reds","Wrigley Field","Final","true","R","MLB_STATS_API_SCHEDULE","false","false","false","607067","Colin Rea","5","5.1","24","98","false","663903","Brady Singer","6","6.0","25","96","false","0","1"
"825091","2026-05-06","9:40 PM ET","Arizona Diamondbacks","Pittsburgh Pirates","Chase Field","Final","true","R","MLB_STATS_API_SCHEDULE","false","false","false","647336","Michael Soroka","6","6.1","27","93","false","694973","Paul Skenes","7","8.0","26","97","false","0","1"
"822741","2026-05-07","1:05 PM ET","Washington Nationals","Minnesota Twins","Nationals Park","Final","true","R","MLB_STATS_API_SCHEDULE","false","false","false","663623","Jake Irvin","2","5.0","22","92","false","680573","Simeon Woods Richardson","2","4.1","18","61","false","0","1"
"823551","2026-05-07","12:35 PM ET","New York Yankees","Texas Rangers","Yankee Stadium","Final","true","R","MLB_STATS_API_SCHEDULE","false","false","false","621112","Paul Blackburn","0","1.0","5","24","false","669022","MacKenzie Gore","3","5.1","25","96","false","0","1"
"824117","2026-05-07","2:10 PM ET","Kansas City Royals","Cleveland Guardians","Kauffman Stadium","Final","true","R","MLB_STATS_API_SCHEDULE","false","false","false","607625","Seth Lugo","5","4.0","22","102","false","677944","Slade Cecconi","3","5.1","23","82","false","0","1"
"824362","2026-05-07","3:10 PM ET","Colorado Rockies","New York Mets","Coors Field","Postponed","false","R","MLB_STATS_API_SCHEDULE","true","false","true","500779","Jose Quintana","","","","","false","681035","Christian Scott","","","","","false","0","1"
"824681","2026-05-07","2:20 PM ET","Chicago Cubs","Cincinnati Reds","Wrigley Field","Final","true","R","MLB_STATS_API_SCHEDULE","false","false","false","684007","Shota Imanaga","10","6.0","28","99","false","695076","Rhett Lowder","1","3.0","13","59","false","0","1"
"825090","2026-05-07","3:40 PM ET","Arizona Diamondbacks","Pittsburgh Pirates","Chase Field","","false","R","MLB_STATS_API_SCHEDULE","true","false","true","668678","Zac Gallen","","","","","false","656605","Mitch Keller","","","","","false","0","1"
"822822","2026-05-08","7:07 PM ET","Toronto Blue Jays","Los Angeles Angels","Rogers Centre","Final","true","R","MLB_STATS_API_SCHEDULE","false","false","false","656302","Dylan Cease","10","7.0","25","97","false","672282","Reid Detmers","3","3.2","20","99","false","0","1"
"822904","2026-05-08","8:05 PM ET","Texas Rangers","Chicago Cubs","Globe Life Field","Final","true","R","MLB_STATS_API_SCHEDULE","false","false","false","677958","Kumar Rocker","3","3.2","18","87","false","676962","Ben Brown","3","4.0","13","46","false","0","1"
"823225","2026-05-08","10:15 PM ET","San Francisco Giants","Pittsburgh Pirates","Oracle Park","Final","true","R","MLB_STATS_API_SCHEDULE","false","false","false","592662","Robbie Ray","7","6.0","23","93","false","669387","Carmen Mlodzinski","1","6.0","23","74","false","0","1"
"823303","2026-05-08","9:45 PM ET","San Diego Padres","St. Louis Cardinals","Petco Park","Final","true","R","MLB_STATS_API_SCHEDULE","false","false","false","656288","Griffin Canning","5","4.1","22","83","false","700241","Michael McGreevy","9","6.0","21","94","false","0","1"
"823466","2026-05-08","6:40 PM ET","Philadelphia Phillies","Colorado Rockies","Citizens Bank Park","Final","true","R","MLB_STATS_API_SCHEDULE","false","false","false","666200","Jesús Luzardo","6","3.0","18","95","false","801403","Chase Dollander","5","5.2","24","89","false","0","1"
"823794","2026-05-08","7:40 PM ET","Milwaukee Brewers","New York Yankees","American Family Field","Final","true","R","MLB_STATS_API_SCHEDULE","false","false","false","694819","Jacob Misiorowski","11","6.0","22","95","false","608331","Max Fried","5","6.0","26","94","false","0","1"
"823871","2026-05-08","7:10 PM ET","Miami Marlins","Washington Nationals","loanDepot park","Final","true","R","MLB_STATS_API_SCHEDULE","false","false","false","702281","Robby Snelling","2","5.0","22","86","false","656492","Foster Griffin","9","7.0","27","103","false","0","1"
"823957","2026-05-08","10:10 PM ET","Los Angeles Dodgers","Atlanta Braves","UNIQLO Field at Dodger Stadium","Final","true","R","MLB_STATS_API_SCHEDULE","false","false","false","686218","Emmet Sheehan","7","4.2","20","88","false","519242","Chris Sale","7","7.0","27","102","false","0","1"
"824116","2026-05-08","7:40 PM ET","Kansas City Royals","Detroit Tigers","Kauffman Stadium","Final","true","R","MLB_STATS_API_SCHEDULE","false","false","false","663460","Kris Bubic","5","5.2","24","96","false","672456","Keider Montero","4","6.0","22","71","false","0","1"
"824443","2026-05-08","7:15 PM ET","Cleveland Guardians","Minnesota Twins","Progressive Field","Final","true","R","MLB_STATS_API_SCHEDULE","false","false","false","800048","Parker Messick","7","5.2","24","95","false","687570","Connor Prielipp","6","5.0","23","93","false","0","1"
"824522","2026-05-08","6:10 PM ET","Cincinnati Reds","Houston Astros","Great American Ball Park","Final","true","R","MLB_STATS_API_SCHEDULE","false","false","false","666157","Nick Lodolo","2","5.1","21","78","false","681347","Mike Burrows","6","7.0","25","98","false","0","1"
"824607","2026-05-08","7:40 PM ET","Chicago White Sox","Seattle Mariners","Rate Field","Final","true","R","MLB_STATS_API_SCHEDULE","false","false","false","680732","Sean Burke","4","4.1","23","74","false","676106","Emerson Hancock","4","6.0","26","94","false","0","1"
"824768","2026-05-08","7:10 PM ET","Boston Red Sox","Tampa Bay Rays","Fenway Park","Final","true","R","MLB_STATS_API_SCHEDULE","false","false","false","813349","Connelly Early","8","7.0","26","96","false","669947","Jesse Scholtens","4","4.2","21","91","false","0","1"
"824846","2026-05-08","7:05 PM ET","Baltimore Orioles","Athletics","Oriole Park at Camden Yards","Final","true","R","MLB_STATS_API_SCHEDULE","false","false","false","680694","Kyle Bradish","10","7.0","28","96","false","682052","Jacob Lopez","5","5.1","21","91","false","0","1"
"825088","2026-05-08","9:40 PM ET","Arizona Diamondbacks","New York Mets","Chase Field","Final","true","R","MLB_STATS_API_SCHEDULE","false","false","false","669194","Ryne Nelson","7","6.2","23","95","false","690997","Nolan McLean","6","6.0","22","100","false","0","1"
"822820","2026-05-09","3:07 PM ET","Toronto Blue Jays","Los Angeles Angels","Rogers Centre","Final","true","R","MLB_STATS_API_SCHEDULE","false","false","false","702056","Trey Yesavage","6","4.0","17","87","false","686799","Jack Kochanowicz","0","4.0","25","84","false","0","1"
"822905","2026-05-09","7:05 PM ET","Texas Rangers","Chicago Cubs","Globe Life Field","Final","true","R","MLB_STATS_API_SCHEDULE","false","false","false","683004","Jack Leiter","6","4.2","23","97","false","665795","Edward Cabrera","6","5.0","21","88","false","0","1"
"823224","2026-05-09","9:05 PM ET","San Francisco Giants","Pittsburgh Pirates","Oracle Park","Final","true","R","MLB_STATS_API_SCHEDULE","false","false","false","694738","Landen Roupp","8","4.0","18","94","false","677952","Braxton Ashcraft","6","7.0","26","80","false","0","1"
"823304","2026-05-09","7:15 PM ET","San Diego Padres","St. Louis Cardinals","Petco Park","Final","true","R","MLB_STATS_API_SCHEDULE","false","false","false","681190","Randy Vásquez","6","5.0","20","94","false","669160","Dustin May","7","6.0","24","97","false","0","1"
"823468","2026-05-09","6:05 PM ET","Philadelphia Phillies","Colorado Rockies","Citizens Bank Park","Final","true","R","MLB_STATS_API_SCHEDULE","false","false","false","605400","Aaron Nola","4","4.2","22","94","false","607536","Kyle Freeland","4","5.0","25","87","false","0","1"
"823792","2026-05-09","7:10 PM ET","Milwaukee Brewers","New York Yankees","American Family Field","Final","true","R","MLB_STATS_API_SCHEDULE","false","false","false","690986","Kyle Harrison","6","4.0","20","77","false","693645","Cam Schlittler","6","6.0","21","97","false","0","1"
"823869","2026-05-09","4:10 PM ET","Miami Marlins","Washington Nationals","loanDepot park","Final","true","R","MLB_STATS_API_SCHEDULE","false","false","false","676083","Janson Junk","6","6.0","26","94","false","663992","Richard Lovelady","3","2.0","7","30","false","0","1"
"823955","2026-05-09","9:10 PM ET","Los Angeles Dodgers","Atlanta Braves","UNIQLO Field at Dodger Stadium","Final","true","R","MLB_STATS_API_SCHEDULE","false","false","false","605483","Blake Snell","5","3.0","18","77","false","675911","Spencer Strider","8","6.0","21","91","false","0","1"
"824115","2026-05-09","7:10 PM ET","Kansas City Royals","Detroit Tigers","Kauffman Stadium","Final","true","R","MLB_STATS_API_SCHEDULE","false","false","false","608379","Michael Wacha","6","7.0","27","89","false","572143","Burch Smith","0","0.1","4","11","false","0","1"
"824444","2026-05-09","6:10 PM ET","Cleveland Guardians","Minnesota Twins","Progressive Field","Final","true","R","MLB_STATS_API_SCHEDULE","false","false","false","676440","Tanner Bibee","9","6.0","22","98","false","657746","Joe Ryan","5","6.0","24","107","false","0","1"
"824523","2026-05-09","4:10 PM ET","Cincinnati Reds","Houston Astros","Great American Ball Park","Final","true","R","MLB_STATS_API_SCHEDULE","false","false","false","695505","Chase Burns","2","6.0","23","87","false","681293","Spencer Arrighetti","5","5.2","24","93","false","0","1"
"824606","2026-05-09","7:10 PM ET","Chicago White Sox","Seattle Mariners","Rate Field","Final","true","R","MLB_STATS_API_SCHEDULE","false","false","false","641743","Anthony Kay","5","5.0","20","88","false","622491","Luis Castillo","6","4.0","18","84","false","0","1"
"824766","2026-05-09","4:10 PM ET","Boston Red Sox","Tampa Bay Rays","Fenway Park","Postponed","false","R","MLB_STATS_API_SCHEDULE","true","false","true","801139","Payton Tolle","","","","","false","607259","Nick Martinez","","","","","false","0","2"
"824847","2026-05-09","4:05 PM ET","Baltimore Orioles","Athletics","Oriole Park at Camden Yards","Final","true","R","MLB_STATS_API_SCHEDULE","false","false","false","669358","Shane Baz","5","4.2","22","100","false","650644","Aaron Civale","6","5.0","23","97","false","0","1"
"825089","2026-05-09","7:15 PM ET","Arizona Diamondbacks","New York Mets","Chase Field","Final","true","R","MLB_STATS_API_SCHEDULE","false","false","false","518876","Merrill Kelly","6","7.0","26","96","false","605280","Clay Holmes","6","5.2","24","103","false","0","1"
"822819","2026-05-10","1:37 PM ET","Toronto Blue Jays","Los Angeles Angels","Rogers Centre","Final","true","R","MLB_STATS_API_SCHEDULE","false","false","false","693686","Spencer Miles","2","3.0","11","38","false","667755","José Soriano","7","7.2","29","103","false","0","1"
"822902","2026-05-10","2:35 PM ET","Texas Rangers","Chicago Cubs","Globe Life Field","Final","true","R","MLB_STATS_API_SCHEDULE","false","false","false","594798","Jacob deGrom","10","7.0","24","94","false","592791","Jameson Taillon","4","5.1","22","90","false","0","1"
"823221","2026-05-10","4:05 PM ET","San Francisco Giants","Pittsburgh Pirates","Oracle Park","Final","true","R","MLB_STATS_API_SCHEDULE","false","false","false","641816","Tyler Mahle","8","5.2","24","97","false","696149","Bubba Chandler","3","5.0","21","77","false","0","1"
"823305","2026-05-10","4:10 PM ET","San Diego Padres","St. Louis Cardinals","Petco Park","Final","true","R","MLB_STATS_API_SCHEDULE","false","false","false","621111","Walker Buehler","2","6.0","21","89","false","681517","Kyle Leahy","5","5.0","21","95","false","0","1"
"823463","2026-05-10","1:35 PM ET","Philadelphia Phillies","Colorado Rockies","Citizens Bank Park","Final","true","R","MLB_STATS_API_SCHEDULE","false","false","false","650911","Cristopher Sánchez","7","7.0","27","103","false","608372","Tomoyuki Sugano","2","5.0","22","81","false","0","1"
"823793","2026-05-10","2:10 PM ET","Milwaukee Brewers","New York Yankees","American Family Field","Final","true","R","MLB_STATS_API_SCHEDULE","false","false","false","701656","Logan Henderson","5","5.0","19","74","false","607074","Carlos Rodón","4","4.1","21","78","false","0","1"
"823868","2026-05-10","12:15 PM ET","Miami Marlins","Washington Nationals","loanDepot park","Final","true","R","MLB_STATS_API_SCHEDULE","false","false","false","645261","Sandy Alcantara","3","6.0","24","89","false","676917","Cade Cavalli","4","5.2","25","95","false","0","1"
"823954","2026-05-10","4:10 PM ET","Los Angeles Dodgers","Atlanta Braves","UNIQLO Field at Dodger Stadium","Final","true","R","MLB_STATS_API_SCHEDULE","false","false","false","680736","Justin Wrobleski","7","8.2","34","100","false","693821","Bryce Elder","8","5.2","22","83","false","0","1"
"824113","2026-05-10","7:20 PM ET","Kansas City Royals","Detroit Tigers","Kauffman Stadium","Final","true","R","MLB_STATS_API_SCHEDULE","false","false","false","702070","Noah Cameron","4","4.0","20","95","false","669724","Brenan Hanifee","0","0.2","4","10","false","0","1"
"824440","2026-05-10","1:40 PM ET","Cleveland Guardians","Minnesota Twins","Progressive Field","Final","true","R","MLB_STATS_API_SCHEDULE","false","false","false","668909","Gavin Williams","6","6.0","27","101","false","702193","Andrew Morris","0","1.0","3","6","false","0","1"
"824520","2026-05-10","1:40 PM ET","Cincinnati Reds","Houston Astros","Great American Ball Park","Final","true","R","MLB_STATS_API_SCHEDULE","false","false","false","671096","Andrew Abbott","5","6.0","21","85","false","678906","Kai-Wei Teng","1","3.0","15","63","false","0","1"
"824605","2026-05-10","2:10 PM ET","Chicago White Sox","Seattle Mariners","Rate Field","Final","true","R","MLB_STATS_API_SCHEDULE","false","false","false","663436","Davis Martin","9","6.0","23","105","false","669302","Logan Gilbert","9","6.0","19","87","false","0","1"
"824765","2026-05-10","1:35 PM ET","Boston Red Sox","Tampa Bay Rays","Fenway Park","Final","true","R","MLB_STATS_API_SCHEDULE","false","false","false","801139","Payton Tolle","4","5.0","20","81","false","607259","Nick Martinez","3","5.2","25","80","false","0","1"
"824845","2026-05-10","1:35 PM ET","Baltimore Orioles","Athletics","Oriole Park at Camden Yards","Final","true","R","MLB_STATS_API_SCHEDULE","false","false","false","669211","Keegan Akin","2","1.0","3","13","false","622663","Luis Severino","4","5.1","25","102","false","0","1"
"825085","2026-05-10","4:10 PM ET","Arizona Diamondbacks","New York Mets","Chase Field","Final","true","R","MLB_STATS_API_SCHEDULE","false","false","false","593958","Eduardo Rodriguez","4","8.1","31","100","false","623211","Huascar Brazobán","0","1.0","6","30","false","0","1"
"822818","2026-05-11","7:07 PM ET","Toronto Blue Jays","Tampa Bay Rays","Rogers Centre","Final","true","R","MLB_STATS_API_SCHEDULE","false","false","false","592332","Kevin Gausman","5","4.2","24","100","false","656876","Drew Rasmussen","6","6.0","23","100","false","0","1"
"822901","2026-05-11","8:05 PM ET","Texas Rangers","Arizona Diamondbacks","Globe Life Field","Final","true","R","MLB_STATS_API_SCHEDULE","false","false","false","596001","Jakob Junis","2","2.2","10","31","false","647336","Michael Soroka","5","6.1","22","89","false","0","1"
"823953","2026-05-11","10:10 PM ET","Los Angeles Dodgers","San Francisco Giants","UNIQLO Field at Dodger Stadium","Final","true","R","MLB_STATS_API_SCHEDULE","false","false","false","808963","Roki Sasaki","5","5.0","23","91","false","686790","Trevor McDonald","4","5.1","26","101","false","0","1"
"824199","2026-05-11","8:10 PM ET","Houston Astros","Seattle Mariners","Daikin Park","Final","true","R","MLB_STATS_API_SCHEDULE","false","false","false","663567","Peter Lambert","6","7.0","27","96","false","669923","George Kirby","7","5.0","23","99","false","0","1"
"824441","2026-05-11","6:10 PM ET","Cleveland Guardians","Los Angeles Angels","Progressive Field","Final","true","R","MLB_STATS_API_SCHEDULE","false","false","false","676282","Joey Cantillo","4","6.0","24","93","false","608718","Brent Suter","1","1.2","8","37","false","0","1"
"824844","2026-05-11","6:35 PM ET","Baltimore Orioles","New York Yankees","Oriole Park at Camden Yards","Final","true","R","MLB_STATS_API_SCHEDULE","false","false","false","687064","Brandon Young","5","5.1","22","97","false","677960","Ryan Weathers","9","6.1","23","101","false","0","1"
"824442","2026-05-12","6:10 PM ET","Cleveland Guardians","Los Angeles Angels","Progressive Field","Final","true","R","MLB_STATS_API_SCHEDULE","false","false","false","677944","Slade Cecconi","7","4.0","18","89","false","700712","Walbert Ureña","4","5.0","18","91","false","0","1"
"824843","2026-05-12","6:35 PM ET","Baltimore Orioles","New York Yankees","Oriole Park at Camden Yards","Final","true","R","MLB_STATS_API_SCHEDULE","false","false","false","669432","Trevor Rogers","3","4.0","21","73","false","701542","Will Warren","6","5.2","24","96","false","0","1"
"822815","2026-05-13","7:07 PM ET","Toronto Blue Jays","Tampa Bay Rays","Rogers Centre","Final","true","R","MLB_STATS_API_SCHEDULE","false","false","false","656302","Dylan Cease","9","7.0","26","99","false","643377","Griffin Jax","1","5.0","20","66","false","0","1"
"822900","2026-05-13","8:05 PM ET","Texas Rangers","Arizona Diamondbacks","Globe Life Field","Final","true","R","MLB_STATS_API_SCHEDULE","false","false","false","677958","Kumar Rocker","3","5.0","21","97","false","669194","Ryne Nelson","8","7.0","26","88","false","0","1"
"823386","2026-05-13","6:40 PM ET","Pittsburgh Pirates","Colorado Rockies","PNC Park","Final","true","R","MLB_STATS_API_SCHEDULE","false","false","false","656605","Mitch Keller","3","5.2","24","80","false","500779","Jose Quintana","2","4.0","19","73","false","0","1"
"823631","2026-05-13","7:10 PM ET","New York Mets","Detroit Tigers","Citi Field","Final","true","R","MLB_STATS_API_SCHEDULE","false","false","false","681035","Christian Scott","5","4.2","22","89","false","664285","Framber Valdez","7","6.2","28","106","false","0","1"
"823710","2026-05-13","7:40 PM ET","Minnesota Twins","Miami Marlins","Target Field","Final","true","R","MLB_STATS_API_SCHEDULE","false","false","false","680573","Simeon Woods Richardson","1","3.0","19","88","false","676974","Max Meyer","9","5.2","27","96","false","0","1"
"823791","2026-05-13","7:40 PM ET","Milwaukee Brewers","San Diego Padres","American Family Field","Final","true","R","MLB_STATS_API_SCHEDULE","false","false","false","694819","Jacob Misiorowski","10","7.0","25","93","false","650633","Michael King","5","5.2","25","99","false","0","1"
"823952","2026-05-13","10:10 PM ET","Los Angeles Dodgers","San Francisco Giants","UNIQLO Field at Dodger Stadium","Final","true","R","MLB_STATS_API_SCHEDULE","false","false","false","660271","Shohei Ohtani","8","7.0","26","105","false","592662","Robbie Ray","2","4.2","23","95","false","0","1"
"824195","2026-05-13","8:10 PM ET","Houston Astros","Seattle Mariners","Daikin Park","Final","true","R","MLB_STATS_API_SCHEDULE","false","false","false","621121","Lance McCullers Jr.","6","5.1","24","90","false","682243","Bryce Miller","3","5.1","25","81","false","0","1"
"824438","2026-05-13","1:10 PM ET","Cleveland Guardians","Los Angeles Angels","Progressive Field","Final","true","R","MLB_STATS_API_SCHEDULE","false","false","false","800048","Parker Messick","7","6.2","25","104","false","672282","Reid Detmers","6","5.2","25","102","false","0","1"
"824519","2026-05-13","6:40 PM ET","Cincinnati Reds","Washington Nationals","Great American Ball Park","Final","true","R","MLB_STATS_API_SCHEDULE","false","false","false","666157","Nick Lodolo","6","4.0","22","87","false","663623","Jake Irvin","4","3.0","18","86","false","0","1"
"824603","2026-05-13","7:40 PM ET","Chicago White Sox","Kansas City Royals","Rate Field","Final","true","R","MLB_STATS_API_SCHEDULE","false","false","false","702273","Noah Schultz","3","4.1","19","76","false","607625","Seth Lugo","4","5.0","25","92","false","0","1"
"824763","2026-05-13","6:45 PM ET","Boston Red Sox","Philadelphia Phillies","Fenway Park","Final","true","R","MLB_STATS_API_SCHEDULE","false","false","false","543243","Sonny Gray","6","6.0","20","78","false","691725","Andrew Painter","4","5.0","19","62","false","0","1"
"824841","2026-05-13","1:05 PM ET","Baltimore Orioles","New York Yankees","Oriole Park at Camden Yards","Final","true","R","MLB_STATS_API_SCHEDULE","false","false","false","680694","Kyle Bradish","7","6.0","21","100","false","608331","Max Fried","2","3.0","13","61","false","0","1"
"824928","2026-05-13","7:15 PM ET","Atlanta Braves","Chicago Cubs","Truist Park","Final","true","R","MLB_STATS_API_SCHEDULE","false","false","false","702275","JR Ritchie","4","4.1","18","87","false","684007","Shota Imanaga","6","7.0","24","96","false","0","1"
"825010","2026-05-13","9:40 PM ET","Athletics","St. Louis Cardinals","Sutter Health Park","Final","true","R","MLB_STATS_API_SCHEDULE","false","false","false","669372","J.T. Ginn","3","6.0","25","95","false","669461","Matthew Liberatore","5","5.0","24","89","false","0","1"
"823383","2026-05-14","12:35 PM ET","Pittsburgh Pirates","Colorado Rockies","PNC Park","Final","true","R","MLB_STATS_API_SCHEDULE","false","false","false","682254","Mason Montgomery","3","1.0","4","14","false","801403","Chase Dollander","0","1.0","9","28","false","0","1"
"823630","2026-05-14","1:10 PM ET","New York Mets","Detroit Tigers","Citi Field","Final","true","R","MLB_STATS_API_SCHEDULE","false","false","false","690997","Nolan McLean","7","7.0","28","93","false","672456","Keider Montero","2","4.2","20","70","false","0","1"
"823709","2026-05-14","1:40 PM ET","Minnesota Twins","Miami Marlins","Target Field","Final","true","R","MLB_STATS_API_SCHEDULE","false","false","false","805673","Zebby Matthews","5","7.0","25","83","false","666129","Braxton Garrett","3","1.1","13","64","false","0","1"
"823789","2026-05-14","1:40 PM ET","Milwaukee Brewers","San Diego Padres","American Family Field","Final","true","R","MLB_STATS_API_SCHEDULE","false","false","false","690986","Kyle Harrison","7","5.0","20","99","false","656288","Griffin Canning","2","1.2","14","64","false","0","1"
"823950","2026-05-14","10:10 PM ET","Los Angeles Dodgers","San Francisco Giants","UNIQLO Field at Dodger Stadium","","false","R","MLB_STATS_API_SCHEDULE","true","false","true","","Por definir","","","","","false","","Por definir","","","","","false","0","1"
"824196","2026-05-14","2:10 PM ET","Houston Astros","Seattle Mariners","Daikin Park","Final","true","R","MLB_STATS_API_SCHEDULE","false","false","false","681347","Mike Burrows","4","5.2","27","102","false","622491","Luis Castillo","6","5.2","24","108","false","0","1"
"824517","2026-05-14","12:40 PM ET","Cincinnati Reds","Washington Nationals","Great American Ball Park","Final","true","R","MLB_STATS_API_SCHEDULE","false","false","false","695505","Chase Burns","7","6.0","23","95","false","656492","Foster Griffin","7","4.1","23","92","false","0","1"
"824602","2026-05-14","7:40 PM ET","Chicago White Sox","Kansas City Royals","Rate Field","","false","R","MLB_STATS_API_SCHEDULE","true","false","true","641743","Anthony Kay","","","","","false","663460","Kris Bubic","","","","","false","0","1"
"824762","2026-05-14","6:45 PM ET","Boston Red Sox","Philadelphia Phillies","Fenway Park","Final","true","R","MLB_STATS_API_SCHEDULE","false","false","false","624133","Ranger Suarez","8","5.1","21","76","false","666200","Jesús Luzardo","4","6.0","23","92","false","0","1"
"824926","2026-05-14","7:15 PM ET","Atlanta Braves","Chicago Cubs","Truist Park","Final","true","R","MLB_STATS_API_SCHEDULE","false","false","false","519242","Chris Sale","8","6.0","25","100","false","676962","Ben Brown","7","4.0","15","65","false","0","1"
"825008","2026-05-14","3:05 PM ET","Athletics","St. Louis Cardinals","Sutter Health Park","Final","true","R","MLB_STATS_API_SCHEDULE","false","false","false","682052","Jacob Lopez","2","5.0","23","86","false","700241","Michael McGreevy","3","6.0","23","74","false","0","1"
"822739","2026-05-15","6:45 PM ET","Washington Nationals","Baltimore Orioles","Nationals Park","Final","true","R","MLB_STATS_API_SCHEDULE","false","false","false","641793","Zack Littell","3","5.0","20","87","false","669358","Shane Baz","4","7.0","30","108","false","0","1"
"822983","2026-05-15","7:10 PM ET","Tampa Bay Rays","Miami Marlins","Tropicana Field","Final","true","R","MLB_STATS_API_SCHEDULE","false","false","false","693855","Ian Seymour","2","2.0","8","25","false","676083","Janson Junk","4","5.2","28","100","false","0","1"
"823061","2026-05-15","8:15 PM ET","St. Louis Cardinals","Kansas City Royals","Busch Stadium","Final","true","R","MLB_STATS_API_SCHEDULE","false","false","false","669160","Dustin May","3","6.0","26","91","false","608379","Michael Wacha","5","6.0","23","87","false","0","1"
"823140","2026-05-15","9:40 PM ET","Seattle Mariners","San Diego Padres","T-Mobile Park","Final","true","R","MLB_STATS_API_SCHEDULE","false","false","false","676106","Emerson Hancock","6","6.0","22","91","false","681190","Randy Vásquez","3","6.0","22","79","false","0","1"
"823384","2026-05-15","6:40 PM ET","Pittsburgh Pirates","Philadelphia Phillies","PNC Park","Final","true","R","MLB_STATS_API_SCHEDULE","false","false","false","677952","Braxton Ashcraft","5","6.2","28","100","false","605400","Aaron Nola","2","3.2","18","80","false","0","1"
"823629","2026-05-15","7:15 PM ET","New York Mets","New York Yankees","Citi Field","Final","true","R","MLB_STATS_API_SCHEDULE","false","false","false","605280","Clay Holmes","8","4.1","23","95","false","693645","Cam Schlittler","9","6.2","24","106","false","0","1"
"823707","2026-05-15","7:10 PM ET","Minnesota Twins","Milwaukee Brewers","Target Field","Final","true","R","MLB_STATS_API_SCHEDULE","false","false","false","657746","Joe Ryan","7","6.0","22","90","false","689441","Coleman Crow","3","5.0","19","68","false","0","1"
"824037","2026-05-15","9:38 PM ET","Los Angeles Angels","Los Angeles Dodgers","Angel Stadium","Final","true","R","MLB_STATS_API_SCHEDULE","false","false","false","686799","Jack Kochanowicz","4","6.0","27","96","false","694361","Will Klein","2","2.0","8","32","false","0","1"
"824194","2026-05-15","8:10 PM ET","Houston Astros","Texas Rangers","Daikin Park","Final","true","R","MLB_STATS_API_SCHEDULE","false","false","false","681293","Spencer Arrighetti","5","7.1","27","102","false","683004","Jack Leiter","6","7.0","27","98","false","0","1"
"824280","2026-05-15","6:45 PM ET","Detroit Tigers","Toronto Blue Jays","Comerica Park","Final","true","R","MLB_STATS_API_SCHEDULE","false","false","false","669724","Brenan Hanifee","1","1.0","4","14","false","702056","Trey Yesavage","6","6.0","24","88","false","0","1"
"824360","2026-05-15","8:40 PM ET","Colorado Rockies","Arizona Diamondbacks","Coors Field","Final","true","R","MLB_STATS_API_SCHEDULE","false","false","false","607536","Kyle Freeland","3","3.2","22","81","false","518876","Merrill Kelly","3","9.0","31","100","false","0","1"
"824439","2026-05-15","7:10 PM ET","Cleveland Guardians","Cincinnati Reds","Progressive Field","Final","true","R","MLB_STATS_API_SCHEDULE","false","false","false","676440","Tanner Bibee","2","6.2","28","96","false","671096","Andrew Abbott","2","5.0","22","90","false","0","1"
"824601","2026-05-15","7:40 PM ET","Chicago White Sox","Chicago Cubs","Rate Field","Final","true","R","MLB_STATS_API_SCHEDULE","false","false","false","680732","Sean Burke","5","4.1","23","91","false","665795","Edward Cabrera","2","4.2","19","88","false","0","1"
"824925","2026-05-15","7:15 PM ET","Atlanta Braves","Boston Red Sox","Truist Park","Final","true","R","MLB_STATS_API_SCHEDULE","false","false","false","675911","Spencer Strider","4","5.1","18","84","false","813349","Connelly Early","6","5.0","22","86","false","0","1"
"825009","2026-05-15","9:40 PM ET","Athletics","San Francisco Giants","Sutter Health Park","Final","true","R","MLB_STATS_API_SCHEDULE","false","false","false","650644","Aaron Civale","2","5.0","22","76","false","641816","Tyler Mahle","6","5.0","24","90","false","0","1"
"822737","2026-05-16","4:05 PM ET","Washington Nationals","Baltimore Orioles","Nationals Park","Final","true","R","MLB_STATS_API_SCHEDULE","false","false","false","676917","Cade Cavalli","8","6.1","26","94","false","605135","Chris Bassitt","4","5.0","23","82","false","0","1"
"822981","2026-05-16","4:10 PM ET","Tampa Bay Rays","Miami Marlins","Tropicana Field","Final","true","R","MLB_STATS_API_SCHEDULE","false","false","false","607259","Nick Martinez","4","6.0","23","77","false","645261","Sandy Alcantara","6","6.0","25","101","false","0","1"
"823060","2026-05-16","2:15 PM ET","St. Louis Cardinals","Kansas City Royals","Busch Stadium","Final","true","R","MLB_STATS_API_SCHEDULE","false","false","false","681517","Kyle Leahy","2","6.0","25","90","false","702070","Noah Cameron","4","6.0","23","82","false","0","1"
"823139","2026-05-16","7:15 PM ET","Seattle Mariners","San Diego Padres","T-Mobile Park","Final","true","R","MLB_STATS_API_SCHEDULE","false","false","false","669302","Logan Gilbert","5","6.2","27","97","false","621111","Walker Buehler","6","5.0","22","101","false","0","1"
"823382","2026-05-16","4:05 PM ET","Pittsburgh Pirates","Philadelphia Phillies","PNC Park","Final","true","R","MLB_STATS_API_SCHEDULE","false","false","false","696149","Bubba Chandler","2","3.0","16","73","false","650911","Cristopher Sánchez","13","9.0","32","108","false","0","1"
"823627","2026-05-16","7:15 PM ET","New York Mets","New York Yankees","Citi Field","Final","true","R","MLB_STATS_API_SCHEDULE","false","false","false","623211","Huascar Brazobán","2","1.1","4","24","false","607074","Carlos Rodón","6","3.2","17","88","false","0","1"
"823706","2026-05-16","7:10 PM ET","Minnesota Twins","Milwaukee Brewers","Target Field","Final","true","R","MLB_STATS_API_SCHEDULE","false","false","false","687570","Connor Prielipp","8","6.0","23","86","false","701656","Logan Henderson","7","5.0","22","84","false","0","1"
"824038","2026-05-16","9:38 PM ET","Los Angeles Angels","Los Angeles Dodgers","Angel Stadium","Final","true","R","MLB_STATS_API_SCHEDULE","false","false","false","667755","José Soriano","6","5.1","24","92","false","680736","Justin Wrobleski","5","6.0","26","103","false","0","1"
"824193","2026-05-16","7:10 PM ET","Houston Astros","Texas Rangers","Daikin Park","Final","true","R","MLB_STATS_API_SCHEDULE","false","false","false","678906","Kai-Wei Teng","7","5.0","21","76","false","594798","Jacob deGrom","4","6.0","23","94","false","0","1"
"824278","2026-05-16","1:10 PM ET","Detroit Tigers","Toronto Blue Jays","Comerica Park","Final","true","R","MLB_STATS_API_SCHEDULE","false","false","false","663554","Casey Mize","4","6.0","19","71","false","689254","Mason Fluharty","3","1.1","5","18","false","0","1"
"824359","2026-05-16","3:10 PM ET","Colorado Rockies","Arizona Diamondbacks","Coors Field","Final","true","R","MLB_STATS_API_SCHEDULE","false","false","false","608372","Tomoyuki Sugano","1","5.0","22","88","false","593958","Eduardo Rodriguez","6","5.1","23","91","false","0","1"
"824435","2026-05-16","6:10 PM ET","Cleveland Guardians","Cincinnati Reds","Progressive Field","Final","true","R","MLB_STATS_API_SCHEDULE","false","false","false","676282","Joey Cantillo","4","5.0","22","87","false","663978","Chris Paddack","3","5.0","23","78","false","0","1"
"824600","2026-05-16","7:10 PM ET","Chicago White Sox","Chicago Cubs","Rate Field","Final","true","R","MLB_STATS_API_SCHEDULE","false","false","false","663436","Davis Martin","7","6.0","23","91","false","592791","Jameson Taillon","2","5.0","24","90","false","0","1"
"824924","2026-05-16","7:15 PM ET","Atlanta Braves","Boston Red Sox","Truist Park","Final","true","R","MLB_STATS_API_SCHEDULE","false","false","false","693821","Bryce Elder","3","8.0","32","103","false","801139","Payton Tolle","3","8.0","28","85","false","0","1"
"825007","2026-05-16","9:40 PM ET","Athletics","San Francisco Giants","Sutter Health Park","Final","true","R","MLB_STATS_API_SCHEDULE","false","false","false","622663","Luis Severino","7","6.0","30","96","false","686790","Trevor McDonald","5","6.2","26","90","false","0","1"
"822738","2026-05-17","1:35 PM ET","Washington Nationals","Baltimore Orioles","Nationals Park","Final","true","R","MLB_STATS_API_SCHEDULE","false","false","false","663992","Richard Lovelady","1","1.1","6","27","false","687064","Brandon Young","3","3.2","19","70","false","0","1"
"822982","2026-05-17","12:15 PM ET","Tampa Bay Rays","Miami Marlins","Tropicana Field","Final","true","R","MLB_STATS_API_SCHEDULE","false","false","false","656876","Drew Rasmussen","2","5.1","24","93","false","691587","Eury Pérez","5","5.0","23","102","false","0","1"
"823058","2026-05-17","2:15 PM ET","St. Louis Cardinals","Kansas City Royals","Busch Stadium","Final","true","R","MLB_STATS_API_SCHEDULE","false","false","false","669467","Andre Pallante","7","6.2","27","99","false","663568","Stephen Kolek","3","6.1","24","82","false","0","1"
"823138","2026-05-17","7:20 PM ET","Seattle Mariners","San Diego Padres","T-Mobile Park","Final","true","R","MLB_STATS_API_SCHEDULE","false","false","false","669923","George Kirby","6","5.2","24","98","false","608337","Lucas Giolito","3","5.0","20","78","false","0","1"
"823381","2026-05-17","1:35 PM ET","Pittsburgh Pirates","Philadelphia Phillies","PNC Park","Final","true","R","MLB_STATS_API_SCHEDULE","false","false","false","694973","Paul Skenes","7","5.0","23","92","false","554430","Zack Wheeler","8","7.0","25","98","false","0","1"
"823628","2026-05-17","1:40 PM ET","New York Mets","New York Yankees","Citi Field","Final","true","R","MLB_STATS_API_SCHEDULE","false","false","false","642547","Freddy Peralta","4","5.0","23","96","false","695684","Elmer Rodríguez","1","4.1","20","64","false","0","1"
"823708","2026-05-17","2:10 PM ET","Minnesota Twins","Milwaukee Brewers","Target Field","Final","true","R","MLB_STATS_API_SCHEDULE","false","false","false","641927","Bailey Ober","1","5.0","23","77","false","688107","Robert Gasser","3","4.0","20","79","false","0","1"
"824034","2026-05-17","4:07 PM ET","Los Angeles Angels","Los Angeles Dodgers","Angel Stadium","Final","true","R","MLB_STATS_API_SCHEDULE","false","false","false","680570","Grayson Rodriguez","4","3.2","21","79","false","808963","Roki Sasaki","8","7.0","24","91","false","0","1"
"824192","2026-05-17","2:10 PM ET","Houston Astros","Texas Rangers","Daikin Park","Final","true","R","MLB_STATS_API_SCHEDULE","false","false","false","663567","Peter Lambert","6","6.0","24","93","false","543135","Nathan Eovaldi","8","7.0","27","94","false","0","1"
"824279","2026-05-17","1:40 PM ET","Detroit Tigers","Toronto Blue Jays","Comerica Park","Final","true","R","MLB_STATS_API_SCHEDULE","false","false","false","656427","Jack Flaherty","4","6.0","24","90","false","592332","Kevin Gausman","5","6.0","22","97","false","0","1"
"824358","2026-05-17","3:10 PM ET","Colorado Rockies","Arizona Diamondbacks","Coors Field","Final","true","R","MLB_STATS_API_SCHEDULE","false","false","false","547179","Michael Lorenzen","5","4.2","26","101","false","647336","Michael Soroka","8","5.2","25","98","false","0","1"
"824436","2026-05-17","1:40 PM ET","Cleveland Guardians","Cincinnati Reds","Progressive Field","Final","true","R","MLB_STATS_API_SCHEDULE","false","false","false","668909","Gavin Williams","7","6.0","25","93","false","663903","Brady Singer","6","4.0","20","86","false","0","1"
"824599","2026-05-17","2:10 PM ET","Chicago White Sox","Chicago Cubs","Rate Field","Final","true","R","MLB_STATS_API_SCHEDULE","false","false","false","607200","Erick Fedde","2","3.0","19","92","false","607067","Colin Rea","4","4.2","21","83","false","0","1"
"824923","2026-05-17","1:35 PM ET","Atlanta Braves","Boston Red Sox","Truist Park","Final","true","R","MLB_STATS_API_SCHEDULE","false","false","false","656550","Grant Holmes","4","6.0","24","87","false","678394","Brayan Bello","1","5.0","26","98","false","0","1"
"825006","2026-05-17","4:05 PM ET","Athletics","San Francisco Giants","Sutter Health Park","Final","true","R","MLB_STATS_API_SCHEDULE","false","false","false","605488","Jeffrey Springs","3","6.0","24","92","false","605288","Adrian Houser","3","6.0","25","93","false","0","1"
"822734","2026-05-18","6:45 PM ET","Washington Nationals","New York Mets","Nationals Park","Final","true","R","MLB_STATS_API_SCHEDULE","false","false","false","663623","Jake Irvin","6","4.0","18","74","false","681035","Christian Scott","5","4.0","20","81","false","0","1"
"822980","2026-05-18","6:40 PM ET","Tampa Bay Rays","Baltimore Orioles","Tropicana Field","Final","true","R","MLB_STATS_API_SCHEDULE","false","false","false","663556","Shane McClanahan","6","5.0","23","90","false","669432","Trevor Rogers","3","3.2","22","88","false","0","1"
"823137","2026-05-18","9:40 PM ET","Seattle Mariners","Chicago White Sox","T-Mobile Park","Final","true","R","MLB_STATS_API_SCHEDULE","false","false","false","","Por definir","","","","","false","","Por definir","","","","","false","0","1"
"823301","2026-05-18","9:40 PM ET","San Diego Padres","Los Angeles Dodgers","Petco Park","Final","true","R","MLB_STATS_API_SCHEDULE","false","false","false","650633","Michael King","9","7.0","24","100","false","808967","Yoshinobu Yamamoto","8","7.0","26","107","false","0","1"
"823465","2026-05-18","6:40 PM ET","Philadelphia Phillies","Cincinnati Reds","Citizens Bank Park","Final","true","R","MLB_STATS_API_SCHEDULE","false","false","false","691725","Andrew Painter","3","6.0","22","69","false","666157","Nick Lodolo","3","5.2","24","97","false","0","1"
"823549","2026-05-18","7:05 PM ET","New York Yankees","Toronto Blue Jays","Yankee Stadium","Final","true","R","MLB_STATS_API_SCHEDULE","false","false","false","677960","Ryan Weathers","7","5.1","23","90","false","571578","Patrick Corbin","3","4.0","20","79","false","0","1"
"823705","2026-05-18","7:40 PM ET","Minnesota Twins","Houston Astros","Target Field","Final","true","R","MLB_STATS_API_SCHEDULE","false","false","false","696070","Kendry Rojas","3","4.0","15","46","false","837227","Tatsuya Imai","5","4.2","18","74","false","0","1"
"823867","2026-05-18","6:40 PM ET","Miami Marlins","Atlanta Braves","loanDepot park","Final","true","R","MLB_STATS_API_SCHEDULE","false","false","false","676974","Max Meyer","6","6.0","22","97","false","702275","JR Ritchie","4","4.0","21","83","false","0","1"
"824035","2026-05-18","9:38 PM ET","Los Angeles Angels","Athletics","Angel Stadium","Final","true","R","MLB_STATS_API_SCHEDULE","false","false","false","700712","Walbert Ureña","4","6.0","26","92","false","669372","J.T. Ginn","10","8.0","28","105","false","0","1"
"824114","2026-05-18","7:10 PM ET","Kansas City Royals","Boston Red Sox","Kauffman Stadium","Final","true","R","MLB_STATS_API_SCHEDULE","false","false","false","607625","Seth Lugo","5","6.0","25","93","false","543243","Sonny Gray","9","6.0","24","80","false","0","1"
"824277","2026-05-18","6:40 PM ET","Detroit Tigers","Cleveland Guardians","Comerica Park","Final","true","R","MLB_STATS_API_SCHEDULE","false","false","false","664285","Framber Valdez","3","5.0","23","89","false","677944","Slade Cecconi","4","7.1","26","96","false","0","1"
"824357","2026-05-18","8:40 PM ET","Colorado Rockies","Texas Rangers","Coors Field","Final","true","R","MLB_STATS_API_SCHEDULE","false","false","false","500779","Jose Quintana","4","5.2","25","94","false","669022","MacKenzie Gore","2","1.0","8","28","false","0","1"
"824680","2026-05-18","7:40 PM ET","Chicago Cubs","Milwaukee Brewers","Wrigley Field","Final","true","R","MLB_STATS_API_SCHEDULE","false","false","false","684007","Shota Imanaga","2","4.1","24","79","false","687075","Brandon Sproat","5","4.2","21","78","false","0","1"
"825087","2026-05-18","9:40 PM ET","Arizona Diamondbacks","San Francisco Giants","Chase Field","","false","R","MLB_STATS_API_SCHEDULE","true","false","true","","Por definir","","","","","false","","Por definir","","","","","false","0","1"
"822736","2026-05-19","6:45 PM ET","Washington Nationals","New York Mets","Nationals Park","Final","true","R","MLB_STATS_API_SCHEDULE","false","false","false","656492","Foster Griffin","5","5.0","24","97","false","690997","Nolan McLean","5","5.2","31","100","false","0","1"
"822979","2026-05-19","6:40 PM ET","Tampa Bay Rays","Baltimore Orioles","Tropicana Field","Final","true","R","MLB_STATS_API_SCHEDULE","false","false","false","643377","Griffin Jax","6","5.0","18","62","false","680694","Kyle Bradish","6","5.1","23","102","false","0","1"
"823059","2026-05-19","7:45 PM ET","St. Louis Cardinals","Pittsburgh Pirates","Busch Stadium","Final","true","R","MLB_STATS_API_SCHEDULE","false","false","false","669461","Matthew Liberatore","9","4.2","23","77","false","656605","Mitch Keller","3","5.2","22","83","false","0","1"
"823136","2026-05-19","9:40 PM ET","Seattle Mariners","Chicago White Sox","T-Mobile Park","Final","true","R","MLB_STATS_API_SCHEDULE","false","false","false","682243","Bryce Miller","7","5.2","19","72","false","641743","Anthony Kay","5","5.1","22","89","false","0","1"
"823302","2026-05-19","9:40 PM ET","San Diego Padres","Los Angeles Dodgers","Petco Park","Final","true","R","MLB_STATS_API_SCHEDULE","false","false","false","656288","Griffin Canning","5","5.0","20","72","false","686218","Emmet Sheehan","2","4.0","18","67","false","0","1"
"823464","2026-05-19","6:40 PM ET","Philadelphia Phillies","Cincinnati Reds","Citizens Bank Park","Final","true","R","MLB_STATS_API_SCHEDULE","false","false","false","666200","Jesús Luzardo","5","6.0","23","95","false","695505","Chase Burns","9","6.0","20","86","false","0","1"
"823548","2026-05-19","7:05 PM ET","New York Yankees","Toronto Blue Jays","Yankee Stadium","Final","true","R","MLB_STATS_API_SCHEDULE","false","false","false","701542","Will Warren","3","5.0","22","86","false","656302","Dylan Cease","9","5.0","22","100","false","0","1"
"823704","2026-05-19","7:40 PM ET","Minnesota Twins","Houston Astros","Target Field","Final","true","R","MLB_STATS_API_SCHEDULE","false","false","false","805673","Zebby Matthews","6","6.0","23","100","false","669920","Jason Alexander","4","6.0","23","80","false","0","1"
"823865","2026-05-19","4:10 PM ET","Miami Marlins","Atlanta Braves","loanDepot park","Final","true","R","MLB_STATS_API_SCHEDULE","false","false","false","666129","Braxton Garrett","2","3.0","15","65","false","527048","Martín Pérez","10","5.0","23","78","false","0","1"
"824033","2026-05-19","9:38 PM ET","Los Angeles Angels","Athletics","Angel Stadium","Final","true","R","MLB_STATS_API_SCHEDULE","false","false","false","672282","Reid Detmers","8","5.2","27","92","false","682052","Jacob Lopez","2","3.2","21","83","false","0","1"
"824112","2026-05-19","7:40 PM ET","Kansas City Royals","Boston Red Sox","Kauffman Stadium","Final","true","R","MLB_STATS_API_SCHEDULE","false","false","false","663559","Bailey Falter","2","2.0","12","39","false","624133","Ranger Suarez","3","4.1","19","81","false","0","1"
"824276","2026-05-19","6:40 PM ET","Detroit Tigers","Cleveland Guardians","Comerica Park","Final","true","R","MLB_STATS_API_SCHEDULE","false","false","false","672456","Keider Montero","1","5.0","21","85","false","800048","Parker Messick","6","5.0","21","81","false","0","1"
"824356","2026-05-19","8:40 PM ET","Colorado Rockies","Texas Rangers","Coors Field","Final","true","R","MLB_STATS_API_SCHEDULE","false","false","false","671111","Sammy Peralta","1","0.2","7","23","false","641302","Tyler Alexander","1","1.0","4","16","false","0","1"
"824677","2026-05-19","7:40 PM ET","Chicago Cubs","Milwaukee Brewers","Wrigley Field","Final","true","R","MLB_STATS_API_SCHEDULE","false","false","false","676962","Ben Brown","6","5.0","25","82","false","694819","Jacob Misiorowski","8","6.0","22","74","false","0","1"
"825086","2026-05-19","9:40 PM ET","Arizona Diamondbacks","San Francisco Giants","Chase Field","Final","true","R","MLB_STATS_API_SCHEDULE","false","false","false","669194","Ryne Nelson","3","7.0","31","88","false","694738","Landen Roupp","3","6.0","23","91","false","0","1"
"822735","2026-05-20","6:45 PM ET","Washington Nationals","New York Mets","Nationals Park","Final","true","R","MLB_STATS_API_SCHEDULE","false","false","false","641793","Zack Littell","3","5.0","20","60","false","804267","Zac Thornton","3","4.1","19","80","false","0","1"
"822977","2026-05-20","1:10 PM ET","Tampa Bay Rays","Baltimore Orioles","Tropicana Field","Final","true","R","MLB_STATS_API_SCHEDULE","false","false","false","571927","Steven Matz","5","4.0","17","67","false","669358","Shane Baz","6","6.0","22","94","false","0","1"
"823057","2026-05-20","7:45 PM ET","St. Louis Cardinals","Pittsburgh Pirates","Busch Stadium","Final","true","R","MLB_STATS_API_SCHEDULE","false","false","false","700241","Michael McGreevy","1","5.0","26","91","false","669387","Carmen Mlodzinski","1","5.0","19","95","false","0","1"
"823134","2026-05-20","4:10 PM ET","Seattle Mariners","Chicago White Sox","T-Mobile Park","Final","true","R","MLB_STATS_API_SCHEDULE","false","false","false","676106","Emerson Hancock","4","5.0","22","86","false","680732","Sean Burke","5","4.2","22","83","false","0","1"
"823299","2026-05-20","8:40 PM ET","San Diego Padres","Los Angeles Dodgers","Petco Park","Final","true","R","MLB_STATS_API_SCHEDULE","false","false","false","681190","Randy Vásquez","0","4.1","21","74","false","660271","Shohei Ohtani","4","5.0","19","88","false","0","1"
"823462","2026-05-20","1:05 PM ET","Philadelphia Phillies","Cincinnati Reds","Citizens Bank Park","Final","true","R","MLB_STATS_API_SCHEDULE","false","false","false","605400","Aaron Nola","5","5.0","23","77","false","671096","Andrew Abbott","3","5.1","22","96","false","0","1"
"823547","2026-05-20","7:05 PM ET","New York Yankees","Toronto Blue Jays","Yankee Stadium","Final","true","R","MLB_STATS_API_SCHEDULE","false","false","false","693645","Cam Schlittler","7","6.0","27","106","false","702056","Trey Yesavage","8","6.0","20","95","false","0","1"
"823703","2026-05-20","1:40 PM ET","Minnesota Twins","Houston Astros","Target Field","Final","true","R","MLB_STATS_API_SCHEDULE","false","false","false","657746","Joe Ryan","9","6.0","22","99","false","681347","Mike Burrows","2","6.0","27","88","false","0","1"
"823866","2026-05-20","6:40 PM ET","Miami Marlins","Atlanta Braves","loanDepot park","Final","true","R","MLB_STATS_API_SCHEDULE","false","false","false","676083","Janson Junk","3","5.0","23","86","false","519242","Chris Sale","8","7.0","25","96","false","0","1"
"824032","2026-05-20","9:38 PM ET","Los Angeles Angels","Athletics","Angel Stadium","Final","true","R","MLB_STATS_API_SCHEDULE","false","false","false","686799","Jack Kochanowicz","7","6.0","25","94","false","650644","Aaron Civale","2","5.0","21","61","false","0","1"
"824111","2026-05-20","7:40 PM ET","Kansas City Royals","Boston Red Sox","Kauffman Stadium","Final","true","R","MLB_STATS_API_SCHEDULE","false","false","false","608379","Michael Wacha","8","6.0","25","105","false","813349","Connelly Early","5","6.1","27","93","false","0","1"
"824273","2026-05-20","6:40 PM ET","Detroit Tigers","Cleveland Guardians","Comerica Park","Final","true","R","MLB_STATS_API_SCHEDULE","false","false","false","623454","Drew Anderson","7","4.2","18","63","false","676440","Tanner Bibee","5","8.0","28","104","false","0","1"
"824355","2026-05-20","3:10 PM ET","Colorado Rockies","Texas Rangers","Coors Field","Final","true","R","MLB_STATS_API_SCHEDULE","false","false","false","607536","Kyle Freeland","4","4.2","22","89","false","683004","Jack Leiter","5","5.0","24","83","false","0","1"
"824678","2026-05-20","7:40 PM ET","Chicago Cubs","Milwaukee Brewers","Wrigley Field","Final","true","R","MLB_STATS_API_SCHEDULE","false","false","false","665795","Edward Cabrera","2","3.0","16","61","false","690986","Kyle Harrison","11","7.0","23","94","false","0","1"
"825084","2026-05-20","3:40 PM ET","Arizona Diamondbacks","San Francisco Giants","Chase Field","Final","true","R","MLB_STATS_API_SCHEDULE","false","false","false","518876","Merrill Kelly","4","6.0","26","85","false","641816","Tyler Mahle","6","5.0","23","79","false","0","1"
"822733","2026-05-21","4:05 PM ET","Washington Nationals","New York Mets","Nationals Park","Final","true","R","MLB_STATS_API_SCHEDULE","false","false","false","676917","Cade Cavalli","9","7.0","27","84","false","656849","David Peterson","3","5.0","22","82","false","0","1"
"823056","2026-05-21","1:15 PM ET","St. Louis Cardinals","Pittsburgh Pirates","Busch Stadium","Final","true","R","MLB_STATS_API_SCHEDULE","false","false","false","669160","Dustin May","7","5.1","25","91","false","677952","Braxton Ashcraft","9","7.0","27","98","false","0","1"
"823545","2026-05-21","7:05 PM ET","New York Yankees","Toronto Blue Jays","Yankee Stadium","Final","true","R","MLB_STATS_API_SCHEDULE","false","false","false","607074","Carlos Rodón","7","5.0","21","95","false","680755","Braydon Fisher","4","1.1","5","23","false","0","1"
"823864","2026-05-21","6:40 PM ET","Miami Marlins","Atlanta Braves","loanDepot park","Final","true","R","MLB_STATS_API_SCHEDULE","false","false","false","645261","Sandy Alcantara","3","6.0","25","94","false","675911","Spencer Strider","9","6.1","24","100","false","0","1"
"824031","2026-05-21","9:38 PM ET","Los Angeles Angels","Athletics","Angel Stadium","Final","true","R","MLB_STATS_API_SCHEDULE","false","false","false","667755","José Soriano","7","6.2","26","103","false","622663","Luis Severino","10","7.0","23","97","false","0","1"
"824274","2026-05-21","1:10 PM ET","Detroit Tigers","Cleveland Guardians","Comerica Park","Final","true","R","MLB_STATS_API_SCHEDULE","false","false","false","663554","Casey Mize","4","6.2","24","95","false","676282","Joey Cantillo","6","5.2","23","98","false","0","1"
"825083","2026-05-21","9:40 PM ET","Arizona Diamondbacks","Colorado Rockies","Chase Field","Final","true","R","MLB_STATS_API_SCHEDULE","false","false","false","593958","Eduardo Rodriguez","4","7.0","24","99","false","688642","Zach Agnos","4","5.0","17","71","false","0","1"
"822816","2026-05-22","7:07 PM ET","Toronto Blue Jays","Pittsburgh Pirates","Rogers Centre","Final","true","R","MLB_STATS_API_SCHEDULE","false","false","false","592332","Kevin Gausman","8","6.2","27","94","false","696149","Bubba Chandler","11","5.0","23","99","false","0","1"
"823223","2026-05-22","10:15 PM ET","San Francisco Giants","Chicago White Sox","Oracle Park","Final","true","R","MLB_STATS_API_SCHEDULE","false","false","false","686790","Trevor McDonald","4","3.2","18","66","false","663436","Davis Martin","7","5.2","26","98","false","0","1"
"823298","2026-05-22","9:40 PM ET","San Diego Padres","Athletics","Petco Park","Final","true","R","MLB_STATS_API_SCHEDULE","false","false","false","621111","Walker Buehler","4","5.0","22","85","false","605488","Jeffrey Springs","3","6.1","24","95","false","0","1"
"823461","2026-05-22","6:40 PM ET","Philadelphia Phillies","Cleveland Guardians","Citizens Bank Park","Final","true","R","MLB_STATS_API_SCHEDULE","false","false","false","650911","Cristopher Sánchez","6","8.0","28","96","false","668909","Gavin Williams","11","8.0","27","99","false","0","1"
"823546","2026-05-22","7:05 PM ET","New York Yankees","Tampa Bay Rays","Yankee Stadium","Final","true","R","MLB_STATS_API_SCHEDULE","false","false","false","543037","Gerrit Cole","2","6.0","22","72","false","607259","Nick Martinez","1","6.0","26","94","false","0","1"
"823788","2026-05-22","7:40 PM ET","Milwaukee Brewers","Los Angeles Dodgers","American Family Field","Final","true","R","MLB_STATS_API_SCHEDULE","false","false","false","701656","Logan Henderson","7","5.0","19","85","false","680736","Justin Wrobleski","4","5.0","24","100","false","0","1"
"823863","2026-05-22","7:10 PM ET","Miami Marlins","New York Mets","loanDepot park","Final","true","R","MLB_STATS_API_SCHEDULE","false","false","false","691587","Eury Pérez","5","6.1","20","86","false","668964","Tobias Myers","0","1.1","6","20","false","0","1"
"824029","2026-05-22","9:38 PM ET","Los Angeles Angels","Texas Rangers","Angel Stadium","Final","true","R","MLB_STATS_API_SCHEDULE","false","false","false","680570","Grayson Rodriguez","5","5.2","25","97","false","594798","Jacob deGrom","3","3.0","18","65","false","0","1"
"824110","2026-05-22","7:40 PM ET","Kansas City Royals","Seattle Mariners","Kauffman Stadium","Final","true","R","MLB_STATS_API_SCHEDULE","false","false","false","702070","Noah Cameron","8","6.0","23","96","false","669302","Logan Gilbert","6","5.2","21","94","false","0","1"
"824518","2026-05-22","6:40 PM ET","Cincinnati Reds","St. Louis Cardinals","Great American Ball Park","Postponed","false","R","MLB_STATS_API_SCHEDULE","true","false","true","663978","Chris Paddack","","","","","false","681517","Kyle Leahy","","","","","false","0","2"
"824679","2026-05-22","2:20 PM ET","Chicago Cubs","Houston Astros","Wrigley Field","Final","true","R","MLB_STATS_API_SCHEDULE","false","false","false","592791","Jameson Taillon","5","4.2","23","90","false","681293","Spencer Arrighetti","5","5.0","23","89","false","0","1"
"824761","2026-05-22","7:10 PM ET","Boston Red Sox","Minnesota Twins","Fenway Park","Final","true","R","MLB_STATS_API_SCHEDULE","false","false","false","801139","Payton Tolle","9","6.0","25","85","false","687570","Connor Prielipp","1","4.0","21","85","false","0","1"
"824842","2026-05-22","7:15 PM ET","Baltimore Orioles","Detroit Tigers","Oriole Park at Camden Yards","Final","true","R","MLB_STATS_API_SCHEDULE","false","false","false","669211","Keegan Akin","2","1.0","4","18","false","656427","Jack Flaherty","7","3.1","19","78","false","0","1"
"824922","2026-05-22","7:15 PM ET","Atlanta Braves","Washington Nationals","Truist Park","Final","true","R","MLB_STATS_API_SCHEDULE","false","false","false","693821","Bryce Elder","4","6.0","24","87","false","663992","Richard Lovelady","0","1.0","4","12","false","0","1"
"825082","2026-05-22","9:40 PM ET","Arizona Diamondbacks","Colorado Rockies","Chase Field","Final","true","R","MLB_STATS_API_SCHEDULE","false","false","false","647336","Michael Soroka","2","6.0","23","78","false","608372","Tomoyuki Sugano","3","6.2","27","97","false","0","1"
"822814","2026-05-23","3:07 PM ET","Toronto Blue Jays","Pittsburgh Pirates","Rogers Centre","Final","true","R","MLB_STATS_API_SCHEDULE","false","false","false","571578","Patrick Corbin","7","6.0","23","84","false","694973","Paul Skenes","2","5.0","24","98","false","0","1"
"823222","2026-05-23","4:05 PM ET","San Francisco Giants","Chicago White Sox","Oracle Park","Final","true","R","MLB_STATS_API_SCHEDULE","false","false","false","605288","Adrian Houser","5","4.2","21","79","false","663542","Bryan Hudson","1","1.1","4","16","false","0","1"
"823300","2026-05-23","9:40 PM ET","San Diego Padres","Athletics","Petco Park","Final","true","R","MLB_STATS_API_SCHEDULE","false","false","false","608337","Lucas Giolito","2","5.0","21","86","false","669372","J.T. Ginn","4","2.1","14","73","false","0","1"
"823458","2026-05-23","4:05 PM ET","Philadelphia Phillies","Cleveland Guardians","Citizens Bank Park","Final","true","R","MLB_STATS_API_SCHEDULE","false","false","false","554430","Zack Wheeler","6","6.0","21","99","false","677944","Slade Cecconi","5","5.0","22","86","false","0","1"
"823543","2026-05-23","1:35 PM ET","New York Yankees","Tampa Bay Rays","Yankee Stadium","Postponed","false","R","MLB_STATS_API_SCHEDULE","true","false","true","677960","Ryan Weathers","","","","","false","656876","Drew Rasmussen","","","","","false","0","1"
"823787","2026-05-23","7:15 PM ET","Milwaukee Brewers","Los Angeles Dodgers","American Family Field","Final","true","R","MLB_STATS_API_SCHEDULE","false","false","false","688107","Robert Gasser","4","4.1","21","89","false","808963","Roki Sasaki","4","5.0","21","87","false","0","1"
"823862","2026-05-23","4:10 PM ET","Miami Marlins","New York Mets","loanDepot park","Final","true","R","MLB_STATS_API_SCHEDULE","false","false","false","676974","Max Meyer","8","7.0","25","95","false","642547","Freddy Peralta","9","7.0","30","108","false","0","1"
"824030","2026-05-23","10:05 PM ET","Los Angeles Angels","Texas Rangers","Angel Stadium","Final","true","R","MLB_STATS_API_SCHEDULE","false","false","false","700712","Walbert Ureña","6","5.0","23","93","false","543135","Nathan Eovaldi","6","7.0","29","97","false","0","1"
"824109","2026-05-23","4:10 PM ET","Kansas City Royals","Seattle Mariners","Kauffman Stadium","Final","true","R","MLB_STATS_API_SCHEDULE","false","false","false","663568","Stephen Kolek","2","9.0","29","108","false","669923","George Kirby","3","6.0","27","92","false","0","1"
"824516","2026-05-23","7:15 PM ET","Cincinnati Reds","St. Louis Cardinals","Great American Ball Park","Final","true","R","MLB_STATS_API_SCHEDULE","false","false","false","695534","Chase Petty","1","5.0","22","62","false","681517","Kyle Leahy","8","5.0","24","87","false","0","1"
"824674","2026-05-23","2:20 PM ET","Chicago Cubs","Houston Astros","Wrigley Field","Final","true","R","MLB_STATS_API_SCHEDULE","false","false","false","607067","Colin Rea","4","7.0","27","98","false","678906","Kai-Wei Teng","6","6.0","20","89","false","0","1"
"824760","2026-05-23","4:10 PM ET","Boston Red Sox","Minnesota Twins","Fenway Park","Final","true","R","MLB_STATS_API_SCHEDULE","false","false","false","663558","Jovani Morán","1","1.0","6","15","false","671737","Taj Bradley","7","5.0","18","73","false","0","1"
"824840","2026-05-23","4:05 PM ET","Baltimore Orioles","Detroit Tigers","Oriole Park at Camden Yards","","false","R","MLB_STATS_API_SCHEDULE","true","false","true","687064","Brandon Young","","","","","false","664285","Framber Valdez","","","","","false","0","2"
"824920","2026-05-23","4:10 PM ET","Atlanta Braves","Washington Nationals","Truist Park","Final","true","R","MLB_STATS_API_SCHEDULE","false","false","false","656550","Grant Holmes","10","5.0","22","87","false","663623","Jake Irvin","7","5.0","16","80","false","0","1"
"825080","2026-05-23","10:10 PM ET","Arizona Diamondbacks","Colorado Rockies","Chase Field","Final","true","R","MLB_STATS_API_SCHEDULE","false","false","false","668678","Zac Gallen","6","5.1","24","82","false","547179","Michael Lorenzen","5","5.0","24","94","false","0","1"
"822813","2026-05-24","12:15 PM ET","Toronto Blue Jays","Pittsburgh Pirates","Rogers Centre","Final","true","R","MLB_STATS_API_SCHEDULE","false","false","false","656302","Dylan Cease","8","4.2","19","76","false","656605","Mitch Keller","5","6.0","25","101","false","0","1"
"823220","2026-05-24","4:05 PM ET","San Francisco Giants","Chicago White Sox","Oracle Park","Final","true","R","MLB_STATS_API_SCHEDULE","false","false","false","592662","Robbie Ray","3","4.0","21","92","false","702273","Noah Schultz","1","4.0","20","70","false","0","1"
"823297","2026-05-24","4:10 PM ET","San Diego Padres","Athletics","Petco Park","Final","true","R","MLB_STATS_API_SCHEDULE","false","false","false","650633","Michael King","","","","","false","665622","Luis Medina","","","","","false","0","1"
"823459","2026-05-24","1:35 PM ET","Philadelphia Phillies","Cleveland Guardians","Citizens Bank Park","Final","true","R","MLB_STATS_API_SCHEDULE","false","false","false","691725","Andrew Painter","3","6.1","24","82","false","800048","Parker Messick","6","5.2","24","91","false","0","1"
"823544","2026-05-24","1:35 PM ET","New York Yankees","Tampa Bay Rays","Yankee Stadium","Final","true","R","MLB_STATS_API_SCHEDULE","false","false","false","677960","Ryan Weathers","4","7.0","26","95","false","656876","Drew Rasmussen","6","7.0","24","92","false","0","1"
"823786","2026-05-24","2:10 PM ET","Milwaukee Brewers","Los Angeles Dodgers","American Family Field","Final","true","R","MLB_STATS_API_SCHEDULE","false","false","false","687075","Brandon Sproat","7","4.0","21","89","false","808967","Yoshinobu Yamamoto","3","7.0","27","92","false","0","1"
"823861","2026-05-24","1:40 PM ET","Miami Marlins","New York Mets","loanDepot park","Final","true","R","MLB_STATS_API_SCHEDULE","false","false","false","663969","Tyler Phillips","4","3.2","16","59","false","681035","Christian Scott","5","5.2","24","94","false","0","1"
"824028","2026-05-24","7:20 PM ET","Los Angeles Angels","Texas Rangers","Angel Stadium","Final","true","R","MLB_STATS_API_SCHEDULE","false","false","false","672282","Reid Detmers","14","8.0","25","96","false","669022","MacKenzie Gore","7","6.0","21","99","false","0","1"
"824108","2026-05-24","2:10 PM ET","Kansas City Royals","Seattle Mariners","Kauffman Stadium","Final","true","R","MLB_STATS_API_SCHEDULE","false","false","false","607625","Seth Lugo","3","6.1","27","86","false","693433","Bryan Woo","4","4.2","23","91","false","0","1"
"824514","2026-05-24","1:40 PM ET","Cincinnati Reds","St. Louis Cardinals","Great American Ball Park","Postponed","false","R","MLB_STATS_API_SCHEDULE","true","false","true","663903","Brady Singer","","","","","false","802408","Brycen Mautz","","","","","false","0","2"
"824676","2026-05-24","2:20 PM ET","Chicago Cubs","Houston Astros","Wrigley Field","Final","true","R","MLB_STATS_API_SCHEDULE","false","false","false","684007","Shota Imanaga","6","6.0","26","94","false","663567","Peter Lambert","5","5.0","24","103","false","0","1"
"824759","2026-05-24","1:35 PM ET","Boston Red Sox","Minnesota Twins","Fenway Park","Final","true","R","MLB_STATS_API_SCHEDULE","false","false","false","543243","Sonny Gray","4","4.0","19","75","false","641927","Bailey Ober","3","5.0","22","82","false","0","1"
"824839","2026-05-24","12:35 PM ET","Baltimore Orioles","Detroit Tigers","Oriole Park at Camden Yards","Final","true","R","MLB_STATS_API_SCHEDULE","false","false","false","687064","Brandon Young","","","","","false","664285","Framber Valdez","","","","","false","0","1"
"824921","2026-05-24","4:10 PM ET","Atlanta Braves","Washington Nationals","Truist Park","Final","true","R","MLB_STATS_API_SCHEDULE","false","false","false","527048","Martín Pérez","2","5.2","22","86","false","656492","Foster Griffin","6","6.0","22","90","false","0","1"
"825081","2026-05-24","4:10 PM ET","Arizona Diamondbacks","Colorado Rockies","Chase Field","Final","true","R","MLB_STATS_API_SCHEDULE","false","false","false","669194","Ryne Nelson","3","8.0","31","103","false","500779","Jose Quintana","0","1.1","10","33","false","0","1"
"822812","2026-05-25","7:07 PM ET","Toronto Blue Jays","Miami Marlins","Rogers Centre","","false","R","MLB_STATS_API_SCHEDULE","true","false","true","702056","Trey Yesavage","","","","","false","676083","Janson Junk","","","","","false","0","1"
"822899","2026-05-25","7:05 PM ET","Texas Rangers","Houston Astros","Globe Life Field","Final","true","R","MLB_STATS_API_SCHEDULE","false","false","false","677958","Kumar Rocker","5","5.0","22","85","false","837227","Tatsuya Imai","2","6.0","20","97","false","0","1"
"823219","2026-05-25","5:05 PM ET","San Francisco Giants","Arizona Diamondbacks","Oracle Park","Final","true","R","MLB_STATS_API_SCHEDULE","false","false","false","694738","Landen Roupp","7","5.0","24","93","false","518876","Merrill Kelly","4","7.0","26","96","false","0","1"
"823296","2026-05-25","6:40 PM ET","San Diego Padres","Philadelphia Phillies","Petco Park","Final","true","R","MLB_STATS_API_SCHEDULE","false","false","false","656288","Griffin Canning","5","6.2","24","97","false","666200","Jesús Luzardo","6","6.0","24","104","false","0","1"
"823380","2026-05-25","1:35 PM ET","Pittsburgh Pirates","Chicago Cubs","PNC Park","Final","true","R","MLB_STATS_API_SCHEDULE","false","false","false","669387","Carmen Mlodzinski","2","5.0","22","86","false","676962","Ben Brown","7","6.0","24","83","false","0","1"
"823625","2026-05-25","4:10 PM ET","New York Mets","Cincinnati Reds","Citi Field","Final","true","R","MLB_STATS_API_SCHEDULE","false","false","false","690997","Nolan McLean","6","3.1","19","78","false","666157","Nick Lodolo","7","6.0","25","98","false","0","1"
"823784","2026-05-25","2:10 PM ET","Milwaukee Brewers","St. Louis Cardinals","American Family Field","Final","true","R","MLB_STATS_API_SCHEDULE","false","false","false","694819","Jacob Misiorowski","12","7.0","24","96","false","669461","Matthew Liberatore","10","5.0","22","101","false","0","1"
"823948","2026-05-25","9:10 PM ET","Los Angeles Dodgers","Colorado Rockies","UNIQLO Field at Dodger Stadium","Final","true","R","MLB_STATS_API_SCHEDULE","false","false","false","686218","Emmet Sheehan","","","","","false","685299","Tanner Gordon","","","","","false","0","1"
"824107","2026-05-25","3:40 PM ET","Kansas City Royals","New York Yankees","Kauffman Stadium","Final","true","R","MLB_STATS_API_SCHEDULE","false","false","false","608379","Michael Wacha","5","7.0","27","93","false","701542","Will Warren","3","6.0","24","85","false","0","1"
"824437","2026-05-25","6:10 PM ET","Cleveland Guardians","Washington Nationals","Progressive Field","Final","true","R","MLB_STATS_API_SCHEDULE","false","false","false","676440","Tanner Bibee","3","3.0","16","61","false","676571","PJ Poulin","0","2.0","7","29","false","0","1"
"824598","2026-05-25","2:10 PM ET","Chicago White Sox","Minnesota Twins","Rate Field","Final","true","R","MLB_STATS_API_SCHEDULE","false","false","false","641743","Anthony Kay","5","6.0","24","94","false","805673","Zebby Matthews","6","6.0","25","88","false","0","1"
"824838","2026-05-25","1:35 PM ET","Baltimore Orioles","Tampa Bay Rays","Oriole Park at Camden Yards","Final","true","R","MLB_STATS_API_SCHEDULE","false","false","false","680694","Kyle Bradish","3","6.0","25","92","false","663556","Shane McClanahan","3","5.1","21","84","false","0","1"
"822811","2026-05-26","7:07 PM ET","Toronto Blue Jays","Miami Marlins","Rogers Centre","Final","true","R","MLB_STATS_API_SCHEDULE","false","false","false","680755","Braydon Fisher","1","1.0","4","12","false","645261","Sandy Alcantara","4","5.2","31","95","false","0","1"
"822898","2026-05-26","8:05 PM ET","Texas Rangers","Houston Astros","Globe Life Field","Final","true","R","MLB_STATS_API_SCHEDULE","false","false","false","683004","Jack Leiter","4","6.0","26","95","false","669920","Jason Alexander","4","6.0","27","100","false","0","1"
"823216","2026-05-26","9:45 PM ET","San Francisco Giants","Arizona Diamondbacks","Oracle Park","Final","true","R","MLB_STATS_API_SCHEDULE","false","false","false","641816","Tyler Mahle","3","5.0","20","81","false","593958","Eduardo Rodriguez","6","6.0","25","94","false","0","1"
"823294","2026-05-26","9:40 PM ET","San Diego Padres","Philadelphia Phillies","Petco Park","Final","true","R","MLB_STATS_API_SCHEDULE","false","false","false","681190","Randy Vásquez","2","5.2","25","99","false","605400","Aaron Nola","5","6.0","21","80","false","0","1"
"823379","2026-05-26","6:40 PM ET","Pittsburgh Pirates","Chicago Cubs","PNC Park","Final","true","R","MLB_STATS_API_SCHEDULE","false","false","false","677952","Braxton Ashcraft","5","6.1","29","95","false","696136","Jordan Wicks","5","4.1","24","80","false","0","1"
"823624","2026-05-26","7:10 PM ET","New York Mets","Cincinnati Reds","Citi Field","Final","true","R","MLB_STATS_API_SCHEDULE","false","false","false","656849","David Peterson","4","5.0","26","90","false","695505","Chase Burns","8","5.1","22","90","false","0","1"
"823785","2026-05-26","7:40 PM ET","Milwaukee Brewers","St. Louis Cardinals","American Family Field","Final","true","R","MLB_STATS_API_SCHEDULE","false","false","false","690986","Kyle Harrison","2","6.0","23","92","false","700241","Michael McGreevy","6","4.0","22","89","false","0","1"
"823949","2026-05-26","10:10 PM ET","Los Angeles Dodgers","Colorado Rockies","UNIQLO Field at Dodger Stadium","Final","true","R","MLB_STATS_API_SCHEDULE","false","false","false","641778","Eric Lauer","4","6.0","22","96","false","607536","Kyle Freeland","4","4.0","22","81","false","0","1"
"824106","2026-05-26","7:40 PM ET","Kansas City Royals","New York Yankees","Kauffman Stadium","Final","true","R","MLB_STATS_API_SCHEDULE","false","false","false","663559","Bailey Falter","0","2.1","16","45","false","693645","Cam Schlittler","6","6.0","22","77","false","0","1"
"824275","2026-05-26","6:40 PM ET","Detroit Tigers","Los Angeles Angels","Comerica Park","Final","true","R","MLB_STATS_API_SCHEDULE","false","false","false","672456","Keider Montero","7","5.2","26","89","false","686799","Jack Kochanowicz","4","4.0","20","66","false","0","1"
"824434","2026-05-26","6:10 PM ET","Cleveland Guardians","Washington Nationals","Progressive Field","Final","true","R","MLB_STATS_API_SCHEDULE","false","false","false","676282","Joey Cantillo","1","2.0","12","69","false","676917","Cade Cavalli","7","6.0","25","87","false","0","1"
"824597","2026-05-26","7:40 PM ET","Chicago White Sox","Minnesota Twins","Rate Field","Final","true","R","MLB_STATS_API_SCHEDULE","false","false","false","680732","Sean Burke","8","7.0","25","100","false","657746","Joe Ryan","9","7.2","30","98","false","0","1"
"824758","2026-05-26","6:45 PM ET","Boston Red Sox","Atlanta Braves","Fenway Park","Final","true","R","MLB_STATS_API_SCHEDULE","false","false","false","624133","Ranger Suarez","4","5.0","25","91","false","675911","Spencer Strider","5","5.0","21","87","false","0","1"
"824837","2026-05-26","6:35 PM ET","Baltimore Orioles","Tampa Bay Rays","Oriole Park at Camden Yards","Final","true","R","MLB_STATS_API_SCHEDULE","false","false","false","669358","Shane Baz","9","7.0","29","99","false","643377","Griffin Jax","3","2.0","11","38","false","0","1"
"825004","2026-05-26","9:40 PM ET","Athletics","Seattle Mariners","Sutter Health Park","Final","true","R","MLB_STATS_API_SCHEDULE","false","false","false","695611","Gage Jump","5","5.0","25","88","false","676106","Emerson Hancock","3","6.0","22","87","false","0","1"
"822809","2026-05-27","1:07 PM ET","Toronto Blue Jays","Miami Marlins","Rogers Centre","Final","true","R","MLB_STATS_API_SCHEDULE","false","false","false","592332","Kevin Gausman","5","5.0","22","95","false","691587","Eury Pérez","9","4.0","15","73","false","0","1"
"822897","2026-05-27","8:05 PM ET","Texas Rangers","Houston Astros","Globe Life Field","Final","true","R","MLB_STATS_API_SCHEDULE","false","false","false","594798","Jacob deGrom","6","6.0","23","97","false","681347","Mike Burrows","6","7.0","27","91","false","0","1"
"823217","2026-05-27","3:45 PM ET","San Francisco Giants","Arizona Diamondbacks","Oracle Park","Final","true","R","MLB_STATS_API_SCHEDULE","false","false","false","686790","Trevor McDonald","6","6.1","28","86","false","647336","Michael Soroka","3","6.0","22","83","false","0","1"
"823295","2026-05-27","4:10 PM ET","San Diego Padres","Philadelphia Phillies","Petco Park","Final","true","R","MLB_STATS_API_SCHEDULE","false","false","false","621111","Walker Buehler","2","5.1","18","58","false","650911","Cristopher Sánchez","9","7.0","27","100","false","0","1"
"823376","2026-05-27","6:40 PM ET","Pittsburgh Pirates","Chicago Cubs","PNC Park","Final","true","R","MLB_STATS_API_SCHEDULE","false","false","false","696149","Bubba Chandler","5","5.0","24","91","false","592791","Jameson Taillon","4","5.0","21","75","false","0","1"
"823626","2026-05-27","7:10 PM ET","New York Mets","Cincinnati Reds","Citi Field","Final","true","R","MLB_STATS_API_SCHEDULE","false","false","false","623211","Huascar Brazobán","2","1.0","5","19","false","671096","Andrew Abbott","4","6.0","24","101","false","0","1"
"823783","2026-05-27","1:40 PM ET","Milwaukee Brewers","St. Louis Cardinals","American Family Field","Final","true","R","MLB_STATS_API_SCHEDULE","false","false","false","694477","Chad Patrick","4","4.0","17","61","false","669160","Dustin May","9","7.0","25","87","false","0","1"
"823947","2026-05-27","10:10 PM ET","Los Angeles Dodgers","Colorado Rockies","UNIQLO Field at Dodger Stadium","Final","true","R","MLB_STATS_API_SCHEDULE","false","false","false","660271","Shohei Ohtani","7","6.0","23","99","false","608372","Tomoyuki Sugano","3","4.2","20","83","false","0","1"
"824104","2026-05-27","7:40 PM ET","Kansas City Royals","New York Yankees","Kauffman Stadium","Final","true","R","MLB_STATS_API_SCHEDULE","false","false","false","702070","Noah Cameron","4","5.0","20","94","false","543037","Gerrit Cole","10","6.2","23","79","false","0","1"
"824270","2026-05-27","6:40 PM ET","Detroit Tigers","Los Angeles Angels","Comerica Park","Final","true","R","MLB_STATS_API_SCHEDULE","false","false","false","663554","Casey Mize","6","4.0","14","58","false","667755","José Soriano","4","5.0","24","105","false","0","1"
"824432","2026-05-27","1:10 PM ET","Cleveland Guardians","Washington Nationals","Progressive Field","Final","true","R","MLB_STATS_API_SCHEDULE","false","false","false","668909","Gavin Williams","4","7.0","26","94","false","676571","PJ Poulin","1","1.0","3","13","false","0","1"
"824596","2026-05-27","7:40 PM ET","Chicago White Sox","Minnesota Twins","Rate Field","Final","true","R","MLB_STATS_API_SCHEDULE","false","false","false","689818","David Sandlin","4","6.0","19","61","false","687570","Connor Prielipp","5","4.1","23","93","false","0","1"
"824756","2026-05-27","6:45 PM ET","Boston Red Sox","Atlanta Braves","Fenway Park","Final","true","R","MLB_STATS_API_SCHEDULE","false","false","false","813349","Connelly Early","7","7.0","28","97","false","693821","Bryce Elder","1","3.1","20","59","false","0","1"
"824836","2026-05-27","6:35 PM ET","Baltimore Orioles","Tampa Bay Rays","Oriole Park at Camden Yards","Final","true","R","MLB_STATS_API_SCHEDULE","false","false","false","694346","Trey Gibson","1","5.2","24","100","false","571927","Steven Matz","2","3.0","18","62","false","0","1"
"825003","2026-05-27","3:05 PM ET","Athletics","Seattle Mariners","Sutter Health Park","Final","true","R","MLB_STATS_API_SCHEDULE","false","false","false","605488","Jeffrey Springs","7","5.0","23","84","false","669302","Logan Gilbert","6","6.0","24","91","false","0","1"
"822896","2026-05-28","8:05 PM ET","Texas Rangers","Houston Astros","Globe Life Field","Final","true","R","MLB_STATS_API_SCHEDULE","false","false","false","543135","Nathan Eovaldi","6","7.0","27","90","false","681293","Spencer Arrighetti","3","6.0","23","94","false","0","1"
"823378","2026-05-28","6:40 PM ET","Pittsburgh Pirates","Chicago Cubs","PNC Park","Final","true","R","MLB_STATS_API_SCHEDULE","false","false","false","694973","Paul Skenes","10","5.1","23","103","false","607067","Colin Rea","5","5.1","23","92","false","0","1"
"824272","2026-05-28","1:10 PM ET","Detroit Tigers","Los Angeles Angels","Comerica Park","Final","true","R","MLB_STATS_API_SCHEDULE","false","false","false","656427","Jack Flaherty","9","5.2","24","91","false","680570","Grayson Rodriguez","5","5.0","19","88","false","0","1"
"824595","2026-05-28","2:10 PM ET","Chicago White Sox","Minnesota Twins","Rate Field","Final","true","R","MLB_STATS_API_SCHEDULE","false","false","false","663436","Davis Martin","5","6.0","22","84","false","680573","Simeon Woods Richardson","4","2.2","16","67","false","0","1"
"824757","2026-05-28","4:10 PM ET","Boston Red Sox","Atlanta Braves","Fenway Park","Final","true","R","MLB_STATS_API_SCHEDULE","false","false","false","801139","Payton Tolle","7","4.2","21","94","false","519242","Chris Sale","8","5.0","24","96","false","0","1"
"824834","2026-05-28","6:35 PM ET","Baltimore Orioles","Toronto Blue Jays","Oriole Park at Camden Yards","Final","true","R","MLB_STATS_API_SCHEDULE","false","false","false","605135","Chris Bassitt","2","6.0","23","80","false","571578","Patrick Corbin","4","5.0","21","80","false","0","1"
"822732","2026-05-29","6:45 PM ET","Washington Nationals","San Diego Padres","Nationals Park","Final","true","R","MLB_STATS_API_SCHEDULE","false","false","false","687606","Paxton Schultz","1","1.0","6","26","false","608337","Lucas Giolito","1","2.2","16","77","false","0","1"
"822894","2026-05-29","8:05 PM ET","Texas Rangers","Kansas City Royals","Globe Life Field","Final","true","R","MLB_STATS_API_SCHEDULE","false","false","false","669022","MacKenzie Gore","3","6.1","24","99","false","663568","Stephen Kolek","5","5.0","23","91","false","0","1"
"822978","2026-05-29","7:10 PM ET","Tampa Bay Rays","Los Angeles Angels","Tropicana Field","Final","true","R","MLB_STATS_API_SCHEDULE","false","false","false","607259","Nick Martinez","5","7.0","27","88","false","700712","Walbert Ureña","5","6.0","26","92","false","0","1"
"823055","2026-05-29","7:15 PM ET","St. Louis Cardinals","Chicago Cubs","Busch Stadium","Final","true","R","MLB_STATS_API_SCHEDULE","false","false","false","669467","Andre Pallante","3","3.0","18","75","false","684007","Shota Imanaga","2","5.1","23","75","false","0","1"
"823135","2026-05-29","10:10 PM ET","Seattle Mariners","Arizona Diamondbacks","T-Mobile Park","Final","true","R","MLB_STATS_API_SCHEDULE","false","false","false","669923","George Kirby","4","5.1","22","87","false","668678","Zac Gallen","2","5.0","21","84","false","0","1"
"823377","2026-05-29","6:45 PM ET","Pittsburgh Pirates","Minnesota Twins","PNC Park","Final","true","R","MLB_STATS_API_SCHEDULE","false","false","false","683003","Jared Jones","6","4.1","21","77","false","671737","Taj Bradley","6","4.0","19","87","false","0","1"
"823623","2026-05-29","7:10 PM ET","New York Mets","Miami Marlins","Citi Field","Final","true","R","MLB_STATS_API_SCHEDULE","false","false","false","642547","Freddy Peralta","5","4.2","22","94","false","676974","Max Meyer","6","6.0","27","106","false","0","1"
"823946","2026-05-29","10:15 PM ET","Los Angeles Dodgers","Philadelphia Phillies","UNIQLO Field at Dodger Stadium","Final","true","R","MLB_STATS_API_SCHEDULE","false","false","false","680736","Justin Wrobleski","9","7.0","23","88","false","554430","Zack Wheeler","4","6.0","23","90","false","0","1"
"824191","2026-05-29","8:10 PM ET","Houston Astros","Milwaukee Brewers","Daikin Park","Final","true","R","MLB_STATS_API_SCHEDULE","false","false","false","678906","Kai-Wei Teng","7","5.0","22","91","false","689441","Coleman Crow","1","4.0","18","61","false","0","1"
"824353","2026-05-29","8:40 PM ET","Colorado Rockies","San Francisco Giants","Coors Field","Final","true","R","MLB_STATS_API_SCHEDULE","false","false","false","547179","Michael Lorenzen","2","3.2","18","70","false","657277","Logan Webb","5","4.1","20","86","false","0","1"
"824433","2026-05-29","7:10 PM ET","Cleveland Guardians","Boston Red Sox","Progressive Field","Final","true","R","MLB_STATS_API_SCHEDULE","false","false","false","677944","Slade Cecconi","3","4.1","19","69","false","701719","Tyler Samaniego","2","1.0","9","22","false","0","1"
"824515","2026-05-29","6:40 PM ET","Cincinnati Reds","Atlanta Braves","Great American Ball Park","Final","true","R","MLB_STATS_API_SCHEDULE","false","false","false","663978","Chris Paddack","0","5.0","22","86","false","656550","Grant Holmes","5","4.2","21","80","false","0","1"
"824594","2026-05-29","7:40 PM ET","Chicago White Sox","Detroit Tigers","Rate Field","Final","true","R","MLB_STATS_API_SCHEDULE","false","false","false","685126","Brandon Eisert","1","1.1","4","19","false","675512","Troy Melton","1","7.0","28","89","false","0","1"
"824835","2026-05-29","7:05 PM ET","Baltimore Orioles","Toronto Blue Jays","Oriole Park at Camden Yards","Final","true","R","MLB_STATS_API_SCHEDULE","false","false","false","669432","Trevor Rogers","3","6.0","24","84","false","671936","Adam Macko","1","1.2","7","30","false","0","1"
"825002","2026-05-29","9:40 PM ET","Athletics","New York Yankees","Sutter Health Park","Final","true","R","MLB_STATS_API_SCHEDULE","false","false","false","622663","Luis Severino","1","1.0","7","23","false","607074","Carlos Rodón","3","6.0","22","93","false","0","1"
"822731","2026-05-30","4:05 PM ET","Washington Nationals","San Diego Padres","Nationals Park","Final","true","R","MLB_STATS_API_SCHEDULE","false","false","false","656492","Foster Griffin","5","5.0","21","90","false","650633","Michael King","2","6.0","25","77","false","0","1"
"822893","2026-05-30","4:05 PM ET","Texas Rangers","Kansas City Royals","Globe Life Field","Final","true","R","MLB_STATS_API_SCHEDULE","false","false","false","677958","Kumar Rocker","2","6.0","24","85","false","607625","Seth Lugo","6","6.0","26","90","false","0","1"
"822975","2026-05-30","4:10 PM ET","Tampa Bay Rays","Los Angeles Angels","Tropicana Field","Final","true","R","MLB_STATS_API_SCHEDULE","false","false","false","656876","Drew Rasmussen","4","4.0","18","70","false","672282","Reid Detmers","7","5.0","23","92","false","0","1"
"823054","2026-05-30","7:15 PM ET","St. Louis Cardinals","Chicago Cubs","Busch Stadium","Final","true","R","MLB_STATS_API_SCHEDULE","false","false","false","681517","Kyle Leahy","4","4.1","21","78","false","676962","Ben Brown","6","7.0","23","82","false","0","1"
"823132","2026-05-30","10:10 PM ET","Seattle Mariners","Arizona Diamondbacks","T-Mobile Park","Final","true","R","MLB_STATS_API_SCHEDULE","false","false","false","693433","Bryan Woo","9","7.0","23","86","false","669194","Ryne Nelson","3","5.1","24","99","false","0","1"
"823375","2026-05-30","4:05 PM ET","Pittsburgh Pirates","Minnesota Twins","PNC Park","Final","true","R","MLB_STATS_API_SCHEDULE","false","false","false","656605","Mitch Keller","5","4.0","23","77","false","641927","Bailey Ober","3","4.2","27","97","false","0","1"
"823622","2026-05-30","4:10 PM ET","New York Mets","Miami Marlins","Citi Field","Final","true","R","MLB_STATS_API_SCHEDULE","false","false","false","681035","Christian Scott","8","5.0","21","96","false","663969","Tyler Phillips","2","5.0","21","72","false","0","1"
"823945","2026-05-30","10:10 PM ET","Los Angeles Dodgers","Philadelphia Phillies","UNIQLO Field at Dodger Stadium","Final","true","R","MLB_STATS_API_SCHEDULE","false","false","false","808963","Roki Sasaki","7","5.1","20","84","false","666200","Jesús Luzardo","6","5.1","25","95","false","0","1"
"824190","2026-05-30","4:10 PM ET","Houston Astros","Milwaukee Brewers","Daikin Park","Final","true","R","MLB_STATS_API_SCHEDULE","false","false","false","663567","Peter Lambert","3","5.0","22","90","false","687075","Brandon Sproat","4","4.1","21","95","false","0","1"
"824352","2026-05-30","9:10 PM ET","Colorado Rockies","San Francisco Giants","Coors Field","Final","true","R","MLB_STATS_API_SCHEDULE","false","false","false","663372","Ryan Feltner","2","6.0","20","63","false","605288","Adrian Houser","4","3.2","22","92","false","0","1"
"824431","2026-05-30","4:10 PM ET","Cleveland Guardians","Boston Red Sox","Progressive Field","Final","true","R","MLB_STATS_API_SCHEDULE","false","false","false","800048","Parker Messick","4","5.0","22","93","false","543243","Sonny Gray","7","6.0","24","92","false","0","1"
"824513","2026-05-30","7:15 PM ET","Cincinnati Reds","Atlanta Braves","Great American Ball Park","Final","true","R","MLB_STATS_API_SCHEDULE","false","false","false","663903","Brady Singer","2","5.0","22","94","false","527048","Martín Pérez","2","5.0","20","81","false","0","1"
"824593","2026-05-30","2:10 PM ET","Chicago White Sox","Detroit Tigers","Rate Field","Final","true","R","MLB_STATS_API_SCHEDULE","false","false","false","641743","Anthony Kay","3","5.0","22","84","false","664285","Framber Valdez","4","6.2","27","89","false","0","1"
"824833","2026-05-30","4:05 PM ET","Baltimore Orioles","Toronto Blue Jays","Oriole Park at Camden Yards","Final","true","R","MLB_STATS_API_SCHEDULE","false","false","false","687064","Brandon Young","7","6.2","27","86","false","702056","Trey Yesavage","4","5.0","21","92","false","0","1"
"825000","2026-05-30","10:05 PM ET","Athletics","New York Yankees","Sutter Health Park","Final","true","R","MLB_STATS_API_SCHEDULE","false","false","false","669372","J.T. Ginn","4","6.0","24","80","false","677960","Ryan Weathers","10","6.2","29","107","false","0","1"
"822729","2026-05-31","1:35 PM ET","Washington Nationals","San Diego Padres","Nationals Park","Final","true","R","MLB_STATS_API_SCHEDULE","false","false","false","641793","Zack Littell","5","6.0","24","84","false","656288","Griffin Canning","3","5.0","21","77","false","0","1"
"822895","2026-05-31","2:35 PM ET","Texas Rangers","Kansas City Royals","Globe Life Field","Final","true","R","MLB_STATS_API_SCHEDULE","false","false","false","683004","Jack Leiter","10","5.2","23","101","false","608379","Michael Wacha","5","5.0","26","82","false","0","1"
"822976","2026-05-31","1:40 PM ET","Tampa Bay Rays","Los Angeles Angels","Tropicana Field","Final","true","R","MLB_STATS_API_SCHEDULE","false","false","false","663556","Shane McClanahan","3","5.0","19","70","false","686799","Jack Kochanowicz","1","2.1","16","68","false","0","1"
"823053","2026-05-31","7:20 PM ET","St. Louis Cardinals","Chicago Cubs","Busch Stadium","Final","true","R","MLB_STATS_API_SCHEDULE","false","false","false","669461","Matthew Liberatore","4","5.1","20","85","false","696136","Jordan Wicks","1","2.0","10","49","false","0","1"
"823133","2026-05-31","4:10 PM ET","Seattle Mariners","Arizona Diamondbacks","T-Mobile Park","Final","true","R","MLB_STATS_API_SCHEDULE","false","false","false","682243","Bryce Miller","6","5.0","17","71","false","518876","Merrill Kelly","2","5.1","27","97","false","0","1"
"823373","2026-05-31","1:35 PM ET","Pittsburgh Pirates","Minnesota Twins","PNC Park","Final","true","R","MLB_STATS_API_SCHEDULE","false","false","false","677952","Braxton Ashcraft","11","6.0","22","80","false","805673","Zebby Matthews","7","4.1","22","100","false","0","1"
"823621","2026-05-31","1:40 PM ET","New York Mets","Miami Marlins","Citi Field","Final","true","R","MLB_STATS_API_SCHEDULE","false","false","false","690997","Nolan McLean","2","5.0","23","94","false","667463","John King","2","1.2","7","30","false","0","1"
"823944","2026-05-31","4:10 PM ET","Los Angeles Dodgers","Philadelphia Phillies","UNIQLO Field at Dodger Stadium","Final","true","R","MLB_STATS_API_SCHEDULE","false","false","false","808967","Yoshinobu Yamamoto","10","5.1","22","104","false","691725","Andrew Painter","3","3.1","18","80","false","0","1"
"824187","2026-05-31","2:10 PM ET","Houston Astros","Milwaukee Brewers","Daikin Park","Final","true","R","MLB_STATS_API_SCHEDULE","false","false","false","837227","Tatsuya Imai","5","6.0","23","110","false","694819","Jacob Misiorowski","8","7.0","25","88","false","0","1"
"824354","2026-05-31","3:10 PM ET","Colorado Rockies","San Francisco Giants","Coors Field","Final","true","R","MLB_STATS_API_SCHEDULE","false","false","false","685299","Tanner Gordon","2","3.0","17","75","false","592662","Robbie Ray","6","4.0","19","96","false","0","1"
"824430","2026-05-31","1:40 PM ET","Cleveland Guardians","Boston Red Sox","Progressive Field","Final","true","R","MLB_STATS_API_SCHEDULE","false","false","false","676440","Tanner Bibee","5","6.0","24","90","false","624133","Ranger Suarez","10","5.0","25","93","false","0","1"
"824512","2026-05-31","1:40 PM ET","Cincinnati Reds","Atlanta Braves","Great American Ball Park","Final","true","R","MLB_STATS_API_SCHEDULE","false","false","false","666157","Nick Lodolo","4","6.2","28","100","false","675911","Spencer Strider","8","5.0","24","90","false","0","1"
"824592","2026-05-31","2:10 PM ET","Chicago White Sox","Detroit Tigers","Rate Field","Final","true","R","MLB_STATS_API_SCHEDULE","false","false","false","680732","Sean Burke","6","5.1","21","93","false","672456","Keider Montero","4","6.0","20","65","false","0","1"
"824832","2026-05-31","12:15 PM ET","Baltimore Orioles","Toronto Blue Jays","Oriole Park at Camden Yards","Final","true","R","MLB_STATS_API_SCHEDULE","false","false","false","680694","Kyle Bradish","4","7.0","27","94","false","693686","Spencer Miles","2","3.0","17","70","false","0","1"
"825001","2026-05-31","4:05 PM ET","Athletics","New York Yankees","Sutter Health Park","Final","true","R","MLB_STATS_API_SCHEDULE","false","false","false","682052","Jacob Lopez","3","2.0","13","56","false","701542","Will Warren","5","6.0","27","82","false","0","1"
"822730","2026-06-01","6:45 PM ET","Washington Nationals","Miami Marlins","Nationals Park","Final","true","R","MLB_STATS_API_SCHEDULE","false","false","false","676917","Cade Cavalli","6","5.0","23","89","false","645261","Sandy Alcantara","5","7.0","26","95","false","0","1"
"822974","2026-06-01","6:40 PM ET","Tampa Bay Rays","Detroit Tigers","Tropicana Field","Final","true","R","MLB_STATS_API_SCHEDULE","false","false","false","643377","Griffin Jax","5","4.0","19","72","false","680744","Ty Madden","4","3.1","15","48","false","0","1"
"823050","2026-06-01","7:45 PM ET","St. Louis Cardinals","Texas Rangers","Busch Stadium","Final","true","R","MLB_STATS_API_SCHEDULE","false","false","false","700241","Michael McGreevy","1","6.0","23","87","false","594798","Jacob deGrom","8","5.0","21","91","false","0","1"
"823131","2026-06-01","9:40 PM ET","Seattle Mariners","New York Mets","T-Mobile Park","Final","true","R","MLB_STATS_API_SCHEDULE","false","false","false","676106","Emerson Hancock","7","6.0","20","91","false","681810","Austin Warren","0","1.0","4","19","false","0","1"
"823702","2026-06-01","7:40 PM ET","Minnesota Twins","Chicago White Sox","Target Field","Final","true","R","MLB_STATS_API_SCHEDULE","false","false","false","657746","Joe Ryan","9","6.0","27","98","false","689818","David Sandlin","4","4.0","23","80","false","0","1"
"823781","2026-06-01","7:40 PM ET","Milwaukee Brewers","San Francisco Giants","American Family Field","Final","true","R","MLB_STATS_API_SCHEDULE","false","false","false","675660","Shane Drohan","5","4.0","17","68","false","694738","Landen Roupp","4","4.0","23","96","false","0","1"
"824027","2026-06-01","9:38 PM ET","Los Angeles Angels","Colorado Rockies","Angel Stadium","Final","true","R","MLB_STATS_API_SCHEDULE","false","false","false","667755","José Soriano","7","4.2","25","108","false","607536","Kyle Freeland","4","5.2","28","91","false","0","1"
"824510","2026-06-01","7:10 PM ET","Cincinnati Reds","Kansas City Royals","Great American Ball Park","Final","true","R","MLB_STATS_API_SCHEDULE","false","false","false","680689","Lyon Richardson","2","1.0","7","30","false","679883","Luinder Avila","5","5.0","21","86","false","0","1"
"825078","2026-06-01","9:40 PM ET","Arizona Diamondbacks","Los Angeles Dodgers","Chase Field","Final","true","R","MLB_STATS_API_SCHEDULE","false","false","false","593958","Eduardo Rodriguez","3","6.0","24","96","false","686218","Emmet Sheehan","3","6.1","22","92","false","0","1"
"822728","2026-06-02","6:45 PM ET","Washington Nationals","Miami Marlins","Nationals Park","Final","true","R","MLB_STATS_API_SCHEDULE","false","false","false","663992","Richard Lovelady","2","2.0","9","41","false","669199","Lake Bachar","3","2.2","9","49","false","0","1"
"822971","2026-06-02","6:40 PM ET","Tampa Bay Rays","Detroit Tigers","Tropicana Field","Final","true","R","MLB_STATS_API_SCHEDULE","false","false","false","571927","Steven Matz","2","1.2","11","53","false","656427","Jack Flaherty","6","5.0","22","94","false","0","1"
"823052","2026-06-02","7:45 PM ET","St. Louis Cardinals","Texas Rangers","Busch Stadium","Final","true","R","MLB_STATS_API_SCHEDULE","false","false","false","669160","Dustin May","9","5.2","24","90","false","543135","Nathan Eovaldi","7","6.0","31","93","false","0","1"
"823129","2026-06-02","9:40 PM ET","Seattle Mariners","New York Mets","T-Mobile Park","Final","true","R","MLB_STATS_API_SCHEDULE","false","false","false","669302","Logan Gilbert","8","5.1","22","99","false","623211","Huascar Brazobán","0","1.2","9","33","false","0","1"
"823460","2026-06-02","6:40 PM ET","Philadelphia Phillies","San Diego Padres","Citizens Bank Park","Final","true","R","MLB_STATS_API_SCHEDULE","false","false","false","605400","Aaron Nola","8","5.0","19","95","false","681190","Randy Vásquez","3","5.0","20","80","false","0","1"
"823541","2026-06-02","7:05 PM ET","New York Yankees","Cleveland Guardians","Yankee Stadium","Final","true","R","MLB_STATS_API_SCHEDULE","false","false","false","693645","Cam Schlittler","3","4.1","20","76","false","676282","Joey Cantillo","4","4.0","21","91","false","0","1"
"823700","2026-06-02","7:40 PM ET","Minnesota Twins","Chicago White Sox","Target Field","Final","true","R","MLB_STATS_API_SCHEDULE","false","false","false","687570","Connor Prielipp","7","6.0","27","94","false","663436","Davis Martin","2","4.2","25","92","false","0","1"
"823782","2026-06-02","7:40 PM ET","Milwaukee Brewers","San Francisco Giants","American Family Field","Final","true","R","MLB_STATS_API_SCHEDULE","false","false","false","690986","Kyle Harrison","12","5.2","23","106","false","686790","Trevor McDonald","4","5.0","22","87","false","0","1"
"824026","2026-06-02","9:38 PM ET","Los Angeles Angels","Colorado Rockies","Angel Stadium","Final","true","R","MLB_STATS_API_SCHEDULE","false","false","false","680570","Grayson Rodriguez","3","3.2","21","91","false","608372","Tomoyuki Sugano","5","5.0","23","96","false","0","1"
"824189","2026-06-02","8:10 PM ET","Houston Astros","Pittsburgh Pirates","Daikin Park","Final","true","R","MLB_STATS_API_SCHEDULE","false","false","false","681347","Mike Burrows","3","5.0","25","90","false","696149","Bubba Chandler","3","5.0","23","91","false","0","1"
"824511","2026-06-02","7:10 PM ET","Cincinnati Reds","Kansas City Royals","Great American Ball Park","Final","true","R","MLB_STATS_API_SCHEDULE","false","false","false","671096","Andrew Abbott","5","6.0","27","105","false","702070","Noah Cameron","8","7.0","22","87","false","0","1"
"824675","2026-06-02","8:05 PM ET","Chicago Cubs","Athletics","Wrigley Field","Final","true","R","MLB_STATS_API_SCHEDULE","false","false","false","592791","Jameson Taillon","6","6.1","26","99","false","695611","Gage Jump","5","7.0","24","85","false","0","1"
"824754","2026-06-02","6:45 PM ET","Boston Red Sox","Baltimore Orioles","Fenway Park","Final","true","R","MLB_STATS_API_SCHEDULE","false","false","false","813349","Connelly Early","6","5.1","23","96","false","669358","Shane Baz","6","7.0","26","94","false","0","1"
"824918","2026-06-02","7:15 PM ET","Atlanta Braves","Toronto Blue Jays","Truist Park","Final","true","R","MLB_STATS_API_SCHEDULE","false","false","false","693821","Bryce Elder","6","6.2","27","103","false","592332","Kevin Gausman","8","6.0","25","96","false","0","1"
"825079","2026-06-02","9:40 PM ET","Arizona Diamondbacks","Los Angeles Dodgers","Chase Field","Final","true","R","MLB_STATS_API_SCHEDULE","false","false","false","647336","Michael Soroka","6","6.0","25","100","false","641778","Eric Lauer","1","4.2","20","70","false","0","1"
"822727","2026-06-03","1:05 PM ET","Washington Nationals","Miami Marlins","Nationals Park","Final","true","R","MLB_STATS_API_SCHEDULE","false","false","false","674841","Andrew Alvarez","5","4.2","18","82","false","676974","Max Meyer","7","7.0","24","92","false","0","1"
"822973","2026-06-03","1:10 PM ET","Tampa Bay Rays","Detroit Tigers","Tropicana Field","Final","true","R","MLB_STATS_API_SCHEDULE","false","false","false","607259","Nick Martinez","1","4.0","22","58","false","675512","Troy Melton","5","8.0","29","94","false","0","1"
"823051","2026-06-03","7:45 PM ET","St. Louis Cardinals","Texas Rangers","Busch Stadium","Final","true","R","MLB_STATS_API_SCHEDULE","false","false","false","669467","Andre Pallante","5","5.2","23","85","false","669022","MacKenzie Gore","5","4.2","26","100","false","0","1"
"823130","2026-06-03","3:40 PM ET","Seattle Mariners","New York Mets","T-Mobile Park","Final","true","R","MLB_STATS_API_SCHEDULE","false","false","false","669923","George Kirby","5","4.0","23","89","false","642547","Freddy Peralta","6","6.0","24","101","false","0","1"
"823456","2026-06-03","6:40 PM ET","Philadelphia Phillies","San Diego Padres","Citizens Bank Park","Final","true","R","MLB_STATS_API_SCHEDULE","false","false","false","650911","Cristopher Sánchez","8","7.0","26","84","false","621111","Walker Buehler","6","6.0","24","86","false","0","1"
"823540","2026-06-03","7:05 PM ET","New York Yankees","Cleveland Guardians","Yankee Stadium","Final","true","R","MLB_STATS_API_SCHEDULE","false","false","false","543037","Gerrit Cole","2","5.1","23","83","false","668909","Gavin Williams","6","5.1","21","96","false","0","1"
"823701","2026-06-03","1:40 PM ET","Minnesota Twins","Chicago White Sox","Target Field","Final","true","R","MLB_STATS_API_SCHEDULE","false","false","false","671737","Taj Bradley","5","4.2","25","104","false","607200","Erick Fedde","2","5.0","18","61","false","0","1"
"823780","2026-06-03","7:40 PM ET","Milwaukee Brewers","San Francisco Giants","American Family Field","Final","true","R","MLB_STATS_API_SCHEDULE","false","false","false","688107","Robert Gasser","5","5.0","21","83","false","657277","Logan Webb","4","7.0","23","95","false","0","1"
"824024","2026-06-03","9:38 PM ET","Los Angeles Angels","Colorado Rockies","Angel Stadium","Final","true","R","MLB_STATS_API_SCHEDULE","false","false","false","700712","Walbert Ureña","7","6.0","24","99","false","547179","Michael Lorenzen","5","3.1","22","85","false","0","1"
"824188","2026-06-03","8:10 PM ET","Houston Astros","Pittsburgh Pirates","Daikin Park","Final","true","R","MLB_STATS_API_SCHEDULE","false","false","false","681293","Spencer Arrighetti","3","4.0","19","83","false","694973","Paul Skenes","7","4.2","23","109","false","0","1"
"824509","2026-06-03","7:10 PM ET","Cincinnati Reds","Kansas City Royals","Great American Ball Park","Final","true","R","MLB_STATS_API_SCHEDULE","false","false","false","695505","Chase Burns","9","6.0","24","98","false","663568","Stephen Kolek","8","7.0","28","96","false","0","1"
"824671","2026-06-03","8:05 PM ET","Chicago Cubs","Athletics","Wrigley Field","Final","true","R","MLB_STATS_API_SCHEDULE","false","false","false","607067","Colin Rea","3","5.1","21","69","false","605488","Jeffrey Springs","3","3.2","18","86","false","0","1"
"824755","2026-06-03","6:45 PM ET","Boston Red Sox","Baltimore Orioles","Fenway Park","Final","true","R","MLB_STATS_API_SCHEDULE","false","false","false","801139","Payton Tolle","5","6.0","26","99","false","605135","Chris Bassitt","1","3.0","16","56","false","0","1"
"824917","2026-06-03","7:15 PM ET","Atlanta Braves","Toronto Blue Jays","Truist Park","Final","true","R","MLB_STATS_API_SCHEDULE","false","false","false","656550","Grant Holmes","4","6.0","25","89","false","571578","Patrick Corbin","1","5.0","23","85","false","0","1"
"825077","2026-06-03","9:40 PM ET","Arizona Diamondbacks","Los Angeles Dodgers","Chase Field","Final","true","R","MLB_STATS_API_SCHEDULE","false","false","false","668678","Zac Gallen","1","5.0","25","90","false","660271","Shohei Ohtani","6","6.0","20","89","false","0","1"
"823457","2026-06-04","1:05 PM ET","Philadelphia Phillies","San Diego Padres","Citizens Bank Park","Final","true","R","MLB_STATS_API_SCHEDULE","false","false","false","554430","Zack Wheeler","8","7.0","25","104","false","608337","Lucas Giolito","5","4.0","18","74","false","0","1"
"823542","2026-06-04","1:35 PM ET","New York Yankees","Cleveland Guardians","Yankee Stadium","Final","true","R","MLB_STATS_API_SCHEDULE","false","false","false","607074","Carlos Rodón","7","6.0","23","96","false","677944","Slade Cecconi","4","6.0","21","82","false","0","1"
"823698","2026-06-04","7:40 PM ET","Minnesota Twins","Kansas City Royals","Target Field","Final","true","R","MLB_STATS_API_SCHEDULE","false","false","false","702193","Andrew Morris","2","2.0","12","48","false","607625","Seth Lugo","4","5.0","22","92","false","0","1"
"823779","2026-06-04","2:10 PM ET","Milwaukee Brewers","San Francisco Giants","American Family Field","Final","true","R","MLB_STATS_API_SCHEDULE","false","false","false","689441","Coleman Crow","2","2.1","18","70","false","605288","Adrian Houser","5","4.1","21","82","false","0","1"
"824185","2026-06-04","8:10 PM ET","Houston Astros","Pittsburgh Pirates","Daikin Park","Final","true","R","MLB_STATS_API_SCHEDULE","false","false","false","678906","Kai-Wei Teng","1","5.0","23","87","false","683003","Jared Jones","4","5.0","21","74","false","0","1"
"824672","2026-06-04","8:05 PM ET","Chicago Cubs","Athletics","Wrigley Field","Final","true","R","MLB_STATS_API_SCHEDULE","false","false","false","684007","Shota Imanaga","5","6.0","24","84","false","669372","J.T. Ginn","8","6.0","21","88","false","0","1"
"824753","2026-06-04","1:35 PM ET","Boston Red Sox","Baltimore Orioles","Fenway Park","Final","true","R","MLB_STATS_API_SCHEDULE","false","false","false","678394","Brayan Bello","4","5.0","26","108","false","669432","Trevor Rogers","3","5.2","22","87","false","0","1"
"824919","2026-06-04","7:15 PM ET","Atlanta Braves","Toronto Blue Jays","Truist Park","Final","true","R","MLB_STATS_API_SCHEDULE","false","false","false","519242","Chris Sale","6","5.2","29","108","false","689254","Mason Fluharty","1","1.1","6","25","false","0","1"
"825076","2026-06-04","9:40 PM ET","Arizona Diamondbacks","Los Angeles Dodgers","Chase Field","Final","true","R","MLB_STATS_API_SCHEDULE","false","false","false","669194","Ryne Nelson","3","7.0","26","94","false","680736","Justin Wrobleski","4","6.0","24","84","false","0","1"
"822810","2026-06-05","7:07 PM ET","Toronto Blue Jays","Baltimore Orioles","Rogers Centre","","false","R","MLB_STATS_API_SCHEDULE","true","false","true","702056","Trey Yesavage","","","","","false","687064","Brandon Young","","","","","false","0","1"
"822892","2026-06-05","8:15 PM ET","Texas Rangers","Cleveland Guardians","Globe Life Field","Final","true","R","MLB_STATS_API_SCHEDULE","false","false","false","677958","Kumar Rocker","5","5.0","22","94","false","800048","Parker Messick","4","5.2","23","85","false","0","1"
"823049","2026-06-05","8:15 PM ET","St. Louis Cardinals","Cincinnati Reds","Busch Stadium","Final","true","R","MLB_STATS_API_SCHEDULE","false","false","false","681517","Kyle Leahy","1","4.0","19","79","false","663903","Brady Singer","6","4.0","20","89","false","0","1"
"823293","2026-06-05","9:40 PM ET","San Diego Padres","New York Mets","Petco Park","Final","true","R","MLB_STATS_API_SCHEDULE","false","false","false","650633","Michael King","4","6.0","23","93","false","681035","Christian Scott","3","5.2","21","98","false","0","1"
"823455","2026-06-05","6:40 PM ET","Philadelphia Phillies","Chicago White Sox","Citizens Bank Park","Final","true","R","MLB_STATS_API_SCHEDULE","false","false","false","666200","Jesús Luzardo","2","6.0","27","90","false","641743","Anthony Kay","4","4.0","21","87","false","0","1"
"823538","2026-06-05","7:05 PM ET","New York Yankees","Boston Red Sox","Yankee Stadium","Final","true","R","MLB_STATS_API_SCHEDULE","false","false","false","677960","Ryan Weathers","4","6.0","26","93","false","543243","Sonny Gray","3","6.1","27","79","false","0","1"
"823699","2026-06-05","8:15 PM ET","Minnesota Twins","Kansas City Royals","Target Field","Final","true","R","MLB_STATS_API_SCHEDULE","false","false","false","805673","Zebby Matthews","2","7.0","27","100","false","608379","Michael Wacha","2","5.2","25","77","false","0","1"
"823860","2026-06-05","7:10 PM ET","Miami Marlins","Tampa Bay Rays","loanDepot park","Final","true","R","MLB_STATS_API_SCHEDULE","false","false","false","687473","Ryan Gusto","1","2.0","10","33","false","656876","Drew Rasmussen","9","7.0","22","87","false","0","1"
"823943","2026-06-05","10:10 PM ET","Los Angeles Dodgers","Los Angeles Angels","UNIQLO Field at Dodger Stadium","Final","true","R","MLB_STATS_API_SCHEDULE","false","false","false","808963","Roki Sasaki","10","7.0","25","98","false","672282","Reid Detmers","6","6.0","21","91","false","0","1"
"824186","2026-06-05","8:10 PM ET","Houston Astros","Athletics","Daikin Park","Final","true","R","MLB_STATS_API_SCHEDULE","false","false","false","663567","Peter Lambert","4","5.1","24","94","false","678022","Jack Perkins","6","4.0","19","75","false","0","1"
"824271","2026-06-05","6:40 PM ET","Detroit Tigers","Seattle Mariners","Comerica Park","Final","true","R","MLB_STATS_API_SCHEDULE","false","false","false","664285","Framber Valdez","5","5.0","22","102","false","693433","Bryan Woo","7","6.1","27","90","false","0","1"
"824350","2026-06-05","8:40 PM ET","Colorado Rockies","Milwaukee Brewers","Coors Field","Final","true","R","MLB_STATS_API_SCHEDULE","false","false","false","663372","Ryan Feltner","4","6.0","22","81","false","687075","Brandon Sproat","2","5.0","23","87","false","0","1"
"824673","2026-06-05","2:20 PM ET","Chicago Cubs","San Francisco Giants","Wrigley Field","","false","R","MLB_STATS_API_SCHEDULE","true","false","true","665795","Edward Cabrera","","","","","false","592662","Robbie Ray","","","","","false","0","1"
"824914","2026-06-05","7:15 PM ET","Atlanta Braves","Pittsburgh Pirates","Truist Park","Final","true","R","MLB_STATS_API_SCHEDULE","false","false","false","527048","Martín Pérez","5","5.0","20","85","false","656605","Mitch Keller","4","4.2","25","99","false","0","1"
"825073","2026-06-05","9:40 PM ET","Arizona Diamondbacks","Washington Nationals","Chase Field","Final","true","R","MLB_STATS_API_SCHEDULE","false","false","false","518876","Merrill Kelly","4","5.0","25","85","false","656492","Foster Griffin","4","5.0","17","62","false","0","1"
"822808","2026-06-06","3:07 PM ET","Toronto Blue Jays","Baltimore Orioles","Rogers Centre","Final","true","R","MLB_STATS_API_SCHEDULE","false","false","false","680755","Braydon Fisher","2","1.0","5","18","false","680694","Kyle Bradish","3","4.0","21","81","false","0","1"
"822891","2026-06-06","7:35 PM ET","Texas Rangers","Cleveland Guardians","Globe Life Field","Final","true","R","MLB_STATS_API_SCHEDULE","false","false","false","683004","Jack Leiter","2","4.2","23","92","false","676440","Tanner Bibee","3","8.0","27","87","false","0","1"
"823048","2026-06-06","2:15 PM ET","St. Louis Cardinals","Cincinnati Reds","Busch Stadium","Final","true","R","MLB_STATS_API_SCHEDULE","false","false","false","669461","Matthew Liberatore","4","4.1","21","84","false","666157","Nick Lodolo","3","5.0","25","95","false","0","1"
"823292","2026-06-06","10:10 PM ET","San Diego Padres","New York Mets","Petco Park","Final","true","R","MLB_STATS_API_SCHEDULE","false","false","false","656288","Griffin Canning","6","5.0","19","86","false","690997","Nolan McLean","5","6.0","23","101","false","0","1"
"823454","2026-06-06","4:05 PM ET","Philadelphia Phillies","Chicago White Sox","Citizens Bank Park","Final","true","R","MLB_STATS_API_SCHEDULE","false","false","false","691725","Andrew Painter","4","4.2","25","93","false","685126","Brandon Eisert","2","1.1","5","23","false","0","1"
"823539","2026-06-06","7:35 PM ET","New York Yankees","Boston Red Sox","Yankee Stadium","Postponed","false","R","MLB_STATS_API_SCHEDULE","true","false","true","701542","Will Warren","","","","","false","624133","Ranger Suarez","","","","","false","0","1"
"823697","2026-06-06","2:10 PM ET","Minnesota Twins","Kansas City Royals","Target Field","Final","true","R","MLB_STATS_API_SCHEDULE","false","false","false","657746","Joe Ryan","5","6.0","26","102","false","679883","Luinder Avila","3","5.0","18","70","false","0","1"
"823859","2026-06-06","4:10 PM ET","Miami Marlins","Tampa Bay Rays","loanDepot park","Final","true","R","MLB_STATS_API_SCHEDULE","false","false","false","669199","Lake Bachar","3","3.0","9","38","false","663556","Shane McClanahan","6","5.0","25","81","false","0","1"
"823942","2026-06-06","10:10 PM ET","Los Angeles Dodgers","Los Angeles Angels","UNIQLO Field at Dodger Stadium","Final","true","R","MLB_STATS_API_SCHEDULE","false","false","false","808967","Yoshinobu Yamamoto","4","8.0","26","93","false","686799","Jack Kochanowicz","1","0.1","8","38","false","0","1"
"824184","2026-06-06","4:10 PM ET","Houston Astros","Athletics","Daikin Park","Final","true","R","MLB_STATS_API_SCHEDULE","false","false","false","837227","Tatsuya Imai","8","5.0","24","92","false","695034","Kade Morris","4","4.0","22","90","false","0","1"
"824269","2026-06-06","1:10 PM ET","Detroit Tigers","Seattle Mariners","Comerica Park","Final","true","R","MLB_STATS_API_SCHEDULE","false","false","false","672456","Keider Montero","1","5.0","22","79","false","682243","Bryce Miller","9","6.0","20","94","false","0","1"
"824351","2026-06-06","9:10 PM ET","Colorado Rockies","Milwaukee Brewers","Coors Field","Final","true","R","MLB_STATS_API_SCHEDULE","false","false","false","688642","Zach Agnos","1","3.0","15","57","false","694819","Jacob Misiorowski","8","7.0","29","98","false","0","1"
"824669","2026-06-06","2:20 PM ET","Chicago Cubs","San Francisco Giants","Wrigley Field","Final","true","R","MLB_STATS_API_SCHEDULE","false","false","false","676962","Ben Brown","5","5.1","19","87","false","694738","Landen Roupp","5","5.2","22","98","false","0","1"
"824915","2026-06-06","4:10 PM ET","Atlanta Braves","Pittsburgh Pirates","Truist Park","Final","true","R","MLB_STATS_API_SCHEDULE","false","false","false","675911","Spencer Strider","3","5.0","21","84","false","677952","Braxton Ashcraft","5","5.0","25","86","false","0","1"
"825075","2026-06-06","4:10 PM ET","Arizona Diamondbacks","Washington Nationals","Chase Field","Final","true","R","MLB_STATS_API_SCHEDULE","false","false","false","593958","Eduardo Rodriguez","5","6.1","25","92","false","641793","Zack Littell","4","5.0","19","64","false","0","1"
"822807","2026-06-07","1:37 PM ET","Toronto Blue Jays","Baltimore Orioles","Rogers Centre","Final","true","R","MLB_STATS_API_SCHEDULE","false","false","false","592332","Kevin Gausman","5","5.0","20","93","false","669358","Shane Baz","3","5.2","26","81","false","0","1"
"822890","2026-06-07","2:35 PM ET","Texas Rangers","Cleveland Guardians","Globe Life Field","Final","true","R","MLB_STATS_API_SCHEDULE","false","false","false","594798","Jacob deGrom","6","6.0","23","87","false","676282","Joey Cantillo","7","5.0","25","97","false","0","1"
"823047","2026-06-07","2:15 PM ET","St. Louis Cardinals","Cincinnati Reds","Busch Stadium","Final","true","R","MLB_STATS_API_SCHEDULE","false","false","false","700241","Michael McGreevy","5","6.0","23","83","false","695076","Rhett Lowder","4","3.0","16","70","false","0","1"
"823291","2026-06-07","4:10 PM ET","San Diego Padres","New York Mets","Petco Park","Final","true","R","MLB_STATS_API_SCHEDULE","false","false","false","681190","Randy Vásquez","3","4.0","22","75","false","623211","Huascar Brazobán","0","1.0","4","21","false","0","1"
"823453","2026-06-07","1:35 PM ET","Philadelphia Phillies","Chicago White Sox","Citizens Bank Park","Final","true","R","MLB_STATS_API_SCHEDULE","false","false","false","605400","Aaron Nola","4","4.1","23","98","false","656457","Tyler Gilbert","1","0.2","4","17","false","0","1"
"823537","2026-06-07","1:35 PM ET","New York Yankees","Boston Red Sox","Yankee Stadium","Final","true","R","MLB_STATS_API_SCHEDULE","false","false","false","693645","Cam Schlittler","5","5.2","22","92","false","624133","Ranger Suarez","6","6.1","25","90","false","0","1"
"823696","2026-06-07","2:10 PM ET","Minnesota Twins","Kansas City Royals","Target Field","Final","true","R","MLB_STATS_API_SCHEDULE","false","false","false","687570","Connor Prielipp","7","4.1","18","77","false","702070","Noah Cameron","7","6.0","23","104","false","0","1"
"823857","2026-06-07","1:40 PM ET","Miami Marlins","Tampa Bay Rays","loanDepot park","Final","true","R","MLB_STATS_API_SCHEDULE","false","false","false","645261","Sandy Alcantara","7","7.0","25","90","false","643377","Griffin Jax","4","5.0","17","62","false","0","1"
"823941","2026-06-07","4:10 PM ET","Los Angeles Dodgers","Los Angeles Angels","UNIQLO Field at Dodger Stadium","Final","true","R","MLB_STATS_API_SCHEDULE","false","false","false","686218","Emmet Sheehan","2","1.1","9","49","false","667755","José Soriano","2","6.0","27","88","false","0","1"
"824183","2026-06-07","2:10 PM ET","Houston Astros","Athletics","Daikin Park","Final","true","R","MLB_STATS_API_SCHEDULE","false","false","false","681347","Mike Burrows","3","5.0","26","97","false","695611","Gage Jump","3","6.1","24","96","false","0","1"
"824268","2026-06-07","1:40 PM ET","Detroit Tigers","Seattle Mariners","Comerica Park","Final","true","R","MLB_STATS_API_SCHEDULE","false","false","false","656427","Jack Flaherty","7","5.0","22","87","false","622491","Luis Castillo","5","5.2","21","100","false","0","1"
"824349","2026-06-07","3:10 PM ET","Colorado Rockies","Milwaukee Brewers","Coors Field","Final","true","R","MLB_STATS_API_SCHEDULE","false","false","false","607536","Kyle Freeland","2","5.0","22","89","false","675660","Shane Drohan","4","6.1","24","83","false","0","1"
"824670","2026-06-07","8:30 PM ET","Chicago Cubs","San Francisco Giants","Wrigley Field","Final","true","R","MLB_STATS_API_SCHEDULE","false","false","false","592791","Jameson Taillon","2","1.0","7","35","false","686790","Trevor McDonald","6","5.0","21","87","false","0","1"
"824916","2026-06-07","1:35 PM ET","Atlanta Braves","Pittsburgh Pirates","Truist Park","Final","true","R","MLB_STATS_API_SCHEDULE","false","false","false","693821","Bryce Elder","4","6.0","22","88","false","682254","Mason Montgomery","2","1.0","6","25","false","0","1"
"825074","2026-06-07","3:15 PM ET","Arizona Diamondbacks","Washington Nationals","Chase Field","Final","true","R","MLB_STATS_API_SCHEDULE","false","false","false","647336","Michael Soroka","6","7.0","26","100","false","676917","Cade Cavalli","2","5.0","22","88","false","0","1"
"822806","2026-06-08","7:07 PM ET","Toronto Blue Jays","Philadelphia Phillies","Rogers Centre","Final","true","R","MLB_STATS_API_SCHEDULE","false","false","false","571578","Patrick Corbin","3","3.0","18","79","false","650911","Cristopher Sánchez","10","7.0","26","107","false","0","1"
"822972","2026-06-08","6:40 PM ET","Tampa Bay Rays","Boston Red Sox","Tropicana Field","Final","true","R","MLB_STATS_API_SCHEDULE","false","false","false","693855","Ian Seymour","5","4.0","14","55","false","813349","Connelly Early","6","4.2","23","96","false","0","1"
"823218","2026-06-08","9:45 PM ET","San Francisco Giants","Washington Nationals","Oracle Park","Final","true","R","MLB_STATS_API_SCHEDULE","false","false","false","657277","Logan Webb","7","8.0","27","99","false","663992","Richard Lovelady","1","1.0","5","14","false","0","1"
"823289","2026-06-08","9:40 PM ET","San Diego Padres","Cincinnati Reds","Petco Park","Final","true","R","MLB_STATS_API_SCHEDULE","false","false","false","621111","Walker Buehler","4","4.2","22","86","false","671096","Andrew Abbott","6","6.0","24","101","false","0","1"
"824025","2026-06-08","9:38 PM ET","Los Angeles Angels","Houston Astros","Angel Stadium","Final","true","R","MLB_STATS_API_SCHEDULE","false","false","false","680570","Grayson Rodriguez","6","5.1","25","92","false","681293","Spencer Arrighetti","7","6.0","26","95","false","0","1"
"824427","2026-06-08","6:40 PM ET","Cleveland Guardians","New York Yankees","Progressive Field","Final","true","R","MLB_STATS_API_SCHEDULE","false","false","false","668909","Gavin Williams","5","5.0","21","90","false","701542","Will Warren","5","4.1","20","91","false","0","1"
"824829","2026-06-08","6:35 PM ET","Baltimore Orioles","Seattle Mariners","Oriole Park at Camden Yards","Final","true","R","MLB_STATS_API_SCHEDULE","false","false","false","694346","Trey Gibson","0","4.2","19","68","false","676106","Emerson Hancock","3","5.0","21","92","false","0","1"
"824998","2026-06-08","10:05 PM ET","Athletics","Milwaukee Brewers","Las Vegas Ballpark","Final","true","R","MLB_STATS_API_SCHEDULE","false","false","false","605488","Jeffrey Springs","3","5.0","25","99","false","690986","Kyle Harrison","4","2.1","17","71","false","0","1"
"822805","2026-06-09","7:07 PM ET","Toronto Blue Jays","Philadelphia Phillies","Rogers Centre","Final","true","R","MLB_STATS_API_SCHEDULE","false","false","false","656302","Dylan Cease","11","6.0","22","93","false","554430","Zack Wheeler","5","6.0","24","96","false","0","1"
"822969","2026-06-09","6:40 PM ET","Tampa Bay Rays","Boston Red Sox","Tropicana Field","Final","true","R","MLB_STATS_API_SCHEDULE","false","false","false","607259","Nick Martinez","2","7.0","27","73","false","801139","Payton Tolle","3","6.0","28","94","false","0","1"
"823214","2026-06-09","9:45 PM ET","San Francisco Giants","Washington Nationals","Oracle Park","Final","true","R","MLB_STATS_API_SCHEDULE","false","false","false","605288","Adrian Houser","6","4.1","18","77","false","674841","Andrew Alvarez","4","4.0","21","90","false","0","1"
"823290","2026-06-09","9:40 PM ET","San Diego Padres","Cincinnati Reds","Petco Park","Final","true","R","MLB_STATS_API_SCHEDULE","false","false","false","608337","Lucas Giolito","3","4.0","20","85","false","695505","Chase Burns","7","5.1","24","105","false","0","1"
"823374","2026-06-09","6:40 PM ET","Pittsburgh Pirates","Los Angeles Dodgers","PNC Park","Final","true","R","MLB_STATS_API_SCHEDULE","false","false","false","694973","Paul Skenes","7","6.0","25","103","false","641778","Eric Lauer","5","5.2","20","89","false","0","1"
"823620","2026-06-09","7:10 PM ET","New York Mets","St. Louis Cardinals","Citi Field","Final","true","R","MLB_STATS_API_SCHEDULE","false","false","false","642547","Freddy Peralta","5","6.0","28","98","false","669160","Dustin May","6","6.0","22","101","false","0","1"
"823858","2026-06-09","6:40 PM ET","Miami Marlins","Arizona Diamondbacks","loanDepot park","Final","true","R","MLB_STATS_API_SCHEDULE","false","false","false","676974","Max Meyer","5","5.1","24","95","false","668678","Zac Gallen","3","5.1","26","94","false","0","1"
"824023","2026-06-09","9:38 PM ET","Los Angeles Angels","Houston Astros","Angel Stadium","Final","true","R","MLB_STATS_API_SCHEDULE","false","false","false","700712","Walbert Ureña","7","5.0","24","107","false","678906","Kai-Wei Teng","5","4.0","25","93","false","0","1"
"824105","2026-06-09","7:40 PM ET","Kansas City Royals","Texas Rangers","Kauffman Stadium","Final","true","R","MLB_STATS_API_SCHEDULE","false","false","false","663568","Stephen Kolek","3","5.0","23","86","false","543135","Nathan Eovaldi","3","5.2","23","88","false","0","1"
"824267","2026-06-09","6:40 PM ET","Detroit Tigers","Minnesota Twins","Comerica Park","Final","true","R","MLB_STATS_API_SCHEDULE","false","false","false","675512","Troy Melton","5","5.0","23","88","false","671737","Taj Bradley","3","4.1","23","89","false","0","1"
"824347","2026-06-09","8:40 PM ET","Colorado Rockies","Chicago Cubs","Coors Field","Final","true","R","MLB_STATS_API_SCHEDULE","false","false","false","608372","Tomoyuki Sugano","3","5.0","22","93","false","607067","Colin Rea","2","4.2","26","79","false","0","1"
"824429","2026-06-09","6:40 PM ET","Cleveland Guardians","New York Yankees","Progressive Field","Final","true","R","MLB_STATS_API_SCHEDULE","false","false","false","677944","Slade Cecconi","7","5.0","23","87","false","543037","Gerrit Cole","4","4.0","21","83","false","0","1"
"824591","2026-06-09","7:40 PM ET","Chicago White Sox","Atlanta Braves","Rate Field","Final","true","R","MLB_STATS_API_SCHEDULE","false","false","false","685126","Brandon Eisert","1","0.2","6","21","false","656550","Grant Holmes","2","3.2","18","67","false","0","1"
"824830","2026-06-09","6:35 PM ET","Baltimore Orioles","Seattle Mariners","Oriole Park at Camden Yards","Final","true","R","MLB_STATS_API_SCHEDULE","false","false","false","669432","Trevor Rogers","3","5.2","24","97","false","669302","Logan Gilbert","5","6.0","23","105","false","0","1"
"824999","2026-06-09","10:05 PM ET","Athletics","Milwaukee Brewers","Las Vegas Ballpark","Final","true","R","MLB_STATS_API_SCHEDULE","false","false","false","669372","J.T. Ginn","5","5.2","28","97","false","688107","Robert Gasser","7","5.0","25","93","false","0","1"
"822804","2026-06-10","7:07 PM ET","Toronto Blue Jays","Philadelphia Phillies","Rogers Centre","Final","true","R","MLB_STATS_API_SCHEDULE","false","false","false","453286","Max Scherzer","4","3.1","18","82","false","666200","Jesús Luzardo","8","5.2","24","96","false","0","1"
"822970","2026-06-10","1:10 PM ET","Tampa Bay Rays","Boston Red Sox","Tropicana Field","Final","true","R","MLB_STATS_API_SCHEDULE","false","false","false","656876","Drew Rasmussen","13","7.0","24","97","false","687562","Jake Bennett","4","5.0","23","73","false","0","1"
"823215","2026-06-10","3:45 PM ET","San Francisco Giants","Washington Nationals","Oracle Park","Final","true","R","MLB_STATS_API_SCHEDULE","false","false","false","592662","Robbie Ray","3","5.2","24","93","false","656492","Foster Griffin","5","6.0","24","100","false","0","1"
"823287","2026-06-10","4:10 PM ET","San Diego Padres","Cincinnati Reds","Petco Park","Final","true","R","MLB_STATS_API_SCHEDULE","false","false","false","650633","Michael King","3","6.2","30","106","false","663903","Brady Singer","5","6.0","24","95","false","0","1"
"823372","2026-06-10","6:40 PM ET","Pittsburgh Pirates","Los Angeles Dodgers","PNC Park","Final","true","R","MLB_STATS_API_SCHEDULE","false","false","false","683003","Jared Jones","4","4.0","16","75","false","660271","Shohei Ohtani","6","6.2","29","102","false","0","1"
"823618","2026-06-10","7:10 PM ET","New York Mets","St. Louis Cardinals","Citi Field","Final","true","R","MLB_STATS_API_SCHEDULE","false","false","false","681810","Austin Warren","1","1.0","7","33","false","669467","Andre Pallante","5","6.0","24","93","false","0","1"
"823856","2026-06-10","6:40 PM ET","Miami Marlins","Arizona Diamondbacks","loanDepot park","Final","true","R","MLB_STATS_API_SCHEDULE","false","false","false","687473","Ryan Gusto","4","4.0","16","66","false","669194","Ryne Nelson","2","4.0","22","82","false","0","1"
"824022","2026-06-10","9:38 PM ET","Los Angeles Angels","Houston Astros","Angel Stadium","Final","true","R","MLB_STATS_API_SCHEDULE","false","false","false","672282","Reid Detmers","9","7.0","22","89","false","663567","Peter Lambert","6","6.1","24","91","false","0","1"
"824103","2026-06-10","7:40 PM ET","Kansas City Royals","Texas Rangers","Kauffman Stadium","Final","true","R","MLB_STATS_API_SCHEDULE","false","false","false","607625","Seth Lugo","2","3.1","13","44","false","669022","MacKenzie Gore","6","5.0","26","87","false","0","1"
"824266","2026-06-10","6:40 PM ET","Detroit Tigers","Minnesota Twins","Comerica Park","Final","true","R","MLB_STATS_API_SCHEDULE","false","false","false","664285","Framber Valdez","2","5.0","23","75","false","702474","Mike Paredes","4","3.0","13","58","false","0","1"
"824348","2026-06-10","8:40 PM ET","Colorado Rockies","Chicago Cubs","Coors Field","Final","true","R","MLB_STATS_API_SCHEDULE","false","false","false","547179","Michael Lorenzen","7","5.0","19","84","false","684007","Shota Imanaga","7","5.0","19","90","false","0","1"
"824428","2026-06-10","1:10 PM ET","Cleveland Guardians","New York Yankees","Progressive Field","Final","true","R","MLB_STATS_API_SCHEDULE","false","false","false","800048","Parker Messick","4","5.2","25","100","false","607074","Carlos Rodón","7","6.0","25","96","false","0","1"
"824590","2026-06-10","7:40 PM ET","Chicago White Sox","Atlanta Braves","Rate Field","Final","true","R","MLB_STATS_API_SCHEDULE","false","false","false","663436","Davis Martin","6","6.0","25","100","false","519242","Chris Sale","6","5.2","25","103","false","0","1"
"824831","2026-06-10","6:35 PM ET","Baltimore Orioles","Seattle Mariners","Oriole Park at Camden Yards","Final","true","R","MLB_STATS_API_SCHEDULE","false","false","false","687064","Brandon Young","5","7.0","25","88","false","669923","George Kirby","10","6.0","27","104","false","0","1"
"824996","2026-06-10","9:05 PM ET","Athletics","Milwaukee Brewers","Las Vegas Ballpark","Final","true","R","MLB_STATS_API_SCHEDULE","false","false","false","678022","Jack Perkins","4","4.0","20","89","false","687075","Brandon Sproat","3","6.0","21","68","false","0","1"
"823371","2026-06-11","6:40 PM ET","Pittsburgh Pirates","Los Angeles Dodgers","PNC Park","Final","true","R","MLB_STATS_API_SCHEDULE","false","false","false","","Mitch Keller","3","","","","false","","Justin Wrobleski","1","","","","false","0","1"
"823619","2026-06-11","1:10 PM ET","New York Mets","St. Louis Cardinals","Citi Field","Final","true","R","MLB_STATS_API_SCHEDULE","false","false","false","","Christian Scott","6","","","","false","","Hunter Dobbins","5","","","","false","0","1"
"823855","2026-06-11","1:10 PM ET","Miami Marlins","Arizona Diamondbacks","loanDepot park","Final","true","R","MLB_STATS_API_SCHEDULE","false","false","false","","Tyler Phillips","5","","","","false","","Merrill Kelly","1","","","","false","0","1"
"824101","2026-06-11","2:10 PM ET","Kansas City Royals","Texas Rangers","Kauffman Stadium","Final","true","R","MLB_STATS_API_SCHEDULE","false","false","false","","Michael Wacha","2","","","","false","","Kumar Rocker","3","","","","false","0","1"
"824265","2026-06-11","1:10 PM ET","Detroit Tigers","Minnesota Twins","Comerica Park","Final","true","R","MLB_STATS_API_SCHEDULE","false","false","false","","Keider Montero","4","","","","false","","Zebby Matthews","4","","","","false","0","1"
"824346","2026-06-11","3:10 PM ET","Colorado Rockies","Chicago Cubs","Coors Field","Final","true","R","MLB_STATS_API_SCHEDULE","false","false","false","","Ryan Feltner","3","","","","false","","Edward Cabrera","5","","","","false","0","1"
"824589","2026-06-11","7:40 PM ET","Chicago White Sox","Atlanta Braves","Rate Field","Postponed","false","R","MLB_STATS_API_SCHEDULE","true","false","true","","Anthony Kay","","","","","false","","Martín Pérez","","","","","false","0","2"
"824827","2026-06-11","7:05 PM ET","Baltimore Orioles","Seattle Mariners","Oriole Park at Camden Yards","Final","true","R","MLB_STATS_API_SCHEDULE","false","false","false","","Kyle Bradish","5","","","","false","","Bryan Woo","4","","","","false","0","1"
"822726","2026-06-12","6:45 PM ET","Washington Nationals","Seattle Mariners","Nationals Park","Final","true","R","MLB_STATS_API_SCHEDULE","true","true","false","","Zack Littell","0","","","","false","","Bryce Miller","7","","","","false","0","1"
"822803","2026-06-12","7:37 PM ET","Toronto Blue Jays","New York Yankees","Rogers Centre","Final","true","R","MLB_STATS_API_SCHEDULE","true","true","false","","Trey Yesavage","3","","","","false","","Ryan Weathers","2","","","","false","0","1"
"823211","2026-06-12","10:15 PM ET","San Francisco Giants","Chicago Cubs","Oracle Park","Final","true","R","MLB_STATS_API_SCHEDULE","true","true","false","","Landen Roupp","5","","","","false","","Javier Assad","5","","","","false","0","1"
"823370","2026-06-12","6:40 PM ET","Pittsburgh Pirates","Miami Marlins","PNC Park","Final","true","R","MLB_STATS_API_SCHEDULE","true","true","false","","Braxton Ashcraft","4","","","","false","","Sandy Alcantara","7","","","","false","0","1"
"823617","2026-06-12","7:15 PM ET","New York Mets","Atlanta Braves","Citi Field","Final","true","R","MLB_STATS_API_SCHEDULE","true","true","false","","Nolan McLean","6","","","","false","","Spencer Strider","3","","","","false","0","1"
"823695","2026-06-12","8:10 PM ET","Minnesota Twins","St. Louis Cardinals","Target Field","Final","true","R","MLB_STATS_API_SCHEDULE","true","true","false","","Joe Ryan","8","","","","false","","Kyle Leahy","5","","","","false","0","1"
"823778","2026-06-12","7:40 PM ET","Milwaukee Brewers","Philadelphia Phillies","American Family Field","Final","true","R","MLB_STATS_API_SCHEDULE","true","true","false","","Jacob Misiorowski","15","","","","false","","Tanner Banks","2","","","","false","0","1"
"824020","2026-06-12","9:38 PM ET","Los Angeles Angels","Tampa Bay Rays","Angel Stadium","Final","true","R","MLB_STATS_API_SCHEDULE","true","true","false","","Sam Aldegheri","4","","","","false","","Shane McClanahan","7","","","","false","0","1"
"824102","2026-06-12","8:10 PM ET","Kansas City Royals","Houston Astros","Kauffman Stadium","Final","true","R","MLB_STATS_API_SCHEDULE","true","true","false","","Luinder Avila","0","","","","false","","Tatsuya Imai","1","","","","false","0","1"
"824425","2026-06-12","7:10 PM ET","Cleveland Guardians","Detroit Tigers","Progressive Field","Final","true","R","MLB_STATS_API_SCHEDULE","true","true","false","","Tanner Bibee","8","","","","false","","Jack Flaherty","1","","","","false","0","1"
"824507","2026-06-12","7:15 PM ET","Cincinnati Reds","Arizona Diamondbacks","Great American Ball Park","Final","true","R","MLB_STATS_API_SCHEDULE","true","true","false","","Nick Lodolo","5","","","","false","","Eduardo Rodriguez","3","","","","false","0","1"
"824588","2026-06-12","7:40 PM ET","Chicago White Sox","Los Angeles Dodgers","Rate Field","Final","true","R","MLB_STATS_API_SCHEDULE","true","true","false","","Anthony Kay","7","","","","false","","Roki Sasaki","4","","","","false","0","1"
"824752","2026-06-12","7:10 PM ET","Boston Red Sox","Texas Rangers","Fenway Park","Final","true","R","MLB_STATS_API_SCHEDULE","true","true","false","","Sonny Gray","7","","","","false","","Jack Leiter","3","","","","false","0","1"
"824826","2026-06-12","7:05 PM ET","Baltimore Orioles","San Diego Padres","Oriole Park at Camden Yards","Final","true","R","MLB_STATS_API_SCHEDULE","true","true","false","","Shane Baz","1","","","","false","","Griffin Canning","6","","","","false","0","1"
"824997","2026-06-12","10:05 PM ET","Athletics","Colorado Rockies","Las Vegas Ballpark","Final","true","R","MLB_STATS_API_SCHEDULE","true","true","false","","Gage Jump","6","","","","false","","Sean Sullivan","2","","","","false","0","1"
"822725","2026-06-13","4:05 PM ET","Washington Nationals","Seattle Mariners","Nationals Park","Final","true","R","MLB_STATS_API_SCHEDULE","true","true","false","","Cade Cavalli","5","","","","false","","Luis Castillo","4","","","","false","0","1"
"822802","2026-06-13","3:07 PM ET","Toronto Blue Jays","New York Yankees","Rogers Centre","Final","true","R","MLB_STATS_API_SCHEDULE","true","true","false","","Kevin Gausman","7","","","","false","","Cam Schlittler","7","","","","false","0","1"
"823213","2026-06-13","10:05 PM ET","San Francisco Giants","Chicago Cubs","Oracle Park","Final","true","R","MLB_STATS_API_SCHEDULE","true","true","false","","Trevor McDonald","4","","","","false","","Ben Brown","3","","","","false","0","1"
"823369","2026-06-13","4:05 PM ET","Pittsburgh Pirates","Miami Marlins","PNC Park","Final","true","R","MLB_STATS_API_SCHEDULE","true","true","false","","Bubba Chandler","6","","","","false","","Lake Bachar","4","","","","false","0","1"
"823616","2026-06-13","4:10 PM ET","New York Mets","Atlanta Braves","Citi Field","Final","true","R","MLB_STATS_API_SCHEDULE","true","true","false","","Sean Manaea","6","","","","false","","Martín Pérez","4","","","","false","0","1"
"823694","2026-06-13","2:10 PM ET","Minnesota Twins","St. Louis Cardinals","Target Field","Final","true","R","MLB_STATS_API_SCHEDULE","true","true","false","","Connor Prielipp","2","","","","false","","Matthew Liberatore","4","","","","false","0","1"
"823776","2026-06-13","7:10 PM ET","Milwaukee Brewers","Philadelphia Phillies","American Family Field","Final","true","R","MLB_STATS_API_SCHEDULE","true","true","false","","Shane Drohan","7","","","","false","","Aaron Nola","3","","","","false","0","1"
"824019","2026-06-13","10:07 PM ET","Los Angeles Angels","Tampa Bay Rays","Angel Stadium","Final","true","R","MLB_STATS_API_SCHEDULE","true","true","false","","José Soriano","5","","","","false","","Griffin Jax","5","","","","false","0","1"
"824100","2026-06-13","7:10 PM ET","Kansas City Royals","Houston Astros","Kauffman Stadium","Final","true","R","MLB_STATS_API_SCHEDULE","true","true","false","","Noah Cameron","1","","","","false","","Mike Burrows","5","","","","false","0","1"
"824426","2026-06-13","4:10 PM ET","Cleveland Guardians","Detroit Tigers","Progressive Field","Final","true","R","MLB_STATS_API_SCHEDULE","true","true","false","","Joey Cantillo","4","","","","false","","Tarik Skubal","4","","","","false","0","1"
"824508","2026-06-13","4:10 PM ET","Cincinnati Reds","Arizona Diamondbacks","Great American Ball Park","Final","true","R","MLB_STATS_API_SCHEDULE","true","true","false","","Rhett Lowder","6","","","","false","","Michael Soroka","7","","","","false","0","1"
"824587","2026-06-13","4:10 PM ET","Chicago White Sox","Los Angeles Dodgers","Rate Field","Final","true","R","MLB_STATS_API_SCHEDULE","true","true","false","","Sean Burke","6","","","","false","","Yoshinobu Yamamoto","7","","","","false","0","1"
"824749","2026-06-13","4:10 PM ET","Boston Red Sox","Texas Rangers","Fenway Park","Final","true","R","MLB_STATS_API_SCHEDULE","true","true","false","","Ranger Suarez","7","","","","false","","Jacob deGrom","5","","","","false","0","1"
"824828","2026-06-13","4:05 PM ET","Baltimore Orioles","San Diego Padres","Oriole Park at Camden Yards","Final","true","R","MLB_STATS_API_SCHEDULE","true","true","false","","Trey Gibson","7","","","","false","","Randy Vásquez","5","","","","false","0","1"
"824995","2026-06-13","10:05 PM ET","Athletics","Colorado Rockies","Las Vegas Ballpark","Final","true","R","MLB_STATS_API_SCHEDULE","true","true","false","","Joey Estes","4","","","","false","","Kyle Freeland","4","","","","false","0","1"
"822722","2026-06-14","1:35 PM ET","Washington Nationals","Seattle Mariners","Nationals Park","Final","true","R","MLB_STATS_API_SCHEDULE","true","true","false","","PJ Poulin","0","","","","false","","Emerson Hancock","2","","","","false","0","1"
"822801","2026-06-14","1:37 PM ET","Toronto Blue Jays","New York Yankees","Rogers Centre","Final","true","R","MLB_STATS_API_SCHEDULE","true","true","false","","Patrick Corbin","3","","","","false","","Will Warren","1","","","","false","0","1"
"823212","2026-06-14","3:10 PM ET","San Francisco Giants","Chicago Cubs","Oracle Park","Final","true","R","MLB_STATS_API_SCHEDULE","true","true","false","","Logan Webb","7","","","","false","","Ryan Rolison","0","","","","false","0","1"
"823368","2026-06-14","12:15 PM ET","Pittsburgh Pirates","Miami Marlins","PNC Park","Final","true","R","MLB_STATS_API_SCHEDULE","true","true","false","","Paul Skenes","10","","","","false","","Max Meyer","9","","","","false","0","1"
"823615","2026-06-14","1:40 PM ET","New York Mets","Atlanta Braves","Citi Field","Final","true","R","MLB_STATS_API_SCHEDULE","true","true","false","","Freddy Peralta","2","","","","false","","Bryce Elder","2","","","","false","0","1"
"823693","2026-06-14","2:10 PM ET","Minnesota Twins","St. Louis Cardinals","Target Field","Final","true","R","MLB_STATS_API_SCHEDULE","true","true","false","","Taj Bradley","7","","","","false","","Michael McGreevy","2","","","","false","0","1"
"823777","2026-06-14","2:10 PM ET","Milwaukee Brewers","Philadelphia Phillies","American Family Field","Final","true","R","MLB_STATS_API_SCHEDULE","true","true","false","","Kyle Harrison","3","","","","false","","Cristopher Sánchez","3","","","","false","0","1"
"824021","2026-06-14","4:07 PM ET","Los Angeles Angels","Tampa Bay Rays","Angel Stadium","Final","true","R","MLB_STATS_API_SCHEDULE","true","true","false","","Grayson Rodriguez","1","","","","false","","Casey Legumina","1","","","","false","0","1"
"824099","2026-06-14","2:10 PM ET","Kansas City Royals","Houston Astros","Kauffman Stadium","Final","true","R","MLB_STATS_API_SCHEDULE","true","true","false","","Stephen Kolek","4","","","","false","","Spencer Arrighetti","7","","","","false","0","1"
"824424","2026-06-14","1:40 PM ET","Cleveland Guardians","Detroit Tigers","Progressive Field","Postponed","false","R","MLB_STATS_API_SCHEDULE","false","false","false","","Gavin Williams","","","","","false","","Casey Mize","","","","","false","0","1"
"824506","2026-06-14","1:40 PM ET","Cincinnati Reds","Arizona Diamondbacks","Great American Ball Park","Final","true","R","MLB_STATS_API_SCHEDULE","true","true","false","","Andrew Abbott","5","","","","false","","Zac Gallen","4","","","","false","0","1"
"824586","2026-06-14","2:10 PM ET","Chicago White Sox","Los Angeles Dodgers","Rate Field","Final","true","R","MLB_STATS_API_SCHEDULE","true","true","false","","Bryan Hudson","0","","","","false","","Emmet Sheehan","8","","","","false","0","1"
"824751","2026-06-14","7:20 PM ET","Boston Red Sox","Texas Rangers","Fenway Park","Final","true","R","MLB_STATS_API_SCHEDULE","true","true","false","","Connelly Early","3","","","","false","","Nathan Eovaldi","6","","","","false","0","1"
"824823","2026-06-14","1:35 PM ET","Baltimore Orioles","San Diego Padres","Oriole Park at Camden Yards","Final","true","R","MLB_STATS_API_SCHEDULE","true","true","false","","Trevor Rogers","4","","","","false","","Walker Buehler","5","","","","false","0","1"
"824994","2026-06-14","3:05 PM ET","Athletics","Colorado Rockies","Las Vegas Ballpark","Final","true","R","MLB_STATS_API_SCHEDULE","true","true","false","","Jeffrey Springs","5","","","","false","","Tomoyuki Sugano","2","","","","false","0","1"
"822724","2026-06-15","6:45 PM ET","Washington Nationals","Kansas City Royals","Nationals Park","Final","true","R","MLB_STATS_API_SCHEDULE","true","true","false","674841","Andrew Alvarez","5","4.0","18","58","false","687765","Mitch Spence","1","4.0","20","63","false","0","1"
"822887","2026-06-15","8:05 PM ET","Texas Rangers","Minnesota Twins","Globe Life Field","Final","true","R","MLB_STATS_API_SCHEDULE","true","true","false","669022","MacKenzie Gore","10","7.0","27","102","false","702474","Mike Paredes","2","4.2","18","59","false","0","1"
"823046","2026-06-15","7:45 PM ET","St. Louis Cardinals","San Diego Padres","Busch Stadium","Final","true","R","MLB_STATS_API_SCHEDULE","true","true","false","669160","Dustin May","9","9.0","28","101","false","593974","Wandy Peralta","1","1.0","3","11","false","0","1"
"823452","2026-06-15","6:40 PM ET","Philadelphia Phillies","Miami Marlins","Citizens Bank Park","Final","true","R","MLB_STATS_API_SCHEDULE","true","true","false","554430","Zack Wheeler","9","6.0","23","97","false","687473","Ryan Gusto","1","4.2","26","91","false","0","1"
"823938","2026-06-15","10:10 PM ET","Los Angeles Dodgers","Tampa Bay Rays","UNIQLO Field at Dodger Stadium","Final","true","R","MLB_STATS_API_SCHEDULE","true","true","false","641778","Eric Lauer","4","6.0","26","93","false","607259","Nick Martinez","6","5.1","22","96","false","0","1"
"824181","2026-06-15","8:10 PM ET","Houston Astros","Detroit Tigers","Daikin Park","Final","true","R","MLB_STATS_API_SCHEDULE","true","true","false","678906","Kai-Wei Teng","9","3.1","20","81","false","623454","Drew Anderson","5","2.2","12","59","false","0","1"
"824505","2026-06-15","7:10 PM ET","Cincinnati Reds","New York Mets","Great American Ball Park","Final","true","R","MLB_STATS_API_SCHEDULE","true","true","false","695505","Chase Burns","7","5.0","22","100","false","668964","Tobias Myers","1","1.1","11","43","false","0","1"
"824666","2026-06-15","8:05 PM ET","Chicago Cubs","Colorado Rockies","Wrigley Field","Final","true","R","MLB_STATS_API_SCHEDULE","true","true","false","684007","Shota Imanaga","3","5.2","22","85","false","547179","Michael Lorenzen","5","5.0","22","89","false","0","1"
"824993","2026-06-15","9:40 PM ET","Athletics","Pittsburgh Pirates","Sutter Health Park","Final","true","R","MLB_STATS_API_SCHEDULE","true","true","false","669372","J.T. Ginn","3","6.0","26","98","false","683003","Jared Jones","4","4.0","20","75","false","0","1"
"825071","2026-06-15","9:40 PM ET","Arizona Diamondbacks","Los Angeles Angels","Chase Field","Final","true","R","MLB_STATS_API_SCHEDULE","true","true","false","669194","Ryne Nelson","5","7.0","29","95","false","700712","Walbert Ureña","3","7.0","30","88","false","0","1"
"822723","2026-06-16","6:45 PM ET","Washington Nationals","Kansas City Royals","Nationals Park","Final","true","R","MLB_STATS_API_SCHEDULE","true","true","false","656492","Foster Griffin","6","6.0","26","100","false","608379","Michael Wacha","3","6.0","26","90","false","0","1"
"822888","2026-06-16","8:05 PM ET","Texas Rangers","Minnesota Twins","Globe Life Field","Final","true","R","MLB_STATS_API_SCHEDULE","true","true","false","677958","Kumar Rocker","4","3.1","20","70","false","805673","Zebby Matthews","4","7.0","28","93","false","0","1"
"823045","2026-06-16","7:45 PM ET","St. Louis Cardinals","San Diego Padres","Busch Stadium","Final","true","R","MLB_STATS_API_SCHEDULE","true","true","false","669467","Andre Pallante","6","7.0","24","92","false","650633","Michael King","1","4.1","22","93","false","0","1"
"823128","2026-06-16","9:40 PM ET","Seattle Mariners","Baltimore Orioles","T-Mobile Park","Final","true","R","MLB_STATS_API_SCHEDULE","true","true","false","669302","Logan Gilbert","10","7.0","25","94","false","687064","Brandon Young","2","6.0","26","92","false","0","1"
"823451","2026-06-16","6:40 PM ET","Philadelphia Phillies","Miami Marlins","Citizens Bank Park","Final","true","R","MLB_STATS_API_SCHEDULE","true","true","false","666200","Jesús Luzardo","9","7.0","28","106","false","663969","Tyler Phillips","4","4.0","21","79","false","0","1"
"823535","2026-06-16","7:05 PM ET","New York Yankees","Chicago White Sox","Yankee Stadium","Final","true","R","MLB_STATS_API_SCHEDULE","true","true","false","543037","Gerrit Cole","6","6.0","23","90","false","663436","Davis Martin","4","3.1","21","88","false","0","1"
"823775","2026-06-16","7:40 PM ET","Milwaukee Brewers","Cleveland Guardians","American Family Field","Final","true","R","MLB_STATS_API_SCHEDULE","true","true","false","688107","Robert Gasser","5","5.2","20","92","false","677944","Slade Cecconi","4","5.2","22","82","false","0","1"
"823939","2026-06-16","10:10 PM ET","Los Angeles Dodgers","Tampa Bay Rays","UNIQLO Field at Dodger Stadium","Final","true","R","MLB_STATS_API_SCHEDULE","true","true","false","680736","Justin Wrobleski","5","6.0","21","67","false","656876","Drew Rasmussen","7","7.0","26","102","false","0","1"
"824182","2026-06-16","8:10 PM ET","Houston Astros","Detroit Tigers","Daikin Park","Final","true","R","MLB_STATS_API_SCHEDULE","true","true","false","686613","Hunter Brown","7","5.2","21","92","false","664285","Framber Valdez","6","6.0","27","92","false","0","1"
"824504","2026-06-16","7:10 PM ET","Cincinnati Reds","New York Mets","Great American Ball Park","Final","true","R","MLB_STATS_API_SCHEDULE","true","true","false","663903","Brady Singer","5","5.0","22","91","false","673540","Kodai Senga","5","4.0","17","82","false","0","1"
"824667","2026-06-16","8:05 PM ET","Chicago Cubs","Colorado Rockies","Wrigley Field","Final","true","R","MLB_STATS_API_SCHEDULE","true","true","false","665795","Edward Cabrera","3","4.1","18","67","false","663372","Ryan Feltner","7","4.2","23","104","false","0","1"
"824750","2026-06-16","6:45 PM ET","Boston Red Sox","Toronto Blue Jays","Fenway Park","Final","true","R","MLB_STATS_API_SCHEDULE","true","true","false","801139","Payton Tolle","6","5.0","21","90","false","656302","Dylan Cease","7","5.0","23","108","false","0","1"
"824912","2026-06-16","7:15 PM ET","Atlanta Braves","San Francisco Giants","Truist Park","Final","true","R","MLB_STATS_API_SCHEDULE","false","false","false","656550","Grant Holmes","2","2.0","13","55","false","605288","Adrian Houser","2","1.0","7","29","false","0","2"
"824991","2026-06-16","9:40 PM ET","Athletics","Pittsburgh Pirates","Sutter Health Park","Final","true","R","MLB_STATS_API_SCHEDULE","true","true","false","678022","Jack Perkins","6","5.0","22","85","false","656605","Mitch Keller","7","5.1","24","96","false","0","1"
"825070","2026-06-16","9:40 PM ET","Arizona Diamondbacks","Los Angeles Angels","Chase Field","Final","true","R","MLB_STATS_API_SCHEDULE","true","true","false","518876","Merrill Kelly","4","5.1","27","88","false","672282","Reid Detmers","3","7.0","24","90","false","0","1"
"822721","2026-06-17","1:05 PM ET","Washington Nationals","Kansas City Royals","Nationals Park","Final","true","R","MLB_STATS_API_SCHEDULE","true","true","false","641793","Zack Littell","2","5.0","24","99","false","679883","Luinder Avila","5","5.2","21","91","false","0","1"
"823044","2026-06-17","2:15 PM ET","St. Louis Cardinals","San Diego Padres","Busch Stadium","Final","true","R","MLB_STATS_API_SCHEDULE","true","true","false","681517","Kyle Leahy","7","6.0","24","81","false","699134","Bradgley Rodriguez","1","1.0","4","17","false","0","1"
"823127","2026-06-17","9:40 PM ET","Seattle Mariners","Baltimore Orioles","T-Mobile Park","Final","true","R","MLB_STATS_API_SCHEDULE","true","true","false","669923","George Kirby","5","6.0","25","92","false","680694","Kyle Bradish","12","7.2","28","100","false","0","1"
"823450","2026-06-17","1:05 PM ET","Philadelphia Phillies","Miami Marlins","Citizens Bank Park","Final","true","R","MLB_STATS_API_SCHEDULE","true","true","false","691725","Andrew Painter","3","2.0","14","56","false","645261","Sandy Alcantara","6","6.0","28","102","false","0","1"
"823536","2026-06-17","7:05 PM ET","New York Yankees","Chicago White Sox","Yankee Stadium","Final","true","R","MLB_STATS_API_SCHEDULE","true","true","false","607074","Carlos Rodón","7","5.0","22","99","false","641743","Anthony Kay","2","4.0","21","86","false","0","1"
"823774","2026-06-17","7:40 PM ET","Milwaukee Brewers","Cleveland Guardians","American Family Field","Final","true","R","MLB_STATS_API_SCHEDULE","true","true","false","687075","Brandon Sproat","6","3.2","15","65","false","668909","Gavin Williams","4","5.0","24","87","false","0","1"
"823940","2026-06-17","3:10 PM ET","Los Angeles Dodgers","Tampa Bay Rays","UNIQLO Field at Dodger Stadium","Final","true","R","MLB_STATS_API_SCHEDULE","true","true","false","660271","Shohei Ohtani","5","6.0","27","91","false","663556","Shane McClanahan","3","3.2","19","83","false","0","1"
"824178","2026-06-17","2:10 PM ET","Houston Astros","Detroit Tigers","Daikin Park","Final","true","R","MLB_STATS_API_SCHEDULE","true","true","false","663567","Peter Lambert","5","7.0","24","89","false","663554","Casey Mize","3","4.2","21","86","false","0","1"
"824503","2026-06-17","12:40 PM ET","Cincinnati Reds","New York Mets","Great American Ball Park","Final","true","R","MLB_STATS_API_SCHEDULE","true","true","false","666157","Nick Lodolo","2","4.2","25","90","false","690997","Nolan McLean","9","7.0","27","101","false","0","1"
"824668","2026-06-17","8:05 PM ET","Chicago Cubs","Colorado Rockies","Wrigley Field","Final","true","R","MLB_STATS_API_SCHEDULE","true","true","false","665871","Javier Assad","1","5.2","22","92","false","807743","Sean Sullivan","2","4.0","23","82","false","0","1"
"824746","2026-06-17","6:45 PM ET","Boston Red Sox","Toronto Blue Jays","Fenway Park","","false","R","MLB_STATS_API_SCHEDULE","true","true","true","687562","Jake Bennett","","","","","false","680755","Braydon Fisher","","","","","false","0","1"
"824913","2026-06-17","7:15 PM ET","Atlanta Braves","San Francisco Giants","Truist Park","Final","true","R","MLB_STATS_API_SCHEDULE","true","true","false","702275","JR Ritchie","4","5.0","22","90","false","687931","Carson Whisenhunt","2","5.0","23","85","false","0","1"
"824992","2026-06-17","9:40 PM ET","Athletics","Pittsburgh Pirates","Sutter Health Park","Final","true","R","MLB_STATS_API_SCHEDULE","true","true","false","650644","Aaron Civale","2","3.0","20","71","false","677952","Braxton Ashcraft","7","6.0","25","93","false","0","1"
"825072","2026-06-17","3:40 PM ET","Arizona Diamondbacks","Los Angeles Angels","Chase Field","Final","true","R","MLB_STATS_API_SCHEDULE","true","true","false","593958","Eduardo Rodriguez","5","7.0","27","100","false","691951","Sam Aldegheri","1","3.0","19","77","false","0","1"
"822889","2026-06-18","2:35 PM ET","Texas Rangers","Minnesota Twins","Globe Life Field","","false","R","MLB_STATS_API_SCHEDULE","true","true","true","683004","Jack Leiter","","","","","false","657746","Joe Ryan","","","","","false","0","1"
"823125","2026-06-18","4:10 PM ET","Seattle Mariners","Baltimore Orioles","T-Mobile Park","Final","true","R","MLB_STATS_API_SCHEDULE","true","true","false","693433","Bryan Woo","9","7.0","25","89","false","669358","Shane Baz","9","7.0","28","99","false","0","1"
"823448","2026-06-18","6:40 PM ET","Philadelphia Phillies","New York Mets","Citizens Bank Park","Final","true","R","MLB_STATS_API_SCHEDULE","true","true","false","605400","Aaron Nola","6","5.0","24","97","false","640455","Sean Manaea","5","5.1","23","95","false","0","1"
"823533","2026-06-18","7:05 PM ET","New York Yankees","Chicago White Sox","Yankee Stadium","Final","true","R","MLB_STATS_API_SCHEDULE","true","true","false","677960","Ryan Weathers","8","6.1","22","88","false","663542","Bryan Hudson","2","1.2","6","27","false","0","1"
"823772","2026-06-18","2:10 PM ET","Milwaukee Brewers","Cleveland Guardians","American Family Field","Final","true","R","MLB_STATS_API_SCHEDULE","true","true","false","675660","Shane Drohan","3","5.0","21","91","false","800048","Parker Messick","9","6.0","25","96","false","0","1"
"824098","2026-06-18","7:40 PM ET","Kansas City Royals","St. Louis Cardinals","Kauffman Stadium","Final","true","R","MLB_STATS_API_SCHEDULE","true","true","false","702070","Noah Cameron","6","5.0","27","108","false","669461","Matthew Liberatore","2","1.2","13","48","false","0","1"
"824748","2026-06-18","1:35 PM ET","Boston Red Sox","Toronto Blue Jays","Fenway Park","Final","true","R","MLB_STATS_API_SCHEDULE","true","true","false","543243","Sonny Gray","4","7.0","27","89","false","702056","Trey Yesavage","6","7.1","26","95","false","0","1"
"824911","2026-06-18","7:15 PM ET","Atlanta Braves","San Francisco Giants","Truist Park","Postponed","false","R","MLB_STATS_API_SCHEDULE","true","false","true","527048","Martín Pérez","","","","","false","694738","Landen Roupp","","","","","false","0","1"
"824989","2026-06-18","9:40 PM ET","Athletics","Los Angeles Angels","Sutter Health Park","Final","true","R","MLB_STATS_API_SCHEDULE","true","true","false","695611","Gage Jump","7","7.0","24","107","false","696270","Ryan Johnson","2","5.0","25","89","false","0","1"
"822886","2026-06-19","8:05 PM ET","Texas Rangers","San Diego Padres","Globe Life Field","Final","true","R","MLB_STATS_API_SCHEDULE","true","true","false","594798","Jacob deGrom","9","6.0","27","106","false","681190","Randy Vásquez","1","3.1","21","72","false","0","1"
"822966","2026-06-19","7:10 PM ET","Tampa Bay Rays","Washington Nationals","Tropicana Field","Final","true","R","MLB_STATS_API_SCHEDULE","true","true","false","643377","Griffin Jax","5","5.0","18","69","false","676571","PJ Poulin","1","2.0","7","23","false","0","1"
"823124","2026-06-19","10:10 PM ET","Seattle Mariners","Boston Red Sox","T-Mobile Park","Final","true","R","MLB_STATS_API_SCHEDULE","true","true","false","682243","Bryce Miller","7","5.0","16","66","false","624133","Ranger Suarez","5","6.2","24","94","false","0","1"
"823534","2026-06-19","7:05 PM ET","New York Yankees","Cincinnati Reds","Yankee Stadium","Final","true","R","MLB_STATS_API_SCHEDULE","true","true","false","693645","Cam Schlittler","13","6.0","23","96","false","695076","Rhett Lowder","5","5.1","25","95","false","0","1"
"823853","2026-06-19","7:10 PM ET","Miami Marlins","San Francisco Giants","loanDepot park","Final","true","R","MLB_STATS_API_SCHEDULE","true","true","false","669199","Lake Bachar","1","1.1","9","37","false","694738","Landen Roupp","7","6.0","25","98","false","0","1"
"823936","2026-06-19","10:10 PM ET","Los Angeles Dodgers","Baltimore Orioles","UNIQLO Field at Dodger Stadium","Final","true","R","MLB_STATS_API_SCHEDULE","true","true","false","808963","Roki Sasaki","6","5.2","21","90","false","694346","Trey Gibson","8","5.0","26","97","false","0","1"
"824097","2026-06-19","8:15 PM ET","Kansas City Royals","St. Louis Cardinals","Kauffman Stadium","Final","true","R","MLB_STATS_API_SCHEDULE","true","true","false","607625","Seth Lugo","0","6.0","23","85","false","700241","Michael McGreevy","2","5.0","23","95","false","0","1"
"824179","2026-06-19","8:10 PM ET","Houston Astros","Cleveland Guardians","Daikin Park","Final","true","R","MLB_STATS_API_SCHEDULE","true","true","false","837227","Tatsuya Imai","11","6.0","24","89","false","676440","Tanner Bibee","7","5.1","22","95","false","0","1"
"824264","2026-06-19","6:40 PM ET","Detroit Tigers","Chicago White Sox","Comerica Park","Final","true","R","MLB_STATS_API_SCHEDULE","true","true","false","669373","Tarik Skubal","8","5.2","25","94","false","685126","Brandon Eisert","2","1.1","6","32","false","0","1"
"824345","2026-06-19","8:40 PM ET","Colorado Rockies","Pittsburgh Pirates","Coors Field","Final","true","R","MLB_STATS_API_SCHEDULE","true","true","false","607536","Kyle Freeland","8","7.1","26","81","false","696149","Bubba Chandler","1","6.0","26","74","false","0","1"
"824663","2026-06-19","2:20 PM ET","Chicago Cubs","Toronto Blue Jays","Wrigley Field","Final","true","R","MLB_STATS_API_SCHEDULE","true","true","false","676962","Ben Brown","4","6.0","22","72","false","592332","Kevin Gausman","3","2.0","17","68","false","0","1"
"824910","2026-06-19","7:15 PM ET","Atlanta Braves","Milwaukee Brewers","Truist Park","Final","true","R","MLB_STATS_API_SCHEDULE","true","true","false","527048","Martín Pérez","5","6.0","25","82","false","694819","Jacob Misiorowski","7","6.0","24","91","false","0","1"
"824990","2026-06-19","9:40 PM ET","Athletics","Los Angeles Angels","Sutter Health Park","Final","true","R","MLB_STATS_API_SCHEDULE","true","true","false","605488","Jeffrey Springs","4","3.2","18","86","false","667755","José Soriano","6","5.0","24","105","false","0","1"
"825069","2026-06-19","9:45 PM ET","Arizona Diamondbacks","Minnesota Twins","Chase Field","Final","true","R","MLB_STATS_API_SCHEDULE","true","true","false","647336","Michael Soroka","0","1.0","4","9","false","687570","Connor Prielipp","4","6.0","30","97","false","0","1"
"822885","2026-06-20","4:05 PM ET","Texas Rangers","San Diego Padres","Globe Life Field","Final","true","R","MLB_STATS_API_SCHEDULE","true","true","false","669022","MacKenzie Gore","6","6.0","23","95","false","621111","Walker Buehler","7","5.1","21","87","false","0","1"
"822967","2026-06-20","4:10 PM ET","Tampa Bay Rays","Washington Nationals","Tropicana Field","Final","true","R","MLB_STATS_API_SCHEDULE","true","true","false","693855","Ian Seymour","4","5.0","22","81","false","676917","Cade Cavalli","1","2.2","16","68","false","0","1"
"823126","2026-06-20","10:10 PM ET","Seattle Mariners","Boston Red Sox","T-Mobile Park","Final","true","R","MLB_STATS_API_SCHEDULE","true","true","false","676106","Emerson Hancock","6","5.1","22","76","false","813349","Connelly Early","7","6.0","24","98","false","0","1"
"823447","2026-06-20","7:15 PM ET","Philadelphia Phillies","New York Mets","Citizens Bank Park","Final","true","R","MLB_STATS_API_SCHEDULE","true","true","false","650911","Cristopher Sánchez","5","6.0","24","91","false","642547","Freddy Peralta","2","2.2","19","80","false","0","1"
"823532","2026-06-20","1:35 PM ET","New York Yankees","Cincinnati Reds","Yankee Stadium","Final","true","R","MLB_STATS_API_SCHEDULE","true","true","false","701542","Will Warren","8","5.2","28","90","false","671096","Andrew Abbott","6","5.0","23","97","false","0","1"
"823854","2026-06-20","4:10 PM ET","Miami Marlins","San Francisco Giants","loanDepot park","Final","true","R","MLB_STATS_API_SCHEDULE","true","true","false","676974","Max Meyer","7","5.0","23","98","false","686790","Trevor McDonald","1","3.0","20","69","false","0","1"
"823937","2026-06-20","10:10 PM ET","Los Angeles Dodgers","Baltimore Orioles","UNIQLO Field at Dodger Stadium","Final","true","R","MLB_STATS_API_SCHEDULE","true","true","false","808967","Yoshinobu Yamamoto","6","6.0","26","102","false","669432","Trevor Rogers","6","7.0","23","96","false","0","1"
"824180","2026-06-20","7:15 PM ET","Houston Astros","Cleveland Guardians","Daikin Park","Final","true","R","MLB_STATS_API_SCHEDULE","true","true","false","681293","Spencer Arrighetti","8","6.0","24","90","false","676282","Joey Cantillo","9","8.0","28","98","false","0","1"
"824263","2026-06-20","1:10 PM ET","Detroit Tigers","Chicago White Sox","Comerica Park","Final","true","R","MLB_STATS_API_SCHEDULE","true","true","false","675512","Troy Melton","5","6.0","23","84","false","656794","Sean Newcomb","4","3.0","9","42","false","0","1"
"824342","2026-06-20","9:10 PM ET","Colorado Rockies","Pittsburgh Pirates","Coors Field","Final","true","R","MLB_STATS_API_SCHEDULE","true","true","false","608372","Tomoyuki Sugano","5","6.0","22","85","false","694973","Paul Skenes","8","6.0","24","104","false","0","1"
"824665","2026-06-20","2:20 PM ET","Chicago Cubs","Toronto Blue Jays","Wrigley Field","Final","true","R","MLB_STATS_API_SCHEDULE","true","true","false","607067","Colin Rea","3","5.1","19","78","false","571578","Patrick Corbin","4","3.2","20","101","false","0","1"
"824909","2026-06-20","4:10 PM ET","Atlanta Braves","Milwaukee Brewers","Truist Park","Final","true","R","MLB_STATS_API_SCHEDULE","true","true","false","519242","Chris Sale","7","5.2","23","101","false","690986","Kyle Harrison","7","6.1","23","85","false","0","1"
"824988","2026-06-20","10:05 PM ET","Athletics","Los Angeles Angels","Sutter Health Park","Final","true","R","MLB_STATS_API_SCHEDULE","true","true","false","669372","J.T. Ginn","5","5.1","26","98","false","700712","Walbert Ureña","6","5.0","20","90","false","0","1"
"825068","2026-06-20","10:10 PM ET","Arizona Diamondbacks","Minnesota Twins","Chase Field","Final","true","R","MLB_STATS_API_SCHEDULE","true","true","false","668678","Zac Gallen","2","4.0","26","81","false","671737","Taj Bradley","4","5.0","20","91","false","0","1"
"822883","2026-06-21","2:35 PM ET","Texas Rangers","San Diego Padres","Globe Life Field","Final","true","R","MLB_STATS_API_SCHEDULE","true","true","false","543135","Nathan Eovaldi","9","6.0","25","94","false","593974","Wandy Peralta","0","1.0","4","11","false","0","1"
"822968","2026-06-21","1:40 PM ET","Tampa Bay Rays","Washington Nationals","Tropicana Field","Final","true","R","MLB_STATS_API_SCHEDULE","true","true","false","607259","Nick Martinez","5","6.0","24","88","false","674841","Andrew Alvarez","6","4.0","16","68","false","0","1"
"823123","2026-06-21","4:10 PM ET","Seattle Mariners","Boston Red Sox","T-Mobile Park","Final","true","R","MLB_STATS_API_SCHEDULE","true","true","false","669302","Logan Gilbert","8","6.1","22","94","false","801139","Payton Tolle","2","6.0","25","79","false","0","1"
"823449","2026-06-21","7:20 PM ET","Philadelphia Phillies","New York Mets","Citizens Bank Park","Final","true","R","MLB_STATS_API_SCHEDULE","true","true","false","554430","Zack Wheeler","7","5.2","23","104","false","656849","David Peterson","5","4.0","20","79","false","0","1"
"823531","2026-06-21","1:35 PM ET","New York Yankees","Cincinnati Reds","Yankee Stadium","Final","true","R","MLB_STATS_API_SCHEDULE","true","true","false","695684","Elmer Rodríguez","4","4.0","19","80","false","695505","Chase Burns","7","5.0","21","96","false","0","1"
"823852","2026-06-21","1:40 PM ET","Miami Marlins","San Francisco Giants","loanDepot park","Final","true","R","MLB_STATS_API_SCHEDULE","true","true","false","687473","Ryan Gusto","6","4.1","18","68","false","657277","Logan Webb","5","8.0","29","103","false","0","1"
"823934","2026-06-21","4:10 PM ET","Los Angeles Dodgers","Baltimore Orioles","UNIQLO Field at Dodger Stadium","Final","true","R","MLB_STATS_API_SCHEDULE","true","true","false","686218","Emmet Sheehan","","","","","false","687064","Brandon Young","","","","","false","0","1"
"824095","2026-06-21","2:10 PM ET","Kansas City Royals","St. Louis Cardinals","Kauffman Stadium","Final","true","R","MLB_STATS_API_SCHEDULE","true","true","false","663568","Stephen Kolek","0","1.2","15","49","false","669160","Dustin May","2","2.0","13","44","false","0","1"
"824177","2026-06-21","2:10 PM ET","Houston Astros","Cleveland Guardians","Daikin Park","Final","true","R","MLB_STATS_API_SCHEDULE","true","true","false","678906","Kai-Wei Teng","4","6.0","23","83","false","677944","Slade Cecconi","1","6.0","25","79","false","0","1"
"824260","2026-06-21","1:40 PM ET","Detroit Tigers","Chicago White Sox","Comerica Park","Final","true","R","MLB_STATS_API_SCHEDULE","true","true","false","672456","Keider Montero","3","7.0","27","76","false","663436","Davis Martin","4","6.0","24","77","false","0","1"
"824343","2026-06-21","3:10 PM ET","Colorado Rockies","Pittsburgh Pirates","Coors Field","Final","true","R","MLB_STATS_API_SCHEDULE","true","true","false","547179","Michael Lorenzen","5","5.1","24","90","false","683003","Jared Jones","3","3.0","12","45","false","0","1"
"824664","2026-06-21","2:20 PM ET","Chicago Cubs","Toronto Blue Jays","Wrigley Field","Postponed","false","R","MLB_STATS_API_SCHEDULE","true","false","true","684007","Shota Imanaga","","","","","false","656302","Dylan Cease","","","","","false","0","2"
"824908","2026-06-21","1:35 PM ET","Atlanta Braves","Milwaukee Brewers","Truist Park","Final","true","R","MLB_STATS_API_SCHEDULE","true","true","false","693821","Bryce Elder","6","6.0","32","95","false","688107","Robert Gasser","7","6.0","23","97","false","0","1"
"824987","2026-06-21","4:05 PM ET","Athletics","Los Angeles Angels","Sutter Health Park","Final","true","R","MLB_STATS_API_SCHEDULE","true","true","false","678022","Jack Perkins","8","5.0","21","78","false","672282","Reid Detmers","4","6.0","27","90","false","0","1"
"825067","2026-06-21","3:15 PM ET","Arizona Diamondbacks","Minnesota Twins","Chase Field","Final","true","R","MLB_STATS_API_SCHEDULE","true","true","false","703615","Jose Cabrera","3","5.0","18","62","false","702474","Mike Paredes","1","5.0","23","75","false","0","1"
"822720","2026-06-22","6:45 PM ET","Washington Nationals","Philadelphia Phillies","Nationals Park","Final","true","R","MLB_STATS_API_SCHEDULE","true","true","false","656492","Foster Griffin","9","7.1","27","105","false","641835","Tim Mayza","2","1.0","6","24","false","0","1"
"822800","2026-06-22","7:07 PM ET","Toronto Blue Jays","Houston Astros","Rogers Centre","Final","true","R","MLB_STATS_API_SCHEDULE","true","true","false","656302","Dylan Cease","8","5.2","23","110","false","686613","Hunter Brown","4","3.0","17","85","false","0","1"
"822964","2026-06-22","6:40 PM ET","Tampa Bay Rays","Kansas City Royals","Tropicana Field","Final","true","R","MLB_STATS_API_SCHEDULE","true","true","false","656876","Drew Rasmussen","5","6.0","24","90","false","608379","Michael Wacha","5","7.0","27","99","false","0","1"
"823040","2026-06-22","7:45 PM ET","St. Louis Cardinals","Arizona Diamondbacks","Busch Stadium","Final","true","R","MLB_STATS_API_SCHEDULE","true","true","false","669467","Andre Pallante","2","6.0","24","85","false","518876","Merrill Kelly","2","6.0","26","96","false","0","1"
"823288","2026-06-22","10:10 PM ET","San Diego Padres","Atlanta Braves","Petco Park","Final","true","R","MLB_STATS_API_SCHEDULE","true","true","false","650633","Michael King","5","7.0","27","93","false","656550","Grant Holmes","4","4.2","21","91","false","0","1"
"823613","2026-06-22","7:10 PM ET","New York Mets","Chicago Cubs","Citi Field","Postponed","false","R","MLB_STATS_API_SCHEDULE","true","false","true","673540","Kodai Senga","","","","","false","684007","Shota Imanaga","","","","","false","0","2"
"823692","2026-06-22","7:40 PM ET","Minnesota Twins","Los Angeles Dodgers","Target Field","Final","true","R","MLB_STATS_API_SCHEDULE","true","true","false","805673","Zebby Matthews","5","6.0","26","108","false","694361","Will Klein","2","1.0","6","32","false","0","1"
"823851","2026-06-22","6:40 PM ET","Miami Marlins","Texas Rangers","loanDepot park","Final","true","R","MLB_STATS_API_SCHEDULE","true","true","false","663969","Tyler Phillips","4","6.0","24","89","false","641302","Tyler Alexander","1","1.0","3","15","false","0","1"
"824016","2026-06-22","9:38 PM ET","Los Angeles Angels","Baltimore Orioles","Angel Stadium","Final","true","R","MLB_STATS_API_SCHEDULE","true","true","false","691951","Sam Aldegheri","3","4.2","21","91","false","680694","Kyle Bradish","9","8.0","30","101","false","0","1"
"824261","2026-06-22","6:10 PM ET","Detroit Tigers","New York Yankees","Comerica Park","Final","true","R","MLB_STATS_API_SCHEDULE","true","true","false","664285","Framber Valdez","8","6.0","24","94","false","543037","Gerrit Cole","5","4.1","24","89","false","0","1"
"824344","2026-06-22","8:40 PM ET","Colorado Rockies","Boston Red Sox","Coors Field","Final","true","R","MLB_STATS_API_SCHEDULE","true","true","false","663372","Ryan Feltner","2","6.0","25","93","false","687562","Jake Bennett","9","6.0","21","72","false","0","1"
"824502","2026-06-22","7:10 PM ET","Cincinnati Reds","Milwaukee Brewers","Great American Ball Park","Final","true","R","MLB_STATS_API_SCHEDULE","true","true","false","663903","Brady Singer","7","7.0","25","106","false","605540","Brandon Woodruff","10","6.0","19","79","false","0","1"
"824585","2026-06-22","7:40 PM ET","Chicago White Sox","Cleveland Guardians","Rate Field","Final","true","R","MLB_STATS_API_SCHEDULE","true","true","false","641743","Anthony Kay","8","6.0","24","101","false","668909","Gavin Williams","8","5.0","20","95","false","0","1"
"822718","2026-06-23","6:45 PM ET","Washington Nationals","Philadelphia Phillies","Nationals Park","Final","true","R","MLB_STATS_API_SCHEDULE","true","true","false","676571","PJ Poulin","1","1.0","3","8","true","666200","Jesús Luzardo","13","6.2","28","104","false","1","1"
"822799","2026-06-23","4:07 PM ET","Toronto Blue Jays","Houston Astros","Rogers Centre","Final","true","R","MLB_STATS_API_SCHEDULE","true","true","false","669456","Shane Bieber","2","3.2","19","75","false","663567","Peter Lambert","6","4.2","23","92","false","0","1"
"822963","2026-06-23","6:40 PM ET","Tampa Bay Rays","Kansas City Royals","Tropicana Field","Final","true","R","MLB_STATS_API_SCHEDULE","true","true","false","663556","Shane McClanahan","4","6.0","25","75","true","679883","Luinder Avila","6","5.0","21","87","false","1","1"
"823043","2026-06-23","7:45 PM ET","St. Louis Cardinals","Arizona Diamondbacks","Busch Stadium","Final","true","R","MLB_STATS_API_SCHEDULE","true","true","false","681517","Kyle Leahy","3","6.1","23","85","true","593958","Eduardo Rodriguez","5","6.2","25","95","false","1","1"
"823210","2026-06-23","9:45 PM ET","San Francisco Giants","Athletics","Oracle Park","Final","true","R","MLB_STATS_API_SCHEDULE","true","true","false","592662","Robbie Ray","6","8.0","29","102","true","650644","Aaron Civale","5","4.0","18","84","false","1","1"
"823286","2026-06-23","9:40 PM ET","San Diego Padres","Atlanta Braves","Petco Park","Final","true","R","MLB_STATS_API_SCHEDULE","true","true","false","593974","Wandy Peralta","2","1.0","3","13","true","702275","JR Ritchie","7","5.0","24","98","false","1","1"
"823365","2026-06-23","6:40 PM ET","Pittsburgh Pirates","Seattle Mariners","PNC Park","Final","true","R","MLB_STATS_API_SCHEDULE","true","true","false","656605","Mitch Keller","4","6.0","26","92","true","669923","George Kirby","5","6.0","27","91","false","1","1"
"823614","2026-06-23","7:10 PM ET","New York Mets","Chicago Cubs","Citi Field","Final","true","R","MLB_STATS_API_SCHEDULE","true","true","false","673540","Kodai Senga","6","3.2","20","98","true","665795","Edward Cabrera","4","5.0","22","99","false","1","1"
"823690","2026-06-23","7:40 PM ET","Minnesota Twins","Los Angeles Dodgers","Target Field","Final","true","R","MLB_STATS_API_SCHEDULE","true","true","false","696070","Kendry Rojas","4","2.0","10","50","true","680736","Justin Wrobleski","3","7.0","28","92","false","1","1"
"823849","2026-06-23","6:40 PM ET","Miami Marlins","Texas Rangers","loanDepot park","Final","true","R","MLB_STATS_API_SCHEDULE","true","true","false","645261","Sandy Alcantara","4","6.2","27","109","true","615698","Cal Quantrill","1","2.0","9","34","false","1","1"
"824017","2026-06-23","9:38 PM ET","Los Angeles Angels","Baltimore Orioles","Angel Stadium","Final","true","R","MLB_STATS_API_SCHEDULE","true","true","false","696270","Ryan Johnson","8","6.0","19","90","true","669358","Shane Baz","5","5.0","24","91","false","1","1"
"824262","2026-06-23","6:40 PM ET","Detroit Tigers","New York Yankees","Comerica Park","Final","true","R","MLB_STATS_API_SCHEDULE","true","true","false","663554","Casey Mize","6","5.2","25","97","true","607074","Carlos Rodón","5","5.1","22","87","false","1","1"
"824340","2026-06-23","8:40 PM ET","Colorado Rockies","Boston Red Sox","Coors Field","Final","true","R","MLB_STATS_API_SCHEDULE","true","true","false","807743","Sean Sullivan","3","5.0","24","94","true","543243","Sonny Gray","11","7.0","30","93","false","1","1"
"824501","2026-06-23","7:10 PM ET","Cincinnati Reds","Milwaukee Brewers","Great American Ball Park","Final","true","R","MLB_STATS_API_SCHEDULE","true","true","false","666157","Nick Lodolo","6","4.0","15","75","true","687075","Brandon Sproat","10","6.0","19","80","false","1","1"
"824584","2026-06-23","7:40 PM ET","Chicago White Sox","Cleveland Guardians","Rate Field","Final","true","R","MLB_STATS_API_SCHEDULE","true","true","false","680732","Sean Burke","6","6.1","26","90","true","800048","Parker Messick","10","7.2","27","95","false","1","1"
"822719","2026-06-24","6:45 PM ET","Washington Nationals","Philadelphia Phillies","Nationals Park","Final","true","R","MLB_STATS_API_SCHEDULE","true","true","false","687223","Carson Palmquist","3","3.1","12","58","true","605400","Aaron Nola","5","5.0","21","86","false","1","1"
"822798","2026-06-24","7:07 PM ET","Toronto Blue Jays","Houston Astros","Rogers Centre","Final","true","R","MLB_STATS_API_SCHEDULE","true","true","false","702056","Trey Yesavage","5","5.2","25","105","true","681347","Mike Burrows","3","6.0","21","93","false","1","1"
"822965","2026-06-24","6:40 PM ET","Tampa Bay Rays","Kansas City Royals","Tropicana Field","Final","true","R","MLB_STATS_API_SCHEDULE","true","true","false","643377","Griffin Jax","7","5.0","24","88","true","702070","Noah Cameron","5","5.0","27","108","false","1","1"
"823041","2026-06-24","7:45 PM ET","St. Louis Cardinals","Arizona Diamondbacks","Busch Stadium","Final","true","R","MLB_STATS_API_SCHEDULE","true","true","false","669461","Matthew Liberatore","3","5.1","26","98","true","683352","Mitch Bratt","3","3.0","13","54","false","1","1"
"823208","2026-06-24","9:45 PM ET","San Francisco Giants","Athletics","Oracle Park","Final","true","R","MLB_STATS_API_SCHEDULE","true","true","false","641816","Tyler Mahle","4","5.2","19","70","false","695611","Gage Jump","9","5.0","18","97","false","0","1"
"823284","2026-06-24","8:40 PM ET","San Diego Padres","Atlanta Braves","Petco Park","Final","true","R","MLB_STATS_API_SCHEDULE","true","true","false","676664","JP Sears","5","5.2","25","81","true","527048","Martín Pérez","4","4.0","20","82","false","1","1"
"823367","2026-06-24","6:40 PM ET","Pittsburgh Pirates","Seattle Mariners","PNC Park","Final","true","R","MLB_STATS_API_SCHEDULE","true","true","false","677952","Braxton Ashcraft","10","6.0","23","86","true","693433","Bryan Woo","4","4.0","20","86","false","1","1"
"823611","2026-06-24","7:10 PM ET","New York Mets","Chicago Cubs","Citi Field","Final","true","R","MLB_STATS_API_SCHEDULE","true","true","false","640455","Sean Manaea","4","3.0","19","86","false","684007","Shota Imanaga","4","5.1","20","69","false","0","1"
"823691","2026-06-24","7:40 PM ET","Minnesota Twins","Los Angeles Dodgers","Target Field","Final","true","R","MLB_STATS_API_SCHEDULE","true","true","false","657746","Joe Ryan","9","6.0","27","98","true","660271","Shohei Ohtani","8","6.0","24","89","false","1","1"
"823850","2026-06-24","12:10 PM ET","Miami Marlins","Texas Rangers","loanDepot park","Final","true","R","MLB_STATS_API_SCHEDULE","true","true","false","691587","Eury Pérez","1","4.2","15","68","true","594798","Jacob deGrom","8","6.0","23","91","false","1","1"
"824018","2026-06-24","4:07 PM ET","Los Angeles Angels","Baltimore Orioles","Angel Stadium","Final","true","R","MLB_STATS_API_SCHEDULE","true","true","false","667755","José Soriano","4","3.0","17","69","true","694346","Trey Gibson","5","4.0","18","66","false","1","1"
"824259","2026-06-24","6:40 PM ET","Detroit Tigers","New York Yankees","Comerica Park","Final","true","R","MLB_STATS_API_SCHEDULE","true","true","false","669373","Tarik Skubal","9","6.0","22","85","true","677960","Ryan Weathers","6","6.0","26","97","false","1","1"
"824341","2026-06-24","3:10 PM ET","Colorado Rockies","Boston Red Sox","Coors Field","Final","true","R","MLB_STATS_API_SCHEDULE","true","true","false","607536","Kyle Freeland","4","6.0","29","81","true","624133","Ranger Suarez","9","6.0","27","102","false","1","1"
"824500","2026-06-24","7:10 PM ET","Cincinnati Reds","Milwaukee Brewers","Great American Ball Park","Final","true","R","MLB_STATS_API_SCHEDULE","true","true","false","695076","Rhett Lowder","6","5.2","27","100","true","675660","Shane Drohan","5","4.1","20","98","false","1","1"
"824583","2026-06-24","2:10 PM ET","Chicago White Sox","Cleveland Guardians","Rate Field","Final","true","R","MLB_STATS_API_SCHEDULE","false","false","false","669684","Chris Murphy","2","1.1","4","23","false","676440","Tanner Bibee","3","6.0","21","89","false","0","1"
"822717","2026-06-25","6:45 PM ET","Washington Nationals","Philadelphia Phillies","Nationals Park","Final","true","R","MLB_STATS_API_SCHEDULE","true","true","false","676917","Cade Cavalli","7","6.0","25","97","true","650911","Cristopher Sánchez","6","5.0","25","92","false","1","1"
"822797","2026-06-25","7:07 PM ET","Toronto Blue Jays","Texas Rangers","Rogers Centre","Final","true","R","MLB_STATS_API_SCHEDULE","true","true","false","592332","Kevin Gausman","4","6.0","28","99","true","669022","MacKenzie Gore","5","7.0","25","98","false","1","1"
"822961","2026-06-25","12:10 PM ET","Tampa Bay Rays","Kansas City Royals","Tropicana Field","Final","true","R","MLB_STATS_API_SCHEDULE","true","true","false","668984","Casey Legumina","0","1.1","4","14","true","607625","Seth Lugo","3","5.0","24","90","false","1","1"
"823209","2026-06-25","3:45 PM ET","San Francisco Giants","Athletics","Oracle Park","Final","true","R","MLB_STATS_API_SCHEDULE","true","true","false","694738","Landen Roupp","6","6.0","24","108","true","605488","Jeffrey Springs","6","5.1","21","87","false","1","1"
"823366","2026-06-25","12:35 PM ET","Pittsburgh Pirates","Seattle Mariners","PNC Park","Final","true","R","MLB_STATS_API_SCHEDULE","true","true","false","696149","Bubba Chandler","4","5.1","23","75","true","682243","Bryce Miller","11","5.2","22","90","false","1","1"
"823612","2026-06-25","7:10 PM ET","New York Mets","Chicago Cubs","Citi Field","Final","true","R","MLB_STATS_API_SCHEDULE","true","true","false","642547","Freddy Peralta","5","5.2","24","98","false","571510","Matthew Boyd","4","4.2","21","76","false","0","1"
"824258","2026-06-25","6:40 PM ET","Detroit Tigers","Houston Astros","Comerica Park","Final","true","R","MLB_STATS_API_SCHEDULE","true","true","false","675512","Troy Melton","6","6.0","20","88","false","837227","Tatsuya Imai","10","6.0","21","96","false","0","1"
"824747","2026-06-25","7:10 PM ET","Boston Red Sox","New York Yankees","Fenway Park","Final","true","R","MLB_STATS_API_SCHEDULE","true","true","false","813349","Connelly Early","9","6.0","24","98","false","693645","Cam Schlittler","9","5.0","25","92","false","0","1"
"822796","2026-06-26","7:07 PM ET","Toronto Blue Jays","Texas Rangers","Rogers Centre","Final","true","R","MLB_STATS_API_SCHEDULE","true","true","false","571578","Patrick Corbin","5","4.1","21","94","true","543135","Nathan Eovaldi","9","7.0","26","92","false","1","1"
"822962","2026-06-26","7:10 PM ET","Tampa Bay Rays","Arizona Diamondbacks","Tropicana Field","Final","true","R","MLB_STATS_API_SCHEDULE","true","true","false","607259","Nick Martinez","3","5.2","23","85","true","668678","Zac Gallen","0","6.2","27","86","false","1","1"
"823039","2026-06-26","8:15 PM ET","St. Louis Cardinals","Miami Marlins","Busch Stadium","Final","true","R","MLB_STATS_API_SCHEDULE","true","true","false","700241","Michael McGreevy","4","6.0","22","94","true","676974","Max Meyer","5","7.0","25","89","false","1","1"
"823206","2026-06-26","10:15 PM ET","San Francisco Giants","Atlanta Braves","Oracle Park","Final","true","R","MLB_STATS_API_SCHEDULE","true","true","false","686790","Trevor McDonald","3","5.1","24","90","true","625643","Reynaldo López","1","3.0","12","57","false","1","1"
"823285","2026-06-26","9:45 PM ET","San Diego Padres","Los Angeles Dodgers","Petco Park","Final","true","R","MLB_STATS_API_SCHEDULE","true","true","false","621111","Walker Buehler","5","5.1","20","74","true","808963","Roki Sasaki","2","4.0","20","81","false","1","1"
"823363","2026-06-26","6:40 PM ET","Pittsburgh Pirates","Cincinnati Reds","PNC Park","Final","true","R","MLB_STATS_API_SCHEDULE","true","true","false","694973","Paul Skenes","7","5.0","23","96","true","671096","Andrew Abbott","6","5.1","24","94","false","1","1"
"823610","2026-06-26","7:10 PM ET","New York Mets","Philadelphia Phillies","Citi Field","Final","true","R","MLB_STATS_API_SCHEDULE","true","true","false","804267","Zac Thornton","7","6.0","23","78","true","554430","Zack Wheeler","5","7.0","25","98","false","1","1"
"823688","2026-06-26","8:10 PM ET","Minnesota Twins","Colorado Rockies","Target Field","Final","true","R","MLB_STATS_API_SCHEDULE","true","true","false","671737","Taj Bradley","7","7.0","27","99","true","608372","Tomoyuki Sugano","2","5.0","23","85","false","1","1"
"823773","2026-06-26","7:45 PM ET","Milwaukee Brewers","Chicago Cubs","American Family Field","Final","true","R","MLB_STATS_API_SCHEDULE","true","true","false","694819","Jacob Misiorowski","8","6.0","23","107","true","607067","Colin Rea","4","5.0","23","89","false","1","1"
"824014","2026-06-26","9:38 PM ET","Los Angeles Angels","Athletics","Angel Stadium","Final","true","R","MLB_STATS_API_SCHEDULE","true","true","false","700712","Walbert Ureña","5","4.1","21","71","true","669372","J.T. Ginn","5","6.0","26","89","false","1","1"
"824255","2026-06-26","6:40 PM ET","Detroit Tigers","Houston Astros","Comerica Park","Final","true","R","MLB_STATS_API_SCHEDULE","true","true","false","672456","Keider Montero","3","7.0","26","96","true","681293","Spencer Arrighetti","7","3.0","19","93","false","1","1"
"824423","2026-06-26","7:10 PM ET","Cleveland Guardians","Seattle Mariners","Progressive Field","Final","true","R","MLB_STATS_API_SCHEDULE","true","true","false","676282","Joey Cantillo","9","6.0","20","90","true","622491","Luis Castillo","4","6.0","22","91","false","1","1"
"824582","2026-06-26","7:40 PM ET","Chicago White Sox","Kansas City Royals","Rate Field","Final","true","R","MLB_STATS_API_SCHEDULE","true","true","false","689818","David Sandlin","6","6.0","22","91","true","674444","Steven Cruz","3","1.1","5","28","false","1","1"
"824743","2026-06-26","7:10 PM ET","Boston Red Sox","New York Yankees","Fenway Park","Final","true","R","MLB_STATS_API_SCHEDULE","true","true","false","801139","Payton Tolle","7","7.0","24","88","true","701542","Will Warren","0","5.2","27","90","false","1","1"
"824824","2026-06-26","7:05 PM ET","Baltimore Orioles","Washington Nationals","Oriole Park at Camden Yards","Final","true","R","MLB_STATS_API_SCHEDULE","true","true","false","669432","Trevor Rogers","7","6.1","24","87","true","674841","Andrew Alvarez","5","4.1","20","88","false","1","1"
"822794","2026-06-27","3:07 PM ET","Toronto Blue Jays","Texas Rangers","Rogers Centre","Final","true","R","MLB_STATS_API_SCHEDULE","true","true","false","656302","Dylan Cease","10","4.2","23","107","false","615698","Cal Quantrill","5","4.0","15","55","false","0","1"
"822960","2026-06-27","6:10 PM ET","Tampa Bay Rays","Arizona Diamondbacks","Tropicana Field","","false","R","MLB_STATS_API_SCHEDULE","true","true","true","642121","Cole Sulser","","","","","false","703615","Jose Cabrera","","","","","false","0","1"
"823038","2026-06-27","7:15 PM ET","St. Louis Cardinals","Miami Marlins","Busch Stadium","Final","true","R","MLB_STATS_API_SCHEDULE","true","true","false","669467","Andre Pallante","4","6.2","28","98","true","687473","Ryan Gusto","4","3.1","15","63","false","1","1"
"823207","2026-06-27","9:05 PM ET","San Francisco Giants","Atlanta Braves","Oracle Park","Final","true","R","MLB_STATS_API_SCHEDULE","true","true","false","657277","Logan Webb","6","7.0","24","92","true","693821","Bryce Elder","4","4.0","17","69","false","1","1"
"823283","2026-06-27","8:40 PM ET","San Diego Padres","Los Angeles Dodgers","Petco Park","Final","true","R","MLB_STATS_API_SCHEDULE","true","true","false","606996","Kyle Hart","2","2.0","9","36","true","808967","Yoshinobu Yamamoto","4","6.0","24","89","false","1","1"
"823364","2026-06-27","4:05 PM ET","Pittsburgh Pirates","Cincinnati Reds","PNC Park","Final","true","R","MLB_STATS_API_SCHEDULE","false","false","false","683003","Jared Jones","4","4.2","20","81","false","695505","Chase Burns","10","6.0","27","93","false","0","1"
"823609","2026-06-27","4:10 PM ET","New York Mets","Philadelphia Phillies","Citi Field","Final","true","R","MLB_STATS_API_SCHEDULE","false","false","false","681035","Christian Scott","6","4.1","18","82","false","641835","Tim Mayza","1","1.1","5","26","false","0","1"
"823689","2026-06-27","7:10 PM ET","Minnesota Twins","Colorado Rockies","Target Field","Final","true","R","MLB_STATS_API_SCHEDULE","true","true","false","702474","Mike Paredes","2","5.1","24","74","true","547179","Michael Lorenzen","1","5.2","25","92","false","1","1"
"823770","2026-06-27","7:10 PM ET","Milwaukee Brewers","Chicago Cubs","American Family Field","Final","true","R","MLB_STATS_API_SCHEDULE","true","true","false","690986","Kyle Harrison","9","5.0","19","92","true","656849","David Peterson","2","5.2","20","69","false","1","1"
"824015","2026-06-27","9:38 PM ET","Los Angeles Angels","Athletics","Angel Stadium","Final","true","R","MLB_STATS_API_SCHEDULE","true","true","false","672282","Reid Detmers","8","5.2","24","99","true","678022","Jack Perkins","5","5.0","21","81","false","1","1"
"824257","2026-06-27","1:10 PM ET","Detroit Tigers","Houston Astros","Comerica Park","Final","true","R","MLB_STATS_API_SCHEDULE","true","true","false","664285","Framber Valdez","2","6.0","26","88","true","678906","Kai-Wei Teng","1","3.2","22","58","false","1","1"
"824421","2026-06-27","7:10 PM ET","Cleveland Guardians","Seattle Mariners","Progressive Field","Final","true","R","MLB_STATS_API_SCHEDULE","true","true","false","677944","Slade Cecconi","4","6.0","24","87","true","669302","Logan Gilbert","7","7.0","28","103","false","1","1"
"824581","2026-06-27","4:10 PM ET","Chicago White Sox","Kansas City Royals","Rate Field","Final","true","R","MLB_STATS_API_SCHEDULE","true","true","false","663436","Davis Martin","3","5.1","20","87","true","608379","Michael Wacha","7","7.2","29","105","false","1","1"
"824745","2026-06-27","1:10 PM ET","Boston Red Sox","New York Yankees","Fenway Park","Final","true","R","MLB_STATS_API_SCHEDULE","true","true","false","687562","Jake Bennett","3","6.1","23","87","true","543037","Gerrit Cole","5","5.1","24","89","false","1","1"
"824825","2026-06-27","7:05 PM ET","Baltimore Orioles","Washington Nationals","Oriole Park at Camden Yards","","false","R","MLB_STATS_API_SCHEDULE","true","true","true","687064","Brandon Young","","","","","false","656492","Foster Griffin","","","","","false","0","1"
"822795","2026-06-28","1:37 PM ET","Toronto Blue Jays","Texas Rangers","Rogers Centre","Final","true","R","MLB_STATS_API_SCHEDULE","true","true","false","669456","Shane Bieber","4","5.1","24","92","true","677958","Kumar Rocker","5","6.0","23","92","false","1","1"
"822959","2026-06-28","1:40 PM ET","Tampa Bay Rays","Arizona Diamondbacks","Tropicana Field","Final","true","R","MLB_STATS_API_SCHEDULE","true","true","false","656876","Drew Rasmussen","5","6.0","24","99","true","518876","Merrill Kelly","3","6.0","27","93","false","1","1"
"823037","2026-06-28","2:15 PM ET","St. Louis Cardinals","Miami Marlins","Busch Stadium","Final","true","R","MLB_STATS_API_SCHEDULE","true","true","false","681517","Kyle Leahy","5","5.0","20","87","true","663969","Tyler Phillips","1","7.1","27","97","false","1","1"
"823204","2026-06-28","4:05 PM ET","San Francisco Giants","Atlanta Braves","Oracle Park","Final","true","R","MLB_STATS_API_SCHEDULE","true","true","false","592662","Robbie Ray","2","8.0","30","95","true","519242","Chris Sale","10","6.0","26","94","false","1","1"
"823281","2026-06-28","4:10 PM ET","San Diego Padres","Los Angeles Dodgers","Petco Park","Final","true","R","MLB_STATS_API_SCHEDULE","true","true","false","650633","Michael King","5","4.1","22","90","true","686218","Emmet Sheehan","5","5.0","20","84","false","1","1"
"823362","2026-06-28","1:35 PM ET","Pittsburgh Pirates","Cincinnati Reds","PNC Park","Final","true","R","MLB_STATS_API_SCHEDULE","true","true","false","656605","Mitch Keller","4","6.0","23","79","true","663903","Brady Singer","6","4.1","24","98","false","1","1"
"823608","2026-06-28","1:40 PM ET","New York Mets","Philadelphia Phillies","Citi Field","Final","true","R","MLB_STATS_API_SCHEDULE","true","true","false","672335","Cionel Pérez","2","1.0","3","9","true","666200","Jesús Luzardo","6","5.0","22","96","false","1","1"
"823686","2026-06-28","2:10 PM ET","Minnesota Twins","Colorado Rockies","Target Field","Final","true","R","MLB_STATS_API_SCHEDULE","true","true","false","687570","Connor Prielipp","10","6.0","26","93","true","663372","Ryan Feltner","0","6.0","22","82","false","1","1"
"823769","2026-06-28","2:10 PM ET","Milwaukee Brewers","Chicago Cubs","American Family Field","Final","true","R","MLB_STATS_API_SCHEDULE","true","true","false","605540","Brandon Woodruff","6","5.2","20","84","true","669020","Ryan Rolison","2","2.0","7","23","false","1","1"
"824011","2026-06-28","3:15 PM ET","Los Angeles Angels","Athletics","Angel Stadium","Final","true","R","MLB_STATS_API_SCHEDULE","true","true","false","691951","Sam Aldegheri","4","5.0","21","81","true","650644","Aaron Civale","2","5.0","22","90","false","1","1"
"824256","2026-06-28","1:40 PM ET","Detroit Tigers","Houston Astros","Comerica Park","Final","true","R","MLB_STATS_API_SCHEDULE","true","true","false","656427","Jack Flaherty","9","5.0","20","94","true","686613","Hunter Brown","4","6.0","25","103","false","1","1"
"824422","2026-06-28","1:40 PM ET","Cleveland Guardians","Seattle Mariners","Progressive Field","Final","true","R","MLB_STATS_API_SCHEDULE","true","true","false","668909","Gavin Williams","6","5.0","25","103","true","676106","Emerson Hancock","6","5.2","25","98","false","1","1"
"824580","2026-06-28","2:10 PM ET","Chicago White Sox","Kansas City Royals","Rate Field","Final","true","R","MLB_STATS_API_SCHEDULE","true","true","false","641743","Anthony Kay","2","3.2","21","73","true","679883","Luinder Avila","4","4.0","20","86","false","1","1"
"824744","2026-06-28","7:20 PM ET","Boston Red Sox","New York Yankees","Fenway Park","Final","true","R","MLB_STATS_API_SCHEDULE","true","true","false","543243","Sonny Gray","9","7.1","24","97","true","607074","Carlos Rodón","6","5.0","21","96","false","1","1"
"824821","2026-06-28","1:35 PM ET","Baltimore Orioles","Washington Nationals","Oriole Park at Camden Yards","Final","true","R","MLB_STATS_API_SCHEDULE","true","true","false","680694","Kyle Bradish","2","4.0","19","85","true","641793","Zack Littell","3","5.0","20","82","false","1","1"
"822792","2026-06-29","7:07 PM ET","Toronto Blue Jays","New York Mets","Rogers Centre","Final","true","R","MLB_STATS_API_SCHEDULE","true","true","false","702056","Trey Yesavage","3","6.2","25","94","true","640455","Sean Manaea","4","5.2","23","90","false","1","1"
"823121","2026-06-29","9:40 PM ET","Seattle Mariners","Los Angeles Angels","T-Mobile Park","Final","true","R","MLB_STATS_API_SCHEDULE","true","true","false","669923","George Kirby","7","8.0","30","100","true","696270","Ryan Johnson","3","5.0","20","81","false","1","1"
"823444","2026-06-29","6:40 PM ET","Philadelphia Phillies","Pittsburgh Pirates","Citizens Bank Park","Final","true","R","MLB_STATS_API_SCHEDULE","true","true","false","605400","Aaron Nola","5","4.1","23","86","false","677952","Braxton Ashcraft","8","6.0","24","97","false","0","1"
"823529","2026-06-29","7:05 PM ET","New York Yankees","Detroit Tigers","Yankee Stadium","Final","true","R","MLB_STATS_API_SCHEDULE","true","true","false","677960","Ryan Weathers","3","1.2","14","55","true","663554","Casey Mize","10","7.0","22","88","false","1","1"
"823771","2026-06-29","7:40 PM ET","Milwaukee Brewers","Cincinnati Reds","American Family Field","Final","true","R","MLB_STATS_API_SCHEDULE","true","true","false","688107","Robert Gasser","5","5.2","24","96","true","666157","Nick Lodolo","4","5.0","20","96","false","1","1"
"824176","2026-06-29","8:10 PM ET","Houston Astros","Minnesota Twins","Daikin Park","Final","true","R","MLB_STATS_API_SCHEDULE","true","true","false","663567","Peter Lambert","4","5.2","25","100","true","805673","Zebby Matthews","7","7.0","25","89","false","1","1"
"824339","2026-06-29","8:40 PM ET","Colorado Rockies","Miami Marlins","Coors Field","Final","true","R","MLB_STATS_API_SCHEDULE","true","true","false","807743","Sean Sullivan","5","4.2","23","82","true","645261","Sandy Alcantara","3","5.2","27","96","false","1","1"
"824420","2026-06-29","7:10 PM ET","Cleveland Guardians","Texas Rangers","Progressive Field","Final","true","R","MLB_STATS_API_SCHEDULE","true","true","false","800048","Parker Messick","5","6.2","28","83","true","641302","Tyler Alexander","2","1.0","4","16","false","1","1"
"824662","2026-06-29","8:05 PM ET","Chicago Cubs","San Diego Padres","Wrigley Field","Final","true","R","MLB_STATS_API_SCHEDULE","true","true","false","684007","Shota Imanaga","4","6.1","27","97","true","656288","Griffin Canning","3","4.1","20","75","false","1","1"
"824741","2026-06-29","7:10 PM ET","Boston Red Sox","Washington Nationals","Fenway Park","Final","true","R","MLB_STATS_API_SCHEDULE","true","true","false","624133","Ranger Suarez","8","6.0","24","95","true","571945","Miles Mikolas","3","7.0","30","97","false","1","1"
"824822","2026-06-29","6:35 PM ET","Baltimore Orioles","Chicago White Sox","Oriole Park at Camden Yards","Final","true","R","MLB_STATS_API_SCHEDULE","true","true","false","669358","Shane Baz","6","7.0","27","109","true","680732","Sean Burke","8","5.1","23","89","false","1","1"
"824986","2026-06-29","9:40 PM ET","Athletics","Los Angeles Dodgers","Sutter Health Park","Final","true","R","MLB_STATS_API_SCHEDULE","true","true","false","695611","Gage Jump","5","4.2","24","91","true","641778","Eric Lauer","2","6.0","28","95","false","1","1"
"825065","2026-06-29","9:40 PM ET","Arizona Diamondbacks","San Francisco Giants","Chase Field","Final","true","R","MLB_STATS_API_SCHEDULE","true","true","false","593958","Eduardo Rodriguez","1","7.0","26","91","true","641816","Tyler Mahle","3","4.1","19","85","false","1","1"
"822793","2026-06-30","7:07 PM ET","Toronto Blue Jays","New York Mets","Rogers Centre","Final","true","R","MLB_STATS_API_SCHEDULE","true","true","false","","Kevin Gausman","7","","","","false","","Nolan McLean","7","","","","false","0","1"
"823122","2026-06-30","9:40 PM ET","Seattle Mariners","Los Angeles Angels","T-Mobile Park","Final","true","R","MLB_STATS_API_SCHEDULE","true","true","false","","Bryan Woo","5","","","","false","","José Soriano","9","","","","false","0","1"
"823445","2026-06-30","6:40 PM ET","Philadelphia Phillies","Pittsburgh Pirates","Citizens Bank Park","Final","true","R","MLB_STATS_API_SCHEDULE","true","true","false","","Cristopher Sánchez","9","","","","false","","Bubba Chandler","6","","","","false","0","1"
"823528","2026-06-30","7:05 PM ET","New York Yankees","Detroit Tigers","Yankee Stadium","Final","true","R","MLB_STATS_API_SCHEDULE","true","true","false","","Cam Schlittler","5","","","","false","","Tarik Skubal","9","","","","false","0","1"
"823768","2026-06-30","7:40 PM ET","Milwaukee Brewers","Cincinnati Reds","American Family Field","Final","true","R","MLB_STATS_API_SCHEDULE","true","true","false","","Brandon Sproat","7","","","","false","","Rhett Lowder","8","","","","false","0","1"
"824096","2026-06-30","7:40 PM ET","Kansas City Royals","Tampa Bay Rays","Kauffman Stadium","Final","true","R","MLB_STATS_API_SCHEDULE","true","true","false","","Noah Cameron","0","","","","false","","Griffin Jax","5","","","","false","0","1"
"824175","2026-06-30","8:10 PM ET","Houston Astros","Minnesota Twins","Daikin Park","Final","true","R","MLB_STATS_API_SCHEDULE","true","true","false","","Mike Burrows","3","","","","false","","Joe Ryan","5","","","","false","0","1"
"824338","2026-06-30","8:40 PM ET","Colorado Rockies","Miami Marlins","Coors Field","Final","true","R","MLB_STATS_API_SCHEDULE","true","true","false","","Tanner Gordon","4","","","","false","","Eury Pérez","8","","","","false","0","1"
"824418","2026-06-30","6:40 PM ET","Cleveland Guardians","Texas Rangers","Progressive Field","Final","true","R","MLB_STATS_API_SCHEDULE","true","true","false","","Tanner Bibee","2","","","","false","","Jacob deGrom","9","","","","false","0","1"
"824661","2026-06-30","8:05 PM ET","Chicago Cubs","San Diego Padres","Wrigley Field","Final","true","R","MLB_STATS_API_SCHEDULE","true","true","false","","Matthew Boyd","2","","","","false","","JP Sears","4","","","","false","0","1"
"824742","2026-06-30","7:10 PM ET","Boston Red Sox","Washington Nationals","Fenway Park","Final","true","R","MLB_STATS_API_SCHEDULE","true","true","false","","Connelly Early","5","","","","false","","Cade Cavalli","13","","","","false","0","1"
"824819","2026-06-30","6:35 PM ET","Baltimore Orioles","Chicago White Sox","Oriole Park at Camden Yards","Final","true","R","MLB_STATS_API_SCHEDULE","true","true","false","","Trey Gibson","5","","","","false","","Erick Fedde","3","","","","false","0","1"
"824907","2026-06-30","7:15 PM ET","Atlanta Braves","St. Louis Cardinals","Truist Park","Final","true","R","MLB_STATS_API_SCHEDULE","true","true","false","","Martín Pérez","1","","","","false","","Matthew Liberatore","9","","","","false","0","1"
"824984","2026-06-30","9:40 PM ET","Athletics","Los Angeles Dodgers","Sutter Health Park","Final","true","R","MLB_STATS_API_SCHEDULE","true","true","false","","Jeffrey Springs","2","","","","false","","Justin Wrobleski","11","","","","false","0","1"
"825066","2026-06-30","9:40 PM ET","Arizona Diamondbacks","San Francisco Giants","Chase Field","Final","true","R","MLB_STATS_API_SCHEDULE","true","true","false","","Brandon Pfaadt","2","","","","false","","Landen Roupp","4","","","","false","0","1"
"822791","2026-07-01","3:07 PM ET","Toronto Blue Jays","New York Mets","Rogers Centre","Warmup","false","R","MLB_STATS_API_SCHEDULE","false","false","false","","Braydon Fisher","","","","","false","","Freddy Peralta","","","","","false","0","1"
"823446","2026-07-01","6:40 PM ET","Philadelphia Phillies","Pittsburgh Pirates","Citizens Bank Park","Scheduled","false","R","MLB_STATS_API_SCHEDULE","true","true","false","","Zack Wheeler","","","","","false","","Paul Skenes","","","","","false","0","1"
"823530","2026-07-01","1:35 PM ET","New York Yankees","Detroit Tigers","Yankee Stadium","Final","true","R","MLB_STATS_API_SCHEDULE","true","true","false","701542","Will Warren","7","","","","true","675512","Troy Melton","7","","","","false","1","1"
"823767","2026-07-01","8:10 PM ET","Milwaukee Brewers","Cincinnati Reds","American Family Field","Scheduled","false","R","MLB_STATS_API_SCHEDULE","true","true","false","","Shane Drohan","","","","","false","","Andrew Abbott","","","","","false","0","1"
"824094","2026-07-01","7:40 PM ET","Kansas City Royals","Tampa Bay Rays","Kauffman Stadium","Scheduled","false","R","MLB_STATS_API_SCHEDULE","true","true","false","","Seth Lugo","","","","","false","","Shane McClanahan","","","","","false","0","1"
"824174","2026-07-01","8:10 PM ET","Houston Astros","Minnesota Twins","Daikin Park","Pre-Game","false","R","MLB_STATS_API_SCHEDULE","true","true","false","","Tatsuya Imai","","","","","false","","Taj Bradley","","","","","false","0","1"
"824337","2026-07-01","8:40 PM ET","Colorado Rockies","Miami Marlins","Coors Field","Scheduled","false","R","MLB_STATS_API_SCHEDULE","true","true","false","","Kyle Freeland","","","","","false","","Max Meyer","","","","","false","0","1"
"824419","2026-07-01","1:10 PM ET","Cleveland Guardians","Texas Rangers","Progressive Field","Final","true","R","MLB_STATS_API_SCHEDULE","true","true","false","676282","Joey Cantillo","4","","","","true","669022","MacKenzie Gore","7","","","","false","1","1"
"824660","2026-07-01","2:20 PM ET","Chicago Cubs","San Diego Padres","Wrigley Field","Final","true","R","MLB_STATS_API_SCHEDULE","true","true","false","607067","Colin Rea","5","","","","true","621111","Walker Buehler","6","","","","false","1","1"
"824740","2026-07-01","1:35 PM ET","Boston Red Sox","Washington Nationals","Fenway Park","Final","true","R","MLB_STATS_API_SCHEDULE","true","true","false","801139","Payton Tolle","5","","","","true","695418","Brad Lord","1","","","","false","1","1"
"824818","2026-07-01","12:35 PM ET","Baltimore Orioles","Chicago White Sox","Oriole Park at Camden Yards","Game Over","true","R","MLB_STATS_API_SCHEDULE","true","true","false","","Dean Kremer","4","","","","false","","Noah Schultz","7","","","","false","0","1"
"824905","2026-07-01","7:15 PM ET","Atlanta Braves","St. Louis Cardinals","Truist Park","Pre-Game","false","R","MLB_STATS_API_SCHEDULE","true","true","false","","Reynaldo López","","","","","false","","Michael McGreevy","","","","","false","0","1"
"824985","2026-07-01","9:40 PM ET","Athletics","Los Angeles Dodgers","Sutter Health Park","Scheduled","false","R","MLB_STATS_API_SCHEDULE","true","true","false","","J.T. Ginn","","","","","false","","Por definir","","","","","false","0","1"
"825064","2026-07-01","9:40 PM ET","Arizona Diamondbacks","San Francisco Giants","Chase Field","Scheduled","false","R","MLB_STATS_API_SCHEDULE","true","true","false","","Zac Gallen","","","","","false","","Trevor McDonald","","","","","false","0","1"
"822884","2026-07-02","8:05 PM ET","Texas Rangers","Detroit Tigers","Globe Life Field","Final","true","R","MLB_STATS_API_SCHEDULE","true","true","false","543135","Nathan Eovaldi","9","5.0","22","85","true","664285","Framber Valdez","1","5.0","26","87","false","1","1"
"823119","2026-07-02","9:40 PM ET","Seattle Mariners","Los Angeles Angels","T-Mobile Park","Final","true","R","MLB_STATS_API_SCHEDULE","true","true","false","682243","Bryce Miller","8","7.0","24","90","true","700712","Walbert Ureña","6","5.2","24","107","false","1","1"
"823442","2026-07-02","12:35 PM ET","Philadelphia Phillies","Pittsburgh Pirates","Citizens Bank Park","Final","true","R","MLB_STATS_API_SCHEDULE","true","true","false","660604","Alan Rangel","4","4.0","18","90","false","683003","Jared Jones","6","4.0","16","73","false","0","1"
"823765","2026-07-02","2:10 PM ET","Milwaukee Brewers","Cincinnati Reds","American Family Field","Final","true","R","MLB_STATS_API_SCHEDULE","true","true","false","694819","Jacob Misiorowski","10","5.0","21","82","true","695505","Chase Burns","4","6.0","23","89","false","1","1"
"823935","2026-07-02","10:10 PM ET","Los Angeles Dodgers","San Diego Padres","UNIQLO Field at Dodger Stadium","Final","true","R","MLB_STATS_API_SCHEDULE","true","true","false","808963","Roki Sasaki","3","3.0","18","88","false","681190","Randy Vásquez","0","3.0","16","50","false","0","1"
"824093","2026-07-02","7:40 PM ET","Kansas City Royals","Tampa Bay Rays","Kauffman Stadium","Final","true","R","MLB_STATS_API_SCHEDULE","true","true","false","663568","Stephen Kolek","0","2.0","11","51","true","693855","Ian Seymour","8","6.0","23","83","false","1","1"
"824335","2026-07-02","3:10 PM ET","Colorado Rockies","Miami Marlins","Coors Field","Final","true","R","MLB_STATS_API_SCHEDULE","true","true","false","547179","Michael Lorenzen","1","4.1","23","95","true","687473","Ryan Gusto","2","3.0","16","51","false","1","1"
"824416","2026-07-02","6:40 PM ET","Cleveland Guardians","Chicago White Sox","Progressive Field","Final","true","R","MLB_STATS_API_SCHEDULE","true","true","false","677944","Slade Cecconi","3","5.0","25","100","true","663436","Davis Martin","0","3.1","19","73","false","1","1"
"824906","2026-07-02","7:15 PM ET","Atlanta Braves","St. Louis Cardinals","Truist Park","Final","true","R","MLB_STATS_API_SCHEDULE","true","true","false","694462","Hurston Waldrep","4","5.1","22","76","true","669160","Dustin May","1","0.2","9","34","false","1","1"
"822714","2026-07-03","6:45 PM ET","Washington Nationals","Pittsburgh Pirates","Nationals Park","Final","true","R","MLB_STATS_API_SCHEDULE","true","true","false","656492","Foster Griffin","2","5.0","20","83","true","656605","Mitch Keller","1","6.0","26","83","false","1","1"
"823120","2026-07-03","10:10 PM ET","Seattle Mariners","Toronto Blue Jays","T-Mobile Park","Final","true","R","MLB_STATS_API_SCHEDULE","true","true","false","622491","Luis Castillo","4","6.0","26","101","true","656302","Dylan Cease","9","7.0","24","102","false","1","1"
"823527","2026-07-03","7:05 PM ET","New York Yankees","Minnesota Twins","Yankee Stadium","Final","true","R","MLB_STATS_API_SCHEDULE","true","true","false","543037","Gerrit Cole","7","5.0","20","88","true","702474","Mike Paredes","2","4.0","18","81","false","1","1"
"823933","2026-07-03","10:10 PM ET","Los Angeles Dodgers","San Diego Padres","UNIQLO Field at Dodger Stadium","Final","true","R","MLB_STATS_API_SCHEDULE","true","true","false","660271","Shohei Ohtani","9","6.0","27","110","true","650633","Michael King","5","6.0","23","75","false","1","1"
"824013","2026-07-03","9:38 PM ET","Los Angeles Angels","Boston Red Sox","Angel Stadium","Final","true","R","MLB_STATS_API_SCHEDULE","true","true","false","672282","Reid Detmers","5","5.0","26","104","true","687562","Jake Bennett","6","7.2","28","92","false","1","1"
"824173","2026-07-03","8:15 PM ET","Houston Astros","Tampa Bay Rays","Daikin Park","Final","true","R","MLB_STATS_API_SCHEDULE","true","true","false","681293","Spencer Arrighetti","4","6.0","19","73","true","607259","Nick Martinez","3","5.1","21","85","false","1","1"
"824336","2026-07-03","8:10 PM ET","Colorado Rockies","San Francisco Giants","Coors Field","Final","true","R","MLB_STATS_API_SCHEDULE","true","true","false","663372","Ryan Feltner","9","6.0","24","88","true","657277","Logan Webb","2","3.0","21","76","false","1","1"
"824417","2026-07-03","7:10 PM ET","Cleveland Guardians","Chicago White Sox","Progressive Field","Final","true","R","MLB_STATS_API_SCHEDULE","true","true","false","668909","Gavin Williams","6","4.2","20","79","true","641743","Anthony Kay","2","4.0","14","48","false","1","1"
"824498","2026-07-03","7:10 PM ET","Cincinnati Reds","Baltimore Orioles","Great American Ball Park","Final","true","R","MLB_STATS_API_SCHEDULE","true","true","false","663903","Brady Singer","6","5.0","21","93","true","669432","Trevor Rogers","4","5.0","22","93","false","1","1"
"824659","2026-07-03","4:05 PM ET","Chicago Cubs","St. Louis Cardinals","Wrigley Field","Final","true","R","MLB_STATS_API_SCHEDULE","true","true","false","656849","David Peterson","3","3.2","23","91","false","669467","Andre Pallante","2","5.2","24","102","false","0","1"
"824904","2026-07-03","7:15 PM ET","Atlanta Braves","New York Mets","Truist Park","Final","true","R","MLB_STATS_API_SCHEDULE","true","true","false","656550","Grant Holmes","2","5.0","22","82","true","681035","Christian Scott","7","4.0","18","82","false","1","1"
"824982","2026-07-03","9:40 PM ET","Athletics","Miami Marlins","Sutter Health Park","Final","true","R","MLB_STATS_API_SCHEDULE","true","true","false","678022","Jack Perkins","8","3.2","23","91","true","663969","Tyler Phillips","2","3.1","18","71","false","1","1"
"825062","2026-07-03","9:45 PM ET","Arizona Diamondbacks","Milwaukee Brewers","Chase Field","Final","true","R","MLB_STATS_API_SCHEDULE","true","true","false","703615","Jose Cabrera","3","3.1","19","63","true","690986","Kyle Harrison","3","2.2","15","72","false","1","1"
"822716","2026-07-04","11:05 AM ET","Washington Nationals","Pittsburgh Pirates","Nationals Park","Final","true","R","MLB_STATS_API_SCHEDULE","true","true","false","687223","Carson Palmquist","3","1.0","8","37","true","677952","Braxton Ashcraft","7","5.2","23","94","false","1","1"
"822882","2026-07-04","4:05 PM ET","Texas Rangers","Detroit Tigers","Globe Life Field","Final","true","R","MLB_STATS_API_SCHEDULE","true","true","false","615698","Cal Quantrill","2","5.0","21","66","true","656427","Jack Flaherty","5","5.2","21","88","false","1","1"
"823118","2026-07-04","4:10 PM ET","Seattle Mariners","Toronto Blue Jays","T-Mobile Park","Final","true","R","MLB_STATS_API_SCHEDULE","true","true","false","669302","Logan Gilbert","7","7.1","23","91","true","669456","Shane Bieber","3","4.0","21","89","false","1","1"
"823526","2026-07-04","1:35 PM ET","New York Yankees","Minnesota Twins","Yankee Stadium","Final","true","R","MLB_STATS_API_SCHEDULE","true","true","false","694341","Brendan Beck","3","3.2","18","87","true","805673","Zebby Matthews","5","4.2","20","79","false","1","1"
"823932","2026-07-04","10:10 PM ET","Los Angeles Dodgers","San Diego Padres","UNIQLO Field at Dodger Stadium","Final","true","R","MLB_STATS_API_SCHEDULE","true","true","false","808967","Yoshinobu Yamamoto","10","7.0","25","100","true","593974","Wandy Peralta","0","1.0","4","14","false","1","1"
"824012","2026-07-04","9:38 PM ET","Los Angeles Angels","Boston Red Sox","Angel Stadium","Final","true","R","MLB_STATS_API_SCHEDULE","true","true","false","691951","Sam Aldegheri","2","4.0","18","88","true","543243","Sonny Gray","7","6.0","22","70","false","1","1"
"824092","2026-07-04","8:10 PM ET","Kansas City Royals","Philadelphia Phillies","Kauffman Stadium","Final","true","R","MLB_STATS_API_SCHEDULE","true","true","false","608379","Michael Wacha","7","6.0","26","105","false","666200","Jesús Luzardo","9","6.0","23","95","false","0","1"
"824171","2026-07-04","7:10 PM ET","Houston Astros","Tampa Bay Rays","Daikin Park","Final","true","R","MLB_STATS_API_SCHEDULE","true","true","false","686613","Hunter Brown","3","4.0","22","82","false","656876","Drew Rasmussen","2","5.0","22","77","false","0","1"
"824334","2026-07-04","8:10 PM ET","Colorado Rockies","San Francisco Giants","Coors Field","Final","true","R","MLB_STATS_API_SCHEDULE","true","true","false","807743","Sean Sullivan","4","5.2","32","105","false","592662","Robbie Ray","4","6.0","24","88","false","0","1"
"824415","2026-07-04","7:10 PM ET","Cleveland Guardians","Chicago White Sox","Progressive Field","Final","true","R","MLB_STATS_API_SCHEDULE","true","true","false","800048","Parker Messick","3","5.0","23","100","false","680732","Sean Burke","11","6.0","24","95","false","0","1"
"824499","2026-07-04","7:10 PM ET","Cincinnati Reds","Baltimore Orioles","Great American Ball Park","Final","true","R","MLB_STATS_API_SCHEDULE","true","true","false","668881","Hunter Greene","7","3.1","20","89","false","687064","Brandon Young","5","5.0","25","102","false","0","1"
"824658","2026-07-04","8:08 PM ET","Chicago Cubs","St. Louis Cardinals","Wrigley Field","Final","true","R","MLB_STATS_API_SCHEDULE","true","true","false","684007","Shota Imanaga","8","4.2","19","86","false","681517","Kyle Leahy","6","5.0","20","77","false","0","1"
"824903","2026-07-04","8:08 PM ET","Atlanta Braves","New York Mets","Truist Park","Final","true","R","MLB_STATS_API_SCHEDULE","true","true","false","519242","Chris Sale","3","5.0","24","98","false","640455","Sean Manaea","4","5.0","24","108","false","0","1"
"824983","2026-07-04","9:40 PM ET","Athletics","Miami Marlins","Sutter Health Park","Final","true","R","MLB_STATS_API_SCHEDULE","true","true","false","650644","Aaron Civale","6","4.2","21","84","true","645261","Sandy Alcantara","8","8.0","31","100","false","1","1"
"825063","2026-07-04","9:40 PM ET","Arizona Diamondbacks","Milwaukee Brewers","Chase Field","Final","true","R","MLB_STATS_API_SCHEDULE","true","true","false","518876","Merrill Kelly","6","5.0","25","92","true","605540","Brandon Woodruff","6","3.2","14","61","false","1","1"
"822715","2026-07-05","1:00 PM ET","Washington Nationals","Pittsburgh Pirates","Nationals Park","Final","true","R","MLB_STATS_API_SCHEDULE","true","true","false","676917","Cade Cavalli","3","2.1","15","63","false","696149","Bubba Chandler","0","4.0","21","86","false","0","1"
"822879","2026-07-05","3:30 PM ET","Texas Rangers","Detroit Tigers","Globe Life Field","Final","true","R","MLB_STATS_API_SCHEDULE","true","true","false","677958","Kumar Rocker","4","4.1","18","85","true","663554","Casey Mize","4","6.2","27","94","false","1","1"
"823117","2026-07-05","5:00 PM ET","Seattle Mariners","Toronto Blue Jays","T-Mobile Park","Final","true","R","MLB_STATS_API_SCHEDULE","true","true","false","676106","Emerson Hancock","5","7.0","24","92","true","702056","Trey Yesavage","7","6.0","24","96","false","1","1"
"823525","2026-07-05","1:35 PM ET","New York Yankees","Minnesota Twins","Yankee Stadium","Final","true","R","MLB_STATS_API_SCHEDULE","true","true","false","677960","Ryan Weathers","6","4.0","19","88","true","657746","Joe Ryan","9","7.0","24","106","false","1","1"
"823931","2026-07-05","7:20 PM ET","Los Angeles Dodgers","San Diego Padres","UNIQLO Field at Dodger Stadium","Final","true","R","MLB_STATS_API_SCHEDULE","true","true","false","686218","Emmet Sheehan","5","4.1","19","96","true","676664","JP Sears","5","5.0","17","76","false","1","1"
"824010","2026-07-05","9:30 PM ET","Los Angeles Angels","Boston Red Sox","Angel Stadium","Final","true","R","MLB_STATS_API_SCHEDULE","true","true","false","696270","Ryan Johnson","6","4.0","20","87","true","624133","Ranger Suarez","5","2.2","15","53","false","1","1"
"824091","2026-07-05","3:00 PM ET","Kansas City Royals","Philadelphia Phillies","Kauffman Stadium","Final","true","R","MLB_STATS_API_SCHEDULE","true","true","false","679883","Luinder Avila","4","5.0","18","69","true","605400","Aaron Nola","7","7.0","28","98","false","1","1"
"824172","2026-07-05","3:30 PM ET","Houston Astros","Tampa Bay Rays","Daikin Park","Final","true","R","MLB_STATS_API_SCHEDULE","true","true","false","663567","Peter Lambert","6","5.2","21","90","true","669438","Mason Englert","9","5.2","24","101","false","1","1"
"824333","2026-07-05","4:00 PM ET","Colorado Rockies","San Francisco Giants","Coors Field","Final","true","R","MLB_STATS_API_SCHEDULE","true","true","false","685299","Tanner Gordon","7","5.0","23","94","true","641816","Tyler Mahle","5","4.1","21","75","false","1","1"
"824413","2026-07-05","2:00 PM ET","Cleveland Guardians","Chicago White Sox","Progressive Field","Final","true","R","MLB_STATS_API_SCHEDULE","false","false","false","676440","Tanner Bibee","1","4.0","19","62","false","669684","Chris Murphy","1","0.2","6","31","false","0","1"
"824497","2026-07-05","1:05 PM ET","Cincinnati Reds","Baltimore Orioles","Great American Ball Park","Final","true","R","MLB_STATS_API_SCHEDULE","true","true","false","666157","Nick Lodolo","4","6.0","26","97","false","680694","Kyle Bradish","5","7.2","29","106","false","0","1"
"824656","2026-07-05","2:30 PM ET","Chicago Cubs","St. Louis Cardinals","Wrigley Field","Final","true","R","MLB_STATS_API_SCHEDULE","true","true","false","665871","Javier Assad","2","4.2","17","80","true","669461","Matthew Liberatore","3","5.0","23","78","false","1","1"
"824902","2026-07-05","12:30 PM ET","Atlanta Braves","New York Mets","Truist Park","Final","true","R","MLB_STATS_API_SCHEDULE","true","true","false","527048","Martín Pérez","1","4.1","20","77","true","690997","Nolan McLean","5","6.0","25","96","false","1","1"
"824980","2026-07-05","4:30 PM ET","Athletics","Miami Marlins","Sutter Health Park","Final","true","R","MLB_STATS_API_SCHEDULE","true","true","false","695611","Gage Jump","1","3.0","21","85","true","691587","Eury Pérez","8","7.0","21","92","false","1","1"
"825061","2026-07-05","4:00 PM ET","Arizona Diamondbacks","Milwaukee Brewers","Chase Field","Final","true","R","MLB_STATS_API_SCHEDULE","true","true","false","593958","Eduardo Rodriguez","3","6.0","23","102","true","687075","Brandon Sproat","4","4.0","20","92","false","1","1"
"822712","2026-07-06","6:45 PM ET","Washington Nationals","Houston Astros","Nationals Park","Final","true","R","MLB_STATS_API_SCHEDULE","true","true","false","571945","Miles Mikolas","3","6.0","27","99","true","681347","Mike Burrows","3","4.1","25","83","false","1","1"
"822958","2026-07-06","6:40 PM ET","Tampa Bay Rays","New York Yankees","Tropicana Field","Final","true","R","MLB_STATS_API_SCHEDULE","true","true","false","643377","Griffin Jax","10","5.0","18","81","true","693645","Cam Schlittler","8","8.0","28","101","false","1","1"
"823036","2026-07-06","7:45 PM ET","St. Louis Cardinals","Milwaukee Brewers","Busch Stadium","Final","true","R","MLB_STATS_API_SCHEDULE","true","true","false","669160","Dustin May","7","4.2","18","81","true","675660","Shane Drohan","2","6.0","26","85","false","1","1"
"823205","2026-07-06","9:45 PM ET","San Francisco Giants","Toronto Blue Jays","Oracle Park","Final","true","R","MLB_STATS_API_SCHEDULE","true","true","false","694738","Landen Roupp","5","8.0","30","104","true","592332","Kevin Gausman","8","5.1","26","92","false","1","1"
"823282","2026-07-06","9:40 PM ET","San Diego Padres","Arizona Diamondbacks","Petco Park","Final","true","R","MLB_STATS_API_SCHEDULE","true","true","false","621111","Walker Buehler","4","5.0","24","93","true","694297","Brandon Pfaadt","6","5.0","19","72","false","1","1"
"823930","2026-07-06","10:10 PM ET","Los Angeles Dodgers","Colorado Rockies","UNIQLO Field at Dodger Stadium","Final","true","R","MLB_STATS_API_SCHEDULE","true","true","false","641778","Eric Lauer","3","6.0","26","99","true","607536","Kyle Freeland","2","5.0","23","72","false","1","1"
"824089","2026-07-06","2:10 PM ET","Kansas City Royals","Philadelphia Phillies","Kauffman Stadium","Final","true","R","MLB_STATS_API_SCHEDULE","true","true","false","702070","Noah Cameron","7","5.0","26","105","true","650911","Cristopher Sánchez","1","3.1","21","83","false","1","1"
"824900","2026-07-06","7:15 PM ET","Atlanta Braves","New York Mets","Truist Park","Final","true","R","MLB_STATS_API_SCHEDULE","true","true","false","625643","Reynaldo López","5","5.0","20","80","true","642547","Freddy Peralta","6","4.2","23","103","false","1","1"
"822713","2026-07-07","6:45 PM ET","Washington Nationals","Houston Astros","Nationals Park","Final","true","R","MLB_STATS_API_SCHEDULE","true","true","false","674841","Andrew Alvarez","3","5.2","27","97","true","837227","Tatsuya Imai","3","3.2","18","84","false","1","1"
"822881","2026-07-07","8:05 PM ET","Texas Rangers","Los Angeles Angels","Globe Life Field","Final","true","R","MLB_STATS_API_SCHEDULE","true","true","false","594798","Jacob deGrom","7","5.0","21","80","true","667755","José Soriano","4","6.0","23","93","false","1","1"
"822956","2026-07-07","6:40 PM ET","Tampa Bay Rays","New York Yankees","Tropicana Field","Final","true","R","MLB_STATS_API_SCHEDULE","true","true","false","693855","Ian Seymour","12","5.1","21","94","true","701542","Will Warren","3","4.0","21","75","false","1","1"
"823035","2026-07-07","7:45 PM ET","St. Louis Cardinals","Milwaukee Brewers","Busch Stadium","Final","true","R","MLB_STATS_API_SCHEDULE","true","true","false","690928","Hunter Dobbins","4","5.0","22","92","true","688107","Robert Gasser","4","7.2","29","94","false","1","1"
"823062","2026-07-07","2:15 PM ET","St. Louis Cardinals","Milwaukee Brewers","Busch Stadium","Postponed","false","R","MLB_STATS_API_SCHEDULE","true","false","true","694335","Matt Svanson","","","","","false","694819","Jacob Misiorowski","","","","","false","0","1"
"823203","2026-07-07","9:45 PM ET","San Francisco Giants","Toronto Blue Jays","Oracle Park","Final","true","R","MLB_STATS_API_SCHEDULE","true","true","false","686790","Trevor McDonald","0","2.1","18","58","true","693686","Spencer Miles","1","4.0","18","55","false","1","1"
"823280","2026-07-07","9:40 PM ET","San Diego Padres","Arizona Diamondbacks","Petco Park","Final","true","R","MLB_STATS_API_SCHEDULE","true","true","false","608566","Germán Márquez","4","5.0","20","82","true","668678","Zac Gallen","5","6.0","26","96","false","1","1"
"823361","2026-07-07","6:40 PM ET","Pittsburgh Pirates","Atlanta Braves","PNC Park","Final","true","R","MLB_STATS_API_SCHEDULE","true","true","false","694973","Paul Skenes","4","6.0","25","95","true","694462","Hurston Waldrep","2","3.1","22","84","false","1","1"
"823607","2026-07-07","7:10 PM ET","New York Mets","Kansas City Royals","Citi Field","Final","true","R","MLB_STATS_API_SCHEDULE","true","true","false","672335","Cionel Pérez","1","1.0","5","14","true","607625","Seth Lugo","4","4.1","24","94","false","1","1"
"823687","2026-07-07","7:40 PM ET","Minnesota Twins","Cleveland Guardians","Target Field","Final","true","R","MLB_STATS_API_SCHEDULE","true","true","false","671737","Taj Bradley","10","7.0","24","101","true","676282","Joey Cantillo","7","5.0","25","94","false","1","1"
"823847","2026-07-07","6:40 PM ET","Miami Marlins","Seattle Mariners","loanDepot park","Final","true","R","MLB_STATS_API_SCHEDULE","true","true","false","676974","Max Meyer","4","5.0","20","80","true","693433","Bryan Woo","5","5.0","25","87","false","1","1"
"823929","2026-07-07","10:10 PM ET","Los Angeles Dodgers","Colorado Rockies","UNIQLO Field at Dodger Stadium","Final","true","R","MLB_STATS_API_SCHEDULE","true","true","false","680736","Justin Wrobleski","9","7.0","28","94","true","547179","Michael Lorenzen","5","6.0","27","95","false","1","1"
"824254","2026-07-07","6:40 PM ET","Detroit Tigers","Athletics","Comerica Park","Final","true","R","MLB_STATS_API_SCHEDULE","true","true","false","669373","Tarik Skubal","9","5.0","22","96","true","669372","J.T. Ginn","4","4.0","18","61","false","1","1"
"824495","2026-07-07","7:10 PM ET","Cincinnati Reds","Philadelphia Phillies","Great American Ball Park","Final","true","R","MLB_STATS_API_SCHEDULE","true","true","false","671096","Andrew Abbott","8","6.0","23","95","true","554430","Zack Wheeler","14","7.0","25","104","false","1","1"
"824579","2026-07-07","7:40 PM ET","Chicago White Sox","Boston Red Sox","Rate Field","Final","true","R","MLB_STATS_API_SCHEDULE","true","true","false","702273","Noah Schultz","3","5.0","24","92","true","801139","Payton Tolle","6","6.0","21","91","false","1","1"
"824820","2026-07-07","6:35 PM ET","Baltimore Orioles","Chicago Cubs","Oriole Park at Camden Yards","Final","true","R","MLB_STATS_API_SCHEDULE","true","true","false","669358","Shane Baz","3","6.0","26","100","true","571510","Matthew Boyd","7","6.0","23","93","false","1","1"
"822710","2026-07-08","6:45 PM ET","Washington Nationals","Houston Astros","Nationals Park","Final","true","R","MLB_STATS_API_SCHEDULE","true","true","false","656492","Foster Griffin","9","7.0","25","99","true","681293","Spencer Arrighetti","2","4.0","25","94","false","1","1"
"822880","2026-07-08","8:05 PM ET","Texas Rangers","Los Angeles Angels","Globe Life Field","Final","true","R","MLB_STATS_API_SCHEDULE","true","true","false","669022","MacKenzie Gore","7","5.0","25","90","false","700712","Walbert Ureña","3","4.0","17","90","false","0","1"
"822957","2026-07-08","6:40 PM ET","Tampa Bay Rays","New York Yankees","Tropicana Field","Final","true","R","MLB_STATS_API_SCHEDULE","true","true","false","663556","Shane McClanahan","5","6.1","22","85","true","543037","Gerrit Cole","6","6.1","27","97","false","1","1"
"823032","2026-07-08","7:45 PM ET","St. Louis Cardinals","Milwaukee Brewers","Busch Stadium","Final","true","R","MLB_STATS_API_SCHEDULE","true","true","false","700241","Michael McGreevy","6","6.1","24","90","false","690986","Kyle Harrison","2","4.0","17","70","false","0","1"
"823202","2026-07-08","3:45 PM ET","San Francisco Giants","Toronto Blue Jays","Oracle Park","Final","true","R","MLB_STATS_API_SCHEDULE","true","true","false","657277","Logan Webb","2","7.0","30","106","true","656302","Dylan Cease","11","8.0","28","118","false","1","1"
"823279","2026-07-08","10:10 PM ET","San Diego Padres","Arizona Diamondbacks","Petco Park","Final","true","R","MLB_STATS_API_SCHEDULE","true","true","false","650633","Michael King","4","6.0","23","92","true","703615","Jose Cabrera","2","4.1","21","74","false","1","1"
"823360","2026-07-08","6:40 PM ET","Pittsburgh Pirates","Atlanta Braves","PNC Park","Final","true","R","MLB_STATS_API_SCHEDULE","true","true","false","683003","Jared Jones","8","6.0","18","77","true","656550","Grant Holmes","5","5.0","20","90","false","1","1"
"823605","2026-07-08","7:10 PM ET","New York Mets","Kansas City Royals","Citi Field","Final","true","R","MLB_STATS_API_SCHEDULE","true","true","false","681035","Christian Scott","5","5.0","19","90","true","674444","Steven Cruz","2","1.0","4","14","false","1","1"
"823684","2026-07-08","7:40 PM ET","Minnesota Twins","Cleveland Guardians","Target Field","Final","true","R","MLB_STATS_API_SCHEDULE","true","true","false","687570","Connor Prielipp","6","5.0","21","83","false","677944","Slade Cecconi","4","3.2","17","67","false","0","1"
"823848","2026-07-08","6:40 PM ET","Miami Marlins","Seattle Mariners","loanDepot park","Final","true","R","MLB_STATS_API_SCHEDULE","true","true","false","663969","Tyler Phillips","3","5.0","21","71","true","669923","George Kirby","7","6.0","24","86","false","1","1"
"823928","2026-07-08","10:10 PM ET","Los Angeles Dodgers","Colorado Rockies","UNIQLO Field at Dodger Stadium","Final","true","R","MLB_STATS_API_SCHEDULE","true","true","false","808963","Roki Sasaki","5","6.0","23","78","true","687312","Gabriel Hughes","7","6.0","24","94","false","1","1"
"824253","2026-07-08","6:40 PM ET","Detroit Tigers","Athletics","Comerica Park","Final","true","R","MLB_STATS_API_SCHEDULE","true","true","false","675512","Troy Melton","9","5.1","22","91","true","605488","Jeffrey Springs","4","4.1","23","92","false","1","1"
"824496","2026-07-08","7:10 PM ET","Cincinnati Reds","Philadelphia Phillies","Great American Ball Park","Final","true","R","MLB_STATS_API_SCHEDULE","true","true","false","695505","Chase Burns","2","5.0","23","106","true","660604","Alan Rangel","5","3.1","16","69","false","1","1"
"824578","2026-07-08","7:40 PM ET","Chicago White Sox","Boston Red Sox","Rate Field","Final","true","R","MLB_STATS_API_SCHEDULE","true","true","false","663436","Davis Martin","2","4.0","20","84","true","687562","Jake Bennett","4","7.0","25","81","false","1","1"
"824815","2026-07-08","6:35 PM ET","Baltimore Orioles","Chicago Cubs","Oriole Park at Camden Yards","Final","true","R","MLB_STATS_API_SCHEDULE","true","true","false","665152","Dean Kremer","4","5.0","21","92","true","607067","Colin Rea","2","5.1","22","91","false","1","1"
"822877","2026-07-09","8:05 PM ET","Texas Rangers","Los Angeles Angels","Globe Life Field","Final","true","R","MLB_STATS_API_SCHEDULE","true","true","false","543135","Nathan Eovaldi","10","6.0","27","99","false","672282","Reid Detmers","6","4.0","20","82","false","0","1"
"822954","2026-07-09","1:10 PM ET","Tampa Bay Rays","New York Yankees","Tropicana Field","Final","true","R","MLB_STATS_API_SCHEDULE","true","true","false","656876","Drew Rasmussen","2","2.1","14","61","true","621112","Paul Blackburn","3","2.0","8","35","false","1","1"
"823034","2026-07-09","7:45 PM ET","St. Louis Cardinals","Milwaukee Brewers","Busch Stadium","Final","true","R","MLB_STATS_API_SCHEDULE","true","true","false","669467","Andre Pallante","2","5.0","25","97","true","701656","Logan Henderson","4","5.1","21","76","false","1","1"
"823201","2026-07-09","9:45 PM ET","San Francisco Giants","Colorado Rockies","Oracle Park","Final","true","R","MLB_STATS_API_SCHEDULE","true","true","false","687931","Carson Whisenhunt","4","5.2","23","87","false","663372","Ryan Feltner","3","4.1","23","92","false","0","1"
"823277","2026-07-09","9:40 PM ET","San Diego Padres","Arizona Diamondbacks","Petco Park","Final","true","R","MLB_STATS_API_SCHEDULE","true","true","false","656288","Griffin Canning","5","4.2","20","74","false","518876","Merrill Kelly","6","7.0","24","94","false","0","1"
"823359","2026-07-09","12:35 PM ET","Pittsburgh Pirates","Atlanta Braves","PNC Park","Final","true","R","MLB_STATS_API_SCHEDULE","true","true","false","656605","Mitch Keller","3","3.0","15","72","true","693821","Bryce Elder","3","4.0","20","69","false","1","1"
"823606","2026-07-09","1:10 PM ET","New York Mets","Kansas City Royals","Citi Field","Final","true","R","MLB_STATS_API_SCHEDULE","true","true","false","640455","Sean Manaea","6","7.0","26","97","true","608379","Michael Wacha","5","4.2","23","104","false","1","1"
"823683","2026-07-09","1:40 PM ET","Minnesota Twins","Cleveland Guardians","Target Field","Final","true","R","MLB_STATS_API_SCHEDULE","true","true","false","641927","Bailey Ober","5","5.0","19","74","true","668909","Gavin Williams","11","7.0","26","103","false","1","1"
"823846","2026-07-09","6:40 PM ET","Miami Marlins","Seattle Mariners","loanDepot park","Final","true","R","MLB_STATS_API_SCHEDULE","true","true","false","676083","Janson Junk","5","5.0","21","79","true","682243","Bryce Miller","3","5.0","28","81","false","1","1"
"824251","2026-07-09","6:40 PM ET","Detroit Tigers","Athletics","Comerica Park","Final","true","R","MLB_STATS_API_SCHEDULE","true","true","false","664285","Framber Valdez","9","7.0","26","87","true","660761","José Suarez","2","1.1","4","16","false","1","1"
"824494","2026-07-09","7:10 PM ET","Cincinnati Reds","Philadelphia Phillies","Great American Ball Park","Final","true","R","MLB_STATS_API_SCHEDULE","true","true","false","663903","Brady Singer","5","7.1","28","89","true","666200","Jesús Luzardo","11","7.0","26","96","false","1","1"
"824577","2026-07-09","2:10 PM ET","Chicago White Sox","Boston Red Sox","Rate Field","Final","true","R","MLB_STATS_API_SCHEDULE","true","true","false","641743","Anthony Kay","4","5.1","22","92","true","663776","Patrick Sandoval","5","4.1","19","65","false","1","1"
"824816","2026-07-09","1:35 PM ET","Baltimore Orioles","Chicago Cubs","Oriole Park at Camden Yards","Final","true","R","MLB_STATS_API_SCHEDULE","true","true","false","669432","Trevor Rogers","4","6.0","23","89","true","656849","David Peterson","2","5.0","20","77","false","1","1"
"822709","2026-07-10","6:45 PM ET","Washington Nationals","New York Yankees","Nationals Park","Final","true","R","MLB_STATS_API_SCHEDULE","true","true","false","687223","Carson Palmquist","4","3.0","12","45","true","677960","Ryan Weathers","6","5.1","23","91","false","1","1"
"822878","2026-07-10","8:05 PM ET","Texas Rangers","Houston Astros","Globe Life Field","Final","true","R","MLB_STATS_API_SCHEDULE","true","true","false","615698","Cal Quantrill","1","6.0","23","79","false","686613","Hunter Brown","4","6.0","25","98","false","0","1"
"822955","2026-07-10","7:10 PM ET","Tampa Bay Rays","Seattle Mariners","Tropicana Field","Final","true","R","MLB_STATS_API_SCHEDULE","true","true","false","607259","Nick Martinez","1","5.1","20","70","true","622491","Luis Castillo","4","5.0","25","91","false","1","1"
"823033","2026-07-10","8:15 PM ET","St. Louis Cardinals","Atlanta Braves","Busch Stadium","Final","true","R","MLB_STATS_API_SCHEDULE","true","true","false","681517","Kyle Leahy","2","3.0","10","44","true","519242","Chris Sale","5","3.0","11","43","false","1","1"
"823200","2026-07-10","10:15 PM ET","San Francisco Giants","Colorado Rockies","Oracle Park","Final","true","R","MLB_STATS_API_SCHEDULE","true","true","false","592662","Robbie Ray","4","5.0","23","100","false","685299","Tanner Gordon","1","5.0","23","81","false","0","1"
"823278","2026-07-10","9:40 PM ET","San Diego Padres","Toronto Blue Jays","Petco Park","Final","true","R","MLB_STATS_API_SCHEDULE","true","true","false","676664","JP Sears","3","4.1","19","72","false","669456","Shane Bieber","4","4.2","22","97","false","0","1"
"823604","2026-07-10","7:15 PM ET","New York Mets","Boston Red Sox","Citi Field","Final","true","R","MLB_STATS_API_SCHEDULE","true","true","false","690997","Nolan McLean","7","6.0","26","98","false","543243","Sonny Gray","3","6.0","23","91","false","0","1"
"823685","2026-07-10","8:10 PM ET","Minnesota Twins","Los Angeles Angels","Target Field","Final","true","R","MLB_STATS_API_SCHEDULE","true","true","false","805673","Zebby Matthews","3","6.0","26","102","false","680570","Grayson Rodriguez","0","5.1","23","79","false","0","1"
"823845","2026-07-10","7:10 PM ET","Miami Marlins","Cleveland Guardians","loanDepot park","Final","true","R","MLB_STATS_API_SCHEDULE","true","true","false","645261","Sandy Alcantara","8","7.0","26","99","false","800048","Parker Messick","1","6.0","22","91","false","0","1"
"823927","2026-07-10","10:10 PM ET","Los Angeles Dodgers","Arizona Diamondbacks","UNIQLO Field at Dodger Stadium","Final","true","R","MLB_STATS_API_SCHEDULE","true","true","false","669165","Kyle Hurt","1","1.2","9","36","false","593958","Eduardo Rodriguez","5","6.0","25","87","false","0","1"
"824252","2026-07-10","6:40 PM ET","Detroit Tigers","Philadelphia Phillies","Comerica Park","Final","true","R","MLB_STATS_API_SCHEDULE","true","true","false","656427","Jack Flaherty","6","6.0","24","86","true","605400","Aaron Nola","8","5.0","20","84","false","1","1"
"824493","2026-07-10","7:10 PM ET","Cincinnati Reds","Chicago Cubs","Great American Ball Park","Final","true","R","MLB_STATS_API_SCHEDULE","true","true","false","668881","Hunter Greene","12","7.0","25","93","true","684007","Shota Imanaga","5","5.0","23","102","false","1","1"
"824575","2026-07-10","7:40 PM ET","Chicago White Sox","Athletics","Rate Field","Final","true","R","MLB_STATS_API_SCHEDULE","true","true","false","680732","Sean Burke","9","7.0","24","98","true","682052","Jacob Lopez","1","1.2","5","12","false","1","1"
"824817","2026-07-10","7:05 PM ET","Baltimore Orioles","Kansas City Royals","Oriole Park at Camden Yards","Final","true","R","MLB_STATS_API_SCHEDULE","true","true","false","687064","Brandon Young","5","7.0","27","85","true","679883","Luinder Avila","3","5.0","24","96","false","1","1"
"822711","2026-07-11","4:05 PM ET","Washington Nationals","New York Yankees","Nationals Park","Final","true","R","MLB_STATS_API_SCHEDULE","true","true","false","676571","PJ Poulin","3","1.2","7","31","false","693645","Cam Schlittler","6","6.2","27","99","false","0","1"
"822875","2026-07-11","7:05 PM ET","Texas Rangers","Houston Astros","Globe Life Field","Final","true","R","MLB_STATS_API_SCHEDULE","true","true","false","677958","Kumar Rocker","6","5.2","28","91","true","663567","Peter Lambert","7","6.0","23","107","false","1","1"
"822953","2026-07-11","4:10 PM ET","Tampa Bay Rays","Seattle Mariners","Tropicana Field","Final","true","R","MLB_STATS_API_SCHEDULE","true","true","false","643377","Griffin Jax","3","5.0","21","69","false","669302","Logan Gilbert","5","6.2","30","96","false","0","1"
"823030","2026-07-11","7:15 PM ET","St. Louis Cardinals","Atlanta Braves","Busch Stadium","Final","true","R","MLB_STATS_API_SCHEDULE","true","true","false","669461","Matthew Liberatore","6","6.0","22","71","true","625643","Reynaldo López","3","5.0","21","85","false","1","1"
"823198","2026-07-11","4:05 PM ET","San Francisco Giants","Colorado Rockies","Oracle Park","Final","true","R","MLB_STATS_API_SCHEDULE","true","true","false","641816","Tyler Mahle","4","7.0","29","104","false","607536","Kyle Freeland","9","6.0","24","92","false","0","1"
"823276","2026-07-11","8:40 PM ET","San Diego Padres","Toronto Blue Jays","Petco Park","Final","true","R","MLB_STATS_API_SCHEDULE","true","true","false","621111","Walker Buehler","1","2.0","13","65","true","702056","Trey Yesavage","1","1.2","13","59","false","1","1"
"823356","2026-07-11","4:05 PM ET","Pittsburgh Pirates","Milwaukee Brewers","PNC Park","Final","true","R","MLB_STATS_API_SCHEDULE","true","true","false","696149","Bubba Chandler","6","4.2","21","97","false","675660","Shane Drohan","6","6.1","25","83","false","0","1"
"823357","2026-07-11","12:05 PM ET","Pittsburgh Pirates","Milwaukee Brewers","PNC Park","Postponed","false","R","MLB_STATS_API_SCHEDULE","true","false","true","","Braxton Ashcraft","","","","","false","","Brandon Sproat","","","","","false","0","2"
"823603","2026-07-11","4:10 PM ET","New York Mets","Boston Red Sox","Citi Field","Final","true","R","MLB_STATS_API_SCHEDULE","true","true","false","642547","Freddy Peralta","6","4.1","21","92","false","700842","Eduardo Rivera","3","3.2","14","64","false","0","1"
"823682","2026-07-11","2:10 PM ET","Minnesota Twins","Los Angeles Angels","Target Field","Final","true","R","MLB_STATS_API_SCHEDULE","true","true","false","657746","Joe Ryan","6","6.0","26","94","true","696270","Ryan Johnson","1","5.0","18","75","false","1","1"
"823844","2026-07-11","4:10 PM ET","Miami Marlins","Cleveland Guardians","loanDepot park","Final","true","R","MLB_STATS_API_SCHEDULE","true","true","false","691587","Eury Pérez","6","6.0","26","99","false","676440","Tanner Bibee","3","6.2","27","94","false","0","1"
"823926","2026-07-11","9:10 PM ET","Los Angeles Dodgers","Arizona Diamondbacks","UNIQLO Field at Dodger Stadium","Final","true","R","MLB_STATS_API_SCHEDULE","true","true","false","808967","Yoshinobu Yamamoto","6","6.0","27","103","true","694297","Brandon Pfaadt","2","5.1","22","77","false","1","1"
"824249","2026-07-11","6:10 PM ET","Detroit Tigers","Philadelphia Phillies","Comerica Park","Final","true","R","MLB_STATS_API_SCHEDULE","true","true","false","663554","Casey Mize","5","5.2","24","97","true","650911","Cristopher Sánchez","7","7.0","29","103","false","1","1"
"824492","2026-07-11","7:10 PM ET","Cincinnati Reds","Chicago Cubs","Great American Ball Park","Final","true","R","MLB_STATS_API_SCHEDULE","true","true","false","666157","Nick Lodolo","4","5.0","22","78","true","665871","Javier Assad","4","5.0","20","82","false","1","1"
"824576","2026-07-11","2:10 PM ET","Chicago White Sox","Athletics","Rate Field","Final","true","R","MLB_STATS_API_SCHEDULE","true","true","false","663542","Bryan Hudson","0","1.0","3","7","true","695611","Gage Jump","7","5.2","23","86","false","1","1"
"824813","2026-07-11","7:05 PM ET","Baltimore Orioles","Kansas City Royals","Oriole Park at Camden Yards","Final","true","R","MLB_STATS_API_SCHEDULE","true","true","false","680694","Kyle Bradish","5","6.2","25","96","true","702070","Noah Cameron","9","7.0","27","100","false","1","1"
"822708","2026-07-12","1:35 PM ET","Washington Nationals","New York Yankees","Nationals Park","Final","true","R","MLB_STATS_API_SCHEDULE","true","true","false","676917","Cade Cavalli","5","6.0","21","85","true","701542","Will Warren","2","5.0","19","83","false","1","1"
"822876","2026-07-12","2:35 PM ET","Texas Rangers","Houston Astros","Globe Life Field","Final","true","R","MLB_STATS_API_SCHEDULE","true","true","false","669022","MacKenzie Gore","4","4.0","15","65","true","664299","Cristian Javier","4","3.0","16","60","false","1","1"
"822951","2026-07-12","1:40 PM ET","Tampa Bay Rays","Seattle Mariners","Tropicana Field","Final","true","R","MLB_STATS_API_SCHEDULE","true","true","false","693855","Ian Seymour","3","3.1","19","78","true","676106","Emerson Hancock","2","1.2","6","19","false","1","1"
"823029","2026-07-12","2:15 PM ET","St. Louis Cardinals","Atlanta Braves","Busch Stadium","Final","true","R","MLB_STATS_API_SCHEDULE","true","true","false","669160","Dustin May","4","4.0","20","84","true","664849","Danny Young","1","0.2","5","25","false","1","1"
"823199","2026-07-12","4:05 PM ET","San Francisco Giants","Colorado Rockies","Oracle Park","Final","true","R","MLB_STATS_API_SCHEDULE","true","true","false","686790","Trevor McDonald","4","7.0","25","73","true","547179","Michael Lorenzen","1","5.0","22","79","false","1","1"
"823274","2026-07-12","4:10 PM ET","San Diego Padres","Toronto Blue Jays","Petco Park","Final","true","R","MLB_STATS_API_SCHEDULE","true","true","false","608566","Germán Márquez","4","4.0","20","85","true","592332","Kevin Gausman","8","6.0","25","103","false","1","1"
"823358","2026-07-12","12:15 PM ET","Pittsburgh Pirates","Milwaukee Brewers","PNC Park","Final","true","R","MLB_STATS_API_SCHEDULE","false","false","false","694973","Paul Skenes","7","5.1","20","82","false","688107","Robert Gasser","3","3.0","18","58","false","0","1"
"823602","2026-07-12","1:40 PM ET","New York Mets","Boston Red Sox","Citi Field","","false","R","MLB_STATS_API_SCHEDULE","true","true","true","804267","Zac Thornton","","","","","false","801139","Payton Tolle","","","","","false","0","1"
"823681","2026-07-12","2:10 PM ET","Minnesota Twins","Los Angeles Angels","Target Field","Final","true","R","MLB_STATS_API_SCHEDULE","true","true","false","671737","Taj Bradley","6","7.0","28","99","true","667755","José Soriano","0","5.0","20","77","false","1","1"
"823842","2026-07-12","1:40 PM ET","Miami Marlins","Cleveland Guardians","loanDepot park","Final","true","R","MLB_STATS_API_SCHEDULE","true","true","false","663969","Tyler Phillips","1","1.0","6","26","true","676282","Joey Cantillo","9","5.0","22","85","false","1","1"
"823925","2026-07-12","4:10 PM ET","Los Angeles Dodgers","Arizona Diamondbacks","UNIQLO Field at Dodger Stadium","Final","true","R","MLB_STATS_API_SCHEDULE","true","true","false","686218","Emmet Sheehan","7","5.1","21","101","true","683352","Mitch Bratt","0","3.0","15","58","false","1","1"
"824250","2026-07-12","1:40 PM ET","Detroit Tigers","Philadelphia Phillies","Comerica Park","Final","true","R","MLB_STATS_API_SCHEDULE","true","true","false","669373","Tarik Skubal","5","5.0","21","93","true","554430","Zack Wheeler","10","6.0","22","96","false","1","1"
"824491","2026-07-12","1:40 PM ET","Cincinnati Reds","Chicago Cubs","Great American Ball Park","Final","true","R","MLB_STATS_API_SCHEDULE","true","true","false","671096","Andrew Abbott","3","4.0","19","79","true","571510","Matthew Boyd","3","6.1","28","92","false","1","1"
"824574","2026-07-12","2:10 PM ET","Chicago White Sox","Athletics","Rate Field","Final","true","R","MLB_STATS_API_SCHEDULE","true","true","false","702273","Noah Schultz","4","5.0","21","74","true","669372","J.T. Ginn","7","4.1","23","86","false","1","1"
"824814","2026-07-12","1:35 PM ET","Baltimore Orioles","Kansas City Royals","Oriole Park at Camden Yards","Final","true","R","MLB_STATS_API_SCHEDULE","true","true","false","669358","Shane Baz","9","4.2","22","104","true","607625","Seth Lugo","6","4.0","19","89","false","1","1"
"823443","2026-07-14","8:00 PM ET","National League All-Stars","American League All-Stars","Citizens Bank Park","Final","true","A","MLB_STATS_API_SCHEDULE","false","false","false","650911","Cristopher Sánchez","2","1.0","8","34","false","656302","Dylan Cease","3","1.0","4","25","false","0","1"
"823440","2026-07-16","6:10 PM ET","Philadelphia Phillies","New York Mets","Citizens Bank Park","Final","true","R","MLB_STATS_API_SCHEDULE","true","true","false","605400","Aaron Nola","6","6.0","27","97","false","681035","Christian Scott","7","5.2","20","79","false","0","1"
"822789","2026-07-17","7:15 PM ET","Toronto Blue Jays","Chicago White Sox","Rogers Centre","Final","true","R","MLB_STATS_API_SCHEDULE","true","true","false","693686","Spencer Miles","4","4.0","18","60","true","641743","Anthony Kay","5","4.0","19","83","false","1","1"
"823115","2026-07-17","10:10 PM ET","Seattle Mariners","San Francisco Giants","T-Mobile Park","Final","true","R","MLB_STATS_API_SCHEDULE","true","true","false","682243","Bryce Miller","6","5.2","26","91","true","694738","Landen Roupp","2","7.0","24","97","false","1","1"
"823524","2026-07-17","7:05 PM ET","New York Yankees","Los Angeles Dodgers","Yankee Stadium","Final","true","R","MLB_STATS_API_SCHEDULE","true","true","false","543037","Gerrit Cole","8","6.0","23","103","false","808963","Roki Sasaki","5","5.2","22","94","false","0","1"
"823766","2026-07-17","7:40 PM ET","Milwaukee Brewers","Miami Marlins","American Family Field","Final","true","R","MLB_STATS_API_SCHEDULE","true","true","false","701656","Logan Henderson","4","5.0","17","73","true","645261","Sandy Alcantara","7","6.0","25","104","false","1","1"
"824009","2026-07-17","9:38 PM ET","Los Angeles Angels","Detroit Tigers","Angel Stadium","Final","true","R","MLB_STATS_API_SCHEDULE","true","true","false","672282","Reid Detmers","7","6.0","22","86","true","675512","Troy Melton","9","5.2","23","94","false","1","1"
"824090","2026-07-17","8:10 PM ET","Kansas City Royals","San Diego Padres","Kauffman Stadium","Final","true","R","MLB_STATS_API_SCHEDULE","true","true","false","607625","Seth Lugo","3","6.0","23","90","true","650633","Michael King","4","5.0","21","97","false","1","1"
"824170","2026-07-17","8:10 PM ET","Houston Astros","Baltimore Orioles","Daikin Park","Final","true","R","MLB_STATS_API_SCHEDULE","true","true","false","663567","Peter Lambert","10","6.0","25","104","true","665152","Dean Kremer","5","4.0","17","83","false","1","1"
"824332","2026-07-17","8:40 PM ET","Colorado Rockies","Cincinnati Reds","Coors Field","Final","true","R","MLB_STATS_API_SCHEDULE","true","true","false","687312","Gabriel Hughes","6","5.1","21","82","true","663903","Brady Singer","6","7.0","26","96","false","1","1"
"824414","2026-07-17","7:10 PM ET","Cleveland Guardians","Pittsburgh Pirates","Progressive Field","Postponed","false","R","MLB_STATS_API_SCHEDULE","true","false","true","668909","Gavin Williams","","","","","false","683003","Jared Jones","","","","","false","0","2"
"824655","2026-07-17","8:05 PM ET","Chicago Cubs","Minnesota Twins","Wrigley Field","Final","true","R","MLB_STATS_API_SCHEDULE","true","true","false","607067","Colin Rea","6","6.0","24","91","true","641927","Bailey Ober","7","5.1","21","88","false","1","1"
"824737","2026-07-17","7:10 PM ET","Boston Red Sox","Tampa Bay Rays","Fenway Park","Final","true","R","MLB_STATS_API_SCHEDULE","true","true","false","700842","Eduardo Rivera","3","2.1","12","64","false","669438","Mason Englert","4","5.0","23","88","false","0","1"
"824901","2026-07-17","7:15 PM ET","Atlanta Braves","Texas Rangers","Truist Park","Final","true","R","MLB_STATS_API_SCHEDULE","true","true","false","519242","Chris Sale","6","7.0","23","89","true","615698","Cal Quantrill","3","4.0","23","86","false","1","1"
"824981","2026-07-17","9:40 PM ET","Athletics","Washington Nationals","Sutter Health Park","Final","true","R","MLB_STATS_API_SCHEDULE","true","true","false","695611","Gage Jump","8","3.2","17","87","true","676917","Cade Cavalli","9","6.0","21","95","false","1","1"
"825060","2026-07-17","9:40 PM ET","Arizona Diamondbacks","St. Louis Cardinals","Chase Field","Final","true","R","MLB_STATS_API_SCHEDULE","true","true","false","518876","Merrill Kelly","3","5.0","21","87","true","700241","Michael McGreevy","5","6.1","26","94","false","1","1"
"822790","2026-07-18","3:07 PM ET","Toronto Blue Jays","Chicago White Sox","Rogers Centre","Final","true","R","MLB_STATS_API_SCHEDULE","true","true","false","669456","Shane Bieber","6","6.0","22","80","false","663436","Davis Martin","5","5.2","23","85","false","0","1"
"823116","2026-07-18","8:08 PM ET","Seattle Mariners","San Francisco Giants","T-Mobile Park","Final","true","R","MLB_STATS_API_SCHEDULE","true","true","false","693433","Bryan Woo","7","6.0","26","98","false","657277","Logan Webb","5","6.2","26","100","false","0","1"
"823441","2026-07-18","3:05 PM ET","Philadelphia Phillies","New York Mets","Citizens Bank Park","Final","true","R","MLB_STATS_API_SCHEDULE","true","true","false","666200","Jesús Luzardo","7","5.0","20","90","false","640455","Sean Manaea","7","4.2","24","99","false","0","1"
"823523","2026-07-18","8:08 PM ET","New York Yankees","Los Angeles Dodgers","Yankee Stadium","Postponed","false","R","MLB_STATS_API_SCHEDULE","true","false","true","677960","Ryan Weathers","","","","","false","686218","Emmet Sheehan","","","","","false","0","2"
"823763","2026-07-18","4:10 PM ET","Milwaukee Brewers","Miami Marlins","American Family Field","Final","true","R","MLB_STATS_API_SCHEDULE","true","true","false","675660","Shane Drohan","9","6.0","25","90","false","676974","Max Meyer","5","3.0","16","74","false","0","1"
"824008","2026-07-18","10:07 PM ET","Los Angeles Angels","Detroit Tigers","Angel Stadium","Final","true","R","MLB_STATS_API_SCHEDULE","true","true","false","680570","Grayson Rodriguez","3","4.0","22","87","false","669373","Tarik Skubal","9","7.0","24","87","false","0","1"
"824088","2026-07-18","4:10 PM ET","Kansas City Royals","San Diego Padres","Kauffman Stadium","Final","true","R","MLB_STATS_API_SCHEDULE","true","true","false","677976","Randy Dobnak","3","4.1","21","96","false","656288","Griffin Canning","4","3.2","18","65","false","0","1"
"824169","2026-07-18","4:10 PM ET","Houston Astros","Baltimore Orioles","Daikin Park","Final","true","R","MLB_STATS_API_SCHEDULE","true","true","false","681293","Spencer Arrighetti","6","5.0","21","85","false","669432","Trevor Rogers","8","6.1","27","99","false","0","1"
"824331","2026-07-18","3:10 PM ET","Colorado Rockies","Cincinnati Reds","Coors Field","Final","true","R","MLB_STATS_API_SCHEDULE","true","true","false","608372","Tomoyuki Sugano","3","6.1","24","77","false","695076","Rhett Lowder","2","2.1","18","48","false","0","1"
"824412","2026-07-18","7:10 PM ET","Cleveland Guardians","Pittsburgh Pirates","Progressive Field","Final","true","R","MLB_STATS_API_SCHEDULE","true","true","false","671106","Logan Allen","3","3.1","19","81","false","682254","Mason Montgomery","1","1.0","4","14","false","0","1"
"824657","2026-07-18","2:20 PM ET","Chicago Cubs","Minnesota Twins","Wrigley Field","Final","true","R","MLB_STATS_API_SCHEDULE","true","true","false","571510","Matthew Boyd","4","6.0","21","91","false","671737","Taj Bradley","6","5.0","25","94","false","0","1"
"824738","2026-07-18","4:10 PM ET","Boston Red Sox","Tampa Bay Rays","Fenway Park","Final","true","R","MLB_STATS_API_SCHEDULE","true","true","false","663776","Patrick Sandoval","5","5.0","23","76","false","693855","Ian Seymour","4","3.0","13","61","false","0","1"
"824899","2026-07-18","4:10 PM ET","Atlanta Braves","Texas Rangers","Truist Park","Final","true","R","MLB_STATS_API_SCHEDULE","true","true","false","702566","Owen Murphy","2","2.2","15","49","false","669022","MacKenzie Gore","7","5.2","27","87","false","0","1"
"824979","2026-07-18","10:05 PM ET","Athletics","Washington Nationals","Sutter Health Park","Final","true","R","MLB_STATS_API_SCHEDULE","true","true","false","669372","J.T. Ginn","7","6.1","23","82","false","641793","Zack Littell","4","6.0","30","96","false","0","1"
"825059","2026-07-18","4:10 PM ET","Arizona Diamondbacks","St. Louis Cardinals","Chase Field","Final","true","R","MLB_STATS_API_SCHEDULE","true","true","false","694297","Brandon Pfaadt","3","5.1","23","87","false","669160","Dustin May","6","5.0","25","98","false","0","1"
"822786","2026-07-19","12:15 PM ET","Toronto Blue Jays","Chicago White Sox","Rogers Centre","Final","true","R","MLB_STATS_API_SCHEDULE","false","false","false","702056","Trey Yesavage","9","6.0","24","95","false","680732","Sean Burke","5","6.2","23","98","false","0","1"
"823113","2026-07-19","4:10 PM ET","Seattle Mariners","San Francisco Giants","T-Mobile Park","Final","true","R","MLB_STATS_API_SCHEDULE","true","true","false","669302","Logan Gilbert","10","6.0","23","95","true","592662","Robbie Ray","6","4.0","22","86","false","1","1"
"823439","2026-07-19","1:35 PM ET","Philadelphia Phillies","New York Mets","Citizens Bank Park","Final","true","R","MLB_STATS_API_SCHEDULE","false","false","false","660604","Alan Rangel","4","4.0","23","91","false","690997","Nolan McLean","10","6.0","21","93","false","0","1"
"823521","2026-07-19","7:20 PM ET","New York Yankees","Los Angeles Dodgers","Yankee Stadium","Final","true","R","MLB_STATS_API_SCHEDULE","true","true","false","642232","Ryan Yarbrough","1","2.2","10","36","false","694361","Will Klein","1","1.0","6","24","false","0","1"
"823764","2026-07-19","2:10 PM ET","Milwaukee Brewers","Miami Marlins","American Family Field","Final","true","R","MLB_STATS_API_SCHEDULE","true","true","false","688107","Robert Gasser","5","5.0","18","86","true","691587","Eury Pérez","9","6.0","22","93","false","1","1"
"824007","2026-07-19","4:07 PM ET","Los Angeles Angels","Detroit Tigers","Angel Stadium","Final","true","R","MLB_STATS_API_SCHEDULE","true","true","false","696270","Ryan Johnson","5","5.0","20","91","true","663554","Casey Mize","5","3.1","16","74","false","1","1"
"824086","2026-07-19","2:10 PM ET","Kansas City Royals","San Diego Padres","Kauffman Stadium","Final","true","R","MLB_STATS_API_SCHEDULE","true","true","false","702070","Noah Cameron","1","5.0","26","90","true","608566","Germán Márquez","2","3.0","18","59","false","1","1"
"824168","2026-07-19","2:10 PM ET","Houston Astros","Baltimore Orioles","Daikin Park","Final","true","R","MLB_STATS_API_SCHEDULE","true","true","false","686613","Hunter Brown","4","4.2","24","92","true","687064","Brandon Young","7","7.0","27","95","false","1","1"
"824330","2026-07-19","3:10 PM ET","Colorado Rockies","Cincinnati Reds","Coors Field","Final","true","R","MLB_STATS_API_SCHEDULE","true","true","false","663372","Ryan Feltner","3","2.1","18","71","true","668881","Hunter Greene","7","6.0","23","94","false","1","1"
"824411","2026-07-19","1:40 PM ET","Cleveland Guardians","Pittsburgh Pirates","Progressive Field","Final","true","R","MLB_STATS_API_SCHEDULE","false","false","false","676282","Joey Cantillo","7","5.0","25","80","false","694973","Paul Skenes","8","7.0","25","100","false","0","1"
"824653","2026-07-19","2:20 PM ET","Chicago Cubs","Minnesota Twins","Wrigley Field","Final","true","R","MLB_STATS_API_SCHEDULE","true","true","false","684007","Shota Imanaga","4","7.0","26","99","true","805673","Zebby Matthews","4","3.0","22","87","false","1","1"
"824739","2026-07-19","1:35 PM ET","Boston Red Sox","Tampa Bay Rays","Fenway Park","Final","true","R","MLB_STATS_API_SCHEDULE","false","false","false","543243","Sonny Gray","5","6.0","26","91","false","663556","Shane McClanahan","3","5.0","24","87","false","0","1"
"824897","2026-07-19","1:35 PM ET","Atlanta Braves","Texas Rangers","Truist Park","Final","true","R","MLB_STATS_API_SCHEDULE","false","false","false","656550","Grant Holmes","2","5.0","24","74","false","543135","Nathan Eovaldi","2","4.0","20","81","false","0","1"
"824978","2026-07-19","4:05 PM ET","Athletics","Washington Nationals","Sutter Health Park","Final","true","R","MLB_STATS_API_SCHEDULE","true","true","false","682052","Jacob Lopez","6","4.1","19","84","true","656492","Foster Griffin","2","7.0","28","97","false","1","1"
"825057","2026-07-19","4:10 PM ET","Arizona Diamondbacks","St. Louis Cardinals","Chase Field","Final","true","R","MLB_STATS_API_SCHEDULE","true","true","false","593958","Eduardo Rodriguez","3","2.2","16","68","true","669467","Andre Pallante","3","5.1","22","88","false","1","1"
"822788","2026-07-20","7:07 PM ET","Toronto Blue Jays","Tampa Bay Rays","Rogers Centre","Final","true","R","MLB_STATS_API_SCHEDULE","true","true","false","656302","Dylan Cease","7","6.0","26","101","false","607259","Nick Martinez","0","6.0","24","82","false","0","1"
"822874","2026-07-20","8:05 PM ET","Texas Rangers","Chicago White Sox","Globe Life Field","Final","true","R","MLB_STATS_API_SCHEDULE","true","true","false","594798","Jacob deGrom","6","4.2","23","97","false","607200","Erick Fedde","6","4.0","15","64","false","0","1"
"823112","2026-07-20","9:40 PM ET","Seattle Mariners","Cincinnati Reds","T-Mobile Park","Final","true","R","MLB_STATS_API_SCHEDULE","true","true","false","669923","George Kirby","6","6.0","21","80","false","671096","Andrew Abbott","6","6.0","24","100","false","0","1"
"823436","2026-07-20","7:10 PM ET","Philadelphia Phillies","Los Angeles Dodgers","Citizens Bank Park","Final","true","R","MLB_STATS_API_SCHEDULE","true","true","false","650911","Cristopher Sánchez","7","5.1","25","99","false","686218","Emmet Sheehan","6","5.1","25","87","false","0","1"
"823522","2026-07-20","7:05 PM ET","New York Yankees","Pittsburgh Pirates","Yankee Stadium","Final","true","R","MLB_STATS_API_SCHEDULE","true","true","false","677960","Ryan Weathers","5","4.2","23","99","false","677952","Braxton Ashcraft","2","3.0","20","74","false","0","1"
"823762","2026-07-20","7:40 PM ET","Milwaukee Brewers","New York Mets","American Family Field","Final","true","R","MLB_STATS_API_SCHEDULE","true","true","false","694819","Jacob Misiorowski","6","4.0","17","65","false","642547","Freddy Peralta","6","5.1","26","107","false","0","1"
"824006","2026-07-20","10:10 PM ET","Los Angeles Angels","St. Louis Cardinals","Angel Stadium","Final","true","R","MLB_STATS_API_SCHEDULE","true","true","false","667755","José Soriano","7","7.0","25","95","false","681517","Kyle Leahy","4","6.0","20","95","false","0","1"
"824087","2026-07-20","7:40 PM ET","Kansas City Royals","San Francisco Giants","Kauffman Stadium","Final","true","R","MLB_STATS_API_SCHEDULE","true","true","false","608379","Michael Wacha","5","6.0","23","96","false","686790","Trevor McDonald","3","4.0","19","67","false","0","1"
"824167","2026-07-20","8:10 PM ET","Houston Astros","Miami Marlins","Daikin Park","Final","true","R","MLB_STATS_API_SCHEDULE","true","true","false","669854","Ronel Blanco","8","4.2","19","86","false","676083","Janson Junk","3","4.0","19","80","false","0","1"
"824328","2026-07-20","8:40 PM ET","Colorado Rockies","Washington Nationals","Coors Field","Final","true","R","MLB_STATS_API_SCHEDULE","true","true","false","607536","Kyle Freeland","4","6.0","27","91","false","674841","Andrew Alvarez","2","4.1","21","74","false","0","1"
"824410","2026-07-20","6:40 PM ET","Cleveland Guardians","Minnesota Twins","Progressive Field","Final","true","R","MLB_STATS_API_SCHEDULE","true","true","false","676440","Tanner Bibee","5","6.0","25","95","false","657746","Joe Ryan","3","4.0","22","78","false","0","1"
"824654","2026-07-20","8:05 PM ET","Chicago Cubs","Detroit Tigers","Wrigley Field","Final","true","R","MLB_STATS_API_SCHEDULE","true","true","false","592791","Jameson Taillon","6","4.1","20","75","false","656427","Jack Flaherty","4","4.0","18","82","false","0","1"
"824736","2026-07-20","7:10 PM ET","Boston Red Sox","Baltimore Orioles","Fenway Park","Final","true","R","MLB_STATS_API_SCHEDULE","true","true","false","801139","Payton Tolle","9","5.2","26","88","false","669358","Shane Baz","6","6.0","25","77","false","0","1"
"824898","2026-07-20","7:15 PM ET","Atlanta Braves","San Diego Padres","Truist Park","Final","true","R","MLB_STATS_API_SCHEDULE","true","true","false","693821","Bryce Elder","4","6.0","22","77","false","676664","JP Sears","3","5.0","18","55","false","0","1"
"825058","2026-07-20","9:40 PM ET","Arizona Diamondbacks","Athletics","Chase Field","Final","true","R","MLB_STATS_API_SCHEDULE","true","true","false","683352","Mitch Bratt","4","4.2","23","84","false","605488","Jeffrey Springs","2","5.0","20","78","false","0","1"
"822787","2026-07-21","7:07 PM ET","Toronto Blue Jays","Tampa Bay Rays","Rogers Centre","Final","true","R","MLB_STATS_API_SCHEDULE","true","true","false","592332","Kevin Gausman","1","3.1","21","90","true","656876","Drew Rasmussen","5","5.0","23","93","false","1","1"
"822871","2026-07-21","8:05 PM ET","Texas Rangers","Chicago White Sox","Globe Life Field","Final","true","R","MLB_STATS_API_SCHEDULE","true","true","false","677958","Kumar Rocker","6","6.0","21","75","true","702273","Noah Schultz","2","3.2","22","80","false","1","1"
"823114","2026-07-21","9:40 PM ET","Seattle Mariners","Cincinnati Reds","T-Mobile Park","Final","true","R","MLB_STATS_API_SCHEDULE","true","true","false","622491","Luis Castillo","3","7.0","27","101","true","695505","Chase Burns","6","5.0","20","91","false","1","1"
"823437","2026-07-21","6:40 PM ET","Philadelphia Phillies","Los Angeles Dodgers","Citizens Bank Park","Final","true","R","MLB_STATS_API_SCHEDULE","false","false","false","554430","Zack Wheeler","9","7.0","25","93","false","680736","Justin Wrobleski","7","6.1","25","89","false","0","1"
"823519","2026-07-21","7:05 PM ET","New York Yankees","Pittsburgh Pirates","Yankee Stadium","Postponed","false","R","MLB_STATS_API_SCHEDULE","true","false","true","701542","Will Warren","","","","","false","696149","Bubba Chandler","","","","","false","0","2"
"823760","2026-07-21","7:40 PM ET","Milwaukee Brewers","New York Mets","American Family Field","Final","true","R","MLB_STATS_API_SCHEDULE","true","true","false","687075","Brandon Sproat","4","4.2","21","99","true","804267","Zac Thornton","2","6.0","20","81","false","1","1"
"824005","2026-07-21","9:38 PM ET","Los Angeles Angels","St. Louis Cardinals","Angel Stadium","Final","true","R","MLB_STATS_API_SCHEDULE","true","true","false","700712","Walbert Ureña","5","6.0","24","98","true","669461","Matthew Liberatore","7","5.1","25","95","false","1","1"
"824085","2026-07-21","7:40 PM ET","Kansas City Royals","San Francisco Giants","Kauffman Stadium","Final","true","R","MLB_STATS_API_SCHEDULE","true","true","false","679883","Luinder Avila","7","6.1","25","87","true","641816","Tyler Mahle","4","5.0","22","91","false","1","1"
"824165","2026-07-21","8:10 PM ET","Houston Astros","Miami Marlins","Daikin Park","Final","true","R","MLB_STATS_API_SCHEDULE","true","true","false","837227","Tatsuya Imai","8","6.0","25","96","true","663969","Tyler Phillips","2","4.1","18","68","false","1","1"
"824329","2026-07-21","8:40 PM ET","Colorado Rockies","Washington Nationals","Coors Field","Final","true","R","MLB_STATS_API_SCHEDULE","true","true","false","547179","Michael Lorenzen","5","3.2","19","80","true","687223","Carson Palmquist","2","1.2","11","36","false","1","1"
"824409","2026-07-21","6:40 PM ET","Cleveland Guardians","Minnesota Twins","Progressive Field","Final","true","R","MLB_STATS_API_SCHEDULE","true","true","false","800048","Parker Messick","6","5.2","22","88","true","696070","Kendry Rojas","2","2.1","10","47","false","1","1"
"824652","2026-07-21","8:05 PM ET","Chicago Cubs","Detroit Tigers","Wrigley Field","Final","true","R","MLB_STATS_API_SCHEDULE","true","true","false","656849","David Peterson","4","6.2","24","94","true","664285","Framber Valdez","1","0.2","10","42","false","1","1"
"824735","2026-07-21","7:10 PM ET","Boston Red Sox","Baltimore Orioles","Fenway Park","Postponed","false","R","MLB_STATS_API_SCHEDULE","true","false","true","700842","Eduardo Rivera","","","","","false","680694","Kyle Bradish","","","","","false","0","2"
"824895","2026-07-21","7:15 PM ET","Atlanta Braves","San Diego Padres","Truist Park","Final","true","R","MLB_STATS_API_SCHEDULE","true","true","false","625643","Reynaldo López","6","4.1","23","85","true","621111","Walker Buehler","3","5.2","24","90","false","1","1"
"825056","2026-07-21","9:40 PM ET","Arizona Diamondbacks","Athletics","Chase Field","Final","true","R","MLB_STATS_API_SCHEDULE","true","true","false","684442","Kohl Drake","5","5.0","21","85","false","678022","Jack Perkins","4","5.0","21","87","false","0","1"
"822784","2026-07-22","7:07 PM ET","Toronto Blue Jays","Tampa Bay Rays","Rogers Centre","Final","true","R","MLB_STATS_API_SCHEDULE","true","true","false","680755","Braydon Fisher","1","1.1","5","26","false","643377","Griffin Jax","5","6.0","22","83","false","0","1"
"822873","2026-07-22","8:05 PM ET","Texas Rangers","Chicago White Sox","Globe Life Field","Final","true","R","MLB_STATS_API_SCHEDULE","true","true","false","641302","Tyler Alexander","1","2.0","7","34","false","641743","Anthony Kay","4","5.0","22","79","false","0","1"
"823110","2026-07-22","3:40 PM ET","Seattle Mariners","Cincinnati Reds","T-Mobile Park","Final","true","R","MLB_STATS_API_SCHEDULE","true","true","false","676106","Emerson Hancock","3","6.0","24","95","true","663903","Brady Singer","6","6.2","26","101","false","1","1"
"823438","2026-07-22","6:40 PM ET","Philadelphia Phillies","Los Angeles Dodgers","Citizens Bank Park","Final","true","R","MLB_STATS_API_SCHEDULE","true","true","false","605400","Aaron Nola","4","5.1","23","85","false","641778","Eric Lauer","5","5.1","21","91","false","0","1"
"823518","2026-07-22","1:05 PM ET","New York Yankees","Pittsburgh Pirates","Yankee Stadium","Final","true","R","MLB_STATS_API_SCHEDULE","false","false","false","543037","Gerrit Cole","11","7.0","25","93","false","656605","Mitch Keller","6","5.0","21","75","false","0","1"
"823761","2026-07-22","2:10 PM ET","Milwaukee Brewers","New York Mets","American Family Field","Final","true","R","MLB_STATS_API_SCHEDULE","true","true","false","701656","Logan Henderson","9","5.0","20","80","true","681035","Christian Scott","6","3.2","18","89","false","1","1"
"824004","2026-07-22","4:07 PM ET","Los Angeles Angels","St. Louis Cardinals","Angel Stadium","Final","true","R","MLB_STATS_API_SCHEDULE","true","true","false","672282","Reid Detmers","6","5.1","19","85","true","690928","Hunter Dobbins","5","6.0","24","86","false","1","1"
"824083","2026-07-22","2:10 PM ET","Kansas City Royals","San Francisco Giants","Kauffman Stadium","Final","true","R","MLB_STATS_API_SCHEDULE","true","true","false","607625","Seth Lugo","5","7.0","26","94","true","694738","Landen Roupp","7","6.0","22","91","false","1","1"
"824166","2026-07-22","8:10 PM ET","Houston Astros","Miami Marlins","Daikin Park","Final","true","R","MLB_STATS_API_SCHEDULE","true","true","false","663567","Peter Lambert","3","6.0","26","89","false","645261","Sandy Alcantara","3","7.0","30","108","false","0","1"
"824327","2026-07-22","3:10 PM ET","Colorado Rockies","Washington Nationals","Coors Field","Final","true","R","MLB_STATS_API_SCHEDULE","true","true","false","687312","Gabriel Hughes","5","5.0","21","88","true","676917","Cade Cavalli","8","6.0","24","90","false","1","1"
"824408","2026-07-22","6:40 PM ET","Cleveland Guardians","Minnesota Twins","Progressive Field","Final","true","R","MLB_STATS_API_SCHEDULE","true","true","false","677944","Slade Cecconi","5","4.2","26","88","true","641927","Bailey Ober","2","4.0","21","89","false","1","1"
"824650","2026-07-22","8:10 PM ET","Chicago Cubs","Detroit Tigers","Wrigley Field","Final","true","R","MLB_STATS_API_SCHEDULE","true","true","false","607067","Colin Rea","5","5.0","21","86","false","672456","Keider Montero","8","5.1","20","81","false","0","1"
"824732","2026-07-22","7:10 PM ET","Boston Red Sox","Baltimore Orioles","Fenway Park","Final","true","R","MLB_STATS_API_SCHEDULE","true","true","false","700842","Eduardo Rivera","1","0.2","8","41","false","680694","Kyle Bradish","4","6.0","23","89","false","0","1"
"824896","2026-07-22","7:15 PM ET","Atlanta Braves","San Diego Padres","Truist Park","Final","true","R","MLB_STATS_API_SCHEDULE","true","true","false","527048","Martín Pérez","3","4.0","16","75","false","650633","Michael King","7","6.0","27","104","false","0","1"
"825055","2026-07-22","3:40 PM ET","Arizona Diamondbacks","Athletics","Chase Field","Final","true","R","MLB_STATS_API_SCHEDULE","true","true","false","518876","Merrill Kelly","3","5.0","19","87","true","695611","Gage Jump","5","4.2","24","83","false","1","1"
"822785","2026-07-23","3:07 PM ET","Toronto Blue Jays","Tampa Bay Rays","Rogers Centre","Final","true","R","MLB_STATS_API_SCHEDULE","true","true","false","669456","Shane Bieber","3","7.0","24","86","true","668984","Casey Legumina","2","2.0","9","40","false","1","1"
"823042","2026-07-23","5:15 PM ET","St. Louis Cardinals","Arizona Diamondbacks","Busch Stadium","Postponed","false","R","MLB_STATS_API_SCHEDULE","true","false","true","700241","Michael McGreevy","","","","","false","694297","Brandon Pfaadt","","","","","false","0","1"
"824247","2026-07-23","6:40 PM ET","Detroit Tigers","Kansas City Royals","Comerica Park","Final","true","R","MLB_STATS_API_SCHEDULE","true","true","false","675512","Troy Melton","5","5.0","24","90","false","677976","Randy Dobnak","3","5.0","18","76","false","0","1"
"824406","2026-07-23","1:10 PM ET","Cleveland Guardians","Minnesota Twins","Progressive Field","Final","true","R","MLB_STATS_API_SCHEDULE","true","true","false","668909","Gavin Williams","11","7.0","23","97","true","671737","Taj Bradley","5","7.0","25","109","false","1","1"
"824893","2026-07-23","12:15 PM ET","Atlanta Braves","San Diego Padres","Truist Park","Final","true","R","MLB_STATS_API_SCHEDULE","true","true","false","519242","Chris Sale","11","6.0","25","98","false","606996","Kyle Hart","1","1.0","3","8","false","0","1"
"822707","2026-07-24","6:45 PM ET","Washington Nationals","Arizona Diamondbacks","Nationals Park","Final","true","R","MLB_STATS_API_SCHEDULE","true","true","false","687223","Carson Palmquist","1","1.1","8","41","true","593958","Eduardo Rodriguez","4","6.0","27","98","false","1","1"
"822872","2026-07-24","8:05 PM ET","Texas Rangers","Seattle Mariners","Globe Life Field","Final","true","R","MLB_STATS_API_SCHEDULE","true","true","false","669022","MacKenzie Gore","5","5.0","23","96","false","682243","Bryce Miller","0","5.1","23","89","false","0","1"
"822952","2026-07-24","7:10 PM ET","Tampa Bay Rays","Cleveland Guardians","Tropicana Field","Final","true","R","MLB_STATS_API_SCHEDULE","true","true","false","663556","Shane McClanahan","3","5.0","19","71","true","676282","Joey Cantillo","4","3.2","20","74","false","1","1"
"823031","2026-07-24","8:15 PM ET","St. Louis Cardinals","Cincinnati Reds","Busch Stadium","Final","true","R","MLB_STATS_API_SCHEDULE","true","true","false","669160","Dustin May","8","6.0","27","89","false","695076","Rhett Lowder","4","5.0","18","76","false","0","1"
"823196","2026-07-24","10:15 PM ET","San Francisco Giants","Los Angeles Angels","Oracle Park","Final","true","R","MLB_STATS_API_SCHEDULE","true","true","false","657277","Logan Webb","4","6.0","25","99","false","680570","Grayson Rodriguez","3","4.0","18","80","false","0","1"
"823352","2026-07-24","6:40 PM ET","Pittsburgh Pirates","Chicago Cubs","PNC Park","Final","true","R","MLB_STATS_API_SCHEDULE","true","true","false","683003","Jared Jones","5","6.0","21","83","false","571510","Matthew Boyd","4","7.0","29","97","false","0","1"
"823434","2026-07-24","6:45 PM ET","Philadelphia Phillies","New York Yankees","Citizens Bank Park","Final","true","R","MLB_STATS_API_SCHEDULE","true","true","false","666200","Jesús Luzardo","9","7.0","26","105","true","693645","Cam Schlittler","12","7.1","26","99","false","1","1"
"823601","2026-07-24","7:10 PM ET","New York Mets","Los Angeles Dodgers","Citi Field","Final","true","R","MLB_STATS_API_SCHEDULE","true","true","false","640455","Sean Manaea","3","6.0","24","84","false","808963","Roki Sasaki","9","7.0","25","94","false","0","1"
"823680","2026-07-24","8:10 PM ET","Minnesota Twins","Athletics","Target Field","Final","true","R","MLB_STATS_API_SCHEDULE","true","true","false","805673","Zebby Matthews","1","6.0","22","92","false","682052","Jacob Lopez","4","5.0","21","91","false","0","1"
"823759","2026-07-24","4:10 PM ET","Milwaukee Brewers","Colorado Rockies","American Family Field","Final","true","R","MLB_STATS_API_SCHEDULE","true","true","false","675660","Shane Drohan","6","6.0","25","92","true","608372","Tomoyuki Sugano","5","5.1","23","93","false","1","1"
"823843","2026-07-24","7:10 PM ET","Miami Marlins","San Diego Padres","loanDepot park","Final","true","R","MLB_STATS_API_SCHEDULE","true","true","false","687473","Ryan Gusto","4","3.1","13","57","true","608566","Germán Márquez","4","2.1","12","37","false","1","1"
"824248","2026-07-24","6:40 PM ET","Detroit Tigers","Kansas City Royals","Comerica Park","Final","true","R","MLB_STATS_API_SCHEDULE","true","true","false","669373","Tarik Skubal","12","7.1","28","91","true","694360","Beck Way","0","1.0","7","25","false","1","1"
"824573","2026-07-24","7:40 PM ET","Chicago White Sox","Houston Astros","Rate Field","Final","true","R","MLB_STATS_API_SCHEDULE","true","true","false","663436","Davis Martin","3","5.0","23","88","false","681293","Spencer Arrighetti","0","1.0","9","33","false","0","1"
"824733","2026-07-24","7:15 PM ET","Boston Red Sox","Toronto Blue Jays","Fenway Park","Final","true","R","MLB_STATS_API_SCHEDULE","true","true","false","663776","Patrick Sandoval","3","4.2","22","84","true","702056","Trey Yesavage","9","4.0","18","93","false","1","1"
"824812","2026-07-24","7:05 PM ET","Baltimore Orioles","Atlanta Braves","Oriole Park at Camden Yards","Final","true","R","MLB_STATS_API_SCHEDULE","true","true","false","669432","Trevor Rogers","6","7.0","26","88","true","656550","Grant Holmes","5","5.0","22","91","false","1","1"
"822704","2026-07-25","4:05 PM ET","Washington Nationals","Arizona Diamondbacks","Nationals Park","Final","true","R","MLB_STATS_API_SCHEDULE","true","true","false","656492","Foster Griffin","2","6.2","26","108","false","683352","Mitch Bratt","3","5.0","26","92","false","0","1"
"822869","2026-07-25","7:15 PM ET","Texas Rangers","Seattle Mariners","Globe Life Field","Final","true","R","MLB_STATS_API_SCHEDULE","true","true","false","543135","Nathan Eovaldi","8","7.0","24","91","false","693433","Bryan Woo","5","5.0","25","95","false","0","1"
"822948","2026-07-25","6:10 PM ET","Tampa Bay Rays","Cleveland Guardians","Tropicana Field","Final","true","R","MLB_STATS_API_SCHEDULE","true","true","false","607259","Nick Martinez","5","6.0","21","84","false","676440","Tanner Bibee","5","6.0","28","107","false","0","1"
"823027","2026-07-25","7:15 PM ET","St. Louis Cardinals","Cincinnati Reds","Busch Stadium","Final","true","R","MLB_STATS_API_SCHEDULE","true","true","false","669467","Andre Pallante","8","7.0","24","90","false","668881","Hunter Greene","3","5.1","26","89","false","0","1"
"823197","2026-07-25","4:05 PM ET","San Francisco Giants","Los Angeles Angels","Oracle Park","Final","true","R","MLB_STATS_API_SCHEDULE","true","true","false","592662","Robbie Ray","5","6.0","25","80","false","696270","Ryan Johnson","4","3.1","20","69","false","0","1"
"823355","2026-07-25","6:40 PM ET","Pittsburgh Pirates","Chicago Cubs","PNC Park","Final","true","R","MLB_STATS_API_SCHEDULE","true","true","false","694973","Paul Skenes","11","5.1","25","105","false","684007","Shota Imanaga","4","6.0","23","84","false","0","1"
"823435","2026-07-25","6:05 PM ET","Philadelphia Phillies","New York Yankees","Citizens Bank Park","Final","true","R","MLB_STATS_API_SCHEDULE","true","true","false","641835","Tim Mayza","1","2.0","6","20","false","677960","Ryan Weathers","7","5.2","24","97","false","0","1"
"823600","2026-07-25","7:15 PM ET","New York Mets","Los Angeles Dodgers","Citi Field","Final","true","R","MLB_STATS_API_SCHEDULE","true","true","false","690997","Nolan McLean","7","6.0","27","96","false","808967","Yoshinobu Yamamoto","5","6.0","26","100","false","0","1"
"823679","2026-07-25","7:10 PM ET","Minnesota Twins","Athletics","Target Field","Final","true","R","MLB_STATS_API_SCHEDULE","true","true","false","696070","Kendry Rojas","5","4.0","14","56","false","669620","Brady Basso","3","2.1","10","36","false","0","1"
"823758","2026-07-25","7:10 PM ET","Milwaukee Brewers","Colorado Rockies","American Family Field","Final","true","R","MLB_STATS_API_SCHEDULE","true","true","false","688107","Robert Gasser","4","6.0","23","77","false","663372","Ryan Feltner","4","5.0","23","82","false","0","1"
"823841","2026-07-25","4:10 PM ET","Miami Marlins","San Diego Padres","loanDepot park","Final","true","R","MLB_STATS_API_SCHEDULE","true","true","false","691587","Eury Pérez","2","7.0","28","104","false","681190","Randy Vásquez","0","2.2","10","37","false","0","1"
"824244","2026-07-25","1:10 PM ET","Detroit Tigers","Kansas City Royals","Comerica Park","Final","true","R","MLB_STATS_API_SCHEDULE","true","true","false","663554","Casey Mize","3","6.0","21","85","false","608379","Michael Wacha","3","7.0","28","96","false","0","1"
"824571","2026-07-25","7:10 PM ET","Chicago White Sox","Houston Astros","Rate Field","Final","true","R","MLB_STATS_API_SCHEDULE","true","true","false","680732","Sean Burke","10","6.0","24","102","false","686613","Hunter Brown","7","7.0","23","90","false","0","1"
"824734","2026-07-25","4:10 PM ET","Boston Red Sox","Toronto Blue Jays","Fenway Park","Final","true","R","MLB_STATS_API_SCHEDULE","true","true","false","543243","Sonny Gray","3","5.0","23","75","false","656302","Dylan Cease","12","9.0","30","120","false","0","1"
"824811","2026-07-25","7:05 PM ET","Baltimore Orioles","Atlanta Braves","Oriole Park at Camden Yards","Final","true","R","MLB_STATS_API_SCHEDULE","true","true","false","687064","Brandon Young","6","6.1","25","94","false","693821","Bryce Elder","8","5.0","22","98","false","0","1"
"822706","2026-07-26","1:35 PM ET","Washington Nationals","Arizona Diamondbacks","Nationals Park","Final","true","R","MLB_STATS_API_SCHEDULE","false","false","false","571945","Miles Mikolas","1","4.0","18","63","false","684442","Kohl Drake","1","4.0","19","64","false","0","1"
"822870","2026-07-26","2:35 PM ET","Texas Rangers","Seattle Mariners","Globe Life Field","Final","true","R","MLB_STATS_API_SCHEDULE","false","false","false","594798","Jacob deGrom","4","5.0","22","90","false","669302","Logan Gilbert","4","5.2","24","93","false","0","1"
"822950","2026-07-26","12:15 PM ET","Tampa Bay Rays","Cleveland Guardians","Tropicana Field","Final","true","R","MLB_STATS_API_SCHEDULE","false","false","false","656876","Drew Rasmussen","9","7.0","24","87","false","800048","Parker Messick","6","7.2","29","94","false","0","1"
"823028","2026-07-26","2:15 PM ET","St. Louis Cardinals","Cincinnati Reds","Busch Stadium","Final","true","R","MLB_STATS_API_SCHEDULE","false","false","false","681517","Kyle Leahy","9","6.0","24","102","false","671096","Andrew Abbott","4","6.0","24","100","false","0","1"
"823194","2026-07-26","4:05 PM ET","San Francisco Giants","Los Angeles Angels","Oracle Park","Final","true","R","MLB_STATS_API_SCHEDULE","false","false","false","687931","Carson Whisenhunt","7","5.0","21","78","false","667755","José Soriano","5","5.0","20","85","false","0","1"
"823354","2026-07-26","1:35 PM ET","Pittsburgh Pirates","Chicago Cubs","PNC Park","Final","true","R","MLB_STATS_API_SCHEDULE","false","false","false","677952","Braxton Ashcraft","5","6.0","26","93","false","592791","Jameson Taillon","3","4.0","19","69","false","0","1"
"823433","2026-07-26","7:20 PM ET","Philadelphia Phillies","New York Yankees","Citizens Bank Park","Final","true","R","MLB_STATS_API_SCHEDULE","false","false","false","650911","Cristopher Sánchez","6","6.0","28","101","false","701542","Will Warren","5","3.0","17","68","false","0","1"
"823599","2026-07-26","1:40 PM ET","New York Mets","Los Angeles Dodgers","Citi Field","Final","true","R","MLB_STATS_API_SCHEDULE","false","false","false","642547","Freddy Peralta","3","4.0","20","93","false","686218","Emmet Sheehan","5","5.0","21","87","false","0","1"
"823678","2026-07-26","2:10 PM ET","Minnesota Twins","Athletics","Target Field","Final","true","R","MLB_STATS_API_SCHEDULE","false","false","false","687570","Connor Prielipp","5","5.2","18","72","false","605488","Jeffrey Springs","0","1.1","9","36","false","0","1"
"823755","2026-07-26","2:10 PM ET","Milwaukee Brewers","Colorado Rockies","American Family Field","Final","true","R","MLB_STATS_API_SCHEDULE","false","false","false","694819","Jacob Misiorowski","12","5.0","17","83","false","607536","Kyle Freeland","2","5.1","23","87","false","0","1"
"823840","2026-07-26","1:40 PM ET","Miami Marlins","San Diego Padres","loanDepot park","Final","true","R","MLB_STATS_API_SCHEDULE","false","false","false","676083","Janson Junk","6","4.2","21","75","false","621111","Walker Buehler","7","5.1","22","92","false","0","1"
"824246","2026-07-26","1:40 PM ET","Detroit Tigers","Kansas City Royals","Comerica Park","Final","true","R","MLB_STATS_API_SCHEDULE","false","false","false","664285","Framber Valdez","4","5.0","24","97","false","679883","Luinder Avila","2","4.1","21","89","false","0","1"
"824572","2026-07-26","2:10 PM ET","Chicago White Sox","Houston Astros","Rate Field","Final","true","R","MLB_STATS_API_SCHEDULE","false","false","false","607200","Erick Fedde","2","4.1","18","68","false","669854","Ronel Blanco","4","5.1","22","85","false","0","1"
"824730","2026-07-26","1:35 PM ET","Boston Red Sox","Toronto Blue Jays","Fenway Park","Final","true","R","MLB_STATS_API_SCHEDULE","false","false","false","624133","Ranger Suarez","6","4.0","15","64","false","592332","Kevin Gausman","6","6.0","24","98","false","0","1"
"824810","2026-07-26","1:35 PM ET","Baltimore Orioles","Atlanta Braves","Oriole Park at Camden Yards","Final","true","R","MLB_STATS_API_SCHEDULE","false","false","false","669358","Shane Baz","2","4.1","19","90","false","625643","Reynaldo López","6","5.2","23","89","false","0","1"
"822705","2026-07-27","6:45 PM ET","Washington Nationals","Toronto Blue Jays","Nationals Park","Final","true","R","MLB_STATS_API_SCHEDULE","true","true","false","678868","Eddy Yean","0","2.1","10","20","false","453286","Max Scherzer","4","2.2","15","75","false","0","1"
"822868","2026-07-27","2:35 PM ET","Texas Rangers","Seattle Mariners","Globe Life Field","Final","true","R","MLB_STATS_API_SCHEDULE","true","true","false","677958","Kumar Rocker","7","6.2","25","88","false","669923","George Kirby","3","4.0","20","66","false","0","1"
"823025","2026-07-27","7:45 PM ET","St. Louis Cardinals","Chicago Cubs","Busch Stadium","Final","true","R","MLB_STATS_API_SCHEDULE","true","true","false","669461","Matthew Liberatore","5","3.2","19","67","false","656849","David Peterson","3","5.2","22","86","false","0","1"
"823195","2026-07-27","9:45 PM ET","San Francisco Giants","Milwaukee Brewers","Oracle Park","Final","true","R","MLB_STATS_API_SCHEDULE","true","true","false","641816","Tyler Mahle","3","6.0","20","88","false","687075","Brandon Sproat","5","6.0","25","97","false","0","1"
"823353","2026-07-27","6:40 PM ET","Pittsburgh Pirates","Arizona Diamondbacks","PNC Park","Final","true","R","MLB_STATS_API_SCHEDULE","true","true","false","656605","Mitch Keller","4","5.1","23","83","false","518876","Merrill Kelly","6","5.2","22","93","false","0","1"
"823597","2026-07-27","7:10 PM ET","New York Mets","Atlanta Braves","Citi Field","Final","true","R","MLB_STATS_API_SCHEDULE","true","true","false","804267","Zac Thornton","5","6.1","23","81","false","527048","Martín Pérez","4","5.0","24","87","false","0","1"
"823839","2026-07-27","6:40 PM ET","Miami Marlins","Philadelphia Phillies","loanDepot park","Final","true","R","MLB_STATS_API_SCHEDULE","true","true","false","663969","Tyler Phillips","5","5.0","20","76","false","554430","Zack Wheeler","6","3.0","16","68","false","0","1"
"824001","2026-07-27","9:38 PM ET","Los Angeles Angels","Houston Astros","Angel Stadium","Final","true","R","MLB_STATS_API_SCHEDULE","true","true","false","700712","Walbert Ureña","5","6.0","23","91","false","837227","Tatsuya Imai","1","0.2","7","33","false","0","1"
"824245","2026-07-27","6:40 PM ET","Detroit Tigers","Baltimore Orioles","Comerica Park","Final","true","R","MLB_STATS_API_SCHEDULE","true","true","false","672456","Keider Montero","1","4.1","24","80","false","680694","Kyle Bradish","4","4.2","24","93","false","0","1"
"824490","2026-07-27","7:10 PM ET","Cincinnati Reds","Cleveland Guardians","Great American Ball Park","Postponed","false","R","MLB_STATS_API_SCHEDULE","true","false","true","695505","Chase Burns","","","","","false","677944","Slade Cecconi","","","","","false","0","2"
"824570","2026-07-27","7:40 PM ET","Chicago White Sox","New York Yankees","Rate Field","Final","true","R","MLB_STATS_API_SCHEDULE","true","true","false","702273","Noah Schultz","5","3.1","14","72","false","608331","Max Fried","4","3.0","15","66","false","0","1"
"824977","2026-07-27","9:40 PM ET","Athletics","Boston Red Sox","Sutter Health Park","Final","true","R","MLB_STATS_API_SCHEDULE","true","true","false","678022","Jack Perkins","4","5.2","21","69","false","801139","Payton Tolle","7","5.1","22","90","false","0","1"
"822703","2026-07-28","6:45 PM ET","Washington Nationals","Toronto Blue Jays","Nationals Park","Final","true","R","MLB_STATS_API_SCHEDULE","false","false","false","676917","Cade Cavalli","3","6.0","25","98","false","669456","Shane Bieber","0","0.2","9","42","false","0","1"
"822949","2026-07-28","6:40 PM ET","Tampa Bay Rays","Texas Rangers","Tropicana Field","Final","true","R","MLB_STATS_API_SCHEDULE","false","false","false","643377","Griffin Jax","10","5.2","24","93","false","615698","Cal Quantrill","7","5.1","19","69","false","0","1"
"823026","2026-07-28","7:45 PM ET","St. Louis Cardinals","Chicago Cubs","Busch Stadium","Final","true","R","MLB_STATS_API_SCHEDULE","false","false","false","700241","Michael McGreevy","2","1.2","15","63","false","607067","Colin Rea","2","6.0","24","94","false","0","1"
"823193","2026-07-28","9:45 PM ET","San Francisco Giants","Milwaukee Brewers","Oracle Park","Final","true","R","MLB_STATS_API_SCHEDULE","false","false","false","694738","Landen Roupp","1","3.2","18","84","false","701656","Logan Henderson","7","5.2","21","93","false","0","1"
"823275","2026-07-28","9:40 PM ET","San Diego Padres","Colorado Rockies","Petco Park","Final","true","R","MLB_STATS_API_SCHEDULE","false","false","false","650633","Michael King","6","6.0","24","98","false","547179","Michael Lorenzen","2","4.0","20","93","false","0","1"
"823350","2026-07-28","6:40 PM ET","Pittsburgh Pirates","Arizona Diamondbacks","PNC Park","Final","true","R","MLB_STATS_API_SCHEDULE","false","false","false","696149","Bubba Chandler","3","4.0","21","91","false","694297","Brandon Pfaadt","4","7.0","28","101","false","0","1"
"823598","2026-07-28","7:10 PM ET","New York Mets","Atlanta Braves","Citi Field","Postponed","false","R","MLB_STATS_API_SCHEDULE","true","false","true","681035","Christian Scott","","","","","false","519242","Chris Sale","","","","","false","0","2"
"823676","2026-07-28","7:40 PM ET","Minnesota Twins","Kansas City Royals","Target Field","Final","true","R","MLB_STATS_API_SCHEDULE","false","false","false","671737","Taj Bradley","10","6.0","23","102","false","607625","Seth Lugo","2","6.0","24","84","false","0","1"
"823838","2026-07-28","6:40 PM ET","Miami Marlins","Philadelphia Phillies","loanDepot park","Final","true","R","MLB_STATS_API_SCHEDULE","false","false","false","645261","Sandy Alcantara","5","7.0","27","97","false","605400","Aaron Nola","4","5.2","23","93","false","0","1"
"823923","2026-07-28","10:10 PM ET","Los Angeles Dodgers","Seattle Mariners","UNIQLO Field at Dodger Stadium","Final","true","R","MLB_STATS_API_SCHEDULE","false","false","false","680736","Justin Wrobleski","7","6.0","25","102","false","622491","Luis Castillo","2","5.0","26","90","false","0","1"
"824003","2026-07-28","9:38 PM ET","Los Angeles Angels","Houston Astros","Angel Stadium","Final","true","R","MLB_STATS_API_SCHEDULE","false","false","false","672282","Reid Detmers","9","5.0","20","84","false","663567","Peter Lambert","6","5.0","24","90","false","0","1"
"824243","2026-07-28","6:40 PM ET","Detroit Tigers","Baltimore Orioles","Comerica Park","Final","true","R","MLB_STATS_API_SCHEDULE","false","false","false","675512","Troy Melton","5","7.0","24","92","false","665152","Dean Kremer","4","4.0","23","81","false","0","1"
"824489","2026-07-28","7:10 PM ET","Cincinnati Reds","Cleveland Guardians","Great American Ball Park","Final","true","R","MLB_STATS_API_SCHEDULE","false","false","false","657571","Caleb Ferguson","1","1.2","7","27","false","668909","Gavin Williams","12","7.0","24","101","false","0","1"
"824569","2026-07-28","7:40 PM ET","Chicago White Sox","New York Yankees","Rate Field","Final","true","R","MLB_STATS_API_SCHEDULE","false","false","false","641743","Anthony Kay","7","5.1","23","97","false","543037","Gerrit Cole","7","6.0","24","99","false","0","1"
"824976","2026-07-28","9:40 PM ET","Athletics","Boston Red Sox","Sutter Health Park","Final","true","R","MLB_STATS_API_SCHEDULE","false","false","false","695611","Gage Jump","7","6.0","22","90","false","687562","Jake Bennett","4","6.1","27","88","false","0","1"
"822702","2026-07-29","1:05 PM ET","Washington Nationals","Toronto Blue Jays","Nationals Park","Final","true","R","MLB_STATS_API_SCHEDULE","true","true","false","641793","Zack Littell","2","4.2","20","81","true","702056","Trey Yesavage","4","6.2","26","97","false","1","1"
"822947","2026-07-29","6:40 PM ET","Tampa Bay Rays","Texas Rangers","Tropicana Field","Final","true","R","MLB_STATS_API_SCHEDULE","true","true","false","668984","Casey Legumina","0","1.2","6","24","false","669022","MacKenzie Gore","9","7.0","25","95","false","0","1"
"823022","2026-07-29","7:45 PM ET","St. Louis Cardinals","Chicago Cubs","Busch Stadium","Final","true","R","MLB_STATS_API_SCHEDULE","true","true","false","669160","Dustin May","3","5.0","18","70","false","571510","Matthew Boyd","5","7.0","28","89","false","0","1"
"823192","2026-07-29","3:45 PM ET","San Francisco Giants","Milwaukee Brewers","Oracle Park","Final","true","R","MLB_STATS_API_SCHEDULE","true","true","false","657277","Logan Webb","4","6.0","23","96","true","623381","Thomas Pannone","2","3.0","14","56","false","1","1"
"823273","2026-07-29","4:10 PM ET","San Diego Padres","Colorado Rockies","Petco Park","Final","true","R","MLB_STATS_API_SCHEDULE","true","true","false","606996","Kyle Hart","3","2.2","11","37","false","687312","Gabriel Hughes","2","5.0","22","76","false","0","1"
"823351","2026-07-29","12:35 PM ET","Pittsburgh Pirates","Arizona Diamondbacks","PNC Park","Final","true","R","MLB_STATS_API_SCHEDULE","true","true","false","683003","Jared Jones","5","6.0","24","77","true","593958","Eduardo Rodriguez","2","8.0","28","105","false","1","1"
"823596","2026-07-29","1:10 PM ET","New York Mets","Atlanta Braves","Citi Field","Final","true","R","MLB_STATS_API_SCHEDULE","true","true","false","640455","Sean Manaea","4","6.0","24","89","true","700363","AJ Smith-Shawver","4","4.1","19","69","false","1","1"
"823677","2026-07-29","7:40 PM ET","Minnesota Twins","Kansas City Royals","Target Field","Final","true","R","MLB_STATS_API_SCHEDULE","true","true","false","657746","Joe Ryan","4","6.0","26","93","false","677976","Randy Dobnak","4","7.0","26","101","false","0","1"
"823837","2026-07-29","12:10 PM ET","Miami Marlins","Philadelphia Phillies","loanDepot park","Final","true","R","MLB_STATS_API_SCHEDULE","true","true","false","687473","Ryan Gusto","3","5.0","24","79","true","666200","Jesús Luzardo","5","6.1","28","100","false","1","1"
"823924","2026-07-29","10:10 PM ET","Los Angeles Dodgers","Seattle Mariners","UNIQLO Field at Dodger Stadium","Final","true","R","MLB_STATS_API_SCHEDULE","true","true","false","641778","Eric Lauer","4","6.0","20","87","false","676106","Emerson Hancock","5","5.0","24","92","false","0","1"
"824002","2026-07-29","9:38 PM ET","Los Angeles Angels","Houston Astros","Angel Stadium","Final","true","R","MLB_STATS_API_SCHEDULE","true","true","false","680570","Grayson Rodriguez","6","5.0","22","98","false","669713","Hayden Wesneski","4","5.2","25","79","false","0","1"
"824242","2026-07-29","1:10 PM ET","Detroit Tigers","Baltimore Orioles","Comerica Park","Final","true","R","MLB_STATS_API_SCHEDULE","true","true","false","669373","Tarik Skubal","6","6.2","25","92","false","669432","Trevor Rogers","6","6.0","28","94","false","0","1"
"824487","2026-07-29","7:10 PM ET","Cincinnati Reds","Cleveland Guardians","Great American Ball Park","Final","true","R","MLB_STATS_API_SCHEDULE","true","true","false","663903","Brady Singer","3","4.1","25","100","false","676282","Joey Cantillo","8","4.0","17","89","false","0","1"
"824567","2026-07-29","7:40 PM ET","Chicago White Sox","New York Yankees","Rate Field","Final","true","R","MLB_STATS_API_SCHEDULE","true","true","false","663436","Davis Martin","6","6.0","25","106","false","693645","Cam Schlittler","8","6.1","23","93","false","0","1"
"824973","2026-07-29","9:40 PM ET","Athletics","Boston Red Sox","Sutter Health Park","Final","true","R","MLB_STATS_API_SCHEDULE","true","true","false","682052","Jacob Lopez","8","5.1","24","97","false","663776","Patrick Sandoval","7","5.0","22","92","false","0","1"
"822946","2026-07-30","12:10 PM ET","Tampa Bay Rays","Texas Rangers","Tropicana Field","Final","true","R","MLB_STATS_API_SCHEDULE","false","false","false","663556","Shane McClanahan","3","3.0","12","49","false","668390","Cole Winn","0","1.0","3","12","false","0","1"
"823023","2026-07-30","2:15 PM ET","St. Louis Cardinals","Chicago Cubs","Busch Stadium","Final","true","R","MLB_STATS_API_SCHEDULE","false","false","false","669467","Andre Pallante","3","6.1","27","90","false","665871","Javier Assad","6","4.1","20","83","false","0","1"
"823271","2026-07-30","9:40 PM ET","San Diego Padres","San Francisco Giants","Petco Park","Final","true","R","MLB_STATS_API_SCHEDULE","false","false","false","676664","JP Sears","2","3.2","20","67","false","592662","Robbie Ray","6","6.0","22","86","false","0","1"
"823595","2026-07-30","7:10 PM ET","New York Mets","Miami Marlins","Citi Field","Final","true","R","MLB_STATS_API_SCHEDULE","false","false","false","690997","Nolan McLean","6","6.1","26","99","false","691587","Eury Pérez","6","6.0","24","97","false","0","1"
"823674","2026-07-30","1:40 PM ET","Minnesota Twins","Kansas City Royals","Target Field","Final","true","R","MLB_STATS_API_SCHEDULE","false","false","false","641927","Bailey Ober","3","6.0","24","79","false","702070","Noah Cameron","7","8.0","26","97","false","0","1"
"823921","2026-07-30","10:10 PM ET","Los Angeles Dodgers","Seattle Mariners","UNIQLO Field at Dodger Stadium","Final","true","R","MLB_STATS_API_SCHEDULE","false","false","false","808963","Roki Sasaki","7","5.1","24","90","false","693433","Bryan Woo","8","5.0","22","91","false","0","1"
"824488","2026-07-30","7:10 PM ET","Cincinnati Reds","Pittsburgh Pirates","Great American Ball Park","Final","true","R","MLB_STATS_API_SCHEDULE","false","false","false","695076","Rhett Lowder","5","6.0","23","90","false","670990","Yohan Ramírez","4","2.0","8","39","false","0","1"
"824568","2026-07-30","2:10 PM ET","Chicago White Sox","New York Yankees","Rate Field","Final","true","R","MLB_STATS_API_SCHEDULE","false","false","false","680732","Sean Burke","10","6.0","23","91","false","677960","Ryan Weathers","4","7.0","26","106","false","0","1"
"824894","2026-07-30","7:15 PM ET","Atlanta Braves","Washington Nationals","Truist Park","Final","true","R","MLB_STATS_API_SCHEDULE","false","false","false","656550","Grant Holmes","4","4.2","21","69","false","663623","Jake Irvin","1","5.0","20","61","false","0","1"
"824974","2026-07-30","9:40 PM ET","Athletics","Boston Red Sox","Sutter Health Park","Final","true","R","MLB_STATS_API_SCHEDULE","false","false","false","686930","Mason Barnett","6","5.0","21","73","false","543243","Sonny Gray","5","7.0","30","97","false","0","1"
"822782","2026-07-31","7:07 PM ET","Toronto Blue Jays","St. Louis Cardinals","Rogers Centre","Final","true","R","MLB_STATS_API_SCHEDULE","false","false","false","656302","Dylan Cease","7","6.0","24","96","false","681517","Kyle Leahy","3","6.0","24","98","false","0","1"
"822945","2026-07-31","7:10 PM ET","Tampa Bay Rays","Chicago White Sox","Tropicana Field","Final","true","R","MLB_STATS_API_SCHEDULE","false","false","false","607259","Nick Martinez","2","6.0","24","77","false","607200","Erick Fedde","6","5.0","19","91","false","0","1"
"823111","2026-07-31","10:10 PM ET","Seattle Mariners","Minnesota Twins","T-Mobile Park","Final","true","R","MLB_STATS_API_SCHEDULE","false","false","false","682243","Bryce Miller","3","5.1","20","87","false","805673","Zebby Matthews","10","5.0","22","101","false","0","1"
"823272","2026-07-31","9:45 PM ET","San Diego Padres","San Francisco Giants","Petco Park","Final","true","R","MLB_STATS_API_SCHEDULE","false","false","false","699134","Bradgley Rodriguez","2","1.0","3","13","false","687931","Carson Whisenhunt","3","3.1","20","74","false","0","1"
"823593","2026-07-31","7:10 PM ET","New York Mets","Miami Marlins","Citi Field","Final","true","R","MLB_STATS_API_SCHEDULE","false","false","false","673540","Kodai Senga","4","4.0","16","49","false","676083","Janson Junk","4","5.0","21","79","false","0","1"
"823922","2026-07-31","10:10 PM ET","Los Angeles Dodgers","Boston Red Sox","UNIQLO Field at Dodger Stadium","Final","true","R","MLB_STATS_API_SCHEDULE","false","false","false","683618","Edgardo Henriquez","1","1.0","4","21","false","624133","Ranger Suarez","2","4.2","18","65","false","0","1"
"823999","2026-07-31","9:38 PM ET","Los Angeles Angels","Milwaukee Brewers","Angel Stadium","Final","true","R","MLB_STATS_API_SCHEDULE","false","false","false","696270","Ryan Johnson","3","4.1","22","88","false","675660","Shane Drohan","7","6.0","22","86","false","0","1"
"824164","2026-07-31","8:15 PM ET","Houston Astros","Texas Rangers","Daikin Park","Final","true","R","MLB_STATS_API_SCHEDULE","false","false","false","686613","Hunter Brown","5","5.2","23","104","false","543135","Nathan Eovaldi","5","5.0","26","94","false","0","1"
"824325","2026-07-31","8:40 PM ET","Colorado Rockies","Kansas City Royals","Coors Field","Final","true","R","MLB_STATS_API_SCHEDULE","false","false","false","608372","Tomoyuki Sugano","2","6.2","24","83","false","608379","Michael Wacha","7","6.0","25","99","false","0","1"
"824407","2026-07-31","7:10 PM ET","Cleveland Guardians","Arizona Diamondbacks","Progressive Field","Final","true","R","MLB_STATS_API_SCHEDULE","false","false","false","676440","Tanner Bibee","3","7.1","27","100","false","683352","Mitch Bratt","2","5.0","21","82","false","0","1"
"824486","2026-07-31","6:10 PM ET","Cincinnati Reds","Pittsburgh Pirates","Great American Ball Park","Final","true","R","MLB_STATS_API_SCHEDULE","false","false","false","668881","Hunter Greene","4","6.0","27","91","false","694973","Paul Skenes","7","4.0","22","100","false","0","1"
"824651","2026-07-31","2:20 PM ET","Chicago Cubs","New York Yankees","Wrigley Field","Final","true","R","MLB_STATS_API_SCHEDULE","false","false","false","684007","Shota Imanaga","6","6.2","23","101","false","701542","Will Warren","7","6.2","23","88","false","0","1"
"824809","2026-07-31","7:05 PM ET","Baltimore Orioles","Philadelphia Phillies","Oriole Park at Camden Yards","Final","true","R","MLB_STATS_API_SCHEDULE","false","false","false","687064","Brandon Young","5","5.2","24","94","false","691725","Andrew Painter","6","6.0","23","82","false","0","1"
"824892","2026-07-31","7:15 PM ET","Atlanta Braves","Washington Nationals","Truist Park","Final","true","R","MLB_STATS_API_SCHEDULE","false","false","false","693821","Bryce Elder","3","6.0","25","93","false","656492","Foster Griffin","3","5.1","25","78","false","0","1"
"824975","2026-07-31","9:40 PM ET","Athletics","Detroit Tigers","Sutter Health Park","Final","true","R","MLB_STATS_API_SCHEDULE","false","false","false","605488","Jeffrey Springs","2","4.0","20","86","false","663947","Tyler Holton","1","2.0","8","24","false","0","1"
"822781","2026-08-01","3:07 PM ET","Toronto Blue Jays","St. Louis Cardinals","Rogers Centre","Final","true","R","MLB_STATS_API_SCHEDULE","false","false","false","592332","Kevin Gausman","4","5.2","25","94","false","687273","Quinn Mathews","3","5.0","24","97","false","0","1"
"822944","2026-08-01","4:10 PM ET","Tampa Bay Rays","Chicago White Sox","Tropicana Field","Final","true","R","MLB_STATS_API_SCHEDULE","false","false","false","656876","Drew Rasmussen","10","6.0","22","96","false","663855","Jordan Hicks","1","1.0","3","8","false","0","1"
"823109","2026-08-01","4:10 PM ET","Seattle Mariners","Minnesota Twins","T-Mobile Park","Final","true","R","MLB_STATS_API_SCHEDULE","false","false","false","669302","Logan Gilbert","6","7.0","26","96","false","687570","Connor Prielipp","5","5.1","24","88","false","0","1"
"823269","2026-08-01","8:40 PM ET","San Diego Padres","San Francisco Giants","Petco Park","Final","true","R","MLB_STATS_API_SCHEDULE","false","false","false","621111","Walker Buehler","1","4.1","21","79","false","641816","Tyler Mahle","9","5.2","25","99","false","0","1"
"823594","2026-08-01","4:10 PM ET","New York Mets","Miami Marlins","Citi Field","Final","true","R","MLB_STATS_API_SCHEDULE","false","false","false","804267","Zac Thornton","2","4.2","24","94","false","663969","Tyler Phillips","3","5.0","21","65","false","0","1"
"823920","2026-08-01","9:10 PM ET","Los Angeles Dodgers","Boston Red Sox","UNIQLO Field at Dodger Stadium","Final","true","R","MLB_STATS_API_SCHEDULE","false","false","false","808967","Yoshinobu Yamamoto","3","8.0","28","96","false","801139","Payton Tolle","7","6.0","26","88","false","0","1"
"824000","2026-08-01","9:38 PM ET","Los Angeles Angels","Milwaukee Brewers","Angel Stadium","Final","true","R","MLB_STATS_API_SCHEDULE","false","false","false","608718","Brent Suter","1","2.0","9","41","false","688107","Robert Gasser","6","5.0","21","76","false","0","1"
"824162","2026-08-01","7:10 PM ET","Houston Astros","Texas Rangers","Daikin Park","Final","true","R","MLB_STATS_API_SCHEDULE","false","false","false","669854","Ronel Blanco","4","4.2","21","82","false","594798","Jacob deGrom","3","3.1","22","91","false","0","1"
"824326","2026-08-01","8:10 PM ET","Colorado Rockies","Kansas City Royals","Coors Field","Final","true","R","MLB_STATS_API_SCHEDULE","false","false","false","663372","Ryan Feltner","3","6.0","26","87","false","679883","Luinder Avila","2","2.2","15","60","false","0","1"
"824405","2026-08-01","7:15 PM ET","Cleveland Guardians","Arizona Diamondbacks","Progressive Field","Final","true","R","MLB_STATS_API_SCHEDULE","false","false","false","800048","Parker Messick","6","4.1","20","91","false","684442","Kohl Drake","6","4.0","19","94","false","0","1"
"824485","2026-08-01","6:40 PM ET","Cincinnati Reds","Pittsburgh Pirates","Great American Ball Park","Final","true","R","MLB_STATS_API_SCHEDULE","false","false","false","671096","Andrew Abbott","1","5.0","23","98","false","677952","Braxton Ashcraft","5","5.0","19","69","false","0","1"
"824649","2026-08-01","7:15 PM ET","Chicago Cubs","New York Yankees","Wrigley Field","Final","true","R","MLB_STATS_API_SCHEDULE","false","false","false","656849","David Peterson","8","6.1","25","97","false","608331","Max Fried","7","5.1","19","78","false","0","1"
"824808","2026-08-01","7:05 PM ET","Baltimore Orioles","Philadelphia Phillies","Oriole Park at Camden Yards","Final","true","R","MLB_STATS_API_SCHEDULE","false","false","false","669358","Shane Baz","4","6.1","25","99","false","650911","Cristopher Sánchez","11","6.0","25","99","false","0","1"
"824890","2026-08-01","7:15 PM ET","Atlanta Braves","Washington Nationals","Truist Park","Final","true","R","MLB_STATS_API_SCHEDULE","false","false","false","527048","Martín Pérez","6","7.0","25","78","false","571945","Miles Mikolas","3","6.0","27","94","false","0","1"
"824972","2026-08-01","9:40 PM ET","Athletics","Detroit Tigers","Sutter Health Park","Final","true","R","MLB_STATS_API_SCHEDULE","false","false","false","678022","Jack Perkins","9","5.1","26","91","false","664285","Framber Valdez","6","7.0","30","96","false","0","1"
"822783","2026-08-02","1:37 PM ET","Toronto Blue Jays","St. Louis Cardinals","Rogers Centre","Final","true","R","MLB_STATS_API_SCHEDULE","false","false","false","453286","Max Scherzer","5","6.0","23","84","false","669461","Matthew Liberatore","7","6.0","20","85","false","0","1"
"822943","2026-08-02","1:40 PM ET","Tampa Bay Rays","Chicago White Sox","Tropicana Field","Final","true","R","MLB_STATS_API_SCHEDULE","false","false","false","643377","Griffin Jax","8","5.0","21","82","false","641743","Anthony Kay","3","6.1","27","89","false","0","1"
"823107","2026-08-02","4:10 PM ET","Seattle Mariners","Minnesota Twins","T-Mobile Park","Final","true","R","MLB_STATS_API_SCHEDULE","false","false","false","669923","George Kirby","3","7.0","26","94","false","671737","Taj Bradley","2","6.0","29","94","false","0","1"
"823270","2026-08-02","4:10 PM ET","San Diego Padres","San Francisco Giants","Petco Park","Final","true","R","MLB_STATS_API_SCHEDULE","false","false","false","606996","Kyle Hart","2","3.0","10","43","false","694738","Landen Roupp","6","4.2","24","99","false","0","1"
"823592","2026-08-02","1:40 PM ET","New York Mets","Miami Marlins","Citi Field","Final","true","R","MLB_STATS_API_SCHEDULE","false","false","false","476594","Robert Stock","4","5.0","18","70","false","645261","Sandy Alcantara","5","6.0","24","102","false","0","1"
"823919","2026-08-02","7:20 PM ET","Los Angeles Dodgers","Boston Red Sox","UNIQLO Field at Dodger Stadium","Final","true","R","MLB_STATS_API_SCHEDULE","false","false","false","686218","Emmet Sheehan","4","2.2","16","58","false","687562","Jake Bennett","4","5.2","24","88","false","0","1"
"823996","2026-08-02","3:15 PM ET","Los Angeles Angels","Milwaukee Brewers","Angel Stadium","Final","true","R","MLB_STATS_API_SCHEDULE","false","false","false","700712","Walbert Ureña","7","6.0","22","90","false","694819","Jacob Misiorowski","10","7.0","24","83","false","0","1"
"824163","2026-08-02","2:10 PM ET","Houston Astros","Texas Rangers","Daikin Park","Final","true","R","MLB_STATS_API_SCHEDULE","false","false","false","663567","Peter Lambert","8","5.2","20","83","false","677958","Kumar Rocker","5","5.1","27","88","false","0","1"
"824323","2026-08-02","3:10 PM ET","Colorado Rockies","Kansas City Royals","Coors Field","Final","true","R","MLB_STATS_API_SCHEDULE","false","false","false","607536","Kyle Freeland","8","9.0","34","115","false","607625","Seth Lugo","3","5.0","25","99","false","0","1"
"824404","2026-08-02","1:40 PM ET","Cleveland Guardians","Arizona Diamondbacks","Progressive Field","Final","true","R","MLB_STATS_API_SCHEDULE","false","false","false","668909","Gavin Williams","10","5.2","19","89","false","518876","Merrill Kelly","5","5.0","25","96","false","0","1"
"824483","2026-08-02","1:40 PM ET","Cincinnati Reds","Pittsburgh Pirates","Great American Ball Park","Final","true","R","MLB_STATS_API_SCHEDULE","false","false","false","695505","Chase Burns","9","6.0","22","88","false","656605","Mitch Keller","2","2.0","16","69","false","0","1"
"824648","2026-08-02","2:20 PM ET","Chicago Cubs","New York Yankees","Wrigley Field","Final","true","R","MLB_STATS_API_SCHEDULE","false","false","false","607067","Colin Rea","7","6.0","23","87","false","543037","Gerrit Cole","5","5.2","23","99","false","0","1"
"824807","2026-08-02","1:35 PM ET","Baltimore Orioles","Philadelphia Phillies","Oriole Park at Camden Yards","Completed Early","true","R","MLB_STATS_API_SCHEDULE","false","false","false","680694","Kyle Bradish","3","3.0","12","53","false","554430","Zack Wheeler","3","2.0","7","32","false","0","1"
"824891","2026-08-02","1:35 PM ET","Atlanta Braves","Washington Nationals","Truist Park","Final","true","R","MLB_STATS_API_SCHEDULE","false","false","false","702275","JR Ritchie","4","4.0","20","81","false","676917","Cade Cavalli","3","6.0","23","90","false","0","1"
"824971","2026-08-02","4:05 PM ET","Athletics","Detroit Tigers","Sutter Health Park","Final","true","R","MLB_STATS_API_SCHEDULE","false","false","false","695611","Gage Jump","5","3.2","21","88","false","672456","Keider Montero","2","6.0","22","86","false","0","1"
"822867","2026-08-03","8:05 PM ET","Texas Rangers","San Francisco Giants","Globe Life Field","Final","true","R","MLB_STATS_API_SCHEDULE","false","false","false","615698","Cal Quantrill","4","6.0","24","87","false","657277","Logan Webb","8","6.0","24","96","false","0","1"
"823431","2026-08-03","6:40 PM ET","Philadelphia Phillies","Washington Nationals","Citizens Bank Park","Final","true","R","MLB_STATS_API_SCHEDULE","false","false","false","605400","Aaron Nola","5","6.0","24","97","false","674841","Andrew Alvarez","5","6.1","24","81","false","0","1"
"823520","2026-08-03","7:05 PM ET","New York Yankees","St. Louis Cardinals","Yankee Stadium","Final","true","R","MLB_STATS_API_SCHEDULE","false","false","false","693645","Cam Schlittler","6","3.0","17","83","false","700241","Michael McGreevy","5","4.1","18","91","false","0","1"
"823757","2026-08-03","7:40 PM ET","Milwaukee Brewers","Pittsburgh Pirates","American Family Field","Final","true","R","MLB_STATS_API_SCHEDULE","false","false","false","687075","Brandon Sproat","4","3.0","16","64","false","696149","Bubba Chandler","5","5.2","24","96","false","0","1"
"824160","2026-08-03","8:10 PM ET","Houston Astros","Toronto Blue Jays","Daikin Park","Final","true","R","MLB_STATS_API_SCHEDULE","false","false","false","664299","Cristian Javier","2","6.0","24","85","false","669456","Shane Bieber","6","5.2","28","87","false","0","1"
"824324","2026-08-03","8:40 PM ET","Colorado Rockies","Tampa Bay Rays","Coors Field","Final","true","R","MLB_STATS_API_SCHEDULE","false","false","false","547179","Michael Lorenzen","0","3.0","18","75","false","693855","Ian Seymour","9","6.0","25","90","false","0","1"
"824647","2026-08-03","8:05 PM ET","Chicago Cubs","Los Angeles Dodgers","Wrigley Field","Final","true","R","MLB_STATS_API_SCHEDULE","false","false","false","571510","Matthew Boyd","3","6.2","28","92","false","680736","Justin Wrobleski","4","4.1","23","91","false","0","1"
"825095","2026-08-03","9:40 PM ET","Arizona Diamondbacks","San Diego Padres","Chase Field","Final","true","R","MLB_STATS_API_SCHEDULE","false","false","false","694297","Brandon Pfaadt","3","6.2","25","90","false","650633","Michael King","5","5.0","23","104","false","0","1"
"822865","2026-08-04","8:05 PM ET","Texas Rangers","San Francisco Giants","Globe Life Field","Final","true","R","MLB_STATS_API_SCHEDULE","false","false","false","669022","MacKenzie Gore","4","6.0","24","99","false","694918","Blade Tidwell","3","5.0","22","100","false","0","1"
"823108","2026-08-04","9:40 PM ET","Seattle Mariners","Detroit Tigers","T-Mobile Park","Final","true","R","MLB_STATS_API_SCHEDULE","false","false","false","676106","Emerson Hancock","6","6.0","27","94","false","675512","Troy Melton","4","7.0","25","97","false","0","1"
"823432","2026-08-04","6:40 PM ET","Philadelphia Phillies","Washington Nationals","Citizens Bank Park","Final","true","R","MLB_STATS_API_SCHEDULE","false","false","false","666200","Jesús Luzardo","7","8.0","29","98","false","687223","Carson Palmquist","0","0.1","4","16","false","0","1"
"823517","2026-08-04","7:05 PM ET","New York Yankees","St. Louis Cardinals","Yankee Stadium","Final","true","R","MLB_STATS_API_SCHEDULE","false","false","false","677960","Ryan Weathers","6","6.0","21","88","false","690928","Hunter Dobbins","4","6.1","26","92","false","0","1"
"823756","2026-08-04","7:40 PM ET","Milwaukee Brewers","Pittsburgh Pirates","American Family Field","Final","true","R","MLB_STATS_API_SCHEDULE","false","false","false","701656","Logan Henderson","8","6.0","23","83","false","683003","Jared Jones","4","4.0","21","83","false","0","1"
"824084","2026-08-04","7:40 PM ET","Kansas City Royals","Minnesota Twins","Kauffman Stadium","Final","true","R","MLB_STATS_API_SCHEDULE","false","false","false","677976","Randy Dobnak","1","5.0","21","90","false","657746","Joe Ryan","3","5.1","25","99","false","0","1"
"824161","2026-08-04","8:10 PM ET","Houston Astros","Toronto Blue Jays","Daikin Park","Final","true","R","MLB_STATS_API_SCHEDULE","false","false","false","669713","Hayden Wesneski","4","6.0","23","78","false","702056","Trey Yesavage","0","2.0","7","27","false","0","1"
"824321","2026-08-04","8:40 PM ET","Colorado Rockies","Tampa Bay Rays","Coors Field","Final","true","R","MLB_STATS_API_SCHEDULE","false","false","false","687312","Gabriel Hughes","7","5.1","22","77","false","642547","Freddy Peralta","3","3.2","19","71","false","0","1"
"824403","2026-08-04","6:40 PM ET","Cleveland Guardians","New York Mets","Progressive Field","Final","true","R","MLB_STATS_API_SCHEDULE","false","false","false","676282","Joey Cantillo","5","5.0","24","81","false","640455","Sean Manaea","7","6.0","28","100","false","0","1"
"824484","2026-08-04","6:40 PM ET","Cincinnati Reds","Athletics","Great American Ball Park","Final","true","R","MLB_STATS_API_SCHEDULE","false","false","false","663903","Brady Singer","6","6.0","24","101","false","669372","J.T. Ginn","5","6.0","24","91","false","0","1"
"824645","2026-08-04","8:05 PM ET","Chicago Cubs","Los Angeles Dodgers","Wrigley Field","Final","true","R","MLB_STATS_API_SCHEDULE","false","false","false","665871","Javier Assad","3","5.2","21","88","false","669373","Tarik Skubal","6","6.0","24","85","false","0","1"
"824731","2026-08-04","7:10 PM ET","Boston Red Sox","Chicago White Sox","Fenway Park","Final","true","R","MLB_STATS_API_SCHEDULE","false","false","false","663776","Patrick Sandoval","5","5.0","23","89","false","663436","Davis Martin","1","5.0","25","91","false","0","1"
"824805","2026-08-04","6:35 PM ET","Baltimore Orioles","Los Angeles Angels","Oriole Park at Camden Yards","Final","true","R","MLB_STATS_API_SCHEDULE","false","false","false","700249","Cade Povich","7","6.0","23","88","false","680570","Grayson Rodriguez","6","7.0","26","98","false","0","1"
"824888","2026-08-04","7:15 PM ET","Atlanta Braves","Miami Marlins","Truist Park","Final","true","R","MLB_STATS_API_SCHEDULE","false","false","false","656550","Grant Holmes","5","6.0","23","72","false","687473","Ryan Gusto","5","6.0","23","83","false","0","1"
"825054","2026-08-04","9:40 PM ET","Arizona Diamondbacks","San Diego Padres","Chase Field","Final","true","R","MLB_STATS_API_SCHEDULE","false","false","false","593958","Eduardo Rodriguez","","","","","false","681190","Randy Vásquez","","","","","false","0","1"
"822866","2026-08-05","2:35 PM ET","Texas Rangers","San Francisco Giants","Globe Life Field","Final","true","R","MLB_STATS_API_SCHEDULE","false","false","false","674003","Cody Bradford","5","4.1","20","70","false","687931","Carson Whisenhunt","4","3.1","18","70","false","0","1"
"823106","2026-08-05","9:40 PM ET","Seattle Mariners","Detroit Tigers","T-Mobile Park","Final","true","R","MLB_STATS_API_SCHEDULE","false","false","false","693433","Bryan Woo","5","7.0","26","91","false","623454","Drew Anderson","0","3.2","13","42","false","0","1"
"823429","2026-08-05","6:40 PM ET","Philadelphia Phillies","Washington Nationals","Citizens Bank Park","Final","true","R","MLB_STATS_API_SCHEDULE","false","false","false","691725","Andrew Painter","4","4.0","17","63","false","663623","Jake Irvin","3","5.1","20","83","false","0","1"
"823516","2026-08-05","7:05 PM ET","New York Yankees","St. Louis Cardinals","Yankee Stadium","Final","true","R","MLB_STATS_API_SCHEDULE","false","false","false","701542","Will Warren","5","5.1","23","91","false","669467","Andre Pallante","4","5.1","21","103","false","0","1"
"823753","2026-08-05","7:40 PM ET","Milwaukee Brewers","Pittsburgh Pirates","American Family Field","Final","true","R","MLB_STATS_API_SCHEDULE","false","false","false","690986","Kyle Harrison","10","5.0","16","69","false","694973","Paul Skenes","6","5.0","20","93","false","0","1"
"824082","2026-08-05","7:40 PM ET","Kansas City Royals","Minnesota Twins","Kauffman Stadium","Final","true","R","MLB_STATS_API_SCHEDULE","false","false","false","702070","Noah Cameron","9","8.0","28","106","false","665152","Dean Kremer","2","5.0","19","88","false","0","1"
"824158","2026-08-05","2:10 PM ET","Houston Astros","Toronto Blue Jays","Daikin Park","Final","true","R","MLB_STATS_API_SCHEDULE","false","false","false","686613","Hunter Brown","8","6.0","23","93","false","592791","Jameson Taillon","4","4.0","20","80","false","0","1"
"824322","2026-08-05","3:10 PM ET","Colorado Rockies","Tampa Bay Rays","Coors Field","Final","true","R","MLB_STATS_API_SCHEDULE","false","false","false","608372","Tomoyuki Sugano","3","5.0","22","85","false","607259","Nick Martinez","4","5.2","22","75","false","0","1"
"824402","2026-08-05","6:40 PM ET","Cleveland Guardians","New York Mets","Progressive Field","Final","true","R","MLB_STATS_API_SCHEDULE","false","false","false","676440","Tanner Bibee","10","5.2","22","98","false","681035","Christian Scott","7","5.0","24","96","false","0","1"
"824482","2026-08-05","6:40 PM ET","Cincinnati Reds","Athletics","Great American Ball Park","Final","true","R","MLB_STATS_API_SCHEDULE","false","false","false","695076","Rhett Lowder","3","6.0","24","95","false","682052","Jacob Lopez","9","5.0","19","87","false","0","1"
"824646","2026-08-05","2:20 PM ET","Chicago Cubs","Los Angeles Dodgers","Wrigley Field","Final","true","R","MLB_STATS_API_SCHEDULE","false","false","false","684007","Shota Imanaga","6","5.0","23","89","false","641778","Eric Lauer","1","4.0","23","95","false","0","1"
"824728","2026-08-05","7:10 PM ET","Boston Red Sox","Chicago White Sox","Fenway Park","Final","true","R","MLB_STATS_API_SCHEDULE","false","false","false","543243","Sonny Gray","8","6.0","23","83","false","680732","Sean Burke","4","4.1","20","91","false","0","1"
"824806","2026-08-05","6:35 PM ET","Baltimore Orioles","Los Angeles Angels","Oriole Park at Camden Yards","Final","true","R","MLB_STATS_API_SCHEDULE","false","false","false","669432","Trevor Rogers","9","6.0","21","93","false","672282","Reid Detmers","5","4.0","17","81","false","0","1"
"824889","2026-08-05","7:15 PM ET","Atlanta Braves","Miami Marlins","Truist Park","Final","true","R","MLB_STATS_API_SCHEDULE","false","false","false","693821","Bryce Elder","3","7.0","25","84","false","691587","Eury Pérez","9","5.0","24","91","false","0","1"
"825052","2026-08-05","9:40 PM ET","Arizona Diamondbacks","San Diego Padres","Chase Field","Final","true","R","MLB_STATS_API_SCHEDULE","false","false","false","683352","Mitch Bratt","9","7.0","24","92","false","663554","Casey Mize","1","3.1","22","77","false","0","1"
"823105","2026-08-06","4:10 PM ET","Seattle Mariners","Detroit Tigers","T-Mobile Park","Final","true","R","MLB_STATS_API_SCHEDULE","false","false","false","682243","Bryce Miller","5","5.0","22","93","false","664285","Framber Valdez","5","7.0","25","95","false","0","1"
"823430","2026-08-06","6:05 PM ET","Philadelphia Phillies","Washington Nationals","Citizens Bank Park","Final","true","R","MLB_STATS_API_SCHEDULE","false","false","false","650911","Cristopher Sánchez","6","5.0","23","98","false","571945","Miles Mikolas","1","5.0","25","93","false","0","1"
"823754","2026-08-06","2:10 PM ET","Milwaukee Brewers","Pittsburgh Pirates","American Family Field","Final","true","R","MLB_STATS_API_SCHEDULE","false","false","false","669160","Dustin May","5","6.0","23","97","false","677952","Braxton Ashcraft","5","5.0","20","82","false","0","1"
"824080","2026-08-06","7:40 PM ET","Kansas City Royals","Minnesota Twins","Kauffman Stadium","Final","true","R","MLB_STATS_API_SCHEDULE","false","false","false","608379","Michael Wacha","1","5.2","22","94","false","641927","Bailey Ober","0","6.0","23","74","false","0","1"
"824401","2026-08-06","1:10 PM ET","Cleveland Guardians","New York Mets","Progressive Field","Final","true","R","MLB_STATS_API_SCHEDULE","false","false","false","656492","Foster Griffin","6","4.0","21","88","false","690997","Nolan McLean","8","5.0","26","94","false","0","1"
"824481","2026-08-06","12:40 PM ET","Cincinnati Reds","Athletics","Great American Ball Park","Final","true","R","MLB_STATS_API_SCHEDULE","false","false","false","671096","Andrew Abbott","4","6.2","27","88","false","686930","Mason Barnett","7","4.1","21","82","false","0","1"
"824729","2026-08-06","7:10 PM ET","Boston Red Sox","Chicago White Sox","Fenway Park","Final","true","R","MLB_STATS_API_SCHEDULE","false","false","false","624133","Ranger Suarez","3","3.0","15","70","false","622491","Luis Castillo","5","4.0","18","71","false","0","1"
"824804","2026-08-06","12:35 PM ET","Baltimore Orioles","Los Angeles Angels","Oriole Park at Camden Yards","Final","true","R","MLB_STATS_API_SCHEDULE","false","false","false","687064","Brandon Young","4","4.1","20","98","false","696270","Ryan Johnson","1","4.2","20","78","false","0","1"
"824885","2026-08-06","7:15 PM ET","Atlanta Braves","Miami Marlins","Truist Park","Final","true","R","MLB_STATS_API_SCHEDULE","false","false","false","527048","Martín Pérez","3","3.0","9","35","false","676083","Janson Junk","1","3.0","13","47","false","0","1"
"825053","2026-08-06","9:40 PM ET","Arizona Diamondbacks","San Diego Padres","Chase Field","Final","true","R","MLB_STATS_API_SCHEDULE","false","false","false","684442","Kohl Drake","1","3.2","18","82","false","621111","Walker Buehler","3","4.0","18","76","false","0","1"
"822699","2026-08-07","6:45 PM ET","Washington Nationals","Cincinnati Reds","Nationals Park","Final","true","R","MLB_STATS_API_SCHEDULE","false","false","false","676917","Cade Cavalli","8","6.0","26","100","false","695534","Chase Petty","1","1.2","9","38","false","0","1"
"822863","2026-08-07","8:15 PM ET","Texas Rangers","Baltimore Orioles","Globe Life Field","Final","true","R","MLB_STATS_API_SCHEDULE","false","false","false","543135","Nathan Eovaldi","2","5.1","22","86","false","669358","Shane Baz","9","8.0","28","93","false","0","1"
"823024","2026-08-07","8:15 PM ET","St. Louis Cardinals","Colorado Rockies","Busch Stadium","Final","true","R","MLB_STATS_API_SCHEDULE","false","false","false","681517","Kyle Leahy","8","5.0","22","82","false","663372","Ryan Feltner","2","5.1","24","91","false","0","1"
"823103","2026-08-07","9:45 PM ET","Seattle Mariners","Tampa Bay Rays","T-Mobile Park","Final","true","R","MLB_STATS_API_SCHEDULE","false","false","false","669302","Logan Gilbert","6","6.2","27","95","false","656876","Drew Rasmussen","8","7.0","24","91","false","0","1"
"823191","2026-08-07","10:15 PM ET","San Francisco Giants","Detroit Tigers","Oracle Park","Final","true","R","MLB_STATS_API_SCHEDULE","false","false","false","664141","JT Brubaker","1","1.0","5","16","false","672456","Keider Montero","5","6.0","27","82","false","0","1"
"823266","2026-08-07","9:40 PM ET","San Diego Padres","Houston Astros","Petco Park","Final","true","R","MLB_STATS_API_SCHEDULE","false","false","false","592662","Robbie Ray","2","5.0","25","92","false","669854","Ronel Blanco","1","4.2","19","78","false","0","1"
"823349","2026-08-07","6:40 PM ET","Pittsburgh Pirates","New York Mets","PNC Park","Final","true","R","MLB_STATS_API_SCHEDULE","false","false","false","669387","Carmen Mlodzinski","1","3.0","16","63","false","804267","Zac Thornton","3","5.0","19","63","false","0","1"
"823428","2026-08-07","6:40 PM ET","Philadelphia Phillies","Toronto Blue Jays","Citizens Bank Park","Final","true","R","MLB_STATS_API_SCHEDULE","false","false","false","554430","Zack Wheeler","6","5.1","28","116","false","667755","José Soriano","3","4.2","20","94","false","0","1"
"823515","2026-08-07","7:05 PM ET","New York Yankees","Atlanta Braves","Yankee Stadium","Final","true","R","MLB_STATS_API_SCHEDULE","false","false","false","608331","Max Fried","7","6.1","22","90","false","641816","Tyler Mahle","9","6.0","23","92","false","0","1"
"823750","2026-08-07","7:40 PM ET","Milwaukee Brewers","Minnesota Twins","American Family Field","Final","true","R","MLB_STATS_API_SCHEDULE","false","false","false","675660","Shane Drohan","4","5.0","26","94","false","805673","Zebby Matthews","4","5.0","24","83","false","0","1"
"823836","2026-08-07","7:10 PM ET","Miami Marlins","Los Angeles Angels","loanDepot park","Final","true","R","MLB_STATS_API_SCHEDULE","false","false","false","663969","Tyler Phillips","4","4.0","18","61","false","691946","George Klassen","3","4.0","20","83","false","0","1"
"824081","2026-08-07","8:10 PM ET","Kansas City Royals","Chicago Cubs","Kauffman Stadium","Final","true","R","MLB_STATS_API_SCHEDULE","false","false","false","663738","Daniel Lynch IV","2","1.2","10","35","false","592332","Kevin Gausman","4","7.0","26","96","false","0","1"
"824566","2026-08-07","7:40 PM ET","Chicago White Sox","Cleveland Guardians","Rate Field","Final","true","R","MLB_STATS_API_SCHEDULE","false","false","false","702273","Noah Schultz","1","0.1","5","23","false","800048","Parker Messick","8","7.0","26","97","false","0","1"
"824727","2026-08-07","7:10 PM ET","Boston Red Sox","Athletics","Fenway Park","Final","true","R","MLB_STATS_API_SCHEDULE","false","false","false","801139","Payton Tolle","14","6.0","20","84","false","678022","Jack Perkins","3","3.0","17","70","false","0","1"
"825051","2026-08-07","9:40 PM ET","Arizona Diamondbacks","Los Angeles Dodgers","Chase Field","Final","true","R","MLB_STATS_API_SCHEDULE","false","false","false","518876","Merrill Kelly","4","5.2","21","80","false","808963","Roki Sasaki","5","6.0","23","86","false","0","1"
"822701","2026-08-08","6:45 PM ET","Washington Nationals","Cincinnati Reds","Nationals Park","Final","true","R","MLB_STATS_API_SCHEDULE","false","false","false","674841","Andrew Alvarez","2","5.1","20","73","false","695505","Chase Burns","6","5.1","25","96","false","0","1"
"822864","2026-08-08","7:15 PM ET","Texas Rangers","Baltimore Orioles","Globe Life Field","Final","true","R","MLB_STATS_API_SCHEDULE","false","false","false","594798","Jacob deGrom","9","5.0","18","88","false","680694","Kyle Bradish","4","6.0","22","98","false","0","1"
"823021","2026-08-08","7:15 PM ET","St. Louis Cardinals","Colorado Rockies","Busch Stadium","Final","true","R","MLB_STATS_API_SCHEDULE","false","false","false","669461","Matthew Liberatore","3","5.0","24","94","false","607536","Kyle Freeland","3","4.1","23","101","false","0","1"
"823102","2026-08-08","9:50 PM ET","Seattle Mariners","Tampa Bay Rays","T-Mobile Park","Final","true","R","MLB_STATS_API_SCHEDULE","false","false","false","669923","George Kirby","2","5.0","20","99","false","668984","Casey Legumina","1","1.1","5","13","false","0","1"
"823188","2026-08-08","7:15 PM ET","San Francisco Giants","Detroit Tigers","Oracle Park","Final","true","R","MLB_STATS_API_SCHEDULE","false","false","false","694738","Landen Roupp","3","5.1","23","85","false","695549","Jackson Jobe","4","5.0","16","71","false","0","1"
"823267","2026-08-08","7:15 PM ET","San Diego Padres","Houston Astros","Petco Park","Final","true","R","MLB_STATS_API_SCHEDULE","false","false","false","650633","Michael King","6","6.0","21","93","false","663567","Peter Lambert","3","5.0","23","97","false","0","1"
"823348","2026-08-08","6:40 PM ET","Pittsburgh Pirates","New York Mets","PNC Park","Final","true","R","MLB_STATS_API_SCHEDULE","false","false","false","696149","Bubba Chandler","5","6.0","21","85","false","476594","Robert Stock","4","3.0","23","80","false","0","1"
"823426","2026-08-08","6:05 PM ET","Philadelphia Phillies","Toronto Blue Jays","Citizens Bank Park","Final","true","R","MLB_STATS_API_SCHEDULE","false","false","false","605400","Aaron Nola","8","5.0","22","97","false","453286","Max Scherzer","4","5.1","21","84","false","0","1"
"823514","2026-08-08","3:05 PM ET","New York Yankees","Atlanta Braves","Yankee Stadium","Final","true","R","MLB_STATS_API_SCHEDULE","false","false","false","543037","Gerrit Cole","9","7.0","27","82","false","519242","Chris Sale","8","6.0","23","103","false","0","1"
"823752","2026-08-08","7:10 PM ET","Milwaukee Brewers","Minnesota Twins","American Family Field","Final","true","R","MLB_STATS_API_SCHEDULE","false","false","false","688107","Robert Gasser","3","4.2","23","94","false","671737","Taj Bradley","7","5.0","23","97","false","0","1"
"823834","2026-08-08","4:10 PM ET","Miami Marlins","Los Angeles Angels","loanDepot park","Final","true","R","MLB_STATS_API_SCHEDULE","false","false","false","645261","Sandy Alcantara","8","7.0","25","108","false","700712","Walbert Ureña","2","2.1","13","50","false","0","1"
"824079","2026-08-08","7:10 PM ET","Kansas City Royals","Chicago Cubs","Kauffman Stadium","Final","true","R","MLB_STATS_API_SCHEDULE","false","false","false","607625","Seth Lugo","5","6.0","24","90","false","605280","Clay Holmes","1","4.0","18","70","false","0","1"
"824565","2026-08-08","7:15 PM ET","Chicago White Sox","Cleveland Guardians","Rate Field","Final","true","R","MLB_STATS_API_SCHEDULE","false","false","false","641743","Anthony Kay","4","6.0","25","83","false","668909","Gavin Williams","7","5.2","22","102","false","0","1"
"824726","2026-08-08","4:10 PM ET","Boston Red Sox","Athletics","Fenway Park","Final","true","R","MLB_STATS_API_SCHEDULE","false","false","false","687562","Jake Bennett","5","5.1","25","88","false","695611","Gage Jump","11","6.0","27","100","false","0","1"
"825049","2026-08-08","8:10 PM ET","Arizona Diamondbacks","Los Angeles Dodgers","Chase Field","Final","true","R","MLB_STATS_API_SCHEDULE","false","false","false","694297","Brandon Pfaadt","2","7.0","23","93","false","808967","Yoshinobu Yamamoto","6","5.2","24","107","false","0","1"
"822700","2026-08-09","12:15 PM ET","Washington Nationals","Cincinnati Reds","Nationals Park","Final","true","R","MLB_STATS_API_SCHEDULE","false","false","false","695418","Brad Lord","4","2.2","11","51","false","663903","Brady Singer","3","6.0","27","103","false","0","1"
"822862","2026-08-09","2:35 PM ET","Texas Rangers","Baltimore Orioles","Globe Life Field","Final","true","R","MLB_STATS_API_SCHEDULE","false","false","false","677958","Kumar Rocker","5","3.0","18","69","false","700249","Cade Povich","2","3.0","15","61","false","0","1"
"823020","2026-08-09","2:15 PM ET","St. Louis Cardinals","Colorado Rockies","Busch Stadium","Final","true","R","MLB_STATS_API_SCHEDULE","false","false","false","700241","Michael McGreevy","4","5.2","26","102","false","547179","Michael Lorenzen","1","4.1","23","97","false","0","1"
"823104","2026-08-09","4:10 PM ET","Seattle Mariners","Tampa Bay Rays","T-Mobile Park","Final","true","R","MLB_STATS_API_SCHEDULE","false","false","false","676106","Emerson Hancock","3","4.2","25","96","false","693855","Ian Seymour","7","6.0","25","98","false","0","1"
"823190","2026-08-09","4:05 PM ET","San Francisco Giants","Detroit Tigers","Oracle Park","Final","true","R","MLB_STATS_API_SCHEDULE","false","false","false","657277","Logan Webb","2","8.0","28","100","false","675512","Troy Melton","5","6.0","22","92","false","0","1"
"823268","2026-08-09","8:20 PM ET","San Diego Padres","Houston Astros","Petco Park","Final","true","R","MLB_STATS_API_SCHEDULE","false","false","false","681190","Randy Vásquez","1","5.0","17","62","false","664299","Cristian Javier","2","5.0","24","86","false","0","1"
"823345","2026-08-09","1:35 PM ET","Pittsburgh Pirates","New York Mets","PNC Park","Final","true","R","MLB_STATS_API_SCHEDULE","false","false","false","683003","Jared Jones","3","3.0","20","69","false","640455","Sean Manaea","11","7.0","25","91","false","0","1"
"823425","2026-08-09","1:35 PM ET","Philadelphia Phillies","Toronto Blue Jays","Citizens Bank Park","Final","true","R","MLB_STATS_API_SCHEDULE","false","false","false","666200","Jesús Luzardo","12","7.0","27","100","false","669456","Shane Bieber","4","5.2","26","97","false","0","1"
"823513","2026-08-09","1:35 PM ET","New York Yankees","Atlanta Braves","Yankee Stadium","Final","true","R","MLB_STATS_API_SCHEDULE","false","false","false","693645","Cam Schlittler","11","7.0","24","96","false","656550","Grant Holmes","2","6.0","21","77","false","0","1"
"823751","2026-08-09","2:10 PM ET","Milwaukee Brewers","Minnesota Twins","American Family Field","Final","true","R","MLB_STATS_API_SCHEDULE","false","false","false","694819","Jacob Misiorowski","9","6.0","23","94","false","687570","Connor Prielipp","7","5.0","20","96","false","0","1"
"823835","2026-08-09","1:40 PM ET","Miami Marlins","Los Angeles Angels","loanDepot park","Final","true","R","MLB_STATS_API_SCHEDULE","false","false","false","687473","Ryan Gusto","4","4.0","18","60","false","680570","Grayson Rodriguez","8","4.0","20","83","false","0","1"
"824078","2026-08-09","2:10 PM ET","Kansas City Royals","Chicago Cubs","Kauffman Stadium","Final","true","R","MLB_STATS_API_SCHEDULE","false","false","false","677976","Randy Dobnak","4","5.0","26","94","false","571510","Matthew Boyd","3","7.0","27","98","false","0","1"
"824564","2026-08-09","2:10 PM ET","Chicago White Sox","Cleveland Guardians","Rate Field","Final","true","R","MLB_STATS_API_SCHEDULE","false","false","false","663436","Davis Martin","1","1.0","6","23","false","676282","Joey Cantillo","3","1.0","6","31","false","0","1"
"824724","2026-08-09","1:35 PM ET","Boston Red Sox","Athletics","Fenway Park","Final","true","R","MLB_STATS_API_SCHEDULE","false","false","false","669062","Erik Miller","2","1.0","5","17","false","669372","J.T. Ginn","2","6.0","27","95","false","0","1"
"825050","2026-08-09","4:10 PM ET","Arizona Diamondbacks","Los Angeles Dodgers","Chase Field","Final","true","R","MLB_STATS_API_SCHEDULE","false","false","false","593958","Eduardo Rodriguez","9","7.0","28","115","false","680736","Justin Wrobleski","3","3.1","20","76","false","0","1"
"822780","2026-08-10","7:07 PM ET","Toronto Blue Jays","Boston Red Sox","Rogers Centre","Final","true","R","MLB_STATS_API_SCHEDULE","false","false","false","592791","Jameson Taillon","3","4.0","16","61","false","543243","Sonny Gray","4","6.0","26","99","false","0","1"
"823018","2026-08-10","7:45 PM ET","St. Louis Cardinals","Philadelphia Phillies","Busch Stadium","Final","true","R","MLB_STATS_API_SCHEDULE","false","false","false","690928","Hunter Dobbins","6","5.0","22","97","false","691725","Andrew Painter","6","5.1","21","93","false","0","1"
"823189","2026-08-10","9:45 PM ET","San Francisco Giants","Houston Astros","Oracle Park","Final","true","R","MLB_STATS_API_SCHEDULE","false","false","false","694918","Blade Tidwell","6","5.2","22","96","false","669713","Hayden Wesneski","4","7.0","27","83","false","0","1"
"823265","2026-08-10","9:40 PM ET","San Diego Padres","Milwaukee Brewers","Petco Park","Final","true","R","MLB_STATS_API_SCHEDULE","false","false","false","663554","Casey Mize","6","6.0","24","83","false","701656","Logan Henderson","7","6.1","24","91","false","0","1"
"823675","2026-08-10","7:40 PM ET","Minnesota Twins","Baltimore Orioles","Target Field","Final","true","R","MLB_STATS_API_SCHEDULE","false","false","false","665152","Dean Kremer","7","7.0","22","89","false","669432","Trevor Rogers","4","4.0","19","79","false","0","1"
"823918","2026-08-10","10:10 PM ET","Los Angeles Dodgers","Kansas City Royals","UNIQLO Field at Dodger Stadium","Final","true","R","MLB_STATS_API_SCHEDULE","false","false","false","669373","Tarik Skubal","6","5.0","21","95","false","702070","Noah Cameron","2","5.2","24","101","false","0","1"
"823998","2026-08-10","9:38 PM ET","Los Angeles Angels","Texas Rangers","Angel Stadium","Final","true","R","MLB_STATS_API_SCHEDULE","false","false","false","672282","Reid Detmers","6","6.0","24","88","false","669022","MacKenzie Gore","9","5.1","23","103","false","0","1"
"824887","2026-08-10","7:15 PM ET","Atlanta Braves","New York Mets","Truist Park","Final","true","R","MLB_STATS_API_SCHEDULE","false","false","false","693821","Bryce Elder","4","5.0","27","105","false","681035","Christian Scott","6","4.0","21","82","false","0","1"
"824969","2026-08-10","9:40 PM ET","Athletics","Tampa Bay Rays","Sutter Health Park","Final","true","R","MLB_STATS_API_SCHEDULE","false","false","false","682052","Jacob Lopez","5","7.0","27","93","false","642547","Freddy Peralta","5","6.0","24","98","false","0","1"
"825048","2026-08-10","9:40 PM ET","Arizona Diamondbacks","Colorado Rockies","Chase Field","Final","true","R","MLB_STATS_API_SCHEDULE","false","false","false","647336","Michael Soroka","4","4.1","18","77","false","687312","Gabriel Hughes","3","4.0","22","88","false","0","1"
"822697","2026-08-11","6:45 PM ET","Washington Nationals","Chicago Cubs","Nationals Park","Final","true","R","MLB_STATS_API_SCHEDULE","false","false","false","663623","Jake Irvin","4","3.1","18","88","false","684007","Shota Imanaga","5","4.2","21","86","false","0","1"
"822778","2026-08-11","7:07 PM ET","Toronto Blue Jays","Boston Red Sox","Rogers Centre","Final","true","R","MLB_STATS_API_SCHEDULE","false","false","false","656302","Dylan Cease","7","5.0","24","104","false","663776","Patrick Sandoval","4","6.0","27","84","false","0","1"
"823019","2026-08-11","7:45 PM ET","St. Louis Cardinals","Philadelphia Phillies","Busch Stadium","Final","true","R","MLB_STATS_API_SCHEDULE","false","false","false","669467","Andre Pallante","2","6.0","22","97","false","650911","Cristopher Sánchez","7","6.0","20","89","false","0","1"
"823186","2026-08-11","9:45 PM ET","San Francisco Giants","Houston Astros","Oracle Park","Final","true","R","MLB_STATS_API_SCHEDULE","false","false","false","687931","Carson Whisenhunt","2","5.2","25","96","false","686613","Hunter Brown","4","5.0","23","89","false","0","1"
"823264","2026-08-11","9:40 PM ET","San Diego Padres","Milwaukee Brewers","Petco Park","Final","true","R","MLB_STATS_API_SCHEDULE","false","false","false","621111","Walker Buehler","5","6.0","24","98","false","690986","Kyle Harrison","3","4.2","27","90","false","0","1"
"823512","2026-08-11","7:05 PM ET","New York Yankees","Seattle Mariners","Yankee Stadium","Final","true","R","MLB_STATS_API_SCHEDULE","false","false","false","677960","Ryan Weathers","4","5.2","22","106","false","693433","Bryan Woo","5","5.0","18","92","false","0","1"
"823673","2026-08-11","7:40 PM ET","Minnesota Twins","Baltimore Orioles","Target Field","Final","true","R","MLB_STATS_API_SCHEDULE","false","false","false","641927","Bailey Ober","4","6.0","26","100","false","687064","Brandon Young","4","6.0","28","104","false","0","1"
"823832","2026-08-11","6:40 PM ET","Miami Marlins","Pittsburgh Pirates","loanDepot park","Final","true","R","MLB_STATS_API_SCHEDULE","false","false","false","691587","Eury Pérez","7","7.0","24","100","false","694973","Paul Skenes","4","5.0","21","65","false","0","1"
"823917","2026-08-11","10:10 PM ET","Los Angeles Dodgers","Kansas City Royals","UNIQLO Field at Dodger Stadium","Final","true","R","MLB_STATS_API_SCHEDULE","false","false","false","605483","Blake Snell","10","6.0","22","84","false","608379","Michael Wacha","5","6.2","27","96","false","0","1"
"823997","2026-08-11","9:38 PM ET","Los Angeles Angels","Texas Rangers","Angel Stadium","Final","true","R","MLB_STATS_API_SCHEDULE","false","false","false","696270","Ryan Johnson","5","4.1","18","84","false","674003","Cody Bradford","1","7.0","26","75","false","0","1"
"824240","2026-08-11","6:40 PM ET","Detroit Tigers","Cleveland Guardians","Comerica Park","Final","true","R","MLB_STATS_API_SCHEDULE","false","false","false","623454","Drew Anderson","4","4.0","17","70","false","676440","Tanner Bibee","4","6.1","27","96","false","0","1"
"824563","2026-08-11","7:40 PM ET","Chicago White Sox","Cincinnati Reds","Rate Field","Final","true","R","MLB_STATS_API_SCHEDULE","false","false","false","680732","Sean Burke","8","7.0","25","94","false","666157","Nick Lodolo","5","4.0","18","70","false","0","1"
"824886","2026-08-11","7:15 PM ET","Atlanta Braves","New York Mets","Truist Park","Final","true","R","MLB_STATS_API_SCHEDULE","false","false","false","527048","Martín Pérez","2","6.0","23","82","false","690997","Nolan McLean","3","6.0","20","85","false","0","1"
"824970","2026-08-11","9:40 PM ET","Athletics","Tampa Bay Rays","Sutter Health Park","Final","true","R","MLB_STATS_API_SCHEDULE","false","false","false","686930","Mason Barnett","0","4.0","20","67","false","607259","Nick Martinez","5","9.0","33","101","false","0","1"
"825046","2026-08-11","9:40 PM ET","Arizona Diamondbacks","Colorado Rockies","Chase Field","Final","true","R","MLB_STATS_API_SCHEDULE","false","false","false","683352","Mitch Bratt","4","6.0","21","78","false","608372","Tomoyuki Sugano","5","6.0","23","93","false","0","1"
"822698","2026-08-12","6:45 PM ET","Washington Nationals","Chicago Cubs","Nationals Park","Final","true","R","MLB_STATS_API_SCHEDULE","false","false","false","800600","Jackson Kent","6","4.0","19","78","false","656849","David Peterson","6","5.0","27","90","false","0","1"
"822779","2026-08-12","7:07 PM ET","Toronto Blue Jays","Boston Red Sox","Rogers Centre","Final","true","R","MLB_STATS_API_SCHEDULE","false","false","false","667755","José Soriano","4","6.0","22","90","false","624133","Ranger Suarez","2","5.0","21","81","false","0","1"
"823017","2026-08-12","2:15 PM ET","St. Louis Cardinals","Philadelphia Phillies","Busch Stadium","Final","true","R","MLB_STATS_API_SCHEDULE","false","false","false","681517","Kyle Leahy","6","5.0","20","81","false","554430","Zack Wheeler","5","5.0","23","84","false","0","1"
"823187","2026-08-12","3:45 PM ET","San Francisco Giants","Houston Astros","Oracle Park","Final","true","R","MLB_STATS_API_SCHEDULE","false","false","false","605288","Adrian Houser","5","6.0","19","73","false","687911","Bryan King","1","0.2","4","19","false","0","1"
"823263","2026-08-12","4:10 PM ET","San Diego Padres","Milwaukee Brewers","Petco Park","Final","true","R","MLB_STATS_API_SCHEDULE","false","false","false","592662","Robbie Ray","4","4.0","17","84","false","669160","Dustin May","6","7.0","25","83","false","0","1"
"823511","2026-08-12","7:05 PM ET","New York Yankees","Seattle Mariners","Yankee Stadium","Final","true","R","MLB_STATS_API_SCHEDULE","false","false","false","701542","Will Warren","3","4.0","21","81","false","682243","Bryce Miller","5","6.0","25","89","false","0","1"
"823672","2026-08-12","1:40 PM ET","Minnesota Twins","Baltimore Orioles","Target Field","Final","true","R","MLB_STATS_API_SCHEDULE","false","false","false","805673","Zebby Matthews","4","5.0","22","94","false","669358","Shane Baz","2","3.0","19","65","false","0","1"
"823833","2026-08-12","6:40 PM ET","Miami Marlins","Pittsburgh Pirates","loanDepot park","Final","true","R","MLB_STATS_API_SCHEDULE","false","false","false","676083","Janson Junk","2","6.0","23","81","false","669387","Carmen Mlodzinski","1","2.1","15","59","false","0","1"
"823916","2026-08-12","10:10 PM ET","Los Angeles Dodgers","Kansas City Royals","UNIQLO Field at Dodger Stadium","Final","true","R","MLB_STATS_API_SCHEDULE","false","false","false","641778","Eric Lauer","6","6.1","27","112","false","663738","Daniel Lynch IV","3","2.1","10","39","false","0","1"
"823994","2026-08-12","10:10 PM ET","Los Angeles Angels","Texas Rangers","Angel Stadium","Final","true","R","MLB_STATS_API_SCHEDULE","false","false","false","691946","George Klassen","5","6.0","24","87","false","615698","Cal Quantrill","6","5.0","22","85","false","0","1"
"824241","2026-08-12","6:40 PM ET","Detroit Tigers","Cleveland Guardians","Comerica Park","Final","true","R","MLB_STATS_API_SCHEDULE","false","false","false","664285","Framber Valdez","3","5.2","29","102","false","656492","Foster Griffin","3","5.0","21","83","false","0","1"
"824562","2026-08-12","7:40 PM ET","Chicago White Sox","Cincinnati Reds","Rate Field","Final","true","R","MLB_STATS_API_SCHEDULE","false","false","false","622491","Luis Castillo","10","7.0","23","104","false","695076","Rhett Lowder","4","5.1","23","94","false","0","1"
"824883","2026-08-12","7:15 PM ET","Atlanta Braves","New York Mets","Truist Park","Final","true","R","MLB_STATS_API_SCHEDULE","false","false","false","641816","Tyler Mahle","7","6.0","21","93","false","804267","Zac Thornton","2","6.0","24","80","false","0","1"
"824967","2026-08-12","3:05 PM ET","Athletics","Tampa Bay Rays","Sutter Health Park","Final","true","R","MLB_STATS_API_SCHEDULE","false","false","false","678022","Jack Perkins","2","5.0","27","97","false","656876","Drew Rasmussen","3","5.0","21","84","false","0","1"
"825047","2026-08-12","3:40 PM ET","Arizona Diamondbacks","Colorado Rockies","Chase Field","Final","true","R","MLB_STATS_API_SCHEDULE","false","false","false","518876","Merrill Kelly","2","5.0","23","71","false","663372","Ryan Feltner","2","5.0","24","93","false","0","1"
"822696","2026-08-13","4:05 PM ET","Washington Nationals","Chicago Cubs","Nationals Park","Final","true","R","MLB_STATS_API_SCHEDULE","true","true","false","676917","Cade Cavalli","10","8.0","26","103","true","592332","Kevin Gausman","7","4.2","22","93","false","1","1"
"822776","2026-08-13","3:07 PM ET","Toronto Blue Jays","Boston Red Sox","Rogers Centre","Final","true","R","MLB_STATS_API_SCHEDULE","true","true","false","453286","Max Scherzer","4","5.0","20","92","true","801139","Payton Tolle","4","8.0","26","91","false","1","1"
"823508","2026-08-13","1:35 PM ET","New York Yankees","Seattle Mariners","Yankee Stadium","Final","true","R","MLB_STATS_API_SCHEDULE","false","false","false","608331","Max Fried","4","5.0","20","88","false","669302","Logan Gilbert","7","6.0","22","95","false","0","1"
"823669","2026-08-13","7:30 PM ET","Minnesota Twins","Philadelphia Phillies","Field of Dreams","Final","true","R","MLB_STATS_API_SCHEDULE","true","true","false","671737","Taj Bradley","3","4.0","23","89","false","605400","Aaron Nola","9","5.0","23","97","false","0","1"
"823829","2026-08-13","1:10 PM ET","Miami Marlins","Pittsburgh Pirates","loanDepot park","Final","true","R","MLB_STATS_API_SCHEDULE","false","false","false","663969","Tyler Phillips","6","5.1","23","92","false","677952","Braxton Ashcraft","10","9.0","28","85","false","0","1"
"823915","2026-08-13","10:10 PM ET","Los Angeles Dodgers","Milwaukee Brewers","UNIQLO Field at Dodger Stadium","Final","true","R","MLB_STATS_API_SCHEDULE","true","true","false","808963","Roki Sasaki","2","6.0","25","101","false","675660","Shane Drohan","5","5.1","22","85","false","0","1"
"823995","2026-08-13","10:07 PM ET","Los Angeles Angels","Texas Rangers","Angel Stadium","Final","true","R","MLB_STATS_API_SCHEDULE","true","true","false","700712","Walbert Ureña","5","6.0","23","100","false","594798","Jacob deGrom","3","2.0","12","53","false","0","1"
"824238","2026-08-13","1:10 PM ET","Detroit Tigers","Cleveland Guardians","Comerica Park","Final","true","R","MLB_STATS_API_SCHEDULE","false","false","false","672456","Keider Montero","0","6.1","23","88","false","800048","Parker Messick","6","5.2","23","102","false","0","1"
"824561","2026-08-13","1:10 PM ET","Chicago White Sox","Cincinnati Reds","Rate Field","Final","true","R","MLB_STATS_API_SCHEDULE","false","false","false","663436","Davis Martin","3","2.0","11","35","false","671096","Andrew Abbott","3","4.1","23","93","false","0","1"
"822777","2026-08-14","7:15 PM ET","Toronto Blue Jays","New York Yankees","Rogers Centre","Final","true","R","MLB_STATS_API_SCHEDULE","true","true","false","669456","Shane Bieber","5","6.0","22","84","false","543037","Gerrit Cole","5","6.0","24","87","false","0","1"
"822942","2026-08-14","7:10 PM ET","Tampa Bay Rays","Baltimore Orioles","Tropicana Field","","false","R","MLB_STATS_API_SCHEDULE","true","true","true","571927","Steven Matz","","","","","false","605135","Chris Bassitt","","","","","false","0","1"
"823185","2026-08-14","10:15 PM ET","San Francisco Giants","Colorado Rockies","Oracle Park","Final","true","R","MLB_STATS_API_SCHEDULE","true","true","false","694738","Landen Roupp","5","5.2","26","91","false","607536","Kyle Freeland","2","8.0","27","95","false","0","1"
"823346","2026-08-14","6:40 PM ET","Pittsburgh Pirates","Boston Red Sox","PNC Park","Final","true","R","MLB_STATS_API_SCHEDULE","true","true","false","696149","Bubba Chandler","5","5.0","20","87","false","687562","Jake Bennett","6","4.0","18","82","false","0","1"
"823591","2026-08-14","7:10 PM ET","New York Mets","Washington Nationals","Citi Field","Final","true","R","MLB_STATS_API_SCHEDULE","true","true","false","476594","Robert Stock","5","4.1","21","84","false","674841","Andrew Alvarez","4","5.2","21","73","false","0","1"
"823913","2026-08-14","10:10 PM ET","Los Angeles Dodgers","Milwaukee Brewers","UNIQLO Field at Dodger Stadium","Final","true","R","MLB_STATS_API_SCHEDULE","true","true","false","808967","Yoshinobu Yamamoto","9","6.0","23","97","false","688107","Robert Gasser","7","6.1","28","102","false","0","1"
"823993","2026-08-14","9:38 PM ET","Los Angeles Angels","Kansas City Royals","Angel Stadium","Final","true","R","MLB_STATS_API_SCHEDULE","true","true","false","680570","Grayson Rodriguez","5","4.0","17","89","false","607625","Seth Lugo","4","4.2","21","86","false","0","1"
"824159","2026-08-14","8:10 PM ET","Houston Astros","Seattle Mariners","Daikin Park","Final","true","R","MLB_STATS_API_SCHEDULE","true","true","false","663567","Peter Lambert","6","5.0","22","96","false","669923","George Kirby","2","4.2","24","99","false","0","1"
"824237","2026-08-14","6:40 PM ET","Detroit Tigers","Chicago White Sox","Comerica Park","Final","true","R","MLB_STATS_API_SCHEDULE","true","true","false","695549","Jackson Jobe","4","3.2","23","74","false","656794","Sean Newcomb","2","1.1","5","25","false","0","1"
"824399","2026-08-14","7:10 PM ET","Cleveland Guardians","San Diego Padres","Progressive Field","Final","true","R","MLB_STATS_API_SCHEDULE","true","true","false","668909","Gavin Williams","5","4.1","24","91","false","650633","Michael King","4","6.0","26","83","false","0","1"
"824479","2026-08-14","6:10 PM ET","Cincinnati Reds","Miami Marlins","Great American Ball Park","Final","true","R","MLB_STATS_API_SCHEDULE","true","true","false","695505","Chase Burns","8","7.0","24","93","false","645261","Sandy Alcantara","2","7.0","28","103","false","0","1"
"824643","2026-08-14","2:20 PM ET","Chicago Cubs","St. Louis Cardinals","Wrigley Field","Final","true","R","MLB_STATS_API_SCHEDULE","true","true","false","605280","Clay Holmes","3","6.2","22","80","false","669461","Matthew Liberatore","6","5.1","19","95","false","0","1"
"824882","2026-08-14","7:15 PM ET","Atlanta Braves","Arizona Diamondbacks","Truist Park","Final","true","R","MLB_STATS_API_SCHEDULE","true","true","false","519242","Chris Sale","9","6.0","23","108","false","694297","Brandon Pfaadt","7","7.0","23","87","false","0","1"
"824968","2026-08-14","9:40 PM ET","Athletics","Texas Rangers","Sutter Health Park","Final","true","R","MLB_STATS_API_SCHEDULE","true","true","false","695611","Gage Jump","1","5.1","23","101","false","677958","Kumar Rocker","3","5.0","25","94","false","0","1"
"822775","2026-08-15","3:07 PM ET","Toronto Blue Jays","New York Yankees","Rogers Centre","Final","true","R","MLB_STATS_API_SCHEDULE","false","false","false","680755","Braydon Fisher","0","1.0","4","12","false","693645","Cam Schlittler","7","5.1","23","97","false","0","1"
"822941","2026-08-15","6:10 PM ET","Tampa Bay Rays","Baltimore Orioles","Tropicana Field","Final","true","R","MLB_STATS_API_SCHEDULE","false","false","false","693855","Ian Seymour","9","6.0","26","93","false","680694","Kyle Bradish","3","6.0","27","93","false","0","1"
"823184","2026-08-15","4:05 PM ET","San Francisco Giants","Colorado Rockies","Oracle Park","Final","true","R","MLB_STATS_API_SCHEDULE","false","false","false","657277","Logan Webb","7","6.0","22","80","false","547179","Michael Lorenzen","1","3.2","19","82","false","0","1"
"823347","2026-08-15","7:15 PM ET","Pittsburgh Pirates","Boston Red Sox","PNC Park","Final","true","R","MLB_STATS_API_SCHEDULE","false","false","false","683003","Jared Jones","7","5.0","20","85","false","543243","Sonny Gray","7","7.0","26","86","false","0","1"
"823588","2026-08-15","4:10 PM ET","New York Mets","Washington Nationals","Citi Field","Final","true","R","MLB_STATS_API_SCHEDULE","false","false","false","640455","Sean Manaea","7","6.1","27","93","false","695418","Brad Lord","1","0.2","7","44","false","0","1"
"823671","2026-08-15","7:10 PM ET","Minnesota Twins","Philadelphia Phillies","Target Field","Final","true","R","MLB_STATS_API_SCHEDULE","false","false","false","687570","Connor Prielipp","6","5.0","26","94","false","666200","Jesús Luzardo","9","6.2","28","109","false","0","1"
"823914","2026-08-15","7:15 PM ET","Los Angeles Dodgers","Milwaukee Brewers","UNIQLO Field at Dodger Stadium","Final","true","R","MLB_STATS_API_SCHEDULE","false","false","false","680736","Justin Wrobleski","6","6.0","24","107","false","694819","Jacob Misiorowski","6","6.0","24","98","false","0","1"
"823990","2026-08-15","9:38 PM ET","Los Angeles Angels","Kansas City Royals","Angel Stadium","Final","true","R","MLB_STATS_API_SCHEDULE","false","false","false","672282","Reid Detmers","11","8.0","25","92","false","677976","Randy Dobnak","6","5.2","23","93","false","0","1"
"824157","2026-08-15","7:10 PM ET","Houston Astros","Seattle Mariners","Daikin Park","Final","true","R","MLB_STATS_API_SCHEDULE","false","false","false","669713","Hayden Wesneski","6","4.0","20","81","false","676106","Emerson Hancock","8","7.0","26","97","false","0","1"
"824239","2026-08-15","1:10 PM ET","Detroit Tigers","Chicago White Sox","Comerica Park","Final","true","R","MLB_STATS_API_SCHEDULE","false","false","false","675512","Troy Melton","4","4.1","22","87","false","641743","Anthony Kay","4","5.1","22","86","false","0","1"
"824400","2026-08-15","7:10 PM ET","Cleveland Guardians","San Diego Padres","Progressive Field","Final","true","R","MLB_STATS_API_SCHEDULE","false","false","false","676282","Joey Cantillo","7","6.0","20","87","false","593974","Wandy Peralta","1","1.0","5","13","false","0","1"
"824480","2026-08-15","6:40 PM ET","Cincinnati Reds","Miami Marlins","Great American Ball Park","Final","true","R","MLB_STATS_API_SCHEDULE","false","false","false","663903","Brady Singer","4","6.0","27","93","false","687473","Ryan Gusto","6","4.2","21","70","false","0","1"
"824644","2026-08-15","2:20 PM ET","Chicago Cubs","St. Louis Cardinals","Wrigley Field","Final","true","R","MLB_STATS_API_SCHEDULE","false","false","false","571510","Matthew Boyd","2","5.1","25","97","false","700241","Michael McGreevy","6","6.0","25","102","false","0","1"
"824884","2026-08-15","7:15 PM ET","Atlanta Braves","Arizona Diamondbacks","Truist Park","Final","true","R","MLB_STATS_API_SCHEDULE","false","false","false","656550","Grant Holmes","3","3.2","20","65","false","593958","Eduardo Rodriguez","5","6.0","23","96","false","0","1"
"824966","2026-08-15","9:40 PM ET","Athletics","Texas Rangers","Sutter Health Park","Final","true","R","MLB_STATS_API_SCHEDULE","false","false","false","669372","J.T. Ginn","7","6.0","25","94","false","669022","MacKenzie Gore","5","5.2","27","99","false","0","1"
"822774","2026-08-16","1:37 PM ET","Toronto Blue Jays","New York Yankees","Rogers Centre","Final","true","R","MLB_STATS_API_SCHEDULE","false","false","false","656302","Dylan Cease","10","6.1","24","104","false","677960","Ryan Weathers","4","7.1","26","95","false","0","1"
"822940","2026-08-16","12:15 PM ET","Tampa Bay Rays","Baltimore Orioles","Tropicana Field","Final","true","R","MLB_STATS_API_SCHEDULE","false","false","false","642547","Freddy Peralta","","","","","false","669432","Trevor Rogers","","","","","false","0","1"
"823182","2026-08-16","4:05 PM ET","San Francisco Giants","Colorado Rockies","Oracle Park","Final","true","R","MLB_STATS_API_SCHEDULE","false","false","false","694918","Blade Tidwell","1","4.1","19","63","false","687312","Gabriel Hughes","2","4.0","21","81","false","0","1"
"823344","2026-08-16","1:35 PM ET","Pittsburgh Pirates","Boston Red Sox","PNC Park","Final","true","R","MLB_STATS_API_SCHEDULE","false","false","false","669199","Lake Bachar","4","3.0","11","52","false","663776","Patrick Sandoval","6","4.0","24","89","false","0","1"
"823590","2026-08-16","1:40 PM ET","New York Mets","Washington Nationals","Citi Field","Final","true","R","MLB_STATS_API_SCHEDULE","false","false","false","681035","Christian Scott","7","6.1","27","90","false","663623","Jake Irvin","6","6.0","27","98","false","0","1"
"823670","2026-08-16","2:10 PM ET","Minnesota Twins","Philadelphia Phillies","Target Field","Final","true","R","MLB_STATS_API_SCHEDULE","false","false","false","665152","Dean Kremer","6","5.1","23","89","false","691725","Andrew Painter","2","5.0","23","94","false","0","1"
"823912","2026-08-16","4:10 PM ET","Los Angeles Dodgers","Milwaukee Brewers","UNIQLO Field at Dodger Stadium","Final","true","R","MLB_STATS_API_SCHEDULE","false","false","false","669373","Tarik Skubal","7","6.0","27","109","false","701656","Logan Henderson","6","7.0","24","93","false","0","1"
"823991","2026-08-16","4:07 PM ET","Los Angeles Angels","Kansas City Royals","Angel Stadium","Final","true","R","MLB_STATS_API_SCHEDULE","false","false","false","696270","Ryan Johnson","4","5.1","22","85","false","702070","Noah Cameron","8","9.0","29","115","false","0","1"
"824156","2026-08-16","7:20 PM ET","Houston Astros","Seattle Mariners","Daikin Park","Final","true","R","MLB_STATS_API_SCHEDULE","false","false","false","686613","Hunter Brown","5","5.0","22","90","false","693433","Bryan Woo","5","6.0","22","75","false","0","1"
"824236","2026-08-16","1:40 PM ET","Detroit Tigers","Chicago White Sox","Comerica Park","Final","true","R","MLB_STATS_API_SCHEDULE","false","false","false","623454","Drew Anderson","5","5.0","21","74","false","680732","Sean Burke","2","4.1","21","72","false","0","1"
"824397","2026-08-16","1:40 PM ET","Cleveland Guardians","San Diego Padres","Progressive Field","Final","true","R","MLB_STATS_API_SCHEDULE","false","false","false","676440","Tanner Bibee","3","6.0","27","96","false","663554","Casey Mize","3","6.0","21","86","false","0","1"
"824477","2026-08-16","1:40 PM ET","Cincinnati Reds","Miami Marlins","Great American Ball Park","Final","true","R","MLB_STATS_API_SCHEDULE","false","false","false","666157","Nick Lodolo","2","5.0","19","73","false","691587","Eury Pérez","5","6.0","23","100","false","0","1"
"824642","2026-08-16","3:15 PM ET","Chicago Cubs","St. Louis Cardinals","Wrigley Field","Final","true","R","MLB_STATS_API_SCHEDULE","false","false","false","665795","Edward Cabrera","2","3.2","20","77","false","690928","Hunter Dobbins","7","5.0","21","96","false","0","1"
"824880","2026-08-16","1:35 PM ET","Atlanta Braves","Arizona Diamondbacks","Truist Park","Final","true","R","MLB_STATS_API_SCHEDULE","false","false","false","693821","Bryce Elder","5","6.0","23","75","false","647336","Michael Soroka","5","5.2","24","80","false","0","1"
"824965","2026-08-16","4:05 PM ET","Athletics","Texas Rangers","Sutter Health Park","Final","true","R","MLB_STATS_API_SCHEDULE","false","false","false","682052","Jacob Lopez","6","6.0","24","93","false","674003","Cody Bradford","4","4.0","19","81","false","0","1"
"822939","2026-08-17","6:05 PM ET","Tampa Bay Rays","Baltimore Orioles","Tropicana Field","Final","true","R","MLB_STATS_API_SCHEDULE","false","false","false","663556","Shane McClanahan","3","3.1","14","57","false","687064","Brandon Young","3","4.0","20","82","false","0","1"
"823343","2026-08-17","7:05 PM ET","Pittsburgh Pirates","Detroit Tigers","PNC Park","Final","true","R","MLB_STATS_API_SCHEDULE","false","false","false","669387","Carmen Mlodzinski","3","3.0","18","59","false","664285","Framber Valdez","5","5.2","26","91","false","0","1"
"823427","2026-08-17","6:40 PM ET","Philadelphia Phillies","Miami Marlins","Citizens Bank Park","Final","true","R","MLB_STATS_API_SCHEDULE","false","false","false","650911","Cristopher Sánchez","6","6.0","27","90","false","676083","Janson Junk","2","5.0","23","88","false","0","1"
"823589","2026-08-17","7:10 PM ET","New York Mets","San Diego Padres","Citi Field","Final","true","R","MLB_STATS_API_SCHEDULE","false","false","false","690997","Nolan McLean","3","6.0","26","103","false","621111","Walker Buehler","4","6.0","21","86","false","0","1"
"823668","2026-08-17","7:40 PM ET","Minnesota Twins","Atlanta Braves","Target Field","Final","true","R","MLB_STATS_API_SCHEDULE","false","false","false","641927","Bailey Ober","4","4.1","20","94","false","527048","Martín Pérez","3","5.0","25","82","false","0","1"
"824077","2026-08-17","7:40 PM ET","Kansas City Royals","Athletics","Kauffman Stadium","Final","true","R","MLB_STATS_API_SCHEDULE","false","false","false","608379","Michael Wacha","3","5.0","20","79","false","686930","Mason Barnett","2","2.2","18","83","false","0","1"
"824320","2026-08-17","8:40 PM ET","Colorado Rockies","Los Angeles Dodgers","Coors Field","Final","true","R","MLB_STATS_API_SCHEDULE","false","false","false","608372","Tomoyuki Sugano","3","5.0","24","89","false","605483","Blake Snell","5","6.0","23","90","false","0","1"
"824478","2026-08-17","6:40 PM ET","Cincinnati Reds","St. Louis Cardinals","Great American Ball Park","Final","true","R","MLB_STATS_API_SCHEDULE","false","false","false","695076","Rhett Lowder","5","6.2","29","99","false","669467","Andre Pallante","5","6.0","25","88","false","0","1"
"824641","2026-08-17","8:05 PM ET","Chicago Cubs","Chicago White Sox","Wrigley Field","Final","true","R","MLB_STATS_API_SCHEDULE","false","false","false","684007","Shota Imanaga","10","6.0","24","96","false","622491","Luis Castillo","1","4.2","24","99","false","0","1"
"824725","2026-08-17","7:10 PM ET","Boston Red Sox","Arizona Diamondbacks","Fenway Park","Final","true","R","MLB_STATS_API_SCHEDULE","false","false","false","687941","Alec Gamboa","1","1.1","4","14","false","683352","Mitch Bratt","0","3.0","16","65","false","0","1"
"822859","2026-08-18","8:05 PM ET","Texas Rangers","Washington Nationals","Globe Life Field","Final","true","R","MLB_STATS_API_SCHEDULE","false","false","false","615698","Cal Quantrill","5","7.0","25","91","false","800600","Jackson Kent","3","3.2","22","84","false","0","1"
"822938","2026-08-18","6:40 PM ET","Tampa Bay Rays","Toronto Blue Jays","Tropicana Field","Final","true","R","MLB_STATS_API_SCHEDULE","false","false","false","607259","Nick Martinez","5","3.2","22","82","false","667755","José Soriano","2","5.2","25","91","false","0","1"
"823341","2026-08-18","6:40 PM ET","Pittsburgh Pirates","Detroit Tigers","PNC Park","Final","true","R","MLB_STATS_API_SCHEDULE","false","false","false","677952","Braxton Ashcraft","4","8.0","28","80","false","672456","Keider Montero","3","5.0","20","78","false","0","1"
"823423","2026-08-18","6:40 PM ET","Philadelphia Phillies","Miami Marlins","Citizens Bank Park","Final","true","R","MLB_STATS_API_SCHEDULE","false","false","false","554430","Zack Wheeler","7","5.0","20","98","false","806188","Cade Gibson","1","1.1","7","23","false","0","1"
"823586","2026-08-18","7:10 PM ET","New York Mets","San Diego Padres","Citi Field","Final","true","R","MLB_STATS_API_SCHEDULE","false","false","false","804267","Zac Thornton","7","5.0","23","99","false","592662","Robbie Ray","4","6.0","24","91","false","0","1"
"823667","2026-08-18","7:40 PM ET","Minnesota Twins","Atlanta Braves","Target Field","Final","true","R","MLB_STATS_API_SCHEDULE","false","false","false","805673","Zebby Matthews","4","5.2","23","90","false","641816","Tyler Mahle","3","6.2","25","76","false","0","1"
"823749","2026-08-18","7:40 PM ET","Milwaukee Brewers","Seattle Mariners","American Family Field","Final","true","R","MLB_STATS_API_SCHEDULE","false","false","false","690986","Kyle Harrison","8","5.0","18","79","false","682243","Bryce Miller","3","4.2","23","92","false","0","1"
"824075","2026-08-18","7:40 PM ET","Kansas City Royals","Athletics","Kauffman Stadium","Final","true","R","MLB_STATS_API_SCHEDULE","false","false","false","663738","Daniel Lynch IV","1","4.0","15","45","false","669620","Brady Basso","1","2.1","9","32","false","0","1"
"824154","2026-08-18","8:10 PM ET","Houston Astros","Los Angeles Angels","Daikin Park","Final","true","R","MLB_STATS_API_SCHEDULE","false","false","false","664299","Cristian Javier","5","4.0","18","87","false","691946","George Klassen","7","7.0","25","86","false","0","1"
"824319","2026-08-18","8:40 PM ET","Colorado Rockies","Los Angeles Dodgers","Coors Field","Final","true","R","MLB_STATS_API_SCHEDULE","false","false","false","663372","Ryan Feltner","3","5.0","26","83","false","641778","Eric Lauer","6","5.0","22","87","false","0","1"
"824398","2026-08-18","6:40 PM ET","Cleveland Guardians","San Francisco Giants","Progressive Field","Final","true","R","MLB_STATS_API_SCHEDULE","false","false","false","656492","Foster Griffin","6","6.0","23","101","false","687931","Carson Whisenhunt","1","4.0","23","80","false","0","1"
"824475","2026-08-18","6:40 PM ET","Cincinnati Reds","St. Louis Cardinals","Great American Ball Park","Final","true","R","MLB_STATS_API_SCHEDULE","false","false","false","671096","Andrew Abbott","6","6.1","26","98","false","681517","Kyle Leahy","6","5.0","18","90","false","0","1"
"824639","2026-08-18","8:05 PM ET","Chicago Cubs","Chicago White Sox","Wrigley Field","Final","true","R","MLB_STATS_API_SCHEDULE","false","false","false","592332","Kevin Gausman","5","4.1","21","86","false","663542","Bryan Hudson","1","1.0","5","17","false","0","1"
"824723","2026-08-18","7:10 PM ET","Boston Red Sox","Arizona Diamondbacks","Fenway Park","Final","true","R","MLB_STATS_API_SCHEDULE","false","false","false","624133","Ranger Suarez","3","5.1","22","93","false","518876","Merrill Kelly","2","4.0","23","86","false","0","1"
"824803","2026-08-18","6:35 PM ET","Baltimore Orioles","New York Yankees","Oriole Park at Camden Yards","Final","true","R","MLB_STATS_API_SCHEDULE","false","false","false","669358","Shane Baz","10","6.1","25","104","false","607074","Carlos Rodón","4","4.0","17","66","false","0","1"
"822860","2026-08-19","8:05 PM ET","Texas Rangers","Washington Nationals","Globe Life Field","Final","true","R","MLB_STATS_API_SCHEDULE","false","false","false","677958","Kumar Rocker","3","5.0","22","92","false","676917","Cade Cavalli","11","6.0","22","84","false","0","1"
"822937","2026-08-19","6:40 PM ET","Tampa Bay Rays","Toronto Blue Jays","Tropicana Field","Final","true","R","MLB_STATS_API_SCHEDULE","false","false","false","656876","Drew Rasmussen","5","5.0","23","86","false","453286","Max Scherzer","1","4.0","21","73","false","0","1"
"823342","2026-08-19","12:35 PM ET","Pittsburgh Pirates","Detroit Tigers","PNC Park","Final","true","R","MLB_STATS_API_SCHEDULE","false","false","false","694973","Paul Skenes","5","4.1","20","81","false","695549","Jackson Jobe","3","5.1","22","86","false","0","1"
"823424","2026-08-19","6:05 PM ET","Philadelphia Phillies","Miami Marlins","Citizens Bank Park","Final","true","R","MLB_STATS_API_SCHEDULE","false","false","false","605400","Aaron Nola","8","7.0","26","100","false","645261","Sandy Alcantara","1","6.0","26","97","false","0","1"
"823587","2026-08-19","1:10 PM ET","New York Mets","San Diego Padres","Citi Field","Final","true","R","MLB_STATS_API_SCHEDULE","false","false","false","476594","Robert Stock","6","4.1","19","83","false","650633","Michael King","4","6.2","25","100","false","0","1"
"823664","2026-08-19","1:40 PM ET","Minnesota Twins","Atlanta Braves","Target Field","Final","true","R","MLB_STATS_API_SCHEDULE","false","false","false","671737","Taj Bradley","7","5.0","20","88","false","700363","AJ Smith-Shawver","3","4.1","21","75","false","0","1"
"823748","2026-08-19","7:40 PM ET","Milwaukee Brewers","Seattle Mariners","American Family Field","Final","true","R","MLB_STATS_API_SCHEDULE","false","false","false","669160","Dustin May","1","2.0","16","66","false","669302","Logan Gilbert","5","5.0","23","100","false","0","1"
"824076","2026-08-19","7:40 PM ET","Kansas City Royals","Athletics","Kauffman Stadium","Final","true","R","MLB_STATS_API_SCHEDULE","false","false","false","607625","Seth Lugo","3","6.0","26","96","false","605488","Jeffrey Springs","1","5.2","25","85","false","0","1"
"824155","2026-08-19","8:10 PM ET","Houston Astros","Los Angeles Angels","Daikin Park","Final","true","R","MLB_STATS_API_SCHEDULE","false","false","false","814490","Ethan Pecko","4","3.2","18","89","false","700712","Walbert Ureña","7","5.0","20","94","false","0","1"
"824318","2026-08-19","8:40 PM ET","Colorado Rockies","Los Angeles Dodgers","Coors Field","Final","true","R","MLB_STATS_API_SCHEDULE","false","false","false","607536","Kyle Freeland","5","3.2","18","66","false","808963","Roki Sasaki","6","5.0","22","99","false","0","1"
"824394","2026-08-19","6:40 PM ET","Cleveland Guardians","San Francisco Giants","Progressive Field","Final","true","R","MLB_STATS_API_SCHEDULE","false","false","false","800048","Parker Messick","10","6.2","26","98","false","683363","Matt Wilkinson","0","2.0","7","25","false","0","1"
"824476","2026-08-19","6:40 PM ET","Cincinnati Reds","St. Louis Cardinals","Great American Ball Park","Final","true","R","MLB_STATS_API_SCHEDULE","false","false","false","695505","Chase Burns","8","5.0","22","104","false","669461","Matthew Liberatore","9","6.0","22","100","false","0","1"
"824640","2026-08-19","2:20 PM ET","Chicago Cubs","Chicago White Sox","Wrigley Field","Final","true","R","MLB_STATS_API_SCHEDULE","false","false","false","605280","Clay Holmes","1","5.1","23","86","false","656794","Sean Newcomb","0","2.0","7","34","false","0","1"
"824722","2026-08-19","4:10 PM ET","Boston Red Sox","Arizona Diamondbacks","Fenway Park","Final","true","R","MLB_STATS_API_SCHEDULE","false","false","false","801139","Payton Tolle","6","5.0","22","98","false","694297","Brandon Pfaadt","8","5.2","24","94","false","0","1"
"824801","2026-08-19","6:35 PM ET","Baltimore Orioles","New York Yankees","Oriole Park at Camden Yards","Final","true","R","MLB_STATS_API_SCHEDULE","false","false","false","605135","Chris Bassitt","6","5.2","24","95","false","701542","Will Warren","5","4.0","18","90","false","0","1"
"822861","2026-08-20","8:05 PM ET","Texas Rangers","Washington Nationals","Globe Life Field","Final","true","R","MLB_STATS_API_SCHEDULE","false","false","false","594798","Jacob deGrom","10","6.0","20","94","false","674841","Andrew Alvarez","5","5.0","22","75","false","0","1"
"822934","2026-08-20","1:10 PM ET","Tampa Bay Rays","Toronto Blue Jays","Tropicana Field","Final","true","R","MLB_STATS_API_SCHEDULE","false","false","false","693855","Ian Seymour","8","5.0","22","90","false","669456","Shane Bieber","7","7.0","25","101","false","0","1"
"823747","2026-08-20","2:10 PM ET","Milwaukee Brewers","Seattle Mariners","American Family Field","Final","true","R","MLB_STATS_API_SCHEDULE","false","false","false","688107","Robert Gasser","4","3.2","20","77","false","669923","George Kirby","3","3.1","20","84","false","0","1"
"824074","2026-08-20","2:10 PM ET","Kansas City Royals","Athletics","Kauffman Stadium","Final","true","R","MLB_STATS_API_SCHEDULE","false","false","false","677976","Randy Dobnak","","","","","false","695611","Gage Jump","","","","","false","0","1"
"824153","2026-08-20","8:10 PM ET","Houston Astros","Los Angeles Angels","Daikin Park","Final","true","R","MLB_STATS_API_SCHEDULE","false","false","false","663567","Peter Lambert","3","3.2","22","79","false","680570","Grayson Rodriguez","6","7.0","27","99","false","0","1"
"824395","2026-08-20","1:10 PM ET","Cleveland Guardians","San Francisco Giants","Progressive Field","Final","true","R","MLB_STATS_API_SCHEDULE","false","false","false","668909","Gavin Williams","11","5.2","24","96","false","694738","Landen Roupp","2","5.1","26","90","false","0","1"
"824474","2026-08-20","12:40 PM ET","Cincinnati Reds","St. Louis Cardinals","Great American Ball Park","Final","true","R","MLB_STATS_API_SCHEDULE","false","false","false","663903","Brady Singer","3","6.0","26","103","false","700241","Michael McGreevy","4","5.1","20","90","false","0","1"
"824802","2026-08-20","6:35 PM ET","Baltimore Orioles","New York Yankees","Oriole Park at Camden Yards","Final","true","R","MLB_STATS_API_SCHEDULE","false","false","false","680694","Kyle Bradish","5","5.2","25","100","false","543037","Gerrit Cole","8","6.0","23","93","false","0","1"
"822857","2026-08-21","8:15 PM ET","Texas Rangers","Los Angeles Angels","Globe Life Field","Final","true","R","MLB_STATS_API_SCHEDULE","false","false","false","669022","MacKenzie Gore","7","6.0","22","100","false","672282","Reid Detmers","5","6.0","24","89","false","0","1"
"823101","2026-08-21","10:10 PM ET","Seattle Mariners","Chicago Cubs","T-Mobile Park","Final","true","R","MLB_STATS_API_SCHEDULE","false","false","false","676106","Emerson Hancock","6","5.2","27","98","false","571510","Matthew Boyd","3","6.0","27","86","false","0","1"
"823262","2026-08-21","9:40 PM ET","San Diego Padres","Minnesota Twins","Petco Park","Final","true","R","MLB_STATS_API_SCHEDULE","false","false","false","681190","Randy Vásquez","3","7.0","24","87","false","687570","Connor Prielipp","7","6.0","26","96","false","0","1"
"823420","2026-08-21","6:40 PM ET","Philadelphia Phillies","St. Louis Cardinals","Citizens Bank Park","Final","true","R","MLB_STATS_API_SCHEDULE","false","false","false","666200","Jesús Luzardo","9","5.2","24","110","false","690928","Hunter Dobbins","3","4.0","19","78","false","0","1"
"823510","2026-08-21","7:05 PM ET","New York Yankees","Toronto Blue Jays","Yankee Stadium","Final","true","R","MLB_STATS_API_SCHEDULE","false","false","false","693645","Cam Schlittler","4","6.0","25","96","false","689254","Mason Fluharty","0","0.2","4","14","false","0","1"
"823746","2026-08-21","4:10 PM ET","Milwaukee Brewers","Atlanta Braves","American Family Field","Final","true","R","MLB_STATS_API_SCHEDULE","false","false","false","694819","Jacob Misiorowski","6","6.0","23","96","false","519242","Chris Sale","6","6.0","25","94","false","0","1"
"823830","2026-08-21","7:10 PM ET","Miami Marlins","Washington Nationals","loanDepot park","","false","R","MLB_STATS_API_SCHEDULE","true","false","true","687473","Ryan Gusto","","","","","false","695418","Brad Lord","","","","","false","0","1"
"823911","2026-08-21","10:10 PM ET","Los Angeles Dodgers","Pittsburgh Pirates","UNIQLO Field at Dodger Stadium","Final","true","R","MLB_STATS_API_SCHEDULE","false","false","false","808967","Yoshinobu Yamamoto","9","6.1","27","107","false","696149","Bubba Chandler","6","4.0","19","88","false","0","1"
"824072","2026-08-21","8:10 PM ET","Kansas City Royals","Detroit Tigers","Kauffman Stadium","Final","true","R","MLB_STATS_API_SCHEDULE","false","false","false","702070","Noah Cameron","2","5.0","20","85","false","675512","Troy Melton","3","5.2","26","94","false","0","1"
"824152","2026-08-21","8:10 PM ET","Houston Astros","Athletics","Daikin Park","Final","true","R","MLB_STATS_API_SCHEDULE","false","false","false","669713","Hayden Wesneski","4","5.0","18","91","false","669372","J.T. Ginn","4","5.0","22","94","false","0","1"
"824317","2026-08-21","8:40 PM ET","Colorado Rockies","Cleveland Guardians","Coors Field","Final","true","R","MLB_STATS_API_SCHEDULE","false","false","false","685299","Tanner Gordon","2","5.1","26","82","false","676282","Joey Cantillo","5","4.2","22","89","false","0","1"
"824559","2026-08-21","7:40 PM ET","Chicago White Sox","New York Mets","Rate Field","Final","true","R","MLB_STATS_API_SCHEDULE","false","false","false","680732","Sean Burke","4","6.0","25","98","false","640455","Sean Manaea","4","6.0","25","93","false","0","1"
"824721","2026-08-21","7:10 PM ET","Boston Red Sox","San Francisco Giants","Fenway Park","Final","true","R","MLB_STATS_API_SCHEDULE","false","false","false","543243","Sonny Gray","6","6.0","27","97","false","657277","Logan Webb","2","2.2","18","70","false","0","1"
"824800","2026-08-21","7:15 PM ET","Baltimore Orioles","Tampa Bay Rays","Oriole Park at Camden Yards","Final","true","R","MLB_STATS_API_SCHEDULE","false","false","false","669432","Trevor Rogers","6","7.0","27","103","false","642547","Freddy Peralta","6","7.0","28","98","false","0","1"
"825045","2026-08-21","9:40 PM ET","Arizona Diamondbacks","Cincinnati Reds","Chase Field","","false","R","MLB_STATS_API_SCHEDULE","true","false","true","593958","Eduardo Rodriguez","","","","","false","666157","Nick Lodolo","","","","","false","0","1"
"822858","2026-08-22","7:05 PM ET","Texas Rangers","Los Angeles Angels","Globe Life Field","Final","true","R","MLB_STATS_API_SCHEDULE","false","false","false","674003","Cody Bradford","3","5.1","22","80","false","696270","Ryan Johnson","3","7.0","24","88","false","0","1"
"823100","2026-08-22","7:15 PM ET","Seattle Mariners","Chicago Cubs","T-Mobile Park","Final","true","R","MLB_STATS_API_SCHEDULE","false","false","false","807739","Kade Anderson","5","5.2","22","81","false","656849","David Peterson","8","6.0","25","98","false","0","1"
"823261","2026-08-22","8:40 PM ET","San Diego Padres","Minnesota Twins","Petco Park","Final","true","R","MLB_STATS_API_SCHEDULE","false","false","false","663554","Casey Mize","0","2.2","13","47","false","665152","Dean Kremer","5","5.1","22","101","false","0","1"
"823422","2026-08-22","6:05 PM ET","Philadelphia Phillies","St. Louis Cardinals","Citizens Bank Park","Final","true","R","MLB_STATS_API_SCHEDULE","false","false","false","691725","Andrew Painter","8","7.0","27","103","false","687273","Quinn Mathews","3","5.0","25","99","false","0","1"
"823509","2026-08-22","1:35 PM ET","New York Yankees","Toronto Blue Jays","Yankee Stadium","Final","true","R","MLB_STATS_API_SCHEDULE","false","false","false","677960","Ryan Weathers","3","3.1","17","72","false","656302","Dylan Cease","8","6.2","26","111","false","0","1"
"823743","2026-08-22","2:10 PM ET","Milwaukee Brewers","Atlanta Braves","American Family Field","Final","true","R","MLB_STATS_API_SCHEDULE","false","false","false","701656","Logan Henderson","4","6.0","24","100","false","527048","Martín Pérez","2","4.0","20","97","false","0","1"
"823831","2026-08-22","4:10 PM ET","Miami Marlins","Washington Nationals","loanDepot park","Final","true","R","MLB_STATS_API_SCHEDULE","false","false","false","691587","Eury Pérez","4","5.0","21","100","false","663623","Jake Irvin","4","6.0","26","104","false","0","1"
"823910","2026-08-22","7:15 PM ET","Los Angeles Dodgers","Pittsburgh Pirates","UNIQLO Field at Dodger Stadium","Final","true","R","MLB_STATS_API_SCHEDULE","false","false","false","669373","Tarik Skubal","11","7.0","27","106","false","683003","Jared Jones","5","4.0","20","87","false","0","1"
"824073","2026-08-22","7:15 PM ET","Kansas City Royals","Detroit Tigers","Kauffman Stadium","Final","true","R","MLB_STATS_API_SCHEDULE","false","false","false","608379","Michael Wacha","6","7.0","26","96","false","623454","Drew Anderson","4","5.0","21","75","false","0","1"
"824151","2026-08-22","7:10 PM ET","Houston Astros","Athletics","Daikin Park","Final","true","R","MLB_STATS_API_SCHEDULE","false","false","false","686613","Hunter Brown","4","5.2","24","101","false","682052","Jacob Lopez","9","6.0","23","91","false","0","1"
"824316","2026-08-22","8:10 PM ET","Colorado Rockies","Cleveland Guardians","Coors Field","Final","true","R","MLB_STATS_API_SCHEDULE","false","false","false","687312","Gabriel Hughes","2","5.0","21","86","false","676440","Tanner Bibee","6","6.0","24","96","false","0","1"
"824560","2026-08-22","7:10 PM ET","Chicago White Sox","New York Mets","Rate Field","Final","true","R","MLB_STATS_API_SCHEDULE","false","false","false","622491","Luis Castillo","3","2.2","17","80","false","681035","Christian Scott","6","4.2","23","94","false","0","1"
"824718","2026-08-22","7:15 PM ET","Boston Red Sox","San Francisco Giants","Fenway Park","Final","true","R","MLB_STATS_API_SCHEDULE","false","false","false","663776","Patrick Sandoval","6","5.2","24","93","false","694918","Blade Tidwell","7","5.2","21","93","false","0","1"
"824798","2026-08-22","7:05 PM ET","Baltimore Orioles","Tampa Bay Rays","Oriole Park at Camden Yards","Final","true","R","MLB_STATS_API_SCHEDULE","false","false","false","687064","Brandon Young","3","5.2","22","84","false","663556","Shane McClanahan","5","5.0","20","74","false","0","1"
"825044","2026-08-22","8:10 PM ET","Arizona Diamondbacks","Cincinnati Reds","Chase Field","Final","true","R","MLB_STATS_API_SCHEDULE","false","false","false","647336","Michael Soroka","3","3.1","20","84","false","695076","Rhett Lowder","1","6.0","26","92","false","0","1"
"822856","2026-08-23","2:35 PM ET","Texas Rangers","Los Angeles Angels","Globe Life Field","Final","true","R","MLB_STATS_API_SCHEDULE","false","false","false","615698","Cal Quantrill","6","6.0","24","96","false","579328","Yusei Kikuchi","4","5.0","23","89","false","0","1"
"823099","2026-08-23","4:10 PM ET","Seattle Mariners","Chicago Cubs","T-Mobile Park","Final","true","R","MLB_STATS_API_SCHEDULE","false","false","false","682243","Bryce Miller","5","4.1","22","104","false","684007","Shota Imanaga","4","2.0","14","72","false","0","1"
"823258","2026-08-23","4:10 PM ET","San Diego Padres","Minnesota Twins","Petco Park","Final","true","R","MLB_STATS_API_SCHEDULE","false","false","false","621111","Walker Buehler","4","6.0","20","86","false","641927","Bailey Ober","3","5.0","22","87","false","0","1"
"823421","2026-08-23","1:35 PM ET","Philadelphia Phillies","St. Louis Cardinals","Citizens Bank Park","Final","true","R","MLB_STATS_API_SCHEDULE","false","false","false","650911","Cristopher Sánchez","7","6.2","28","103","false","681517","Kyle Leahy","4","4.0","15","63","false","0","1"
"823507","2026-08-23","1:35 PM ET","New York Yankees","Toronto Blue Jays","Yankee Stadium","Final","true","R","MLB_STATS_API_SCHEDULE","false","false","false","607074","Carlos Rodón","2","4.0","17","76","false","667755","José Soriano","7","5.0","25","100","false","0","1"
"823745","2026-08-23","7:10 PM ET","Milwaukee Brewers","Atlanta Braves","Journey Bank Ballpark","Final","true","R","MLB_STATS_API_SCHEDULE","false","false","false","675660","Shane Drohan","5","5.0","23","83","false","641816","Tyler Mahle","4","5.0","24","94","false","0","1"
"823827","2026-08-23","1:40 PM ET","Miami Marlins","Washington Nationals","loanDepot park","","false","R","MLB_STATS_API_SCHEDULE","true","false","true","676083","Janson Junk","","","","","false","800600","Jackson Kent","","","","","false","0","1"
"823909","2026-08-23","4:10 PM ET","Los Angeles Dodgers","Pittsburgh Pirates","UNIQLO Field at Dodger Stadium","Final","true","R","MLB_STATS_API_SCHEDULE","false","false","false","605483","Blake Snell","6","6.0","24","94","false","669199","Lake Bachar","1","2.0","9","35","false","0","1"
"824071","2026-08-23","2:10 PM ET","Kansas City Royals","Detroit Tigers","Kauffman Stadium","Final","true","R","MLB_STATS_API_SCHEDULE","false","false","false","663738","Daniel Lynch IV","2","4.1","17","59","false","621097","Jacob Waguespack","1","1.1","6","30","false","0","1"
"824150","2026-08-23","2:10 PM ET","Houston Astros","Athletics","Daikin Park","Final","true","R","MLB_STATS_API_SCHEDULE","false","false","false","664299","Cristian Javier","8","4.0","18","90","false","669620","Brady Basso","0","1.0","7","22","false","0","1"
"824315","2026-08-23","3:10 PM ET","Colorado Rockies","Cleveland Guardians","Coors Field","Final","true","R","MLB_STATS_API_SCHEDULE","false","false","false","608372","Tomoyuki Sugano","2","3.0","18","92","false","656492","Foster Griffin","4","5.0","22","105","false","0","1"
"824558","2026-08-23","2:10 PM ET","Chicago White Sox","New York Mets","Rate Field","Final","true","R","MLB_STATS_API_SCHEDULE","false","false","false","656794","Sean Newcomb","3","2.0","8","38","false","690997","Nolan McLean","6","6.0","24","92","false","0","1"
"824720","2026-08-23","3:15 PM ET","Boston Red Sox","San Francisco Giants","Fenway Park","Final","true","R","MLB_STATS_API_SCHEDULE","false","false","false","687562","Jake Bennett","6","7.0","29","84","false","683363","Matt Wilkinson","2","3.2","18","66","false","0","1"
"824799","2026-08-23","1:35 PM ET","Baltimore Orioles","Tampa Bay Rays","Oriole Park at Camden Yards","Final","true","R","MLB_STATS_API_SCHEDULE","false","false","false","669358","Shane Baz","3","5.2","22","96","false","607259","Nick Martinez","4","6.0","19","86","false","0","1"
"825043","2026-08-23","4:15 PM ET","Arizona Diamondbacks","Cincinnati Reds","Chase Field","Final","true","R","MLB_STATS_API_SCHEDULE","false","false","false","683352","Mitch Bratt","3","3.0","17","69","false","671096","Andrew Abbott","6","6.0","26","88","false","0","1"
"822695","2026-08-24","6:45 PM ET","Washington Nationals","Colorado Rockies","Nationals Park","Final","true","R","MLB_STATS_API_SCHEDULE","false","false","false","676917","Cade Cavalli","7","6.0","24","93","false","663372","Ryan Feltner","6","5.2","28","103","false","0","1"
"823097","2026-08-24","9:40 PM ET","Seattle Mariners","Philadelphia Phillies","T-Mobile Park","Final","true","R","MLB_STATS_API_SCHEDULE","false","false","false","669302","Logan Gilbert","5","5.0","22","102","false","554430","Zack Wheeler","4","4.0","25","103","false","0","1"
"823183","2026-08-24","9:45 PM ET","San Francisco Giants","Cincinnati Reds","Oracle Park","Final","true","R","MLB_STATS_API_SCHEDULE","false","false","false","687931","Carson Whisenhunt","3","2.2","11","47","false","695505","Chase Burns","5","3.2","19","64","false","0","1"
"823260","2026-08-24","9:40 PM ET","San Diego Padres","Pittsburgh Pirates","Petco Park","Final","true","R","MLB_STATS_API_SCHEDULE","false","false","false","592662","Robbie Ray","5","5.1","22","99","false","677952","Braxton Ashcraft","2","6.0","21","91","false","0","1"
"823828","2026-08-24","6:40 PM ET","Miami Marlins","Boston Red Sox","loanDepot park","Final","true","R","MLB_STATS_API_SCHEDULE","false","false","false","645261","Sandy Alcantara","6","7.0","29","102","false","624133","Ranger Suarez","4","5.0","24","93","false","0","1"
"823992","2026-08-24","9:38 PM ET","Los Angeles Angels","Cleveland Guardians","Angel Stadium","Final","true","R","MLB_STATS_API_SCHEDULE","false","false","false","691946","George Klassen","3","5.1","24","90","false","800048","Parker Messick","4","6.0","21","94","false","0","1"
"824235","2026-08-24","6:40 PM ET","Detroit Tigers","Tampa Bay Rays","Comerica Park","Final","true","R","MLB_STATS_API_SCHEDULE","false","false","false","664285","Framber Valdez","0","6.0","26","84","false","656876","Drew Rasmussen","5","6.0","21","103","false","0","1"
"824557","2026-08-24","7:40 PM ET","Chicago White Sox","Texas Rangers","Rate Field","Final","true","R","MLB_STATS_API_SCHEDULE","false","false","false","664353","José Urquidy","2","3.0","21","93","false","677958","Kumar Rocker","8","5.2","25","93","false","0","1"
"824964","2026-08-24","9:40 PM ET","Athletics","Minnesota Twins","Sutter Health Park","Final","true","R","MLB_STATS_API_SCHEDULE","false","false","false","605488","Jeffrey Springs","3","4.2","23","89","false","805673","Zebby Matthews","7","7.0","27","105","false","0","1"
"825041","2026-08-24","9:40 PM ET","Arizona Diamondbacks","Chicago Cubs","Chase Field","Final","true","R","MLB_STATS_API_SCHEDULE","false","false","false","518876","Merrill Kelly","4","5.2","25","99","false","592332","Kevin Gausman","6","7.0","24","94","false","0","1"
"822693","2026-08-25","6:45 PM ET","Washington Nationals","Colorado Rockies","Nationals Park","Final","true","R","MLB_STATS_API_SCHEDULE","true","true","false","674841","Andrew Alvarez","6","4.2","20","81","false","690279","Mason Adams","5","4.0","18","75","false","0","1"
"822773","2026-08-25","7:07 PM ET","Toronto Blue Jays","Kansas City Royals","Rogers Centre","Final","true","R","MLB_STATS_API_SCHEDULE","true","true","false","453286","Max Scherzer","4","5.0","23","92","false","607625","Seth Lugo","5","5.0","21","89","false","0","1"
"823016","2026-08-25","7:45 PM ET","St. Louis Cardinals","Baltimore Orioles","Busch Stadium","Final","true","R","MLB_STATS_API_SCHEDULE","true","true","false","669461","Matthew Liberatore","7","4.0","22","91","false","605135","Chris Bassitt","5","6.2","26","99","false","0","1"
"823098","2026-08-25","9:40 PM ET","Seattle Mariners","Philadelphia Phillies","T-Mobile Park","Final","true","R","MLB_STATS_API_SCHEDULE","true","true","false","669923","George Kirby","9","7.2","30","92","false","605400","Aaron Nola","7","6.0","23","92","false","0","1"
"823181","2026-08-25","9:45 PM ET","San Francisco Giants","Cincinnati Reds","Oracle Park","Final","true","R","MLB_STATS_API_SCHEDULE","true","true","false","605288","Adrian Houser","2","1.2","6","26","false","663903","Brady Singer","5","5.2","28","91","false","0","1"
"823259","2026-08-25","9:40 PM ET","San Diego Padres","Pittsburgh Pirates","Petco Park","Final","true","R","MLB_STATS_API_SCHEDULE","true","true","false","650633","Michael King","7","7.0","26","98","false","694973","Paul Skenes","4","6.0","21","87","false","0","1"
"823505","2026-08-25","7:05 PM ET","New York Yankees","Houston Astros","Yankee Stadium","Final","true","R","MLB_STATS_API_SCHEDULE","true","true","false","701542","Will Warren","4","5.0","24","97","false","814490","Ethan Pecko","1","4.1","21","88","false","0","1"
"823585","2026-08-25","7:10 PM ET","New York Mets","Milwaukee Brewers","Citi Field","Final","true","R","MLB_STATS_API_SCHEDULE","true","true","false","804267","Zac Thornton","4","6.0","23","89","false","690986","Kyle Harrison","5","5.0","21","90","false","0","1"
"823826","2026-08-25","6:40 PM ET","Miami Marlins","Boston Red Sox","loanDepot park","Final","true","R","MLB_STATS_API_SCHEDULE","true","true","false","663969","Tyler Phillips","7","4.2","20","84","false","801139","Payton Tolle","7","5.1","22","97","false","0","1"
"823989","2026-08-25","9:38 PM ET","Los Angeles Angels","Cleveland Guardians","Angel Stadium","Final","true","R","MLB_STATS_API_SCHEDULE","true","true","false","700712","Walbert Ureña","3","3.2","21","89","false","668909","Gavin Williams","3","1.1","11","62","false","0","1"
"824233","2026-08-25","6:40 PM ET","Detroit Tigers","Tampa Bay Rays","Comerica Park","Final","true","R","MLB_STATS_API_SCHEDULE","true","true","false","695549","Jackson Jobe","4","4.1","19","86","false","668984","Casey Legumina","2","2.1","8","27","false","0","1"
"824556","2026-08-25","7:40 PM ET","Chicago White Sox","Texas Rangers","Rate Field","Final","true","R","MLB_STATS_API_SCHEDULE","true","true","false","641743","Anthony Kay","4","4.2","23","99","false","594798","Jacob deGrom","2","3.2","22","87","false","0","1"
"824881","2026-08-25","7:15 PM ET","Atlanta Braves","Los Angeles Dodgers","Truist Park","Final","true","R","MLB_STATS_API_SCHEDULE","true","true","false","693821","Bryce Elder","5","6.0","27","98","false","607192","Tyler Glasnow","7","5.0","21","89","false","0","1"
"824962","2026-08-25","9:40 PM ET","Athletics","Minnesota Twins","Sutter Health Park","Final","true","R","MLB_STATS_API_SCHEDULE","true","true","false","695611","Gage Jump","9","6.1","24","94","false","671737","Taj Bradley","11","6.2","28","99","false","0","1"
"825042","2026-08-25","9:40 PM ET","Arizona Diamondbacks","Chicago Cubs","Chase Field","Final","true","R","MLB_STATS_API_SCHEDULE","true","true","false","694297","Brandon Pfaadt","3","6.2","28","103","false","605280","Clay Holmes","5","7.0","25","93","false","0","1"
"822692","2026-08-26","6:45 PM ET","Washington Nationals","Colorado Rockies","Nationals Park","Manager challenge","false","R","MLB_STATS_API_SCHEDULE","true","true","true","663362","Matt Waldron","","","","","false","685299","Tanner Gordon","","","","","false","0","1"
"822772","2026-08-26","7:07 PM ET","Toronto Blue Jays","Kansas City Royals","Rogers Centre","Warmup","false","R","MLB_STATS_API_SCHEDULE","true","true","true","693686","Spencer Miles","","","","","false","677976","Randy Dobnak","","","","","false","0","1"
"823015","2026-08-26","7:45 PM ET","St. Louis Cardinals","Baltimore Orioles","Busch Stadium","Pre-Game","false","R","MLB_STATS_API_SCHEDULE","true","true","true","700241","Michael McGreevy","","","","","false","680694","Kyle Bradish","","","","","false","0","1"
"823096","2026-08-26","4:10 PM ET","Seattle Mariners","Philadelphia Phillies","T-Mobile Park","Final","true","R","MLB_STATS_API_SCHEDULE","true","true","true","693433","Bryan Woo","5","4.0","18","76","true","666200","Jesús Luzardo","9","7.0","25","104","true","2","1"
"823180","2026-08-26","3:45 PM ET","San Francisco Giants","Cincinnati Reds","Oracle Park","Game Over","true","R","MLB_STATS_API_SCHEDULE","true","true","true","657277","Logan Webb","6","6.0","25","97","true","666157","Nick Lodolo","5","4.0","21","95","true","2","1"
"823255","2026-08-26","4:10 PM ET","San Diego Padres","Pittsburgh Pirates","Petco Park","Game Over","true","R","MLB_STATS_API_SCHEDULE","true","true","true","681190","Randy Vásquez","2","5.0","18","68","true","696149","Bubba Chandler","3","5.2","22","83","true","2","1"
"823506","2026-08-26","7:05 PM ET","New York Yankees","Houston Astros","Yankee Stadium","Warmup","false","R","MLB_STATS_API_SCHEDULE","true","true","true","695684","Elmer Rodríguez","","","","","false","663567","Peter Lambert","","","","","false","0","1"
"823584","2026-08-26","7:10 PM ET","New York Mets","Milwaukee Brewers","Citi Field","Warmup","false","R","MLB_STATS_API_SCHEDULE","true","true","true","476594","Robert Stock","","","","","false","669160","Dustin May","","","","","false","0","1"
"823825","2026-08-26","6:40 PM ET","Miami Marlins","Boston Red Sox","loanDepot park","Game Over","true","R","MLB_STATS_API_SCHEDULE","true","false","true","687473","Ryan Gusto","2","","","","false","543243","Sonny Gray","5","","","","false","0","1"
"823988","2026-08-26","4:07 PM ET","Los Angeles Angels","Cleveland Guardians","Angel Stadium","Game Over","true","R","MLB_STATS_API_SCHEDULE","true","true","true","680570","Grayson Rodriguez","4","5.2","24","92","true","676282","Joey Cantillo","1","6.0","25","92","true","2","1"
"824234","2026-08-26","1:10 PM ET","Detroit Tigers","Tampa Bay Rays","Comerica Park","Game Over","true","R","MLB_STATS_API_SCHEDULE","true","false","true","675512","Troy Melton","4","","","","false","642547","Freddy Peralta","4","","","","false","0","1"
"824555","2026-08-26","7:40 PM ET","Chicago White Sox","Texas Rangers","Rate Field","Pre-Game","false","R","MLB_STATS_API_SCHEDULE","true","true","true","680732","Sean Burke","","","","","false","669022","MacKenzie Gore","","","","","false","0","1"
"824878","2026-08-26","7:15 PM ET","Atlanta Braves","Los Angeles Dodgers","Truist Park","Warmup","false","R","MLB_STATS_API_SCHEDULE","true","true","true","700363","AJ Smith-Shawver","","","","","false","808963","Roki Sasaki","","","","","false","0","1"
"824963","2026-08-26","9:05 PM ET","Athletics","Minnesota Twins","Sutter Health Park","Pre-Game","false","R","MLB_STATS_API_SCHEDULE","true","true","true","669372","J.T. Ginn","","","","","false","687570","Connor Prielipp","","","","","false","0","1"
"825039","2026-08-26","3:40 PM ET","Arizona Diamondbacks","Chicago Cubs","Chase Field","Final","true","R","MLB_STATS_API_SCHEDULE","true","true","true","593958","Eduardo Rodriguez","9","","","","true","571510","Matthew Boyd","5","","","","true","2","1"
"822694","2026-08-27","1:05 PM ET","Washington Nationals","Colorado Rockies","Nationals Park","Scheduled","false","R","MLB_STATS_API_SCHEDULE","true","false","true","663623","Jake Irvin","","","","","false","687312","Gabriel Hughes","","","","","false","0","1"
"822771","2026-08-27","7:07 PM ET","Toronto Blue Jays","Kansas City Royals","Rogers Centre","Scheduled","false","R","MLB_STATS_API_SCHEDULE","true","false","true","681293","Spencer Arrighetti","","","","","false","702070","Noah Cameron","","","","","false","0","1"
"823014","2026-08-27","2:15 PM ET","St. Louis Cardinals","Baltimore Orioles","Busch Stadium","Scheduled","false","R","MLB_STATS_API_SCHEDULE","true","false","true","","Por definir","","","","","false","669432","Trevor Rogers","","","","","false","0","1"
"823179","2026-08-27","9:45 PM ET","San Francisco Giants","Arizona Diamondbacks","Oracle Park","Scheduled","false","R","MLB_STATS_API_SCHEDULE","true","false","true","","Por definir","","","","","false","","Por definir","","","","","false","0","1"
"823503","2026-08-27","7:05 PM ET","New York Yankees","Houston Astros","Yankee Stadium","Scheduled","false","R","MLB_STATS_API_SCHEDULE","true","false","true","543037","Gerrit Cole","","","","","false","669713","Hayden Wesneski","","","","","false","0","1"
"823581","2026-08-27","7:10 PM ET","New York Mets","Milwaukee Brewers","Citi Field","Scheduled","false","R","MLB_STATS_API_SCHEDULE","true","false","true","640455","Sean Manaea","","","","","false","694819","Jacob Misiorowski","","","","","false","0","1"
"824879","2026-08-27","7:15 PM ET","Atlanta Braves","Los Angeles Dodgers","Truist Park","Scheduled","false","R","MLB_STATS_API_SCHEDULE","true","false","true","519242","Chris Sale","","","","","false","808967","Yoshinobu Yamamoto","","","","","false","0","1"
"822691","2026-08-28","6:45 PM ET","Washington Nationals","Miami Marlins","Nationals Park","Scheduled","false","R","MLB_STATS_API_SCHEDULE","true","false","true","800600","Jackson Kent","","","","","false","691587","Eury Pérez","","","","","false","0","1"
"822769","2026-08-28","7:15 PM ET","Toronto Blue Jays","Seattle Mariners","Rogers Centre","Scheduled","false","R","MLB_STATS_API_SCHEDULE","true","false","true","656302","Dylan Cease","","","","","false","","Por definir","","","","","false","0","1"
"822935","2026-08-28","7:10 PM ET","Tampa Bay Rays","San Diego Padres","Tropicana Field","Scheduled","false","R","MLB_STATS_API_SCHEDULE","true","false","true","","Por definir","","","","","false","","Por definir","","","","","false","0","1"
"823013","2026-08-28","8:15 PM ET","St. Louis Cardinals","Pittsburgh Pirates","Busch Stadium","Scheduled","false","R","MLB_STATS_API_SCHEDULE","true","false","true","687273","Quinn Mathews","","","","","false","683003","Jared Jones","","","","","false","0","1"
"823504","2026-08-28","7:15 PM ET","New York Yankees","Boston Red Sox","Yankee Stadium","Scheduled","false","R","MLB_STATS_API_SCHEDULE","true","false","true","693645","Cam Schlittler","","","","","false","663776","Patrick Sandoval","","","","","false","0","1"
"823583","2026-08-28","7:10 PM ET","New York Mets","Houston Astros","Citi Field","Scheduled","false","R","MLB_STATS_API_SCHEDULE","true","false","true","681035","Christian Scott","","","","","false","686613","Hunter Brown","","","","","false","0","1"
"823666","2026-08-28","8:10 PM ET","Minnesota Twins","Chicago White Sox","Target Field","Scheduled","false","R","MLB_STATS_API_SCHEDULE","true","false","true","665152","Dean Kremer","","","","","false","622491","Luis Castillo","","","","","false","0","1"
"823744","2026-08-28","7:40 PM ET","Milwaukee Brewers","Texas Rangers","American Family Field","Scheduled","false","R","MLB_STATS_API_SCHEDULE","true","false","true","701656","Logan Henderson","","","","","false","674003","Cody Bradford","","","","","false","0","1"
"824231","2026-08-28","6:40 PM ET","Detroit Tigers","Los Angeles Dodgers","Comerica Park","Scheduled","false","R","MLB_STATS_API_SCHEDULE","true","false","true","623454","Drew Anderson","","","","","false","669373","Tarik Skubal","","","","","false","0","1"
"824396","2026-08-28","7:10 PM ET","Cleveland Guardians","Kansas City Royals","Progressive Field","Scheduled","false","R","MLB_STATS_API_SCHEDULE","true","false","true","676440","Tanner Bibee","","","","","false","608379","Michael Wacha","","","","","false","0","1"
"824638","2026-08-28","2:20 PM ET","Chicago Cubs","Cincinnati Reds","Wrigley Field","Scheduled","false","R","MLB_STATS_API_SCHEDULE","true","false","true","656849","David Peterson","","","","","false","695076","Rhett Lowder","","","","","false","0","1"
"824877","2026-08-28","7:15 PM ET","Atlanta Braves","Colorado Rockies","Truist Park","Scheduled","false","R","MLB_STATS_API_SCHEDULE","true","false","true","656550","Grant Holmes","","","","","false","608372","Tomoyuki Sugano","","","","","false","0","1"