game_id,game_date,scheduled_time_et,snapshot_captured_at,snapshot_classification,home_team,away_team,venue,game_type,game_type_source,home_pregame_pitcher_id,home_pregame_pitcher_name,home_final_pitcher_id,home_final_pitcher_name,home_actual_k,home_match_status,home_in_official_dataset,away_pregame_pitcher_id,away_pregame_pitcher_name,away_final_pitcher_id,away_final_pitcher_name,away_actual_k,away_match_status,away_in_official_dataset,any_defendible_observation,defendible_observation_count
"822726","2026-06-12","6:45 PM ET","2026-06-12T21:09:32.033Z","A","Washington Nationals","Seattle Mariners","Nationals Park","R","MLB_STATS_API_SCHEDULE","","Zack Littell","","Zack Littell","","PREGAME_ID_MISSING","false","","Bryce Miller","","Bryce Miller","","PREGAME_ID_MISSING","false","false","0"
"822803","2026-06-12","7:37 PM ET","2026-06-12T21:09:48.348Z","A","Toronto Blue Jays","New York Yankees","Rogers Centre","R","MLB_STATS_API_SCHEDULE","","Trey Yesavage","","Trey Yesavage","","PREGAME_ID_MISSING","false","","Ryan Weathers","","Ryan Weathers","","PREGAME_ID_MISSING","false","false","0"
"823211","2026-06-12","10:15 PM ET","2026-06-13T01:26:01.805Z","A","San Francisco Giants","Chicago Cubs","Oracle Park","R","MLB_STATS_API_SCHEDULE","","Landen Roupp","","Landen Roupp","","PREGAME_ID_MISSING","false","","Javier Assad","","Javier Assad","","PREGAME_ID_MISSING","false","false","0"
"823370","2026-06-12","6:40 PM ET","2026-06-12T21:11:23.533Z","A","Pittsburgh Pirates","Miami Marlins","PNC Park","R","MLB_STATS_API_SCHEDULE","","Braxton Ashcraft","","Braxton Ashcraft","","PREGAME_ID_MISSING","false","","Sandy Alcantara","","Sandy Alcantara","","PREGAME_ID_MISSING","false","false","0"
"823617","2026-06-12","7:15 PM ET","2026-06-12T21:09:45.644Z","A","New York Mets","Atlanta Braves","Citi Field","R","MLB_STATS_API_SCHEDULE","","Nolan McLean","","Nolan McLean","","PREGAME_ID_MISSING","false","","Spencer Strider","","Spencer Strider","","PREGAME_ID_MISSING","false","false","0"
"823695","2026-06-12","8:10 PM ET","2026-06-12T23:38:29.896Z","A","Minnesota Twins","St. Louis Cardinals","Target Field","R","MLB_STATS_API_SCHEDULE","","Joe Ryan","","Joe Ryan","","PREGAME_ID_MISSING","false","","Kyle Leahy","","Kyle Leahy","","PREGAME_ID_MISSING","false","false","0"
"823778","2026-06-12","7:40 PM ET","2026-06-12T23:38:30.396Z","A","Milwaukee Brewers","Philadelphia Phillies","American Family Field","R","MLB_STATS_API_SCHEDULE","","Jacob Misiorowski","","Jacob Misiorowski","","PREGAME_ID_MISSING","false","","Tanner Banks","","Tanner Banks","","PREGAME_ID_MISSING","false","false","0"
"824020","2026-06-12","9:38 PM ET","2026-06-13T01:25:57.510Z","A","Los Angeles Angels","Tampa Bay Rays","Angel Stadium","R","MLB_STATS_API_SCHEDULE","","Sam Aldegheri","","Sam Aldegheri","","PREGAME_ID_MISSING","false","","Shane McClanahan","","Shane McClanahan","","PREGAME_ID_MISSING","false","false","0"
"824102","2026-06-12","8:10 PM ET","2026-06-12T21:09:56.448Z","A","Kansas City Royals","Houston Astros","Kauffman Stadium","R","MLB_STATS_API_SCHEDULE","","Luinder Avila","","Luinder Avila","","PREGAME_ID_MISSING","false","","Tatsuya Imai","","Tatsuya Imai","","PREGAME_ID_MISSING","false","false","0"
"824425","2026-06-12","7:10 PM ET","2026-06-12T21:09:37.345Z","A","Cleveland Guardians","Detroit Tigers","Progressive Field","R","MLB_STATS_API_SCHEDULE","","Tanner Bibee","","Tanner Bibee","","PREGAME_ID_MISSING","false","","Jack Flaherty","","Jack Flaherty","","PREGAME_ID_MISSING","false","false","0"
"824507","2026-06-12","7:15 PM ET","2026-06-12T21:09:42.945Z","A","Cincinnati Reds","Arizona Diamondbacks","Great American Ball Park","R","MLB_STATS_API_SCHEDULE","","Nick Lodolo","","Nick Lodolo","","PREGAME_ID_MISSING","false","","Eduardo Rodriguez","","Eduardo Rodriguez","","PREGAME_ID_MISSING","false","false","0"
"824588","2026-06-12","7:40 PM ET","2026-06-12T21:09:50.952Z","A","Chicago White Sox","Los Angeles Dodgers","Rate Field","R","MLB_STATS_API_SCHEDULE","","Anthony Kay","","Anthony Kay","","PREGAME_ID_MISSING","false","","Roki Sasaki","","Roki Sasaki","","PREGAME_ID_MISSING","false","false","0"
"824752","2026-06-12","7:10 PM ET","2026-06-12T21:09:40.151Z","A","Boston Red Sox","Texas Rangers","Fenway Park","R","MLB_STATS_API_SCHEDULE","","Sonny Gray","","Sonny Gray","","PREGAME_ID_MISSING","false","","Jack Leiter","","Jack Leiter","","PREGAME_ID_MISSING","false","false","0"
"824826","2026-06-12","7:05 PM ET","2026-06-12T21:09:34.554Z","A","Baltimore Orioles","San Diego Padres","Oriole Park at Camden Yards","R","MLB_STATS_API_SCHEDULE","","Shane Baz","","Shane Baz","","PREGAME_ID_MISSING","false","","Griffin Canning","","Griffin Canning","","PREGAME_ID_MISSING","false","false","0"
"824997","2026-06-12","10:05 PM ET","2026-06-13T01:25:59.616Z","A","Athletics","Colorado Rockies","Las Vegas Ballpark","R","MLB_STATS_API_SCHEDULE","","Gage Jump","","Gage Jump","","PREGAME_ID_MISSING","false","","Sean Sullivan","","Sean Sullivan","","PREGAME_ID_MISSING","false","false","0"
"822725","2026-06-13","4:05 PM ET","2026-06-13T15:25:39.666Z","A","Washington Nationals","Seattle Mariners","Nationals Park","R","MLB_STATS_API_SCHEDULE","","Cade Cavalli","","Cade Cavalli","","PREGAME_ID_MISSING","false","","Luis Castillo","","Luis Castillo","","PREGAME_ID_MISSING","false","false","0"
"822802","2026-06-13","3:07 PM ET","2026-06-13T13:14:40.688Z","A","Toronto Blue Jays","New York Yankees","Rogers Centre","R","MLB_STATS_API_SCHEDULE","","Kevin Gausman","","Kevin Gausman","","PREGAME_ID_MISSING","false","","Cam Schlittler","","Cam Schlittler","","PREGAME_ID_MISSING","false","false","0"
"823213","2026-06-13","10:05 PM ET","2026-06-14T00:28:35.021Z","A","San Francisco Giants","Chicago Cubs","Oracle Park","R","MLB_STATS_API_SCHEDULE","","Trevor McDonald","","Trevor McDonald","","PREGAME_ID_MISSING","false","","Ben Brown","","Ben Brown","","PREGAME_ID_MISSING","false","false","0"
"823369","2026-06-13","4:05 PM ET","2026-06-13T15:26:29.415Z","A","Pittsburgh Pirates","Miami Marlins","PNC Park","R","MLB_STATS_API_SCHEDULE","","Bubba Chandler","","Bubba Chandler","","PREGAME_ID_MISSING","false","","Lake Bachar","","Lake Bachar","","PREGAME_ID_MISSING","false","false","0"
"823616","2026-06-13","4:10 PM ET","2026-06-13T15:25:46.985Z","A","New York Mets","Atlanta Braves","Citi Field","R","MLB_STATS_API_SCHEDULE","","Por definir","","Sean Manaea","","PREGAME_ID_MISSING","false","","Martín Pérez","","Martín Pérez","","PREGAME_ID_MISSING","false","false","0"
"823694","2026-06-13","2:10 PM ET","2026-06-13T13:14:37.691Z","A","Minnesota Twins","St. Louis Cardinals","Target Field","R","MLB_STATS_API_SCHEDULE","","Connor Prielipp","","Connor Prielipp","","PREGAME_ID_MISSING","false","","Matthew Liberatore","","Matthew Liberatore","","PREGAME_ID_MISSING","false","false","0"
"823776","2026-06-13","7:10 PM ET","2026-06-13T15:25:53.933Z","A","Milwaukee Brewers","Philadelphia Phillies","American Family Field","R","MLB_STATS_API_SCHEDULE","","Shane Drohan","","Shane Drohan","","PREGAME_ID_MISSING","false","","Aaron Nola","","Aaron Nola","","PREGAME_ID_MISSING","false","false","0"
"824019","2026-06-13","10:07 PM ET","2026-06-14T00:28:37.635Z","A","Los Angeles Angels","Tampa Bay Rays","Angel Stadium","R","MLB_STATS_API_SCHEDULE","","José Soriano","","José Soriano","","PREGAME_ID_MISSING","false","","Griffin Jax","","Griffin Jax","","PREGAME_ID_MISSING","false","false","0"
"824100","2026-06-13","7:10 PM ET","2026-06-13T22:57:22.602Z","A","Kansas City Royals","Houston Astros","Kauffman Stadium","R","MLB_STATS_API_SCHEDULE","","Noah Cameron","","Noah Cameron","","PREGAME_ID_MISSING","false","","Mike Burrows","","Mike Burrows","","PREGAME_ID_MISSING","false","false","0"
"824426","2026-06-13","4:10 PM ET","2026-06-13T14:05:56.594Z","A","Cleveland Guardians","Detroit Tigers","Progressive Field","R","MLB_STATS_API_SCHEDULE","","Joey Cantillo","","Joey Cantillo","","PREGAME_ID_MISSING","false","","Tarik Skubal","","Tarik Skubal","","PREGAME_ID_MISSING","false","false","0"
"824508","2026-06-13","4:10 PM ET","2026-06-13T13:14:51.089Z","A","Cincinnati Reds","Arizona Diamondbacks","Great American Ball Park","R","MLB_STATS_API_SCHEDULE","","Rhett Lowder","","Rhett Lowder","","PREGAME_ID_MISSING","false","","Michael Soroka","","Michael Soroka","","PREGAME_ID_MISSING","false","false","0"
"824587","2026-06-13","4:10 PM ET","2026-06-13T13:15:01.426Z","A","Chicago White Sox","Los Angeles Dodgers","Rate Field","R","MLB_STATS_API_SCHEDULE","","Sean Burke","","Sean Burke","","PREGAME_ID_MISSING","false","","Yoshinobu Yamamoto","","Yoshinobu Yamamoto","","PREGAME_ID_MISSING","false","false","0"
"824749","2026-06-13","4:10 PM ET","2026-06-13T13:14:56.241Z","A","Boston Red Sox","Texas Rangers","Fenway Park","R","MLB_STATS_API_SCHEDULE","","Ranger Suarez","","Ranger Suarez","","PREGAME_ID_MISSING","false","","Jacob deGrom","","Jacob deGrom","","PREGAME_ID_MISSING","false","false","0"
"824828","2026-06-13","4:05 PM ET","2026-06-13T15:26:04.012Z","A","Baltimore Orioles","San Diego Padres","Oriole Park at Camden Yards","R","MLB_STATS_API_SCHEDULE","","Trey Gibson","","Trey Gibson","","PREGAME_ID_MISSING","false","","Randy Vásquez","","Randy Vásquez","","PREGAME_ID_MISSING","false","false","0"
"824995","2026-06-13","10:05 PM ET","2026-06-14T00:28:31.630Z","A","Athletics","Colorado Rockies","Las Vegas Ballpark","R","MLB_STATS_API_SCHEDULE","","Joey Estes","","Joey Estes","","PREGAME_ID_MISSING","false","","Kyle Freeland","","Kyle Freeland","","PREGAME_ID_MISSING","false","false","0"
"822722","2026-06-14","1:35 PM ET","2026-06-14T17:29:09.101Z","A","Washington Nationals","Seattle Mariners","Nationals Park","R","MLB_STATS_API_SCHEDULE","","PJ Poulin","","PJ Poulin","","PREGAME_ID_MISSING","false","","Emerson Hancock","","Emerson Hancock","","PREGAME_ID_MISSING","false","false","0"
"822801","2026-06-14","1:37 PM ET","2026-06-14T17:29:11.819Z","A","Toronto Blue Jays","New York Yankees","Rogers Centre","R","MLB_STATS_API_SCHEDULE","","Patrick Corbin","","Patrick Corbin","","PREGAME_ID_MISSING","false","","Will Warren","","Will Warren","","PREGAME_ID_MISSING","false","false","0"
"823212","2026-06-14","3:10 PM ET","2026-06-14T18:09:00.920Z","A","San Francisco Giants","Chicago Cubs","Oracle Park","R","MLB_STATS_API_SCHEDULE","","Logan Webb","","Logan Webb","","PREGAME_ID_MISSING","false","","Ryan Rolison","","Ryan Rolison","","PREGAME_ID_MISSING","false","false","0"
"823368","2026-06-14","12:15 PM ET","2026-06-14T15:58:52.154Z","A","Pittsburgh Pirates","Miami Marlins","PNC Park","R","MLB_STATS_API_SCHEDULE","","Paul Skenes","","Paul Skenes","","PREGAME_ID_MISSING","false","","Max Meyer","","Max Meyer","","PREGAME_ID_MISSING","false","false","0"
"823615","2026-06-14","1:40 PM ET","2026-06-14T17:29:18.713Z","A","New York Mets","Atlanta Braves","Citi Field","R","MLB_STATS_API_SCHEDULE","","Freddy Peralta","","Freddy Peralta","","PREGAME_ID_MISSING","false","","Bryce Elder","","Bryce Elder","","PREGAME_ID_MISSING","false","false","0"
"823693","2026-06-14","2:10 PM ET","2026-06-14T18:08:54.703Z","A","Minnesota Twins","St. Louis Cardinals","Target Field","R","MLB_STATS_API_SCHEDULE","","Taj Bradley","","Taj Bradley","","PREGAME_ID_MISSING","false","","Michael McGreevy","","Michael McGreevy","","PREGAME_ID_MISSING","false","false","0"
"823777","2026-06-14","2:10 PM ET","2026-06-14T18:08:57.842Z","A","Milwaukee Brewers","Philadelphia Phillies","American Family Field","R","MLB_STATS_API_SCHEDULE","","Kyle Harrison","","Kyle Harrison","","PREGAME_ID_MISSING","false","","Cristopher Sánchez","","Cristopher Sánchez","","PREGAME_ID_MISSING","false","false","0"
"824021","2026-06-14","4:07 PM ET","2026-06-14T19:13:32.295Z","A","Los Angeles Angels","Tampa Bay Rays","Angel Stadium","R","MLB_STATS_API_SCHEDULE","","Grayson Rodriguez","","Grayson Rodriguez","","PREGAME_ID_MISSING","false","","Casey Legumina","","Casey Legumina","","PREGAME_ID_MISSING","false","false","0"
"824099","2026-06-14","2:10 PM ET","2026-06-14T18:08:52.997Z","A","Kansas City Royals","Houston Astros","Kauffman Stadium","R","MLB_STATS_API_SCHEDULE","","Stephen Kolek","","Stephen Kolek","","PREGAME_ID_MISSING","false","","Spencer Arrighetti","","Spencer Arrighetti","","PREGAME_ID_MISSING","false","false","0"
"824506","2026-06-14","1:40 PM ET","2026-06-14T17:29:15.605Z","A","Cincinnati Reds","Arizona Diamondbacks","Great American Ball Park","R","MLB_STATS_API_SCHEDULE","","Andrew Abbott","","Andrew Abbott","","PREGAME_ID_MISSING","false","","Zac Gallen","","Zac Gallen","","PREGAME_ID_MISSING","false","false","0"
"824586","2026-06-14","2:10 PM ET","2026-06-14T18:08:56.459Z","A","Chicago White Sox","Los Angeles Dodgers","Rate Field","R","MLB_STATS_API_SCHEDULE","","Bryan Hudson","","Bryan Hudson","","PREGAME_ID_MISSING","false","","Emmet Sheehan","","Emmet Sheehan","","PREGAME_ID_MISSING","false","false","0"
"824751","2026-06-14","7:20 PM ET","2026-06-14T19:13:34.763Z","A","Boston Red Sox","Texas Rangers","Fenway Park","R","MLB_STATS_API_SCHEDULE","","Connelly Early","","Connelly Early","","PREGAME_ID_MISSING","false","","Nathan Eovaldi","","Nathan Eovaldi","","PREGAME_ID_MISSING","false","false","0"
"824823","2026-06-14","1:35 PM ET","2026-06-14T17:29:05.514Z","A","Baltimore Orioles","San Diego Padres","Oriole Park at Camden Yards","R","MLB_STATS_API_SCHEDULE","","Trevor Rogers","","Trevor Rogers","","PREGAME_ID_MISSING","false","","Walker Buehler","","Walker Buehler","","PREGAME_ID_MISSING","false","false","0"
"824994","2026-06-14","3:05 PM ET","2026-06-14T18:08:59.291Z","A","Athletics","Colorado Rockies","Las Vegas Ballpark","R","MLB_STATS_API_SCHEDULE","","Jeffrey Springs","","Jeffrey Springs","","PREGAME_ID_MISSING","false","","Tomoyuki Sugano","","Tomoyuki Sugano","","PREGAME_ID_MISSING","false","false","0"
"822724","2026-06-15","6:45 PM ET","2026-06-15T22:24:06.844Z","A","Washington Nationals","Kansas City Royals","Nationals Park","R","MLB_STATS_API_SCHEDULE","","Andrew Alvarez","674841","Andrew Alvarez","","PREGAME_ID_MISSING","false","","Mitch Spence","687765","Mitch Spence","","PREGAME_ID_MISSING","false","false","0"
"822887","2026-06-15","8:05 PM ET","2026-06-16T00:01:18.037Z","A","Texas Rangers","Minnesota Twins","Globe Life Field","R","MLB_STATS_API_SCHEDULE","","MacKenzie Gore","669022","MacKenzie Gore","","PREGAME_ID_MISSING","false","","Mike Paredes","702474","Mike Paredes","","PREGAME_ID_MISSING","false","false","0"
"823046","2026-06-15","7:45 PM ET","2026-06-15T22:24:13.045Z","A","St. Louis Cardinals","San Diego Padres","Busch Stadium","R","MLB_STATS_API_SCHEDULE","","Dustin May","669160","Dustin May","","PREGAME_ID_MISSING","false","","Wandy Peralta","593974","Wandy Peralta","","PREGAME_ID_MISSING","false","false","0"
"823452","2026-06-15","6:40 PM ET","2026-06-15T22:24:03.958Z","A","Philadelphia Phillies","Miami Marlins","Citizens Bank Park","R","MLB_STATS_API_SCHEDULE","","Zack Wheeler","554430","Zack Wheeler","","PREGAME_ID_MISSING","false","","Ryan Gusto","687473","Ryan Gusto","","PREGAME_ID_MISSING","false","false","0"
"823938","2026-06-15","10:10 PM ET","2026-06-16T01:27:14.039Z","A","Los Angeles Dodgers","Tampa Bay Rays","UNIQLO Field at Dodger Stadium","R","MLB_STATS_API_SCHEDULE","","Eric Lauer","641778","Eric Lauer","","PREGAME_ID_MISSING","false","","Nick Martinez","607259","Nick Martinez","","PREGAME_ID_MISSING","false","false","0"
"824181","2026-06-15","8:10 PM ET","2026-06-16T00:01:20.550Z","A","Houston Astros","Detroit Tigers","Daikin Park","R","MLB_STATS_API_SCHEDULE","","Kai-Wei Teng","678906","Kai-Wei Teng","","PREGAME_ID_MISSING","false","","Drew Anderson","623454","Drew Anderson","","PREGAME_ID_MISSING","false","false","0"
"824505","2026-06-15","7:10 PM ET","2026-06-15T22:24:09.743Z","A","Cincinnati Reds","New York Mets","Great American Ball Park","R","MLB_STATS_API_SCHEDULE","","Chase Burns","695505","Chase Burns","","PREGAME_ID_MISSING","false","","Tobias Myers","668964","Tobias Myers","","PREGAME_ID_MISSING","false","false","0"
"824666","2026-06-15","8:05 PM ET","2026-06-16T00:01:14.827Z","A","Chicago Cubs","Colorado Rockies","Wrigley Field","R","MLB_STATS_API_SCHEDULE","","Shota Imanaga","684007","Shota Imanaga","","PREGAME_ID_MISSING","false","","Michael Lorenzen","547179","Michael Lorenzen","","PREGAME_ID_MISSING","false","false","0"
"824993","2026-06-15","9:40 PM ET","2026-06-16T01:27:11.349Z","A","Athletics","Pittsburgh Pirates","Sutter Health Park","R","MLB_STATS_API_SCHEDULE","","J.T. Ginn","669372","J.T. Ginn","","PREGAME_ID_MISSING","false","","Jared Jones","683003","Jared Jones","","PREGAME_ID_MISSING","false","false","0"
"825071","2026-06-15","9:40 PM ET","2026-06-16T01:27:08.648Z","A","Arizona Diamondbacks","Los Angeles Angels","Chase Field","R","MLB_STATS_API_SCHEDULE","","Ryne Nelson","669194","Ryne Nelson","","PREGAME_ID_MISSING","false","","Walbert Ureña","700712","Walbert Ureña","","PREGAME_ID_MISSING","false","false","0"
"822723","2026-06-16","6:45 PM ET","2026-06-16T20:58:51.800Z","A","Washington Nationals","Kansas City Royals","Nationals Park","R","MLB_STATS_API_SCHEDULE","","Foster Griffin","656492","Foster Griffin","","PREGAME_ID_MISSING","false","","Michael Wacha","608379","Michael Wacha","","PREGAME_ID_MISSING","false","false","0"
"822888","2026-06-16","8:05 PM ET","2026-06-16T23:23:52.660Z","A","Texas Rangers","Minnesota Twins","Globe Life Field","R","MLB_STATS_API_SCHEDULE","","Kumar Rocker","677958","Kumar Rocker","","PREGAME_ID_MISSING","false","","Zebby Matthews","805673","Zebby Matthews","","PREGAME_ID_MISSING","false","false","0"
"823045","2026-06-16","7:45 PM ET","2026-06-16T23:22:34.076Z","A","St. Louis Cardinals","San Diego Padres","Busch Stadium","R","MLB_STATS_API_SCHEDULE","","Andre Pallante","669467","Andre Pallante","","PREGAME_ID_MISSING","false","","Michael King","650633","Michael King","","PREGAME_ID_MISSING","false","false","0"
"823128","2026-06-16","9:40 PM ET","2026-06-16T23:22:46.870Z","A","Seattle Mariners","Baltimore Orioles","T-Mobile Park","R","MLB_STATS_API_SCHEDULE","","Logan Gilbert","669302","Logan Gilbert","","PREGAME_ID_MISSING","false","","Brandon Young","687064","Brandon Young","","PREGAME_ID_MISSING","false","false","0"
"823451","2026-06-16","6:40 PM ET","2026-06-16T20:58:49.583Z","A","Philadelphia Phillies","Miami Marlins","Citizens Bank Park","R","MLB_STATS_API_SCHEDULE","","Jesús Luzardo","666200","Jesús Luzardo","","PREGAME_ID_MISSING","false","","Tyler Phillips","663969","Tyler Phillips","","PREGAME_ID_MISSING","false","false","0"
"823535","2026-06-16","7:05 PM ET","2026-06-16T20:58:57.094Z","A","New York Yankees","Chicago White Sox","Yankee Stadium","R","MLB_STATS_API_SCHEDULE","","Gerrit Cole","543037","Gerrit Cole","","PREGAME_ID_MISSING","false","","Davis Martin","663436","Davis Martin","","PREGAME_ID_MISSING","false","false","0"
"823775","2026-06-16","7:40 PM ET","2026-06-16T23:32:33.272Z","A","Milwaukee Brewers","Cleveland Guardians","American Family Field","R","MLB_STATS_API_SCHEDULE","","Robert Gasser","688107","Robert Gasser","","PREGAME_ID_MISSING","false","","Slade Cecconi","677944","Slade Cecconi","","PREGAME_ID_MISSING","false","false","0"
"823939","2026-06-16","10:10 PM ET","2026-06-16T23:22:49.476Z","A","Los Angeles Dodgers","Tampa Bay Rays","UNIQLO Field at Dodger Stadium","R","MLB_STATS_API_SCHEDULE","","Justin Wrobleski","680736","Justin Wrobleski","","PREGAME_ID_MISSING","false","","Drew Rasmussen","656876","Drew Rasmussen","","PREGAME_ID_MISSING","false","false","0"
"824182","2026-06-16","8:10 PM ET","2026-06-16T23:22:40.572Z","A","Houston Astros","Detroit Tigers","Daikin Park","R","MLB_STATS_API_SCHEDULE","","Hunter Brown","686613","Hunter Brown","","PREGAME_ID_MISSING","false","","Framber Valdez","664285","Framber Valdez","","PREGAME_ID_MISSING","false","false","0"
"824504","2026-06-16","7:10 PM ET","2026-06-16T20:58:59.903Z","A","Cincinnati Reds","New York Mets","Great American Ball Park","R","MLB_STATS_API_SCHEDULE","","Brady Singer","663903","Brady Singer","","PREGAME_ID_MISSING","false","","Kodai Senga","673540","Kodai Senga","","PREGAME_ID_MISSING","false","false","0"
"824667","2026-06-16","8:05 PM ET","2026-06-16T23:22:36.377Z","A","Chicago Cubs","Colorado Rockies","Wrigley Field","R","MLB_STATS_API_SCHEDULE","","Edward Cabrera","665795","Edward Cabrera","","PREGAME_ID_MISSING","false","","Ryan Feltner","663372","Ryan Feltner","","PREGAME_ID_MISSING","false","false","0"
"824750","2026-06-16","6:45 PM ET","2026-06-16T20:58:54.898Z","A","Boston Red Sox","Toronto Blue Jays","Fenway Park","R","MLB_STATS_API_SCHEDULE","","Payton Tolle","801139","Payton Tolle","","PREGAME_ID_MISSING","false","","Dylan Cease","656302","Dylan Cease","","PREGAME_ID_MISSING","false","false","0"
"824991","2026-06-16","9:40 PM ET","2026-06-16T23:22:44.559Z","A","Athletics","Pittsburgh Pirates","Sutter Health Park","R","MLB_STATS_API_SCHEDULE","","Jack Perkins","678022","Jack Perkins","","PREGAME_ID_MISSING","false","","Mitch Keller","656605","Mitch Keller","","PREGAME_ID_MISSING","false","false","0"
"825070","2026-06-16","9:40 PM ET","2026-06-16T23:22:42.459Z","A","Arizona Diamondbacks","Los Angeles Angels","Chase Field","R","MLB_STATS_API_SCHEDULE","","Merrill Kelly","518876","Merrill Kelly","","PREGAME_ID_MISSING","false","","Reid Detmers","672282","Reid Detmers","","PREGAME_ID_MISSING","false","false","0"
"822721","2026-06-17","1:05 PM ET","2026-06-17T17:04:12.083Z","A","Washington Nationals","Kansas City Royals","Nationals Park","R","MLB_STATS_API_SCHEDULE","","Zack Littell","641793","Zack Littell","","PREGAME_ID_MISSING","false","","Luinder Avila","679883","Luinder Avila","","PREGAME_ID_MISSING","false","false","0"
"823044","2026-06-17","2:15 PM ET","2026-06-17T18:14:23.315Z","A","St. Louis Cardinals","San Diego Padres","Busch Stadium","R","MLB_STATS_API_SCHEDULE","","Kyle Leahy","681517","Kyle Leahy","","PREGAME_ID_MISSING","false","","Bradgley Rodriguez","699134","Bradgley Rodriguez","","PREGAME_ID_MISSING","false","false","0"
"823127","2026-06-17","9:40 PM ET","2026-06-17T18:39:24.128Z","A","Seattle Mariners","Baltimore Orioles","T-Mobile Park","R","MLB_STATS_API_SCHEDULE","","George Kirby","669923","George Kirby","","PREGAME_ID_MISSING","false","","Kyle Bradish","680694","Kyle Bradish","","PREGAME_ID_MISSING","false","false","0"
"823450","2026-06-17","1:05 PM ET","2026-06-17T17:04:20.370Z","A","Philadelphia Phillies","Miami Marlins","Citizens Bank Park","R","MLB_STATS_API_SCHEDULE","","Andrew Painter","691725","Andrew Painter","","PREGAME_ID_MISSING","false","","Sandy Alcantara","645261","Sandy Alcantara","","PREGAME_ID_MISSING","false","false","0"
"823536","2026-06-17","7:05 PM ET","2026-06-17T18:39:44.626Z","A","New York Yankees","Chicago White Sox","Yankee Stadium","R","MLB_STATS_API_SCHEDULE","","Carlos Rodón","607074","Carlos Rodón","","PREGAME_ID_MISSING","false","","Anthony Kay","641743","Anthony Kay","","PREGAME_ID_MISSING","false","false","0"
"823774","2026-06-17","7:40 PM ET","2026-06-17T18:39:51.512Z","A","Milwaukee Brewers","Cleveland Guardians","American Family Field","R","MLB_STATS_API_SCHEDULE","","Brandon Sproat","687075","Brandon Sproat","","PREGAME_ID_MISSING","false","","Gavin Williams","668909","Gavin Williams","","PREGAME_ID_MISSING","false","false","0"
"823940","2026-06-17","3:10 PM ET","2026-06-17T18:40:03.058Z","A","Los Angeles Dodgers","Tampa Bay Rays","UNIQLO Field at Dodger Stadium","R","MLB_STATS_API_SCHEDULE","","Shohei Ohtani","660271","Shohei Ohtani","","PREGAME_ID_MISSING","false","","Shane McClanahan","663556","Shane McClanahan","","PREGAME_ID_MISSING","false","false","0"
"824178","2026-06-17","2:10 PM ET","2026-06-17T18:09:35.128Z","A","Houston Astros","Detroit Tigers","Daikin Park","R","MLB_STATS_API_SCHEDULE","","Peter Lambert","663567","Peter Lambert","","PREGAME_ID_MISSING","false","","Casey Mize","663554","Casey Mize","","PREGAME_ID_MISSING","false","false","0"
"824503","2026-06-17","12:40 PM ET","2026-06-17T16:39:02.976Z","A","Cincinnati Reds","New York Mets","Great American Ball Park","R","MLB_STATS_API_SCHEDULE","","Nick Lodolo","666157","Nick Lodolo","","PREGAME_ID_MISSING","false","","Nolan McLean","690997","Nolan McLean","","PREGAME_ID_MISSING","false","false","0"
"824668","2026-06-17","8:05 PM ET","2026-06-17T18:40:41.133Z","A","Chicago Cubs","Colorado Rockies","Wrigley Field","R","MLB_STATS_API_SCHEDULE","","Javier Assad","665871","Javier Assad","","PREGAME_ID_MISSING","false","","Sean Sullivan","807743","Sean Sullivan","","PREGAME_ID_MISSING","false","false","0"
"824746","2026-06-17","6:45 PM ET","2026-06-17T18:37:26.127Z","A","Boston Red Sox","Toronto Blue Jays","Fenway Park","R","MLB_STATS_API_SCHEDULE","","Jake Bennett","687562","Jake Bennett","","FINAL_ID_MISSING","false","","Max Scherzer","680755","Braydon Fisher","","FINAL_ID_MISSING","false","false","0"
"824913","2026-06-17","7:15 PM ET","2026-06-17T18:37:45.011Z","A","Atlanta Braves","San Francisco Giants","Truist Park","R","MLB_STATS_API_SCHEDULE","","JR Ritchie","702275","JR Ritchie","","PREGAME_ID_MISSING","false","","Carson Whisenhunt","687931","Carson Whisenhunt","","PREGAME_ID_MISSING","false","false","0"
"824992","2026-06-17","9:40 PM ET","2026-06-17T18:37:53.731Z","A","Athletics","Pittsburgh Pirates","Sutter Health Park","R","MLB_STATS_API_SCHEDULE","","Aaron Civale","650644","Aaron Civale","","PREGAME_ID_MISSING","false","","Braxton Ashcraft","677952","Braxton Ashcraft","","PREGAME_ID_MISSING","false","false","0"
"825072","2026-06-17","3:40 PM ET","2026-06-17T18:37:59.823Z","A","Arizona Diamondbacks","Los Angeles Angels","Chase Field","R","MLB_STATS_API_SCHEDULE","","Eduardo Rodriguez","593958","Eduardo Rodriguez","","PREGAME_ID_MISSING","false","","Sam Aldegheri","691951","Sam Aldegheri","","PREGAME_ID_MISSING","false","false","0"
"822889","2026-06-18","2:35 PM ET","2026-06-18T18:05:37.536Z","A","Texas Rangers","Minnesota Twins","Globe Life Field","R","MLB_STATS_API_SCHEDULE","","Jack Leiter","683004","Jack Leiter","","FINAL_ID_MISSING","false","","Joe Ryan","657746","Joe Ryan","","FINAL_ID_MISSING","false","false","0"
"823125","2026-06-18","4:10 PM ET","2026-06-18T20:07:35.396Z","A","Seattle Mariners","Baltimore Orioles","T-Mobile Park","R","MLB_STATS_API_SCHEDULE","","Bryan Woo","693433","Bryan Woo","","PREGAME_ID_MISSING","false","","Shane Baz","669358","Shane Baz","","PREGAME_ID_MISSING","false","false","0"
"823448","2026-06-18","6:40 PM ET","2026-06-18T22:29:39.621Z","A","Philadelphia Phillies","New York Mets","Citizens Bank Park","R","MLB_STATS_API_SCHEDULE","","Aaron Nola","605400","Aaron Nola","","PREGAME_ID_MISSING","false","","Sean Manaea","640455","Sean Manaea","","PREGAME_ID_MISSING","false","false","0"
"823533","2026-06-18","7:05 PM ET","2026-06-18T22:29:43.718Z","A","New York Yankees","Chicago White Sox","Yankee Stadium","R","MLB_STATS_API_SCHEDULE","","Ryan Weathers","677960","Ryan Weathers","","PREGAME_ID_MISSING","false","","Bryan Hudson","663542","Bryan Hudson","","PREGAME_ID_MISSING","false","false","0"
"823772","2026-06-18","2:10 PM ET","2026-06-18T18:05:48.863Z","A","Milwaukee Brewers","Cleveland Guardians","American Family Field","R","MLB_STATS_API_SCHEDULE","","Shane Drohan","675660","Shane Drohan","","PREGAME_ID_MISSING","false","","Parker Messick","800048","Parker Messick","","PREGAME_ID_MISSING","false","false","0"
"824098","2026-06-18","7:40 PM ET","2026-06-18T22:29:49.302Z","A","Kansas City Royals","St. Louis Cardinals","Kauffman Stadium","R","MLB_STATS_API_SCHEDULE","","Noah Cameron","702070","Noah Cameron","","PREGAME_ID_MISSING","false","","Matthew Liberatore","669461","Matthew Liberatore","","PREGAME_ID_MISSING","false","false","0"
"824748","2026-06-18","1:35 PM ET","2026-06-18T17:02:56.167Z","A","Boston Red Sox","Toronto Blue Jays","Fenway Park","R","MLB_STATS_API_SCHEDULE","","Sonny Gray","543243","Sonny Gray","","PREGAME_ID_MISSING","false","","Trey Yesavage","702056","Trey Yesavage","","PREGAME_ID_MISSING","false","false","0"
"824989","2026-06-18","9:40 PM ET","2026-06-18T22:29:56.321Z","A","Athletics","Los Angeles Angels","Sutter Health Park","R","MLB_STATS_API_SCHEDULE","","Gage Jump","695611","Gage Jump","","PREGAME_ID_MISSING","false","","Por definir","696270","Ryan Johnson","","PREGAME_ID_MISSING","false","false","0"
"822886","2026-06-19","8:05 PM ET","2026-06-20T00:00:48.870Z","A","Texas Rangers","San Diego Padres","Globe Life Field","R","MLB_STATS_API_SCHEDULE","","Jacob deGrom","594798","Jacob deGrom","","PREGAME_ID_MISSING","false","","Randy Vásquez","681190","Randy Vásquez","","PREGAME_ID_MISSING","false","false","0"
"822966","2026-06-19","7:10 PM ET","2026-06-19T21:54:37.180Z","A","Tampa Bay Rays","Washington Nationals","Tropicana Field","R","MLB_STATS_API_SCHEDULE","","Griffin Jax","643377","Griffin Jax","","PREGAME_ID_MISSING","false","","PJ Poulin","676571","PJ Poulin","","PREGAME_ID_MISSING","false","false","0"
"823124","2026-06-19","10:10 PM ET","2026-06-20T00:58:17.893Z","A","Seattle Mariners","Boston Red Sox","T-Mobile Park","R","MLB_STATS_API_SCHEDULE","","Bryce Miller","682243","Bryce Miller","","PREGAME_ID_MISSING","false","","Ranger Suarez","624133","Ranger Suarez","","PREGAME_ID_MISSING","false","false","0"
"823534","2026-06-19","7:05 PM ET","2026-06-19T21:54:47.474Z","A","New York Yankees","Cincinnati Reds","Yankee Stadium","R","MLB_STATS_API_SCHEDULE","","Cam Schlittler","693645","Cam Schlittler","","PREGAME_ID_MISSING","false","","Rhett Lowder","695076","Rhett Lowder","","PREGAME_ID_MISSING","false","false","0"
"823853","2026-06-19","7:10 PM ET","2026-06-19T21:54:51.692Z","A","Miami Marlins","San Francisco Giants","loanDepot park","R","MLB_STATS_API_SCHEDULE","","Lake Bachar","669199","Lake Bachar","","PREGAME_ID_MISSING","false","","Landen Roupp","694738","Landen Roupp","","PREGAME_ID_MISSING","false","false","0"
"823936","2026-06-19","10:10 PM ET","2026-06-20T00:58:25.595Z","A","Los Angeles Dodgers","Baltimore Orioles","UNIQLO Field at Dodger Stadium","R","MLB_STATS_API_SCHEDULE","","Roki Sasaki","808963","Roki Sasaki","","PREGAME_ID_MISSING","false","","Trey Gibson","694346","Trey Gibson","","PREGAME_ID_MISSING","false","false","0"
"824097","2026-06-19","8:15 PM ET","2026-06-20T00:00:53.585Z","A","Kansas City Royals","St. Louis Cardinals","Kauffman Stadium","R","MLB_STATS_API_SCHEDULE","","Seth Lugo","607625","Seth Lugo","","PREGAME_ID_MISSING","false","","Michael McGreevy","700241","Michael McGreevy","","PREGAME_ID_MISSING","false","false","0"
"824179","2026-06-19","8:10 PM ET","2026-06-20T00:00:50.977Z","A","Houston Astros","Cleveland Guardians","Daikin Park","R","MLB_STATS_API_SCHEDULE","","Tatsuya Imai","837227","Tatsuya Imai","","PREGAME_ID_MISSING","false","","Tanner Bibee","676440","Tanner Bibee","","PREGAME_ID_MISSING","false","false","0"
"824264","2026-06-19","6:40 PM ET","2026-06-19T21:55:11.875Z","A","Detroit Tigers","Chicago White Sox","Comerica Park","R","MLB_STATS_API_SCHEDULE","","Tarik Skubal","669373","Tarik Skubal","","PREGAME_ID_MISSING","false","","Brandon Eisert","685126","Brandon Eisert","","PREGAME_ID_MISSING","false","false","0"
"824345","2026-06-19","8:40 PM ET","2026-06-20T00:00:56.177Z","A","Colorado Rockies","Pittsburgh Pirates","Coors Field","R","MLB_STATS_API_SCHEDULE","","Kyle Freeland","607536","Kyle Freeland","","PREGAME_ID_MISSING","false","","Bubba Chandler","696149","Bubba Chandler","","PREGAME_ID_MISSING","false","false","0"
"824663","2026-06-19","2:20 PM ET","2026-06-19T13:41:35.512Z","A","Chicago Cubs","Toronto Blue Jays","Wrigley Field","R","MLB_STATS_API_SCHEDULE","","Ben Brown","676962","Ben Brown","","PREGAME_ID_MISSING","false","","Kevin Gausman","592332","Kevin Gausman","","PREGAME_ID_MISSING","false","false","0"
"824910","2026-06-19","7:15 PM ET","2026-06-19T21:55:20.891Z","A","Atlanta Braves","Milwaukee Brewers","Truist Park","R","MLB_STATS_API_SCHEDULE","","Martín Pérez","527048","Martín Pérez","","PREGAME_ID_MISSING","false","","Jacob Misiorowski","694819","Jacob Misiorowski","","PREGAME_ID_MISSING","false","false","0"
"824990","2026-06-19","9:40 PM ET","2026-06-20T00:58:43.664Z","A","Athletics","Los Angeles Angels","Sutter Health Park","R","MLB_STATS_API_SCHEDULE","","Jeffrey Springs","605488","Jeffrey Springs","","PREGAME_ID_MISSING","false","","José Soriano","667755","José Soriano","","PREGAME_ID_MISSING","false","false","0"
"825069","2026-06-19","9:45 PM ET","2026-06-20T00:58:45.700Z","A","Arizona Diamondbacks","Minnesota Twins","Chase Field","R","MLB_STATS_API_SCHEDULE","","Michael Soroka","647336","Michael Soroka","","PREGAME_ID_MISSING","false","","Connor Prielipp","687570","Connor Prielipp","","PREGAME_ID_MISSING","false","false","0"
"822885","2026-06-20","4:05 PM ET","2026-06-20T17:15:36.922Z","A","Texas Rangers","San Diego Padres","Globe Life Field","R","MLB_STATS_API_SCHEDULE","","MacKenzie Gore","669022","MacKenzie Gore","","PREGAME_ID_MISSING","false","","Walker Buehler","621111","Walker Buehler","","PREGAME_ID_MISSING","false","false","0"
"822967","2026-06-20","4:10 PM ET","2026-06-20T17:15:39.578Z","A","Tampa Bay Rays","Washington Nationals","Tropicana Field","R","MLB_STATS_API_SCHEDULE","","Ian Seymour","693855","Ian Seymour","","PREGAME_ID_MISSING","false","","Cade Cavalli","676917","Cade Cavalli","","PREGAME_ID_MISSING","false","false","0"
"823126","2026-06-20","10:10 PM ET","2026-06-21T01:53:17.114Z","A","Seattle Mariners","Boston Red Sox","T-Mobile Park","R","MLB_STATS_API_SCHEDULE","","Emerson Hancock","676106","Emerson Hancock","","PREGAME_ID_MISSING","false","","Connelly Early","813349","Connelly Early","","PREGAME_ID_MISSING","false","false","0"
"823447","2026-06-20","7:15 PM ET","2026-06-20T22:52:38.786Z","A","Philadelphia Phillies","New York Mets","Citizens Bank Park","R","MLB_STATS_API_SCHEDULE","","Cristopher Sánchez","650911","Cristopher Sánchez","","PREGAME_ID_MISSING","false","","Freddy Peralta","642547","Freddy Peralta","","PREGAME_ID_MISSING","false","false","0"
"823532","2026-06-20","1:35 PM ET","2026-06-20T17:15:32.095Z","A","New York Yankees","Cincinnati Reds","Yankee Stadium","R","MLB_STATS_API_SCHEDULE","","Will Warren","701542","Will Warren","","PREGAME_ID_MISSING","false","","Andrew Abbott","671096","Andrew Abbott","","PREGAME_ID_MISSING","false","false","0"
"823854","2026-06-20","4:10 PM ET","2026-06-20T17:15:42.028Z","A","Miami Marlins","San Francisco Giants","loanDepot park","R","MLB_STATS_API_SCHEDULE","","Max Meyer","676974","Max Meyer","","PREGAME_ID_MISSING","false","","Trevor McDonald","686790","Trevor McDonald","","PREGAME_ID_MISSING","false","false","0"
"823937","2026-06-20","10:10 PM ET","2026-06-21T01:53:14.403Z","A","Los Angeles Dodgers","Baltimore Orioles","UNIQLO Field at Dodger Stadium","R","MLB_STATS_API_SCHEDULE","","Yoshinobu Yamamoto","808967","Yoshinobu Yamamoto","","PREGAME_ID_MISSING","false","","Trevor Rogers","669432","Trevor Rogers","","PREGAME_ID_MISSING","false","false","0"
"824180","2026-06-20","7:15 PM ET","2026-06-20T22:52:49.297Z","A","Houston Astros","Cleveland Guardians","Daikin Park","R","MLB_STATS_API_SCHEDULE","","Spencer Arrighetti","681293","Spencer Arrighetti","","PREGAME_ID_MISSING","false","","Joey Cantillo","676282","Joey Cantillo","","PREGAME_ID_MISSING","false","false","0"
"824263","2026-06-20","1:10 PM ET","2026-06-20T15:47:58.954Z","A","Detroit Tigers","Chicago White Sox","Comerica Park","R","MLB_STATS_API_SCHEDULE","","Troy Melton","675512","Troy Melton","","PREGAME_ID_MISSING","false","","Sean Newcomb","656794","Sean Newcomb","","PREGAME_ID_MISSING","false","false","0"
"824342","2026-06-20","9:10 PM ET","2026-06-21T01:02:27.568Z","A","Colorado Rockies","Pittsburgh Pirates","Coors Field","R","MLB_STATS_API_SCHEDULE","","Tomoyuki Sugano","608372","Tomoyuki Sugano","","PREGAME_ID_MISSING","false","","Paul Skenes","694973","Paul Skenes","","PREGAME_ID_MISSING","false","false","0"
"824665","2026-06-20","2:20 PM ET","2026-06-20T17:15:34.678Z","A","Chicago Cubs","Toronto Blue Jays","Wrigley Field","R","MLB_STATS_API_SCHEDULE","","Colin Rea","607067","Colin Rea","","PREGAME_ID_MISSING","false","","Patrick Corbin","571578","Patrick Corbin","","PREGAME_ID_MISSING","false","false","0"
"824909","2026-06-20","4:10 PM ET","2026-06-20T17:15:44.332Z","A","Atlanta Braves","Milwaukee Brewers","Truist Park","R","MLB_STATS_API_SCHEDULE","","Chris Sale","519242","Chris Sale","","PREGAME_ID_MISSING","false","","Kyle Harrison","690986","Kyle Harrison","","PREGAME_ID_MISSING","false","false","0"
"824988","2026-06-20","10:05 PM ET","2026-06-21T01:53:12.119Z","A","Athletics","Los Angeles Angels","Sutter Health Park","R","MLB_STATS_API_SCHEDULE","","J.T. Ginn","669372","J.T. Ginn","","PREGAME_ID_MISSING","false","","Walbert Ureña","700712","Walbert Ureña","","PREGAME_ID_MISSING","false","false","0"
"825068","2026-06-20","10:10 PM ET","2026-06-21T01:53:19.223Z","A","Arizona Diamondbacks","Minnesota Twins","Chase Field","R","MLB_STATS_API_SCHEDULE","","Zac Gallen","668678","Zac Gallen","","PREGAME_ID_MISSING","false","","Taj Bradley","671737","Taj Bradley","","PREGAME_ID_MISSING","false","false","0"
"822883","2026-06-21","2:35 PM ET","2026-06-21T18:16:09.592Z","A","Texas Rangers","San Diego Padres","Globe Life Field","R","MLB_STATS_API_SCHEDULE","","Nathan Eovaldi","543135","Nathan Eovaldi","","PREGAME_ID_MISSING","false","","Wandy Peralta","593974","Wandy Peralta","","PREGAME_ID_MISSING","false","false","0"
"822968","2026-06-21","1:40 PM ET","2026-06-21T16:30:19.641Z","A","Tampa Bay Rays","Washington Nationals","Tropicana Field","R","MLB_STATS_API_SCHEDULE","","Nick Martinez","607259","Nick Martinez","","PREGAME_ID_MISSING","false","","Andrew Alvarez","674841","Andrew Alvarez","","PREGAME_ID_MISSING","false","false","0"
"823123","2026-06-21","4:10 PM ET","2026-06-21T19:54:28.111Z","A","Seattle Mariners","Boston Red Sox","T-Mobile Park","R","MLB_STATS_API_SCHEDULE","","Logan Gilbert","669302","Logan Gilbert","","PREGAME_ID_MISSING","false","","Payton Tolle","801139","Payton Tolle","","PREGAME_ID_MISSING","false","false","0"
"823449","2026-06-21","7:20 PM ET","2026-06-21T22:30:54.902Z","A","Philadelphia Phillies","New York Mets","Citizens Bank Park","R","MLB_STATS_API_SCHEDULE","","Zack Wheeler","554430","Zack Wheeler","","PREGAME_ID_MISSING","false","","David Peterson","656849","David Peterson","","PREGAME_ID_MISSING","false","false","0"
"823531","2026-06-21","1:35 PM ET","2026-06-21T16:30:29.049Z","A","New York Yankees","Cincinnati Reds","Yankee Stadium","R","MLB_STATS_API_SCHEDULE","","Elmer Rodríguez","695684","Elmer Rodríguez","","PREGAME_ID_MISSING","false","","Chase Burns","695505","Chase Burns","","PREGAME_ID_MISSING","false","false","0"
"823852","2026-06-21","1:40 PM ET","2026-06-21T16:30:32.030Z","A","Miami Marlins","San Francisco Giants","loanDepot park","R","MLB_STATS_API_SCHEDULE","","Ryan Gusto","687473","Ryan Gusto","","PREGAME_ID_MISSING","false","","Logan Webb","657277","Logan Webb","","PREGAME_ID_MISSING","false","false","0"
"823934","2026-06-21","4:10 PM ET","2026-06-21T19:54:39.708Z","A","Los Angeles Dodgers","Baltimore Orioles","UNIQLO Field at Dodger Stadium","R","MLB_STATS_API_SCHEDULE","","Emmet Sheehan","686218","Emmet Sheehan","","PREGAME_ID_MISSING","false","","Brandon Young","687064","Brandon Young","","PREGAME_ID_MISSING","false","false","0"
"824095","2026-06-21","2:10 PM ET","2026-06-21T16:30:37.334Z","A","Kansas City Royals","St. Louis Cardinals","Kauffman Stadium","R","MLB_STATS_API_SCHEDULE","","Stephen Kolek","663568","Stephen Kolek","","PREGAME_ID_MISSING","false","","Dustin May","669160","Dustin May","","PREGAME_ID_MISSING","false","false","0"
"824177","2026-06-21","2:10 PM ET","2026-06-21T16:30:39.631Z","A","Houston Astros","Cleveland Guardians","Daikin Park","R","MLB_STATS_API_SCHEDULE","","Kai-Wei Teng","678906","Kai-Wei Teng","","PREGAME_ID_MISSING","false","","Slade Cecconi","677944","Slade Cecconi","","PREGAME_ID_MISSING","false","false","0"
"824260","2026-06-21","1:40 PM ET","2026-06-21T16:30:42.251Z","A","Detroit Tigers","Chicago White Sox","Comerica Park","R","MLB_STATS_API_SCHEDULE","","Keider Montero","672456","Keider Montero","","PREGAME_ID_MISSING","false","","Davis Martin","663436","Davis Martin","","PREGAME_ID_MISSING","false","false","0"
"824343","2026-06-21","3:10 PM ET","2026-06-21T19:06:35.911Z","A","Colorado Rockies","Pittsburgh Pirates","Coors Field","R","MLB_STATS_API_SCHEDULE","","Michael Lorenzen","547179","Michael Lorenzen","","PREGAME_ID_MISSING","false","","Jared Jones","683003","Jared Jones","","PREGAME_ID_MISSING","false","false","0"
"824908","2026-06-21","1:35 PM ET","2026-06-21T16:30:50.330Z","A","Atlanta Braves","Milwaukee Brewers","Truist Park","R","MLB_STATS_API_SCHEDULE","","Bryce Elder","693821","Bryce Elder","","PREGAME_ID_MISSING","false","","Robert Gasser","688107","Robert Gasser","","PREGAME_ID_MISSING","false","false","0"
"824987","2026-06-21","4:05 PM ET","2026-06-21T19:54:59.812Z","A","Athletics","Los Angeles Angels","Sutter Health Park","R","MLB_STATS_API_SCHEDULE","","Jack Perkins","678022","Jack Perkins","","PREGAME_ID_MISSING","false","","Reid Detmers","672282","Reid Detmers","","PREGAME_ID_MISSING","false","false","0"
"825067","2026-06-21","3:15 PM ET","2026-06-21T19:06:47.201Z","A","Arizona Diamondbacks","Minnesota Twins","Chase Field","R","MLB_STATS_API_SCHEDULE","","Jose Cabrera","703615","Jose Cabrera","","PREGAME_ID_MISSING","false","","Mike Paredes","702474","Mike Paredes","","PREGAME_ID_MISSING","false","false","0"
"822720","2026-06-22","6:45 PM ET","2026-06-22T21:03:42.603Z","A","Washington Nationals","Philadelphia Phillies","Nationals Park","R","MLB_STATS_API_SCHEDULE","","Foster Griffin","656492","Foster Griffin","","PREGAME_ID_MISSING","false","","Tim Mayza","641835","Tim Mayza","","PREGAME_ID_MISSING","false","false","0"
"822800","2026-06-22","7:07 PM ET","2026-06-22T22:25:29.463Z","A","Toronto Blue Jays","Houston Astros","Rogers Centre","R","MLB_STATS_API_SCHEDULE","","Dylan Cease","656302","Dylan Cease","","PREGAME_ID_MISSING","false","","Hunter Brown","686613","Hunter Brown","","PREGAME_ID_MISSING","false","false","0"
"822964","2026-06-22","6:40 PM ET","2026-06-22T22:25:33.352Z","A","Tampa Bay Rays","Kansas City Royals","Tropicana Field","R","MLB_STATS_API_SCHEDULE","","Drew Rasmussen","656876","Drew Rasmussen","","PREGAME_ID_MISSING","false","","Michael Wacha","608379","Michael Wacha","","PREGAME_ID_MISSING","false","false","0"
"823040","2026-06-22","7:45 PM ET","2026-06-22T22:25:36.740Z","A","St. Louis Cardinals","Arizona Diamondbacks","Busch Stadium","R","MLB_STATS_API_SCHEDULE","","Andre Pallante","669467","Andre Pallante","","PREGAME_ID_MISSING","false","","Merrill Kelly","518876","Merrill Kelly","","PREGAME_ID_MISSING","false","false","0"
"823288","2026-06-22","10:10 PM ET","2026-06-23T01:16:50.787Z","A","San Diego Padres","Atlanta Braves","Petco Park","R","MLB_STATS_API_SCHEDULE","","Michael King","650633","Michael King","","PREGAME_ID_MISSING","false","","Grant Holmes","656550","Grant Holmes","","PREGAME_ID_MISSING","false","false","0"
"823692","2026-06-22","7:40 PM ET","2026-06-22T22:25:46.165Z","A","Minnesota Twins","Los Angeles Dodgers","Target Field","R","MLB_STATS_API_SCHEDULE","","Zebby Matthews","805673","Zebby Matthews","","PREGAME_ID_MISSING","false","","Eric Lauer","694361","Will Klein","","PITCHER_CHANGED","false","false","0"
"823851","2026-06-22","6:40 PM ET","2026-06-22T22:25:49.052Z","A","Miami Marlins","Texas Rangers","loanDepot park","R","MLB_STATS_API_SCHEDULE","","Tyler Phillips","663969","Tyler Phillips","","PREGAME_ID_MISSING","false","","Tyler Alexander","641302","Tyler Alexander","","PREGAME_ID_MISSING","false","false","0"
"824016","2026-06-22","9:38 PM ET","2026-06-23T01:17:04.287Z","A","Los Angeles Angels","Baltimore Orioles","Angel Stadium","R","MLB_STATS_API_SCHEDULE","","Sam Aldegheri","691951","Sam Aldegheri","","PREGAME_ID_MISSING","false","","Kyle Bradish","680694","Kyle Bradish","","PREGAME_ID_MISSING","false","false","0"
"824261","2026-06-22","6:10 PM ET","2026-06-22T21:04:13.614Z","A","Detroit Tigers","New York Yankees","Comerica Park","R","MLB_STATS_API_SCHEDULE","","Framber Valdez","664285","Framber Valdez","","PREGAME_ID_MISSING","false","","Gerrit Cole","543037","Gerrit Cole","","PREGAME_ID_MISSING","false","false","0"
"824344","2026-06-22","8:40 PM ET","2026-06-22T22:25:57.744Z","A","Colorado Rockies","Boston Red Sox","Coors Field","R","MLB_STATS_API_SCHEDULE","","Ryan Feltner","663372","Ryan Feltner","","PREGAME_ID_MISSING","false","","Jake Bennett","687562","Jake Bennett","","PREGAME_ID_MISSING","false","false","0"
"824502","2026-06-22","7:10 PM ET","2026-06-22T22:26:00.741Z","A","Cincinnati Reds","Milwaukee Brewers","Great American Ball Park","R","MLB_STATS_API_SCHEDULE","","Brady Singer","663903","Brady Singer","","PREGAME_ID_MISSING","false","","Brandon Woodruff","605540","Brandon Woodruff","","PREGAME_ID_MISSING","false","false","0"
"824585","2026-06-22","7:40 PM ET","2026-06-22T22:26:03.452Z","A","Chicago White Sox","Cleveland Guardians","Rate Field","R","MLB_STATS_API_SCHEDULE","","Anthony Kay","641743","Anthony Kay","","PREGAME_ID_MISSING","false","","Gavin Williams","668909","Gavin Williams","","PREGAME_ID_MISSING","false","false","0"
"822718","2026-06-23","6:45 PM ET","2026-06-23T21:41:55.279Z","A","Washington Nationals","Philadelphia Phillies","Nationals Park","R","MLB_STATS_API_SCHEDULE","676571","PJ Poulin","676571","PJ Poulin","1","MATCHED","true","","Jesús Luzardo","666200","Jesús Luzardo","","PREGAME_ID_MISSING","false","true","1"
"822799","2026-06-23","4:07 PM ET","2026-06-23T20:03:09.886Z","A","Toronto Blue Jays","Houston Astros","Rogers Centre","R","MLB_STATS_API_SCHEDULE","","Shane Bieber","669456","Shane Bieber","","PREGAME_ID_MISSING","false","","Peter Lambert","663567","Peter Lambert","","PREGAME_ID_MISSING","false","false","0"
"822963","2026-06-23","6:40 PM ET","2026-06-23T21:42:00.959Z","A","Tampa Bay Rays","Kansas City Royals","Tropicana Field","R","MLB_STATS_API_SCHEDULE","663556","Shane McClanahan","663556","Shane McClanahan","4","MATCHED","true","","Luinder Avila","679883","Luinder Avila","","PREGAME_ID_MISSING","false","true","1"
"823043","2026-06-23","7:45 PM ET","2026-06-23T23:00:13.253Z","A","St. Louis Cardinals","Arizona Diamondbacks","Busch Stadium","R","MLB_STATS_API_SCHEDULE","681517","Kyle Leahy","681517","Kyle Leahy","3","MATCHED","true","","Eduardo Rodriguez","593958","Eduardo Rodriguez","","PREGAME_ID_MISSING","false","true","1"
"823210","2026-06-23","9:45 PM ET","2026-06-24T00:56:24.408Z","A","San Francisco Giants","Athletics","Oracle Park","R","MLB_STATS_API_SCHEDULE","592662","Robbie Ray","592662","Robbie Ray","6","MATCHED","true","","Aaron Civale","650644","Aaron Civale","","PREGAME_ID_MISSING","false","true","1"
"823286","2026-06-23","9:40 PM ET","2026-06-24T00:56:27.529Z","A","San Diego Padres","Atlanta Braves","Petco Park","R","MLB_STATS_API_SCHEDULE","593974","Wandy Peralta","593974","Wandy Peralta","2","MATCHED","true","","JR Ritchie","702275","JR Ritchie","","PREGAME_ID_MISSING","false","true","1"
"823365","2026-06-23","6:40 PM ET","2026-06-23T21:42:11.761Z","A","Pittsburgh Pirates","Seattle Mariners","PNC Park","R","MLB_STATS_API_SCHEDULE","656605","Mitch Keller","656605","Mitch Keller","4","MATCHED","true","","George Kirby","669923","George Kirby","","PREGAME_ID_MISSING","false","true","1"
"823614","2026-06-23","7:10 PM ET","2026-06-23T23:00:25.049Z","A","New York Mets","Chicago Cubs","Citi Field","R","MLB_STATS_API_SCHEDULE","673540","Kodai Senga","673540","Kodai Senga","6","MATCHED","true","","Edward Cabrera","665795","Edward Cabrera","","PREGAME_ID_MISSING","false","true","1"
"823690","2026-06-23","7:40 PM ET","2026-06-23T23:00:28.238Z","A","Minnesota Twins","Los Angeles Dodgers","Target Field","R","MLB_STATS_API_SCHEDULE","696070","Kendry Rojas","696070","Kendry Rojas","4","MATCHED","true","","Justin Wrobleski","680736","Justin Wrobleski","","PREGAME_ID_MISSING","false","true","1"
"823849","2026-06-23","6:40 PM ET","2026-06-23T21:42:19.556Z","A","Miami Marlins","Texas Rangers","loanDepot park","R","MLB_STATS_API_SCHEDULE","645261","Sandy Alcantara","645261","Sandy Alcantara","4","MATCHED","true","","Cal Quantrill","615698","Cal Quantrill","","PREGAME_ID_MISSING","false","true","1"
"824017","2026-06-23","9:38 PM ET","2026-06-24T00:56:43.812Z","A","Los Angeles Angels","Baltimore Orioles","Angel Stadium","R","MLB_STATS_API_SCHEDULE","696270","Ryan Johnson","696270","Ryan Johnson","8","MATCHED","true","","Shane Baz","669358","Shane Baz","","PREGAME_ID_MISSING","false","true","1"
"824262","2026-06-23","6:40 PM ET","2026-06-23T21:42:25.265Z","A","Detroit Tigers","New York Yankees","Comerica Park","R","MLB_STATS_API_SCHEDULE","663554","Casey Mize","663554","Casey Mize","6","MATCHED","true","","Carlos Rodón","607074","Carlos Rodón","","PREGAME_ID_MISSING","false","true","1"
"824340","2026-06-23","8:40 PM ET","2026-06-24T00:38:55.116Z","A","Colorado Rockies","Boston Red Sox","Coors Field","R","MLB_STATS_API_SCHEDULE","807743","Sean Sullivan","807743","Sean Sullivan","3","MATCHED","true","","Sonny Gray","543243","Sonny Gray","","PREGAME_ID_MISSING","false","true","1"
"824501","2026-06-23","7:10 PM ET","2026-06-23T23:00:41.858Z","A","Cincinnati Reds","Milwaukee Brewers","Great American Ball Park","R","MLB_STATS_API_SCHEDULE","666157","Nick Lodolo","666157","Nick Lodolo","6","MATCHED","true","","Brandon Sproat","687075","Brandon Sproat","","PREGAME_ID_MISSING","false","true","1"
"824584","2026-06-23","7:40 PM ET","2026-06-23T23:00:44.757Z","A","Chicago White Sox","Cleveland Guardians","Rate Field","R","MLB_STATS_API_SCHEDULE","680732","Sean Burke","680732","Sean Burke","6","MATCHED","true","","Parker Messick","800048","Parker Messick","","PREGAME_ID_MISSING","false","true","1"
"822719","2026-06-24","6:45 PM ET","2026-06-24T21:17:11.177Z","A","Washington Nationals","Philadelphia Phillies","Nationals Park","R","MLB_STATS_API_SCHEDULE","687223","Carson Palmquist","687223","Carson Palmquist","3","MATCHED","true","","Aaron Nola","605400","Aaron Nola","","PREGAME_ID_MISSING","false","true","1"
"822798","2026-06-24","7:07 PM ET","2026-06-24T21:17:14.600Z","A","Toronto Blue Jays","Houston Astros","Rogers Centre","R","MLB_STATS_API_SCHEDULE","702056","Trey Yesavage","702056","Trey Yesavage","5","MATCHED","true","","Mike Burrows","681347","Mike Burrows","","PREGAME_ID_MISSING","false","true","1"
"822965","2026-06-24","6:40 PM ET","2026-06-24T21:17:17.293Z","A","Tampa Bay Rays","Kansas City Royals","Tropicana Field","R","MLB_STATS_API_SCHEDULE","643377","Griffin Jax","643377","Griffin Jax","7","MATCHED","true","","Noah Cameron","702070","Noah Cameron","","PREGAME_ID_MISSING","false","true","1"
"823041","2026-06-24","7:45 PM ET","2026-06-24T21:17:19.992Z","A","St. Louis Cardinals","Arizona Diamondbacks","Busch Stadium","R","MLB_STATS_API_SCHEDULE","669461","Matthew Liberatore","669461","Matthew Liberatore","3","MATCHED","true","","Mitch Bratt","683352","Mitch Bratt","","PREGAME_ID_MISSING","false","true","1"
"823208","2026-06-24","9:45 PM ET","2026-06-24T21:17:23.594Z","A","San Francisco Giants","Athletics","Oracle Park","R","MLB_STATS_API_SCHEDULE","","Tyler Mahle","641816","Tyler Mahle","","PREGAME_ID_MISSING","false","","Gage Jump","695611","Gage Jump","","PREGAME_ID_MISSING","false","false","0"
"823284","2026-06-24","8:40 PM ET","2026-06-24T21:17:26.489Z","A","San Diego Padres","Atlanta Braves","Petco Park","R","MLB_STATS_API_SCHEDULE","676664","JP Sears","676664","JP Sears","5","MATCHED","true","","Martín Pérez","527048","Martín Pérez","","PREGAME_ID_MISSING","false","true","1"
"823367","2026-06-24","6:40 PM ET","2026-06-24T21:17:29.196Z","A","Pittsburgh Pirates","Seattle Mariners","PNC Park","R","MLB_STATS_API_SCHEDULE","677952","Braxton Ashcraft","677952","Braxton Ashcraft","10","MATCHED","true","","Bryan Woo","693433","Bryan Woo","","PREGAME_ID_MISSING","false","true","1"
"823611","2026-06-24","7:10 PM ET","2026-06-24T21:17:32.397Z","A","New York Mets","Chicago Cubs","Citi Field","R","MLB_STATS_API_SCHEDULE","","Sean Manaea","640455","Sean Manaea","","PREGAME_ID_MISSING","false","","Shota Imanaga","684007","Shota Imanaga","","PREGAME_ID_MISSING","false","false","0"
"823691","2026-06-24","7:40 PM ET","2026-06-24T21:17:38.789Z","A","Minnesota Twins","Los Angeles Dodgers","Target Field","R","MLB_STATS_API_SCHEDULE","657746","Joe Ryan","657746","Joe Ryan","9","MATCHED","true","","Shohei Ohtani","660271","Shohei Ohtani","","PREGAME_ID_MISSING","false","true","1"
"823850","2026-06-24","12:10 PM ET","2026-06-24T16:02:45.541Z","A","Miami Marlins","Texas Rangers","loanDepot park","R","MLB_STATS_API_SCHEDULE","691587","Eury Pérez","691587","Eury Pérez","1","MATCHED","true","","Jacob deGrom","594798","Jacob deGrom","","PREGAME_ID_MISSING","false","true","1"
"824018","2026-06-24","4:07 PM ET","2026-06-24T20:06:43.608Z","A","Los Angeles Angels","Baltimore Orioles","Angel Stadium","R","MLB_STATS_API_SCHEDULE","667755","José Soriano","667755","José Soriano","4","MATCHED","true","","Trey Gibson","694346","Trey Gibson","","PREGAME_ID_MISSING","false","true","1"
"824259","2026-06-24","6:40 PM ET","2026-06-24T21:17:48.096Z","A","Detroit Tigers","New York Yankees","Comerica Park","R","MLB_STATS_API_SCHEDULE","669373","Tarik Skubal","669373","Tarik Skubal","9","MATCHED","true","","Ryan Weathers","677960","Ryan Weathers","","PREGAME_ID_MISSING","false","true","1"
"824341","2026-06-24","3:10 PM ET","2026-06-24T18:59:59.359Z","A","Colorado Rockies","Boston Red Sox","Coors Field","R","MLB_STATS_API_SCHEDULE","607536","Kyle Freeland","607536","Kyle Freeland","4","MATCHED","true","","Ranger Suarez","624133","Ranger Suarez","","PREGAME_ID_MISSING","false","true","1"
"824500","2026-06-24","7:10 PM ET","2026-06-24T21:16:57.678Z","A","Cincinnati Reds","Milwaukee Brewers","Great American Ball Park","R","MLB_STATS_API_SCHEDULE","695076","Rhett Lowder","695076","Rhett Lowder","6","MATCHED","true","","Shane Drohan","675660","Shane Drohan","","PREGAME_ID_MISSING","false","true","1"
"822717","2026-06-25","6:45 PM ET","2026-06-25T20:14:30.015Z","A","Washington Nationals","Philadelphia Phillies","Nationals Park","R","MLB_STATS_API_SCHEDULE","676917","Cade Cavalli","676917","Cade Cavalli","7","MATCHED","true","","Cristopher Sánchez","650911","Cristopher Sánchez","","PREGAME_ID_MISSING","false","true","1"
"822797","2026-06-25","7:07 PM ET","2026-06-25T20:14:34.527Z","A","Toronto Blue Jays","Texas Rangers","Rogers Centre","R","MLB_STATS_API_SCHEDULE","592332","Kevin Gausman","592332","Kevin Gausman","4","MATCHED","true","","MacKenzie Gore","669022","MacKenzie Gore","","PREGAME_ID_MISSING","false","true","1"
"822961","2026-06-25","12:10 PM ET","2026-06-25T16:04:39.366Z","A","Tampa Bay Rays","Kansas City Royals","Tropicana Field","R","MLB_STATS_API_SCHEDULE","668984","Casey Legumina","668984","Casey Legumina","0","MATCHED","true","","Seth Lugo","607625","Seth Lugo","","PREGAME_ID_MISSING","false","true","1"
"823209","2026-06-25","3:45 PM ET","2026-06-25T19:14:00.691Z","A","San Francisco Giants","Athletics","Oracle Park","R","MLB_STATS_API_SCHEDULE","694738","Landen Roupp","694738","Landen Roupp","6","MATCHED","true","","Jeffrey Springs","605488","Jeffrey Springs","","PREGAME_ID_MISSING","false","true","1"
"823366","2026-06-25","12:35 PM ET","2026-06-25T16:32:55.474Z","A","Pittsburgh Pirates","Seattle Mariners","PNC Park","R","MLB_STATS_API_SCHEDULE","696149","Bubba Chandler","696149","Bubba Chandler","4","MATCHED","true","","Bryce Miller","682243","Bryce Miller","","PREGAME_ID_MISSING","false","true","1"
"823612","2026-06-25","7:10 PM ET","2026-06-25T20:14:51.228Z","A","New York Mets","Chicago Cubs","Citi Field","R","MLB_STATS_API_SCHEDULE","","Freddy Peralta","642547","Freddy Peralta","","PREGAME_ID_MISSING","false","","Matthew Boyd","571510","Matthew Boyd","","PREGAME_ID_MISSING","false","false","0"
"824258","2026-06-25","6:40 PM ET","2026-06-25T20:14:54.271Z","A","Detroit Tigers","Houston Astros","Comerica Park","R","MLB_STATS_API_SCHEDULE","","Troy Melton","675512","Troy Melton","","PREGAME_ID_MISSING","false","","Tatsuya Imai","837227","Tatsuya Imai","","PREGAME_ID_MISSING","false","false","0"
"824747","2026-06-25","7:10 PM ET","2026-06-25T20:14:57.038Z","A","Boston Red Sox","New York Yankees","Fenway Park","R","MLB_STATS_API_SCHEDULE","","Connelly Early","813349","Connelly Early","","PREGAME_ID_MISSING","false","","Cam Schlittler","693645","Cam Schlittler","","PREGAME_ID_MISSING","false","false","0"
"822796","2026-06-26","7:07 PM ET","2026-06-26T23:01:17.077Z","A","Toronto Blue Jays","Texas Rangers","Rogers Centre","R","MLB_STATS_API_SCHEDULE","571578","Patrick Corbin","571578","Patrick Corbin","5","MATCHED","true","","Nathan Eovaldi","543135","Nathan Eovaldi","","PREGAME_ID_MISSING","false","true","1"
"822962","2026-06-26","7:10 PM ET","2026-06-26T23:01:40.287Z","A","Tampa Bay Rays","Arizona Diamondbacks","Tropicana Field","R","MLB_STATS_API_SCHEDULE","607259","Nick Martinez","607259","Nick Martinez","3","MATCHED","true","","Zac Gallen","668678","Zac Gallen","","PREGAME_ID_MISSING","false","true","1"
"823039","2026-06-26","8:15 PM ET","2026-06-27T00:07:39.232Z","A","St. Louis Cardinals","Miami Marlins","Busch Stadium","R","MLB_STATS_API_SCHEDULE","700241","Michael McGreevy","700241","Michael McGreevy","4","MATCHED","true","","Max Meyer","676974","Max Meyer","","PREGAME_ID_MISSING","false","true","1"
"823206","2026-06-26","10:15 PM ET","2026-06-27T02:04:58.896Z","A","San Francisco Giants","Atlanta Braves","Oracle Park","R","MLB_STATS_API_SCHEDULE","686790","Trevor McDonald","686790","Trevor McDonald","3","MATCHED","true","","Reynaldo López","625643","Reynaldo López","","PREGAME_ID_MISSING","false","true","1"
"823285","2026-06-26","9:45 PM ET","2026-06-27T01:36:22.205Z","A","San Diego Padres","Los Angeles Dodgers","Petco Park","R","MLB_STATS_API_SCHEDULE","621111","Walker Buehler","621111","Walker Buehler","5","MATCHED","true","","Roki Sasaki","808963","Roki Sasaki","","PREGAME_ID_MISSING","false","true","1"
"823363","2026-06-26","6:40 PM ET","2026-06-26T22:38:26.833Z","A","Pittsburgh Pirates","Cincinnati Reds","PNC Park","R","MLB_STATS_API_SCHEDULE","694973","Paul Skenes","694973","Paul Skenes","7","MATCHED","true","","Andrew Abbott","671096","Andrew Abbott","","PREGAME_ID_MISSING","false","true","1"
"823610","2026-06-26","7:10 PM ET","2026-06-26T23:01:55.573Z","A","New York Mets","Philadelphia Phillies","Citi Field","R","MLB_STATS_API_SCHEDULE","804267","Zach Thornton","804267","Zac Thornton","7","MATCHED","true","","Zack Wheeler","554430","Zack Wheeler","","PREGAME_ID_MISSING","false","true","1"
"823688","2026-06-26","8:10 PM ET","2026-06-27T00:07:52.622Z","A","Minnesota Twins","Colorado Rockies","Target Field","R","MLB_STATS_API_SCHEDULE","671737","Taj Bradley","671737","Taj Bradley","7","MATCHED","true","","Tomoyuki Sugano","608372","Tomoyuki Sugano","","PREGAME_ID_MISSING","false","true","1"
"823773","2026-06-26","7:45 PM ET","2026-06-26T23:39:50.217Z","A","Milwaukee Brewers","Chicago Cubs","American Family Field","R","MLB_STATS_API_SCHEDULE","694819","Jacob Misiorowski","694819","Jacob Misiorowski","8","MATCHED","true","","Colin Rea","607067","Colin Rea","","PREGAME_ID_MISSING","false","true","1"
"824014","2026-06-26","9:38 PM ET","2026-06-27T01:36:56.429Z","A","Los Angeles Angels","Athletics","Angel Stadium","R","MLB_STATS_API_SCHEDULE","700712","Walbert Ureña","700712","Walbert Ureña","5","MATCHED","true","","J.T. Ginn","669372","J.T. Ginn","","PREGAME_ID_MISSING","false","true","1"
"824255","2026-06-26","6:40 PM ET","2026-06-26T22:38:41.029Z","A","Detroit Tigers","Houston Astros","Comerica Park","R","MLB_STATS_API_SCHEDULE","672456","Keider Montero","672456","Keider Montero","3","MATCHED","true","","Spencer Arrighetti","681293","Spencer Arrighetti","","PREGAME_ID_MISSING","false","true","1"
"824423","2026-06-26","7:10 PM ET","2026-06-26T23:02:09.183Z","A","Cleveland Guardians","Seattle Mariners","Progressive Field","R","MLB_STATS_API_SCHEDULE","676282","Joey Cantillo","676282","Joey Cantillo","9","MATCHED","true","","Luis Castillo","622491","Luis Castillo","","PREGAME_ID_MISSING","false","true","1"
"824582","2026-06-26","7:40 PM ET","2026-06-26T23:28:14.317Z","A","Chicago White Sox","Kansas City Royals","Rate Field","R","MLB_STATS_API_SCHEDULE","689818","David Sandlin","689818","David Sandlin","6","MATCHED","true","","Steven Cruz","674444","Steven Cruz","","PREGAME_ID_MISSING","false","true","1"
"824743","2026-06-26","7:10 PM ET","2026-06-26T23:02:14.489Z","A","Boston Red Sox","New York Yankees","Fenway Park","R","MLB_STATS_API_SCHEDULE","801139","Payton Tolle","801139","Payton Tolle","7","MATCHED","true","","Will Warren","701542","Will Warren","","PREGAME_ID_MISSING","false","true","1"
"824824","2026-06-26","7:05 PM ET","2026-06-26T23:02:16.894Z","A","Baltimore Orioles","Washington Nationals","Oriole Park at Camden Yards","R","MLB_STATS_API_SCHEDULE","669432","Trevor Rogers","669432","Trevor Rogers","7","MATCHED","true","","Andrew Alvarez","674841","Andrew Alvarez","","PREGAME_ID_MISSING","false","true","1"
"822794","2026-06-27","3:07 PM ET","2026-06-27T16:53:45.576Z","A","Toronto Blue Jays","Texas Rangers","Rogers Centre","R","MLB_STATS_API_SCHEDULE","","Dylan Cease","656302","Dylan Cease","","PREGAME_ID_MISSING","false","","Cal Quantrill","615698","Cal Quantrill","","PREGAME_ID_MISSING","false","false","0"
"822960","2026-06-27","6:10 PM ET","2026-06-27T22:09:00.156Z","A","Tampa Bay Rays","Arizona Diamondbacks","Tropicana Field","R","MLB_STATS_API_SCHEDULE","642121","Cole Sulser","642121","Cole Sulser","","FINAL_ID_MISSING","false","","Jose Cabrera","703615","Jose Cabrera","","FINAL_ID_MISSING","false","false","0"
"823038","2026-06-27","7:15 PM ET","2026-06-27T22:36:58.402Z","A","St. Louis Cardinals","Miami Marlins","Busch Stadium","R","MLB_STATS_API_SCHEDULE","669467","Andre Pallante","669467","Andre Pallante","4","MATCHED","true","","Ryan Gusto","687473","Ryan Gusto","","PREGAME_ID_MISSING","false","true","1"
"823207","2026-06-27","9:05 PM ET","2026-06-28T01:03:09.114Z","A","San Francisco Giants","Atlanta Braves","Oracle Park","R","MLB_STATS_API_SCHEDULE","657277","Logan Webb","657277","Logan Webb","6","MATCHED","true","","Bryce Elder","693821","Bryce Elder","","PREGAME_ID_MISSING","false","true","1"
"823283","2026-06-27","8:40 PM ET","2026-06-28T00:35:48.129Z","A","San Diego Padres","Los Angeles Dodgers","Petco Park","R","MLB_STATS_API_SCHEDULE","606996","Kyle Hart","606996","Kyle Hart","2","MATCHED","true","","Yoshinobu Yamamoto","808967","Yoshinobu Yamamoto","","PREGAME_ID_MISSING","false","true","1"
"823689","2026-06-27","7:10 PM ET","2026-06-27T22:37:09.996Z","A","Minnesota Twins","Colorado Rockies","Target Field","R","MLB_STATS_API_SCHEDULE","702474","Mike Paredes","702474","Mike Paredes","2","MATCHED","true","","Michael Lorenzen","547179","Michael Lorenzen","","PREGAME_ID_MISSING","false","true","1"
"823770","2026-06-27","7:10 PM ET","2026-06-27T22:37:14.689Z","A","Milwaukee Brewers","Chicago Cubs","American Family Field","R","MLB_STATS_API_SCHEDULE","690986","Kyle Harrison","690986","Kyle Harrison","9","MATCHED","true","","David Peterson","656849","David Peterson","","PREGAME_ID_MISSING","false","true","1"
"824015","2026-06-27","9:38 PM ET","2026-06-28T01:27:43.327Z","A","Los Angeles Angels","Athletics","Angel Stadium","R","MLB_STATS_API_SCHEDULE","672282","Reid Detmers","672282","Reid Detmers","8","MATCHED","true","","Jack Perkins","678022","Jack Perkins","","PREGAME_ID_MISSING","false","true","1"
"824257","2026-06-27","1:10 PM ET","2026-06-27T16:54:15.925Z","A","Detroit Tigers","Houston Astros","Comerica Park","R","MLB_STATS_API_SCHEDULE","664285","Framber Valdez","664285","Framber Valdez","2","MATCHED","true","","Kai-Wei Teng","678906","Kai-Wei Teng","","PREGAME_ID_MISSING","false","true","1"
"824421","2026-06-27","7:10 PM ET","2026-06-27T22:37:23.206Z","A","Cleveland Guardians","Seattle Mariners","Progressive Field","R","MLB_STATS_API_SCHEDULE","677944","Slade Cecconi","677944","Slade Cecconi","4","MATCHED","true","","Logan Gilbert","669302","Logan Gilbert","","PREGAME_ID_MISSING","false","true","1"
"824581","2026-06-27","4:10 PM ET","2026-06-27T19:45:50.183Z","A","Chicago White Sox","Kansas City Royals","Rate Field","R","MLB_STATS_API_SCHEDULE","663436","Davis Martin","663436","Davis Martin","3","MATCHED","true","","Michael Wacha","608379","Michael Wacha","","PREGAME_ID_MISSING","false","true","1"
"824745","2026-06-27","1:10 PM ET","2026-06-27T16:54:24.286Z","A","Boston Red Sox","New York Yankees","Fenway Park","R","MLB_STATS_API_SCHEDULE","687562","Jake Bennett","687562","Jake Bennett","3","MATCHED","true","","Gerrit Cole","543037","Gerrit Cole","","PREGAME_ID_MISSING","false","true","1"
"824825","2026-06-27","7:05 PM ET","2026-06-27T22:37:32.890Z","A","Baltimore Orioles","Washington Nationals","Oriole Park at Camden Yards","R","MLB_STATS_API_SCHEDULE","687064","Brandon Young","687064","Brandon Young","","FINAL_ID_MISSING","false","","Foster Griffin","656492","Foster Griffin","","FINAL_ID_MISSING","false","false","0"
"822795","2026-06-28","1:37 PM ET","2026-06-28T17:24:58.386Z","A","Toronto Blue Jays","Texas Rangers","Rogers Centre","R","MLB_STATS_API_SCHEDULE","669456","Shane Bieber","669456","Shane Bieber","4","MATCHED","true","","Kumar Rocker","677958","Kumar Rocker","","PREGAME_ID_MISSING","false","true","1"
"822959","2026-06-28","1:40 PM ET","2026-06-28T17:25:02.982Z","A","Tampa Bay Rays","Arizona Diamondbacks","Tropicana Field","R","MLB_STATS_API_SCHEDULE","656876","Drew Rasmussen","656876","Drew Rasmussen","5","MATCHED","true","","Merrill Kelly","518876","Merrill Kelly","","PREGAME_ID_MISSING","false","true","1"
"823037","2026-06-28","2:15 PM ET","2026-06-28T18:07:36.783Z","A","St. Louis Cardinals","Miami Marlins","Busch Stadium","R","MLB_STATS_API_SCHEDULE","681517","Kyle Leahy","681517","Kyle Leahy","5","MATCHED","true","","Tyler Phillips","663969","Tyler Phillips","","PREGAME_ID_MISSING","false","true","1"
"823204","2026-06-28","4:05 PM ET","2026-06-28T19:53:42.376Z","A","San Francisco Giants","Atlanta Braves","Oracle Park","R","MLB_STATS_API_SCHEDULE","592662","Robbie Ray","592662","Robbie Ray","2","MATCHED","true","","Chris Sale","519242","Chris Sale","","PREGAME_ID_MISSING","false","true","1"
"823281","2026-06-28","4:10 PM ET","2026-06-28T20:04:12.901Z","A","San Diego Padres","Los Angeles Dodgers","Petco Park","R","MLB_STATS_API_SCHEDULE","650633","Michael King","650633","Michael King","5","MATCHED","true","","Emmet Sheehan","686218","Emmet Sheehan","","PREGAME_ID_MISSING","false","true","1"
"823362","2026-06-28","1:35 PM ET","2026-06-28T17:25:15.982Z","A","Pittsburgh Pirates","Cincinnati Reds","PNC Park","R","MLB_STATS_API_SCHEDULE","656605","Mitch Keller","656605","Mitch Keller","4","MATCHED","true","","Brady Singer","663903","Brady Singer","","PREGAME_ID_MISSING","false","true","1"
"823608","2026-06-28","1:40 PM ET","2026-06-28T17:25:19.467Z","A","New York Mets","Philadelphia Phillies","Citi Field","R","MLB_STATS_API_SCHEDULE","672335","Cionel Pérez","672335","Cionel Pérez","2","MATCHED","true","","Jesús Luzardo","666200","Jesús Luzardo","","PREGAME_ID_MISSING","false","true","1"
"823686","2026-06-28","2:10 PM ET","2026-06-28T18:07:28.268Z","A","Minnesota Twins","Colorado Rockies","Target Field","R","MLB_STATS_API_SCHEDULE","687570","Connor Prielipp","687570","Connor Prielipp","10","MATCHED","true","","Ryan Feltner","663372","Ryan Feltner","","PREGAME_ID_MISSING","false","true","1"
"823769","2026-06-28","2:10 PM ET","2026-06-28T18:07:34.899Z","A","Milwaukee Brewers","Chicago Cubs","American Family Field","R","MLB_STATS_API_SCHEDULE","605540","Brandon Woodruff","605540","Brandon Woodruff","6","MATCHED","true","","Ryan Rolison","669020","Ryan Rolison","","PREGAME_ID_MISSING","false","true","1"
"824011","2026-06-28","3:15 PM ET","2026-06-28T19:14:12.583Z","A","Los Angeles Angels","Athletics","Angel Stadium","R","MLB_STATS_API_SCHEDULE","691951","Sam Aldegheri","691951","Sam Aldegheri","4","MATCHED","true","","Aaron Civale","650644","Aaron Civale","","PREGAME_ID_MISSING","false","true","1"
"824256","2026-06-28","1:40 PM ET","2026-06-28T17:25:30.887Z","A","Detroit Tigers","Houston Astros","Comerica Park","R","MLB_STATS_API_SCHEDULE","656427","Jack Flaherty","656427","Jack Flaherty","9","MATCHED","true","","Hunter Brown","686613","Hunter Brown","","PREGAME_ID_MISSING","false","true","1"
"824422","2026-06-28","1:40 PM ET","2026-06-28T17:25:33.488Z","A","Cleveland Guardians","Seattle Mariners","Progressive Field","R","MLB_STATS_API_SCHEDULE","668909","Gavin Williams","668909","Gavin Williams","6","MATCHED","true","","Emerson Hancock","676106","Emerson Hancock","","PREGAME_ID_MISSING","false","true","1"
"824580","2026-06-28","2:10 PM ET","2026-06-28T18:07:31.677Z","A","Chicago White Sox","Kansas City Royals","Rate Field","R","MLB_STATS_API_SCHEDULE","641743","Anthony Kay","641743","Anthony Kay","2","MATCHED","true","","Luinder Avila","679883","Luinder Avila","","PREGAME_ID_MISSING","false","true","1"
"824744","2026-06-28","7:20 PM ET","2026-06-28T21:06:15.657Z","A","Boston Red Sox","New York Yankees","Fenway Park","R","MLB_STATS_API_SCHEDULE","543243","Sonny Gray","543243","Sonny Gray","9","MATCHED","true","","Carlos Rodón","607074","Carlos Rodón","","PREGAME_ID_MISSING","false","true","1"
"824821","2026-06-28","1:35 PM ET","2026-06-28T17:25:41.167Z","A","Baltimore Orioles","Washington Nationals","Oriole Park at Camden Yards","R","MLB_STATS_API_SCHEDULE","680694","Kyle Bradish","680694","Kyle Bradish","2","MATCHED","true","","Zack Littell","641793","Zack Littell","","PREGAME_ID_MISSING","false","true","1"
"822792","2026-06-29","7:07 PM ET","2026-06-29T22:55:06.600Z","A","Toronto Blue Jays","New York Mets","Rogers Centre","R","MLB_STATS_API_SCHEDULE","702056","Trey Yesavage","702056","Trey Yesavage","3","MATCHED","true","","Sean Manaea","640455","Sean Manaea","","PREGAME_ID_MISSING","false","true","1"
"823121","2026-06-29","9:40 PM ET","2026-06-30T01:10:30.214Z","A","Seattle Mariners","Los Angeles Angels","T-Mobile Park","R","MLB_STATS_API_SCHEDULE","669923","George Kirby","669923","George Kirby","7","MATCHED","true","","Ryan Johnson","696270","Ryan Johnson","","PREGAME_ID_MISSING","false","true","1"
"823444","2026-06-29","6:40 PM ET","2026-06-29T20:07:22.161Z","A","Philadelphia Phillies","Pittsburgh Pirates","Citizens Bank Park","R","MLB_STATS_API_SCHEDULE","","Aaron Nola","605400","Aaron Nola","","PREGAME_ID_MISSING","false","","Braxton Ashcraft","677952","Braxton Ashcraft","","PREGAME_ID_MISSING","false","false","0"
"823529","2026-06-29","7:05 PM ET","2026-06-29T22:55:03.781Z","A","New York Yankees","Detroit Tigers","Yankee Stadium","R","MLB_STATS_API_SCHEDULE","677960","Ryan Weathers","677960","Ryan Weathers","3","MATCHED","true","","Casey Mize","663554","Casey Mize","","PREGAME_ID_MISSING","false","true","1"
"823771","2026-06-29","7:40 PM ET","2026-06-29T22:55:14.698Z","A","Milwaukee Brewers","Cincinnati Reds","American Family Field","R","MLB_STATS_API_SCHEDULE","688107","Robert Gasser","688107","Robert Gasser","5","MATCHED","true","","Nick Lodolo","666157","Nick Lodolo","","PREGAME_ID_MISSING","false","true","1"
"824176","2026-06-29","8:10 PM ET","2026-06-29T23:57:30.964Z","A","Houston Astros","Minnesota Twins","Daikin Park","R","MLB_STATS_API_SCHEDULE","663567","Peter Lambert","663567","Peter Lambert","4","MATCHED","true","","Zebby Matthews","805673","Zebby Matthews","","PREGAME_ID_MISSING","false","true","1"
"824339","2026-06-29","8:40 PM ET","2026-06-30T00:35:28.520Z","A","Colorado Rockies","Miami Marlins","Coors Field","R","MLB_STATS_API_SCHEDULE","807743","Sean Sullivan","807743","Sean Sullivan","5","MATCHED","true","","Sandy Alcantara","645261","Sandy Alcantara","","PREGAME_ID_MISSING","false","true","1"
"824420","2026-06-29","7:10 PM ET","2026-06-29T22:55:12.301Z","A","Cleveland Guardians","Texas Rangers","Progressive Field","R","MLB_STATS_API_SCHEDULE","800048","Parker Messick","800048","Parker Messick","5","MATCHED","true","","Tyler Alexander","641302","Tyler Alexander","","PREGAME_ID_MISSING","false","true","1"
"824662","2026-06-29","8:05 PM ET","2026-06-29T23:57:39.183Z","A","Chicago Cubs","San Diego Padres","Wrigley Field","R","MLB_STATS_API_SCHEDULE","684007","Shota Imanaga","684007","Shota Imanaga","4","MATCHED","true","","Griffin Canning","656288","Griffin Canning","","PREGAME_ID_MISSING","false","true","1"
"824741","2026-06-29","7:10 PM ET","2026-06-29T22:55:09.102Z","A","Boston Red Sox","Washington Nationals","Fenway Park","R","MLB_STATS_API_SCHEDULE","624133","Ranger Suarez","624133","Ranger Suarez","8","MATCHED","true","","Miles Mikolas","571945","Miles Mikolas","","PREGAME_ID_MISSING","false","true","1"
"824822","2026-06-29","6:35 PM ET","2026-06-29T20:07:20.435Z","A","Baltimore Orioles","Chicago White Sox","Oriole Park at Camden Yards","R","MLB_STATS_API_SCHEDULE","669358","Shane Baz","669358","Shane Baz","6","MATCHED","true","","Sean Burke","680732","Sean Burke","","PREGAME_ID_MISSING","false","true","1"
"824986","2026-06-29","9:40 PM ET","2026-06-30T01:10:26.816Z","A","Athletics","Los Angeles Dodgers","Sutter Health Park","R","MLB_STATS_API_SCHEDULE","695611","Gage Jump","695611","Gage Jump","5","MATCHED","true","","Eric Lauer","641778","Eric Lauer","","PREGAME_ID_MISSING","false","true","1"
"825065","2026-06-29","9:40 PM ET","2026-06-30T01:10:31.895Z","A","Arizona Diamondbacks","San Francisco Giants","Chase Field","R","MLB_STATS_API_SCHEDULE","593958","Eduardo Rodriguez","593958","Eduardo Rodriguez","1","MATCHED","true","","Tyler Mahle","641816","Tyler Mahle","","PREGAME_ID_MISSING","false","true","1"
"822793","2026-06-30","7:07 PM ET","2026-06-30T23:05:32.702Z","A","Toronto Blue Jays","New York Mets","Rogers Centre","R","MLB_STATS_API_SCHEDULE","592332","Kevin Gausman","","Kevin Gausman","","FINAL_ID_MISSING","false","","Nolan McLean","","Nolan McLean","","PREGAME_ID_MISSING","false","false","0"
"823122","2026-06-30","9:40 PM ET","2026-07-01T00:03:05.102Z","A","Seattle Mariners","Los Angeles Angels","T-Mobile Park","R","MLB_STATS_API_SCHEDULE","693433","Bryan Woo","","Bryan Woo","","FINAL_ID_MISSING","false","","José Soriano","","José Soriano","","PREGAME_ID_MISSING","false","false","0"
"823445","2026-06-30","6:40 PM ET","2026-06-30T19:20:31.089Z","A","Philadelphia Phillies","Pittsburgh Pirates","Citizens Bank Park","R","MLB_STATS_API_SCHEDULE","","Cristopher Sánchez","","Cristopher Sánchez","","PREGAME_ID_MISSING","false","","Bubba Chandler","","Bubba Chandler","","PREGAME_ID_MISSING","false","false","0"
"823528","2026-06-30","7:05 PM ET","2026-06-30T23:04:16.895Z","A","New York Yankees","Detroit Tigers","Yankee Stadium","R","MLB_STATS_API_SCHEDULE","693645","Cam Schlittler","","Cam Schlittler","","FINAL_ID_MISSING","false","","Tarik Skubal","","Tarik Skubal","","PREGAME_ID_MISSING","false","false","0"
"823768","2026-06-30","7:40 PM ET","2026-06-30T23:38:04.595Z","A","Milwaukee Brewers","Cincinnati Reds","American Family Field","R","MLB_STATS_API_SCHEDULE","687075","Brandon Sproat","","Brandon Sproat","","FINAL_ID_MISSING","false","","Rhett Lowder","","Rhett Lowder","","PREGAME_ID_MISSING","false","false","0"
"824096","2026-06-30","7:40 PM ET","2026-06-30T23:37:05.216Z","A","Kansas City Royals","Tampa Bay Rays","Kauffman Stadium","R","MLB_STATS_API_SCHEDULE","702070","Noah Cameron","","Noah Cameron","","FINAL_ID_MISSING","false","","Griffin Jax","","Griffin Jax","","PREGAME_ID_MISSING","false","false","0"
"824175","2026-06-30","8:10 PM ET","2026-07-01T00:02:56.722Z","A","Houston Astros","Minnesota Twins","Daikin Park","R","MLB_STATS_API_SCHEDULE","681347","Mike Burrows","","Mike Burrows","","FINAL_ID_MISSING","false","","Joe Ryan","","Joe Ryan","","PREGAME_ID_MISSING","false","false","0"
"824338","2026-06-30","8:40 PM ET","2026-07-01T00:02:58.591Z","A","Colorado Rockies","Miami Marlins","Coors Field","R","MLB_STATS_API_SCHEDULE","685299","Tanner Gordon","","Tanner Gordon","","FINAL_ID_MISSING","false","","Eury Pérez","","Eury Pérez","","PREGAME_ID_MISSING","false","false","0"
"824418","2026-06-30","6:40 PM ET","2026-06-30T19:20:29.186Z","A","Cleveland Guardians","Texas Rangers","Progressive Field","R","MLB_STATS_API_SCHEDULE","","Tanner Bibee","","Tanner Bibee","","PREGAME_ID_MISSING","false","","Jacob deGrom","","Jacob deGrom","","PREGAME_ID_MISSING","false","false","0"
"824661","2026-06-30","8:05 PM ET","2026-07-01T00:02:52.589Z","A","Chicago Cubs","San Diego Padres","Wrigley Field","R","MLB_STATS_API_SCHEDULE","571510","Matthew Boyd","","Matthew Boyd","","FINAL_ID_MISSING","false","","JP Sears","","JP Sears","","PREGAME_ID_MISSING","false","false","0"
"824742","2026-06-30","7:10 PM ET","2026-06-30T23:07:51.198Z","A","Boston Red Sox","Washington Nationals","Fenway Park","R","MLB_STATS_API_SCHEDULE","813349","Connelly Early","","Connelly Early","","FINAL_ID_MISSING","false","","Cade Cavalli","","Cade Cavalli","","PREGAME_ID_MISSING","false","false","0"
"824819","2026-06-30","6:35 PM ET","2026-06-30T19:20:27.283Z","A","Baltimore Orioles","Chicago White Sox","Oriole Park at Camden Yards","R","MLB_STATS_API_SCHEDULE","694346","Trey Gibson","","Trey Gibson","","FINAL_ID_MISSING","false","","Erick Fedde","","Erick Fedde","","PREGAME_ID_MISSING","false","false","0"
"824907","2026-06-30","7:15 PM ET","2026-06-30T23:10:15.801Z","A","Atlanta Braves","St. Louis Cardinals","Truist Park","R","MLB_STATS_API_SCHEDULE","527048","Martín Pérez","","Martín Pérez","","FINAL_ID_MISSING","false","","Matthew Liberatore","","Matthew Liberatore","","PREGAME_ID_MISSING","false","false","0"
"824984","2026-06-30","9:40 PM ET","2026-07-01T00:03:02.689Z","A","Athletics","Los Angeles Dodgers","Sutter Health Park","R","MLB_STATS_API_SCHEDULE","605488","Jeffrey Springs","","Jeffrey Springs","","FINAL_ID_MISSING","false","","Justin Wrobleski","","Justin Wrobleski","","PREGAME_ID_MISSING","false","false","0"
"825066","2026-06-30","9:40 PM ET","2026-07-01T00:03:12.500Z","A","Arizona Diamondbacks","San Francisco Giants","Chase Field","R","MLB_STATS_API_SCHEDULE","694297","Brandon Pfaadt","","Brandon Pfaadt","","FINAL_ID_MISSING","false","","Landen Roupp","","Landen Roupp","","PREGAME_ID_MISSING","false","false","0"
"823446","2026-07-01","6:40 PM ET","2026-07-01T21:55:21.941Z","A","Philadelphia Phillies","Pittsburgh Pirates","Citizens Bank Park","R","MLB_STATS_API_SCHEDULE","554430","Zack Wheeler","","Zack Wheeler","","FINAL_ID_MISSING","false","","Paul Skenes","","Paul Skenes","","FINAL_ID_MISSING","false","false","0"
"823530","2026-07-01","1:35 PM ET","2026-07-01T17:31:58.794Z","A","New York Yankees","Detroit Tigers","Yankee Stadium","R","MLB_STATS_API_SCHEDULE","701542","Will Warren","701542","Will Warren","7","MATCHED","true","","Troy Melton","675512","Troy Melton","","PREGAME_ID_MISSING","false","true","1"
"823767","2026-07-01","8:10 PM ET","2026-07-01T23:50:25.781Z","A","Milwaukee Brewers","Cincinnati Reds","American Family Field","R","MLB_STATS_API_SCHEDULE","675660","Shane Drohan","","Shane Drohan","","FINAL_ID_MISSING","false","","Andrew Abbott","","Andrew Abbott","","FINAL_ID_MISSING","false","false","0"
"824094","2026-07-01","7:40 PM ET","2026-07-01T23:01:22.753Z","A","Kansas City Royals","Tampa Bay Rays","Kauffman Stadium","R","MLB_STATS_API_SCHEDULE","607625","Seth Lugo","","Seth Lugo","","FINAL_ID_MISSING","false","","Shane McClanahan","","Shane McClanahan","","FINAL_ID_MISSING","false","false","0"
"824174","2026-07-01","8:10 PM ET","2026-07-01T23:50:38.800Z","A","Houston Astros","Minnesota Twins","Daikin Park","R","MLB_STATS_API_SCHEDULE","837227","Tatsuya Imai","","Tatsuya Imai","","FINAL_ID_MISSING","false","","Taj Bradley","","Taj Bradley","","FINAL_ID_MISSING","false","false","0"
"824337","2026-07-01","8:40 PM ET","2026-07-02T00:16:52.423Z","A","Colorado Rockies","Miami Marlins","Coors Field","R","MLB_STATS_API_SCHEDULE","607536","Kyle Freeland","","Kyle Freeland","","FINAL_ID_MISSING","false","","Max Meyer","","Max Meyer","","FINAL_ID_MISSING","false","false","0"
"824419","2026-07-01","1:10 PM ET","2026-07-01T17:08:09.287Z","A","Cleveland Guardians","Texas Rangers","Progressive Field","R","MLB_STATS_API_SCHEDULE","676282","Joey Cantillo","676282","Joey Cantillo","4","MATCHED","true","","MacKenzie Gore","669022","MacKenzie Gore","","PREGAME_ID_MISSING","false","true","1"
"824660","2026-07-01","2:20 PM ET","2026-07-01T17:32:56.796Z","A","Chicago Cubs","San Diego Padres","Wrigley Field","R","MLB_STATS_API_SCHEDULE","607067","Colin Rea","607067","Colin Rea","5","MATCHED","true","","Walker Buehler","621111","Walker Buehler","","PREGAME_ID_MISSING","false","true","1"
"824740","2026-07-01","1:35 PM ET","2026-07-01T17:31:57.234Z","A","Boston Red Sox","Washington Nationals","Fenway Park","R","MLB_STATS_API_SCHEDULE","801139","Payton Tolle","801139","Payton Tolle","5","MATCHED","true","","Brad Lord","695418","Brad Lord","","PREGAME_ID_MISSING","false","true","1"
"824818","2026-07-01","12:35 PM ET","2026-07-01T16:33:31.697Z","A","Baltimore Orioles","Chicago White Sox","Oriole Park at Camden Yards","R","MLB_STATS_API_SCHEDULE","665152","Dean Kremer","","Dean Kremer","","FINAL_ID_MISSING","false","","Noah Schultz","","Noah Schultz","","PREGAME_ID_MISSING","false","false","0"
"824905","2026-07-01","7:15 PM ET","2026-07-01T23:01:46.263Z","A","Atlanta Braves","St. Louis Cardinals","Truist Park","R","MLB_STATS_API_SCHEDULE","625643","Reynaldo López","","Reynaldo López","","FINAL_ID_MISSING","false","","Michael McGreevy","","Michael McGreevy","","FINAL_ID_MISSING","false","false","0"
"824985","2026-07-01","9:40 PM ET","2026-07-02T00:58:28.420Z","A","Athletics","Los Angeles Dodgers","Sutter Health Park","R","MLB_STATS_API_SCHEDULE","669372","J.T. Ginn","","J.T. Ginn","","FINAL_ID_MISSING","false","","Por definir","","Por definir","","FINAL_ID_MISSING","false","false","0"
"825064","2026-07-01","9:40 PM ET","2026-07-02T00:58:30.918Z","A","Arizona Diamondbacks","San Francisco Giants","Chase Field","R","MLB_STATS_API_SCHEDULE","668678","Zac Gallen","","Zac Gallen","","FINAL_ID_MISSING","false","","Trevor McDonald","","Trevor McDonald","","FINAL_ID_MISSING","false","false","0"
"822884","2026-07-02","8:05 PM ET","2026-07-02T21:55:01.566Z","A","Texas Rangers","Detroit Tigers","Globe Life Field","R","MLB_STATS_API_SCHEDULE","543135","Nathan Eovaldi","543135","Nathan Eovaldi","9","MATCHED","true","","Framber Valdez","664285","Framber Valdez","","PREGAME_ID_MISSING","false","true","1"
"823119","2026-07-02","9:40 PM ET","2026-07-02T21:52:41.145Z","A","Seattle Mariners","Los Angeles Angels","T-Mobile Park","R","MLB_STATS_API_SCHEDULE","682243","Bryce Miller","682243","Bryce Miller","8","MATCHED","true","","Walbert Ureña","700712","Walbert Ureña","","PREGAME_ID_MISSING","false","true","1"
"823442","2026-07-02","12:35 PM ET","2026-07-02T14:17:08.080Z","A","Philadelphia Phillies","Pittsburgh Pirates","Citizens Bank Park","R","MLB_STATS_API_SCHEDULE","","Alan Rangel","660604","Alan Rangel","","PREGAME_ID_MISSING","false","","Jared Jones","683003","Jared Jones","","PREGAME_ID_MISSING","false","false","0"
"823765","2026-07-02","2:10 PM ET","2026-07-02T17:22:34.971Z","A","Milwaukee Brewers","Cincinnati Reds","American Family Field","R","MLB_STATS_API_SCHEDULE","694819","Jacob Misiorowski","694819","Jacob Misiorowski","10","MATCHED","true","","Chase Burns","695505","Chase Burns","","PREGAME_ID_MISSING","false","true","1"
"823935","2026-07-02","10:10 PM ET","2026-07-02T21:59:30.565Z","A","Los Angeles Dodgers","San Diego Padres","UNIQLO Field at Dodger Stadium","R","MLB_STATS_API_SCHEDULE","","Roki Sasaki","808963","Roki Sasaki","","PREGAME_ID_MISSING","false","","Randy Vásquez","681190","Randy Vásquez","","PREGAME_ID_MISSING","false","false","0"
"824093","2026-07-02","7:40 PM ET","2026-07-02T21:57:47.960Z","A","Kansas City Royals","Tampa Bay Rays","Kauffman Stadium","R","MLB_STATS_API_SCHEDULE","663568","Stephen Kolek","663568","Stephen Kolek","0","MATCHED","true","","Ian Seymour","693855","Ian Seymour","","PREGAME_ID_MISSING","false","true","1"
"824335","2026-07-02","3:10 PM ET","2026-07-02T17:22:43.562Z","A","Colorado Rockies","Miami Marlins","Coors Field","R","MLB_STATS_API_SCHEDULE","547179","Michael Lorenzen","547179","Michael Lorenzen","1","MATCHED","true","","Ryan Gusto","687473","Ryan Gusto","","PREGAME_ID_MISSING","false","true","1"
"824416","2026-07-02","6:40 PM ET","2026-07-02T21:39:47.060Z","A","Cleveland Guardians","Chicago White Sox","Progressive Field","R","MLB_STATS_API_SCHEDULE","677944","Slade Cecconi","677944","Slade Cecconi","3","MATCHED","true","","Davis Martin","663436","Davis Martin","","PREGAME_ID_MISSING","false","true","1"
"824906","2026-07-02","7:15 PM ET","2026-07-02T21:55:57.244Z","A","Atlanta Braves","St. Louis Cardinals","Truist Park","R","MLB_STATS_API_SCHEDULE","694462","Hurston Waldrep","694462","Hurston Waldrep","4","MATCHED","true","","Dustin May","669160","Dustin May","","PREGAME_ID_MISSING","false","true","1"
"822714","2026-07-03","6:45 PM ET","2026-07-03T22:10:18.475Z","A","Washington Nationals","Pittsburgh Pirates","Nationals Park","R","MLB_STATS_API_SCHEDULE","656492","Foster Griffin","656492","Foster Griffin","2","MATCHED","true","","Mitch Keller","656605","Mitch Keller","","PREGAME_ID_MISSING","false","true","1"
"823120","2026-07-03","10:10 PM ET","2026-07-03T23:50:39.403Z","A","Seattle Mariners","Toronto Blue Jays","T-Mobile Park","R","MLB_STATS_API_SCHEDULE","622491","Luis Castillo","622491","Luis Castillo","4","MATCHED","true","","Dylan Cease","656302","Dylan Cease","","PREGAME_ID_MISSING","false","true","1"
"823527","2026-07-03","7:05 PM ET","2026-07-03T22:10:26.969Z","A","New York Yankees","Minnesota Twins","Yankee Stadium","R","MLB_STATS_API_SCHEDULE","543037","Gerrit Cole","543037","Gerrit Cole","7","MATCHED","true","","Mike Paredes","702474","Mike Paredes","","PREGAME_ID_MISSING","false","true","1"
"823933","2026-07-03","10:10 PM ET","2026-07-03T23:50:56.292Z","A","Los Angeles Dodgers","San Diego Padres","UNIQLO Field at Dodger Stadium","R","MLB_STATS_API_SCHEDULE","660271","Shohei Ohtani","660271","Shohei Ohtani","9","MATCHED","true","","Michael King","650633","Michael King","","PREGAME_ID_MISSING","false","true","1"
"824013","2026-07-03","9:38 PM ET","2026-07-03T23:51:05.375Z","A","Los Angeles Angels","Boston Red Sox","Angel Stadium","R","MLB_STATS_API_SCHEDULE","672282","Reid Detmers","672282","Reid Detmers","5","MATCHED","true","","Jake Bennett","687562","Jake Bennett","","PREGAME_ID_MISSING","false","true","1"
"824173","2026-07-03","8:15 PM ET","2026-07-03T23:51:14.493Z","A","Houston Astros","Tampa Bay Rays","Daikin Park","R","MLB_STATS_API_SCHEDULE","681293","Spencer Arrighetti","681293","Spencer Arrighetti","4","MATCHED","true","","Nick Martinez","607259","Nick Martinez","","PREGAME_ID_MISSING","false","true","1"
"824336","2026-07-03","8:10 PM ET","2026-07-03T23:51:23.510Z","A","Colorado Rockies","San Francisco Giants","Coors Field","R","MLB_STATS_API_SCHEDULE","663372","Ryan Feltner","663372","Ryan Feltner","9","MATCHED","true","","Logan Webb","657277","Logan Webb","","PREGAME_ID_MISSING","false","true","1"
"824417","2026-07-03","7:10 PM ET","2026-07-03T22:10:43.464Z","A","Cleveland Guardians","Chicago White Sox","Progressive Field","R","MLB_STATS_API_SCHEDULE","668909","Gavin Williams","668909","Gavin Williams","6","MATCHED","true","","Anthony Kay","641743","Anthony Kay","","PREGAME_ID_MISSING","false","true","1"
"824498","2026-07-03","7:10 PM ET","2026-07-03T22:10:46.969Z","A","Cincinnati Reds","Baltimore Orioles","Great American Ball Park","R","MLB_STATS_API_SCHEDULE","663903","Brady Singer","663903","Brady Singer","6","MATCHED","true","","Trevor Rogers","669432","Trevor Rogers","","PREGAME_ID_MISSING","false","true","1"
"824659","2026-07-03","4:05 PM ET","2026-07-03T17:43:50.993Z","A","Chicago Cubs","St. Louis Cardinals","Wrigley Field","R","MLB_STATS_API_SCHEDULE","","David Peterson","656849","David Peterson","","PREGAME_ID_MISSING","false","","Andre Pallante","669467","Andre Pallante","","PREGAME_ID_MISSING","false","false","0"
"824904","2026-07-03","7:15 PM ET","2026-07-03T22:10:53.675Z","A","Atlanta Braves","New York Mets","Truist Park","R","MLB_STATS_API_SCHEDULE","656550","Grant Holmes","656550","Grant Holmes","2","MATCHED","true","","Christian Scott","681035","Christian Scott","","PREGAME_ID_MISSING","false","true","1"
"824982","2026-07-03","9:40 PM ET","2026-07-03T23:52:06.647Z","A","Athletics","Miami Marlins","Sutter Health Park","R","MLB_STATS_API_SCHEDULE","678022","Jack Perkins","678022","Jack Perkins","8","MATCHED","true","","Tyler Phillips","663969","Tyler Phillips","","PREGAME_ID_MISSING","false","true","1"
"825062","2026-07-03","9:45 PM ET","2026-07-03T23:52:14.585Z","A","Arizona Diamondbacks","Milwaukee Brewers","Chase Field","R","MLB_STATS_API_SCHEDULE","703615","Jose Cabrera","703615","Jose Cabrera","3","MATCHED","true","","Kyle Harrison","690986","Kyle Harrison","","PREGAME_ID_MISSING","false","true","1"
"822716","2026-07-04","11:05 AM ET","2026-07-04T14:39:47.382Z","A","Washington Nationals","Pittsburgh Pirates","Nationals Park","R","MLB_STATS_API_SCHEDULE","687223","Carson Palmquist","687223","Carson Palmquist","3","MATCHED","true","","Braxton Ashcraft","677952","Braxton Ashcraft","","PREGAME_ID_MISSING","false","true","1"
"822882","2026-07-04","4:05 PM ET","2026-07-04T19:13:50.245Z","A","Texas Rangers","Detroit Tigers","Globe Life Field","R","MLB_STATS_API_SCHEDULE","615698","Cal Quantrill","615698","Cal Quantrill","2","MATCHED","true","","Jack Flaherty","656427","Jack Flaherty","","PREGAME_ID_MISSING","false","true","1"
"823118","2026-07-04","4:10 PM ET","2026-07-04T19:13:52.994Z","A","Seattle Mariners","Toronto Blue Jays","T-Mobile Park","R","MLB_STATS_API_SCHEDULE","669302","Logan Gilbert","669302","Logan Gilbert","7","MATCHED","true","","Shane Bieber","669456","Shane Bieber","","PREGAME_ID_MISSING","false","true","1"
"823526","2026-07-04","1:35 PM ET","2026-07-04T16:13:05.546Z","A","New York Yankees","Minnesota Twins","Yankee Stadium","R","MLB_STATS_API_SCHEDULE","694341","Brendan Beck","694341","Brendan Beck","3","MATCHED","true","","Zebby Matthews","805673","Zebby Matthews","","PREGAME_ID_MISSING","false","true","1"
"823932","2026-07-04","10:10 PM ET","2026-07-05T02:00:18.082Z","A","Los Angeles Dodgers","San Diego Padres","UNIQLO Field at Dodger Stadium","R","MLB_STATS_API_SCHEDULE","808967","Yoshinobu Yamamoto","808967","Yoshinobu Yamamoto","10","MATCHED","true","","Wandy Peralta","593974","Wandy Peralta","","PREGAME_ID_MISSING","false","true","1"
"824012","2026-07-04","9:38 PM ET","2026-07-05T01:32:05.087Z","A","Los Angeles Angels","Boston Red Sox","Angel Stadium","R","MLB_STATS_API_SCHEDULE","691951","Sam Aldegheri","691951","Sam Aldegheri","2","MATCHED","true","","Sonny Gray","543243","Sonny Gray","","PREGAME_ID_MISSING","false","true","1"
"824092","2026-07-04","8:10 PM ET","2026-07-04T19:14:12.764Z","A","Kansas City Royals","Philadelphia Phillies","Kauffman Stadium","R","MLB_STATS_API_SCHEDULE","","Michael Wacha","608379","Michael Wacha","","PREGAME_ID_MISSING","false","","Jesús Luzardo","666200","Jesús Luzardo","","PREGAME_ID_MISSING","false","false","0"
"824171","2026-07-04","7:10 PM ET","2026-07-04T19:13:59.161Z","A","Houston Astros","Tampa Bay Rays","Daikin Park","R","MLB_STATS_API_SCHEDULE","","Hunter Brown","686613","Hunter Brown","","PREGAME_ID_MISSING","false","","Drew Rasmussen","656876","Drew Rasmussen","","PREGAME_ID_MISSING","false","false","0"
"824334","2026-07-04","8:10 PM ET","2026-07-04T19:16:27.470Z","A","Colorado Rockies","San Francisco Giants","Coors Field","R","MLB_STATS_API_SCHEDULE","","Sean Sullivan","807743","Sean Sullivan","","PREGAME_ID_MISSING","false","","Robbie Ray","592662","Robbie Ray","","PREGAME_ID_MISSING","false","false","0"
"824415","2026-07-04","7:10 PM ET","2026-07-04T19:14:01.659Z","A","Cleveland Guardians","Chicago White Sox","Progressive Field","R","MLB_STATS_API_SCHEDULE","","Parker Messick","800048","Parker Messick","","PREGAME_ID_MISSING","false","","Sean Burke","680732","Sean Burke","","PREGAME_ID_MISSING","false","false","0"
"824499","2026-07-04","7:10 PM ET","2026-07-04T19:13:55.964Z","A","Cincinnati Reds","Baltimore Orioles","Great American Ball Park","R","MLB_STATS_API_SCHEDULE","","Hunter Greene","668881","Hunter Greene","","PREGAME_ID_MISSING","false","","Brandon Young","687064","Brandon Young","","PREGAME_ID_MISSING","false","false","0"
"824658","2026-07-04","8:08 PM ET","2026-07-04T19:14:04.267Z","A","Chicago Cubs","St. Louis Cardinals","Wrigley Field","R","MLB_STATS_API_SCHEDULE","","Shota Imanaga","684007","Shota Imanaga","","PREGAME_ID_MISSING","false","","Kyle Leahy","681517","Kyle Leahy","","PREGAME_ID_MISSING","false","false","0"
"824903","2026-07-04","8:08 PM ET","2026-07-04T19:14:07.162Z","A","Atlanta Braves","New York Mets","Truist Park","R","MLB_STATS_API_SCHEDULE","","Chris Sale","519242","Chris Sale","","PREGAME_ID_MISSING","false","","Sean Manaea","640455","Sean Manaea","","PREGAME_ID_MISSING","false","false","0"
"824983","2026-07-04","9:40 PM ET","2026-07-05T01:32:06.991Z","A","Athletics","Miami Marlins","Sutter Health Park","R","MLB_STATS_API_SCHEDULE","650644","Aaron Civale","650644","Aaron Civale","6","MATCHED","true","","Sandy Alcantara","645261","Sandy Alcantara","","PREGAME_ID_MISSING","false","true","1"
"825063","2026-07-04","9:40 PM ET","2026-07-05T01:32:09.581Z","A","Arizona Diamondbacks","Milwaukee Brewers","Chase Field","R","MLB_STATS_API_SCHEDULE","518876","Merrill Kelly","518876","Merrill Kelly","6","MATCHED","true","","Brandon Woodruff","605540","Brandon Woodruff","","PREGAME_ID_MISSING","false","true","1"
"822715","2026-07-05","1:00 PM ET","2026-07-05T15:03:36.560Z","A","Washington Nationals","Pittsburgh Pirates","Nationals Park","R","MLB_STATS_API_SCHEDULE","","Cade Cavalli","676917","Cade Cavalli","","PREGAME_ID_MISSING","false","","Bubba Chandler","696149","Bubba Chandler","","PREGAME_ID_MISSING","false","false","0"
"822879","2026-07-05","3:30 PM ET","2026-07-05T19:21:53.972Z","A","Texas Rangers","Detroit Tigers","Globe Life Field","R","MLB_STATS_API_SCHEDULE","677958","Kumar Rocker","677958","Kumar Rocker","4","MATCHED","true","","Casey Mize","663554","Casey Mize","","PREGAME_ID_MISSING","false","true","1"
"823117","2026-07-05","5:00 PM ET","2026-07-05T20:12:29.755Z","A","Seattle Mariners","Toronto Blue Jays","T-Mobile Park","R","MLB_STATS_API_SCHEDULE","676106","Emerson Hancock","676106","Emerson Hancock","5","MATCHED","true","","Trey Yesavage","702056","Trey Yesavage","","PREGAME_ID_MISSING","false","true","1"
"823525","2026-07-05","1:35 PM ET","2026-07-05T17:31:51.548Z","A","New York Yankees","Minnesota Twins","Yankee Stadium","R","MLB_STATS_API_SCHEDULE","677960","Ryan Weathers","677960","Ryan Weathers","6","MATCHED","true","","Joe Ryan","657746","Joe Ryan","","PREGAME_ID_MISSING","false","true","1"
"823931","2026-07-05","7:20 PM ET","2026-07-05T23:06:55.458Z","A","Los Angeles Dodgers","San Diego Padres","UNIQLO Field at Dodger Stadium","R","MLB_STATS_API_SCHEDULE","686218","Emmet Sheehan","686218","Emmet Sheehan","5","MATCHED","true","","JP Sears","676664","JP Sears","","PREGAME_ID_MISSING","false","true","1"
"824010","2026-07-05","9:30 PM ET","2026-07-06T00:32:52.215Z","A","Los Angeles Angels","Boston Red Sox","Angel Stadium","R","MLB_STATS_API_SCHEDULE","696270","Ryan Johnson","696270","Ryan Johnson","6","MATCHED","true","","Ranger Suarez","624133","Ranger Suarez","","PREGAME_ID_MISSING","false","true","1"
"824091","2026-07-05","3:00 PM ET","2026-07-05T18:57:19.562Z","A","Kansas City Royals","Philadelphia Phillies","Kauffman Stadium","R","MLB_STATS_API_SCHEDULE","679883","Luinder Avila","679883","Luinder Avila","4","MATCHED","true","","Aaron Nola","605400","Aaron Nola","","PREGAME_ID_MISSING","false","true","1"
"824172","2026-07-05","3:30 PM ET","2026-07-05T19:22:20.784Z","A","Houston Astros","Tampa Bay Rays","Daikin Park","R","MLB_STATS_API_SCHEDULE","663567","Peter Lambert","663567","Peter Lambert","6","MATCHED","true","","Mason Englert","669438","Mason Englert","","PREGAME_ID_MISSING","false","true","1"
"824333","2026-07-05","4:00 PM ET","2026-07-05T19:36:16.609Z","A","Colorado Rockies","San Francisco Giants","Coors Field","R","MLB_STATS_API_SCHEDULE","685299","Tanner Gordon","685299","Tanner Gordon","7","MATCHED","true","","Tyler Mahle","641816","Tyler Mahle","","PREGAME_ID_MISSING","false","true","1"
"824497","2026-07-05","1:05 PM ET","2026-07-05T15:04:11.446Z","A","Cincinnati Reds","Baltimore Orioles","Great American Ball Park","R","MLB_STATS_API_SCHEDULE","","Nick Lodolo","666157","Nick Lodolo","","PREGAME_ID_MISSING","false","","Kyle Bradish","680694","Kyle Bradish","","PREGAME_ID_MISSING","false","false","0"
"824656","2026-07-05","2:30 PM ET","2026-07-05T17:36:56.032Z","A","Chicago Cubs","St. Louis Cardinals","Wrigley Field","R","MLB_STATS_API_SCHEDULE","665871","Javier Assad","665871","Javier Assad","2","MATCHED","true","","Matthew Liberatore","669461","Matthew Liberatore","","PREGAME_ID_MISSING","false","true","1"
"824902","2026-07-05","12:30 PM ET","2026-07-05T15:04:17.756Z","A","Atlanta Braves","New York Mets","Truist Park","R","MLB_STATS_API_SCHEDULE","527048","Martín Pérez","527048","Martín Pérez","1","MATCHED","true","","Nolan McLean","690997","Nolan McLean","","PREGAME_ID_MISSING","false","true","1"
"824980","2026-07-05","4:30 PM ET","2026-07-05T20:13:04.556Z","A","Athletics","Miami Marlins","Sutter Health Park","R","MLB_STATS_API_SCHEDULE","695611","Gage Jump","695611","Gage Jump","1","MATCHED","true","","Eury Pérez","691587","Eury Pérez","","PREGAME_ID_MISSING","false","true","1"
"825061","2026-07-05","4:00 PM ET","2026-07-05T19:36:33.960Z","A","Arizona Diamondbacks","Milwaukee Brewers","Chase Field","R","MLB_STATS_API_SCHEDULE","593958","Eduardo Rodriguez","593958","Eduardo Rodriguez","3","MATCHED","true","","Brandon Sproat","687075","Brandon Sproat","","PREGAME_ID_MISSING","false","true","1"
"822712","2026-07-06","6:45 PM ET","2026-07-06T22:27:30.388Z","A","Washington Nationals","Houston Astros","Nationals Park","R","MLB_STATS_API_SCHEDULE","571945","Miles Mikolas","571945","Miles Mikolas","3","MATCHED","true","","Mike Burrows","681347","Mike Burrows","","PREGAME_ID_MISSING","false","true","1"
"822958","2026-07-06","6:40 PM ET","2026-07-06T22:27:34.399Z","A","Tampa Bay Rays","New York Yankees","Tropicana Field","R","MLB_STATS_API_SCHEDULE","643377","Griffin Jax","643377","Griffin Jax","10","MATCHED","true","","Cam Schlittler","693645","Cam Schlittler","","PREGAME_ID_MISSING","false","true","1"
"823036","2026-07-06","7:45 PM ET","2026-07-06T23:25:29.891Z","A","St. Louis Cardinals","Milwaukee Brewers","Busch Stadium","R","MLB_STATS_API_SCHEDULE","669160","Dustin May","669160","Dustin May","7","MATCHED","true","","Shane Drohan","675660","Shane Drohan","","PREGAME_ID_MISSING","false","true","1"
"823205","2026-07-06","9:45 PM ET","2026-07-07T01:30:45.402Z","A","San Francisco Giants","Toronto Blue Jays","Oracle Park","R","MLB_STATS_API_SCHEDULE","694738","Landen Roupp","694738","Landen Roupp","5","MATCHED","true","","Kevin Gausman","592332","Kevin Gausman","","PREGAME_ID_MISSING","false","true","1"
"823282","2026-07-06","9:40 PM ET","2026-07-07T01:30:49.596Z","A","San Diego Padres","Arizona Diamondbacks","Petco Park","R","MLB_STATS_API_SCHEDULE","621111","Walker Buehler","621111","Walker Buehler","4","MATCHED","true","","Brandon Pfaadt","694297","Brandon Pfaadt","","PREGAME_ID_MISSING","false","true","1"
"823930","2026-07-06","10:10 PM ET","2026-07-07T01:55:45.651Z","A","Los Angeles Dodgers","Colorado Rockies","UNIQLO Field at Dodger Stadium","R","MLB_STATS_API_SCHEDULE","641778","Eric Lauer","641778","Eric Lauer","3","MATCHED","true","","Kyle Freeland","607536","Kyle Freeland","","PREGAME_ID_MISSING","false","true","1"
"824089","2026-07-06","2:10 PM ET","2026-07-06T17:11:47.356Z","A","Kansas City Royals","Philadelphia Phillies","Kauffman Stadium","R","MLB_STATS_API_SCHEDULE","702070","Noah Cameron","702070","Noah Cameron","7","MATCHED","true","","Cristopher Sánchez","650911","Cristopher Sánchez","","PREGAME_ID_MISSING","false","true","1"
"824900","2026-07-06","7:15 PM ET","2026-07-06T22:27:52.487Z","A","Atlanta Braves","New York Mets","Truist Park","R","MLB_STATS_API_SCHEDULE","625643","Reynaldo López","625643","Reynaldo López","5","MATCHED","true","","Freddy Peralta","642547","Freddy Peralta","","PREGAME_ID_MISSING","false","true","1"
"822713","2026-07-07","6:45 PM ET","2026-07-07T21:48:01.396Z","A","Washington Nationals","Houston Astros","Nationals Park","R","MLB_STATS_API_SCHEDULE","674841","Andrew Alvarez","674841","Andrew Alvarez","3","MATCHED","true","","Tatsuya Imai","837227","Tatsuya Imai","","PREGAME_ID_MISSING","false","true","1"
"822881","2026-07-07","8:05 PM ET","2026-07-07T23:57:31.981Z","A","Texas Rangers","Los Angeles Angels","Globe Life Field","R","MLB_STATS_API_SCHEDULE","594798","Jacob deGrom","594798","Jacob deGrom","7","MATCHED","true","","José Soriano","667755","José Soriano","","PREGAME_ID_MISSING","false","true","1"
"822956","2026-07-07","6:40 PM ET","2026-07-07T21:55:13.893Z","A","Tampa Bay Rays","New York Yankees","Tropicana Field","R","MLB_STATS_API_SCHEDULE","693855","Ian Seymour","693855","Ian Seymour","12","MATCHED","true","","Will Warren","701542","Will Warren","","PREGAME_ID_MISSING","false","true","1"
"823035","2026-07-07","7:45 PM ET","2026-07-07T23:38:15.085Z","A","St. Louis Cardinals","Milwaukee Brewers","Busch Stadium","R","MLB_STATS_API_SCHEDULE","690928","Hunter Dobbins","690928","Hunter Dobbins","4","MATCHED","true","","Robert Gasser","688107","Robert Gasser","","PREGAME_ID_MISSING","false","true","1"
"823203","2026-07-07","9:45 PM ET","2026-07-08T01:39:44.224Z","A","San Francisco Giants","Toronto Blue Jays","Oracle Park","R","MLB_STATS_API_SCHEDULE","686790","Trevor McDonald","686790","Trevor McDonald","0","MATCHED","true","","Spencer Miles","693686","Spencer Miles","","PREGAME_ID_MISSING","false","true","1"
"823280","2026-07-07","9:40 PM ET","2026-07-08T01:39:47.411Z","A","San Diego Padres","Arizona Diamondbacks","Petco Park","R","MLB_STATS_API_SCHEDULE","608566","Germán Márquez","608566","Germán Márquez","4","MATCHED","true","","Zac Gallen","668678","Zac Gallen","","PREGAME_ID_MISSING","false","true","1"
"823361","2026-07-07","6:40 PM ET","2026-07-07T21:48:11.685Z","A","Pittsburgh Pirates","Atlanta Braves","PNC Park","R","MLB_STATS_API_SCHEDULE","694973","Paul Skenes","694973","Paul Skenes","4","MATCHED","true","","Hurston Waldrep","694462","Hurston Waldrep","","PREGAME_ID_MISSING","false","true","1"
"823607","2026-07-07","7:10 PM ET","2026-07-07T23:05:17.977Z","A","New York Mets","Kansas City Royals","Citi Field","R","MLB_STATS_API_SCHEDULE","672335","Cionel Pérez","672335","Cionel Pérez","1","MATCHED","true","","Seth Lugo","607625","Seth Lugo","","PREGAME_ID_MISSING","false","true","1"
"823687","2026-07-07","7:40 PM ET","2026-07-07T23:39:16.570Z","A","Minnesota Twins","Cleveland Guardians","Target Field","R","MLB_STATS_API_SCHEDULE","671737","Taj Bradley","671737","Taj Bradley","10","MATCHED","true","","Joey Cantillo","676282","Joey Cantillo","","PREGAME_ID_MISSING","false","true","1"
"823847","2026-07-07","6:40 PM ET","2026-07-07T21:48:32.882Z","A","Miami Marlins","Seattle Mariners","loanDepot park","R","MLB_STATS_API_SCHEDULE","676974","Max Meyer","676974","Max Meyer","4","MATCHED","true","","Bryan Woo","693433","Bryan Woo","","PREGAME_ID_MISSING","false","true","1"
"823929","2026-07-07","10:10 PM ET","2026-07-08T01:40:05.292Z","A","Los Angeles Dodgers","Colorado Rockies","UNIQLO Field at Dodger Stadium","R","MLB_STATS_API_SCHEDULE","680736","Justin Wrobleski","680736","Justin Wrobleski","9","MATCHED","true","","Michael Lorenzen","547179","Michael Lorenzen","","PREGAME_ID_MISSING","false","true","1"
"824254","2026-07-07","6:40 PM ET","2026-07-07T21:48:48.053Z","A","Detroit Tigers","Athletics","Comerica Park","R","MLB_STATS_API_SCHEDULE","669373","Tarik Skubal","669373","Tarik Skubal","9","MATCHED","true","","J.T. Ginn","669372","J.T. Ginn","","PREGAME_ID_MISSING","false","true","1"
"824495","2026-07-07","7:10 PM ET","2026-07-07T23:05:31.493Z","A","Cincinnati Reds","Philadelphia Phillies","Great American Ball Park","R","MLB_STATS_API_SCHEDULE","671096","Andrew Abbott","671096","Andrew Abbott","8","MATCHED","true","","Zack Wheeler","554430","Zack Wheeler","","PREGAME_ID_MISSING","false","true","1"
"824579","2026-07-07","7:40 PM ET","2026-07-07T23:39:40.082Z","A","Chicago White Sox","Boston Red Sox","Rate Field","R","MLB_STATS_API_SCHEDULE","702273","Noah Schultz","702273","Noah Schultz","3","MATCHED","true","","Payton Tolle","801139","Payton Tolle","","PREGAME_ID_MISSING","false","true","1"
"824820","2026-07-07","6:35 PM ET","2026-07-07T21:48:56.690Z","A","Baltimore Orioles","Chicago Cubs","Oriole Park at Camden Yards","R","MLB_STATS_API_SCHEDULE","669358","Shane Baz","669358","Shane Baz","3","MATCHED","true","","Matthew Boyd","571510","Matthew Boyd","","PREGAME_ID_MISSING","false","true","1"
"822710","2026-07-08","6:45 PM ET","2026-07-08T20:22:02.343Z","A","Washington Nationals","Houston Astros","Nationals Park","R","MLB_STATS_API_SCHEDULE","656492","Foster Griffin","656492","Foster Griffin","9","MATCHED","true","","Spencer Arrighetti","681293","Spencer Arrighetti","","PREGAME_ID_MISSING","false","true","1"
"822880","2026-07-08","8:05 PM ET","2026-07-08T20:22:06.355Z","A","Texas Rangers","Los Angeles Angels","Globe Life Field","R","MLB_STATS_API_SCHEDULE","","MacKenzie Gore","669022","MacKenzie Gore","","PREGAME_ID_MISSING","false","","Walbert Ureña","700712","Walbert Ureña","","PREGAME_ID_MISSING","false","false","0"
"822957","2026-07-08","6:40 PM ET","2026-07-08T20:22:10.363Z","A","Tampa Bay Rays","New York Yankees","Tropicana Field","R","MLB_STATS_API_SCHEDULE","663556","Shane McClanahan","663556","Shane McClanahan","5","MATCHED","true","","Gerrit Cole","543037","Gerrit Cole","","PREGAME_ID_MISSING","false","true","1"
"823032","2026-07-08","7:45 PM ET","2026-07-08T20:22:15.955Z","A","St. Louis Cardinals","Milwaukee Brewers","Busch Stadium","R","MLB_STATS_API_SCHEDULE","","Michael McGreevy","700241","Michael McGreevy","","PREGAME_ID_MISSING","false","","Kyle Harrison","690986","Kyle Harrison","","PREGAME_ID_MISSING","false","false","0"
"823202","2026-07-08","3:45 PM ET","2026-07-08T18:38:50.664Z","A","San Francisco Giants","Toronto Blue Jays","Oracle Park","R","MLB_STATS_API_SCHEDULE","657277","Logan Webb","657277","Logan Webb","2","MATCHED","true","","Dylan Cease","656302","Dylan Cease","","PREGAME_ID_MISSING","false","true","1"
"823279","2026-07-08","10:10 PM ET","2026-07-09T01:49:33.799Z","A","San Diego Padres","Arizona Diamondbacks","Petco Park","R","MLB_STATS_API_SCHEDULE","650633","Michael King","650633","Michael King","4","MATCHED","true","","Jose Cabrera","703615","Jose Cabrera","","PREGAME_ID_MISSING","false","true","1"
"823360","2026-07-08","6:40 PM ET","2026-07-08T20:22:34.743Z","A","Pittsburgh Pirates","Atlanta Braves","PNC Park","R","MLB_STATS_API_SCHEDULE","683003","Jared Jones","683003","Jared Jones","8","MATCHED","true","","Grant Holmes","656550","Grant Holmes","","PREGAME_ID_MISSING","false","true","1"
"823605","2026-07-08","7:10 PM ET","2026-07-08T20:22:41.644Z","A","New York Mets","Kansas City Royals","Citi Field","R","MLB_STATS_API_SCHEDULE","681035","Christian Scott","681035","Christian Scott","5","MATCHED","true","","Steven Cruz","674444","Steven Cruz","","PREGAME_ID_MISSING","false","true","1"
"823684","2026-07-08","7:40 PM ET","2026-07-08T20:22:48.447Z","A","Minnesota Twins","Cleveland Guardians","Target Field","R","MLB_STATS_API_SCHEDULE","","Connor Prielipp","687570","Connor Prielipp","","PREGAME_ID_MISSING","false","","Slade Cecconi","677944","Slade Cecconi","","PREGAME_ID_MISSING","false","false","0"
"823848","2026-07-08","6:40 PM ET","2026-07-08T20:22:54.541Z","A","Miami Marlins","Seattle Mariners","loanDepot park","R","MLB_STATS_API_SCHEDULE","663969","Tyler Phillips","663969","Tyler Phillips","3","MATCHED","true","","George Kirby","669923","George Kirby","","PREGAME_ID_MISSING","false","true","1"
"823928","2026-07-08","10:10 PM ET","2026-07-09T01:49:49.097Z","A","Los Angeles Dodgers","Colorado Rockies","UNIQLO Field at Dodger Stadium","R","MLB_STATS_API_SCHEDULE","808963","Roki Sasaki","808963","Roki Sasaki","5","MATCHED","true","","Gabriel Hughes","687312","Gabriel Hughes","","PREGAME_ID_MISSING","false","true","1"
"824253","2026-07-08","6:40 PM ET","2026-07-08T20:23:09.843Z","A","Detroit Tigers","Athletics","Comerica Park","R","MLB_STATS_API_SCHEDULE","675512","Troy Melton","675512","Troy Melton","9","MATCHED","true","","Jeffrey Springs","605488","Jeffrey Springs","","PREGAME_ID_MISSING","false","true","1"
"824496","2026-07-08","7:10 PM ET","2026-07-08T20:23:17.144Z","A","Cincinnati Reds","Philadelphia Phillies","Great American Ball Park","R","MLB_STATS_API_SCHEDULE","695505","Chase Burns","695505","Chase Burns","2","MATCHED","true","","Alan Rangel","660604","Alan Rangel","","PREGAME_ID_MISSING","false","true","1"
"824578","2026-07-08","7:40 PM ET","2026-07-08T20:23:23.447Z","A","Chicago White Sox","Boston Red Sox","Rate Field","R","MLB_STATS_API_SCHEDULE","663436","Davis Martin","663436","Davis Martin","2","MATCHED","true","","Jake Bennett","687562","Jake Bennett","","PREGAME_ID_MISSING","false","true","1"
"824815","2026-07-08","6:35 PM ET","2026-07-08T20:23:29.349Z","A","Baltimore Orioles","Chicago Cubs","Oriole Park at Camden Yards","R","MLB_STATS_API_SCHEDULE","665152","Dean Kremer","665152","Dean Kremer","4","MATCHED","true","","Colin Rea","607067","Colin Rea","","PREGAME_ID_MISSING","false","true","1"
"822877","2026-07-09","8:05 PM ET","2026-07-09T21:00:57.612Z","A","Texas Rangers","Los Angeles Angels","Globe Life Field","R","MLB_STATS_API_SCHEDULE","","Nathan Eovaldi","543135","Nathan Eovaldi","","PREGAME_ID_MISSING","false","","Reid Detmers","672282","Reid Detmers","","PREGAME_ID_MISSING","false","false","0"
"822954","2026-07-09","1:10 PM ET","2026-07-09T17:04:56.969Z","A","Tampa Bay Rays","New York Yankees","Tropicana Field","R","MLB_STATS_API_SCHEDULE","656876","Drew Rasmussen","656876","Drew Rasmussen","2","MATCHED","true","","Paul Blackburn","621112","Paul Blackburn","","PREGAME_ID_MISSING","false","true","1"
"823034","2026-07-09","7:45 PM ET","2026-07-09T21:01:17.553Z","A","St. Louis Cardinals","Milwaukee Brewers","Busch Stadium","R","MLB_STATS_API_SCHEDULE","669467","Andre Pallante","669467","Andre Pallante","2","MATCHED","true","","Logan Henderson","701656","Logan Henderson","","PREGAME_ID_MISSING","false","true","1"
"823201","2026-07-09","9:45 PM ET","2026-07-09T21:01:20.179Z","A","San Francisco Giants","Colorado Rockies","Oracle Park","R","MLB_STATS_API_SCHEDULE","","Carson Whisenhunt","687931","Carson Whisenhunt","","PREGAME_ID_MISSING","false","","Ryan Feltner","663372","Ryan Feltner","","PREGAME_ID_MISSING","false","false","0"
"823277","2026-07-09","9:40 PM ET","2026-07-09T21:01:22.272Z","A","San Diego Padres","Arizona Diamondbacks","Petco Park","R","MLB_STATS_API_SCHEDULE","","Griffin Canning","656288","Griffin Canning","","PREGAME_ID_MISSING","false","","Merrill Kelly","518876","Merrill Kelly","","PREGAME_ID_MISSING","false","false","0"
"823359","2026-07-09","12:35 PM ET","2026-07-09T16:27:36.919Z","A","Pittsburgh Pirates","Atlanta Braves","PNC Park","R","MLB_STATS_API_SCHEDULE","656605","Mitch Keller","656605","Mitch Keller","3","MATCHED","true","","Bryce Elder","693821","Bryce Elder","","PREGAME_ID_MISSING","false","true","1"
"823606","2026-07-09","1:10 PM ET","2026-07-09T17:05:22.912Z","A","New York Mets","Kansas City Royals","Citi Field","R","MLB_STATS_API_SCHEDULE","640455","Sean Manaea","640455","Sean Manaea","6","MATCHED","true","","Michael Wacha","608379","Michael Wacha","","PREGAME_ID_MISSING","false","true","1"
"823683","2026-07-09","1:40 PM ET","2026-07-09T17:31:46.064Z","A","Minnesota Twins","Cleveland Guardians","Target Field","R","MLB_STATS_API_SCHEDULE","641927","Bailey Ober","641927","Bailey Ober","5","MATCHED","true","","Gavin Williams","668909","Gavin Williams","","PREGAME_ID_MISSING","false","true","1"
"823846","2026-07-09","6:40 PM ET","2026-07-09T21:01:56.985Z","A","Miami Marlins","Seattle Mariners","loanDepot park","R","MLB_STATS_API_SCHEDULE","676083","Janson Junk","676083","Janson Junk","5","MATCHED","true","","Bryce Miller","682243","Bryce Miller","","PREGAME_ID_MISSING","false","true","1"
"824251","2026-07-09","6:40 PM ET","2026-07-09T21:01:59.501Z","A","Detroit Tigers","Athletics","Comerica Park","R","MLB_STATS_API_SCHEDULE","664285","Framber Valdez","664285","Framber Valdez","9","MATCHED","true","","José Suarez","660761","José Suarez","","PREGAME_ID_MISSING","false","true","1"
"824494","2026-07-09","7:10 PM ET","2026-07-09T21:02:01.240Z","A","Cincinnati Reds","Philadelphia Phillies","Great American Ball Park","R","MLB_STATS_API_SCHEDULE","663903","Brady Singer","663903","Brady Singer","5","MATCHED","true","","Jesús Luzardo","666200","Jesús Luzardo","","PREGAME_ID_MISSING","false","true","1"
"824577","2026-07-09","2:10 PM ET","2026-07-09T18:09:45.236Z","A","Chicago White Sox","Boston Red Sox","Rate Field","R","MLB_STATS_API_SCHEDULE","641743","Anthony Kay","641743","Anthony Kay","4","MATCHED","true","","Patrick Sandoval","663776","Patrick Sandoval","","PREGAME_ID_MISSING","false","true","1"
"824816","2026-07-09","1:35 PM ET","2026-07-09T17:32:56.494Z","A","Baltimore Orioles","Chicago Cubs","Oriole Park at Camden Yards","R","MLB_STATS_API_SCHEDULE","669432","Trevor Rogers","669432","Trevor Rogers","4","MATCHED","true","","David Peterson","656849","David Peterson","","PREGAME_ID_MISSING","false","true","1"
"822709","2026-07-10","6:45 PM ET","2026-07-10T20:34:16.882Z","A","Washington Nationals","New York Yankees","Nationals Park","R","MLB_STATS_API_SCHEDULE","687223","Carson Palmquist","687223","Carson Palmquist","4","MATCHED","true","","Ryan Weathers","677960","Ryan Weathers","","PREGAME_ID_MISSING","false","true","1"
"822878","2026-07-10","8:05 PM ET","2026-07-10T20:34:20.442Z","A","Texas Rangers","Houston Astros","Globe Life Field","R","MLB_STATS_API_SCHEDULE","","Cal Quantrill","615698","Cal Quantrill","","PREGAME_ID_MISSING","false","","Hunter Brown","686613","Hunter Brown","","PREGAME_ID_MISSING","false","false","0"
"822955","2026-07-10","7:10 PM ET","2026-07-10T20:34:24.297Z","A","Tampa Bay Rays","Seattle Mariners","Tropicana Field","R","MLB_STATS_API_SCHEDULE","607259","Nick Martinez","607259","Nick Martinez","1","MATCHED","true","","Luis Castillo","622491","Luis Castillo","","PREGAME_ID_MISSING","false","true","1"
"823033","2026-07-10","8:15 PM ET","2026-07-10T20:34:26.942Z","A","St. Louis Cardinals","Atlanta Braves","Busch Stadium","R","MLB_STATS_API_SCHEDULE","681517","Kyle Leahy","681517","Kyle Leahy","2","MATCHED","true","","Chris Sale","519242","Chris Sale","","PREGAME_ID_MISSING","false","true","1"
"823200","2026-07-10","10:15 PM ET","2026-07-10T20:34:36.274Z","A","San Francisco Giants","Colorado Rockies","Oracle Park","R","MLB_STATS_API_SCHEDULE","","Robbie Ray","592662","Robbie Ray","","PREGAME_ID_MISSING","false","","Tanner Gordon","685299","Tanner Gordon","","PREGAME_ID_MISSING","false","false","0"
"823278","2026-07-10","9:40 PM ET","2026-07-10T20:34:45.580Z","A","San Diego Padres","Toronto Blue Jays","Petco Park","R","MLB_STATS_API_SCHEDULE","","JP Sears","676664","JP Sears","","PREGAME_ID_MISSING","false","","Shane Bieber","669456","Shane Bieber","","PREGAME_ID_MISSING","false","false","0"
"823604","2026-07-10","7:15 PM ET","2026-07-10T20:35:01.039Z","A","New York Mets","Boston Red Sox","Citi Field","R","MLB_STATS_API_SCHEDULE","","Nolan McLean","690997","Nolan McLean","","PREGAME_ID_MISSING","false","","Sonny Gray","543243","Sonny Gray","","PREGAME_ID_MISSING","false","false","0"
"823685","2026-07-10","8:10 PM ET","2026-07-10T20:35:08.189Z","A","Minnesota Twins","Los Angeles Angels","Target Field","R","MLB_STATS_API_SCHEDULE","","Zebby Matthews","805673","Zebby Matthews","","PREGAME_ID_MISSING","false","","Grayson Rodriguez","680570","Grayson Rodriguez","","PREGAME_ID_MISSING","false","false","0"
"823845","2026-07-10","7:10 PM ET","2026-07-10T20:35:11.849Z","A","Miami Marlins","Cleveland Guardians","loanDepot park","R","MLB_STATS_API_SCHEDULE","","Por definir","645261","Sandy Alcantara","","PREGAME_ID_MISSING","false","","Por definir","800048","Parker Messick","","PREGAME_ID_MISSING","false","false","0"
"823927","2026-07-10","10:10 PM ET","2026-07-10T20:35:20.119Z","A","Los Angeles Dodgers","Arizona Diamondbacks","UNIQLO Field at Dodger Stadium","R","MLB_STATS_API_SCHEDULE","","Por definir","669165","Kyle Hurt","","PREGAME_ID_MISSING","false","","Eduardo Rodriguez","593958","Eduardo Rodriguez","","PREGAME_ID_MISSING","false","false","0"
"824252","2026-07-10","6:40 PM ET","2026-07-10T20:35:25.992Z","A","Detroit Tigers","Philadelphia Phillies","Comerica Park","R","MLB_STATS_API_SCHEDULE","656427","Jack Flaherty","656427","Jack Flaherty","6","MATCHED","true","","Aaron Nola","605400","Aaron Nola","","PREGAME_ID_MISSING","false","true","1"
"824493","2026-07-10","7:10 PM ET","2026-07-10T20:35:32.569Z","A","Cincinnati Reds","Chicago Cubs","Great American Ball Park","R","MLB_STATS_API_SCHEDULE","668881","Hunter Greene","668881","Hunter Greene","12","MATCHED","true","","Shota Imanaga","684007","Shota Imanaga","","PREGAME_ID_MISSING","false","true","1"
"824575","2026-07-10","7:40 PM ET","2026-07-10T20:35:38.841Z","A","Chicago White Sox","Athletics","Rate Field","R","MLB_STATS_API_SCHEDULE","680732","Sean Burke","680732","Sean Burke","9","MATCHED","true","","Jacob Lopez","682052","Jacob Lopez","","PREGAME_ID_MISSING","false","true","1"
"824817","2026-07-10","7:05 PM ET","2026-07-10T20:35:43.678Z","A","Baltimore Orioles","Kansas City Royals","Oriole Park at Camden Yards","R","MLB_STATS_API_SCHEDULE","687064","Brandon Young","687064","Brandon Young","5","MATCHED","true","","Luinder Avila","679883","Luinder Avila","","PREGAME_ID_MISSING","false","true","1"
"822711","2026-07-11","4:05 PM ET","2026-07-11T15:45:00.866Z","A","Washington Nationals","New York Yankees","Nationals Park","R","MLB_STATS_API_SCHEDULE","","PJ Poulin","676571","PJ Poulin","","PREGAME_ID_MISSING","false","","Cam Schlittler","693645","Cam Schlittler","","PREGAME_ID_MISSING","false","false","0"
"822875","2026-07-11","7:05 PM ET","2026-07-11T21:45:38.221Z","A","Texas Rangers","Houston Astros","Globe Life Field","R","MLB_STATS_API_SCHEDULE","677958","Kumar Rocker","677958","Kumar Rocker","6","MATCHED","true","","Peter Lambert","663567","Peter Lambert","","PREGAME_ID_MISSING","false","true","1"
"822953","2026-07-11","4:10 PM ET","2026-07-11T15:45:06.283Z","A","Tampa Bay Rays","Seattle Mariners","Tropicana Field","R","MLB_STATS_API_SCHEDULE","","Griffin Jax","643377","Griffin Jax","","PREGAME_ID_MISSING","false","","Logan Gilbert","669302","Logan Gilbert","","PREGAME_ID_MISSING","false","false","0"
"823030","2026-07-11","7:15 PM ET","2026-07-11T21:45:44.902Z","A","St. Louis Cardinals","Atlanta Braves","Busch Stadium","R","MLB_STATS_API_SCHEDULE","669461","Matthew Liberatore","669461","Matthew Liberatore","6","MATCHED","true","","Reynaldo López","625643","Reynaldo López","","PREGAME_ID_MISSING","false","true","1"
"823198","2026-07-11","4:05 PM ET","2026-07-11T15:44:57.865Z","A","San Francisco Giants","Colorado Rockies","Oracle Park","R","MLB_STATS_API_SCHEDULE","","Tyler Mahle","641816","Tyler Mahle","","PREGAME_ID_MISSING","false","","Kyle Freeland","607536","Kyle Freeland","","PREGAME_ID_MISSING","false","false","0"
"823276","2026-07-11","8:40 PM ET","2026-07-11T21:45:50.826Z","A","San Diego Padres","Toronto Blue Jays","Petco Park","R","MLB_STATS_API_SCHEDULE","621111","Walker Buehler","621111","Walker Buehler","1","MATCHED","true","","Trey Yesavage","702056","Trey Yesavage","","PREGAME_ID_MISSING","false","true","1"
"823356","2026-07-11","4:05 PM ET","2026-07-11T15:44:50.481Z","A","Pittsburgh Pirates","Milwaukee Brewers","PNC Park","R","MLB_STATS_API_SCHEDULE","","Bubba Chandler","696149","Bubba Chandler","","PREGAME_ID_MISSING","false","","Shane Drohan","675660","Shane Drohan","","PREGAME_ID_MISSING","false","false","0"
"823603","2026-07-11","4:10 PM ET","2026-07-11T15:45:03.485Z","A","New York Mets","Boston Red Sox","Citi Field","R","MLB_STATS_API_SCHEDULE","","Freddy Peralta","642547","Freddy Peralta","","PREGAME_ID_MISSING","false","","Por definir","700842","Eduardo Rivera","","PREGAME_ID_MISSING","false","false","0"
"823682","2026-07-11","2:10 PM ET","2026-07-11T15:44:52.855Z","A","Minnesota Twins","Los Angeles Angels","Target Field","R","MLB_STATS_API_SCHEDULE","657746","Joe Ryan","657746","Joe Ryan","6","MATCHED","true","","Ryan Johnson","696270","Ryan Johnson","","PREGAME_ID_MISSING","false","true","1"
"823844","2026-07-11","4:10 PM ET","2026-07-11T15:45:08.980Z","A","Miami Marlins","Cleveland Guardians","loanDepot park","R","MLB_STATS_API_SCHEDULE","","Eury Pérez","691587","Eury Pérez","","PREGAME_ID_MISSING","false","","Tanner Bibee","676440","Tanner Bibee","","PREGAME_ID_MISSING","false","false","0"
"823926","2026-07-11","9:10 PM ET","2026-07-11T21:46:21.812Z","A","Los Angeles Dodgers","Arizona Diamondbacks","UNIQLO Field at Dodger Stadium","R","MLB_STATS_API_SCHEDULE","808967","Yoshinobu Yamamoto","808967","Yoshinobu Yamamoto","6","MATCHED","true","","Brandon Pfaadt","694297","Brandon Pfaadt","","PREGAME_ID_MISSING","false","true","1"
"824249","2026-07-11","6:10 PM ET","2026-07-11T21:46:28.408Z","A","Detroit Tigers","Philadelphia Phillies","Comerica Park","R","MLB_STATS_API_SCHEDULE","663554","Casey Mize","663554","Casey Mize","5","MATCHED","true","","Cristopher Sánchez","650911","Cristopher Sánchez","","PREGAME_ID_MISSING","false","true","1"
"824492","2026-07-11","7:10 PM ET","2026-07-11T21:46:34.312Z","A","Cincinnati Reds","Chicago Cubs","Great American Ball Park","R","MLB_STATS_API_SCHEDULE","666157","Nick Lodolo","666157","Nick Lodolo","4","MATCHED","true","","Javier Assad","665871","Javier Assad","","PREGAME_ID_MISSING","false","true","1"
"824576","2026-07-11","2:10 PM ET","2026-07-11T15:44:55.116Z","A","Chicago White Sox","Athletics","Rate Field","R","MLB_STATS_API_SCHEDULE","663542","Bryan Hudson","663542","Bryan Hudson","0","MATCHED","true","","Gage Jump","695611","Gage Jump","","PREGAME_ID_MISSING","false","true","1"
"824813","2026-07-11","7:05 PM ET","2026-07-11T21:46:42.018Z","A","Baltimore Orioles","Kansas City Royals","Oriole Park at Camden Yards","R","MLB_STATS_API_SCHEDULE","680694","Kyle Bradish","680694","Kyle Bradish","5","MATCHED","true","","Noah Cameron","702070","Noah Cameron","","PREGAME_ID_MISSING","false","true","1"
"822708","2026-07-12","1:35 PM ET","2026-07-12T16:55:47.763Z","A","Washington Nationals","New York Yankees","Nationals Park","R","MLB_STATS_API_SCHEDULE","676917","Cade Cavalli","676917","Cade Cavalli","5","MATCHED","true","","Will Warren","701542","Will Warren","","PREGAME_ID_MISSING","false","true","1"
"822876","2026-07-12","2:35 PM ET","2026-07-12T16:55:52.712Z","A","Texas Rangers","Houston Astros","Globe Life Field","R","MLB_STATS_API_SCHEDULE","669022","MacKenzie Gore","669022","MacKenzie Gore","4","MATCHED","true","","Cristian Javier","664299","Cristian Javier","","PREGAME_ID_MISSING","false","true","1"
"822951","2026-07-12","1:40 PM ET","2026-07-12T16:55:56.862Z","A","Tampa Bay Rays","Seattle Mariners","Tropicana Field","R","MLB_STATS_API_SCHEDULE","693855","Ian Seymour","693855","Ian Seymour","3","MATCHED","true","","Emerson Hancock","676106","Emerson Hancock","","PREGAME_ID_MISSING","false","true","1"
"823029","2026-07-12","2:15 PM ET","2026-07-12T16:56:01.163Z","A","St. Louis Cardinals","Atlanta Braves","Busch Stadium","R","MLB_STATS_API_SCHEDULE","669160","Dustin May","669160","Dustin May","4","MATCHED","true","","Danny Young","664849","Danny Young","","PREGAME_ID_MISSING","false","true","1"
"823199","2026-07-12","4:05 PM ET","2026-07-12T20:00:20.433Z","A","San Francisco Giants","Colorado Rockies","Oracle Park","R","MLB_STATS_API_SCHEDULE","686790","Trevor McDonald","686790","Trevor McDonald","4","MATCHED","true","","Michael Lorenzen","547179","Michael Lorenzen","","PREGAME_ID_MISSING","false","true","1"
"823274","2026-07-12","4:10 PM ET","2026-07-12T20:00:28.738Z","A","San Diego Padres","Toronto Blue Jays","Petco Park","R","MLB_STATS_API_SCHEDULE","608566","Germán Márquez","608566","Germán Márquez","4","MATCHED","true","","Kevin Gausman","592332","Kevin Gausman","","PREGAME_ID_MISSING","false","true","1"
"823602","2026-07-12","1:40 PM ET","2026-07-12T16:56:16.575Z","A","New York Mets","Boston Red Sox","Citi Field","R","MLB_STATS_API_SCHEDULE","804267","Zach Thornton","804267","Zac Thornton","","FINAL_ID_MISSING","false","","Payton Tolle","801139","Payton Tolle","","FINAL_ID_MISSING","false","false","0"
"823681","2026-07-12","2:10 PM ET","2026-07-12T16:56:19.818Z","A","Minnesota Twins","Los Angeles Angels","Target Field","R","MLB_STATS_API_SCHEDULE","671737","Taj Bradley","671737","Taj Bradley","6","MATCHED","true","","José Soriano","667755","José Soriano","","PREGAME_ID_MISSING","false","true","1"
"823842","2026-07-12","1:40 PM ET","2026-07-12T16:56:23.016Z","A","Miami Marlins","Cleveland Guardians","loanDepot park","R","MLB_STATS_API_SCHEDULE","663969","Tyler Phillips","663969","Tyler Phillips","1","MATCHED","true","","Joey Cantillo","676282","Joey Cantillo","","PREGAME_ID_MISSING","false","true","1"
"823925","2026-07-12","4:10 PM ET","2026-07-12T20:00:56.841Z","A","Los Angeles Dodgers","Arizona Diamondbacks","UNIQLO Field at Dodger Stadium","R","MLB_STATS_API_SCHEDULE","686218","Emmet Sheehan","686218","Emmet Sheehan","7","MATCHED","true","","Mitch Bratt","683352","Mitch Bratt","","PREGAME_ID_MISSING","false","true","1"
"824250","2026-07-12","1:40 PM ET","2026-07-12T16:56:30.524Z","A","Detroit Tigers","Philadelphia Phillies","Comerica Park","R","MLB_STATS_API_SCHEDULE","669373","Tarik Skubal","669373","Tarik Skubal","5","MATCHED","true","","Zack Wheeler","554430","Zack Wheeler","","PREGAME_ID_MISSING","false","true","1"
"824491","2026-07-12","1:40 PM ET","2026-07-12T16:56:33.815Z","A","Cincinnati Reds","Chicago Cubs","Great American Ball Park","R","MLB_STATS_API_SCHEDULE","671096","Andrew Abbott","671096","Andrew Abbott","3","MATCHED","true","","Matthew Boyd","571510","Matthew Boyd","","PREGAME_ID_MISSING","false","true","1"
"824574","2026-07-12","2:10 PM ET","2026-07-12T16:56:36.963Z","A","Chicago White Sox","Athletics","Rate Field","R","MLB_STATS_API_SCHEDULE","702273","Noah Schultz","702273","Noah Schultz","4","MATCHED","true","","J.T. Ginn","669372","J.T. Ginn","","PREGAME_ID_MISSING","false","true","1"
"824814","2026-07-12","1:35 PM ET","2026-07-12T16:56:40.520Z","A","Baltimore Orioles","Kansas City Royals","Oriole Park at Camden Yards","R","MLB_STATS_API_SCHEDULE","669358","Shane Baz","669358","Shane Baz","9","MATCHED","true","","Seth Lugo","607625","Seth Lugo","","PREGAME_ID_MISSING","false","true","1"
"823440","2026-07-16","7:10 PM ET","2026-07-16T13:55:37.475Z","A","Philadelphia Phillies","New York Mets","Citizens Bank Park","R","MLB_STATS_API_SCHEDULE","","Aaron Nola","605400","Aaron Nola","","PREGAME_ID_MISSING","false","","Christian Scott","681035","Christian Scott","","PREGAME_ID_MISSING","false","false","0"
"822789","2026-07-17","7:15 PM ET","2026-07-17T23:14:17.701Z","A","Toronto Blue Jays","Chicago White Sox","Rogers Centre","R","MLB_STATS_API_SCHEDULE","693686","Spencer Miles","693686","Spencer Miles","4","MATCHED","true","","Anthony Kay","641743","Anthony Kay","","PREGAME_ID_MISSING","false","true","1"
"823115","2026-07-17","10:10 PM ET","2026-07-18T01:36:49.895Z","A","Seattle Mariners","San Francisco Giants","T-Mobile Park","R","MLB_STATS_API_SCHEDULE","682243","Bryce Miller","682243","Bryce Miller","6","MATCHED","true","","Landen Roupp","694738","Landen Roupp","","PREGAME_ID_MISSING","false","true","1"
"823524","2026-07-17","7:05 PM ET","2026-07-17T14:34:40.646Z","A","New York Yankees","Los Angeles Dodgers","Yankee Stadium","R","MLB_STATS_API_SCHEDULE","","Gerrit Cole","543037","Gerrit Cole","","PREGAME_ID_MISSING","false","","Roki Sasaki","808963","Roki Sasaki","","PREGAME_ID_MISSING","false","false","0"
"823766","2026-07-17","7:40 PM ET","2026-07-17T23:18:33.825Z","A","Milwaukee Brewers","Miami Marlins","American Family Field","R","MLB_STATS_API_SCHEDULE","701656","Logan Henderson","701656","Logan Henderson","4","MATCHED","true","","Sandy Alcantara","645261","Sandy Alcantara","","PREGAME_ID_MISSING","false","true","1"
"824009","2026-07-17","9:38 PM ET","2026-07-18T01:37:03.499Z","A","Los Angeles Angels","Detroit Tigers","Angel Stadium","R","MLB_STATS_API_SCHEDULE","672282","Reid Detmers","672282","Reid Detmers","7","MATCHED","true","","Troy Melton","675512","Troy Melton","","PREGAME_ID_MISSING","false","true","1"
"824090","2026-07-17","8:10 PM ET","2026-07-17T23:18:39.522Z","A","Kansas City Royals","San Diego Padres","Kauffman Stadium","R","MLB_STATS_API_SCHEDULE","607625","Seth Lugo","607625","Seth Lugo","3","MATCHED","true","","Michael King","650633","Michael King","","PREGAME_ID_MISSING","false","true","1"
"824170","2026-07-17","8:10 PM ET","2026-07-17T23:18:42.220Z","A","Houston Astros","Baltimore Orioles","Daikin Park","R","MLB_STATS_API_SCHEDULE","663567","Peter Lambert","663567","Peter Lambert","10","MATCHED","true","","Dean Kremer","665152","Dean Kremer","","PREGAME_ID_MISSING","false","true","1"
"824332","2026-07-17","8:40 PM ET","2026-07-17T23:18:45.221Z","A","Colorado Rockies","Cincinnati Reds","Coors Field","R","MLB_STATS_API_SCHEDULE","687312","Gabriel Hughes","687312","Gabriel Hughes","6","MATCHED","true","","Brady Singer","663903","Brady Singer","","PREGAME_ID_MISSING","false","true","1"
"824655","2026-07-17","8:05 PM ET","2026-07-17T23:18:50.720Z","A","Chicago Cubs","Minnesota Twins","Wrigley Field","R","MLB_STATS_API_SCHEDULE","607067","Colin Rea","607067","Colin Rea","6","MATCHED","true","","Bailey Ober","641927","Bailey Ober","","PREGAME_ID_MISSING","false","true","1"
"824737","2026-07-17","7:10 PM ET","2026-07-17T14:35:05.846Z","A","Boston Red Sox","Tampa Bay Rays","Fenway Park","R","MLB_STATS_API_SCHEDULE","","Por definir","700842","Eduardo Rivera","","PREGAME_ID_MISSING","false","","Por definir","669438","Mason Englert","","PREGAME_ID_MISSING","false","false","0"
"824901","2026-07-17","7:15 PM ET","2026-07-17T23:14:56.713Z","A","Atlanta Braves","Texas Rangers","Truist Park","R","MLB_STATS_API_SCHEDULE","519242","Chris Sale","519242","Chris Sale","6","MATCHED","true","","Cal Quantrill","615698","Cal Quantrill","","PREGAME_ID_MISSING","false","true","1"
"824981","2026-07-17","9:40 PM ET","2026-07-18T01:37:38.480Z","A","Athletics","Washington Nationals","Sutter Health Park","R","MLB_STATS_API_SCHEDULE","695611","Gage Jump","695611","Gage Jump","8","MATCHED","true","","Cade Cavalli","676917","Cade Cavalli","","PREGAME_ID_MISSING","false","true","1"
"825060","2026-07-17","9:40 PM ET","2026-07-18T01:37:41.795Z","A","Arizona Diamondbacks","St. Louis Cardinals","Chase Field","R","MLB_STATS_API_SCHEDULE","518876","Merrill Kelly","518876","Merrill Kelly","3","MATCHED","true","","Michael McGreevy","700241","Michael McGreevy","","PREGAME_ID_MISSING","false","true","1"
"822790","2026-07-18","3:07 PM ET","2026-07-18T15:24:15.581Z","A","Toronto Blue Jays","Chicago White Sox","Rogers Centre","R","MLB_STATS_API_SCHEDULE","","Shane Bieber","669456","Shane Bieber","","PREGAME_ID_MISSING","false","","Davis Martin","663436","Davis Martin","","PREGAME_ID_MISSING","false","false","0"
"823116","2026-07-18","8:08 PM ET","2026-07-18T15:24:19.878Z","A","Seattle Mariners","San Francisco Giants","T-Mobile Park","R","MLB_STATS_API_SCHEDULE","","Bryan Woo","693433","Bryan Woo","","PREGAME_ID_MISSING","false","","Logan Webb","657277","Logan Webb","","PREGAME_ID_MISSING","false","false","0"
"823441","2026-07-18","3:05 PM ET","2026-07-18T15:24:23.561Z","A","Philadelphia Phillies","New York Mets","Citizens Bank Park","R","MLB_STATS_API_SCHEDULE","","Jesús Luzardo","666200","Jesús Luzardo","","PREGAME_ID_MISSING","false","","Sean Manaea","640455","Sean Manaea","","PREGAME_ID_MISSING","false","false","0"
"823763","2026-07-18","4:10 PM ET","2026-07-18T15:24:31.077Z","A","Milwaukee Brewers","Miami Marlins","American Family Field","R","MLB_STATS_API_SCHEDULE","","Shane Drohan","675660","Shane Drohan","","PREGAME_ID_MISSING","false","","Max Meyer","676974","Max Meyer","","PREGAME_ID_MISSING","false","false","0"
"824008","2026-07-18","10:07 PM ET","2026-07-18T15:24:34.576Z","A","Los Angeles Angels","Detroit Tigers","Angel Stadium","R","MLB_STATS_API_SCHEDULE","","Grayson Rodriguez","680570","Grayson Rodriguez","","PREGAME_ID_MISSING","false","","Tarik Skubal","669373","Tarik Skubal","","PREGAME_ID_MISSING","false","false","0"
"824088","2026-07-18","4:10 PM ET","2026-07-18T15:24:38.576Z","A","Kansas City Royals","San Diego Padres","Kauffman Stadium","R","MLB_STATS_API_SCHEDULE","","Randy Dobnak","677976","Randy Dobnak","","PREGAME_ID_MISSING","false","","Griffin Canning","656288","Griffin Canning","","PREGAME_ID_MISSING","false","false","0"
"824169","2026-07-18","4:10 PM ET","2026-07-18T15:24:41.979Z","A","Houston Astros","Baltimore Orioles","Daikin Park","R","MLB_STATS_API_SCHEDULE","","Spencer Arrighetti","681293","Spencer Arrighetti","","PREGAME_ID_MISSING","false","","Trevor Rogers","669432","Trevor Rogers","","PREGAME_ID_MISSING","false","false","0"
"824331","2026-07-18","3:10 PM ET","2026-07-18T15:24:45.172Z","A","Colorado Rockies","Cincinnati Reds","Coors Field","R","MLB_STATS_API_SCHEDULE","","Tomoyuki Sugano","608372","Tomoyuki Sugano","","PREGAME_ID_MISSING","false","","Rhett Lowder","695076","Rhett Lowder","","PREGAME_ID_MISSING","false","false","0"
"824412","2026-07-18","7:10 PM ET","2026-07-18T15:24:48.278Z","A","Cleveland Guardians","Pittsburgh Pirates","Progressive Field","R","MLB_STATS_API_SCHEDULE","","Logan Allen","671106","Logan Allen","","PREGAME_ID_MISSING","false","","Por definir","682254","Mason Montgomery","","PREGAME_ID_MISSING","false","false","0"
"824657","2026-07-18","2:20 PM ET","2026-07-18T15:24:51.679Z","A","Chicago Cubs","Minnesota Twins","Wrigley Field","R","MLB_STATS_API_SCHEDULE","","Matthew Boyd","571510","Matthew Boyd","","PREGAME_ID_MISSING","false","","Taj Bradley","671737","Taj Bradley","","PREGAME_ID_MISSING","false","false","0"
"824738","2026-07-18","4:10 PM ET","2026-07-18T15:24:54.978Z","A","Boston Red Sox","Tampa Bay Rays","Fenway Park","R","MLB_STATS_API_SCHEDULE","","Patrick Sandoval","663776","Patrick Sandoval","","PREGAME_ID_MISSING","false","","Ian Seymour","693855","Ian Seymour","","PREGAME_ID_MISSING","false","false","0"
"824899","2026-07-18","4:10 PM ET","2026-07-18T15:24:57.962Z","A","Atlanta Braves","Texas Rangers","Truist Park","R","MLB_STATS_API_SCHEDULE","","Owen Murphy","702566","Owen Murphy","","PREGAME_ID_MISSING","false","","MacKenzie Gore","669022","MacKenzie Gore","","PREGAME_ID_MISSING","false","false","0"
"824979","2026-07-18","10:05 PM ET","2026-07-18T15:25:00.478Z","A","Athletics","Washington Nationals","Sutter Health Park","R","MLB_STATS_API_SCHEDULE","","J.T. Ginn","669372","J.T. Ginn","","PREGAME_ID_MISSING","false","","Zack Littell","641793","Zack Littell","","PREGAME_ID_MISSING","false","false","0"
"825059","2026-07-18","4:10 PM ET","2026-07-18T15:25:03.762Z","A","Arizona Diamondbacks","St. Louis Cardinals","Chase Field","R","MLB_STATS_API_SCHEDULE","","Brandon Pfaadt","694297","Brandon Pfaadt","","PREGAME_ID_MISSING","false","","Dustin May","669160","Dustin May","","PREGAME_ID_MISSING","false","false","0"
"823113","2026-07-19","4:10 PM ET","2026-07-19T19:08:18.913Z","A","Seattle Mariners","San Francisco Giants","T-Mobile Park","R","MLB_STATS_API_SCHEDULE","669302","Logan Gilbert","669302","Logan Gilbert","10","MATCHED","true","","Robbie Ray","592662","Robbie Ray","","PREGAME_ID_MISSING","false","true","1"
"823521","2026-07-19","7:20 PM ET","2026-07-19T19:08:25.307Z","A","New York Yankees","Los Angeles Dodgers","Yankee Stadium","R","MLB_STATS_API_SCHEDULE","","Por definir","642232","Ryan Yarbrough","","PREGAME_ID_MISSING","false","","Por definir","694361","Will Klein","","PREGAME_ID_MISSING","false","false","0"
"823764","2026-07-19","2:10 PM ET","2026-07-19T17:51:25.698Z","A","Milwaukee Brewers","Miami Marlins","American Family Field","R","MLB_STATS_API_SCHEDULE","688107","Robert Gasser","688107","Robert Gasser","5","MATCHED","true","","Eury Pérez","691587","Eury Pérez","","PREGAME_ID_MISSING","false","true","1"
"824007","2026-07-19","4:07 PM ET","2026-07-19T19:08:36.312Z","A","Los Angeles Angels","Detroit Tigers","Angel Stadium","R","MLB_STATS_API_SCHEDULE","696270","Ryan Johnson","696270","Ryan Johnson","5","MATCHED","true","","Casey Mize","663554","Casey Mize","","PREGAME_ID_MISSING","false","true","1"
"824086","2026-07-19","2:10 PM ET","2026-07-19T17:51:22.682Z","A","Kansas City Royals","San Diego Padres","Kauffman Stadium","R","MLB_STATS_API_SCHEDULE","702070","Noah Cameron","702070","Noah Cameron","1","MATCHED","true","","Germán Márquez","608566","Germán Márquez","","PREGAME_ID_MISSING","false","true","1"
"824168","2026-07-19","2:10 PM ET","2026-07-19T17:51:18.997Z","A","Houston Astros","Baltimore Orioles","Daikin Park","R","MLB_STATS_API_SCHEDULE","686613","Hunter Brown","686613","Hunter Brown","4","MATCHED","true","","Brandon Young","687064","Brandon Young","","PREGAME_ID_MISSING","false","true","1"
"824330","2026-07-19","3:10 PM ET","2026-07-19T19:08:45.605Z","A","Colorado Rockies","Cincinnati Reds","Coors Field","R","MLB_STATS_API_SCHEDULE","663372","Ryan Feltner","663372","Ryan Feltner","3","MATCHED","true","","Hunter Greene","668881","Hunter Greene","","PREGAME_ID_MISSING","false","true","1"
"824653","2026-07-19","2:20 PM ET","2026-07-19T17:51:28.401Z","A","Chicago Cubs","Minnesota Twins","Wrigley Field","R","MLB_STATS_API_SCHEDULE","684007","Shota Imanaga","684007","Shota Imanaga","4","MATCHED","true","","Zebby Matthews","805673","Zebby Matthews","","PREGAME_ID_MISSING","false","true","1"
"824978","2026-07-19","4:05 PM ET","2026-07-19T19:09:01.018Z","A","Athletics","Washington Nationals","Sutter Health Park","R","MLB_STATS_API_SCHEDULE","682052","Jacob Lopez","682052","Jacob Lopez","6","MATCHED","true","","Foster Griffin","656492","Foster Griffin","","PREGAME_ID_MISSING","false","true","1"
"825057","2026-07-19","4:10 PM ET","2026-07-19T19:09:03.956Z","A","Arizona Diamondbacks","St. Louis Cardinals","Chase Field","R","MLB_STATS_API_SCHEDULE","593958","Eduardo Rodriguez","593958","Eduardo Rodriguez","3","MATCHED","true","","Andre Pallante","669467","Andre Pallante","","PREGAME_ID_MISSING","false","true","1"
"822788","2026-07-20","7:07 PM ET","2026-07-20T16:37:39.764Z","A","Toronto Blue Jays","Tampa Bay Rays","Rogers Centre","R","MLB_STATS_API_SCHEDULE","","Dylan Cease","656302","Dylan Cease","","PREGAME_ID_MISSING","false","","Nick Martinez","607259","Nick Martinez","","PREGAME_ID_MISSING","false","false","0"
"822874","2026-07-20","8:05 PM ET","2026-07-20T16:37:43.760Z","A","Texas Rangers","Chicago White Sox","Globe Life Field","R","MLB_STATS_API_SCHEDULE","","Jacob deGrom","594798","Jacob deGrom","","PREGAME_ID_MISSING","false","","Erick Fedde","607200","Erick Fedde","","PREGAME_ID_MISSING","false","false","0"
"823112","2026-07-20","9:40 PM ET","2026-07-20T16:37:47.163Z","A","Seattle Mariners","Cincinnati Reds","T-Mobile Park","R","MLB_STATS_API_SCHEDULE","","George Kirby","669923","George Kirby","","PREGAME_ID_MISSING","false","","Andrew Abbott","671096","Andrew Abbott","","PREGAME_ID_MISSING","false","false","0"
"823436","2026-07-20","7:10 PM ET","2026-07-20T16:37:50.651Z","A","Philadelphia Phillies","Los Angeles Dodgers","Citizens Bank Park","R","MLB_STATS_API_SCHEDULE","","Cristopher Sánchez","650911","Cristopher Sánchez","","PREGAME_ID_MISSING","false","","Emmet Sheehan","686218","Emmet Sheehan","","PREGAME_ID_MISSING","false","false","0"
"823522","2026-07-20","7:05 PM ET","2026-07-20T16:37:53.965Z","A","New York Yankees","Pittsburgh Pirates","Yankee Stadium","R","MLB_STATS_API_SCHEDULE","","Ryan Weathers","677960","Ryan Weathers","","PREGAME_ID_MISSING","false","","Braxton Ashcraft","677952","Braxton Ashcraft","","PREGAME_ID_MISSING","false","false","0"
"823762","2026-07-20","7:40 PM ET","2026-07-20T16:37:57.766Z","A","Milwaukee Brewers","New York Mets","American Family Field","R","MLB_STATS_API_SCHEDULE","","Jacob Misiorowski","694819","Jacob Misiorowski","","PREGAME_ID_MISSING","false","","Freddy Peralta","642547","Freddy Peralta","","PREGAME_ID_MISSING","false","false","0"
"824006","2026-07-20","10:10 PM ET","2026-07-20T16:38:01.067Z","A","Los Angeles Angels","St. Louis Cardinals","Angel Stadium","R","MLB_STATS_API_SCHEDULE","","José Soriano","667755","José Soriano","","PREGAME_ID_MISSING","false","","Kyle Leahy","681517","Kyle Leahy","","PREGAME_ID_MISSING","false","false","0"
"824087","2026-07-20","7:40 PM ET","2026-07-20T16:38:04.163Z","A","Kansas City Royals","San Francisco Giants","Kauffman Stadium","R","MLB_STATS_API_SCHEDULE","","Michael Wacha","608379","Michael Wacha","","PREGAME_ID_MISSING","false","","Trevor McDonald","686790","Trevor McDonald","","PREGAME_ID_MISSING","false","false","0"
"824167","2026-07-20","8:10 PM ET","2026-07-20T16:38:07.263Z","A","Houston Astros","Miami Marlins","Daikin Park","R","MLB_STATS_API_SCHEDULE","","Ronel Blanco","669854","Ronel Blanco","","PREGAME_ID_MISSING","false","","Janson Junk","676083","Janson Junk","","PREGAME_ID_MISSING","false","false","0"
"824328","2026-07-20","8:40 PM ET","2026-07-20T16:38:10.170Z","A","Colorado Rockies","Washington Nationals","Coors Field","R","MLB_STATS_API_SCHEDULE","","Kyle Freeland","607536","Kyle Freeland","","PREGAME_ID_MISSING","false","","Andrew Alvarez","674841","Andrew Alvarez","","PREGAME_ID_MISSING","false","false","0"
"824410","2026-07-20","6:40 PM ET","2026-07-20T16:38:13.161Z","A","Cleveland Guardians","Minnesota Twins","Progressive Field","R","MLB_STATS_API_SCHEDULE","","Tanner Bibee","676440","Tanner Bibee","","PREGAME_ID_MISSING","false","","Joe Ryan","657746","Joe Ryan","","PREGAME_ID_MISSING","false","false","0"
"824654","2026-07-20","8:05 PM ET","2026-07-20T16:38:16.070Z","A","Chicago Cubs","Detroit Tigers","Wrigley Field","R","MLB_STATS_API_SCHEDULE","","Jameson Taillon","592791","Jameson Taillon","","PREGAME_ID_MISSING","false","","Jack Flaherty","656427","Jack Flaherty","","PREGAME_ID_MISSING","false","false","0"
"824736","2026-07-20","7:10 PM ET","2026-07-20T16:38:18.850Z","A","Boston Red Sox","Baltimore Orioles","Fenway Park","R","MLB_STATS_API_SCHEDULE","","Payton Tolle","801139","Payton Tolle","","PREGAME_ID_MISSING","false","","Shane Baz","669358","Shane Baz","","PREGAME_ID_MISSING","false","false","0"
"824898","2026-07-20","7:15 PM ET","2026-07-20T16:38:21.571Z","A","Atlanta Braves","San Diego Padres","Truist Park","R","MLB_STATS_API_SCHEDULE","","Bryce Elder","693821","Bryce Elder","","PREGAME_ID_MISSING","false","","JP Sears","676664","JP Sears","","PREGAME_ID_MISSING","false","false","0"
"825058","2026-07-20","9:40 PM ET","2026-07-20T16:38:24.760Z","A","Arizona Diamondbacks","Athletics","Chase Field","R","MLB_STATS_API_SCHEDULE","","Mitch Bratt","683352","Mitch Bratt","","PREGAME_ID_MISSING","false","","Jeffrey Springs","605488","Jeffrey Springs","","PREGAME_ID_MISSING","false","false","0"
"822787","2026-07-21","7:07 PM ET","2026-07-21T22:26:27.685Z","A","Toronto Blue Jays","Tampa Bay Rays","Rogers Centre","R","MLB_STATS_API_SCHEDULE","592332","Kevin Gausman","592332","Kevin Gausman","1","MATCHED","true","","Drew Rasmussen","656876","Drew Rasmussen","","PREGAME_ID_MISSING","false","true","1"
"822871","2026-07-21","8:05 PM ET","2026-07-21T22:26:32.606Z","A","Texas Rangers","Chicago White Sox","Globe Life Field","R","MLB_STATS_API_SCHEDULE","677958","Kumar Rocker","677958","Kumar Rocker","6","MATCHED","true","","Noah Schultz","702273","Noah Schultz","","PREGAME_ID_MISSING","false","true","1"
"823114","2026-07-21","9:40 PM ET","2026-07-21T22:26:36.297Z","A","Seattle Mariners","Cincinnati Reds","T-Mobile Park","R","MLB_STATS_API_SCHEDULE","622491","Luis Castillo","622491","Luis Castillo","3","MATCHED","true","","Chase Burns","695505","Chase Burns","","PREGAME_ID_MISSING","false","true","1"
"823760","2026-07-21","7:40 PM ET","2026-07-21T22:26:46.705Z","A","Milwaukee Brewers","New York Mets","American Family Field","R","MLB_STATS_API_SCHEDULE","687075","Brandon Sproat","687075","Brandon Sproat","4","MATCHED","true","","Zac Thornton","804267","Zac Thornton","","PREGAME_ID_MISSING","false","true","1"
"824005","2026-07-21","9:38 PM ET","2026-07-21T22:26:49.904Z","A","Los Angeles Angels","St. Louis Cardinals","Angel Stadium","R","MLB_STATS_API_SCHEDULE","700712","Walbert Ureña","700712","Walbert Ureña","5","MATCHED","true","","Matthew Liberatore","669461","Matthew Liberatore","","PREGAME_ID_MISSING","false","true","1"
"824085","2026-07-21","7:40 PM ET","2026-07-21T22:26:52.897Z","A","Kansas City Royals","San Francisco Giants","Kauffman Stadium","R","MLB_STATS_API_SCHEDULE","679883","Luinder Avila","679883","Luinder Avila","7","MATCHED","true","","Tyler Mahle","641816","Tyler Mahle","","PREGAME_ID_MISSING","false","true","1"
"824165","2026-07-21","8:10 PM ET","2026-07-21T22:26:55.795Z","A","Houston Astros","Miami Marlins","Daikin Park","R","MLB_STATS_API_SCHEDULE","837227","Tatsuya Imai","837227","Tatsuya Imai","8","MATCHED","true","","Tyler Phillips","663969","Tyler Phillips","","PREGAME_ID_MISSING","false","true","1"
"824329","2026-07-21","8:40 PM ET","2026-07-21T22:26:58.494Z","A","Colorado Rockies","Washington Nationals","Coors Field","R","MLB_STATS_API_SCHEDULE","547179","Michael Lorenzen","547179","Michael Lorenzen","5","MATCHED","true","","Carson Palmquist","687223","Carson Palmquist","","PREGAME_ID_MISSING","false","true","1"
"824409","2026-07-21","6:40 PM ET","2026-07-21T22:27:01.500Z","A","Cleveland Guardians","Minnesota Twins","Progressive Field","R","MLB_STATS_API_SCHEDULE","800048","Parker Messick","800048","Parker Messick","6","MATCHED","true","","Kendry Rojas","696070","Kendry Rojas","","PREGAME_ID_MISSING","false","true","1"
"824652","2026-07-21","8:05 PM ET","2026-07-21T22:27:04.394Z","A","Chicago Cubs","Detroit Tigers","Wrigley Field","R","MLB_STATS_API_SCHEDULE","656849","David Peterson","656849","David Peterson","4","MATCHED","true","","Framber Valdez","664285","Framber Valdez","","PREGAME_ID_MISSING","false","true","1"
"824895","2026-07-21","7:15 PM ET","2026-07-21T22:27:10.898Z","A","Atlanta Braves","San Diego Padres","Truist Park","R","MLB_STATS_API_SCHEDULE","625643","Reynaldo López","625643","Reynaldo López","6","MATCHED","true","","Walker Buehler","621111","Walker Buehler","","PREGAME_ID_MISSING","false","true","1"
"825056","2026-07-21","9:40 PM ET","2026-07-21T22:27:15.492Z","A","Arizona Diamondbacks","Athletics","Chase Field","R","MLB_STATS_API_SCHEDULE","","Kohl Drake","684442","Kohl Drake","","PREGAME_ID_MISSING","false","","Jack Perkins","678022","Jack Perkins","","PREGAME_ID_MISSING","false","false","0"
"822784","2026-07-22","7:07 PM ET","2026-07-22T19:27:45.452Z","A","Toronto Blue Jays","Tampa Bay Rays","Rogers Centre","R","MLB_STATS_API_SCHEDULE","","Braydon Fisher","680755","Braydon Fisher","","PREGAME_ID_MISSING","false","","Griffin Jax","643377","Griffin Jax","","PREGAME_ID_MISSING","false","false","0"
"822873","2026-07-22","8:05 PM ET","2026-07-22T19:27:50.671Z","A","Texas Rangers","Chicago White Sox","Globe Life Field","R","MLB_STATS_API_SCHEDULE","","Tyler Alexander","641302","Tyler Alexander","","PREGAME_ID_MISSING","false","","Anthony Kay","641743","Anthony Kay","","PREGAME_ID_MISSING","false","false","0"
"823110","2026-07-22","3:40 PM ET","2026-07-22T19:27:54.868Z","A","Seattle Mariners","Cincinnati Reds","T-Mobile Park","R","MLB_STATS_API_SCHEDULE","676106","Emerson Hancock","676106","Emerson Hancock","3","MATCHED","true","","Brady Singer","663903","Brady Singer","","PREGAME_ID_MISSING","false","true","1"
"823438","2026-07-22","6:40 PM ET","2026-07-22T19:27:58.376Z","A","Philadelphia Phillies","Los Angeles Dodgers","Citizens Bank Park","R","MLB_STATS_API_SCHEDULE","","Aaron Nola","605400","Aaron Nola","","PREGAME_ID_MISSING","false","","Eric Lauer","641778","Eric Lauer","","PREGAME_ID_MISSING","false","false","0"
"823761","2026-07-22","2:10 PM ET","2026-07-22T18:09:24.069Z","A","Milwaukee Brewers","New York Mets","American Family Field","R","MLB_STATS_API_SCHEDULE","701656","Logan Henderson","701656","Logan Henderson","9","MATCHED","true","","Christian Scott","681035","Christian Scott","","PREGAME_ID_MISSING","false","true","1"
"824004","2026-07-22","4:07 PM ET","2026-07-22T19:28:12.494Z","A","Los Angeles Angels","St. Louis Cardinals","Angel Stadium","R","MLB_STATS_API_SCHEDULE","672282","Reid Detmers","672282","Reid Detmers","6","MATCHED","true","","Hunter Dobbins","690928","Hunter Dobbins","","PREGAME_ID_MISSING","false","true","1"
"824083","2026-07-22","2:10 PM ET","2026-07-22T18:07:20.465Z","A","Kansas City Royals","San Francisco Giants","Kauffman Stadium","R","MLB_STATS_API_SCHEDULE","607625","Seth Lugo","607625","Seth Lugo","5","MATCHED","true","","Landen Roupp","694738","Landen Roupp","","PREGAME_ID_MISSING","false","true","1"
"824166","2026-07-22","8:10 PM ET","2026-07-22T19:28:20.778Z","A","Houston Astros","Miami Marlins","Daikin Park","R","MLB_STATS_API_SCHEDULE","","Peter Lambert","663567","Peter Lambert","","PREGAME_ID_MISSING","false","","Sandy Alcantara","645261","Sandy Alcantara","","PREGAME_ID_MISSING","false","false","0"
"824327","2026-07-22","3:10 PM ET","2026-07-22T18:27:36.753Z","A","Colorado Rockies","Washington Nationals","Coors Field","R","MLB_STATS_API_SCHEDULE","687312","Gabriel Hughes","687312","Gabriel Hughes","5","MATCHED","true","","Cade Cavalli","676917","Cade Cavalli","","PREGAME_ID_MISSING","false","true","1"
"824408","2026-07-22","6:40 PM ET","2026-07-22T19:28:27.278Z","A","Cleveland Guardians","Minnesota Twins","Progressive Field","R","MLB_STATS_API_SCHEDULE","677944","Slade Cecconi","677944","Slade Cecconi","5","MATCHED","true","","Bailey Ober","641927","Bailey Ober","","PREGAME_ID_MISSING","false","true","1"
"824650","2026-07-22","8:10 PM ET","2026-07-22T19:28:30.653Z","A","Chicago Cubs","Detroit Tigers","Wrigley Field","R","MLB_STATS_API_SCHEDULE","","Colin Rea","607067","Colin Rea","","PREGAME_ID_MISSING","false","","Keider Montero","672456","Keider Montero","","PREGAME_ID_MISSING","false","false","0"
"824732","2026-07-22","7:10 PM ET","2026-07-22T19:28:33.767Z","A","Boston Red Sox","Baltimore Orioles","Fenway Park","R","MLB_STATS_API_SCHEDULE","","Por definir","700842","Eduardo Rivera","","PREGAME_ID_MISSING","false","","Kyle Bradish","680694","Kyle Bradish","","PREGAME_ID_MISSING","false","false","0"
"824896","2026-07-22","7:15 PM ET","2026-07-22T19:28:40.770Z","A","Atlanta Braves","San Diego Padres","Truist Park","R","MLB_STATS_API_SCHEDULE","","Martín Pérez","527048","Martín Pérez","","PREGAME_ID_MISSING","false","","Michael King","650633","Michael King","","PREGAME_ID_MISSING","false","false","0"
"825055","2026-07-22","3:40 PM ET","2026-07-22T19:28:44.052Z","A","Arizona Diamondbacks","Athletics","Chase Field","R","MLB_STATS_API_SCHEDULE","518876","Merrill Kelly","518876","Merrill Kelly","3","MATCHED","true","","Gage Jump","695611","Gage Jump","","PREGAME_ID_MISSING","false","true","1"
"822785","2026-07-23","3:07 PM ET","2026-07-23T17:27:16.655Z","A","Toronto Blue Jays","Tampa Bay Rays","Rogers Centre","R","MLB_STATS_API_SCHEDULE","669456","Shane Bieber","669456","Shane Bieber","3","MATCHED","true","","Casey Legumina","668984","Casey Legumina","","PREGAME_ID_MISSING","false","true","1"
"824247","2026-07-23","6:40 PM ET","2026-07-23T17:27:34.563Z","A","Detroit Tigers","Kansas City Royals","Comerica Park","R","MLB_STATS_API_SCHEDULE","","Troy Melton","675512","Troy Melton","","PREGAME_ID_MISSING","false","","Randy Dobnak","677976","Randy Dobnak","","PREGAME_ID_MISSING","false","false","0"
"824406","2026-07-23","1:10 PM ET","2026-07-23T17:03:08.447Z","A","Cleveland Guardians","Minnesota Twins","Progressive Field","R","MLB_STATS_API_SCHEDULE","668909","Gavin Williams","668909","Gavin Williams","11","MATCHED","true","","Taj Bradley","671737","Taj Bradley","","PREGAME_ID_MISSING","false","true","1"
"824893","2026-07-23","12:15 PM ET","2026-07-23T13:58:54.208Z","A","Atlanta Braves","San Diego Padres","Truist Park","R","MLB_STATS_API_SCHEDULE","","Chris Sale","519242","Chris Sale","","PREGAME_ID_MISSING","false","","Kyle Hart","606996","Kyle Hart","","PREGAME_ID_MISSING","false","false","0"
"822707","2026-07-24","6:45 PM ET","2026-07-24T19:48:59.280Z","A","Washington Nationals","Arizona Diamondbacks","Nationals Park","R","MLB_STATS_API_SCHEDULE","687223","Carson Palmquist","687223","Carson Palmquist","1","MATCHED","true","","Eduardo Rodriguez","593958","Eduardo Rodriguez","","PREGAME_ID_MISSING","false","true","1"
"822872","2026-07-24","8:05 PM ET","2026-07-24T19:49:04.377Z","A","Texas Rangers","Seattle Mariners","Globe Life Field","R","MLB_STATS_API_SCHEDULE","","MacKenzie Gore","669022","MacKenzie Gore","","PREGAME_ID_MISSING","false","","Bryce Miller","682243","Bryce Miller","","PREGAME_ID_MISSING","false","false","0"
"822952","2026-07-24","7:10 PM ET","2026-07-24T19:49:08.384Z","A","Tampa Bay Rays","Cleveland Guardians","Tropicana Field","R","MLB_STATS_API_SCHEDULE","663556","Shane McClanahan","663556","Shane McClanahan","3","MATCHED","true","","Joey Cantillo","676282","Joey Cantillo","","PREGAME_ID_MISSING","false","true","1"
"823031","2026-07-24","8:15 PM ET","2026-07-24T19:49:12.382Z","A","St. Louis Cardinals","Cincinnati Reds","Busch Stadium","R","MLB_STATS_API_SCHEDULE","","Dustin May","669160","Dustin May","","PREGAME_ID_MISSING","false","","Rhett Lowder","695076","Rhett Lowder","","PREGAME_ID_MISSING","false","false","0"
"823196","2026-07-24","10:15 PM ET","2026-07-24T19:49:15.874Z","A","San Francisco Giants","Los Angeles Angels","Oracle Park","R","MLB_STATS_API_SCHEDULE","","Logan Webb","657277","Logan Webb","","PREGAME_ID_MISSING","false","","Grayson Rodriguez","680570","Grayson Rodriguez","","PREGAME_ID_MISSING","false","false","0"
"823352","2026-07-24","6:40 PM ET","2026-07-24T19:49:19.859Z","A","Pittsburgh Pirates","Chicago Cubs","PNC Park","R","MLB_STATS_API_SCHEDULE","","Jared Jones","683003","Jared Jones","","PREGAME_ID_MISSING","false","","Matthew Boyd","571510","Matthew Boyd","","PREGAME_ID_MISSING","false","false","0"
"823434","2026-07-24","6:45 PM ET","2026-07-24T19:49:23.777Z","A","Philadelphia Phillies","New York Yankees","Citizens Bank Park","R","MLB_STATS_API_SCHEDULE","666200","Jesús Luzardo","666200","Jesús Luzardo","9","MATCHED","true","","Cam Schlittler","693645","Cam Schlittler","","PREGAME_ID_MISSING","false","true","1"
"823601","2026-07-24","7:10 PM ET","2026-07-24T19:49:27.077Z","A","New York Mets","Los Angeles Dodgers","Citi Field","R","MLB_STATS_API_SCHEDULE","","Sean Manaea","640455","Sean Manaea","","PREGAME_ID_MISSING","false","","Roki Sasaki","808963","Roki Sasaki","","PREGAME_ID_MISSING","false","false","0"
"823680","2026-07-24","8:10 PM ET","2026-07-24T19:49:30.777Z","A","Minnesota Twins","Athletics","Target Field","R","MLB_STATS_API_SCHEDULE","","Zebby Matthews","805673","Zebby Matthews","","PREGAME_ID_MISSING","false","","Jacob Lopez","682052","Jacob Lopez","","PREGAME_ID_MISSING","false","false","0"
"823759","2026-07-24","4:10 PM ET","2026-07-24T19:49:34.172Z","A","Milwaukee Brewers","Colorado Rockies","American Family Field","R","MLB_STATS_API_SCHEDULE","675660","Shane Drohan","675660","Shane Drohan","6","MATCHED","true","","Tomoyuki Sugano","608372","Tomoyuki Sugano","","PREGAME_ID_MISSING","false","true","1"
"823843","2026-07-24","7:10 PM ET","2026-07-24T19:49:37.371Z","A","Miami Marlins","San Diego Padres","loanDepot park","R","MLB_STATS_API_SCHEDULE","687473","Ryan Gusto","687473","Ryan Gusto","4","MATCHED","true","","Germán Márquez","608566","Germán Márquez","","PREGAME_ID_MISSING","false","true","1"
"824248","2026-07-24","6:40 PM ET","2026-07-24T19:49:41.378Z","A","Detroit Tigers","Kansas City Royals","Comerica Park","R","MLB_STATS_API_SCHEDULE","669373","Tarik Skubal","669373","Tarik Skubal","12","MATCHED","true","","Beck Way","694360","Beck Way","","PREGAME_ID_MISSING","false","true","1"
"824573","2026-07-24","7:40 PM ET","2026-07-24T19:49:44.677Z","A","Chicago White Sox","Houston Astros","Rate Field","R","MLB_STATS_API_SCHEDULE","","Davis Martin","663436","Davis Martin","","PREGAME_ID_MISSING","false","","Spencer Arrighetti","681293","Spencer Arrighetti","","PREGAME_ID_MISSING","false","false","0"
"824733","2026-07-24","7:15 PM ET","2026-07-24T19:49:48.379Z","A","Boston Red Sox","Toronto Blue Jays","Fenway Park","R","MLB_STATS_API_SCHEDULE","663776","Patrick Sandoval","663776","Patrick Sandoval","3","MATCHED","true","","Trey Yesavage","702056","Trey Yesavage","","PREGAME_ID_MISSING","false","true","1"
"824812","2026-07-24","7:05 PM ET","2026-07-24T19:49:51.682Z","A","Baltimore Orioles","Atlanta Braves","Oriole Park at Camden Yards","R","MLB_STATS_API_SCHEDULE","669432","Trevor Rogers","669432","Trevor Rogers","6","MATCHED","true","","Grant Holmes","656550","Grant Holmes","","PREGAME_ID_MISSING","false","true","1"
"822704","2026-07-25","4:05 PM ET","2026-07-25T13:36:00.415Z","A","Washington Nationals","Arizona Diamondbacks","Nationals Park","R","MLB_STATS_API_SCHEDULE","","Foster Griffin","656492","Foster Griffin","","PREGAME_ID_MISSING","false","","Mitch Bratt","683352","Mitch Bratt","","PREGAME_ID_MISSING","false","false","0"
"822869","2026-07-25","7:15 PM ET","2026-07-25T13:36:46.814Z","A","Texas Rangers","Seattle Mariners","Globe Life Field","R","MLB_STATS_API_SCHEDULE","","Nathan Eovaldi","543135","Nathan Eovaldi","","PREGAME_ID_MISSING","false","","Bryan Woo","693433","Bryan Woo","","PREGAME_ID_MISSING","false","false","0"
"822948","2026-07-25","6:10 PM ET","2026-07-25T13:36:18.620Z","A","Tampa Bay Rays","Cleveland Guardians","Tropicana Field","R","MLB_STATS_API_SCHEDULE","","Nick Martinez","607259","Nick Martinez","","PREGAME_ID_MISSING","false","","Tanner Bibee","676440","Tanner Bibee","","PREGAME_ID_MISSING","false","false","0"
"823027","2026-07-25","7:15 PM ET","2026-07-25T13:36:43.410Z","A","St. Louis Cardinals","Cincinnati Reds","Busch Stadium","R","MLB_STATS_API_SCHEDULE","","Andre Pallante","669467","Andre Pallante","","PREGAME_ID_MISSING","false","","Hunter Greene","668881","Hunter Greene","","PREGAME_ID_MISSING","false","false","0"
"823197","2026-07-25","4:05 PM ET","2026-07-25T13:36:03.815Z","A","San Francisco Giants","Los Angeles Angels","Oracle Park","R","MLB_STATS_API_SCHEDULE","","Robbie Ray","592662","Robbie Ray","","PREGAME_ID_MISSING","false","","Ryan Johnson","696270","Ryan Johnson","","PREGAME_ID_MISSING","false","false","0"
"823355","2026-07-25","6:40 PM ET","2026-07-25T13:36:22.120Z","A","Pittsburgh Pirates","Chicago Cubs","PNC Park","R","MLB_STATS_API_SCHEDULE","","Paul Skenes","694973","Paul Skenes","","PREGAME_ID_MISSING","false","","Shota Imanaga","684007","Shota Imanaga","","PREGAME_ID_MISSING","false","false","0"
"823435","2026-07-25","6:05 PM ET","2026-07-25T13:36:14.922Z","A","Philadelphia Phillies","New York Yankees","Citizens Bank Park","R","MLB_STATS_API_SCHEDULE","","Por definir","641835","Tim Mayza","","PREGAME_ID_MISSING","false","","Ryan Weathers","677960","Ryan Weathers","","PREGAME_ID_MISSING","false","false","0"
"823600","2026-07-25","7:15 PM ET","2026-07-25T13:36:39.531Z","A","New York Mets","Los Angeles Dodgers","Citi Field","R","MLB_STATS_API_SCHEDULE","","Nolan McLean","690997","Nolan McLean","","PREGAME_ID_MISSING","false","","Yoshinobu Yamamoto","808967","Yoshinobu Yamamoto","","PREGAME_ID_MISSING","false","false","0"
"823679","2026-07-25","7:10 PM ET","2026-07-25T13:36:29.421Z","A","Minnesota Twins","Athletics","Target Field","R","MLB_STATS_API_SCHEDULE","","Por definir","696070","Kendry Rojas","","PREGAME_ID_MISSING","false","","Mason Barnett","669620","Brady Basso","","PITCHER_CHANGED","false","false","0"
"823758","2026-07-25","7:10 PM ET","2026-07-25T13:36:36.017Z","A","Milwaukee Brewers","Colorado Rockies","American Family Field","R","MLB_STATS_API_SCHEDULE","","Robert Gasser","688107","Robert Gasser","","PREGAME_ID_MISSING","false","","Ryan Feltner","663372","Ryan Feltner","","PREGAME_ID_MISSING","false","false","0"
"823841","2026-07-25","4:10 PM ET","2026-07-25T13:36:11.518Z","A","Miami Marlins","San Diego Padres","loanDepot park","R","MLB_STATS_API_SCHEDULE","","Eury Pérez","691587","Eury Pérez","","PREGAME_ID_MISSING","false","","JP Sears","681190","Randy Vásquez","","PITCHER_CHANGED","false","false","0"
"824244","2026-07-25","1:10 PM ET","2026-07-25T13:35:57.014Z","A","Detroit Tigers","Kansas City Royals","Comerica Park","R","MLB_STATS_API_SCHEDULE","","Casey Mize","663554","Casey Mize","","PREGAME_ID_MISSING","false","","Michael Wacha","608379","Michael Wacha","","PREGAME_ID_MISSING","false","false","0"
"824571","2026-07-25","7:10 PM ET","2026-07-25T13:36:32.809Z","A","Chicago White Sox","Houston Astros","Rate Field","R","MLB_STATS_API_SCHEDULE","","Sean Burke","680732","Sean Burke","","PREGAME_ID_MISSING","false","","Hunter Brown","686613","Hunter Brown","","PREGAME_ID_MISSING","false","false","0"
"824734","2026-07-25","4:10 PM ET","2026-07-25T13:36:07.620Z","A","Boston Red Sox","Toronto Blue Jays","Fenway Park","R","MLB_STATS_API_SCHEDULE","","Sonny Gray","543243","Sonny Gray","","PREGAME_ID_MISSING","false","","Dylan Cease","656302","Dylan Cease","","PREGAME_ID_MISSING","false","false","0"
"824811","2026-07-25","7:05 PM ET","2026-07-25T13:36:26.217Z","A","Baltimore Orioles","Atlanta Braves","Oriole Park at Camden Yards","R","MLB_STATS_API_SCHEDULE","","Brandon Young","687064","Brandon Young","","PREGAME_ID_MISSING","false","","Bryce Elder","693821","Bryce Elder","","PREGAME_ID_MISSING","false","false","0"
"822705","2026-07-27","6:45 PM ET","2026-07-27T13:36:49.689Z","A","Washington Nationals","Toronto Blue Jays","Nationals Park","R","MLB_STATS_API_SCHEDULE","","Andrew Alvarez","678868","Eddy Yean","","PITCHER_CHANGED","false","","Max Scherzer","453286","Max Scherzer","","PREGAME_ID_MISSING","false","false","0"
"822868","2026-07-27","2:35 PM ET","2026-07-27T13:36:54.626Z","A","Texas Rangers","Seattle Mariners","Globe Life Field","R","MLB_STATS_API_SCHEDULE","","Kumar Rocker","677958","Kumar Rocker","","PREGAME_ID_MISSING","false","","George Kirby","669923","George Kirby","","PREGAME_ID_MISSING","false","false","0"
"823025","2026-07-27","7:45 PM ET","2026-07-27T13:36:57.787Z","A","St. Louis Cardinals","Chicago Cubs","Busch Stadium","R","MLB_STATS_API_SCHEDULE","","Por definir","669461","Matthew Liberatore","","PREGAME_ID_MISSING","false","","David Peterson","656849","David Peterson","","PREGAME_ID_MISSING","false","false","0"
"823195","2026-07-27","9:45 PM ET","2026-07-27T13:37:00.993Z","A","San Francisco Giants","Milwaukee Brewers","Oracle Park","R","MLB_STATS_API_SCHEDULE","","Tyler Mahle","641816","Tyler Mahle","","PREGAME_ID_MISSING","false","","Brandon Sproat","687075","Brandon Sproat","","PREGAME_ID_MISSING","false","false","0"
"823353","2026-07-27","6:40 PM ET","2026-07-27T13:37:05.005Z","A","Pittsburgh Pirates","Arizona Diamondbacks","PNC Park","R","MLB_STATS_API_SCHEDULE","","Mitch Keller","656605","Mitch Keller","","PREGAME_ID_MISSING","false","","Merrill Kelly","518876","Merrill Kelly","","PREGAME_ID_MISSING","false","false","0"
"823597","2026-07-27","7:10 PM ET","2026-07-27T13:37:08.294Z","A","New York Mets","Atlanta Braves","Citi Field","R","MLB_STATS_API_SCHEDULE","","Zac Thornton","804267","Zac Thornton","","PREGAME_ID_MISSING","false","","Martín Pérez","527048","Martín Pérez","","PREGAME_ID_MISSING","false","false","0"
"823839","2026-07-27","6:40 PM ET","2026-07-27T13:37:11.393Z","A","Miami Marlins","Philadelphia Phillies","loanDepot park","R","MLB_STATS_API_SCHEDULE","","Tyler Phillips","663969","Tyler Phillips","","PREGAME_ID_MISSING","false","","Zack Wheeler","554430","Zack Wheeler","","PREGAME_ID_MISSING","false","false","0"
"824001","2026-07-27","9:38 PM ET","2026-07-27T13:37:14.392Z","A","Los Angeles Angels","Houston Astros","Angel Stadium","R","MLB_STATS_API_SCHEDULE","","Walbert Ureña","700712","Walbert Ureña","","PREGAME_ID_MISSING","false","","Tatsuya Imai","837227","Tatsuya Imai","","PREGAME_ID_MISSING","false","false","0"
"824245","2026-07-27","6:40 PM ET","2026-07-27T13:37:17.585Z","A","Detroit Tigers","Baltimore Orioles","Comerica Park","R","MLB_STATS_API_SCHEDULE","","Keider Montero","672456","Keider Montero","","PREGAME_ID_MISSING","false","","Kyle Bradish","680694","Kyle Bradish","","PREGAME_ID_MISSING","false","false","0"
"824570","2026-07-27","7:40 PM ET","2026-07-27T13:37:23.788Z","A","Chicago White Sox","New York Yankees","Rate Field","R","MLB_STATS_API_SCHEDULE","","Noah Schultz","702273","Noah Schultz","","PREGAME_ID_MISSING","false","","Max Fried","608331","Max Fried","","PREGAME_ID_MISSING","false","false","0"
"824977","2026-07-27","9:40 PM ET","2026-07-27T13:37:27.089Z","A","Athletics","Boston Red Sox","Sutter Health Park","R","MLB_STATS_API_SCHEDULE","","Jack Perkins","678022","Jack Perkins","","PREGAME_ID_MISSING","false","","Payton Tolle","801139","Payton Tolle","","PREGAME_ID_MISSING","false","false","0"
"822702","2026-07-29","1:05 PM ET","2026-07-29T14:55:43.755Z","A","Washington Nationals","Toronto Blue Jays","Nationals Park","R","MLB_STATS_API_SCHEDULE","641793","Zack Littell","641793","Zack Littell","2","MATCHED","true","","Trey Yesavage","702056","Trey Yesavage","","PREGAME_ID_MISSING","false","true","1"
"822947","2026-07-29","6:40 PM ET","2026-07-29T18:55:44.077Z","A","Tampa Bay Rays","Texas Rangers","Tropicana Field","R","MLB_STATS_API_SCHEDULE","","Casey Legumina","668984","Casey Legumina","","PREGAME_ID_MISSING","false","","MacKenzie Gore","669022","MacKenzie Gore","","PREGAME_ID_MISSING","false","false","0"
"823022","2026-07-29","7:45 PM ET","2026-07-29T18:55:48.586Z","A","St. Louis Cardinals","Chicago Cubs","Busch Stadium","R","MLB_STATS_API_SCHEDULE","","Dustin May","669160","Dustin May","","PREGAME_ID_MISSING","false","","Matthew Boyd","571510","Matthew Boyd","","PREGAME_ID_MISSING","false","false","0"
"823192","2026-07-29","3:45 PM ET","2026-07-29T18:55:53.116Z","A","San Francisco Giants","Milwaukee Brewers","Oracle Park","R","MLB_STATS_API_SCHEDULE","657277","Logan Webb","657277","Logan Webb","4","MATCHED","true","","Thomas Pannone","623381","Thomas Pannone","","PREGAME_ID_MISSING","false","true","1"
"823273","2026-07-29","4:10 PM ET","2026-07-29T18:55:56.883Z","A","San Diego Padres","Colorado Rockies","Petco Park","R","MLB_STATS_API_SCHEDULE","","Kyle Hart","606996","Kyle Hart","","PREGAME_ID_MISSING","false","","Gabriel Hughes","687312","Gabriel Hughes","","PREGAME_ID_MISSING","false","false","0"
"823351","2026-07-29","12:35 PM ET","2026-07-29T14:56:03.456Z","A","Pittsburgh Pirates","Arizona Diamondbacks","PNC Park","R","MLB_STATS_API_SCHEDULE","683003","Jared Jones","683003","Jared Jones","5","MATCHED","true","","Eduardo Rodriguez","593958","Eduardo Rodriguez","","PREGAME_ID_MISSING","false","true","1"
"823596","2026-07-29","1:10 PM ET","2026-07-29T14:56:07.219Z","A","New York Mets","Atlanta Braves","Citi Field","R","MLB_STATS_API_SCHEDULE","640455","Sean Manaea","640455","Sean Manaea","4","MATCHED","true","","AJ Smith-Shawver","700363","AJ Smith-Shawver","","PREGAME_ID_MISSING","false","true","1"
"823677","2026-07-29","7:40 PM ET","2026-07-29T18:56:14.384Z","A","Minnesota Twins","Kansas City Royals","Target Field","R","MLB_STATS_API_SCHEDULE","","Joe Ryan","657746","Joe Ryan","","PREGAME_ID_MISSING","false","","Randy Dobnak","677976","Randy Dobnak","","PREGAME_ID_MISSING","false","false","0"
"823837","2026-07-29","12:10 PM ET","2026-07-29T14:56:27.140Z","A","Miami Marlins","Philadelphia Phillies","loanDepot park","R","MLB_STATS_API_SCHEDULE","687473","Ryan Gusto","687473","Ryan Gusto","3","MATCHED","true","","Jesús Luzardo","666200","Jesús Luzardo","","PREGAME_ID_MISSING","false","true","1"
"823924","2026-07-29","10:10 PM ET","2026-07-29T18:56:21.986Z","A","Los Angeles Dodgers","Seattle Mariners","UNIQLO Field at Dodger Stadium","R","MLB_STATS_API_SCHEDULE","","Eric Lauer","641778","Eric Lauer","","PREGAME_ID_MISSING","false","","Emerson Hancock","676106","Emerson Hancock","","PREGAME_ID_MISSING","false","false","0"
"824002","2026-07-29","9:38 PM ET","2026-07-29T18:56:25.879Z","A","Los Angeles Angels","Houston Astros","Angel Stadium","R","MLB_STATS_API_SCHEDULE","","Grayson Rodriguez","680570","Grayson Rodriguez","","PREGAME_ID_MISSING","false","","Hayden Wesneski","669713","Hayden Wesneski","","PREGAME_ID_MISSING","false","false","0"
"824242","2026-07-29","1:10 PM ET","2026-07-29T14:56:58.615Z","A","Detroit Tigers","Baltimore Orioles","Comerica Park","R","MLB_STATS_API_SCHEDULE","","Tarik Skubal","669373","Tarik Skubal","","PREGAME_ID_MISSING","false","","Trevor Rogers","669432","Trevor Rogers","","PREGAME_ID_MISSING","false","false","0"
"824487","2026-07-29","7:10 PM ET","2026-07-29T18:56:33.485Z","A","Cincinnati Reds","Cleveland Guardians","Great American Ball Park","R","MLB_STATS_API_SCHEDULE","","Brady Singer","663903","Brady Singer","","PREGAME_ID_MISSING","false","","Joey Cantillo","676282","Joey Cantillo","","PREGAME_ID_MISSING","false","false","0"
"824567","2026-07-29","7:40 PM ET","2026-07-29T18:56:36.765Z","A","Chicago White Sox","New York Yankees","Rate Field","R","MLB_STATS_API_SCHEDULE","","Davis Martin","663436","Davis Martin","","PREGAME_ID_MISSING","false","","Cam Schlittler","693645","Cam Schlittler","","PREGAME_ID_MISSING","false","false","0"
"824973","2026-07-29","9:40 PM ET","2026-07-29T18:56:40.084Z","A","Athletics","Boston Red Sox","Sutter Health Park","R","MLB_STATS_API_SCHEDULE","","Jacob Lopez","682052","Jacob Lopez","","PREGAME_ID_MISSING","false","","Patrick Sandoval","663776","Patrick Sandoval","","PREGAME_ID_MISSING","false","false","0"
"822696","2026-08-13","4:05 PM ET","2026-08-13T18:42:08.203Z","A","Washington Nationals","Chicago Cubs","Nationals Park","R","MLB_STATS_API_SCHEDULE","676917","Cade Cavalli","676917","Cade Cavalli","10","MATCHED","true","","Kevin Gausman","592332","Kevin Gausman","","PREGAME_ID_MISSING","false","true","1"
"822776","2026-08-13","3:07 PM ET","2026-08-13T18:42:05.020Z","A","Toronto Blue Jays","Boston Red Sox","Rogers Centre","R","MLB_STATS_API_SCHEDULE","453286","Max Scherzer","453286","Max Scherzer","4","MATCHED","true","","Payton Tolle","801139","Payton Tolle","","PREGAME_ID_MISSING","false","true","1"
"823669","2026-08-13","7:30 PM ET","2026-08-13T18:42:11.616Z","A","Minnesota Twins","Philadelphia Phillies","Field of Dreams","R","MLB_STATS_API_SCHEDULE","","Taj Bradley","671737","Taj Bradley","","PREGAME_ID_MISSING","false","","Aaron Nola","605400","Aaron Nola","","PREGAME_ID_MISSING","false","false","0"
"823915","2026-08-13","10:10 PM ET","2026-08-13T18:42:17.615Z","A","Los Angeles Dodgers","Milwaukee Brewers","UNIQLO Field at Dodger Stadium","R","MLB_STATS_API_SCHEDULE","","Roki Sasaki","808963","Roki Sasaki","","PREGAME_ID_MISSING","false","","Shane Drohan","675660","Shane Drohan","","PREGAME_ID_MISSING","false","false","0"
"823995","2026-08-13","10:07 PM ET","2026-08-13T18:42:14.623Z","A","Los Angeles Angels","Texas Rangers","Angel Stadium","R","MLB_STATS_API_SCHEDULE","","Walbert Ureña","700712","Walbert Ureña","","PREGAME_ID_MISSING","false","","Jacob deGrom","594798","Jacob deGrom","","PREGAME_ID_MISSING","false","false","0"
"822777","2026-08-14","7:15 PM ET","2026-08-14T13:34:46.639Z","A","Toronto Blue Jays","New York Yankees","Rogers Centre","R","MLB_STATS_API_SCHEDULE","","Shane Bieber","669456","Shane Bieber","","PREGAME_ID_MISSING","false","","Gerrit Cole","543037","Gerrit Cole","","PREGAME_ID_MISSING","false","false","0"
"822942","2026-08-14","7:10 PM ET","2026-08-14T13:34:40.840Z","A","Tampa Bay Rays","Baltimore Orioles","Tropicana Field","R","MLB_STATS_API_SCHEDULE","","Steven Matz","571927","Steven Matz","","FINAL_ID_MISSING","false","","Por definir","605135","Chris Bassitt","","FINAL_ID_MISSING","false","false","0"
"823185","2026-08-14","10:15 PM ET","2026-08-14T13:35:00.038Z","A","San Francisco Giants","Colorado Rockies","Oracle Park","R","MLB_STATS_API_SCHEDULE","","Landen Roupp","694738","Landen Roupp","","PREGAME_ID_MISSING","false","","Kyle Freeland","607536","Kyle Freeland","","PREGAME_ID_MISSING","false","false","0"
"823346","2026-08-14","6:40 PM ET","2026-08-14T13:34:28.132Z","A","Pittsburgh Pirates","Boston Red Sox","PNC Park","R","MLB_STATS_API_SCHEDULE","","Bubba Chandler","696149","Bubba Chandler","","PREGAME_ID_MISSING","false","","Jake Bennett","687562","Jake Bennett","","PREGAME_ID_MISSING","false","false","0"
"823591","2026-08-14","7:10 PM ET","2026-08-14T13:34:34.738Z","A","New York Mets","Washington Nationals","Citi Field","R","MLB_STATS_API_SCHEDULE","","Robert Stock","476594","Robert Stock","","PREGAME_ID_MISSING","false","","Andrew Alvarez","674841","Andrew Alvarez","","PREGAME_ID_MISSING","false","false","0"
"823913","2026-08-14","10:10 PM ET","2026-08-14T13:34:57.638Z","A","Los Angeles Dodgers","Milwaukee Brewers","UNIQLO Field at Dodger Stadium","R","MLB_STATS_API_SCHEDULE","","Yoshinobu Yamamoto","808967","Yoshinobu Yamamoto","","PREGAME_ID_MISSING","false","","Robert Gasser","688107","Robert Gasser","","PREGAME_ID_MISSING","false","false","0"
"823993","2026-08-14","9:38 PM ET","2026-08-14T13:34:52.044Z","A","Los Angeles Angels","Kansas City Royals","Angel Stadium","R","MLB_STATS_API_SCHEDULE","","Grayson Rodriguez","680570","Grayson Rodriguez","","PREGAME_ID_MISSING","false","","Seth Lugo","607625","Seth Lugo","","PREGAME_ID_MISSING","false","false","0"
"824159","2026-08-14","8:10 PM ET","2026-08-14T13:34:49.043Z","A","Houston Astros","Seattle Mariners","Daikin Park","R","MLB_STATS_API_SCHEDULE","","Peter Lambert","663567","Peter Lambert","","PREGAME_ID_MISSING","false","","George Kirby","669923","George Kirby","","PREGAME_ID_MISSING","false","false","0"
"824237","2026-08-14","6:40 PM ET","2026-08-14T13:34:31.232Z","A","Detroit Tigers","Chicago White Sox","Comerica Park","R","MLB_STATS_API_SCHEDULE","","Jackson Jobe","695549","Jackson Jobe","","PREGAME_ID_MISSING","false","","Sean Newcomb","656794","Sean Newcomb","","PREGAME_ID_MISSING","false","false","0"
"824399","2026-08-14","7:10 PM ET","2026-08-14T13:34:38.433Z","A","Cleveland Guardians","San Diego Padres","Progressive Field","R","MLB_STATS_API_SCHEDULE","","Gavin Williams","668909","Gavin Williams","","PREGAME_ID_MISSING","false","","Michael King","650633","Michael King","","PREGAME_ID_MISSING","false","false","0"
"824479","2026-08-14","6:10 PM ET","2026-08-14T13:34:24.938Z","A","Cincinnati Reds","Miami Marlins","Great American Ball Park","R","MLB_STATS_API_SCHEDULE","","Chase Burns","695505","Chase Burns","","PREGAME_ID_MISSING","false","","Sandy Alcantara","645261","Sandy Alcantara","","PREGAME_ID_MISSING","false","false","0"
"824643","2026-08-14","2:20 PM ET","2026-08-14T13:34:21.323Z","A","Chicago Cubs","St. Louis Cardinals","Wrigley Field","R","MLB_STATS_API_SCHEDULE","","Clay Holmes","605280","Clay Holmes","","PREGAME_ID_MISSING","false","","Matthew Liberatore","669461","Matthew Liberatore","","PREGAME_ID_MISSING","false","false","0"
"824882","2026-08-14","7:15 PM ET","2026-08-14T13:34:43.636Z","A","Atlanta Braves","Arizona Diamondbacks","Truist Park","R","MLB_STATS_API_SCHEDULE","","Por definir","519242","Chris Sale","","PREGAME_ID_MISSING","false","","Brandon Pfaadt","694297","Brandon Pfaadt","","PREGAME_ID_MISSING","false","false","0"
"824968","2026-08-14","9:40 PM ET","2026-08-14T13:34:54.532Z","A","Athletics","Texas Rangers","Sutter Health Park","R","MLB_STATS_API_SCHEDULE","","Por definir","695611","Gage Jump","","PREGAME_ID_MISSING","false","","Kumar Rocker","677958","Kumar Rocker","","PREGAME_ID_MISSING","false","false","0"
"822693","2026-08-25","6:45 PM ET","2026-08-25T13:35:40.128Z","A","Washington Nationals","Colorado Rockies","Nationals Park","R","MLB_STATS_API_SCHEDULE","","Andrew Alvarez","674841","Andrew Alvarez","","PREGAME_ID_MISSING","false","","Por definir","690279","Mason Adams","","PREGAME_ID_MISSING","false","false","0"
"822773","2026-08-25","7:07 PM ET","2026-08-25T13:35:46.540Z","A","Toronto Blue Jays","Kansas City Royals","Rogers Centre","R","MLB_STATS_API_SCHEDULE","","Max Scherzer","453286","Max Scherzer","","PREGAME_ID_MISSING","false","","Seth Lugo","607625","Seth Lugo","","PREGAME_ID_MISSING","false","false","0"
"823016","2026-08-25","7:45 PM ET","2026-08-25T13:35:59.040Z","A","St. Louis Cardinals","Baltimore Orioles","Busch Stadium","R","MLB_STATS_API_SCHEDULE","","Por definir","669461","Matthew Liberatore","","PREGAME_ID_MISSING","false","","Chris Bassitt","605135","Chris Bassitt","","PREGAME_ID_MISSING","false","false","0"
"823098","2026-08-25","9:40 PM ET","2026-08-25T13:36:13.644Z","A","Seattle Mariners","Philadelphia Phillies","T-Mobile Park","R","MLB_STATS_API_SCHEDULE","","George Kirby","669923","George Kirby","","PREGAME_ID_MISSING","false","","Aaron Nola","605400","Aaron Nola","","PREGAME_ID_MISSING","false","false","0"
"823181","2026-08-25","9:45 PM ET","2026-08-25T13:36:16.145Z","A","San Francisco Giants","Cincinnati Reds","Oracle Park","R","MLB_STATS_API_SCHEDULE","","Adrian Houser","605288","Adrian Houser","","PREGAME_ID_MISSING","false","","Brady Singer","663903","Brady Singer","","PREGAME_ID_MISSING","false","false","0"
"823259","2026-08-25","9:40 PM ET","2026-08-25T13:36:08.150Z","A","San Diego Padres","Pittsburgh Pirates","Petco Park","R","MLB_STATS_API_SCHEDULE","","Michael King","650633","Michael King","","PREGAME_ID_MISSING","false","","Paul Skenes","694973","Paul Skenes","","PREGAME_ID_MISSING","false","false","0"
"823505","2026-08-25","7:05 PM ET","2026-08-25T13:35:43.445Z","A","New York Yankees","Houston Astros","Yankee Stadium","R","MLB_STATS_API_SCHEDULE","","Will Warren","701542","Will Warren","","PREGAME_ID_MISSING","false","","Ethan Pecko","814490","Ethan Pecko","","PREGAME_ID_MISSING","false","false","0"
"823585","2026-08-25","7:10 PM ET","2026-08-25T13:35:49.752Z","A","New York Mets","Milwaukee Brewers","Citi Field","R","MLB_STATS_API_SCHEDULE","","Zac Thornton","804267","Zac Thornton","","PREGAME_ID_MISSING","false","","Kyle Harrison","690986","Kyle Harrison","","PREGAME_ID_MISSING","false","false","0"
"823826","2026-08-25","6:40 PM ET","2026-08-25T13:35:36.939Z","A","Miami Marlins","Boston Red Sox","loanDepot park","R","MLB_STATS_API_SCHEDULE","","Por definir","663969","Tyler Phillips","","PREGAME_ID_MISSING","false","","Payton Tolle","801139","Payton Tolle","","PREGAME_ID_MISSING","false","false","0"
"823989","2026-08-25","9:38 PM ET","2026-08-25T13:36:02.043Z","A","Los Angeles Angels","Cleveland Guardians","Angel Stadium","R","MLB_STATS_API_SCHEDULE","","Walbert Ureña","700712","Walbert Ureña","","PREGAME_ID_MISSING","false","","Gavin Williams","668909","Gavin Williams","","PREGAME_ID_MISSING","false","false","0"
"824233","2026-08-25","6:40 PM ET","2026-08-25T13:35:33.245Z","A","Detroit Tigers","Tampa Bay Rays","Comerica Park","R","MLB_STATS_API_SCHEDULE","","Jackson Jobe","695549","Jackson Jobe","","PREGAME_ID_MISSING","false","","Ian Seymour","668984","Casey Legumina","","PITCHER_CHANGED","false","false","0"
"824556","2026-08-25","7:40 PM ET","2026-08-25T13:35:55.941Z","A","Chicago White Sox","Texas Rangers","Rate Field","R","MLB_STATS_API_SCHEDULE","","Anthony Kay","641743","Anthony Kay","","PREGAME_ID_MISSING","false","","Jacob deGrom","594798","Jacob deGrom","","PREGAME_ID_MISSING","false","false","0"
"824881","2026-08-25","7:15 PM ET","2026-08-25T13:35:52.646Z","A","Atlanta Braves","Los Angeles Dodgers","Truist Park","R","MLB_STATS_API_SCHEDULE","","Bryce Elder","693821","Bryce Elder","","PREGAME_ID_MISSING","false","","Tyler Glasnow","607192","Tyler Glasnow","","PREGAME_ID_MISSING","false","false","0"
"824962","2026-08-25","9:40 PM ET","2026-08-25T13:36:10.743Z","A","Athletics","Minnesota Twins","Sutter Health Park","R","MLB_STATS_API_SCHEDULE","","Gage Jump","695611","Gage Jump","","PREGAME_ID_MISSING","false","","Taj Bradley","671737","Taj Bradley","","PREGAME_ID_MISSING","false","false","0"
"825042","2026-08-25","9:40 PM ET","2026-08-25T13:36:05.142Z","A","Arizona Diamondbacks","Chicago Cubs","Chase Field","R","MLB_STATS_API_SCHEDULE","","Brandon Pfaadt","694297","Brandon Pfaadt","","PREGAME_ID_MISSING","false","","Clay Holmes","605280","Clay Holmes","","PREGAME_ID_MISSING","false","false","0"
"822692","2026-08-26","6:45 PM ET","2026-08-26T17:52:10.843Z","A","Washington Nationals","Colorado Rockies","Nationals Park","R","MLB_STATS_API_SCHEDULE","663362","Matt Waldron","663362","Matt Waldron","","FINAL_ID_MISSING","false","685299","Tanner Gordon","685299","Tanner Gordon","","FINAL_ID_MISSING","false","false","0"
"822772","2026-08-26","7:07 PM ET","2026-08-26T23:06:14.612Z","A","Toronto Blue Jays","Kansas City Royals","Rogers Centre","R","MLB_STATS_API_SCHEDULE","693686","Spencer Miles","693686","Spencer Miles","","FINAL_ID_MISSING","false","677976","Randy Dobnak","677976","Randy Dobnak","","FINAL_ID_MISSING","false","false","0"
"823015","2026-08-26","7:45 PM ET","2026-08-26T23:07:24.424Z","A","St. Louis Cardinals","Baltimore Orioles","Busch Stadium","R","MLB_STATS_API_SCHEDULE","700241","Michael McGreevy","700241","Michael McGreevy","","FINAL_ID_MISSING","false","680694","Kyle Bradish","680694","Kyle Bradish","","FINAL_ID_MISSING","false","false","0"
"823096","2026-08-26","4:10 PM ET","2026-08-26T17:50:16.221Z","A","Seattle Mariners","Philadelphia Phillies","T-Mobile Park","R","MLB_STATS_API_SCHEDULE","693433","Bryan Woo","693433","Bryan Woo","5","MATCHED","true","666200","Jesús Luzardo","666200","Jesús Luzardo","9","MATCHED","true","true","2"
"823180","2026-08-26","3:45 PM ET","2026-08-26T17:47:36.942Z","A","San Francisco Giants","Cincinnati Reds","Oracle Park","R","MLB_STATS_API_SCHEDULE","657277","Logan Webb","657277","Logan Webb","6","MATCHED","true","666157","Nick Lodolo","666157","Nick Lodolo","5","MATCHED","true","true","2"
"823255","2026-08-26","4:10 PM ET","2026-08-26T17:49:13.800Z","A","San Diego Padres","Pittsburgh Pirates","Petco Park","R","MLB_STATS_API_SCHEDULE","681190","Randy Vásquez","681190","Randy Vásquez","2","MATCHED","true","696149","Bubba Chandler","696149","Bubba Chandler","3","MATCHED","true","true","2"
"823506","2026-08-26","7:05 PM ET","2026-08-26T17:53:16.012Z","A","New York Yankees","Houston Astros","Yankee Stadium","R","MLB_STATS_API_SCHEDULE","695684","Elmer Rodríguez","695684","Elmer Rodríguez","","FINAL_ID_MISSING","false","663567","Peter Lambert","663567","Peter Lambert","","FINAL_ID_MISSING","false","false","0"
"823584","2026-08-26","7:10 PM ET","2026-08-26T23:06:30.929Z","A","New York Mets","Milwaukee Brewers","Citi Field","R","MLB_STATS_API_SCHEDULE","476594","Robert Stock","476594","Robert Stock","","FINAL_ID_MISSING","false","669160","Dustin May","669160","Dustin May","","FINAL_ID_MISSING","false","false","0"
"823988","2026-08-26","4:07 PM ET","2026-08-26T17:48:23.525Z","A","Los Angeles Angels","Cleveland Guardians","Angel Stadium","R","MLB_STATS_API_SCHEDULE","680570","Grayson Rodriguez","680570","Grayson Rodriguez","4","MATCHED","true","676282","Joey Cantillo","676282","Joey Cantillo","1","MATCHED","true","true","2"
"824555","2026-08-26","7:40 PM ET","2026-08-26T23:07:11.571Z","A","Chicago White Sox","Texas Rangers","Rate Field","R","MLB_STATS_API_SCHEDULE","680732","Sean Burke","680732","Sean Burke","","FINAL_ID_MISSING","false","669022","MacKenzie Gore","669022","MacKenzie Gore","","FINAL_ID_MISSING","false","false","0"
"824878","2026-08-26","7:15 PM ET","2026-08-26T23:06:49.124Z","A","Atlanta Braves","Los Angeles Dodgers","Truist Park","R","MLB_STATS_API_SCHEDULE","700363","AJ Smith-Shawver","700363","AJ Smith-Shawver","","FINAL_ID_MISSING","false","808963","Roki Sasaki","808963","Roki Sasaki","","FINAL_ID_MISSING","false","false","0"
"824963","2026-08-26","9:05 PM ET","2026-08-26T23:07:40.946Z","A","Athletics","Minnesota Twins","Sutter Health Park","R","MLB_STATS_API_SCHEDULE","669372","J.T. Ginn","669372","J.T. Ginn","","FINAL_ID_MISSING","false","687570","Connor Prielipp","687570","Connor Prielipp","","FINAL_ID_MISSING","false","false","0"
"825039","2026-08-26","3:40 PM ET","2026-08-26T17:46:26.727Z","A","Arizona Diamondbacks","Chicago Cubs","Chase Field","R","MLB_STATS_API_SCHEDULE","593958","Eduardo Rodriguez","593958","Eduardo Rodriguez","9","MATCHED","true","571510","Matthew Boyd","571510","Matthew Boyd","5","MATCHED","true","true","2"