game_id,game_date,side,pregame_pitcher_name,pregame_pitcher_id,pregame_id_source,pregame_id_confidence,pregame_temporal_verification,external_current_id_match,final_pitcher_name,final_pitcher_id,final_id_source,actual_k,status,snapshot_captured_at,scheduled_start,minutes_before_start,identity_conflict_details,change_detected,target_source,reason
"822692","2026-08-26","home","Matt Waldron","663362","PITCHERS_PITCHER_ID","HIGH","","","Matt Waldron","663362","FINAL_PITCHERS_ID","","FINAL_ID_MISSING","2026-08-26T17:52:10.843Z","2026-08-26T22:45:00.000Z","292.819283","","false","","No existe documento final válido para el game_id"
"822692","2026-08-26","away","Tanner Gordon","685299","PITCHERS_PITCHER_ID","HIGH","","","Tanner Gordon","685299","FINAL_PITCHERS_ID","","FINAL_ID_MISSING","2026-08-26T17:52:10.843Z","2026-08-26T22:45:00.000Z","292.819283","","false","","No existe documento final válido para el game_id"
"822693","2026-08-25","home","Andrew Alvarez","","","","","","Andrew Alvarez","674841","FINAL_BOXSCORE_PLAYER_ID","","PREGAME_ID_MISSING","2026-08-25T13:35:40.128Z","2026-08-25T22:45:00.000Z","549.3312","","false","","El snapshot no contiene ID explícito ni ID auxiliar verificable para este lado"
"822693","2026-08-25","away","Por definir","","","","","","Mason Adams","690279","FINAL_BOXSCORE_PLAYER_ID","","PREGAME_ID_MISSING","2026-08-25T13:35:40.128Z","2026-08-25T22:45:00.000Z","549.3312","","false","","El snapshot no contiene ID explícito ni ID auxiliar verificable para este lado"
"822696","2026-08-13","home","Cade Cavalli","676917","LINESCORE_DEFENSE_PITCHER","HIGH","NOT_VERIFIABLE","true","Cade Cavalli","676917","FINAL_BOXSCORE_PLAYER_ID","10","MATCHED","2026-08-13T18:42:08.203Z","2026-08-13T20:05:00.000Z","82.863283","","false","FINAL_BOXSCORE_STRIKEOUTS","game_id y pitcher_id coinciden; actual_k final válido"
"822696","2026-08-13","away","Kevin Gausman","","","","","","Kevin Gausman","592332","FINAL_BOXSCORE_PLAYER_ID","","PREGAME_ID_MISSING","2026-08-13T18:42:08.203Z","2026-08-13T20:05:00.000Z","82.863283","","false","","El snapshot no contiene ID explícito ni ID auxiliar verificable para este lado"
"822702","2026-07-29","home","Zack Littell","641793","LINESCORE_DEFENSE_PITCHER","HIGH","NOT_VERIFIABLE","true","Zack Littell","641793","FINAL_BOXSCORE_PLAYER_ID","2","MATCHED","2026-07-29T14:55:43.755Z","2026-07-29T17:05:00.000Z","129.27075","","false","FINAL_BOXSCORE_STRIKEOUTS","game_id y pitcher_id coinciden; actual_k final válido"
"822702","2026-07-29","away","Trey Yesavage","","","","","","Trey Yesavage","702056","FINAL_BOXSCORE_PLAYER_ID","","PREGAME_ID_MISSING","2026-07-29T14:55:43.755Z","2026-07-29T17:05:00.000Z","129.27075","","false","","El snapshot no contiene ID explícito ni ID auxiliar verificable para este lado"
"822704","2026-07-25","home","Foster Griffin","","","","","","Foster Griffin","656492","FINAL_BOXSCORE_PLAYER_ID","","PREGAME_ID_MISSING","2026-07-25T13:36:00.415Z","2026-07-25T20:05:00.000Z","388.993083","","false","","El snapshot no contiene ID explícito ni ID auxiliar verificable para este lado"
"822704","2026-07-25","away","Mitch Bratt","","","","","","Mitch Bratt","683352","FINAL_BOXSCORE_PLAYER_ID","","PREGAME_ID_MISSING","2026-07-25T13:36:00.415Z","2026-07-25T20:05:00.000Z","388.993083","","false","","El snapshot no contiene ID explícito ni ID auxiliar verificable para este lado"
"822705","2026-07-27","home","Andrew Alvarez","","","","","","Eddy Yean","678868","FINAL_BOXSCORE_PLAYER_ID","","PITCHER_CHANGED","2026-07-27T13:36:49.689Z","2026-07-27T22:45:00.000Z","548.17185","","true","","El pitcher anunciado y el participante final del mismo lado son personas diferentes"
"822705","2026-07-27","away","Max Scherzer","","","","","","Max Scherzer","453286","FINAL_BOXSCORE_PLAYER_ID","","PREGAME_ID_MISSING","2026-07-27T13:36:49.689Z","2026-07-27T22:45:00.000Z","548.17185","","false","","El snapshot no contiene ID explícito ni ID auxiliar verificable para este lado"
"822707","2026-07-24","home","Carson Palmquist","687223","LINESCORE_DEFENSE_PITCHER","HIGH","NOT_VERIFIABLE","true","Carson Palmquist","687223","FINAL_BOXSCORE_PLAYER_ID","1","MATCHED","2026-07-24T19:48:59.280Z","2026-07-24T22:45:00.000Z","176.012","","false","FINAL_BOXSCORE_STRIKEOUTS","game_id y pitcher_id coinciden; actual_k final válido"
"822707","2026-07-24","away","Eduardo Rodriguez","","","","","","Eduardo Rodriguez","593958","FINAL_BOXSCORE_PLAYER_ID","","PREGAME_ID_MISSING","2026-07-24T19:48:59.280Z","2026-07-24T22:45:00.000Z","176.012","","false","","El snapshot no contiene ID explícito ni ID auxiliar verificable para este lado"
"822708","2026-07-12","home","Cade Cavalli","676917","LINESCORE_DEFENSE_PITCHER","HIGH","NOT_VERIFIABLE","true","Cade Cavalli","676917","FINAL_BOXSCORE_PLAYER_ID","5","MATCHED","2026-07-12T16:55:47.763Z","2026-07-12T17:35:00.000Z","39.20395","","false","FINAL_BOXSCORE_STRIKEOUTS","game_id y pitcher_id coinciden; actual_k final válido"
"822708","2026-07-12","away","Will Warren","","","","","","Will Warren","701542","FINAL_BOXSCORE_PLAYER_ID","","PREGAME_ID_MISSING","2026-07-12T16:55:47.763Z","2026-07-12T17:35:00.000Z","39.20395","","false","","El snapshot no contiene ID explícito ni ID auxiliar verificable para este lado"
"822709","2026-07-10","home","Carson Palmquist","687223","LINESCORE_DEFENSE_PITCHER","HIGH","NOT_VERIFIABLE","true","Carson Palmquist","687223","FINAL_BOXSCORE_PLAYER_ID","4","MATCHED","2026-07-10T20:34:16.882Z","2026-07-10T22:45:00.000Z","130.718633","","false","FINAL_BOXSCORE_STRIKEOUTS","game_id y pitcher_id coinciden; actual_k final válido"
"822709","2026-07-10","away","Ryan Weathers","","","","","","Ryan Weathers","677960","FINAL_BOXSCORE_PLAYER_ID","","PREGAME_ID_MISSING","2026-07-10T20:34:16.882Z","2026-07-10T22:45:00.000Z","130.718633","","false","","El snapshot no contiene ID explícito ni ID auxiliar verificable para este lado"
"822710","2026-07-08","home","Foster Griffin","656492","LINESCORE_DEFENSE_PITCHER","HIGH","NOT_VERIFIABLE","true","Foster Griffin","656492","FINAL_BOXSCORE_PLAYER_ID","9","MATCHED","2026-07-08T20:22:02.343Z","2026-07-08T22:45:00.000Z","142.96095","","false","FINAL_BOXSCORE_STRIKEOUTS","game_id y pitcher_id coinciden; actual_k final válido"
"822710","2026-07-08","away","Spencer Arrighetti","","","","","","Spencer Arrighetti","681293","FINAL_BOXSCORE_PLAYER_ID","","PREGAME_ID_MISSING","2026-07-08T20:22:02.343Z","2026-07-08T22:45:00.000Z","142.96095","","false","","El snapshot no contiene ID explícito ni ID auxiliar verificable para este lado"
"822711","2026-07-11","home","PJ Poulin","","","","","","PJ Poulin","676571","FINAL_BOXSCORE_PLAYER_ID","","PREGAME_ID_MISSING","2026-07-11T15:45:00.866Z","2026-07-11T20:05:00.000Z","259.985567","","false","","El snapshot no contiene ID explícito ni ID auxiliar verificable para este lado"
"822711","2026-07-11","away","Cam Schlittler","","","","","","Cam Schlittler","693645","FINAL_BOXSCORE_PLAYER_ID","","PREGAME_ID_MISSING","2026-07-11T15:45:00.866Z","2026-07-11T20:05:00.000Z","259.985567","","false","","El snapshot no contiene ID explícito ni ID auxiliar verificable para este lado"
"822712","2026-07-06","home","Miles Mikolas","571945","LINESCORE_DEFENSE_PITCHER","HIGH","NOT_VERIFIABLE","true","Miles Mikolas","571945","FINAL_BOXSCORE_PLAYER_ID","3","MATCHED","2026-07-06T22:27:30.388Z","2026-07-06T22:45:00.000Z","17.493533","","false","FINAL_BOXSCORE_STRIKEOUTS","game_id y pitcher_id coinciden; actual_k final válido"
"822712","2026-07-06","away","Mike Burrows","","","","","","Mike Burrows","681347","FINAL_BOXSCORE_PLAYER_ID","","PREGAME_ID_MISSING","2026-07-06T22:27:30.388Z","2026-07-06T22:45:00.000Z","17.493533","","false","","El snapshot no contiene ID explícito ni ID auxiliar verificable para este lado"
"822713","2026-07-07","home","Andrew Alvarez","674841","LINESCORE_DEFENSE_PITCHER","HIGH","NOT_VERIFIABLE","true","Andrew Alvarez","674841","FINAL_BOXSCORE_PLAYER_ID","3","MATCHED","2026-07-07T21:48:01.396Z","2026-07-07T22:45:00.000Z","56.976733","","false","FINAL_BOXSCORE_STRIKEOUTS","game_id y pitcher_id coinciden; actual_k final válido"
"822713","2026-07-07","away","Tatsuya Imai","","","","","","Tatsuya Imai","837227","FINAL_BOXSCORE_PLAYER_ID","","PREGAME_ID_MISSING","2026-07-07T21:48:01.396Z","2026-07-07T22:45:00.000Z","56.976733","","false","","El snapshot no contiene ID explícito ni ID auxiliar verificable para este lado"
"822714","2026-07-03","home","Foster Griffin","656492","LINESCORE_DEFENSE_PITCHER","HIGH","NOT_VERIFIABLE","true","Foster Griffin","656492","FINAL_BOXSCORE_PLAYER_ID","2","MATCHED","2026-07-03T22:10:18.475Z","2026-07-03T22:45:00.000Z","34.692083","","false","FINAL_BOXSCORE_STRIKEOUTS","game_id y pitcher_id coinciden; actual_k final válido"
"822714","2026-07-03","away","Mitch Keller","","","","","","Mitch Keller","656605","FINAL_BOXSCORE_PLAYER_ID","","PREGAME_ID_MISSING","2026-07-03T22:10:18.475Z","2026-07-03T22:45:00.000Z","34.692083","","false","","El snapshot no contiene ID explícito ni ID auxiliar verificable para este lado"
"822715","2026-07-05","home","Cade Cavalli","","","","","","Cade Cavalli","676917","FINAL_BOXSCORE_PLAYER_ID","","PREGAME_ID_MISSING","2026-07-05T15:03:36.560Z","2026-07-05T17:00:00.000Z","116.390667","","false","","El snapshot no contiene ID explícito ni ID auxiliar verificable para este lado"
"822715","2026-07-05","away","Bubba Chandler","","","","","","Bubba Chandler","696149","FINAL_BOXSCORE_PLAYER_ID","","PREGAME_ID_MISSING","2026-07-05T15:03:36.560Z","2026-07-05T17:00:00.000Z","116.390667","","false","","El snapshot no contiene ID explícito ni ID auxiliar verificable para este lado"
"822716","2026-07-04","home","Carson Palmquist","687223","LINESCORE_DEFENSE_PITCHER","HIGH","NOT_VERIFIABLE","true","Carson Palmquist","687223","FINAL_BOXSCORE_PLAYER_ID","3","MATCHED","2026-07-04T14:39:47.382Z","2026-07-04T15:05:00.000Z","25.2103","","false","FINAL_BOXSCORE_STRIKEOUTS","game_id y pitcher_id coinciden; actual_k final válido"
"822716","2026-07-04","away","Braxton Ashcraft","","","","","","Braxton Ashcraft","677952","FINAL_BOXSCORE_PLAYER_ID","","PREGAME_ID_MISSING","2026-07-04T14:39:47.382Z","2026-07-04T15:05:00.000Z","25.2103","","false","","El snapshot no contiene ID explícito ni ID auxiliar verificable para este lado"
"822717","2026-06-25","home","Cade Cavalli","676917","LINESCORE_DEFENSE_PITCHER","HIGH","NOT_VERIFIABLE","true","Cade Cavalli","676917","FINAL_BOXSCORE_PLAYER_ID","7","MATCHED","2026-06-25T20:14:30.015Z","2026-06-25T22:45:00.000Z","150.49975","","false","FINAL_BOXSCORE_STRIKEOUTS","game_id y pitcher_id coinciden; actual_k final válido"
"822717","2026-06-25","away","Cristopher Sánchez","","","","","","Cristopher Sánchez","650911","FINAL_BOXSCORE_PLAYER_ID","","PREGAME_ID_MISSING","2026-06-25T20:14:30.015Z","2026-06-25T22:45:00.000Z","150.49975","","false","","El snapshot no contiene ID explícito ni ID auxiliar verificable para este lado"
"822718","2026-06-23","home","PJ Poulin","676571","LINESCORE_DEFENSE_PITCHER","HIGH","NOT_VERIFIABLE","true","PJ Poulin","676571","FINAL_BOXSCORE_PLAYER_ID","1","MATCHED","2026-06-23T21:41:55.279Z","2026-06-23T22:45:00.000Z","63.078683","","false","FINAL_BOXSCORE_STRIKEOUTS","game_id y pitcher_id coinciden; actual_k final válido"
"822718","2026-06-23","away","Jesús Luzardo","","","","","","Jesús Luzardo","666200","FINAL_BOXSCORE_PLAYER_ID","","PREGAME_ID_MISSING","2026-06-23T21:41:55.279Z","2026-06-23T22:45:00.000Z","63.078683","","false","","El snapshot no contiene ID explícito ni ID auxiliar verificable para este lado"
"822719","2026-06-24","home","Carson Palmquist","687223","LINESCORE_DEFENSE_PITCHER","HIGH","NOT_VERIFIABLE","true","Carson Palmquist","687223","FINAL_BOXSCORE_PLAYER_ID","3","MATCHED","2026-06-24T21:17:11.177Z","2026-06-24T22:45:00.000Z","87.813717","","false","FINAL_BOXSCORE_STRIKEOUTS","game_id y pitcher_id coinciden; actual_k final válido"
"822719","2026-06-24","away","Aaron Nola","","","","","","Aaron Nola","605400","FINAL_BOXSCORE_PLAYER_ID","","PREGAME_ID_MISSING","2026-06-24T21:17:11.177Z","2026-06-24T22:45:00.000Z","87.813717","","false","","El snapshot no contiene ID explícito ni ID auxiliar verificable para este lado"
"822720","2026-06-22","home","Foster Griffin","","","","","","Foster Griffin","656492","FINAL_BOXSCORE_PLAYER_ID","","PREGAME_ID_MISSING","2026-06-22T21:03:42.603Z","2026-06-22T22:45:00.000Z","101.28995","","false","","El snapshot no contiene ID explícito ni ID auxiliar verificable para este lado"
"822720","2026-06-22","away","Tim Mayza","","","","","","Tim Mayza","641835","FINAL_BOXSCORE_PLAYER_ID","","PREGAME_ID_MISSING","2026-06-22T21:03:42.603Z","2026-06-22T22:45:00.000Z","101.28995","","false","","El snapshot no contiene ID explícito ni ID auxiliar verificable para este lado"
"822721","2026-06-17","home","Zack Littell","","","","","","Zack Littell","641793","FINAL_BOXSCORE_PLAYER_ID","","PREGAME_ID_MISSING","2026-06-17T17:04:12.083Z","2026-06-17T17:05:00.000Z","0.798617","","false","","El snapshot no contiene ID explícito ni ID auxiliar verificable para este lado"
"822721","2026-06-17","away","Luinder Avila","","","","","","Luinder Avila","679883","FINAL_BOXSCORE_PLAYER_ID","","PREGAME_ID_MISSING","2026-06-17T17:04:12.083Z","2026-06-17T17:05:00.000Z","0.798617","","false","","El snapshot no contiene ID explícito ni ID auxiliar verificable para este lado"
"822722","2026-06-14","home","PJ Poulin","","","","","","PJ Poulin","","","","PREGAME_ID_MISSING","2026-06-14T17:29:09.101Z","2026-06-14T17:35:00.000Z","5.848317","","false","","El snapshot no contiene ID explícito ni ID auxiliar verificable para este lado"
"822722","2026-06-14","away","Emerson Hancock","","","","","","Emerson Hancock","","","","PREGAME_ID_MISSING","2026-06-14T17:29:09.101Z","2026-06-14T17:35:00.000Z","5.848317","","false","","El snapshot no contiene ID explícito ni ID auxiliar verificable para este lado"
"822723","2026-06-16","home","Foster Griffin","","","","","","Foster Griffin","656492","FINAL_BOXSCORE_PLAYER_ID","","PREGAME_ID_MISSING","2026-06-16T20:58:51.800Z","2026-06-16T22:45:00.000Z","106.136667","","false","","El snapshot no contiene ID explícito ni ID auxiliar verificable para este lado"
"822723","2026-06-16","away","Michael Wacha","","","","","","Michael Wacha","608379","FINAL_BOXSCORE_PLAYER_ID","","PREGAME_ID_MISSING","2026-06-16T20:58:51.800Z","2026-06-16T22:45:00.000Z","106.136667","","false","","El snapshot no contiene ID explícito ni ID auxiliar verificable para este lado"
"822724","2026-06-15","home","Andrew Alvarez","","","","","","Andrew Alvarez","674841","FINAL_BOXSCORE_PLAYER_ID","","PREGAME_ID_MISSING","2026-06-15T22:24:06.844Z","2026-06-15T22:45:00.000Z","20.885933","","false","","El snapshot no contiene ID explícito ni ID auxiliar verificable para este lado"
"822724","2026-06-15","away","Mitch Spence","","","","","","Mitch Spence","687765","FINAL_BOXSCORE_PLAYER_ID","","PREGAME_ID_MISSING","2026-06-15T22:24:06.844Z","2026-06-15T22:45:00.000Z","20.885933","","false","","El snapshot no contiene ID explícito ni ID auxiliar verificable para este lado"
"822725","2026-06-13","home","Cade Cavalli","","","","","","Cade Cavalli","","","","PREGAME_ID_MISSING","2026-06-13T15:25:39.666Z","2026-06-13T20:05:00.000Z","279.3389","","false","","El snapshot no contiene ID explícito ni ID auxiliar verificable para este lado"
"822725","2026-06-13","away","Luis Castillo","","","","","","Luis Castillo","","","","PREGAME_ID_MISSING","2026-06-13T15:25:39.666Z","2026-06-13T20:05:00.000Z","279.3389","","false","","El snapshot no contiene ID explícito ni ID auxiliar verificable para este lado"
"822726","2026-06-12","home","Zack Littell","","","","","","Zack Littell","","","","PREGAME_ID_MISSING","2026-06-12T21:09:32.033Z","2026-06-12T22:45:00.000Z","95.466117","","false","","El snapshot no contiene ID explícito ni ID auxiliar verificable para este lado"
"822726","2026-06-12","away","Bryce Miller","","","","","","Bryce Miller","","","","PREGAME_ID_MISSING","2026-06-12T21:09:32.033Z","2026-06-12T22:45:00.000Z","95.466117","","false","","El snapshot no contiene ID explícito ni ID auxiliar verificable para este lado"
"822772","2026-08-26","home","Spencer Miles","693686","PITCHERS_PITCHER_ID","HIGH","","","Spencer Miles","693686","FINAL_PITCHERS_ID","","FINAL_ID_MISSING","2026-08-26T23:06:14.612Z","2026-08-26T23:07:00.000Z","0.756467","","false","","No existe documento final válido para el game_id"
"822772","2026-08-26","away","Randy Dobnak","677976","PITCHERS_PITCHER_ID","HIGH","","","Randy Dobnak","677976","FINAL_PITCHERS_ID","","FINAL_ID_MISSING","2026-08-26T23:06:14.612Z","2026-08-26T23:07:00.000Z","0.756467","","false","","No existe documento final válido para el game_id"
"822773","2026-08-25","home","Max Scherzer","","","","","","Max Scherzer","453286","FINAL_BOXSCORE_PLAYER_ID","","PREGAME_ID_MISSING","2026-08-25T13:35:46.540Z","2026-08-25T23:07:00.000Z","571.224333","","false","","El snapshot no contiene ID explícito ni ID auxiliar verificable para este lado"
"822773","2026-08-25","away","Seth Lugo","","","","","","Seth Lugo","607625","FINAL_BOXSCORE_PLAYER_ID","","PREGAME_ID_MISSING","2026-08-25T13:35:46.540Z","2026-08-25T23:07:00.000Z","571.224333","","false","","El snapshot no contiene ID explícito ni ID auxiliar verificable para este lado"
"822776","2026-08-13","home","Max Scherzer","453286","LINESCORE_DEFENSE_PITCHER","HIGH","NOT_VERIFIABLE","true","Max Scherzer","453286","FINAL_BOXSCORE_PLAYER_ID","4","MATCHED","2026-08-13T18:42:05.020Z","2026-08-13T19:07:00.000Z","24.916333","","false","FINAL_BOXSCORE_STRIKEOUTS","game_id y pitcher_id coinciden; actual_k final válido"
"822776","2026-08-13","away","Payton Tolle","","","","","","Payton Tolle","801139","FINAL_BOXSCORE_PLAYER_ID","","PREGAME_ID_MISSING","2026-08-13T18:42:05.020Z","2026-08-13T19:07:00.000Z","24.916333","","false","","El snapshot no contiene ID explícito ni ID auxiliar verificable para este lado"
"822777","2026-08-14","home","Shane Bieber","","","","","","Shane Bieber","669456","FINAL_BOXSCORE_PLAYER_ID","","PREGAME_ID_MISSING","2026-08-14T13:34:46.639Z","2026-08-14T23:15:00.000Z","580.222683","","false","","El snapshot no contiene ID explícito ni ID auxiliar verificable para este lado"
"822777","2026-08-14","away","Gerrit Cole","","","","","","Gerrit Cole","543037","FINAL_BOXSCORE_PLAYER_ID","","PREGAME_ID_MISSING","2026-08-14T13:34:46.639Z","2026-08-14T23:15:00.000Z","580.222683","","false","","El snapshot no contiene ID explícito ni ID auxiliar verificable para este lado"
"822784","2026-07-22","home","Braydon Fisher","","","","","","Braydon Fisher","680755","FINAL_BOXSCORE_PLAYER_ID","","PREGAME_ID_MISSING","2026-07-22T19:27:45.452Z","2026-07-22T23:07:00.000Z","219.242467","","false","","El snapshot no contiene ID explícito ni ID auxiliar verificable para este lado"
"822784","2026-07-22","away","Griffin Jax","","","","","","Griffin Jax","643377","FINAL_BOXSCORE_PLAYER_ID","","PREGAME_ID_MISSING","2026-07-22T19:27:45.452Z","2026-07-22T23:07:00.000Z","219.242467","","false","","El snapshot no contiene ID explícito ni ID auxiliar verificable para este lado"
"822785","2026-07-23","home","Shane Bieber","669456","LINESCORE_DEFENSE_PITCHER","HIGH","NOT_VERIFIABLE","true","Shane Bieber","669456","FINAL_BOXSCORE_PLAYER_ID","3","MATCHED","2026-07-23T17:27:16.655Z","2026-07-23T19:07:00.000Z","99.722417","","false","FINAL_BOXSCORE_STRIKEOUTS","game_id y pitcher_id coinciden; actual_k final válido"
"822785","2026-07-23","away","Casey Legumina","","","","","","Casey Legumina","668984","FINAL_BOXSCORE_PLAYER_ID","","PREGAME_ID_MISSING","2026-07-23T17:27:16.655Z","2026-07-23T19:07:00.000Z","99.722417","","false","","El snapshot no contiene ID explícito ni ID auxiliar verificable para este lado"
"822787","2026-07-21","home","Kevin Gausman","592332","LINESCORE_DEFENSE_PITCHER","HIGH","NOT_VERIFIABLE","true","Kevin Gausman","592332","FINAL_BOXSCORE_PLAYER_ID","1","MATCHED","2026-07-21T22:26:27.685Z","2026-07-21T23:07:00.000Z","40.538583","","false","FINAL_BOXSCORE_STRIKEOUTS","game_id y pitcher_id coinciden; actual_k final válido"
"822787","2026-07-21","away","Drew Rasmussen","","","","","","Drew Rasmussen","656876","FINAL_BOXSCORE_PLAYER_ID","","PREGAME_ID_MISSING","2026-07-21T22:26:27.685Z","2026-07-21T23:07:00.000Z","40.538583","","false","","El snapshot no contiene ID explícito ni ID auxiliar verificable para este lado"
"822788","2026-07-20","home","Dylan Cease","","","","","","Dylan Cease","656302","FINAL_BOXSCORE_PLAYER_ID","","PREGAME_ID_MISSING","2026-07-20T16:37:39.764Z","2026-07-20T23:07:00.000Z","389.337267","","false","","El snapshot no contiene ID explícito ni ID auxiliar verificable para este lado"
"822788","2026-07-20","away","Nick Martinez","","","","","","Nick Martinez","607259","FINAL_BOXSCORE_PLAYER_ID","","PREGAME_ID_MISSING","2026-07-20T16:37:39.764Z","2026-07-20T23:07:00.000Z","389.337267","","false","","El snapshot no contiene ID explícito ni ID auxiliar verificable para este lado"
"822789","2026-07-17","home","Spencer Miles","693686","LINESCORE_DEFENSE_PITCHER","HIGH","NOT_VERIFIABLE","true","Spencer Miles","693686","FINAL_BOXSCORE_PLAYER_ID","4","MATCHED","2026-07-17T23:14:17.701Z","2026-07-17T23:15:00.000Z","0.704983","","false","FINAL_BOXSCORE_STRIKEOUTS","game_id y pitcher_id coinciden; actual_k final válido"
"822789","2026-07-17","away","Anthony Kay","","","","","","Anthony Kay","641743","FINAL_BOXSCORE_PLAYER_ID","","PREGAME_ID_MISSING","2026-07-17T23:14:17.701Z","2026-07-17T23:15:00.000Z","0.704983","","false","","El snapshot no contiene ID explícito ni ID auxiliar verificable para este lado"
"822790","2026-07-18","home","Shane Bieber","","","","","","Shane Bieber","669456","FINAL_BOXSCORE_PLAYER_ID","","PREGAME_ID_MISSING","2026-07-18T15:24:15.581Z","2026-07-18T19:07:00.000Z","222.740317","","false","","El snapshot no contiene ID explícito ni ID auxiliar verificable para este lado"
"822790","2026-07-18","away","Davis Martin","","","","","","Davis Martin","663436","FINAL_BOXSCORE_PLAYER_ID","","PREGAME_ID_MISSING","2026-07-18T15:24:15.581Z","2026-07-18T19:07:00.000Z","222.740317","","false","","El snapshot no contiene ID explícito ni ID auxiliar verificable para este lado"
"822792","2026-06-29","home","Trey Yesavage","702056","LINESCORE_DEFENSE_PITCHER","HIGH","NOT_VERIFIABLE","true","Trey Yesavage","702056","FINAL_BOXSCORE_PLAYER_ID","3","MATCHED","2026-06-29T22:55:06.600Z","2026-06-29T23:07:00.000Z","11.89","","false","FINAL_BOXSCORE_STRIKEOUTS","game_id y pitcher_id coinciden; actual_k final válido"
"822792","2026-06-29","away","Sean Manaea","","","","","","Sean Manaea","640455","FINAL_BOXSCORE_PLAYER_ID","","PREGAME_ID_MISSING","2026-06-29T22:55:06.600Z","2026-06-29T23:07:00.000Z","11.89","","false","","El snapshot no contiene ID explícito ni ID auxiliar verificable para este lado"
"822793","2026-06-30","home","Kevin Gausman","592332","LINESCORE_DEFENSE_PITCHER","HIGH","NOT_VERIFIABLE","true","Kevin Gausman","","","","FINAL_ID_MISSING","2026-06-30T23:05:32.702Z","2026-06-30T23:07:00.000Z","1.454967","","false","","El documento final no contiene un ID seguro para este lado"
"822793","2026-06-30","away","Nolan McLean","","","","","","Nolan McLean","","","","PREGAME_ID_MISSING","2026-06-30T23:05:32.702Z","2026-06-30T23:07:00.000Z","1.454967","","false","","El snapshot no contiene ID explícito ni ID auxiliar verificable para este lado"
"822794","2026-06-27","home","Dylan Cease","","","","","","Dylan Cease","656302","FINAL_BOXSCORE_PLAYER_ID","","PREGAME_ID_MISSING","2026-06-27T16:53:45.576Z","2026-06-27T19:07:00.000Z","133.2404","","false","","El snapshot no contiene ID explícito ni ID auxiliar verificable para este lado"
"822794","2026-06-27","away","Cal Quantrill","","","","","","Cal Quantrill","615698","FINAL_BOXSCORE_PLAYER_ID","","PREGAME_ID_MISSING","2026-06-27T16:53:45.576Z","2026-06-27T19:07:00.000Z","133.2404","","false","","El snapshot no contiene ID explícito ni ID auxiliar verificable para este lado"
"822795","2026-06-28","home","Shane Bieber","669456","LINESCORE_DEFENSE_PITCHER","HIGH","NOT_VERIFIABLE","true","Shane Bieber","669456","FINAL_BOXSCORE_PLAYER_ID","4","MATCHED","2026-06-28T17:24:58.386Z","2026-06-28T17:37:00.000Z","12.0269","","false","FINAL_BOXSCORE_STRIKEOUTS","game_id y pitcher_id coinciden; actual_k final válido"
"822795","2026-06-28","away","Kumar Rocker","","","","","","Kumar Rocker","677958","FINAL_BOXSCORE_PLAYER_ID","","PREGAME_ID_MISSING","2026-06-28T17:24:58.386Z","2026-06-28T17:37:00.000Z","12.0269","","false","","El snapshot no contiene ID explícito ni ID auxiliar verificable para este lado"
"822796","2026-06-26","home","Patrick Corbin","571578","LINESCORE_DEFENSE_PITCHER","HIGH","NOT_VERIFIABLE","true","Patrick Corbin","571578","FINAL_BOXSCORE_PLAYER_ID","5","MATCHED","2026-06-26T23:01:17.077Z","2026-06-26T23:07:00.000Z","5.715383","","false","FINAL_BOXSCORE_STRIKEOUTS","game_id y pitcher_id coinciden; actual_k final válido"
"822796","2026-06-26","away","Nathan Eovaldi","","","","","","Nathan Eovaldi","543135","FINAL_BOXSCORE_PLAYER_ID","","PREGAME_ID_MISSING","2026-06-26T23:01:17.077Z","2026-06-26T23:07:00.000Z","5.715383","","false","","El snapshot no contiene ID explícito ni ID auxiliar verificable para este lado"
"822797","2026-06-25","home","Kevin Gausman","592332","LINESCORE_DEFENSE_PITCHER","HIGH","NOT_VERIFIABLE","true","Kevin Gausman","592332","FINAL_BOXSCORE_PLAYER_ID","4","MATCHED","2026-06-25T20:14:34.527Z","2026-06-25T23:07:00.000Z","172.42455","","false","FINAL_BOXSCORE_STRIKEOUTS","game_id y pitcher_id coinciden; actual_k final válido"
"822797","2026-06-25","away","MacKenzie Gore","","","","","","MacKenzie Gore","669022","FINAL_BOXSCORE_PLAYER_ID","","PREGAME_ID_MISSING","2026-06-25T20:14:34.527Z","2026-06-25T23:07:00.000Z","172.42455","","false","","El snapshot no contiene ID explícito ni ID auxiliar verificable para este lado"
"822798","2026-06-24","home","Trey Yesavage","702056","LINESCORE_DEFENSE_PITCHER","HIGH","NOT_VERIFIABLE","true","Trey Yesavage","702056","FINAL_BOXSCORE_PLAYER_ID","5","MATCHED","2026-06-24T21:17:14.600Z","2026-06-24T23:07:00.000Z","109.756667","","false","FINAL_BOXSCORE_STRIKEOUTS","game_id y pitcher_id coinciden; actual_k final válido"
"822798","2026-06-24","away","Mike Burrows","","","","","","Mike Burrows","681347","FINAL_BOXSCORE_PLAYER_ID","","PREGAME_ID_MISSING","2026-06-24T21:17:14.600Z","2026-06-24T23:07:00.000Z","109.756667","","false","","El snapshot no contiene ID explícito ni ID auxiliar verificable para este lado"
"822799","2026-06-23","home","Shane Bieber","","","","","","Shane Bieber","669456","FINAL_BOXSCORE_PLAYER_ID","","PREGAME_ID_MISSING","2026-06-23T20:03:09.886Z","2026-06-23T20:07:00.000Z","3.835233","","false","","El snapshot no contiene ID explícito ni ID auxiliar verificable para este lado"
"822799","2026-06-23","away","Peter Lambert","","","","","","Peter Lambert","663567","FINAL_BOXSCORE_PLAYER_ID","","PREGAME_ID_MISSING","2026-06-23T20:03:09.886Z","2026-06-23T20:07:00.000Z","3.835233","","false","","El snapshot no contiene ID explícito ni ID auxiliar verificable para este lado"
"822800","2026-06-22","home","Dylan Cease","","","","","","Dylan Cease","656302","FINAL_BOXSCORE_PLAYER_ID","","PREGAME_ID_MISSING","2026-06-22T22:25:29.463Z","2026-06-22T23:07:00.000Z","41.50895","","false","","El snapshot no contiene ID explícito ni ID auxiliar verificable para este lado"
"822800","2026-06-22","away","Hunter Brown","","","","","","Hunter Brown","686613","FINAL_BOXSCORE_PLAYER_ID","","PREGAME_ID_MISSING","2026-06-22T22:25:29.463Z","2026-06-22T23:07:00.000Z","41.50895","","false","","El snapshot no contiene ID explícito ni ID auxiliar verificable para este lado"
"822801","2026-06-14","home","Patrick Corbin","","","","","","Patrick Corbin","","","","PREGAME_ID_MISSING","2026-06-14T17:29:11.819Z","2026-06-14T17:37:00.000Z","7.803017","","false","","El snapshot no contiene ID explícito ni ID auxiliar verificable para este lado"
"822801","2026-06-14","away","Will Warren","","","","","","Will Warren","","","","PREGAME_ID_MISSING","2026-06-14T17:29:11.819Z","2026-06-14T17:37:00.000Z","7.803017","","false","","El snapshot no contiene ID explícito ni ID auxiliar verificable para este lado"
"822802","2026-06-13","home","Kevin Gausman","","","","","","Kevin Gausman","","","","PREGAME_ID_MISSING","2026-06-13T13:14:40.688Z","2026-06-13T19:07:00.000Z","352.321867","","false","","El snapshot no contiene ID explícito ni ID auxiliar verificable para este lado"
"822802","2026-06-13","away","Cam Schlittler","","","","","","Cam Schlittler","","","","PREGAME_ID_MISSING","2026-06-13T13:14:40.688Z","2026-06-13T19:07:00.000Z","352.321867","","false","","El snapshot no contiene ID explícito ni ID auxiliar verificable para este lado"
"822803","2026-06-12","home","Trey Yesavage","","","","","","Trey Yesavage","","","","PREGAME_ID_MISSING","2026-06-12T21:09:48.348Z","2026-06-12T23:37:00.000Z","147.1942","","false","","El snapshot no contiene ID explícito ni ID auxiliar verificable para este lado"
"822803","2026-06-12","away","Ryan Weathers","","","","","","Ryan Weathers","","","","PREGAME_ID_MISSING","2026-06-12T21:09:48.348Z","2026-06-12T23:37:00.000Z","147.1942","","false","","El snapshot no contiene ID explícito ni ID auxiliar verificable para este lado"
"822868","2026-07-27","home","Kumar Rocker","","","","","","Kumar Rocker","677958","FINAL_BOXSCORE_PLAYER_ID","","PREGAME_ID_MISSING","2026-07-27T13:36:54.626Z","2026-07-27T18:35:00.000Z","298.089567","","false","","El snapshot no contiene ID explícito ni ID auxiliar verificable para este lado"
"822868","2026-07-27","away","George Kirby","","","","","","George Kirby","669923","FINAL_BOXSCORE_PLAYER_ID","","PREGAME_ID_MISSING","2026-07-27T13:36:54.626Z","2026-07-27T18:35:00.000Z","298.089567","","false","","El snapshot no contiene ID explícito ni ID auxiliar verificable para este lado"
"822869","2026-07-25","home","Nathan Eovaldi","","","","","","Nathan Eovaldi","543135","FINAL_BOXSCORE_PLAYER_ID","","PREGAME_ID_MISSING","2026-07-25T13:36:46.814Z","2026-07-25T23:15:00.000Z","578.219767","","false","","El snapshot no contiene ID explícito ni ID auxiliar verificable para este lado"
"822869","2026-07-25","away","Bryan Woo","","","","","","Bryan Woo","693433","FINAL_BOXSCORE_PLAYER_ID","","PREGAME_ID_MISSING","2026-07-25T13:36:46.814Z","2026-07-25T23:15:00.000Z","578.219767","","false","","El snapshot no contiene ID explícito ni ID auxiliar verificable para este lado"
"822871","2026-07-21","home","Kumar Rocker","677958","LINESCORE_DEFENSE_PITCHER","HIGH","NOT_VERIFIABLE","true","Kumar Rocker","677958","FINAL_BOXSCORE_PLAYER_ID","6","MATCHED","2026-07-21T22:26:32.606Z","2026-07-22T00:05:00.000Z","98.456567","","false","FINAL_BOXSCORE_STRIKEOUTS","game_id y pitcher_id coinciden; actual_k final válido"
"822871","2026-07-21","away","Noah Schultz","","","","","","Noah Schultz","702273","FINAL_BOXSCORE_PLAYER_ID","","PREGAME_ID_MISSING","2026-07-21T22:26:32.606Z","2026-07-22T00:05:00.000Z","98.456567","","false","","El snapshot no contiene ID explícito ni ID auxiliar verificable para este lado"
"822872","2026-07-24","home","MacKenzie Gore","","","","","","MacKenzie Gore","669022","FINAL_BOXSCORE_PLAYER_ID","","PREGAME_ID_MISSING","2026-07-24T19:49:04.377Z","2026-07-25T00:05:00.000Z","255.92705","","false","","El snapshot no contiene ID explícito ni ID auxiliar verificable para este lado"
"822872","2026-07-24","away","Bryce Miller","","","","","","Bryce Miller","682243","FINAL_BOXSCORE_PLAYER_ID","","PREGAME_ID_MISSING","2026-07-24T19:49:04.377Z","2026-07-25T00:05:00.000Z","255.92705","","false","","El snapshot no contiene ID explícito ni ID auxiliar verificable para este lado"
"822873","2026-07-22","home","Tyler Alexander","","","","","","Tyler Alexander","641302","FINAL_BOXSCORE_PLAYER_ID","","PREGAME_ID_MISSING","2026-07-22T19:27:50.671Z","2026-07-23T00:05:00.000Z","277.155483","","false","","El snapshot no contiene ID explícito ni ID auxiliar verificable para este lado"
"822873","2026-07-22","away","Anthony Kay","","","","","","Anthony Kay","641743","FINAL_BOXSCORE_PLAYER_ID","","PREGAME_ID_MISSING","2026-07-22T19:27:50.671Z","2026-07-23T00:05:00.000Z","277.155483","","false","","El snapshot no contiene ID explícito ni ID auxiliar verificable para este lado"
"822874","2026-07-20","home","Jacob deGrom","","","","","","Jacob deGrom","594798","FINAL_BOXSCORE_PLAYER_ID","","PREGAME_ID_MISSING","2026-07-20T16:37:43.760Z","2026-07-21T00:05:00.000Z","447.270667","","false","","El snapshot no contiene ID explícito ni ID auxiliar verificable para este lado"
"822874","2026-07-20","away","Erick Fedde","","","","","","Erick Fedde","607200","FINAL_BOXSCORE_PLAYER_ID","","PREGAME_ID_MISSING","2026-07-20T16:37:43.760Z","2026-07-21T00:05:00.000Z","447.270667","","false","","El snapshot no contiene ID explícito ni ID auxiliar verificable para este lado"
"822875","2026-07-11","home","Kumar Rocker","677958","LINESCORE_DEFENSE_PITCHER","HIGH","NOT_VERIFIABLE","true","Kumar Rocker","677958","FINAL_BOXSCORE_PLAYER_ID","6","MATCHED","2026-07-11T21:45:38.221Z","2026-07-11T23:05:00.000Z","79.362983","","false","FINAL_BOXSCORE_STRIKEOUTS","game_id y pitcher_id coinciden; actual_k final válido"
"822875","2026-07-11","away","Peter Lambert","","","","","","Peter Lambert","663567","FINAL_BOXSCORE_PLAYER_ID","","PREGAME_ID_MISSING","2026-07-11T21:45:38.221Z","2026-07-11T23:05:00.000Z","79.362983","","false","","El snapshot no contiene ID explícito ni ID auxiliar verificable para este lado"
"822876","2026-07-12","home","MacKenzie Gore","669022","LINESCORE_DEFENSE_PITCHER","HIGH","NOT_VERIFIABLE","true","MacKenzie Gore","669022","FINAL_BOXSCORE_PLAYER_ID","4","MATCHED","2026-07-12T16:55:52.712Z","2026-07-12T18:35:00.000Z","99.121467","","false","FINAL_BOXSCORE_STRIKEOUTS","game_id y pitcher_id coinciden; actual_k final válido"
"822876","2026-07-12","away","Cristian Javier","","","","","","Cristian Javier","664299","FINAL_BOXSCORE_PLAYER_ID","","PREGAME_ID_MISSING","2026-07-12T16:55:52.712Z","2026-07-12T18:35:00.000Z","99.121467","","false","","El snapshot no contiene ID explícito ni ID auxiliar verificable para este lado"
"822877","2026-07-09","home","Nathan Eovaldi","","","","","","Nathan Eovaldi","543135","FINAL_BOXSCORE_PLAYER_ID","","PREGAME_ID_MISSING","2026-07-09T21:00:57.612Z","2026-07-10T00:05:00.000Z","184.0398","","false","","El snapshot no contiene ID explícito ni ID auxiliar verificable para este lado"
"822877","2026-07-09","away","Reid Detmers","","","","","","Reid Detmers","672282","FINAL_BOXSCORE_PLAYER_ID","","PREGAME_ID_MISSING","2026-07-09T21:00:57.612Z","2026-07-10T00:05:00.000Z","184.0398","","false","","El snapshot no contiene ID explícito ni ID auxiliar verificable para este lado"
"822878","2026-07-10","home","Cal Quantrill","","","","","","Cal Quantrill","615698","FINAL_BOXSCORE_PLAYER_ID","","PREGAME_ID_MISSING","2026-07-10T20:34:20.442Z","2026-07-11T00:05:00.000Z","210.6593","","false","","El snapshot no contiene ID explícito ni ID auxiliar verificable para este lado"
"822878","2026-07-10","away","Hunter Brown","","","","","","Hunter Brown","686613","FINAL_BOXSCORE_PLAYER_ID","","PREGAME_ID_MISSING","2026-07-10T20:34:20.442Z","2026-07-11T00:05:00.000Z","210.6593","","false","","El snapshot no contiene ID explícito ni ID auxiliar verificable para este lado"
"822879","2026-07-05","home","Kumar Rocker","677958","LINESCORE_DEFENSE_PITCHER","HIGH","NOT_VERIFIABLE","true","Kumar Rocker","677958","FINAL_BOXSCORE_PLAYER_ID","4","MATCHED","2026-07-05T19:21:53.972Z","2026-07-05T19:30:00.000Z","8.100467","","false","FINAL_BOXSCORE_STRIKEOUTS","game_id y pitcher_id coinciden; actual_k final válido"
"822879","2026-07-05","away","Casey Mize","","","","","","Casey Mize","663554","FINAL_BOXSCORE_PLAYER_ID","","PREGAME_ID_MISSING","2026-07-05T19:21:53.972Z","2026-07-05T19:30:00.000Z","8.100467","","false","","El snapshot no contiene ID explícito ni ID auxiliar verificable para este lado"
"822880","2026-07-08","home","MacKenzie Gore","","","","","","MacKenzie Gore","669022","FINAL_BOXSCORE_PLAYER_ID","","PREGAME_ID_MISSING","2026-07-08T20:22:06.355Z","2026-07-09T00:05:00.000Z","222.894083","","false","","El snapshot no contiene ID explícito ni ID auxiliar verificable para este lado"
"822880","2026-07-08","away","Walbert Ureña","","","","","","Walbert Ureña","700712","FINAL_BOXSCORE_PLAYER_ID","","PREGAME_ID_MISSING","2026-07-08T20:22:06.355Z","2026-07-09T00:05:00.000Z","222.894083","","false","","El snapshot no contiene ID explícito ni ID auxiliar verificable para este lado"
"822881","2026-07-07","home","Jacob deGrom","594798","LINESCORE_DEFENSE_PITCHER","HIGH","NOT_VERIFIABLE","true","Jacob deGrom","594798","FINAL_BOXSCORE_PLAYER_ID","7","MATCHED","2026-07-07T23:57:31.981Z","2026-07-08T00:05:00.000Z","7.466983","","false","FINAL_BOXSCORE_STRIKEOUTS","game_id y pitcher_id coinciden; actual_k final válido"
"822881","2026-07-07","away","José Soriano","","","","","","José Soriano","667755","FINAL_BOXSCORE_PLAYER_ID","","PREGAME_ID_MISSING","2026-07-07T23:57:31.981Z","2026-07-08T00:05:00.000Z","7.466983","","false","","El snapshot no contiene ID explícito ni ID auxiliar verificable para este lado"
"822882","2026-07-04","home","Cal Quantrill","615698","LINESCORE_DEFENSE_PITCHER","HIGH","NOT_VERIFIABLE","true","Cal Quantrill","615698","FINAL_BOXSCORE_PLAYER_ID","2","MATCHED","2026-07-04T19:13:50.245Z","2026-07-04T20:05:00.000Z","51.162583","","false","FINAL_BOXSCORE_STRIKEOUTS","game_id y pitcher_id coinciden; actual_k final válido"
"822882","2026-07-04","away","Jack Flaherty","","","","","","Jack Flaherty","656427","FINAL_BOXSCORE_PLAYER_ID","","PREGAME_ID_MISSING","2026-07-04T19:13:50.245Z","2026-07-04T20:05:00.000Z","51.162583","","false","","El snapshot no contiene ID explícito ni ID auxiliar verificable para este lado"
"822883","2026-06-21","home","Nathan Eovaldi","","","","","","Nathan Eovaldi","543135","FINAL_BOXSCORE_PLAYER_ID","","PREGAME_ID_MISSING","2026-06-21T18:16:09.592Z","2026-06-21T18:35:00.000Z","18.840133","","false","","El snapshot no contiene ID explícito ni ID auxiliar verificable para este lado"
"822883","2026-06-21","away","Wandy Peralta","","","","","","Wandy Peralta","593974","FINAL_BOXSCORE_PLAYER_ID","","PREGAME_ID_MISSING","2026-06-21T18:16:09.592Z","2026-06-21T18:35:00.000Z","18.840133","","false","","El snapshot no contiene ID explícito ni ID auxiliar verificable para este lado"
"822884","2026-07-02","home","Nathan Eovaldi","543135","LINESCORE_DEFENSE_PITCHER","HIGH","NOT_VERIFIABLE","true","Nathan Eovaldi","543135","FINAL_BOXSCORE_PLAYER_ID","9","MATCHED","2026-07-02T21:55:01.566Z","2026-07-03T00:05:00.000Z","129.9739","","false","FINAL_BOXSCORE_STRIKEOUTS","game_id y pitcher_id coinciden; actual_k final válido"
"822884","2026-07-02","away","Framber Valdez","","","","","","Framber Valdez","664285","FINAL_BOXSCORE_PLAYER_ID","","PREGAME_ID_MISSING","2026-07-02T21:55:01.566Z","2026-07-03T00:05:00.000Z","129.9739","","false","","El snapshot no contiene ID explícito ni ID auxiliar verificable para este lado"
"822885","2026-06-20","home","MacKenzie Gore","","","","","","MacKenzie Gore","669022","FINAL_BOXSCORE_PLAYER_ID","","PREGAME_ID_MISSING","2026-06-20T17:15:36.922Z","2026-06-20T20:05:00.000Z","169.384633","","false","","El snapshot no contiene ID explícito ni ID auxiliar verificable para este lado"
"822885","2026-06-20","away","Walker Buehler","","","","","","Walker Buehler","621111","FINAL_BOXSCORE_PLAYER_ID","","PREGAME_ID_MISSING","2026-06-20T17:15:36.922Z","2026-06-20T20:05:00.000Z","169.384633","","false","","El snapshot no contiene ID explícito ni ID auxiliar verificable para este lado"
"822886","2026-06-19","home","Jacob deGrom","","","","","","Jacob deGrom","594798","FINAL_BOXSCORE_PLAYER_ID","","PREGAME_ID_MISSING","2026-06-20T00:00:48.870Z","2026-06-20T00:05:00.000Z","4.1855","","false","","El snapshot no contiene ID explícito ni ID auxiliar verificable para este lado"
"822886","2026-06-19","away","Randy Vásquez","","","","","","Randy Vásquez","681190","FINAL_BOXSCORE_PLAYER_ID","","PREGAME_ID_MISSING","2026-06-20T00:00:48.870Z","2026-06-20T00:05:00.000Z","4.1855","","false","","El snapshot no contiene ID explícito ni ID auxiliar verificable para este lado"
"822887","2026-06-15","home","MacKenzie Gore","","","","","","MacKenzie Gore","669022","FINAL_BOXSCORE_PLAYER_ID","","PREGAME_ID_MISSING","2026-06-16T00:01:18.037Z","2026-06-16T00:05:00.000Z","3.699383","","false","","El snapshot no contiene ID explícito ni ID auxiliar verificable para este lado"
"822887","2026-06-15","away","Mike Paredes","","","","","","Mike Paredes","702474","FINAL_BOXSCORE_PLAYER_ID","","PREGAME_ID_MISSING","2026-06-16T00:01:18.037Z","2026-06-16T00:05:00.000Z","3.699383","","false","","El snapshot no contiene ID explícito ni ID auxiliar verificable para este lado"
"822888","2026-06-16","home","Kumar Rocker","","","","","","Kumar Rocker","677958","FINAL_BOXSCORE_PLAYER_ID","","PREGAME_ID_MISSING","2026-06-16T23:23:52.660Z","2026-06-17T00:05:00.000Z","41.122333","","false","","El snapshot no contiene ID explícito ni ID auxiliar verificable para este lado"
"822888","2026-06-16","away","Zebby Matthews","","","","","","Zebby Matthews","805673","FINAL_BOXSCORE_PLAYER_ID","","PREGAME_ID_MISSING","2026-06-16T23:23:52.660Z","2026-06-17T00:05:00.000Z","41.122333","","false","","El snapshot no contiene ID explícito ni ID auxiliar verificable para este lado"
"822889","2026-06-18","home","Jack Leiter","","","","","","Jack Leiter","683004","FINAL_PITCHERS_ID","","FINAL_ID_MISSING","2026-06-18T18:05:37.536Z","2026-06-18T18:35:00.000Z","29.3744","","false","","No existe documento final válido para el game_id"
"822889","2026-06-18","away","Joe Ryan","","","","","","Joe Ryan","657746","FINAL_PITCHERS_ID","","FINAL_ID_MISSING","2026-06-18T18:05:37.536Z","2026-06-18T18:35:00.000Z","29.3744","","false","","No existe documento final válido para el game_id"
"822942","2026-08-14","home","Steven Matz","","","","","","Steven Matz","571927","FINAL_PITCHERS_ID","","FINAL_ID_MISSING","2026-08-14T13:34:40.840Z","2026-08-14T23:10:00.000Z","575.319333","","false","","No existe documento final válido para el game_id"
"822942","2026-08-14","away","Por definir","","","","","","Chris Bassitt","605135","FINAL_PITCHERS_ID","","FINAL_ID_MISSING","2026-08-14T13:34:40.840Z","2026-08-14T23:10:00.000Z","575.319333","","false","","No existe documento final válido para el game_id"
"822947","2026-07-29","home","Casey Legumina","","","","","","Casey Legumina","668984","FINAL_BOXSCORE_PLAYER_ID","","PREGAME_ID_MISSING","2026-07-29T18:55:44.077Z","2026-07-29T22:40:00.000Z","224.265383","","false","","El snapshot no contiene ID explícito ni ID auxiliar verificable para este lado"
"822947","2026-07-29","away","MacKenzie Gore","","","","","","MacKenzie Gore","669022","FINAL_BOXSCORE_PLAYER_ID","","PREGAME_ID_MISSING","2026-07-29T18:55:44.077Z","2026-07-29T22:40:00.000Z","224.265383","","false","","El snapshot no contiene ID explícito ni ID auxiliar verificable para este lado"
"822948","2026-07-25","home","Nick Martinez","","","","","","Nick Martinez","607259","FINAL_BOXSCORE_PLAYER_ID","","PREGAME_ID_MISSING","2026-07-25T13:36:18.620Z","2026-07-25T22:10:00.000Z","513.689667","","false","","El snapshot no contiene ID explícito ni ID auxiliar verificable para este lado"
"822948","2026-07-25","away","Tanner Bibee","","","","","","Tanner Bibee","676440","FINAL_BOXSCORE_PLAYER_ID","","PREGAME_ID_MISSING","2026-07-25T13:36:18.620Z","2026-07-25T22:10:00.000Z","513.689667","","false","","El snapshot no contiene ID explícito ni ID auxiliar verificable para este lado"
"822951","2026-07-12","home","Ian Seymour","693855","LINESCORE_DEFENSE_PITCHER","HIGH","NOT_VERIFIABLE","true","Ian Seymour","693855","FINAL_BOXSCORE_PLAYER_ID","3","MATCHED","2026-07-12T16:55:56.862Z","2026-07-12T17:40:00.000Z","44.0523","","false","FINAL_BOXSCORE_STRIKEOUTS","game_id y pitcher_id coinciden; actual_k final válido"
"822951","2026-07-12","away","Emerson Hancock","","","","","","Emerson Hancock","676106","FINAL_BOXSCORE_PLAYER_ID","","PREGAME_ID_MISSING","2026-07-12T16:55:56.862Z","2026-07-12T17:40:00.000Z","44.0523","","false","","El snapshot no contiene ID explícito ni ID auxiliar verificable para este lado"
"822952","2026-07-24","home","Shane McClanahan","663556","LINESCORE_DEFENSE_PITCHER","HIGH","NOT_VERIFIABLE","true","Shane McClanahan","663556","FINAL_BOXSCORE_PLAYER_ID","3","MATCHED","2026-07-24T19:49:08.384Z","2026-07-24T23:10:00.000Z","200.860267","","false","FINAL_BOXSCORE_STRIKEOUTS","game_id y pitcher_id coinciden; actual_k final válido"
"822952","2026-07-24","away","Joey Cantillo","","","","","","Joey Cantillo","676282","FINAL_BOXSCORE_PLAYER_ID","","PREGAME_ID_MISSING","2026-07-24T19:49:08.384Z","2026-07-24T23:10:00.000Z","200.860267","","false","","El snapshot no contiene ID explícito ni ID auxiliar verificable para este lado"
"822953","2026-07-11","home","Griffin Jax","","","","","","Griffin Jax","643377","FINAL_BOXSCORE_PLAYER_ID","","PREGAME_ID_MISSING","2026-07-11T15:45:06.283Z","2026-07-11T20:10:00.000Z","264.895283","","false","","El snapshot no contiene ID explícito ni ID auxiliar verificable para este lado"
"822953","2026-07-11","away","Logan Gilbert","","","","","","Logan Gilbert","669302","FINAL_BOXSCORE_PLAYER_ID","","PREGAME_ID_MISSING","2026-07-11T15:45:06.283Z","2026-07-11T20:10:00.000Z","264.895283","","false","","El snapshot no contiene ID explícito ni ID auxiliar verificable para este lado"
"822954","2026-07-09","home","Drew Rasmussen","656876","LINESCORE_DEFENSE_PITCHER","HIGH","NOT_VERIFIABLE","true","Drew Rasmussen","656876","FINAL_BOXSCORE_PLAYER_ID","2","MATCHED","2026-07-09T17:04:56.969Z","2026-07-09T17:10:00.000Z","5.050517","","false","FINAL_BOXSCORE_STRIKEOUTS","game_id y pitcher_id coinciden; actual_k final válido"
"822954","2026-07-09","away","Paul Blackburn","","","","","","Paul Blackburn","621112","FINAL_BOXSCORE_PLAYER_ID","","PREGAME_ID_MISSING","2026-07-09T17:04:56.969Z","2026-07-09T17:10:00.000Z","5.050517","","false","","El snapshot no contiene ID explícito ni ID auxiliar verificable para este lado"
"822955","2026-07-10","home","Nick Martinez","607259","LINESCORE_DEFENSE_PITCHER","HIGH","NOT_VERIFIABLE","true","Nick Martinez","607259","FINAL_BOXSCORE_PLAYER_ID","1","MATCHED","2026-07-10T20:34:24.297Z","2026-07-10T23:10:00.000Z","155.59505","","false","FINAL_BOXSCORE_STRIKEOUTS","game_id y pitcher_id coinciden; actual_k final válido"
"822955","2026-07-10","away","Luis Castillo","","","","","","Luis Castillo","622491","FINAL_BOXSCORE_PLAYER_ID","","PREGAME_ID_MISSING","2026-07-10T20:34:24.297Z","2026-07-10T23:10:00.000Z","155.59505","","false","","El snapshot no contiene ID explícito ni ID auxiliar verificable para este lado"
"822956","2026-07-07","home","Ian Seymour","693855","LINESCORE_DEFENSE_PITCHER","HIGH","NOT_VERIFIABLE","true","Ian Seymour","693855","FINAL_BOXSCORE_PLAYER_ID","12","MATCHED","2026-07-07T21:55:13.893Z","2026-07-07T22:40:00.000Z","44.76845","","false","FINAL_BOXSCORE_STRIKEOUTS","game_id y pitcher_id coinciden; actual_k final válido"
"822956","2026-07-07","away","Will Warren","","","","","","Will Warren","701542","FINAL_BOXSCORE_PLAYER_ID","","PREGAME_ID_MISSING","2026-07-07T21:55:13.893Z","2026-07-07T22:40:00.000Z","44.76845","","false","","El snapshot no contiene ID explícito ni ID auxiliar verificable para este lado"
"822957","2026-07-08","home","Shane McClanahan","663556","LINESCORE_DEFENSE_PITCHER","HIGH","NOT_VERIFIABLE","true","Shane McClanahan","663556","FINAL_BOXSCORE_PLAYER_ID","5","MATCHED","2026-07-08T20:22:10.363Z","2026-07-08T22:40:00.000Z","137.827283","","false","FINAL_BOXSCORE_STRIKEOUTS","game_id y pitcher_id coinciden; actual_k final válido"
"822957","2026-07-08","away","Gerrit Cole","","","","","","Gerrit Cole","543037","FINAL_BOXSCORE_PLAYER_ID","","PREGAME_ID_MISSING","2026-07-08T20:22:10.363Z","2026-07-08T22:40:00.000Z","137.827283","","false","","El snapshot no contiene ID explícito ni ID auxiliar verificable para este lado"
"822958","2026-07-06","home","Griffin Jax","643377","LINESCORE_DEFENSE_PITCHER","HIGH","NOT_VERIFIABLE","true","Griffin Jax","643377","FINAL_BOXSCORE_PLAYER_ID","10","MATCHED","2026-07-06T22:27:34.399Z","2026-07-06T22:40:00.000Z","12.426683","","false","FINAL_BOXSCORE_STRIKEOUTS","game_id y pitcher_id coinciden; actual_k final válido"
"822958","2026-07-06","away","Cam Schlittler","","","","","","Cam Schlittler","693645","FINAL_BOXSCORE_PLAYER_ID","","PREGAME_ID_MISSING","2026-07-06T22:27:34.399Z","2026-07-06T22:40:00.000Z","12.426683","","false","","El snapshot no contiene ID explícito ni ID auxiliar verificable para este lado"
"822959","2026-06-28","home","Drew Rasmussen","656876","LINESCORE_DEFENSE_PITCHER","HIGH","NOT_VERIFIABLE","true","Drew Rasmussen","656876","FINAL_BOXSCORE_PLAYER_ID","5","MATCHED","2026-06-28T17:25:02.982Z","2026-06-28T17:40:00.000Z","14.9503","","false","FINAL_BOXSCORE_STRIKEOUTS","game_id y pitcher_id coinciden; actual_k final válido"
"822959","2026-06-28","away","Merrill Kelly","","","","","","Merrill Kelly","518876","FINAL_BOXSCORE_PLAYER_ID","","PREGAME_ID_MISSING","2026-06-28T17:25:02.982Z","2026-06-28T17:40:00.000Z","14.9503","","false","","El snapshot no contiene ID explícito ni ID auxiliar verificable para este lado"
"822960","2026-06-27","home","Cole Sulser","642121","LINESCORE_DEFENSE_PITCHER","HIGH","NOT_VERIFIABLE","true","Cole Sulser","642121","FINAL_PITCHERS_ID","","FINAL_ID_MISSING","2026-06-27T22:09:00.156Z","2026-06-27T22:10:00.000Z","0.9974","","false","","No existe documento final válido para el game_id"
"822960","2026-06-27","away","Jose Cabrera","","","","","","Jose Cabrera","703615","FINAL_PITCHERS_ID","","FINAL_ID_MISSING","2026-06-27T22:09:00.156Z","2026-06-27T22:10:00.000Z","0.9974","","false","","No existe documento final válido para el game_id"
"822961","2026-06-25","home","Casey Legumina","668984","LINESCORE_DEFENSE_PITCHER","HIGH","NOT_VERIFIABLE","true","Casey Legumina","668984","FINAL_BOXSCORE_PLAYER_ID","0","MATCHED","2026-06-25T16:04:39.366Z","2026-06-25T16:10:00.000Z","5.3439","","false","FINAL_BOXSCORE_STRIKEOUTS","game_id y pitcher_id coinciden; actual_k final válido"
"822961","2026-06-25","away","Seth Lugo","","","","","","Seth Lugo","607625","FINAL_BOXSCORE_PLAYER_ID","","PREGAME_ID_MISSING","2026-06-25T16:04:39.366Z","2026-06-25T16:10:00.000Z","5.3439","","false","","El snapshot no contiene ID explícito ni ID auxiliar verificable para este lado"
"822962","2026-06-26","home","Nick Martinez","607259","LINESCORE_DEFENSE_PITCHER","HIGH","NOT_VERIFIABLE","true","Nick Martinez","607259","FINAL_BOXSCORE_PLAYER_ID","3","MATCHED","2026-06-26T23:01:40.287Z","2026-06-26T23:10:00.000Z","8.32855","","false","FINAL_BOXSCORE_STRIKEOUTS","game_id y pitcher_id coinciden; actual_k final válido"
"822962","2026-06-26","away","Zac Gallen","","","","","","Zac Gallen","668678","FINAL_BOXSCORE_PLAYER_ID","","PREGAME_ID_MISSING","2026-06-26T23:01:40.287Z","2026-06-26T23:10:00.000Z","8.32855","","false","","El snapshot no contiene ID explícito ni ID auxiliar verificable para este lado"
"822963","2026-06-23","home","Shane McClanahan","663556","LINESCORE_DEFENSE_PITCHER","HIGH","NOT_VERIFIABLE","true","Shane McClanahan","663556","FINAL_BOXSCORE_PLAYER_ID","4","MATCHED","2026-06-23T21:42:00.959Z","2026-06-23T22:40:00.000Z","57.984017","","false","FINAL_BOXSCORE_STRIKEOUTS","game_id y pitcher_id coinciden; actual_k final válido"
"822963","2026-06-23","away","Luinder Avila","","","","","","Luinder Avila","679883","FINAL_BOXSCORE_PLAYER_ID","","PREGAME_ID_MISSING","2026-06-23T21:42:00.959Z","2026-06-23T22:40:00.000Z","57.984017","","false","","El snapshot no contiene ID explícito ni ID auxiliar verificable para este lado"
"822964","2026-06-22","home","Drew Rasmussen","","","","","","Drew Rasmussen","656876","FINAL_BOXSCORE_PLAYER_ID","","PREGAME_ID_MISSING","2026-06-22T22:25:33.352Z","2026-06-22T22:40:00.000Z","14.444133","","false","","El snapshot no contiene ID explícito ni ID auxiliar verificable para este lado"
"822964","2026-06-22","away","Michael Wacha","","","","","","Michael Wacha","608379","FINAL_BOXSCORE_PLAYER_ID","","PREGAME_ID_MISSING","2026-06-22T22:25:33.352Z","2026-06-22T22:40:00.000Z","14.444133","","false","","El snapshot no contiene ID explícito ni ID auxiliar verificable para este lado"
"822965","2026-06-24","home","Griffin Jax","643377","LINESCORE_DEFENSE_PITCHER","HIGH","NOT_VERIFIABLE","true","Griffin Jax","643377","FINAL_BOXSCORE_PLAYER_ID","7","MATCHED","2026-06-24T21:17:17.293Z","2026-06-24T22:40:00.000Z","82.711783","","false","FINAL_BOXSCORE_STRIKEOUTS","game_id y pitcher_id coinciden; actual_k final válido"
"822965","2026-06-24","away","Noah Cameron","","","","","","Noah Cameron","702070","FINAL_BOXSCORE_PLAYER_ID","","PREGAME_ID_MISSING","2026-06-24T21:17:17.293Z","2026-06-24T22:40:00.000Z","82.711783","","false","","El snapshot no contiene ID explícito ni ID auxiliar verificable para este lado"
"822966","2026-06-19","home","Griffin Jax","","","","","","Griffin Jax","643377","FINAL_BOXSCORE_PLAYER_ID","","PREGAME_ID_MISSING","2026-06-19T21:54:37.180Z","2026-06-19T23:10:00.000Z","75.380333","","false","","El snapshot no contiene ID explícito ni ID auxiliar verificable para este lado"
"822966","2026-06-19","away","PJ Poulin","","","","","","PJ Poulin","676571","FINAL_BOXSCORE_PLAYER_ID","","PREGAME_ID_MISSING","2026-06-19T21:54:37.180Z","2026-06-19T23:10:00.000Z","75.380333","","false","","El snapshot no contiene ID explícito ni ID auxiliar verificable para este lado"
"822967","2026-06-20","home","Ian Seymour","","","","","","Ian Seymour","693855","FINAL_BOXSCORE_PLAYER_ID","","PREGAME_ID_MISSING","2026-06-20T17:15:39.578Z","2026-06-20T20:10:00.000Z","174.340367","","false","","El snapshot no contiene ID explícito ni ID auxiliar verificable para este lado"
"822967","2026-06-20","away","Cade Cavalli","","","","","","Cade Cavalli","676917","FINAL_BOXSCORE_PLAYER_ID","","PREGAME_ID_MISSING","2026-06-20T17:15:39.578Z","2026-06-20T20:10:00.000Z","174.340367","","false","","El snapshot no contiene ID explícito ni ID auxiliar verificable para este lado"
"822968","2026-06-21","home","Nick Martinez","","","","","","Nick Martinez","607259","FINAL_BOXSCORE_PLAYER_ID","","PREGAME_ID_MISSING","2026-06-21T16:30:19.641Z","2026-06-21T17:40:00.000Z","69.67265","","false","","El snapshot no contiene ID explícito ni ID auxiliar verificable para este lado"
"822968","2026-06-21","away","Andrew Alvarez","","","","","","Andrew Alvarez","674841","FINAL_BOXSCORE_PLAYER_ID","","PREGAME_ID_MISSING","2026-06-21T16:30:19.641Z","2026-06-21T17:40:00.000Z","69.67265","","false","","El snapshot no contiene ID explícito ni ID auxiliar verificable para este lado"
"823015","2026-08-26","home","Michael McGreevy","700241","PITCHERS_PITCHER_ID","HIGH","","","Michael McGreevy","700241","FINAL_PITCHERS_ID","","FINAL_ID_MISSING","2026-08-26T23:07:24.424Z","2026-08-26T23:45:00.000Z","37.592933","","false","","No existe documento final válido para el game_id"
"823015","2026-08-26","away","Kyle Bradish","680694","PITCHERS_PITCHER_ID","HIGH","","","Kyle Bradish","680694","FINAL_PITCHERS_ID","","FINAL_ID_MISSING","2026-08-26T23:07:24.424Z","2026-08-26T23:45:00.000Z","37.592933","","false","","No existe documento final válido para el game_id"
"823016","2026-08-25","home","Por definir","","","","","","Matthew Liberatore","669461","FINAL_BOXSCORE_PLAYER_ID","","PREGAME_ID_MISSING","2026-08-25T13:35:59.040Z","2026-08-25T23:45:00.000Z","609.016","","false","","El snapshot no contiene ID explícito ni ID auxiliar verificable para este lado"
"823016","2026-08-25","away","Chris Bassitt","","","","","","Chris Bassitt","605135","FINAL_BOXSCORE_PLAYER_ID","","PREGAME_ID_MISSING","2026-08-25T13:35:59.040Z","2026-08-25T23:45:00.000Z","609.016","","false","","El snapshot no contiene ID explícito ni ID auxiliar verificable para este lado"
"823022","2026-07-29","home","Dustin May","","","","","","Dustin May","669160","FINAL_BOXSCORE_PLAYER_ID","","PREGAME_ID_MISSING","2026-07-29T18:55:48.586Z","2026-07-29T23:45:00.000Z","289.190233","","false","","El snapshot no contiene ID explícito ni ID auxiliar verificable para este lado"
"823022","2026-07-29","away","Matthew Boyd","","","","","","Matthew Boyd","571510","FINAL_BOXSCORE_PLAYER_ID","","PREGAME_ID_MISSING","2026-07-29T18:55:48.586Z","2026-07-29T23:45:00.000Z","289.190233","","false","","El snapshot no contiene ID explícito ni ID auxiliar verificable para este lado"
"823025","2026-07-27","home","Por definir","","","","","","Matthew Liberatore","669461","FINAL_BOXSCORE_PLAYER_ID","","PREGAME_ID_MISSING","2026-07-27T13:36:57.787Z","2026-07-27T23:45:00.000Z","608.036883","","false","","El snapshot no contiene ID explícito ni ID auxiliar verificable para este lado"
"823025","2026-07-27","away","David Peterson","","","","","","David Peterson","656849","FINAL_BOXSCORE_PLAYER_ID","","PREGAME_ID_MISSING","2026-07-27T13:36:57.787Z","2026-07-27T23:45:00.000Z","608.036883","","false","","El snapshot no contiene ID explícito ni ID auxiliar verificable para este lado"
"823027","2026-07-25","home","Andre Pallante","","","","","","Andre Pallante","669467","FINAL_BOXSCORE_PLAYER_ID","","PREGAME_ID_MISSING","2026-07-25T13:36:43.410Z","2026-07-25T23:15:00.000Z","578.2765","","false","","El snapshot no contiene ID explícito ni ID auxiliar verificable para este lado"
"823027","2026-07-25","away","Hunter Greene","","","","","","Hunter Greene","668881","FINAL_BOXSCORE_PLAYER_ID","","PREGAME_ID_MISSING","2026-07-25T13:36:43.410Z","2026-07-25T23:15:00.000Z","578.2765","","false","","El snapshot no contiene ID explícito ni ID auxiliar verificable para este lado"
"823029","2026-07-12","home","Dustin May","669160","LINESCORE_DEFENSE_PITCHER","HIGH","NOT_VERIFIABLE","true","Dustin May","669160","FINAL_BOXSCORE_PLAYER_ID","4","MATCHED","2026-07-12T16:56:01.163Z","2026-07-12T18:15:00.000Z","78.980617","","false","FINAL_BOXSCORE_STRIKEOUTS","game_id y pitcher_id coinciden; actual_k final válido"
"823029","2026-07-12","away","Danny Young","","","","","","Danny Young","664849","FINAL_BOXSCORE_PLAYER_ID","","PREGAME_ID_MISSING","2026-07-12T16:56:01.163Z","2026-07-12T18:15:00.000Z","78.980617","","false","","El snapshot no contiene ID explícito ni ID auxiliar verificable para este lado"
"823030","2026-07-11","home","Matthew Liberatore","669461","LINESCORE_DEFENSE_PITCHER","HIGH","NOT_VERIFIABLE","true","Matthew Liberatore","669461","FINAL_BOXSCORE_PLAYER_ID","6","MATCHED","2026-07-11T21:45:44.902Z","2026-07-11T23:15:00.000Z","89.251633","","false","FINAL_BOXSCORE_STRIKEOUTS","game_id y pitcher_id coinciden; actual_k final válido"
"823030","2026-07-11","away","Reynaldo López","","","","","","Reynaldo López","625643","FINAL_BOXSCORE_PLAYER_ID","","PREGAME_ID_MISSING","2026-07-11T21:45:44.902Z","2026-07-11T23:15:00.000Z","89.251633","","false","","El snapshot no contiene ID explícito ni ID auxiliar verificable para este lado"
"823031","2026-07-24","home","Dustin May","","","","","","Dustin May","669160","FINAL_BOXSCORE_PLAYER_ID","","PREGAME_ID_MISSING","2026-07-24T19:49:12.382Z","2026-07-25T00:15:00.000Z","265.793633","","false","","El snapshot no contiene ID explícito ni ID auxiliar verificable para este lado"
"823031","2026-07-24","away","Rhett Lowder","","","","","","Rhett Lowder","695076","FINAL_BOXSCORE_PLAYER_ID","","PREGAME_ID_MISSING","2026-07-24T19:49:12.382Z","2026-07-25T00:15:00.000Z","265.793633","","false","","El snapshot no contiene ID explícito ni ID auxiliar verificable para este lado"
"823032","2026-07-08","home","Michael McGreevy","","","","","","Michael McGreevy","700241","FINAL_BOXSCORE_PLAYER_ID","","PREGAME_ID_MISSING","2026-07-08T20:22:15.955Z","2026-07-08T23:45:00.000Z","202.734083","","false","","El snapshot no contiene ID explícito ni ID auxiliar verificable para este lado"
"823032","2026-07-08","away","Kyle Harrison","","","","","","Kyle Harrison","690986","FINAL_BOXSCORE_PLAYER_ID","","PREGAME_ID_MISSING","2026-07-08T20:22:15.955Z","2026-07-08T23:45:00.000Z","202.734083","","false","","El snapshot no contiene ID explícito ni ID auxiliar verificable para este lado"
"823033","2026-07-10","home","Kyle Leahy","681517","LINESCORE_DEFENSE_PITCHER","HIGH","NOT_VERIFIABLE","true","Kyle Leahy","681517","FINAL_BOXSCORE_PLAYER_ID","2","MATCHED","2026-07-10T20:34:26.942Z","2026-07-11T00:15:00.000Z","220.550967","","false","FINAL_BOXSCORE_STRIKEOUTS","game_id y pitcher_id coinciden; actual_k final válido"
"823033","2026-07-10","away","Chris Sale","","","","","","Chris Sale","519242","FINAL_BOXSCORE_PLAYER_ID","","PREGAME_ID_MISSING","2026-07-10T20:34:26.942Z","2026-07-11T00:15:00.000Z","220.550967","","false","","El snapshot no contiene ID explícito ni ID auxiliar verificable para este lado"
"823034","2026-07-09","home","Andre Pallante","669467","LINESCORE_DEFENSE_PITCHER","HIGH","NOT_VERIFIABLE","true","Andre Pallante","669467","FINAL_BOXSCORE_PLAYER_ID","2","MATCHED","2026-07-09T21:01:17.553Z","2026-07-09T23:45:00.000Z","163.70745","","false","FINAL_BOXSCORE_STRIKEOUTS","game_id y pitcher_id coinciden; actual_k final válido"
"823034","2026-07-09","away","Logan Henderson","","","","","","Logan Henderson","701656","FINAL_BOXSCORE_PLAYER_ID","","PREGAME_ID_MISSING","2026-07-09T21:01:17.553Z","2026-07-09T23:45:00.000Z","163.70745","","false","","El snapshot no contiene ID explícito ni ID auxiliar verificable para este lado"
"823035","2026-07-07","home","Hunter Dobbins","690928","LINESCORE_DEFENSE_PITCHER","HIGH","NOT_VERIFIABLE","true","Hunter Dobbins","690928","FINAL_BOXSCORE_PLAYER_ID","4","MATCHED","2026-07-07T23:38:15.085Z","2026-07-07T23:45:00.000Z","6.748583","","false","FINAL_BOXSCORE_STRIKEOUTS","game_id y pitcher_id coinciden; actual_k final válido"
"823035","2026-07-07","away","Robert Gasser","","","","","","Robert Gasser","688107","FINAL_BOXSCORE_PLAYER_ID","","PREGAME_ID_MISSING","2026-07-07T23:38:15.085Z","2026-07-07T23:45:00.000Z","6.748583","","false","","El snapshot no contiene ID explícito ni ID auxiliar verificable para este lado"
"823036","2026-07-06","home","Dustin May","669160","LINESCORE_DEFENSE_PITCHER","HIGH","NOT_VERIFIABLE","true","Dustin May","669160","FINAL_BOXSCORE_PLAYER_ID","7","MATCHED","2026-07-06T23:25:29.891Z","2026-07-06T23:45:00.000Z","19.501817","","false","FINAL_BOXSCORE_STRIKEOUTS","game_id y pitcher_id coinciden; actual_k final válido"
"823036","2026-07-06","away","Shane Drohan","","","","","","Shane Drohan","675660","FINAL_BOXSCORE_PLAYER_ID","","PREGAME_ID_MISSING","2026-07-06T23:25:29.891Z","2026-07-06T23:45:00.000Z","19.501817","","false","","El snapshot no contiene ID explícito ni ID auxiliar verificable para este lado"
"823037","2026-06-28","home","Kyle Leahy","681517","LINESCORE_DEFENSE_PITCHER","HIGH","NOT_VERIFIABLE","true","Kyle Leahy","681517","FINAL_BOXSCORE_PLAYER_ID","5","MATCHED","2026-06-28T18:07:36.783Z","2026-06-28T18:15:00.000Z","7.38695","","false","FINAL_BOXSCORE_STRIKEOUTS","game_id y pitcher_id coinciden; actual_k final válido"
"823037","2026-06-28","away","Tyler Phillips","","","","","","Tyler Phillips","663969","FINAL_BOXSCORE_PLAYER_ID","","PREGAME_ID_MISSING","2026-06-28T18:07:36.783Z","2026-06-28T18:15:00.000Z","7.38695","","false","","El snapshot no contiene ID explícito ni ID auxiliar verificable para este lado"
"823038","2026-06-27","home","Andre Pallante","669467","LINESCORE_DEFENSE_PITCHER","HIGH","NOT_VERIFIABLE","true","Andre Pallante","669467","FINAL_BOXSCORE_PLAYER_ID","4","MATCHED","2026-06-27T22:36:58.402Z","2026-06-27T23:15:00.000Z","38.026633","","false","FINAL_BOXSCORE_STRIKEOUTS","game_id y pitcher_id coinciden; actual_k final válido"
"823038","2026-06-27","away","Ryan Gusto","","","","","","Ryan Gusto","687473","FINAL_BOXSCORE_PLAYER_ID","","PREGAME_ID_MISSING","2026-06-27T22:36:58.402Z","2026-06-27T23:15:00.000Z","38.026633","","false","","El snapshot no contiene ID explícito ni ID auxiliar verificable para este lado"
"823039","2026-06-26","home","Michael McGreevy","700241","LINESCORE_DEFENSE_PITCHER","HIGH","NOT_VERIFIABLE","true","Michael McGreevy","700241","FINAL_BOXSCORE_PLAYER_ID","4","MATCHED","2026-06-27T00:07:39.232Z","2026-06-27T00:15:00.000Z","7.346133","","false","FINAL_BOXSCORE_STRIKEOUTS","game_id y pitcher_id coinciden; actual_k final válido"
"823039","2026-06-26","away","Max Meyer","","","","","","Max Meyer","676974","FINAL_BOXSCORE_PLAYER_ID","","PREGAME_ID_MISSING","2026-06-27T00:07:39.232Z","2026-06-27T00:15:00.000Z","7.346133","","false","","El snapshot no contiene ID explícito ni ID auxiliar verificable para este lado"
"823040","2026-06-22","home","Andre Pallante","","","","","","Andre Pallante","669467","FINAL_BOXSCORE_PLAYER_ID","","PREGAME_ID_MISSING","2026-06-22T22:25:36.740Z","2026-06-22T23:45:00.000Z","79.387667","","false","","El snapshot no contiene ID explícito ni ID auxiliar verificable para este lado"
"823040","2026-06-22","away","Merrill Kelly","","","","","","Merrill Kelly","518876","FINAL_BOXSCORE_PLAYER_ID","","PREGAME_ID_MISSING","2026-06-22T22:25:36.740Z","2026-06-22T23:45:00.000Z","79.387667","","false","","El snapshot no contiene ID explícito ni ID auxiliar verificable para este lado"
"823041","2026-06-24","home","Matthew Liberatore","669461","LINESCORE_DEFENSE_PITCHER","HIGH","NOT_VERIFIABLE","true","Matthew Liberatore","669461","FINAL_BOXSCORE_PLAYER_ID","3","MATCHED","2026-06-24T21:17:19.992Z","2026-06-24T23:45:00.000Z","147.6668","","false","FINAL_BOXSCORE_STRIKEOUTS","game_id y pitcher_id coinciden; actual_k final válido"
"823041","2026-06-24","away","Mitch Bratt","","","","","","Mitch Bratt","683352","FINAL_BOXSCORE_PLAYER_ID","","PREGAME_ID_MISSING","2026-06-24T21:17:19.992Z","2026-06-24T23:45:00.000Z","147.6668","","false","","El snapshot no contiene ID explícito ni ID auxiliar verificable para este lado"
"823043","2026-06-23","home","Kyle Leahy","681517","LINESCORE_DEFENSE_PITCHER","HIGH","NOT_VERIFIABLE","true","Kyle Leahy","681517","FINAL_BOXSCORE_PLAYER_ID","3","MATCHED","2026-06-23T23:00:13.253Z","2026-06-23T23:45:00.000Z","44.779117","","false","FINAL_BOXSCORE_STRIKEOUTS","game_id y pitcher_id coinciden; actual_k final válido"
"823043","2026-06-23","away","Eduardo Rodriguez","","","","","","Eduardo Rodriguez","593958","FINAL_BOXSCORE_PLAYER_ID","","PREGAME_ID_MISSING","2026-06-23T23:00:13.253Z","2026-06-23T23:45:00.000Z","44.779117","","false","","El snapshot no contiene ID explícito ni ID auxiliar verificable para este lado"
"823044","2026-06-17","home","Kyle Leahy","","","","","","Kyle Leahy","681517","FINAL_BOXSCORE_PLAYER_ID","","PREGAME_ID_MISSING","2026-06-17T18:14:23.315Z","2026-06-17T18:15:00.000Z","0.611417","","false","","El snapshot no contiene ID explícito ni ID auxiliar verificable para este lado"
"823044","2026-06-17","away","Bradgley Rodriguez","","","","","","Bradgley Rodriguez","699134","FINAL_BOXSCORE_PLAYER_ID","","PREGAME_ID_MISSING","2026-06-17T18:14:23.315Z","2026-06-17T18:15:00.000Z","0.611417","","false","","El snapshot no contiene ID explícito ni ID auxiliar verificable para este lado"
"823045","2026-06-16","home","Andre Pallante","","","","","","Andre Pallante","669467","FINAL_BOXSCORE_PLAYER_ID","","PREGAME_ID_MISSING","2026-06-16T23:22:34.076Z","2026-06-16T23:45:00.000Z","22.432067","","false","","El snapshot no contiene ID explícito ni ID auxiliar verificable para este lado"
"823045","2026-06-16","away","Michael King","","","","","","Michael King","650633","FINAL_BOXSCORE_PLAYER_ID","","PREGAME_ID_MISSING","2026-06-16T23:22:34.076Z","2026-06-16T23:45:00.000Z","22.432067","","false","","El snapshot no contiene ID explícito ni ID auxiliar verificable para este lado"
"823046","2026-06-15","home","Dustin May","","","","","","Dustin May","669160","FINAL_BOXSCORE_PLAYER_ID","","PREGAME_ID_MISSING","2026-06-15T22:24:13.045Z","2026-06-15T23:45:00.000Z","80.782583","","false","","El snapshot no contiene ID explícito ni ID auxiliar verificable para este lado"
"823046","2026-06-15","away","Wandy Peralta","","","","","","Wandy Peralta","593974","FINAL_BOXSCORE_PLAYER_ID","","PREGAME_ID_MISSING","2026-06-15T22:24:13.045Z","2026-06-15T23:45:00.000Z","80.782583","","false","","El snapshot no contiene ID explícito ni ID auxiliar verificable para este lado"
"823096","2026-08-26","home","Bryan Woo","693433","PITCHERS_PITCHER_ID","HIGH","","","Bryan Woo","693433","FINAL_BOXSCORE_PLAYER_ID","5","MATCHED","2026-08-26T17:50:16.221Z","2026-08-26T20:10:00.000Z","139.72965","","false","FINAL_BOXSCORE_STRIKEOUTS","game_id y pitcher_id coinciden; actual_k final válido"
"823096","2026-08-26","away","Jesús Luzardo","666200","PITCHERS_PITCHER_ID","HIGH","","","Jesús Luzardo","666200","FINAL_BOXSCORE_PLAYER_ID","9","MATCHED","2026-08-26T17:50:16.221Z","2026-08-26T20:10:00.000Z","139.72965","","false","FINAL_BOXSCORE_STRIKEOUTS","game_id y pitcher_id coinciden; actual_k final válido"
"823098","2026-08-25","home","George Kirby","","","","","","George Kirby","669923","FINAL_BOXSCORE_PLAYER_ID","","PREGAME_ID_MISSING","2026-08-25T13:36:13.644Z","2026-08-26T01:40:00.000Z","723.7726","","false","","El snapshot no contiene ID explícito ni ID auxiliar verificable para este lado"
"823098","2026-08-25","away","Aaron Nola","","","","","","Aaron Nola","605400","FINAL_BOXSCORE_PLAYER_ID","","PREGAME_ID_MISSING","2026-08-25T13:36:13.644Z","2026-08-26T01:40:00.000Z","723.7726","","false","","El snapshot no contiene ID explícito ni ID auxiliar verificable para este lado"
"823110","2026-07-22","home","Emerson Hancock","676106","LINESCORE_DEFENSE_PITCHER","HIGH","NOT_VERIFIABLE","true","Emerson Hancock","676106","FINAL_BOXSCORE_PLAYER_ID","3","MATCHED","2026-07-22T19:27:54.868Z","2026-07-22T19:40:00.000Z","12.085533","","false","FINAL_BOXSCORE_STRIKEOUTS","game_id y pitcher_id coinciden; actual_k final válido"
"823110","2026-07-22","away","Brady Singer","","","","","","Brady Singer","663903","FINAL_BOXSCORE_PLAYER_ID","","PREGAME_ID_MISSING","2026-07-22T19:27:54.868Z","2026-07-22T19:40:00.000Z","12.085533","","false","","El snapshot no contiene ID explícito ni ID auxiliar verificable para este lado"
"823112","2026-07-20","home","George Kirby","","","","","","George Kirby","669923","FINAL_BOXSCORE_PLAYER_ID","","PREGAME_ID_MISSING","2026-07-20T16:37:47.163Z","2026-07-21T01:40:00.000Z","542.21395","","false","","El snapshot no contiene ID explícito ni ID auxiliar verificable para este lado"
"823112","2026-07-20","away","Andrew Abbott","","","","","","Andrew Abbott","671096","FINAL_BOXSCORE_PLAYER_ID","","PREGAME_ID_MISSING","2026-07-20T16:37:47.163Z","2026-07-21T01:40:00.000Z","542.21395","","false","","El snapshot no contiene ID explícito ni ID auxiliar verificable para este lado"
"823113","2026-07-19","home","Logan Gilbert","669302","LINESCORE_DEFENSE_PITCHER","HIGH","NOT_VERIFIABLE","true","Logan Gilbert","669302","FINAL_BOXSCORE_PLAYER_ID","10","MATCHED","2026-07-19T19:08:18.913Z","2026-07-19T20:10:00.000Z","61.684783","","false","FINAL_BOXSCORE_STRIKEOUTS","game_id y pitcher_id coinciden; actual_k final válido"
"823113","2026-07-19","away","Robbie Ray","","","","","","Robbie Ray","592662","FINAL_BOXSCORE_PLAYER_ID","","PREGAME_ID_MISSING","2026-07-19T19:08:18.913Z","2026-07-19T20:10:00.000Z","61.684783","","false","","El snapshot no contiene ID explícito ni ID auxiliar verificable para este lado"
"823114","2026-07-21","home","Luis Castillo","622491","LINESCORE_DEFENSE_PITCHER","HIGH","NOT_VERIFIABLE","true","Luis Castillo","622491","FINAL_BOXSCORE_PLAYER_ID","3","MATCHED","2026-07-21T22:26:36.297Z","2026-07-22T01:40:00.000Z","193.39505","","false","FINAL_BOXSCORE_STRIKEOUTS","game_id y pitcher_id coinciden; actual_k final válido"
"823114","2026-07-21","away","Chase Burns","","","","","","Chase Burns","695505","FINAL_BOXSCORE_PLAYER_ID","","PREGAME_ID_MISSING","2026-07-21T22:26:36.297Z","2026-07-22T01:40:00.000Z","193.39505","","false","","El snapshot no contiene ID explícito ni ID auxiliar verificable para este lado"
"823115","2026-07-17","home","Bryce Miller","682243","LINESCORE_DEFENSE_PITCHER","HIGH","NOT_VERIFIABLE","true","Bryce Miller","682243","FINAL_BOXSCORE_PLAYER_ID","6","MATCHED","2026-07-18T01:36:49.895Z","2026-07-18T02:10:00.000Z","33.168417","","false","FINAL_BOXSCORE_STRIKEOUTS","game_id y pitcher_id coinciden; actual_k final válido"
"823115","2026-07-17","away","Landen Roupp","","","","","","Landen Roupp","694738","FINAL_BOXSCORE_PLAYER_ID","","PREGAME_ID_MISSING","2026-07-18T01:36:49.895Z","2026-07-18T02:10:00.000Z","33.168417","","false","","El snapshot no contiene ID explícito ni ID auxiliar verificable para este lado"
"823116","2026-07-18","home","Bryan Woo","","","","","","Bryan Woo","693433","FINAL_BOXSCORE_PLAYER_ID","","PREGAME_ID_MISSING","2026-07-18T15:24:19.878Z","2026-07-19T00:08:00.000Z","523.6687","","false","","El snapshot no contiene ID explícito ni ID auxiliar verificable para este lado"
"823116","2026-07-18","away","Logan Webb","","","","","","Logan Webb","657277","FINAL_BOXSCORE_PLAYER_ID","","PREGAME_ID_MISSING","2026-07-18T15:24:19.878Z","2026-07-19T00:08:00.000Z","523.6687","","false","","El snapshot no contiene ID explícito ni ID auxiliar verificable para este lado"
"823117","2026-07-05","home","Emerson Hancock","676106","LINESCORE_DEFENSE_PITCHER","HIGH","NOT_VERIFIABLE","true","Emerson Hancock","676106","FINAL_BOXSCORE_PLAYER_ID","5","MATCHED","2026-07-05T20:12:29.755Z","2026-07-05T21:00:00.000Z","47.504083","","false","FINAL_BOXSCORE_STRIKEOUTS","game_id y pitcher_id coinciden; actual_k final válido"
"823117","2026-07-05","away","Trey Yesavage","","","","","","Trey Yesavage","702056","FINAL_BOXSCORE_PLAYER_ID","","PREGAME_ID_MISSING","2026-07-05T20:12:29.755Z","2026-07-05T21:00:00.000Z","47.504083","","false","","El snapshot no contiene ID explícito ni ID auxiliar verificable para este lado"
"823118","2026-07-04","home","Logan Gilbert","669302","LINESCORE_DEFENSE_PITCHER","HIGH","NOT_VERIFIABLE","true","Logan Gilbert","669302","FINAL_BOXSCORE_PLAYER_ID","7","MATCHED","2026-07-04T19:13:52.994Z","2026-07-04T20:10:00.000Z","56.116767","","false","FINAL_BOXSCORE_STRIKEOUTS","game_id y pitcher_id coinciden; actual_k final válido"
"823118","2026-07-04","away","Shane Bieber","","","","","","Shane Bieber","669456","FINAL_BOXSCORE_PLAYER_ID","","PREGAME_ID_MISSING","2026-07-04T19:13:52.994Z","2026-07-04T20:10:00.000Z","56.116767","","false","","El snapshot no contiene ID explícito ni ID auxiliar verificable para este lado"
"823119","2026-07-02","home","Bryce Miller","682243","LINESCORE_DEFENSE_PITCHER","HIGH","NOT_VERIFIABLE","true","Bryce Miller","682243","FINAL_BOXSCORE_PLAYER_ID","8","MATCHED","2026-07-02T21:52:41.145Z","2026-07-03T01:40:00.000Z","227.31425","","false","FINAL_BOXSCORE_STRIKEOUTS","game_id y pitcher_id coinciden; actual_k final válido"
"823119","2026-07-02","away","Walbert Ureña","","","","","","Walbert Ureña","700712","FINAL_BOXSCORE_PLAYER_ID","","PREGAME_ID_MISSING","2026-07-02T21:52:41.145Z","2026-07-03T01:40:00.000Z","227.31425","","false","","El snapshot no contiene ID explícito ni ID auxiliar verificable para este lado"
"823120","2026-07-03","home","Luis Castillo","622491","LINESCORE_DEFENSE_PITCHER","HIGH","NOT_VERIFIABLE","true","Luis Castillo","622491","FINAL_BOXSCORE_PLAYER_ID","4","MATCHED","2026-07-03T23:50:39.403Z","2026-07-04T02:10:00.000Z","139.343283","","false","FINAL_BOXSCORE_STRIKEOUTS","game_id y pitcher_id coinciden; actual_k final válido"
"823120","2026-07-03","away","Dylan Cease","","","","","","Dylan Cease","656302","FINAL_BOXSCORE_PLAYER_ID","","PREGAME_ID_MISSING","2026-07-03T23:50:39.403Z","2026-07-04T02:10:00.000Z","139.343283","","false","","El snapshot no contiene ID explícito ni ID auxiliar verificable para este lado"
"823121","2026-06-29","home","George Kirby","669923","LINESCORE_DEFENSE_PITCHER","HIGH","NOT_VERIFIABLE","true","George Kirby","669923","FINAL_BOXSCORE_PLAYER_ID","7","MATCHED","2026-06-30T01:10:30.214Z","2026-06-30T01:40:00.000Z","29.496433","","false","FINAL_BOXSCORE_STRIKEOUTS","game_id y pitcher_id coinciden; actual_k final válido"
"823121","2026-06-29","away","Ryan Johnson","","","","","","Ryan Johnson","696270","FINAL_BOXSCORE_PLAYER_ID","","PREGAME_ID_MISSING","2026-06-30T01:10:30.214Z","2026-06-30T01:40:00.000Z","29.496433","","false","","El snapshot no contiene ID explícito ni ID auxiliar verificable para este lado"
"823122","2026-06-30","home","Bryan Woo","693433","LINESCORE_DEFENSE_PITCHER","HIGH","NOT_VERIFIABLE","true","Bryan Woo","","","","FINAL_ID_MISSING","2026-07-01T00:03:05.102Z","2026-07-01T01:40:00.000Z","96.914967","","false","","El documento final no contiene un ID seguro para este lado"
"823122","2026-06-30","away","José Soriano","","","","","","José Soriano","","","","PREGAME_ID_MISSING","2026-07-01T00:03:05.102Z","2026-07-01T01:40:00.000Z","96.914967","","false","","El snapshot no contiene ID explícito ni ID auxiliar verificable para este lado"
"823123","2026-06-21","home","Logan Gilbert","","","","","","Logan Gilbert","669302","FINAL_BOXSCORE_PLAYER_ID","","PREGAME_ID_MISSING","2026-06-21T19:54:28.111Z","2026-06-21T20:10:00.000Z","15.531483","","false","","El snapshot no contiene ID explícito ni ID auxiliar verificable para este lado"
"823123","2026-06-21","away","Payton Tolle","","","","","","Payton Tolle","801139","FINAL_BOXSCORE_PLAYER_ID","","PREGAME_ID_MISSING","2026-06-21T19:54:28.111Z","2026-06-21T20:10:00.000Z","15.531483","","false","","El snapshot no contiene ID explícito ni ID auxiliar verificable para este lado"
"823124","2026-06-19","home","Bryce Miller","","","","","","Bryce Miller","682243","FINAL_BOXSCORE_PLAYER_ID","","PREGAME_ID_MISSING","2026-06-20T00:58:17.893Z","2026-06-20T02:10:00.000Z","71.701783","","false","","El snapshot no contiene ID explícito ni ID auxiliar verificable para este lado"
"823124","2026-06-19","away","Ranger Suarez","","","","","","Ranger Suarez","624133","FINAL_BOXSCORE_PLAYER_ID","","PREGAME_ID_MISSING","2026-06-20T00:58:17.893Z","2026-06-20T02:10:00.000Z","71.701783","","false","","El snapshot no contiene ID explícito ni ID auxiliar verificable para este lado"
"823125","2026-06-18","home","Bryan Woo","","","","","","Bryan Woo","693433","FINAL_BOXSCORE_PLAYER_ID","","PREGAME_ID_MISSING","2026-06-18T20:07:35.396Z","2026-06-18T20:10:00.000Z","2.410067","","false","","El snapshot no contiene ID explícito ni ID auxiliar verificable para este lado"
"823125","2026-06-18","away","Shane Baz","","","","","","Shane Baz","669358","FINAL_BOXSCORE_PLAYER_ID","","PREGAME_ID_MISSING","2026-06-18T20:07:35.396Z","2026-06-18T20:10:00.000Z","2.410067","","false","","El snapshot no contiene ID explícito ni ID auxiliar verificable para este lado"
"823126","2026-06-20","home","Emerson Hancock","","","","","","Emerson Hancock","676106","FINAL_BOXSCORE_PLAYER_ID","","PREGAME_ID_MISSING","2026-06-21T01:53:17.114Z","2026-06-21T02:10:00.000Z","16.714767","","false","","El snapshot no contiene ID explícito ni ID auxiliar verificable para este lado"
"823126","2026-06-20","away","Connelly Early","","","","","","Connelly Early","813349","FINAL_BOXSCORE_PLAYER_ID","","PREGAME_ID_MISSING","2026-06-21T01:53:17.114Z","2026-06-21T02:10:00.000Z","16.714767","","false","","El snapshot no contiene ID explícito ni ID auxiliar verificable para este lado"
"823127","2026-06-17","home","George Kirby","","","","","","George Kirby","669923","FINAL_BOXSCORE_PLAYER_ID","","PREGAME_ID_MISSING","2026-06-17T18:39:24.128Z","2026-06-18T01:40:00.000Z","420.597867","","false","","El snapshot no contiene ID explícito ni ID auxiliar verificable para este lado"
"823127","2026-06-17","away","Kyle Bradish","","","","","","Kyle Bradish","680694","FINAL_BOXSCORE_PLAYER_ID","","PREGAME_ID_MISSING","2026-06-17T18:39:24.128Z","2026-06-18T01:40:00.000Z","420.597867","","false","","El snapshot no contiene ID explícito ni ID auxiliar verificable para este lado"
"823128","2026-06-16","home","Logan Gilbert","","","","","","Logan Gilbert","669302","FINAL_BOXSCORE_PLAYER_ID","","PREGAME_ID_MISSING","2026-06-16T23:22:46.870Z","2026-06-17T01:40:00.000Z","137.218833","","false","","El snapshot no contiene ID explícito ni ID auxiliar verificable para este lado"
"823128","2026-06-16","away","Brandon Young","","","","","","Brandon Young","687064","FINAL_BOXSCORE_PLAYER_ID","","PREGAME_ID_MISSING","2026-06-16T23:22:46.870Z","2026-06-17T01:40:00.000Z","137.218833","","false","","El snapshot no contiene ID explícito ni ID auxiliar verificable para este lado"
"823180","2026-08-26","home","Logan Webb","657277","PITCHERS_PITCHER_ID","HIGH","","","Logan Webb","657277","FINAL_BOXSCORE_PLAYER_ID","6","MATCHED","2026-08-26T17:47:36.942Z","2026-08-26T19:45:00.000Z","117.3843","","false","FINAL_BOXSCORE_STRIKEOUTS","game_id y pitcher_id coinciden; actual_k final válido"
"823180","2026-08-26","away","Nick Lodolo","666157","PITCHERS_PITCHER_ID","HIGH","","","Nick Lodolo","666157","FINAL_BOXSCORE_PLAYER_ID","5","MATCHED","2026-08-26T17:47:36.942Z","2026-08-26T19:45:00.000Z","117.3843","","false","FINAL_BOXSCORE_STRIKEOUTS","game_id y pitcher_id coinciden; actual_k final válido"
"823181","2026-08-25","home","Adrian Houser","","","","","","Adrian Houser","605288","FINAL_BOXSCORE_PLAYER_ID","","PREGAME_ID_MISSING","2026-08-25T13:36:16.145Z","2026-08-26T01:45:00.000Z","728.730917","","false","","El snapshot no contiene ID explícito ni ID auxiliar verificable para este lado"
"823181","2026-08-25","away","Brady Singer","","","","","","Brady Singer","663903","FINAL_BOXSCORE_PLAYER_ID","","PREGAME_ID_MISSING","2026-08-25T13:36:16.145Z","2026-08-26T01:45:00.000Z","728.730917","","false","","El snapshot no contiene ID explícito ni ID auxiliar verificable para este lado"
"823185","2026-08-14","home","Landen Roupp","","","","","","Landen Roupp","694738","FINAL_BOXSCORE_PLAYER_ID","","PREGAME_ID_MISSING","2026-08-14T13:35:00.038Z","2026-08-15T02:15:00.000Z","759.999367","","false","","El snapshot no contiene ID explícito ni ID auxiliar verificable para este lado"
"823185","2026-08-14","away","Kyle Freeland","","","","","","Kyle Freeland","607536","FINAL_BOXSCORE_PLAYER_ID","","PREGAME_ID_MISSING","2026-08-14T13:35:00.038Z","2026-08-15T02:15:00.000Z","759.999367","","false","","El snapshot no contiene ID explícito ni ID auxiliar verificable para este lado"
"823192","2026-07-29","home","Logan Webb","657277","LINESCORE_DEFENSE_PITCHER","HIGH","NOT_VERIFIABLE","true","Logan Webb","657277","FINAL_BOXSCORE_PLAYER_ID","4","MATCHED","2026-07-29T18:55:53.116Z","2026-07-29T19:45:00.000Z","49.114733","","false","FINAL_BOXSCORE_STRIKEOUTS","game_id y pitcher_id coinciden; actual_k final válido"
"823192","2026-07-29","away","Thomas Pannone","","","","","","Thomas Pannone","623381","FINAL_BOXSCORE_PLAYER_ID","","PREGAME_ID_MISSING","2026-07-29T18:55:53.116Z","2026-07-29T19:45:00.000Z","49.114733","","false","","El snapshot no contiene ID explícito ni ID auxiliar verificable para este lado"
"823195","2026-07-27","home","Tyler Mahle","","","","","","Tyler Mahle","641816","FINAL_BOXSCORE_PLAYER_ID","","PREGAME_ID_MISSING","2026-07-27T13:37:00.993Z","2026-07-28T01:45:00.000Z","727.98345","","false","","El snapshot no contiene ID explícito ni ID auxiliar verificable para este lado"
"823195","2026-07-27","away","Brandon Sproat","","","","","","Brandon Sproat","687075","FINAL_BOXSCORE_PLAYER_ID","","PREGAME_ID_MISSING","2026-07-27T13:37:00.993Z","2026-07-28T01:45:00.000Z","727.98345","","false","","El snapshot no contiene ID explícito ni ID auxiliar verificable para este lado"
"823196","2026-07-24","home","Logan Webb","","","","","","Logan Webb","657277","FINAL_BOXSCORE_PLAYER_ID","","PREGAME_ID_MISSING","2026-07-24T19:49:15.874Z","2026-07-25T02:15:00.000Z","385.735433","","false","","El snapshot no contiene ID explícito ni ID auxiliar verificable para este lado"
"823196","2026-07-24","away","Grayson Rodriguez","","","","","","Grayson Rodriguez","680570","FINAL_BOXSCORE_PLAYER_ID","","PREGAME_ID_MISSING","2026-07-24T19:49:15.874Z","2026-07-25T02:15:00.000Z","385.735433","","false","","El snapshot no contiene ID explícito ni ID auxiliar verificable para este lado"
"823197","2026-07-25","home","Robbie Ray","","","","","","Robbie Ray","592662","FINAL_BOXSCORE_PLAYER_ID","","PREGAME_ID_MISSING","2026-07-25T13:36:03.815Z","2026-07-25T20:05:00.000Z","388.936417","","false","","El snapshot no contiene ID explícito ni ID auxiliar verificable para este lado"
"823197","2026-07-25","away","Ryan Johnson","","","","","","Ryan Johnson","696270","FINAL_BOXSCORE_PLAYER_ID","","PREGAME_ID_MISSING","2026-07-25T13:36:03.815Z","2026-07-25T20:05:00.000Z","388.936417","","false","","El snapshot no contiene ID explícito ni ID auxiliar verificable para este lado"
"823198","2026-07-11","home","Tyler Mahle","","","","","","Tyler Mahle","641816","FINAL_BOXSCORE_PLAYER_ID","","PREGAME_ID_MISSING","2026-07-11T15:44:57.865Z","2026-07-11T20:05:00.000Z","260.035583","","false","","El snapshot no contiene ID explícito ni ID auxiliar verificable para este lado"
"823198","2026-07-11","away","Kyle Freeland","","","","","","Kyle Freeland","607536","FINAL_BOXSCORE_PLAYER_ID","","PREGAME_ID_MISSING","2026-07-11T15:44:57.865Z","2026-07-11T20:05:00.000Z","260.035583","","false","","El snapshot no contiene ID explícito ni ID auxiliar verificable para este lado"
"823199","2026-07-12","home","Trevor McDonald","686790","LINESCORE_DEFENSE_PITCHER","HIGH","NOT_VERIFIABLE","true","Trevor McDonald","686790","FINAL_BOXSCORE_PLAYER_ID","4","MATCHED","2026-07-12T20:00:20.433Z","2026-07-12T20:05:00.000Z","4.65945","","false","FINAL_BOXSCORE_STRIKEOUTS","game_id y pitcher_id coinciden; actual_k final válido"
"823199","2026-07-12","away","Michael Lorenzen","","","","","","Michael Lorenzen","547179","FINAL_BOXSCORE_PLAYER_ID","","PREGAME_ID_MISSING","2026-07-12T20:00:20.433Z","2026-07-12T20:05:00.000Z","4.65945","","false","","El snapshot no contiene ID explícito ni ID auxiliar verificable para este lado"
"823200","2026-07-10","home","Robbie Ray","","","","","","Robbie Ray","592662","FINAL_BOXSCORE_PLAYER_ID","","PREGAME_ID_MISSING","2026-07-10T20:34:36.274Z","2026-07-11T02:15:00.000Z","340.395433","","false","","El snapshot no contiene ID explícito ni ID auxiliar verificable para este lado"
"823200","2026-07-10","away","Tanner Gordon","","","","","","Tanner Gordon","685299","FINAL_BOXSCORE_PLAYER_ID","","PREGAME_ID_MISSING","2026-07-10T20:34:36.274Z","2026-07-11T02:15:00.000Z","340.395433","","false","","El snapshot no contiene ID explícito ni ID auxiliar verificable para este lado"
"823201","2026-07-09","home","Carson Whisenhunt","","","","","","Carson Whisenhunt","687931","FINAL_BOXSCORE_PLAYER_ID","","PREGAME_ID_MISSING","2026-07-09T21:01:20.179Z","2026-07-10T01:45:00.000Z","283.663683","","false","","El snapshot no contiene ID explícito ni ID auxiliar verificable para este lado"
"823201","2026-07-09","away","Ryan Feltner","","","","","","Ryan Feltner","663372","FINAL_BOXSCORE_PLAYER_ID","","PREGAME_ID_MISSING","2026-07-09T21:01:20.179Z","2026-07-10T01:45:00.000Z","283.663683","","false","","El snapshot no contiene ID explícito ni ID auxiliar verificable para este lado"
"823202","2026-07-08","home","Logan Webb","657277","LINESCORE_DEFENSE_PITCHER","HIGH","NOT_VERIFIABLE","true","Logan Webb","657277","FINAL_BOXSCORE_PLAYER_ID","2","MATCHED","2026-07-08T18:38:50.664Z","2026-07-08T19:45:00.000Z","66.1556","","false","FINAL_BOXSCORE_STRIKEOUTS","game_id y pitcher_id coinciden; actual_k final válido"
"823202","2026-07-08","away","Dylan Cease","","","","","","Dylan Cease","656302","FINAL_BOXSCORE_PLAYER_ID","","PREGAME_ID_MISSING","2026-07-08T18:38:50.664Z","2026-07-08T19:45:00.000Z","66.1556","","false","","El snapshot no contiene ID explícito ni ID auxiliar verificable para este lado"
"823203","2026-07-07","home","Trevor McDonald","686790","LINESCORE_DEFENSE_PITCHER","HIGH","NOT_VERIFIABLE","true","Trevor McDonald","686790","FINAL_BOXSCORE_PLAYER_ID","0","MATCHED","2026-07-08T01:39:44.224Z","2026-07-08T01:45:00.000Z","5.262933","","false","FINAL_BOXSCORE_STRIKEOUTS","game_id y pitcher_id coinciden; actual_k final válido"
"823203","2026-07-07","away","Spencer Miles","","","","","","Spencer Miles","693686","FINAL_BOXSCORE_PLAYER_ID","","PREGAME_ID_MISSING","2026-07-08T01:39:44.224Z","2026-07-08T01:45:00.000Z","5.262933","","false","","El snapshot no contiene ID explícito ni ID auxiliar verificable para este lado"
"823204","2026-06-28","home","Robbie Ray","592662","LINESCORE_DEFENSE_PITCHER","HIGH","NOT_VERIFIABLE","true","Robbie Ray","592662","FINAL_BOXSCORE_PLAYER_ID","2","MATCHED","2026-06-28T19:53:42.376Z","2026-06-28T20:05:00.000Z","11.293733","","false","FINAL_BOXSCORE_STRIKEOUTS","game_id y pitcher_id coinciden; actual_k final válido"
"823204","2026-06-28","away","Chris Sale","","","","","","Chris Sale","519242","FINAL_BOXSCORE_PLAYER_ID","","PREGAME_ID_MISSING","2026-06-28T19:53:42.376Z","2026-06-28T20:05:00.000Z","11.293733","","false","","El snapshot no contiene ID explícito ni ID auxiliar verificable para este lado"
"823205","2026-07-06","home","Landen Roupp","694738","LINESCORE_DEFENSE_PITCHER","HIGH","NOT_VERIFIABLE","true","Landen Roupp","694738","FINAL_BOXSCORE_PLAYER_ID","5","MATCHED","2026-07-07T01:30:45.402Z","2026-07-07T01:45:00.000Z","14.2433","","false","FINAL_BOXSCORE_STRIKEOUTS","game_id y pitcher_id coinciden; actual_k final válido"
"823205","2026-07-06","away","Kevin Gausman","","","","","","Kevin Gausman","592332","FINAL_BOXSCORE_PLAYER_ID","","PREGAME_ID_MISSING","2026-07-07T01:30:45.402Z","2026-07-07T01:45:00.000Z","14.2433","","false","","El snapshot no contiene ID explícito ni ID auxiliar verificable para este lado"
"823206","2026-06-26","home","Trevor McDonald","686790","LINESCORE_DEFENSE_PITCHER","HIGH","NOT_VERIFIABLE","true","Trevor McDonald","686790","FINAL_BOXSCORE_PLAYER_ID","3","MATCHED","2026-06-27T02:04:58.896Z","2026-06-27T02:15:00.000Z","10.0184","","false","FINAL_BOXSCORE_STRIKEOUTS","game_id y pitcher_id coinciden; actual_k final válido"
"823206","2026-06-26","away","Reynaldo López","","","","","","Reynaldo López","625643","FINAL_BOXSCORE_PLAYER_ID","","PREGAME_ID_MISSING","2026-06-27T02:04:58.896Z","2026-06-27T02:15:00.000Z","10.0184","","false","","El snapshot no contiene ID explícito ni ID auxiliar verificable para este lado"
"823207","2026-06-27","home","Logan Webb","657277","LINESCORE_DEFENSE_PITCHER","HIGH","NOT_VERIFIABLE","true","Logan Webb","657277","FINAL_BOXSCORE_PLAYER_ID","6","MATCHED","2026-06-28T01:03:09.114Z","2026-06-28T01:05:00.000Z","1.8481","","false","FINAL_BOXSCORE_STRIKEOUTS","game_id y pitcher_id coinciden; actual_k final válido"
"823207","2026-06-27","away","Bryce Elder","","","","","","Bryce Elder","693821","FINAL_BOXSCORE_PLAYER_ID","","PREGAME_ID_MISSING","2026-06-28T01:03:09.114Z","2026-06-28T01:05:00.000Z","1.8481","","false","","El snapshot no contiene ID explícito ni ID auxiliar verificable para este lado"
"823208","2026-06-24","home","Tyler Mahle","","","","","","Tyler Mahle","641816","FINAL_BOXSCORE_PLAYER_ID","","PREGAME_ID_MISSING","2026-06-24T21:17:23.594Z","2026-06-25T01:45:00.000Z","267.606767","","false","","El snapshot no contiene ID explícito ni ID auxiliar verificable para este lado"
"823208","2026-06-24","away","Gage Jump","","","","","","Gage Jump","695611","FINAL_BOXSCORE_PLAYER_ID","","PREGAME_ID_MISSING","2026-06-24T21:17:23.594Z","2026-06-25T01:45:00.000Z","267.606767","","false","","El snapshot no contiene ID explícito ni ID auxiliar verificable para este lado"
"823209","2026-06-25","home","Landen Roupp","694738","LINESCORE_DEFENSE_PITCHER","HIGH","NOT_VERIFIABLE","true","Landen Roupp","694738","FINAL_BOXSCORE_PLAYER_ID","6","MATCHED","2026-06-25T19:14:00.691Z","2026-06-25T19:45:00.000Z","30.988483","","false","FINAL_BOXSCORE_STRIKEOUTS","game_id y pitcher_id coinciden; actual_k final válido"
"823209","2026-06-25","away","Jeffrey Springs","","","","","","Jeffrey Springs","605488","FINAL_BOXSCORE_PLAYER_ID","","PREGAME_ID_MISSING","2026-06-25T19:14:00.691Z","2026-06-25T19:45:00.000Z","30.988483","","false","","El snapshot no contiene ID explícito ni ID auxiliar verificable para este lado"
"823210","2026-06-23","home","Robbie Ray","592662","LINESCORE_DEFENSE_PITCHER","HIGH","NOT_VERIFIABLE","true","Robbie Ray","592662","FINAL_BOXSCORE_PLAYER_ID","6","MATCHED","2026-06-24T00:56:24.408Z","2026-06-24T01:45:00.000Z","48.5932","","false","FINAL_BOXSCORE_STRIKEOUTS","game_id y pitcher_id coinciden; actual_k final válido"
"823210","2026-06-23","away","Aaron Civale","","","","","","Aaron Civale","650644","FINAL_BOXSCORE_PLAYER_ID","","PREGAME_ID_MISSING","2026-06-24T00:56:24.408Z","2026-06-24T01:45:00.000Z","48.5932","","false","","El snapshot no contiene ID explícito ni ID auxiliar verificable para este lado"
"823211","2026-06-12","home","Landen Roupp","","","","","","Landen Roupp","","","","PREGAME_ID_MISSING","2026-06-13T01:26:01.805Z","2026-06-13T02:15:00.000Z","48.969917","","false","","El snapshot no contiene ID explícito ni ID auxiliar verificable para este lado"
"823211","2026-06-12","away","Javier Assad","","","","","","Javier Assad","","","","PREGAME_ID_MISSING","2026-06-13T01:26:01.805Z","2026-06-13T02:15:00.000Z","48.969917","","false","","El snapshot no contiene ID explícito ni ID auxiliar verificable para este lado"
"823212","2026-06-14","home","Logan Webb","","","","","","Logan Webb","","","","PREGAME_ID_MISSING","2026-06-14T18:09:00.920Z","2026-06-14T19:10:00.000Z","60.984667","","false","","El snapshot no contiene ID explícito ni ID auxiliar verificable para este lado"
"823212","2026-06-14","away","Ryan Rolison","","","","","","Ryan Rolison","","","","PREGAME_ID_MISSING","2026-06-14T18:09:00.920Z","2026-06-14T19:10:00.000Z","60.984667","","false","","El snapshot no contiene ID explícito ni ID auxiliar verificable para este lado"
"823213","2026-06-13","home","Trevor McDonald","","","","","","Trevor McDonald","","","","PREGAME_ID_MISSING","2026-06-14T00:28:35.021Z","2026-06-14T02:05:00.000Z","96.416317","","false","","El snapshot no contiene ID explícito ni ID auxiliar verificable para este lado"
"823213","2026-06-13","away","Ben Brown","","","","","","Ben Brown","","","","PREGAME_ID_MISSING","2026-06-14T00:28:35.021Z","2026-06-14T02:05:00.000Z","96.416317","","false","","El snapshot no contiene ID explícito ni ID auxiliar verificable para este lado"
"823255","2026-08-26","home","Randy Vásquez","681190","PITCHERS_PITCHER_ID","HIGH","","","Randy Vásquez","681190","FINAL_BOXSCORE_PLAYER_ID","2","MATCHED","2026-08-26T17:49:13.800Z","2026-08-26T20:10:00.000Z","140.77","","false","FINAL_BOXSCORE_STRIKEOUTS","game_id y pitcher_id coinciden; actual_k final válido"
"823255","2026-08-26","away","Bubba Chandler","696149","PITCHERS_PITCHER_ID","HIGH","","","Bubba Chandler","696149","FINAL_BOXSCORE_PLAYER_ID","3","MATCHED","2026-08-26T17:49:13.800Z","2026-08-26T20:10:00.000Z","140.77","","false","FINAL_BOXSCORE_STRIKEOUTS","game_id y pitcher_id coinciden; actual_k final válido"
"823259","2026-08-25","home","Michael King","","","","","","Michael King","650633","FINAL_BOXSCORE_PLAYER_ID","","PREGAME_ID_MISSING","2026-08-25T13:36:08.150Z","2026-08-26T01:40:00.000Z","723.864167","","false","","El snapshot no contiene ID explícito ni ID auxiliar verificable para este lado"
"823259","2026-08-25","away","Paul Skenes","","","","","","Paul Skenes","694973","FINAL_BOXSCORE_PLAYER_ID","","PREGAME_ID_MISSING","2026-08-25T13:36:08.150Z","2026-08-26T01:40:00.000Z","723.864167","","false","","El snapshot no contiene ID explícito ni ID auxiliar verificable para este lado"
"823273","2026-07-29","home","Kyle Hart","","","","","","Kyle Hart","606996","FINAL_BOXSCORE_PLAYER_ID","","PREGAME_ID_MISSING","2026-07-29T18:55:56.883Z","2026-07-29T20:10:00.000Z","74.05195","","false","","El snapshot no contiene ID explícito ni ID auxiliar verificable para este lado"
"823273","2026-07-29","away","Gabriel Hughes","","","","","","Gabriel Hughes","687312","FINAL_BOXSCORE_PLAYER_ID","","PREGAME_ID_MISSING","2026-07-29T18:55:56.883Z","2026-07-29T20:10:00.000Z","74.05195","","false","","El snapshot no contiene ID explícito ni ID auxiliar verificable para este lado"
"823274","2026-07-12","home","Germán Márquez","608566","LINESCORE_DEFENSE_PITCHER","HIGH","NOT_VERIFIABLE","true","Germán Márquez","608566","FINAL_BOXSCORE_PLAYER_ID","4","MATCHED","2026-07-12T20:00:28.738Z","2026-07-12T20:10:00.000Z","9.521033","","false","FINAL_BOXSCORE_STRIKEOUTS","game_id y pitcher_id coinciden; actual_k final válido"
"823274","2026-07-12","away","Kevin Gausman","","","","","","Kevin Gausman","592332","FINAL_BOXSCORE_PLAYER_ID","","PREGAME_ID_MISSING","2026-07-12T20:00:28.738Z","2026-07-12T20:10:00.000Z","9.521033","","false","","El snapshot no contiene ID explícito ni ID auxiliar verificable para este lado"
"823276","2026-07-11","home","Walker Buehler","621111","LINESCORE_DEFENSE_PITCHER","HIGH","NOT_VERIFIABLE","true","Walker Buehler","621111","FINAL_BOXSCORE_PLAYER_ID","1","MATCHED","2026-07-11T21:45:50.826Z","2026-07-12T00:40:00.000Z","174.1529","","false","FINAL_BOXSCORE_STRIKEOUTS","game_id y pitcher_id coinciden; actual_k final válido"
"823276","2026-07-11","away","Trey Yesavage","","","","","","Trey Yesavage","702056","FINAL_BOXSCORE_PLAYER_ID","","PREGAME_ID_MISSING","2026-07-11T21:45:50.826Z","2026-07-12T00:40:00.000Z","174.1529","","false","","El snapshot no contiene ID explícito ni ID auxiliar verificable para este lado"
"823277","2026-07-09","home","Griffin Canning","","","","","","Griffin Canning","656288","FINAL_BOXSCORE_PLAYER_ID","","PREGAME_ID_MISSING","2026-07-09T21:01:22.272Z","2026-07-10T01:40:00.000Z","278.6288","","false","","El snapshot no contiene ID explícito ni ID auxiliar verificable para este lado"
"823277","2026-07-09","away","Merrill Kelly","","","","","","Merrill Kelly","518876","FINAL_BOXSCORE_PLAYER_ID","","PREGAME_ID_MISSING","2026-07-09T21:01:22.272Z","2026-07-10T01:40:00.000Z","278.6288","","false","","El snapshot no contiene ID explícito ni ID auxiliar verificable para este lado"
"823278","2026-07-10","home","JP Sears","","","","","","JP Sears","676664","FINAL_BOXSCORE_PLAYER_ID","","PREGAME_ID_MISSING","2026-07-10T20:34:45.580Z","2026-07-11T01:40:00.000Z","305.240333","","false","","El snapshot no contiene ID explícito ni ID auxiliar verificable para este lado"
"823278","2026-07-10","away","Shane Bieber","","","","","","Shane Bieber","669456","FINAL_BOXSCORE_PLAYER_ID","","PREGAME_ID_MISSING","2026-07-10T20:34:45.580Z","2026-07-11T01:40:00.000Z","305.240333","","false","","El snapshot no contiene ID explícito ni ID auxiliar verificable para este lado"
"823279","2026-07-08","home","Michael King","650633","LINESCORE_DEFENSE_PITCHER","HIGH","NOT_VERIFIABLE","true","Michael King","650633","FINAL_BOXSCORE_PLAYER_ID","4","MATCHED","2026-07-09T01:49:33.799Z","2026-07-09T02:10:00.000Z","20.436683","","false","FINAL_BOXSCORE_STRIKEOUTS","game_id y pitcher_id coinciden; actual_k final válido"
"823279","2026-07-08","away","Jose Cabrera","","","","","","Jose Cabrera","703615","FINAL_BOXSCORE_PLAYER_ID","","PREGAME_ID_MISSING","2026-07-09T01:49:33.799Z","2026-07-09T02:10:00.000Z","20.436683","","false","","El snapshot no contiene ID explícito ni ID auxiliar verificable para este lado"
"823280","2026-07-07","home","Germán Márquez","608566","LINESCORE_DEFENSE_PITCHER","HIGH","NOT_VERIFIABLE","true","Germán Márquez","608566","FINAL_BOXSCORE_PLAYER_ID","4","MATCHED","2026-07-08T01:39:47.411Z","2026-07-08T01:40:00.000Z","0.209817","","false","FINAL_BOXSCORE_STRIKEOUTS","game_id y pitcher_id coinciden; actual_k final válido"
"823280","2026-07-07","away","Zac Gallen","","","","","","Zac Gallen","668678","FINAL_BOXSCORE_PLAYER_ID","","PREGAME_ID_MISSING","2026-07-08T01:39:47.411Z","2026-07-08T01:40:00.000Z","0.209817","","false","","El snapshot no contiene ID explícito ni ID auxiliar verificable para este lado"
"823281","2026-06-28","home","Michael King","650633","LINESCORE_DEFENSE_PITCHER","HIGH","NOT_VERIFIABLE","true","Michael King","650633","FINAL_BOXSCORE_PLAYER_ID","5","MATCHED","2026-06-28T20:04:12.901Z","2026-06-28T20:10:00.000Z","5.784983","","false","FINAL_BOXSCORE_STRIKEOUTS","game_id y pitcher_id coinciden; actual_k final válido"
"823281","2026-06-28","away","Emmet Sheehan","","","","","","Emmet Sheehan","686218","FINAL_BOXSCORE_PLAYER_ID","","PREGAME_ID_MISSING","2026-06-28T20:04:12.901Z","2026-06-28T20:10:00.000Z","5.784983","","false","","El snapshot no contiene ID explícito ni ID auxiliar verificable para este lado"
"823282","2026-07-06","home","Walker Buehler","621111","LINESCORE_DEFENSE_PITCHER","HIGH","NOT_VERIFIABLE","true","Walker Buehler","621111","FINAL_BOXSCORE_PLAYER_ID","4","MATCHED","2026-07-07T01:30:49.596Z","2026-07-07T01:40:00.000Z","9.1734","","false","FINAL_BOXSCORE_STRIKEOUTS","game_id y pitcher_id coinciden; actual_k final válido"
"823282","2026-07-06","away","Brandon Pfaadt","","","","","","Brandon Pfaadt","694297","FINAL_BOXSCORE_PLAYER_ID","","PREGAME_ID_MISSING","2026-07-07T01:30:49.596Z","2026-07-07T01:40:00.000Z","9.1734","","false","","El snapshot no contiene ID explícito ni ID auxiliar verificable para este lado"
"823283","2026-06-27","home","Kyle Hart","606996","LINESCORE_DEFENSE_PITCHER","HIGH","NOT_VERIFIABLE","true","Kyle Hart","606996","FINAL_BOXSCORE_PLAYER_ID","2","MATCHED","2026-06-28T00:35:48.129Z","2026-06-28T00:40:00.000Z","4.19785","","false","FINAL_BOXSCORE_STRIKEOUTS","game_id y pitcher_id coinciden; actual_k final válido"
"823283","2026-06-27","away","Yoshinobu Yamamoto","","","","","","Yoshinobu Yamamoto","808967","FINAL_BOXSCORE_PLAYER_ID","","PREGAME_ID_MISSING","2026-06-28T00:35:48.129Z","2026-06-28T00:40:00.000Z","4.19785","","false","","El snapshot no contiene ID explícito ni ID auxiliar verificable para este lado"
"823284","2026-06-24","home","JP Sears","676664","LINESCORE_DEFENSE_PITCHER","HIGH","NOT_VERIFIABLE","true","JP Sears","676664","FINAL_BOXSCORE_PLAYER_ID","5","MATCHED","2026-06-24T21:17:26.489Z","2026-06-25T00:40:00.000Z","202.558517","","false","FINAL_BOXSCORE_STRIKEOUTS","game_id y pitcher_id coinciden; actual_k final válido"
"823284","2026-06-24","away","Martín Pérez","","","","","","Martín Pérez","527048","FINAL_BOXSCORE_PLAYER_ID","","PREGAME_ID_MISSING","2026-06-24T21:17:26.489Z","2026-06-25T00:40:00.000Z","202.558517","","false","","El snapshot no contiene ID explícito ni ID auxiliar verificable para este lado"
"823285","2026-06-26","home","Walker Buehler","621111","LINESCORE_DEFENSE_PITCHER","HIGH","NOT_VERIFIABLE","true","Walker Buehler","621111","FINAL_BOXSCORE_PLAYER_ID","5","MATCHED","2026-06-27T01:36:22.205Z","2026-06-27T01:45:00.000Z","8.629917","","false","FINAL_BOXSCORE_STRIKEOUTS","game_id y pitcher_id coinciden; actual_k final válido"
"823285","2026-06-26","away","Roki Sasaki","","","","","","Roki Sasaki","808963","FINAL_BOXSCORE_PLAYER_ID","","PREGAME_ID_MISSING","2026-06-27T01:36:22.205Z","2026-06-27T01:45:00.000Z","8.629917","","false","","El snapshot no contiene ID explícito ni ID auxiliar verificable para este lado"
"823286","2026-06-23","home","Wandy Peralta","593974","LINESCORE_DEFENSE_PITCHER","HIGH","NOT_VERIFIABLE","true","Wandy Peralta","593974","FINAL_BOXSCORE_PLAYER_ID","2","MATCHED","2026-06-24T00:56:27.529Z","2026-06-24T01:40:00.000Z","43.541183","","false","FINAL_BOXSCORE_STRIKEOUTS","game_id y pitcher_id coinciden; actual_k final válido"
"823286","2026-06-23","away","JR Ritchie","","","","","","JR Ritchie","702275","FINAL_BOXSCORE_PLAYER_ID","","PREGAME_ID_MISSING","2026-06-24T00:56:27.529Z","2026-06-24T01:40:00.000Z","43.541183","","false","","El snapshot no contiene ID explícito ni ID auxiliar verificable para este lado"
"823288","2026-06-22","home","Michael King","","","","","","Michael King","650633","FINAL_BOXSCORE_PLAYER_ID","","PREGAME_ID_MISSING","2026-06-23T01:16:50.787Z","2026-06-23T02:10:00.000Z","53.15355","","false","","El snapshot no contiene ID explícito ni ID auxiliar verificable para este lado"
"823288","2026-06-22","away","Grant Holmes","","","","","","Grant Holmes","656550","FINAL_BOXSCORE_PLAYER_ID","","PREGAME_ID_MISSING","2026-06-23T01:16:50.787Z","2026-06-23T02:10:00.000Z","53.15355","","false","","El snapshot no contiene ID explícito ni ID auxiliar verificable para este lado"
"823346","2026-08-14","home","Bubba Chandler","","","","","","Bubba Chandler","696149","FINAL_BOXSCORE_PLAYER_ID","","PREGAME_ID_MISSING","2026-08-14T13:34:28.132Z","2026-08-14T22:40:00.000Z","545.531133","","false","","El snapshot no contiene ID explícito ni ID auxiliar verificable para este lado"
"823346","2026-08-14","away","Jake Bennett","","","","","","Jake Bennett","687562","FINAL_BOXSCORE_PLAYER_ID","","PREGAME_ID_MISSING","2026-08-14T13:34:28.132Z","2026-08-14T22:40:00.000Z","545.531133","","false","","El snapshot no contiene ID explícito ni ID auxiliar verificable para este lado"
"823351","2026-07-29","home","Jared Jones","683003","LINESCORE_DEFENSE_PITCHER","HIGH","NOT_VERIFIABLE","true","Jared Jones","683003","FINAL_BOXSCORE_PLAYER_ID","5","MATCHED","2026-07-29T14:56:03.456Z","2026-07-29T16:35:00.000Z","98.9424","","false","FINAL_BOXSCORE_STRIKEOUTS","game_id y pitcher_id coinciden; actual_k final válido"
"823351","2026-07-29","away","Eduardo Rodriguez","","","","","","Eduardo Rodriguez","593958","FINAL_BOXSCORE_PLAYER_ID","","PREGAME_ID_MISSING","2026-07-29T14:56:03.456Z","2026-07-29T16:35:00.000Z","98.9424","","false","","El snapshot no contiene ID explícito ni ID auxiliar verificable para este lado"
"823352","2026-07-24","home","Jared Jones","","","","","","Jared Jones","683003","FINAL_BOXSCORE_PLAYER_ID","","PREGAME_ID_MISSING","2026-07-24T19:49:19.859Z","2026-07-24T22:40:00.000Z","170.669017","","false","","El snapshot no contiene ID explícito ni ID auxiliar verificable para este lado"
"823352","2026-07-24","away","Matthew Boyd","","","","","","Matthew Boyd","571510","FINAL_BOXSCORE_PLAYER_ID","","PREGAME_ID_MISSING","2026-07-24T19:49:19.859Z","2026-07-24T22:40:00.000Z","170.669017","","false","","El snapshot no contiene ID explícito ni ID auxiliar verificable para este lado"
"823353","2026-07-27","home","Mitch Keller","","","","","","Mitch Keller","656605","FINAL_BOXSCORE_PLAYER_ID","","PREGAME_ID_MISSING","2026-07-27T13:37:05.005Z","2026-07-27T22:40:00.000Z","542.916583","","false","","El snapshot no contiene ID explícito ni ID auxiliar verificable para este lado"
"823353","2026-07-27","away","Merrill Kelly","","","","","","Merrill Kelly","518876","FINAL_BOXSCORE_PLAYER_ID","","PREGAME_ID_MISSING","2026-07-27T13:37:05.005Z","2026-07-27T22:40:00.000Z","542.916583","","false","","El snapshot no contiene ID explícito ni ID auxiliar verificable para este lado"
"823355","2026-07-25","home","Paul Skenes","","","","","","Paul Skenes","694973","FINAL_BOXSCORE_PLAYER_ID","","PREGAME_ID_MISSING","2026-07-25T13:36:22.120Z","2026-07-25T22:40:00.000Z","543.631333","","false","","El snapshot no contiene ID explícito ni ID auxiliar verificable para este lado"
"823355","2026-07-25","away","Shota Imanaga","","","","","","Shota Imanaga","684007","FINAL_BOXSCORE_PLAYER_ID","","PREGAME_ID_MISSING","2026-07-25T13:36:22.120Z","2026-07-25T22:40:00.000Z","543.631333","","false","","El snapshot no contiene ID explícito ni ID auxiliar verificable para este lado"
"823356","2026-07-11","home","Bubba Chandler","","","","","","Bubba Chandler","696149","FINAL_BOXSCORE_PLAYER_ID","","PREGAME_ID_MISSING","2026-07-11T15:44:50.481Z","2026-07-11T20:05:00.000Z","260.15865","","false","","El snapshot no contiene ID explícito ni ID auxiliar verificable para este lado"
"823356","2026-07-11","away","Shane Drohan","","","","","","Shane Drohan","675660","FINAL_BOXSCORE_PLAYER_ID","","PREGAME_ID_MISSING","2026-07-11T15:44:50.481Z","2026-07-11T20:05:00.000Z","260.15865","","false","","El snapshot no contiene ID explícito ni ID auxiliar verificable para este lado"
"823359","2026-07-09","home","Mitch Keller","656605","LINESCORE_DEFENSE_PITCHER","HIGH","NOT_VERIFIABLE","true","Mitch Keller","656605","FINAL_BOXSCORE_PLAYER_ID","3","MATCHED","2026-07-09T16:27:36.919Z","2026-07-09T16:35:00.000Z","7.384683","","false","FINAL_BOXSCORE_STRIKEOUTS","game_id y pitcher_id coinciden; actual_k final válido"
"823359","2026-07-09","away","Bryce Elder","","","","","","Bryce Elder","693821","FINAL_BOXSCORE_PLAYER_ID","","PREGAME_ID_MISSING","2026-07-09T16:27:36.919Z","2026-07-09T16:35:00.000Z","7.384683","","false","","El snapshot no contiene ID explícito ni ID auxiliar verificable para este lado"
"823360","2026-07-08","home","Jared Jones","683003","LINESCORE_DEFENSE_PITCHER","HIGH","NOT_VERIFIABLE","true","Jared Jones","683003","FINAL_BOXSCORE_PLAYER_ID","8","MATCHED","2026-07-08T20:22:34.743Z","2026-07-08T22:40:00.000Z","137.42095","","false","FINAL_BOXSCORE_STRIKEOUTS","game_id y pitcher_id coinciden; actual_k final válido"
"823360","2026-07-08","away","Grant Holmes","","","","","","Grant Holmes","656550","FINAL_BOXSCORE_PLAYER_ID","","PREGAME_ID_MISSING","2026-07-08T20:22:34.743Z","2026-07-08T22:40:00.000Z","137.42095","","false","","El snapshot no contiene ID explícito ni ID auxiliar verificable para este lado"
"823361","2026-07-07","home","Paul Skenes","694973","LINESCORE_DEFENSE_PITCHER","HIGH","NOT_VERIFIABLE","true","Paul Skenes","694973","FINAL_BOXSCORE_PLAYER_ID","4","MATCHED","2026-07-07T21:48:11.685Z","2026-07-07T22:40:00.000Z","51.80525","","false","FINAL_BOXSCORE_STRIKEOUTS","game_id y pitcher_id coinciden; actual_k final válido"
"823361","2026-07-07","away","Hurston Waldrep","","","","","","Hurston Waldrep","694462","FINAL_BOXSCORE_PLAYER_ID","","PREGAME_ID_MISSING","2026-07-07T21:48:11.685Z","2026-07-07T22:40:00.000Z","51.80525","","false","","El snapshot no contiene ID explícito ni ID auxiliar verificable para este lado"
"823362","2026-06-28","home","Mitch Keller","656605","LINESCORE_DEFENSE_PITCHER","HIGH","NOT_VERIFIABLE","true","Mitch Keller","656605","FINAL_BOXSCORE_PLAYER_ID","4","MATCHED","2026-06-28T17:25:15.982Z","2026-06-28T17:35:00.000Z","9.733633","","false","FINAL_BOXSCORE_STRIKEOUTS","game_id y pitcher_id coinciden; actual_k final válido"
"823362","2026-06-28","away","Brady Singer","","","","","","Brady Singer","663903","FINAL_BOXSCORE_PLAYER_ID","","PREGAME_ID_MISSING","2026-06-28T17:25:15.982Z","2026-06-28T17:35:00.000Z","9.733633","","false","","El snapshot no contiene ID explícito ni ID auxiliar verificable para este lado"
"823363","2026-06-26","home","Paul Skenes","694973","LINESCORE_DEFENSE_PITCHER","HIGH","NOT_VERIFIABLE","true","Paul Skenes","694973","FINAL_BOXSCORE_PLAYER_ID","7","MATCHED","2026-06-26T22:38:26.833Z","2026-06-26T22:40:00.000Z","1.552783","","false","FINAL_BOXSCORE_STRIKEOUTS","game_id y pitcher_id coinciden; actual_k final válido"
"823363","2026-06-26","away","Andrew Abbott","","","","","","Andrew Abbott","671096","FINAL_BOXSCORE_PLAYER_ID","","PREGAME_ID_MISSING","2026-06-26T22:38:26.833Z","2026-06-26T22:40:00.000Z","1.552783","","false","","El snapshot no contiene ID explícito ni ID auxiliar verificable para este lado"
"823365","2026-06-23","home","Mitch Keller","656605","LINESCORE_DEFENSE_PITCHER","HIGH","NOT_VERIFIABLE","true","Mitch Keller","656605","FINAL_BOXSCORE_PLAYER_ID","4","MATCHED","2026-06-23T21:42:11.761Z","2026-06-23T22:40:00.000Z","57.803983","","false","FINAL_BOXSCORE_STRIKEOUTS","game_id y pitcher_id coinciden; actual_k final válido"
"823365","2026-06-23","away","George Kirby","","","","","","George Kirby","669923","FINAL_BOXSCORE_PLAYER_ID","","PREGAME_ID_MISSING","2026-06-23T21:42:11.761Z","2026-06-23T22:40:00.000Z","57.803983","","false","","El snapshot no contiene ID explícito ni ID auxiliar verificable para este lado"
"823366","2026-06-25","home","Bubba Chandler","696149","LINESCORE_DEFENSE_PITCHER","HIGH","NOT_VERIFIABLE","true","Bubba Chandler","696149","FINAL_BOXSCORE_PLAYER_ID","4","MATCHED","2026-06-25T16:32:55.474Z","2026-06-25T16:35:00.000Z","2.075433","","false","FINAL_BOXSCORE_STRIKEOUTS","game_id y pitcher_id coinciden; actual_k final válido"
"823366","2026-06-25","away","Bryce Miller","","","","","","Bryce Miller","682243","FINAL_BOXSCORE_PLAYER_ID","","PREGAME_ID_MISSING","2026-06-25T16:32:55.474Z","2026-06-25T16:35:00.000Z","2.075433","","false","","El snapshot no contiene ID explícito ni ID auxiliar verificable para este lado"
"823367","2026-06-24","home","Braxton Ashcraft","677952","LINESCORE_DEFENSE_PITCHER","HIGH","NOT_VERIFIABLE","true","Braxton Ashcraft","677952","FINAL_BOXSCORE_PLAYER_ID","10","MATCHED","2026-06-24T21:17:29.196Z","2026-06-24T22:40:00.000Z","82.5134","","false","FINAL_BOXSCORE_STRIKEOUTS","game_id y pitcher_id coinciden; actual_k final válido"
"823367","2026-06-24","away","Bryan Woo","","","","","","Bryan Woo","693433","FINAL_BOXSCORE_PLAYER_ID","","PREGAME_ID_MISSING","2026-06-24T21:17:29.196Z","2026-06-24T22:40:00.000Z","82.5134","","false","","El snapshot no contiene ID explícito ni ID auxiliar verificable para este lado"
"823368","2026-06-14","home","Paul Skenes","","","","","","Paul Skenes","","","","PREGAME_ID_MISSING","2026-06-14T15:58:52.154Z","2026-06-14T16:15:00.000Z","16.130767","","false","","El snapshot no contiene ID explícito ni ID auxiliar verificable para este lado"
"823368","2026-06-14","away","Max Meyer","","","","","","Max Meyer","","","","PREGAME_ID_MISSING","2026-06-14T15:58:52.154Z","2026-06-14T16:15:00.000Z","16.130767","","false","","El snapshot no contiene ID explícito ni ID auxiliar verificable para este lado"
"823369","2026-06-13","home","Bubba Chandler","","","","","","Bubba Chandler","","","","PREGAME_ID_MISSING","2026-06-13T15:26:29.415Z","2026-06-13T20:05:00.000Z","278.50975","","false","","El snapshot no contiene ID explícito ni ID auxiliar verificable para este lado"
"823369","2026-06-13","away","Lake Bachar","","","","","","Lake Bachar","","","","PREGAME_ID_MISSING","2026-06-13T15:26:29.415Z","2026-06-13T20:05:00.000Z","278.50975","","false","","El snapshot no contiene ID explícito ni ID auxiliar verificable para este lado"
"823370","2026-06-12","home","Braxton Ashcraft","","","","","","Braxton Ashcraft","","","","PREGAME_ID_MISSING","2026-06-12T21:11:23.533Z","2026-06-12T22:40:00.000Z","88.607783","","false","","El snapshot no contiene ID explícito ni ID auxiliar verificable para este lado"
"823370","2026-06-12","away","Sandy Alcantara","","","","","","Sandy Alcantara","","","","PREGAME_ID_MISSING","2026-06-12T21:11:23.533Z","2026-06-12T22:40:00.000Z","88.607783","","false","","El snapshot no contiene ID explícito ni ID auxiliar verificable para este lado"
"823434","2026-07-24","home","Jesús Luzardo","666200","LINESCORE_DEFENSE_PITCHER","HIGH","NOT_VERIFIABLE","true","Jesús Luzardo","666200","FINAL_BOXSCORE_PLAYER_ID","9","MATCHED","2026-07-24T19:49:23.777Z","2026-07-24T22:45:00.000Z","175.603717","","false","FINAL_BOXSCORE_STRIKEOUTS","game_id y pitcher_id coinciden; actual_k final válido"
"823434","2026-07-24","away","Cam Schlittler","","","","","","Cam Schlittler","693645","FINAL_BOXSCORE_PLAYER_ID","","PREGAME_ID_MISSING","2026-07-24T19:49:23.777Z","2026-07-24T22:45:00.000Z","175.603717","","false","","El snapshot no contiene ID explícito ni ID auxiliar verificable para este lado"
"823435","2026-07-25","home","Por definir","","","","","","Tim Mayza","641835","FINAL_BOXSCORE_PLAYER_ID","","PREGAME_ID_MISSING","2026-07-25T13:36:14.922Z","2026-07-25T22:05:00.000Z","508.7513","","false","","El snapshot no contiene ID explícito ni ID auxiliar verificable para este lado"
"823435","2026-07-25","away","Ryan Weathers","","","","","","Ryan Weathers","677960","FINAL_BOXSCORE_PLAYER_ID","","PREGAME_ID_MISSING","2026-07-25T13:36:14.922Z","2026-07-25T22:05:00.000Z","508.7513","","false","","El snapshot no contiene ID explícito ni ID auxiliar verificable para este lado"
"823436","2026-07-20","home","Cristopher Sánchez","","","","","","Cristopher Sánchez","650911","FINAL_BOXSCORE_PLAYER_ID","","PREGAME_ID_MISSING","2026-07-20T16:37:50.651Z","2026-07-20T23:10:00.000Z","392.155817","","false","","El snapshot no contiene ID explícito ni ID auxiliar verificable para este lado"
"823436","2026-07-20","away","Emmet Sheehan","","","","","","Emmet Sheehan","686218","FINAL_BOXSCORE_PLAYER_ID","","PREGAME_ID_MISSING","2026-07-20T16:37:50.651Z","2026-07-20T23:10:00.000Z","392.155817","","false","","El snapshot no contiene ID explícito ni ID auxiliar verificable para este lado"
"823438","2026-07-22","home","Aaron Nola","","","","","","Aaron Nola","605400","FINAL_BOXSCORE_PLAYER_ID","","PREGAME_ID_MISSING","2026-07-22T19:27:58.376Z","2026-07-22T22:40:00.000Z","192.027067","","false","","El snapshot no contiene ID explícito ni ID auxiliar verificable para este lado"
"823438","2026-07-22","away","Eric Lauer","","","","","","Eric Lauer","641778","FINAL_BOXSCORE_PLAYER_ID","","PREGAME_ID_MISSING","2026-07-22T19:27:58.376Z","2026-07-22T22:40:00.000Z","192.027067","","false","","El snapshot no contiene ID explícito ni ID auxiliar verificable para este lado"
"823440","2026-07-16","home","Aaron Nola","","","","","","Aaron Nola","605400","FINAL_BOXSCORE_PLAYER_ID","","PREGAME_ID_MISSING","2026-07-16T13:55:37.475Z","2026-07-16T22:10:00.000Z","494.375417","","false","","El snapshot no contiene ID explícito ni ID auxiliar verificable para este lado"
"823440","2026-07-16","away","Christian Scott","","","","","","Christian Scott","681035","FINAL_BOXSCORE_PLAYER_ID","","PREGAME_ID_MISSING","2026-07-16T13:55:37.475Z","2026-07-16T22:10:00.000Z","494.375417","","false","","El snapshot no contiene ID explícito ni ID auxiliar verificable para este lado"
"823441","2026-07-18","home","Jesús Luzardo","","","","","","Jesús Luzardo","666200","FINAL_BOXSCORE_PLAYER_ID","","PREGAME_ID_MISSING","2026-07-18T15:24:23.561Z","2026-07-18T19:05:00.000Z","220.607317","","false","","El snapshot no contiene ID explícito ni ID auxiliar verificable para este lado"
"823441","2026-07-18","away","Sean Manaea","","","","","","Sean Manaea","640455","FINAL_BOXSCORE_PLAYER_ID","","PREGAME_ID_MISSING","2026-07-18T15:24:23.561Z","2026-07-18T19:05:00.000Z","220.607317","","false","","El snapshot no contiene ID explícito ni ID auxiliar verificable para este lado"
"823442","2026-07-02","home","Alan Rangel","","","","","","Alan Rangel","660604","FINAL_BOXSCORE_PLAYER_ID","","PREGAME_ID_MISSING","2026-07-02T14:17:08.080Z","2026-07-02T16:35:00.000Z","137.865333","","false","","El snapshot no contiene ID explícito ni ID auxiliar verificable para este lado"
"823442","2026-07-02","away","Jared Jones","","","","","","Jared Jones","683003","FINAL_BOXSCORE_PLAYER_ID","","PREGAME_ID_MISSING","2026-07-02T14:17:08.080Z","2026-07-02T16:35:00.000Z","137.865333","","false","","El snapshot no contiene ID explícito ni ID auxiliar verificable para este lado"
"823444","2026-06-29","home","Aaron Nola","","","","","","Aaron Nola","605400","FINAL_BOXSCORE_PLAYER_ID","","PREGAME_ID_MISSING","2026-06-29T20:07:22.161Z","2026-06-29T22:40:00.000Z","152.63065","","false","","El snapshot no contiene ID explícito ni ID auxiliar verificable para este lado"
"823444","2026-06-29","away","Braxton Ashcraft","","","","","","Braxton Ashcraft","677952","FINAL_BOXSCORE_PLAYER_ID","","PREGAME_ID_MISSING","2026-06-29T20:07:22.161Z","2026-06-29T22:40:00.000Z","152.63065","","false","","El snapshot no contiene ID explícito ni ID auxiliar verificable para este lado"
"823445","2026-06-30","home","Cristopher Sánchez","","","","","","Cristopher Sánchez","","","","PREGAME_ID_MISSING","2026-06-30T19:20:31.089Z","2026-06-30T22:40:00.000Z","199.48185","","false","","El snapshot no contiene ID explícito ni ID auxiliar verificable para este lado"
"823445","2026-06-30","away","Bubba Chandler","","","","","","Bubba Chandler","","","","PREGAME_ID_MISSING","2026-06-30T19:20:31.089Z","2026-06-30T22:40:00.000Z","199.48185","","false","","El snapshot no contiene ID explícito ni ID auxiliar verificable para este lado"
"823446","2026-07-01","home","Zack Wheeler","554430","LINESCORE_DEFENSE_PITCHER","HIGH","NOT_VERIFIABLE","true","Zack Wheeler","","","","FINAL_ID_MISSING","2026-07-01T21:55:21.941Z","2026-07-01T22:40:00.000Z","44.634317","","false","","No existe documento final válido para el game_id"
"823446","2026-07-01","away","Paul Skenes","","","","","","Paul Skenes","","","","FINAL_ID_MISSING","2026-07-01T21:55:21.941Z","2026-07-01T22:40:00.000Z","44.634317","","false","","No existe documento final válido para el game_id"
"823447","2026-06-20","home","Cristopher Sánchez","","","","","","Cristopher Sánchez","650911","FINAL_BOXSCORE_PLAYER_ID","","PREGAME_ID_MISSING","2026-06-20T22:52:38.786Z","2026-06-20T23:15:00.000Z","22.353567","","false","","El snapshot no contiene ID explícito ni ID auxiliar verificable para este lado"
"823447","2026-06-20","away","Freddy Peralta","","","","","","Freddy Peralta","642547","FINAL_BOXSCORE_PLAYER_ID","","PREGAME_ID_MISSING","2026-06-20T22:52:38.786Z","2026-06-20T23:15:00.000Z","22.353567","","false","","El snapshot no contiene ID explícito ni ID auxiliar verificable para este lado"
"823448","2026-06-18","home","Aaron Nola","","","","","","Aaron Nola","605400","FINAL_BOXSCORE_PLAYER_ID","","PREGAME_ID_MISSING","2026-06-18T22:29:39.621Z","2026-06-18T22:40:00.000Z","10.33965","","false","","El snapshot no contiene ID explícito ni ID auxiliar verificable para este lado"
"823448","2026-06-18","away","Sean Manaea","","","","","","Sean Manaea","640455","FINAL_BOXSCORE_PLAYER_ID","","PREGAME_ID_MISSING","2026-06-18T22:29:39.621Z","2026-06-18T22:40:00.000Z","10.33965","","false","","El snapshot no contiene ID explícito ni ID auxiliar verificable para este lado"
"823449","2026-06-21","home","Zack Wheeler","","","","","","Zack Wheeler","554430","FINAL_BOXSCORE_PLAYER_ID","","PREGAME_ID_MISSING","2026-06-21T22:30:54.902Z","2026-06-21T23:20:00.000Z","49.084967","","false","","El snapshot no contiene ID explícito ni ID auxiliar verificable para este lado"
"823449","2026-06-21","away","David Peterson","","","","","","David Peterson","656849","FINAL_BOXSCORE_PLAYER_ID","","PREGAME_ID_MISSING","2026-06-21T22:30:54.902Z","2026-06-21T23:20:00.000Z","49.084967","","false","","El snapshot no contiene ID explícito ni ID auxiliar verificable para este lado"
"823450","2026-06-17","home","Andrew Painter","","","","","","Andrew Painter","691725","FINAL_BOXSCORE_PLAYER_ID","","PREGAME_ID_MISSING","2026-06-17T17:04:20.370Z","2026-06-17T17:05:00.000Z","0.6605","","false","","El snapshot no contiene ID explícito ni ID auxiliar verificable para este lado"
"823450","2026-06-17","away","Sandy Alcantara","","","","","","Sandy Alcantara","645261","FINAL_BOXSCORE_PLAYER_ID","","PREGAME_ID_MISSING","2026-06-17T17:04:20.370Z","2026-06-17T17:05:00.000Z","0.6605","","false","","El snapshot no contiene ID explícito ni ID auxiliar verificable para este lado"
"823451","2026-06-16","home","Jesús Luzardo","","","","","","Jesús Luzardo","666200","FINAL_BOXSCORE_PLAYER_ID","","PREGAME_ID_MISSING","2026-06-16T20:58:49.583Z","2026-06-16T22:40:00.000Z","101.173617","","false","","El snapshot no contiene ID explícito ni ID auxiliar verificable para este lado"
"823451","2026-06-16","away","Tyler Phillips","","","","","","Tyler Phillips","663969","FINAL_BOXSCORE_PLAYER_ID","","PREGAME_ID_MISSING","2026-06-16T20:58:49.583Z","2026-06-16T22:40:00.000Z","101.173617","","false","","El snapshot no contiene ID explícito ni ID auxiliar verificable para este lado"
"823452","2026-06-15","home","Zack Wheeler","","","","","","Zack Wheeler","554430","FINAL_BOXSCORE_PLAYER_ID","","PREGAME_ID_MISSING","2026-06-15T22:24:03.958Z","2026-06-15T22:40:00.000Z","15.934033","","false","","El snapshot no contiene ID explícito ni ID auxiliar verificable para este lado"
"823452","2026-06-15","away","Ryan Gusto","","","","","","Ryan Gusto","687473","FINAL_BOXSCORE_PLAYER_ID","","PREGAME_ID_MISSING","2026-06-15T22:24:03.958Z","2026-06-15T22:40:00.000Z","15.934033","","false","","El snapshot no contiene ID explícito ni ID auxiliar verificable para este lado"
"823505","2026-08-25","home","Will Warren","","","","","","Will Warren","701542","FINAL_BOXSCORE_PLAYER_ID","","PREGAME_ID_MISSING","2026-08-25T13:35:43.445Z","2026-08-25T23:05:00.000Z","569.275917","","false","","El snapshot no contiene ID explícito ni ID auxiliar verificable para este lado"
"823505","2026-08-25","away","Ethan Pecko","","","","","","Ethan Pecko","814490","FINAL_BOXSCORE_PLAYER_ID","","PREGAME_ID_MISSING","2026-08-25T13:35:43.445Z","2026-08-25T23:05:00.000Z","569.275917","","false","","El snapshot no contiene ID explícito ni ID auxiliar verificable para este lado"
"823506","2026-08-26","home","Elmer Rodríguez","695684","PITCHERS_PITCHER_ID","HIGH","","","Elmer Rodríguez","695684","FINAL_PITCHERS_ID","","FINAL_ID_MISSING","2026-08-26T17:53:16.012Z","2026-08-26T23:05:00.000Z","311.733133","","false","","No existe documento final válido para el game_id"
"823506","2026-08-26","away","Peter Lambert","663567","PITCHERS_PITCHER_ID","HIGH","","","Peter Lambert","663567","FINAL_PITCHERS_ID","","FINAL_ID_MISSING","2026-08-26T17:53:16.012Z","2026-08-26T23:05:00.000Z","311.733133","","false","","No existe documento final válido para el game_id"
"823521","2026-07-19","home","Por definir","","","","","","Ryan Yarbrough","642232","FINAL_BOXSCORE_PLAYER_ID","","PREGAME_ID_MISSING","2026-07-19T19:08:25.307Z","2026-07-19T23:20:00.000Z","251.578217","","false","","El snapshot no contiene ID explícito ni ID auxiliar verificable para este lado"
"823521","2026-07-19","away","Por definir","","","","","","Will Klein","694361","FINAL_BOXSCORE_PLAYER_ID","","PREGAME_ID_MISSING","2026-07-19T19:08:25.307Z","2026-07-19T23:20:00.000Z","251.578217","","false","","El snapshot no contiene ID explícito ni ID auxiliar verificable para este lado"
"823522","2026-07-20","home","Ryan Weathers","","","","","","Ryan Weathers","677960","FINAL_BOXSCORE_PLAYER_ID","","PREGAME_ID_MISSING","2026-07-20T16:37:53.965Z","2026-07-20T23:05:00.000Z","387.100583","","false","","El snapshot no contiene ID explícito ni ID auxiliar verificable para este lado"
"823522","2026-07-20","away","Braxton Ashcraft","","","","","","Braxton Ashcraft","677952","FINAL_BOXSCORE_PLAYER_ID","","PREGAME_ID_MISSING","2026-07-20T16:37:53.965Z","2026-07-20T23:05:00.000Z","387.100583","","false","","El snapshot no contiene ID explícito ni ID auxiliar verificable para este lado"
"823524","2026-07-17","home","Gerrit Cole","","","","","","Gerrit Cole","543037","FINAL_BOXSCORE_PLAYER_ID","","PREGAME_ID_MISSING","2026-07-17T14:34:40.646Z","2026-07-17T23:05:00.000Z","510.322567","","false","","El snapshot no contiene ID explícito ni ID auxiliar verificable para este lado"
"823524","2026-07-17","away","Roki Sasaki","","","","","","Roki Sasaki","808963","FINAL_BOXSCORE_PLAYER_ID","","PREGAME_ID_MISSING","2026-07-17T14:34:40.646Z","2026-07-17T23:05:00.000Z","510.322567","","false","","El snapshot no contiene ID explícito ni ID auxiliar verificable para este lado"
"823525","2026-07-05","home","Ryan Weathers","677960","LINESCORE_DEFENSE_PITCHER","HIGH","NOT_VERIFIABLE","true","Ryan Weathers","677960","FINAL_BOXSCORE_PLAYER_ID","6","MATCHED","2026-07-05T17:31:51.548Z","2026-07-05T17:35:00.000Z","3.140867","","false","FINAL_BOXSCORE_STRIKEOUTS","game_id y pitcher_id coinciden; actual_k final válido"
"823525","2026-07-05","away","Joe Ryan","","","","","","Joe Ryan","657746","FINAL_BOXSCORE_PLAYER_ID","","PREGAME_ID_MISSING","2026-07-05T17:31:51.548Z","2026-07-05T17:35:00.000Z","3.140867","","false","","El snapshot no contiene ID explícito ni ID auxiliar verificable para este lado"
"823526","2026-07-04","home","Brendan Beck","694341","LINESCORE_DEFENSE_PITCHER","HIGH","NOT_VERIFIABLE","true","Brendan Beck","694341","FINAL_BOXSCORE_PLAYER_ID","3","MATCHED","2026-07-04T16:13:05.546Z","2026-07-04T17:35:00.000Z","81.907567","","false","FINAL_BOXSCORE_STRIKEOUTS","game_id y pitcher_id coinciden; actual_k final válido"
"823526","2026-07-04","away","Zebby Matthews","","","","","","Zebby Matthews","805673","FINAL_BOXSCORE_PLAYER_ID","","PREGAME_ID_MISSING","2026-07-04T16:13:05.546Z","2026-07-04T17:35:00.000Z","81.907567","","false","","El snapshot no contiene ID explícito ni ID auxiliar verificable para este lado"
"823527","2026-07-03","home","Gerrit Cole","543037","LINESCORE_DEFENSE_PITCHER","HIGH","NOT_VERIFIABLE","true","Gerrit Cole","543037","FINAL_BOXSCORE_PLAYER_ID","7","MATCHED","2026-07-03T22:10:26.969Z","2026-07-03T23:05:00.000Z","54.550517","","false","FINAL_BOXSCORE_STRIKEOUTS","game_id y pitcher_id coinciden; actual_k final válido"
"823527","2026-07-03","away","Mike Paredes","","","","","","Mike Paredes","702474","FINAL_BOXSCORE_PLAYER_ID","","PREGAME_ID_MISSING","2026-07-03T22:10:26.969Z","2026-07-03T23:05:00.000Z","54.550517","","false","","El snapshot no contiene ID explícito ni ID auxiliar verificable para este lado"
"823528","2026-06-30","home","Cam Schlittler","693645","LINESCORE_DEFENSE_PITCHER","HIGH","NOT_VERIFIABLE","true","Cam Schlittler","","","","FINAL_ID_MISSING","2026-06-30T23:04:16.895Z","2026-06-30T23:05:00.000Z","0.718417","","false","","El documento final no contiene un ID seguro para este lado"
"823528","2026-06-30","away","Tarik Skubal","","","","","","Tarik Skubal","","","","PREGAME_ID_MISSING","2026-06-30T23:04:16.895Z","2026-06-30T23:05:00.000Z","0.718417","","false","","El snapshot no contiene ID explícito ni ID auxiliar verificable para este lado"
"823529","2026-06-29","home","Ryan Weathers","677960","LINESCORE_DEFENSE_PITCHER","HIGH","NOT_VERIFIABLE","true","Ryan Weathers","677960","FINAL_BOXSCORE_PLAYER_ID","3","MATCHED","2026-06-29T22:55:03.781Z","2026-06-29T23:05:00.000Z","9.936983","","false","FINAL_BOXSCORE_STRIKEOUTS","game_id y pitcher_id coinciden; actual_k final válido"
"823529","2026-06-29","away","Casey Mize","","","","","","Casey Mize","663554","FINAL_BOXSCORE_PLAYER_ID","","PREGAME_ID_MISSING","2026-06-29T22:55:03.781Z","2026-06-29T23:05:00.000Z","9.936983","","false","","El snapshot no contiene ID explícito ni ID auxiliar verificable para este lado"
"823530","2026-07-01","home","Will Warren","701542","LINESCORE_DEFENSE_PITCHER","HIGH","NOT_VERIFIABLE","true","Will Warren","701542","FINAL_PITCHERS_ID","7","MATCHED","2026-07-01T17:31:58.794Z","2026-07-01T17:35:00.000Z","3.0201","","false","FINAL_ADVANCED_PITCHING_ACTUAL_STRIKEOUTS","game_id y pitcher_id coinciden; actual_k final válido"
"823530","2026-07-01","away","Troy Melton","","","","","","Troy Melton","675512","FINAL_PITCHERS_ID","","PREGAME_ID_MISSING","2026-07-01T17:31:58.794Z","2026-07-01T17:35:00.000Z","3.0201","","false","","El snapshot no contiene ID explícito ni ID auxiliar verificable para este lado"
"823531","2026-06-21","home","Elmer Rodríguez","","","","","","Elmer Rodríguez","695684","FINAL_BOXSCORE_PLAYER_ID","","PREGAME_ID_MISSING","2026-06-21T16:30:29.049Z","2026-06-21T17:35:00.000Z","64.51585","","false","","El snapshot no contiene ID explícito ni ID auxiliar verificable para este lado"
"823531","2026-06-21","away","Chase Burns","","","","","","Chase Burns","695505","FINAL_BOXSCORE_PLAYER_ID","","PREGAME_ID_MISSING","2026-06-21T16:30:29.049Z","2026-06-21T17:35:00.000Z","64.51585","","false","","El snapshot no contiene ID explícito ni ID auxiliar verificable para este lado"
"823532","2026-06-20","home","Will Warren","","","","","","Will Warren","701542","FINAL_BOXSCORE_PLAYER_ID","","PREGAME_ID_MISSING","2026-06-20T17:15:32.095Z","2026-06-20T17:35:00.000Z","19.465083","","false","","El snapshot no contiene ID explícito ni ID auxiliar verificable para este lado"
"823532","2026-06-20","away","Andrew Abbott","","","","","","Andrew Abbott","671096","FINAL_BOXSCORE_PLAYER_ID","","PREGAME_ID_MISSING","2026-06-20T17:15:32.095Z","2026-06-20T17:35:00.000Z","19.465083","","false","","El snapshot no contiene ID explícito ni ID auxiliar verificable para este lado"
"823533","2026-06-18","home","Ryan Weathers","","","","","","Ryan Weathers","677960","FINAL_BOXSCORE_PLAYER_ID","","PREGAME_ID_MISSING","2026-06-18T22:29:43.718Z","2026-06-18T23:05:00.000Z","35.271367","","false","","El snapshot no contiene ID explícito ni ID auxiliar verificable para este lado"
"823533","2026-06-18","away","Bryan Hudson","","","","","","Bryan Hudson","663542","FINAL_BOXSCORE_PLAYER_ID","","PREGAME_ID_MISSING","2026-06-18T22:29:43.718Z","2026-06-18T23:05:00.000Z","35.271367","","false","","El snapshot no contiene ID explícito ni ID auxiliar verificable para este lado"
"823534","2026-06-19","home","Cam Schlittler","","","","","","Cam Schlittler","693645","FINAL_BOXSCORE_PLAYER_ID","","PREGAME_ID_MISSING","2026-06-19T21:54:47.474Z","2026-06-19T23:05:00.000Z","70.208767","","false","","El snapshot no contiene ID explícito ni ID auxiliar verificable para este lado"
"823534","2026-06-19","away","Rhett Lowder","","","","","","Rhett Lowder","695076","FINAL_BOXSCORE_PLAYER_ID","","PREGAME_ID_MISSING","2026-06-19T21:54:47.474Z","2026-06-19T23:05:00.000Z","70.208767","","false","","El snapshot no contiene ID explícito ni ID auxiliar verificable para este lado"
"823535","2026-06-16","home","Gerrit Cole","","","","","","Gerrit Cole","543037","FINAL_BOXSCORE_PLAYER_ID","","PREGAME_ID_MISSING","2026-06-16T20:58:57.094Z","2026-06-16T23:05:00.000Z","126.048433","","false","","El snapshot no contiene ID explícito ni ID auxiliar verificable para este lado"
"823535","2026-06-16","away","Davis Martin","","","","","","Davis Martin","663436","FINAL_BOXSCORE_PLAYER_ID","","PREGAME_ID_MISSING","2026-06-16T20:58:57.094Z","2026-06-16T23:05:00.000Z","126.048433","","false","","El snapshot no contiene ID explícito ni ID auxiliar verificable para este lado"
"823536","2026-06-17","home","Carlos Rodón","","","","","","Carlos Rodón","607074","FINAL_BOXSCORE_PLAYER_ID","","PREGAME_ID_MISSING","2026-06-17T18:39:44.626Z","2026-06-17T23:05:00.000Z","265.256233","","false","","El snapshot no contiene ID explícito ni ID auxiliar verificable para este lado"
"823536","2026-06-17","away","Anthony Kay","","","","","","Anthony Kay","641743","FINAL_BOXSCORE_PLAYER_ID","","PREGAME_ID_MISSING","2026-06-17T18:39:44.626Z","2026-06-17T23:05:00.000Z","265.256233","","false","","El snapshot no contiene ID explícito ni ID auxiliar verificable para este lado"
"823584","2026-08-26","home","Robert Stock","476594","PITCHERS_PITCHER_ID","HIGH","","","Robert Stock","476594","FINAL_PITCHERS_ID","","FINAL_ID_MISSING","2026-08-26T23:06:30.929Z","2026-08-26T23:10:00.000Z","3.484517","","false","","No existe documento final válido para el game_id"
"823584","2026-08-26","away","Dustin May","669160","PITCHERS_PITCHER_ID","HIGH","","","Dustin May","669160","FINAL_PITCHERS_ID","","FINAL_ID_MISSING","2026-08-26T23:06:30.929Z","2026-08-26T23:10:00.000Z","3.484517","","false","","No existe documento final válido para el game_id"
"823585","2026-08-25","home","Zac Thornton","","","","","","Zac Thornton","804267","FINAL_BOXSCORE_PLAYER_ID","","PREGAME_ID_MISSING","2026-08-25T13:35:49.752Z","2026-08-25T23:10:00.000Z","574.1708","","false","","El snapshot no contiene ID explícito ni ID auxiliar verificable para este lado"
"823585","2026-08-25","away","Kyle Harrison","","","","","","Kyle Harrison","690986","FINAL_BOXSCORE_PLAYER_ID","","PREGAME_ID_MISSING","2026-08-25T13:35:49.752Z","2026-08-25T23:10:00.000Z","574.1708","","false","","El snapshot no contiene ID explícito ni ID auxiliar verificable para este lado"
"823591","2026-08-14","home","Robert Stock","","","","","","Robert Stock","476594","FINAL_BOXSCORE_PLAYER_ID","","PREGAME_ID_MISSING","2026-08-14T13:34:34.738Z","2026-08-14T23:10:00.000Z","575.421033","","false","","El snapshot no contiene ID explícito ni ID auxiliar verificable para este lado"
"823591","2026-08-14","away","Andrew Alvarez","","","","","","Andrew Alvarez","674841","FINAL_BOXSCORE_PLAYER_ID","","PREGAME_ID_MISSING","2026-08-14T13:34:34.738Z","2026-08-14T23:10:00.000Z","575.421033","","false","","El snapshot no contiene ID explícito ni ID auxiliar verificable para este lado"
"823596","2026-07-29","home","Sean Manaea","640455","LINESCORE_DEFENSE_PITCHER","HIGH","NOT_VERIFIABLE","true","Sean Manaea","640455","FINAL_BOXSCORE_PLAYER_ID","4","MATCHED","2026-07-29T14:56:07.219Z","2026-07-29T17:10:00.000Z","133.879683","","false","FINAL_BOXSCORE_STRIKEOUTS","game_id y pitcher_id coinciden; actual_k final válido"
"823596","2026-07-29","away","AJ Smith-Shawver","","","","","","AJ Smith-Shawver","700363","FINAL_BOXSCORE_PLAYER_ID","","PREGAME_ID_MISSING","2026-07-29T14:56:07.219Z","2026-07-29T17:10:00.000Z","133.879683","","false","","El snapshot no contiene ID explícito ni ID auxiliar verificable para este lado"
"823597","2026-07-27","home","Zac Thornton","","","","","","Zac Thornton","804267","FINAL_BOXSCORE_PLAYER_ID","","PREGAME_ID_MISSING","2026-07-27T13:37:08.294Z","2026-07-27T23:10:00.000Z","572.861767","","false","","El snapshot no contiene ID explícito ni ID auxiliar verificable para este lado"
"823597","2026-07-27","away","Martín Pérez","","","","","","Martín Pérez","527048","FINAL_BOXSCORE_PLAYER_ID","","PREGAME_ID_MISSING","2026-07-27T13:37:08.294Z","2026-07-27T23:10:00.000Z","572.861767","","false","","El snapshot no contiene ID explícito ni ID auxiliar verificable para este lado"
"823600","2026-07-25","home","Nolan McLean","","","","","","Nolan McLean","690997","FINAL_BOXSCORE_PLAYER_ID","","PREGAME_ID_MISSING","2026-07-25T13:36:39.531Z","2026-07-25T23:15:00.000Z","578.34115","","false","","El snapshot no contiene ID explícito ni ID auxiliar verificable para este lado"
"823600","2026-07-25","away","Yoshinobu Yamamoto","","","","","","Yoshinobu Yamamoto","808967","FINAL_BOXSCORE_PLAYER_ID","","PREGAME_ID_MISSING","2026-07-25T13:36:39.531Z","2026-07-25T23:15:00.000Z","578.34115","","false","","El snapshot no contiene ID explícito ni ID auxiliar verificable para este lado"
"823601","2026-07-24","home","Sean Manaea","","","","","","Sean Manaea","640455","FINAL_BOXSCORE_PLAYER_ID","","PREGAME_ID_MISSING","2026-07-24T19:49:27.077Z","2026-07-24T23:10:00.000Z","200.548717","","false","","El snapshot no contiene ID explícito ni ID auxiliar verificable para este lado"
"823601","2026-07-24","away","Roki Sasaki","","","","","","Roki Sasaki","808963","FINAL_BOXSCORE_PLAYER_ID","","PREGAME_ID_MISSING","2026-07-24T19:49:27.077Z","2026-07-24T23:10:00.000Z","200.548717","","false","","El snapshot no contiene ID explícito ni ID auxiliar verificable para este lado"
"823602","2026-07-12","home","Zach Thornton","804267","LINESCORE_DEFENSE_PITCHER","HIGH","NOT_VERIFIABLE","true","Zac Thornton","804267","FINAL_PITCHERS_ID","","FINAL_ID_MISSING","2026-07-12T16:56:16.575Z","2026-07-12T17:40:00.000Z","43.72375","","false","","No existe documento final válido para el game_id"
"823602","2026-07-12","away","Payton Tolle","","","","","","Payton Tolle","801139","FINAL_PITCHERS_ID","","FINAL_ID_MISSING","2026-07-12T16:56:16.575Z","2026-07-12T17:40:00.000Z","43.72375","","false","","No existe documento final válido para el game_id"
"823603","2026-07-11","home","Freddy Peralta","","","","","","Freddy Peralta","642547","FINAL_BOXSCORE_PLAYER_ID","","PREGAME_ID_MISSING","2026-07-11T15:45:03.485Z","2026-07-11T20:10:00.000Z","264.941917","","false","","El snapshot no contiene ID explícito ni ID auxiliar verificable para este lado"
"823603","2026-07-11","away","Por definir","","","","","","Eduardo Rivera","700842","FINAL_BOXSCORE_PLAYER_ID","","PREGAME_ID_MISSING","2026-07-11T15:45:03.485Z","2026-07-11T20:10:00.000Z","264.941917","","false","","El snapshot no contiene ID explícito ni ID auxiliar verificable para este lado"
"823604","2026-07-10","home","Nolan McLean","","","","","","Nolan McLean","690997","FINAL_BOXSCORE_PLAYER_ID","","PREGAME_ID_MISSING","2026-07-10T20:35:01.039Z","2026-07-10T23:15:00.000Z","159.982683","","false","","El snapshot no contiene ID explícito ni ID auxiliar verificable para este lado"
"823604","2026-07-10","away","Sonny Gray","","","","","","Sonny Gray","543243","FINAL_BOXSCORE_PLAYER_ID","","PREGAME_ID_MISSING","2026-07-10T20:35:01.039Z","2026-07-10T23:15:00.000Z","159.982683","","false","","El snapshot no contiene ID explícito ni ID auxiliar verificable para este lado"
"823605","2026-07-08","home","Christian Scott","681035","LINESCORE_DEFENSE_PITCHER","HIGH","NOT_VERIFIABLE","true","Christian Scott","681035","FINAL_BOXSCORE_PLAYER_ID","5","MATCHED","2026-07-08T20:22:41.644Z","2026-07-08T23:10:00.000Z","167.305933","","false","FINAL_BOXSCORE_STRIKEOUTS","game_id y pitcher_id coinciden; actual_k final válido"
"823605","2026-07-08","away","Steven Cruz","","","","","","Steven Cruz","674444","FINAL_BOXSCORE_PLAYER_ID","","PREGAME_ID_MISSING","2026-07-08T20:22:41.644Z","2026-07-08T23:10:00.000Z","167.305933","","false","","El snapshot no contiene ID explícito ni ID auxiliar verificable para este lado"
"823606","2026-07-09","home","Sean Manaea","640455","LINESCORE_DEFENSE_PITCHER","HIGH","NOT_VERIFIABLE","true","Sean Manaea","640455","FINAL_BOXSCORE_PLAYER_ID","6","MATCHED","2026-07-09T17:05:22.912Z","2026-07-09T17:10:00.000Z","4.618133","","false","FINAL_BOXSCORE_STRIKEOUTS","game_id y pitcher_id coinciden; actual_k final válido"
"823606","2026-07-09","away","Michael Wacha","","","","","","Michael Wacha","608379","FINAL_BOXSCORE_PLAYER_ID","","PREGAME_ID_MISSING","2026-07-09T17:05:22.912Z","2026-07-09T17:10:00.000Z","4.618133","","false","","El snapshot no contiene ID explícito ni ID auxiliar verificable para este lado"
"823607","2026-07-07","home","Cionel Pérez","672335","LINESCORE_DEFENSE_PITCHER","HIGH","NOT_VERIFIABLE","true","Cionel Pérez","672335","FINAL_BOXSCORE_PLAYER_ID","1","MATCHED","2026-07-07T23:05:17.977Z","2026-07-07T23:10:00.000Z","4.700383","","false","FINAL_BOXSCORE_STRIKEOUTS","game_id y pitcher_id coinciden; actual_k final válido"
"823607","2026-07-07","away","Seth Lugo","","","","","","Seth Lugo","607625","FINAL_BOXSCORE_PLAYER_ID","","PREGAME_ID_MISSING","2026-07-07T23:05:17.977Z","2026-07-07T23:10:00.000Z","4.700383","","false","","El snapshot no contiene ID explícito ni ID auxiliar verificable para este lado"
"823608","2026-06-28","home","Cionel Pérez","672335","LINESCORE_DEFENSE_PITCHER","HIGH","NOT_VERIFIABLE","true","Cionel Pérez","672335","FINAL_BOXSCORE_PLAYER_ID","2","MATCHED","2026-06-28T17:25:19.467Z","2026-06-28T17:40:00.000Z","14.67555","","false","FINAL_BOXSCORE_STRIKEOUTS","game_id y pitcher_id coinciden; actual_k final válido"
"823608","2026-06-28","away","Jesús Luzardo","","","","","","Jesús Luzardo","666200","FINAL_BOXSCORE_PLAYER_ID","","PREGAME_ID_MISSING","2026-06-28T17:25:19.467Z","2026-06-28T17:40:00.000Z","14.67555","","false","","El snapshot no contiene ID explícito ni ID auxiliar verificable para este lado"
"823610","2026-06-26","home","Zach Thornton","804267","LINESCORE_DEFENSE_PITCHER","HIGH","NOT_VERIFIABLE","true","Zac Thornton","804267","FINAL_BOXSCORE_PLAYER_ID","7","MATCHED","2026-06-26T23:01:55.573Z","2026-06-26T23:10:00.000Z","8.073783","","false","FINAL_BOXSCORE_STRIKEOUTS","game_id y pitcher_id coinciden; actual_k final válido"
"823610","2026-06-26","away","Zack Wheeler","","","","","","Zack Wheeler","554430","FINAL_BOXSCORE_PLAYER_ID","","PREGAME_ID_MISSING","2026-06-26T23:01:55.573Z","2026-06-26T23:10:00.000Z","8.073783","","false","","El snapshot no contiene ID explícito ni ID auxiliar verificable para este lado"
"823611","2026-06-24","home","Sean Manaea","","","","","","Sean Manaea","640455","FINAL_BOXSCORE_PLAYER_ID","","PREGAME_ID_MISSING","2026-06-24T21:17:32.397Z","2026-06-24T23:10:00.000Z","112.46005","","false","","El snapshot no contiene ID explícito ni ID auxiliar verificable para este lado"
"823611","2026-06-24","away","Shota Imanaga","","","","","","Shota Imanaga","684007","FINAL_BOXSCORE_PLAYER_ID","","PREGAME_ID_MISSING","2026-06-24T21:17:32.397Z","2026-06-24T23:10:00.000Z","112.46005","","false","","El snapshot no contiene ID explícito ni ID auxiliar verificable para este lado"
"823612","2026-06-25","home","Freddy Peralta","","","","","","Freddy Peralta","642547","FINAL_BOXSCORE_PLAYER_ID","","PREGAME_ID_MISSING","2026-06-25T20:14:51.228Z","2026-06-25T23:10:00.000Z","175.1462","","false","","El snapshot no contiene ID explícito ni ID auxiliar verificable para este lado"
"823612","2026-06-25","away","Matthew Boyd","","","","","","Matthew Boyd","571510","FINAL_BOXSCORE_PLAYER_ID","","PREGAME_ID_MISSING","2026-06-25T20:14:51.228Z","2026-06-25T23:10:00.000Z","175.1462","","false","","El snapshot no contiene ID explícito ni ID auxiliar verificable para este lado"
"823614","2026-06-23","home","Kodai Senga","673540","LINESCORE_DEFENSE_PITCHER","HIGH","NOT_VERIFIABLE","true","Kodai Senga","673540","FINAL_BOXSCORE_PLAYER_ID","6","MATCHED","2026-06-23T23:00:25.049Z","2026-06-23T23:10:00.000Z","9.582517","","false","FINAL_BOXSCORE_STRIKEOUTS","game_id y pitcher_id coinciden; actual_k final válido"
"823614","2026-06-23","away","Edward Cabrera","","","","","","Edward Cabrera","665795","FINAL_BOXSCORE_PLAYER_ID","","PREGAME_ID_MISSING","2026-06-23T23:00:25.049Z","2026-06-23T23:10:00.000Z","9.582517","","false","","El snapshot no contiene ID explícito ni ID auxiliar verificable para este lado"
"823615","2026-06-14","home","Freddy Peralta","","","","","","Freddy Peralta","","","","PREGAME_ID_MISSING","2026-06-14T17:29:18.713Z","2026-06-14T17:40:00.000Z","10.688117","","false","","El snapshot no contiene ID explícito ni ID auxiliar verificable para este lado"
"823615","2026-06-14","away","Bryce Elder","","","","","","Bryce Elder","","","","PREGAME_ID_MISSING","2026-06-14T17:29:18.713Z","2026-06-14T17:40:00.000Z","10.688117","","false","","El snapshot no contiene ID explícito ni ID auxiliar verificable para este lado"
"823616","2026-06-13","home","Por definir","","","","","","Sean Manaea","","","","PREGAME_ID_MISSING","2026-06-13T15:25:46.985Z","2026-06-13T20:10:00.000Z","284.216917","","false","","El snapshot no contiene ID explícito ni ID auxiliar verificable para este lado"
"823616","2026-06-13","away","Martín Pérez","","","","","","Martín Pérez","","","","PREGAME_ID_MISSING","2026-06-13T15:25:46.985Z","2026-06-13T20:10:00.000Z","284.216917","","false","","El snapshot no contiene ID explícito ni ID auxiliar verificable para este lado"
"823617","2026-06-12","home","Nolan McLean","","","","","","Nolan McLean","","","","PREGAME_ID_MISSING","2026-06-12T21:09:45.644Z","2026-06-12T23:15:00.000Z","125.239267","","false","","El snapshot no contiene ID explícito ni ID auxiliar verificable para este lado"
"823617","2026-06-12","away","Spencer Strider","","","","","","Spencer Strider","","","","PREGAME_ID_MISSING","2026-06-12T21:09:45.644Z","2026-06-12T23:15:00.000Z","125.239267","","false","","El snapshot no contiene ID explícito ni ID auxiliar verificable para este lado"
"823669","2026-08-13","home","Taj Bradley","","","","","","Taj Bradley","671737","FINAL_BOXSCORE_PLAYER_ID","","PREGAME_ID_MISSING","2026-08-13T18:42:11.616Z","2026-08-13T23:30:00.000Z","287.8064","","false","","El snapshot no contiene ID explícito ni ID auxiliar verificable para este lado"
"823669","2026-08-13","away","Aaron Nola","","","","","","Aaron Nola","605400","FINAL_BOXSCORE_PLAYER_ID","","PREGAME_ID_MISSING","2026-08-13T18:42:11.616Z","2026-08-13T23:30:00.000Z","287.8064","","false","","El snapshot no contiene ID explícito ni ID auxiliar verificable para este lado"
"823677","2026-07-29","home","Joe Ryan","","","","","","Joe Ryan","657746","FINAL_BOXSCORE_PLAYER_ID","","PREGAME_ID_MISSING","2026-07-29T18:56:14.384Z","2026-07-29T23:40:00.000Z","283.760267","","false","","El snapshot no contiene ID explícito ni ID auxiliar verificable para este lado"
"823677","2026-07-29","away","Randy Dobnak","","","","","","Randy Dobnak","677976","FINAL_BOXSCORE_PLAYER_ID","","PREGAME_ID_MISSING","2026-07-29T18:56:14.384Z","2026-07-29T23:40:00.000Z","283.760267","","false","","El snapshot no contiene ID explícito ni ID auxiliar verificable para este lado"
"823679","2026-07-25","home","Por definir","","","","","","Kendry Rojas","696070","FINAL_BOXSCORE_PLAYER_ID","","PREGAME_ID_MISSING","2026-07-25T13:36:29.421Z","2026-07-25T23:10:00.000Z","573.50965","","false","","El snapshot no contiene ID explícito ni ID auxiliar verificable para este lado"
"823679","2026-07-25","away","Mason Barnett","","","","","","Brady Basso","669620","FINAL_BOXSCORE_PLAYER_ID","","PITCHER_CHANGED","2026-07-25T13:36:29.421Z","2026-07-25T23:10:00.000Z","573.50965","","true","","El pitcher anunciado y el participante final del mismo lado son personas diferentes"
"823680","2026-07-24","home","Zebby Matthews","","","","","","Zebby Matthews","805673","FINAL_BOXSCORE_PLAYER_ID","","PREGAME_ID_MISSING","2026-07-24T19:49:30.777Z","2026-07-25T00:10:00.000Z","260.48705","","false","","El snapshot no contiene ID explícito ni ID auxiliar verificable para este lado"
"823680","2026-07-24","away","Jacob Lopez","","","","","","Jacob Lopez","682052","FINAL_BOXSCORE_PLAYER_ID","","PREGAME_ID_MISSING","2026-07-24T19:49:30.777Z","2026-07-25T00:10:00.000Z","260.48705","","false","","El snapshot no contiene ID explícito ni ID auxiliar verificable para este lado"
"823681","2026-07-12","home","Taj Bradley","671737","LINESCORE_DEFENSE_PITCHER","HIGH","NOT_VERIFIABLE","true","Taj Bradley","671737","FINAL_BOXSCORE_PLAYER_ID","6","MATCHED","2026-07-12T16:56:19.818Z","2026-07-12T18:10:00.000Z","73.6697","","false","FINAL_BOXSCORE_STRIKEOUTS","game_id y pitcher_id coinciden; actual_k final válido"
"823681","2026-07-12","away","José Soriano","","","","","","José Soriano","667755","FINAL_BOXSCORE_PLAYER_ID","","PREGAME_ID_MISSING","2026-07-12T16:56:19.818Z","2026-07-12T18:10:00.000Z","73.6697","","false","","El snapshot no contiene ID explícito ni ID auxiliar verificable para este lado"
"823682","2026-07-11","home","Joe Ryan","657746","LINESCORE_DEFENSE_PITCHER","HIGH","NOT_VERIFIABLE","true","Joe Ryan","657746","FINAL_BOXSCORE_PLAYER_ID","6","MATCHED","2026-07-11T15:44:52.855Z","2026-07-11T18:10:00.000Z","145.119083","","false","FINAL_BOXSCORE_STRIKEOUTS","game_id y pitcher_id coinciden; actual_k final válido"
"823682","2026-07-11","away","Ryan Johnson","","","","","","Ryan Johnson","696270","FINAL_BOXSCORE_PLAYER_ID","","PREGAME_ID_MISSING","2026-07-11T15:44:52.855Z","2026-07-11T18:10:00.000Z","145.119083","","false","","El snapshot no contiene ID explícito ni ID auxiliar verificable para este lado"
"823683","2026-07-09","home","Bailey Ober","641927","LINESCORE_DEFENSE_PITCHER","HIGH","NOT_VERIFIABLE","true","Bailey Ober","641927","FINAL_BOXSCORE_PLAYER_ID","5","MATCHED","2026-07-09T17:31:46.064Z","2026-07-09T17:40:00.000Z","8.232267","","false","FINAL_BOXSCORE_STRIKEOUTS","game_id y pitcher_id coinciden; actual_k final válido"
"823683","2026-07-09","away","Gavin Williams","","","","","","Gavin Williams","668909","FINAL_BOXSCORE_PLAYER_ID","","PREGAME_ID_MISSING","2026-07-09T17:31:46.064Z","2026-07-09T17:40:00.000Z","8.232267","","false","","El snapshot no contiene ID explícito ni ID auxiliar verificable para este lado"
"823684","2026-07-08","home","Connor Prielipp","","","","","","Connor Prielipp","687570","FINAL_BOXSCORE_PLAYER_ID","","PREGAME_ID_MISSING","2026-07-08T20:22:48.447Z","2026-07-08T23:40:00.000Z","197.19255","","false","","El snapshot no contiene ID explícito ni ID auxiliar verificable para este lado"
"823684","2026-07-08","away","Slade Cecconi","","","","","","Slade Cecconi","677944","FINAL_BOXSCORE_PLAYER_ID","","PREGAME_ID_MISSING","2026-07-08T20:22:48.447Z","2026-07-08T23:40:00.000Z","197.19255","","false","","El snapshot no contiene ID explícito ni ID auxiliar verificable para este lado"
"823685","2026-07-10","home","Zebby Matthews","","","","","","Zebby Matthews","805673","FINAL_BOXSCORE_PLAYER_ID","","PREGAME_ID_MISSING","2026-07-10T20:35:08.189Z","2026-07-11T00:10:00.000Z","214.863517","","false","","El snapshot no contiene ID explícito ni ID auxiliar verificable para este lado"
"823685","2026-07-10","away","Grayson Rodriguez","","","","","","Grayson Rodriguez","680570","FINAL_BOXSCORE_PLAYER_ID","","PREGAME_ID_MISSING","2026-07-10T20:35:08.189Z","2026-07-11T00:10:00.000Z","214.863517","","false","","El snapshot no contiene ID explícito ni ID auxiliar verificable para este lado"
"823686","2026-06-28","home","Connor Prielipp","687570","LINESCORE_DEFENSE_PITCHER","HIGH","NOT_VERIFIABLE","true","Connor Prielipp","687570","FINAL_BOXSCORE_PLAYER_ID","10","MATCHED","2026-06-28T18:07:28.268Z","2026-06-28T18:10:00.000Z","2.528867","","false","FINAL_BOXSCORE_STRIKEOUTS","game_id y pitcher_id coinciden; actual_k final válido"
"823686","2026-06-28","away","Ryan Feltner","","","","","","Ryan Feltner","663372","FINAL_BOXSCORE_PLAYER_ID","","PREGAME_ID_MISSING","2026-06-28T18:07:28.268Z","2026-06-28T18:10:00.000Z","2.528867","","false","","El snapshot no contiene ID explícito ni ID auxiliar verificable para este lado"
"823687","2026-07-07","home","Taj Bradley","671737","LINESCORE_DEFENSE_PITCHER","HIGH","NOT_VERIFIABLE","true","Taj Bradley","671737","FINAL_BOXSCORE_PLAYER_ID","10","MATCHED","2026-07-07T23:39:16.570Z","2026-07-07T23:40:00.000Z","0.723833","","false","FINAL_BOXSCORE_STRIKEOUTS","game_id y pitcher_id coinciden; actual_k final válido"
"823687","2026-07-07","away","Joey Cantillo","","","","","","Joey Cantillo","676282","FINAL_BOXSCORE_PLAYER_ID","","PREGAME_ID_MISSING","2026-07-07T23:39:16.570Z","2026-07-07T23:40:00.000Z","0.723833","","false","","El snapshot no contiene ID explícito ni ID auxiliar verificable para este lado"
"823688","2026-06-26","home","Taj Bradley","671737","LINESCORE_DEFENSE_PITCHER","HIGH","NOT_VERIFIABLE","true","Taj Bradley","671737","FINAL_BOXSCORE_PLAYER_ID","7","MATCHED","2026-06-27T00:07:52.622Z","2026-06-27T00:10:00.000Z","2.122967","","false","FINAL_BOXSCORE_STRIKEOUTS","game_id y pitcher_id coinciden; actual_k final válido"
"823688","2026-06-26","away","Tomoyuki Sugano","","","","","","Tomoyuki Sugano","608372","FINAL_BOXSCORE_PLAYER_ID","","PREGAME_ID_MISSING","2026-06-27T00:07:52.622Z","2026-06-27T00:10:00.000Z","2.122967","","false","","El snapshot no contiene ID explícito ni ID auxiliar verificable para este lado"
"823689","2026-06-27","home","Mike Paredes","702474","LINESCORE_DEFENSE_PITCHER","HIGH","NOT_VERIFIABLE","true","Mike Paredes","702474","FINAL_BOXSCORE_PLAYER_ID","2","MATCHED","2026-06-27T22:37:09.996Z","2026-06-27T23:10:00.000Z","32.8334","","false","FINAL_BOXSCORE_STRIKEOUTS","game_id y pitcher_id coinciden; actual_k final válido"
"823689","2026-06-27","away","Michael Lorenzen","","","","","","Michael Lorenzen","547179","FINAL_BOXSCORE_PLAYER_ID","","PREGAME_ID_MISSING","2026-06-27T22:37:09.996Z","2026-06-27T23:10:00.000Z","32.8334","","false","","El snapshot no contiene ID explícito ni ID auxiliar verificable para este lado"
"823690","2026-06-23","home","Kendry Rojas","696070","LINESCORE_DEFENSE_PITCHER","HIGH","NOT_VERIFIABLE","true","Kendry Rojas","696070","FINAL_BOXSCORE_PLAYER_ID","4","MATCHED","2026-06-23T23:00:28.238Z","2026-06-23T23:40:00.000Z","39.529367","","false","FINAL_BOXSCORE_STRIKEOUTS","game_id y pitcher_id coinciden; actual_k final válido"
"823690","2026-06-23","away","Justin Wrobleski","","","","","","Justin Wrobleski","680736","FINAL_BOXSCORE_PLAYER_ID","","PREGAME_ID_MISSING","2026-06-23T23:00:28.238Z","2026-06-23T23:40:00.000Z","39.529367","","false","","El snapshot no contiene ID explícito ni ID auxiliar verificable para este lado"
"823691","2026-06-24","home","Joe Ryan","657746","LINESCORE_DEFENSE_PITCHER","HIGH","NOT_VERIFIABLE","true","Joe Ryan","657746","FINAL_BOXSCORE_PLAYER_ID","9","MATCHED","2026-06-24T21:17:38.789Z","2026-06-24T23:40:00.000Z","142.353517","","false","FINAL_BOXSCORE_STRIKEOUTS","game_id y pitcher_id coinciden; actual_k final válido"
"823691","2026-06-24","away","Shohei Ohtani","","","","","","Shohei Ohtani","660271","FINAL_BOXSCORE_PLAYER_ID","","PREGAME_ID_MISSING","2026-06-24T21:17:38.789Z","2026-06-24T23:40:00.000Z","142.353517","","false","","El snapshot no contiene ID explícito ni ID auxiliar verificable para este lado"
"823692","2026-06-22","home","Zebby Matthews","","","","","","Zebby Matthews","805673","FINAL_BOXSCORE_PLAYER_ID","","PREGAME_ID_MISSING","2026-06-22T22:25:46.165Z","2026-06-22T23:40:00.000Z","74.230583","","false","","El snapshot no contiene ID explícito ni ID auxiliar verificable para este lado"
"823692","2026-06-22","away","Eric Lauer","","","","","","Will Klein","694361","FINAL_BOXSCORE_PLAYER_ID","","PITCHER_CHANGED","2026-06-22T22:25:46.165Z","2026-06-22T23:40:00.000Z","74.230583","","true","","El pitcher anunciado y el participante final del mismo lado son personas diferentes"
"823693","2026-06-14","home","Taj Bradley","","","","","","Taj Bradley","","","","PREGAME_ID_MISSING","2026-06-14T18:08:54.703Z","2026-06-14T18:10:00.000Z","1.088283","","false","","El snapshot no contiene ID explícito ni ID auxiliar verificable para este lado"
"823693","2026-06-14","away","Michael McGreevy","","","","","","Michael McGreevy","","","","PREGAME_ID_MISSING","2026-06-14T18:08:54.703Z","2026-06-14T18:10:00.000Z","1.088283","","false","","El snapshot no contiene ID explícito ni ID auxiliar verificable para este lado"
"823694","2026-06-13","home","Connor Prielipp","","","","","","Connor Prielipp","","","","PREGAME_ID_MISSING","2026-06-13T13:14:37.691Z","2026-06-13T18:10:00.000Z","295.371817","","false","","El snapshot no contiene ID explícito ni ID auxiliar verificable para este lado"
"823694","2026-06-13","away","Matthew Liberatore","","","","","","Matthew Liberatore","","","","PREGAME_ID_MISSING","2026-06-13T13:14:37.691Z","2026-06-13T18:10:00.000Z","295.371817","","false","","El snapshot no contiene ID explícito ni ID auxiliar verificable para este lado"
"823695","2026-06-12","home","Joe Ryan","","","","","","Joe Ryan","","","","PREGAME_ID_MISSING","2026-06-12T23:38:29.896Z","2026-06-13T00:10:00.000Z","31.501733","","false","","El snapshot no contiene ID explícito ni ID auxiliar verificable para este lado"
"823695","2026-06-12","away","Kyle Leahy","","","","","","Kyle Leahy","","","","PREGAME_ID_MISSING","2026-06-12T23:38:29.896Z","2026-06-13T00:10:00.000Z","31.501733","","false","","El snapshot no contiene ID explícito ni ID auxiliar verificable para este lado"
"823758","2026-07-25","home","Robert Gasser","","","","","","Robert Gasser","688107","FINAL_BOXSCORE_PLAYER_ID","","PREGAME_ID_MISSING","2026-07-25T13:36:36.017Z","2026-07-25T23:10:00.000Z","573.399717","","false","","El snapshot no contiene ID explícito ni ID auxiliar verificable para este lado"
"823758","2026-07-25","away","Ryan Feltner","","","","","","Ryan Feltner","663372","FINAL_BOXSCORE_PLAYER_ID","","PREGAME_ID_MISSING","2026-07-25T13:36:36.017Z","2026-07-25T23:10:00.000Z","573.399717","","false","","El snapshot no contiene ID explícito ni ID auxiliar verificable para este lado"
"823759","2026-07-24","home","Shane Drohan","675660","LINESCORE_DEFENSE_PITCHER","HIGH","NOT_VERIFIABLE","true","Shane Drohan","675660","FINAL_BOXSCORE_PLAYER_ID","6","MATCHED","2026-07-24T19:49:34.172Z","2026-07-24T20:10:00.000Z","20.430467","","false","FINAL_BOXSCORE_STRIKEOUTS","game_id y pitcher_id coinciden; actual_k final válido"
"823759","2026-07-24","away","Tomoyuki Sugano","","","","","","Tomoyuki Sugano","608372","FINAL_BOXSCORE_PLAYER_ID","","PREGAME_ID_MISSING","2026-07-24T19:49:34.172Z","2026-07-24T20:10:00.000Z","20.430467","","false","","El snapshot no contiene ID explícito ni ID auxiliar verificable para este lado"
"823760","2026-07-21","home","Brandon Sproat","687075","LINESCORE_DEFENSE_PITCHER","HIGH","NOT_VERIFIABLE","true","Brandon Sproat","687075","FINAL_BOXSCORE_PLAYER_ID","4","MATCHED","2026-07-21T22:26:46.705Z","2026-07-21T23:40:00.000Z","73.221583","","false","FINAL_BOXSCORE_STRIKEOUTS","game_id y pitcher_id coinciden; actual_k final válido"
"823760","2026-07-21","away","Zac Thornton","","","","","","Zac Thornton","804267","FINAL_BOXSCORE_PLAYER_ID","","PREGAME_ID_MISSING","2026-07-21T22:26:46.705Z","2026-07-21T23:40:00.000Z","73.221583","","false","","El snapshot no contiene ID explícito ni ID auxiliar verificable para este lado"
"823761","2026-07-22","home","Logan Henderson","701656","LINESCORE_DEFENSE_PITCHER","HIGH","NOT_VERIFIABLE","true","Logan Henderson","701656","FINAL_BOXSCORE_PLAYER_ID","9","MATCHED","2026-07-22T18:09:24.069Z","2026-07-22T18:10:00.000Z","0.59885","","false","FINAL_BOXSCORE_STRIKEOUTS","game_id y pitcher_id coinciden; actual_k final válido"
"823761","2026-07-22","away","Christian Scott","","","","","","Christian Scott","681035","FINAL_BOXSCORE_PLAYER_ID","","PREGAME_ID_MISSING","2026-07-22T18:09:24.069Z","2026-07-22T18:10:00.000Z","0.59885","","false","","El snapshot no contiene ID explícito ni ID auxiliar verificable para este lado"
"823762","2026-07-20","home","Jacob Misiorowski","","","","","","Jacob Misiorowski","694819","FINAL_BOXSCORE_PLAYER_ID","","PREGAME_ID_MISSING","2026-07-20T16:37:57.766Z","2026-07-20T23:40:00.000Z","422.037233","","false","","El snapshot no contiene ID explícito ni ID auxiliar verificable para este lado"
"823762","2026-07-20","away","Freddy Peralta","","","","","","Freddy Peralta","642547","FINAL_BOXSCORE_PLAYER_ID","","PREGAME_ID_MISSING","2026-07-20T16:37:57.766Z","2026-07-20T23:40:00.000Z","422.037233","","false","","El snapshot no contiene ID explícito ni ID auxiliar verificable para este lado"
"823763","2026-07-18","home","Shane Drohan","","","","","","Shane Drohan","675660","FINAL_BOXSCORE_PLAYER_ID","","PREGAME_ID_MISSING","2026-07-18T15:24:31.077Z","2026-07-18T20:10:00.000Z","285.48205","","false","","El snapshot no contiene ID explícito ni ID auxiliar verificable para este lado"
"823763","2026-07-18","away","Max Meyer","","","","","","Max Meyer","676974","FINAL_BOXSCORE_PLAYER_ID","","PREGAME_ID_MISSING","2026-07-18T15:24:31.077Z","2026-07-18T20:10:00.000Z","285.48205","","false","","El snapshot no contiene ID explícito ni ID auxiliar verificable para este lado"
"823764","2026-07-19","home","Robert Gasser","688107","LINESCORE_DEFENSE_PITCHER","HIGH","NOT_VERIFIABLE","true","Robert Gasser","688107","FINAL_BOXSCORE_PLAYER_ID","5","MATCHED","2026-07-19T17:51:25.698Z","2026-07-19T18:10:00.000Z","18.5717","","false","FINAL_BOXSCORE_STRIKEOUTS","game_id y pitcher_id coinciden; actual_k final válido"
"823764","2026-07-19","away","Eury Pérez","","","","","","Eury Pérez","691587","FINAL_BOXSCORE_PLAYER_ID","","PREGAME_ID_MISSING","2026-07-19T17:51:25.698Z","2026-07-19T18:10:00.000Z","18.5717","","false","","El snapshot no contiene ID explícito ni ID auxiliar verificable para este lado"
"823765","2026-07-02","home","Jacob Misiorowski","694819","LINESCORE_DEFENSE_PITCHER","HIGH","NOT_VERIFIABLE","true","Jacob Misiorowski","694819","FINAL_BOXSCORE_PLAYER_ID","10","MATCHED","2026-07-02T17:22:34.971Z","2026-07-02T18:10:00.000Z","47.41715","","false","FINAL_BOXSCORE_STRIKEOUTS","game_id y pitcher_id coinciden; actual_k final válido"
"823765","2026-07-02","away","Chase Burns","","","","","","Chase Burns","695505","FINAL_BOXSCORE_PLAYER_ID","","PREGAME_ID_MISSING","2026-07-02T17:22:34.971Z","2026-07-02T18:10:00.000Z","47.41715","","false","","El snapshot no contiene ID explícito ni ID auxiliar verificable para este lado"
"823766","2026-07-17","home","Logan Henderson","701656","LINESCORE_DEFENSE_PITCHER","HIGH","NOT_VERIFIABLE","true","Logan Henderson","701656","FINAL_BOXSCORE_PLAYER_ID","4","MATCHED","2026-07-17T23:18:33.825Z","2026-07-17T23:40:00.000Z","21.43625","","false","FINAL_BOXSCORE_STRIKEOUTS","game_id y pitcher_id coinciden; actual_k final válido"
"823766","2026-07-17","away","Sandy Alcantara","","","","","","Sandy Alcantara","645261","FINAL_BOXSCORE_PLAYER_ID","","PREGAME_ID_MISSING","2026-07-17T23:18:33.825Z","2026-07-17T23:40:00.000Z","21.43625","","false","","El snapshot no contiene ID explícito ni ID auxiliar verificable para este lado"
"823767","2026-07-01","home","Shane Drohan","675660","LINESCORE_DEFENSE_PITCHER","HIGH","NOT_VERIFIABLE","true","Shane Drohan","","","","FINAL_ID_MISSING","2026-07-01T23:50:25.781Z","2026-07-02T00:10:00.000Z","19.570317","","false","","No existe documento final válido para el game_id"
"823767","2026-07-01","away","Andrew Abbott","","","","","","Andrew Abbott","","","","FINAL_ID_MISSING","2026-07-01T23:50:25.781Z","2026-07-02T00:10:00.000Z","19.570317","","false","","No existe documento final válido para el game_id"
"823768","2026-06-30","home","Brandon Sproat","687075","LINESCORE_DEFENSE_PITCHER","HIGH","NOT_VERIFIABLE","true","Brandon Sproat","","","","FINAL_ID_MISSING","2026-06-30T23:38:04.595Z","2026-06-30T23:40:00.000Z","1.923417","","false","","El documento final no contiene un ID seguro para este lado"
"823768","2026-06-30","away","Rhett Lowder","","","","","","Rhett Lowder","","","","PREGAME_ID_MISSING","2026-06-30T23:38:04.595Z","2026-06-30T23:40:00.000Z","1.923417","","false","","El snapshot no contiene ID explícito ni ID auxiliar verificable para este lado"
"823769","2026-06-28","home","Brandon Woodruff","605540","LINESCORE_DEFENSE_PITCHER","HIGH","NOT_VERIFIABLE","true","Brandon Woodruff","605540","FINAL_BOXSCORE_PLAYER_ID","6","MATCHED","2026-06-28T18:07:34.899Z","2026-06-28T18:10:00.000Z","2.41835","","false","FINAL_BOXSCORE_STRIKEOUTS","game_id y pitcher_id coinciden; actual_k final válido"
"823769","2026-06-28","away","Ryan Rolison","","","","","","Ryan Rolison","669020","FINAL_BOXSCORE_PLAYER_ID","","PREGAME_ID_MISSING","2026-06-28T18:07:34.899Z","2026-06-28T18:10:00.000Z","2.41835","","false","","El snapshot no contiene ID explícito ni ID auxiliar verificable para este lado"
"823770","2026-06-27","home","Kyle Harrison","690986","LINESCORE_DEFENSE_PITCHER","HIGH","NOT_VERIFIABLE","true","Kyle Harrison","690986","FINAL_BOXSCORE_PLAYER_ID","9","MATCHED","2026-06-27T22:37:14.689Z","2026-06-27T23:10:00.000Z","32.755183","","false","FINAL_BOXSCORE_STRIKEOUTS","game_id y pitcher_id coinciden; actual_k final válido"
"823770","2026-06-27","away","David Peterson","","","","","","David Peterson","656849","FINAL_BOXSCORE_PLAYER_ID","","PREGAME_ID_MISSING","2026-06-27T22:37:14.689Z","2026-06-27T23:10:00.000Z","32.755183","","false","","El snapshot no contiene ID explícito ni ID auxiliar verificable para este lado"
"823771","2026-06-29","home","Robert Gasser","688107","LINESCORE_DEFENSE_PITCHER","HIGH","NOT_VERIFIABLE","true","Robert Gasser","688107","FINAL_BOXSCORE_PLAYER_ID","5","MATCHED","2026-06-29T22:55:14.698Z","2026-06-29T23:40:00.000Z","44.755033","","false","FINAL_BOXSCORE_STRIKEOUTS","game_id y pitcher_id coinciden; actual_k final válido"
"823771","2026-06-29","away","Nick Lodolo","","","","","","Nick Lodolo","666157","FINAL_BOXSCORE_PLAYER_ID","","PREGAME_ID_MISSING","2026-06-29T22:55:14.698Z","2026-06-29T23:40:00.000Z","44.755033","","false","","El snapshot no contiene ID explícito ni ID auxiliar verificable para este lado"
"823772","2026-06-18","home","Shane Drohan","","","","","","Shane Drohan","675660","FINAL_BOXSCORE_PLAYER_ID","","PREGAME_ID_MISSING","2026-06-18T18:05:48.863Z","2026-06-18T18:10:00.000Z","4.185617","","false","","El snapshot no contiene ID explícito ni ID auxiliar verificable para este lado"
"823772","2026-06-18","away","Parker Messick","","","","","","Parker Messick","800048","FINAL_BOXSCORE_PLAYER_ID","","PREGAME_ID_MISSING","2026-06-18T18:05:48.863Z","2026-06-18T18:10:00.000Z","4.185617","","false","","El snapshot no contiene ID explícito ni ID auxiliar verificable para este lado"
"823773","2026-06-26","home","Jacob Misiorowski","694819","LINESCORE_DEFENSE_PITCHER","HIGH","NOT_VERIFIABLE","true","Jacob Misiorowski","694819","FINAL_BOXSCORE_PLAYER_ID","8","MATCHED","2026-06-26T23:39:50.217Z","2026-06-26T23:45:00.000Z","5.16305","","false","FINAL_BOXSCORE_STRIKEOUTS","game_id y pitcher_id coinciden; actual_k final válido"
"823773","2026-06-26","away","Colin Rea","","","","","","Colin Rea","607067","FINAL_BOXSCORE_PLAYER_ID","","PREGAME_ID_MISSING","2026-06-26T23:39:50.217Z","2026-06-26T23:45:00.000Z","5.16305","","false","","El snapshot no contiene ID explícito ni ID auxiliar verificable para este lado"
"823774","2026-06-17","home","Brandon Sproat","","","","","","Brandon Sproat","687075","FINAL_BOXSCORE_PLAYER_ID","","PREGAME_ID_MISSING","2026-06-17T18:39:51.512Z","2026-06-17T23:40:00.000Z","300.141467","","false","","El snapshot no contiene ID explícito ni ID auxiliar verificable para este lado"
"823774","2026-06-17","away","Gavin Williams","","","","","","Gavin Williams","668909","FINAL_BOXSCORE_PLAYER_ID","","PREGAME_ID_MISSING","2026-06-17T18:39:51.512Z","2026-06-17T23:40:00.000Z","300.141467","","false","","El snapshot no contiene ID explícito ni ID auxiliar verificable para este lado"
"823775","2026-06-16","home","Robert Gasser","","","","","","Robert Gasser","688107","FINAL_BOXSCORE_PLAYER_ID","","PREGAME_ID_MISSING","2026-06-16T23:32:33.272Z","2026-06-16T23:40:00.000Z","7.445467","","false","","El snapshot no contiene ID explícito ni ID auxiliar verificable para este lado"
"823775","2026-06-16","away","Slade Cecconi","","","","","","Slade Cecconi","677944","FINAL_BOXSCORE_PLAYER_ID","","PREGAME_ID_MISSING","2026-06-16T23:32:33.272Z","2026-06-16T23:40:00.000Z","7.445467","","false","","El snapshot no contiene ID explícito ni ID auxiliar verificable para este lado"
"823776","2026-06-13","home","Shane Drohan","","","","","","Shane Drohan","","","","PREGAME_ID_MISSING","2026-06-13T15:25:53.933Z","2026-06-13T23:10:00.000Z","464.101117","","false","","El snapshot no contiene ID explícito ni ID auxiliar verificable para este lado"
"823776","2026-06-13","away","Aaron Nola","","","","","","Aaron Nola","","","","PREGAME_ID_MISSING","2026-06-13T15:25:53.933Z","2026-06-13T23:10:00.000Z","464.101117","","false","","El snapshot no contiene ID explícito ni ID auxiliar verificable para este lado"
"823777","2026-06-14","home","Kyle Harrison","","","","","","Kyle Harrison","","","","PREGAME_ID_MISSING","2026-06-14T18:08:57.842Z","2026-06-14T18:10:00.000Z","1.035967","","false","","El snapshot no contiene ID explícito ni ID auxiliar verificable para este lado"
"823777","2026-06-14","away","Cristopher Sánchez","","","","","","Cristopher Sánchez","","","","PREGAME_ID_MISSING","2026-06-14T18:08:57.842Z","2026-06-14T18:10:00.000Z","1.035967","","false","","El snapshot no contiene ID explícito ni ID auxiliar verificable para este lado"
"823778","2026-06-12","home","Jacob Misiorowski","","","","","","Jacob Misiorowski","","","","PREGAME_ID_MISSING","2026-06-12T23:38:30.396Z","2026-06-12T23:40:00.000Z","1.4934","","false","","El snapshot no contiene ID explícito ni ID auxiliar verificable para este lado"
"823778","2026-06-12","away","Tanner Banks","","","","","","Tanner Banks","","","","PREGAME_ID_MISSING","2026-06-12T23:38:30.396Z","2026-06-12T23:40:00.000Z","1.4934","","false","","El snapshot no contiene ID explícito ni ID auxiliar verificable para este lado"
"823826","2026-08-25","home","Por definir","","","","","","Tyler Phillips","663969","FINAL_BOXSCORE_PLAYER_ID","","PREGAME_ID_MISSING","2026-08-25T13:35:36.939Z","2026-08-25T22:40:00.000Z","544.38435","","false","","El snapshot no contiene ID explícito ni ID auxiliar verificable para este lado"
"823826","2026-08-25","away","Payton Tolle","","","","","","Payton Tolle","801139","FINAL_BOXSCORE_PLAYER_ID","","PREGAME_ID_MISSING","2026-08-25T13:35:36.939Z","2026-08-25T22:40:00.000Z","544.38435","","false","","El snapshot no contiene ID explícito ni ID auxiliar verificable para este lado"
"823837","2026-07-29","home","Ryan Gusto","687473","LINESCORE_DEFENSE_PITCHER","HIGH","NOT_VERIFIABLE","true","Ryan Gusto","687473","FINAL_BOXSCORE_PLAYER_ID","3","MATCHED","2026-07-29T14:56:27.140Z","2026-07-29T16:10:00.000Z","73.547667","","false","FINAL_BOXSCORE_STRIKEOUTS","game_id y pitcher_id coinciden; actual_k final válido"
"823837","2026-07-29","away","Jesús Luzardo","","","","","","Jesús Luzardo","666200","FINAL_BOXSCORE_PLAYER_ID","","PREGAME_ID_MISSING","2026-07-29T14:56:27.140Z","2026-07-29T16:10:00.000Z","73.547667","","false","","El snapshot no contiene ID explícito ni ID auxiliar verificable para este lado"
"823839","2026-07-27","home","Tyler Phillips","","","","","","Tyler Phillips","663969","FINAL_BOXSCORE_PLAYER_ID","","PREGAME_ID_MISSING","2026-07-27T13:37:11.393Z","2026-07-27T22:40:00.000Z","542.810117","","false","","El snapshot no contiene ID explícito ni ID auxiliar verificable para este lado"
"823839","2026-07-27","away","Zack Wheeler","","","","","","Zack Wheeler","554430","FINAL_BOXSCORE_PLAYER_ID","","PREGAME_ID_MISSING","2026-07-27T13:37:11.393Z","2026-07-27T22:40:00.000Z","542.810117","","false","","El snapshot no contiene ID explícito ni ID auxiliar verificable para este lado"
"823841","2026-07-25","home","Eury Pérez","","","","","","Eury Pérez","691587","FINAL_BOXSCORE_PLAYER_ID","","PREGAME_ID_MISSING","2026-07-25T13:36:11.518Z","2026-07-25T20:10:00.000Z","393.808033","","false","","El snapshot no contiene ID explícito ni ID auxiliar verificable para este lado"
"823841","2026-07-25","away","JP Sears","","","","","","Randy Vásquez","681190","FINAL_BOXSCORE_PLAYER_ID","","PITCHER_CHANGED","2026-07-25T13:36:11.518Z","2026-07-25T20:10:00.000Z","393.808033","","true","","El pitcher anunciado y el participante final del mismo lado son personas diferentes"
"823842","2026-07-12","home","Tyler Phillips","663969","LINESCORE_DEFENSE_PITCHER","HIGH","NOT_VERIFIABLE","true","Tyler Phillips","663969","FINAL_BOXSCORE_PLAYER_ID","1","MATCHED","2026-07-12T16:56:23.016Z","2026-07-12T17:40:00.000Z","43.6164","","false","FINAL_BOXSCORE_STRIKEOUTS","game_id y pitcher_id coinciden; actual_k final válido"
"823842","2026-07-12","away","Joey Cantillo","","","","","","Joey Cantillo","676282","FINAL_BOXSCORE_PLAYER_ID","","PREGAME_ID_MISSING","2026-07-12T16:56:23.016Z","2026-07-12T17:40:00.000Z","43.6164","","false","","El snapshot no contiene ID explícito ni ID auxiliar verificable para este lado"
"823843","2026-07-24","home","Ryan Gusto","687473","LINESCORE_DEFENSE_PITCHER","HIGH","NOT_VERIFIABLE","true","Ryan Gusto","687473","FINAL_BOXSCORE_PLAYER_ID","4","MATCHED","2026-07-24T19:49:37.371Z","2026-07-24T23:10:00.000Z","200.37715","","false","FINAL_BOXSCORE_STRIKEOUTS","game_id y pitcher_id coinciden; actual_k final válido"
"823843","2026-07-24","away","Germán Márquez","","","","","","Germán Márquez","608566","FINAL_BOXSCORE_PLAYER_ID","","PREGAME_ID_MISSING","2026-07-24T19:49:37.371Z","2026-07-24T23:10:00.000Z","200.37715","","false","","El snapshot no contiene ID explícito ni ID auxiliar verificable para este lado"
"823844","2026-07-11","home","Eury Pérez","","","","","","Eury Pérez","691587","FINAL_BOXSCORE_PLAYER_ID","","PREGAME_ID_MISSING","2026-07-11T15:45:08.980Z","2026-07-11T20:10:00.000Z","264.850333","","false","","El snapshot no contiene ID explícito ni ID auxiliar verificable para este lado"
"823844","2026-07-11","away","Tanner Bibee","","","","","","Tanner Bibee","676440","FINAL_BOXSCORE_PLAYER_ID","","PREGAME_ID_MISSING","2026-07-11T15:45:08.980Z","2026-07-11T20:10:00.000Z","264.850333","","false","","El snapshot no contiene ID explícito ni ID auxiliar verificable para este lado"
"823845","2026-07-10","home","Por definir","","","","","","Sandy Alcantara","645261","FINAL_BOXSCORE_PLAYER_ID","","PREGAME_ID_MISSING","2026-07-10T20:35:11.849Z","2026-07-10T23:10:00.000Z","154.802517","","false","","El snapshot no contiene ID explícito ni ID auxiliar verificable para este lado"
"823845","2026-07-10","away","Por definir","","","","","","Parker Messick","800048","FINAL_BOXSCORE_PLAYER_ID","","PREGAME_ID_MISSING","2026-07-10T20:35:11.849Z","2026-07-10T23:10:00.000Z","154.802517","","false","","El snapshot no contiene ID explícito ni ID auxiliar verificable para este lado"
"823846","2026-07-09","home","Janson Junk","676083","LINESCORE_DEFENSE_PITCHER","HIGH","NOT_VERIFIABLE","true","Janson Junk","676083","FINAL_BOXSCORE_PLAYER_ID","5","MATCHED","2026-07-09T21:01:56.985Z","2026-07-09T22:40:00.000Z","98.05025","","false","FINAL_BOXSCORE_STRIKEOUTS","game_id y pitcher_id coinciden; actual_k final válido"
"823846","2026-07-09","away","Bryce Miller","","","","","","Bryce Miller","682243","FINAL_BOXSCORE_PLAYER_ID","","PREGAME_ID_MISSING","2026-07-09T21:01:56.985Z","2026-07-09T22:40:00.000Z","98.05025","","false","","El snapshot no contiene ID explícito ni ID auxiliar verificable para este lado"
"823847","2026-07-07","home","Max Meyer","676974","LINESCORE_DEFENSE_PITCHER","HIGH","NOT_VERIFIABLE","true","Max Meyer","676974","FINAL_BOXSCORE_PLAYER_ID","4","MATCHED","2026-07-07T21:48:32.882Z","2026-07-07T22:40:00.000Z","51.451967","","false","FINAL_BOXSCORE_STRIKEOUTS","game_id y pitcher_id coinciden; actual_k final válido"
"823847","2026-07-07","away","Bryan Woo","","","","","","Bryan Woo","693433","FINAL_BOXSCORE_PLAYER_ID","","PREGAME_ID_MISSING","2026-07-07T21:48:32.882Z","2026-07-07T22:40:00.000Z","51.451967","","false","","El snapshot no contiene ID explícito ni ID auxiliar verificable para este lado"
"823848","2026-07-08","home","Tyler Phillips","663969","LINESCORE_DEFENSE_PITCHER","HIGH","NOT_VERIFIABLE","true","Tyler Phillips","663969","FINAL_BOXSCORE_PLAYER_ID","3","MATCHED","2026-07-08T20:22:54.541Z","2026-07-08T22:40:00.000Z","137.090983","","false","FINAL_BOXSCORE_STRIKEOUTS","game_id y pitcher_id coinciden; actual_k final válido"
"823848","2026-07-08","away","George Kirby","","","","","","George Kirby","669923","FINAL_BOXSCORE_PLAYER_ID","","PREGAME_ID_MISSING","2026-07-08T20:22:54.541Z","2026-07-08T22:40:00.000Z","137.090983","","false","","El snapshot no contiene ID explícito ni ID auxiliar verificable para este lado"
"823849","2026-06-23","home","Sandy Alcantara","645261","LINESCORE_DEFENSE_PITCHER","HIGH","NOT_VERIFIABLE","true","Sandy Alcantara","645261","FINAL_BOXSCORE_PLAYER_ID","4","MATCHED","2026-06-23T21:42:19.556Z","2026-06-23T22:40:00.000Z","57.674067","","false","FINAL_BOXSCORE_STRIKEOUTS","game_id y pitcher_id coinciden; actual_k final válido"
"823849","2026-06-23","away","Cal Quantrill","","","","","","Cal Quantrill","615698","FINAL_BOXSCORE_PLAYER_ID","","PREGAME_ID_MISSING","2026-06-23T21:42:19.556Z","2026-06-23T22:40:00.000Z","57.674067","","false","","El snapshot no contiene ID explícito ni ID auxiliar verificable para este lado"
"823850","2026-06-24","home","Eury Pérez","691587","LINESCORE_DEFENSE_PITCHER","HIGH","NOT_VERIFIABLE","true","Eury Pérez","691587","FINAL_BOXSCORE_PLAYER_ID","1","MATCHED","2026-06-24T16:02:45.541Z","2026-06-24T16:10:00.000Z","7.240983","","false","FINAL_BOXSCORE_STRIKEOUTS","game_id y pitcher_id coinciden; actual_k final válido"
"823850","2026-06-24","away","Jacob deGrom","","","","","","Jacob deGrom","594798","FINAL_BOXSCORE_PLAYER_ID","","PREGAME_ID_MISSING","2026-06-24T16:02:45.541Z","2026-06-24T16:10:00.000Z","7.240983","","false","","El snapshot no contiene ID explícito ni ID auxiliar verificable para este lado"
"823851","2026-06-22","home","Tyler Phillips","","","","","","Tyler Phillips","663969","FINAL_BOXSCORE_PLAYER_ID","","PREGAME_ID_MISSING","2026-06-22T22:25:49.052Z","2026-06-22T22:40:00.000Z","14.182467","","false","","El snapshot no contiene ID explícito ni ID auxiliar verificable para este lado"
"823851","2026-06-22","away","Tyler Alexander","","","","","","Tyler Alexander","641302","FINAL_BOXSCORE_PLAYER_ID","","PREGAME_ID_MISSING","2026-06-22T22:25:49.052Z","2026-06-22T22:40:00.000Z","14.182467","","false","","El snapshot no contiene ID explícito ni ID auxiliar verificable para este lado"
"823852","2026-06-21","home","Ryan Gusto","","","","","","Ryan Gusto","687473","FINAL_BOXSCORE_PLAYER_ID","","PREGAME_ID_MISSING","2026-06-21T16:30:32.030Z","2026-06-21T17:40:00.000Z","69.466167","","false","","El snapshot no contiene ID explícito ni ID auxiliar verificable para este lado"
"823852","2026-06-21","away","Logan Webb","","","","","","Logan Webb","657277","FINAL_BOXSCORE_PLAYER_ID","","PREGAME_ID_MISSING","2026-06-21T16:30:32.030Z","2026-06-21T17:40:00.000Z","69.466167","","false","","El snapshot no contiene ID explícito ni ID auxiliar verificable para este lado"
"823853","2026-06-19","home","Lake Bachar","","","","","","Lake Bachar","669199","FINAL_BOXSCORE_PLAYER_ID","","PREGAME_ID_MISSING","2026-06-19T21:54:51.692Z","2026-06-19T23:10:00.000Z","75.138467","","false","","El snapshot no contiene ID explícito ni ID auxiliar verificable para este lado"
"823853","2026-06-19","away","Landen Roupp","","","","","","Landen Roupp","694738","FINAL_BOXSCORE_PLAYER_ID","","PREGAME_ID_MISSING","2026-06-19T21:54:51.692Z","2026-06-19T23:10:00.000Z","75.138467","","false","","El snapshot no contiene ID explícito ni ID auxiliar verificable para este lado"
"823854","2026-06-20","home","Max Meyer","","","","","","Max Meyer","676974","FINAL_BOXSCORE_PLAYER_ID","","PREGAME_ID_MISSING","2026-06-20T17:15:42.028Z","2026-06-20T20:10:00.000Z","174.299533","","false","","El snapshot no contiene ID explícito ni ID auxiliar verificable para este lado"
"823854","2026-06-20","away","Trevor McDonald","","","","","","Trevor McDonald","686790","FINAL_BOXSCORE_PLAYER_ID","","PREGAME_ID_MISSING","2026-06-20T17:15:42.028Z","2026-06-20T20:10:00.000Z","174.299533","","false","","El snapshot no contiene ID explícito ni ID auxiliar verificable para este lado"
"823913","2026-08-14","home","Yoshinobu Yamamoto","","","","","","Yoshinobu Yamamoto","808967","FINAL_BOXSCORE_PLAYER_ID","","PREGAME_ID_MISSING","2026-08-14T13:34:57.638Z","2026-08-15T02:10:00.000Z","755.039367","","false","","El snapshot no contiene ID explícito ni ID auxiliar verificable para este lado"
"823913","2026-08-14","away","Robert Gasser","","","","","","Robert Gasser","688107","FINAL_BOXSCORE_PLAYER_ID","","PREGAME_ID_MISSING","2026-08-14T13:34:57.638Z","2026-08-15T02:10:00.000Z","755.039367","","false","","El snapshot no contiene ID explícito ni ID auxiliar verificable para este lado"
"823915","2026-08-13","home","Roki Sasaki","","","","","","Roki Sasaki","808963","FINAL_BOXSCORE_PLAYER_ID","","PREGAME_ID_MISSING","2026-08-13T18:42:17.615Z","2026-08-14T02:10:00.000Z","447.706417","","false","","El snapshot no contiene ID explícito ni ID auxiliar verificable para este lado"
"823915","2026-08-13","away","Shane Drohan","","","","","","Shane Drohan","675660","FINAL_BOXSCORE_PLAYER_ID","","PREGAME_ID_MISSING","2026-08-13T18:42:17.615Z","2026-08-14T02:10:00.000Z","447.706417","","false","","El snapshot no contiene ID explícito ni ID auxiliar verificable para este lado"
"823924","2026-07-29","home","Eric Lauer","","","","","","Eric Lauer","641778","FINAL_BOXSCORE_PLAYER_ID","","PREGAME_ID_MISSING","2026-07-29T18:56:21.986Z","2026-07-30T02:10:00.000Z","433.633567","","false","","El snapshot no contiene ID explícito ni ID auxiliar verificable para este lado"
"823924","2026-07-29","away","Emerson Hancock","","","","","","Emerson Hancock","676106","FINAL_BOXSCORE_PLAYER_ID","","PREGAME_ID_MISSING","2026-07-29T18:56:21.986Z","2026-07-30T02:10:00.000Z","433.633567","","false","","El snapshot no contiene ID explícito ni ID auxiliar verificable para este lado"
"823925","2026-07-12","home","Emmet Sheehan","686218","LINESCORE_DEFENSE_PITCHER","HIGH","NOT_VERIFIABLE","true","Emmet Sheehan","686218","FINAL_BOXSCORE_PLAYER_ID","7","MATCHED","2026-07-12T20:00:56.841Z","2026-07-12T20:10:00.000Z","9.05265","","false","FINAL_BOXSCORE_STRIKEOUTS","game_id y pitcher_id coinciden; actual_k final válido"
"823925","2026-07-12","away","Mitch Bratt","","","","","","Mitch Bratt","683352","FINAL_BOXSCORE_PLAYER_ID","","PREGAME_ID_MISSING","2026-07-12T20:00:56.841Z","2026-07-12T20:10:00.000Z","9.05265","","false","","El snapshot no contiene ID explícito ni ID auxiliar verificable para este lado"
"823926","2026-07-11","home","Yoshinobu Yamamoto","808967","LINESCORE_DEFENSE_PITCHER","HIGH","NOT_VERIFIABLE","true","Yoshinobu Yamamoto","808967","FINAL_BOXSCORE_PLAYER_ID","6","MATCHED","2026-07-11T21:46:21.812Z","2026-07-12T01:10:00.000Z","203.636467","","false","FINAL_BOXSCORE_STRIKEOUTS","game_id y pitcher_id coinciden; actual_k final válido"
"823926","2026-07-11","away","Brandon Pfaadt","","","","","","Brandon Pfaadt","694297","FINAL_BOXSCORE_PLAYER_ID","","PREGAME_ID_MISSING","2026-07-11T21:46:21.812Z","2026-07-12T01:10:00.000Z","203.636467","","false","","El snapshot no contiene ID explícito ni ID auxiliar verificable para este lado"
"823927","2026-07-10","home","Por definir","","","","","","Kyle Hurt","669165","FINAL_BOXSCORE_PLAYER_ID","","PREGAME_ID_MISSING","2026-07-10T20:35:20.119Z","2026-07-11T02:10:00.000Z","334.664683","","false","","El snapshot no contiene ID explícito ni ID auxiliar verificable para este lado"
"823927","2026-07-10","away","Eduardo Rodriguez","","","","","","Eduardo Rodriguez","593958","FINAL_BOXSCORE_PLAYER_ID","","PREGAME_ID_MISSING","2026-07-10T20:35:20.119Z","2026-07-11T02:10:00.000Z","334.664683","","false","","El snapshot no contiene ID explícito ni ID auxiliar verificable para este lado"
"823928","2026-07-08","home","Roki Sasaki","808963","LINESCORE_DEFENSE_PITCHER","HIGH","NOT_VERIFIABLE","true","Roki Sasaki","808963","FINAL_BOXSCORE_PLAYER_ID","5","MATCHED","2026-07-09T01:49:49.097Z","2026-07-09T02:10:00.000Z","20.181717","","false","FINAL_BOXSCORE_STRIKEOUTS","game_id y pitcher_id coinciden; actual_k final válido"
"823928","2026-07-08","away","Gabriel Hughes","","","","","","Gabriel Hughes","687312","FINAL_BOXSCORE_PLAYER_ID","","PREGAME_ID_MISSING","2026-07-09T01:49:49.097Z","2026-07-09T02:10:00.000Z","20.181717","","false","","El snapshot no contiene ID explícito ni ID auxiliar verificable para este lado"
"823929","2026-07-07","home","Justin Wrobleski","680736","LINESCORE_DEFENSE_PITCHER","HIGH","NOT_VERIFIABLE","true","Justin Wrobleski","680736","FINAL_BOXSCORE_PLAYER_ID","9","MATCHED","2026-07-08T01:40:05.292Z","2026-07-08T02:10:00.000Z","29.9118","","false","FINAL_BOXSCORE_STRIKEOUTS","game_id y pitcher_id coinciden; actual_k final válido"
"823929","2026-07-07","away","Michael Lorenzen","","","","","","Michael Lorenzen","547179","FINAL_BOXSCORE_PLAYER_ID","","PREGAME_ID_MISSING","2026-07-08T01:40:05.292Z","2026-07-08T02:10:00.000Z","29.9118","","false","","El snapshot no contiene ID explícito ni ID auxiliar verificable para este lado"
"823930","2026-07-06","home","Eric Lauer","641778","LINESCORE_DEFENSE_PITCHER","HIGH","NOT_VERIFIABLE","true","Eric Lauer","641778","FINAL_BOXSCORE_PLAYER_ID","3","MATCHED","2026-07-07T01:55:45.651Z","2026-07-07T02:10:00.000Z","14.23915","","false","FINAL_BOXSCORE_STRIKEOUTS","game_id y pitcher_id coinciden; actual_k final válido"
"823930","2026-07-06","away","Kyle Freeland","","","","","","Kyle Freeland","607536","FINAL_BOXSCORE_PLAYER_ID","","PREGAME_ID_MISSING","2026-07-07T01:55:45.651Z","2026-07-07T02:10:00.000Z","14.23915","","false","","El snapshot no contiene ID explícito ni ID auxiliar verificable para este lado"
"823931","2026-07-05","home","Emmet Sheehan","686218","LINESCORE_DEFENSE_PITCHER","HIGH","NOT_VERIFIABLE","true","Emmet Sheehan","686218","FINAL_BOXSCORE_PLAYER_ID","5","MATCHED","2026-07-05T23:06:55.458Z","2026-07-05T23:20:00.000Z","13.0757","","false","FINAL_BOXSCORE_STRIKEOUTS","game_id y pitcher_id coinciden; actual_k final válido"
"823931","2026-07-05","away","JP Sears","","","","","","JP Sears","676664","FINAL_BOXSCORE_PLAYER_ID","","PREGAME_ID_MISSING","2026-07-05T23:06:55.458Z","2026-07-05T23:20:00.000Z","13.0757","","false","","El snapshot no contiene ID explícito ni ID auxiliar verificable para este lado"
"823932","2026-07-04","home","Yoshinobu Yamamoto","808967","LINESCORE_DEFENSE_PITCHER","HIGH","NOT_VERIFIABLE","true","Yoshinobu Yamamoto","808967","FINAL_BOXSCORE_PLAYER_ID","10","MATCHED","2026-07-05T02:00:18.082Z","2026-07-05T02:10:00.000Z","9.698633","","false","FINAL_BOXSCORE_STRIKEOUTS","game_id y pitcher_id coinciden; actual_k final válido"
"823932","2026-07-04","away","Wandy Peralta","","","","","","Wandy Peralta","593974","FINAL_BOXSCORE_PLAYER_ID","","PREGAME_ID_MISSING","2026-07-05T02:00:18.082Z","2026-07-05T02:10:00.000Z","9.698633","","false","","El snapshot no contiene ID explícito ni ID auxiliar verificable para este lado"
"823933","2026-07-03","home","Shohei Ohtani","660271","LINESCORE_DEFENSE_PITCHER","HIGH","NOT_VERIFIABLE","true","Shohei Ohtani","660271","FINAL_BOXSCORE_PLAYER_ID","9","MATCHED","2026-07-03T23:50:56.292Z","2026-07-04T02:10:00.000Z","139.0618","","false","FINAL_BOXSCORE_STRIKEOUTS","game_id y pitcher_id coinciden; actual_k final válido"
"823933","2026-07-03","away","Michael King","","","","","","Michael King","650633","FINAL_BOXSCORE_PLAYER_ID","","PREGAME_ID_MISSING","2026-07-03T23:50:56.292Z","2026-07-04T02:10:00.000Z","139.0618","","false","","El snapshot no contiene ID explícito ni ID auxiliar verificable para este lado"
"823934","2026-06-21","home","Emmet Sheehan","","","","","","Emmet Sheehan","686218","FINAL_PITCHERS_ID","","PREGAME_ID_MISSING","2026-06-21T19:54:39.708Z","2026-06-21T20:10:00.000Z","15.3382","","false","","El snapshot no contiene ID explícito ni ID auxiliar verificable para este lado"
"823934","2026-06-21","away","Brandon Young","","","","","","Brandon Young","687064","FINAL_PITCHERS_ID","","PREGAME_ID_MISSING","2026-06-21T19:54:39.708Z","2026-06-21T20:10:00.000Z","15.3382","","false","","El snapshot no contiene ID explícito ni ID auxiliar verificable para este lado"
"823935","2026-07-02","home","Roki Sasaki","","","","","","Roki Sasaki","808963","FINAL_BOXSCORE_PLAYER_ID","","PREGAME_ID_MISSING","2026-07-02T21:59:30.565Z","2026-07-03T02:10:00.000Z","250.490583","","false","","El snapshot no contiene ID explícito ni ID auxiliar verificable para este lado"
"823935","2026-07-02","away","Randy Vásquez","","","","","","Randy Vásquez","681190","FINAL_BOXSCORE_PLAYER_ID","","PREGAME_ID_MISSING","2026-07-02T21:59:30.565Z","2026-07-03T02:10:00.000Z","250.490583","","false","","El snapshot no contiene ID explícito ni ID auxiliar verificable para este lado"
"823936","2026-06-19","home","Roki Sasaki","","","","","","Roki Sasaki","808963","FINAL_BOXSCORE_PLAYER_ID","","PREGAME_ID_MISSING","2026-06-20T00:58:25.595Z","2026-06-20T02:10:00.000Z","71.573417","","false","","El snapshot no contiene ID explícito ni ID auxiliar verificable para este lado"
"823936","2026-06-19","away","Trey Gibson","","","","","","Trey Gibson","694346","FINAL_BOXSCORE_PLAYER_ID","","PREGAME_ID_MISSING","2026-06-20T00:58:25.595Z","2026-06-20T02:10:00.000Z","71.573417","","false","","El snapshot no contiene ID explícito ni ID auxiliar verificable para este lado"
"823937","2026-06-20","home","Yoshinobu Yamamoto","","","","","","Yoshinobu Yamamoto","808967","FINAL_BOXSCORE_PLAYER_ID","","PREGAME_ID_MISSING","2026-06-21T01:53:14.403Z","2026-06-21T02:10:00.000Z","16.75995","","false","","El snapshot no contiene ID explícito ni ID auxiliar verificable para este lado"
"823937","2026-06-20","away","Trevor Rogers","","","","","","Trevor Rogers","669432","FINAL_BOXSCORE_PLAYER_ID","","PREGAME_ID_MISSING","2026-06-21T01:53:14.403Z","2026-06-21T02:10:00.000Z","16.75995","","false","","El snapshot no contiene ID explícito ni ID auxiliar verificable para este lado"
"823938","2026-06-15","home","Eric Lauer","","","","","","Eric Lauer","641778","FINAL_BOXSCORE_PLAYER_ID","","PREGAME_ID_MISSING","2026-06-16T01:27:14.039Z","2026-06-16T02:10:00.000Z","42.766017","","false","","El snapshot no contiene ID explícito ni ID auxiliar verificable para este lado"
"823938","2026-06-15","away","Nick Martinez","","","","","","Nick Martinez","607259","FINAL_BOXSCORE_PLAYER_ID","","PREGAME_ID_MISSING","2026-06-16T01:27:14.039Z","2026-06-16T02:10:00.000Z","42.766017","","false","","El snapshot no contiene ID explícito ni ID auxiliar verificable para este lado"
"823939","2026-06-16","home","Justin Wrobleski","","","","","","Justin Wrobleski","680736","FINAL_BOXSCORE_PLAYER_ID","","PREGAME_ID_MISSING","2026-06-16T23:22:49.476Z","2026-06-17T02:10:00.000Z","167.1754","","false","","El snapshot no contiene ID explícito ni ID auxiliar verificable para este lado"
"823939","2026-06-16","away","Drew Rasmussen","","","","","","Drew Rasmussen","656876","FINAL_BOXSCORE_PLAYER_ID","","PREGAME_ID_MISSING","2026-06-16T23:22:49.476Z","2026-06-17T02:10:00.000Z","167.1754","","false","","El snapshot no contiene ID explícito ni ID auxiliar verificable para este lado"
"823940","2026-06-17","home","Shohei Ohtani","","","","","","Shohei Ohtani","660271","FINAL_BOXSCORE_PLAYER_ID","","PREGAME_ID_MISSING","2026-06-17T18:40:03.058Z","2026-06-17T19:10:00.000Z","29.949033","","false","","El snapshot no contiene ID explícito ni ID auxiliar verificable para este lado"
"823940","2026-06-17","away","Shane McClanahan","","","","","","Shane McClanahan","663556","FINAL_BOXSCORE_PLAYER_ID","","PREGAME_ID_MISSING","2026-06-17T18:40:03.058Z","2026-06-17T19:10:00.000Z","29.949033","","false","","El snapshot no contiene ID explícito ni ID auxiliar verificable para este lado"
"823988","2026-08-26","home","Grayson Rodriguez","680570","PITCHERS_PITCHER_ID","HIGH","","","Grayson Rodriguez","680570","FINAL_BOXSCORE_PLAYER_ID","4","MATCHED","2026-08-26T17:48:23.525Z","2026-08-26T20:07:00.000Z","138.607917","","false","FINAL_BOXSCORE_STRIKEOUTS","game_id y pitcher_id coinciden; actual_k final válido"
"823988","2026-08-26","away","Joey Cantillo","676282","PITCHERS_PITCHER_ID","HIGH","","","Joey Cantillo","676282","FINAL_BOXSCORE_PLAYER_ID","1","MATCHED","2026-08-26T17:48:23.525Z","2026-08-26T20:07:00.000Z","138.607917","","false","FINAL_BOXSCORE_STRIKEOUTS","game_id y pitcher_id coinciden; actual_k final válido"
"823989","2026-08-25","home","Walbert Ureña","","","","","","Walbert Ureña","700712","FINAL_BOXSCORE_PLAYER_ID","","PREGAME_ID_MISSING","2026-08-25T13:36:02.043Z","2026-08-26T01:38:00.000Z","721.96595","","false","","El snapshot no contiene ID explícito ni ID auxiliar verificable para este lado"
"823989","2026-08-25","away","Gavin Williams","","","","","","Gavin Williams","668909","FINAL_BOXSCORE_PLAYER_ID","","PREGAME_ID_MISSING","2026-08-25T13:36:02.043Z","2026-08-26T01:38:00.000Z","721.96595","","false","","El snapshot no contiene ID explícito ni ID auxiliar verificable para este lado"
"823993","2026-08-14","home","Grayson Rodriguez","","","","","","Grayson Rodriguez","680570","FINAL_BOXSCORE_PLAYER_ID","","PREGAME_ID_MISSING","2026-08-14T13:34:52.044Z","2026-08-15T01:38:00.000Z","723.1326","","false","","El snapshot no contiene ID explícito ni ID auxiliar verificable para este lado"
"823993","2026-08-14","away","Seth Lugo","","","","","","Seth Lugo","607625","FINAL_BOXSCORE_PLAYER_ID","","PREGAME_ID_MISSING","2026-08-14T13:34:52.044Z","2026-08-15T01:38:00.000Z","723.1326","","false","","El snapshot no contiene ID explícito ni ID auxiliar verificable para este lado"
"823995","2026-08-13","home","Walbert Ureña","","","","","","Walbert Ureña","700712","FINAL_BOXSCORE_PLAYER_ID","","PREGAME_ID_MISSING","2026-08-13T18:42:14.623Z","2026-08-14T02:07:00.000Z","444.756283","","false","","El snapshot no contiene ID explícito ni ID auxiliar verificable para este lado"
"823995","2026-08-13","away","Jacob deGrom","","","","","","Jacob deGrom","594798","FINAL_BOXSCORE_PLAYER_ID","","PREGAME_ID_MISSING","2026-08-13T18:42:14.623Z","2026-08-14T02:07:00.000Z","444.756283","","false","","El snapshot no contiene ID explícito ni ID auxiliar verificable para este lado"
"824001","2026-07-27","home","Walbert Ureña","","","","","","Walbert Ureña","700712","FINAL_BOXSCORE_PLAYER_ID","","PREGAME_ID_MISSING","2026-07-27T13:37:14.392Z","2026-07-28T01:38:00.000Z","720.760133","","false","","El snapshot no contiene ID explícito ni ID auxiliar verificable para este lado"
"824001","2026-07-27","away","Tatsuya Imai","","","","","","Tatsuya Imai","837227","FINAL_BOXSCORE_PLAYER_ID","","PREGAME_ID_MISSING","2026-07-27T13:37:14.392Z","2026-07-28T01:38:00.000Z","720.760133","","false","","El snapshot no contiene ID explícito ni ID auxiliar verificable para este lado"
"824002","2026-07-29","home","Grayson Rodriguez","","","","","","Grayson Rodriguez","680570","FINAL_BOXSCORE_PLAYER_ID","","PREGAME_ID_MISSING","2026-07-29T18:56:25.879Z","2026-07-30T01:38:00.000Z","401.568683","","false","","El snapshot no contiene ID explícito ni ID auxiliar verificable para este lado"
"824002","2026-07-29","away","Hayden Wesneski","","","","","","Hayden Wesneski","669713","FINAL_BOXSCORE_PLAYER_ID","","PREGAME_ID_MISSING","2026-07-29T18:56:25.879Z","2026-07-30T01:38:00.000Z","401.568683","","false","","El snapshot no contiene ID explícito ni ID auxiliar verificable para este lado"
"824004","2026-07-22","home","Reid Detmers","672282","LINESCORE_DEFENSE_PITCHER","HIGH","NOT_VERIFIABLE","true","Reid Detmers","672282","FINAL_BOXSCORE_PLAYER_ID","6","MATCHED","2026-07-22T19:28:12.494Z","2026-07-22T20:07:00.000Z","38.791767","","false","FINAL_BOXSCORE_STRIKEOUTS","game_id y pitcher_id coinciden; actual_k final válido"
"824004","2026-07-22","away","Hunter Dobbins","","","","","","Hunter Dobbins","690928","FINAL_BOXSCORE_PLAYER_ID","","PREGAME_ID_MISSING","2026-07-22T19:28:12.494Z","2026-07-22T20:07:00.000Z","38.791767","","false","","El snapshot no contiene ID explícito ni ID auxiliar verificable para este lado"
"824005","2026-07-21","home","Walbert Ureña","700712","LINESCORE_DEFENSE_PITCHER","HIGH","NOT_VERIFIABLE","true","Walbert Ureña","700712","FINAL_BOXSCORE_PLAYER_ID","5","MATCHED","2026-07-21T22:26:49.904Z","2026-07-22T01:38:00.000Z","191.168267","","false","FINAL_BOXSCORE_STRIKEOUTS","game_id y pitcher_id coinciden; actual_k final válido"
"824005","2026-07-21","away","Matthew Liberatore","","","","","","Matthew Liberatore","669461","FINAL_BOXSCORE_PLAYER_ID","","PREGAME_ID_MISSING","2026-07-21T22:26:49.904Z","2026-07-22T01:38:00.000Z","191.168267","","false","","El snapshot no contiene ID explícito ni ID auxiliar verificable para este lado"
"824006","2026-07-20","home","José Soriano","","","","","","José Soriano","667755","FINAL_BOXSCORE_PLAYER_ID","","PREGAME_ID_MISSING","2026-07-20T16:38:01.067Z","2026-07-21T02:10:00.000Z","571.982217","","false","","El snapshot no contiene ID explícito ni ID auxiliar verificable para este lado"
"824006","2026-07-20","away","Kyle Leahy","","","","","","Kyle Leahy","681517","FINAL_BOXSCORE_PLAYER_ID","","PREGAME_ID_MISSING","2026-07-20T16:38:01.067Z","2026-07-21T02:10:00.000Z","571.982217","","false","","El snapshot no contiene ID explícito ni ID auxiliar verificable para este lado"
"824007","2026-07-19","home","Ryan Johnson","696270","LINESCORE_DEFENSE_PITCHER","HIGH","NOT_VERIFIABLE","true","Ryan Johnson","696270","FINAL_BOXSCORE_PLAYER_ID","5","MATCHED","2026-07-19T19:08:36.312Z","2026-07-19T20:07:00.000Z","58.3948","","false","FINAL_BOXSCORE_STRIKEOUTS","game_id y pitcher_id coinciden; actual_k final válido"
"824007","2026-07-19","away","Casey Mize","","","","","","Casey Mize","663554","FINAL_BOXSCORE_PLAYER_ID","","PREGAME_ID_MISSING","2026-07-19T19:08:36.312Z","2026-07-19T20:07:00.000Z","58.3948","","false","","El snapshot no contiene ID explícito ni ID auxiliar verificable para este lado"
"824008","2026-07-18","home","Grayson Rodriguez","","","","","","Grayson Rodriguez","680570","FINAL_BOXSCORE_PLAYER_ID","","PREGAME_ID_MISSING","2026-07-18T15:24:34.576Z","2026-07-19T02:07:00.000Z","642.423733","","false","","El snapshot no contiene ID explícito ni ID auxiliar verificable para este lado"
"824008","2026-07-18","away","Tarik Skubal","","","","","","Tarik Skubal","669373","FINAL_BOXSCORE_PLAYER_ID","","PREGAME_ID_MISSING","2026-07-18T15:24:34.576Z","2026-07-19T02:07:00.000Z","642.423733","","false","","El snapshot no contiene ID explícito ni ID auxiliar verificable para este lado"
"824009","2026-07-17","home","Reid Detmers","672282","LINESCORE_DEFENSE_PITCHER","HIGH","NOT_VERIFIABLE","true","Reid Detmers","672282","FINAL_BOXSCORE_PLAYER_ID","7","MATCHED","2026-07-18T01:37:03.499Z","2026-07-18T01:38:00.000Z","0.941683","","false","FINAL_BOXSCORE_STRIKEOUTS","game_id y pitcher_id coinciden; actual_k final válido"
"824009","2026-07-17","away","Troy Melton","","","","","","Troy Melton","675512","FINAL_BOXSCORE_PLAYER_ID","","PREGAME_ID_MISSING","2026-07-18T01:37:03.499Z","2026-07-18T01:38:00.000Z","0.941683","","false","","El snapshot no contiene ID explícito ni ID auxiliar verificable para este lado"
"824010","2026-07-05","home","Ryan Johnson","696270","LINESCORE_DEFENSE_PITCHER","HIGH","NOT_VERIFIABLE","true","Ryan Johnson","696270","FINAL_BOXSCORE_PLAYER_ID","6","MATCHED","2026-07-06T00:32:52.215Z","2026-07-06T01:30:00.000Z","57.12975","","false","FINAL_BOXSCORE_STRIKEOUTS","game_id y pitcher_id coinciden; actual_k final válido"
"824010","2026-07-05","away","Ranger Suarez","","","","","","Ranger Suarez","624133","FINAL_BOXSCORE_PLAYER_ID","","PREGAME_ID_MISSING","2026-07-06T00:32:52.215Z","2026-07-06T01:30:00.000Z","57.12975","","false","","El snapshot no contiene ID explícito ni ID auxiliar verificable para este lado"
"824011","2026-06-28","home","Sam Aldegheri","691951","LINESCORE_DEFENSE_PITCHER","HIGH","NOT_VERIFIABLE","true","Sam Aldegheri","691951","FINAL_BOXSCORE_PLAYER_ID","4","MATCHED","2026-06-28T19:14:12.583Z","2026-06-28T19:15:00.000Z","0.790283","","false","FINAL_BOXSCORE_STRIKEOUTS","game_id y pitcher_id coinciden; actual_k final válido"
"824011","2026-06-28","away","Aaron Civale","","","","","","Aaron Civale","650644","FINAL_BOXSCORE_PLAYER_ID","","PREGAME_ID_MISSING","2026-06-28T19:14:12.583Z","2026-06-28T19:15:00.000Z","0.790283","","false","","El snapshot no contiene ID explícito ni ID auxiliar verificable para este lado"
"824012","2026-07-04","home","Sam Aldegheri","691951","LINESCORE_DEFENSE_PITCHER","HIGH","NOT_VERIFIABLE","true","Sam Aldegheri","691951","FINAL_BOXSCORE_PLAYER_ID","2","MATCHED","2026-07-05T01:32:05.087Z","2026-07-05T01:38:00.000Z","5.915217","","false","FINAL_BOXSCORE_STRIKEOUTS","game_id y pitcher_id coinciden; actual_k final válido"
"824012","2026-07-04","away","Sonny Gray","","","","","","Sonny Gray","543243","FINAL_BOXSCORE_PLAYER_ID","","PREGAME_ID_MISSING","2026-07-05T01:32:05.087Z","2026-07-05T01:38:00.000Z","5.915217","","false","","El snapshot no contiene ID explícito ni ID auxiliar verificable para este lado"
"824013","2026-07-03","home","Reid Detmers","672282","LINESCORE_DEFENSE_PITCHER","HIGH","NOT_VERIFIABLE","true","Reid Detmers","672282","FINAL_BOXSCORE_PLAYER_ID","5","MATCHED","2026-07-03T23:51:05.375Z","2026-07-04T01:38:00.000Z","106.910417","","false","FINAL_BOXSCORE_STRIKEOUTS","game_id y pitcher_id coinciden; actual_k final válido"
"824013","2026-07-03","away","Jake Bennett","","","","","","Jake Bennett","687562","FINAL_BOXSCORE_PLAYER_ID","","PREGAME_ID_MISSING","2026-07-03T23:51:05.375Z","2026-07-04T01:38:00.000Z","106.910417","","false","","El snapshot no contiene ID explícito ni ID auxiliar verificable para este lado"
"824014","2026-06-26","home","Walbert Ureña","700712","LINESCORE_DEFENSE_PITCHER","HIGH","NOT_VERIFIABLE","true","Walbert Ureña","700712","FINAL_BOXSCORE_PLAYER_ID","5","MATCHED","2026-06-27T01:36:56.429Z","2026-06-27T01:38:00.000Z","1.059517","","false","FINAL_BOXSCORE_STRIKEOUTS","game_id y pitcher_id coinciden; actual_k final válido"
"824014","2026-06-26","away","J.T. Ginn","","","","","","J.T. Ginn","669372","FINAL_BOXSCORE_PLAYER_ID","","PREGAME_ID_MISSING","2026-06-27T01:36:56.429Z","2026-06-27T01:38:00.000Z","1.059517","","false","","El snapshot no contiene ID explícito ni ID auxiliar verificable para este lado"
"824015","2026-06-27","home","Reid Detmers","672282","LINESCORE_DEFENSE_PITCHER","HIGH","NOT_VERIFIABLE","true","Reid Detmers","672282","FINAL_BOXSCORE_PLAYER_ID","8","MATCHED","2026-06-28T01:27:43.327Z","2026-06-28T01:38:00.000Z","10.277883","","false","FINAL_BOXSCORE_STRIKEOUTS","game_id y pitcher_id coinciden; actual_k final válido"
"824015","2026-06-27","away","Jack Perkins","","","","","","Jack Perkins","678022","FINAL_BOXSCORE_PLAYER_ID","","PREGAME_ID_MISSING","2026-06-28T01:27:43.327Z","2026-06-28T01:38:00.000Z","10.277883","","false","","El snapshot no contiene ID explícito ni ID auxiliar verificable para este lado"
"824016","2026-06-22","home","Sam Aldegheri","","","","","","Sam Aldegheri","691951","FINAL_BOXSCORE_PLAYER_ID","","PREGAME_ID_MISSING","2026-06-23T01:17:04.287Z","2026-06-23T01:38:00.000Z","20.92855","","false","","El snapshot no contiene ID explícito ni ID auxiliar verificable para este lado"
"824016","2026-06-22","away","Kyle Bradish","","","","","","Kyle Bradish","680694","FINAL_BOXSCORE_PLAYER_ID","","PREGAME_ID_MISSING","2026-06-23T01:17:04.287Z","2026-06-23T01:38:00.000Z","20.92855","","false","","El snapshot no contiene ID explícito ni ID auxiliar verificable para este lado"
"824017","2026-06-23","home","Ryan Johnson","696270","LINESCORE_DEFENSE_PITCHER","HIGH","NOT_VERIFIABLE","true","Ryan Johnson","696270","FINAL_BOXSCORE_PLAYER_ID","8","MATCHED","2026-06-24T00:56:43.812Z","2026-06-24T01:38:00.000Z","41.2698","","false","FINAL_BOXSCORE_STRIKEOUTS","game_id y pitcher_id coinciden; actual_k final válido"
"824017","2026-06-23","away","Shane Baz","","","","","","Shane Baz","669358","FINAL_BOXSCORE_PLAYER_ID","","PREGAME_ID_MISSING","2026-06-24T00:56:43.812Z","2026-06-24T01:38:00.000Z","41.2698","","false","","El snapshot no contiene ID explícito ni ID auxiliar verificable para este lado"
"824018","2026-06-24","home","José Soriano","667755","LINESCORE_DEFENSE_PITCHER","HIGH","NOT_VERIFIABLE","true","José Soriano","667755","FINAL_BOXSCORE_PLAYER_ID","4","MATCHED","2026-06-24T20:06:43.608Z","2026-06-24T20:07:00.000Z","0.2732","","false","FINAL_BOXSCORE_STRIKEOUTS","game_id y pitcher_id coinciden; actual_k final válido"
"824018","2026-06-24","away","Trey Gibson","","","","","","Trey Gibson","694346","FINAL_BOXSCORE_PLAYER_ID","","PREGAME_ID_MISSING","2026-06-24T20:06:43.608Z","2026-06-24T20:07:00.000Z","0.2732","","false","","El snapshot no contiene ID explícito ni ID auxiliar verificable para este lado"
"824019","2026-06-13","home","José Soriano","","","","","","José Soriano","","","","PREGAME_ID_MISSING","2026-06-14T00:28:37.635Z","2026-06-14T02:07:00.000Z","98.37275","","false","","El snapshot no contiene ID explícito ni ID auxiliar verificable para este lado"
"824019","2026-06-13","away","Griffin Jax","","","","","","Griffin Jax","","","","PREGAME_ID_MISSING","2026-06-14T00:28:37.635Z","2026-06-14T02:07:00.000Z","98.37275","","false","","El snapshot no contiene ID explícito ni ID auxiliar verificable para este lado"
"824020","2026-06-12","home","Sam Aldegheri","","","","","","Sam Aldegheri","","","","PREGAME_ID_MISSING","2026-06-13T01:25:57.510Z","2026-06-13T01:38:00.000Z","12.0415","","false","","El snapshot no contiene ID explícito ni ID auxiliar verificable para este lado"
"824020","2026-06-12","away","Shane McClanahan","","","","","","Shane McClanahan","","","","PREGAME_ID_MISSING","2026-06-13T01:25:57.510Z","2026-06-13T01:38:00.000Z","12.0415","","false","","El snapshot no contiene ID explícito ni ID auxiliar verificable para este lado"
"824021","2026-06-14","home","Grayson Rodriguez","","","","","","Grayson Rodriguez","","","","PREGAME_ID_MISSING","2026-06-14T19:13:32.295Z","2026-06-14T20:07:00.000Z","53.46175","","false","","El snapshot no contiene ID explícito ni ID auxiliar verificable para este lado"
"824021","2026-06-14","away","Casey Legumina","","","","","","Casey Legumina","","","","PREGAME_ID_MISSING","2026-06-14T19:13:32.295Z","2026-06-14T20:07:00.000Z","53.46175","","false","","El snapshot no contiene ID explícito ni ID auxiliar verificable para este lado"
"824083","2026-07-22","home","Seth Lugo","607625","LINESCORE_DEFENSE_PITCHER","HIGH","NOT_VERIFIABLE","true","Seth Lugo","607625","FINAL_BOXSCORE_PLAYER_ID","5","MATCHED","2026-07-22T18:07:20.465Z","2026-07-22T18:10:00.000Z","2.658917","","false","FINAL_BOXSCORE_STRIKEOUTS","game_id y pitcher_id coinciden; actual_k final válido"
"824083","2026-07-22","away","Landen Roupp","","","","","","Landen Roupp","694738","FINAL_BOXSCORE_PLAYER_ID","","PREGAME_ID_MISSING","2026-07-22T18:07:20.465Z","2026-07-22T18:10:00.000Z","2.658917","","false","","El snapshot no contiene ID explícito ni ID auxiliar verificable para este lado"
"824085","2026-07-21","home","Luinder Avila","679883","LINESCORE_DEFENSE_PITCHER","HIGH","NOT_VERIFIABLE","true","Luinder Avila","679883","FINAL_BOXSCORE_PLAYER_ID","7","MATCHED","2026-07-21T22:26:52.897Z","2026-07-21T23:40:00.000Z","73.118383","","false","FINAL_BOXSCORE_STRIKEOUTS","game_id y pitcher_id coinciden; actual_k final válido"
"824085","2026-07-21","away","Tyler Mahle","","","","","","Tyler Mahle","641816","FINAL_BOXSCORE_PLAYER_ID","","PREGAME_ID_MISSING","2026-07-21T22:26:52.897Z","2026-07-21T23:40:00.000Z","73.118383","","false","","El snapshot no contiene ID explícito ni ID auxiliar verificable para este lado"
"824086","2026-07-19","home","Noah Cameron","702070","LINESCORE_DEFENSE_PITCHER","HIGH","NOT_VERIFIABLE","true","Noah Cameron","702070","FINAL_BOXSCORE_PLAYER_ID","1","MATCHED","2026-07-19T17:51:22.682Z","2026-07-19T18:10:00.000Z","18.621967","","false","FINAL_BOXSCORE_STRIKEOUTS","game_id y pitcher_id coinciden; actual_k final válido"
"824086","2026-07-19","away","Germán Márquez","","","","","","Germán Márquez","608566","FINAL_BOXSCORE_PLAYER_ID","","PREGAME_ID_MISSING","2026-07-19T17:51:22.682Z","2026-07-19T18:10:00.000Z","18.621967","","false","","El snapshot no contiene ID explícito ni ID auxiliar verificable para este lado"
"824087","2026-07-20","home","Michael Wacha","","","","","","Michael Wacha","608379","FINAL_BOXSCORE_PLAYER_ID","","PREGAME_ID_MISSING","2026-07-20T16:38:04.163Z","2026-07-20T23:40:00.000Z","421.930617","","false","","El snapshot no contiene ID explícito ni ID auxiliar verificable para este lado"
"824087","2026-07-20","away","Trevor McDonald","","","","","","Trevor McDonald","686790","FINAL_BOXSCORE_PLAYER_ID","","PREGAME_ID_MISSING","2026-07-20T16:38:04.163Z","2026-07-20T23:40:00.000Z","421.930617","","false","","El snapshot no contiene ID explícito ni ID auxiliar verificable para este lado"
"824088","2026-07-18","home","Randy Dobnak","","","","","","Randy Dobnak","677976","FINAL_BOXSCORE_PLAYER_ID","","PREGAME_ID_MISSING","2026-07-18T15:24:38.576Z","2026-07-18T20:10:00.000Z","285.357067","","false","","El snapshot no contiene ID explícito ni ID auxiliar verificable para este lado"
"824088","2026-07-18","away","Griffin Canning","","","","","","Griffin Canning","656288","FINAL_BOXSCORE_PLAYER_ID","","PREGAME_ID_MISSING","2026-07-18T15:24:38.576Z","2026-07-18T20:10:00.000Z","285.357067","","false","","El snapshot no contiene ID explícito ni ID auxiliar verificable para este lado"
"824089","2026-07-06","home","Noah Cameron","702070","LINESCORE_DEFENSE_PITCHER","HIGH","NOT_VERIFIABLE","true","Noah Cameron","702070","FINAL_BOXSCORE_PLAYER_ID","7","MATCHED","2026-07-06T17:11:47.356Z","2026-07-06T18:10:00.000Z","58.210733","","false","FINAL_BOXSCORE_STRIKEOUTS","game_id y pitcher_id coinciden; actual_k final válido"
"824089","2026-07-06","away","Cristopher Sánchez","","","","","","Cristopher Sánchez","650911","FINAL_BOXSCORE_PLAYER_ID","","PREGAME_ID_MISSING","2026-07-06T17:11:47.356Z","2026-07-06T18:10:00.000Z","58.210733","","false","","El snapshot no contiene ID explícito ni ID auxiliar verificable para este lado"
"824090","2026-07-17","home","Seth Lugo","607625","LINESCORE_DEFENSE_PITCHER","HIGH","NOT_VERIFIABLE","true","Seth Lugo","607625","FINAL_BOXSCORE_PLAYER_ID","3","MATCHED","2026-07-17T23:18:39.522Z","2026-07-18T00:10:00.000Z","51.3413","","false","FINAL_BOXSCORE_STRIKEOUTS","game_id y pitcher_id coinciden; actual_k final válido"
"824090","2026-07-17","away","Michael King","","","","","","Michael King","650633","FINAL_BOXSCORE_PLAYER_ID","","PREGAME_ID_MISSING","2026-07-17T23:18:39.522Z","2026-07-18T00:10:00.000Z","51.3413","","false","","El snapshot no contiene ID explícito ni ID auxiliar verificable para este lado"
"824091","2026-07-05","home","Luinder Avila","679883","LINESCORE_DEFENSE_PITCHER","HIGH","NOT_VERIFIABLE","true","Luinder Avila","679883","FINAL_BOXSCORE_PLAYER_ID","4","MATCHED","2026-07-05T18:57:19.562Z","2026-07-05T19:00:00.000Z","2.673967","","false","FINAL_BOXSCORE_STRIKEOUTS","game_id y pitcher_id coinciden; actual_k final válido"
"824091","2026-07-05","away","Aaron Nola","","","","","","Aaron Nola","605400","FINAL_BOXSCORE_PLAYER_ID","","PREGAME_ID_MISSING","2026-07-05T18:57:19.562Z","2026-07-05T19:00:00.000Z","2.673967","","false","","El snapshot no contiene ID explícito ni ID auxiliar verificable para este lado"
"824092","2026-07-04","home","Michael Wacha","","","","","","Michael Wacha","608379","FINAL_BOXSCORE_PLAYER_ID","","PREGAME_ID_MISSING","2026-07-04T19:14:12.764Z","2026-07-05T00:10:00.000Z","295.787267","","false","","El snapshot no contiene ID explícito ni ID auxiliar verificable para este lado"
"824092","2026-07-04","away","Jesús Luzardo","","","","","","Jesús Luzardo","666200","FINAL_BOXSCORE_PLAYER_ID","","PREGAME_ID_MISSING","2026-07-04T19:14:12.764Z","2026-07-05T00:10:00.000Z","295.787267","","false","","El snapshot no contiene ID explícito ni ID auxiliar verificable para este lado"
"824093","2026-07-02","home","Stephen Kolek","663568","LINESCORE_DEFENSE_PITCHER","HIGH","NOT_VERIFIABLE","true","Stephen Kolek","663568","FINAL_BOXSCORE_PLAYER_ID","0","MATCHED","2026-07-02T21:57:47.960Z","2026-07-02T23:40:00.000Z","102.200667","","false","FINAL_BOXSCORE_STRIKEOUTS","game_id y pitcher_id coinciden; actual_k final válido"
"824093","2026-07-02","away","Ian Seymour","","","","","","Ian Seymour","693855","FINAL_BOXSCORE_PLAYER_ID","","PREGAME_ID_MISSING","2026-07-02T21:57:47.960Z","2026-07-02T23:40:00.000Z","102.200667","","false","","El snapshot no contiene ID explícito ni ID auxiliar verificable para este lado"
"824094","2026-07-01","home","Seth Lugo","607625","LINESCORE_DEFENSE_PITCHER","HIGH","NOT_VERIFIABLE","true","Seth Lugo","","","","FINAL_ID_MISSING","2026-07-01T23:01:22.753Z","2026-07-01T23:40:00.000Z","38.620783","","false","","No existe documento final válido para el game_id"
"824094","2026-07-01","away","Shane McClanahan","","","","","","Shane McClanahan","","","","FINAL_ID_MISSING","2026-07-01T23:01:22.753Z","2026-07-01T23:40:00.000Z","38.620783","","false","","No existe documento final válido para el game_id"
"824095","2026-06-21","home","Stephen Kolek","","","","","","Stephen Kolek","663568","FINAL_BOXSCORE_PLAYER_ID","","PREGAME_ID_MISSING","2026-06-21T16:30:37.334Z","2026-06-21T18:10:00.000Z","99.377767","","false","","El snapshot no contiene ID explícito ni ID auxiliar verificable para este lado"
"824095","2026-06-21","away","Dustin May","","","","","","Dustin May","669160","FINAL_BOXSCORE_PLAYER_ID","","PREGAME_ID_MISSING","2026-06-21T16:30:37.334Z","2026-06-21T18:10:00.000Z","99.377767","","false","","El snapshot no contiene ID explícito ni ID auxiliar verificable para este lado"
"824096","2026-06-30","home","Noah Cameron","702070","LINESCORE_DEFENSE_PITCHER","HIGH","NOT_VERIFIABLE","true","Noah Cameron","","","","FINAL_ID_MISSING","2026-06-30T23:37:05.216Z","2026-06-30T23:40:00.000Z","2.913067","","false","","El documento final no contiene un ID seguro para este lado"
"824096","2026-06-30","away","Griffin Jax","","","","","","Griffin Jax","","","","PREGAME_ID_MISSING","2026-06-30T23:37:05.216Z","2026-06-30T23:40:00.000Z","2.913067","","false","","El snapshot no contiene ID explícito ni ID auxiliar verificable para este lado"
"824097","2026-06-19","home","Seth Lugo","","","","","","Seth Lugo","607625","FINAL_BOXSCORE_PLAYER_ID","","PREGAME_ID_MISSING","2026-06-20T00:00:53.585Z","2026-06-20T00:15:00.000Z","14.106917","","false","","El snapshot no contiene ID explícito ni ID auxiliar verificable para este lado"
"824097","2026-06-19","away","Michael McGreevy","","","","","","Michael McGreevy","700241","FINAL_BOXSCORE_PLAYER_ID","","PREGAME_ID_MISSING","2026-06-20T00:00:53.585Z","2026-06-20T00:15:00.000Z","14.106917","","false","","El snapshot no contiene ID explícito ni ID auxiliar verificable para este lado"
"824098","2026-06-18","home","Noah Cameron","","","","","","Noah Cameron","702070","FINAL_BOXSCORE_PLAYER_ID","","PREGAME_ID_MISSING","2026-06-18T22:29:49.302Z","2026-06-18T23:40:00.000Z","70.1783","","false","","El snapshot no contiene ID explícito ni ID auxiliar verificable para este lado"
"824098","2026-06-18","away","Matthew Liberatore","","","","","","Matthew Liberatore","669461","FINAL_BOXSCORE_PLAYER_ID","","PREGAME_ID_MISSING","2026-06-18T22:29:49.302Z","2026-06-18T23:40:00.000Z","70.1783","","false","","El snapshot no contiene ID explícito ni ID auxiliar verificable para este lado"
"824099","2026-06-14","home","Stephen Kolek","","","","","","Stephen Kolek","","","","PREGAME_ID_MISSING","2026-06-14T18:08:52.997Z","2026-06-14T18:10:00.000Z","1.116717","","false","","El snapshot no contiene ID explícito ni ID auxiliar verificable para este lado"
"824099","2026-06-14","away","Spencer Arrighetti","","","","","","Spencer Arrighetti","","","","PREGAME_ID_MISSING","2026-06-14T18:08:52.997Z","2026-06-14T18:10:00.000Z","1.116717","","false","","El snapshot no contiene ID explícito ni ID auxiliar verificable para este lado"
"824100","2026-06-13","home","Noah Cameron","","","","","","Noah Cameron","","","","PREGAME_ID_MISSING","2026-06-13T22:57:22.602Z","2026-06-13T23:10:00.000Z","12.6233","","false","","El snapshot no contiene ID explícito ni ID auxiliar verificable para este lado"
"824100","2026-06-13","away","Mike Burrows","","","","","","Mike Burrows","","","","PREGAME_ID_MISSING","2026-06-13T22:57:22.602Z","2026-06-13T23:10:00.000Z","12.6233","","false","","El snapshot no contiene ID explícito ni ID auxiliar verificable para este lado"
"824102","2026-06-12","home","Luinder Avila","","","","","","Luinder Avila","","","","PREGAME_ID_MISSING","2026-06-12T21:09:56.448Z","2026-06-13T00:10:00.000Z","180.0592","","false","","El snapshot no contiene ID explícito ni ID auxiliar verificable para este lado"
"824102","2026-06-12","away","Tatsuya Imai","","","","","","Tatsuya Imai","","","","PREGAME_ID_MISSING","2026-06-12T21:09:56.448Z","2026-06-13T00:10:00.000Z","180.0592","","false","","El snapshot no contiene ID explícito ni ID auxiliar verificable para este lado"
"824159","2026-08-14","home","Peter Lambert","","","","","","Peter Lambert","663567","FINAL_BOXSCORE_PLAYER_ID","","PREGAME_ID_MISSING","2026-08-14T13:34:49.043Z","2026-08-15T00:10:00.000Z","635.182617","","false","","El snapshot no contiene ID explícito ni ID auxiliar verificable para este lado"
"824159","2026-08-14","away","George Kirby","","","","","","George Kirby","669923","FINAL_BOXSCORE_PLAYER_ID","","PREGAME_ID_MISSING","2026-08-14T13:34:49.043Z","2026-08-15T00:10:00.000Z","635.182617","","false","","El snapshot no contiene ID explícito ni ID auxiliar verificable para este lado"
"824165","2026-07-21","home","Tatsuya Imai","837227","LINESCORE_DEFENSE_PITCHER","HIGH","NOT_VERIFIABLE","true","Tatsuya Imai","837227","FINAL_BOXSCORE_PLAYER_ID","8","MATCHED","2026-07-21T22:26:55.795Z","2026-07-22T00:10:00.000Z","103.070083","","false","FINAL_BOXSCORE_STRIKEOUTS","game_id y pitcher_id coinciden; actual_k final válido"
"824165","2026-07-21","away","Tyler Phillips","","","","","","Tyler Phillips","663969","FINAL_BOXSCORE_PLAYER_ID","","PREGAME_ID_MISSING","2026-07-21T22:26:55.795Z","2026-07-22T00:10:00.000Z","103.070083","","false","","El snapshot no contiene ID explícito ni ID auxiliar verificable para este lado"
"824166","2026-07-22","home","Peter Lambert","","","","","","Peter Lambert","663567","FINAL_BOXSCORE_PLAYER_ID","","PREGAME_ID_MISSING","2026-07-22T19:28:20.778Z","2026-07-23T00:10:00.000Z","281.6537","","false","","El snapshot no contiene ID explícito ni ID auxiliar verificable para este lado"
"824166","2026-07-22","away","Sandy Alcantara","","","","","","Sandy Alcantara","645261","FINAL_BOXSCORE_PLAYER_ID","","PREGAME_ID_MISSING","2026-07-22T19:28:20.778Z","2026-07-23T00:10:00.000Z","281.6537","","false","","El snapshot no contiene ID explícito ni ID auxiliar verificable para este lado"
"824167","2026-07-20","home","Ronel Blanco","","","","","","Ronel Blanco","669854","FINAL_BOXSCORE_PLAYER_ID","","PREGAME_ID_MISSING","2026-07-20T16:38:07.263Z","2026-07-21T00:10:00.000Z","451.87895","","false","","El snapshot no contiene ID explícito ni ID auxiliar verificable para este lado"
"824167","2026-07-20","away","Janson Junk","","","","","","Janson Junk","676083","FINAL_BOXSCORE_PLAYER_ID","","PREGAME_ID_MISSING","2026-07-20T16:38:07.263Z","2026-07-21T00:10:00.000Z","451.87895","","false","","El snapshot no contiene ID explícito ni ID auxiliar verificable para este lado"
"824168","2026-07-19","home","Hunter Brown","686613","LINESCORE_DEFENSE_PITCHER","HIGH","NOT_VERIFIABLE","true","Hunter Brown","686613","FINAL_BOXSCORE_PLAYER_ID","4","MATCHED","2026-07-19T17:51:18.997Z","2026-07-19T18:10:00.000Z","18.683383","","false","FINAL_BOXSCORE_STRIKEOUTS","game_id y pitcher_id coinciden; actual_k final válido"
"824168","2026-07-19","away","Brandon Young","","","","","","Brandon Young","687064","FINAL_BOXSCORE_PLAYER_ID","","PREGAME_ID_MISSING","2026-07-19T17:51:18.997Z","2026-07-19T18:10:00.000Z","18.683383","","false","","El snapshot no contiene ID explícito ni ID auxiliar verificable para este lado"
"824169","2026-07-18","home","Spencer Arrighetti","","","","","","Spencer Arrighetti","681293","FINAL_BOXSCORE_PLAYER_ID","","PREGAME_ID_MISSING","2026-07-18T15:24:41.979Z","2026-07-18T20:10:00.000Z","285.30035","","false","","El snapshot no contiene ID explícito ni ID auxiliar verificable para este lado"
"824169","2026-07-18","away","Trevor Rogers","","","","","","Trevor Rogers","669432","FINAL_BOXSCORE_PLAYER_ID","","PREGAME_ID_MISSING","2026-07-18T15:24:41.979Z","2026-07-18T20:10:00.000Z","285.30035","","false","","El snapshot no contiene ID explícito ni ID auxiliar verificable para este lado"
"824170","2026-07-17","home","Peter Lambert","663567","LINESCORE_DEFENSE_PITCHER","HIGH","NOT_VERIFIABLE","true","Peter Lambert","663567","FINAL_BOXSCORE_PLAYER_ID","10","MATCHED","2026-07-17T23:18:42.220Z","2026-07-18T00:10:00.000Z","51.296333","","false","FINAL_BOXSCORE_STRIKEOUTS","game_id y pitcher_id coinciden; actual_k final válido"
"824170","2026-07-17","away","Dean Kremer","","","","","","Dean Kremer","665152","FINAL_BOXSCORE_PLAYER_ID","","PREGAME_ID_MISSING","2026-07-17T23:18:42.220Z","2026-07-18T00:10:00.000Z","51.296333","","false","","El snapshot no contiene ID explícito ni ID auxiliar verificable para este lado"
"824171","2026-07-04","home","Hunter Brown","","","","","","Hunter Brown","686613","FINAL_BOXSCORE_PLAYER_ID","","PREGAME_ID_MISSING","2026-07-04T19:13:59.161Z","2026-07-04T23:10:00.000Z","236.013983","","false","","El snapshot no contiene ID explícito ni ID auxiliar verificable para este lado"
"824171","2026-07-04","away","Drew Rasmussen","","","","","","Drew Rasmussen","656876","FINAL_BOXSCORE_PLAYER_ID","","PREGAME_ID_MISSING","2026-07-04T19:13:59.161Z","2026-07-04T23:10:00.000Z","236.013983","","false","","El snapshot no contiene ID explícito ni ID auxiliar verificable para este lado"
"824172","2026-07-05","home","Peter Lambert","663567","LINESCORE_DEFENSE_PITCHER","HIGH","NOT_VERIFIABLE","true","Peter Lambert","663567","FINAL_BOXSCORE_PLAYER_ID","6","MATCHED","2026-07-05T19:22:20.784Z","2026-07-05T19:30:00.000Z","7.6536","","false","FINAL_BOXSCORE_STRIKEOUTS","game_id y pitcher_id coinciden; actual_k final válido"
"824172","2026-07-05","away","Mason Englert","","","","","","Mason Englert","669438","FINAL_BOXSCORE_PLAYER_ID","","PREGAME_ID_MISSING","2026-07-05T19:22:20.784Z","2026-07-05T19:30:00.000Z","7.6536","","false","","El snapshot no contiene ID explícito ni ID auxiliar verificable para este lado"
"824173","2026-07-03","home","Spencer Arrighetti","681293","LINESCORE_DEFENSE_PITCHER","HIGH","NOT_VERIFIABLE","true","Spencer Arrighetti","681293","FINAL_BOXSCORE_PLAYER_ID","4","MATCHED","2026-07-03T23:51:14.493Z","2026-07-04T00:15:00.000Z","23.75845","","false","FINAL_BOXSCORE_STRIKEOUTS","game_id y pitcher_id coinciden; actual_k final válido"
"824173","2026-07-03","away","Nick Martinez","","","","","","Nick Martinez","607259","FINAL_BOXSCORE_PLAYER_ID","","PREGAME_ID_MISSING","2026-07-03T23:51:14.493Z","2026-07-04T00:15:00.000Z","23.75845","","false","","El snapshot no contiene ID explícito ni ID auxiliar verificable para este lado"
"824174","2026-07-01","home","Tatsuya Imai","837227","LINESCORE_DEFENSE_PITCHER","HIGH","NOT_VERIFIABLE","true","Tatsuya Imai","","","","FINAL_ID_MISSING","2026-07-01T23:50:38.800Z","2026-07-02T00:10:00.000Z","19.353333","","false","","No existe documento final válido para el game_id"
"824174","2026-07-01","away","Taj Bradley","","","","","","Taj Bradley","","","","FINAL_ID_MISSING","2026-07-01T23:50:38.800Z","2026-07-02T00:10:00.000Z","19.353333","","false","","No existe documento final válido para el game_id"
"824175","2026-06-30","home","Mike Burrows","681347","LINESCORE_DEFENSE_PITCHER","HIGH","NOT_VERIFIABLE","true","Mike Burrows","","","","FINAL_ID_MISSING","2026-07-01T00:02:56.722Z","2026-07-01T00:10:00.000Z","7.054633","","false","","El documento final no contiene un ID seguro para este lado"
"824175","2026-06-30","away","Joe Ryan","","","","","","Joe Ryan","","","","PREGAME_ID_MISSING","2026-07-01T00:02:56.722Z","2026-07-01T00:10:00.000Z","7.054633","","false","","El snapshot no contiene ID explícito ni ID auxiliar verificable para este lado"
"824176","2026-06-29","home","Peter Lambert","663567","LINESCORE_DEFENSE_PITCHER","HIGH","NOT_VERIFIABLE","true","Peter Lambert","663567","FINAL_BOXSCORE_PLAYER_ID","4","MATCHED","2026-06-29T23:57:30.964Z","2026-06-30T00:10:00.000Z","12.483933","","false","FINAL_BOXSCORE_STRIKEOUTS","game_id y pitcher_id coinciden; actual_k final válido"
"824176","2026-06-29","away","Zebby Matthews","","","","","","Zebby Matthews","805673","FINAL_BOXSCORE_PLAYER_ID","","PREGAME_ID_MISSING","2026-06-29T23:57:30.964Z","2026-06-30T00:10:00.000Z","12.483933","","false","","El snapshot no contiene ID explícito ni ID auxiliar verificable para este lado"
"824177","2026-06-21","home","Kai-Wei Teng","","","","","","Kai-Wei Teng","678906","FINAL_BOXSCORE_PLAYER_ID","","PREGAME_ID_MISSING","2026-06-21T16:30:39.631Z","2026-06-21T18:10:00.000Z","99.339483","","false","","El snapshot no contiene ID explícito ni ID auxiliar verificable para este lado"
"824177","2026-06-21","away","Slade Cecconi","","","","","","Slade Cecconi","677944","FINAL_BOXSCORE_PLAYER_ID","","PREGAME_ID_MISSING","2026-06-21T16:30:39.631Z","2026-06-21T18:10:00.000Z","99.339483","","false","","El snapshot no contiene ID explícito ni ID auxiliar verificable para este lado"
"824178","2026-06-17","home","Peter Lambert","","","","","","Peter Lambert","663567","FINAL_BOXSCORE_PLAYER_ID","","PREGAME_ID_MISSING","2026-06-17T18:09:35.128Z","2026-06-17T18:10:00.000Z","0.414533","","false","","El snapshot no contiene ID explícito ni ID auxiliar verificable para este lado"
"824178","2026-06-17","away","Casey Mize","","","","","","Casey Mize","663554","FINAL_BOXSCORE_PLAYER_ID","","PREGAME_ID_MISSING","2026-06-17T18:09:35.128Z","2026-06-17T18:10:00.000Z","0.414533","","false","","El snapshot no contiene ID explícito ni ID auxiliar verificable para este lado"
"824179","2026-06-19","home","Tatsuya Imai","","","","","","Tatsuya Imai","837227","FINAL_BOXSCORE_PLAYER_ID","","PREGAME_ID_MISSING","2026-06-20T00:00:50.977Z","2026-06-20T00:10:00.000Z","9.150383","","false","","El snapshot no contiene ID explícito ni ID auxiliar verificable para este lado"
"824179","2026-06-19","away","Tanner Bibee","","","","","","Tanner Bibee","676440","FINAL_BOXSCORE_PLAYER_ID","","PREGAME_ID_MISSING","2026-06-20T00:00:50.977Z","2026-06-20T00:10:00.000Z","9.150383","","false","","El snapshot no contiene ID explícito ni ID auxiliar verificable para este lado"
"824180","2026-06-20","home","Spencer Arrighetti","","","","","","Spencer Arrighetti","681293","FINAL_BOXSCORE_PLAYER_ID","","PREGAME_ID_MISSING","2026-06-20T22:52:49.297Z","2026-06-20T23:15:00.000Z","22.178383","","false","","El snapshot no contiene ID explícito ni ID auxiliar verificable para este lado"
"824180","2026-06-20","away","Joey Cantillo","","","","","","Joey Cantillo","676282","FINAL_BOXSCORE_PLAYER_ID","","PREGAME_ID_MISSING","2026-06-20T22:52:49.297Z","2026-06-20T23:15:00.000Z","22.178383","","false","","El snapshot no contiene ID explícito ni ID auxiliar verificable para este lado"
"824181","2026-06-15","home","Kai-Wei Teng","","","","","","Kai-Wei Teng","678906","FINAL_BOXSCORE_PLAYER_ID","","PREGAME_ID_MISSING","2026-06-16T00:01:20.550Z","2026-06-16T00:10:00.000Z","8.6575","","false","","El snapshot no contiene ID explícito ni ID auxiliar verificable para este lado"
"824181","2026-06-15","away","Drew Anderson","","","","","","Drew Anderson","623454","FINAL_BOXSCORE_PLAYER_ID","","PREGAME_ID_MISSING","2026-06-16T00:01:20.550Z","2026-06-16T00:10:00.000Z","8.6575","","false","","El snapshot no contiene ID explícito ni ID auxiliar verificable para este lado"
"824182","2026-06-16","home","Hunter Brown","","","","","","Hunter Brown","686613","FINAL_BOXSCORE_PLAYER_ID","","PREGAME_ID_MISSING","2026-06-16T23:22:40.572Z","2026-06-17T00:10:00.000Z","47.3238","","false","","El snapshot no contiene ID explícito ni ID auxiliar verificable para este lado"
"824182","2026-06-16","away","Framber Valdez","","","","","","Framber Valdez","664285","FINAL_BOXSCORE_PLAYER_ID","","PREGAME_ID_MISSING","2026-06-16T23:22:40.572Z","2026-06-17T00:10:00.000Z","47.3238","","false","","El snapshot no contiene ID explícito ni ID auxiliar verificable para este lado"
"824233","2026-08-25","home","Jackson Jobe","","","","","","Jackson Jobe","695549","FINAL_BOXSCORE_PLAYER_ID","","PREGAME_ID_MISSING","2026-08-25T13:35:33.245Z","2026-08-25T22:40:00.000Z","544.445917","","false","","El snapshot no contiene ID explícito ni ID auxiliar verificable para este lado"
"824233","2026-08-25","away","Ian Seymour","","","","","","Casey Legumina","668984","FINAL_BOXSCORE_PLAYER_ID","","PITCHER_CHANGED","2026-08-25T13:35:33.245Z","2026-08-25T22:40:00.000Z","544.445917","","true","","El pitcher anunciado y el participante final del mismo lado son personas diferentes"
"824237","2026-08-14","home","Jackson Jobe","","","","","","Jackson Jobe","695549","FINAL_BOXSCORE_PLAYER_ID","","PREGAME_ID_MISSING","2026-08-14T13:34:31.232Z","2026-08-14T22:40:00.000Z","545.479467","","false","","El snapshot no contiene ID explícito ni ID auxiliar verificable para este lado"
"824237","2026-08-14","away","Sean Newcomb","","","","","","Sean Newcomb","656794","FINAL_BOXSCORE_PLAYER_ID","","PREGAME_ID_MISSING","2026-08-14T13:34:31.232Z","2026-08-14T22:40:00.000Z","545.479467","","false","","El snapshot no contiene ID explícito ni ID auxiliar verificable para este lado"
"824242","2026-07-29","home","Tarik Skubal","","","","","","Tarik Skubal","669373","FINAL_BOXSCORE_PLAYER_ID","","PREGAME_ID_MISSING","2026-07-29T14:56:58.615Z","2026-07-29T17:10:00.000Z","133.023083","","false","","El snapshot no contiene ID explícito ni ID auxiliar verificable para este lado"
"824242","2026-07-29","away","Trevor Rogers","","","","","","Trevor Rogers","669432","FINAL_BOXSCORE_PLAYER_ID","","PREGAME_ID_MISSING","2026-07-29T14:56:58.615Z","2026-07-29T17:10:00.000Z","133.023083","","false","","El snapshot no contiene ID explícito ni ID auxiliar verificable para este lado"
"824244","2026-07-25","home","Casey Mize","","","","","","Casey Mize","663554","FINAL_BOXSCORE_PLAYER_ID","","PREGAME_ID_MISSING","2026-07-25T13:35:57.014Z","2026-07-25T17:10:00.000Z","214.049767","","false","","El snapshot no contiene ID explícito ni ID auxiliar verificable para este lado"
"824244","2026-07-25","away","Michael Wacha","","","","","","Michael Wacha","608379","FINAL_BOXSCORE_PLAYER_ID","","PREGAME_ID_MISSING","2026-07-25T13:35:57.014Z","2026-07-25T17:10:00.000Z","214.049767","","false","","El snapshot no contiene ID explícito ni ID auxiliar verificable para este lado"
"824245","2026-07-27","home","Keider Montero","","","","","","Keider Montero","672456","FINAL_BOXSCORE_PLAYER_ID","","PREGAME_ID_MISSING","2026-07-27T13:37:17.585Z","2026-07-27T22:40:00.000Z","542.706917","","false","","El snapshot no contiene ID explícito ni ID auxiliar verificable para este lado"
"824245","2026-07-27","away","Kyle Bradish","","","","","","Kyle Bradish","680694","FINAL_BOXSCORE_PLAYER_ID","","PREGAME_ID_MISSING","2026-07-27T13:37:17.585Z","2026-07-27T22:40:00.000Z","542.706917","","false","","El snapshot no contiene ID explícito ni ID auxiliar verificable para este lado"
"824247","2026-07-23","home","Troy Melton","","","","","","Troy Melton","675512","FINAL_BOXSCORE_PLAYER_ID","","PREGAME_ID_MISSING","2026-07-23T17:27:34.563Z","2026-07-23T22:40:00.000Z","312.42395","","false","","El snapshot no contiene ID explícito ni ID auxiliar verificable para este lado"
"824247","2026-07-23","away","Randy Dobnak","","","","","","Randy Dobnak","677976","FINAL_BOXSCORE_PLAYER_ID","","PREGAME_ID_MISSING","2026-07-23T17:27:34.563Z","2026-07-23T22:40:00.000Z","312.42395","","false","","El snapshot no contiene ID explícito ni ID auxiliar verificable para este lado"
"824248","2026-07-24","home","Tarik Skubal","669373","LINESCORE_DEFENSE_PITCHER","HIGH","NOT_VERIFIABLE","true","Tarik Skubal","669373","FINAL_BOXSCORE_PLAYER_ID","12","MATCHED","2026-07-24T19:49:41.378Z","2026-07-24T22:40:00.000Z","170.310367","","false","FINAL_BOXSCORE_STRIKEOUTS","game_id y pitcher_id coinciden; actual_k final válido"
"824248","2026-07-24","away","Beck Way","","","","","","Beck Way","694360","FINAL_BOXSCORE_PLAYER_ID","","PREGAME_ID_MISSING","2026-07-24T19:49:41.378Z","2026-07-24T22:40:00.000Z","170.310367","","false","","El snapshot no contiene ID explícito ni ID auxiliar verificable para este lado"
"824249","2026-07-11","home","Casey Mize","663554","LINESCORE_DEFENSE_PITCHER","HIGH","NOT_VERIFIABLE","true","Casey Mize","663554","FINAL_BOXSCORE_PLAYER_ID","5","MATCHED","2026-07-11T21:46:28.408Z","2026-07-11T22:10:00.000Z","23.526533","","false","FINAL_BOXSCORE_STRIKEOUTS","game_id y pitcher_id coinciden; actual_k final válido"
"824249","2026-07-11","away","Cristopher Sánchez","","","","","","Cristopher Sánchez","650911","FINAL_BOXSCORE_PLAYER_ID","","PREGAME_ID_MISSING","2026-07-11T21:46:28.408Z","2026-07-11T22:10:00.000Z","23.526533","","false","","El snapshot no contiene ID explícito ni ID auxiliar verificable para este lado"
"824250","2026-07-12","home","Tarik Skubal","669373","LINESCORE_DEFENSE_PITCHER","HIGH","NOT_VERIFIABLE","true","Tarik Skubal","669373","FINAL_BOXSCORE_PLAYER_ID","5","MATCHED","2026-07-12T16:56:30.524Z","2026-07-12T17:40:00.000Z","43.491267","","false","FINAL_BOXSCORE_STRIKEOUTS","game_id y pitcher_id coinciden; actual_k final válido"
"824250","2026-07-12","away","Zack Wheeler","","","","","","Zack Wheeler","554430","FINAL_BOXSCORE_PLAYER_ID","","PREGAME_ID_MISSING","2026-07-12T16:56:30.524Z","2026-07-12T17:40:00.000Z","43.491267","","false","","El snapshot no contiene ID explícito ni ID auxiliar verificable para este lado"
"824251","2026-07-09","home","Framber Valdez","664285","LINESCORE_DEFENSE_PITCHER","HIGH","NOT_VERIFIABLE","true","Framber Valdez","664285","FINAL_BOXSCORE_PLAYER_ID","9","MATCHED","2026-07-09T21:01:59.501Z","2026-07-09T22:40:00.000Z","98.008317","","false","FINAL_BOXSCORE_STRIKEOUTS","game_id y pitcher_id coinciden; actual_k final válido"
"824251","2026-07-09","away","José Suarez","","","","","","José Suarez","660761","FINAL_BOXSCORE_PLAYER_ID","","PREGAME_ID_MISSING","2026-07-09T21:01:59.501Z","2026-07-09T22:40:00.000Z","98.008317","","false","","El snapshot no contiene ID explícito ni ID auxiliar verificable para este lado"
"824252","2026-07-10","home","Jack Flaherty","656427","LINESCORE_DEFENSE_PITCHER","HIGH","NOT_VERIFIABLE","true","Jack Flaherty","656427","FINAL_BOXSCORE_PLAYER_ID","6","MATCHED","2026-07-10T20:35:25.992Z","2026-07-10T22:40:00.000Z","124.5668","","false","FINAL_BOXSCORE_STRIKEOUTS","game_id y pitcher_id coinciden; actual_k final válido"
"824252","2026-07-10","away","Aaron Nola","","","","","","Aaron Nola","605400","FINAL_BOXSCORE_PLAYER_ID","","PREGAME_ID_MISSING","2026-07-10T20:35:25.992Z","2026-07-10T22:40:00.000Z","124.5668","","false","","El snapshot no contiene ID explícito ni ID auxiliar verificable para este lado"
"824253","2026-07-08","home","Troy Melton","675512","LINESCORE_DEFENSE_PITCHER","HIGH","NOT_VERIFIABLE","true","Troy Melton","675512","FINAL_BOXSCORE_PLAYER_ID","9","MATCHED","2026-07-08T20:23:09.843Z","2026-07-08T22:40:00.000Z","136.83595","","false","FINAL_BOXSCORE_STRIKEOUTS","game_id y pitcher_id coinciden; actual_k final válido"
"824253","2026-07-08","away","Jeffrey Springs","","","","","","Jeffrey Springs","605488","FINAL_BOXSCORE_PLAYER_ID","","PREGAME_ID_MISSING","2026-07-08T20:23:09.843Z","2026-07-08T22:40:00.000Z","136.83595","","false","","El snapshot no contiene ID explícito ni ID auxiliar verificable para este lado"
"824254","2026-07-07","home","Tarik Skubal","669373","LINESCORE_DEFENSE_PITCHER","HIGH","NOT_VERIFIABLE","true","Tarik Skubal","669373","FINAL_BOXSCORE_PLAYER_ID","9","MATCHED","2026-07-07T21:48:48.053Z","2026-07-07T22:40:00.000Z","51.199117","","false","FINAL_BOXSCORE_STRIKEOUTS","game_id y pitcher_id coinciden; actual_k final válido"
"824254","2026-07-07","away","J.T. Ginn","","","","","","J.T. Ginn","669372","FINAL_BOXSCORE_PLAYER_ID","","PREGAME_ID_MISSING","2026-07-07T21:48:48.053Z","2026-07-07T22:40:00.000Z","51.199117","","false","","El snapshot no contiene ID explícito ni ID auxiliar verificable para este lado"
"824255","2026-06-26","home","Keider Montero","672456","LINESCORE_DEFENSE_PITCHER","HIGH","NOT_VERIFIABLE","true","Keider Montero","672456","FINAL_BOXSCORE_PLAYER_ID","3","MATCHED","2026-06-26T22:38:41.029Z","2026-06-26T22:40:00.000Z","1.316183","","false","FINAL_BOXSCORE_STRIKEOUTS","game_id y pitcher_id coinciden; actual_k final válido"
"824255","2026-06-26","away","Spencer Arrighetti","","","","","","Spencer Arrighetti","681293","FINAL_BOXSCORE_PLAYER_ID","","PREGAME_ID_MISSING","2026-06-26T22:38:41.029Z","2026-06-26T22:40:00.000Z","1.316183","","false","","El snapshot no contiene ID explícito ni ID auxiliar verificable para este lado"
"824256","2026-06-28","home","Jack Flaherty","656427","LINESCORE_DEFENSE_PITCHER","HIGH","NOT_VERIFIABLE","true","Jack Flaherty","656427","FINAL_BOXSCORE_PLAYER_ID","9","MATCHED","2026-06-28T17:25:30.887Z","2026-06-28T17:40:00.000Z","14.485217","","false","FINAL_BOXSCORE_STRIKEOUTS","game_id y pitcher_id coinciden; actual_k final válido"
"824256","2026-06-28","away","Hunter Brown","","","","","","Hunter Brown","686613","FINAL_BOXSCORE_PLAYER_ID","","PREGAME_ID_MISSING","2026-06-28T17:25:30.887Z","2026-06-28T17:40:00.000Z","14.485217","","false","","El snapshot no contiene ID explícito ni ID auxiliar verificable para este lado"
"824257","2026-06-27","home","Framber Valdez","664285","LINESCORE_DEFENSE_PITCHER","HIGH","NOT_VERIFIABLE","true","Framber Valdez","664285","FINAL_BOXSCORE_PLAYER_ID","2","MATCHED","2026-06-27T16:54:15.925Z","2026-06-27T17:10:00.000Z","15.734583","","false","FINAL_BOXSCORE_STRIKEOUTS","game_id y pitcher_id coinciden; actual_k final válido"
"824257","2026-06-27","away","Kai-Wei Teng","","","","","","Kai-Wei Teng","678906","FINAL_BOXSCORE_PLAYER_ID","","PREGAME_ID_MISSING","2026-06-27T16:54:15.925Z","2026-06-27T17:10:00.000Z","15.734583","","false","","El snapshot no contiene ID explícito ni ID auxiliar verificable para este lado"
"824258","2026-06-25","home","Troy Melton","","","","","","Troy Melton","675512","FINAL_BOXSCORE_PLAYER_ID","","PREGAME_ID_MISSING","2026-06-25T20:14:54.271Z","2026-06-25T22:40:00.000Z","145.095483","","false","","El snapshot no contiene ID explícito ni ID auxiliar verificable para este lado"
"824258","2026-06-25","away","Tatsuya Imai","","","","","","Tatsuya Imai","837227","FINAL_BOXSCORE_PLAYER_ID","","PREGAME_ID_MISSING","2026-06-25T20:14:54.271Z","2026-06-25T22:40:00.000Z","145.095483","","false","","El snapshot no contiene ID explícito ni ID auxiliar verificable para este lado"
"824259","2026-06-24","home","Tarik Skubal","669373","LINESCORE_DEFENSE_PITCHER","HIGH","NOT_VERIFIABLE","true","Tarik Skubal","669373","FINAL_BOXSCORE_PLAYER_ID","9","MATCHED","2026-06-24T21:17:48.096Z","2026-06-24T22:40:00.000Z","82.1984","","false","FINAL_BOXSCORE_STRIKEOUTS","game_id y pitcher_id coinciden; actual_k final válido"
"824259","2026-06-24","away","Ryan Weathers","","","","","","Ryan Weathers","677960","FINAL_BOXSCORE_PLAYER_ID","","PREGAME_ID_MISSING","2026-06-24T21:17:48.096Z","2026-06-24T22:40:00.000Z","82.1984","","false","","El snapshot no contiene ID explícito ni ID auxiliar verificable para este lado"
"824260","2026-06-21","home","Keider Montero","","","","","","Keider Montero","672456","FINAL_BOXSCORE_PLAYER_ID","","PREGAME_ID_MISSING","2026-06-21T16:30:42.251Z","2026-06-21T17:40:00.000Z","69.295817","","false","","El snapshot no contiene ID explícito ni ID auxiliar verificable para este lado"
"824260","2026-06-21","away","Davis Martin","","","","","","Davis Martin","663436","FINAL_BOXSCORE_PLAYER_ID","","PREGAME_ID_MISSING","2026-06-21T16:30:42.251Z","2026-06-21T17:40:00.000Z","69.295817","","false","","El snapshot no contiene ID explícito ni ID auxiliar verificable para este lado"
"824261","2026-06-22","home","Framber Valdez","","","","","","Framber Valdez","664285","FINAL_BOXSCORE_PLAYER_ID","","PREGAME_ID_MISSING","2026-06-22T21:04:13.614Z","2026-06-22T22:10:00.000Z","65.7731","","false","","El snapshot no contiene ID explícito ni ID auxiliar verificable para este lado"
"824261","2026-06-22","away","Gerrit Cole","","","","","","Gerrit Cole","543037","FINAL_BOXSCORE_PLAYER_ID","","PREGAME_ID_MISSING","2026-06-22T21:04:13.614Z","2026-06-22T22:10:00.000Z","65.7731","","false","","El snapshot no contiene ID explícito ni ID auxiliar verificable para este lado"
"824262","2026-06-23","home","Casey Mize","663554","LINESCORE_DEFENSE_PITCHER","HIGH","NOT_VERIFIABLE","true","Casey Mize","663554","FINAL_BOXSCORE_PLAYER_ID","6","MATCHED","2026-06-23T21:42:25.265Z","2026-06-23T22:40:00.000Z","57.578917","","false","FINAL_BOXSCORE_STRIKEOUTS","game_id y pitcher_id coinciden; actual_k final válido"
"824262","2026-06-23","away","Carlos Rodón","","","","","","Carlos Rodón","607074","FINAL_BOXSCORE_PLAYER_ID","","PREGAME_ID_MISSING","2026-06-23T21:42:25.265Z","2026-06-23T22:40:00.000Z","57.578917","","false","","El snapshot no contiene ID explícito ni ID auxiliar verificable para este lado"
"824263","2026-06-20","home","Troy Melton","","","","","","Troy Melton","675512","FINAL_BOXSCORE_PLAYER_ID","","PREGAME_ID_MISSING","2026-06-20T15:47:58.954Z","2026-06-20T17:10:00.000Z","82.017433","","false","","El snapshot no contiene ID explícito ni ID auxiliar verificable para este lado"
"824263","2026-06-20","away","Sean Newcomb","","","","","","Sean Newcomb","656794","FINAL_BOXSCORE_PLAYER_ID","","PREGAME_ID_MISSING","2026-06-20T15:47:58.954Z","2026-06-20T17:10:00.000Z","82.017433","","false","","El snapshot no contiene ID explícito ni ID auxiliar verificable para este lado"
"824264","2026-06-19","home","Tarik Skubal","","","","","","Tarik Skubal","669373","FINAL_BOXSCORE_PLAYER_ID","","PREGAME_ID_MISSING","2026-06-19T21:55:11.875Z","2026-06-19T22:40:00.000Z","44.802083","","false","","El snapshot no contiene ID explícito ni ID auxiliar verificable para este lado"
"824264","2026-06-19","away","Brandon Eisert","","","","","","Brandon Eisert","685126","FINAL_BOXSCORE_PLAYER_ID","","PREGAME_ID_MISSING","2026-06-19T21:55:11.875Z","2026-06-19T22:40:00.000Z","44.802083","","false","","El snapshot no contiene ID explícito ni ID auxiliar verificable para este lado"
"824327","2026-07-22","home","Gabriel Hughes","687312","LINESCORE_DEFENSE_PITCHER","HIGH","NOT_VERIFIABLE","true","Gabriel Hughes","687312","FINAL_BOXSCORE_PLAYER_ID","5","MATCHED","2026-07-22T18:27:36.753Z","2026-07-22T19:10:00.000Z","42.38745","","false","FINAL_BOXSCORE_STRIKEOUTS","game_id y pitcher_id coinciden; actual_k final válido"
"824327","2026-07-22","away","Cade Cavalli","","","","","","Cade Cavalli","676917","FINAL_BOXSCORE_PLAYER_ID","","PREGAME_ID_MISSING","2026-07-22T18:27:36.753Z","2026-07-22T19:10:00.000Z","42.38745","","false","","El snapshot no contiene ID explícito ni ID auxiliar verificable para este lado"
"824328","2026-07-20","home","Kyle Freeland","","","","","","Kyle Freeland","607536","FINAL_BOXSCORE_PLAYER_ID","","PREGAME_ID_MISSING","2026-07-20T16:38:10.170Z","2026-07-21T00:40:00.000Z","481.8305","","false","","El snapshot no contiene ID explícito ni ID auxiliar verificable para este lado"
"824328","2026-07-20","away","Andrew Alvarez","","","","","","Andrew Alvarez","674841","FINAL_BOXSCORE_PLAYER_ID","","PREGAME_ID_MISSING","2026-07-20T16:38:10.170Z","2026-07-21T00:40:00.000Z","481.8305","","false","","El snapshot no contiene ID explícito ni ID auxiliar verificable para este lado"
"824329","2026-07-21","home","Michael Lorenzen","547179","LINESCORE_DEFENSE_PITCHER","HIGH","NOT_VERIFIABLE","true","Michael Lorenzen","547179","FINAL_BOXSCORE_PLAYER_ID","5","MATCHED","2026-07-21T22:26:58.494Z","2026-07-22T00:40:00.000Z","133.0251","","false","FINAL_BOXSCORE_STRIKEOUTS","game_id y pitcher_id coinciden; actual_k final válido"
"824329","2026-07-21","away","Carson Palmquist","","","","","","Carson Palmquist","687223","FINAL_BOXSCORE_PLAYER_ID","","PREGAME_ID_MISSING","2026-07-21T22:26:58.494Z","2026-07-22T00:40:00.000Z","133.0251","","false","","El snapshot no contiene ID explícito ni ID auxiliar verificable para este lado"
"824330","2026-07-19","home","Ryan Feltner","663372","LINESCORE_DEFENSE_PITCHER","HIGH","NOT_VERIFIABLE","true","Ryan Feltner","663372","FINAL_BOXSCORE_PLAYER_ID","3","MATCHED","2026-07-19T19:08:45.605Z","2026-07-19T19:10:00.000Z","1.239917","","false","FINAL_BOXSCORE_STRIKEOUTS","game_id y pitcher_id coinciden; actual_k final válido"
"824330","2026-07-19","away","Hunter Greene","","","","","","Hunter Greene","668881","FINAL_BOXSCORE_PLAYER_ID","","PREGAME_ID_MISSING","2026-07-19T19:08:45.605Z","2026-07-19T19:10:00.000Z","1.239917","","false","","El snapshot no contiene ID explícito ni ID auxiliar verificable para este lado"
"824331","2026-07-18","home","Tomoyuki Sugano","","","","","","Tomoyuki Sugano","608372","FINAL_BOXSCORE_PLAYER_ID","","PREGAME_ID_MISSING","2026-07-18T15:24:45.172Z","2026-07-18T19:10:00.000Z","225.247133","","false","","El snapshot no contiene ID explícito ni ID auxiliar verificable para este lado"
"824331","2026-07-18","away","Rhett Lowder","","","","","","Rhett Lowder","695076","FINAL_BOXSCORE_PLAYER_ID","","PREGAME_ID_MISSING","2026-07-18T15:24:45.172Z","2026-07-18T19:10:00.000Z","225.247133","","false","","El snapshot no contiene ID explícito ni ID auxiliar verificable para este lado"
"824332","2026-07-17","home","Gabriel Hughes","687312","LINESCORE_DEFENSE_PITCHER","HIGH","NOT_VERIFIABLE","true","Gabriel Hughes","687312","FINAL_BOXSCORE_PLAYER_ID","6","MATCHED","2026-07-17T23:18:45.221Z","2026-07-18T00:40:00.000Z","81.246317","","false","FINAL_BOXSCORE_STRIKEOUTS","game_id y pitcher_id coinciden; actual_k final válido"
"824332","2026-07-17","away","Brady Singer","","","","","","Brady Singer","663903","FINAL_BOXSCORE_PLAYER_ID","","PREGAME_ID_MISSING","2026-07-17T23:18:45.221Z","2026-07-18T00:40:00.000Z","81.246317","","false","","El snapshot no contiene ID explícito ni ID auxiliar verificable para este lado"
"824333","2026-07-05","home","Tanner Gordon","685299","LINESCORE_DEFENSE_PITCHER","HIGH","NOT_VERIFIABLE","true","Tanner Gordon","685299","FINAL_BOXSCORE_PLAYER_ID","7","MATCHED","2026-07-05T19:36:16.609Z","2026-07-05T20:00:00.000Z","23.723183","","false","FINAL_BOXSCORE_STRIKEOUTS","game_id y pitcher_id coinciden; actual_k final válido"
"824333","2026-07-05","away","Tyler Mahle","","","","","","Tyler Mahle","641816","FINAL_BOXSCORE_PLAYER_ID","","PREGAME_ID_MISSING","2026-07-05T19:36:16.609Z","2026-07-05T20:00:00.000Z","23.723183","","false","","El snapshot no contiene ID explícito ni ID auxiliar verificable para este lado"
"824334","2026-07-04","home","Sean Sullivan","","","","","","Sean Sullivan","807743","FINAL_BOXSCORE_PLAYER_ID","","PREGAME_ID_MISSING","2026-07-04T19:16:27.470Z","2026-07-05T00:10:00.000Z","293.542167","","false","","El snapshot no contiene ID explícito ni ID auxiliar verificable para este lado"
"824334","2026-07-04","away","Robbie Ray","","","","","","Robbie Ray","592662","FINAL_BOXSCORE_PLAYER_ID","","PREGAME_ID_MISSING","2026-07-04T19:16:27.470Z","2026-07-05T00:10:00.000Z","293.542167","","false","","El snapshot no contiene ID explícito ni ID auxiliar verificable para este lado"
"824335","2026-07-02","home","Michael Lorenzen","547179","LINESCORE_DEFENSE_PITCHER","HIGH","NOT_VERIFIABLE","true","Michael Lorenzen","547179","FINAL_BOXSCORE_PLAYER_ID","1","MATCHED","2026-07-02T17:22:43.562Z","2026-07-02T19:10:00.000Z","107.273967","","false","FINAL_BOXSCORE_STRIKEOUTS","game_id y pitcher_id coinciden; actual_k final válido"
"824335","2026-07-02","away","Ryan Gusto","","","","","","Ryan Gusto","687473","FINAL_BOXSCORE_PLAYER_ID","","PREGAME_ID_MISSING","2026-07-02T17:22:43.562Z","2026-07-02T19:10:00.000Z","107.273967","","false","","El snapshot no contiene ID explícito ni ID auxiliar verificable para este lado"
"824336","2026-07-03","home","Ryan Feltner","663372","LINESCORE_DEFENSE_PITCHER","HIGH","NOT_VERIFIABLE","true","Ryan Feltner","663372","FINAL_BOXSCORE_PLAYER_ID","9","MATCHED","2026-07-03T23:51:23.510Z","2026-07-04T00:10:00.000Z","18.608167","","false","FINAL_BOXSCORE_STRIKEOUTS","game_id y pitcher_id coinciden; actual_k final válido"
"824336","2026-07-03","away","Logan Webb","","","","","","Logan Webb","657277","FINAL_BOXSCORE_PLAYER_ID","","PREGAME_ID_MISSING","2026-07-03T23:51:23.510Z","2026-07-04T00:10:00.000Z","18.608167","","false","","El snapshot no contiene ID explícito ni ID auxiliar verificable para este lado"
"824337","2026-07-01","home","Kyle Freeland","607536","LINESCORE_DEFENSE_PITCHER","HIGH","NOT_VERIFIABLE","true","Kyle Freeland","","","","FINAL_ID_MISSING","2026-07-02T00:16:52.423Z","2026-07-02T00:40:00.000Z","23.126283","","false","","No existe documento final válido para el game_id"
"824337","2026-07-01","away","Max Meyer","","","","","","Max Meyer","","","","FINAL_ID_MISSING","2026-07-02T00:16:52.423Z","2026-07-02T00:40:00.000Z","23.126283","","false","","No existe documento final válido para el game_id"
"824338","2026-06-30","home","Tanner Gordon","685299","LINESCORE_DEFENSE_PITCHER","HIGH","NOT_VERIFIABLE","true","Tanner Gordon","","","","FINAL_ID_MISSING","2026-07-01T00:02:58.591Z","2026-07-01T00:40:00.000Z","37.023483","","false","","El documento final no contiene un ID seguro para este lado"
"824338","2026-06-30","away","Eury Pérez","","","","","","Eury Pérez","","","","PREGAME_ID_MISSING","2026-07-01T00:02:58.591Z","2026-07-01T00:40:00.000Z","37.023483","","false","","El snapshot no contiene ID explícito ni ID auxiliar verificable para este lado"
"824339","2026-06-29","home","Sean Sullivan","807743","LINESCORE_DEFENSE_PITCHER","HIGH","NOT_VERIFIABLE","true","Sean Sullivan","807743","FINAL_BOXSCORE_PLAYER_ID","5","MATCHED","2026-06-30T00:35:28.520Z","2026-06-30T00:40:00.000Z","4.524667","","false","FINAL_BOXSCORE_STRIKEOUTS","game_id y pitcher_id coinciden; actual_k final válido"
"824339","2026-06-29","away","Sandy Alcantara","","","","","","Sandy Alcantara","645261","FINAL_BOXSCORE_PLAYER_ID","","PREGAME_ID_MISSING","2026-06-30T00:35:28.520Z","2026-06-30T00:40:00.000Z","4.524667","","false","","El snapshot no contiene ID explícito ni ID auxiliar verificable para este lado"
"824340","2026-06-23","home","Sean Sullivan","807743","LINESCORE_DEFENSE_PITCHER","HIGH","NOT_VERIFIABLE","true","Sean Sullivan","807743","FINAL_BOXSCORE_PLAYER_ID","3","MATCHED","2026-06-24T00:38:55.116Z","2026-06-24T00:40:00.000Z","1.0814","","false","FINAL_BOXSCORE_STRIKEOUTS","game_id y pitcher_id coinciden; actual_k final válido"
"824340","2026-06-23","away","Sonny Gray","","","","","","Sonny Gray","543243","FINAL_BOXSCORE_PLAYER_ID","","PREGAME_ID_MISSING","2026-06-24T00:38:55.116Z","2026-06-24T00:40:00.000Z","1.0814","","false","","El snapshot no contiene ID explícito ni ID auxiliar verificable para este lado"
"824341","2026-06-24","home","Kyle Freeland","607536","LINESCORE_DEFENSE_PITCHER","HIGH","NOT_VERIFIABLE","true","Kyle Freeland","607536","FINAL_BOXSCORE_PLAYER_ID","4","MATCHED","2026-06-24T18:59:59.359Z","2026-06-24T19:10:00.000Z","10.010683","","false","FINAL_BOXSCORE_STRIKEOUTS","game_id y pitcher_id coinciden; actual_k final válido"
"824341","2026-06-24","away","Ranger Suarez","","","","","","Ranger Suarez","624133","FINAL_BOXSCORE_PLAYER_ID","","PREGAME_ID_MISSING","2026-06-24T18:59:59.359Z","2026-06-24T19:10:00.000Z","10.010683","","false","","El snapshot no contiene ID explícito ni ID auxiliar verificable para este lado"
"824342","2026-06-20","home","Tomoyuki Sugano","","","","","","Tomoyuki Sugano","608372","FINAL_BOXSCORE_PLAYER_ID","","PREGAME_ID_MISSING","2026-06-21T01:02:27.568Z","2026-06-21T01:10:00.000Z","7.540533","","false","","El snapshot no contiene ID explícito ni ID auxiliar verificable para este lado"
"824342","2026-06-20","away","Paul Skenes","","","","","","Paul Skenes","694973","FINAL_BOXSCORE_PLAYER_ID","","PREGAME_ID_MISSING","2026-06-21T01:02:27.568Z","2026-06-21T01:10:00.000Z","7.540533","","false","","El snapshot no contiene ID explícito ni ID auxiliar verificable para este lado"
"824343","2026-06-21","home","Michael Lorenzen","","","","","","Michael Lorenzen","547179","FINAL_BOXSCORE_PLAYER_ID","","PREGAME_ID_MISSING","2026-06-21T19:06:35.911Z","2026-06-21T19:10:00.000Z","3.401483","","false","","El snapshot no contiene ID explícito ni ID auxiliar verificable para este lado"
"824343","2026-06-21","away","Jared Jones","","","","","","Jared Jones","683003","FINAL_BOXSCORE_PLAYER_ID","","PREGAME_ID_MISSING","2026-06-21T19:06:35.911Z","2026-06-21T19:10:00.000Z","3.401483","","false","","El snapshot no contiene ID explícito ni ID auxiliar verificable para este lado"
"824344","2026-06-22","home","Ryan Feltner","","","","","","Ryan Feltner","663372","FINAL_BOXSCORE_PLAYER_ID","","PREGAME_ID_MISSING","2026-06-22T22:25:57.744Z","2026-06-23T00:40:00.000Z","134.0376","","false","","El snapshot no contiene ID explícito ni ID auxiliar verificable para este lado"
"824344","2026-06-22","away","Jake Bennett","","","","","","Jake Bennett","687562","FINAL_BOXSCORE_PLAYER_ID","","PREGAME_ID_MISSING","2026-06-22T22:25:57.744Z","2026-06-23T00:40:00.000Z","134.0376","","false","","El snapshot no contiene ID explícito ni ID auxiliar verificable para este lado"
"824345","2026-06-19","home","Kyle Freeland","","","","","","Kyle Freeland","607536","FINAL_BOXSCORE_PLAYER_ID","","PREGAME_ID_MISSING","2026-06-20T00:00:56.177Z","2026-06-20T00:40:00.000Z","39.063717","","false","","El snapshot no contiene ID explícito ni ID auxiliar verificable para este lado"
"824345","2026-06-19","away","Bubba Chandler","","","","","","Bubba Chandler","696149","FINAL_BOXSCORE_PLAYER_ID","","PREGAME_ID_MISSING","2026-06-20T00:00:56.177Z","2026-06-20T00:40:00.000Z","39.063717","","false","","El snapshot no contiene ID explícito ni ID auxiliar verificable para este lado"
"824399","2026-08-14","home","Gavin Williams","","","","","","Gavin Williams","668909","FINAL_BOXSCORE_PLAYER_ID","","PREGAME_ID_MISSING","2026-08-14T13:34:38.433Z","2026-08-14T23:10:00.000Z","575.35945","","false","","El snapshot no contiene ID explícito ni ID auxiliar verificable para este lado"
"824399","2026-08-14","away","Michael King","","","","","","Michael King","650633","FINAL_BOXSCORE_PLAYER_ID","","PREGAME_ID_MISSING","2026-08-14T13:34:38.433Z","2026-08-14T23:10:00.000Z","575.35945","","false","","El snapshot no contiene ID explícito ni ID auxiliar verificable para este lado"
"824406","2026-07-23","home","Gavin Williams","668909","LINESCORE_DEFENSE_PITCHER","HIGH","NOT_VERIFIABLE","true","Gavin Williams","668909","FINAL_BOXSCORE_PLAYER_ID","11","MATCHED","2026-07-23T17:03:08.447Z","2026-07-23T17:10:00.000Z","6.859217","","false","FINAL_BOXSCORE_STRIKEOUTS","game_id y pitcher_id coinciden; actual_k final válido"
"824406","2026-07-23","away","Taj Bradley","","","","","","Taj Bradley","671737","FINAL_BOXSCORE_PLAYER_ID","","PREGAME_ID_MISSING","2026-07-23T17:03:08.447Z","2026-07-23T17:10:00.000Z","6.859217","","false","","El snapshot no contiene ID explícito ni ID auxiliar verificable para este lado"
"824408","2026-07-22","home","Slade Cecconi","677944","LINESCORE_DEFENSE_PITCHER","HIGH","NOT_VERIFIABLE","true","Slade Cecconi","677944","FINAL_BOXSCORE_PLAYER_ID","5","MATCHED","2026-07-22T19:28:27.278Z","2026-07-22T22:40:00.000Z","191.545367","","false","FINAL_BOXSCORE_STRIKEOUTS","game_id y pitcher_id coinciden; actual_k final válido"
"824408","2026-07-22","away","Bailey Ober","","","","","","Bailey Ober","641927","FINAL_BOXSCORE_PLAYER_ID","","PREGAME_ID_MISSING","2026-07-22T19:28:27.278Z","2026-07-22T22:40:00.000Z","191.545367","","false","","El snapshot no contiene ID explícito ni ID auxiliar verificable para este lado"
"824409","2026-07-21","home","Parker Messick","800048","LINESCORE_DEFENSE_PITCHER","HIGH","NOT_VERIFIABLE","true","Parker Messick","800048","FINAL_BOXSCORE_PLAYER_ID","6","MATCHED","2026-07-21T22:27:01.500Z","2026-07-21T22:40:00.000Z","12.975","","false","FINAL_BOXSCORE_STRIKEOUTS","game_id y pitcher_id coinciden; actual_k final válido"
"824409","2026-07-21","away","Kendry Rojas","","","","","","Kendry Rojas","696070","FINAL_BOXSCORE_PLAYER_ID","","PREGAME_ID_MISSING","2026-07-21T22:27:01.500Z","2026-07-21T22:40:00.000Z","12.975","","false","","El snapshot no contiene ID explícito ni ID auxiliar verificable para este lado"
"824410","2026-07-20","home","Tanner Bibee","","","","","","Tanner Bibee","676440","FINAL_BOXSCORE_PLAYER_ID","","PREGAME_ID_MISSING","2026-07-20T16:38:13.161Z","2026-07-20T22:40:00.000Z","361.78065","","false","","El snapshot no contiene ID explícito ni ID auxiliar verificable para este lado"
"824410","2026-07-20","away","Joe Ryan","","","","","","Joe Ryan","657746","FINAL_BOXSCORE_PLAYER_ID","","PREGAME_ID_MISSING","2026-07-20T16:38:13.161Z","2026-07-20T22:40:00.000Z","361.78065","","false","","El snapshot no contiene ID explícito ni ID auxiliar verificable para este lado"
"824412","2026-07-18","home","Logan Allen","","","","","","Logan Allen","671106","FINAL_BOXSCORE_PLAYER_ID","","PREGAME_ID_MISSING","2026-07-18T15:24:48.278Z","2026-07-18T23:10:00.000Z","465.195367","","false","","El snapshot no contiene ID explícito ni ID auxiliar verificable para este lado"
"824412","2026-07-18","away","Por definir","","","","","","Mason Montgomery","682254","FINAL_BOXSCORE_PLAYER_ID","","PREGAME_ID_MISSING","2026-07-18T15:24:48.278Z","2026-07-18T23:10:00.000Z","465.195367","","false","","El snapshot no contiene ID explícito ni ID auxiliar verificable para este lado"
"824415","2026-07-04","home","Parker Messick","","","","","","Parker Messick","800048","FINAL_BOXSCORE_PLAYER_ID","","PREGAME_ID_MISSING","2026-07-04T19:14:01.659Z","2026-07-04T23:10:00.000Z","235.97235","","false","","El snapshot no contiene ID explícito ni ID auxiliar verificable para este lado"
"824415","2026-07-04","away","Sean Burke","","","","","","Sean Burke","680732","FINAL_BOXSCORE_PLAYER_ID","","PREGAME_ID_MISSING","2026-07-04T19:14:01.659Z","2026-07-04T23:10:00.000Z","235.97235","","false","","El snapshot no contiene ID explícito ni ID auxiliar verificable para este lado"
"824416","2026-07-02","home","Slade Cecconi","677944","LINESCORE_DEFENSE_PITCHER","HIGH","NOT_VERIFIABLE","true","Slade Cecconi","677944","FINAL_BOXSCORE_PLAYER_ID","3","MATCHED","2026-07-02T21:39:47.060Z","2026-07-02T22:40:00.000Z","60.215667","","false","FINAL_BOXSCORE_STRIKEOUTS","game_id y pitcher_id coinciden; actual_k final válido"
"824416","2026-07-02","away","Davis Martin","","","","","","Davis Martin","663436","FINAL_BOXSCORE_PLAYER_ID","","PREGAME_ID_MISSING","2026-07-02T21:39:47.060Z","2026-07-02T22:40:00.000Z","60.215667","","false","","El snapshot no contiene ID explícito ni ID auxiliar verificable para este lado"
"824417","2026-07-03","home","Gavin Williams","668909","LINESCORE_DEFENSE_PITCHER","HIGH","NOT_VERIFIABLE","true","Gavin Williams","668909","FINAL_BOXSCORE_PLAYER_ID","6","MATCHED","2026-07-03T22:10:43.464Z","2026-07-03T23:10:00.000Z","59.2756","","false","FINAL_BOXSCORE_STRIKEOUTS","game_id y pitcher_id coinciden; actual_k final válido"
"824417","2026-07-03","away","Anthony Kay","","","","","","Anthony Kay","641743","FINAL_BOXSCORE_PLAYER_ID","","PREGAME_ID_MISSING","2026-07-03T22:10:43.464Z","2026-07-03T23:10:00.000Z","59.2756","","false","","El snapshot no contiene ID explícito ni ID auxiliar verificable para este lado"
"824418","2026-06-30","home","Tanner Bibee","","","","","","Tanner Bibee","","","","PREGAME_ID_MISSING","2026-06-30T19:20:29.186Z","2026-06-30T22:40:00.000Z","199.513567","","false","","El snapshot no contiene ID explícito ni ID auxiliar verificable para este lado"
"824418","2026-06-30","away","Jacob deGrom","","","","","","Jacob deGrom","","","","PREGAME_ID_MISSING","2026-06-30T19:20:29.186Z","2026-06-30T22:40:00.000Z","199.513567","","false","","El snapshot no contiene ID explícito ni ID auxiliar verificable para este lado"
"824419","2026-07-01","home","Joey Cantillo","676282","LINESCORE_DEFENSE_PITCHER","HIGH","NOT_VERIFIABLE","true","Joey Cantillo","676282","FINAL_PITCHERS_ID","4","MATCHED","2026-07-01T17:08:09.287Z","2026-07-01T17:10:00.000Z","1.845217","","false","FINAL_ADVANCED_PITCHING_ACTUAL_STRIKEOUTS","game_id y pitcher_id coinciden; actual_k final válido"
"824419","2026-07-01","away","MacKenzie Gore","","","","","","MacKenzie Gore","669022","FINAL_PITCHERS_ID","","PREGAME_ID_MISSING","2026-07-01T17:08:09.287Z","2026-07-01T17:10:00.000Z","1.845217","","false","","El snapshot no contiene ID explícito ni ID auxiliar verificable para este lado"
"824420","2026-06-29","home","Parker Messick","800048","LINESCORE_DEFENSE_PITCHER","HIGH","NOT_VERIFIABLE","true","Parker Messick","800048","FINAL_BOXSCORE_PLAYER_ID","5","MATCHED","2026-06-29T22:55:12.301Z","2026-06-29T23:10:00.000Z","14.794983","","false","FINAL_BOXSCORE_STRIKEOUTS","game_id y pitcher_id coinciden; actual_k final válido"
"824420","2026-06-29","away","Tyler Alexander","","","","","","Tyler Alexander","641302","FINAL_BOXSCORE_PLAYER_ID","","PREGAME_ID_MISSING","2026-06-29T22:55:12.301Z","2026-06-29T23:10:00.000Z","14.794983","","false","","El snapshot no contiene ID explícito ni ID auxiliar verificable para este lado"
"824421","2026-06-27","home","Slade Cecconi","677944","LINESCORE_DEFENSE_PITCHER","HIGH","NOT_VERIFIABLE","true","Slade Cecconi","677944","FINAL_BOXSCORE_PLAYER_ID","4","MATCHED","2026-06-27T22:37:23.206Z","2026-06-27T23:10:00.000Z","32.613233","","false","FINAL_BOXSCORE_STRIKEOUTS","game_id y pitcher_id coinciden; actual_k final válido"
"824421","2026-06-27","away","Logan Gilbert","","","","","","Logan Gilbert","669302","FINAL_BOXSCORE_PLAYER_ID","","PREGAME_ID_MISSING","2026-06-27T22:37:23.206Z","2026-06-27T23:10:00.000Z","32.613233","","false","","El snapshot no contiene ID explícito ni ID auxiliar verificable para este lado"
"824422","2026-06-28","home","Gavin Williams","668909","LINESCORE_DEFENSE_PITCHER","HIGH","NOT_VERIFIABLE","true","Gavin Williams","668909","FINAL_BOXSCORE_PLAYER_ID","6","MATCHED","2026-06-28T17:25:33.488Z","2026-06-28T17:40:00.000Z","14.441867","","false","FINAL_BOXSCORE_STRIKEOUTS","game_id y pitcher_id coinciden; actual_k final válido"
"824422","2026-06-28","away","Emerson Hancock","","","","","","Emerson Hancock","676106","FINAL_BOXSCORE_PLAYER_ID","","PREGAME_ID_MISSING","2026-06-28T17:25:33.488Z","2026-06-28T17:40:00.000Z","14.441867","","false","","El snapshot no contiene ID explícito ni ID auxiliar verificable para este lado"
"824423","2026-06-26","home","Joey Cantillo","676282","LINESCORE_DEFENSE_PITCHER","HIGH","NOT_VERIFIABLE","true","Joey Cantillo","676282","FINAL_BOXSCORE_PLAYER_ID","9","MATCHED","2026-06-26T23:02:09.183Z","2026-06-26T23:10:00.000Z","7.84695","","false","FINAL_BOXSCORE_STRIKEOUTS","game_id y pitcher_id coinciden; actual_k final válido"
"824423","2026-06-26","away","Luis Castillo","","","","","","Luis Castillo","622491","FINAL_BOXSCORE_PLAYER_ID","","PREGAME_ID_MISSING","2026-06-26T23:02:09.183Z","2026-06-26T23:10:00.000Z","7.84695","","false","","El snapshot no contiene ID explícito ni ID auxiliar verificable para este lado"
"824425","2026-06-12","home","Tanner Bibee","","","","","","Tanner Bibee","","","","PREGAME_ID_MISSING","2026-06-12T21:09:37.345Z","2026-06-12T23:10:00.000Z","120.377583","","false","","El snapshot no contiene ID explícito ni ID auxiliar verificable para este lado"
"824425","2026-06-12","away","Jack Flaherty","","","","","","Jack Flaherty","","","","PREGAME_ID_MISSING","2026-06-12T21:09:37.345Z","2026-06-12T23:10:00.000Z","120.377583","","false","","El snapshot no contiene ID explícito ni ID auxiliar verificable para este lado"
"824426","2026-06-13","home","Joey Cantillo","","","","","","Joey Cantillo","","","","PREGAME_ID_MISSING","2026-06-13T14:05:56.594Z","2026-06-13T20:10:00.000Z","364.056767","","false","","El snapshot no contiene ID explícito ni ID auxiliar verificable para este lado"
"824426","2026-06-13","away","Tarik Skubal","","","","","","Tarik Skubal","","","","PREGAME_ID_MISSING","2026-06-13T14:05:56.594Z","2026-06-13T20:10:00.000Z","364.056767","","false","","El snapshot no contiene ID explícito ni ID auxiliar verificable para este lado"
"824479","2026-08-14","home","Chase Burns","","","","","","Chase Burns","695505","FINAL_BOXSCORE_PLAYER_ID","","PREGAME_ID_MISSING","2026-08-14T13:34:24.938Z","2026-08-14T22:10:00.000Z","515.584367","","false","","El snapshot no contiene ID explícito ni ID auxiliar verificable para este lado"
"824479","2026-08-14","away","Sandy Alcantara","","","","","","Sandy Alcantara","645261","FINAL_BOXSCORE_PLAYER_ID","","PREGAME_ID_MISSING","2026-08-14T13:34:24.938Z","2026-08-14T22:10:00.000Z","515.584367","","false","","El snapshot no contiene ID explícito ni ID auxiliar verificable para este lado"
"824487","2026-07-29","home","Brady Singer","","","","","","Brady Singer","663903","FINAL_BOXSCORE_PLAYER_ID","","PREGAME_ID_MISSING","2026-07-29T18:56:33.485Z","2026-07-29T23:10:00.000Z","253.441917","","false","","El snapshot no contiene ID explícito ni ID auxiliar verificable para este lado"
"824487","2026-07-29","away","Joey Cantillo","","","","","","Joey Cantillo","676282","FINAL_BOXSCORE_PLAYER_ID","","PREGAME_ID_MISSING","2026-07-29T18:56:33.485Z","2026-07-29T23:10:00.000Z","253.441917","","false","","El snapshot no contiene ID explícito ni ID auxiliar verificable para este lado"
"824491","2026-07-12","home","Andrew Abbott","671096","LINESCORE_DEFENSE_PITCHER","HIGH","NOT_VERIFIABLE","true","Andrew Abbott","671096","FINAL_BOXSCORE_PLAYER_ID","3","MATCHED","2026-07-12T16:56:33.815Z","2026-07-12T17:40:00.000Z","43.436417","","false","FINAL_BOXSCORE_STRIKEOUTS","game_id y pitcher_id coinciden; actual_k final válido"
"824491","2026-07-12","away","Matthew Boyd","","","","","","Matthew Boyd","571510","FINAL_BOXSCORE_PLAYER_ID","","PREGAME_ID_MISSING","2026-07-12T16:56:33.815Z","2026-07-12T17:40:00.000Z","43.436417","","false","","El snapshot no contiene ID explícito ni ID auxiliar verificable para este lado"
"824492","2026-07-11","home","Nick Lodolo","666157","LINESCORE_DEFENSE_PITCHER","HIGH","NOT_VERIFIABLE","true","Nick Lodolo","666157","FINAL_BOXSCORE_PLAYER_ID","4","MATCHED","2026-07-11T21:46:34.312Z","2026-07-11T23:10:00.000Z","83.428133","","false","FINAL_BOXSCORE_STRIKEOUTS","game_id y pitcher_id coinciden; actual_k final válido"
"824492","2026-07-11","away","Javier Assad","","","","","","Javier Assad","665871","FINAL_BOXSCORE_PLAYER_ID","","PREGAME_ID_MISSING","2026-07-11T21:46:34.312Z","2026-07-11T23:10:00.000Z","83.428133","","false","","El snapshot no contiene ID explícito ni ID auxiliar verificable para este lado"
"824493","2026-07-10","home","Hunter Greene","668881","LINESCORE_DEFENSE_PITCHER","HIGH","NOT_VERIFIABLE","true","Hunter Greene","668881","FINAL_BOXSCORE_PLAYER_ID","12","MATCHED","2026-07-10T20:35:32.569Z","2026-07-10T23:10:00.000Z","154.457183","","false","FINAL_BOXSCORE_STRIKEOUTS","game_id y pitcher_id coinciden; actual_k final válido"
"824493","2026-07-10","away","Shota Imanaga","","","","","","Shota Imanaga","684007","FINAL_BOXSCORE_PLAYER_ID","","PREGAME_ID_MISSING","2026-07-10T20:35:32.569Z","2026-07-10T23:10:00.000Z","154.457183","","false","","El snapshot no contiene ID explícito ni ID auxiliar verificable para este lado"
"824494","2026-07-09","home","Brady Singer","663903","LINESCORE_DEFENSE_PITCHER","HIGH","NOT_VERIFIABLE","true","Brady Singer","663903","FINAL_BOXSCORE_PLAYER_ID","5","MATCHED","2026-07-09T21:02:01.240Z","2026-07-09T23:10:00.000Z","127.979333","","false","FINAL_BOXSCORE_STRIKEOUTS","game_id y pitcher_id coinciden; actual_k final válido"
"824494","2026-07-09","away","Jesús Luzardo","","","","","","Jesús Luzardo","666200","FINAL_BOXSCORE_PLAYER_ID","","PREGAME_ID_MISSING","2026-07-09T21:02:01.240Z","2026-07-09T23:10:00.000Z","127.979333","","false","","El snapshot no contiene ID explícito ni ID auxiliar verificable para este lado"
"824495","2026-07-07","home","Andrew Abbott","671096","LINESCORE_DEFENSE_PITCHER","HIGH","NOT_VERIFIABLE","true","Andrew Abbott","671096","FINAL_BOXSCORE_PLAYER_ID","8","MATCHED","2026-07-07T23:05:31.493Z","2026-07-07T23:10:00.000Z","4.475117","","false","FINAL_BOXSCORE_STRIKEOUTS","game_id y pitcher_id coinciden; actual_k final válido"
"824495","2026-07-07","away","Zack Wheeler","","","","","","Zack Wheeler","554430","FINAL_BOXSCORE_PLAYER_ID","","PREGAME_ID_MISSING","2026-07-07T23:05:31.493Z","2026-07-07T23:10:00.000Z","4.475117","","false","","El snapshot no contiene ID explícito ni ID auxiliar verificable para este lado"
"824496","2026-07-08","home","Chase Burns","695505","LINESCORE_DEFENSE_PITCHER","HIGH","NOT_VERIFIABLE","true","Chase Burns","695505","FINAL_BOXSCORE_PLAYER_ID","2","MATCHED","2026-07-08T20:23:17.144Z","2026-07-08T23:10:00.000Z","166.714267","","false","FINAL_BOXSCORE_STRIKEOUTS","game_id y pitcher_id coinciden; actual_k final válido"
"824496","2026-07-08","away","Alan Rangel","","","","","","Alan Rangel","660604","FINAL_BOXSCORE_PLAYER_ID","","PREGAME_ID_MISSING","2026-07-08T20:23:17.144Z","2026-07-08T23:10:00.000Z","166.714267","","false","","El snapshot no contiene ID explícito ni ID auxiliar verificable para este lado"
"824497","2026-07-05","home","Nick Lodolo","","","","","","Nick Lodolo","666157","FINAL_BOXSCORE_PLAYER_ID","","PREGAME_ID_MISSING","2026-07-05T15:04:11.446Z","2026-07-05T17:05:00.000Z","120.809233","","false","","El snapshot no contiene ID explícito ni ID auxiliar verificable para este lado"
"824497","2026-07-05","away","Kyle Bradish","","","","","","Kyle Bradish","680694","FINAL_BOXSCORE_PLAYER_ID","","PREGAME_ID_MISSING","2026-07-05T15:04:11.446Z","2026-07-05T17:05:00.000Z","120.809233","","false","","El snapshot no contiene ID explícito ni ID auxiliar verificable para este lado"
"824498","2026-07-03","home","Brady Singer","663903","LINESCORE_DEFENSE_PITCHER","HIGH","NOT_VERIFIABLE","true","Brady Singer","663903","FINAL_BOXSCORE_PLAYER_ID","6","MATCHED","2026-07-03T22:10:46.969Z","2026-07-03T23:10:00.000Z","59.217183","","false","FINAL_BOXSCORE_STRIKEOUTS","game_id y pitcher_id coinciden; actual_k final válido"
"824498","2026-07-03","away","Trevor Rogers","","","","","","Trevor Rogers","669432","FINAL_BOXSCORE_PLAYER_ID","","PREGAME_ID_MISSING","2026-07-03T22:10:46.969Z","2026-07-03T23:10:00.000Z","59.217183","","false","","El snapshot no contiene ID explícito ni ID auxiliar verificable para este lado"
"824499","2026-07-04","home","Hunter Greene","","","","","","Hunter Greene","668881","FINAL_BOXSCORE_PLAYER_ID","","PREGAME_ID_MISSING","2026-07-04T19:13:55.964Z","2026-07-04T23:10:00.000Z","236.067267","","false","","El snapshot no contiene ID explícito ni ID auxiliar verificable para este lado"
"824499","2026-07-04","away","Brandon Young","","","","","","Brandon Young","687064","FINAL_BOXSCORE_PLAYER_ID","","PREGAME_ID_MISSING","2026-07-04T19:13:55.964Z","2026-07-04T23:10:00.000Z","236.067267","","false","","El snapshot no contiene ID explícito ni ID auxiliar verificable para este lado"
"824500","2026-06-24","home","Rhett Lowder","695076","LINESCORE_DEFENSE_PITCHER","HIGH","NOT_VERIFIABLE","true","Rhett Lowder","695076","FINAL_BOXSCORE_PLAYER_ID","6","MATCHED","2026-06-24T21:16:57.678Z","2026-06-24T23:10:00.000Z","113.0387","","false","FINAL_BOXSCORE_STRIKEOUTS","game_id y pitcher_id coinciden; actual_k final válido"
"824500","2026-06-24","away","Shane Drohan","","","","","","Shane Drohan","675660","FINAL_BOXSCORE_PLAYER_ID","","PREGAME_ID_MISSING","2026-06-24T21:16:57.678Z","2026-06-24T23:10:00.000Z","113.0387","","false","","El snapshot no contiene ID explícito ni ID auxiliar verificable para este lado"
"824501","2026-06-23","home","Nick Lodolo","666157","LINESCORE_DEFENSE_PITCHER","HIGH","NOT_VERIFIABLE","true","Nick Lodolo","666157","FINAL_BOXSCORE_PLAYER_ID","6","MATCHED","2026-06-23T23:00:41.858Z","2026-06-23T23:10:00.000Z","9.302367","","false","FINAL_BOXSCORE_STRIKEOUTS","game_id y pitcher_id coinciden; actual_k final válido"
"824501","2026-06-23","away","Brandon Sproat","","","","","","Brandon Sproat","687075","FINAL_BOXSCORE_PLAYER_ID","","PREGAME_ID_MISSING","2026-06-23T23:00:41.858Z","2026-06-23T23:10:00.000Z","9.302367","","false","","El snapshot no contiene ID explícito ni ID auxiliar verificable para este lado"
"824502","2026-06-22","home","Brady Singer","","","","","","Brady Singer","663903","FINAL_BOXSCORE_PLAYER_ID","","PREGAME_ID_MISSING","2026-06-22T22:26:00.741Z","2026-06-22T23:10:00.000Z","43.98765","","false","","El snapshot no contiene ID explícito ni ID auxiliar verificable para este lado"
"824502","2026-06-22","away","Brandon Woodruff","","","","","","Brandon Woodruff","605540","FINAL_BOXSCORE_PLAYER_ID","","PREGAME_ID_MISSING","2026-06-22T22:26:00.741Z","2026-06-22T23:10:00.000Z","43.98765","","false","","El snapshot no contiene ID explícito ni ID auxiliar verificable para este lado"
"824503","2026-06-17","home","Nick Lodolo","","","","","","Nick Lodolo","666157","FINAL_BOXSCORE_PLAYER_ID","","PREGAME_ID_MISSING","2026-06-17T16:39:02.976Z","2026-06-17T16:40:00.000Z","0.9504","","false","","El snapshot no contiene ID explícito ni ID auxiliar verificable para este lado"
"824503","2026-06-17","away","Nolan McLean","","","","","","Nolan McLean","690997","FINAL_BOXSCORE_PLAYER_ID","","PREGAME_ID_MISSING","2026-06-17T16:39:02.976Z","2026-06-17T16:40:00.000Z","0.9504","","false","","El snapshot no contiene ID explícito ni ID auxiliar verificable para este lado"
"824504","2026-06-16","home","Brady Singer","","","","","","Brady Singer","663903","FINAL_BOXSCORE_PLAYER_ID","","PREGAME_ID_MISSING","2026-06-16T20:58:59.903Z","2026-06-16T23:10:00.000Z","131.001617","","false","","El snapshot no contiene ID explícito ni ID auxiliar verificable para este lado"
"824504","2026-06-16","away","Kodai Senga","","","","","","Kodai Senga","673540","FINAL_BOXSCORE_PLAYER_ID","","PREGAME_ID_MISSING","2026-06-16T20:58:59.903Z","2026-06-16T23:10:00.000Z","131.001617","","false","","El snapshot no contiene ID explícito ni ID auxiliar verificable para este lado"
"824505","2026-06-15","home","Chase Burns","","","","","","Chase Burns","695505","FINAL_BOXSCORE_PLAYER_ID","","PREGAME_ID_MISSING","2026-06-15T22:24:09.743Z","2026-06-15T23:10:00.000Z","45.837617","","false","","El snapshot no contiene ID explícito ni ID auxiliar verificable para este lado"
"824505","2026-06-15","away","Tobias Myers","","","","","","Tobias Myers","668964","FINAL_BOXSCORE_PLAYER_ID","","PREGAME_ID_MISSING","2026-06-15T22:24:09.743Z","2026-06-15T23:10:00.000Z","45.837617","","false","","El snapshot no contiene ID explícito ni ID auxiliar verificable para este lado"
"824506","2026-06-14","home","Andrew Abbott","","","","","","Andrew Abbott","","","","PREGAME_ID_MISSING","2026-06-14T17:29:15.605Z","2026-06-14T17:40:00.000Z","10.739917","","false","","El snapshot no contiene ID explícito ni ID auxiliar verificable para este lado"
"824506","2026-06-14","away","Zac Gallen","","","","","","Zac Gallen","","","","PREGAME_ID_MISSING","2026-06-14T17:29:15.605Z","2026-06-14T17:40:00.000Z","10.739917","","false","","El snapshot no contiene ID explícito ni ID auxiliar verificable para este lado"
"824507","2026-06-12","home","Nick Lodolo","","","","","","Nick Lodolo","","","","PREGAME_ID_MISSING","2026-06-12T21:09:42.945Z","2026-06-12T23:15:00.000Z","125.28425","","false","","El snapshot no contiene ID explícito ni ID auxiliar verificable para este lado"
"824507","2026-06-12","away","Eduardo Rodriguez","","","","","","Eduardo Rodriguez","","","","PREGAME_ID_MISSING","2026-06-12T21:09:42.945Z","2026-06-12T23:15:00.000Z","125.28425","","false","","El snapshot no contiene ID explícito ni ID auxiliar verificable para este lado"
"824508","2026-06-13","home","Rhett Lowder","","","","","","Rhett Lowder","","","","PREGAME_ID_MISSING","2026-06-13T13:14:51.089Z","2026-06-13T20:10:00.000Z","415.148517","","false","","El snapshot no contiene ID explícito ni ID auxiliar verificable para este lado"
"824508","2026-06-13","away","Michael Soroka","","","","","","Michael Soroka","","","","PREGAME_ID_MISSING","2026-06-13T13:14:51.089Z","2026-06-13T20:10:00.000Z","415.148517","","false","","El snapshot no contiene ID explícito ni ID auxiliar verificable para este lado"
"824555","2026-08-26","home","Sean Burke","680732","PITCHERS_PITCHER_ID","HIGH","","","Sean Burke","680732","FINAL_PITCHERS_ID","","FINAL_ID_MISSING","2026-08-26T23:07:11.571Z","2026-08-26T23:40:00.000Z","32.80715","","false","","No existe documento final válido para el game_id"
"824555","2026-08-26","away","MacKenzie Gore","669022","PITCHERS_PITCHER_ID","HIGH","","","MacKenzie Gore","669022","FINAL_PITCHERS_ID","","FINAL_ID_MISSING","2026-08-26T23:07:11.571Z","2026-08-26T23:40:00.000Z","32.80715","","false","","No existe documento final válido para el game_id"
"824556","2026-08-25","home","Anthony Kay","","","","","","Anthony Kay","641743","FINAL_BOXSCORE_PLAYER_ID","","PREGAME_ID_MISSING","2026-08-25T13:35:55.941Z","2026-08-25T23:40:00.000Z","604.06765","","false","","El snapshot no contiene ID explícito ni ID auxiliar verificable para este lado"
"824556","2026-08-25","away","Jacob deGrom","","","","","","Jacob deGrom","594798","FINAL_BOXSCORE_PLAYER_ID","","PREGAME_ID_MISSING","2026-08-25T13:35:55.941Z","2026-08-25T23:40:00.000Z","604.06765","","false","","El snapshot no contiene ID explícito ni ID auxiliar verificable para este lado"
"824567","2026-07-29","home","Davis Martin","","","","","","Davis Martin","663436","FINAL_BOXSCORE_PLAYER_ID","","PREGAME_ID_MISSING","2026-07-29T18:56:36.765Z","2026-07-29T23:40:00.000Z","283.38725","","false","","El snapshot no contiene ID explícito ni ID auxiliar verificable para este lado"
"824567","2026-07-29","away","Cam Schlittler","","","","","","Cam Schlittler","693645","FINAL_BOXSCORE_PLAYER_ID","","PREGAME_ID_MISSING","2026-07-29T18:56:36.765Z","2026-07-29T23:40:00.000Z","283.38725","","false","","El snapshot no contiene ID explícito ni ID auxiliar verificable para este lado"
"824570","2026-07-27","home","Noah Schultz","","","","","","Noah Schultz","702273","FINAL_BOXSCORE_PLAYER_ID","","PREGAME_ID_MISSING","2026-07-27T13:37:23.788Z","2026-07-27T23:40:00.000Z","602.603533","","false","","El snapshot no contiene ID explícito ni ID auxiliar verificable para este lado"
"824570","2026-07-27","away","Max Fried","","","","","","Max Fried","608331","FINAL_BOXSCORE_PLAYER_ID","","PREGAME_ID_MISSING","2026-07-27T13:37:23.788Z","2026-07-27T23:40:00.000Z","602.603533","","false","","El snapshot no contiene ID explícito ni ID auxiliar verificable para este lado"
"824571","2026-07-25","home","Sean Burke","","","","","","Sean Burke","680732","FINAL_BOXSCORE_PLAYER_ID","","PREGAME_ID_MISSING","2026-07-25T13:36:32.809Z","2026-07-25T23:10:00.000Z","573.453183","","false","","El snapshot no contiene ID explícito ni ID auxiliar verificable para este lado"
"824571","2026-07-25","away","Hunter Brown","","","","","","Hunter Brown","686613","FINAL_BOXSCORE_PLAYER_ID","","PREGAME_ID_MISSING","2026-07-25T13:36:32.809Z","2026-07-25T23:10:00.000Z","573.453183","","false","","El snapshot no contiene ID explícito ni ID auxiliar verificable para este lado"
"824573","2026-07-24","home","Davis Martin","","","","","","Davis Martin","663436","FINAL_BOXSCORE_PLAYER_ID","","PREGAME_ID_MISSING","2026-07-24T19:49:44.677Z","2026-07-24T23:40:00.000Z","230.255383","","false","","El snapshot no contiene ID explícito ni ID auxiliar verificable para este lado"
"824573","2026-07-24","away","Spencer Arrighetti","","","","","","Spencer Arrighetti","681293","FINAL_BOXSCORE_PLAYER_ID","","PREGAME_ID_MISSING","2026-07-24T19:49:44.677Z","2026-07-24T23:40:00.000Z","230.255383","","false","","El snapshot no contiene ID explícito ni ID auxiliar verificable para este lado"
"824574","2026-07-12","home","Noah Schultz","702273","LINESCORE_DEFENSE_PITCHER","HIGH","NOT_VERIFIABLE","true","Noah Schultz","702273","FINAL_BOXSCORE_PLAYER_ID","4","MATCHED","2026-07-12T16:56:36.963Z","2026-07-12T18:10:00.000Z","73.38395","","false","FINAL_BOXSCORE_STRIKEOUTS","game_id y pitcher_id coinciden; actual_k final válido"
"824574","2026-07-12","away","J.T. Ginn","","","","","","J.T. Ginn","669372","FINAL_BOXSCORE_PLAYER_ID","","PREGAME_ID_MISSING","2026-07-12T16:56:36.963Z","2026-07-12T18:10:00.000Z","73.38395","","false","","El snapshot no contiene ID explícito ni ID auxiliar verificable para este lado"
"824575","2026-07-10","home","Sean Burke","680732","LINESCORE_DEFENSE_PITCHER","HIGH","NOT_VERIFIABLE","true","Sean Burke","680732","FINAL_BOXSCORE_PLAYER_ID","9","MATCHED","2026-07-10T20:35:38.841Z","2026-07-10T23:40:00.000Z","184.35265","","false","FINAL_BOXSCORE_STRIKEOUTS","game_id y pitcher_id coinciden; actual_k final válido"
"824575","2026-07-10","away","Jacob Lopez","","","","","","Jacob Lopez","682052","FINAL_BOXSCORE_PLAYER_ID","","PREGAME_ID_MISSING","2026-07-10T20:35:38.841Z","2026-07-10T23:40:00.000Z","184.35265","","false","","El snapshot no contiene ID explícito ni ID auxiliar verificable para este lado"
"824576","2026-07-11","home","Bryan Hudson","663542","LINESCORE_DEFENSE_PITCHER","HIGH","NOT_VERIFIABLE","true","Bryan Hudson","663542","FINAL_BOXSCORE_PLAYER_ID","0","MATCHED","2026-07-11T15:44:55.116Z","2026-07-11T18:10:00.000Z","145.0814","","false","FINAL_BOXSCORE_STRIKEOUTS","game_id y pitcher_id coinciden; actual_k final válido"
"824576","2026-07-11","away","Gage Jump","","","","","","Gage Jump","695611","FINAL_BOXSCORE_PLAYER_ID","","PREGAME_ID_MISSING","2026-07-11T15:44:55.116Z","2026-07-11T18:10:00.000Z","145.0814","","false","","El snapshot no contiene ID explícito ni ID auxiliar verificable para este lado"
"824577","2026-07-09","home","Anthony Kay","641743","LINESCORE_DEFENSE_PITCHER","HIGH","NOT_VERIFIABLE","true","Anthony Kay","641743","FINAL_BOXSCORE_PLAYER_ID","4","MATCHED","2026-07-09T18:09:45.236Z","2026-07-09T18:10:00.000Z","0.246067","","false","FINAL_BOXSCORE_STRIKEOUTS","game_id y pitcher_id coinciden; actual_k final válido"
"824577","2026-07-09","away","Patrick Sandoval","","","","","","Patrick Sandoval","663776","FINAL_BOXSCORE_PLAYER_ID","","PREGAME_ID_MISSING","2026-07-09T18:09:45.236Z","2026-07-09T18:10:00.000Z","0.246067","","false","","El snapshot no contiene ID explícito ni ID auxiliar verificable para este lado"
"824578","2026-07-08","home","Davis Martin","663436","LINESCORE_DEFENSE_PITCHER","HIGH","NOT_VERIFIABLE","true","Davis Martin","663436","FINAL_BOXSCORE_PLAYER_ID","2","MATCHED","2026-07-08T20:23:23.447Z","2026-07-08T23:40:00.000Z","196.609217","","false","FINAL_BOXSCORE_STRIKEOUTS","game_id y pitcher_id coinciden; actual_k final válido"
"824578","2026-07-08","away","Jake Bennett","","","","","","Jake Bennett","687562","FINAL_BOXSCORE_PLAYER_ID","","PREGAME_ID_MISSING","2026-07-08T20:23:23.447Z","2026-07-08T23:40:00.000Z","196.609217","","false","","El snapshot no contiene ID explícito ni ID auxiliar verificable para este lado"
"824579","2026-07-07","home","Noah Schultz","702273","LINESCORE_DEFENSE_PITCHER","HIGH","NOT_VERIFIABLE","true","Noah Schultz","702273","FINAL_BOXSCORE_PLAYER_ID","3","MATCHED","2026-07-07T23:39:40.082Z","2026-07-07T23:40:00.000Z","0.331967","","false","FINAL_BOXSCORE_STRIKEOUTS","game_id y pitcher_id coinciden; actual_k final válido"
"824579","2026-07-07","away","Payton Tolle","","","","","","Payton Tolle","801139","FINAL_BOXSCORE_PLAYER_ID","","PREGAME_ID_MISSING","2026-07-07T23:39:40.082Z","2026-07-07T23:40:00.000Z","0.331967","","false","","El snapshot no contiene ID explícito ni ID auxiliar verificable para este lado"
"824580","2026-06-28","home","Anthony Kay","641743","LINESCORE_DEFENSE_PITCHER","HIGH","NOT_VERIFIABLE","true","Anthony Kay","641743","FINAL_BOXSCORE_PLAYER_ID","2","MATCHED","2026-06-28T18:07:31.677Z","2026-06-28T18:10:00.000Z","2.47205","","false","FINAL_BOXSCORE_STRIKEOUTS","game_id y pitcher_id coinciden; actual_k final válido"
"824580","2026-06-28","away","Luinder Avila","","","","","","Luinder Avila","679883","FINAL_BOXSCORE_PLAYER_ID","","PREGAME_ID_MISSING","2026-06-28T18:07:31.677Z","2026-06-28T18:10:00.000Z","2.47205","","false","","El snapshot no contiene ID explícito ni ID auxiliar verificable para este lado"
"824581","2026-06-27","home","Davis Martin","663436","LINESCORE_DEFENSE_PITCHER","HIGH","NOT_VERIFIABLE","true","Davis Martin","663436","FINAL_BOXSCORE_PLAYER_ID","3","MATCHED","2026-06-27T19:45:50.183Z","2026-06-27T20:10:00.000Z","24.163617","","false","FINAL_BOXSCORE_STRIKEOUTS","game_id y pitcher_id coinciden; actual_k final válido"
"824581","2026-06-27","away","Michael Wacha","","","","","","Michael Wacha","608379","FINAL_BOXSCORE_PLAYER_ID","","PREGAME_ID_MISSING","2026-06-27T19:45:50.183Z","2026-06-27T20:10:00.000Z","24.163617","","false","","El snapshot no contiene ID explícito ni ID auxiliar verificable para este lado"
"824582","2026-06-26","home","David Sandlin","689818","LINESCORE_DEFENSE_PITCHER","HIGH","NOT_VERIFIABLE","true","David Sandlin","689818","FINAL_BOXSCORE_PLAYER_ID","6","MATCHED","2026-06-26T23:28:14.317Z","2026-06-26T23:40:00.000Z","11.761383","","false","FINAL_BOXSCORE_STRIKEOUTS","game_id y pitcher_id coinciden; actual_k final válido"
"824582","2026-06-26","away","Steven Cruz","","","","","","Steven Cruz","674444","FINAL_BOXSCORE_PLAYER_ID","","PREGAME_ID_MISSING","2026-06-26T23:28:14.317Z","2026-06-26T23:40:00.000Z","11.761383","","false","","El snapshot no contiene ID explícito ni ID auxiliar verificable para este lado"
"824584","2026-06-23","home","Sean Burke","680732","LINESCORE_DEFENSE_PITCHER","HIGH","NOT_VERIFIABLE","true","Sean Burke","680732","FINAL_BOXSCORE_PLAYER_ID","6","MATCHED","2026-06-23T23:00:44.757Z","2026-06-23T23:40:00.000Z","39.25405","","false","FINAL_BOXSCORE_STRIKEOUTS","game_id y pitcher_id coinciden; actual_k final válido"
"824584","2026-06-23","away","Parker Messick","","","","","","Parker Messick","800048","FINAL_BOXSCORE_PLAYER_ID","","PREGAME_ID_MISSING","2026-06-23T23:00:44.757Z","2026-06-23T23:40:00.000Z","39.25405","","false","","El snapshot no contiene ID explícito ni ID auxiliar verificable para este lado"
"824585","2026-06-22","home","Anthony Kay","","","","","","Anthony Kay","641743","FINAL_BOXSCORE_PLAYER_ID","","PREGAME_ID_MISSING","2026-06-22T22:26:03.452Z","2026-06-22T23:40:00.000Z","73.942467","","false","","El snapshot no contiene ID explícito ni ID auxiliar verificable para este lado"
"824585","2026-06-22","away","Gavin Williams","","","","","","Gavin Williams","668909","FINAL_BOXSCORE_PLAYER_ID","","PREGAME_ID_MISSING","2026-06-22T22:26:03.452Z","2026-06-22T23:40:00.000Z","73.942467","","false","","El snapshot no contiene ID explícito ni ID auxiliar verificable para este lado"
"824586","2026-06-14","home","Bryan Hudson","","","","","","Bryan Hudson","","","","PREGAME_ID_MISSING","2026-06-14T18:08:56.459Z","2026-06-14T18:10:00.000Z","1.059017","","false","","El snapshot no contiene ID explícito ni ID auxiliar verificable para este lado"
"824586","2026-06-14","away","Emmet Sheehan","","","","","","Emmet Sheehan","","","","PREGAME_ID_MISSING","2026-06-14T18:08:56.459Z","2026-06-14T18:10:00.000Z","1.059017","","false","","El snapshot no contiene ID explícito ni ID auxiliar verificable para este lado"
"824587","2026-06-13","home","Sean Burke","","","","","","Sean Burke","","","","PREGAME_ID_MISSING","2026-06-13T13:15:01.426Z","2026-06-13T20:10:00.000Z","414.976233","","false","","El snapshot no contiene ID explícito ni ID auxiliar verificable para este lado"
"824587","2026-06-13","away","Yoshinobu Yamamoto","","","","","","Yoshinobu Yamamoto","","","","PREGAME_ID_MISSING","2026-06-13T13:15:01.426Z","2026-06-13T20:10:00.000Z","414.976233","","false","","El snapshot no contiene ID explícito ni ID auxiliar verificable para este lado"
"824588","2026-06-12","home","Anthony Kay","","","","","","Anthony Kay","","","","PREGAME_ID_MISSING","2026-06-12T21:09:50.952Z","2026-06-12T23:40:00.000Z","150.1508","","false","","El snapshot no contiene ID explícito ni ID auxiliar verificable para este lado"
"824588","2026-06-12","away","Roki Sasaki","","","","","","Roki Sasaki","","","","PREGAME_ID_MISSING","2026-06-12T21:09:50.952Z","2026-06-12T23:40:00.000Z","150.1508","","false","","El snapshot no contiene ID explícito ni ID auxiliar verificable para este lado"
"824643","2026-08-14","home","Clay Holmes","","","","","","Clay Holmes","605280","FINAL_BOXSCORE_PLAYER_ID","","PREGAME_ID_MISSING","2026-08-14T13:34:21.323Z","2026-08-14T18:20:00.000Z","285.644617","","false","","El snapshot no contiene ID explícito ni ID auxiliar verificable para este lado"
"824643","2026-08-14","away","Matthew Liberatore","","","","","","Matthew Liberatore","669461","FINAL_BOXSCORE_PLAYER_ID","","PREGAME_ID_MISSING","2026-08-14T13:34:21.323Z","2026-08-14T18:20:00.000Z","285.644617","","false","","El snapshot no contiene ID explícito ni ID auxiliar verificable para este lado"
"824650","2026-07-22","home","Colin Rea","","","","","","Colin Rea","607067","FINAL_BOXSCORE_PLAYER_ID","","PREGAME_ID_MISSING","2026-07-22T19:28:30.653Z","2026-07-23T00:10:00.000Z","281.489117","","false","","El snapshot no contiene ID explícito ni ID auxiliar verificable para este lado"
"824650","2026-07-22","away","Keider Montero","","","","","","Keider Montero","672456","FINAL_BOXSCORE_PLAYER_ID","","PREGAME_ID_MISSING","2026-07-22T19:28:30.653Z","2026-07-23T00:10:00.000Z","281.489117","","false","","El snapshot no contiene ID explícito ni ID auxiliar verificable para este lado"
"824652","2026-07-21","home","David Peterson","656849","LINESCORE_DEFENSE_PITCHER","HIGH","NOT_VERIFIABLE","true","David Peterson","656849","FINAL_BOXSCORE_PLAYER_ID","4","MATCHED","2026-07-21T22:27:04.394Z","2026-07-22T00:05:00.000Z","97.926767","","false","FINAL_BOXSCORE_STRIKEOUTS","game_id y pitcher_id coinciden; actual_k final válido"
"824652","2026-07-21","away","Framber Valdez","","","","","","Framber Valdez","664285","FINAL_BOXSCORE_PLAYER_ID","","PREGAME_ID_MISSING","2026-07-21T22:27:04.394Z","2026-07-22T00:05:00.000Z","97.926767","","false","","El snapshot no contiene ID explícito ni ID auxiliar verificable para este lado"
"824653","2026-07-19","home","Shota Imanaga","684007","LINESCORE_DEFENSE_PITCHER","HIGH","NOT_VERIFIABLE","true","Shota Imanaga","684007","FINAL_BOXSCORE_PLAYER_ID","4","MATCHED","2026-07-19T17:51:28.401Z","2026-07-19T18:20:00.000Z","28.52665","","false","FINAL_BOXSCORE_STRIKEOUTS","game_id y pitcher_id coinciden; actual_k final válido"
"824653","2026-07-19","away","Zebby Matthews","","","","","","Zebby Matthews","805673","FINAL_BOXSCORE_PLAYER_ID","","PREGAME_ID_MISSING","2026-07-19T17:51:28.401Z","2026-07-19T18:20:00.000Z","28.52665","","false","","El snapshot no contiene ID explícito ni ID auxiliar verificable para este lado"
"824654","2026-07-20","home","Jameson Taillon","","","","","","Jameson Taillon","592791","FINAL_BOXSCORE_PLAYER_ID","","PREGAME_ID_MISSING","2026-07-20T16:38:16.070Z","2026-07-21T00:05:00.000Z","446.732167","","false","","El snapshot no contiene ID explícito ni ID auxiliar verificable para este lado"
"824654","2026-07-20","away","Jack Flaherty","","","","","","Jack Flaherty","656427","FINAL_BOXSCORE_PLAYER_ID","","PREGAME_ID_MISSING","2026-07-20T16:38:16.070Z","2026-07-21T00:05:00.000Z","446.732167","","false","","El snapshot no contiene ID explícito ni ID auxiliar verificable para este lado"
"824655","2026-07-17","home","Colin Rea","607067","LINESCORE_DEFENSE_PITCHER","HIGH","NOT_VERIFIABLE","true","Colin Rea","607067","FINAL_BOXSCORE_PLAYER_ID","6","MATCHED","2026-07-17T23:18:50.720Z","2026-07-18T00:05:00.000Z","46.154667","","false","FINAL_BOXSCORE_STRIKEOUTS","game_id y pitcher_id coinciden; actual_k final válido"
"824655","2026-07-17","away","Bailey Ober","","","","","","Bailey Ober","641927","FINAL_BOXSCORE_PLAYER_ID","","PREGAME_ID_MISSING","2026-07-17T23:18:50.720Z","2026-07-18T00:05:00.000Z","46.154667","","false","","El snapshot no contiene ID explícito ni ID auxiliar verificable para este lado"
"824656","2026-07-05","home","Javier Assad","665871","LINESCORE_DEFENSE_PITCHER","HIGH","NOT_VERIFIABLE","true","Javier Assad","665871","FINAL_BOXSCORE_PLAYER_ID","2","MATCHED","2026-07-05T17:36:56.032Z","2026-07-05T18:30:00.000Z","53.066133","","false","FINAL_BOXSCORE_STRIKEOUTS","game_id y pitcher_id coinciden; actual_k final válido"
"824656","2026-07-05","away","Matthew Liberatore","","","","","","Matthew Liberatore","669461","FINAL_BOXSCORE_PLAYER_ID","","PREGAME_ID_MISSING","2026-07-05T17:36:56.032Z","2026-07-05T18:30:00.000Z","53.066133","","false","","El snapshot no contiene ID explícito ni ID auxiliar verificable para este lado"
"824657","2026-07-18","home","Matthew Boyd","","","","","","Matthew Boyd","571510","FINAL_BOXSCORE_PLAYER_ID","","PREGAME_ID_MISSING","2026-07-18T15:24:51.679Z","2026-07-18T18:20:00.000Z","175.138683","","false","","El snapshot no contiene ID explícito ni ID auxiliar verificable para este lado"
"824657","2026-07-18","away","Taj Bradley","","","","","","Taj Bradley","671737","FINAL_BOXSCORE_PLAYER_ID","","PREGAME_ID_MISSING","2026-07-18T15:24:51.679Z","2026-07-18T18:20:00.000Z","175.138683","","false","","El snapshot no contiene ID explícito ni ID auxiliar verificable para este lado"
"824658","2026-07-04","home","Shota Imanaga","","","","","","Shota Imanaga","684007","FINAL_BOXSCORE_PLAYER_ID","","PREGAME_ID_MISSING","2026-07-04T19:14:04.267Z","2026-07-05T00:08:00.000Z","293.928883","","false","","El snapshot no contiene ID explícito ni ID auxiliar verificable para este lado"
"824658","2026-07-04","away","Kyle Leahy","","","","","","Kyle Leahy","681517","FINAL_BOXSCORE_PLAYER_ID","","PREGAME_ID_MISSING","2026-07-04T19:14:04.267Z","2026-07-05T00:08:00.000Z","293.928883","","false","","El snapshot no contiene ID explícito ni ID auxiliar verificable para este lado"
"824659","2026-07-03","home","David Peterson","","","","","","David Peterson","656849","FINAL_BOXSCORE_PLAYER_ID","","PREGAME_ID_MISSING","2026-07-03T17:43:50.993Z","2026-07-03T20:05:00.000Z","141.150117","","false","","El snapshot no contiene ID explícito ni ID auxiliar verificable para este lado"
"824659","2026-07-03","away","Andre Pallante","","","","","","Andre Pallante","669467","FINAL_BOXSCORE_PLAYER_ID","","PREGAME_ID_MISSING","2026-07-03T17:43:50.993Z","2026-07-03T20:05:00.000Z","141.150117","","false","","El snapshot no contiene ID explícito ni ID auxiliar verificable para este lado"
"824660","2026-07-01","home","Colin Rea","607067","LINESCORE_DEFENSE_PITCHER","HIGH","NOT_VERIFIABLE","true","Colin Rea","607067","FINAL_PITCHERS_ID","5","MATCHED","2026-07-01T17:32:56.796Z","2026-07-01T18:20:00.000Z","47.0534","","false","FINAL_ADVANCED_PITCHING_ACTUAL_STRIKEOUTS","game_id y pitcher_id coinciden; actual_k final válido"
"824660","2026-07-01","away","Walker Buehler","","","","","","Walker Buehler","621111","FINAL_PITCHERS_ID","","PREGAME_ID_MISSING","2026-07-01T17:32:56.796Z","2026-07-01T18:20:00.000Z","47.0534","","false","","El snapshot no contiene ID explícito ni ID auxiliar verificable para este lado"
"824661","2026-06-30","home","Matthew Boyd","571510","LINESCORE_DEFENSE_PITCHER","HIGH","NOT_VERIFIABLE","true","Matthew Boyd","","","","FINAL_ID_MISSING","2026-07-01T00:02:52.589Z","2026-07-01T00:05:00.000Z","2.123517","","false","","El documento final no contiene un ID seguro para este lado"
"824661","2026-06-30","away","JP Sears","","","","","","JP Sears","","","","PREGAME_ID_MISSING","2026-07-01T00:02:52.589Z","2026-07-01T00:05:00.000Z","2.123517","","false","","El snapshot no contiene ID explícito ni ID auxiliar verificable para este lado"
"824662","2026-06-29","home","Shota Imanaga","684007","LINESCORE_DEFENSE_PITCHER","HIGH","NOT_VERIFIABLE","true","Shota Imanaga","684007","FINAL_BOXSCORE_PLAYER_ID","4","MATCHED","2026-06-29T23:57:39.183Z","2026-06-30T00:05:00.000Z","7.34695","","false","FINAL_BOXSCORE_STRIKEOUTS","game_id y pitcher_id coinciden; actual_k final válido"
"824662","2026-06-29","away","Griffin Canning","","","","","","Griffin Canning","656288","FINAL_BOXSCORE_PLAYER_ID","","PREGAME_ID_MISSING","2026-06-29T23:57:39.183Z","2026-06-30T00:05:00.000Z","7.34695","","false","","El snapshot no contiene ID explícito ni ID auxiliar verificable para este lado"
"824663","2026-06-19","home","Ben Brown","","","","","","Ben Brown","676962","FINAL_BOXSCORE_PLAYER_ID","","PREGAME_ID_MISSING","2026-06-19T13:41:35.512Z","2026-06-19T18:20:00.000Z","278.408133","","false","","El snapshot no contiene ID explícito ni ID auxiliar verificable para este lado"
"824663","2026-06-19","away","Kevin Gausman","","","","","","Kevin Gausman","592332","FINAL_BOXSCORE_PLAYER_ID","","PREGAME_ID_MISSING","2026-06-19T13:41:35.512Z","2026-06-19T18:20:00.000Z","278.408133","","false","","El snapshot no contiene ID explícito ni ID auxiliar verificable para este lado"
"824665","2026-06-20","home","Colin Rea","","","","","","Colin Rea","607067","FINAL_BOXSCORE_PLAYER_ID","","PREGAME_ID_MISSING","2026-06-20T17:15:34.678Z","2026-06-20T18:20:00.000Z","64.422033","","false","","El snapshot no contiene ID explícito ni ID auxiliar verificable para este lado"
"824665","2026-06-20","away","Patrick Corbin","","","","","","Patrick Corbin","571578","FINAL_BOXSCORE_PLAYER_ID","","PREGAME_ID_MISSING","2026-06-20T17:15:34.678Z","2026-06-20T18:20:00.000Z","64.422033","","false","","El snapshot no contiene ID explícito ni ID auxiliar verificable para este lado"
"824666","2026-06-15","home","Shota Imanaga","","","","","","Shota Imanaga","684007","FINAL_BOXSCORE_PLAYER_ID","","PREGAME_ID_MISSING","2026-06-16T00:01:14.827Z","2026-06-16T00:05:00.000Z","3.752883","","false","","El snapshot no contiene ID explícito ni ID auxiliar verificable para este lado"
"824666","2026-06-15","away","Michael Lorenzen","","","","","","Michael Lorenzen","547179","FINAL_BOXSCORE_PLAYER_ID","","PREGAME_ID_MISSING","2026-06-16T00:01:14.827Z","2026-06-16T00:05:00.000Z","3.752883","","false","","El snapshot no contiene ID explícito ni ID auxiliar verificable para este lado"
"824667","2026-06-16","home","Edward Cabrera","","","","","","Edward Cabrera","665795","FINAL_BOXSCORE_PLAYER_ID","","PREGAME_ID_MISSING","2026-06-16T23:22:36.377Z","2026-06-17T00:05:00.000Z","42.393717","","false","","El snapshot no contiene ID explícito ni ID auxiliar verificable para este lado"
"824667","2026-06-16","away","Ryan Feltner","","","","","","Ryan Feltner","663372","FINAL_BOXSCORE_PLAYER_ID","","PREGAME_ID_MISSING","2026-06-16T23:22:36.377Z","2026-06-17T00:05:00.000Z","42.393717","","false","","El snapshot no contiene ID explícito ni ID auxiliar verificable para este lado"
"824668","2026-06-17","home","Javier Assad","","","","","","Javier Assad","665871","FINAL_BOXSCORE_PLAYER_ID","","PREGAME_ID_MISSING","2026-06-17T18:40:41.133Z","2026-06-18T00:05:00.000Z","324.31445","","false","","El snapshot no contiene ID explícito ni ID auxiliar verificable para este lado"
"824668","2026-06-17","away","Sean Sullivan","","","","","","Sean Sullivan","807743","FINAL_BOXSCORE_PLAYER_ID","","PREGAME_ID_MISSING","2026-06-17T18:40:41.133Z","2026-06-18T00:05:00.000Z","324.31445","","false","","El snapshot no contiene ID explícito ni ID auxiliar verificable para este lado"
"824732","2026-07-22","home","Por definir","","","","","","Eduardo Rivera","700842","FINAL_BOXSCORE_PLAYER_ID","","PREGAME_ID_MISSING","2026-07-22T19:28:33.767Z","2026-07-22T23:10:00.000Z","221.437217","","false","","El snapshot no contiene ID explícito ni ID auxiliar verificable para este lado"
"824732","2026-07-22","away","Kyle Bradish","","","","","","Kyle Bradish","680694","FINAL_BOXSCORE_PLAYER_ID","","PREGAME_ID_MISSING","2026-07-22T19:28:33.767Z","2026-07-22T23:10:00.000Z","221.437217","","false","","El snapshot no contiene ID explícito ni ID auxiliar verificable para este lado"
"824733","2026-07-24","home","Patrick Sandoval","663776","LINESCORE_DEFENSE_PITCHER","HIGH","NOT_VERIFIABLE","true","Patrick Sandoval","663776","FINAL_BOXSCORE_PLAYER_ID","3","MATCHED","2026-07-24T19:49:48.379Z","2026-07-24T23:15:00.000Z","205.193683","","false","FINAL_BOXSCORE_STRIKEOUTS","game_id y pitcher_id coinciden; actual_k final válido"
"824733","2026-07-24","away","Trey Yesavage","","","","","","Trey Yesavage","702056","FINAL_BOXSCORE_PLAYER_ID","","PREGAME_ID_MISSING","2026-07-24T19:49:48.379Z","2026-07-24T23:15:00.000Z","205.193683","","false","","El snapshot no contiene ID explícito ni ID auxiliar verificable para este lado"
"824734","2026-07-25","home","Sonny Gray","","","","","","Sonny Gray","543243","FINAL_BOXSCORE_PLAYER_ID","","PREGAME_ID_MISSING","2026-07-25T13:36:07.620Z","2026-07-25T20:10:00.000Z","393.873","","false","","El snapshot no contiene ID explícito ni ID auxiliar verificable para este lado"
"824734","2026-07-25","away","Dylan Cease","","","","","","Dylan Cease","656302","FINAL_BOXSCORE_PLAYER_ID","","PREGAME_ID_MISSING","2026-07-25T13:36:07.620Z","2026-07-25T20:10:00.000Z","393.873","","false","","El snapshot no contiene ID explícito ni ID auxiliar verificable para este lado"
"824736","2026-07-20","home","Payton Tolle","","","","","","Payton Tolle","801139","FINAL_BOXSCORE_PLAYER_ID","","PREGAME_ID_MISSING","2026-07-20T16:38:18.850Z","2026-07-20T23:10:00.000Z","391.685833","","false","","El snapshot no contiene ID explícito ni ID auxiliar verificable para este lado"
"824736","2026-07-20","away","Shane Baz","","","","","","Shane Baz","669358","FINAL_BOXSCORE_PLAYER_ID","","PREGAME_ID_MISSING","2026-07-20T16:38:18.850Z","2026-07-20T23:10:00.000Z","391.685833","","false","","El snapshot no contiene ID explícito ni ID auxiliar verificable para este lado"
"824737","2026-07-17","home","Por definir","","","","","","Eduardo Rivera","700842","FINAL_BOXSCORE_PLAYER_ID","","PREGAME_ID_MISSING","2026-07-17T14:35:05.846Z","2026-07-17T23:10:00.000Z","514.902567","","false","","El snapshot no contiene ID explícito ni ID auxiliar verificable para este lado"
"824737","2026-07-17","away","Por definir","","","","","","Mason Englert","669438","FINAL_BOXSCORE_PLAYER_ID","","PREGAME_ID_MISSING","2026-07-17T14:35:05.846Z","2026-07-17T23:10:00.000Z","514.902567","","false","","El snapshot no contiene ID explícito ni ID auxiliar verificable para este lado"
"824738","2026-07-18","home","Patrick Sandoval","","","","","","Patrick Sandoval","663776","FINAL_BOXSCORE_PLAYER_ID","","PREGAME_ID_MISSING","2026-07-18T15:24:54.978Z","2026-07-18T20:10:00.000Z","285.0837","","false","","El snapshot no contiene ID explícito ni ID auxiliar verificable para este lado"
"824738","2026-07-18","away","Ian Seymour","","","","","","Ian Seymour","693855","FINAL_BOXSCORE_PLAYER_ID","","PREGAME_ID_MISSING","2026-07-18T15:24:54.978Z","2026-07-18T20:10:00.000Z","285.0837","","false","","El snapshot no contiene ID explícito ni ID auxiliar verificable para este lado"
"824740","2026-07-01","home","Payton Tolle","801139","LINESCORE_DEFENSE_PITCHER","HIGH","NOT_VERIFIABLE","true","Payton Tolle","801139","FINAL_PITCHERS_ID","5","MATCHED","2026-07-01T17:31:57.234Z","2026-07-01T17:35:00.000Z","3.0461","","false","FINAL_ADVANCED_PITCHING_ACTUAL_STRIKEOUTS","game_id y pitcher_id coinciden; actual_k final válido"
"824740","2026-07-01","away","Brad Lord","","","","","","Brad Lord","695418","FINAL_PITCHERS_ID","","PREGAME_ID_MISSING","2026-07-01T17:31:57.234Z","2026-07-01T17:35:00.000Z","3.0461","","false","","El snapshot no contiene ID explícito ni ID auxiliar verificable para este lado"
"824741","2026-06-29","home","Ranger Suarez","624133","LINESCORE_DEFENSE_PITCHER","HIGH","NOT_VERIFIABLE","true","Ranger Suarez","624133","FINAL_BOXSCORE_PLAYER_ID","8","MATCHED","2026-06-29T22:55:09.102Z","2026-06-29T23:10:00.000Z","14.8483","","false","FINAL_BOXSCORE_STRIKEOUTS","game_id y pitcher_id coinciden; actual_k final válido"
"824741","2026-06-29","away","Miles Mikolas","","","","","","Miles Mikolas","571945","FINAL_BOXSCORE_PLAYER_ID","","PREGAME_ID_MISSING","2026-06-29T22:55:09.102Z","2026-06-29T23:10:00.000Z","14.8483","","false","","El snapshot no contiene ID explícito ni ID auxiliar verificable para este lado"
"824742","2026-06-30","home","Connelly Early","813349","LINESCORE_DEFENSE_PITCHER","HIGH","NOT_VERIFIABLE","true","Connelly Early","","","","FINAL_ID_MISSING","2026-06-30T23:07:51.198Z","2026-06-30T23:10:00.000Z","2.1467","","false","","El documento final no contiene un ID seguro para este lado"
"824742","2026-06-30","away","Cade Cavalli","","","","","","Cade Cavalli","","","","PREGAME_ID_MISSING","2026-06-30T23:07:51.198Z","2026-06-30T23:10:00.000Z","2.1467","","false","","El snapshot no contiene ID explícito ni ID auxiliar verificable para este lado"
"824743","2026-06-26","home","Payton Tolle","801139","LINESCORE_DEFENSE_PITCHER","HIGH","NOT_VERIFIABLE","true","Payton Tolle","801139","FINAL_BOXSCORE_PLAYER_ID","7","MATCHED","2026-06-26T23:02:14.489Z","2026-06-26T23:10:00.000Z","7.758517","","false","FINAL_BOXSCORE_STRIKEOUTS","game_id y pitcher_id coinciden; actual_k final válido"
"824743","2026-06-26","away","Will Warren","","","","","","Will Warren","701542","FINAL_BOXSCORE_PLAYER_ID","","PREGAME_ID_MISSING","2026-06-26T23:02:14.489Z","2026-06-26T23:10:00.000Z","7.758517","","false","","El snapshot no contiene ID explícito ni ID auxiliar verificable para este lado"
"824744","2026-06-28","home","Sonny Gray","543243","LINESCORE_DEFENSE_PITCHER","HIGH","NOT_VERIFIABLE","true","Sonny Gray","543243","FINAL_BOXSCORE_PLAYER_ID","9","MATCHED","2026-06-28T21:06:15.657Z","2026-06-28T23:20:00.000Z","133.73905","","false","FINAL_BOXSCORE_STRIKEOUTS","game_id y pitcher_id coinciden; actual_k final válido"
"824744","2026-06-28","away","Carlos Rodón","","","","","","Carlos Rodón","607074","FINAL_BOXSCORE_PLAYER_ID","","PREGAME_ID_MISSING","2026-06-28T21:06:15.657Z","2026-06-28T23:20:00.000Z","133.73905","","false","","El snapshot no contiene ID explícito ni ID auxiliar verificable para este lado"
"824745","2026-06-27","home","Jake Bennett","687562","LINESCORE_DEFENSE_PITCHER","HIGH","NOT_VERIFIABLE","true","Jake Bennett","687562","FINAL_BOXSCORE_PLAYER_ID","3","MATCHED","2026-06-27T16:54:24.286Z","2026-06-27T17:10:00.000Z","15.595233","","false","FINAL_BOXSCORE_STRIKEOUTS","game_id y pitcher_id coinciden; actual_k final válido"
"824745","2026-06-27","away","Gerrit Cole","","","","","","Gerrit Cole","543037","FINAL_BOXSCORE_PLAYER_ID","","PREGAME_ID_MISSING","2026-06-27T16:54:24.286Z","2026-06-27T17:10:00.000Z","15.595233","","false","","El snapshot no contiene ID explícito ni ID auxiliar verificable para este lado"
"824746","2026-06-17","home","Jake Bennett","","","","","","Jake Bennett","687562","FINAL_PITCHERS_ID","","FINAL_ID_MISSING","2026-06-17T18:37:26.127Z","2026-06-17T22:45:00.000Z","247.56455","","false","","No existe documento final válido para el game_id"
"824746","2026-06-17","away","Max Scherzer","","","","","","Braydon Fisher","680755","FINAL_PITCHERS_ID","","FINAL_ID_MISSING","2026-06-17T18:37:26.127Z","2026-06-17T22:45:00.000Z","247.56455","","false","","No existe documento final válido para el game_id"
"824747","2026-06-25","home","Connelly Early","","","","","","Connelly Early","813349","FINAL_BOXSCORE_PLAYER_ID","","PREGAME_ID_MISSING","2026-06-25T20:14:57.038Z","2026-06-25T23:10:00.000Z","175.049367","","false","","El snapshot no contiene ID explícito ni ID auxiliar verificable para este lado"
"824747","2026-06-25","away","Cam Schlittler","","","","","","Cam Schlittler","693645","FINAL_BOXSCORE_PLAYER_ID","","PREGAME_ID_MISSING","2026-06-25T20:14:57.038Z","2026-06-25T23:10:00.000Z","175.049367","","false","","El snapshot no contiene ID explícito ni ID auxiliar verificable para este lado"
"824748","2026-06-18","home","Sonny Gray","","","","","","Sonny Gray","543243","FINAL_BOXSCORE_PLAYER_ID","","PREGAME_ID_MISSING","2026-06-18T17:02:56.167Z","2026-06-18T17:35:00.000Z","32.063883","","false","","El snapshot no contiene ID explícito ni ID auxiliar verificable para este lado"
"824748","2026-06-18","away","Trey Yesavage","","","","","","Trey Yesavage","702056","FINAL_BOXSCORE_PLAYER_ID","","PREGAME_ID_MISSING","2026-06-18T17:02:56.167Z","2026-06-18T17:35:00.000Z","32.063883","","false","","El snapshot no contiene ID explícito ni ID auxiliar verificable para este lado"
"824749","2026-06-13","home","Ranger Suarez","","","","","","Ranger Suarez","","","","PREGAME_ID_MISSING","2026-06-13T13:14:56.241Z","2026-06-13T20:10:00.000Z","415.06265","","false","","El snapshot no contiene ID explícito ni ID auxiliar verificable para este lado"
"824749","2026-06-13","away","Jacob deGrom","","","","","","Jacob deGrom","","","","PREGAME_ID_MISSING","2026-06-13T13:14:56.241Z","2026-06-13T20:10:00.000Z","415.06265","","false","","El snapshot no contiene ID explícito ni ID auxiliar verificable para este lado"
"824750","2026-06-16","home","Payton Tolle","","","","","","Payton Tolle","801139","FINAL_BOXSCORE_PLAYER_ID","","PREGAME_ID_MISSING","2026-06-16T20:58:54.898Z","2026-06-16T22:45:00.000Z","106.085033","","false","","El snapshot no contiene ID explícito ni ID auxiliar verificable para este lado"
"824750","2026-06-16","away","Dylan Cease","","","","","","Dylan Cease","656302","FINAL_BOXSCORE_PLAYER_ID","","PREGAME_ID_MISSING","2026-06-16T20:58:54.898Z","2026-06-16T22:45:00.000Z","106.085033","","false","","El snapshot no contiene ID explícito ni ID auxiliar verificable para este lado"
"824751","2026-06-14","home","Connelly Early","","","","","","Connelly Early","","","","PREGAME_ID_MISSING","2026-06-14T19:13:34.763Z","2026-06-14T23:20:00.000Z","246.420617","","false","","El snapshot no contiene ID explícito ni ID auxiliar verificable para este lado"
"824751","2026-06-14","away","Nathan Eovaldi","","","","","","Nathan Eovaldi","","","","PREGAME_ID_MISSING","2026-06-14T19:13:34.763Z","2026-06-14T23:20:00.000Z","246.420617","","false","","El snapshot no contiene ID explícito ni ID auxiliar verificable para este lado"
"824752","2026-06-12","home","Sonny Gray","","","","","","Sonny Gray","","","","PREGAME_ID_MISSING","2026-06-12T21:09:40.151Z","2026-06-12T23:10:00.000Z","120.330817","","false","","El snapshot no contiene ID explícito ni ID auxiliar verificable para este lado"
"824752","2026-06-12","away","Jack Leiter","","","","","","Jack Leiter","","","","PREGAME_ID_MISSING","2026-06-12T21:09:40.151Z","2026-06-12T23:10:00.000Z","120.330817","","false","","El snapshot no contiene ID explícito ni ID auxiliar verificable para este lado"
"824811","2026-07-25","home","Brandon Young","","","","","","Brandon Young","687064","FINAL_BOXSCORE_PLAYER_ID","","PREGAME_ID_MISSING","2026-07-25T13:36:26.217Z","2026-07-25T23:05:00.000Z","568.56305","","false","","El snapshot no contiene ID explícito ni ID auxiliar verificable para este lado"
"824811","2026-07-25","away","Bryce Elder","","","","","","Bryce Elder","693821","FINAL_BOXSCORE_PLAYER_ID","","PREGAME_ID_MISSING","2026-07-25T13:36:26.217Z","2026-07-25T23:05:00.000Z","568.56305","","false","","El snapshot no contiene ID explícito ni ID auxiliar verificable para este lado"
"824812","2026-07-24","home","Trevor Rogers","669432","LINESCORE_DEFENSE_PITCHER","HIGH","NOT_VERIFIABLE","true","Trevor Rogers","669432","FINAL_BOXSCORE_PLAYER_ID","6","MATCHED","2026-07-24T19:49:51.682Z","2026-07-24T23:05:00.000Z","195.138633","","false","FINAL_BOXSCORE_STRIKEOUTS","game_id y pitcher_id coinciden; actual_k final válido"
"824812","2026-07-24","away","Grant Holmes","","","","","","Grant Holmes","656550","FINAL_BOXSCORE_PLAYER_ID","","PREGAME_ID_MISSING","2026-07-24T19:49:51.682Z","2026-07-24T23:05:00.000Z","195.138633","","false","","El snapshot no contiene ID explícito ni ID auxiliar verificable para este lado"
"824813","2026-07-11","home","Kyle Bradish","680694","LINESCORE_DEFENSE_PITCHER","HIGH","NOT_VERIFIABLE","true","Kyle Bradish","680694","FINAL_BOXSCORE_PLAYER_ID","5","MATCHED","2026-07-11T21:46:42.018Z","2026-07-11T23:05:00.000Z","78.2997","","false","FINAL_BOXSCORE_STRIKEOUTS","game_id y pitcher_id coinciden; actual_k final válido"
"824813","2026-07-11","away","Noah Cameron","","","","","","Noah Cameron","702070","FINAL_BOXSCORE_PLAYER_ID","","PREGAME_ID_MISSING","2026-07-11T21:46:42.018Z","2026-07-11T23:05:00.000Z","78.2997","","false","","El snapshot no contiene ID explícito ni ID auxiliar verificable para este lado"
"824814","2026-07-12","home","Shane Baz","669358","LINESCORE_DEFENSE_PITCHER","HIGH","NOT_VERIFIABLE","true","Shane Baz","669358","FINAL_BOXSCORE_PLAYER_ID","9","MATCHED","2026-07-12T16:56:40.520Z","2026-07-12T17:35:00.000Z","38.324667","","false","FINAL_BOXSCORE_STRIKEOUTS","game_id y pitcher_id coinciden; actual_k final válido"
"824814","2026-07-12","away","Seth Lugo","","","","","","Seth Lugo","607625","FINAL_BOXSCORE_PLAYER_ID","","PREGAME_ID_MISSING","2026-07-12T16:56:40.520Z","2026-07-12T17:35:00.000Z","38.324667","","false","","El snapshot no contiene ID explícito ni ID auxiliar verificable para este lado"
"824815","2026-07-08","home","Dean Kremer","665152","LINESCORE_DEFENSE_PITCHER","HIGH","NOT_VERIFIABLE","true","Dean Kremer","665152","FINAL_BOXSCORE_PLAYER_ID","4","MATCHED","2026-07-08T20:23:29.349Z","2026-07-08T22:35:00.000Z","131.51085","","false","FINAL_BOXSCORE_STRIKEOUTS","game_id y pitcher_id coinciden; actual_k final válido"
"824815","2026-07-08","away","Colin Rea","","","","","","Colin Rea","607067","FINAL_BOXSCORE_PLAYER_ID","","PREGAME_ID_MISSING","2026-07-08T20:23:29.349Z","2026-07-08T22:35:00.000Z","131.51085","","false","","El snapshot no contiene ID explícito ni ID auxiliar verificable para este lado"
"824816","2026-07-09","home","Trevor Rogers","669432","LINESCORE_DEFENSE_PITCHER","HIGH","NOT_VERIFIABLE","true","Trevor Rogers","669432","FINAL_BOXSCORE_PLAYER_ID","4","MATCHED","2026-07-09T17:32:56.494Z","2026-07-09T17:35:00.000Z","2.058433","","false","FINAL_BOXSCORE_STRIKEOUTS","game_id y pitcher_id coinciden; actual_k final válido"
"824816","2026-07-09","away","David Peterson","","","","","","David Peterson","656849","FINAL_BOXSCORE_PLAYER_ID","","PREGAME_ID_MISSING","2026-07-09T17:32:56.494Z","2026-07-09T17:35:00.000Z","2.058433","","false","","El snapshot no contiene ID explícito ni ID auxiliar verificable para este lado"
"824817","2026-07-10","home","Brandon Young","687064","LINESCORE_DEFENSE_PITCHER","HIGH","NOT_VERIFIABLE","true","Brandon Young","687064","FINAL_BOXSCORE_PLAYER_ID","5","MATCHED","2026-07-10T20:35:43.678Z","2026-07-10T23:05:00.000Z","149.272033","","false","FINAL_BOXSCORE_STRIKEOUTS","game_id y pitcher_id coinciden; actual_k final válido"
"824817","2026-07-10","away","Luinder Avila","","","","","","Luinder Avila","679883","FINAL_BOXSCORE_PLAYER_ID","","PREGAME_ID_MISSING","2026-07-10T20:35:43.678Z","2026-07-10T23:05:00.000Z","149.272033","","false","","El snapshot no contiene ID explícito ni ID auxiliar verificable para este lado"
"824818","2026-07-01","home","Dean Kremer","665152","LINESCORE_DEFENSE_PITCHER","HIGH","NOT_VERIFIABLE","true","Dean Kremer","","","","FINAL_ID_MISSING","2026-07-01T16:33:31.697Z","2026-07-01T16:35:00.000Z","1.471717","","false","","El documento final no contiene un ID seguro para este lado"
"824818","2026-07-01","away","Noah Schultz","","","","","","Noah Schultz","","","","PREGAME_ID_MISSING","2026-07-01T16:33:31.697Z","2026-07-01T16:35:00.000Z","1.471717","","false","","El snapshot no contiene ID explícito ni ID auxiliar verificable para este lado"
"824819","2026-06-30","home","Trey Gibson","694346","LINESCORE_DEFENSE_PITCHER","HIGH","NOT_VERIFIABLE","true","Trey Gibson","","","","FINAL_ID_MISSING","2026-06-30T19:20:27.283Z","2026-06-30T22:35:00.000Z","194.545283","","false","","El documento final no contiene un ID seguro para este lado"
"824819","2026-06-30","away","Erick Fedde","","","","","","Erick Fedde","","","","PREGAME_ID_MISSING","2026-06-30T19:20:27.283Z","2026-06-30T22:35:00.000Z","194.545283","","false","","El snapshot no contiene ID explícito ni ID auxiliar verificable para este lado"
"824820","2026-07-07","home","Shane Baz","669358","LINESCORE_DEFENSE_PITCHER","HIGH","NOT_VERIFIABLE","true","Shane Baz","669358","FINAL_BOXSCORE_PLAYER_ID","3","MATCHED","2026-07-07T21:48:56.690Z","2026-07-07T22:35:00.000Z","46.055167","","false","FINAL_BOXSCORE_STRIKEOUTS","game_id y pitcher_id coinciden; actual_k final válido"
"824820","2026-07-07","away","Matthew Boyd","","","","","","Matthew Boyd","571510","FINAL_BOXSCORE_PLAYER_ID","","PREGAME_ID_MISSING","2026-07-07T21:48:56.690Z","2026-07-07T22:35:00.000Z","46.055167","","false","","El snapshot no contiene ID explícito ni ID auxiliar verificable para este lado"
"824821","2026-06-28","home","Kyle Bradish","680694","LINESCORE_DEFENSE_PITCHER","HIGH","NOT_VERIFIABLE","true","Kyle Bradish","680694","FINAL_BOXSCORE_PLAYER_ID","2","MATCHED","2026-06-28T17:25:41.167Z","2026-06-28T17:35:00.000Z","9.313883","","false","FINAL_BOXSCORE_STRIKEOUTS","game_id y pitcher_id coinciden; actual_k final válido"
"824821","2026-06-28","away","Zack Littell","","","","","","Zack Littell","641793","FINAL_BOXSCORE_PLAYER_ID","","PREGAME_ID_MISSING","2026-06-28T17:25:41.167Z","2026-06-28T17:35:00.000Z","9.313883","","false","","El snapshot no contiene ID explícito ni ID auxiliar verificable para este lado"
"824822","2026-06-29","home","Shane Baz","669358","LINESCORE_DEFENSE_PITCHER","HIGH","NOT_VERIFIABLE","true","Shane Baz","669358","FINAL_BOXSCORE_PLAYER_ID","6","MATCHED","2026-06-29T20:07:20.435Z","2026-06-29T22:35:00.000Z","147.659417","","false","FINAL_BOXSCORE_STRIKEOUTS","game_id y pitcher_id coinciden; actual_k final válido"
"824822","2026-06-29","away","Sean Burke","","","","","","Sean Burke","680732","FINAL_BOXSCORE_PLAYER_ID","","PREGAME_ID_MISSING","2026-06-29T20:07:20.435Z","2026-06-29T22:35:00.000Z","147.659417","","false","","El snapshot no contiene ID explícito ni ID auxiliar verificable para este lado"
"824823","2026-06-14","home","Trevor Rogers","","","","","","Trevor Rogers","","","","PREGAME_ID_MISSING","2026-06-14T17:29:05.514Z","2026-06-14T17:35:00.000Z","5.9081","","false","","El snapshot no contiene ID explícito ni ID auxiliar verificable para este lado"
"824823","2026-06-14","away","Walker Buehler","","","","","","Walker Buehler","","","","PREGAME_ID_MISSING","2026-06-14T17:29:05.514Z","2026-06-14T17:35:00.000Z","5.9081","","false","","El snapshot no contiene ID explícito ni ID auxiliar verificable para este lado"
"824824","2026-06-26","home","Trevor Rogers","669432","LINESCORE_DEFENSE_PITCHER","HIGH","NOT_VERIFIABLE","true","Trevor Rogers","669432","FINAL_BOXSCORE_PLAYER_ID","7","MATCHED","2026-06-26T23:02:16.894Z","2026-06-26T23:05:00.000Z","2.718433","","false","FINAL_BOXSCORE_STRIKEOUTS","game_id y pitcher_id coinciden; actual_k final válido"
"824824","2026-06-26","away","Andrew Alvarez","","","","","","Andrew Alvarez","674841","FINAL_BOXSCORE_PLAYER_ID","","PREGAME_ID_MISSING","2026-06-26T23:02:16.894Z","2026-06-26T23:05:00.000Z","2.718433","","false","","El snapshot no contiene ID explícito ni ID auxiliar verificable para este lado"
"824825","2026-06-27","home","Brandon Young","687064","LINESCORE_DEFENSE_PITCHER","HIGH","NOT_VERIFIABLE","true","Brandon Young","687064","FINAL_PITCHERS_ID","","FINAL_ID_MISSING","2026-06-27T22:37:32.890Z","2026-06-27T23:05:00.000Z","27.451833","","false","","No existe documento final válido para el game_id"
"824825","2026-06-27","away","Foster Griffin","","","","","","Foster Griffin","656492","FINAL_PITCHERS_ID","","FINAL_ID_MISSING","2026-06-27T22:37:32.890Z","2026-06-27T23:05:00.000Z","27.451833","","false","","No existe documento final válido para el game_id"
"824826","2026-06-12","home","Shane Baz","","","","","","Shane Baz","","","","PREGAME_ID_MISSING","2026-06-12T21:09:34.554Z","2026-06-12T23:05:00.000Z","115.4241","","false","","El snapshot no contiene ID explícito ni ID auxiliar verificable para este lado"
"824826","2026-06-12","away","Griffin Canning","","","","","","Griffin Canning","","","","PREGAME_ID_MISSING","2026-06-12T21:09:34.554Z","2026-06-12T23:05:00.000Z","115.4241","","false","","El snapshot no contiene ID explícito ni ID auxiliar verificable para este lado"
"824828","2026-06-13","home","Trey Gibson","","","","","","Trey Gibson","","","","PREGAME_ID_MISSING","2026-06-13T15:26:04.012Z","2026-06-13T20:05:00.000Z","278.933133","","false","","El snapshot no contiene ID explícito ni ID auxiliar verificable para este lado"
"824828","2026-06-13","away","Randy Vásquez","","","","","","Randy Vásquez","","","","PREGAME_ID_MISSING","2026-06-13T15:26:04.012Z","2026-06-13T20:05:00.000Z","278.933133","","false","","El snapshot no contiene ID explícito ni ID auxiliar verificable para este lado"
"824878","2026-08-26","home","AJ Smith-Shawver","700363","PITCHERS_PITCHER_ID","HIGH","","","AJ Smith-Shawver","700363","FINAL_PITCHERS_ID","","FINAL_ID_MISSING","2026-08-26T23:06:49.124Z","2026-08-26T23:15:00.000Z","8.181267","","false","","No existe documento final válido para el game_id"
"824878","2026-08-26","away","Roki Sasaki","808963","PITCHERS_PITCHER_ID","HIGH","","","Roki Sasaki","808963","FINAL_PITCHERS_ID","","FINAL_ID_MISSING","2026-08-26T23:06:49.124Z","2026-08-26T23:15:00.000Z","8.181267","","false","","No existe documento final válido para el game_id"
"824881","2026-08-25","home","Bryce Elder","","","","","","Bryce Elder","693821","FINAL_BOXSCORE_PLAYER_ID","","PREGAME_ID_MISSING","2026-08-25T13:35:52.646Z","2026-08-25T23:15:00.000Z","579.122567","","false","","El snapshot no contiene ID explícito ni ID auxiliar verificable para este lado"
"824881","2026-08-25","away","Tyler Glasnow","","","","","","Tyler Glasnow","607192","FINAL_BOXSCORE_PLAYER_ID","","PREGAME_ID_MISSING","2026-08-25T13:35:52.646Z","2026-08-25T23:15:00.000Z","579.122567","","false","","El snapshot no contiene ID explícito ni ID auxiliar verificable para este lado"
"824882","2026-08-14","home","Por definir","","","","","","Chris Sale","519242","FINAL_BOXSCORE_PLAYER_ID","","PREGAME_ID_MISSING","2026-08-14T13:34:43.636Z","2026-08-14T23:15:00.000Z","580.272733","","false","","El snapshot no contiene ID explícito ni ID auxiliar verificable para este lado"
"824882","2026-08-14","away","Brandon Pfaadt","","","","","","Brandon Pfaadt","694297","FINAL_BOXSCORE_PLAYER_ID","","PREGAME_ID_MISSING","2026-08-14T13:34:43.636Z","2026-08-14T23:15:00.000Z","580.272733","","false","","El snapshot no contiene ID explícito ni ID auxiliar verificable para este lado"
"824893","2026-07-23","home","Chris Sale","","","","","","Chris Sale","519242","FINAL_BOXSCORE_PLAYER_ID","","PREGAME_ID_MISSING","2026-07-23T13:58:54.208Z","2026-07-23T16:15:00.000Z","136.096533","","false","","El snapshot no contiene ID explícito ni ID auxiliar verificable para este lado"
"824893","2026-07-23","away","Kyle Hart","","","","","","Kyle Hart","606996","FINAL_BOXSCORE_PLAYER_ID","","PREGAME_ID_MISSING","2026-07-23T13:58:54.208Z","2026-07-23T16:15:00.000Z","136.096533","","false","","El snapshot no contiene ID explícito ni ID auxiliar verificable para este lado"
"824895","2026-07-21","home","Reynaldo López","625643","LINESCORE_DEFENSE_PITCHER","HIGH","NOT_VERIFIABLE","true","Reynaldo López","625643","FINAL_BOXSCORE_PLAYER_ID","6","MATCHED","2026-07-21T22:27:10.898Z","2026-07-21T23:15:00.000Z","47.818367","","false","FINAL_BOXSCORE_STRIKEOUTS","game_id y pitcher_id coinciden; actual_k final válido"
"824895","2026-07-21","away","Walker Buehler","","","","","","Walker Buehler","621111","FINAL_BOXSCORE_PLAYER_ID","","PREGAME_ID_MISSING","2026-07-21T22:27:10.898Z","2026-07-21T23:15:00.000Z","47.818367","","false","","El snapshot no contiene ID explícito ni ID auxiliar verificable para este lado"
"824896","2026-07-22","home","Martín Pérez","","","","","","Martín Pérez","527048","FINAL_BOXSCORE_PLAYER_ID","","PREGAME_ID_MISSING","2026-07-22T19:28:40.770Z","2026-07-22T23:15:00.000Z","226.3205","","false","","El snapshot no contiene ID explícito ni ID auxiliar verificable para este lado"
"824896","2026-07-22","away","Michael King","","","","","","Michael King","650633","FINAL_BOXSCORE_PLAYER_ID","","PREGAME_ID_MISSING","2026-07-22T19:28:40.770Z","2026-07-22T23:15:00.000Z","226.3205","","false","","El snapshot no contiene ID explícito ni ID auxiliar verificable para este lado"
"824898","2026-07-20","home","Bryce Elder","","","","","","Bryce Elder","693821","FINAL_BOXSCORE_PLAYER_ID","","PREGAME_ID_MISSING","2026-07-20T16:38:21.571Z","2026-07-20T23:15:00.000Z","396.640483","","false","","El snapshot no contiene ID explícito ni ID auxiliar verificable para este lado"
"824898","2026-07-20","away","JP Sears","","","","","","JP Sears","676664","FINAL_BOXSCORE_PLAYER_ID","","PREGAME_ID_MISSING","2026-07-20T16:38:21.571Z","2026-07-20T23:15:00.000Z","396.640483","","false","","El snapshot no contiene ID explícito ni ID auxiliar verificable para este lado"
"824899","2026-07-18","home","Owen Murphy","","","","","","Owen Murphy","702566","FINAL_BOXSCORE_PLAYER_ID","","PREGAME_ID_MISSING","2026-07-18T15:24:57.962Z","2026-07-18T20:10:00.000Z","285.033967","","false","","El snapshot no contiene ID explícito ni ID auxiliar verificable para este lado"
"824899","2026-07-18","away","MacKenzie Gore","","","","","","MacKenzie Gore","669022","FINAL_BOXSCORE_PLAYER_ID","","PREGAME_ID_MISSING","2026-07-18T15:24:57.962Z","2026-07-18T20:10:00.000Z","285.033967","","false","","El snapshot no contiene ID explícito ni ID auxiliar verificable para este lado"
"824900","2026-07-06","home","Reynaldo López","625643","LINESCORE_DEFENSE_PITCHER","HIGH","NOT_VERIFIABLE","true","Reynaldo López","625643","FINAL_BOXSCORE_PLAYER_ID","5","MATCHED","2026-07-06T22:27:52.487Z","2026-07-06T23:15:00.000Z","47.125217","","false","FINAL_BOXSCORE_STRIKEOUTS","game_id y pitcher_id coinciden; actual_k final válido"
"824900","2026-07-06","away","Freddy Peralta","","","","","","Freddy Peralta","642547","FINAL_BOXSCORE_PLAYER_ID","","PREGAME_ID_MISSING","2026-07-06T22:27:52.487Z","2026-07-06T23:15:00.000Z","47.125217","","false","","El snapshot no contiene ID explícito ni ID auxiliar verificable para este lado"
"824901","2026-07-17","home","Chris Sale","519242","LINESCORE_DEFENSE_PITCHER","HIGH","NOT_VERIFIABLE","true","Chris Sale","519242","FINAL_BOXSCORE_PLAYER_ID","6","MATCHED","2026-07-17T23:14:56.713Z","2026-07-17T23:15:00.000Z","0.054783","","false","FINAL_BOXSCORE_STRIKEOUTS","game_id y pitcher_id coinciden; actual_k final válido"
"824901","2026-07-17","away","Cal Quantrill","","","","","","Cal Quantrill","615698","FINAL_BOXSCORE_PLAYER_ID","","PREGAME_ID_MISSING","2026-07-17T23:14:56.713Z","2026-07-17T23:15:00.000Z","0.054783","","false","","El snapshot no contiene ID explícito ni ID auxiliar verificable para este lado"
"824902","2026-07-05","home","Martín Pérez","527048","LINESCORE_DEFENSE_PITCHER","HIGH","NOT_VERIFIABLE","true","Martín Pérez","527048","FINAL_BOXSCORE_PLAYER_ID","1","MATCHED","2026-07-05T15:04:17.756Z","2026-07-05T16:30:00.000Z","85.704067","","false","FINAL_BOXSCORE_STRIKEOUTS","game_id y pitcher_id coinciden; actual_k final válido"
"824902","2026-07-05","away","Nolan McLean","","","","","","Nolan McLean","690997","FINAL_BOXSCORE_PLAYER_ID","","PREGAME_ID_MISSING","2026-07-05T15:04:17.756Z","2026-07-05T16:30:00.000Z","85.704067","","false","","El snapshot no contiene ID explícito ni ID auxiliar verificable para este lado"
"824903","2026-07-04","home","Chris Sale","","","","","","Chris Sale","519242","FINAL_BOXSCORE_PLAYER_ID","","PREGAME_ID_MISSING","2026-07-04T19:14:07.162Z","2026-07-05T00:08:00.000Z","293.880633","","false","","El snapshot no contiene ID explícito ni ID auxiliar verificable para este lado"
"824903","2026-07-04","away","Sean Manaea","","","","","","Sean Manaea","640455","FINAL_BOXSCORE_PLAYER_ID","","PREGAME_ID_MISSING","2026-07-04T19:14:07.162Z","2026-07-05T00:08:00.000Z","293.880633","","false","","El snapshot no contiene ID explícito ni ID auxiliar verificable para este lado"
"824904","2026-07-03","home","Grant Holmes","656550","LINESCORE_DEFENSE_PITCHER","HIGH","NOT_VERIFIABLE","true","Grant Holmes","656550","FINAL_BOXSCORE_PLAYER_ID","2","MATCHED","2026-07-03T22:10:53.675Z","2026-07-03T23:15:00.000Z","64.105417","","false","FINAL_BOXSCORE_STRIKEOUTS","game_id y pitcher_id coinciden; actual_k final válido"
"824904","2026-07-03","away","Christian Scott","","","","","","Christian Scott","681035","FINAL_BOXSCORE_PLAYER_ID","","PREGAME_ID_MISSING","2026-07-03T22:10:53.675Z","2026-07-03T23:15:00.000Z","64.105417","","false","","El snapshot no contiene ID explícito ni ID auxiliar verificable para este lado"
"824905","2026-07-01","home","Reynaldo López","625643","LINESCORE_DEFENSE_PITCHER","HIGH","NOT_VERIFIABLE","true","Reynaldo López","","","","FINAL_ID_MISSING","2026-07-01T23:01:46.263Z","2026-07-01T23:15:00.000Z","13.22895","","false","","No existe documento final válido para el game_id"
"824905","2026-07-01","away","Michael McGreevy","","","","","","Michael McGreevy","","","","FINAL_ID_MISSING","2026-07-01T23:01:46.263Z","2026-07-01T23:15:00.000Z","13.22895","","false","","No existe documento final válido para el game_id"
"824906","2026-07-02","home","Hurston Waldrep","694462","LINESCORE_DEFENSE_PITCHER","HIGH","NOT_VERIFIABLE","true","Hurston Waldrep","694462","FINAL_BOXSCORE_PLAYER_ID","4","MATCHED","2026-07-02T21:55:57.244Z","2026-07-02T23:15:00.000Z","79.045933","","false","FINAL_BOXSCORE_STRIKEOUTS","game_id y pitcher_id coinciden; actual_k final válido"
"824906","2026-07-02","away","Dustin May","","","","","","Dustin May","669160","FINAL_BOXSCORE_PLAYER_ID","","PREGAME_ID_MISSING","2026-07-02T21:55:57.244Z","2026-07-02T23:15:00.000Z","79.045933","","false","","El snapshot no contiene ID explícito ni ID auxiliar verificable para este lado"
"824907","2026-06-30","home","Martín Pérez","527048","LINESCORE_DEFENSE_PITCHER","HIGH","NOT_VERIFIABLE","true","Martín Pérez","","","","FINAL_ID_MISSING","2026-06-30T23:10:15.801Z","2026-06-30T23:15:00.000Z","4.73665","","false","","El documento final no contiene un ID seguro para este lado"
"824907","2026-06-30","away","Matthew Liberatore","","","","","","Matthew Liberatore","","","","PREGAME_ID_MISSING","2026-06-30T23:10:15.801Z","2026-06-30T23:15:00.000Z","4.73665","","false","","El snapshot no contiene ID explícito ni ID auxiliar verificable para este lado"
"824908","2026-06-21","home","Bryce Elder","","","","","","Bryce Elder","693821","FINAL_BOXSCORE_PLAYER_ID","","PREGAME_ID_MISSING","2026-06-21T16:30:50.330Z","2026-06-21T17:35:00.000Z","64.161167","","false","","El snapshot no contiene ID explícito ni ID auxiliar verificable para este lado"
"824908","2026-06-21","away","Robert Gasser","","","","","","Robert Gasser","688107","FINAL_BOXSCORE_PLAYER_ID","","PREGAME_ID_MISSING","2026-06-21T16:30:50.330Z","2026-06-21T17:35:00.000Z","64.161167","","false","","El snapshot no contiene ID explícito ni ID auxiliar verificable para este lado"
"824909","2026-06-20","home","Chris Sale","","","","","","Chris Sale","519242","FINAL_BOXSCORE_PLAYER_ID","","PREGAME_ID_MISSING","2026-06-20T17:15:44.332Z","2026-06-20T20:10:00.000Z","174.261133","","false","","El snapshot no contiene ID explícito ni ID auxiliar verificable para este lado"
"824909","2026-06-20","away","Kyle Harrison","","","","","","Kyle Harrison","690986","FINAL_BOXSCORE_PLAYER_ID","","PREGAME_ID_MISSING","2026-06-20T17:15:44.332Z","2026-06-20T20:10:00.000Z","174.261133","","false","","El snapshot no contiene ID explícito ni ID auxiliar verificable para este lado"
"824910","2026-06-19","home","Martín Pérez","","","","","","Martín Pérez","527048","FINAL_BOXSCORE_PLAYER_ID","","PREGAME_ID_MISSING","2026-06-19T21:55:20.891Z","2026-06-19T23:15:00.000Z","79.651817","","false","","El snapshot no contiene ID explícito ni ID auxiliar verificable para este lado"
"824910","2026-06-19","away","Jacob Misiorowski","","","","","","Jacob Misiorowski","694819","FINAL_BOXSCORE_PLAYER_ID","","PREGAME_ID_MISSING","2026-06-19T21:55:20.891Z","2026-06-19T23:15:00.000Z","79.651817","","false","","El snapshot no contiene ID explícito ni ID auxiliar verificable para este lado"
"824913","2026-06-17","home","JR Ritchie","","","","","","JR Ritchie","702275","FINAL_BOXSCORE_PLAYER_ID","","PREGAME_ID_MISSING","2026-06-17T18:37:45.011Z","2026-06-17T23:15:00.000Z","277.249817","","false","","El snapshot no contiene ID explícito ni ID auxiliar verificable para este lado"
"824913","2026-06-17","away","Carson Whisenhunt","","","","","","Carson Whisenhunt","687931","FINAL_BOXSCORE_PLAYER_ID","","PREGAME_ID_MISSING","2026-06-17T18:37:45.011Z","2026-06-17T23:15:00.000Z","277.249817","","false","","El snapshot no contiene ID explícito ni ID auxiliar verificable para este lado"
"824962","2026-08-25","home","Gage Jump","","","","","","Gage Jump","695611","FINAL_BOXSCORE_PLAYER_ID","","PREGAME_ID_MISSING","2026-08-25T13:36:10.743Z","2026-08-26T01:40:00.000Z","723.82095","","false","","El snapshot no contiene ID explícito ni ID auxiliar verificable para este lado"
"824962","2026-08-25","away","Taj Bradley","","","","","","Taj Bradley","671737","FINAL_BOXSCORE_PLAYER_ID","","PREGAME_ID_MISSING","2026-08-25T13:36:10.743Z","2026-08-26T01:40:00.000Z","723.82095","","false","","El snapshot no contiene ID explícito ni ID auxiliar verificable para este lado"
"824963","2026-08-26","home","J.T. Ginn","669372","PITCHERS_PITCHER_ID","HIGH","","","J.T. Ginn","669372","FINAL_PITCHERS_ID","","FINAL_ID_MISSING","2026-08-26T23:07:40.946Z","2026-08-27T01:05:00.000Z","117.317567","","false","","No existe documento final válido para el game_id"
"824963","2026-08-26","away","Connor Prielipp","687570","PITCHERS_PITCHER_ID","HIGH","","","Connor Prielipp","687570","FINAL_PITCHERS_ID","","FINAL_ID_MISSING","2026-08-26T23:07:40.946Z","2026-08-27T01:05:00.000Z","117.317567","","false","","No existe documento final válido para el game_id"
"824968","2026-08-14","home","Por definir","","","","","","Gage Jump","695611","FINAL_BOXSCORE_PLAYER_ID","","PREGAME_ID_MISSING","2026-08-14T13:34:54.532Z","2026-08-15T01:40:00.000Z","725.091133","","false","","El snapshot no contiene ID explícito ni ID auxiliar verificable para este lado"
"824968","2026-08-14","away","Kumar Rocker","","","","","","Kumar Rocker","677958","FINAL_BOXSCORE_PLAYER_ID","","PREGAME_ID_MISSING","2026-08-14T13:34:54.532Z","2026-08-15T01:40:00.000Z","725.091133","","false","","El snapshot no contiene ID explícito ni ID auxiliar verificable para este lado"
"824973","2026-07-29","home","Jacob Lopez","","","","","","Jacob Lopez","682052","FINAL_BOXSCORE_PLAYER_ID","","PREGAME_ID_MISSING","2026-07-29T18:56:40.084Z","2026-07-30T01:40:00.000Z","403.331933","","false","","El snapshot no contiene ID explícito ni ID auxiliar verificable para este lado"
"824973","2026-07-29","away","Patrick Sandoval","","","","","","Patrick Sandoval","663776","FINAL_BOXSCORE_PLAYER_ID","","PREGAME_ID_MISSING","2026-07-29T18:56:40.084Z","2026-07-30T01:40:00.000Z","403.331933","","false","","El snapshot no contiene ID explícito ni ID auxiliar verificable para este lado"
"824977","2026-07-27","home","Jack Perkins","","","","","","Jack Perkins","678022","FINAL_BOXSCORE_PLAYER_ID","","PREGAME_ID_MISSING","2026-07-27T13:37:27.089Z","2026-07-28T01:40:00.000Z","722.548517","","false","","El snapshot no contiene ID explícito ni ID auxiliar verificable para este lado"
"824977","2026-07-27","away","Payton Tolle","","","","","","Payton Tolle","801139","FINAL_BOXSCORE_PLAYER_ID","","PREGAME_ID_MISSING","2026-07-27T13:37:27.089Z","2026-07-28T01:40:00.000Z","722.548517","","false","","El snapshot no contiene ID explícito ni ID auxiliar verificable para este lado"
"824978","2026-07-19","home","Jacob Lopez","682052","LINESCORE_DEFENSE_PITCHER","HIGH","NOT_VERIFIABLE","true","Jacob Lopez","682052","FINAL_BOXSCORE_PLAYER_ID","6","MATCHED","2026-07-19T19:09:01.018Z","2026-07-19T20:05:00.000Z","55.983033","","false","FINAL_BOXSCORE_STRIKEOUTS","game_id y pitcher_id coinciden; actual_k final válido"
"824978","2026-07-19","away","Foster Griffin","","","","","","Foster Griffin","656492","FINAL_BOXSCORE_PLAYER_ID","","PREGAME_ID_MISSING","2026-07-19T19:09:01.018Z","2026-07-19T20:05:00.000Z","55.983033","","false","","El snapshot no contiene ID explícito ni ID auxiliar verificable para este lado"
"824979","2026-07-18","home","J.T. Ginn","","","","","","J.T. Ginn","669372","FINAL_BOXSCORE_PLAYER_ID","","PREGAME_ID_MISSING","2026-07-18T15:25:00.478Z","2026-07-19T02:05:00.000Z","639.992033","","false","","El snapshot no contiene ID explícito ni ID auxiliar verificable para este lado"
"824979","2026-07-18","away","Zack Littell","","","","","","Zack Littell","641793","FINAL_BOXSCORE_PLAYER_ID","","PREGAME_ID_MISSING","2026-07-18T15:25:00.478Z","2026-07-19T02:05:00.000Z","639.992033","","false","","El snapshot no contiene ID explícito ni ID auxiliar verificable para este lado"
"824980","2026-07-05","home","Gage Jump","695611","LINESCORE_DEFENSE_PITCHER","HIGH","NOT_VERIFIABLE","true","Gage Jump","695611","FINAL_BOXSCORE_PLAYER_ID","1","MATCHED","2026-07-05T20:13:04.556Z","2026-07-05T20:30:00.000Z","16.924067","","false","FINAL_BOXSCORE_STRIKEOUTS","game_id y pitcher_id coinciden; actual_k final válido"
"824980","2026-07-05","away","Eury Pérez","","","","","","Eury Pérez","691587","FINAL_BOXSCORE_PLAYER_ID","","PREGAME_ID_MISSING","2026-07-05T20:13:04.556Z","2026-07-05T20:30:00.000Z","16.924067","","false","","El snapshot no contiene ID explícito ni ID auxiliar verificable para este lado"
"824981","2026-07-17","home","Gage Jump","695611","LINESCORE_DEFENSE_PITCHER","HIGH","NOT_VERIFIABLE","true","Gage Jump","695611","FINAL_BOXSCORE_PLAYER_ID","8","MATCHED","2026-07-18T01:37:38.480Z","2026-07-18T01:40:00.000Z","2.358667","","false","FINAL_BOXSCORE_STRIKEOUTS","game_id y pitcher_id coinciden; actual_k final válido"
"824981","2026-07-17","away","Cade Cavalli","","","","","","Cade Cavalli","676917","FINAL_BOXSCORE_PLAYER_ID","","PREGAME_ID_MISSING","2026-07-18T01:37:38.480Z","2026-07-18T01:40:00.000Z","2.358667","","false","","El snapshot no contiene ID explícito ni ID auxiliar verificable para este lado"
"824982","2026-07-03","home","Jack Perkins","678022","LINESCORE_DEFENSE_PITCHER","HIGH","NOT_VERIFIABLE","true","Jack Perkins","678022","FINAL_BOXSCORE_PLAYER_ID","8","MATCHED","2026-07-03T23:52:06.647Z","2026-07-04T01:40:00.000Z","107.889217","","false","FINAL_BOXSCORE_STRIKEOUTS","game_id y pitcher_id coinciden; actual_k final válido"
"824982","2026-07-03","away","Tyler Phillips","","","","","","Tyler Phillips","663969","FINAL_BOXSCORE_PLAYER_ID","","PREGAME_ID_MISSING","2026-07-03T23:52:06.647Z","2026-07-04T01:40:00.000Z","107.889217","","false","","El snapshot no contiene ID explícito ni ID auxiliar verificable para este lado"
"824983","2026-07-04","home","Aaron Civale","650644","LINESCORE_DEFENSE_PITCHER","HIGH","NOT_VERIFIABLE","true","Aaron Civale","650644","FINAL_BOXSCORE_PLAYER_ID","6","MATCHED","2026-07-05T01:32:06.991Z","2026-07-05T01:40:00.000Z","7.883483","","false","FINAL_BOXSCORE_STRIKEOUTS","game_id y pitcher_id coinciden; actual_k final válido"
"824983","2026-07-04","away","Sandy Alcantara","","","","","","Sandy Alcantara","645261","FINAL_BOXSCORE_PLAYER_ID","","PREGAME_ID_MISSING","2026-07-05T01:32:06.991Z","2026-07-05T01:40:00.000Z","7.883483","","false","","El snapshot no contiene ID explícito ni ID auxiliar verificable para este lado"
"824984","2026-06-30","home","Jeffrey Springs","605488","LINESCORE_DEFENSE_PITCHER","HIGH","NOT_VERIFIABLE","true","Jeffrey Springs","","","","FINAL_ID_MISSING","2026-07-01T00:03:02.689Z","2026-07-01T01:40:00.000Z","96.955183","","false","","El documento final no contiene un ID seguro para este lado"
"824984","2026-06-30","away","Justin Wrobleski","","","","","","Justin Wrobleski","","","","PREGAME_ID_MISSING","2026-07-01T00:03:02.689Z","2026-07-01T01:40:00.000Z","96.955183","","false","","El snapshot no contiene ID explícito ni ID auxiliar verificable para este lado"
"824985","2026-07-01","home","J.T. Ginn","669372","LINESCORE_DEFENSE_PITCHER","HIGH","NOT_VERIFIABLE","true","J.T. Ginn","","","","FINAL_ID_MISSING","2026-07-02T00:58:28.420Z","2026-07-02T01:40:00.000Z","41.526333","","false","","No existe documento final válido para el game_id"
"824985","2026-07-01","away","Por definir","","","","","","Por definir","","","","FINAL_ID_MISSING","2026-07-02T00:58:28.420Z","2026-07-02T01:40:00.000Z","41.526333","","false","","No existe documento final válido para el game_id"
"824986","2026-06-29","home","Gage Jump","695611","LINESCORE_DEFENSE_PITCHER","HIGH","NOT_VERIFIABLE","true","Gage Jump","695611","FINAL_BOXSCORE_PLAYER_ID","5","MATCHED","2026-06-30T01:10:26.816Z","2026-06-30T01:40:00.000Z","29.553067","","false","FINAL_BOXSCORE_STRIKEOUTS","game_id y pitcher_id coinciden; actual_k final válido"
"824986","2026-06-29","away","Eric Lauer","","","","","","Eric Lauer","641778","FINAL_BOXSCORE_PLAYER_ID","","PREGAME_ID_MISSING","2026-06-30T01:10:26.816Z","2026-06-30T01:40:00.000Z","29.553067","","false","","El snapshot no contiene ID explícito ni ID auxiliar verificable para este lado"
"824987","2026-06-21","home","Jack Perkins","","","","","","Jack Perkins","678022","FINAL_BOXSCORE_PLAYER_ID","","PREGAME_ID_MISSING","2026-06-21T19:54:59.812Z","2026-06-21T20:05:00.000Z","10.003133","","false","","El snapshot no contiene ID explícito ni ID auxiliar verificable para este lado"
"824987","2026-06-21","away","Reid Detmers","","","","","","Reid Detmers","672282","FINAL_BOXSCORE_PLAYER_ID","","PREGAME_ID_MISSING","2026-06-21T19:54:59.812Z","2026-06-21T20:05:00.000Z","10.003133","","false","","El snapshot no contiene ID explícito ni ID auxiliar verificable para este lado"
"824988","2026-06-20","home","J.T. Ginn","","","","","","J.T. Ginn","669372","FINAL_BOXSCORE_PLAYER_ID","","PREGAME_ID_MISSING","2026-06-21T01:53:12.119Z","2026-06-21T02:05:00.000Z","11.798017","","false","","El snapshot no contiene ID explícito ni ID auxiliar verificable para este lado"
"824988","2026-06-20","away","Walbert Ureña","","","","","","Walbert Ureña","700712","FINAL_BOXSCORE_PLAYER_ID","","PREGAME_ID_MISSING","2026-06-21T01:53:12.119Z","2026-06-21T02:05:00.000Z","11.798017","","false","","El snapshot no contiene ID explícito ni ID auxiliar verificable para este lado"
"824989","2026-06-18","home","Gage Jump","","","","","","Gage Jump","695611","FINAL_BOXSCORE_PLAYER_ID","","PREGAME_ID_MISSING","2026-06-18T22:29:56.321Z","2026-06-19T01:40:00.000Z","190.061317","","false","","El snapshot no contiene ID explícito ni ID auxiliar verificable para este lado"
"824989","2026-06-18","away","Por definir","","","","","","Ryan Johnson","696270","FINAL_BOXSCORE_PLAYER_ID","","PREGAME_ID_MISSING","2026-06-18T22:29:56.321Z","2026-06-19T01:40:00.000Z","190.061317","","false","","El snapshot no contiene ID explícito ni ID auxiliar verificable para este lado"
"824990","2026-06-19","home","Jeffrey Springs","","","","","","Jeffrey Springs","605488","FINAL_BOXSCORE_PLAYER_ID","","PREGAME_ID_MISSING","2026-06-20T00:58:43.664Z","2026-06-20T01:40:00.000Z","41.272267","","false","","El snapshot no contiene ID explícito ni ID auxiliar verificable para este lado"
"824990","2026-06-19","away","José Soriano","","","","","","José Soriano","667755","FINAL_BOXSCORE_PLAYER_ID","","PREGAME_ID_MISSING","2026-06-20T00:58:43.664Z","2026-06-20T01:40:00.000Z","41.272267","","false","","El snapshot no contiene ID explícito ni ID auxiliar verificable para este lado"
"824991","2026-06-16","home","Jack Perkins","","","","","","Jack Perkins","678022","FINAL_BOXSCORE_PLAYER_ID","","PREGAME_ID_MISSING","2026-06-16T23:22:44.559Z","2026-06-17T01:40:00.000Z","137.25735","","false","","El snapshot no contiene ID explícito ni ID auxiliar verificable para este lado"
"824991","2026-06-16","away","Mitch Keller","","","","","","Mitch Keller","656605","FINAL_BOXSCORE_PLAYER_ID","","PREGAME_ID_MISSING","2026-06-16T23:22:44.559Z","2026-06-17T01:40:00.000Z","137.25735","","false","","El snapshot no contiene ID explícito ni ID auxiliar verificable para este lado"
"824992","2026-06-17","home","Aaron Civale","","","","","","Aaron Civale","650644","FINAL_BOXSCORE_PLAYER_ID","","PREGAME_ID_MISSING","2026-06-17T18:37:53.731Z","2026-06-18T01:40:00.000Z","422.104483","","false","","El snapshot no contiene ID explícito ni ID auxiliar verificable para este lado"
"824992","2026-06-17","away","Braxton Ashcraft","","","","","","Braxton Ashcraft","677952","FINAL_BOXSCORE_PLAYER_ID","","PREGAME_ID_MISSING","2026-06-17T18:37:53.731Z","2026-06-18T01:40:00.000Z","422.104483","","false","","El snapshot no contiene ID explícito ni ID auxiliar verificable para este lado"
"824993","2026-06-15","home","J.T. Ginn","","","","","","J.T. Ginn","669372","FINAL_BOXSCORE_PLAYER_ID","","PREGAME_ID_MISSING","2026-06-16T01:27:11.349Z","2026-06-16T01:40:00.000Z","12.81085","","false","","El snapshot no contiene ID explícito ni ID auxiliar verificable para este lado"
"824993","2026-06-15","away","Jared Jones","","","","","","Jared Jones","683003","FINAL_BOXSCORE_PLAYER_ID","","PREGAME_ID_MISSING","2026-06-16T01:27:11.349Z","2026-06-16T01:40:00.000Z","12.81085","","false","","El snapshot no contiene ID explícito ni ID auxiliar verificable para este lado"
"824994","2026-06-14","home","Jeffrey Springs","","","","","","Jeffrey Springs","","","","PREGAME_ID_MISSING","2026-06-14T18:08:59.291Z","2026-06-14T19:05:00.000Z","56.011817","","false","","El snapshot no contiene ID explícito ni ID auxiliar verificable para este lado"
"824994","2026-06-14","away","Tomoyuki Sugano","","","","","","Tomoyuki Sugano","","","","PREGAME_ID_MISSING","2026-06-14T18:08:59.291Z","2026-06-14T19:05:00.000Z","56.011817","","false","","El snapshot no contiene ID explícito ni ID auxiliar verificable para este lado"
"824995","2026-06-13","home","Joey Estes","","","","","","Joey Estes","","","","PREGAME_ID_MISSING","2026-06-14T00:28:31.630Z","2026-06-14T02:05:00.000Z","96.472833","","false","","El snapshot no contiene ID explícito ni ID auxiliar verificable para este lado"
"824995","2026-06-13","away","Kyle Freeland","","","","","","Kyle Freeland","","","","PREGAME_ID_MISSING","2026-06-14T00:28:31.630Z","2026-06-14T02:05:00.000Z","96.472833","","false","","El snapshot no contiene ID explícito ni ID auxiliar verificable para este lado"
"824997","2026-06-12","home","Gage Jump","","","","","","Gage Jump","","","","PREGAME_ID_MISSING","2026-06-13T01:25:59.616Z","2026-06-13T02:05:00.000Z","39.0064","","false","","El snapshot no contiene ID explícito ni ID auxiliar verificable para este lado"
"824997","2026-06-12","away","Sean Sullivan","","","","","","Sean Sullivan","","","","PREGAME_ID_MISSING","2026-06-13T01:25:59.616Z","2026-06-13T02:05:00.000Z","39.0064","","false","","El snapshot no contiene ID explícito ni ID auxiliar verificable para este lado"
"825039","2026-08-26","home","Eduardo Rodriguez","593958","PITCHERS_PITCHER_ID","HIGH","","","Eduardo Rodriguez","593958","FINAL_PITCHERS_ID","9","MATCHED","2026-08-26T17:46:26.727Z","2026-08-26T19:40:00.000Z","113.55455","","false","FINAL_ADVANCED_PITCHING_ACTUAL_STRIKEOUTS","game_id y pitcher_id coinciden; actual_k final válido"
"825039","2026-08-26","away","Matthew Boyd","571510","PITCHERS_PITCHER_ID","HIGH","","","Matthew Boyd","571510","FINAL_PITCHERS_ID","5","MATCHED","2026-08-26T17:46:26.727Z","2026-08-26T19:40:00.000Z","113.55455","","false","FINAL_ADVANCED_PITCHING_ACTUAL_STRIKEOUTS","game_id y pitcher_id coinciden; actual_k final válido"
"825042","2026-08-25","home","Brandon Pfaadt","","","","","","Brandon Pfaadt","694297","FINAL_BOXSCORE_PLAYER_ID","","PREGAME_ID_MISSING","2026-08-25T13:36:05.142Z","2026-08-26T01:40:00.000Z","723.9143","","false","","El snapshot no contiene ID explícito ni ID auxiliar verificable para este lado"
"825042","2026-08-25","away","Clay Holmes","","","","","","Clay Holmes","605280","FINAL_BOXSCORE_PLAYER_ID","","PREGAME_ID_MISSING","2026-08-25T13:36:05.142Z","2026-08-26T01:40:00.000Z","723.9143","","false","","El snapshot no contiene ID explícito ni ID auxiliar verificable para este lado"
"825055","2026-07-22","home","Merrill Kelly","518876","LINESCORE_DEFENSE_PITCHER","HIGH","NOT_VERIFIABLE","true","Merrill Kelly","518876","FINAL_BOXSCORE_PLAYER_ID","3","MATCHED","2026-07-22T19:28:44.052Z","2026-07-22T19:40:00.000Z","11.2658","","false","FINAL_BOXSCORE_STRIKEOUTS","game_id y pitcher_id coinciden; actual_k final válido"
"825055","2026-07-22","away","Gage Jump","","","","","","Gage Jump","695611","FINAL_BOXSCORE_PLAYER_ID","","PREGAME_ID_MISSING","2026-07-22T19:28:44.052Z","2026-07-22T19:40:00.000Z","11.2658","","false","","El snapshot no contiene ID explícito ni ID auxiliar verificable para este lado"
"825056","2026-07-21","home","Kohl Drake","","","","","","Kohl Drake","684442","FINAL_BOXSCORE_PLAYER_ID","","PREGAME_ID_MISSING","2026-07-21T22:27:15.492Z","2026-07-22T01:40:00.000Z","192.7418","","false","","El snapshot no contiene ID explícito ni ID auxiliar verificable para este lado"
"825056","2026-07-21","away","Jack Perkins","","","","","","Jack Perkins","678022","FINAL_BOXSCORE_PLAYER_ID","","PREGAME_ID_MISSING","2026-07-21T22:27:15.492Z","2026-07-22T01:40:00.000Z","192.7418","","false","","El snapshot no contiene ID explícito ni ID auxiliar verificable para este lado"
"825057","2026-07-19","home","Eduardo Rodriguez","593958","LINESCORE_DEFENSE_PITCHER","HIGH","NOT_VERIFIABLE","true","Eduardo Rodriguez","593958","FINAL_BOXSCORE_PLAYER_ID","3","MATCHED","2026-07-19T19:09:03.956Z","2026-07-19T20:10:00.000Z","60.934067","","false","FINAL_BOXSCORE_STRIKEOUTS","game_id y pitcher_id coinciden; actual_k final válido"
"825057","2026-07-19","away","Andre Pallante","","","","","","Andre Pallante","669467","FINAL_BOXSCORE_PLAYER_ID","","PREGAME_ID_MISSING","2026-07-19T19:09:03.956Z","2026-07-19T20:10:00.000Z","60.934067","","false","","El snapshot no contiene ID explícito ni ID auxiliar verificable para este lado"
"825058","2026-07-20","home","Mitch Bratt","","","","","","Mitch Bratt","683352","FINAL_BOXSCORE_PLAYER_ID","","PREGAME_ID_MISSING","2026-07-20T16:38:24.760Z","2026-07-21T01:40:00.000Z","541.587333","","false","","El snapshot no contiene ID explícito ni ID auxiliar verificable para este lado"
"825058","2026-07-20","away","Jeffrey Springs","","","","","","Jeffrey Springs","605488","FINAL_BOXSCORE_PLAYER_ID","","PREGAME_ID_MISSING","2026-07-20T16:38:24.760Z","2026-07-21T01:40:00.000Z","541.587333","","false","","El snapshot no contiene ID explícito ni ID auxiliar verificable para este lado"
"825059","2026-07-18","home","Brandon Pfaadt","","","","","","Brandon Pfaadt","694297","FINAL_BOXSCORE_PLAYER_ID","","PREGAME_ID_MISSING","2026-07-18T15:25:03.762Z","2026-07-18T20:10:00.000Z","284.9373","","false","","El snapshot no contiene ID explícito ni ID auxiliar verificable para este lado"
"825059","2026-07-18","away","Dustin May","","","","","","Dustin May","669160","FINAL_BOXSCORE_PLAYER_ID","","PREGAME_ID_MISSING","2026-07-18T15:25:03.762Z","2026-07-18T20:10:00.000Z","284.9373","","false","","El snapshot no contiene ID explícito ni ID auxiliar verificable para este lado"
"825060","2026-07-17","home","Merrill Kelly","518876","LINESCORE_DEFENSE_PITCHER","HIGH","NOT_VERIFIABLE","true","Merrill Kelly","518876","FINAL_BOXSCORE_PLAYER_ID","3","MATCHED","2026-07-18T01:37:41.795Z","2026-07-18T01:40:00.000Z","2.303417","","false","FINAL_BOXSCORE_STRIKEOUTS","game_id y pitcher_id coinciden; actual_k final válido"
"825060","2026-07-17","away","Michael McGreevy","","","","","","Michael McGreevy","700241","FINAL_BOXSCORE_PLAYER_ID","","PREGAME_ID_MISSING","2026-07-18T01:37:41.795Z","2026-07-18T01:40:00.000Z","2.303417","","false","","El snapshot no contiene ID explícito ni ID auxiliar verificable para este lado"
"825061","2026-07-05","home","Eduardo Rodriguez","593958","LINESCORE_DEFENSE_PITCHER","HIGH","NOT_VERIFIABLE","true","Eduardo Rodriguez","593958","FINAL_BOXSCORE_PLAYER_ID","3","MATCHED","2026-07-05T19:36:33.960Z","2026-07-05T20:00:00.000Z","23.434","","false","FINAL_BOXSCORE_STRIKEOUTS","game_id y pitcher_id coinciden; actual_k final válido"
"825061","2026-07-05","away","Brandon Sproat","","","","","","Brandon Sproat","687075","FINAL_BOXSCORE_PLAYER_ID","","PREGAME_ID_MISSING","2026-07-05T19:36:33.960Z","2026-07-05T20:00:00.000Z","23.434","","false","","El snapshot no contiene ID explícito ni ID auxiliar verificable para este lado"
"825062","2026-07-03","home","Jose Cabrera","703615","LINESCORE_DEFENSE_PITCHER","HIGH","NOT_VERIFIABLE","true","Jose Cabrera","703615","FINAL_BOXSCORE_PLAYER_ID","3","MATCHED","2026-07-03T23:52:14.585Z","2026-07-04T01:45:00.000Z","112.756917","","false","FINAL_BOXSCORE_STRIKEOUTS","game_id y pitcher_id coinciden; actual_k final válido"
"825062","2026-07-03","away","Kyle Harrison","","","","","","Kyle Harrison","690986","FINAL_BOXSCORE_PLAYER_ID","","PREGAME_ID_MISSING","2026-07-03T23:52:14.585Z","2026-07-04T01:45:00.000Z","112.756917","","false","","El snapshot no contiene ID explícito ni ID auxiliar verificable para este lado"
"825063","2026-07-04","home","Merrill Kelly","518876","LINESCORE_DEFENSE_PITCHER","HIGH","NOT_VERIFIABLE","true","Merrill Kelly","518876","FINAL_BOXSCORE_PLAYER_ID","6","MATCHED","2026-07-05T01:32:09.581Z","2026-07-05T01:40:00.000Z","7.840317","","false","FINAL_BOXSCORE_STRIKEOUTS","game_id y pitcher_id coinciden; actual_k final válido"
"825063","2026-07-04","away","Brandon Woodruff","","","","","","Brandon Woodruff","605540","FINAL_BOXSCORE_PLAYER_ID","","PREGAME_ID_MISSING","2026-07-05T01:32:09.581Z","2026-07-05T01:40:00.000Z","7.840317","","false","","El snapshot no contiene ID explícito ni ID auxiliar verificable para este lado"
"825064","2026-07-01","home","Zac Gallen","668678","LINESCORE_DEFENSE_PITCHER","HIGH","NOT_VERIFIABLE","true","Zac Gallen","","","","FINAL_ID_MISSING","2026-07-02T00:58:30.918Z","2026-07-02T01:40:00.000Z","41.4847","","false","","No existe documento final válido para el game_id"
"825064","2026-07-01","away","Trevor McDonald","","","","","","Trevor McDonald","","","","FINAL_ID_MISSING","2026-07-02T00:58:30.918Z","2026-07-02T01:40:00.000Z","41.4847","","false","","No existe documento final válido para el game_id"
"825065","2026-06-29","home","Eduardo Rodriguez","593958","LINESCORE_DEFENSE_PITCHER","HIGH","NOT_VERIFIABLE","true","Eduardo Rodriguez","593958","FINAL_BOXSCORE_PLAYER_ID","1","MATCHED","2026-06-30T01:10:31.895Z","2026-06-30T01:40:00.000Z","29.468417","","false","FINAL_BOXSCORE_STRIKEOUTS","game_id y pitcher_id coinciden; actual_k final válido"
"825065","2026-06-29","away","Tyler Mahle","","","","","","Tyler Mahle","641816","FINAL_BOXSCORE_PLAYER_ID","","PREGAME_ID_MISSING","2026-06-30T01:10:31.895Z","2026-06-30T01:40:00.000Z","29.468417","","false","","El snapshot no contiene ID explícito ni ID auxiliar verificable para este lado"
"825066","2026-06-30","home","Brandon Pfaadt","694297","LINESCORE_DEFENSE_PITCHER","HIGH","NOT_VERIFIABLE","true","Brandon Pfaadt","","","","FINAL_ID_MISSING","2026-07-01T00:03:12.500Z","2026-07-01T01:40:00.000Z","96.791667","","false","","El documento final no contiene un ID seguro para este lado"
"825066","2026-06-30","away","Landen Roupp","","","","","","Landen Roupp","","","","PREGAME_ID_MISSING","2026-07-01T00:03:12.500Z","2026-07-01T01:40:00.000Z","96.791667","","false","","El snapshot no contiene ID explícito ni ID auxiliar verificable para este lado"
"825067","2026-06-21","home","Jose Cabrera","","","","","","Jose Cabrera","703615","FINAL_BOXSCORE_PLAYER_ID","","PREGAME_ID_MISSING","2026-06-21T19:06:47.201Z","2026-06-21T19:15:00.000Z","8.213317","","false","","El snapshot no contiene ID explícito ni ID auxiliar verificable para este lado"
"825067","2026-06-21","away","Mike Paredes","","","","","","Mike Paredes","702474","FINAL_BOXSCORE_PLAYER_ID","","PREGAME_ID_MISSING","2026-06-21T19:06:47.201Z","2026-06-21T19:15:00.000Z","8.213317","","false","","El snapshot no contiene ID explícito ni ID auxiliar verificable para este lado"
"825068","2026-06-20","home","Zac Gallen","","","","","","Zac Gallen","668678","FINAL_BOXSCORE_PLAYER_ID","","PREGAME_ID_MISSING","2026-06-21T01:53:19.223Z","2026-06-21T02:10:00.000Z","16.679617","","false","","El snapshot no contiene ID explícito ni ID auxiliar verificable para este lado"
"825068","2026-06-20","away","Taj Bradley","","","","","","Taj Bradley","671737","FINAL_BOXSCORE_PLAYER_ID","","PREGAME_ID_MISSING","2026-06-21T01:53:19.223Z","2026-06-21T02:10:00.000Z","16.679617","","false","","El snapshot no contiene ID explícito ni ID auxiliar verificable para este lado"
"825069","2026-06-19","home","Michael Soroka","","","","","","Michael Soroka","647336","FINAL_BOXSCORE_PLAYER_ID","","PREGAME_ID_MISSING","2026-06-20T00:58:45.700Z","2026-06-20T01:45:00.000Z","46.238333","","false","","El snapshot no contiene ID explícito ni ID auxiliar verificable para este lado"
"825069","2026-06-19","away","Connor Prielipp","","","","","","Connor Prielipp","687570","FINAL_BOXSCORE_PLAYER_ID","","PREGAME_ID_MISSING","2026-06-20T00:58:45.700Z","2026-06-20T01:45:00.000Z","46.238333","","false","","El snapshot no contiene ID explícito ni ID auxiliar verificable para este lado"
"825070","2026-06-16","home","Merrill Kelly","","","","","","Merrill Kelly","518876","FINAL_BOXSCORE_PLAYER_ID","","PREGAME_ID_MISSING","2026-06-16T23:22:42.459Z","2026-06-17T01:40:00.000Z","137.29235","","false","","El snapshot no contiene ID explícito ni ID auxiliar verificable para este lado"
"825070","2026-06-16","away","Reid Detmers","","","","","","Reid Detmers","672282","FINAL_BOXSCORE_PLAYER_ID","","PREGAME_ID_MISSING","2026-06-16T23:22:42.459Z","2026-06-17T01:40:00.000Z","137.29235","","false","","El snapshot no contiene ID explícito ni ID auxiliar verificable para este lado"
"825071","2026-06-15","home","Ryne Nelson","","","","","","Ryne Nelson","669194","FINAL_BOXSCORE_PLAYER_ID","","PREGAME_ID_MISSING","2026-06-16T01:27:08.648Z","2026-06-16T01:40:00.000Z","12.855867","","false","","El snapshot no contiene ID explícito ni ID auxiliar verificable para este lado"
"825071","2026-06-15","away","Walbert Ureña","","","","","","Walbert Ureña","700712","FINAL_BOXSCORE_PLAYER_ID","","PREGAME_ID_MISSING","2026-06-16T01:27:08.648Z","2026-06-16T01:40:00.000Z","12.855867","","false","","El snapshot no contiene ID explícito ni ID auxiliar verificable para este lado"
"825072","2026-06-17","home","Eduardo Rodriguez","","","","","","Eduardo Rodriguez","593958","FINAL_BOXSCORE_PLAYER_ID","","PREGAME_ID_MISSING","2026-06-17T18:37:59.823Z","2026-06-17T19:40:00.000Z","62.00295","","false","","El snapshot no contiene ID explícito ni ID auxiliar verificable para este lado"
"825072","2026-06-17","away","Sam Aldegheri","","","","","","Sam Aldegheri","691951","FINAL_BOXSCORE_PLAYER_ID","","PREGAME_ID_MISSING","2026-06-17T18:37:59.823Z","2026-06-17T19:40:00.000Z","62.00295","","false","","El snapshot no contiene ID explícito ni ID auxiliar verificable para este lado"