game_id,pitcher_id,game_date,side,feature,old_value,new_value,absolute_difference,history_game_ids,history_dates,history_definition,temporal_evidence,reason
"822702","641793","2026-07-29","home","last5StartsKsAvg","2.6","3.6","1","824979|824821|822721","AVAILABLE_IN_LINEAGE_SOURCE","LAST_STARTS","DATE_ONLY","UNEXPLAINED"
"822702","641793","2026-07-29","home","last5StartsBfAvg","20.6","23.4","2.799999999999997","824979|824821|822721","AVAILABLE_IN_LINEAGE_SOURCE","LAST_STARTS","DATE_ONLY","UNEXPLAINED"
"822702","641793","2026-07-29","home","last5StartsPitchCountAvg","79","85","6","824979|824821|822721","AVAILABLE_IN_LINEAGE_SOURCE","LAST_STARTS","DATE_ONLY","UNEXPLAINED"
"822702","641793","2026-07-29","home","pitchesLastStart","77","96","19","824979|824821|822721","AVAILABLE_IN_LINEAGE_SOURCE","LAST_STARTS","DATE_ONLY","UNEXPLAINED"
"822702","641793","2026-07-29","home","pitchesLast3Starts","242","277","35","824979|824821|822721","AVAILABLE_IN_LINEAGE_SOURCE","LAST_STARTS","DATE_ONLY","UNEXPLAINED"
"822702","641793","2026-07-29","home","daysSinceLastStart","5","11","6","824979|824821|822721","AVAILABLE_IN_LINEAGE_SOURCE","LAST_STARTS","DATE_ONLY","UNEXPLAINED"
"822702","641793","2026-07-29","home","last3AppearancesKs1","4","5","1","822707|824979|822709","AVAILABLE_IN_LINEAGE_SOURCE","LAST_APPEARANCES","DATE_ONLY","UNEXPLAINED"
"822702","641793","2026-07-29","home","last3AppearancesKs2","3","4","1","822707|824979|822709","AVAILABLE_IN_LINEAGE_SOURCE","LAST_APPEARANCES","DATE_ONLY","UNEXPLAINED"
"822702","641793","2026-07-29","home","last3AppearancesKs3","2","5","3","822707|824979|822709","AVAILABLE_IN_LINEAGE_SOURCE","LAST_APPEARANCES","DATE_ONLY","UNEXPLAINED"
"822702","641793","2026-07-29","home","last3AppearancesIp1","6","5","1","822707|824979|822709","AVAILABLE_IN_LINEAGE_SOURCE","LAST_APPEARANCES","DATE_ONLY","UNEXPLAINED"
"822702","641793","2026-07-29","home","last3AppearancesIp2","5","6","1","822707|824979|822709","AVAILABLE_IN_LINEAGE_SOURCE","LAST_APPEARANCES","DATE_ONLY","UNEXPLAINED"
"822702","641793","2026-07-29","home","last3AppearancesIp3","5","4","1","822707|824979|822709","AVAILABLE_IN_LINEAGE_SOURCE","LAST_APPEARANCES","DATE_ONLY","UNEXPLAINED"
"822702","641793","2026-07-29","home","last3AppearancesBf1","30","20","10","822707|824979|822709","AVAILABLE_IN_LINEAGE_SOURCE","LAST_APPEARANCES","DATE_ONLY","UNEXPLAINED"
"822702","641793","2026-07-29","home","last3AppearancesBf2","20","30","10","822707|824979|822709","AVAILABLE_IN_LINEAGE_SOURCE","LAST_APPEARANCES","DATE_ONLY","UNEXPLAINED"
"822702","641793","2026-07-29","home","last3AppearancesBf3","24","15","9","822707|824979|822709","AVAILABLE_IN_LINEAGE_SOURCE","LAST_APPEARANCES","DATE_ONLY","UNEXPLAINED"
"822702","641793","2026-07-29","home","last5AppearancesKsAvg","2.6","4","1.4","822707|824979|822709","AVAILABLE_IN_LINEAGE_SOURCE","LAST_APPEARANCES","DATE_ONLY","UNEXPLAINED"
"822702","641793","2026-07-29","home","last5AppearancesPitchCountAvg","79","82.2","3.200000000000003","822707|824979|822709","AVAILABLE_IN_LINEAGE_SOURCE","LAST_APPEARANCES","DATE_ONLY","UNEXPLAINED"
"822707","687223","2026-07-24","home","pitchesLast3Starts","88","118","30","824329|822709|822716","AVAILABLE_IN_LINEAGE_SOURCE","LAST_STARTS","DATE_ONLY","UNEXPLAINED"
"822707","687223","2026-07-24","home","last3AppearancesKs2","4","1","3","824329|824979|822709","AVAILABLE_IN_LINEAGE_SOURCE","LAST_APPEARANCES","DATE_ONLY","UNEXPLAINED"
"822707","687223","2026-07-24","home","last3AppearancesKs3","3","4","1","824329|824979|822709","AVAILABLE_IN_LINEAGE_SOURCE","LAST_APPEARANCES","DATE_ONLY","UNEXPLAINED"
"822707","687223","2026-07-24","home","last3AppearancesIp2","3","0.3333333333333333","2.6666666666666665","824329|824979|822709","AVAILABLE_IN_LINEAGE_SOURCE","LAST_APPEARANCES","DATE_ONLY","UNEXPLAINED"
"822707","687223","2026-07-24","home","last3AppearancesIp3","1","3","2","824329|824979|822709","AVAILABLE_IN_LINEAGE_SOURCE","LAST_APPEARANCES","DATE_ONLY","UNEXPLAINED"
"822707","687223","2026-07-24","home","last3AppearancesBf2","12","3","9","824329|824979|822709","AVAILABLE_IN_LINEAGE_SOURCE","LAST_APPEARANCES","DATE_ONLY","UNEXPLAINED"
"822707","687223","2026-07-24","home","last3AppearancesBf3","8","12","4","824329|824979|822709","AVAILABLE_IN_LINEAGE_SOURCE","LAST_APPEARANCES","DATE_ONLY","UNEXPLAINED"
"822707","687223","2026-07-24","home","last5AppearancesKsAvg","3","2","1","824329|824979|822709","AVAILABLE_IN_LINEAGE_SOURCE","LAST_APPEARANCES","DATE_ONLY","UNEXPLAINED"
"822707","687223","2026-07-24","home","last5AppearancesBfAvg","10.8","7.4","3.4000000000000004","824329|824979|822709","AVAILABLE_IN_LINEAGE_SOURCE","LAST_APPEARANCES","DATE_ONLY","UNEXPLAINED"
"822707","687223","2026-07-24","home","last5AppearancesPitchCountAvg","44","28.2","15.8","824329|824979|822709","AVAILABLE_IN_LINEAGE_SOURCE","LAST_APPEARANCES","DATE_ONLY","UNEXPLAINED"
"822708","676917","2026-07-12","home","last3StartsKs2","13","7","6","822715|822717|822967","AVAILABLE_IN_LINEAGE_SOURCE","LAST_STARTS","DATE_ONLY","UNEXPLAINED"
"822708","676917","2026-07-12","home","last3StartsKs3","7","1","6","822715|822717|822967","AVAILABLE_IN_LINEAGE_SOURCE","LAST_STARTS","DATE_ONLY","UNEXPLAINED"
"822708","676917","2026-07-12","home","last3StartsIp2","7","6","1","822715|822717|822967","AVAILABLE_IN_LINEAGE_SOURCE","LAST_STARTS","DATE_ONLY","UNEXPLAINED"
"822708","676917","2026-07-12","home","last3StartsIp3","6","2.6666666666666665","3.3333333333333335","822715|822717|822967","AVAILABLE_IN_LINEAGE_SOURCE","LAST_STARTS","DATE_ONLY","UNEXPLAINED"
"822708","676917","2026-07-12","home","last3StartsBf2","23","25","2","822715|822717|822967","AVAILABLE_IN_LINEAGE_SOURCE","LAST_STARTS","DATE_ONLY","UNEXPLAINED"
"822708","676917","2026-07-12","home","last3StartsBf3","25","16","9","822715|822717|822967","AVAILABLE_IN_LINEAGE_SOURCE","LAST_STARTS","DATE_ONLY","UNEXPLAINED"
"822708","676917","2026-07-12","home","last5StartsKsAvg","5.8","3.8","2","822715|822717|822967","AVAILABLE_IN_LINEAGE_SOURCE","LAST_STARTS","DATE_ONLY","UNEXPLAINED"
"822708","676917","2026-07-12","home","last5StartsKsStd","4.12","2.3151673805580453","1.8048326194419548","822715|822717|822967","AVAILABLE_IN_LINEAGE_SOURCE","LAST_STARTS","DATE_ONLY","UNEXPLAINED"
"822708","676917","2026-07-12","home","last5StartsPitchCountAvg","82","81","1","822715|822717|822967","AVAILABLE_IN_LINEAGE_SOURCE","LAST_STARTS","DATE_ONLY","UNEXPLAINED"
"822708","676917","2026-07-12","home","pitchesLast3Starts","260","228","32","822715|822717|822967","AVAILABLE_IN_LINEAGE_SOURCE","LAST_STARTS","DATE_ONLY","UNEXPLAINED"
"822708","676917","2026-07-12","home","last5AppearancesPitchCountAvg","82","83.2","1.2000000000000028","822715|824742|822717","AVAILABLE_IN_LINEAGE_SOURCE","LAST_APPEARANCES","DATE_ONLY","UNEXPLAINED"
"822709","687223","2026-07-10","home","pitchesLastStart","16","37","21","822716|822719","AVAILABLE_IN_LINEAGE_SOURCE","LAST_STARTS","DATE_ONLY","UNEXPLAINED"
"822709","687223","2026-07-10","home","pitchesLast3Starts","69","95","26","822716|822719","AVAILABLE_IN_LINEAGE_SOURCE","LAST_STARTS","DATE_ONLY","UNEXPLAINED"
"822709","687223","2026-07-10","home","daysSinceLastStart","3","6","3","822716|822719","AVAILABLE_IN_LINEAGE_SOURCE","LAST_STARTS","DATE_ONLY","UNEXPLAINED"
"822709","687223","2026-07-10","home","last3AppearancesKs1","3","0","3","822713|822716|824740","AVAILABLE_IN_LINEAGE_SOURCE","LAST_APPEARANCES","DATE_ONLY","UNEXPLAINED"
"822709","687223","2026-07-10","home","last3AppearancesIp2","3.3","1","2.3","822713|822716|824740","AVAILABLE_IN_LINEAGE_SOURCE","LAST_APPEARANCES","DATE_ONLY","UNEXPLAINED"
"822709","687223","2026-07-10","home","last3AppearancesBf1","8","3","5","822713|822716|824740","AVAILABLE_IN_LINEAGE_SOURCE","LAST_APPEARANCES","DATE_ONLY","UNEXPLAINED"
"822709","687223","2026-07-10","home","last3AppearancesBf2","12","8","4","822713|822716|824740","AVAILABLE_IN_LINEAGE_SOURCE","LAST_APPEARANCES","DATE_ONLY","UNEXPLAINED"
"822709","687223","2026-07-10","home","last5AppearancesKsAvg","3","1.4","1.6","822713|822716|824740","AVAILABLE_IN_LINEAGE_SOURCE","LAST_APPEARANCES","DATE_ONLY","UNEXPLAINED"
"822709","687223","2026-07-10","home","last5AppearancesKsStd","0","1.3564659966250538","1.3564659966250538","822713|822716|824740","AVAILABLE_IN_LINEAGE_SOURCE","LAST_APPEARANCES","DATE_ONLY","UNEXPLAINED"
"822709","687223","2026-07-10","home","last5AppearancesBfAvg","10","6.4","3.5999999999999996","822713|822716|824740","AVAILABLE_IN_LINEAGE_SOURCE","LAST_APPEARANCES","DATE_ONLY","UNEXPLAINED"
"822709","687223","2026-07-10","home","last5AppearancesPitchCountAvg","48","27.4","20.6","822713|822716|824740","AVAILABLE_IN_LINEAGE_SOURCE","LAST_APPEARANCES","DATE_ONLY","UNEXPLAINED"
"822710","656492","2026-07-08","home","last3StartsKs3","9","6","3","822714|822720|822723","AVAILABLE_IN_LINEAGE_SOURCE","LAST_STARTS","DATE_ONLY","UNEXPLAINED"
"822710","656492","2026-07-08","home","last3StartsIp3","7.3","6","1.2999999999999998","822714|822720|822723","AVAILABLE_IN_LINEAGE_SOURCE","LAST_STARTS","DATE_ONLY","UNEXPLAINED"
"822710","656492","2026-07-08","home","last3StartsBf2","26","27","1","822714|822720|822723","AVAILABLE_IN_LINEAGE_SOURCE","LAST_STARTS","DATE_ONLY","UNEXPLAINED"
"822710","656492","2026-07-08","home","last3StartsBf3","27","26","1","822714|822720|822723","AVAILABLE_IN_LINEAGE_SOURCE","LAST_STARTS","DATE_ONLY","UNEXPLAINED"
"822710","656492","2026-07-08","home","last5StartsKsAvg","6.2","5.2","1","822714|822720|822723","AVAILABLE_IN_LINEAGE_SOURCE","LAST_STARTS","DATE_ONLY","UNEXPLAINED"
"822710","656492","2026-07-08","home","last5StartsBfAvg","24.6","22.8","1.8000000000000007","822714|822720|822723","AVAILABLE_IN_LINEAGE_SOURCE","LAST_STARTS","DATE_ONLY","UNEXPLAINED"
"822710","656492","2026-07-08","home","last5StartsPitchCountAvg","100","90","10","822714|822720|822723","AVAILABLE_IN_LINEAGE_SOURCE","LAST_STARTS","DATE_ONLY","UNEXPLAINED"
"822710","656492","2026-07-08","home","pitchesLast3Starts","300","288","12","822714|822720|822723","AVAILABLE_IN_LINEAGE_SOURCE","LAST_STARTS","DATE_ONLY","UNEXPLAINED"
"822712","571945","2026-07-06","home","last3StartsKs2","2","3","1","824741|822740|822753","AVAILABLE_IN_LINEAGE_SOURCE","LAST_STARTS","DATE_ONLY","UNEXPLAINED"
"822712","571945","2026-07-06","home","last3StartsIp2","3.3","5.333333333333333","2.033333333333333","824741|822740|822753","AVAILABLE_IN_LINEAGE_SOURCE","LAST_STARTS","DATE_ONLY","UNEXPLAINED"
"822712","571945","2026-07-06","home","last3StartsIp3","5.3","3","2.3","824741|822740|822753","AVAILABLE_IN_LINEAGE_SOURCE","LAST_STARTS","DATE_ONLY","UNEXPLAINED"
"822712","571945","2026-07-06","home","last3StartsBf2","16","19","3","824741|822740|822753","AVAILABLE_IN_LINEAGE_SOURCE","LAST_STARTS","DATE_ONLY","UNEXPLAINED"
"822712","571945","2026-07-06","home","last3StartsBf3","19","17","2","824741|822740|822753","AVAILABLE_IN_LINEAGE_SOURCE","LAST_STARTS","DATE_ONLY","UNEXPLAINED"
"822712","571945","2026-07-06","home","last5StartsBfAvg","19.6","23.2","3.599999999999998","824741|822740|822753","AVAILABLE_IN_LINEAGE_SOURCE","LAST_STARTS","DATE_ONLY","UNEXPLAINED"
"822712","571945","2026-07-06","home","last5StartsPitchCountAvg","75","82","7","824741|822740|822753","AVAILABLE_IN_LINEAGE_SOURCE","LAST_STARTS","DATE_ONLY","UNEXPLAINED"
"822712","571945","2026-07-06","home","pitchesLast3Starts","242","226","16","824741|822740|822753","AVAILABLE_IN_LINEAGE_SOURCE","LAST_STARTS","DATE_ONLY","UNEXPLAINED"
"822712","571945","2026-07-06","home","last3AppearancesKs2","2","1","1","824741|822719|822966","AVAILABLE_IN_LINEAGE_SOURCE","LAST_APPEARANCES","DATE_ONLY","UNEXPLAINED"
"822712","571945","2026-07-06","home","last3AppearancesKs3","3","2","1","824741|822719|822966","AVAILABLE_IN_LINEAGE_SOURCE","LAST_APPEARANCES","DATE_ONLY","UNEXPLAINED"
"822712","571945","2026-07-06","home","last3AppearancesBf3","19","26","7","824741|822719|822966","AVAILABLE_IN_LINEAGE_SOURCE","LAST_APPEARANCES","DATE_ONLY","UNEXPLAINED"
"822712","571945","2026-07-06","home","last5AppearancesBfAvg","19.6","22.8","3.1999999999999993","824741|822719|822966","AVAILABLE_IN_LINEAGE_SOURCE","LAST_APPEARANCES","DATE_ONLY","UNEXPLAINED"
"822712","571945","2026-07-06","home","last5AppearancesPitchCountAvg","75","77.6","2.5999999999999943","824741|822719|822966","AVAILABLE_IN_LINEAGE_SOURCE","LAST_APPEARANCES","DATE_ONLY","UNEXPLAINED"
"822713","674841","2026-07-07","home","pitchesLastStart","74","88","14","824824|822968|822724","AVAILABLE_IN_LINEAGE_SOURCE","LAST_STARTS","DATE_ONLY","UNEXPLAINED"
"822713","674841","2026-07-07","home","pitchesLast3Starts","230","214","16","824824|822968|822724","AVAILABLE_IN_LINEAGE_SOURCE","LAST_STARTS","DATE_ONLY","UNEXPLAINED"
"822713","674841","2026-07-07","home","daysSinceLastStart","6","11","5","824824|822968|822724","AVAILABLE_IN_LINEAGE_SOURCE","LAST_STARTS","DATE_ONLY","UNEXPLAINED"
"822713","674841","2026-07-07","home","last3AppearancesKs1","5","6","1","824740|824824|822968","AVAILABLE_IN_LINEAGE_SOURCE","LAST_APPEARANCES","DATE_ONLY","UNEXPLAINED"
"822713","674841","2026-07-07","home","last3AppearancesKs2","6","5","1","824740|824824|822968","AVAILABLE_IN_LINEAGE_SOURCE","LAST_APPEARANCES","DATE_ONLY","UNEXPLAINED"
"822713","674841","2026-07-07","home","last3AppearancesKs3","5","6","1","824740|824824|822968","AVAILABLE_IN_LINEAGE_SOURCE","LAST_APPEARANCES","DATE_ONLY","UNEXPLAINED"
"822713","674841","2026-07-07","home","last3AppearancesBf1","20","17","3","824740|824824|822968","AVAILABLE_IN_LINEAGE_SOURCE","LAST_APPEARANCES","DATE_ONLY","UNEXPLAINED"
"822713","674841","2026-07-07","home","last3AppearancesBf2","16","20","4","824740|824824|822968","AVAILABLE_IN_LINEAGE_SOURCE","LAST_APPEARANCES","DATE_ONLY","UNEXPLAINED"
"822713","674841","2026-07-07","home","last3AppearancesBf3","18","16","2","824740|824824|822968","AVAILABLE_IN_LINEAGE_SOURCE","LAST_APPEARANCES","DATE_ONLY","UNEXPLAINED"
"822713","674841","2026-07-07","home","last5AppearancesPitchCountAvg","77","75.6","1.4000000000000057","824740|824824|822968","AVAILABLE_IN_LINEAGE_SOURCE","LAST_APPEARANCES","DATE_ONLY","UNEXPLAINED"
"822714","656492","2026-07-03","home","last3StartsKs2","9","6","3","822720|822723|823215","AVAILABLE_IN_LINEAGE_SOURCE","LAST_STARTS","DATE_ONLY","UNEXPLAINED"
"822714","656492","2026-07-03","home","last3StartsKs3","6","5","1","822720|822723|823215","AVAILABLE_IN_LINEAGE_SOURCE","LAST_STARTS","DATE_ONLY","UNEXPLAINED"
"822714","656492","2026-07-03","home","last3StartsIp2","7.3","6","1.2999999999999998","822720|822723|823215","AVAILABLE_IN_LINEAGE_SOURCE","LAST_STARTS","DATE_ONLY","UNEXPLAINED"
"822714","656492","2026-07-03","home","last3StartsBf1","26","27","1","822720|822723|823215","AVAILABLE_IN_LINEAGE_SOURCE","LAST_STARTS","DATE_ONLY","UNEXPLAINED"
"822714","656492","2026-07-03","home","last3StartsBf2","27","26","1","822720|822723|823215","AVAILABLE_IN_LINEAGE_SOURCE","LAST_STARTS","DATE_ONLY","UNEXPLAINED"
"822714","656492","2026-07-03","home","last3StartsBf3","26","24","2","822720|822723|823215","AVAILABLE_IN_LINEAGE_SOURCE","LAST_STARTS","DATE_ONLY","UNEXPLAINED"
"822714","656492","2026-07-03","home","last5StartsBfAvg","24","23","1","822720|822723|823215","AVAILABLE_IN_LINEAGE_SOURCE","LAST_STARTS","DATE_ONLY","UNEXPLAINED"
"822714","656492","2026-07-03","home","last5StartsPitchCountAvg","96","91.4","4.599999999999994","822720|822723|823215","AVAILABLE_IN_LINEAGE_SOURCE","LAST_STARTS","DATE_ONLY","UNEXPLAINED"
"822714","656492","2026-07-03","home","pitchesLastStart","112","105","7","822720|822723|823215","AVAILABLE_IN_LINEAGE_SOURCE","LAST_STARTS","DATE_ONLY","UNEXPLAINED"
"822714","656492","2026-07-03","home","pitchesLast3Starts","317","305","12","822720|822723|823215","AVAILABLE_IN_LINEAGE_SOURCE","LAST_STARTS","DATE_ONLY","UNEXPLAINED"
"822714","656492","2026-07-03","home","daysSinceLastStart","6","11","5","822720|822723|823215","AVAILABLE_IN_LINEAGE_SOURCE","LAST_STARTS","DATE_ONLY","UNEXPLAINED"
"822716","687223","2026-07-04","home","pitchesLastStart","16","58","42","822719","AVAILABLE_IN_LINEAGE_SOURCE","LAST_STARTS","DATE_ONLY","UNEXPLAINED"
"822716","687223","2026-07-04","home","pitchesLast3Starts","74","58","16","822719","AVAILABLE_IN_LINEAGE_SOURCE","LAST_STARTS","DATE_ONLY","UNEXPLAINED"
"822716","687223","2026-07-04","home","daysSinceLastStart","3","10","7","822719","AVAILABLE_IN_LINEAGE_SOURCE","LAST_STARTS","DATE_ONLY","UNEXPLAINED"
"822716","687223","2026-07-04","home","last3AppearancesKs1","3","1","2","824740|822719|831792","AVAILABLE_IN_LINEAGE_SOURCE","LAST_APPEARANCES","DATE_ONLY","UNEXPLAINED"
"822716","687223","2026-07-04","home","last3AppearancesIp1","3.3","1","2.3","824740|822719|831792","AVAILABLE_IN_LINEAGE_SOURCE","LAST_APPEARANCES","DATE_ONLY","UNEXPLAINED"
"822716","687223","2026-07-04","home","last3AppearancesBf1","12","5","7","824740|822719|831792","AVAILABLE_IN_LINEAGE_SOURCE","LAST_APPEARANCES","DATE_ONLY","UNEXPLAINED"
"822716","687223","2026-07-04","home","last5AppearancesKsAvg","3","1.5","1.5","824740|822719|831792","AVAILABLE_IN_LINEAGE_SOURCE","LAST_APPEARANCES","DATE_ONLY","UNEXPLAINED"
"822716","687223","2026-07-04","home","last5AppearancesKsStd","0","1.118033988749895","1.118033988749895","824740|822719|831792","AVAILABLE_IN_LINEAGE_SOURCE","LAST_APPEARANCES","DATE_ONLY","UNEXPLAINED"
"822716","687223","2026-07-04","home","last5AppearancesIpAvg","3.3","1.8333333333333335","1.4666666666666663","824740|822719|831792","AVAILABLE_IN_LINEAGE_SOURCE","LAST_APPEARANCES","DATE_ONLY","UNEXPLAINED"
"822716","687223","2026-07-04","home","last5AppearancesBfAvg","12","7.25","4.75","824740|822719|831792","AVAILABLE_IN_LINEAGE_SOURCE","LAST_APPEARANCES","DATE_ONLY","UNEXPLAINED"
"822716","687223","2026-07-04","home","last5AppearancesPitchCountAvg","58","29.25","28.75","824740|822719|831792","AVAILABLE_IN_LINEAGE_SOURCE","LAST_APPEARANCES","DATE_ONLY","UNEXPLAINED"
"822717","676917","2026-06-25","home","last3StartsKs2","5","2","3","822967|825074|822730","AVAILABLE_IN_LINEAGE_SOURCE","LAST_STARTS","DATE_ONLY","UNEXPLAINED"
"822717","676917","2026-06-25","home","last3StartsKs3","2","6","4","822967|825074|822730","AVAILABLE_IN_LINEAGE_SOURCE","LAST_STARTS","DATE_ONLY","UNEXPLAINED"
"822717","676917","2026-06-25","home","last3StartsBf2","20","22","2","822967|825074|822730","AVAILABLE_IN_LINEAGE_SOURCE","LAST_STARTS","DATE_ONLY","UNEXPLAINED"
"822717","676917","2026-06-25","home","last3StartsBf3","22","23","1","822967|825074|822730","AVAILABLE_IN_LINEAGE_SOURCE","LAST_STARTS","DATE_ONLY","UNEXPLAINED"
"822717","676917","2026-06-25","home","last5StartsBfAvg","21.2","22.6","1.4000000000000021","822967|825074|822730","AVAILABLE_IN_LINEAGE_SOURCE","LAST_STARTS","DATE_ONLY","UNEXPLAINED"
"822717","676917","2026-06-25","home","pitchesLast3Starts","237","245","8","822967|825074|822730","AVAILABLE_IN_LINEAGE_SOURCE","LAST_STARTS","DATE_ONLY","UNEXPLAINED"
"822717","676917","2026-06-25","home","last3AppearancesKs2","5","2","3","822967|825074|822730","AVAILABLE_IN_LINEAGE_SOURCE","LAST_APPEARANCES","DATE_ONLY","UNEXPLAINED"
"822717","676917","2026-06-25","home","last3AppearancesKs3","2","6","4","822967|825074|822730","AVAILABLE_IN_LINEAGE_SOURCE","LAST_APPEARANCES","DATE_ONLY","UNEXPLAINED"
"822717","676917","2026-06-25","home","last3AppearancesBf2","20","22","2","822967|825074|822730","AVAILABLE_IN_LINEAGE_SOURCE","LAST_APPEARANCES","DATE_ONLY","UNEXPLAINED"
"822717","676917","2026-06-25","home","last3AppearancesBf3","22","23","1","822967|825074|822730","AVAILABLE_IN_LINEAGE_SOURCE","LAST_APPEARANCES","DATE_ONLY","UNEXPLAINED"
"822717","676917","2026-06-25","home","last5AppearancesBfAvg","21.2","22.6","1.4000000000000021","822967|825074|822730","AVAILABLE_IN_LINEAGE_SOURCE","LAST_APPEARANCES","DATE_ONLY","UNEXPLAINED"
"822718","676571","2026-06-23","home","last3StartsKs2","0","1","1","822966|824432|824437","AVAILABLE_IN_LINEAGE_SOURCE","LAST_STARTS","DATE_ONLY","UNEXPLAINED"
"822718","676571","2026-06-23","home","last3StartsKs3","1","0","1","822966|824432|824437","AVAILABLE_IN_LINEAGE_SOURCE","LAST_STARTS","DATE_ONLY","UNEXPLAINED"
"822718","676571","2026-06-23","home","last3StartsIp3","1","2","1","822966|824432|824437","AVAILABLE_IN_LINEAGE_SOURCE","LAST_STARTS","DATE_ONLY","UNEXPLAINED"
"822718","676571","2026-06-23","home","last3StartsBf2","5","3","2","822966|824432|824437","AVAILABLE_IN_LINEAGE_SOURCE","LAST_STARTS","DATE_ONLY","UNEXPLAINED"
"822718","676571","2026-06-23","home","last3StartsBf3","3","7","4","822966|824432|824437","AVAILABLE_IN_LINEAGE_SOURCE","LAST_STARTS","DATE_ONLY","UNEXPLAINED"
"822718","676571","2026-06-23","home","last5StartsPitchCountAvg","23","25.8","2.8000000000000007","822966|824432|824437","AVAILABLE_IN_LINEAGE_SOURCE","LAST_STARTS","DATE_ONLY","UNEXPLAINED"
"822718","676571","2026-06-23","home","pitchesLast3Starts","61","65","4","822966|824432|824437","AVAILABLE_IN_LINEAGE_SOURCE","LAST_STARTS","DATE_ONLY","UNEXPLAINED"
"822718","676571","2026-06-23","home","last5AppearancesPitchCountAvg","23","20.8","2.1999999999999993","822966|822721|824432","AVAILABLE_IN_LINEAGE_SOURCE","LAST_APPEARANCES","DATE_ONLY","UNEXPLAINED"
"822787","592332","2026-07-21","home","last3StartsKs3","7","4","3","823274|823205|822797","AVAILABLE_IN_LINEAGE_SOURCE","LAST_STARTS","DATE_ONLY","UNEXPLAINED"
"822787","592332","2026-07-21","home","last3StartsBf3","25","28","3","823274|823205|822797","AVAILABLE_IN_LINEAGE_SOURCE","LAST_STARTS","DATE_ONLY","UNEXPLAINED"
"822787","592332","2026-07-21","home","last5StartsBfAvg","24.2","23.2","1","823274|823205|822797","AVAILABLE_IN_LINEAGE_SOURCE","LAST_STARTS","DATE_ONLY","UNEXPLAINED"
"822787","592332","2026-07-21","home","last5StartsPitchCountAvg","92","91","1","823274|823205|822797","AVAILABLE_IN_LINEAGE_SOURCE","LAST_STARTS","DATE_ONLY","UNEXPLAINED"
"822787","592332","2026-07-21","home","pitchesLast3Starts","291","294","3","823274|823205|822797","AVAILABLE_IN_LINEAGE_SOURCE","LAST_STARTS","DATE_ONLY","UNEXPLAINED"
"822789","693686","2026-07-17","home","pitchesLastStart","39","55","16","823203|824832|822819","AVAILABLE_IN_LINEAGE_SOURCE","LAST_STARTS","DATE_ONLY","UNEXPLAINED"
"822789","693686","2026-07-17","home","pitchesLast3Starts","140","163","23","823203|824832|822819","AVAILABLE_IN_LINEAGE_SOURCE","LAST_STARTS","DATE_ONLY","UNEXPLAINED"
"822789","693686","2026-07-17","home","daysSinceLastStart","6","10","4","823203|824832|822819","AVAILABLE_IN_LINEAGE_SOURCE","LAST_STARTS","DATE_ONLY","UNEXPLAINED"
"822789","693686","2026-07-17","home","last3AppearancesKs2","2","1","1","823276|823203|822796","AVAILABLE_IN_LINEAGE_SOURCE","LAST_APPEARANCES","DATE_ONLY","UNEXPLAINED"
"822789","693686","2026-07-17","home","last3AppearancesKs3","2","3","1","823276|823203|822796","AVAILABLE_IN_LINEAGE_SOURCE","LAST_APPEARANCES","DATE_ONLY","UNEXPLAINED"
"822789","693686","2026-07-17","home","last3AppearancesIp1","4","2","2","823276|823203|822796","AVAILABLE_IN_LINEAGE_SOURCE","LAST_APPEARANCES","DATE_ONLY","UNEXPLAINED"
"822789","693686","2026-07-17","home","last3AppearancesIp2","3","4","1","823276|823203|822796","AVAILABLE_IN_LINEAGE_SOURCE","LAST_APPEARANCES","DATE_ONLY","UNEXPLAINED"
"822789","693686","2026-07-17","home","last3AppearancesBf1","18","8","10","823276|823203|822796","AVAILABLE_IN_LINEAGE_SOURCE","LAST_APPEARANCES","DATE_ONLY","UNEXPLAINED"
"822789","693686","2026-07-17","home","last3AppearancesBf2","17","18","1","823276|823203|822796","AVAILABLE_IN_LINEAGE_SOURCE","LAST_APPEARANCES","DATE_ONLY","UNEXPLAINED"
"822789","693686","2026-07-17","home","last3AppearancesBf3","11","9","2","823276|823203|822796","AVAILABLE_IN_LINEAGE_SOURCE","LAST_APPEARANCES","DATE_ONLY","UNEXPLAINED"
"822789","693686","2026-07-17","home","last5AppearancesIpAvg","3.3","2.1333333333333333","1.1666666666666665","823276|823203|822796","AVAILABLE_IN_LINEAGE_SOURCE","LAST_APPEARANCES","DATE_ONLY","UNEXPLAINED"
"822789","693686","2026-07-17","home","last5AppearancesBfAvg","15.3","9","6.300000000000001","823276|823203|822796","AVAILABLE_IN_LINEAGE_SOURCE","LAST_APPEARANCES","DATE_ONLY","UNEXPLAINED"
"822789","693686","2026-07-17","home","last5AppearancesPitchCountAvg","54","35.4","18.6","823276|823203|822796","AVAILABLE_IN_LINEAGE_SOURCE","LAST_APPEARANCES","DATE_ONLY","UNEXPLAINED"
"822792","702056","2026-06-29","home","last3StartsKs3","3","4","1","822798|824748|824833","AVAILABLE_IN_LINEAGE_SOURCE","LAST_STARTS","DATE_ONLY","UNEXPLAINED"
"822792","702056","2026-06-29","home","last3StartsBf3","25","21","4","822798|824748|824833","AVAILABLE_IN_LINEAGE_SOURCE","LAST_STARTS","DATE_ONLY","UNEXPLAINED"
"822792","702056","2026-06-29","home","last5StartsKsAvg","4.6","5.8","1.2000000000000002","822798|824748|824833","AVAILABLE_IN_LINEAGE_SOURCE","LAST_STARTS","DATE_ONLY","UNEXPLAINED"
"822792","702056","2026-06-29","home","last5StartsBfAvg","24.2","23.2","1","822798|824748|824833","AVAILABLE_IN_LINEAGE_SOURCE","LAST_STARTS","DATE_ONLY","UNEXPLAINED"
"822792","702056","2026-06-29","home","last5StartsPitchCountAvg","93","95","2","822798|824748|824833","AVAILABLE_IN_LINEAGE_SOURCE","LAST_STARTS","DATE_ONLY","UNEXPLAINED"
"822792","702056","2026-06-29","home","pitchesLast3Starts","281","292","11","822798|824748|824833","AVAILABLE_IN_LINEAGE_SOURCE","LAST_STARTS","DATE_ONLY","UNEXPLAINED"
"822792","702056","2026-06-29","home","last3AppearancesKs3","3","5","2","822798|824748|822810","AVAILABLE_IN_LINEAGE_SOURCE","LAST_APPEARANCES","DATE_ONLY","UNEXPLAINED"
"822792","702056","2026-06-29","home","last3AppearancesBf3","25","24","1","822798|824748|822810","AVAILABLE_IN_LINEAGE_SOURCE","LAST_APPEARANCES","DATE_ONLY","UNEXPLAINED"
"822792","702056","2026-06-29","home","last5AppearancesPitchCountAvg","93","96.2","3.200000000000003","822798|824748|822810","AVAILABLE_IN_LINEAGE_SOURCE","LAST_APPEARANCES","DATE_ONLY","UNEXPLAINED"
"822796","571578","2026-06-26","home","last3StartsKs3","3","1","2","824665|822806|824917","AVAILABLE_IN_LINEAGE_SOURCE","LAST_STARTS","DATE_ONLY","UNEXPLAINED"
"822796","571578","2026-06-26","home","last3StartsIp3","3","5","2","824665|822806|824917","AVAILABLE_IN_LINEAGE_SOURCE","LAST_STARTS","DATE_ONLY","UNEXPLAINED"
"822796","571578","2026-06-26","home","last3StartsBf3","18","23","5","824665|822806|824917","AVAILABLE_IN_LINEAGE_SOURCE","LAST_STARTS","DATE_ONLY","UNEXPLAINED"
"822796","571578","2026-06-26","home","last5StartsBfAvg","20","21","1","824665|822806|824917","AVAILABLE_IN_LINEAGE_SOURCE","LAST_STARTS","DATE_ONLY","UNEXPLAINED"
"822796","571578","2026-06-26","home","last5StartsPitchCountAvg","84","85.8","1.7999999999999972","824665|822806|824917","AVAILABLE_IN_LINEAGE_SOURCE","LAST_STARTS","DATE_ONLY","UNEXPLAINED"
"822796","571578","2026-06-26","home","pitchesLast3Starts","256","265","9","824665|822806|824917","AVAILABLE_IN_LINEAGE_SOURCE","LAST_STARTS","DATE_ONLY","UNEXPLAINED"
"822796","571578","2026-06-26","home","last3AppearancesKs3","3","1","2","824665|822806|824917","AVAILABLE_IN_LINEAGE_SOURCE","LAST_APPEARANCES","DATE_ONLY","UNEXPLAINED"
"822796","571578","2026-06-26","home","last3AppearancesIp3","3","5","2","824665|822806|824917","AVAILABLE_IN_LINEAGE_SOURCE","LAST_APPEARANCES","DATE_ONLY","UNEXPLAINED"
"822796","571578","2026-06-26","home","last3AppearancesBf3","18","23","5","824665|822806|824917","AVAILABLE_IN_LINEAGE_SOURCE","LAST_APPEARANCES","DATE_ONLY","UNEXPLAINED"
"822796","571578","2026-06-26","home","last5AppearancesBfAvg","20","21","1","824665|822806|824917","AVAILABLE_IN_LINEAGE_SOURCE","LAST_APPEARANCES","DATE_ONLY","UNEXPLAINED"
"822796","571578","2026-06-26","home","last5AppearancesPitchCountAvg","84","85.8","1.7999999999999972","824665|822806|824917","AVAILABLE_IN_LINEAGE_SOURCE","LAST_APPEARANCES","DATE_ONLY","UNEXPLAINED"
"822797","592332","2026-06-25","home","last3StartsKs2","7","5","2","824663|822807|824918","AVAILABLE_IN_LINEAGE_SOURCE","LAST_STARTS","DATE_ONLY","UNEXPLAINED"
"822797","592332","2026-06-25","home","last3StartsKs3","5","8","3","824663|822807|824918","AVAILABLE_IN_LINEAGE_SOURCE","LAST_STARTS","DATE_ONLY","UNEXPLAINED"
"822797","592332","2026-06-25","home","last3StartsIp2","7","5","2","824663|822807|824918","AVAILABLE_IN_LINEAGE_SOURCE","LAST_STARTS","DATE_ONLY","UNEXPLAINED"
"822797","592332","2026-06-25","home","last3StartsIp3","5","6","1","824663|822807|824918","AVAILABLE_IN_LINEAGE_SOURCE","LAST_STARTS","DATE_ONLY","UNEXPLAINED"
"822797","592332","2026-06-25","home","last3StartsBf2","24","20","4","824663|822807|824918","AVAILABLE_IN_LINEAGE_SOURCE","LAST_STARTS","DATE_ONLY","UNEXPLAINED"
"822797","592332","2026-06-25","home","last3StartsBf3","20","25","5","824663|822807|824918","AVAILABLE_IN_LINEAGE_SOURCE","LAST_STARTS","DATE_ONLY","UNEXPLAINED"
"822797","592332","2026-06-25","home","last5StartsPitchCountAvg","91","89.2","1.7999999999999972","824663|822807|824918","AVAILABLE_IN_LINEAGE_SOURCE","LAST_STARTS","DATE_ONLY","UNEXPLAINED"
"822797","592332","2026-06-25","home","pitchesLast3Starts","266","257","9","824663|822807|824918","AVAILABLE_IN_LINEAGE_SOURCE","LAST_STARTS","DATE_ONLY","UNEXPLAINED"
"822797","592332","2026-06-25","home","last3AppearancesKs2","7","5","2","824663|822807|824918","AVAILABLE_IN_LINEAGE_SOURCE","LAST_APPEARANCES","DATE_ONLY","UNEXPLAINED"
"822797","592332","2026-06-25","home","last3AppearancesKs3","5","8","3","824663|822807|824918","AVAILABLE_IN_LINEAGE_SOURCE","LAST_APPEARANCES","DATE_ONLY","UNEXPLAINED"
"822797","592332","2026-06-25","home","last3AppearancesIp2","7","5","2","824663|822807|824918","AVAILABLE_IN_LINEAGE_SOURCE","LAST_APPEARANCES","DATE_ONLY","UNEXPLAINED"
"822797","592332","2026-06-25","home","last3AppearancesIp3","5","6","1","824663|822807|824918","AVAILABLE_IN_LINEAGE_SOURCE","LAST_APPEARANCES","DATE_ONLY","UNEXPLAINED"
"822797","592332","2026-06-25","home","last3AppearancesBf2","24","20","4","824663|822807|824918","AVAILABLE_IN_LINEAGE_SOURCE","LAST_APPEARANCES","DATE_ONLY","UNEXPLAINED"
"822797","592332","2026-06-25","home","last3AppearancesBf3","20","25","5","824663|822807|824918","AVAILABLE_IN_LINEAGE_SOURCE","LAST_APPEARANCES","DATE_ONLY","UNEXPLAINED"
"822797","592332","2026-06-25","home","last5AppearancesPitchCountAvg","91","89.2","1.7999999999999972","824663|822807|824918","AVAILABLE_IN_LINEAGE_SOURCE","LAST_APPEARANCES","DATE_ONLY","UNEXPLAINED"
"822798","702056","2026-06-24","home","last3StartsKs2","3","4","1","824748|824833|823547","AVAILABLE_IN_LINEAGE_SOURCE","LAST_STARTS","DATE_ONLY","UNEXPLAINED"
"822798","702056","2026-06-24","home","last3StartsKs3","5","8","3","824748|824833|823547","AVAILABLE_IN_LINEAGE_SOURCE","LAST_STARTS","DATE_ONLY","UNEXPLAINED"
"822798","702056","2026-06-24","home","last3StartsBf2","25","21","4","824748|824833|823547","AVAILABLE_IN_LINEAGE_SOURCE","LAST_STARTS","DATE_ONLY","UNEXPLAINED"
"822798","702056","2026-06-24","home","last3StartsBf3","24","20","4","824748|824833|823547","AVAILABLE_IN_LINEAGE_SOURCE","LAST_STARTS","DATE_ONLY","UNEXPLAINED"
"822798","702056","2026-06-24","home","last5StartsKsAvg","4.8","6","1.2000000000000002","824748|824833|823547","AVAILABLE_IN_LINEAGE_SOURCE","LAST_STARTS","DATE_ONLY","UNEXPLAINED"
"822798","702056","2026-06-24","home","last5StartsBfAvg","24.6","21.6","3","824748|824833|823547","AVAILABLE_IN_LINEAGE_SOURCE","LAST_STARTS","DATE_ONLY","UNEXPLAINED"
"822798","702056","2026-06-24","home","pitchesLast3Starts","267","282","15","824748|824833|823547","AVAILABLE_IN_LINEAGE_SOURCE","LAST_STARTS","DATE_ONLY","UNEXPLAINED"
"822798","702056","2026-06-24","home","last3AppearancesKs2","3","5","2","824748|822810|824833","AVAILABLE_IN_LINEAGE_SOURCE","LAST_APPEARANCES","DATE_ONLY","UNEXPLAINED"
"822798","702056","2026-06-24","home","last3AppearancesKs3","5","4","1","824748|822810|824833","AVAILABLE_IN_LINEAGE_SOURCE","LAST_APPEARANCES","DATE_ONLY","UNEXPLAINED"
"822798","702056","2026-06-24","home","last3AppearancesBf2","25","24","1","824748|822810|824833","AVAILABLE_IN_LINEAGE_SOURCE","LAST_APPEARANCES","DATE_ONLY","UNEXPLAINED"
"822798","702056","2026-06-24","home","last3AppearancesBf3","24","21","3","824748|822810|824833","AVAILABLE_IN_LINEAGE_SOURCE","LAST_APPEARANCES","DATE_ONLY","UNEXPLAINED"
"822798","702056","2026-06-24","home","last5AppearancesKsAvg","4.8","5.8","1","824748|822810|824833","AVAILABLE_IN_LINEAGE_SOURCE","LAST_APPEARANCES","DATE_ONLY","UNEXPLAINED"
"822798","702056","2026-06-24","home","last5AppearancesBfAvg","24.6","23.6","1","824748|822810|824833","AVAILABLE_IN_LINEAGE_SOURCE","LAST_APPEARANCES","DATE_ONLY","UNEXPLAINED"
"822798","702056","2026-06-24","home","last5AppearancesPitchCountAvg","91","94.2","3.200000000000003","824748|822810|824833","AVAILABLE_IN_LINEAGE_SOURCE","LAST_APPEARANCES","DATE_ONLY","UNEXPLAINED"
"822871","677958","2026-07-21","home","last5StartsPitchCountAvg","84","86.4","2.4000000000000057","822875|822879|822795","AVAILABLE_IN_LINEAGE_SOURCE","LAST_STARTS","DATE_ONLY","UNEXPLAINED"
"822871","677958","2026-07-21","home","last5AppearancesKsAvg","4.4","5.6","1.1999999999999993","822875|822879|822795","AVAILABLE_IN_LINEAGE_SOURCE","LAST_APPEARANCES","DATE_ONLY","UNEXPLAINED"
"822871","677958","2026-07-21","home","last5AppearancesPitchCountAvg","84","82.8","1.2000000000000028","822875|822879|822795","AVAILABLE_IN_LINEAGE_SOURCE","LAST_APPEARANCES","DATE_ONLY","UNEXPLAINED"
"822875","677958","2026-07-11","home","pitchesLast3Starts","253","247","6","822879|822795|822888","AVAILABLE_IN_LINEAGE_SOURCE","LAST_STARTS","DATE_ONLY","UNEXPLAINED"
"822875","677958","2026-07-11","home","last3AppearancesKs3","4","9","5","822879|822795|823851","AVAILABLE_IN_LINEAGE_SOURCE","LAST_APPEARANCES","DATE_ONLY","UNEXPLAINED"
"822875","677958","2026-07-11","home","last3AppearancesIp3","3.3","5","1.7000000000000002","822879|822795|823851","AVAILABLE_IN_LINEAGE_SOURCE","LAST_APPEARANCES","DATE_ONLY","UNEXPLAINED"
"822875","677958","2026-07-11","home","last3AppearancesBf3","20","19","1","822879|822795|823851","AVAILABLE_IN_LINEAGE_SOURCE","LAST_APPEARANCES","DATE_ONLY","UNEXPLAINED"
"822875","677958","2026-07-11","home","last5AppearancesKsAvg","4.2","5.4","1.2000000000000002","822879|822795|823851","AVAILABLE_IN_LINEAGE_SOURCE","LAST_APPEARANCES","DATE_ONLY","UNEXPLAINED"
"822875","677958","2026-07-11","home","last5AppearancesKsStd","0.75","1.8547236990991407","1.1047236990991407","822879|822795|823851","AVAILABLE_IN_LINEAGE_SOURCE","LAST_APPEARANCES","DATE_ONLY","UNEXPLAINED"
"822875","677958","2026-07-11","home","last5AppearancesPitchCountAvg","85","83.4","1.5999999999999943","822879|822795|823851","AVAILABLE_IN_LINEAGE_SOURCE","LAST_APPEARANCES","DATE_ONLY","UNEXPLAINED"
"822876","669022","2026-07-12","home","last3StartsKs2","7","5","2","822880|822797|822885","AVAILABLE_IN_LINEAGE_SOURCE","LAST_STARTS","DATE_ONLY","UNEXPLAINED"
"822876","669022","2026-07-12","home","last3StartsKs3","5","6","1","822880|822797|822885","AVAILABLE_IN_LINEAGE_SOURCE","LAST_STARTS","DATE_ONLY","UNEXPLAINED"
"822876","669022","2026-07-12","home","last3StartsIp2","5","7","2","822880|822797|822885","AVAILABLE_IN_LINEAGE_SOURCE","LAST_STARTS","DATE_ONLY","UNEXPLAINED"
"822876","669022","2026-07-12","home","last3StartsIp3","7","6","1","822880|822797|822885","AVAILABLE_IN_LINEAGE_SOURCE","LAST_STARTS","DATE_ONLY","UNEXPLAINED"
"822876","669022","2026-07-12","home","last3StartsBf2","24","25","1","822880|822797|822885","AVAILABLE_IN_LINEAGE_SOURCE","LAST_STARTS","DATE_ONLY","UNEXPLAINED"
"822876","669022","2026-07-12","home","last3StartsBf3","25","23","2","822880|822797|822885","AVAILABLE_IN_LINEAGE_SOURCE","LAST_STARTS","DATE_ONLY","UNEXPLAINED"
"822876","669022","2026-07-12","home","pitchesLast3Starts","280","283","3","822880|822797|822885","AVAILABLE_IN_LINEAGE_SOURCE","LAST_STARTS","DATE_ONLY","UNEXPLAINED"
"822879","677958","2026-07-05","home","last3StartsKs3","3","5","2","822795|822888|822892","AVAILABLE_IN_LINEAGE_SOURCE","LAST_STARTS","DATE_ONLY","UNEXPLAINED"
"822879","677958","2026-07-05","home","last3StartsBf3","20","22","2","822795|822888|822892","AVAILABLE_IN_LINEAGE_SOURCE","LAST_STARTS","DATE_ONLY","UNEXPLAINED"
"822879","677958","2026-07-05","home","pitchesLast3Starts","238","256","18","822795|822888|822892","AVAILABLE_IN_LINEAGE_SOURCE","LAST_STARTS","DATE_ONLY","UNEXPLAINED"
"822879","677958","2026-07-05","home","last3AppearancesKs2","4","9","5","822795|823851|822888","AVAILABLE_IN_LINEAGE_SOURCE","LAST_APPEARANCES","DATE_ONLY","UNEXPLAINED"
"822879","677958","2026-07-05","home","last3AppearancesKs3","3","4","1","822795|823851|822888","AVAILABLE_IN_LINEAGE_SOURCE","LAST_APPEARANCES","DATE_ONLY","UNEXPLAINED"
"822879","677958","2026-07-05","home","last3AppearancesIp2","3.3","5","1.7000000000000002","822795|823851|822888","AVAILABLE_IN_LINEAGE_SOURCE","LAST_APPEARANCES","DATE_ONLY","UNEXPLAINED"
"822879","677958","2026-07-05","home","last3AppearancesIp3","4.7","3.3333333333333335","1.3666666666666667","822795|823851|822888","AVAILABLE_IN_LINEAGE_SOURCE","LAST_APPEARANCES","DATE_ONLY","UNEXPLAINED"
"822879","677958","2026-07-05","home","last3AppearancesBf2","20","19","1","822795|823851|822888","AVAILABLE_IN_LINEAGE_SOURCE","LAST_APPEARANCES","DATE_ONLY","UNEXPLAINED"
"822879","677958","2026-07-05","home","last5AppearancesKsAvg","3.8","5","1.2000000000000002","822795|823851|822888","AVAILABLE_IN_LINEAGE_SOURCE","LAST_APPEARANCES","DATE_ONLY","UNEXPLAINED"
"822879","677958","2026-07-05","home","last5AppearancesKsStd","1.17","2.280350850198276","1.1103508501982762","822795|823851|822888","AVAILABLE_IN_LINEAGE_SOURCE","LAST_APPEARANCES","DATE_ONLY","UNEXPLAINED"
"822879","677958","2026-07-05","home","last5AppearancesPitchCountAvg","85","83.4","1.5999999999999943","822795|823851|822888","AVAILABLE_IN_LINEAGE_SOURCE","LAST_APPEARANCES","DATE_ONLY","UNEXPLAINED"
"822881","594798","2026-07-07","home","last3StartsKs1","9","8","1","823850|822886|822890","AVAILABLE_IN_LINEAGE_SOURCE","LAST_STARTS","DATE_ONLY","UNEXPLAINED"
"822881","594798","2026-07-07","home","last3StartsKs2","8","9","1","823850|822886|822890","AVAILABLE_IN_LINEAGE_SOURCE","LAST_STARTS","DATE_ONLY","UNEXPLAINED"
"822881","594798","2026-07-07","home","last3StartsKs3","9","6","3","823850|822886|822890","AVAILABLE_IN_LINEAGE_SOURCE","LAST_STARTS","DATE_ONLY","UNEXPLAINED"
"822881","594798","2026-07-07","home","last3StartsIp1","7","6","1","823850|822886|822890","AVAILABLE_IN_LINEAGE_SOURCE","LAST_STARTS","DATE_ONLY","UNEXPLAINED"
"822881","594798","2026-07-07","home","last3StartsBf1","25","23","2","823850|822886|822890","AVAILABLE_IN_LINEAGE_SOURCE","LAST_STARTS","DATE_ONLY","UNEXPLAINED"
"822881","594798","2026-07-07","home","last3StartsBf2","23","27","4","823850|822886|822890","AVAILABLE_IN_LINEAGE_SOURCE","LAST_STARTS","DATE_ONLY","UNEXPLAINED"
"822881","594798","2026-07-07","home","last3StartsBf3","27","23","4","823850|822886|822890","AVAILABLE_IN_LINEAGE_SOURCE","LAST_STARTS","DATE_ONLY","UNEXPLAINED"
"822881","594798","2026-07-07","home","pitchesLastStart","96","91","5","823850|822886|822890","AVAILABLE_IN_LINEAGE_SOURCE","LAST_STARTS","DATE_ONLY","UNEXPLAINED"
"822881","594798","2026-07-07","home","pitchesLast3Starts","293","284","9","823850|822886|822890","AVAILABLE_IN_LINEAGE_SOURCE","LAST_STARTS","DATE_ONLY","UNEXPLAINED"
"822881","594798","2026-07-07","home","daysSinceLastStart","7","13","6","823850|822886|822890","AVAILABLE_IN_LINEAGE_SOURCE","LAST_STARTS","DATE_ONLY","UNEXPLAINED"
"822882","615698","2026-07-04","home","last5StartsKsAvg","3","2","1","822794|823849|831427","AVAILABLE_IN_LINEAGE_SOURCE","LAST_STARTS","DATE_ONLY","UNEXPLAINED"
"822882","615698","2026-07-04","home","last5StartsBfAvg","12","10.666666666666666","1.333333333333334","822794|823849|831427","AVAILABLE_IN_LINEAGE_SOURCE","LAST_STARTS","DATE_ONLY","UNEXPLAINED"
"822882","615698","2026-07-04","home","last5StartsPitchCountAvg","45","40","5","822794|823849|831427","AVAILABLE_IN_LINEAGE_SOURCE","LAST_STARTS","DATE_ONLY","UNEXPLAINED"
"822882","615698","2026-07-04","home","pitchesLast3Starts","125","120","5","822794|823849|831427","AVAILABLE_IN_LINEAGE_SOURCE","LAST_STARTS","DATE_ONLY","UNEXPLAINED"
"822882","615698","2026-07-04","home","last5AppearancesKsAvg","3","1.8","1.2","822794|823849|822889","AVAILABLE_IN_LINEAGE_SOURCE","LAST_APPEARANCES","DATE_ONLY","UNEXPLAINED"
"822882","615698","2026-07-04","home","last5AppearancesBfAvg","12","10","2","822794|823849|822889","AVAILABLE_IN_LINEAGE_SOURCE","LAST_APPEARANCES","DATE_ONLY","UNEXPLAINED"
"822882","615698","2026-07-04","home","last5AppearancesPitchCountAvg","45","36.8","8.200000000000003","822794|823849|822889","AVAILABLE_IN_LINEAGE_SOURCE","LAST_APPEARANCES","DATE_ONLY","UNEXPLAINED"
"822884","543135","2026-07-02","home","last3StartsKs3","6","3","3","822796|822883|824105","AVAILABLE_IN_LINEAGE_SOURCE","LAST_STARTS","DATE_ONLY","UNEXPLAINED"
"822884","543135","2026-07-02","home","last3StartsIp3","7","5.666666666666667","1.333333333333333","822796|822883|824105","AVAILABLE_IN_LINEAGE_SOURCE","LAST_STARTS","DATE_ONLY","UNEXPLAINED"
"822884","543135","2026-07-02","home","last3StartsBf3","26","23","3","822796|822883|824105","AVAILABLE_IN_LINEAGE_SOURCE","LAST_STARTS","DATE_ONLY","UNEXPLAINED"
"822884","543135","2026-07-02","home","pitchesLast3Starts","280","274","6","822796|822883|824105","AVAILABLE_IN_LINEAGE_SOURCE","LAST_STARTS","DATE_ONLY","UNEXPLAINED"
"822884","543135","2026-07-02","home","last3AppearancesKs3","6","3","3","822796|822883|824105","AVAILABLE_IN_LINEAGE_SOURCE","LAST_APPEARANCES","DATE_ONLY","UNEXPLAINED"
"822884","543135","2026-07-02","home","last3AppearancesIp3","7","5.666666666666667","1.333333333333333","822796|822883|824105","AVAILABLE_IN_LINEAGE_SOURCE","LAST_APPEARANCES","DATE_ONLY","UNEXPLAINED"
"822884","543135","2026-07-02","home","last3AppearancesBf3","26","23","3","822796|822883|824105","AVAILABLE_IN_LINEAGE_SOURCE","LAST_APPEARANCES","DATE_ONLY","UNEXPLAINED"
"822951","693855","2026-07-12","home","pitchesLast3Starts","267","258","9","822956|824093|822967","AVAILABLE_IN_LINEAGE_SOURCE","LAST_STARTS","DATE_ONLY","UNEXPLAINED"
"822951","693855","2026-07-12","home","last3AppearancesKs3","4","7","3","822956|824093|822961","AVAILABLE_IN_LINEAGE_SOURCE","LAST_APPEARANCES","DATE_ONLY","UNEXPLAINED"
"822951","693855","2026-07-12","home","last3AppearancesIp3","5","6.666666666666667","1.666666666666667","822956|824093|822961","AVAILABLE_IN_LINEAGE_SOURCE","LAST_APPEARANCES","DATE_ONLY","UNEXPLAINED"
"822951","693855","2026-07-12","home","last3AppearancesBf3","22","21","1","822956|824093|822961","AVAILABLE_IN_LINEAGE_SOURCE","LAST_APPEARANCES","DATE_ONLY","UNEXPLAINED"
"822951","693855","2026-07-12","home","last5AppearancesKsAvg","6.2","7.2","1","822956|824093|822961","AVAILABLE_IN_LINEAGE_SOURCE","LAST_APPEARANCES","DATE_ONLY","UNEXPLAINED"
"822951","693855","2026-07-12","home","last5AppearancesBfAvg","17.6","20.2","2.599999999999998","822956|824093|822961","AVAILABLE_IN_LINEAGE_SOURCE","LAST_APPEARANCES","DATE_ONLY","UNEXPLAINED"
"822951","693855","2026-07-12","home","last5AppearancesPitchCountAvg","68","80.6","12.599999999999994","822956|824093|822961","AVAILABLE_IN_LINEAGE_SOURCE","LAST_APPEARANCES","DATE_ONLY","UNEXPLAINED"
"822952","663556","2026-07-24","home","last3StartsBf3","20","25","5","824739|822957|822963","AVAILABLE_IN_LINEAGE_SOURCE","LAST_STARTS","DATE_ONLY","UNEXPLAINED"
"822952","663556","2026-07-24","home","last5StartsBfAvg","22","23","1","824739|822957|822963","AVAILABLE_IN_LINEAGE_SOURCE","LAST_STARTS","DATE_ONLY","UNEXPLAINED"
"822952","663556","2026-07-24","home","last5StartsPitchCountAvg","80","82.2","2.200000000000003","824739|822957|822963","AVAILABLE_IN_LINEAGE_SOURCE","LAST_STARTS","DATE_ONLY","UNEXPLAINED"
"822952","663556","2026-07-24","home","pitchesLast3Starts","241","247","6","824739|822957|822963","AVAILABLE_IN_LINEAGE_SOURCE","LAST_STARTS","DATE_ONLY","UNEXPLAINED"
"822952","663556","2026-07-24","home","last3AppearancesBf3","20","25","5","824739|822957|822963","AVAILABLE_IN_LINEAGE_SOURCE","LAST_APPEARANCES","DATE_ONLY","UNEXPLAINED"
"822952","663556","2026-07-24","home","last5AppearancesBfAvg","22","23","1","824739|822957|822963","AVAILABLE_IN_LINEAGE_SOURCE","LAST_APPEARANCES","DATE_ONLY","UNEXPLAINED"
"822952","663556","2026-07-24","home","last5AppearancesPitchCountAvg","80","82.2","2.200000000000003","824739|822957|822963","AVAILABLE_IN_LINEAGE_SOURCE","LAST_APPEARANCES","DATE_ONLY","UNEXPLAINED"
"822956","693855","2026-07-07","home","pitchesLast3Starts","254","219","35","824093|822967|822972","AVAILABLE_IN_LINEAGE_SOURCE","LAST_STARTS","DATE_ONLY","UNEXPLAINED"
"822956","693855","2026-07-07","home","last3AppearancesKs2","4","7","3","824093|822961|822967","AVAILABLE_IN_LINEAGE_SOURCE","LAST_APPEARANCES","DATE_ONLY","UNEXPLAINED"
"822956","693855","2026-07-07","home","last3AppearancesKs3","5","4","1","824093|822961|822967","AVAILABLE_IN_LINEAGE_SOURCE","LAST_APPEARANCES","DATE_ONLY","UNEXPLAINED"
"822956","693855","2026-07-07","home","last3AppearancesIp2","5","6.666666666666667","1.666666666666667","824093|822961|822967","AVAILABLE_IN_LINEAGE_SOURCE","LAST_APPEARANCES","DATE_ONLY","UNEXPLAINED"
"822956","693855","2026-07-07","home","last3AppearancesIp3","4","5","1","824093|822961|822967","AVAILABLE_IN_LINEAGE_SOURCE","LAST_APPEARANCES","DATE_ONLY","UNEXPLAINED"
"822956","693855","2026-07-07","home","last3AppearancesBf2","22","21","1","824093|822961|822967","AVAILABLE_IN_LINEAGE_SOURCE","LAST_APPEARANCES","DATE_ONLY","UNEXPLAINED"
"822956","693855","2026-07-07","home","last3AppearancesBf3","14","22","8","824093|822961|822967","AVAILABLE_IN_LINEAGE_SOURCE","LAST_APPEARANCES","DATE_ONLY","UNEXPLAINED"
"822956","693855","2026-07-07","home","last5AppearancesBfAvg","16.8","18.2","1.3999999999999986","824093|822961|822967","AVAILABLE_IN_LINEAGE_SOURCE","LAST_APPEARANCES","DATE_ONLY","UNEXPLAINED"
"822956","693855","2026-07-07","home","last5AppearancesPitchCountAvg","61","69.8","8.799999999999997","824093|822961|822967","AVAILABLE_IN_LINEAGE_SOURCE","LAST_APPEARANCES","DATE_ONLY","UNEXPLAINED"
"822957","663556","2026-07-08","home","last3StartsKs2","4","3","1","822963|823940|823859","AVAILABLE_IN_LINEAGE_SOURCE","LAST_STARTS","DATE_ONLY","UNEXPLAINED"
"822957","663556","2026-07-08","home","last3StartsKs3","3","6","3","822963|823940|823859","AVAILABLE_IN_LINEAGE_SOURCE","LAST_STARTS","DATE_ONLY","UNEXPLAINED"
"822957","663556","2026-07-08","home","last3StartsIp2","6","3.6666666666666665","2.3333333333333335","822963|823940|823859","AVAILABLE_IN_LINEAGE_SOURCE","LAST_STARTS","DATE_ONLY","UNEXPLAINED"
"822957","663556","2026-07-08","home","last3StartsIp3","3.7","5","1.2999999999999998","822963|823940|823859","AVAILABLE_IN_LINEAGE_SOURCE","LAST_STARTS","DATE_ONLY","UNEXPLAINED"
"822957","663556","2026-07-08","home","last3StartsBf1","20","25","5","822963|823940|823859","AVAILABLE_IN_LINEAGE_SOURCE","LAST_STARTS","DATE_ONLY","UNEXPLAINED"
"822957","663556","2026-07-08","home","last3StartsBf2","25","19","6","822963|823940|823859","AVAILABLE_IN_LINEAGE_SOURCE","LAST_STARTS","DATE_ONLY","UNEXPLAINED"
"822957","663556","2026-07-08","home","last3StartsBf3","19","25","6","822963|823940|823859","AVAILABLE_IN_LINEAGE_SOURCE","LAST_STARTS","DATE_ONLY","UNEXPLAINED"
"822957","663556","2026-07-08","home","last5StartsKsAvg","4.8","3.8","1","822963|823940|823859","AVAILABLE_IN_LINEAGE_SOURCE","LAST_STARTS","DATE_ONLY","UNEXPLAINED"
"822957","663556","2026-07-08","home","last5StartsPitchCountAvg","76","78.6","2.5999999999999943","822963|823940|823859","AVAILABLE_IN_LINEAGE_SOURCE","LAST_STARTS","DATE_ONLY","UNEXPLAINED"
"822957","663556","2026-07-08","home","pitchesLastStart","69","75","6","822963|823940|823859","AVAILABLE_IN_LINEAGE_SOURCE","LAST_STARTS","DATE_ONLY","UNEXPLAINED"
"822957","663556","2026-07-08","home","pitchesLast3Starts","227","239","12","822963|823940|823859","AVAILABLE_IN_LINEAGE_SOURCE","LAST_STARTS","DATE_ONLY","UNEXPLAINED"
"822957","663556","2026-07-08","home","daysSinceLastStart","7","15","8","822963|823940|823859","AVAILABLE_IN_LINEAGE_SOURCE","LAST_STARTS","DATE_ONLY","UNEXPLAINED"
"822957","663556","2026-07-08","home","last3AppearancesKs2","4","3","1","822963|823940|823859","AVAILABLE_IN_LINEAGE_SOURCE","LAST_APPEARANCES","DATE_ONLY","UNEXPLAINED"
"822957","663556","2026-07-08","home","last3AppearancesKs3","3","6","3","822963|823940|823859","AVAILABLE_IN_LINEAGE_SOURCE","LAST_APPEARANCES","DATE_ONLY","UNEXPLAINED"
"822957","663556","2026-07-08","home","last3AppearancesIp2","6","3.6666666666666665","2.3333333333333335","822963|823940|823859","AVAILABLE_IN_LINEAGE_SOURCE","LAST_APPEARANCES","DATE_ONLY","UNEXPLAINED"
"822957","663556","2026-07-08","home","last3AppearancesIp3","3.7","5","1.2999999999999998","822963|823940|823859","AVAILABLE_IN_LINEAGE_SOURCE","LAST_APPEARANCES","DATE_ONLY","UNEXPLAINED"
"822957","663556","2026-07-08","home","last3AppearancesBf1","20","25","5","822963|823940|823859","AVAILABLE_IN_LINEAGE_SOURCE","LAST_APPEARANCES","DATE_ONLY","UNEXPLAINED"
"822957","663556","2026-07-08","home","last3AppearancesBf2","25","19","6","822963|823940|823859","AVAILABLE_IN_LINEAGE_SOURCE","LAST_APPEARANCES","DATE_ONLY","UNEXPLAINED"
"822957","663556","2026-07-08","home","last3AppearancesBf3","19","25","6","822963|823940|823859","AVAILABLE_IN_LINEAGE_SOURCE","LAST_APPEARANCES","DATE_ONLY","UNEXPLAINED"
"822957","663556","2026-07-08","home","last5AppearancesKsAvg","4.8","3.8","1","822963|823940|823859","AVAILABLE_IN_LINEAGE_SOURCE","LAST_APPEARANCES","DATE_ONLY","UNEXPLAINED"
"822957","663556","2026-07-08","home","last5AppearancesPitchCountAvg","76","78.6","2.5999999999999943","822963|823940|823859","AVAILABLE_IN_LINEAGE_SOURCE","LAST_APPEARANCES","DATE_ONLY","UNEXPLAINED"
"822958","643377","2026-07-06","home","last3StartsKs1","5","7","2","822965|822966|823857","AVAILABLE_IN_LINEAGE_SOURCE","LAST_STARTS","DATE_ONLY","UNEXPLAINED"
"822958","643377","2026-07-06","home","last3StartsKs2","7","5","2","822965|822966|823857","AVAILABLE_IN_LINEAGE_SOURCE","LAST_STARTS","DATE_ONLY","UNEXPLAINED"
"822958","643377","2026-07-06","home","last3StartsKs3","5","4","1","822965|822966|823857","AVAILABLE_IN_LINEAGE_SOURCE","LAST_STARTS","DATE_ONLY","UNEXPLAINED"
"822958","643377","2026-07-06","home","last3StartsIp1","6","5","1","822965|822966|823857","AVAILABLE_IN_LINEAGE_SOURCE","LAST_STARTS","DATE_ONLY","UNEXPLAINED"
"822958","643377","2026-07-06","home","last3StartsBf1","22","24","2","822965|822966|823857","AVAILABLE_IN_LINEAGE_SOURCE","LAST_STARTS","DATE_ONLY","UNEXPLAINED"
"822958","643377","2026-07-06","home","last3StartsBf2","24","18","6","822965|822966|823857","AVAILABLE_IN_LINEAGE_SOURCE","LAST_STARTS","DATE_ONLY","UNEXPLAINED"
"822958","643377","2026-07-06","home","last3StartsBf3","18","17","1","822965|822966|823857","AVAILABLE_IN_LINEAGE_SOURCE","LAST_STARTS","DATE_ONLY","UNEXPLAINED"
"822958","643377","2026-07-06","home","last5StartsIpAvg","5.2","4.2","1","822965|822966|823857","AVAILABLE_IN_LINEAGE_SOURCE","LAST_STARTS","DATE_ONLY","UNEXPLAINED"
"822958","643377","2026-07-06","home","last5StartsBfAvg","20.2","17.8","2.3999999999999986","822965|822966|823857","AVAILABLE_IN_LINEAGE_SOURCE","LAST_STARTS","DATE_ONLY","UNEXPLAINED"
"822958","643377","2026-07-06","home","last5StartsPitchCountAvg","71","65.8","5.200000000000003","822965|822966|823857","AVAILABLE_IN_LINEAGE_SOURCE","LAST_STARTS","DATE_ONLY","UNEXPLAINED"
"822958","643377","2026-07-06","home","pitchesLastStart","71","88","17","822965|822966|823857","AVAILABLE_IN_LINEAGE_SOURCE","LAST_STARTS","DATE_ONLY","UNEXPLAINED"
"822958","643377","2026-07-06","home","pitchesLast3Starts","228","219","9","822965|822966|823857","AVAILABLE_IN_LINEAGE_SOURCE","LAST_STARTS","DATE_ONLY","UNEXPLAINED"
"822958","643377","2026-07-06","home","daysSinceLastStart","6","12","6","822965|822966|823857","AVAILABLE_IN_LINEAGE_SOURCE","LAST_STARTS","DATE_ONLY","UNEXPLAINED"
"822958","643377","2026-07-06","home","last5AppearancesPitchCountAvg","71","72.4","1.4000000000000057","824096|822965|822966","AVAILABLE_IN_LINEAGE_SOURCE","LAST_APPEARANCES","DATE_ONLY","UNEXPLAINED"
"822961","668984","2026-06-25","home","last3AppearancesKs1","1","0","1","823940|822970|822972","AVAILABLE_IN_LINEAGE_SOURCE","LAST_APPEARANCES","DATE_ONLY","UNEXPLAINED"
"822961","668984","2026-06-25","home","last3AppearancesIp1","1.7","0.3333333333333333","1.3666666666666667","823940|822970|822972","AVAILABLE_IN_LINEAGE_SOURCE","LAST_APPEARANCES","DATE_ONLY","UNEXPLAINED"
"822961","668984","2026-06-25","home","last3AppearancesBf1","7","4","3","823940|822970|822972","AVAILABLE_IN_LINEAGE_SOURCE","LAST_APPEARANCES","DATE_ONLY","UNEXPLAINED"
"822961","668984","2026-06-25","home","last5AppearancesKsStd","0","1.1661903789690602","1.1661903789690602","823940|822970|822972","AVAILABLE_IN_LINEAGE_SOURCE","LAST_APPEARANCES","DATE_ONLY","UNEXPLAINED"
"822961","668984","2026-06-25","home","last5AppearancesBfAvg","7","4","3","823940|822970|822972","AVAILABLE_IN_LINEAGE_SOURCE","LAST_APPEARANCES","DATE_ONLY","UNEXPLAINED"
"822961","668984","2026-06-25","home","last5AppearancesPitchCountAvg","28","15.2","12.8","823940|822970|822972","AVAILABLE_IN_LINEAGE_SOURCE","LAST_APPEARANCES","DATE_ONLY","UNEXPLAINED"
"822963","663556","2026-06-23","home","last3StartsKs2","7","6","1","823940|823859|822976","AVAILABLE_IN_LINEAGE_SOURCE","LAST_STARTS","DATE_ONLY","UNEXPLAINED"
"822963","663556","2026-06-23","home","last3StartsKs3","6","3","3","823940|823859|822976","AVAILABLE_IN_LINEAGE_SOURCE","LAST_STARTS","DATE_ONLY","UNEXPLAINED"
"822963","663556","2026-06-23","home","last3StartsIp2","4","5","1","823940|823859|822976","AVAILABLE_IN_LINEAGE_SOURCE","LAST_STARTS","DATE_ONLY","UNEXPLAINED"
"822963","663556","2026-06-23","home","last3StartsBf2","21","25","4","823940|823859|822976","AVAILABLE_IN_LINEAGE_SOURCE","LAST_STARTS","DATE_ONLY","UNEXPLAINED"
"822963","663556","2026-06-23","home","last3StartsBf3","25","19","6","823940|823859|822976","AVAILABLE_IN_LINEAGE_SOURCE","LAST_STARTS","DATE_ONLY","UNEXPLAINED"
"822963","663556","2026-06-23","home","last5StartsPitchCountAvg","78","81.6","3.5999999999999943","823940|823859|822976","AVAILABLE_IN_LINEAGE_SOURCE","LAST_STARTS","DATE_ONLY","UNEXPLAINED"
"822963","663556","2026-06-23","home","pitchesLast3Starts","238","234","4","823940|823859|822976","AVAILABLE_IN_LINEAGE_SOURCE","LAST_STARTS","DATE_ONLY","UNEXPLAINED"
"822963","663556","2026-06-23","home","last3AppearancesKs2","7","6","1","823940|823859|822976","AVAILABLE_IN_LINEAGE_SOURCE","LAST_APPEARANCES","DATE_ONLY","UNEXPLAINED"
"822963","663556","2026-06-23","home","last3AppearancesKs3","6","3","3","823940|823859|822976","AVAILABLE_IN_LINEAGE_SOURCE","LAST_APPEARANCES","DATE_ONLY","UNEXPLAINED"
"822963","663556","2026-06-23","home","last3AppearancesIp2","4","5","1","823940|823859|822976","AVAILABLE_IN_LINEAGE_SOURCE","LAST_APPEARANCES","DATE_ONLY","UNEXPLAINED"
"822963","663556","2026-06-23","home","last3AppearancesBf2","21","25","4","823940|823859|822976","AVAILABLE_IN_LINEAGE_SOURCE","LAST_APPEARANCES","DATE_ONLY","UNEXPLAINED"
"822963","663556","2026-06-23","home","last3AppearancesBf3","25","19","6","823940|823859|822976","AVAILABLE_IN_LINEAGE_SOURCE","LAST_APPEARANCES","DATE_ONLY","UNEXPLAINED"
"822963","663556","2026-06-23","home","last5AppearancesPitchCountAvg","78","81.6","3.5999999999999943","823940|823859|822976","AVAILABLE_IN_LINEAGE_SOURCE","LAST_APPEARANCES","DATE_ONLY","UNEXPLAINED"
"822965","643377","2026-06-24","home","last3StartsKs2","5","4","1","822966|823857|822974","AVAILABLE_IN_LINEAGE_SOURCE","LAST_STARTS","DATE_ONLY","UNEXPLAINED"
"822965","643377","2026-06-24","home","last3StartsKs3","4","5","1","822966|823857|822974","AVAILABLE_IN_LINEAGE_SOURCE","LAST_STARTS","DATE_ONLY","UNEXPLAINED"
"822965","643377","2026-06-24","home","last3StartsIp3","5","4","1","822966|823857|822974","AVAILABLE_IN_LINEAGE_SOURCE","LAST_STARTS","DATE_ONLY","UNEXPLAINED"
"822965","643377","2026-06-24","home","last3StartsBf2","20","17","3","822966|823857|822974","AVAILABLE_IN_LINEAGE_SOURCE","LAST_STARTS","DATE_ONLY","UNEXPLAINED"
"822965","643377","2026-06-24","home","last3StartsBf3","17","19","2","822966|823857|822974","AVAILABLE_IN_LINEAGE_SOURCE","LAST_STARTS","DATE_ONLY","UNEXPLAINED"
"822965","643377","2026-06-24","home","pitchesLast3Starts","194","203","9","822966|823857|822974","AVAILABLE_IN_LINEAGE_SOURCE","LAST_STARTS","DATE_ONLY","UNEXPLAINED"
"822965","643377","2026-06-24","home","last3AppearancesKs2","5","4","1","822966|823857|822974","AVAILABLE_IN_LINEAGE_SOURCE","LAST_APPEARANCES","DATE_ONLY","UNEXPLAINED"
"822965","643377","2026-06-24","home","last3AppearancesKs3","4","5","1","822966|823857|822974","AVAILABLE_IN_LINEAGE_SOURCE","LAST_APPEARANCES","DATE_ONLY","UNEXPLAINED"
"822965","643377","2026-06-24","home","last3AppearancesIp3","5","4","1","822966|823857|822974","AVAILABLE_IN_LINEAGE_SOURCE","LAST_APPEARANCES","DATE_ONLY","UNEXPLAINED"
"822965","643377","2026-06-24","home","last3AppearancesBf2","20","17","3","822966|823857|822974","AVAILABLE_IN_LINEAGE_SOURCE","LAST_APPEARANCES","DATE_ONLY","UNEXPLAINED"
"822965","643377","2026-06-24","home","last3AppearancesBf3","17","19","2","822966|823857|822974","AVAILABLE_IN_LINEAGE_SOURCE","LAST_APPEARANCES","DATE_ONLY","UNEXPLAINED"
"823030","669461","2026-07-11","home","last3StartsKs2","9","3","6","824656|823041|824098","AVAILABLE_IN_LINEAGE_SOURCE","LAST_STARTS","DATE_ONLY","UNEXPLAINED"
"823030","669461","2026-07-11","home","last3StartsKs3","3","2","1","824656|823041|824098","AVAILABLE_IN_LINEAGE_SOURCE","LAST_STARTS","DATE_ONLY","UNEXPLAINED"
"823030","669461","2026-07-11","home","last3StartsIp3","5.3","1.6666666666666667","3.633333333333333","824656|823041|824098","AVAILABLE_IN_LINEAGE_SOURCE","LAST_STARTS","DATE_ONLY","UNEXPLAINED"
"823030","669461","2026-07-11","home","last3StartsBf2","21","26","5","824656|823041|824098","AVAILABLE_IN_LINEAGE_SOURCE","LAST_STARTS","DATE_ONLY","UNEXPLAINED"
"823030","669461","2026-07-11","home","last3StartsBf3","26","13","13","824656|823041|824098","AVAILABLE_IN_LINEAGE_SOURCE","LAST_STARTS","DATE_ONLY","UNEXPLAINED"
"823030","669461","2026-07-11","home","last5StartsKsAvg","4.2","3.2","1","824656|823041|824098","AVAILABLE_IN_LINEAGE_SOURCE","LAST_STARTS","DATE_ONLY","UNEXPLAINED"
"823030","669461","2026-07-11","home","last5StartsKsStd","2.48","0.7483314773547882","1.7316685226452118","824656|823041|824098","AVAILABLE_IN_LINEAGE_SOURCE","LAST_STARTS","DATE_ONLY","UNEXPLAINED"
"823030","669461","2026-07-11","home","pitchesLast3Starts","274","224","50","824656|823041|824098","AVAILABLE_IN_LINEAGE_SOURCE","LAST_STARTS","DATE_ONLY","UNEXPLAINED"
"823030","669461","2026-07-11","home","last5AppearancesPitchCountAvg","78","81.2","3.200000000000003","824656|824907|823041","AVAILABLE_IN_LINEAGE_SOURCE","LAST_APPEARANCES","DATE_ONLY","UNEXPLAINED"
"823035","690928","2026-07-07","home","last3AppearancesKs1","5","6","1","823049|823053","AVAILABLE_IN_LINEAGE_SOURCE","LAST_APPEARANCES","DATE_ONLY","UNEXPLAINED"
"823035","690928","2026-07-07","home","last3AppearancesBf1","20","19","1","823049|823053","AVAILABLE_IN_LINEAGE_SOURCE","LAST_APPEARANCES","DATE_ONLY","UNEXPLAINED"
"823035","690928","2026-07-07","home","last3AppearancesBf2","19","15","4","823049|823053","AVAILABLE_IN_LINEAGE_SOURCE","LAST_APPEARANCES","DATE_ONLY","UNEXPLAINED"
"823035","690928","2026-07-07","home","last5AppearancesBfAvg","19.5","17","2.5","823049|823053","AVAILABLE_IN_LINEAGE_SOURCE","LAST_APPEARANCES","DATE_ONLY","UNEXPLAINED"
"823035","690928","2026-07-07","home","last5AppearancesPitchCountAvg","84","69.5","14.5","823049|823053","AVAILABLE_IN_LINEAGE_SOURCE","LAST_APPEARANCES","DATE_ONLY","UNEXPLAINED"
"823037","681517","2026-06-28","home","last3StartsKs3","5","1","4","823043|823044|823049","AVAILABLE_IN_LINEAGE_SOURCE","LAST_STARTS","DATE_ONLY","UNEXPLAINED"
"823037","681517","2026-06-28","home","last3StartsIp3","5","4","1","823043|823044|823049","AVAILABLE_IN_LINEAGE_SOURCE","LAST_STARTS","DATE_ONLY","UNEXPLAINED"
"823037","681517","2026-06-28","home","last3StartsBf3","22","19","3","823043|823044|823049","AVAILABLE_IN_LINEAGE_SOURCE","LAST_STARTS","DATE_ONLY","UNEXPLAINED"
"823037","681517","2026-06-28","home","last5StartsPitchCountAvg","80","82","2","823043|823044|823049","AVAILABLE_IN_LINEAGE_SOURCE","LAST_STARTS","DATE_ONLY","UNEXPLAINED"
"823037","681517","2026-06-28","home","pitchesLast3Starts","243","245","2","823043|823044|823049","AVAILABLE_IN_LINEAGE_SOURCE","LAST_STARTS","DATE_ONLY","UNEXPLAINED"
"823037","681517","2026-06-28","home","last3AppearancesKs3","5","1","4","823043|823044|823049","AVAILABLE_IN_LINEAGE_SOURCE","LAST_APPEARANCES","DATE_ONLY","UNEXPLAINED"
"823037","681517","2026-06-28","home","last3AppearancesIp3","5","4","1","823043|823044|823049","AVAILABLE_IN_LINEAGE_SOURCE","LAST_APPEARANCES","DATE_ONLY","UNEXPLAINED"
"823037","681517","2026-06-28","home","last3AppearancesBf3","22","19","3","823043|823044|823049","AVAILABLE_IN_LINEAGE_SOURCE","LAST_APPEARANCES","DATE_ONLY","UNEXPLAINED"
"823037","681517","2026-06-28","home","last5AppearancesPitchCountAvg","80","82","2","823043|823044|823049","AVAILABLE_IN_LINEAGE_SOURCE","LAST_APPEARANCES","DATE_ONLY","UNEXPLAINED"
"823039","700241","2026-06-26","home","last3StartsKs2","2","5","3","824097|823047|823050","AVAILABLE_IN_LINEAGE_SOURCE","LAST_STARTS","DATE_ONLY","UNEXPLAINED"
"823039","700241","2026-06-26","home","last3StartsKs3","5","1","4","824097|823047|823050","AVAILABLE_IN_LINEAGE_SOURCE","LAST_STARTS","DATE_ONLY","UNEXPLAINED"
"823039","700241","2026-06-26","home","last3StartsBf2","25","23","2","824097|823047|823050","AVAILABLE_IN_LINEAGE_SOURCE","LAST_STARTS","DATE_ONLY","UNEXPLAINED"
"823039","700241","2026-06-26","home","pitchesLast3Starts","267","265","2","824097|823047|823050","AVAILABLE_IN_LINEAGE_SOURCE","LAST_STARTS","DATE_ONLY","UNEXPLAINED"
"823039","700241","2026-06-26","home","last3AppearancesKs2","2","5","3","824097|823047|823050","AVAILABLE_IN_LINEAGE_SOURCE","LAST_APPEARANCES","DATE_ONLY","UNEXPLAINED"
"823039","700241","2026-06-26","home","last3AppearancesKs3","5","1","4","824097|823047|823050","AVAILABLE_IN_LINEAGE_SOURCE","LAST_APPEARANCES","DATE_ONLY","UNEXPLAINED"
"823039","700241","2026-06-26","home","last3AppearancesBf2","25","23","2","824097|823047|823050","AVAILABLE_IN_LINEAGE_SOURCE","LAST_APPEARANCES","DATE_ONLY","UNEXPLAINED"
"823041","669461","2026-06-24","home","last3StartsIp3","4.3","5.333333333333333","1.0333333333333332","824098|823048|823053","AVAILABLE_IN_LINEAGE_SOURCE","LAST_STARTS","DATE_ONLY","UNEXPLAINED"
"823041","669461","2026-06-24","home","last3StartsBf2","18","21","3","824098|823048|823053","AVAILABLE_IN_LINEAGE_SOURCE","LAST_STARTS","DATE_ONLY","UNEXPLAINED"
"823041","669461","2026-06-24","home","last3StartsBf3","21","20","1","824098|823048|823053","AVAILABLE_IN_LINEAGE_SOURCE","LAST_STARTS","DATE_ONLY","UNEXPLAINED"
"823041","669461","2026-06-24","home","last5StartsKsAvg","4.8","5.8","1","824098|823048|823053","AVAILABLE_IN_LINEAGE_SOURCE","LAST_STARTS","DATE_ONLY","UNEXPLAINED"
"823041","669461","2026-06-24","home","last5StartsBfAvg","18.8","19.8","1","824098|823048|823053","AVAILABLE_IN_LINEAGE_SOURCE","LAST_STARTS","DATE_ONLY","UNEXPLAINED"
"823041","669461","2026-06-24","home","last5StartsPitchCountAvg","78","79","1","824098|823048|823053","AVAILABLE_IN_LINEAGE_SOURCE","LAST_STARTS","DATE_ONLY","UNEXPLAINED"
"823041","669461","2026-06-24","home","pitchesLast3Starts","202","217","15","824098|823048|823053","AVAILABLE_IN_LINEAGE_SOURCE","LAST_STARTS","DATE_ONLY","UNEXPLAINED"
"823041","669461","2026-06-24","home","last3AppearancesIp3","4.3","5.333333333333333","1.0333333333333332","824098|823048|823053","AVAILABLE_IN_LINEAGE_SOURCE","LAST_APPEARANCES","DATE_ONLY","UNEXPLAINED"
"823041","669461","2026-06-24","home","last3AppearancesBf2","18","21","3","824098|823048|823053","AVAILABLE_IN_LINEAGE_SOURCE","LAST_APPEARANCES","DATE_ONLY","UNEXPLAINED"
"823041","669461","2026-06-24","home","last3AppearancesBf3","21","20","1","824098|823048|823053","AVAILABLE_IN_LINEAGE_SOURCE","LAST_APPEARANCES","DATE_ONLY","UNEXPLAINED"
"823041","669461","2026-06-24","home","last5AppearancesKsAvg","4.8","5.8","1","824098|823048|823053","AVAILABLE_IN_LINEAGE_SOURCE","LAST_APPEARANCES","DATE_ONLY","UNEXPLAINED"
"823041","669461","2026-06-24","home","last5AppearancesBfAvg","18.8","19.8","1","824098|823048|823053","AVAILABLE_IN_LINEAGE_SOURCE","LAST_APPEARANCES","DATE_ONLY","UNEXPLAINED"
"823041","669461","2026-06-24","home","last5AppearancesPitchCountAvg","78","79","1","824098|823048|823053","AVAILABLE_IN_LINEAGE_SOURCE","LAST_APPEARANCES","DATE_ONLY","UNEXPLAINED"
"823043","681517","2026-06-23","home","last3StartsKs2","5","1","4","823044|823049|823054","AVAILABLE_IN_LINEAGE_SOURCE","LAST_STARTS","DATE_ONLY","UNEXPLAINED"
"823043","681517","2026-06-23","home","last3StartsKs3","1","4","3","823044|823049|823054","AVAILABLE_IN_LINEAGE_SOURCE","LAST_STARTS","DATE_ONLY","UNEXPLAINED"
"823043","681517","2026-06-23","home","last3StartsIp2","5","4","1","823044|823049|823054","AVAILABLE_IN_LINEAGE_SOURCE","LAST_STARTS","DATE_ONLY","UNEXPLAINED"
"823043","681517","2026-06-23","home","last3StartsBf2","22","19","3","823044|823049|823054","AVAILABLE_IN_LINEAGE_SOURCE","LAST_STARTS","DATE_ONLY","UNEXPLAINED"
"823043","681517","2026-06-23","home","last3StartsBf3","19","21","2","823044|823049|823054","AVAILABLE_IN_LINEAGE_SOURCE","LAST_STARTS","DATE_ONLY","UNEXPLAINED"
"823043","681517","2026-06-23","home","last5StartsPitchCountAvg","80","83","3","823044|823049|823054","AVAILABLE_IN_LINEAGE_SOURCE","LAST_STARTS","DATE_ONLY","UNEXPLAINED"
"823043","681517","2026-06-23","home","pitchesLast3Starts","237","238","1","823044|823049|823054","AVAILABLE_IN_LINEAGE_SOURCE","LAST_STARTS","DATE_ONLY","UNEXPLAINED"
"823043","681517","2026-06-23","home","last3AppearancesKs2","5","1","4","823044|823049|823054","AVAILABLE_IN_LINEAGE_SOURCE","LAST_APPEARANCES","DATE_ONLY","UNEXPLAINED"
"823043","681517","2026-06-23","home","last3AppearancesKs3","1","4","3","823044|823049|823054","AVAILABLE_IN_LINEAGE_SOURCE","LAST_APPEARANCES","DATE_ONLY","UNEXPLAINED"
"823043","681517","2026-06-23","home","last3AppearancesIp2","5","4","1","823044|823049|823054","AVAILABLE_IN_LINEAGE_SOURCE","LAST_APPEARANCES","DATE_ONLY","UNEXPLAINED"
"823043","681517","2026-06-23","home","last3AppearancesBf2","22","19","3","823044|823049|823054","AVAILABLE_IN_LINEAGE_SOURCE","LAST_APPEARANCES","DATE_ONLY","UNEXPLAINED"
"823043","681517","2026-06-23","home","last3AppearancesBf3","19","21","2","823044|823049|823054","AVAILABLE_IN_LINEAGE_SOURCE","LAST_APPEARANCES","DATE_ONLY","UNEXPLAINED"
"823043","681517","2026-06-23","home","last5AppearancesPitchCountAvg","80","83","3","823044|823049|823054","AVAILABLE_IN_LINEAGE_SOURCE","LAST_APPEARANCES","DATE_ONLY","UNEXPLAINED"
"823110","676106","2026-07-22","home","last5StartsPitchCountAvg","69","75.4","6.400000000000006","822951|823117|824422","AVAILABLE_IN_LINEAGE_SOURCE","LAST_STARTS","DATE_ONLY","UNEXPLAINED"
"823110","676106","2026-07-22","home","last5AppearancesPitchCountAvg","69","75.4","6.400000000000006","822951|823117|824422","AVAILABLE_IN_LINEAGE_SOURCE","LAST_APPEARANCES","DATE_ONLY","UNEXPLAINED"
"823114","622491","2026-07-21","home","last5StartsPitchCountAvg","93","98.2","5.200000000000003","822955|823120|824423","AVAILABLE_IN_LINEAGE_SOURCE","LAST_STARTS","DATE_ONLY","UNEXPLAINED"
"823114","622491","2026-07-21","home","last5AppearancesBfAvg","24.2","22.6","1.5999999999999979","822955|823120|824423","AVAILABLE_IN_LINEAGE_SOURCE","LAST_APPEARANCES","DATE_ONLY","UNEXPLAINED"
"823114","622491","2026-07-21","home","last5AppearancesPitchCountAvg","93","89.2","3.799999999999997","822955|823120|824423","AVAILABLE_IN_LINEAGE_SOURCE","LAST_APPEARANCES","DATE_ONLY","UNEXPLAINED"
"823115","682243","2026-07-17","home","last5StartsBfAvg","23.2","22","1.1999999999999993","823846|823119|823366","AVAILABLE_IN_LINEAGE_SOURCE","LAST_STARTS","DATE_ONLY","UNEXPLAINED"
"823115","682243","2026-07-17","home","last5AppearancesBfAvg","23.2","22","1.1999999999999993","823846|823119|823366","AVAILABLE_IN_LINEAGE_SOURCE","LAST_APPEARANCES","DATE_ONLY","UNEXPLAINED"
"823117","676106","2026-07-05","home","last3StartsKs3","2","3","1","824422|823126|824829","AVAILABLE_IN_LINEAGE_SOURCE","LAST_STARTS","DATE_ONLY","UNEXPLAINED"
"823117","676106","2026-07-05","home","last3StartsIp3","4","5","1","824422|823126|824829","AVAILABLE_IN_LINEAGE_SOURCE","LAST_STARTS","DATE_ONLY","UNEXPLAINED"
"823117","676106","2026-07-05","home","last5StartsPitchCountAvg","83","88.8","5.799999999999997","824422|823126|824829","AVAILABLE_IN_LINEAGE_SOURCE","LAST_STARTS","DATE_ONLY","UNEXPLAINED"
"823117","676106","2026-07-05","home","pitchesLast3Starts","233","266","33","824422|823126|824829","AVAILABLE_IN_LINEAGE_SOURCE","LAST_STARTS","DATE_ONLY","UNEXPLAINED"
"823117","676106","2026-07-05","home","last3AppearancesKs3","2","3","1","824422|823126|824829","AVAILABLE_IN_LINEAGE_SOURCE","LAST_APPEARANCES","DATE_ONLY","UNEXPLAINED"
"823117","676106","2026-07-05","home","last3AppearancesIp3","4","5","1","824422|823126|824829","AVAILABLE_IN_LINEAGE_SOURCE","LAST_APPEARANCES","DATE_ONLY","UNEXPLAINED"
"823117","676106","2026-07-05","home","last5AppearancesPitchCountAvg","83","88.8","5.799999999999997","824422|823126|824829","AVAILABLE_IN_LINEAGE_SOURCE","LAST_APPEARANCES","DATE_ONLY","UNEXPLAINED"
"823119","682243","2026-07-02","home","last3StartsKs3","7","9","2","823366|823124|824269","AVAILABLE_IN_LINEAGE_SOURCE","LAST_STARTS","DATE_ONLY","UNEXPLAINED"
"823119","682243","2026-07-02","home","last3StartsIp3","8","6","2","823366|823124|824269","AVAILABLE_IN_LINEAGE_SOURCE","LAST_STARTS","DATE_ONLY","UNEXPLAINED"
"823119","682243","2026-07-02","home","last3StartsBf3","26","20","6","823366|823124|824269","AVAILABLE_IN_LINEAGE_SOURCE","LAST_STARTS","DATE_ONLY","UNEXPLAINED"
"823119","682243","2026-07-02","home","last5StartsBfAvg","20.2","18.8","1.3999999999999986","823366|823124|824269","AVAILABLE_IN_LINEAGE_SOURCE","LAST_STARTS","DATE_ONLY","UNEXPLAINED"
"823119","682243","2026-07-02","home","last5StartsPitchCountAvg","82","78.6","3.4000000000000057","823366|823124|824269","AVAILABLE_IN_LINEAGE_SOURCE","LAST_STARTS","DATE_ONLY","UNEXPLAINED"
"823119","682243","2026-07-02","home","pitchesLast3Starts","247","250","3","823366|823124|824269","AVAILABLE_IN_LINEAGE_SOURCE","LAST_STARTS","DATE_ONLY","UNEXPLAINED"
"823119","682243","2026-07-02","home","last3AppearancesKs3","7","9","2","823366|823124|824269","AVAILABLE_IN_LINEAGE_SOURCE","LAST_APPEARANCES","DATE_ONLY","UNEXPLAINED"
"823119","682243","2026-07-02","home","last3AppearancesIp3","8","6","2","823366|823124|824269","AVAILABLE_IN_LINEAGE_SOURCE","LAST_APPEARANCES","DATE_ONLY","UNEXPLAINED"
"823119","682243","2026-07-02","home","last3AppearancesBf3","26","20","6","823366|823124|824269","AVAILABLE_IN_LINEAGE_SOURCE","LAST_APPEARANCES","DATE_ONLY","UNEXPLAINED"
"823119","682243","2026-07-02","home","last5AppearancesBfAvg","20.2","18.8","1.3999999999999986","823366|823124|824269","AVAILABLE_IN_LINEAGE_SOURCE","LAST_APPEARANCES","DATE_ONLY","UNEXPLAINED"
"823119","682243","2026-07-02","home","last5AppearancesPitchCountAvg","82","78.6","3.4000000000000057","823366|823124|824269","AVAILABLE_IN_LINEAGE_SOURCE","LAST_APPEARANCES","DATE_ONLY","UNEXPLAINED"
"823120","622491","2026-07-03","home","last3StartsKs2","4","5","1","824423|824268|824196","AVAILABLE_IN_LINEAGE_SOURCE","LAST_STARTS","DATE_ONLY","UNEXPLAINED"
"823120","622491","2026-07-03","home","last3StartsKs3","5","6","1","824423|824268|824196","AVAILABLE_IN_LINEAGE_SOURCE","LAST_STARTS","DATE_ONLY","UNEXPLAINED"
"823120","622491","2026-07-03","home","last3StartsBf2","27","21","6","824423|824268|824196","AVAILABLE_IN_LINEAGE_SOURCE","LAST_STARTS","DATE_ONLY","UNEXPLAINED"
"823120","622491","2026-07-03","home","last3StartsBf3","21","24","3","824423|824268|824196","AVAILABLE_IN_LINEAGE_SOURCE","LAST_STARTS","DATE_ONLY","UNEXPLAINED"
"823120","622491","2026-07-03","home","last5StartsPitchCountAvg","90","96.8","6.799999999999997","824423|824268|824196","AVAILABLE_IN_LINEAGE_SOURCE","LAST_STARTS","DATE_ONLY","UNEXPLAINED"
"823120","622491","2026-07-03","home","pitchesLast3Starts","238","299","61","824423|824268|824196","AVAILABLE_IN_LINEAGE_SOURCE","LAST_STARTS","DATE_ONLY","UNEXPLAINED"
"823120","622491","2026-07-03","home","last3AppearancesIp2","5.7","4","1.7000000000000002","824423|823124|824268","AVAILABLE_IN_LINEAGE_SOURCE","LAST_APPEARANCES","DATE_ONLY","UNEXPLAINED"
"823120","622491","2026-07-03","home","last3AppearancesBf2","27","19","8","824423|823124|824268","AVAILABLE_IN_LINEAGE_SOURCE","LAST_APPEARANCES","DATE_ONLY","UNEXPLAINED"
"823120","622491","2026-07-03","home","last5AppearancesKsAvg","5","4","1","824423|823124|824268","AVAILABLE_IN_LINEAGE_SOURCE","LAST_APPEARANCES","DATE_ONLY","UNEXPLAINED"
"823120","622491","2026-07-03","home","last5AppearancesBfAvg","22.2","18.6","3.599999999999998","824423|823124|824268","AVAILABLE_IN_LINEAGE_SOURCE","LAST_APPEARANCES","DATE_ONLY","UNEXPLAINED"
"823120","622491","2026-07-03","home","last5AppearancesPitchCountAvg","90","75.8","14.200000000000003","824423|823124|824268","AVAILABLE_IN_LINEAGE_SOURCE","LAST_APPEARANCES","DATE_ONLY","UNEXPLAINED"
"823180","666157","2026-08-26","away","last3StartsKs2","2","5","3","824477|824563|824492","AVAILABLE_IN_LINEAGE_SOURCE","LAST_STARTS","DATE_ONLY","UNEXPLAINED"
"823180","666157","2026-08-26","away","last3StartsKs3","5","4","1","824477|824563|824492","AVAILABLE_IN_LINEAGE_SOURCE","LAST_STARTS","DATE_ONLY","UNEXPLAINED"
"823180","666157","2026-08-26","away","last3StartsIp1","3.3","5","1.7000000000000002","824477|824563|824492","AVAILABLE_IN_LINEAGE_SOURCE","LAST_STARTS","DATE_ONLY","UNEXPLAINED"
"823180","666157","2026-08-26","away","last3StartsIp2","5","4","1","824477|824563|824492","AVAILABLE_IN_LINEAGE_SOURCE","LAST_STARTS","DATE_ONLY","UNEXPLAINED"
"823180","666157","2026-08-26","away","last3StartsIp3","4","5","1","824477|824563|824492","AVAILABLE_IN_LINEAGE_SOURCE","LAST_STARTS","DATE_ONLY","UNEXPLAINED"
"823180","666157","2026-08-26","away","last3StartsBf1","22","19","3","824477|824563|824492","AVAILABLE_IN_LINEAGE_SOURCE","LAST_STARTS","DATE_ONLY","UNEXPLAINED"
"823180","666157","2026-08-26","away","last3StartsBf2","19","18","1","824477|824563|824492","AVAILABLE_IN_LINEAGE_SOURCE","LAST_STARTS","DATE_ONLY","UNEXPLAINED"
"823180","666157","2026-08-26","away","last3StartsBf3","18","22","4","824477|824563|824492","AVAILABLE_IN_LINEAGE_SOURCE","LAST_STARTS","DATE_ONLY","UNEXPLAINED"
"823180","666157","2026-08-26","away","pitchesLastStart","91","73","18","824477|824563|824492","AVAILABLE_IN_LINEAGE_SOURCE","LAST_STARTS","DATE_ONLY","UNEXPLAINED"
"823180","666157","2026-08-26","away","pitchesLast3Starts","234","221","13","824477|824563|824492","AVAILABLE_IN_LINEAGE_SOURCE","LAST_STARTS","DATE_ONLY","UNEXPLAINED"
"823180","666157","2026-08-26","away","daysSinceLastStart","5","10","5","824477|824563|824492","AVAILABLE_IN_LINEAGE_SOURCE","LAST_STARTS","DATE_ONLY","UNEXPLAINED"
"823199","686790","2026-07-12","home","last3StartsKs2","5","3","2","823203|823206|823854","AVAILABLE_IN_LINEAGE_SOURCE","LAST_STARTS","DATE_ONLY","UNEXPLAINED"
"823199","686790","2026-07-12","home","last3StartsKs3","3","1","2","823203|823206|823854","AVAILABLE_IN_LINEAGE_SOURCE","LAST_STARTS","DATE_ONLY","UNEXPLAINED"
"823199","686790","2026-07-12","home","last3StartsIp3","5.3","3","2.3","823203|823206|823854","AVAILABLE_IN_LINEAGE_SOURCE","LAST_STARTS","DATE_ONLY","UNEXPLAINED"
"823199","686790","2026-07-12","home","last3StartsBf2","19","24","5","823203|823206|823854","AVAILABLE_IN_LINEAGE_SOURCE","LAST_STARTS","DATE_ONLY","UNEXPLAINED"
"823199","686790","2026-07-12","home","last3StartsBf3","24","20","4","823203|823206|823854","AVAILABLE_IN_LINEAGE_SOURCE","LAST_STARTS","DATE_ONLY","UNEXPLAINED"
"823199","686790","2026-07-12","home","last5StartsPitchCountAvg","80","78.2","1.7999999999999972","823203|823206|823854","AVAILABLE_IN_LINEAGE_SOURCE","LAST_STARTS","DATE_ONLY","UNEXPLAINED"
"823199","686790","2026-07-12","home","pitchesLast3Starts","238","217","21","823203|823206|823854","AVAILABLE_IN_LINEAGE_SOURCE","LAST_STARTS","DATE_ONLY","UNEXPLAINED"
"823199","686790","2026-07-12","home","last3AppearancesKs2","5","3","2","823203|823206|823854","AVAILABLE_IN_LINEAGE_SOURCE","LAST_APPEARANCES","DATE_ONLY","UNEXPLAINED"
"823199","686790","2026-07-12","home","last3AppearancesKs3","3","1","2","823203|823206|823854","AVAILABLE_IN_LINEAGE_SOURCE","LAST_APPEARANCES","DATE_ONLY","UNEXPLAINED"
"823199","686790","2026-07-12","home","last3AppearancesIp3","5.3","3","2.3","823203|823206|823854","AVAILABLE_IN_LINEAGE_SOURCE","LAST_APPEARANCES","DATE_ONLY","UNEXPLAINED"
"823199","686790","2026-07-12","home","last3AppearancesBf2","19","24","5","823203|823206|823854","AVAILABLE_IN_LINEAGE_SOURCE","LAST_APPEARANCES","DATE_ONLY","UNEXPLAINED"
"823199","686790","2026-07-12","home","last3AppearancesBf3","24","20","4","823203|823206|823854","AVAILABLE_IN_LINEAGE_SOURCE","LAST_APPEARANCES","DATE_ONLY","UNEXPLAINED"
"823199","686790","2026-07-12","home","last5AppearancesPitchCountAvg","80","78.2","1.7999999999999972","823203|823206|823854","AVAILABLE_IN_LINEAGE_SOURCE","LAST_APPEARANCES","DATE_ONLY","UNEXPLAINED"
"823202","657277","2026-07-08","home","last5StartsBfAvg","26.2","24.8","1.3999999999999986","824336|823207|823852","AVAILABLE_IN_LINEAGE_SOURCE","LAST_STARTS","DATE_ONLY","UNEXPLAINED"
"823202","657277","2026-07-08","home","last5StartsPitchCountAvg","95","93","2","824336|823207|823852","AVAILABLE_IN_LINEAGE_SOURCE","LAST_STARTS","DATE_ONLY","UNEXPLAINED"
"823202","657277","2026-07-08","home","last5AppearancesBfAvg","26.2","24.8","1.3999999999999986","824336|823207|823852","AVAILABLE_IN_LINEAGE_SOURCE","LAST_APPEARANCES","DATE_ONLY","UNEXPLAINED"
"823202","657277","2026-07-08","home","last5AppearancesPitchCountAvg","95","93","2","824336|823207|823852","AVAILABLE_IN_LINEAGE_SOURCE","LAST_APPEARANCES","DATE_ONLY","UNEXPLAINED"
"823203","686790","2026-07-07","home","last3StartsKs1","5","3","2","823206|823854|824670","AVAILABLE_IN_LINEAGE_SOURCE","LAST_STARTS","DATE_ONLY","UNEXPLAINED"
"823203","686790","2026-07-07","home","last3StartsKs2","3","1","2","823206|823854|824670","AVAILABLE_IN_LINEAGE_SOURCE","LAST_STARTS","DATE_ONLY","UNEXPLAINED"
"823203","686790","2026-07-07","home","last3StartsKs3","1","6","5","823206|823854|824670","AVAILABLE_IN_LINEAGE_SOURCE","LAST_STARTS","DATE_ONLY","UNEXPLAINED"
"823203","686790","2026-07-07","home","last3StartsIp2","5.3","3","2.3","823206|823854|824670","AVAILABLE_IN_LINEAGE_SOURCE","LAST_STARTS","DATE_ONLY","UNEXPLAINED"
"823203","686790","2026-07-07","home","last3StartsIp3","3","5","2","823206|823854|824670","AVAILABLE_IN_LINEAGE_SOURCE","LAST_STARTS","DATE_ONLY","UNEXPLAINED"
"823203","686790","2026-07-07","home","last3StartsBf1","19","24","5","823206|823854|824670","AVAILABLE_IN_LINEAGE_SOURCE","LAST_STARTS","DATE_ONLY","UNEXPLAINED"
"823203","686790","2026-07-07","home","last3StartsBf2","24","20","4","823206|823854|824670","AVAILABLE_IN_LINEAGE_SOURCE","LAST_STARTS","DATE_ONLY","UNEXPLAINED"
"823203","686790","2026-07-07","home","last3StartsBf3","20","21","1","823206|823854|824670","AVAILABLE_IN_LINEAGE_SOURCE","LAST_STARTS","DATE_ONLY","UNEXPLAINED"
"823203","686790","2026-07-07","home","last5StartsBfAvg","20.8","23","2.1999999999999993","823206|823854|824670","AVAILABLE_IN_LINEAGE_SOURCE","LAST_STARTS","DATE_ONLY","UNEXPLAINED"
"823203","686790","2026-07-07","home","last5StartsPitchCountAvg","86","83.8","2.200000000000003","823206|823854|824670","AVAILABLE_IN_LINEAGE_SOURCE","LAST_STARTS","DATE_ONLY","UNEXPLAINED"
"823203","686790","2026-07-07","home","pitchesLast3Starts","249","246","3","823206|823854|824670","AVAILABLE_IN_LINEAGE_SOURCE","LAST_STARTS","DATE_ONLY","UNEXPLAINED"
"823203","686790","2026-07-07","home","daysSinceLastStart","6","11","5","823206|823854|824670","AVAILABLE_IN_LINEAGE_SOURCE","LAST_STARTS","DATE_ONLY","UNEXPLAINED"
"823203","686790","2026-07-07","home","last3AppearancesKs1","5","3","2","823206|823854|824670","AVAILABLE_IN_LINEAGE_SOURCE","LAST_APPEARANCES","DATE_ONLY","UNEXPLAINED"
"823203","686790","2026-07-07","home","last3AppearancesKs2","3","1","2","823206|823854|824670","AVAILABLE_IN_LINEAGE_SOURCE","LAST_APPEARANCES","DATE_ONLY","UNEXPLAINED"
"823203","686790","2026-07-07","home","last3AppearancesKs3","1","6","5","823206|823854|824670","AVAILABLE_IN_LINEAGE_SOURCE","LAST_APPEARANCES","DATE_ONLY","UNEXPLAINED"
"823203","686790","2026-07-07","home","last3AppearancesIp2","5.3","3","2.3","823206|823854|824670","AVAILABLE_IN_LINEAGE_SOURCE","LAST_APPEARANCES","DATE_ONLY","UNEXPLAINED"
"823203","686790","2026-07-07","home","last3AppearancesIp3","3","5","2","823206|823854|824670","AVAILABLE_IN_LINEAGE_SOURCE","LAST_APPEARANCES","DATE_ONLY","UNEXPLAINED"
"823203","686790","2026-07-07","home","last3AppearancesBf1","19","24","5","823206|823854|824670","AVAILABLE_IN_LINEAGE_SOURCE","LAST_APPEARANCES","DATE_ONLY","UNEXPLAINED"
"823203","686790","2026-07-07","home","last3AppearancesBf2","24","20","4","823206|823854|824670","AVAILABLE_IN_LINEAGE_SOURCE","LAST_APPEARANCES","DATE_ONLY","UNEXPLAINED"
"823203","686790","2026-07-07","home","last3AppearancesBf3","20","21","1","823206|823854|824670","AVAILABLE_IN_LINEAGE_SOURCE","LAST_APPEARANCES","DATE_ONLY","UNEXPLAINED"
"823203","686790","2026-07-07","home","last5AppearancesBfAvg","20.8","23","2.1999999999999993","823206|823854|824670","AVAILABLE_IN_LINEAGE_SOURCE","LAST_APPEARANCES","DATE_ONLY","UNEXPLAINED"
"823203","686790","2026-07-07","home","last5AppearancesPitchCountAvg","86","83.8","2.200000000000003","823206|823854|824670","AVAILABLE_IN_LINEAGE_SOURCE","LAST_APPEARANCES","DATE_ONLY","UNEXPLAINED"
"823204","592662","2026-06-28","home","last3StartsKs3","4","6","2","823210|823215|824354","AVAILABLE_IN_LINEAGE_SOURCE","LAST_STARTS","DATE_ONLY","UNEXPLAINED"
"823204","592662","2026-06-28","home","last3StartsIp3","5","4","1","823210|823215|824354","AVAILABLE_IN_LINEAGE_SOURCE","LAST_STARTS","DATE_ONLY","UNEXPLAINED"
"823204","592662","2026-06-28","home","last3StartsBf3","21","19","2","823210|823215|824354","AVAILABLE_IN_LINEAGE_SOURCE","LAST_STARTS","DATE_ONLY","UNEXPLAINED"
"823204","592662","2026-06-28","home","pitchesLast3Starts","289","291","2","823210|823215|824354","AVAILABLE_IN_LINEAGE_SOURCE","LAST_STARTS","DATE_ONLY","UNEXPLAINED"
"823204","592662","2026-06-28","home","last3AppearancesKs2","3","8","5","823210|824912|824912","AVAILABLE_IN_LINEAGE_SOURCE","LAST_APPEARANCES","DATE_ONLY","UNEXPLAINED"
"823204","592662","2026-06-28","home","last3AppearancesKs3","4","8","4","823210|824912|824912","AVAILABLE_IN_LINEAGE_SOURCE","LAST_APPEARANCES","DATE_ONLY","UNEXPLAINED"
"823204","592662","2026-06-28","home","last3AppearancesIp3","5","6.333333333333333","1.333333333333333","823210|824912|824912","AVAILABLE_IN_LINEAGE_SOURCE","LAST_APPEARANCES","DATE_ONLY","UNEXPLAINED"
"823204","592662","2026-06-28","home","last3AppearancesBf2","24","23","1","823210|824912|824912","AVAILABLE_IN_LINEAGE_SOURCE","LAST_APPEARANCES","DATE_ONLY","UNEXPLAINED"
"823204","592662","2026-06-28","home","last3AppearancesBf3","21","23","2","823210|824912|824912","AVAILABLE_IN_LINEAGE_SOURCE","LAST_APPEARANCES","DATE_ONLY","UNEXPLAINED"
"823204","592662","2026-06-28","home","last5AppearancesKsAvg","4.4","5.8","1.3999999999999995","823210|824912|824912","AVAILABLE_IN_LINEAGE_SOURCE","LAST_APPEARANCES","DATE_ONLY","UNEXPLAINED"
"823204","592662","2026-06-28","home","last5AppearancesBfAvg","22.8","24","1.1999999999999993","823210|824912|824912","AVAILABLE_IN_LINEAGE_SOURCE","LAST_APPEARANCES","DATE_ONLY","UNEXPLAINED"
"823205","694738","2026-07-06","home","last3StartsKs1","4","6","2","823209|823853|824669","AVAILABLE_IN_LINEAGE_SOURCE","LAST_STARTS","DATE_ONLY","UNEXPLAINED"
"823205","694738","2026-07-06","home","last3StartsKs2","6","7","1","823209|823853|824669","AVAILABLE_IN_LINEAGE_SOURCE","LAST_STARTS","DATE_ONLY","UNEXPLAINED"
"823205","694738","2026-07-06","home","last3StartsKs3","7","5","2","823209|823853|824669","AVAILABLE_IN_LINEAGE_SOURCE","LAST_STARTS","DATE_ONLY","UNEXPLAINED"
"823205","694738","2026-07-06","home","last3StartsIp1","2.7","6","3.3","823209|823853|824669","AVAILABLE_IN_LINEAGE_SOURCE","LAST_STARTS","DATE_ONLY","UNEXPLAINED"
"823205","694738","2026-07-06","home","last3StartsBf1","19","24","5","823209|823853|824669","AVAILABLE_IN_LINEAGE_SOURCE","LAST_STARTS","DATE_ONLY","UNEXPLAINED"
"823205","694738","2026-07-06","home","last3StartsBf2","24","25","1","823209|823853|824669","AVAILABLE_IN_LINEAGE_SOURCE","LAST_STARTS","DATE_ONLY","UNEXPLAINED"
"823205","694738","2026-07-06","home","last3StartsBf3","25","22","3","823209|823853|824669","AVAILABLE_IN_LINEAGE_SOURCE","LAST_STARTS","DATE_ONLY","UNEXPLAINED"
"823205","694738","2026-07-06","home","last5StartsBfAvg","22","23.6","1.6000000000000014","823209|823853|824669","AVAILABLE_IN_LINEAGE_SOURCE","LAST_STARTS","DATE_ONLY","UNEXPLAINED"
"823205","694738","2026-07-06","home","pitchesLastStart","84","108","24","823209|823853|824669","AVAILABLE_IN_LINEAGE_SOURCE","LAST_STARTS","DATE_ONLY","UNEXPLAINED"
"823205","694738","2026-07-06","home","pitchesLast3Starts","290","304","14","823209|823853|824669","AVAILABLE_IN_LINEAGE_SOURCE","LAST_STARTS","DATE_ONLY","UNEXPLAINED"
"823205","694738","2026-07-06","home","daysSinceLastStart","6","11","5","823209|823853|824669","AVAILABLE_IN_LINEAGE_SOURCE","LAST_STARTS","DATE_ONLY","UNEXPLAINED"
"823205","694738","2026-07-06","home","last3AppearancesKs3","7","5","2","825066|823209|824669","AVAILABLE_IN_LINEAGE_SOURCE","LAST_APPEARANCES","DATE_ONLY","UNEXPLAINED"
"823205","694738","2026-07-06","home","last3AppearancesBf3","25","22","3","825066|823209|824669","AVAILABLE_IN_LINEAGE_SOURCE","LAST_APPEARANCES","DATE_ONLY","UNEXPLAINED"
"823205","694738","2026-07-06","home","last5AppearancesPitchCountAvg","99","95.8","3.200000000000003","825066|823209|824669","AVAILABLE_IN_LINEAGE_SOURCE","LAST_APPEARANCES","DATE_ONLY","UNEXPLAINED"
"823206","686790","2026-06-26","home","last3StartsKs2","4","6","2","823854|824670|823782","AVAILABLE_IN_LINEAGE_SOURCE","LAST_STARTS","DATE_ONLY","UNEXPLAINED"
"823206","686790","2026-06-26","home","last3StartsKs3","6","4","2","823854|824670|823782","AVAILABLE_IN_LINEAGE_SOURCE","LAST_STARTS","DATE_ONLY","UNEXPLAINED"
"823206","686790","2026-06-26","home","last3StartsIp2","3.7","5","1.2999999999999998","823854|824670|823782","AVAILABLE_IN_LINEAGE_SOURCE","LAST_STARTS","DATE_ONLY","UNEXPLAINED"
"823206","686790","2026-06-26","home","last3StartsBf2","20","21","1","823854|824670|823782","AVAILABLE_IN_LINEAGE_SOURCE","LAST_STARTS","DATE_ONLY","UNEXPLAINED"
"823206","686790","2026-06-26","home","last3StartsBf3","21","22","1","823854|824670|823782","AVAILABLE_IN_LINEAGE_SOURCE","LAST_STARTS","DATE_ONLY","UNEXPLAINED"
"823206","686790","2026-06-26","home","last5StartsPitchCountAvg","84","79","5","823854|824670|823782","AVAILABLE_IN_LINEAGE_SOURCE","LAST_STARTS","DATE_ONLY","UNEXPLAINED"
"823206","686790","2026-06-26","home","pitchesLast3Starts","248","243","5","823854|824670|823782","AVAILABLE_IN_LINEAGE_SOURCE","LAST_STARTS","DATE_ONLY","UNEXPLAINED"
"823206","686790","2026-06-26","home","last3AppearancesKs2","4","6","2","823854|824670|823782","AVAILABLE_IN_LINEAGE_SOURCE","LAST_APPEARANCES","DATE_ONLY","UNEXPLAINED"
"823206","686790","2026-06-26","home","last3AppearancesKs3","6","4","2","823854|824670|823782","AVAILABLE_IN_LINEAGE_SOURCE","LAST_APPEARANCES","DATE_ONLY","UNEXPLAINED"
"823206","686790","2026-06-26","home","last3AppearancesIp2","3.7","5","1.2999999999999998","823854|824670|823782","AVAILABLE_IN_LINEAGE_SOURCE","LAST_APPEARANCES","DATE_ONLY","UNEXPLAINED"
"823206","686790","2026-06-26","home","last3AppearancesBf2","20","21","1","823854|824670|823782","AVAILABLE_IN_LINEAGE_SOURCE","LAST_APPEARANCES","DATE_ONLY","UNEXPLAINED"
"823206","686790","2026-06-26","home","last3AppearancesBf3","21","22","1","823854|824670|823782","AVAILABLE_IN_LINEAGE_SOURCE","LAST_APPEARANCES","DATE_ONLY","UNEXPLAINED"
"823206","686790","2026-06-26","home","last5AppearancesPitchCountAvg","84","79","5","823854|824670|823782","AVAILABLE_IN_LINEAGE_SOURCE","LAST_APPEARANCES","DATE_ONLY","UNEXPLAINED"
"823207","657277","2026-06-27","home","last3StartsKs3","7","4","3","823852|823218|823780","AVAILABLE_IN_LINEAGE_SOURCE","LAST_STARTS","DATE_ONLY","UNEXPLAINED"
"823207","657277","2026-06-27","home","last3StartsIp3","8","7","1","823852|823218|823780","AVAILABLE_IN_LINEAGE_SOURCE","LAST_STARTS","DATE_ONLY","UNEXPLAINED"
"823207","657277","2026-06-27","home","last3StartsBf2","30","27","3","823852|823218|823780","AVAILABLE_IN_LINEAGE_SOURCE","LAST_STARTS","DATE_ONLY","UNEXPLAINED"
"823207","657277","2026-06-27","home","last3StartsBf3","27","23","4","823852|823218|823780","AVAILABLE_IN_LINEAGE_SOURCE","LAST_STARTS","DATE_ONLY","UNEXPLAINED"
"823207","657277","2026-06-27","home","last5StartsPitchCountAvg","98","96.2","1.7999999999999972","823852|823218|823780","AVAILABLE_IN_LINEAGE_SOURCE","LAST_STARTS","DATE_ONLY","UNEXPLAINED"
"823207","657277","2026-06-27","home","pitchesLast3Starts","308","297","11","823852|823218|823780","AVAILABLE_IN_LINEAGE_SOURCE","LAST_STARTS","DATE_ONLY","UNEXPLAINED"
"823207","657277","2026-06-27","home","last3AppearancesKs3","7","4","3","823852|823218|823780","AVAILABLE_IN_LINEAGE_SOURCE","LAST_APPEARANCES","DATE_ONLY","UNEXPLAINED"
"823207","657277","2026-06-27","home","last3AppearancesIp3","8","7","1","823852|823218|823780","AVAILABLE_IN_LINEAGE_SOURCE","LAST_APPEARANCES","DATE_ONLY","UNEXPLAINED"
"823207","657277","2026-06-27","home","last3AppearancesBf2","30","27","3","823852|823218|823780","AVAILABLE_IN_LINEAGE_SOURCE","LAST_APPEARANCES","DATE_ONLY","UNEXPLAINED"
"823207","657277","2026-06-27","home","last3AppearancesBf3","27","23","4","823852|823218|823780","AVAILABLE_IN_LINEAGE_SOURCE","LAST_APPEARANCES","DATE_ONLY","UNEXPLAINED"
"823207","657277","2026-06-27","home","last5AppearancesPitchCountAvg","98","96.2","1.7999999999999972","823852|823218|823780","AVAILABLE_IN_LINEAGE_SOURCE","LAST_APPEARANCES","DATE_ONLY","UNEXPLAINED"
"823209","694738","2026-06-25","home","last3StartsKs3","5","4","1","823853|824669|823781","AVAILABLE_IN_LINEAGE_SOURCE","LAST_STARTS","DATE_ONLY","UNEXPLAINED"
"823209","694738","2026-06-25","home","last3StartsIp3","5.7","4","1.7000000000000002","823853|824669|823781","AVAILABLE_IN_LINEAGE_SOURCE","LAST_STARTS","DATE_ONLY","UNEXPLAINED"
"823209","694738","2026-06-25","home","last3StartsBf2","20","22","2","823853|824669|823781","AVAILABLE_IN_LINEAGE_SOURCE","LAST_STARTS","DATE_ONLY","UNEXPLAINED"
"823209","694738","2026-06-25","home","last3StartsBf3","22","23","1","823853|824669|823781","AVAILABLE_IN_LINEAGE_SOURCE","LAST_STARTS","DATE_ONLY","UNEXPLAINED"
"823209","694738","2026-06-25","home","last5StartsPitchCountAvg","98","95.2","2.799999999999997","823853|824669|823781","AVAILABLE_IN_LINEAGE_SOURCE","LAST_STARTS","DATE_ONLY","UNEXPLAINED"
"823209","694738","2026-06-25","home","pitchesLast3Starts","301","292","9","823853|824669|823781","AVAILABLE_IN_LINEAGE_SOURCE","LAST_STARTS","DATE_ONLY","UNEXPLAINED"
"823209","694738","2026-06-25","home","last3AppearancesKs1","7","5","2","824669|823781|823219","AVAILABLE_IN_LINEAGE_SOURCE","LAST_APPEARANCES","DATE_ONLY","UNEXPLAINED"
"823209","694738","2026-06-25","home","last3AppearancesKs2","5","4","1","824669|823781|823219","AVAILABLE_IN_LINEAGE_SOURCE","LAST_APPEARANCES","DATE_ONLY","UNEXPLAINED"
"823209","694738","2026-06-25","home","last3AppearancesKs3","5","7","2","824669|823781|823219","AVAILABLE_IN_LINEAGE_SOURCE","LAST_APPEARANCES","DATE_ONLY","UNEXPLAINED"
"823209","694738","2026-06-25","home","last3AppearancesBf1","25","22","3","824669|823781|823219","AVAILABLE_IN_LINEAGE_SOURCE","LAST_APPEARANCES","DATE_ONLY","UNEXPLAINED"
"823209","694738","2026-06-25","home","last3AppearancesBf2","20","23","3","824669|823781|823219","AVAILABLE_IN_LINEAGE_SOURCE","LAST_APPEARANCES","DATE_ONLY","UNEXPLAINED"
"823209","694738","2026-06-25","home","last3AppearancesBf3","22","24","2","824669|823781|823219","AVAILABLE_IN_LINEAGE_SOURCE","LAST_APPEARANCES","DATE_ONLY","UNEXPLAINED"
"823209","694738","2026-06-25","home","last5AppearancesPitchCountAvg","98","94.4","3.5999999999999943","824669|823781|823219","AVAILABLE_IN_LINEAGE_SOURCE","LAST_APPEARANCES","DATE_ONLY","UNEXPLAINED"
"823210","592662","2026-06-23","home","last3StartsKs2","4","6","2","823215|824354|823220","AVAILABLE_IN_LINEAGE_SOURCE","LAST_STARTS","DATE_ONLY","UNEXPLAINED"
"823210","592662","2026-06-23","home","last3StartsKs3","6","3","3","823215|824354|823220","AVAILABLE_IN_LINEAGE_SOURCE","LAST_STARTS","DATE_ONLY","UNEXPLAINED"
"823210","592662","2026-06-23","home","last3StartsIp2","5","4","1","823215|824354|823220","AVAILABLE_IN_LINEAGE_SOURCE","LAST_STARTS","DATE_ONLY","UNEXPLAINED"
"823210","592662","2026-06-23","home","last3StartsBf2","21","19","2","823215|824354|823220","AVAILABLE_IN_LINEAGE_SOURCE","LAST_STARTS","DATE_ONLY","UNEXPLAINED"
"823210","592662","2026-06-23","home","last3StartsBf3","19","21","2","823215|824354|823220","AVAILABLE_IN_LINEAGE_SOURCE","LAST_STARTS","DATE_ONLY","UNEXPLAINED"
"823210","592662","2026-06-23","home","last5StartsPitchCountAvg","92","93.8","1.7999999999999972","823215|824354|823220","AVAILABLE_IN_LINEAGE_SOURCE","LAST_STARTS","DATE_ONLY","UNEXPLAINED"
"823210","592662","2026-06-23","home","pitchesLastStart","94","93","1","823215|824354|823220","AVAILABLE_IN_LINEAGE_SOURCE","LAST_STARTS","DATE_ONLY","UNEXPLAINED"
"823210","592662","2026-06-23","home","pitchesLast3Starts","284","281","3","823215|824354|823220","AVAILABLE_IN_LINEAGE_SOURCE","LAST_STARTS","DATE_ONLY","UNEXPLAINED"
"823210","592662","2026-06-23","home","daysSinceLastStart","7","13","6","823215|824354|823220","AVAILABLE_IN_LINEAGE_SOURCE","LAST_STARTS","DATE_ONLY","UNEXPLAINED"
"823210","592662","2026-06-23","home","last3AppearancesKs1","3","8","5","824912|824912|823215","AVAILABLE_IN_LINEAGE_SOURCE","LAST_APPEARANCES","DATE_ONLY","UNEXPLAINED"
"823210","592662","2026-06-23","home","last3AppearancesKs2","4","8","4","824912|824912|823215","AVAILABLE_IN_LINEAGE_SOURCE","LAST_APPEARANCES","DATE_ONLY","UNEXPLAINED"
"823210","592662","2026-06-23","home","last3AppearancesKs3","6","3","3","824912|824912|823215","AVAILABLE_IN_LINEAGE_SOURCE","LAST_APPEARANCES","DATE_ONLY","UNEXPLAINED"
"823210","592662","2026-06-23","home","last3AppearancesIp2","5","6.333333333333333","1.333333333333333","824912|824912|823215","AVAILABLE_IN_LINEAGE_SOURCE","LAST_APPEARANCES","DATE_ONLY","UNEXPLAINED"
"823210","592662","2026-06-23","home","last3AppearancesIp3","4","5.666666666666667","1.666666666666667","824912|824912|823215","AVAILABLE_IN_LINEAGE_SOURCE","LAST_APPEARANCES","DATE_ONLY","UNEXPLAINED"
"823210","592662","2026-06-23","home","last3AppearancesBf1","24","23","1","824912|824912|823215","AVAILABLE_IN_LINEAGE_SOURCE","LAST_APPEARANCES","DATE_ONLY","UNEXPLAINED"
"823210","592662","2026-06-23","home","last3AppearancesBf2","21","23","2","824912|824912|823215","AVAILABLE_IN_LINEAGE_SOURCE","LAST_APPEARANCES","DATE_ONLY","UNEXPLAINED"
"823210","592662","2026-06-23","home","last3AppearancesBf3","19","24","5","824912|824912|823215","AVAILABLE_IN_LINEAGE_SOURCE","LAST_APPEARANCES","DATE_ONLY","UNEXPLAINED"
"823210","592662","2026-06-23","home","last5AppearancesKsAvg","3.4","5.8","2.4","824912|824912|823215","AVAILABLE_IN_LINEAGE_SOURCE","LAST_APPEARANCES","DATE_ONLY","UNEXPLAINED"
"823210","592662","2026-06-23","home","last5AppearancesPitchCountAvg","92","94.8","2.799999999999997","824912|824912|823215","AVAILABLE_IN_LINEAGE_SOURCE","LAST_APPEARANCES","DATE_ONLY","UNEXPLAINED"
"823255","681190","2026-08-26","home","last3StartsKs3","1","0","1","823262|823268|823841","AVAILABLE_IN_LINEAGE_SOURCE","LAST_STARTS","DATE_ONLY","UNEXPLAINED"
"823255","681190","2026-08-26","home","last3StartsIp3","6","2.6666666666666665","3.3333333333333335","823262|823268|823841","AVAILABLE_IN_LINEAGE_SOURCE","LAST_STARTS","DATE_ONLY","UNEXPLAINED"
"823255","681190","2026-08-26","home","last3StartsBf3","20","10","10","823262|823268|823841","AVAILABLE_IN_LINEAGE_SOURCE","LAST_STARTS","DATE_ONLY","UNEXPLAINED"
"823255","681190","2026-08-26","home","last5StartsPitchCountAvg","63","61.6","1.3999999999999986","823262|823268|823841","AVAILABLE_IN_LINEAGE_SOURCE","LAST_STARTS","DATE_ONLY","UNEXPLAINED"
"823255","681190","2026-08-26","home","pitchesLast3Starts","239","186","53","823262|823268|823841","AVAILABLE_IN_LINEAGE_SOURCE","LAST_STARTS","DATE_ONLY","UNEXPLAINED"
"823255","681190","2026-08-26","home","last3AppearancesKs2","1","5","4","823262|824400|823268","AVAILABLE_IN_LINEAGE_SOURCE","LAST_APPEARANCES","DATE_ONLY","UNEXPLAINED"
"823255","681190","2026-08-26","home","last3AppearancesIp3","6","5","1","823262|824400|823268","AVAILABLE_IN_LINEAGE_SOURCE","LAST_APPEARANCES","DATE_ONLY","UNEXPLAINED"
"823255","681190","2026-08-26","home","last3AppearancesBf2","17","23","6","823262|824400|823268","AVAILABLE_IN_LINEAGE_SOURCE","LAST_APPEARANCES","DATE_ONLY","UNEXPLAINED"
"823255","681190","2026-08-26","home","last3AppearancesBf3","20","17","3","823262|824400|823268","AVAILABLE_IN_LINEAGE_SOURCE","LAST_APPEARANCES","DATE_ONLY","UNEXPLAINED"
"823255","681190","2026-08-26","home","last5AppearancesKsAvg","1","2.2","1.2000000000000002","823262|824400|823268","AVAILABLE_IN_LINEAGE_SOURCE","LAST_APPEARANCES","DATE_ONLY","UNEXPLAINED"
"823255","681190","2026-08-26","home","last5AppearancesBfAvg","17.4","20.4","3","823262|824400|823268","AVAILABLE_IN_LINEAGE_SOURCE","LAST_APPEARANCES","DATE_ONLY","UNEXPLAINED"
"823255","681190","2026-08-26","home","last5AppearancesPitchCountAvg","63","76.8","13.799999999999997","823262|824400|823268","AVAILABLE_IN_LINEAGE_SOURCE","LAST_APPEARANCES","DATE_ONLY","UNEXPLAINED"
"823274","608566","2026-07-12","home","last3StartsKs3","2","5","3","823280|825093|824049","AVAILABLE_IN_LINEAGE_SOURCE","LAST_STARTS","DATE_ONLY","UNEXPLAINED"
"823274","608566","2026-07-12","home","last3StartsIp2","5","6","1","823280|825093|824049","AVAILABLE_IN_LINEAGE_SOURCE","LAST_STARTS","DATE_ONLY","UNEXPLAINED"
"823274","608566","2026-07-12","home","last3StartsBf2","23","26","3","823280|825093|824049","AVAILABLE_IN_LINEAGE_SOURCE","LAST_STARTS","DATE_ONLY","UNEXPLAINED"
"823274","608566","2026-07-12","home","last3StartsBf3","26","20","6","823280|825093|824049","AVAILABLE_IN_LINEAGE_SOURCE","LAST_STARTS","DATE_ONLY","UNEXPLAINED"
"823274","608566","2026-07-12","home","pitchesLast3Starts","233","245","12","823280|825093|824049","AVAILABLE_IN_LINEAGE_SOURCE","LAST_STARTS","DATE_ONLY","UNEXPLAINED"
"823274","608566","2026-07-12","home","last3AppearancesKs2","2","1","1","823280|823935|823309","AVAILABLE_IN_LINEAGE_SOURCE","LAST_APPEARANCES","DATE_ONLY","UNEXPLAINED"
"823274","608566","2026-07-12","home","last3AppearancesIp2","5","3","2","823280|823935|823309","AVAILABLE_IN_LINEAGE_SOURCE","LAST_APPEARANCES","DATE_ONLY","UNEXPLAINED"
"823274","608566","2026-07-12","home","last3AppearancesIp3","6","5","1","823280|823935|823309","AVAILABLE_IN_LINEAGE_SOURCE","LAST_APPEARANCES","DATE_ONLY","UNEXPLAINED"
"823274","608566","2026-07-12","home","last3AppearancesBf2","23","13","10","823280|823935|823309","AVAILABLE_IN_LINEAGE_SOURCE","LAST_APPEARANCES","DATE_ONLY","UNEXPLAINED"
"823274","608566","2026-07-12","home","last3AppearancesBf3","26","23","3","823280|823935|823309","AVAILABLE_IN_LINEAGE_SOURCE","LAST_APPEARANCES","DATE_ONLY","UNEXPLAINED"
"823274","608566","2026-07-12","home","last5AppearancesBfAvg","21.8","20.4","1.4000000000000021","823280|823935|823309","AVAILABLE_IN_LINEAGE_SOURCE","LAST_APPEARANCES","DATE_ONLY","UNEXPLAINED"
"823274","608566","2026-07-12","home","last5AppearancesPitchCountAvg","85","79.2","5.799999999999997","823280|823935|823309","AVAILABLE_IN_LINEAGE_SOURCE","LAST_APPEARANCES","DATE_ONLY","UNEXPLAINED"
"823276","621111","2026-07-11","home","last3StartsKs2","6","5","1","823282|823285|822885","AVAILABLE_IN_LINEAGE_SOURCE","LAST_STARTS","DATE_ONLY","UNEXPLAINED"
"823276","621111","2026-07-11","home","last3StartsKs3","5","7","2","823282|823285|822885","AVAILABLE_IN_LINEAGE_SOURCE","LAST_STARTS","DATE_ONLY","UNEXPLAINED"
"823276","621111","2026-07-11","home","last3StartsIp2","4","5.333333333333333","1.333333333333333","823282|823285|822885","AVAILABLE_IN_LINEAGE_SOURCE","LAST_STARTS","DATE_ONLY","UNEXPLAINED"
"823276","621111","2026-07-11","home","last3StartsBf2","23","20","3","823282|823285|822885","AVAILABLE_IN_LINEAGE_SOURCE","LAST_STARTS","DATE_ONLY","UNEXPLAINED"
"823276","621111","2026-07-11","home","last3StartsBf3","20","21","1","823282|823285|822885","AVAILABLE_IN_LINEAGE_SOURCE","LAST_STARTS","DATE_ONLY","UNEXPLAINED"
"823276","621111","2026-07-11","home","pitchesLast3Starts","252","254","2","823282|823285|822885","AVAILABLE_IN_LINEAGE_SOURCE","LAST_STARTS","DATE_ONLY","UNEXPLAINED"
"823280","608566","2026-07-07","home","last3StartsKs2","2","5","3","825093|824049|823316","AVAILABLE_IN_LINEAGE_SOURCE","LAST_STARTS","DATE_ONLY","UNEXPLAINED"
"823280","608566","2026-07-07","home","last3StartsIp1","5","6","1","825093|824049|823316","AVAILABLE_IN_LINEAGE_SOURCE","LAST_STARTS","DATE_ONLY","UNEXPLAINED"
"823280","608566","2026-07-07","home","last3StartsBf1","23","26","3","825093|824049|823316","AVAILABLE_IN_LINEAGE_SOURCE","LAST_STARTS","DATE_ONLY","UNEXPLAINED"
"823280","608566","2026-07-07","home","last3StartsBf2","26","20","6","825093|824049|823316","AVAILABLE_IN_LINEAGE_SOURCE","LAST_STARTS","DATE_ONLY","UNEXPLAINED"
"823280","608566","2026-07-07","home","last5StartsBfAvg","22","21","1","825093|824049|823316","AVAILABLE_IN_LINEAGE_SOURCE","LAST_STARTS","DATE_ONLY","UNEXPLAINED"
"823280","608566","2026-07-07","home","last5StartsPitchCountAvg","87","81.2","5.799999999999997","825093|824049|823316","AVAILABLE_IN_LINEAGE_SOURCE","LAST_STARTS","DATE_ONLY","UNEXPLAINED"
"823280","608566","2026-07-07","home","pitchesLastStart","56","75","19","825093|824049|823316","AVAILABLE_IN_LINEAGE_SOURCE","LAST_STARTS","DATE_ONLY","UNEXPLAINED"
"823280","608566","2026-07-07","home","pitchesLast3Starts","226","249","23","825093|824049|823316","AVAILABLE_IN_LINEAGE_SOURCE","LAST_STARTS","DATE_ONLY","UNEXPLAINED"
"823280","608566","2026-07-07","home","daysSinceLastStart","5","73","68","825093|824049|823316","AVAILABLE_IN_LINEAGE_SOURCE","LAST_STARTS","DATE_ONLY","UNEXPLAINED"
"823280","608566","2026-07-07","home","last3AppearancesKs1","2","1","1","823935|823309|825093","AVAILABLE_IN_LINEAGE_SOURCE","LAST_APPEARANCES","DATE_ONLY","UNEXPLAINED"
"823280","608566","2026-07-07","home","last3AppearancesKs3","5","2","3","823935|823309|825093","AVAILABLE_IN_LINEAGE_SOURCE","LAST_APPEARANCES","DATE_ONLY","UNEXPLAINED"
"823280","608566","2026-07-07","home","last3AppearancesIp1","5","3","2","823935|823309|825093","AVAILABLE_IN_LINEAGE_SOURCE","LAST_APPEARANCES","DATE_ONLY","UNEXPLAINED"
"823280","608566","2026-07-07","home","last3AppearancesIp2","6","5","1","823935|823309|825093","AVAILABLE_IN_LINEAGE_SOURCE","LAST_APPEARANCES","DATE_ONLY","UNEXPLAINED"
"823280","608566","2026-07-07","home","last3AppearancesBf1","23","13","10","823935|823309|825093","AVAILABLE_IN_LINEAGE_SOURCE","LAST_APPEARANCES","DATE_ONLY","UNEXPLAINED"
"823280","608566","2026-07-07","home","last3AppearancesBf2","26","23","3","823935|823309|825093","AVAILABLE_IN_LINEAGE_SOURCE","LAST_APPEARANCES","DATE_ONLY","UNEXPLAINED"
"823280","608566","2026-07-07","home","last3AppearancesBf3","20","26","6","823935|823309|825093","AVAILABLE_IN_LINEAGE_SOURCE","LAST_APPEARANCES","DATE_ONLY","UNEXPLAINED"
"823280","608566","2026-07-07","home","last5AppearancesBfAvg","22","20.4","1.6000000000000014","823935|823309|825093","AVAILABLE_IN_LINEAGE_SOURCE","LAST_APPEARANCES","DATE_ONLY","UNEXPLAINED"
"823280","608566","2026-07-07","home","last5AppearancesPitchCountAvg","87","80","7","823935|823309|825093","AVAILABLE_IN_LINEAGE_SOURCE","LAST_APPEARANCES","DATE_ONLY","UNEXPLAINED"
"823282","621111","2026-07-06","home","last3StartsKs1","6","5","1","823285|822885|823289","AVAILABLE_IN_LINEAGE_SOURCE","LAST_STARTS","DATE_ONLY","UNEXPLAINED"
"823282","621111","2026-07-06","home","last3StartsKs2","5","7","2","823285|822885|823289","AVAILABLE_IN_LINEAGE_SOURCE","LAST_STARTS","DATE_ONLY","UNEXPLAINED"
"823282","621111","2026-07-06","home","last3StartsKs3","7","4","3","823285|822885|823289","AVAILABLE_IN_LINEAGE_SOURCE","LAST_STARTS","DATE_ONLY","UNEXPLAINED"
"823282","621111","2026-07-06","home","last3StartsIp1","4","5.333333333333333","1.333333333333333","823285|822885|823289","AVAILABLE_IN_LINEAGE_SOURCE","LAST_STARTS","DATE_ONLY","UNEXPLAINED"
"823282","621111","2026-07-06","home","last3StartsBf1","23","20","3","823285|822885|823289","AVAILABLE_IN_LINEAGE_SOURCE","LAST_STARTS","DATE_ONLY","UNEXPLAINED"
"823282","621111","2026-07-06","home","last3StartsBf2","20","21","1","823285|822885|823289","AVAILABLE_IN_LINEAGE_SOURCE","LAST_STARTS","DATE_ONLY","UNEXPLAINED"
"823282","621111","2026-07-06","home","last3StartsBf3","21","22","1","823285|822885|823289","AVAILABLE_IN_LINEAGE_SOURCE","LAST_STARTS","DATE_ONLY","UNEXPLAINED"
"823282","621111","2026-07-06","home","last5StartsPitchCountAvg","84","78.2","5.799999999999997","823285|822885|823289","AVAILABLE_IN_LINEAGE_SOURCE","LAST_STARTS","DATE_ONLY","UNEXPLAINED"
"823282","621111","2026-07-06","home","pitchesLastStart","85","74","11","823285|822885|823289","AVAILABLE_IN_LINEAGE_SOURCE","LAST_STARTS","DATE_ONLY","UNEXPLAINED"
"823282","621111","2026-07-06","home","pitchesLast3Starts","246","247","1","823285|822885|823289","AVAILABLE_IN_LINEAGE_SOURCE","LAST_STARTS","DATE_ONLY","UNEXPLAINED"
"823282","621111","2026-07-06","home","daysSinceLastStart","5","10","5","823285|822885|823289","AVAILABLE_IN_LINEAGE_SOURCE","LAST_STARTS","DATE_ONLY","UNEXPLAINED"
"823283","606996","2026-06-27","home","last3StartsKs1","3","1","2","831735","AVAILABLE_IN_LINEAGE_SOURCE","LAST_STARTS","DATE_ONLY","UNEXPLAINED"
"823283","606996","2026-06-27","home","last3StartsIp1","2","1","1","831735","AVAILABLE_IN_LINEAGE_SOURCE","LAST_STARTS","DATE_ONLY","UNEXPLAINED"
"823283","606996","2026-06-27","home","last3StartsBf1","9","6","3","831735","AVAILABLE_IN_LINEAGE_SOURCE","LAST_STARTS","DATE_ONLY","UNEXPLAINED"
"823283","606996","2026-06-27","home","pitchesLastStart","45","20","25","831735","AVAILABLE_IN_LINEAGE_SOURCE","LAST_STARTS","DATE_ONLY","UNEXPLAINED"
"823283","606996","2026-06-27","home","pitchesLast3Starts","66","20","46","831735","AVAILABLE_IN_LINEAGE_SOURCE","LAST_STARTS","DATE_ONLY","UNEXPLAINED"
"823283","606996","2026-06-27","home","daysSinceLastStart","4","96","92","831735","AVAILABLE_IN_LINEAGE_SOURCE","LAST_STARTS","DATE_ONLY","UNEXPLAINED"
"823285","621111","2026-06-26","home","last3StartsKs2","5","4","1","822885|823289|823456","AVAILABLE_IN_LINEAGE_SOURCE","LAST_STARTS","DATE_ONLY","UNEXPLAINED"
"823285","621111","2026-06-26","home","last3StartsKs3","4","6","2","822885|823289|823456","AVAILABLE_IN_LINEAGE_SOURCE","LAST_STARTS","DATE_ONLY","UNEXPLAINED"
"823285","621111","2026-06-26","home","last3StartsIp3","4.7","6","1.2999999999999998","822885|823289|823456","AVAILABLE_IN_LINEAGE_SOURCE","LAST_STARTS","DATE_ONLY","UNEXPLAINED"
"823285","621111","2026-06-26","home","last3StartsBf2","21","22","1","822885|823289|823456","AVAILABLE_IN_LINEAGE_SOURCE","LAST_STARTS","DATE_ONLY","UNEXPLAINED"
"823285","621111","2026-06-26","home","last3StartsBf3","22","24","2","822885|823289|823456","AVAILABLE_IN_LINEAGE_SOURCE","LAST_STARTS","DATE_ONLY","UNEXPLAINED"
"823285","621111","2026-06-26","home","last3AppearancesKs2","5","4","1","822885|823289|823456","AVAILABLE_IN_LINEAGE_SOURCE","LAST_APPEARANCES","DATE_ONLY","UNEXPLAINED"
"823285","621111","2026-06-26","home","last3AppearancesKs3","4","6","2","822885|823289|823456","AVAILABLE_IN_LINEAGE_SOURCE","LAST_APPEARANCES","DATE_ONLY","UNEXPLAINED"
"823285","621111","2026-06-26","home","last3AppearancesIp3","4.7","6","1.2999999999999998","822885|823289|823456","AVAILABLE_IN_LINEAGE_SOURCE","LAST_APPEARANCES","DATE_ONLY","UNEXPLAINED"
"823285","621111","2026-06-26","home","last3AppearancesBf2","21","22","1","822885|823289|823456","AVAILABLE_IN_LINEAGE_SOURCE","LAST_APPEARANCES","DATE_ONLY","UNEXPLAINED"
"823285","621111","2026-06-26","home","last3AppearancesBf3","22","24","2","822885|823289|823456","AVAILABLE_IN_LINEAGE_SOURCE","LAST_APPEARANCES","DATE_ONLY","UNEXPLAINED"
"823286","593974","2026-06-23","home","pitchesLast3Starts","43","22","21","822883|823046","AVAILABLE_IN_LINEAGE_SOURCE","LAST_STARTS","DATE_ONLY","UNEXPLAINED"
"823286","593974","2026-06-23","home","last3AppearancesKs2","1","0","1","822883|822886|823045","AVAILABLE_IN_LINEAGE_SOURCE","LAST_APPEARANCES","DATE_ONLY","UNEXPLAINED"
"823286","593974","2026-06-23","home","last3AppearancesBf2","3","6","3","822883|822886|823045","AVAILABLE_IN_LINEAGE_SOURCE","LAST_APPEARANCES","DATE_ONLY","UNEXPLAINED"
"823286","593974","2026-06-23","home","last5AppearancesPitchCountAvg","11","13.6","2.5999999999999996","822883|822886|823045","AVAILABLE_IN_LINEAGE_SOURCE","LAST_APPEARANCES","DATE_ONLY","UNEXPLAINED"
"823351","683003","2026-07-29","home","last3StartsKs2","9","8","1","823352|823360|823442","AVAILABLE_IN_LINEAGE_SOURCE","LAST_STARTS","DATE_ONLY","UNEXPLAINED"
"823351","683003","2026-07-29","home","last3StartsKs3","8","6","2","823352|823360|823442","AVAILABLE_IN_LINEAGE_SOURCE","LAST_STARTS","DATE_ONLY","UNEXPLAINED"
"823351","683003","2026-07-29","home","last3StartsIp2","5","6","1","823352|823360|823442","AVAILABLE_IN_LINEAGE_SOURCE","LAST_STARTS","DATE_ONLY","UNEXPLAINED"
"823351","683003","2026-07-29","home","last3StartsIp3","6","4","2","823352|823360|823442","AVAILABLE_IN_LINEAGE_SOURCE","LAST_STARTS","DATE_ONLY","UNEXPLAINED"
"823351","683003","2026-07-29","home","last3StartsBf2","19","18","1","823352|823360|823442","AVAILABLE_IN_LINEAGE_SOURCE","LAST_STARTS","DATE_ONLY","UNEXPLAINED"
"823351","683003","2026-07-29","home","last3StartsBf3","18","16","2","823352|823360|823442","AVAILABLE_IN_LINEAGE_SOURCE","LAST_STARTS","DATE_ONLY","UNEXPLAINED"
"823351","683003","2026-07-29","home","last5StartsKsAvg","6.4","5.2","1.2000000000000002","823352|823360|823442","AVAILABLE_IN_LINEAGE_SOURCE","LAST_STARTS","DATE_ONLY","UNEXPLAINED"
"823351","683003","2026-07-29","home","last5StartsBfAvg","18.8","17.4","1.4000000000000021","823352|823360|823442","AVAILABLE_IN_LINEAGE_SOURCE","LAST_STARTS","DATE_ONLY","UNEXPLAINED"
"823351","683003","2026-07-29","home","last5StartsPitchCountAvg","78","71.8","6.200000000000003","823352|823360|823442","AVAILABLE_IN_LINEAGE_SOURCE","LAST_STARTS","DATE_ONLY","UNEXPLAINED"
"823351","683003","2026-07-29","home","pitchesLast3Starts","234","233","1","823352|823360|823442","AVAILABLE_IN_LINEAGE_SOURCE","LAST_STARTS","DATE_ONLY","UNEXPLAINED"
"823351","683003","2026-07-29","home","last3AppearancesKs3","8","9","1","823352|824414|824414","AVAILABLE_IN_LINEAGE_SOURCE","LAST_APPEARANCES","DATE_ONLY","UNEXPLAINED"
"823351","683003","2026-07-29","home","last3AppearancesIp3","6","5","1","823352|824414|824414","AVAILABLE_IN_LINEAGE_SOURCE","LAST_APPEARANCES","DATE_ONLY","UNEXPLAINED"
"823351","683003","2026-07-29","home","last3AppearancesBf3","18","19","1","823352|824414|824414","AVAILABLE_IN_LINEAGE_SOURCE","LAST_APPEARANCES","DATE_ONLY","UNEXPLAINED"
"823351","683003","2026-07-29","home","last5AppearancesKsAvg","6.4","7.4","1","823352|824414|824414","AVAILABLE_IN_LINEAGE_SOURCE","LAST_APPEARANCES","DATE_ONLY","UNEXPLAINED"
"823351","683003","2026-07-29","home","last5AppearancesPitchCountAvg","78","76.2","1.7999999999999972","823352|824414|824414","AVAILABLE_IN_LINEAGE_SOURCE","LAST_APPEARANCES","DATE_ONLY","UNEXPLAINED"
"823361","694973","2026-07-07","home","last3StartsKs1","5","7","2","823363|824342|823374","AVAILABLE_IN_LINEAGE_SOURCE","LAST_STARTS","DATE_ONLY","UNEXPLAINED"
"823361","694973","2026-07-07","home","last3StartsKs2","7","8","1","823363|824342|823374","AVAILABLE_IN_LINEAGE_SOURCE","LAST_STARTS","DATE_ONLY","UNEXPLAINED"
"823361","694973","2026-07-07","home","last3StartsKs3","8","7","1","823363|824342|823374","AVAILABLE_IN_LINEAGE_SOURCE","LAST_STARTS","DATE_ONLY","UNEXPLAINED"
"823361","694973","2026-07-07","home","last3StartsIp1","4","5","1","823363|824342|823374","AVAILABLE_IN_LINEAGE_SOURCE","LAST_STARTS","DATE_ONLY","UNEXPLAINED"
"823361","694973","2026-07-07","home","last3StartsIp2","5","6","1","823363|824342|823374","AVAILABLE_IN_LINEAGE_SOURCE","LAST_STARTS","DATE_ONLY","UNEXPLAINED"
"823361","694973","2026-07-07","home","last3StartsBf1","22","23","1","823363|824342|823374","AVAILABLE_IN_LINEAGE_SOURCE","LAST_STARTS","DATE_ONLY","UNEXPLAINED"
"823361","694973","2026-07-07","home","last3StartsBf2","23","24","1","823363|824342|823374","AVAILABLE_IN_LINEAGE_SOURCE","LAST_STARTS","DATE_ONLY","UNEXPLAINED"
"823361","694973","2026-07-07","home","last3StartsBf3","24","25","1","823363|824342|823374","AVAILABLE_IN_LINEAGE_SOURCE","LAST_STARTS","DATE_ONLY","UNEXPLAINED"
"823361","694973","2026-07-07","home","last5StartsPitchCountAvg","98","103","5","823363|824342|823374","AVAILABLE_IN_LINEAGE_SOURCE","LAST_STARTS","DATE_ONLY","UNEXPLAINED"
"823361","694973","2026-07-07","home","pitchesLastStart","81","96","15","823363|824342|823374","AVAILABLE_IN_LINEAGE_SOURCE","LAST_STARTS","DATE_ONLY","UNEXPLAINED"
"823361","694973","2026-07-07","home","pitchesLast3Starts","281","303","22","823363|824342|823374","AVAILABLE_IN_LINEAGE_SOURCE","LAST_STARTS","DATE_ONLY","UNEXPLAINED"
"823361","694973","2026-07-07","home","daysSinceLastStart","6","11","5","823363|824342|823374","AVAILABLE_IN_LINEAGE_SOURCE","LAST_STARTS","DATE_ONLY","UNEXPLAINED"
"823361","694973","2026-07-07","home","last3AppearancesKs1","5","7","2","823363|824342|823374","AVAILABLE_IN_LINEAGE_SOURCE","LAST_APPEARANCES","DATE_ONLY","UNEXPLAINED"
"823361","694973","2026-07-07","home","last3AppearancesKs2","7","8","1","823363|824342|823374","AVAILABLE_IN_LINEAGE_SOURCE","LAST_APPEARANCES","DATE_ONLY","UNEXPLAINED"
"823361","694973","2026-07-07","home","last3AppearancesKs3","8","7","1","823363|824342|823374","AVAILABLE_IN_LINEAGE_SOURCE","LAST_APPEARANCES","DATE_ONLY","UNEXPLAINED"
"823361","694973","2026-07-07","home","last3AppearancesIp1","4","5","1","823363|824342|823374","AVAILABLE_IN_LINEAGE_SOURCE","LAST_APPEARANCES","DATE_ONLY","UNEXPLAINED"
"823361","694973","2026-07-07","home","last3AppearancesIp2","5","6","1","823363|824342|823374","AVAILABLE_IN_LINEAGE_SOURCE","LAST_APPEARANCES","DATE_ONLY","UNEXPLAINED"
"823361","694973","2026-07-07","home","last3AppearancesBf1","22","23","1","823363|824342|823374","AVAILABLE_IN_LINEAGE_SOURCE","LAST_APPEARANCES","DATE_ONLY","UNEXPLAINED"
"823361","694973","2026-07-07","home","last3AppearancesBf2","23","24","1","823363|824342|823374","AVAILABLE_IN_LINEAGE_SOURCE","LAST_APPEARANCES","DATE_ONLY","UNEXPLAINED"
"823361","694973","2026-07-07","home","last3AppearancesBf3","24","25","1","823363|824342|823374","AVAILABLE_IN_LINEAGE_SOURCE","LAST_APPEARANCES","DATE_ONLY","UNEXPLAINED"
"823361","694973","2026-07-07","home","last5AppearancesPitchCountAvg","98","103","5","823363|824342|823374","AVAILABLE_IN_LINEAGE_SOURCE","LAST_APPEARANCES","DATE_ONLY","UNEXPLAINED"
"823362","656605","2026-06-28","home","last3StartsKs3","3","4","1","823365|824991|824914","AVAILABLE_IN_LINEAGE_SOURCE","LAST_STARTS","DATE_ONLY","UNEXPLAINED"
"823362","656605","2026-06-28","home","last3StartsBf3","24","25","1","823365|824991|824914","AVAILABLE_IN_LINEAGE_SOURCE","LAST_STARTS","DATE_ONLY","UNEXPLAINED"
"823362","656605","2026-06-28","home","last5StartsPitchCountAvg","92","93","1","823365|824991|824914","AVAILABLE_IN_LINEAGE_SOURCE","LAST_STARTS","DATE_ONLY","UNEXPLAINED"
"823362","656605","2026-06-28","home","pitchesLast3Starts","286","287","1","823365|824991|824914","AVAILABLE_IN_LINEAGE_SOURCE","LAST_STARTS","DATE_ONLY","UNEXPLAINED"
"823362","656605","2026-06-28","home","last3AppearancesKs3","3","4","1","823365|824991|824914","AVAILABLE_IN_LINEAGE_SOURCE","LAST_APPEARANCES","DATE_ONLY","UNEXPLAINED"
"823362","656605","2026-06-28","home","last3AppearancesBf3","24","25","1","823365|824991|824914","AVAILABLE_IN_LINEAGE_SOURCE","LAST_APPEARANCES","DATE_ONLY","UNEXPLAINED"
"823362","656605","2026-06-28","home","last5AppearancesPitchCountAvg","92","93","1","823365|824991|824914","AVAILABLE_IN_LINEAGE_SOURCE","LAST_APPEARANCES","DATE_ONLY","UNEXPLAINED"
"823363","694973","2026-06-26","home","last3StartsKs2","10","7","3","824342|823374|824188","AVAILABLE_IN_LINEAGE_SOURCE","LAST_STARTS","DATE_ONLY","UNEXPLAINED"
"823363","694973","2026-06-26","home","last3StartsIp3","6","4.666666666666667","1.333333333333333","824342|823374|824188","AVAILABLE_IN_LINEAGE_SOURCE","LAST_STARTS","DATE_ONLY","UNEXPLAINED"
"823363","694973","2026-06-26","home","last3StartsBf2","23","25","2","824342|823374|824188","AVAILABLE_IN_LINEAGE_SOURCE","LAST_STARTS","DATE_ONLY","UNEXPLAINED"
"823363","694973","2026-06-26","home","last3StartsBf3","25","23","2","824342|823374|824188","AVAILABLE_IN_LINEAGE_SOURCE","LAST_STARTS","DATE_ONLY","UNEXPLAINED"
"823363","694973","2026-06-26","home","last5StartsKsAvg","8.4","6.8","1.6000000000000005","824342|823374|824188","AVAILABLE_IN_LINEAGE_SOURCE","LAST_STARTS","DATE_ONLY","UNEXPLAINED"
"823363","694973","2026-06-26","home","last5StartsKsStd","1.36","2.6381811916545836","1.2781811916545835","824342|823374|824188","AVAILABLE_IN_LINEAGE_SOURCE","LAST_STARTS","DATE_ONLY","UNEXPLAINED"
"823363","694973","2026-06-26","home","last5StartsPitchCountAvg","105","103.4","1.5999999999999943","824342|823374|824188","AVAILABLE_IN_LINEAGE_SOURCE","LAST_STARTS","DATE_ONLY","UNEXPLAINED"
"823363","694973","2026-06-26","home","pitchesLast3Starts","311","316","5","824342|823374|824188","AVAILABLE_IN_LINEAGE_SOURCE","LAST_STARTS","DATE_ONLY","UNEXPLAINED"
"823363","694973","2026-06-26","home","last3AppearancesKs2","10","7","3","824342|823374|824188","AVAILABLE_IN_LINEAGE_SOURCE","LAST_APPEARANCES","DATE_ONLY","UNEXPLAINED"
"823363","694973","2026-06-26","home","last3AppearancesIp3","6","4.666666666666667","1.333333333333333","824342|823374|824188","AVAILABLE_IN_LINEAGE_SOURCE","LAST_APPEARANCES","DATE_ONLY","UNEXPLAINED"
"823363","694973","2026-06-26","home","last3AppearancesBf2","23","25","2","824342|823374|824188","AVAILABLE_IN_LINEAGE_SOURCE","LAST_APPEARANCES","DATE_ONLY","UNEXPLAINED"
"823363","694973","2026-06-26","home","last3AppearancesBf3","25","23","2","824342|823374|824188","AVAILABLE_IN_LINEAGE_SOURCE","LAST_APPEARANCES","DATE_ONLY","UNEXPLAINED"
"823363","694973","2026-06-26","home","last5AppearancesKsAvg","8.4","6.8","1.6000000000000005","824342|823374|824188","AVAILABLE_IN_LINEAGE_SOURCE","LAST_APPEARANCES","DATE_ONLY","UNEXPLAINED"
"823363","694973","2026-06-26","home","last5AppearancesKsStd","1.36","2.6381811916545836","1.2781811916545835","824342|823374|824188","AVAILABLE_IN_LINEAGE_SOURCE","LAST_APPEARANCES","DATE_ONLY","UNEXPLAINED"
"823363","694973","2026-06-26","home","last5AppearancesPitchCountAvg","105","103.4","1.5999999999999943","824342|823374|824188","AVAILABLE_IN_LINEAGE_SOURCE","LAST_APPEARANCES","DATE_ONLY","UNEXPLAINED"
"823365","656605","2026-06-23","home","last3StartsKs2","3","4","1","824991|824914|823375","AVAILABLE_IN_LINEAGE_SOURCE","LAST_STARTS","DATE_ONLY","UNEXPLAINED"
"823365","656605","2026-06-23","home","last3StartsKs3","4","5","1","824991|824914|823375","AVAILABLE_IN_LINEAGE_SOURCE","LAST_STARTS","DATE_ONLY","UNEXPLAINED"
"823365","656605","2026-06-23","home","last3StartsBf2","24","25","1","824991|824914|823375","AVAILABLE_IN_LINEAGE_SOURCE","LAST_STARTS","DATE_ONLY","UNEXPLAINED"
"823365","656605","2026-06-23","home","last3StartsBf3","25","23","2","824991|824914|823375","AVAILABLE_IN_LINEAGE_SOURCE","LAST_STARTS","DATE_ONLY","UNEXPLAINED"
"823365","656605","2026-06-23","home","last5StartsPitchCountAvg","94","91.2","2.799999999999997","824991|824914|823375","AVAILABLE_IN_LINEAGE_SOURCE","LAST_STARTS","DATE_ONLY","UNEXPLAINED"
"823365","656605","2026-06-23","home","pitchesLast3Starts","293","272","21","824991|824914|823375","AVAILABLE_IN_LINEAGE_SOURCE","LAST_STARTS","DATE_ONLY","UNEXPLAINED"
"823365","656605","2026-06-23","home","last3AppearancesKs2","3","4","1","824991|824914|823375","AVAILABLE_IN_LINEAGE_SOURCE","LAST_APPEARANCES","DATE_ONLY","UNEXPLAINED"
"823365","656605","2026-06-23","home","last3AppearancesKs3","4","5","1","824991|824914|823375","AVAILABLE_IN_LINEAGE_SOURCE","LAST_APPEARANCES","DATE_ONLY","UNEXPLAINED"
"823365","656605","2026-06-23","home","last3AppearancesBf2","24","25","1","824991|824914|823375","AVAILABLE_IN_LINEAGE_SOURCE","LAST_APPEARANCES","DATE_ONLY","UNEXPLAINED"
"823365","656605","2026-06-23","home","last3AppearancesBf3","25","23","2","824991|824914|823375","AVAILABLE_IN_LINEAGE_SOURCE","LAST_APPEARANCES","DATE_ONLY","UNEXPLAINED"
"823365","656605","2026-06-23","home","last5AppearancesPitchCountAvg","94","91.2","2.799999999999997","824991|824914|823375","AVAILABLE_IN_LINEAGE_SOURCE","LAST_APPEARANCES","DATE_ONLY","UNEXPLAINED"
"823366","696149","2026-06-25","home","last3StartsKs2","6","3","3","824345|824189|823376","AVAILABLE_IN_LINEAGE_SOURCE","LAST_STARTS","DATE_ONLY","UNEXPLAINED"
"823366","696149","2026-06-25","home","last3StartsKs3","3","5","2","824345|824189|823376","AVAILABLE_IN_LINEAGE_SOURCE","LAST_STARTS","DATE_ONLY","UNEXPLAINED"
"823366","696149","2026-06-25","home","last3StartsBf2","22","23","1","824345|824189|823376","AVAILABLE_IN_LINEAGE_SOURCE","LAST_STARTS","DATE_ONLY","UNEXPLAINED"
"823366","696149","2026-06-25","home","last3StartsBf3","23","24","1","824345|824189|823376","AVAILABLE_IN_LINEAGE_SOURCE","LAST_STARTS","DATE_ONLY","UNEXPLAINED"
"823366","696149","2026-06-25","home","last5StartsBfAvg","23.6","22.4","1.2000000000000028","824345|824189|823376","AVAILABLE_IN_LINEAGE_SOURCE","LAST_STARTS","DATE_ONLY","UNEXPLAINED"
"823366","696149","2026-06-25","home","last5StartsPitchCountAvg","88","85.6","2.4000000000000057","824345|824189|823376","AVAILABLE_IN_LINEAGE_SOURCE","LAST_STARTS","DATE_ONLY","UNEXPLAINED"
"823366","696149","2026-06-25","home","pitchesLast3Starts","246","256","10","824345|824189|823376","AVAILABLE_IN_LINEAGE_SOURCE","LAST_STARTS","DATE_ONLY","UNEXPLAINED"
"823366","696149","2026-06-25","home","last3AppearancesKs2","6","7","1","824345|824916|824189","AVAILABLE_IN_LINEAGE_SOURCE","LAST_APPEARANCES","DATE_ONLY","UNEXPLAINED"
"823366","696149","2026-06-25","home","last3AppearancesBf2","22","20","2","824345|824916|824189","AVAILABLE_IN_LINEAGE_SOURCE","LAST_APPEARANCES","DATE_ONLY","UNEXPLAINED"
"823367","677952","2026-06-24","home","last3StartsKs2","4","5","1","824992|824915|823373","AVAILABLE_IN_LINEAGE_SOURCE","LAST_STARTS","DATE_ONLY","UNEXPLAINED"
"823367","677952","2026-06-24","home","last3StartsKs3","5","11","6","824992|824915|823373","AVAILABLE_IN_LINEAGE_SOURCE","LAST_STARTS","DATE_ONLY","UNEXPLAINED"
"823367","677952","2026-06-24","home","last3StartsIp3","5","6","1","824992|824915|823373","AVAILABLE_IN_LINEAGE_SOURCE","LAST_STARTS","DATE_ONLY","UNEXPLAINED"
"823367","677952","2026-06-24","home","last3StartsBf2","22","25","3","824992|824915|823373","AVAILABLE_IN_LINEAGE_SOURCE","LAST_STARTS","DATE_ONLY","UNEXPLAINED"
"823367","677952","2026-06-24","home","last3StartsBf3","25","22","3","824992|824915|823373","AVAILABLE_IN_LINEAGE_SOURCE","LAST_STARTS","DATE_ONLY","UNEXPLAINED"
"823367","677952","2026-06-24","home","last5StartsKsAvg","6.4","7.4","1","824992|824915|823373","AVAILABLE_IN_LINEAGE_SOURCE","LAST_STARTS","DATE_ONLY","UNEXPLAINED"
"823367","677952","2026-06-24","home","last5StartsBfAvg","24.6","25.6","1","824992|824915|823373","AVAILABLE_IN_LINEAGE_SOURCE","LAST_STARTS","DATE_ONLY","UNEXPLAINED"
"823367","677952","2026-06-24","home","last5StartsPitchCountAvg","89","90.4","1.4000000000000057","824992|824915|823373","AVAILABLE_IN_LINEAGE_SOURCE","LAST_STARTS","DATE_ONLY","UNEXPLAINED"
"823367","677952","2026-06-24","home","pitchesLast3Starts","269","259","10","824992|824915|823373","AVAILABLE_IN_LINEAGE_SOURCE","LAST_STARTS","DATE_ONLY","UNEXPLAINED"
"823367","677952","2026-06-24","home","last3AppearancesKs2","4","5","1","824992|824915|823373","AVAILABLE_IN_LINEAGE_SOURCE","LAST_APPEARANCES","DATE_ONLY","UNEXPLAINED"
"823367","677952","2026-06-24","home","last3AppearancesKs3","5","11","6","824992|824915|823373","AVAILABLE_IN_LINEAGE_SOURCE","LAST_APPEARANCES","DATE_ONLY","UNEXPLAINED"
"823367","677952","2026-06-24","home","last3AppearancesIp3","5","6","1","824992|824915|823373","AVAILABLE_IN_LINEAGE_SOURCE","LAST_APPEARANCES","DATE_ONLY","UNEXPLAINED"
"823367","677952","2026-06-24","home","last3AppearancesBf2","22","25","3","824992|824915|823373","AVAILABLE_IN_LINEAGE_SOURCE","LAST_APPEARANCES","DATE_ONLY","UNEXPLAINED"
"823367","677952","2026-06-24","home","last3AppearancesBf3","25","22","3","824992|824915|823373","AVAILABLE_IN_LINEAGE_SOURCE","LAST_APPEARANCES","DATE_ONLY","UNEXPLAINED"
"823367","677952","2026-06-24","home","last5AppearancesKsAvg","6.4","7.4","1","824992|824915|823373","AVAILABLE_IN_LINEAGE_SOURCE","LAST_APPEARANCES","DATE_ONLY","UNEXPLAINED"
"823367","677952","2026-06-24","home","last5AppearancesBfAvg","24.6","25.6","1","824992|824915|823373","AVAILABLE_IN_LINEAGE_SOURCE","LAST_APPEARANCES","DATE_ONLY","UNEXPLAINED"
"823367","677952","2026-06-24","home","last5AppearancesPitchCountAvg","89","90.4","1.4000000000000057","824992|824915|823373","AVAILABLE_IN_LINEAGE_SOURCE","LAST_APPEARANCES","DATE_ONLY","UNEXPLAINED"
"823434","666200","2026-07-24","home","last3AppearancesKs2","11","1","10","823441|823443|824494","AVAILABLE_IN_LINEAGE_SOURCE","LAST_APPEARANCES","DATE_ONLY","UNEXPLAINED"
"823434","666200","2026-07-24","home","last3AppearancesKs3","9","11","2","823441|823443|824494","AVAILABLE_IN_LINEAGE_SOURCE","LAST_APPEARANCES","DATE_ONLY","UNEXPLAINED"
"823434","666200","2026-07-24","home","last3AppearancesIp2","7","1","6","823441|823443|824494","AVAILABLE_IN_LINEAGE_SOURCE","LAST_APPEARANCES","DATE_ONLY","UNEXPLAINED"
"823434","666200","2026-07-24","home","last3AppearancesIp3","6","7","1","823441|823443|824494","AVAILABLE_IN_LINEAGE_SOURCE","LAST_APPEARANCES","DATE_ONLY","UNEXPLAINED"
"823434","666200","2026-07-24","home","last3AppearancesBf2","26","3","23","823441|823443|824494","AVAILABLE_IN_LINEAGE_SOURCE","LAST_APPEARANCES","DATE_ONLY","UNEXPLAINED"
"823434","666200","2026-07-24","home","last3AppearancesBf3","23","26","3","823441|823443|824494","AVAILABLE_IN_LINEAGE_SOURCE","LAST_APPEARANCES","DATE_ONLY","UNEXPLAINED"
"823434","666200","2026-07-24","home","last5AppearancesKsAvg","9.2","6.8","2.3999999999999995","823441|823443|824494","AVAILABLE_IN_LINEAGE_SOURCE","LAST_APPEARANCES","DATE_ONLY","UNEXPLAINED"
"823434","666200","2026-07-24","home","last5AppearancesIpAvg","5.9","4.8","1.1000000000000005","823441|823443|824494","AVAILABLE_IN_LINEAGE_SOURCE","LAST_APPEARANCES","DATE_ONLY","UNEXPLAINED"
"823434","666200","2026-07-24","home","last5AppearancesBfAvg","23.8","18.8","5","823441|823443|824494","AVAILABLE_IN_LINEAGE_SOURCE","LAST_APPEARANCES","DATE_ONLY","UNEXPLAINED"
"823434","666200","2026-07-24","home","last5AppearancesPitchCountAvg","96","76.6","19.400000000000006","823441|823443|824494","AVAILABLE_IN_LINEAGE_SOURCE","LAST_APPEARANCES","DATE_ONLY","UNEXPLAINED"
"823525","677960","2026-07-05","home","last5StartsKsAvg","4.6","6.2","1.6000000000000005","823529|824259|823533","AVAILABLE_IN_LINEAGE_SOURCE","LAST_STARTS","DATE_ONLY","UNEXPLAINED"
"823525","677960","2026-07-05","home","last5StartsBfAvg","21.6","23.4","1.7999999999999972","823529|824259|823533","AVAILABLE_IN_LINEAGE_SOURCE","LAST_STARTS","DATE_ONLY","UNEXPLAINED"
"823525","677960","2026-07-05","home","last5StartsPitchCountAvg","83","88","5","823529|824259|823533","AVAILABLE_IN_LINEAGE_SOURCE","LAST_STARTS","DATE_ONLY","UNEXPLAINED"
"823525","677960","2026-07-05","home","last5AppearancesKsAvg","4.6","6.2","1.6000000000000005","823529|824259|823533","AVAILABLE_IN_LINEAGE_SOURCE","LAST_APPEARANCES","DATE_ONLY","UNEXPLAINED"
"823525","677960","2026-07-05","home","last5AppearancesBfAvg","21.6","23.4","1.7999999999999972","823529|824259|823533","AVAILABLE_IN_LINEAGE_SOURCE","LAST_APPEARANCES","DATE_ONLY","UNEXPLAINED"
"823525","677960","2026-07-05","home","last5AppearancesPitchCountAvg","83","88","5","823529|824259|823533","AVAILABLE_IN_LINEAGE_SOURCE","LAST_APPEARANCES","DATE_ONLY","UNEXPLAINED"
"823529","677960","2026-06-29","home","last3StartsKs3","2","4","2","824259|823533|823538","AVAILABLE_IN_LINEAGE_SOURCE","LAST_STARTS","DATE_ONLY","UNEXPLAINED"
"823529","677960","2026-06-29","home","last3StartsIp3","4.3","6","1.7000000000000002","824259|823533|823538","AVAILABLE_IN_LINEAGE_SOURCE","LAST_STARTS","DATE_ONLY","UNEXPLAINED"
"823529","677960","2026-06-29","home","last3StartsBf3","20","26","6","824259|823533|823538","AVAILABLE_IN_LINEAGE_SOURCE","LAST_STARTS","DATE_ONLY","UNEXPLAINED"
"823529","677960","2026-06-29","home","last5StartsBfAvg","24.6","25.8","1.1999999999999993","824259|823533|823538","AVAILABLE_IN_LINEAGE_SOURCE","LAST_STARTS","DATE_ONLY","UNEXPLAINED"
"823529","677960","2026-06-29","home","last5StartsPitchCountAvg","93","96","3","824259|823533|823538","AVAILABLE_IN_LINEAGE_SOURCE","LAST_STARTS","DATE_ONLY","UNEXPLAINED"
"823529","677960","2026-06-29","home","pitchesLast3Starts","267","278","11","824259|823533|823538","AVAILABLE_IN_LINEAGE_SOURCE","LAST_STARTS","DATE_ONLY","UNEXPLAINED"
"823529","677960","2026-06-29","home","last3AppearancesKs3","2","4","2","824259|823533|823538","AVAILABLE_IN_LINEAGE_SOURCE","LAST_APPEARANCES","DATE_ONLY","UNEXPLAINED"
"823529","677960","2026-06-29","home","last3AppearancesIp3","4.3","6","1.7000000000000002","824259|823533|823538","AVAILABLE_IN_LINEAGE_SOURCE","LAST_APPEARANCES","DATE_ONLY","UNEXPLAINED"
"823529","677960","2026-06-29","home","last3AppearancesBf3","20","26","6","824259|823533|823538","AVAILABLE_IN_LINEAGE_SOURCE","LAST_APPEARANCES","DATE_ONLY","UNEXPLAINED"
"823529","677960","2026-06-29","home","last5AppearancesBfAvg","24.6","25.8","1.1999999999999993","824259|823533|823538","AVAILABLE_IN_LINEAGE_SOURCE","LAST_APPEARANCES","DATE_ONLY","UNEXPLAINED"
"823529","677960","2026-06-29","home","last5AppearancesPitchCountAvg","93","96","3","824259|823533|823538","AVAILABLE_IN_LINEAGE_SOURCE","LAST_APPEARANCES","DATE_ONLY","UNEXPLAINED"
"823530","701542","2026-07-01","home","last3StartsKs3","1","5","4","824743|823532|824427","AVAILABLE_IN_LINEAGE_SOURCE","LAST_STARTS","DATE_ONLY","UNEXPLAINED"
"823530","701542","2026-07-01","home","last3StartsBf3","21","20","1","824743|823532|824427","AVAILABLE_IN_LINEAGE_SOURCE","LAST_STARTS","DATE_ONLY","UNEXPLAINED"
"823530","701542","2026-07-01","home","last5StartsPitchCountAvg","90","87.6","2.4000000000000057","824743|823532|824427","AVAILABLE_IN_LINEAGE_SOURCE","LAST_STARTS","DATE_ONLY","UNEXPLAINED"
"823530","701542","2026-07-01","home","pitchesLast3Starts","278","271","7","824743|823532|824427","AVAILABLE_IN_LINEAGE_SOURCE","LAST_STARTS","DATE_ONLY","UNEXPLAINED"
"823530","701542","2026-07-01","home","last3AppearancesKs3","1","5","4","824743|823532|824427","AVAILABLE_IN_LINEAGE_SOURCE","LAST_APPEARANCES","DATE_ONLY","UNEXPLAINED"
"823530","701542","2026-07-01","home","last3AppearancesBf3","21","20","1","824743|823532|824427","AVAILABLE_IN_LINEAGE_SOURCE","LAST_APPEARANCES","DATE_ONLY","UNEXPLAINED"
"823530","701542","2026-07-01","home","last5AppearancesPitchCountAvg","90","87.6","2.4000000000000057","824743|823532|824427","AVAILABLE_IN_LINEAGE_SOURCE","LAST_APPEARANCES","DATE_ONLY","UNEXPLAINED"
"823605","681035","2026-07-08","home","last3StartsKs3","6","3","3","824904|823609|823293","AVAILABLE_IN_LINEAGE_SOURCE","LAST_STARTS","DATE_ONLY","UNEXPLAINED"
"823605","681035","2026-07-08","home","last3StartsBf3","22","21","1","824904|823609|823293","AVAILABLE_IN_LINEAGE_SOURCE","LAST_STARTS","DATE_ONLY","UNEXPLAINED"
"823605","681035","2026-07-08","home","last5StartsPitchCountAvg","89","90.4","1.4000000000000057","824904|823609|823293","AVAILABLE_IN_LINEAGE_SOURCE","LAST_STARTS","DATE_ONLY","UNEXPLAINED"
"823605","681035","2026-07-08","home","pitchesLast3Starts","252","262","10","824904|823609|823293","AVAILABLE_IN_LINEAGE_SOURCE","LAST_STARTS","DATE_ONLY","UNEXPLAINED"
"823605","681035","2026-07-08","home","last3AppearancesKs3","6","3","3","824904|823609|823293","AVAILABLE_IN_LINEAGE_SOURCE","LAST_APPEARANCES","DATE_ONLY","UNEXPLAINED"
"823605","681035","2026-07-08","home","last3AppearancesBf3","22","21","1","824904|823609|823293","AVAILABLE_IN_LINEAGE_SOURCE","LAST_APPEARANCES","DATE_ONLY","UNEXPLAINED"
"823605","681035","2026-07-08","home","last5AppearancesPitchCountAvg","89","90.4","1.4000000000000057","824904|823609|823293","AVAILABLE_IN_LINEAGE_SOURCE","LAST_APPEARANCES","DATE_ONLY","UNEXPLAINED"
"823606","640455","2026-07-09","home","last5StartsBfAvg","22.2","20.2","2","824903|822792|823611","AVAILABLE_IN_LINEAGE_SOURCE","LAST_STARTS","DATE_ONLY","UNEXPLAINED"
"823606","640455","2026-07-09","home","last5StartsPitchCountAvg","93","86.2","6.799999999999997","824903|822792|823611","AVAILABLE_IN_LINEAGE_SOURCE","LAST_STARTS","DATE_ONLY","UNEXPLAINED"
"823606","640455","2026-07-09","home","last5AppearancesBfAvg","22.2","21","1.1999999999999993","824903|822792|823611","AVAILABLE_IN_LINEAGE_SOURCE","LAST_APPEARANCES","DATE_ONLY","UNEXPLAINED"
"823606","640455","2026-07-09","home","last5AppearancesPitchCountAvg","93","89","4","824903|822792|823611","AVAILABLE_IN_LINEAGE_SOURCE","LAST_APPEARANCES","DATE_ONLY","UNEXPLAINED"
"823607","672335","2026-07-07","home","pitchesLastStart","16","9","7","823608","AVAILABLE_IN_LINEAGE_SOURCE","LAST_STARTS","DATE_ONLY","UNEXPLAINED"
"823607","672335","2026-07-07","home","pitchesLast3Starts","55","9","46","823608","AVAILABLE_IN_LINEAGE_SOURCE","LAST_STARTS","DATE_ONLY","UNEXPLAINED"
"823607","672335","2026-07-07","home","daysSinceLastStart","1","9","8","823608","AVAILABLE_IN_LINEAGE_SOURCE","LAST_STARTS","DATE_ONLY","UNEXPLAINED"
"823607","672335","2026-07-07","home","last3AppearancesKs1","2","3","1","824900|823608|823610","AVAILABLE_IN_LINEAGE_SOURCE","LAST_APPEARANCES","DATE_ONLY","UNEXPLAINED"
"823607","672335","2026-07-07","home","last3AppearancesBf1","3","5","2","824900|823608|823610","AVAILABLE_IN_LINEAGE_SOURCE","LAST_APPEARANCES","DATE_ONLY","UNEXPLAINED"
"823607","672335","2026-07-07","home","last5AppearancesBfAvg","3","6.4","3.4000000000000004","824900|823608|823610","AVAILABLE_IN_LINEAGE_SOURCE","LAST_APPEARANCES","DATE_ONLY","UNEXPLAINED"
"823607","672335","2026-07-07","home","last5AppearancesPitchCountAvg","9","21.4","12.399999999999999","824900|823608|823610","AVAILABLE_IN_LINEAGE_SOURCE","LAST_APPEARANCES","DATE_ONLY","UNEXPLAINED"
"823608","672335","2026-06-28","home","last5AppearancesPitchCountAvg","26","24.8","1.1999999999999993","823610|823614|823447","AVAILABLE_IN_LINEAGE_SOURCE","LAST_APPEARANCES","DATE_ONLY","UNEXPLAINED"
"823610","804267","2026-06-26","home","last5StartsBfAvg","19","15.333333333333334","3.666666666666666","822735|831555|831468","AVAILABLE_IN_LINEAGE_SOURCE","LAST_STARTS","DATE_ONLY","UNEXPLAINED"
"823610","804267","2026-06-26","home","last5StartsPitchCountAvg","80","64.66666666666667","15.333333333333329","822735|831555|831468","AVAILABLE_IN_LINEAGE_SOURCE","LAST_STARTS","DATE_ONLY","UNEXPLAINED"
"823610","804267","2026-06-26","home","pitchesLast3Starts","80","194","114","822735|831555|831468","AVAILABLE_IN_LINEAGE_SOURCE","LAST_STARTS","DATE_ONLY","UNEXPLAINED"
"823610","804267","2026-06-26","home","daysSinceLastStart","5","37","32","822735|831555|831468","AVAILABLE_IN_LINEAGE_SOURCE","LAST_STARTS","DATE_ONLY","UNEXPLAINED"
"823610","804267","2026-06-26","home","last5AppearancesBfAvg","19","15.333333333333334","3.666666666666666","822735|831555|831468","AVAILABLE_IN_LINEAGE_SOURCE","LAST_APPEARANCES","DATE_ONLY","UNEXPLAINED"
"823610","804267","2026-06-26","home","last5AppearancesPitchCountAvg","80","64.66666666666667","15.333333333333329","822735|831555|831468","AVAILABLE_IN_LINEAGE_SOURCE","LAST_APPEARANCES","DATE_ONLY","UNEXPLAINED"
"823614","673540","2026-06-23","home","last3StartsKs2","1","3","2","824504|824693|823644","AVAILABLE_IN_LINEAGE_SOURCE","LAST_STARTS","DATE_ONLY","UNEXPLAINED"
"823614","673540","2026-06-23","home","last3StartsBf2","15","18","3","824504|824693|823644","AVAILABLE_IN_LINEAGE_SOURCE","LAST_STARTS","DATE_ONLY","UNEXPLAINED"
"823614","673540","2026-06-23","home","last3StartsBf3","18","17","1","824504|824693|823644","AVAILABLE_IN_LINEAGE_SOURCE","LAST_STARTS","DATE_ONLY","UNEXPLAINED"
"823614","673540","2026-06-23","home","last5StartsKsAvg","3.8","5.4","1.6000000000000005","824504|824693|823644","AVAILABLE_IN_LINEAGE_SOURCE","LAST_STARTS","DATE_ONLY","UNEXPLAINED"
"823614","673540","2026-06-23","home","last5StartsBfAvg","17.8","19.8","2","824504|824693|823644","AVAILABLE_IN_LINEAGE_SOURCE","LAST_STARTS","DATE_ONLY","UNEXPLAINED"
"823614","673540","2026-06-23","home","last5StartsPitchCountAvg","71","79.8","8.799999999999997","824504|824693|823644","AVAILABLE_IN_LINEAGE_SOURCE","LAST_STARTS","DATE_ONLY","UNEXPLAINED"
"823614","673540","2026-06-23","home","pitchesLast3Starts","197","219","22","824504|824693|823644","AVAILABLE_IN_LINEAGE_SOURCE","LAST_STARTS","DATE_ONLY","UNEXPLAINED"
"823614","673540","2026-06-23","home","last3AppearancesKs2","1","3","2","824504|824693|823644","AVAILABLE_IN_LINEAGE_SOURCE","LAST_APPEARANCES","DATE_ONLY","UNEXPLAINED"
"823614","673540","2026-06-23","home","last3AppearancesBf2","15","18","3","824504|824693|823644","AVAILABLE_IN_LINEAGE_SOURCE","LAST_APPEARANCES","DATE_ONLY","UNEXPLAINED"
"823614","673540","2026-06-23","home","last3AppearancesBf3","18","17","1","824504|824693|823644","AVAILABLE_IN_LINEAGE_SOURCE","LAST_APPEARANCES","DATE_ONLY","UNEXPLAINED"
"823614","673540","2026-06-23","home","last5AppearancesPitchCountAvg","71","74","3","824504|824693|823644","AVAILABLE_IN_LINEAGE_SOURCE","LAST_APPEARANCES","DATE_ONLY","UNEXPLAINED"
"823681","671737","2026-07-12","home","pitchesLastStart","0","101","101","823687|823688|825068","AVAILABLE_IN_LINEAGE_SOURCE","LAST_STARTS","DATE_ONLY","UNEXPLAINED"
"823681","671737","2026-07-12","home","pitchesLast3Starts","0","291","291","823687|823688|825068","AVAILABLE_IN_LINEAGE_SOURCE","LAST_STARTS","DATE_ONLY","UNEXPLAINED"
"823682","657746","2026-07-11","home","last3StartsKs2","5","9","4","823525|823691|823697","AVAILABLE_IN_LINEAGE_SOURCE","LAST_STARTS","DATE_ONLY","UNEXPLAINED"
"823682","657746","2026-07-11","home","last3StartsKs3","9","5","4","823525|823691|823697","AVAILABLE_IN_LINEAGE_SOURCE","LAST_STARTS","DATE_ONLY","UNEXPLAINED"
"823682","657746","2026-07-11","home","last3StartsIp2","4","6","2","823525|823691|823697","AVAILABLE_IN_LINEAGE_SOURCE","LAST_STARTS","DATE_ONLY","UNEXPLAINED"
"823682","657746","2026-07-11","home","last3StartsBf2","21","27","6","823525|823691|823697","AVAILABLE_IN_LINEAGE_SOURCE","LAST_STARTS","DATE_ONLY","UNEXPLAINED"
"823682","657746","2026-07-11","home","last3StartsBf3","27","26","1","823525|823691|823697","AVAILABLE_IN_LINEAGE_SOURCE","LAST_STARTS","DATE_ONLY","UNEXPLAINED"
"823682","657746","2026-07-11","home","last5StartsBfAvg","23.2","26.8","3.6000000000000014","823525|823691|823697","AVAILABLE_IN_LINEAGE_SOURCE","LAST_STARTS","DATE_ONLY","UNEXPLAINED"
"823682","657746","2026-07-11","home","last5StartsPitchCountAvg","99","100.4","1.4000000000000057","823525|823691|823697","AVAILABLE_IN_LINEAGE_SOURCE","LAST_STARTS","DATE_ONLY","UNEXPLAINED"
"823682","657746","2026-07-11","home","pitchesLast3Starts","295","306","11","823525|823691|823697","AVAILABLE_IN_LINEAGE_SOURCE","LAST_STARTS","DATE_ONLY","UNEXPLAINED"
"823683","641927","2026-07-09","home","last5StartsKsStd","1.96","0.8","1.16","823375|824759|823708","AVAILABLE_IN_LINEAGE_SOURCE","LAST_STARTS","DATE_ONLY","UNEXPLAINED"
"823683","641927","2026-07-09","home","last5StartsBfAvg","24.8","23.4","1.4000000000000021","823375|824759|823708","AVAILABLE_IN_LINEAGE_SOURCE","LAST_STARTS","DATE_ONLY","UNEXPLAINED"
"823683","641927","2026-07-09","home","daysSinceLastStart","5","40","35","823375|824759|823708","AVAILABLE_IN_LINEAGE_SOURCE","LAST_STARTS","DATE_ONLY","UNEXPLAINED"
"823683","641927","2026-07-09","home","last5AppearancesKsStd","1.96","0.8","1.16","823375|824759|823708","AVAILABLE_IN_LINEAGE_SOURCE","LAST_APPEARANCES","DATE_ONLY","UNEXPLAINED"
"823683","641927","2026-07-09","home","last5AppearancesBfAvg","24.8","23.4","1.4000000000000021","823375|824759|823708","AVAILABLE_IN_LINEAGE_SOURCE","LAST_APPEARANCES","DATE_ONLY","UNEXPLAINED"
"823686","687570","2026-06-28","home","last3StartsKs2","2","7","5","825069|823696|823700","AVAILABLE_IN_LINEAGE_SOURCE","LAST_STARTS","DATE_ONLY","UNEXPLAINED"
"823686","687570","2026-06-28","home","last3StartsIp2","6","4.333333333333333","1.666666666666667","825069|823696|823700","AVAILABLE_IN_LINEAGE_SOURCE","LAST_STARTS","DATE_ONLY","UNEXPLAINED"
"823686","687570","2026-06-28","home","last3StartsIp3","4.3","6","1.7000000000000002","825069|823696|823700","AVAILABLE_IN_LINEAGE_SOURCE","LAST_STARTS","DATE_ONLY","UNEXPLAINED"
"823686","687570","2026-06-28","home","last3StartsBf2","26","18","8","825069|823696|823700","AVAILABLE_IN_LINEAGE_SOURCE","LAST_STARTS","DATE_ONLY","UNEXPLAINED"
"823686","687570","2026-06-28","home","last3StartsBf3","18","27","9","825069|823696|823700","AVAILABLE_IN_LINEAGE_SOURCE","LAST_STARTS","DATE_ONLY","UNEXPLAINED"
"823686","687570","2026-06-28","home","last5StartsBfAvg","24.8","23.8","1","825069|823696|823700","AVAILABLE_IN_LINEAGE_SOURCE","LAST_STARTS","DATE_ONLY","UNEXPLAINED"
"823686","687570","2026-06-28","home","last5StartsPitchCountAvg","92","89.2","2.799999999999997","825069|823696|823700","AVAILABLE_IN_LINEAGE_SOURCE","LAST_STARTS","DATE_ONLY","UNEXPLAINED"
"823686","687570","2026-06-28","home","pitchesLast3Starts","272","268","4","825069|823696|823700","AVAILABLE_IN_LINEAGE_SOURCE","LAST_STARTS","DATE_ONLY","UNEXPLAINED"
"823686","687570","2026-06-28","home","last3AppearancesKs2","2","7","5","825069|823696|823700","AVAILABLE_IN_LINEAGE_SOURCE","LAST_APPEARANCES","DATE_ONLY","UNEXPLAINED"
"823686","687570","2026-06-28","home","last3AppearancesIp2","6","4.333333333333333","1.666666666666667","825069|823696|823700","AVAILABLE_IN_LINEAGE_SOURCE","LAST_APPEARANCES","DATE_ONLY","UNEXPLAINED"
"823686","687570","2026-06-28","home","last3AppearancesIp3","4.3","6","1.7000000000000002","825069|823696|823700","AVAILABLE_IN_LINEAGE_SOURCE","LAST_APPEARANCES","DATE_ONLY","UNEXPLAINED"
"823686","687570","2026-06-28","home","last3AppearancesBf2","26","18","8","825069|823696|823700","AVAILABLE_IN_LINEAGE_SOURCE","LAST_APPEARANCES","DATE_ONLY","UNEXPLAINED"
"823686","687570","2026-06-28","home","last3AppearancesBf3","18","27","9","825069|823696|823700","AVAILABLE_IN_LINEAGE_SOURCE","LAST_APPEARANCES","DATE_ONLY","UNEXPLAINED"
"823686","687570","2026-06-28","home","last5AppearancesBfAvg","24.8","23.8","1","825069|823696|823700","AVAILABLE_IN_LINEAGE_SOURCE","LAST_APPEARANCES","DATE_ONLY","UNEXPLAINED"
"823686","687570","2026-06-28","home","last5AppearancesPitchCountAvg","92","89.2","2.799999999999997","825069|823696|823700","AVAILABLE_IN_LINEAGE_SOURCE","LAST_APPEARANCES","DATE_ONLY","UNEXPLAINED"
"823687","671737","2026-07-07","home","last3StartsKs1","11","7","4","823688|825068|824267","AVAILABLE_IN_LINEAGE_SOURCE","LAST_STARTS","DATE_ONLY","UNEXPLAINED"
"823687","671737","2026-07-07","home","last3StartsKs2","7","4","3","823688|825068|824267","AVAILABLE_IN_LINEAGE_SOURCE","LAST_STARTS","DATE_ONLY","UNEXPLAINED"
"823687","671737","2026-07-07","home","last3StartsKs3","4","3","1","823688|825068|824267","AVAILABLE_IN_LINEAGE_SOURCE","LAST_STARTS","DATE_ONLY","UNEXPLAINED"
"823687","671737","2026-07-07","home","last3StartsIp1","5","7","2","823688|825068|824267","AVAILABLE_IN_LINEAGE_SOURCE","LAST_STARTS","DATE_ONLY","UNEXPLAINED"
"823687","671737","2026-07-07","home","last3StartsIp2","7","5","2","823688|825068|824267","AVAILABLE_IN_LINEAGE_SOURCE","LAST_STARTS","DATE_ONLY","UNEXPLAINED"
"823687","671737","2026-07-07","home","last3StartsBf1","21","27","6","823688|825068|824267","AVAILABLE_IN_LINEAGE_SOURCE","LAST_STARTS","DATE_ONLY","UNEXPLAINED"
"823687","671737","2026-07-07","home","last3StartsBf2","27","20","7","823688|825068|824267","AVAILABLE_IN_LINEAGE_SOURCE","LAST_STARTS","DATE_ONLY","UNEXPLAINED"
"823687","671737","2026-07-07","home","last3StartsBf3","20","23","3","823688|825068|824267","AVAILABLE_IN_LINEAGE_SOURCE","LAST_STARTS","DATE_ONLY","UNEXPLAINED"
"823687","671737","2026-07-07","home","last5StartsKsAvg","6.4","5","1.4000000000000004","823688|825068|824267","AVAILABLE_IN_LINEAGE_SOURCE","LAST_STARTS","DATE_ONLY","UNEXPLAINED"
"823687","671737","2026-07-07","home","last5StartsKsStd","2.8","1.4142135623730951","1.3857864376269047","823688|825068|824267","AVAILABLE_IN_LINEAGE_SOURCE","LAST_STARTS","DATE_ONLY","UNEXPLAINED"
"823687","671737","2026-07-07","home","last5StartsPitchCountAvg","95","94","1","823688|825068|824267","AVAILABLE_IN_LINEAGE_SOURCE","LAST_STARTS","DATE_ONLY","UNEXPLAINED"
"823687","671737","2026-07-07","home","pitchesLastStart","97","99","2","823688|825068|824267","AVAILABLE_IN_LINEAGE_SOURCE","LAST_STARTS","DATE_ONLY","UNEXPLAINED"
"823687","671737","2026-07-07","home","pitchesLast3Starts","287","279","8","823688|825068|824267","AVAILABLE_IN_LINEAGE_SOURCE","LAST_STARTS","DATE_ONLY","UNEXPLAINED"
"823687","671737","2026-07-07","home","daysSinceLastStart","6","11","5","823688|825068|824267","AVAILABLE_IN_LINEAGE_SOURCE","LAST_STARTS","DATE_ONLY","UNEXPLAINED"
"823687","671737","2026-07-07","home","last3AppearancesKs1","11","0","11","824174|823688|825068","AVAILABLE_IN_LINEAGE_SOURCE","LAST_APPEARANCES","DATE_ONLY","UNEXPLAINED"
"823687","671737","2026-07-07","home","last3AppearancesIp1","5","0","5","824174|823688|825068","AVAILABLE_IN_LINEAGE_SOURCE","LAST_APPEARANCES","DATE_ONLY","UNEXPLAINED"
"823687","671737","2026-07-07","home","last3AppearancesBf1","21","0","21","824174|823688|825068","AVAILABLE_IN_LINEAGE_SOURCE","LAST_APPEARANCES","DATE_ONLY","UNEXPLAINED"
"823687","671737","2026-07-07","home","last5AppearancesKsAvg","6.4","3.8","2.6000000000000005","824174|823688|825068","AVAILABLE_IN_LINEAGE_SOURCE","LAST_APPEARANCES","DATE_ONLY","UNEXPLAINED"
"823687","671737","2026-07-07","home","last5AppearancesIpAvg","5.6","4.2","1.3999999999999995","824174|823688|825068","AVAILABLE_IN_LINEAGE_SOURCE","LAST_APPEARANCES","DATE_ONLY","UNEXPLAINED"
"823687","671737","2026-07-07","home","last5AppearancesBfAvg","23.6","19","4.600000000000001","824174|823688|825068","AVAILABLE_IN_LINEAGE_SOURCE","LAST_APPEARANCES","DATE_ONLY","UNEXPLAINED"
"823687","671737","2026-07-07","home","last5AppearancesPitchCountAvg","95","76.6","18.400000000000006","824174|823688|825068","AVAILABLE_IN_LINEAGE_SOURCE","LAST_APPEARANCES","DATE_ONLY","UNEXPLAINED"
"823688","671737","2026-06-26","home","last3StartsKs2","7","3","4","825068|824267|823701","AVAILABLE_IN_LINEAGE_SOURCE","LAST_STARTS","DATE_ONLY","UNEXPLAINED"
"823688","671737","2026-06-26","home","last3StartsKs3","3","5","2","825068|824267|823701","AVAILABLE_IN_LINEAGE_SOURCE","LAST_STARTS","DATE_ONLY","UNEXPLAINED"
"823688","671737","2026-06-26","home","last3StartsIp2","6.7","4.333333333333333","2.366666666666667","825068|824267|823701","AVAILABLE_IN_LINEAGE_SOURCE","LAST_STARTS","DATE_ONLY","UNEXPLAINED"
"823688","671737","2026-06-26","home","last3StartsBf2","27","23","4","825068|824267|823701","AVAILABLE_IN_LINEAGE_SOURCE","LAST_STARTS","DATE_ONLY","UNEXPLAINED"
"823688","671737","2026-06-26","home","last3StartsBf3","23","25","2","825068|824267|823701","AVAILABLE_IN_LINEAGE_SOURCE","LAST_STARTS","DATE_ONLY","UNEXPLAINED"
"823688","671737","2026-06-26","home","last5StartsBfAvg","22.8","21","1.8000000000000007","825068|824267|823701","AVAILABLE_IN_LINEAGE_SOURCE","LAST_STARTS","DATE_ONLY","UNEXPLAINED"
"823688","671737","2026-06-26","home","last5StartsPitchCountAvg","94","88.8","5.200000000000003","825068|824267|823701","AVAILABLE_IN_LINEAGE_SOURCE","LAST_STARTS","DATE_ONLY","UNEXPLAINED"
"823688","671737","2026-06-26","home","pitchesLast3Starts","281","284","3","825068|824267|823701","AVAILABLE_IN_LINEAGE_SOURCE","LAST_STARTS","DATE_ONLY","UNEXPLAINED"
"823688","671737","2026-06-26","home","last3AppearancesKs2","7","3","4","825068|824267|823701","AVAILABLE_IN_LINEAGE_SOURCE","LAST_APPEARANCES","DATE_ONLY","UNEXPLAINED"
"823688","671737","2026-06-26","home","last3AppearancesKs3","3","5","2","825068|824267|823701","AVAILABLE_IN_LINEAGE_SOURCE","LAST_APPEARANCES","DATE_ONLY","UNEXPLAINED"
"823688","671737","2026-06-26","home","last3AppearancesIp2","6.7","4.333333333333333","2.366666666666667","825068|824267|823701","AVAILABLE_IN_LINEAGE_SOURCE","LAST_APPEARANCES","DATE_ONLY","UNEXPLAINED"
"823688","671737","2026-06-26","home","last3AppearancesBf2","27","23","4","825068|824267|823701","AVAILABLE_IN_LINEAGE_SOURCE","LAST_APPEARANCES","DATE_ONLY","UNEXPLAINED"
"823688","671737","2026-06-26","home","last3AppearancesBf3","23","25","2","825068|824267|823701","AVAILABLE_IN_LINEAGE_SOURCE","LAST_APPEARANCES","DATE_ONLY","UNEXPLAINED"
"823688","671737","2026-06-26","home","last5AppearancesBfAvg","22.8","21","1.8000000000000007","825068|824267|823701","AVAILABLE_IN_LINEAGE_SOURCE","LAST_APPEARANCES","DATE_ONLY","UNEXPLAINED"
"823688","671737","2026-06-26","home","last5AppearancesPitchCountAvg","94","88.8","5.200000000000003","825068|824267|823701","AVAILABLE_IN_LINEAGE_SOURCE","LAST_APPEARANCES","DATE_ONLY","UNEXPLAINED"
"823689","702474","2026-06-27","home","last5AppearancesPitchCountAvg","64","61.4","2.6000000000000014","825067|822887|824266","AVAILABLE_IN_LINEAGE_SOURCE","LAST_APPEARANCES","DATE_ONLY","UNEXPLAINED"
"823690","696070","2026-06-23","home","pitchesLastStart","45","46","1","823705","AVAILABLE_IN_LINEAGE_SOURCE","LAST_STARTS","DATE_ONLY","UNEXPLAINED"
"823690","696070","2026-06-23","home","pitchesLast3Starts","132","46","86","823705","AVAILABLE_IN_LINEAGE_SOURCE","LAST_STARTS","DATE_ONLY","UNEXPLAINED"
"823690","696070","2026-06-23","home","daysSinceLastStart","5","36","31","823705","AVAILABLE_IN_LINEAGE_SOURCE","LAST_STARTS","DATE_ONLY","UNEXPLAINED"
"823690","696070","2026-06-23","home","last3AppearancesIp1","4","3","1","824760|823705|823709","AVAILABLE_IN_LINEAGE_SOURCE","LAST_APPEARANCES","DATE_ONLY","UNEXPLAINED"
"823690","696070","2026-06-23","home","last3AppearancesBf1","15","12","3","824760|823705|823709","AVAILABLE_IN_LINEAGE_SOURCE","LAST_APPEARANCES","DATE_ONLY","UNEXPLAINED"
"823690","696070","2026-06-23","home","last5AppearancesKsStd","0","1.6","1.6","824760|823705|823709","AVAILABLE_IN_LINEAGE_SOURCE","LAST_APPEARANCES","DATE_ONLY","UNEXPLAINED"
"823690","696070","2026-06-23","home","last5AppearancesIpAvg","4","2.8666666666666667","1.1333333333333333","824760|823705|823709","AVAILABLE_IN_LINEAGE_SOURCE","LAST_APPEARANCES","DATE_ONLY","UNEXPLAINED"
"823690","696070","2026-06-23","home","last5AppearancesBfAvg","15","12.2","2.8000000000000007","824760|823705|823709","AVAILABLE_IN_LINEAGE_SOURCE","LAST_APPEARANCES","DATE_ONLY","UNEXPLAINED"
"823691","657746","2026-06-24","home","last3StartsKs1","7","5","2","823697|823702|824597","AVAILABLE_IN_LINEAGE_SOURCE","LAST_STARTS","DATE_ONLY","UNEXPLAINED"
"823691","657746","2026-06-24","home","last3StartsKs2","8","9","1","823697|823702|824597","AVAILABLE_IN_LINEAGE_SOURCE","LAST_STARTS","DATE_ONLY","UNEXPLAINED"
"823691","657746","2026-06-24","home","last3StartsKs3","5","9","4","823697|823702|824597","AVAILABLE_IN_LINEAGE_SOURCE","LAST_STARTS","DATE_ONLY","UNEXPLAINED"
"823691","657746","2026-06-24","home","last3StartsIp1","5","6","1","823697|823702|824597","AVAILABLE_IN_LINEAGE_SOURCE","LAST_STARTS","DATE_ONLY","UNEXPLAINED"
"823691","657746","2026-06-24","home","last3StartsIp3","6","7.666666666666667","1.666666666666667","823697|823702|824597","AVAILABLE_IN_LINEAGE_SOURCE","LAST_STARTS","DATE_ONLY","UNEXPLAINED"
"823691","657746","2026-06-24","home","last3StartsBf1","20","26","6","823697|823702|824597","AVAILABLE_IN_LINEAGE_SOURCE","LAST_STARTS","DATE_ONLY","UNEXPLAINED"
"823691","657746","2026-06-24","home","last3StartsBf2","24","27","3","823697|823702|824597","AVAILABLE_IN_LINEAGE_SOURCE","LAST_STARTS","DATE_ONLY","UNEXPLAINED"
"823691","657746","2026-06-24","home","last3StartsBf3","26","30","4","823697|823702|824597","AVAILABLE_IN_LINEAGE_SOURCE","LAST_STARTS","DATE_ONLY","UNEXPLAINED"
"823691","657746","2026-06-24","home","last5StartsPitchCountAvg","99","97.4","1.5999999999999943","823697|823702|824597","AVAILABLE_IN_LINEAGE_SOURCE","LAST_STARTS","DATE_ONLY","UNEXPLAINED"
"823691","657746","2026-06-24","home","pitchesLastStart","97","102","5","823697|823702|824597","AVAILABLE_IN_LINEAGE_SOURCE","LAST_STARTS","DATE_ONLY","UNEXPLAINED"
"823691","657746","2026-06-24","home","pitchesLast3Starts","301","298","3","823697|823702|824597","AVAILABLE_IN_LINEAGE_SOURCE","LAST_STARTS","DATE_ONLY","UNEXPLAINED"
"823691","657746","2026-06-24","home","daysSinceLastStart","6","18","12","823697|823702|824597","AVAILABLE_IN_LINEAGE_SOURCE","LAST_STARTS","DATE_ONLY","UNEXPLAINED"
"823691","657746","2026-06-24","home","last3AppearancesKs2","8","5","3","822889|823697|823702","AVAILABLE_IN_LINEAGE_SOURCE","LAST_APPEARANCES","DATE_ONLY","UNEXPLAINED"
"823691","657746","2026-06-24","home","last3AppearancesKs3","5","9","4","822889|823697|823702","AVAILABLE_IN_LINEAGE_SOURCE","LAST_APPEARANCES","DATE_ONLY","UNEXPLAINED"
"823691","657746","2026-06-24","home","last3AppearancesBf2","24","26","2","822889|823697|823702","AVAILABLE_IN_LINEAGE_SOURCE","LAST_APPEARANCES","DATE_ONLY","UNEXPLAINED"
"823691","657746","2026-06-24","home","last3AppearancesBf3","26","27","1","822889|823697|823702","AVAILABLE_IN_LINEAGE_SOURCE","LAST_APPEARANCES","DATE_ONLY","UNEXPLAINED"
"823759","675660","2026-07-24","home","last5StartsPitchCountAvg","87","89.4","2.4000000000000057","823763|823356|823036","AVAILABLE_IN_LINEAGE_SOURCE","LAST_STARTS","DATE_ONLY","UNEXPLAINED"
"823759","675660","2026-07-24","home","last5AppearancesPitchCountAvg","87","89.4","2.4000000000000057","823763|823356|823036","AVAILABLE_IN_LINEAGE_SOURCE","LAST_APPEARANCES","DATE_ONLY","UNEXPLAINED"
"823760","687075","2026-07-21","home","last3StartsKs1","3","4","1","825061|824501|823774","AVAILABLE_IN_LINEAGE_SOURCE","LAST_STARTS","DATE_ONLY","UNEXPLAINED"
"823760","687075","2026-07-21","home","last3StartsKs2","4","10","6","825061|824501|823774","AVAILABLE_IN_LINEAGE_SOURCE","LAST_STARTS","DATE_ONLY","UNEXPLAINED"
"823760","687075","2026-07-21","home","last3StartsKs3","7","6","1","825061|824501|823774","AVAILABLE_IN_LINEAGE_SOURCE","LAST_STARTS","DATE_ONLY","UNEXPLAINED"
"823760","687075","2026-07-21","home","last3StartsIp1","3","4","1","825061|824501|823774","AVAILABLE_IN_LINEAGE_SOURCE","LAST_STARTS","DATE_ONLY","UNEXPLAINED"
"823760","687075","2026-07-21","home","last3StartsIp2","4","6","2","825061|824501|823774","AVAILABLE_IN_LINEAGE_SOURCE","LAST_STARTS","DATE_ONLY","UNEXPLAINED"
"823760","687075","2026-07-21","home","last3StartsIp3","5.3","3.6666666666666665","1.6333333333333333","825061|824501|823774","AVAILABLE_IN_LINEAGE_SOURCE","LAST_STARTS","DATE_ONLY","UNEXPLAINED"
"823760","687075","2026-07-21","home","last3StartsBf1","16","20","4","825061|824501|823774","AVAILABLE_IN_LINEAGE_SOURCE","LAST_STARTS","DATE_ONLY","UNEXPLAINED"
"823760","687075","2026-07-21","home","last3StartsBf2","20","19","1","825061|824501|823774","AVAILABLE_IN_LINEAGE_SOURCE","LAST_STARTS","DATE_ONLY","UNEXPLAINED"
"823760","687075","2026-07-21","home","last3StartsBf3","21","15","6","825061|824501|823774","AVAILABLE_IN_LINEAGE_SOURCE","LAST_STARTS","DATE_ONLY","UNEXPLAINED"
"823760","687075","2026-07-21","home","last5StartsKsAvg","6","5","1","825061|824501|823774","AVAILABLE_IN_LINEAGE_SOURCE","LAST_STARTS","DATE_ONLY","UNEXPLAINED"
"823760","687075","2026-07-21","home","last5StartsBfAvg","18.2","19.6","1.4000000000000021","825061|824501|823774","AVAILABLE_IN_LINEAGE_SOURCE","LAST_STARTS","DATE_ONLY","UNEXPLAINED"
"823760","687075","2026-07-21","home","last5StartsPitchCountAvg","85","78.4","6.599999999999994","825061|824501|823774","AVAILABLE_IN_LINEAGE_SOURCE","LAST_STARTS","DATE_ONLY","UNEXPLAINED"
"823760","687075","2026-07-21","home","pitchesLastStart","83","92","9","825061|824501|823774","AVAILABLE_IN_LINEAGE_SOURCE","LAST_STARTS","DATE_ONLY","UNEXPLAINED"
"823760","687075","2026-07-21","home","pitchesLast3Starts","281","237","44","825061|824501|823774","AVAILABLE_IN_LINEAGE_SOURCE","LAST_STARTS","DATE_ONLY","UNEXPLAINED"
"823760","687075","2026-07-21","home","daysSinceLastStart","10","16","6","825061|824501|823774","AVAILABLE_IN_LINEAGE_SOURCE","LAST_STARTS","DATE_ONLY","UNEXPLAINED"
"823760","687075","2026-07-21","home","last3AppearancesKs2","4","3","1","823357|823357|825061","AVAILABLE_IN_LINEAGE_SOURCE","LAST_APPEARANCES","DATE_ONLY","UNEXPLAINED"
"823760","687075","2026-07-21","home","last3AppearancesKs3","7","4","3","823357|823357|825061","AVAILABLE_IN_LINEAGE_SOURCE","LAST_APPEARANCES","DATE_ONLY","UNEXPLAINED"
"823760","687075","2026-07-21","home","last3AppearancesIp2","4","3","1","823357|823357|825061","AVAILABLE_IN_LINEAGE_SOURCE","LAST_APPEARANCES","DATE_ONLY","UNEXPLAINED"
"823760","687075","2026-07-21","home","last3AppearancesIp3","5.3","4","1.2999999999999998","823357|823357|825061","AVAILABLE_IN_LINEAGE_SOURCE","LAST_APPEARANCES","DATE_ONLY","UNEXPLAINED"
"823760","687075","2026-07-21","home","last3AppearancesBf2","20","16","4","823357|823357|825061","AVAILABLE_IN_LINEAGE_SOURCE","LAST_APPEARANCES","DATE_ONLY","UNEXPLAINED"
"823760","687075","2026-07-21","home","last3AppearancesBf3","21","20","1","823357|823357|825061","AVAILABLE_IN_LINEAGE_SOURCE","LAST_APPEARANCES","DATE_ONLY","UNEXPLAINED"
"823760","687075","2026-07-21","home","last5AppearancesPitchCountAvg","85","88.8","3.799999999999997","823357|823357|825061","AVAILABLE_IN_LINEAGE_SOURCE","LAST_APPEARANCES","DATE_ONLY","UNEXPLAINED"
"823765","694819","2026-07-02","home","last3StartsKs3","15","8","7","823773|824910|824351","AVAILABLE_IN_LINEAGE_SOURCE","LAST_STARTS","DATE_ONLY","UNEXPLAINED"
"823765","694819","2026-07-02","home","last3StartsIp3","9","7","2","823773|824910|824351","AVAILABLE_IN_LINEAGE_SOURCE","LAST_STARTS","DATE_ONLY","UNEXPLAINED"
"823765","694819","2026-07-02","home","last3StartsBf3","27","29","2","823773|824910|824351","AVAILABLE_IN_LINEAGE_SOURCE","LAST_STARTS","DATE_ONLY","UNEXPLAINED"
"823765","694819","2026-07-02","home","last5StartsKsStd","2.93","1.7435595774162693","1.1864404225837308","823773|824910|824351","AVAILABLE_IN_LINEAGE_SOURCE","LAST_STARTS","DATE_ONLY","UNEXPLAINED"
"823765","694819","2026-07-02","home","pitchesLast3Starts","293","296","3","823773|824910|824351","AVAILABLE_IN_LINEAGE_SOURCE","LAST_STARTS","DATE_ONLY","UNEXPLAINED"
"823765","694819","2026-07-02","home","last3AppearancesKs3","15","8","7","823773|824910|824351","AVAILABLE_IN_LINEAGE_SOURCE","LAST_APPEARANCES","DATE_ONLY","UNEXPLAINED"
"823765","694819","2026-07-02","home","last3AppearancesIp3","9","7","2","823773|824910|824351","AVAILABLE_IN_LINEAGE_SOURCE","LAST_APPEARANCES","DATE_ONLY","UNEXPLAINED"
"823765","694819","2026-07-02","home","last3AppearancesBf3","27","29","2","823773|824910|824351","AVAILABLE_IN_LINEAGE_SOURCE","LAST_APPEARANCES","DATE_ONLY","UNEXPLAINED"
"823765","694819","2026-07-02","home","last5AppearancesKsStd","2.93","1.7435595774162693","1.1864404225837308","823773|824910|824351","AVAILABLE_IN_LINEAGE_SOURCE","LAST_APPEARANCES","DATE_ONLY","UNEXPLAINED"
"823769","605540","2026-06-28","home","last3StartsKs2","2","3","1","824502|823800|823882","AVAILABLE_IN_LINEAGE_SOURCE","LAST_STARTS","DATE_ONLY","UNEXPLAINED"
"823769","605540","2026-06-28","home","last3StartsKs3","3","4","1","824502|823800|823882","AVAILABLE_IN_LINEAGE_SOURCE","LAST_STARTS","DATE_ONLY","UNEXPLAINED"
"823769","605540","2026-06-28","home","last3StartsIp2","1.3","5","3.7","824502|823800|823882","AVAILABLE_IN_LINEAGE_SOURCE","LAST_STARTS","DATE_ONLY","UNEXPLAINED"
"823769","605540","2026-06-28","home","last3StartsIp3","5","7","2","824502|823800|823882","AVAILABLE_IN_LINEAGE_SOURCE","LAST_STARTS","DATE_ONLY","UNEXPLAINED"
"823769","605540","2026-06-28","home","last3StartsBf2","6","21","15","824502|823800|823882","AVAILABLE_IN_LINEAGE_SOURCE","LAST_STARTS","DATE_ONLY","UNEXPLAINED"
"823769","605540","2026-06-28","home","last3StartsBf3","21","25","4","824502|823800|823882","AVAILABLE_IN_LINEAGE_SOURCE","LAST_STARTS","DATE_ONLY","UNEXPLAINED"
"823769","605540","2026-06-28","home","last5StartsBfAvg","18.8","23","4.199999999999999","824502|823800|823882","AVAILABLE_IN_LINEAGE_SOURCE","LAST_STARTS","DATE_ONLY","UNEXPLAINED"
"823769","605540","2026-06-28","home","last5StartsPitchCountAvg","67","81.2","14.200000000000003","824502|823800|823882","AVAILABLE_IN_LINEAGE_SOURCE","LAST_STARTS","DATE_ONLY","UNEXPLAINED"
"823769","605540","2026-06-28","home","pitchesLast3Starts","171","242","71","824502|823800|823882","AVAILABLE_IN_LINEAGE_SOURCE","LAST_STARTS","DATE_ONLY","UNEXPLAINED"
"823769","605540","2026-06-28","home","last3AppearancesKs2","2","3","1","824502|823800|823882","AVAILABLE_IN_LINEAGE_SOURCE","LAST_APPEARANCES","DATE_ONLY","UNEXPLAINED"
"823769","605540","2026-06-28","home","last3AppearancesKs3","3","4","1","824502|823800|823882","AVAILABLE_IN_LINEAGE_SOURCE","LAST_APPEARANCES","DATE_ONLY","UNEXPLAINED"
"823769","605540","2026-06-28","home","last3AppearancesIp2","1.3","5","3.7","824502|823800|823882","AVAILABLE_IN_LINEAGE_SOURCE","LAST_APPEARANCES","DATE_ONLY","UNEXPLAINED"
"823769","605540","2026-06-28","home","last3AppearancesIp3","5","7","2","824502|823800|823882","AVAILABLE_IN_LINEAGE_SOURCE","LAST_APPEARANCES","DATE_ONLY","UNEXPLAINED"
"823769","605540","2026-06-28","home","last3AppearancesBf2","6","21","15","824502|823800|823882","AVAILABLE_IN_LINEAGE_SOURCE","LAST_APPEARANCES","DATE_ONLY","UNEXPLAINED"
"823769","605540","2026-06-28","home","last3AppearancesBf3","21","25","4","824502|823800|823882","AVAILABLE_IN_LINEAGE_SOURCE","LAST_APPEARANCES","DATE_ONLY","UNEXPLAINED"
"823769","605540","2026-06-28","home","last5AppearancesBfAvg","18.8","23","4.199999999999999","824502|823800|823882","AVAILABLE_IN_LINEAGE_SOURCE","LAST_APPEARANCES","DATE_ONLY","UNEXPLAINED"
"823769","605540","2026-06-28","home","last5AppearancesPitchCountAvg","67","81.2","14.200000000000003","824502|823800|823882","AVAILABLE_IN_LINEAGE_SOURCE","LAST_APPEARANCES","DATE_ONLY","UNEXPLAINED"
"823770","690986","2026-06-27","home","last3StartsKs2","3","4","1","824909|824998|823782","AVAILABLE_IN_LINEAGE_SOURCE","LAST_STARTS","DATE_ONLY","UNEXPLAINED"
"823770","690986","2026-06-27","home","last3StartsKs3","4","12","8","824909|824998|823782","AVAILABLE_IN_LINEAGE_SOURCE","LAST_STARTS","DATE_ONLY","UNEXPLAINED"
"823770","690986","2026-06-27","home","last3StartsIp2","6","2.3333333333333335","3.6666666666666665","824909|824998|823782","AVAILABLE_IN_LINEAGE_SOURCE","LAST_STARTS","DATE_ONLY","UNEXPLAINED"
"823770","690986","2026-06-27","home","last3StartsIp3","2.3","5.666666666666667","3.366666666666667","824909|824998|823782","AVAILABLE_IN_LINEAGE_SOURCE","LAST_STARTS","DATE_ONLY","UNEXPLAINED"
"823770","690986","2026-06-27","home","last3StartsBf2","21","17","4","824909|824998|823782","AVAILABLE_IN_LINEAGE_SOURCE","LAST_STARTS","DATE_ONLY","UNEXPLAINED"
"823770","690986","2026-06-27","home","last3StartsBf3","17","23","6","824909|824998|823782","AVAILABLE_IN_LINEAGE_SOURCE","LAST_STARTS","DATE_ONLY","UNEXPLAINED"
"823770","690986","2026-06-27","home","last5StartsKsAvg","5.6","7.2","1.6000000000000005","824909|824998|823782","AVAILABLE_IN_LINEAGE_SOURCE","LAST_STARTS","DATE_ONLY","UNEXPLAINED"
"823770","690986","2026-06-27","home","last5StartsPitchCountAvg","87","89.6","2.5999999999999943","824909|824998|823782","AVAILABLE_IN_LINEAGE_SOURCE","LAST_STARTS","DATE_ONLY","UNEXPLAINED"
"823770","690986","2026-06-27","home","pitchesLast3Starts","236","262","26","824909|824998|823782","AVAILABLE_IN_LINEAGE_SOURCE","LAST_STARTS","DATE_ONLY","UNEXPLAINED"
"823770","690986","2026-06-27","home","last3AppearancesKs2","3","4","1","824909|824998|823782","AVAILABLE_IN_LINEAGE_SOURCE","LAST_APPEARANCES","DATE_ONLY","UNEXPLAINED"
"823770","690986","2026-06-27","home","last3AppearancesKs3","4","12","8","824909|824998|823782","AVAILABLE_IN_LINEAGE_SOURCE","LAST_APPEARANCES","DATE_ONLY","UNEXPLAINED"
"823770","690986","2026-06-27","home","last3AppearancesIp2","6","2.3333333333333335","3.6666666666666665","824909|824998|823782","AVAILABLE_IN_LINEAGE_SOURCE","LAST_APPEARANCES","DATE_ONLY","UNEXPLAINED"
"823770","690986","2026-06-27","home","last3AppearancesIp3","2.3","5.666666666666667","3.366666666666667","824909|824998|823782","AVAILABLE_IN_LINEAGE_SOURCE","LAST_APPEARANCES","DATE_ONLY","UNEXPLAINED"
"823770","690986","2026-06-27","home","last3AppearancesBf2","21","17","4","824909|824998|823782","AVAILABLE_IN_LINEAGE_SOURCE","LAST_APPEARANCES","DATE_ONLY","UNEXPLAINED"
"823770","690986","2026-06-27","home","last3AppearancesBf3","17","23","6","824909|824998|823782","AVAILABLE_IN_LINEAGE_SOURCE","LAST_APPEARANCES","DATE_ONLY","UNEXPLAINED"
"823770","690986","2026-06-27","home","last5AppearancesKsAvg","5.6","7.2","1.6000000000000005","824909|824998|823782","AVAILABLE_IN_LINEAGE_SOURCE","LAST_APPEARANCES","DATE_ONLY","UNEXPLAINED"
"823770","690986","2026-06-27","home","last5AppearancesPitchCountAvg","87","89.6","2.5999999999999943","824909|824998|823782","AVAILABLE_IN_LINEAGE_SOURCE","LAST_APPEARANCES","DATE_ONLY","UNEXPLAINED"
"823773","694819","2026-06-26","home","last3StartsKs2","15","8","7","824910|824351|824187","AVAILABLE_IN_LINEAGE_SOURCE","LAST_STARTS","DATE_ONLY","UNEXPLAINED"
"823773","694819","2026-06-26","home","last3StartsIp2","9","7","2","824910|824351|824187","AVAILABLE_IN_LINEAGE_SOURCE","LAST_STARTS","DATE_ONLY","UNEXPLAINED"
"823773","694819","2026-06-26","home","last3StartsBf2","27","29","2","824910|824351|824187","AVAILABLE_IN_LINEAGE_SOURCE","LAST_STARTS","DATE_ONLY","UNEXPLAINED"
"823773","694819","2026-06-26","home","last3StartsBf3","29","25","4","824910|824351|824187","AVAILABLE_IN_LINEAGE_SOURCE","LAST_STARTS","DATE_ONLY","UNEXPLAINED"
"823773","694819","2026-06-26","home","last5StartsKsAvg","10","8.6","1.4000000000000004","824910|824351|824187","AVAILABLE_IN_LINEAGE_SOURCE","LAST_STARTS","DATE_ONLY","UNEXPLAINED"
"823773","694819","2026-06-26","home","last5StartsKsStd","3.03","1.7435595774162693","1.2864404225837305","824910|824351|824187","AVAILABLE_IN_LINEAGE_SOURCE","LAST_STARTS","DATE_ONLY","UNEXPLAINED"
"823773","694819","2026-06-26","home","last5StartsBfAvg","25.8","24.8","1","824910|824351|824187","AVAILABLE_IN_LINEAGE_SOURCE","LAST_STARTS","DATE_ONLY","UNEXPLAINED"
"823773","694819","2026-06-26","home","last5StartsPitchCountAvg","94","89.4","4.599999999999994","824910|824351|824187","AVAILABLE_IN_LINEAGE_SOURCE","LAST_STARTS","DATE_ONLY","UNEXPLAINED"
"823773","694819","2026-06-26","home","pitchesLast3Starts","284","277","7","824910|824351|824187","AVAILABLE_IN_LINEAGE_SOURCE","LAST_STARTS","DATE_ONLY","UNEXPLAINED"
"823773","694819","2026-06-26","home","last3AppearancesKs2","15","8","7","824910|824351|824187","AVAILABLE_IN_LINEAGE_SOURCE","LAST_APPEARANCES","DATE_ONLY","UNEXPLAINED"
"823773","694819","2026-06-26","home","last3AppearancesIp2","9","7","2","824910|824351|824187","AVAILABLE_IN_LINEAGE_SOURCE","LAST_APPEARANCES","DATE_ONLY","UNEXPLAINED"
"823773","694819","2026-06-26","home","last3AppearancesBf2","27","29","2","824910|824351|824187","AVAILABLE_IN_LINEAGE_SOURCE","LAST_APPEARANCES","DATE_ONLY","UNEXPLAINED"
"823773","694819","2026-06-26","home","last3AppearancesBf3","29","25","4","824910|824351|824187","AVAILABLE_IN_LINEAGE_SOURCE","LAST_APPEARANCES","DATE_ONLY","UNEXPLAINED"
"823773","694819","2026-06-26","home","last5AppearancesKsAvg","10","8.6","1.4000000000000004","824910|824351|824187","AVAILABLE_IN_LINEAGE_SOURCE","LAST_APPEARANCES","DATE_ONLY","UNEXPLAINED"
"823773","694819","2026-06-26","home","last5AppearancesKsStd","3.03","1.7435595774162693","1.2864404225837305","824910|824351|824187","AVAILABLE_IN_LINEAGE_SOURCE","LAST_APPEARANCES","DATE_ONLY","UNEXPLAINED"
"823773","694819","2026-06-26","home","last5AppearancesBfAvg","25.8","24.8","1","824910|824351|824187","AVAILABLE_IN_LINEAGE_SOURCE","LAST_APPEARANCES","DATE_ONLY","UNEXPLAINED"
"823773","694819","2026-06-26","home","last5AppearancesPitchCountAvg","94","89.4","4.599999999999994","824910|824351|824187","AVAILABLE_IN_LINEAGE_SOURCE","LAST_APPEARANCES","DATE_ONLY","UNEXPLAINED"
"823837","687473","2026-07-29","home","pitchesLast3Starts","119","171","52","823843|824335|823038","AVAILABLE_IN_LINEAGE_SOURCE","LAST_STARTS","DATE_ONLY","UNEXPLAINED"
"823837","687473","2026-07-29","home","last3AppearancesKs3","4","2","2","823843|824165|823763","AVAILABLE_IN_LINEAGE_SOURCE","LAST_APPEARANCES","DATE_ONLY","UNEXPLAINED"
"823837","687473","2026-07-29","home","last3AppearancesIp2","3","2","1","823843|824165|823763","AVAILABLE_IN_LINEAGE_SOURCE","LAST_APPEARANCES","DATE_ONLY","UNEXPLAINED"
"823837","687473","2026-07-29","home","last3AppearancesBf2","16","6","10","823843|824165|823763","AVAILABLE_IN_LINEAGE_SOURCE","LAST_APPEARANCES","DATE_ONLY","UNEXPLAINED"
"823837","687473","2026-07-29","home","last3AppearancesBf3","15","11","4","823843|824165|823763","AVAILABLE_IN_LINEAGE_SOURCE","LAST_APPEARANCES","DATE_ONLY","UNEXPLAINED"
"823837","687473","2026-07-29","home","last5AppearancesKsAvg","3.4","2.2","1.1999999999999997","823843|824165|823763","AVAILABLE_IN_LINEAGE_SOURCE","LAST_APPEARANCES","DATE_ONLY","UNEXPLAINED"
"823837","687473","2026-07-29","home","last5AppearancesIpAvg","3.7","2.5333333333333337","1.1666666666666665","823843|824165|823763","AVAILABLE_IN_LINEAGE_SOURCE","LAST_APPEARANCES","DATE_ONLY","UNEXPLAINED"
"823837","687473","2026-07-29","home","last5AppearancesBfAvg","17.6","10.4","7.200000000000001","823843|824165|823763","AVAILABLE_IN_LINEAGE_SOURCE","LAST_APPEARANCES","DATE_ONLY","UNEXPLAINED"
"823837","687473","2026-07-29","home","last5AppearancesPitchCountAvg","66","38.6","27.4","823843|824165|823763","AVAILABLE_IN_LINEAGE_SOURCE","LAST_APPEARANCES","DATE_ONLY","UNEXPLAINED"
"823843","687473","2026-07-24","home","pitchesLastStart","24","51","27","824335|823038|823852","AVAILABLE_IN_LINEAGE_SOURCE","LAST_STARTS","DATE_ONLY","UNEXPLAINED"
"823843","687473","2026-07-24","home","pitchesLast3Starts","85","182","97","824335|823038|823852","AVAILABLE_IN_LINEAGE_SOURCE","LAST_STARTS","DATE_ONLY","UNEXPLAINED"
"823843","687473","2026-07-24","home","daysSinceLastStart","3","22","19","824335|823038|823852","AVAILABLE_IN_LINEAGE_SOURCE","LAST_STARTS","DATE_ONLY","UNEXPLAINED"
"823843","687473","2026-07-24","home","last3AppearancesKs2","4","2","2","824165|823763|823845","AVAILABLE_IN_LINEAGE_SOURCE","LAST_APPEARANCES","DATE_ONLY","UNEXPLAINED"
"823843","687473","2026-07-24","home","last3AppearancesKs3","6","1","5","824165|823763|823845","AVAILABLE_IN_LINEAGE_SOURCE","LAST_APPEARANCES","DATE_ONLY","UNEXPLAINED"
"823843","687473","2026-07-24","home","last3AppearancesIp1","3","2","1","824165|823763|823845","AVAILABLE_IN_LINEAGE_SOURCE","LAST_APPEARANCES","DATE_ONLY","UNEXPLAINED"
"823843","687473","2026-07-24","home","last3AppearancesIp3","4.3","2","2.3","824165|823763|823845","AVAILABLE_IN_LINEAGE_SOURCE","LAST_APPEARANCES","DATE_ONLY","UNEXPLAINED"
"823843","687473","2026-07-24","home","last3AppearancesBf1","16","6","10","824165|823763|823845","AVAILABLE_IN_LINEAGE_SOURCE","LAST_APPEARANCES","DATE_ONLY","UNEXPLAINED"
"823843","687473","2026-07-24","home","last3AppearancesBf2","15","11","4","824165|823763|823845","AVAILABLE_IN_LINEAGE_SOURCE","LAST_APPEARANCES","DATE_ONLY","UNEXPLAINED"
"823843","687473","2026-07-24","home","last3AppearancesBf3","18","6","12","824165|823763|823845","AVAILABLE_IN_LINEAGE_SOURCE","LAST_APPEARANCES","DATE_ONLY","UNEXPLAINED"
"823843","687473","2026-07-24","home","last5AppearancesKsAvg","3.4","2.2","1.1999999999999997","824165|823763|823845","AVAILABLE_IN_LINEAGE_SOURCE","LAST_APPEARANCES","DATE_ONLY","UNEXPLAINED"
"823843","687473","2026-07-24","home","last5AppearancesIpAvg","3.9","2.5333333333333337","1.3666666666666663","824165|823763|823845","AVAILABLE_IN_LINEAGE_SOURCE","LAST_APPEARANCES","DATE_ONLY","UNEXPLAINED"
"823843","687473","2026-07-24","home","last5AppearancesBfAvg","18.2","10.8","7.399999999999999","824165|823763|823845","AVAILABLE_IN_LINEAGE_SOURCE","LAST_APPEARANCES","DATE_ONLY","UNEXPLAINED"
"823843","687473","2026-07-24","home","last5AppearancesPitchCountAvg","68","39.8","28.200000000000003","824165|823763|823845","AVAILABLE_IN_LINEAGE_SOURCE","LAST_APPEARANCES","DATE_ONLY","UNEXPLAINED"
"823846","676083","2026-07-09","home","last3StartsKs2","3","4","1","823866|822983|823869","AVAILABLE_IN_LINEAGE_SOURCE","LAST_STARTS","DATE_ONLY","UNEXPLAINED"
"823846","676083","2026-07-09","home","last3StartsKs3","4","6","2","823866|822983|823869","AVAILABLE_IN_LINEAGE_SOURCE","LAST_STARTS","DATE_ONLY","UNEXPLAINED"
"823846","676083","2026-07-09","home","last3StartsBf2","23","28","5","823866|822983|823869","AVAILABLE_IN_LINEAGE_SOURCE","LAST_STARTS","DATE_ONLY","UNEXPLAINED"
"823846","676083","2026-07-09","home","last3StartsBf3","28","26","2","823866|822983|823869","AVAILABLE_IN_LINEAGE_SOURCE","LAST_STARTS","DATE_ONLY","UNEXPLAINED"
"823846","676083","2026-07-09","home","last5StartsBfAvg","24.4","23.2","1.1999999999999993","823866|822983|823869","AVAILABLE_IN_LINEAGE_SOURCE","LAST_STARTS","DATE_ONLY","UNEXPLAINED"
"823846","676083","2026-07-09","home","last5StartsPitchCountAvg","93","85.6","7.400000000000006","823866|822983|823869","AVAILABLE_IN_LINEAGE_SOURCE","LAST_STARTS","DATE_ONLY","UNEXPLAINED"
"823846","676083","2026-07-09","home","pitchesLastStart","93","86","7","823866|822983|823869","AVAILABLE_IN_LINEAGE_SOURCE","LAST_STARTS","DATE_ONLY","UNEXPLAINED"
"823846","676083","2026-07-09","home","pitchesLast3Starts","279","280","1","823866|822983|823869","AVAILABLE_IN_LINEAGE_SOURCE","LAST_STARTS","DATE_ONLY","UNEXPLAINED"
"823846","676083","2026-07-09","home","daysSinceLastStart","5","50","45","823866|822983|823869","AVAILABLE_IN_LINEAGE_SOURCE","LAST_STARTS","DATE_ONLY","UNEXPLAINED"
"823847","676974","2026-07-07","home","last3StartsKs2","5","7","2","823039|823854|823858","AVAILABLE_IN_LINEAGE_SOURCE","LAST_STARTS","DATE_ONLY","UNEXPLAINED"
"823847","676974","2026-07-07","home","last3StartsKs3","7","5","2","823039|823854|823858","AVAILABLE_IN_LINEAGE_SOURCE","LAST_STARTS","DATE_ONLY","UNEXPLAINED"
"823847","676974","2026-07-07","home","last3StartsIp1","6","7","1","823039|823854|823858","AVAILABLE_IN_LINEAGE_SOURCE","LAST_STARTS","DATE_ONLY","UNEXPLAINED"
"823847","676974","2026-07-07","home","last3StartsIp2","7","5","2","823039|823854|823858","AVAILABLE_IN_LINEAGE_SOURCE","LAST_STARTS","DATE_ONLY","UNEXPLAINED"
"823847","676974","2026-07-07","home","last3StartsBf2","25","23","2","823039|823854|823858","AVAILABLE_IN_LINEAGE_SOURCE","LAST_STARTS","DATE_ONLY","UNEXPLAINED"
"823847","676974","2026-07-07","home","last3StartsBf3","23","24","1","823039|823854|823858","AVAILABLE_IN_LINEAGE_SOURCE","LAST_STARTS","DATE_ONLY","UNEXPLAINED"
"823847","676974","2026-07-07","home","last5StartsPitchCountAvg","93","96","3","823039|823854|823858","AVAILABLE_IN_LINEAGE_SOURCE","LAST_STARTS","DATE_ONLY","UNEXPLAINED"
"823847","676974","2026-07-07","home","pitchesLastStart","78","89","11","823039|823854|823858","AVAILABLE_IN_LINEAGE_SOURCE","LAST_STARTS","DATE_ONLY","UNEXPLAINED"
"823847","676974","2026-07-07","home","pitchesLast3Starts","265","282","17","823039|823854|823858","AVAILABLE_IN_LINEAGE_SOURCE","LAST_STARTS","DATE_ONLY","UNEXPLAINED"
"823847","676974","2026-07-07","home","daysSinceLastStart","6","11","5","823039|823854|823858","AVAILABLE_IN_LINEAGE_SOURCE","LAST_STARTS","DATE_ONLY","UNEXPLAINED"
"823847","676974","2026-07-07","home","last3AppearancesKs2","5","7","2","823039|823854|823858","AVAILABLE_IN_LINEAGE_SOURCE","LAST_APPEARANCES","DATE_ONLY","UNEXPLAINED"
"823847","676974","2026-07-07","home","last3AppearancesKs3","7","5","2","823039|823854|823858","AVAILABLE_IN_LINEAGE_SOURCE","LAST_APPEARANCES","DATE_ONLY","UNEXPLAINED"
"823847","676974","2026-07-07","home","last3AppearancesIp1","6","7","1","823039|823854|823858","AVAILABLE_IN_LINEAGE_SOURCE","LAST_APPEARANCES","DATE_ONLY","UNEXPLAINED"
"823847","676974","2026-07-07","home","last3AppearancesIp2","7","5","2","823039|823854|823858","AVAILABLE_IN_LINEAGE_SOURCE","LAST_APPEARANCES","DATE_ONLY","UNEXPLAINED"
"823847","676974","2026-07-07","home","last3AppearancesBf2","25","23","2","823039|823854|823858","AVAILABLE_IN_LINEAGE_SOURCE","LAST_APPEARANCES","DATE_ONLY","UNEXPLAINED"
"823847","676974","2026-07-07","home","last3AppearancesBf3","23","24","1","823039|823854|823858","AVAILABLE_IN_LINEAGE_SOURCE","LAST_APPEARANCES","DATE_ONLY","UNEXPLAINED"
"823847","676974","2026-07-07","home","last5AppearancesPitchCountAvg","93","96","3","823039|823854|823858","AVAILABLE_IN_LINEAGE_SOURCE","LAST_APPEARANCES","DATE_ONLY","UNEXPLAINED"
"823848","663969","2026-07-08","home","last5AppearancesBfAvg","21.6","22.8","1.1999999999999993","824982|823037|823851","AVAILABLE_IN_LINEAGE_SOURCE","LAST_APPEARANCES","DATE_ONLY","UNEXPLAINED"
"823848","663969","2026-07-08","home","last5AppearancesPitchCountAvg","81","83.6","2.5999999999999943","824982|823037|823851","AVAILABLE_IN_LINEAGE_SOURCE","LAST_APPEARANCES","DATE_ONLY","UNEXPLAINED"
"823849","645261","2026-06-23","home","last3StartsKs3","7","5","2","823450|823857|822730","AVAILABLE_IN_LINEAGE_SOURCE","LAST_STARTS","DATE_ONLY","UNEXPLAINED"
"823849","645261","2026-06-23","home","last3StartsIp2","8","7","1","823450|823857|822730","AVAILABLE_IN_LINEAGE_SOURCE","LAST_STARTS","DATE_ONLY","UNEXPLAINED"
"823849","645261","2026-06-23","home","last3StartsBf2","30","25","5","823450|823857|822730","AVAILABLE_IN_LINEAGE_SOURCE","LAST_STARTS","DATE_ONLY","UNEXPLAINED"
"823849","645261","2026-06-23","home","last3StartsBf3","25","26","1","823450|823857|822730","AVAILABLE_IN_LINEAGE_SOURCE","LAST_STARTS","DATE_ONLY","UNEXPLAINED"
"823849","645261","2026-06-23","home","last5StartsBfAvg","28","27","1","823450|823857|822730","AVAILABLE_IN_LINEAGE_SOURCE","LAST_STARTS","DATE_ONLY","UNEXPLAINED"
"823849","645261","2026-06-23","home","last5StartsPitchCountAvg","97","95.2","1.7999999999999972","823450|823857|822730","AVAILABLE_IN_LINEAGE_SOURCE","LAST_STARTS","DATE_ONLY","UNEXPLAINED"
"823849","645261","2026-06-23","home","pitchesLast3Starts","294","287","7","823450|823857|822730","AVAILABLE_IN_LINEAGE_SOURCE","LAST_STARTS","DATE_ONLY","UNEXPLAINED"
"823849","645261","2026-06-23","home","last3AppearancesKs3","7","5","2","823450|823857|822730","AVAILABLE_IN_LINEAGE_SOURCE","LAST_APPEARANCES","DATE_ONLY","UNEXPLAINED"
"823849","645261","2026-06-23","home","last3AppearancesIp2","8","7","1","823450|823857|822730","AVAILABLE_IN_LINEAGE_SOURCE","LAST_APPEARANCES","DATE_ONLY","UNEXPLAINED"
"823849","645261","2026-06-23","home","last3AppearancesBf2","30","25","5","823450|823857|822730","AVAILABLE_IN_LINEAGE_SOURCE","LAST_APPEARANCES","DATE_ONLY","UNEXPLAINED"
"823849","645261","2026-06-23","home","last3AppearancesBf3","25","26","1","823450|823857|822730","AVAILABLE_IN_LINEAGE_SOURCE","LAST_APPEARANCES","DATE_ONLY","UNEXPLAINED"
"823849","645261","2026-06-23","home","last5AppearancesBfAvg","28","27","1","823450|823857|822730","AVAILABLE_IN_LINEAGE_SOURCE","LAST_APPEARANCES","DATE_ONLY","UNEXPLAINED"
"823849","645261","2026-06-23","home","last5AppearancesPitchCountAvg","97","95.2","1.7999999999999972","823450|823857|822730","AVAILABLE_IN_LINEAGE_SOURCE","LAST_APPEARANCES","DATE_ONLY","UNEXPLAINED"
"823850","691587","2026-06-24","home","last5StartsPitchCountAvg","88","89.6","1.5999999999999943","822809|823863|822982","AVAILABLE_IN_LINEAGE_SOURCE","LAST_STARTS","DATE_ONLY","UNEXPLAINED"
"823850","691587","2026-06-24","home","last5AppearancesPitchCountAvg","88","90","2","822809|823863|822982","AVAILABLE_IN_LINEAGE_SOURCE","LAST_APPEARANCES","DATE_ONLY","UNEXPLAINED"
"823925","686218","2026-07-12","home","last3StartsKs3","4","2","2","823931|823281|823941","AVAILABLE_IN_LINEAGE_SOURCE","LAST_STARTS","DATE_ONLY","UNEXPLAINED"
"823925","686218","2026-07-12","home","last3StartsIp3","3.3","1.3333333333333333","1.9666666666666666","823931|823281|823941","AVAILABLE_IN_LINEAGE_SOURCE","LAST_STARTS","DATE_ONLY","UNEXPLAINED"
"823925","686218","2026-07-12","home","last3StartsBf3","21","9","12","823931|823281|823941","AVAILABLE_IN_LINEAGE_SOURCE","LAST_STARTS","DATE_ONLY","UNEXPLAINED"
"823925","686218","2026-07-12","home","last5StartsKsAvg","4.8","3.4","1.4","823931|823281|823941","AVAILABLE_IN_LINEAGE_SOURCE","LAST_STARTS","DATE_ONLY","UNEXPLAINED"
"823925","686218","2026-07-12","home","last5StartsPitchCountAvg","79","77.6","1.4000000000000057","823931|823281|823941","AVAILABLE_IN_LINEAGE_SOURCE","LAST_STARTS","DATE_ONLY","UNEXPLAINED"
"823925","686218","2026-07-12","home","pitchesLast3Starts","262","229","33","823931|823281|823941","AVAILABLE_IN_LINEAGE_SOURCE","LAST_STARTS","DATE_ONLY","UNEXPLAINED"
"823925","686218","2026-07-12","home","last5AppearancesKsAvg","4.8","3.8","1","823931|823281|823934","AVAILABLE_IN_LINEAGE_SOURCE","LAST_APPEARANCES","DATE_ONLY","UNEXPLAINED"
"823925","686218","2026-07-12","home","last5AppearancesPitchCountAvg","79","80.6","1.5999999999999943","823931|823281|823934","AVAILABLE_IN_LINEAGE_SOURCE","LAST_APPEARANCES","DATE_ONLY","UNEXPLAINED"
"823926","808967","2026-07-11","home","last5StartsBfAvg","25.6","24.6","1","823932|823283|823937","AVAILABLE_IN_LINEAGE_SOURCE","LAST_STARTS","DATE_ONLY","UNEXPLAINED"
"823926","808967","2026-07-11","home","last5StartsPitchCountAvg","99","97.6","1.4000000000000057","823932|823283|823937","AVAILABLE_IN_LINEAGE_SOURCE","LAST_STARTS","DATE_ONLY","UNEXPLAINED"
"823926","808967","2026-07-11","home","last5AppearancesBfAvg","25.6","24.6","1","823932|823283|823937","AVAILABLE_IN_LINEAGE_SOURCE","LAST_APPEARANCES","DATE_ONLY","UNEXPLAINED"
"823926","808967","2026-07-11","home","last5AppearancesPitchCountAvg","99","97.6","1.4000000000000057","823932|823283|823937","AVAILABLE_IN_LINEAGE_SOURCE","LAST_APPEARANCES","DATE_ONLY","UNEXPLAINED"
"823928","808963","2026-07-08","home","last5StartsPitchCountAvg","90","88.2","1.7999999999999972","823935|823285|823936","AVAILABLE_IN_LINEAGE_SOURCE","LAST_STARTS","DATE_ONLY","UNEXPLAINED"
"823928","808963","2026-07-08","home","last5AppearancesPitchCountAvg","90","88.2","1.7999999999999972","823935|823285|823936","AVAILABLE_IN_LINEAGE_SOURCE","LAST_APPEARANCES","DATE_ONLY","UNEXPLAINED"
"823929","680736","2026-07-07","home","last3StartsKs1","11","3","8","823690|823939|825076","AVAILABLE_IN_LINEAGE_SOURCE","LAST_STARTS","DATE_ONLY","UNEXPLAINED"
"823929","680736","2026-07-07","home","last3StartsKs2","3","5","2","823690|823939|825076","AVAILABLE_IN_LINEAGE_SOURCE","LAST_STARTS","DATE_ONLY","UNEXPLAINED"
"823929","680736","2026-07-07","home","last3StartsKs3","5","4","1","823690|823939|825076","AVAILABLE_IN_LINEAGE_SOURCE","LAST_STARTS","DATE_ONLY","UNEXPLAINED"
"823929","680736","2026-07-07","home","last3StartsIp2","7","6","1","823690|823939|825076","AVAILABLE_IN_LINEAGE_SOURCE","LAST_STARTS","DATE_ONLY","UNEXPLAINED"
"823929","680736","2026-07-07","home","last3StartsBf1","27","28","1","823690|823939|825076","AVAILABLE_IN_LINEAGE_SOURCE","LAST_STARTS","DATE_ONLY","UNEXPLAINED"
"823929","680736","2026-07-07","home","last3StartsBf2","28","21","7","823690|823939|825076","AVAILABLE_IN_LINEAGE_SOURCE","LAST_STARTS","DATE_ONLY","UNEXPLAINED"
"823929","680736","2026-07-07","home","last3StartsBf3","21","24","3","823690|823939|825076","AVAILABLE_IN_LINEAGE_SOURCE","LAST_STARTS","DATE_ONLY","UNEXPLAINED"
"823929","680736","2026-07-07","home","last5StartsKsStd","3.37","2.0976176963403033","1.2723823036596968","823690|823939|825076","AVAILABLE_IN_LINEAGE_SOURCE","LAST_STARTS","DATE_ONLY","UNEXPLAINED"
"823929","680736","2026-07-07","home","pitchesLastStart","110","92","18","823690|823939|825076","AVAILABLE_IN_LINEAGE_SOURCE","LAST_STARTS","DATE_ONLY","UNEXPLAINED"
"823929","680736","2026-07-07","home","pitchesLast3Starts","269","243","26","823690|823939|825076","AVAILABLE_IN_LINEAGE_SOURCE","LAST_STARTS","DATE_ONLY","UNEXPLAINED"
"823929","680736","2026-07-07","home","daysSinceLastStart","7","14","7","823690|823939|825076","AVAILABLE_IN_LINEAGE_SOURCE","LAST_STARTS","DATE_ONLY","UNEXPLAINED"
"823929","680736","2026-07-07","home","last5AppearancesKsAvg","4.8","6.4","1.6000000000000005","824984|823690|823939","AVAILABLE_IN_LINEAGE_SOURCE","LAST_APPEARANCES","DATE_ONLY","UNEXPLAINED"
"823929","680736","2026-07-07","home","last5AppearancesPitchCountAvg","87","88.2","1.2000000000000028","824984|823690|823939","AVAILABLE_IN_LINEAGE_SOURCE","LAST_APPEARANCES","DATE_ONLY","UNEXPLAINED"
"823930","641778","2026-07-06","home","pitchesLast3Starts","272","277","5","824986|823938|823374","AVAILABLE_IN_LINEAGE_SOURCE","LAST_STARTS","DATE_ONLY","UNEXPLAINED"
"823930","641778","2026-07-06","home","last3AppearancesKs2","4","2","2","824986|823692|823938","AVAILABLE_IN_LINEAGE_SOURCE","LAST_APPEARANCES","DATE_ONLY","UNEXPLAINED"
"823930","641778","2026-07-06","home","last3AppearancesKs3","5","4","1","824986|823692|823938","AVAILABLE_IN_LINEAGE_SOURCE","LAST_APPEARANCES","DATE_ONLY","UNEXPLAINED"
"823930","641778","2026-07-06","home","last3AppearancesBf2","26","21","5","824986|823692|823938","AVAILABLE_IN_LINEAGE_SOURCE","LAST_APPEARANCES","DATE_ONLY","UNEXPLAINED"
"823930","641778","2026-07-06","home","last3AppearancesBf3","20","26","6","824986|823692|823938","AVAILABLE_IN_LINEAGE_SOURCE","LAST_APPEARANCES","DATE_ONLY","UNEXPLAINED"
"823930","641778","2026-07-06","home","last5AppearancesPitchCountAvg","89","86.2","2.799999999999997","824986|823692|823938","AVAILABLE_IN_LINEAGE_SOURCE","LAST_APPEARANCES","DATE_ONLY","UNEXPLAINED"
"823931","686218","2026-07-05","home","last3StartsKs2","4","2","2","823281|823941|825078","AVAILABLE_IN_LINEAGE_SOURCE","LAST_STARTS","DATE_ONLY","UNEXPLAINED"
"823931","686218","2026-07-05","home","last3StartsKs3","8","3","5","823281|823941|825078","AVAILABLE_IN_LINEAGE_SOURCE","LAST_STARTS","DATE_ONLY","UNEXPLAINED"
"823931","686218","2026-07-05","home","last3StartsIp2","3.3","1.3333333333333333","1.9666666666666666","823281|823941|825078","AVAILABLE_IN_LINEAGE_SOURCE","LAST_STARTS","DATE_ONLY","UNEXPLAINED"
"823931","686218","2026-07-05","home","last3StartsIp3","5","6.333333333333333","1.333333333333333","823281|823941|825078","AVAILABLE_IN_LINEAGE_SOURCE","LAST_STARTS","DATE_ONLY","UNEXPLAINED"
"823931","686218","2026-07-05","home","last3StartsBf2","21","9","12","823281|823941|825078","AVAILABLE_IN_LINEAGE_SOURCE","LAST_STARTS","DATE_ONLY","UNEXPLAINED"
"823931","686218","2026-07-05","home","last3StartsBf3","21","22","1","823281|823941|825078","AVAILABLE_IN_LINEAGE_SOURCE","LAST_STARTS","DATE_ONLY","UNEXPLAINED"
"823931","686218","2026-07-05","home","last5StartsPitchCountAvg","78","76","2","823281|823941|825078","AVAILABLE_IN_LINEAGE_SOURCE","LAST_STARTS","DATE_ONLY","UNEXPLAINED"
"823931","686218","2026-07-05","home","pitchesLast3Starts","251","225","26","823281|823941|825078","AVAILABLE_IN_LINEAGE_SOURCE","LAST_STARTS","DATE_ONLY","UNEXPLAINED"
"823931","686218","2026-07-05","home","last3AppearancesKs3","8","2","6","823281|823934|823941","AVAILABLE_IN_LINEAGE_SOURCE","LAST_APPEARANCES","DATE_ONLY","UNEXPLAINED"
"823931","686218","2026-07-05","home","last3AppearancesIp3","5","1.3333333333333333","3.666666666666667","823281|823934|823941","AVAILABLE_IN_LINEAGE_SOURCE","LAST_APPEARANCES","DATE_ONLY","UNEXPLAINED"
"823931","686218","2026-07-05","home","last3AppearancesBf3","21","9","12","823281|823934|823941","AVAILABLE_IN_LINEAGE_SOURCE","LAST_APPEARANCES","DATE_ONLY","UNEXPLAINED"
"823931","686218","2026-07-05","home","last5AppearancesKsAvg","4.4","3.2","1.2000000000000002","823281|823934|823941","AVAILABLE_IN_LINEAGE_SOURCE","LAST_APPEARANCES","DATE_ONLY","UNEXPLAINED"
"823931","686218","2026-07-05","home","last5AppearancesPitchCountAvg","78","74.8","3.200000000000003","823281|823934|823941","AVAILABLE_IN_LINEAGE_SOURCE","LAST_APPEARANCES","DATE_ONLY","UNEXPLAINED"
"823932","808967","2026-07-04","home","last3StartsKs3","7","4","3","823283|823937|823942","AVAILABLE_IN_LINEAGE_SOURCE","LAST_STARTS","DATE_ONLY","UNEXPLAINED"
"823932","808967","2026-07-04","home","last3StartsBf3","27","26","1","823283|823937|823942","AVAILABLE_IN_LINEAGE_SOURCE","LAST_STARTS","DATE_ONLY","UNEXPLAINED"
"823932","808967","2026-07-04","home","last5StartsPitchCountAvg","99","96","3","823283|823937|823942","AVAILABLE_IN_LINEAGE_SOURCE","LAST_STARTS","DATE_ONLY","UNEXPLAINED"
"823932","808967","2026-07-04","home","pitchesLast3Starts","300","284","16","823283|823937|823942","AVAILABLE_IN_LINEAGE_SOURCE","LAST_STARTS","DATE_ONLY","UNEXPLAINED"
"823932","808967","2026-07-04","home","last3AppearancesKs3","7","4","3","823283|823937|823942","AVAILABLE_IN_LINEAGE_SOURCE","LAST_APPEARANCES","DATE_ONLY","UNEXPLAINED"
"823932","808967","2026-07-04","home","last3AppearancesBf3","27","26","1","823283|823937|823942","AVAILABLE_IN_LINEAGE_SOURCE","LAST_APPEARANCES","DATE_ONLY","UNEXPLAINED"
"823932","808967","2026-07-04","home","last5AppearancesPitchCountAvg","99","96","3","823283|823937|823942","AVAILABLE_IN_LINEAGE_SOURCE","LAST_APPEARANCES","DATE_ONLY","UNEXPLAINED"
"824010","696270","2026-07-05","home","last5StartsPitchCountAvg","85","82.6","2.4000000000000057","823121|824017|824989","AVAILABLE_IN_LINEAGE_SOURCE","LAST_STARTS","DATE_ONLY","UNEXPLAINED"
"824010","696270","2026-07-05","home","last5AppearancesBfAvg","21.3","17","4.300000000000001","823121|824017|824989","AVAILABLE_IN_LINEAGE_SOURCE","LAST_APPEARANCES","DATE_ONLY","UNEXPLAINED"
"824010","696270","2026-07-05","home","last5AppearancesPitchCountAvg","85","65.8","19.200000000000003","823121|824017|824989","AVAILABLE_IN_LINEAGE_SOURCE","LAST_APPEARANCES","DATE_ONLY","UNEXPLAINED"
"824011","691951","2026-06-28","home","last5StartsPitchCountAvg","78","84","6","824016|825072","AVAILABLE_IN_LINEAGE_SOURCE","LAST_STARTS","DATE_ONLY","UNEXPLAINED"
"824011","691951","2026-06-28","home","pitchesLast3Starts","242","168","74","824016|825072","AVAILABLE_IN_LINEAGE_SOURCE","LAST_STARTS","DATE_ONLY","UNEXPLAINED"
"824011","691951","2026-06-28","home","last3AppearancesKs3","4","1","3","824016|825072|824025","AVAILABLE_IN_LINEAGE_SOURCE","LAST_APPEARANCES","DATE_ONLY","UNEXPLAINED"
"824011","691951","2026-06-28","home","last3AppearancesIp3","5","1","4","824016|825072|824025","AVAILABLE_IN_LINEAGE_SOURCE","LAST_APPEARANCES","DATE_ONLY","UNEXPLAINED"
"824011","691951","2026-06-28","home","last3AppearancesBf3","21","3","18","824016|825072|824025","AVAILABLE_IN_LINEAGE_SOURCE","LAST_APPEARANCES","DATE_ONLY","UNEXPLAINED"
"824011","691951","2026-06-28","home","last5AppearancesIpAvg","4.2","3.1333333333333333","1.0666666666666669","824016|825072|824025","AVAILABLE_IN_LINEAGE_SOURCE","LAST_APPEARANCES","DATE_ONLY","UNEXPLAINED"
"824011","691951","2026-06-28","home","last5AppearancesBfAvg","19.8","14.6","5.200000000000001","824016|825072|824025","AVAILABLE_IN_LINEAGE_SOURCE","LAST_APPEARANCES","DATE_ONLY","UNEXPLAINED"
"824011","691951","2026-06-28","home","last5AppearancesPitchCountAvg","78","59.6","18.4","824016|825072|824025","AVAILABLE_IN_LINEAGE_SOURCE","LAST_APPEARANCES","DATE_ONLY","UNEXPLAINED"
"824012","691951","2026-07-04","home","last5StartsPitchCountAvg","78","83","5","824011|824016|825072","AVAILABLE_IN_LINEAGE_SOURCE","LAST_STARTS","DATE_ONLY","UNEXPLAINED"
"824012","691951","2026-07-04","home","last5AppearancesBfAvg","20","17.2","2.8000000000000007","824011|824016|825072","AVAILABLE_IN_LINEAGE_SOURCE","LAST_APPEARANCES","DATE_ONLY","UNEXPLAINED"
"824012","691951","2026-07-04","home","last5AppearancesPitchCountAvg","78","69.2","8.799999999999997","824011|824016|825072","AVAILABLE_IN_LINEAGE_SOURCE","LAST_APPEARANCES","DATE_ONLY","UNEXPLAINED"
"824017","696270","2026-06-23","home","last5StartsKsAvg","2","3","1","824989|824702|831818","AVAILABLE_IN_LINEAGE_SOURCE","LAST_STARTS","DATE_ONLY","UNEXPLAINED"
"824017","696270","2026-06-23","home","last5StartsKsStd","0","1","1","824989|824702|831818","AVAILABLE_IN_LINEAGE_SOURCE","LAST_STARTS","DATE_ONLY","UNEXPLAINED"
"824017","696270","2026-06-23","home","last5StartsBfAvg","23","20.25","2.75","824989|824702|831818","AVAILABLE_IN_LINEAGE_SOURCE","LAST_STARTS","DATE_ONLY","UNEXPLAINED"
"824017","696270","2026-06-23","home","last5StartsPitchCountAvg","85","74.25","10.75","824989|824702|831818","AVAILABLE_IN_LINEAGE_SOURCE","LAST_STARTS","DATE_ONLY","UNEXPLAINED"
"824017","696270","2026-06-23","home","pitchesLast3Starts","158","242","84","824989|824702|831818","AVAILABLE_IN_LINEAGE_SOURCE","LAST_STARTS","DATE_ONLY","UNEXPLAINED"
"824017","696270","2026-06-23","home","last3AppearancesKs2","2","0","2","824989|824033|824034","AVAILABLE_IN_LINEAGE_SOURCE","LAST_APPEARANCES","DATE_ONLY","UNEXPLAINED"
"824017","696270","2026-06-23","home","last3AppearancesIp2","3.3","2","1.2999999999999998","824989|824033|824034","AVAILABLE_IN_LINEAGE_SOURCE","LAST_APPEARANCES","DATE_ONLY","UNEXPLAINED"
"824017","696270","2026-06-23","home","last3AppearancesBf2","21","11","10","824989|824033|824034","AVAILABLE_IN_LINEAGE_SOURCE","LAST_APPEARANCES","DATE_ONLY","UNEXPLAINED"
"824017","696270","2026-06-23","home","last5AppearancesIpAvg","4.2","2.666666666666667","1.5333333333333332","824989|824033|824034","AVAILABLE_IN_LINEAGE_SOURCE","LAST_APPEARANCES","DATE_ONLY","UNEXPLAINED"
"824017","696270","2026-06-23","home","last5AppearancesBfAvg","23","14.4","8.6","824989|824033|824034","AVAILABLE_IN_LINEAGE_SOURCE","LAST_APPEARANCES","DATE_ONLY","UNEXPLAINED"
"824017","696270","2026-06-23","home","last5AppearancesPitchCountAvg","85","51.8","33.2","824989|824033|824034","AVAILABLE_IN_LINEAGE_SOURCE","LAST_APPEARANCES","DATE_ONLY","UNEXPLAINED"
"824018","667755","2026-06-24","home","last3StartsKs2","5","2","3","824990|823941|824027","AVAILABLE_IN_LINEAGE_SOURCE","LAST_STARTS","DATE_ONLY","UNEXPLAINED"
"824018","667755","2026-06-24","home","last3StartsKs3","2","7","5","824990|823941|824027","AVAILABLE_IN_LINEAGE_SOURCE","LAST_STARTS","DATE_ONLY","UNEXPLAINED"
"824018","667755","2026-06-24","home","last3StartsIp2","5","6","1","824990|823941|824027","AVAILABLE_IN_LINEAGE_SOURCE","LAST_STARTS","DATE_ONLY","UNEXPLAINED"
"824018","667755","2026-06-24","home","last3StartsIp3","6","4.666666666666667","1.333333333333333","824990|823941|824027","AVAILABLE_IN_LINEAGE_SOURCE","LAST_STARTS","DATE_ONLY","UNEXPLAINED"
"824018","667755","2026-06-24","home","last3StartsBf2","19","27","8","824990|823941|824027","AVAILABLE_IN_LINEAGE_SOURCE","LAST_STARTS","DATE_ONLY","UNEXPLAINED"
"824018","667755","2026-06-24","home","last3StartsBf3","27","25","2","824990|823941|824027","AVAILABLE_IN_LINEAGE_SOURCE","LAST_STARTS","DATE_ONLY","UNEXPLAINED"
"824018","667755","2026-06-24","home","last5StartsBfAvg","23.8","25.2","1.3999999999999986","824990|823941|824027","AVAILABLE_IN_LINEAGE_SOURCE","LAST_STARTS","DATE_ONLY","UNEXPLAINED"
"824018","667755","2026-06-24","home","last5StartsPitchCountAvg","96","101.8","5.799999999999997","824990|823941|824027","AVAILABLE_IN_LINEAGE_SOURCE","LAST_STARTS","DATE_ONLY","UNEXPLAINED"
"824018","667755","2026-06-24","home","pitchesLast3Starts","269","301","32","824990|823941|824027","AVAILABLE_IN_LINEAGE_SOURCE","LAST_STARTS","DATE_ONLY","UNEXPLAINED"
"824018","667755","2026-06-24","home","last3AppearancesKs2","5","2","3","824990|823941|824027","AVAILABLE_IN_LINEAGE_SOURCE","LAST_APPEARANCES","DATE_ONLY","UNEXPLAINED"
"824018","667755","2026-06-24","home","last3AppearancesKs3","2","7","5","824990|823941|824027","AVAILABLE_IN_LINEAGE_SOURCE","LAST_APPEARANCES","DATE_ONLY","UNEXPLAINED"
"824018","667755","2026-06-24","home","last3AppearancesIp2","5","6","1","824990|823941|824027","AVAILABLE_IN_LINEAGE_SOURCE","LAST_APPEARANCES","DATE_ONLY","UNEXPLAINED"
"824018","667755","2026-06-24","home","last3AppearancesIp3","6","4.666666666666667","1.333333333333333","824990|823941|824027","AVAILABLE_IN_LINEAGE_SOURCE","LAST_APPEARANCES","DATE_ONLY","UNEXPLAINED"
"824018","667755","2026-06-24","home","last3AppearancesBf2","19","27","8","824990|823941|824027","AVAILABLE_IN_LINEAGE_SOURCE","LAST_APPEARANCES","DATE_ONLY","UNEXPLAINED"
"824018","667755","2026-06-24","home","last3AppearancesBf3","27","25","2","824990|823941|824027","AVAILABLE_IN_LINEAGE_SOURCE","LAST_APPEARANCES","DATE_ONLY","UNEXPLAINED"
"824018","667755","2026-06-24","home","last5AppearancesBfAvg","23.8","25.2","1.3999999999999986","824990|823941|824027","AVAILABLE_IN_LINEAGE_SOURCE","LAST_APPEARANCES","DATE_ONLY","UNEXPLAINED"
"824018","667755","2026-06-24","home","last5AppearancesPitchCountAvg","96","101.8","5.799999999999997","824990|823941|824027","AVAILABLE_IN_LINEAGE_SOURCE","LAST_APPEARANCES","DATE_ONLY","UNEXPLAINED"
"824083","607625","2026-07-22","home","last5StartsKsAvg","4.6","3.2","1.3999999999999995","824090|824814|823607","AVAILABLE_IN_LINEAGE_SOURCE","LAST_STARTS","DATE_ONLY","UNEXPLAINED"
"824083","607625","2026-07-22","home","last3AppearancesKs2","6","4","2","824090|823607|822961","AVAILABLE_IN_LINEAGE_SOURCE","LAST_APPEARANCES","DATE_ONLY","UNEXPLAINED"
"824083","607625","2026-07-22","home","last3AppearancesKs3","4","3","1","824090|823607|822961","AVAILABLE_IN_LINEAGE_SOURCE","LAST_APPEARANCES","DATE_ONLY","UNEXPLAINED"
"824083","607625","2026-07-22","home","last3AppearancesBf2","19","24","5","824090|823607|822961","AVAILABLE_IN_LINEAGE_SOURCE","LAST_APPEARANCES","DATE_ONLY","UNEXPLAINED"
"824083","607625","2026-07-22","home","last5AppearancesKsAvg","4.6","2.4","2.1999999999999997","824090|823607|822961","AVAILABLE_IN_LINEAGE_SOURCE","LAST_APPEARANCES","DATE_ONLY","UNEXPLAINED"
"824083","607625","2026-07-22","home","last5AppearancesBfAvg","23.2","21.4","1.8000000000000007","824090|823607|822961","AVAILABLE_IN_LINEAGE_SOURCE","LAST_APPEARANCES","DATE_ONLY","UNEXPLAINED"
"824083","607625","2026-07-22","home","last5AppearancesPitchCountAvg","90","80.6","9.400000000000006","824090|823607|822961","AVAILABLE_IN_LINEAGE_SOURCE","LAST_APPEARANCES","DATE_ONLY","UNEXPLAINED"
"824086","702070","2026-07-19","home","last3StartsKs3","0","5","5","824813|824089|822965","AVAILABLE_IN_LINEAGE_SOURCE","LAST_STARTS","DATE_ONLY","UNEXPLAINED"
"824086","702070","2026-07-19","home","last3StartsIp3","3.7","5","1.2999999999999998","824813|824089|822965","AVAILABLE_IN_LINEAGE_SOURCE","LAST_STARTS","DATE_ONLY","UNEXPLAINED"
"824086","702070","2026-07-19","home","last3StartsBf3","21","27","6","824813|824089|822965","AVAILABLE_IN_LINEAGE_SOURCE","LAST_STARTS","DATE_ONLY","UNEXPLAINED"
"824086","702070","2026-07-19","home","last5StartsKsAvg","5.4","6.8","1.3999999999999995","824813|824089|822965","AVAILABLE_IN_LINEAGE_SOURCE","LAST_STARTS","DATE_ONLY","UNEXPLAINED"
"824086","702070","2026-07-19","home","last5StartsKsStd","3.01","1.32664991614216","1.6833500838578397","824813|824089|822965","AVAILABLE_IN_LINEAGE_SOURCE","LAST_STARTS","DATE_ONLY","UNEXPLAINED"
"824086","702070","2026-07-19","home","last5StartsPitchCountAvg","101","105","4","824813|824089|822965","AVAILABLE_IN_LINEAGE_SOURCE","LAST_STARTS","DATE_ONLY","UNEXPLAINED"
"824086","702070","2026-07-19","home","pitchesLast3Starts","291","313","22","824813|824089|822965","AVAILABLE_IN_LINEAGE_SOURCE","LAST_STARTS","DATE_ONLY","UNEXPLAINED"
"824089","702070","2026-07-06","home","last3StartsKs1","0","5","5","822965|824098|823696","AVAILABLE_IN_LINEAGE_SOURCE","LAST_STARTS","DATE_ONLY","UNEXPLAINED"
"824089","702070","2026-07-06","home","last3StartsKs2","5","6","1","822965|824098|823696","AVAILABLE_IN_LINEAGE_SOURCE","LAST_STARTS","DATE_ONLY","UNEXPLAINED"
"824089","702070","2026-07-06","home","last3StartsKs3","6","7","1","822965|824098|823696","AVAILABLE_IN_LINEAGE_SOURCE","LAST_STARTS","DATE_ONLY","UNEXPLAINED"
"824089","702070","2026-07-06","home","last3StartsIp1","3.7","5","1.2999999999999998","822965|824098|823696","AVAILABLE_IN_LINEAGE_SOURCE","LAST_STARTS","DATE_ONLY","UNEXPLAINED"
"824089","702070","2026-07-06","home","last3StartsIp3","5","6","1","822965|824098|823696","AVAILABLE_IN_LINEAGE_SOURCE","LAST_STARTS","DATE_ONLY","UNEXPLAINED"
"824089","702070","2026-07-06","home","last3StartsBf1","21","27","6","822965|824098|823696","AVAILABLE_IN_LINEAGE_SOURCE","LAST_STARTS","DATE_ONLY","UNEXPLAINED"
"824089","702070","2026-07-06","home","last3StartsBf3","27","23","4","822965|824098|823696","AVAILABLE_IN_LINEAGE_SOURCE","LAST_STARTS","DATE_ONLY","UNEXPLAINED"
"824089","702070","2026-07-06","home","last5StartsKsAvg","3.8","6","2.2","822965|824098|823696","AVAILABLE_IN_LINEAGE_SOURCE","LAST_STARTS","DATE_ONLY","UNEXPLAINED"
"824089","702070","2026-07-06","home","last5StartsKsStd","2.79","1.4142135623730951","1.375786437626905","822965|824098|823696","AVAILABLE_IN_LINEAGE_SOURCE","LAST_STARTS","DATE_ONLY","UNEXPLAINED"
"824089","702070","2026-07-06","home","last5StartsPitchCountAvg","98","100.2","2.200000000000003","822965|824098|823696","AVAILABLE_IN_LINEAGE_SOURCE","LAST_STARTS","DATE_ONLY","UNEXPLAINED"
"824089","702070","2026-07-06","home","pitchesLastStart","86","108","22","822965|824098|823696","AVAILABLE_IN_LINEAGE_SOURCE","LAST_STARTS","DATE_ONLY","UNEXPLAINED"
"824089","702070","2026-07-06","home","pitchesLast3Starts","302","320","18","822965|824098|823696","AVAILABLE_IN_LINEAGE_SOURCE","LAST_STARTS","DATE_ONLY","UNEXPLAINED"
"824089","702070","2026-07-06","home","daysSinceLastStart","6","12","6","822965|824098|823696","AVAILABLE_IN_LINEAGE_SOURCE","LAST_STARTS","DATE_ONLY","UNEXPLAINED"
"824089","702070","2026-07-06","home","last5AppearancesKsAvg","3.8","5.2","1.4000000000000004","824096|822965|824098","AVAILABLE_IN_LINEAGE_SOURCE","LAST_APPEARANCES","DATE_ONLY","UNEXPLAINED"
"824090","607625","2026-07-17","home","last3StartsKs3","7","3","4","824814|823607|822961","AVAILABLE_IN_LINEAGE_SOURCE","LAST_STARTS","DATE_ONLY","UNEXPLAINED"
"824090","607625","2026-07-17","home","last3StartsIp3","6","5","1","824814|823607|822961","AVAILABLE_IN_LINEAGE_SOURCE","LAST_STARTS","DATE_ONLY","UNEXPLAINED"
"824090","607625","2026-07-17","home","last3StartsBf3","26","24","2","824814|823607|822961","AVAILABLE_IN_LINEAGE_SOURCE","LAST_STARTS","DATE_ONLY","UNEXPLAINED"
"824090","607625","2026-07-17","home","last5StartsKsAvg","4","3","1","824814|823607|822961","AVAILABLE_IN_LINEAGE_SOURCE","LAST_STARTS","DATE_ONLY","UNEXPLAINED"
"824090","607625","2026-07-17","home","last5StartsBfAvg","23.2","20.6","2.599999999999998","824814|823607|822961","AVAILABLE_IN_LINEAGE_SOURCE","LAST_STARTS","DATE_ONLY","UNEXPLAINED"
"824090","607625","2026-07-17","home","last5StartsPitchCountAvg","89","80.4","8.599999999999994","824814|823607|822961","AVAILABLE_IN_LINEAGE_SOURCE","LAST_STARTS","DATE_ONLY","UNEXPLAINED"
"824090","607625","2026-07-17","home","pitchesLast3Starts","268","273","5","824814|823607|822961","AVAILABLE_IN_LINEAGE_SOURCE","LAST_STARTS","DATE_ONLY","UNEXPLAINED"
"824090","607625","2026-07-17","home","last3AppearancesKs1","6","4","2","823607|822961|824097","AVAILABLE_IN_LINEAGE_SOURCE","LAST_APPEARANCES","DATE_ONLY","UNEXPLAINED"
"824090","607625","2026-07-17","home","last3AppearancesKs2","4","3","1","823607|822961|824097","AVAILABLE_IN_LINEAGE_SOURCE","LAST_APPEARANCES","DATE_ONLY","UNEXPLAINED"
"824090","607625","2026-07-17","home","last3AppearancesKs3","7","0","7","823607|822961|824097","AVAILABLE_IN_LINEAGE_SOURCE","LAST_APPEARANCES","DATE_ONLY","UNEXPLAINED"
"824090","607625","2026-07-17","home","last3AppearancesBf1","19","24","5","823607|822961|824097","AVAILABLE_IN_LINEAGE_SOURCE","LAST_APPEARANCES","DATE_ONLY","UNEXPLAINED"
"824090","607625","2026-07-17","home","last3AppearancesBf3","26","23","3","823607|822961|824097","AVAILABLE_IN_LINEAGE_SOURCE","LAST_APPEARANCES","DATE_ONLY","UNEXPLAINED"
"824090","607625","2026-07-17","home","last5AppearancesKsAvg","4","2.6","1.4","823607|822961|824097","AVAILABLE_IN_LINEAGE_SOURCE","LAST_APPEARANCES","DATE_ONLY","UNEXPLAINED"
"824090","607625","2026-07-17","home","last5AppearancesBfAvg","23.2","21.2","2","823607|822961|824097","AVAILABLE_IN_LINEAGE_SOURCE","LAST_APPEARANCES","DATE_ONLY","UNEXPLAINED"
"824090","607625","2026-07-17","home","last5AppearancesPitchCountAvg","89","81","8","823607|822961|824097","AVAILABLE_IN_LINEAGE_SOURCE","LAST_APPEARANCES","DATE_ONLY","UNEXPLAINED"
"824091","679883","2026-07-05","home","last5StartsKsStd","2.06","1.0198039027185568","1.0401960972814432","824580|822963|822721","AVAILABLE_IN_LINEAGE_SOURCE","LAST_STARTS","DATE_ONLY","UNEXPLAINED"
"824091","679883","2026-07-05","home","last5StartsBfAvg","18","20.2","2.1999999999999993","824580|822963|822721","AVAILABLE_IN_LINEAGE_SOURCE","LAST_STARTS","DATE_ONLY","UNEXPLAINED"
"824091","679883","2026-07-05","home","last5StartsPitchCountAvg","77","84","7","824580|822963|822721","AVAILABLE_IN_LINEAGE_SOURCE","LAST_STARTS","DATE_ONLY","UNEXPLAINED"
"824091","679883","2026-07-05","home","last5AppearancesKsStd","2.06","1.0198039027185568","1.0401960972814432","824580|822963|822721","AVAILABLE_IN_LINEAGE_SOURCE","LAST_APPEARANCES","DATE_ONLY","UNEXPLAINED"
"824091","679883","2026-07-05","home","last5AppearancesBfAvg","18","20.2","2.1999999999999993","824580|822963|822721","AVAILABLE_IN_LINEAGE_SOURCE","LAST_APPEARANCES","DATE_ONLY","UNEXPLAINED"
"824091","679883","2026-07-05","home","last5AppearancesPitchCountAvg","77","84","7","824580|822963|822721","AVAILABLE_IN_LINEAGE_SOURCE","LAST_APPEARANCES","DATE_ONLY","UNEXPLAINED"
"824093","663568","2026-07-02","home","last3StartsKs2","4","3","1","824095|824105|824509","AVAILABLE_IN_LINEAGE_SOURCE","LAST_STARTS","DATE_ONLY","UNEXPLAINED"
"824093","663568","2026-07-02","home","last3StartsKs3","3","8","5","824095|824105|824509","AVAILABLE_IN_LINEAGE_SOURCE","LAST_STARTS","DATE_ONLY","UNEXPLAINED"
"824093","663568","2026-07-02","home","last3StartsIp2","7.3","5","2.3","824095|824105|824509","AVAILABLE_IN_LINEAGE_SOURCE","LAST_STARTS","DATE_ONLY","UNEXPLAINED"
"824093","663568","2026-07-02","home","last3StartsIp3","5","7","2","824095|824105|824509","AVAILABLE_IN_LINEAGE_SOURCE","LAST_STARTS","DATE_ONLY","UNEXPLAINED"
"824093","663568","2026-07-02","home","last3StartsBf2","26","23","3","824095|824105|824509","AVAILABLE_IN_LINEAGE_SOURCE","LAST_STARTS","DATE_ONLY","UNEXPLAINED"
"824093","663568","2026-07-02","home","last3StartsBf3","23","28","5","824095|824105|824509","AVAILABLE_IN_LINEAGE_SOURCE","LAST_STARTS","DATE_ONLY","UNEXPLAINED"
"824093","663568","2026-07-02","home","last5StartsPitchCountAvg","84","86","2","824095|824105|824509","AVAILABLE_IN_LINEAGE_SOURCE","LAST_STARTS","DATE_ONLY","UNEXPLAINED"
"824093","663568","2026-07-02","home","pitchesLast3Starts","232","231","1","824095|824105|824509","AVAILABLE_IN_LINEAGE_SOURCE","LAST_STARTS","DATE_ONLY","UNEXPLAINED"
"824093","663568","2026-07-02","home","last3AppearancesKs2","4","3","1","824095|824105|824509","AVAILABLE_IN_LINEAGE_SOURCE","LAST_APPEARANCES","DATE_ONLY","UNEXPLAINED"
"824093","663568","2026-07-02","home","last3AppearancesKs3","3","8","5","824095|824105|824509","AVAILABLE_IN_LINEAGE_SOURCE","LAST_APPEARANCES","DATE_ONLY","UNEXPLAINED"
"824093","663568","2026-07-02","home","last3AppearancesIp2","7.3","5","2.3","824095|824105|824509","AVAILABLE_IN_LINEAGE_SOURCE","LAST_APPEARANCES","DATE_ONLY","UNEXPLAINED"
"824093","663568","2026-07-02","home","last3AppearancesIp3","5","7","2","824095|824105|824509","AVAILABLE_IN_LINEAGE_SOURCE","LAST_APPEARANCES","DATE_ONLY","UNEXPLAINED"
"824093","663568","2026-07-02","home","last3AppearancesBf2","26","23","3","824095|824105|824509","AVAILABLE_IN_LINEAGE_SOURCE","LAST_APPEARANCES","DATE_ONLY","UNEXPLAINED"
"824093","663568","2026-07-02","home","last3AppearancesBf3","23","28","5","824095|824105|824509","AVAILABLE_IN_LINEAGE_SOURCE","LAST_APPEARANCES","DATE_ONLY","UNEXPLAINED"
"824093","663568","2026-07-02","home","last5AppearancesPitchCountAvg","84","86","2","824095|824105|824509","AVAILABLE_IN_LINEAGE_SOURCE","LAST_APPEARANCES","DATE_ONLY","UNEXPLAINED"
"824165","837227","2026-07-21","home","last3StartsKs2","2","10","8","822713|824258|824179","AVAILABLE_IN_LINEAGE_SOURCE","LAST_STARTS","DATE_ONLY","UNEXPLAINED"
"824165","837227","2026-07-21","home","last3StartsKs3","10","11","1","822713|824258|824179","AVAILABLE_IN_LINEAGE_SOURCE","LAST_STARTS","DATE_ONLY","UNEXPLAINED"
"824165","837227","2026-07-21","home","last3StartsIp2","1.3","6","4.7","822713|824258|824179","AVAILABLE_IN_LINEAGE_SOURCE","LAST_STARTS","DATE_ONLY","UNEXPLAINED"
"824165","837227","2026-07-21","home","last3StartsBf2","13","21","8","822713|824258|824179","AVAILABLE_IN_LINEAGE_SOURCE","LAST_STARTS","DATE_ONLY","UNEXPLAINED"
"824165","837227","2026-07-21","home","last3StartsBf3","21","24","3","822713|824258|824179","AVAILABLE_IN_LINEAGE_SOURCE","LAST_STARTS","DATE_ONLY","UNEXPLAINED"
"824165","837227","2026-07-21","home","last5StartsKsAvg","5.4","7.4","2","822713|824258|824179","AVAILABLE_IN_LINEAGE_SOURCE","LAST_STARTS","DATE_ONLY","UNEXPLAINED"
"824165","837227","2026-07-21","home","last5StartsKsStd","4.22","3.006659275674582","1.213340724325418","822713|824258|824179","AVAILABLE_IN_LINEAGE_SOURCE","LAST_STARTS","DATE_ONLY","UNEXPLAINED"
"824165","837227","2026-07-21","home","last5StartsIpAvg","3.5","5.333333333333333","1.833333333333333","822713|824258|824179","AVAILABLE_IN_LINEAGE_SOURCE","LAST_STARTS","DATE_ONLY","UNEXPLAINED"
"824165","837227","2026-07-21","home","last5StartsBfAvg","16.6","22","5.399999999999999","822713|824258|824179","AVAILABLE_IN_LINEAGE_SOURCE","LAST_STARTS","DATE_ONLY","UNEXPLAINED"
"824165","837227","2026-07-21","home","last5StartsPitchCountAvg","73","94.2","21.200000000000003","822713|824258|824179","AVAILABLE_IN_LINEAGE_SOURCE","LAST_STARTS","DATE_ONLY","UNEXPLAINED"
"824165","837227","2026-07-21","home","pitchesLast3Starts","237","269","32","822713|824258|824179","AVAILABLE_IN_LINEAGE_SOURCE","LAST_STARTS","DATE_ONLY","UNEXPLAINED"
"824165","837227","2026-07-21","home","last3AppearancesKs2","2","10","8","822713|824258|824179","AVAILABLE_IN_LINEAGE_SOURCE","LAST_APPEARANCES","DATE_ONLY","UNEXPLAINED"
"824165","837227","2026-07-21","home","last3AppearancesKs3","10","11","1","822713|824258|824179","AVAILABLE_IN_LINEAGE_SOURCE","LAST_APPEARANCES","DATE_ONLY","UNEXPLAINED"
"824165","837227","2026-07-21","home","last3AppearancesIp2","1.3","6","4.7","822713|824258|824179","AVAILABLE_IN_LINEAGE_SOURCE","LAST_APPEARANCES","DATE_ONLY","UNEXPLAINED"
"824165","837227","2026-07-21","home","last3AppearancesBf2","13","21","8","822713|824258|824179","AVAILABLE_IN_LINEAGE_SOURCE","LAST_APPEARANCES","DATE_ONLY","UNEXPLAINED"
"824165","837227","2026-07-21","home","last3AppearancesBf3","21","24","3","822713|824258|824179","AVAILABLE_IN_LINEAGE_SOURCE","LAST_APPEARANCES","DATE_ONLY","UNEXPLAINED"
"824165","837227","2026-07-21","home","last5AppearancesKsAvg","5.4","7.4","2","822713|824258|824179","AVAILABLE_IN_LINEAGE_SOURCE","LAST_APPEARANCES","DATE_ONLY","UNEXPLAINED"
"824165","837227","2026-07-21","home","last5AppearancesKsStd","4.22","3.006659275674582","1.213340724325418","822713|824258|824179","AVAILABLE_IN_LINEAGE_SOURCE","LAST_APPEARANCES","DATE_ONLY","UNEXPLAINED"
"824165","837227","2026-07-21","home","last5AppearancesIpAvg","3.5","5.333333333333333","1.833333333333333","822713|824258|824179","AVAILABLE_IN_LINEAGE_SOURCE","LAST_APPEARANCES","DATE_ONLY","UNEXPLAINED"
"824165","837227","2026-07-21","home","last5AppearancesBfAvg","16.6","22","5.399999999999999","822713|824258|824179","AVAILABLE_IN_LINEAGE_SOURCE","LAST_APPEARANCES","DATE_ONLY","UNEXPLAINED"
"824165","837227","2026-07-21","home","last5AppearancesPitchCountAvg","73","94.2","21.200000000000003","822713|824258|824179","AVAILABLE_IN_LINEAGE_SOURCE","LAST_APPEARANCES","DATE_ONLY","UNEXPLAINED"
"824173","681293","2026-07-03","home","last5StartsPitchCountAvg","92","91","1","824255|824180|824025","AVAILABLE_IN_LINEAGE_SOURCE","LAST_STARTS","DATE_ONLY","UNEXPLAINED"
"824173","681293","2026-07-03","home","pitchesLast3Starts","284","278","6","824255|824180|824025","AVAILABLE_IN_LINEAGE_SOURCE","LAST_STARTS","DATE_ONLY","UNEXPLAINED"
"824173","681293","2026-07-03","home","last5AppearancesPitchCountAvg","92","91","1","824255|824180|824025","AVAILABLE_IN_LINEAGE_SOURCE","LAST_APPEARANCES","DATE_ONLY","UNEXPLAINED"
"824248","669373","2026-07-24","home","last5StartsBfAvg","21.8","22.8","1","824008|824250|824254","AVAILABLE_IN_LINEAGE_SOURCE","LAST_STARTS","DATE_ONLY","UNEXPLAINED"
"824248","669373","2026-07-24","home","last5StartsPitchCountAvg","90","91","1","824008|824250|824254","AVAILABLE_IN_LINEAGE_SOURCE","LAST_STARTS","DATE_ONLY","UNEXPLAINED"
"824250","669373","2026-07-12","home","last3StartsKs3","9","8","1","824254|824259|824264","AVAILABLE_IN_LINEAGE_SOURCE","LAST_STARTS","DATE_ONLY","UNEXPLAINED"
"824250","669373","2026-07-12","home","last3StartsBf2","20","22","2","824254|824259|824264","AVAILABLE_IN_LINEAGE_SOURCE","LAST_STARTS","DATE_ONLY","UNEXPLAINED"
"824250","669373","2026-07-12","home","last3StartsBf3","22","25","3","824254|824259|824264","AVAILABLE_IN_LINEAGE_SOURCE","LAST_STARTS","DATE_ONLY","UNEXPLAINED"
"824250","669373","2026-07-12","home","last5StartsBfAvg","22","23.2","1.1999999999999993","824254|824259|824264","AVAILABLE_IN_LINEAGE_SOURCE","LAST_STARTS","DATE_ONLY","UNEXPLAINED"
"824250","669373","2026-07-12","home","last5StartsPitchCountAvg","88","91.6","3.5999999999999943","824254|824259|824264","AVAILABLE_IN_LINEAGE_SOURCE","LAST_STARTS","DATE_ONLY","UNEXPLAINED"
"824250","669373","2026-07-12","home","pitchesLast3Starts","268","275","7","824254|824259|824264","AVAILABLE_IN_LINEAGE_SOURCE","LAST_STARTS","DATE_ONLY","UNEXPLAINED"
"824250","669373","2026-07-12","home","last5AppearancesPitchCountAvg","88","91.2","3.200000000000003","824254|823528|824259","AVAILABLE_IN_LINEAGE_SOURCE","LAST_APPEARANCES","DATE_ONLY","UNEXPLAINED"
"824252","656427","2026-07-10","home","last3StartsKs3","1","7","6","822882|824256|824268","AVAILABLE_IN_LINEAGE_SOURCE","LAST_STARTS","DATE_ONLY","UNEXPLAINED"
"824252","656427","2026-07-10","home","last3StartsIp3","3","5","2","822882|824256|824268","AVAILABLE_IN_LINEAGE_SOURCE","LAST_STARTS","DATE_ONLY","UNEXPLAINED"
"824252","656427","2026-07-10","home","last3StartsBf3","13","22","9","822882|824256|824268","AVAILABLE_IN_LINEAGE_SOURCE","LAST_STARTS","DATE_ONLY","UNEXPLAINED"
"824252","656427","2026-07-10","home","last5StartsKsAvg","5.6","7.2","1.6000000000000005","822882|824256|824268","AVAILABLE_IN_LINEAGE_SOURCE","LAST_STARTS","DATE_ONLY","UNEXPLAINED"
"824252","656427","2026-07-10","home","last5StartsKsStd","2.65","1.6","1.0499999999999998","822882|824256|824268","AVAILABLE_IN_LINEAGE_SOURCE","LAST_STARTS","DATE_ONLY","UNEXPLAINED"
"824252","656427","2026-07-10","home","last5StartsBfAvg","19.6","21.8","2.1999999999999993","822882|824256|824268","AVAILABLE_IN_LINEAGE_SOURCE","LAST_STARTS","DATE_ONLY","UNEXPLAINED"
"824252","656427","2026-07-10","home","last5StartsPitchCountAvg","85","90.8","5.799999999999997","822882|824256|824268","AVAILABLE_IN_LINEAGE_SOURCE","LAST_STARTS","DATE_ONLY","UNEXPLAINED"
"824252","656427","2026-07-10","home","pitchesLast3Starts","245","269","24","822882|824256|824268","AVAILABLE_IN_LINEAGE_SOURCE","LAST_STARTS","DATE_ONLY","UNEXPLAINED"
"824252","656427","2026-07-10","home","last3AppearancesKs3","1","7","6","822882|824256|824268","AVAILABLE_IN_LINEAGE_SOURCE","LAST_APPEARANCES","DATE_ONLY","UNEXPLAINED"
"824252","656427","2026-07-10","home","last3AppearancesIp3","3","5","2","822882|824256|824268","AVAILABLE_IN_LINEAGE_SOURCE","LAST_APPEARANCES","DATE_ONLY","UNEXPLAINED"
"824252","656427","2026-07-10","home","last3AppearancesBf3","13","22","9","822882|824256|824268","AVAILABLE_IN_LINEAGE_SOURCE","LAST_APPEARANCES","DATE_ONLY","UNEXPLAINED"
"824252","656427","2026-07-10","home","last5AppearancesKsAvg","5.6","7.2","1.6000000000000005","822882|824256|824268","AVAILABLE_IN_LINEAGE_SOURCE","LAST_APPEARANCES","DATE_ONLY","UNEXPLAINED"
"824252","656427","2026-07-10","home","last5AppearancesKsStd","2.65","1.6","1.0499999999999998","822882|824256|824268","AVAILABLE_IN_LINEAGE_SOURCE","LAST_APPEARANCES","DATE_ONLY","UNEXPLAINED"
"824252","656427","2026-07-10","home","last5AppearancesBfAvg","19.6","21.8","2.1999999999999993","822882|824256|824268","AVAILABLE_IN_LINEAGE_SOURCE","LAST_APPEARANCES","DATE_ONLY","UNEXPLAINED"
"824252","656427","2026-07-10","home","last5AppearancesPitchCountAvg","85","90.8","5.799999999999997","822882|824256|824268","AVAILABLE_IN_LINEAGE_SOURCE","LAST_APPEARANCES","DATE_ONLY","UNEXPLAINED"
"824253","675512","2026-07-08","home","last3StartsKs1","7","6","1","824258|824263|824267","AVAILABLE_IN_LINEAGE_SOURCE","LAST_STARTS","DATE_ONLY","UNEXPLAINED"
"824253","675512","2026-07-08","home","last3StartsKs2","6","5","1","824258|824263|824267","AVAILABLE_IN_LINEAGE_SOURCE","LAST_STARTS","DATE_ONLY","UNEXPLAINED"
"824253","675512","2026-07-08","home","last3StartsIp3","6","5","1","824258|824263|824267","AVAILABLE_IN_LINEAGE_SOURCE","LAST_STARTS","DATE_ONLY","UNEXPLAINED"
"824253","675512","2026-07-08","home","last3StartsBf1","22","20","2","824258|824263|824267","AVAILABLE_IN_LINEAGE_SOURCE","LAST_STARTS","DATE_ONLY","UNEXPLAINED"
"824253","675512","2026-07-08","home","last3StartsBf2","20","23","3","824258|824263|824267","AVAILABLE_IN_LINEAGE_SOURCE","LAST_STARTS","DATE_ONLY","UNEXPLAINED"
"824253","675512","2026-07-08","home","last5StartsKsAvg","5.6","4.4","1.1999999999999993","824258|824263|824267","AVAILABLE_IN_LINEAGE_SOURCE","LAST_STARTS","DATE_ONLY","UNEXPLAINED"
"824253","675512","2026-07-08","home","last5StartsBfAvg","23.4","24.6","1.2000000000000028","824258|824263|824267","AVAILABLE_IN_LINEAGE_SOURCE","LAST_STARTS","DATE_ONLY","UNEXPLAINED"
"824253","675512","2026-07-08","home","pitchesLastStart","84","88","4","824258|824263|824267","AVAILABLE_IN_LINEAGE_SOURCE","LAST_STARTS","DATE_ONLY","UNEXPLAINED"
"824253","675512","2026-07-08","home","pitchesLast3Starts","256","260","4","824258|824263|824267","AVAILABLE_IN_LINEAGE_SOURCE","LAST_STARTS","DATE_ONLY","UNEXPLAINED"
"824253","675512","2026-07-08","home","daysSinceLastStart","7","13","6","824258|824263|824267","AVAILABLE_IN_LINEAGE_SOURCE","LAST_STARTS","DATE_ONLY","UNEXPLAINED"
"824254","669373","2026-07-07","home","last3StartsKs2","9","8","1","824259|824264|824288","AVAILABLE_IN_LINEAGE_SOURCE","LAST_STARTS","DATE_ONLY","UNEXPLAINED"
"824254","669373","2026-07-07","home","last3StartsKs3","8","5","3","824259|824264|824288","AVAILABLE_IN_LINEAGE_SOURCE","LAST_STARTS","DATE_ONLY","UNEXPLAINED"
"824254","669373","2026-07-07","home","last3StartsBf1","20","22","2","824259|824264|824288","AVAILABLE_IN_LINEAGE_SOURCE","LAST_STARTS","DATE_ONLY","UNEXPLAINED"
"824254","669373","2026-07-07","home","last3StartsBf2","22","25","3","824259|824264|824288","AVAILABLE_IN_LINEAGE_SOURCE","LAST_STARTS","DATE_ONLY","UNEXPLAINED"
"824254","669373","2026-07-07","home","last3StartsBf3","25","24","1","824259|824264|824288","AVAILABLE_IN_LINEAGE_SOURCE","LAST_STARTS","DATE_ONLY","UNEXPLAINED"
"824254","669373","2026-07-07","home","last5StartsBfAvg","22.4","23.6","1.2000000000000028","824259|824264|824288","AVAILABLE_IN_LINEAGE_SOURCE","LAST_STARTS","DATE_ONLY","UNEXPLAINED"
"824254","669373","2026-07-07","home","last5StartsPitchCountAvg","87","91.6","4.599999999999994","824259|824264|824288","AVAILABLE_IN_LINEAGE_SOURCE","LAST_STARTS","DATE_ONLY","UNEXPLAINED"
"824254","669373","2026-07-07","home","pitchesLastStart","87","85","2","824259|824264|824288","AVAILABLE_IN_LINEAGE_SOURCE","LAST_STARTS","DATE_ONLY","UNEXPLAINED"
"824254","669373","2026-07-07","home","pitchesLast3Starts","266","273","7","824259|824264|824288","AVAILABLE_IN_LINEAGE_SOURCE","LAST_STARTS","DATE_ONLY","UNEXPLAINED"
"824254","669373","2026-07-07","home","daysSinceLastStart","7","13","6","824259|824264|824288","AVAILABLE_IN_LINEAGE_SOURCE","LAST_STARTS","DATE_ONLY","UNEXPLAINED"
"824254","669373","2026-07-07","home","last5AppearancesPitchCountAvg","87","89.8","2.799999999999997","823528|824259|824264","AVAILABLE_IN_LINEAGE_SOURCE","LAST_APPEARANCES","DATE_ONLY","UNEXPLAINED"
"824255","672456","2026-06-26","home","last3StartsKs2","4","1","3","824260|824269|824592","AVAILABLE_IN_LINEAGE_SOURCE","LAST_STARTS","DATE_ONLY","UNEXPLAINED"
"824255","672456","2026-06-26","home","last3StartsKs3","1","4","3","824260|824269|824592","AVAILABLE_IN_LINEAGE_SOURCE","LAST_STARTS","DATE_ONLY","UNEXPLAINED"
"824255","672456","2026-06-26","home","last3StartsIp2","6.3","5","1.2999999999999998","824260|824269|824592","AVAILABLE_IN_LINEAGE_SOURCE","LAST_STARTS","DATE_ONLY","UNEXPLAINED"
"824255","672456","2026-06-26","home","last3StartsIp3","5","6","1","824260|824269|824592","AVAILABLE_IN_LINEAGE_SOURCE","LAST_STARTS","DATE_ONLY","UNEXPLAINED"
"824255","672456","2026-06-26","home","last3StartsBf2","24","22","2","824260|824269|824592","AVAILABLE_IN_LINEAGE_SOURCE","LAST_STARTS","DATE_ONLY","UNEXPLAINED"
"824255","672456","2026-06-26","home","last3StartsBf3","22","20","2","824260|824269|824592","AVAILABLE_IN_LINEAGE_SOURCE","LAST_STARTS","DATE_ONLY","UNEXPLAINED"
"824255","672456","2026-06-26","home","last5StartsPitchCountAvg","81","78.8","2.200000000000003","824260|824269|824592","AVAILABLE_IN_LINEAGE_SOURCE","LAST_STARTS","DATE_ONLY","UNEXPLAINED"
"824255","672456","2026-06-26","home","pitchesLast3Starts","202","220","18","824260|824269|824592","AVAILABLE_IN_LINEAGE_SOURCE","LAST_STARTS","DATE_ONLY","UNEXPLAINED"
"824255","672456","2026-06-26","home","last3AppearancesKs2","4","2","2","824260|824182|824269","AVAILABLE_IN_LINEAGE_SOURCE","LAST_APPEARANCES","DATE_ONLY","UNEXPLAINED"
"824255","672456","2026-06-26","home","last3AppearancesIp2","6.3","1.3333333333333333","4.966666666666667","824260|824182|824269","AVAILABLE_IN_LINEAGE_SOURCE","LAST_APPEARANCES","DATE_ONLY","UNEXPLAINED"
"824255","672456","2026-06-26","home","last3AppearancesBf2","24","7","17","824260|824182|824269","AVAILABLE_IN_LINEAGE_SOURCE","LAST_APPEARANCES","DATE_ONLY","UNEXPLAINED"
"824255","672456","2026-06-26","home","last5AppearancesBfAvg","23.8","20.4","3.400000000000002","824260|824182|824269","AVAILABLE_IN_LINEAGE_SOURCE","LAST_APPEARANCES","DATE_ONLY","UNEXPLAINED"
"824255","672456","2026-06-26","home","last5AppearancesPitchCountAvg","81","67.8","13.200000000000003","824260|824182|824269","AVAILABLE_IN_LINEAGE_SOURCE","LAST_APPEARANCES","DATE_ONLY","UNEXPLAINED"
"824256","656427","2026-06-28","home","last3StartsKs1","1","7","6","824268|822971|824272","AVAILABLE_IN_LINEAGE_SOURCE","LAST_STARTS","DATE_ONLY","UNEXPLAINED"
"824256","656427","2026-06-28","home","last3StartsKs2","7","6","1","824268|822971|824272","AVAILABLE_IN_LINEAGE_SOURCE","LAST_STARTS","DATE_ONLY","UNEXPLAINED"
"824256","656427","2026-06-28","home","last3StartsKs3","6","9","3","824268|822971|824272","AVAILABLE_IN_LINEAGE_SOURCE","LAST_STARTS","DATE_ONLY","UNEXPLAINED"
"824256","656427","2026-06-28","home","last3StartsIp1","3","5","2","824268|822971|824272","AVAILABLE_IN_LINEAGE_SOURCE","LAST_STARTS","DATE_ONLY","UNEXPLAINED"
"824256","656427","2026-06-28","home","last3StartsBf1","13","22","9","824268|822971|824272","AVAILABLE_IN_LINEAGE_SOURCE","LAST_STARTS","DATE_ONLY","UNEXPLAINED"
"824256","656427","2026-06-28","home","last3StartsBf3","22","24","2","824268|822971|824272","AVAILABLE_IN_LINEAGE_SOURCE","LAST_STARTS","DATE_ONLY","UNEXPLAINED"
"824256","656427","2026-06-28","home","last5StartsKsStd","2.68","1.624807680927192","1.055192319072808","824268|822971|824272","AVAILABLE_IN_LINEAGE_SOURCE","LAST_STARTS","DATE_ONLY","UNEXPLAINED"
"824256","656427","2026-06-28","home","last5StartsBfAvg","20","22.2","2.1999999999999993","824268|822971|824272","AVAILABLE_IN_LINEAGE_SOURCE","LAST_STARTS","DATE_ONLY","UNEXPLAINED"
"824256","656427","2026-06-28","home","last5StartsPitchCountAvg","83","88","5","824268|822971|824272","AVAILABLE_IN_LINEAGE_SOURCE","LAST_STARTS","DATE_ONLY","UNEXPLAINED"
"824256","656427","2026-06-28","home","pitchesLastStart","63","87","24","824268|822971|824272","AVAILABLE_IN_LINEAGE_SOURCE","LAST_STARTS","DATE_ONLY","UNEXPLAINED"
"824256","656427","2026-06-28","home","pitchesLast3Starts","244","272","28","824268|822971|824272","AVAILABLE_IN_LINEAGE_SOURCE","LAST_STARTS","DATE_ONLY","UNEXPLAINED"
"824256","656427","2026-06-28","home","daysSinceLastStart","16","21","5","824268|822971|824272","AVAILABLE_IN_LINEAGE_SOURCE","LAST_STARTS","DATE_ONLY","UNEXPLAINED"
"824256","656427","2026-06-28","home","last3AppearancesKs1","1","7","6","824268|822971|824272","AVAILABLE_IN_LINEAGE_SOURCE","LAST_APPEARANCES","DATE_ONLY","UNEXPLAINED"
"824256","656427","2026-06-28","home","last3AppearancesKs2","7","6","1","824268|822971|824272","AVAILABLE_IN_LINEAGE_SOURCE","LAST_APPEARANCES","DATE_ONLY","UNEXPLAINED"
"824256","656427","2026-06-28","home","last3AppearancesKs3","6","9","3","824268|822971|824272","AVAILABLE_IN_LINEAGE_SOURCE","LAST_APPEARANCES","DATE_ONLY","UNEXPLAINED"
"824256","656427","2026-06-28","home","last3AppearancesIp1","3","5","2","824268|822971|824272","AVAILABLE_IN_LINEAGE_SOURCE","LAST_APPEARANCES","DATE_ONLY","UNEXPLAINED"
"824256","656427","2026-06-28","home","last3AppearancesBf1","13","22","9","824268|822971|824272","AVAILABLE_IN_LINEAGE_SOURCE","LAST_APPEARANCES","DATE_ONLY","UNEXPLAINED"
"824256","656427","2026-06-28","home","last3AppearancesBf3","22","24","2","824268|822971|824272","AVAILABLE_IN_LINEAGE_SOURCE","LAST_APPEARANCES","DATE_ONLY","UNEXPLAINED"
"824256","656427","2026-06-28","home","last5AppearancesKsStd","2.68","1.624807680927192","1.055192319072808","824268|822971|824272","AVAILABLE_IN_LINEAGE_SOURCE","LAST_APPEARANCES","DATE_ONLY","UNEXPLAINED"
"824256","656427","2026-06-28","home","last5AppearancesBfAvg","20","22.2","2.1999999999999993","824268|822971|824272","AVAILABLE_IN_LINEAGE_SOURCE","LAST_APPEARANCES","DATE_ONLY","UNEXPLAINED"
"824256","656427","2026-06-28","home","last5AppearancesPitchCountAvg","83","88","5","824268|822971|824272","AVAILABLE_IN_LINEAGE_SOURCE","LAST_APPEARANCES","DATE_ONLY","UNEXPLAINED"
"824259","669373","2026-06-24","home","last3StartsKs2","4","5","1","824264|824288|824775","AVAILABLE_IN_LINEAGE_SOURCE","LAST_STARTS","DATE_ONLY","UNEXPLAINED"
"824259","669373","2026-06-24","home","last3StartsKs3","7","10","3","824264|824288|824775","AVAILABLE_IN_LINEAGE_SOURCE","LAST_STARTS","DATE_ONLY","UNEXPLAINED"
"824259","669373","2026-06-24","home","last3StartsIp2","4.7","6","1.2999999999999998","824264|824288|824775","AVAILABLE_IN_LINEAGE_SOURCE","LAST_STARTS","DATE_ONLY","UNEXPLAINED"
"824259","669373","2026-06-24","home","last3StartsIp3","7","6","1","824264|824288|824775","AVAILABLE_IN_LINEAGE_SOURCE","LAST_STARTS","DATE_ONLY","UNEXPLAINED"
"824259","669373","2026-06-24","home","last3StartsBf2","21","24","3","824264|824288|824775","AVAILABLE_IN_LINEAGE_SOURCE","LAST_STARTS","DATE_ONLY","UNEXPLAINED"
"824259","669373","2026-06-24","home","last3StartsBf3","24","23","1","824264|824288|824775","AVAILABLE_IN_LINEAGE_SOURCE","LAST_STARTS","DATE_ONLY","UNEXPLAINED"
"824259","669373","2026-06-24","home","last5StartsPitchCountAvg","90","93.6","3.5999999999999943","824264|824288|824775","AVAILABLE_IN_LINEAGE_SOURCE","LAST_STARTS","DATE_ONLY","UNEXPLAINED"
"824259","669373","2026-06-24","home","pitchesLast3Starts","265","277","12","824264|824288|824775","AVAILABLE_IN_LINEAGE_SOURCE","LAST_STARTS","DATE_ONLY","UNEXPLAINED"
"824259","669373","2026-06-24","home","last3AppearancesKs2","4","5","1","824264|824288|824775","AVAILABLE_IN_LINEAGE_SOURCE","LAST_APPEARANCES","DATE_ONLY","UNEXPLAINED"
"824259","669373","2026-06-24","home","last3AppearancesKs3","7","10","3","824264|824288|824775","AVAILABLE_IN_LINEAGE_SOURCE","LAST_APPEARANCES","DATE_ONLY","UNEXPLAINED"
"824259","669373","2026-06-24","home","last3AppearancesIp2","4.7","6","1.2999999999999998","824264|824288|824775","AVAILABLE_IN_LINEAGE_SOURCE","LAST_APPEARANCES","DATE_ONLY","UNEXPLAINED"
"824259","669373","2026-06-24","home","last3AppearancesIp3","7","6","1","824264|824288|824775","AVAILABLE_IN_LINEAGE_SOURCE","LAST_APPEARANCES","DATE_ONLY","UNEXPLAINED"
"824259","669373","2026-06-24","home","last3AppearancesBf2","21","24","3","824264|824288|824775","AVAILABLE_IN_LINEAGE_SOURCE","LAST_APPEARANCES","DATE_ONLY","UNEXPLAINED"
"824259","669373","2026-06-24","home","last3AppearancesBf3","24","23","1","824264|824288|824775","AVAILABLE_IN_LINEAGE_SOURCE","LAST_APPEARANCES","DATE_ONLY","UNEXPLAINED"
"824259","669373","2026-06-24","home","last5AppearancesPitchCountAvg","90","93.6","3.5999999999999943","824264|824288|824775","AVAILABLE_IN_LINEAGE_SOURCE","LAST_APPEARANCES","DATE_ONLY","UNEXPLAINED"
"824262","663554","2026-06-23","home","last5StartsBfAvg","17.8","20.2","2.3999999999999986","824178|824270|824274","AVAILABLE_IN_LINEAGE_SOURCE","LAST_STARTS","DATE_ONLY","UNEXPLAINED"
"824262","663554","2026-06-23","home","last5StartsPitchCountAvg","69","79.6","10.599999999999994","824178|824270|824274","AVAILABLE_IN_LINEAGE_SOURCE","LAST_STARTS","DATE_ONLY","UNEXPLAINED"
"824262","663554","2026-06-23","home","last5AppearancesBfAvg","17.8","20.2","2.3999999999999986","824178|824270|824274","AVAILABLE_IN_LINEAGE_SOURCE","LAST_APPEARANCES","DATE_ONLY","UNEXPLAINED"
"824262","663554","2026-06-23","home","last5AppearancesPitchCountAvg","69","79.6","10.599999999999994","824178|824270|824274","AVAILABLE_IN_LINEAGE_SOURCE","LAST_APPEARANCES","DATE_ONLY","UNEXPLAINED"
"824327","687312","2026-07-22","home","pitchesLast3Starts","229","176","53","824332|823928","AVAILABLE_IN_LINEAGE_SOURCE","LAST_STARTS","DATE_ONLY","UNEXPLAINED"
"824327","687312","2026-07-22","home","last5AppearancesKsAvg","6.5","3.75","2.75","824332|823928|824336","AVAILABLE_IN_LINEAGE_SOURCE","LAST_APPEARANCES","DATE_ONLY","UNEXPLAINED"
"824327","687312","2026-07-22","home","last5AppearancesKsStd","0.5","2.7726341266023544","2.2726341266023544","824332|823928|824336","AVAILABLE_IN_LINEAGE_SOURCE","LAST_APPEARANCES","DATE_ONLY","UNEXPLAINED"
"824327","687312","2026-07-22","home","last5AppearancesIpAvg","5.7","3.9999999999999996","1.7000000000000006","824332|823928|824336","AVAILABLE_IN_LINEAGE_SOURCE","LAST_APPEARANCES","DATE_ONLY","UNEXPLAINED"
"824327","687312","2026-07-22","home","last5AppearancesBfAvg","22.5","16.5","6","824332|823928|824336","AVAILABLE_IN_LINEAGE_SOURCE","LAST_APPEARANCES","DATE_ONLY","UNEXPLAINED"
"824327","687312","2026-07-22","home","last5AppearancesPitchCountAvg","88","67.5","20.5","824332|823928|824336","AVAILABLE_IN_LINEAGE_SOURCE","LAST_APPEARANCES","DATE_ONLY","UNEXPLAINED"
"824332","687312","2026-07-17","home","pitchesLast3Starts","147","94","53","823928","AVAILABLE_IN_LINEAGE_SOURCE","LAST_STARTS","DATE_ONLY","UNEXPLAINED"
"824332","687312","2026-07-17","home","last5AppearancesKsAvg","7","3","4","823928|824336|831723","AVAILABLE_IN_LINEAGE_SOURCE","LAST_APPEARANCES","DATE_ONLY","UNEXPLAINED"
"824332","687312","2026-07-17","home","last5AppearancesKsStd","0","2.8284271247461903","2.8284271247461903","823928|824336|831723","AVAILABLE_IN_LINEAGE_SOURCE","LAST_APPEARANCES","DATE_ONLY","UNEXPLAINED"
"824332","687312","2026-07-17","home","last5AppearancesIpAvg","6","3.5555555555555554","2.4444444444444446","823928|824336|831723","AVAILABLE_IN_LINEAGE_SOURCE","LAST_APPEARANCES","DATE_ONLY","UNEXPLAINED"
"824332","687312","2026-07-17","home","last5AppearancesBfAvg","24","15","9","823928|824336|831723","AVAILABLE_IN_LINEAGE_SOURCE","LAST_APPEARANCES","DATE_ONLY","UNEXPLAINED"
"824332","687312","2026-07-17","home","last5AppearancesPitchCountAvg","94","62.666666666666664","31.333333333333336","823928|824336|831723","AVAILABLE_IN_LINEAGE_SOURCE","LAST_APPEARANCES","DATE_ONLY","UNEXPLAINED"
"824333","685299","2026-07-05","home","last3StartsKs1","4","2","2","824354|831858","AVAILABLE_IN_LINEAGE_SOURCE","LAST_STARTS","DATE_ONLY","UNEXPLAINED"
"824333","685299","2026-07-05","home","last3StartsKs2","2","4","2","824354|831858","AVAILABLE_IN_LINEAGE_SOURCE","LAST_STARTS","DATE_ONLY","UNEXPLAINED"
"824333","685299","2026-07-05","home","last3StartsIp1","5","3","2","824354|831858","AVAILABLE_IN_LINEAGE_SOURCE","LAST_STARTS","DATE_ONLY","UNEXPLAINED"
"824333","685299","2026-07-05","home","last3StartsIp2","3","4","1","824354|831858","AVAILABLE_IN_LINEAGE_SOURCE","LAST_STARTS","DATE_ONLY","UNEXPLAINED"
"824333","685299","2026-07-05","home","last3StartsBf1","24","17","7","824354|831858","AVAILABLE_IN_LINEAGE_SOURCE","LAST_STARTS","DATE_ONLY","UNEXPLAINED"
"824333","685299","2026-07-05","home","last5StartsBfAvg","20.7","17","3.6999999999999993","824354|831858","AVAILABLE_IN_LINEAGE_SOURCE","LAST_STARTS","DATE_ONLY","UNEXPLAINED"
"824333","685299","2026-07-05","home","last5StartsPitchCountAvg","76","65.5","10.5","824354|831858","AVAILABLE_IN_LINEAGE_SOURCE","LAST_STARTS","DATE_ONLY","UNEXPLAINED"
"824333","685299","2026-07-05","home","pitchesLastStart","74","75","1","824354|831858","AVAILABLE_IN_LINEAGE_SOURCE","LAST_STARTS","DATE_ONLY","UNEXPLAINED"
"824333","685299","2026-07-05","home","pitchesLast3Starts","229","131","98","824354|831858","AVAILABLE_IN_LINEAGE_SOURCE","LAST_STARTS","DATE_ONLY","UNEXPLAINED"
"824333","685299","2026-07-05","home","daysSinceLastStart","5","35","30","824354|831858","AVAILABLE_IN_LINEAGE_SOURCE","LAST_STARTS","DATE_ONLY","UNEXPLAINED"
"824333","685299","2026-07-05","home","last3AppearancesKs3","3","5","2","824338|824354|824356","AVAILABLE_IN_LINEAGE_SOURCE","LAST_APPEARANCES","DATE_ONLY","UNEXPLAINED"
"824333","685299","2026-07-05","home","last3AppearancesIp3","5","6.333333333333333","1.333333333333333","824338|824354|824356","AVAILABLE_IN_LINEAGE_SOURCE","LAST_APPEARANCES","DATE_ONLY","UNEXPLAINED"
"824333","685299","2026-07-05","home","last3AppearancesBf3","21","31","10","824338|824354|824356","AVAILABLE_IN_LINEAGE_SOURCE","LAST_APPEARANCES","DATE_ONLY","UNEXPLAINED"
"824333","685299","2026-07-05","home","last5AppearancesPitchCountAvg","76","70.2","5.799999999999997","824338|824354|824356","AVAILABLE_IN_LINEAGE_SOURCE","LAST_APPEARANCES","DATE_ONLY","UNEXPLAINED"
"824336","663372","2026-07-03","home","last5StartsPitchCountAvg","87","84.6","2.4000000000000057","823686|824344|824667","AVAILABLE_IN_LINEAGE_SOURCE","LAST_STARTS","DATE_ONLY","UNEXPLAINED"
"824336","663372","2026-07-03","home","last5AppearancesPitchCountAvg","87","84.6","2.4000000000000057","823686|824344|824667","AVAILABLE_IN_LINEAGE_SOURCE","LAST_APPEARANCES","DATE_ONLY","UNEXPLAINED"
"824339","807743","2026-06-29","home","last3StartsKs3","2","1","1","824340|824668|831869","AVAILABLE_IN_LINEAGE_SOURCE","LAST_STARTS","DATE_ONLY","UNEXPLAINED"
"824339","807743","2026-06-29","home","last3StartsIp3","3","4","1","824340|824668|831869","AVAILABLE_IN_LINEAGE_SOURCE","LAST_STARTS","DATE_ONLY","UNEXPLAINED"
"824339","807743","2026-06-29","home","last3StartsBf3","12","15","3","824340|824668|831869","AVAILABLE_IN_LINEAGE_SOURCE","LAST_STARTS","DATE_ONLY","UNEXPLAINED"
"824339","807743","2026-06-29","home","last5StartsPitchCountAvg","75","76.66666666666667","1.6666666666666714","824340|824668|831869","AVAILABLE_IN_LINEAGE_SOURCE","LAST_STARTS","DATE_ONLY","UNEXPLAINED"
"824339","807743","2026-06-29","home","pitchesLast3Starts","225","230","5","824340|824668|831869","AVAILABLE_IN_LINEAGE_SOURCE","LAST_STARTS","DATE_ONLY","UNEXPLAINED"
"824339","807743","2026-06-29","home","last3AppearancesKs3","2","1","1","824340|824668|831869","AVAILABLE_IN_LINEAGE_SOURCE","LAST_APPEARANCES","DATE_ONLY","UNEXPLAINED"
"824339","807743","2026-06-29","home","last3AppearancesIp3","3","4","1","824340|824668|831869","AVAILABLE_IN_LINEAGE_SOURCE","LAST_APPEARANCES","DATE_ONLY","UNEXPLAINED"
"824339","807743","2026-06-29","home","last3AppearancesBf3","12","15","3","824340|824668|831869","AVAILABLE_IN_LINEAGE_SOURCE","LAST_APPEARANCES","DATE_ONLY","UNEXPLAINED"
"824339","807743","2026-06-29","home","last5AppearancesBfAvg","19.7","16.8","2.8999999999999986","824340|824668|831869","AVAILABLE_IN_LINEAGE_SOURCE","LAST_APPEARANCES","DATE_ONLY","UNEXPLAINED"
"824339","807743","2026-06-29","home","last5AppearancesPitchCountAvg","75","64.2","10.799999999999997","824340|824668|831869","AVAILABLE_IN_LINEAGE_SOURCE","LAST_APPEARANCES","DATE_ONLY","UNEXPLAINED"
"824340","807743","2026-06-23","home","last3StartsKs2","2","1","1","824668|831869","AVAILABLE_IN_LINEAGE_SOURCE","LAST_STARTS","DATE_ONLY","UNEXPLAINED"
"824340","807743","2026-06-23","home","last3StartsIp2","3","4","1","824668|831869","AVAILABLE_IN_LINEAGE_SOURCE","LAST_STARTS","DATE_ONLY","UNEXPLAINED"
"824340","807743","2026-06-23","home","last3StartsBf2","12","15","3","824668|831869","AVAILABLE_IN_LINEAGE_SOURCE","LAST_STARTS","DATE_ONLY","UNEXPLAINED"
"824340","807743","2026-06-23","home","last5StartsBfAvg","17.5","19","1.5","824668|831869","AVAILABLE_IN_LINEAGE_SOURCE","LAST_STARTS","DATE_ONLY","UNEXPLAINED"
"824340","807743","2026-06-23","home","last5StartsPitchCountAvg","66","68","2","824668|831869","AVAILABLE_IN_LINEAGE_SOURCE","LAST_STARTS","DATE_ONLY","UNEXPLAINED"
"824340","807743","2026-06-23","home","pitchesLast3Starts","131","136","5","824668|831869","AVAILABLE_IN_LINEAGE_SOURCE","LAST_STARTS","DATE_ONLY","UNEXPLAINED"
"824340","807743","2026-06-23","home","last3AppearancesKs2","2","1","1","824668|831869|831863","AVAILABLE_IN_LINEAGE_SOURCE","LAST_APPEARANCES","DATE_ONLY","UNEXPLAINED"
"824340","807743","2026-06-23","home","last3AppearancesIp2","3","4","1","824668|831869|831863","AVAILABLE_IN_LINEAGE_SOURCE","LAST_APPEARANCES","DATE_ONLY","UNEXPLAINED"
"824340","807743","2026-06-23","home","last3AppearancesBf2","12","15","3","824668|831869|831863","AVAILABLE_IN_LINEAGE_SOURCE","LAST_APPEARANCES","DATE_ONLY","UNEXPLAINED"
"824340","807743","2026-06-23","home","last5AppearancesBfAvg","17.5","15","2.5","824668|831869|831863","AVAILABLE_IN_LINEAGE_SOURCE","LAST_APPEARANCES","DATE_ONLY","UNEXPLAINED"
"824340","807743","2026-06-23","home","last5AppearancesPitchCountAvg","66","56.75","9.25","824668|831869|831863","AVAILABLE_IN_LINEAGE_SOURCE","LAST_APPEARANCES","DATE_ONLY","UNEXPLAINED"
"824341","607536","2026-06-24","home","last3StartsKs2","4","2","2","824345|824349|824027","AVAILABLE_IN_LINEAGE_SOURCE","LAST_STARTS","DATE_ONLY","UNEXPLAINED"
"824341","607536","2026-06-24","home","last3StartsKs3","2","4","2","824345|824349|824027","AVAILABLE_IN_LINEAGE_SOURCE","LAST_STARTS","DATE_ONLY","UNEXPLAINED"
"824341","607536","2026-06-24","home","last3StartsBf2","27","22","5","824345|824349|824027","AVAILABLE_IN_LINEAGE_SOURCE","LAST_STARTS","DATE_ONLY","UNEXPLAINED"
"824341","607536","2026-06-24","home","last3StartsBf3","22","28","6","824345|824349|824027","AVAILABLE_IN_LINEAGE_SOURCE","LAST_STARTS","DATE_ONLY","UNEXPLAINED"
"824341","607536","2026-06-24","home","last5StartsBfAvg","25","24","1","824345|824349|824027","AVAILABLE_IN_LINEAGE_SOURCE","LAST_STARTS","DATE_ONLY","UNEXPLAINED"
"824341","607536","2026-06-24","home","pitchesLast3Starts","265","261","4","824345|824349|824027","AVAILABLE_IN_LINEAGE_SOURCE","LAST_STARTS","DATE_ONLY","UNEXPLAINED"
"824341","607536","2026-06-24","home","last3AppearancesKs2","4","2","2","824345|824349|824027","AVAILABLE_IN_LINEAGE_SOURCE","LAST_APPEARANCES","DATE_ONLY","UNEXPLAINED"
"824341","607536","2026-06-24","home","last3AppearancesKs3","2","4","2","824345|824349|824027","AVAILABLE_IN_LINEAGE_SOURCE","LAST_APPEARANCES","DATE_ONLY","UNEXPLAINED"
"824341","607536","2026-06-24","home","last3AppearancesBf2","27","22","5","824345|824349|824027","AVAILABLE_IN_LINEAGE_SOURCE","LAST_APPEARANCES","DATE_ONLY","UNEXPLAINED"
"824341","607536","2026-06-24","home","last3AppearancesBf3","22","28","6","824345|824349|824027","AVAILABLE_IN_LINEAGE_SOURCE","LAST_APPEARANCES","DATE_ONLY","UNEXPLAINED"
"824341","607536","2026-06-24","home","last5AppearancesBfAvg","25","24","1","824345|824349|824027","AVAILABLE_IN_LINEAGE_SOURCE","LAST_APPEARANCES","DATE_ONLY","UNEXPLAINED"
"824406","668909","2026-07-23","home","last3StartsKs2","11","6","5","823683|824417|824422","AVAILABLE_IN_LINEAGE_SOURCE","LAST_STARTS","DATE_ONLY","UNEXPLAINED"
"824406","668909","2026-07-23","home","last3StartsIp1","6","7","1","823683|824417|824422","AVAILABLE_IN_LINEAGE_SOURCE","LAST_STARTS","DATE_ONLY","UNEXPLAINED"
"824406","668909","2026-07-23","home","last3StartsIp2","7","4.666666666666667","2.333333333333333","823683|824417|824422","AVAILABLE_IN_LINEAGE_SOURCE","LAST_STARTS","DATE_ONLY","UNEXPLAINED"
"824406","668909","2026-07-23","home","last3StartsBf1","25","26","1","823683|824417|824422","AVAILABLE_IN_LINEAGE_SOURCE","LAST_STARTS","DATE_ONLY","UNEXPLAINED"
"824406","668909","2026-07-23","home","last3StartsBf2","26","20","6","823683|824417|824422","AVAILABLE_IN_LINEAGE_SOURCE","LAST_STARTS","DATE_ONLY","UNEXPLAINED"
"824406","668909","2026-07-23","home","last3StartsBf3","20","25","5","823683|824417|824422","AVAILABLE_IN_LINEAGE_SOURCE","LAST_STARTS","DATE_ONLY","UNEXPLAINED"
"824406","668909","2026-07-23","home","last5StartsKsAvg","8.4","7","1.4000000000000004","823683|824417|824422","AVAILABLE_IN_LINEAGE_SOURCE","LAST_STARTS","DATE_ONLY","UNEXPLAINED"
"824406","668909","2026-07-23","home","pitchesLastStart","84","103","19","823683|824417|824422","AVAILABLE_IN_LINEAGE_SOURCE","LAST_STARTS","DATE_ONLY","UNEXPLAINED"
"824406","668909","2026-07-23","home","pitchesLast3Starts","266","285","19","823683|824417|824422","AVAILABLE_IN_LINEAGE_SOURCE","LAST_STARTS","DATE_ONLY","UNEXPLAINED"
"824406","668909","2026-07-23","home","daysSinceLastStart","5","14","9","823683|824417|824422","AVAILABLE_IN_LINEAGE_SOURCE","LAST_STARTS","DATE_ONLY","UNEXPLAINED"
"824406","668909","2026-07-23","home","last3AppearancesKs3","6","11","5","824414|824414|823683","AVAILABLE_IN_LINEAGE_SOURCE","LAST_APPEARANCES","DATE_ONLY","UNEXPLAINED"
"824406","668909","2026-07-23","home","last3AppearancesIp2","7","6","1","824414|824414|823683","AVAILABLE_IN_LINEAGE_SOURCE","LAST_APPEARANCES","DATE_ONLY","UNEXPLAINED"
"824406","668909","2026-07-23","home","last3AppearancesIp3","4.7","7","2.3","824414|824414|823683","AVAILABLE_IN_LINEAGE_SOURCE","LAST_APPEARANCES","DATE_ONLY","UNEXPLAINED"
"824406","668909","2026-07-23","home","last3AppearancesBf2","26","25","1","824414|824414|823683","AVAILABLE_IN_LINEAGE_SOURCE","LAST_APPEARANCES","DATE_ONLY","UNEXPLAINED"
"824406","668909","2026-07-23","home","last3AppearancesBf3","20","26","6","824414|824414|823683","AVAILABLE_IN_LINEAGE_SOURCE","LAST_APPEARANCES","DATE_ONLY","UNEXPLAINED"
"824406","668909","2026-07-23","home","last5AppearancesBfAvg","23.2","24.2","1","824414|824414|823683","AVAILABLE_IN_LINEAGE_SOURCE","LAST_APPEARANCES","DATE_ONLY","UNEXPLAINED"
"824406","668909","2026-07-23","home","last5AppearancesPitchCountAvg","93","90.6","2.4000000000000057","824414|824414|823683","AVAILABLE_IN_LINEAGE_SOURCE","LAST_APPEARANCES","DATE_ONLY","UNEXPLAINED"
"824409","800048","2026-07-21","home","pitchesLastStart","0","91","91","823845|824415|824420","AVAILABLE_IN_LINEAGE_SOURCE","LAST_STARTS","DATE_ONLY","UNEXPLAINED"
"824409","800048","2026-07-21","home","pitchesLast3Starts","0","274","274","823845|824415|824420","AVAILABLE_IN_LINEAGE_SOURCE","LAST_STARTS","DATE_ONLY","UNEXPLAINED"
"824409","800048","2026-07-21","home","daysSinceLastStart","5","11","6","823845|824415|824420","AVAILABLE_IN_LINEAGE_SOURCE","LAST_STARTS","DATE_ONLY","UNEXPLAINED"
"824419","676282","2026-07-01","home","last3StartsKs3","4","7","3","824423|824180|822890","AVAILABLE_IN_LINEAGE_SOURCE","LAST_STARTS","DATE_ONLY","UNEXPLAINED"
"824419","676282","2026-07-01","home","last3StartsBf3","21","25","4","824423|824180|822890","AVAILABLE_IN_LINEAGE_SOURCE","LAST_STARTS","DATE_ONLY","UNEXPLAINED"
"824419","676282","2026-07-01","home","last5StartsBfAvg","23","21.2","1.8000000000000007","824423|824180|822890","AVAILABLE_IN_LINEAGE_SOURCE","LAST_STARTS","DATE_ONLY","UNEXPLAINED"
"824419","676282","2026-07-01","home","last5StartsPitchCountAvg","91","89","2","824423|824180|822890","AVAILABLE_IN_LINEAGE_SOURCE","LAST_STARTS","DATE_ONLY","UNEXPLAINED"
"824419","676282","2026-07-01","home","pitchesLast3Starts","267","285","18","824423|824180|822890","AVAILABLE_IN_LINEAGE_SOURCE","LAST_STARTS","DATE_ONLY","UNEXPLAINED"
"824419","676282","2026-07-01","home","last3AppearancesKs3","4","7","3","824423|824180|822890","AVAILABLE_IN_LINEAGE_SOURCE","LAST_APPEARANCES","DATE_ONLY","UNEXPLAINED"
"824419","676282","2026-07-01","home","last3AppearancesBf3","21","25","4","824423|824180|822890","AVAILABLE_IN_LINEAGE_SOURCE","LAST_APPEARANCES","DATE_ONLY","UNEXPLAINED"
"824419","676282","2026-07-01","home","last5AppearancesBfAvg","23","21.2","1.8000000000000007","824423|824180|822890","AVAILABLE_IN_LINEAGE_SOURCE","LAST_APPEARANCES","DATE_ONLY","UNEXPLAINED"
"824419","676282","2026-07-01","home","last5AppearancesPitchCountAvg","91","89","2","824423|824180|822890","AVAILABLE_IN_LINEAGE_SOURCE","LAST_APPEARANCES","DATE_ONLY","UNEXPLAINED"
"824423","676282","2026-06-26","home","last3StartsKs2","4","7","3","824180|822890|823541","AVAILABLE_IN_LINEAGE_SOURCE","LAST_STARTS","DATE_ONLY","UNEXPLAINED"
"824423","676282","2026-06-26","home","last3StartsKs3","7","4","3","824180|822890|823541","AVAILABLE_IN_LINEAGE_SOURCE","LAST_STARTS","DATE_ONLY","UNEXPLAINED"
"824423","676282","2026-06-26","home","last3StartsIp3","5","4","1","824180|822890|823541","AVAILABLE_IN_LINEAGE_SOURCE","LAST_STARTS","DATE_ONLY","UNEXPLAINED"
"824423","676282","2026-06-26","home","last3StartsBf2","21","25","4","824180|822890|823541","AVAILABLE_IN_LINEAGE_SOURCE","LAST_STARTS","DATE_ONLY","UNEXPLAINED"
"824423","676282","2026-06-26","home","last3StartsBf3","25","21","4","824180|822890|823541","AVAILABLE_IN_LINEAGE_SOURCE","LAST_STARTS","DATE_ONLY","UNEXPLAINED"
"824423","676282","2026-06-26","home","last5StartsPitchCountAvg","87","90.6","3.5999999999999943","824180|822890|823541","AVAILABLE_IN_LINEAGE_SOURCE","LAST_STARTS","DATE_ONLY","UNEXPLAINED"
"824423","676282","2026-06-26","home","pitchesLast3Starts","274","286","12","824180|822890|823541","AVAILABLE_IN_LINEAGE_SOURCE","LAST_STARTS","DATE_ONLY","UNEXPLAINED"
"824423","676282","2026-06-26","home","last3AppearancesKs2","4","7","3","824180|822890|823541","AVAILABLE_IN_LINEAGE_SOURCE","LAST_APPEARANCES","DATE_ONLY","UNEXPLAINED"
"824423","676282","2026-06-26","home","last3AppearancesKs3","7","4","3","824180|822890|823541","AVAILABLE_IN_LINEAGE_SOURCE","LAST_APPEARANCES","DATE_ONLY","UNEXPLAINED"
"824423","676282","2026-06-26","home","last3AppearancesIp3","5","4","1","824180|822890|823541","AVAILABLE_IN_LINEAGE_SOURCE","LAST_APPEARANCES","DATE_ONLY","UNEXPLAINED"
"824423","676282","2026-06-26","home","last3AppearancesBf2","21","25","4","824180|822890|823541","AVAILABLE_IN_LINEAGE_SOURCE","LAST_APPEARANCES","DATE_ONLY","UNEXPLAINED"
"824423","676282","2026-06-26","home","last3AppearancesBf3","25","21","4","824180|822890|823541","AVAILABLE_IN_LINEAGE_SOURCE","LAST_APPEARANCES","DATE_ONLY","UNEXPLAINED"
"824423","676282","2026-06-26","home","last5AppearancesPitchCountAvg","87","90.6","3.5999999999999943","824180|822890|823541","AVAILABLE_IN_LINEAGE_SOURCE","LAST_APPEARANCES","DATE_ONLY","UNEXPLAINED"
"824491","671096","2026-07-12","home","last3StartsKs2","3","6","3","824495|823363|823532","AVAILABLE_IN_LINEAGE_SOURCE","LAST_STARTS","DATE_ONLY","UNEXPLAINED"
"824491","671096","2026-07-12","home","last3StartsBf2","25","24","1","824495|823363|823532","AVAILABLE_IN_LINEAGE_SOURCE","LAST_STARTS","DATE_ONLY","UNEXPLAINED"
"824491","671096","2026-07-12","home","last3StartsBf3","24","23","1","824495|823363|823532","AVAILABLE_IN_LINEAGE_SOURCE","LAST_STARTS","DATE_ONLY","UNEXPLAINED"
"824491","671096","2026-07-12","home","last5StartsBfAvg","23.2","24.2","1","824495|823363|823532","AVAILABLE_IN_LINEAGE_SOURCE","LAST_STARTS","DATE_ONLY","UNEXPLAINED"
"824491","671096","2026-07-12","home","last5StartsPitchCountAvg","95","98.4","3.4000000000000057","824495|823363|823532","AVAILABLE_IN_LINEAGE_SOURCE","LAST_STARTS","DATE_ONLY","UNEXPLAINED"
"824491","671096","2026-07-12","home","pitchesLast3Starts","285","286","1","824495|823363|823532","AVAILABLE_IN_LINEAGE_SOURCE","LAST_STARTS","DATE_ONLY","UNEXPLAINED"
"824491","671096","2026-07-12","home","last3AppearancesKs2","3","6","3","824495|823363|823532","AVAILABLE_IN_LINEAGE_SOURCE","LAST_APPEARANCES","DATE_ONLY","UNEXPLAINED"
"824491","671096","2026-07-12","home","last3AppearancesBf2","25","24","1","824495|823363|823532","AVAILABLE_IN_LINEAGE_SOURCE","LAST_APPEARANCES","DATE_ONLY","UNEXPLAINED"
"824491","671096","2026-07-12","home","last3AppearancesBf3","24","23","1","824495|823363|823532","AVAILABLE_IN_LINEAGE_SOURCE","LAST_APPEARANCES","DATE_ONLY","UNEXPLAINED"
"824491","671096","2026-07-12","home","last5AppearancesBfAvg","23.2","24.2","1","824495|823363|823532","AVAILABLE_IN_LINEAGE_SOURCE","LAST_APPEARANCES","DATE_ONLY","UNEXPLAINED"
"824491","671096","2026-07-12","home","last5AppearancesPitchCountAvg","95","98.4","3.4000000000000057","824495|823363|823532","AVAILABLE_IN_LINEAGE_SOURCE","LAST_APPEARANCES","DATE_ONLY","UNEXPLAINED"
"824495","671096","2026-07-07","home","last3StartsKs1","3","6","3","823363|823532|823289","AVAILABLE_IN_LINEAGE_SOURCE","LAST_STARTS","DATE_ONLY","UNEXPLAINED"
"824495","671096","2026-07-07","home","last3StartsIp3","5","6","1","823363|823532|823289","AVAILABLE_IN_LINEAGE_SOURCE","LAST_STARTS","DATE_ONLY","UNEXPLAINED"
"824495","671096","2026-07-07","home","last3StartsBf1","25","24","1","823363|823532|823289","AVAILABLE_IN_LINEAGE_SOURCE","LAST_STARTS","DATE_ONLY","UNEXPLAINED"
"824495","671096","2026-07-07","home","last3StartsBf2","24","23","1","823363|823532|823289","AVAILABLE_IN_LINEAGE_SOURCE","LAST_STARTS","DATE_ONLY","UNEXPLAINED"
"824495","671096","2026-07-07","home","last3StartsBf3","23","24","1","823363|823532|823289","AVAILABLE_IN_LINEAGE_SOURCE","LAST_STARTS","DATE_ONLY","UNEXPLAINED"
"824495","671096","2026-07-07","home","last5StartsBfAvg","23.4","24.4","1","823363|823532|823289","AVAILABLE_IN_LINEAGE_SOURCE","LAST_STARTS","DATE_ONLY","UNEXPLAINED"
"824495","671096","2026-07-07","home","last5StartsPitchCountAvg","97","99.6","2.5999999999999943","823363|823532|823289","AVAILABLE_IN_LINEAGE_SOURCE","LAST_STARTS","DATE_ONLY","UNEXPLAINED"
"824495","671096","2026-07-07","home","pitchesLastStart","96","94","2","823363|823532|823289","AVAILABLE_IN_LINEAGE_SOURCE","LAST_STARTS","DATE_ONLY","UNEXPLAINED"
"824495","671096","2026-07-07","home","pitchesLast3Starts","287","292","5","823363|823532|823289","AVAILABLE_IN_LINEAGE_SOURCE","LAST_STARTS","DATE_ONLY","UNEXPLAINED"
"824495","671096","2026-07-07","home","daysSinceLastStart","6","11","5","823363|823532|823289","AVAILABLE_IN_LINEAGE_SOURCE","LAST_STARTS","DATE_ONLY","UNEXPLAINED"
"824495","671096","2026-07-07","home","last3AppearancesKs1","3","6","3","823363|823532|823289","AVAILABLE_IN_LINEAGE_SOURCE","LAST_APPEARANCES","DATE_ONLY","UNEXPLAINED"
"824495","671096","2026-07-07","home","last3AppearancesIp3","5","6","1","823363|823532|823289","AVAILABLE_IN_LINEAGE_SOURCE","LAST_APPEARANCES","DATE_ONLY","UNEXPLAINED"
"824495","671096","2026-07-07","home","last3AppearancesBf1","25","24","1","823363|823532|823289","AVAILABLE_IN_LINEAGE_SOURCE","LAST_APPEARANCES","DATE_ONLY","UNEXPLAINED"
"824495","671096","2026-07-07","home","last3AppearancesBf2","24","23","1","823363|823532|823289","AVAILABLE_IN_LINEAGE_SOURCE","LAST_APPEARANCES","DATE_ONLY","UNEXPLAINED"
"824495","671096","2026-07-07","home","last3AppearancesBf3","23","24","1","823363|823532|823289","AVAILABLE_IN_LINEAGE_SOURCE","LAST_APPEARANCES","DATE_ONLY","UNEXPLAINED"
"824495","671096","2026-07-07","home","last5AppearancesBfAvg","23.4","24.4","1","823363|823532|823289","AVAILABLE_IN_LINEAGE_SOURCE","LAST_APPEARANCES","DATE_ONLY","UNEXPLAINED"
"824495","671096","2026-07-07","home","last5AppearancesPitchCountAvg","97","99.6","2.5999999999999943","823363|823532|823289","AVAILABLE_IN_LINEAGE_SOURCE","LAST_APPEARANCES","DATE_ONLY","UNEXPLAINED"
"824500","695076","2026-06-24","home","last3StartsKs2","6","4","2","823534|823047|824681","AVAILABLE_IN_LINEAGE_SOURCE","LAST_STARTS","DATE_ONLY","UNEXPLAINED"
"824500","695076","2026-06-24","home","last3StartsKs3","4","1","3","823534|823047|824681","AVAILABLE_IN_LINEAGE_SOURCE","LAST_STARTS","DATE_ONLY","UNEXPLAINED"
"824500","695076","2026-06-24","home","last3StartsIp2","5.7","3","2.7","823534|823047|824681","AVAILABLE_IN_LINEAGE_SOURCE","LAST_STARTS","DATE_ONLY","UNEXPLAINED"
"824500","695076","2026-06-24","home","last3StartsBf2","25","16","9","823534|823047|824681","AVAILABLE_IN_LINEAGE_SOURCE","LAST_STARTS","DATE_ONLY","UNEXPLAINED"
"824500","695076","2026-06-24","home","last3StartsBf3","16","13","3","823534|823047|824681","AVAILABLE_IN_LINEAGE_SOURCE","LAST_STARTS","DATE_ONLY","UNEXPLAINED"
"824500","695076","2026-06-24","home","last5StartsIpAvg","3.7","4.8","1.0999999999999996","823534|823047|824681","AVAILABLE_IN_LINEAGE_SOURCE","LAST_STARTS","DATE_ONLY","UNEXPLAINED"
"824500","695076","2026-06-24","home","last5StartsBfAvg","18.4","20.6","2.200000000000003","823534|823047|824681","AVAILABLE_IN_LINEAGE_SOURCE","LAST_STARTS","DATE_ONLY","UNEXPLAINED"
"824500","695076","2026-06-24","home","last5StartsPitchCountAvg","74","81.4","7.400000000000006","823534|823047|824681","AVAILABLE_IN_LINEAGE_SOURCE","LAST_STARTS","DATE_ONLY","UNEXPLAINED"
"824500","695076","2026-06-24","home","pitchesLast3Starts","261","224","37","823534|823047|824681","AVAILABLE_IN_LINEAGE_SOURCE","LAST_STARTS","DATE_ONLY","UNEXPLAINED"
"824500","695076","2026-06-24","home","last3AppearancesKs2","6","4","2","823534|823047|824681","AVAILABLE_IN_LINEAGE_SOURCE","LAST_APPEARANCES","DATE_ONLY","UNEXPLAINED"
"824500","695076","2026-06-24","home","last3AppearancesKs3","4","1","3","823534|823047|824681","AVAILABLE_IN_LINEAGE_SOURCE","LAST_APPEARANCES","DATE_ONLY","UNEXPLAINED"
"824500","695076","2026-06-24","home","last3AppearancesIp2","5.7","3","2.7","823534|823047|824681","AVAILABLE_IN_LINEAGE_SOURCE","LAST_APPEARANCES","DATE_ONLY","UNEXPLAINED"
"824500","695076","2026-06-24","home","last3AppearancesBf2","25","16","9","823534|823047|824681","AVAILABLE_IN_LINEAGE_SOURCE","LAST_APPEARANCES","DATE_ONLY","UNEXPLAINED"
"824500","695076","2026-06-24","home","last3AppearancesBf3","16","13","3","823534|823047|824681","AVAILABLE_IN_LINEAGE_SOURCE","LAST_APPEARANCES","DATE_ONLY","UNEXPLAINED"
"824500","695076","2026-06-24","home","last5AppearancesIpAvg","3.7","4.8","1.0999999999999996","823534|823047|824681","AVAILABLE_IN_LINEAGE_SOURCE","LAST_APPEARANCES","DATE_ONLY","UNEXPLAINED"
"824500","695076","2026-06-24","home","last5AppearancesBfAvg","18.4","20.6","2.200000000000003","823534|823047|824681","AVAILABLE_IN_LINEAGE_SOURCE","LAST_APPEARANCES","DATE_ONLY","UNEXPLAINED"
"824500","695076","2026-06-24","home","last5AppearancesPitchCountAvg","74","81.4","7.400000000000006","823534|823047|824681","AVAILABLE_IN_LINEAGE_SOURCE","LAST_APPEARANCES","DATE_ONLY","UNEXPLAINED"
"824501","666157","2026-06-23","home","last3StartsKs2","5","3","2","824503|823048|824512","AVAILABLE_IN_LINEAGE_SOURCE","LAST_STARTS","DATE_ONLY","UNEXPLAINED"
"824501","666157","2026-06-23","home","last3StartsKs3","3","4","1","824503|823048|824512","AVAILABLE_IN_LINEAGE_SOURCE","LAST_STARTS","DATE_ONLY","UNEXPLAINED"
"824501","666157","2026-06-23","home","last3StartsIp3","5","6.666666666666667","1.666666666666667","824503|823048|824512","AVAILABLE_IN_LINEAGE_SOURCE","LAST_STARTS","DATE_ONLY","UNEXPLAINED"
"824501","666157","2026-06-23","home","last3StartsBf2","26","25","1","824503|823048|824512","AVAILABLE_IN_LINEAGE_SOURCE","LAST_STARTS","DATE_ONLY","UNEXPLAINED"
"824501","666157","2026-06-23","home","last3StartsBf3","25","28","3","824503|823048|824512","AVAILABLE_IN_LINEAGE_SOURCE","LAST_STARTS","DATE_ONLY","UNEXPLAINED"
"824501","666157","2026-06-23","home","pitchesLast3Starts","281","285","4","824503|823048|824512","AVAILABLE_IN_LINEAGE_SOURCE","LAST_STARTS","DATE_ONLY","UNEXPLAINED"
"824501","666157","2026-06-23","home","last3AppearancesKs2","5","3","2","824503|823048|824512","AVAILABLE_IN_LINEAGE_SOURCE","LAST_APPEARANCES","DATE_ONLY","UNEXPLAINED"
"824501","666157","2026-06-23","home","last3AppearancesKs3","3","4","1","824503|823048|824512","AVAILABLE_IN_LINEAGE_SOURCE","LAST_APPEARANCES","DATE_ONLY","UNEXPLAINED"
"824501","666157","2026-06-23","home","last3AppearancesIp3","5","6.666666666666667","1.666666666666667","824503|823048|824512","AVAILABLE_IN_LINEAGE_SOURCE","LAST_APPEARANCES","DATE_ONLY","UNEXPLAINED"
"824501","666157","2026-06-23","home","last3AppearancesBf2","26","25","1","824503|823048|824512","AVAILABLE_IN_LINEAGE_SOURCE","LAST_APPEARANCES","DATE_ONLY","UNEXPLAINED"
"824501","666157","2026-06-23","home","last3AppearancesBf3","25","28","3","824503|823048|824512","AVAILABLE_IN_LINEAGE_SOURCE","LAST_APPEARANCES","DATE_ONLY","UNEXPLAINED"
"824574","702273","2026-07-12","home","last3StartsKs2","7","1","6","824579|823220|824603","AVAILABLE_IN_LINEAGE_SOURCE","LAST_STARTS","DATE_ONLY","UNEXPLAINED"
"824574","702273","2026-07-12","home","last3StartsKs3","1","3","2","824579|823220|824603","AVAILABLE_IN_LINEAGE_SOURCE","LAST_STARTS","DATE_ONLY","UNEXPLAINED"
"824574","702273","2026-07-12","home","last3StartsBf2","18","20","2","824579|823220|824603","AVAILABLE_IN_LINEAGE_SOURCE","LAST_STARTS","DATE_ONLY","UNEXPLAINED"
"824574","702273","2026-07-12","home","last3StartsBf3","20","19","1","824579|823220|824603","AVAILABLE_IN_LINEAGE_SOURCE","LAST_STARTS","DATE_ONLY","UNEXPLAINED"
"824574","702273","2026-07-12","home","last5StartsBfAvg","20.8","21.8","1","824579|823220|824603","AVAILABLE_IN_LINEAGE_SOURCE","LAST_STARTS","DATE_ONLY","UNEXPLAINED"
"824574","702273","2026-07-12","home","last5StartsPitchCountAvg","83","80.4","2.5999999999999943","824579|823220|824603","AVAILABLE_IN_LINEAGE_SOURCE","LAST_STARTS","DATE_ONLY","UNEXPLAINED"
"824574","702273","2026-07-12","home","pitchesLast3Starts","249","238","11","824579|823220|824603","AVAILABLE_IN_LINEAGE_SOURCE","LAST_STARTS","DATE_ONLY","UNEXPLAINED"
"824574","702273","2026-07-12","home","last5AppearancesPitchCountAvg","83","80.8","2.200000000000003","824579|824818|823220","AVAILABLE_IN_LINEAGE_SOURCE","LAST_APPEARANCES","DATE_ONLY","UNEXPLAINED"
"824575","680732","2026-07-10","home","last5StartsPitchCountAvg","92","93.4","1.4000000000000057","824415|824822|824584","AVAILABLE_IN_LINEAGE_SOURCE","LAST_STARTS","DATE_ONLY","UNEXPLAINED"
"824575","680732","2026-07-10","home","last5AppearancesPitchCountAvg","92","90.4","1.5999999999999943","824415|824822|824584","AVAILABLE_IN_LINEAGE_SOURCE","LAST_APPEARANCES","DATE_ONLY","UNEXPLAINED"
"824576","663542","2026-07-11","home","last3StartsKs2","0","1","1","823533|823222|824611","AVAILABLE_IN_LINEAGE_SOURCE","LAST_STARTS","DATE_ONLY","UNEXPLAINED"
"824576","663542","2026-07-11","home","last5StartsPitchCountAvg","15","20","5","823533|823222|824611","AVAILABLE_IN_LINEAGE_SOURCE","LAST_STARTS","DATE_ONLY","UNEXPLAINED"
"824576","663542","2026-07-11","home","pitchesLastStart","24","27","3","823533|823222|824611","AVAILABLE_IN_LINEAGE_SOURCE","LAST_STARTS","DATE_ONLY","UNEXPLAINED"
"824576","663542","2026-07-11","home","pitchesLast3Starts","49","60","11","823533|823222|824611","AVAILABLE_IN_LINEAGE_SOURCE","LAST_STARTS","DATE_ONLY","UNEXPLAINED"
"824576","663542","2026-07-11","home","daysSinceLastStart","3","23","20","823533|823222|824611","AVAILABLE_IN_LINEAGE_SOURCE","LAST_STARTS","DATE_ONLY","UNEXPLAINED"
"824576","663542","2026-07-11","home","last3AppearancesKs2","0","2","2","824578|824417|824818","AVAILABLE_IN_LINEAGE_SOURCE","LAST_APPEARANCES","DATE_ONLY","UNEXPLAINED"
"824576","663542","2026-07-11","home","last3AppearancesKs3","1","0","1","824578|824417|824818","AVAILABLE_IN_LINEAGE_SOURCE","LAST_APPEARANCES","DATE_ONLY","UNEXPLAINED"
"824576","663542","2026-07-11","home","last3AppearancesBf1","6","4","2","824578|824417|824818","AVAILABLE_IN_LINEAGE_SOURCE","LAST_APPEARANCES","DATE_ONLY","UNEXPLAINED"
"824576","663542","2026-07-11","home","last3AppearancesBf3","4","3","1","824578|824417|824818","AVAILABLE_IN_LINEAGE_SOURCE","LAST_APPEARANCES","DATE_ONLY","UNEXPLAINED"
"824576","663542","2026-07-11","home","last5AppearancesPitchCountAvg","15","17.4","2.3999999999999986","824578|824417|824818","AVAILABLE_IN_LINEAGE_SOURCE","LAST_APPEARANCES","DATE_ONLY","UNEXPLAINED"
"824579","702273","2026-07-07","home","last3StartsKs1","7","1","6","823220|824603|824036","AVAILABLE_IN_LINEAGE_SOURCE","LAST_STARTS","DATE_ONLY","UNEXPLAINED"
"824579","702273","2026-07-07","home","last3StartsKs2","1","3","2","823220|824603|824036","AVAILABLE_IN_LINEAGE_SOURCE","LAST_STARTS","DATE_ONLY","UNEXPLAINED"
"824579","702273","2026-07-07","home","last3StartsKs3","6","3","3","823220|824603|824036","AVAILABLE_IN_LINEAGE_SOURCE","LAST_STARTS","DATE_ONLY","UNEXPLAINED"
"824579","702273","2026-07-07","home","last3StartsIp3","5.3","3.6666666666666665","1.6333333333333333","823220|824603|824036","AVAILABLE_IN_LINEAGE_SOURCE","LAST_STARTS","DATE_ONLY","UNEXPLAINED"
"824579","702273","2026-07-07","home","last3StartsBf1","18","20","2","823220|824603|824036","AVAILABLE_IN_LINEAGE_SOURCE","LAST_STARTS","DATE_ONLY","UNEXPLAINED"
"824579","702273","2026-07-07","home","last3StartsBf2","20","19","1","823220|824603|824036","AVAILABLE_IN_LINEAGE_SOURCE","LAST_STARTS","DATE_ONLY","UNEXPLAINED"
"824579","702273","2026-07-07","home","last3StartsBf3","23","21","2","823220|824603|824036","AVAILABLE_IN_LINEAGE_SOURCE","LAST_STARTS","DATE_ONLY","UNEXPLAINED"
"824579","702273","2026-07-07","home","last5StartsPitchCountAvg","81","78.4","2.5999999999999943","823220|824603|824036","AVAILABLE_IN_LINEAGE_SOURCE","LAST_STARTS","DATE_ONLY","UNEXPLAINED"
"824579","702273","2026-07-07","home","pitchesLastStart","87","70","17","823220|824603|824036","AVAILABLE_IN_LINEAGE_SOURCE","LAST_STARTS","DATE_ONLY","UNEXPLAINED"
"824579","702273","2026-07-07","home","pitchesLast3Starts","248","225","23","823220|824603|824036","AVAILABLE_IN_LINEAGE_SOURCE","LAST_STARTS","DATE_ONLY","UNEXPLAINED"
"824579","702273","2026-07-07","home","daysSinceLastStart","6","44","38","823220|824603|824036","AVAILABLE_IN_LINEAGE_SOURCE","LAST_STARTS","DATE_ONLY","UNEXPLAINED"
"824579","702273","2026-07-07","home","last3AppearancesKs3","6","3","3","824818|823220|824603","AVAILABLE_IN_LINEAGE_SOURCE","LAST_APPEARANCES","DATE_ONLY","UNEXPLAINED"
"824579","702273","2026-07-07","home","last3AppearancesBf3","23","19","4","824818|823220|824603","AVAILABLE_IN_LINEAGE_SOURCE","LAST_APPEARANCES","DATE_ONLY","UNEXPLAINED"
"824579","702273","2026-07-07","home","last5AppearancesPitchCountAvg","81","79.8","1.2000000000000028","824818|823220|824603","AVAILABLE_IN_LINEAGE_SOURCE","LAST_APPEARANCES","DATE_ONLY","UNEXPLAINED"
"824580","641743","2026-06-28","home","last3StartsKs3","7","4","3","824585|823536|823455","AVAILABLE_IN_LINEAGE_SOURCE","LAST_STARTS","DATE_ONLY","UNEXPLAINED"
"824580","641743","2026-06-28","home","last3StartsIp3","5","4","1","824585|823536|823455","AVAILABLE_IN_LINEAGE_SOURCE","LAST_STARTS","DATE_ONLY","UNEXPLAINED"
"824580","641743","2026-06-28","home","last3StartsBf3","22","21","1","824585|823536|823455","AVAILABLE_IN_LINEAGE_SOURCE","LAST_STARTS","DATE_ONLY","UNEXPLAINED"
"824580","641743","2026-06-28","home","last5StartsPitchCountAvg","89","90.4","1.4000000000000057","824585|823536|823455","AVAILABLE_IN_LINEAGE_SOURCE","LAST_STARTS","DATE_ONLY","UNEXPLAINED"
"824580","641743","2026-06-28","home","pitchesLast3Starts","276","274","2","824585|823536|823455","AVAILABLE_IN_LINEAGE_SOURCE","LAST_STARTS","DATE_ONLY","UNEXPLAINED"
"824580","641743","2026-06-28","home","last3AppearancesKs3","7","4","3","824585|823536|823455","AVAILABLE_IN_LINEAGE_SOURCE","LAST_APPEARANCES","DATE_ONLY","UNEXPLAINED"
"824580","641743","2026-06-28","home","last3AppearancesIp3","5","4","1","824585|823536|823455","AVAILABLE_IN_LINEAGE_SOURCE","LAST_APPEARANCES","DATE_ONLY","UNEXPLAINED"
"824580","641743","2026-06-28","home","last3AppearancesBf3","22","21","1","824585|823536|823455","AVAILABLE_IN_LINEAGE_SOURCE","LAST_APPEARANCES","DATE_ONLY","UNEXPLAINED"
"824580","641743","2026-06-28","home","last5AppearancesPitchCountAvg","89","90.4","1.4000000000000057","824585|823536|823455","AVAILABLE_IN_LINEAGE_SOURCE","LAST_APPEARANCES","DATE_ONLY","UNEXPLAINED"
"824582","689818","2026-06-26","home","pitchesLastStart","81","80","1","823702|824596","AVAILABLE_IN_LINEAGE_SOURCE","LAST_STARTS","DATE_ONLY","UNEXPLAINED"
"824582","689818","2026-06-26","home","pitchesLast3Starts","222","141","81","823702|824596","AVAILABLE_IN_LINEAGE_SOURCE","LAST_STARTS","DATE_ONLY","UNEXPLAINED"
"824582","689818","2026-06-26","home","daysSinceLastStart","19","25","6","823702|824596","AVAILABLE_IN_LINEAGE_SOURCE","LAST_STARTS","DATE_ONLY","UNEXPLAINED"
"824582","689818","2026-06-26","home","last3AppearancesKs1","4","6","2","823453|823702|824596","AVAILABLE_IN_LINEAGE_SOURCE","LAST_APPEARANCES","DATE_ONLY","UNEXPLAINED"
"824582","689818","2026-06-26","home","last3AppearancesIp2","6","4","2","823453|823702|824596","AVAILABLE_IN_LINEAGE_SOURCE","LAST_APPEARANCES","DATE_ONLY","UNEXPLAINED"
"824582","689818","2026-06-26","home","last3AppearancesBf1","23","16","7","823453|823702|824596","AVAILABLE_IN_LINEAGE_SOURCE","LAST_APPEARANCES","DATE_ONLY","UNEXPLAINED"
"824582","689818","2026-06-26","home","last3AppearancesBf2","19","23","4","823453|823702|824596","AVAILABLE_IN_LINEAGE_SOURCE","LAST_APPEARANCES","DATE_ONLY","UNEXPLAINED"
"824582","689818","2026-06-26","home","last5AppearancesBfAvg","21","19.333333333333332","1.6666666666666679","823453|823702|824596","AVAILABLE_IN_LINEAGE_SOURCE","LAST_APPEARANCES","DATE_ONLY","UNEXPLAINED"
"824582","689818","2026-06-26","home","last5AppearancesPitchCountAvg","71","74","3","823453|823702|824596","AVAILABLE_IN_LINEAGE_SOURCE","LAST_APPEARANCES","DATE_ONLY","UNEXPLAINED"
"824584","680732","2026-06-23","home","last3StartsKs2","6","8","2","824592|824597|823134","AVAILABLE_IN_LINEAGE_SOURCE","LAST_STARTS","DATE_ONLY","UNEXPLAINED"
"824584","680732","2026-06-23","home","last3StartsKs3","8","5","3","824592|824597|823134","AVAILABLE_IN_LINEAGE_SOURCE","LAST_STARTS","DATE_ONLY","UNEXPLAINED"
"824584","680732","2026-06-23","home","last3StartsIp1","4","5.333333333333333","1.333333333333333","824592|824597|823134","AVAILABLE_IN_LINEAGE_SOURCE","LAST_STARTS","DATE_ONLY","UNEXPLAINED"
"824584","680732","2026-06-23","home","last3StartsIp2","5.3","7","1.7000000000000002","824592|824597|823134","AVAILABLE_IN_LINEAGE_SOURCE","LAST_STARTS","DATE_ONLY","UNEXPLAINED"
"824584","680732","2026-06-23","home","last3StartsIp3","7","4.666666666666667","2.333333333333333","824592|824597|823134","AVAILABLE_IN_LINEAGE_SOURCE","LAST_STARTS","DATE_ONLY","UNEXPLAINED"
"824584","680732","2026-06-23","home","last3StartsBf1","22","21","1","824592|824597|823134","AVAILABLE_IN_LINEAGE_SOURCE","LAST_STARTS","DATE_ONLY","UNEXPLAINED"
"824584","680732","2026-06-23","home","last3StartsBf2","21","25","4","824592|824597|823134","AVAILABLE_IN_LINEAGE_SOURCE","LAST_STARTS","DATE_ONLY","UNEXPLAINED"
"824584","680732","2026-06-23","home","last3StartsBf3","25","22","3","824592|824597|823134","AVAILABLE_IN_LINEAGE_SOURCE","LAST_STARTS","DATE_ONLY","UNEXPLAINED"
"824584","680732","2026-06-23","home","last5StartsPitchCountAvg","92","88.2","3.799999999999997","824592|824597|823134","AVAILABLE_IN_LINEAGE_SOURCE","LAST_STARTS","DATE_ONLY","UNEXPLAINED"
"824584","680732","2026-06-23","home","pitchesLastStart","88","93","5","824592|824597|823134","AVAILABLE_IN_LINEAGE_SOURCE","LAST_STARTS","DATE_ONLY","UNEXPLAINED"
"824584","680732","2026-06-23","home","pitchesLast3Starts","270","276","6","824592|824597|823134","AVAILABLE_IN_LINEAGE_SOURCE","LAST_STARTS","DATE_ONLY","UNEXPLAINED"
"824584","680732","2026-06-23","home","daysSinceLastStart","5","23","18","824592|824597|823134","AVAILABLE_IN_LINEAGE_SOURCE","LAST_STARTS","DATE_ONLY","UNEXPLAINED"
"824584","680732","2026-06-23","home","last3AppearancesKs1","6","8","2","823533|823454|824592","AVAILABLE_IN_LINEAGE_SOURCE","LAST_APPEARANCES","DATE_ONLY","UNEXPLAINED"
"824584","680732","2026-06-23","home","last3AppearancesKs2","6","7","1","823533|823454|824592","AVAILABLE_IN_LINEAGE_SOURCE","LAST_APPEARANCES","DATE_ONLY","UNEXPLAINED"
"824584","680732","2026-06-23","home","last3AppearancesKs3","8","6","2","823533|823454|824592","AVAILABLE_IN_LINEAGE_SOURCE","LAST_APPEARANCES","DATE_ONLY","UNEXPLAINED"
"824584","680732","2026-06-23","home","last3AppearancesIp1","4","7.333333333333333","3.333333333333333","823533|823454|824592","AVAILABLE_IN_LINEAGE_SOURCE","LAST_APPEARANCES","DATE_ONLY","UNEXPLAINED"
"824584","680732","2026-06-23","home","last3AppearancesIp3","7","5.333333333333333","1.666666666666667","823533|823454|824592","AVAILABLE_IN_LINEAGE_SOURCE","LAST_APPEARANCES","DATE_ONLY","UNEXPLAINED"
"824584","680732","2026-06-23","home","last3AppearancesBf1","22","25","3","823533|823454|824592","AVAILABLE_IN_LINEAGE_SOURCE","LAST_APPEARANCES","DATE_ONLY","UNEXPLAINED"
"824584","680732","2026-06-23","home","last3AppearancesBf3","25","21","4","823533|823454|824592","AVAILABLE_IN_LINEAGE_SOURCE","LAST_APPEARANCES","DATE_ONLY","UNEXPLAINED"
"824584","680732","2026-06-23","home","last5AppearancesPitchCountAvg","92","90.8","1.2000000000000028","823533|823454|824592","AVAILABLE_IN_LINEAGE_SOURCE","LAST_APPEARANCES","DATE_ONLY","UNEXPLAINED"
"824655","607067","2026-07-17","home","last3StartsKs2","5","4","1","824815|823773|824665","AVAILABLE_IN_LINEAGE_SOURCE","LAST_STARTS","DATE_ONLY","UNEXPLAINED"
"824655","607067","2026-07-17","home","last3StartsKs3","4","3","1","824815|823773|824665","AVAILABLE_IN_LINEAGE_SOURCE","LAST_STARTS","DATE_ONLY","UNEXPLAINED"
"824655","607067","2026-07-17","home","last3StartsBf2","25","23","2","824815|823773|824665","AVAILABLE_IN_LINEAGE_SOURCE","LAST_STARTS","DATE_ONLY","UNEXPLAINED"
"824655","607067","2026-07-17","home","last3StartsBf3","23","19","4","824815|823773|824665","AVAILABLE_IN_LINEAGE_SOURCE","LAST_STARTS","DATE_ONLY","UNEXPLAINED"
"824655","607067","2026-07-17","home","last5StartsPitchCountAvg","84","81.2","2.799999999999997","824815|823773|824665","AVAILABLE_IN_LINEAGE_SOURCE","LAST_STARTS","DATE_ONLY","UNEXPLAINED"
"824655","607067","2026-07-17","home","pitchesLast3Starts","261","258","3","824815|823773|824665","AVAILABLE_IN_LINEAGE_SOURCE","LAST_STARTS","DATE_ONLY","UNEXPLAINED"
"824656","665871","2026-07-05","home","last3StartsKs1","5","1","4","824668|824691|823481","AVAILABLE_IN_LINEAGE_SOURCE","LAST_STARTS","DATE_ONLY","UNEXPLAINED"
"824656","665871","2026-07-05","home","last3StartsKs2","1","3","2","824668|824691|823481","AVAILABLE_IN_LINEAGE_SOURCE","LAST_STARTS","DATE_ONLY","UNEXPLAINED"
"824656","665871","2026-07-05","home","last3StartsKs3","5","3","2","824668|824691|823481","AVAILABLE_IN_LINEAGE_SOURCE","LAST_STARTS","DATE_ONLY","UNEXPLAINED"
"824656","665871","2026-07-05","home","last3StartsIp3","6","4.333333333333333","1.666666666666667","824668|824691|823481","AVAILABLE_IN_LINEAGE_SOURCE","LAST_STARTS","DATE_ONLY","UNEXPLAINED"
"824656","665871","2026-07-05","home","last3StartsBf1","21","22","1","824668|824691|823481","AVAILABLE_IN_LINEAGE_SOURCE","LAST_STARTS","DATE_ONLY","UNEXPLAINED"
"824656","665871","2026-07-05","home","last3StartsBf2","22","20","2","824668|824691|823481","AVAILABLE_IN_LINEAGE_SOURCE","LAST_STARTS","DATE_ONLY","UNEXPLAINED"
"824656","665871","2026-07-05","home","last3StartsBf3","21","26","5","824668|824691|823481","AVAILABLE_IN_LINEAGE_SOURCE","LAST_STARTS","DATE_ONLY","UNEXPLAINED"
"824656","665871","2026-07-05","home","last5StartsPitchCountAvg","85","84","1","824668|824691|823481","AVAILABLE_IN_LINEAGE_SOURCE","LAST_STARTS","DATE_ONLY","UNEXPLAINED"
"824656","665871","2026-07-05","home","pitchesLastStart","53","92","39","824668|824691|823481","AVAILABLE_IN_LINEAGE_SOURCE","LAST_STARTS","DATE_ONLY","UNEXPLAINED"
"824656","665871","2026-07-05","home","pitchesLast3Starts","228","256","28","824668|824691|823481","AVAILABLE_IN_LINEAGE_SOURCE","LAST_STARTS","DATE_ONLY","UNEXPLAINED"
"824656","665871","2026-07-05","home","daysSinceLastStart","5","18","13","824668|824691|823481","AVAILABLE_IN_LINEAGE_SOURCE","LAST_STARTS","DATE_ONLY","UNEXPLAINED"
"824656","665871","2026-07-05","home","last3AppearancesKs1","5","1","4","824661|823613|823613","AVAILABLE_IN_LINEAGE_SOURCE","LAST_APPEARANCES","DATE_ONLY","UNEXPLAINED"
"824656","665871","2026-07-05","home","last3AppearancesKs2","1","5","4","824661|823613|823613","AVAILABLE_IN_LINEAGE_SOURCE","LAST_APPEARANCES","DATE_ONLY","UNEXPLAINED"
"824656","665871","2026-07-05","home","last3AppearancesIp1","5","2.6666666666666665","2.3333333333333335","824661|823613|823613","AVAILABLE_IN_LINEAGE_SOURCE","LAST_APPEARANCES","DATE_ONLY","UNEXPLAINED"
"824656","665871","2026-07-05","home","last3AppearancesIp3","6","5","1","824661|823613|823613","AVAILABLE_IN_LINEAGE_SOURCE","LAST_APPEARANCES","DATE_ONLY","UNEXPLAINED"
"824656","665871","2026-07-05","home","last3AppearancesBf1","21","14","7","824661|823613|823613","AVAILABLE_IN_LINEAGE_SOURCE","LAST_APPEARANCES","DATE_ONLY","UNEXPLAINED"
"824656","665871","2026-07-05","home","last3AppearancesBf2","22","21","1","824661|823613|823613","AVAILABLE_IN_LINEAGE_SOURCE","LAST_APPEARANCES","DATE_ONLY","UNEXPLAINED"
"824656","665871","2026-07-05","home","last5AppearancesBfAvg","22","19.8","2.1999999999999993","824661|823613|823613","AVAILABLE_IN_LINEAGE_SOURCE","LAST_APPEARANCES","DATE_ONLY","UNEXPLAINED"
"824656","665871","2026-07-05","home","last5AppearancesPitchCountAvg","85","76.6","8.400000000000006","824661|823613|823613","AVAILABLE_IN_LINEAGE_SOURCE","LAST_APPEARANCES","DATE_ONLY","UNEXPLAINED"
"824660","607067","2026-07-01","home","pitchesLast3Starts","257","246","11","823773|824665|824347","AVAILABLE_IN_LINEAGE_SOURCE","LAST_STARTS","DATE_ONLY","UNEXPLAINED"
"824660","607067","2026-07-01","home","last5AppearancesBfAvg","22.4","23.6","1.2000000000000028","823773|824665|824347","AVAILABLE_IN_LINEAGE_SOURCE","LAST_APPEARANCES","DATE_ONLY","UNEXPLAINED"
"824660","607067","2026-07-01","home","last5AppearancesPitchCountAvg","81","87.2","6.200000000000003","823773|824665|824347","AVAILABLE_IN_LINEAGE_SOURCE","LAST_APPEARANCES","DATE_ONLY","UNEXPLAINED"
"824741","624133","2026-06-29","home","last3StartsKs3","7","6","1","824341|823124|823537","AVAILABLE_IN_LINEAGE_SOURCE","LAST_STARTS","DATE_ONLY","UNEXPLAINED"
"824741","624133","2026-06-29","home","last3StartsIp3","5","6.333333333333333","1.333333333333333","824341|823124|823537","AVAILABLE_IN_LINEAGE_SOURCE","LAST_STARTS","DATE_ONLY","UNEXPLAINED"
"824741","624133","2026-06-29","home","last3StartsBf3","23","25","2","824341|823124|823537","AVAILABLE_IN_LINEAGE_SOURCE","LAST_STARTS","DATE_ONLY","UNEXPLAINED"
"824741","624133","2026-06-29","home","last5StartsPitchCountAvg","95","94","1","824341|823124|823537","AVAILABLE_IN_LINEAGE_SOURCE","LAST_STARTS","DATE_ONLY","UNEXPLAINED"
"824741","624133","2026-06-29","home","pitchesLast3Starts","293","286","7","824341|823124|823537","AVAILABLE_IN_LINEAGE_SOURCE","LAST_STARTS","DATE_ONLY","UNEXPLAINED"
"824741","624133","2026-06-29","home","last3AppearancesKs3","7","6","1","824341|823124|823537","AVAILABLE_IN_LINEAGE_SOURCE","LAST_APPEARANCES","DATE_ONLY","UNEXPLAINED"
"824741","624133","2026-06-29","home","last3AppearancesIp3","5","6.333333333333333","1.333333333333333","824341|823124|823537","AVAILABLE_IN_LINEAGE_SOURCE","LAST_APPEARANCES","DATE_ONLY","UNEXPLAINED"
"824741","624133","2026-06-29","home","last3AppearancesBf3","23","25","2","824341|823124|823537","AVAILABLE_IN_LINEAGE_SOURCE","LAST_APPEARANCES","DATE_ONLY","UNEXPLAINED"
"824741","624133","2026-06-29","home","last5AppearancesKsAvg","7.4","5.4","2","824341|823124|823537","AVAILABLE_IN_LINEAGE_SOURCE","LAST_APPEARANCES","DATE_ONLY","UNEXPLAINED"
"824741","624133","2026-06-29","home","last5AppearancesPitchCountAvg","95","91.6","3.4000000000000057","824341|823124|823537","AVAILABLE_IN_LINEAGE_SOURCE","LAST_APPEARANCES","DATE_ONLY","UNEXPLAINED"
"824744","543243","2026-06-28","home","last3StartsKs3","7","3","4","824340|824748|823538","AVAILABLE_IN_LINEAGE_SOURCE","LAST_STARTS","DATE_ONLY","UNEXPLAINED"
"824744","543243","2026-06-28","home","last3StartsBf3","23","27","4","824340|824748|823538","AVAILABLE_IN_LINEAGE_SOURCE","LAST_STARTS","DATE_ONLY","UNEXPLAINED"
"824744","543243","2026-06-28","home","last5StartsPitchCountAvg","88","85.6","2.4000000000000057","824340|824748|823538","AVAILABLE_IN_LINEAGE_SOURCE","LAST_STARTS","DATE_ONLY","UNEXPLAINED"
"824744","543243","2026-06-28","home","pitchesLast3Starts","270","261","9","824340|824748|823538","AVAILABLE_IN_LINEAGE_SOURCE","LAST_STARTS","DATE_ONLY","UNEXPLAINED"
"824744","543243","2026-06-28","home","last3AppearancesKs3","7","3","4","824340|824748|823538","AVAILABLE_IN_LINEAGE_SOURCE","LAST_APPEARANCES","DATE_ONLY","UNEXPLAINED"
"824744","543243","2026-06-28","home","last3AppearancesBf3","23","27","4","824340|824748|823538","AVAILABLE_IN_LINEAGE_SOURCE","LAST_APPEARANCES","DATE_ONLY","UNEXPLAINED"
"824744","543243","2026-06-28","home","last5AppearancesPitchCountAvg","88","85.6","2.4000000000000057","824340|824748|823538","AVAILABLE_IN_LINEAGE_SOURCE","LAST_APPEARANCES","DATE_ONLY","UNEXPLAINED"
"824745","687562","2026-06-27","home","last3StartsKs2","5","4","1","824344|822970|831571","AVAILABLE_IN_LINEAGE_SOURCE","LAST_STARTS","DATE_ONLY","UNEXPLAINED"
"824745","687562","2026-06-27","home","last3StartsKs3","4","2","2","824344|822970|831571","AVAILABLE_IN_LINEAGE_SOURCE","LAST_STARTS","DATE_ONLY","UNEXPLAINED"
"824745","687562","2026-06-27","home","last3StartsIp3","5","1.6666666666666667","3.333333333333333","824344|822970|831571","AVAILABLE_IN_LINEAGE_SOURCE","LAST_STARTS","DATE_ONLY","UNEXPLAINED"
"824745","687562","2026-06-27","home","last3StartsBf2","20","23","3","824344|822970|831571","AVAILABLE_IN_LINEAGE_SOURCE","LAST_STARTS","DATE_ONLY","UNEXPLAINED"
"824745","687562","2026-06-27","home","last3StartsBf3","23","8","15","824344|822970|831571","AVAILABLE_IN_LINEAGE_SOURCE","LAST_STARTS","DATE_ONLY","UNEXPLAINED"
"824745","687562","2026-06-27","home","last5StartsIpAvg","5.3","3.333333333333333","1.9666666666666668","824344|822970|831571","AVAILABLE_IN_LINEAGE_SOURCE","LAST_STARTS","DATE_ONLY","UNEXPLAINED"
"824745","687562","2026-06-27","home","last5StartsBfAvg","21.2","15","6.199999999999999","824344|822970|831571","AVAILABLE_IN_LINEAGE_SOURCE","LAST_STARTS","DATE_ONLY","UNEXPLAINED"
"824745","687562","2026-06-27","home","last5StartsPitchCountAvg","79","55.5","23.5","824344|822970|831571","AVAILABLE_IN_LINEAGE_SOURCE","LAST_STARTS","DATE_ONLY","UNEXPLAINED"
"824745","687562","2026-06-27","home","pitchesLast3Starts","224","186","38","824344|822970|831571","AVAILABLE_IN_LINEAGE_SOURCE","LAST_STARTS","DATE_ONLY","UNEXPLAINED"
"824745","687562","2026-06-27","home","last5AppearancesPitchCountAvg","79","74.8","4.200000000000003","824344|824746|822970","AVAILABLE_IN_LINEAGE_SOURCE","LAST_APPEARANCES","DATE_ONLY","UNEXPLAINED"
"824814","669358","2026-07-12","home","pitchesLastStart","0","100","100","824820|824822|824017","AVAILABLE_IN_LINEAGE_SOURCE","LAST_STARTS","DATE_ONLY","UNEXPLAINED"
"824814","669358","2026-07-12","home","pitchesLast3Starts","0","300","300","824820|824822|824017","AVAILABLE_IN_LINEAGE_SOURCE","LAST_STARTS","DATE_ONLY","UNEXPLAINED"
"824815","665152","2026-07-08","home","last3StartsKs1","4","7","3","824451|824856|832062","AVAILABLE_IN_LINEAGE_SOURCE","LAST_STARTS","DATE_ONLY","UNEXPLAINED"
"824815","665152","2026-07-08","home","last3StartsKs2","7","9","2","824451|824856|832062","AVAILABLE_IN_LINEAGE_SOURCE","LAST_STARTS","DATE_ONLY","UNEXPLAINED"
"824815","665152","2026-07-08","home","last3StartsKs3","9","8","1","824451|824856|832062","AVAILABLE_IN_LINEAGE_SOURCE","LAST_STARTS","DATE_ONLY","UNEXPLAINED"
"824815","665152","2026-07-08","home","last3StartsIp2","6","5","1","824451|824856|832062","AVAILABLE_IN_LINEAGE_SOURCE","LAST_STARTS","DATE_ONLY","UNEXPLAINED"
"824815","665152","2026-07-08","home","last3StartsBf2","22","21","1","824451|824856|832062","AVAILABLE_IN_LINEAGE_SOURCE","LAST_STARTS","DATE_ONLY","UNEXPLAINED"
"824815","665152","2026-07-08","home","last3StartsBf3","21","18","3","824451|824856|832062","AVAILABLE_IN_LINEAGE_SOURCE","LAST_STARTS","DATE_ONLY","UNEXPLAINED"
"824815","665152","2026-07-08","home","last5StartsKsAvg","6.67","8","1.33","824451|824856|832062","AVAILABLE_IN_LINEAGE_SOURCE","LAST_STARTS","DATE_ONLY","UNEXPLAINED"
"824815","665152","2026-07-08","home","last5StartsKsStd","2.05","0.816496580927726","1.2335034190722738","824451|824856|832062","AVAILABLE_IN_LINEAGE_SOURCE","LAST_STARTS","DATE_ONLY","UNEXPLAINED"
"824815","665152","2026-07-08","home","last5StartsBfAvg","21.7","20.333333333333332","1.3666666666666671","824451|824856|832062","AVAILABLE_IN_LINEAGE_SOURCE","LAST_STARTS","DATE_ONLY","UNEXPLAINED"
"824815","665152","2026-07-08","home","last5StartsPitchCountAvg","85","86","1","824451|824856|832062","AVAILABLE_IN_LINEAGE_SOURCE","LAST_STARTS","DATE_ONLY","UNEXPLAINED"
"824815","665152","2026-07-08","home","pitchesLastStart","79","95","16","824451|824856|832062","AVAILABLE_IN_LINEAGE_SOURCE","LAST_STARTS","DATE_ONLY","UNEXPLAINED"
"824815","665152","2026-07-08","home","pitchesLast3Starts","254","258","4","824451|824856|832062","AVAILABLE_IN_LINEAGE_SOURCE","LAST_STARTS","DATE_ONLY","UNEXPLAINED"
"824815","665152","2026-07-08","home","daysSinceLastStart","7","81","74","824451|824856|832062","AVAILABLE_IN_LINEAGE_SOURCE","LAST_STARTS","DATE_ONLY","UNEXPLAINED"
"824815","665152","2026-07-08","home","last5AppearancesBfAvg","21.7","19.6","2.099999999999998","824818|824451|824856","AVAILABLE_IN_LINEAGE_SOURCE","LAST_APPEARANCES","DATE_ONLY","UNEXPLAINED"
"824815","665152","2026-07-08","home","last5AppearancesPitchCountAvg","85","78","7","824818|824451|824856","AVAILABLE_IN_LINEAGE_SOURCE","LAST_APPEARANCES","DATE_ONLY","UNEXPLAINED"
"824816","669432","2026-07-09","home","last5StartsPitchCountAvg","91","92","1","824498|824824|823937","AVAILABLE_IN_LINEAGE_SOURCE","LAST_STARTS","DATE_ONLY","UNEXPLAINED"
"824816","669432","2026-07-09","home","last5AppearancesPitchCountAvg","91","92","1","824498|824824|823937","AVAILABLE_IN_LINEAGE_SOURCE","LAST_APPEARANCES","DATE_ONLY","UNEXPLAINED"
"824817","687064","2026-07-10","home","last3StartsKs2","8","2","6","824499|823128|824831","AVAILABLE_IN_LINEAGE_SOURCE","LAST_STARTS","DATE_ONLY","UNEXPLAINED"
"824817","687064","2026-07-10","home","last3StartsIp2","5","6","1","824499|823128|824831","AVAILABLE_IN_LINEAGE_SOURCE","LAST_STARTS","DATE_ONLY","UNEXPLAINED"
"824817","687064","2026-07-10","home","last3StartsIp3","5","7","2","824499|823128|824831","AVAILABLE_IN_LINEAGE_SOURCE","LAST_STARTS","DATE_ONLY","UNEXPLAINED"
"824817","687064","2026-07-10","home","last3StartsBf2","24","26","2","824499|823128|824831","AVAILABLE_IN_LINEAGE_SOURCE","LAST_STARTS","DATE_ONLY","UNEXPLAINED"
"824817","687064","2026-07-10","home","last3StartsBf3","22","25","3","824499|823128|824831","AVAILABLE_IN_LINEAGE_SOURCE","LAST_STARTS","DATE_ONLY","UNEXPLAINED"
"824817","687064","2026-07-10","home","last5StartsPitchCountAvg","94","87.6","6.400000000000006","824499|823128|824831","AVAILABLE_IN_LINEAGE_SOURCE","LAST_STARTS","DATE_ONLY","UNEXPLAINED"
"824817","687064","2026-07-10","home","pitchesLast3Starts","290","282","8","824499|823128|824831","AVAILABLE_IN_LINEAGE_SOURCE","LAST_STARTS","DATE_ONLY","UNEXPLAINED"
"824820","669358","2026-07-07","home","last5StartsKsAvg","4.8","5.8","1","824822|824017|823125","AVAILABLE_IN_LINEAGE_SOURCE","LAST_STARTS","DATE_ONLY","UNEXPLAINED"
"824820","669358","2026-07-07","home","last5StartsPitchCountAvg","97","94.8","2.200000000000003","824822|824017|823125","AVAILABLE_IN_LINEAGE_SOURCE","LAST_STARTS","DATE_ONLY","UNEXPLAINED"
"824820","669358","2026-07-07","home","last5AppearancesKsAvg","4.8","5.8","1","824822|824017|823125","AVAILABLE_IN_LINEAGE_SOURCE","LAST_APPEARANCES","DATE_ONLY","UNEXPLAINED"
"824820","669358","2026-07-07","home","last5AppearancesPitchCountAvg","97","94.8","2.200000000000003","824822|824017|823125","AVAILABLE_IN_LINEAGE_SOURCE","LAST_APPEARANCES","DATE_ONLY","UNEXPLAINED"
"824821","680694","2026-06-28","home","last3StartsKs3","5","3","2","824016|823127|822808","AVAILABLE_IN_LINEAGE_SOURCE","LAST_STARTS","DATE_ONLY","UNEXPLAINED"
"824821","680694","2026-06-28","home","last5StartsPitchCountAvg","92","93.6","1.5999999999999943","824016|823127|822808","AVAILABLE_IN_LINEAGE_SOURCE","LAST_STARTS","DATE_ONLY","UNEXPLAINED"
"824821","680694","2026-06-28","home","pitchesLast3Starts","286","282","4","824016|823127|822808","AVAILABLE_IN_LINEAGE_SOURCE","LAST_STARTS","DATE_ONLY","UNEXPLAINED"
"824821","680694","2026-06-28","home","last3AppearancesKs3","5","3","2","824016|823127|822808","AVAILABLE_IN_LINEAGE_SOURCE","LAST_APPEARANCES","DATE_ONLY","UNEXPLAINED"
"824821","680694","2026-06-28","home","last5AppearancesPitchCountAvg","92","93.6","1.5999999999999943","824016|823127|822808","AVAILABLE_IN_LINEAGE_SOURCE","LAST_APPEARANCES","DATE_ONLY","UNEXPLAINED"
"824822","669358","2026-06-29","home","last3StartsKs3","1","3","2","824017|823125|822807","AVAILABLE_IN_LINEAGE_SOURCE","LAST_STARTS","DATE_ONLY","UNEXPLAINED"
"824822","669358","2026-06-29","home","last3StartsBf3","24","26","2","824017|823125|822807","AVAILABLE_IN_LINEAGE_SOURCE","LAST_STARTS","DATE_ONLY","UNEXPLAINED"
"824822","669358","2026-06-29","home","last5StartsKsAvg","4.8","6.4","1.6000000000000005","824017|823125|822807","AVAILABLE_IN_LINEAGE_SOURCE","LAST_STARTS","DATE_ONLY","UNEXPLAINED"
"824822","669358","2026-06-29","home","last5StartsBfAvg","25.6","26.6","1","824017|823125|822807","AVAILABLE_IN_LINEAGE_SOURCE","LAST_STARTS","DATE_ONLY","UNEXPLAINED"
"824822","669358","2026-06-29","home","last5StartsPitchCountAvg","94","92.8","1.2000000000000028","824017|823125|822807","AVAILABLE_IN_LINEAGE_SOURCE","LAST_STARTS","DATE_ONLY","UNEXPLAINED"
"824822","669358","2026-06-29","home","pitchesLast3Starts","293","271","22","824017|823125|822807","AVAILABLE_IN_LINEAGE_SOURCE","LAST_STARTS","DATE_ONLY","UNEXPLAINED"
"824822","669358","2026-06-29","home","last3AppearancesKs3","1","3","2","824017|823125|822807","AVAILABLE_IN_LINEAGE_SOURCE","LAST_APPEARANCES","DATE_ONLY","UNEXPLAINED"
"824822","669358","2026-06-29","home","last3AppearancesBf3","24","26","2","824017|823125|822807","AVAILABLE_IN_LINEAGE_SOURCE","LAST_APPEARANCES","DATE_ONLY","UNEXPLAINED"
"824822","669358","2026-06-29","home","last5AppearancesKsAvg","4.8","6.4","1.6000000000000005","824017|823125|822807","AVAILABLE_IN_LINEAGE_SOURCE","LAST_APPEARANCES","DATE_ONLY","UNEXPLAINED"
"824822","669358","2026-06-29","home","last5AppearancesBfAvg","25.6","26.6","1","824017|823125|822807","AVAILABLE_IN_LINEAGE_SOURCE","LAST_APPEARANCES","DATE_ONLY","UNEXPLAINED"
"824822","669358","2026-06-29","home","last5AppearancesPitchCountAvg","94","92.8","1.2000000000000028","824017|823125|822807","AVAILABLE_IN_LINEAGE_SOURCE","LAST_APPEARANCES","DATE_ONLY","UNEXPLAINED"
"824824","669432","2026-06-26","home","last3StartsKs2","4","3","1","823937|824830|824753","AVAILABLE_IN_LINEAGE_SOURCE","LAST_STARTS","DATE_ONLY","UNEXPLAINED"
"824824","669432","2026-06-26","home","last3StartsBf3","24","22","2","823937|824830|824753","AVAILABLE_IN_LINEAGE_SOURCE","LAST_STARTS","DATE_ONLY","UNEXPLAINED"
"824824","669432","2026-06-26","home","last5StartsPitchCountAvg","89","90.4","1.4000000000000057","823937|824830|824753","AVAILABLE_IN_LINEAGE_SOURCE","LAST_STARTS","DATE_ONLY","UNEXPLAINED"
"824824","669432","2026-06-26","home","pitchesLast3Starts","275","280","5","823937|824830|824753","AVAILABLE_IN_LINEAGE_SOURCE","LAST_STARTS","DATE_ONLY","UNEXPLAINED"
"824824","669432","2026-06-26","home","last3AppearancesKs2","4","3","1","823937|824830|824753","AVAILABLE_IN_LINEAGE_SOURCE","LAST_APPEARANCES","DATE_ONLY","UNEXPLAINED"
"824824","669432","2026-06-26","home","last3AppearancesBf3","24","22","2","823937|824830|824753","AVAILABLE_IN_LINEAGE_SOURCE","LAST_APPEARANCES","DATE_ONLY","UNEXPLAINED"
"824824","669432","2026-06-26","home","last5AppearancesPitchCountAvg","89","90.8","1.7999999999999972","823937|824830|824753","AVAILABLE_IN_LINEAGE_SOURCE","LAST_APPEARANCES","DATE_ONLY","UNEXPLAINED"
"824895","625643","2026-07-21","home","last3StartsKs3","6","1","5","823030|824900|823206","AVAILABLE_IN_LINEAGE_SOURCE","LAST_STARTS","DATE_ONLY","UNEXPLAINED"
"824895","625643","2026-07-21","home","last3StartsIp3","5","3","2","823030|824900|823206","AVAILABLE_IN_LINEAGE_SOURCE","LAST_STARTS","DATE_ONLY","UNEXPLAINED"
"824895","625643","2026-07-21","home","last3StartsBf3","18","12","6","823030|824900|823206","AVAILABLE_IN_LINEAGE_SOURCE","LAST_STARTS","DATE_ONLY","UNEXPLAINED"
"824895","625643","2026-07-21","home","last5StartsPitchCountAvg","70","75.2","5.200000000000003","823030|824900|823206","AVAILABLE_IN_LINEAGE_SOURCE","LAST_STARTS","DATE_ONLY","UNEXPLAINED"
"824895","625643","2026-07-21","home","pitchesLast3Starts","234","222","12","823030|824900|823206","AVAILABLE_IN_LINEAGE_SOURCE","LAST_STARTS","DATE_ONLY","UNEXPLAINED"
"824895","625643","2026-07-21","home","last3AppearancesKs3","6","0","6","823030|824900|824905","AVAILABLE_IN_LINEAGE_SOURCE","LAST_APPEARANCES","DATE_ONLY","UNEXPLAINED"
"824895","625643","2026-07-21","home","last3AppearancesIp3","5","0","5","823030|824900|824905","AVAILABLE_IN_LINEAGE_SOURCE","LAST_APPEARANCES","DATE_ONLY","UNEXPLAINED"
"824895","625643","2026-07-21","home","last3AppearancesBf3","18","0","18","823030|824900|824905","AVAILABLE_IN_LINEAGE_SOURCE","LAST_APPEARANCES","DATE_ONLY","UNEXPLAINED"
"824895","625643","2026-07-21","home","last5AppearancesBfAvg","16.4","12.8","3.599999999999998","823030|824900|824905","AVAILABLE_IN_LINEAGE_SOURCE","LAST_APPEARANCES","DATE_ONLY","UNEXPLAINED"
"824895","625643","2026-07-21","home","last5AppearancesPitchCountAvg","70","56","14","823030|824900|824905","AVAILABLE_IN_LINEAGE_SOURCE","LAST_APPEARANCES","DATE_ONLY","UNEXPLAINED"
"824900","625643","2026-07-06","home","last3StartsKs1","6","1","5","823206|822747|824935","AVAILABLE_IN_LINEAGE_SOURCE","LAST_STARTS","DATE_ONLY","UNEXPLAINED"
"824900","625643","2026-07-06","home","last3StartsKs3","1","6","5","823206|822747|824935","AVAILABLE_IN_LINEAGE_SOURCE","LAST_STARTS","DATE_ONLY","UNEXPLAINED"
"824900","625643","2026-07-06","home","last3StartsIp1","5","3","2","823206|822747|824935","AVAILABLE_IN_LINEAGE_SOURCE","LAST_STARTS","DATE_ONLY","UNEXPLAINED"
"824900","625643","2026-07-06","home","last3StartsIp2","3","1","2","823206|822747|824935","AVAILABLE_IN_LINEAGE_SOURCE","LAST_STARTS","DATE_ONLY","UNEXPLAINED"
"824900","625643","2026-07-06","home","last3StartsIp3","1","5","4","823206|822747|824935","AVAILABLE_IN_LINEAGE_SOURCE","LAST_STARTS","DATE_ONLY","UNEXPLAINED"
"824900","625643","2026-07-06","home","last3StartsBf1","18","12","6","823206|822747|824935","AVAILABLE_IN_LINEAGE_SOURCE","LAST_STARTS","DATE_ONLY","UNEXPLAINED"
"824900","625643","2026-07-06","home","last3StartsBf2","12","11","1","823206|822747|824935","AVAILABLE_IN_LINEAGE_SOURCE","LAST_STARTS","DATE_ONLY","UNEXPLAINED"
"824900","625643","2026-07-06","home","last3StartsBf3","11","21","10","823206|822747|824935","AVAILABLE_IN_LINEAGE_SOURCE","LAST_STARTS","DATE_ONLY","UNEXPLAINED"
"824900","625643","2026-07-06","home","last5StartsPitchCountAvg","72","74","2","823206|822747|824935","AVAILABLE_IN_LINEAGE_SOURCE","LAST_STARTS","DATE_ONLY","UNEXPLAINED"
"824900","625643","2026-07-06","home","pitchesLastStart","69","57","12","823206|822747|824935","AVAILABLE_IN_LINEAGE_SOURCE","LAST_STARTS","DATE_ONLY","UNEXPLAINED"
"824900","625643","2026-07-06","home","pitchesLast3Starts","184","211","27","823206|822747|824935","AVAILABLE_IN_LINEAGE_SOURCE","LAST_STARTS","DATE_ONLY","UNEXPLAINED"
"824900","625643","2026-07-06","home","daysSinceLastStart","5","10","5","823206|822747|824935","AVAILABLE_IN_LINEAGE_SOURCE","LAST_STARTS","DATE_ONLY","UNEXPLAINED"
"824900","625643","2026-07-06","home","last3AppearancesKs1","6","0","6","824905|823206|824908","AVAILABLE_IN_LINEAGE_SOURCE","LAST_APPEARANCES","DATE_ONLY","UNEXPLAINED"
"824900","625643","2026-07-06","home","last3AppearancesKs3","1","3","2","824905|823206|824908","AVAILABLE_IN_LINEAGE_SOURCE","LAST_APPEARANCES","DATE_ONLY","UNEXPLAINED"
"824900","625643","2026-07-06","home","last3AppearancesIp1","5","0","5","824905|823206|824908","AVAILABLE_IN_LINEAGE_SOURCE","LAST_APPEARANCES","DATE_ONLY","UNEXPLAINED"
"824900","625643","2026-07-06","home","last3AppearancesIp3","1","3","2","824905|823206|824908","AVAILABLE_IN_LINEAGE_SOURCE","LAST_APPEARANCES","DATE_ONLY","UNEXPLAINED"
"824900","625643","2026-07-06","home","last3AppearancesBf1","18","0","18","824905|823206|824908","AVAILABLE_IN_LINEAGE_SOURCE","LAST_APPEARANCES","DATE_ONLY","UNEXPLAINED"
"824900","625643","2026-07-06","home","last5AppearancesKsAvg","4.2","1.2","3","824905|823206|824908","AVAILABLE_IN_LINEAGE_SOURCE","LAST_APPEARANCES","DATE_ONLY","UNEXPLAINED"
"824900","625643","2026-07-06","home","last5AppearancesKsStd","2.64","0.9797958971132713","1.6602041028867287","824905|823206|824908","AVAILABLE_IN_LINEAGE_SOURCE","LAST_APPEARANCES","DATE_ONLY","UNEXPLAINED"
"824900","625643","2026-07-06","home","last5AppearancesIpAvg","3.7","2","1.7000000000000002","824905|823206|824908","AVAILABLE_IN_LINEAGE_SOURCE","LAST_APPEARANCES","DATE_ONLY","UNEXPLAINED"
"824900","625643","2026-07-06","home","last5AppearancesBfAvg","16.6","7.4","9.200000000000001","824905|823206|824908","AVAILABLE_IN_LINEAGE_SOURCE","LAST_APPEARANCES","DATE_ONLY","UNEXPLAINED"
"824900","625643","2026-07-06","home","last5AppearancesPitchCountAvg","72","35","37","824905|823206|824908","AVAILABLE_IN_LINEAGE_SOURCE","LAST_APPEARANCES","DATE_ONLY","UNEXPLAINED"
"824902","527048","2026-07-05","home","last3StartsKs1","1","4","3","823284|824910|824914","AVAILABLE_IN_LINEAGE_SOURCE","LAST_STARTS","DATE_ONLY","UNEXPLAINED"
"824902","527048","2026-07-05","home","last3StartsKs2","4","5","1","823284|824910|824914","AVAILABLE_IN_LINEAGE_SOURCE","LAST_STARTS","DATE_ONLY","UNEXPLAINED"
"824902","527048","2026-07-05","home","last3StartsIp1","5","4","1","823284|824910|824914","AVAILABLE_IN_LINEAGE_SOURCE","LAST_STARTS","DATE_ONLY","UNEXPLAINED"
"824902","527048","2026-07-05","home","last3StartsIp2","4","6","2","823284|824910|824914","AVAILABLE_IN_LINEAGE_SOURCE","LAST_STARTS","DATE_ONLY","UNEXPLAINED"
"824902","527048","2026-07-05","home","last3StartsIp3","6","5","1","823284|824910|824914","AVAILABLE_IN_LINEAGE_SOURCE","LAST_STARTS","DATE_ONLY","UNEXPLAINED"
"824902","527048","2026-07-05","home","last3StartsBf1","23","20","3","823284|824910|824914","AVAILABLE_IN_LINEAGE_SOURCE","LAST_STARTS","DATE_ONLY","UNEXPLAINED"
"824902","527048","2026-07-05","home","last3StartsBf2","20","25","5","823284|824910|824914","AVAILABLE_IN_LINEAGE_SOURCE","LAST_STARTS","DATE_ONLY","UNEXPLAINED"
"824902","527048","2026-07-05","home","last3StartsBf3","25","20","5","823284|824910|824914","AVAILABLE_IN_LINEAGE_SOURCE","LAST_STARTS","DATE_ONLY","UNEXPLAINED"
"824902","527048","2026-07-05","home","last5StartsPitchCountAvg","81","83.2","2.200000000000003","823284|824910|824914","AVAILABLE_IN_LINEAGE_SOURCE","LAST_STARTS","DATE_ONLY","UNEXPLAINED"
"824902","527048","2026-07-05","home","pitchesLastStart","85","82","3","823284|824910|824914","AVAILABLE_IN_LINEAGE_SOURCE","LAST_STARTS","DATE_ONLY","UNEXPLAINED"
"824902","527048","2026-07-05","home","daysSinceLastStart","5","11","6","823284|824910|824914","AVAILABLE_IN_LINEAGE_SOURCE","LAST_STARTS","DATE_ONLY","UNEXPLAINED"
"824902","527048","2026-07-05","home","last5AppearancesPitchCountAvg","81","83","2","824907|823284|824910","AVAILABLE_IN_LINEAGE_SOURCE","LAST_APPEARANCES","DATE_ONLY","UNEXPLAINED"
"824904","656550","2026-07-03","home","last3StartsIp3","3.7","2","1.7000000000000002","823288|824912|824912","AVAILABLE_IN_LINEAGE_SOURCE","LAST_STARTS","DATE_ONLY","UNEXPLAINED"
"824904","656550","2026-07-03","home","last3StartsBf3","18","13","5","823288|824912|824912","AVAILABLE_IN_LINEAGE_SOURCE","LAST_STARTS","DATE_ONLY","UNEXPLAINED"
"824904","656550","2026-07-03","home","last5StartsBfAvg","19.6","18","1.6000000000000014","823288|824912|824912","AVAILABLE_IN_LINEAGE_SOURCE","LAST_STARTS","DATE_ONLY","UNEXPLAINED"
"824904","656550","2026-07-03","home","last5StartsPitchCountAvg","76","71.4","4.599999999999994","823288|824912|824912","AVAILABLE_IN_LINEAGE_SOURCE","LAST_STARTS","DATE_ONLY","UNEXPLAINED"
"824904","656550","2026-07-03","home","pitchesLastStart","47","91","44","823288|824912|824912","AVAILABLE_IN_LINEAGE_SOURCE","LAST_STARTS","DATE_ONLY","UNEXPLAINED"
"824904","656550","2026-07-03","home","pitchesLast3Starts","193","201","8","823288|824912|824912","AVAILABLE_IN_LINEAGE_SOURCE","LAST_STARTS","DATE_ONLY","UNEXPLAINED"
"824904","656550","2026-07-03","home","daysSinceLastStart","6","11","5","823288|824912|824912","AVAILABLE_IN_LINEAGE_SOURCE","LAST_STARTS","DATE_ONLY","UNEXPLAINED"
"824904","656550","2026-07-03","home","last3AppearancesKs2","2","4","2","823207|823288|824912","AVAILABLE_IN_LINEAGE_SOURCE","LAST_APPEARANCES","DATE_ONLY","UNEXPLAINED"
"824904","656550","2026-07-03","home","last3AppearancesIp2","2","4.666666666666667","2.666666666666667","823207|823288|824912","AVAILABLE_IN_LINEAGE_SOURCE","LAST_APPEARANCES","DATE_ONLY","UNEXPLAINED"
"824904","656550","2026-07-03","home","last3AppearancesIp3","3.7","2","1.7000000000000002","823207|823288|824912","AVAILABLE_IN_LINEAGE_SOURCE","LAST_APPEARANCES","DATE_ONLY","UNEXPLAINED"
"824904","656550","2026-07-03","home","last3AppearancesBf1","21","13","8","823207|823288|824912","AVAILABLE_IN_LINEAGE_SOURCE","LAST_APPEARANCES","DATE_ONLY","UNEXPLAINED"
"824904","656550","2026-07-03","home","last3AppearancesBf2","13","21","8","823207|823288|824912","AVAILABLE_IN_LINEAGE_SOURCE","LAST_APPEARANCES","DATE_ONLY","UNEXPLAINED"
"824904","656550","2026-07-03","home","last3AppearancesBf3","18","13","5","823207|823288|824912","AVAILABLE_IN_LINEAGE_SOURCE","LAST_APPEARANCES","DATE_ONLY","UNEXPLAINED"
"824904","656550","2026-07-03","home","last5AppearancesBfAvg","19.6","15.6","4.000000000000002","823207|823288|824912","AVAILABLE_IN_LINEAGE_SOURCE","LAST_APPEARANCES","DATE_ONLY","UNEXPLAINED"
"824904","656550","2026-07-03","home","last5AppearancesPitchCountAvg","76","63","13","823207|823288|824912","AVAILABLE_IN_LINEAGE_SOURCE","LAST_APPEARANCES","DATE_ONLY","UNEXPLAINED"
"824978","682052","2026-07-19","home","pitchesLast3Starts","131","151","20","824575|825001|824033","AVAILABLE_IN_LINEAGE_SOURCE","LAST_STARTS","DATE_ONLY","UNEXPLAINED"
"824978","682052","2026-07-19","home","last3AppearancesKs2","3","4","1","824575|824254|825001","AVAILABLE_IN_LINEAGE_SOURCE","LAST_APPEARANCES","DATE_ONLY","UNEXPLAINED"
"824978","682052","2026-07-19","home","last3AppearancesKs3","2","3","1","824575|824254|825001","AVAILABLE_IN_LINEAGE_SOURCE","LAST_APPEARANCES","DATE_ONLY","UNEXPLAINED"
"824978","682052","2026-07-19","home","last3AppearancesIp2","2","3","1","824575|824254|825001","AVAILABLE_IN_LINEAGE_SOURCE","LAST_APPEARANCES","DATE_ONLY","UNEXPLAINED"
"824978","682052","2026-07-19","home","last3AppearancesIp3","3.7","2","1.7000000000000002","824575|824254|825001","AVAILABLE_IN_LINEAGE_SOURCE","LAST_APPEARANCES","DATE_ONLY","UNEXPLAINED"
"824978","682052","2026-07-19","home","last3AppearancesBf2","13","14","1","824575|824254|825001","AVAILABLE_IN_LINEAGE_SOURCE","LAST_APPEARANCES","DATE_ONLY","UNEXPLAINED"
"824978","682052","2026-07-19","home","last3AppearancesBf3","21","13","8","824575|824254|825001","AVAILABLE_IN_LINEAGE_SOURCE","LAST_APPEARANCES","DATE_ONLY","UNEXPLAINED"
"824978","682052","2026-07-19","home","last5AppearancesBfAvg","16.6","14.4","2.200000000000001","824575|824254|825001","AVAILABLE_IN_LINEAGE_SOURCE","LAST_APPEARANCES","DATE_ONLY","UNEXPLAINED"
"824978","682052","2026-07-19","home","last5AppearancesPitchCountAvg","66","61","5","824575|824254|825001","AVAILABLE_IN_LINEAGE_SOURCE","LAST_APPEARANCES","DATE_ONLY","UNEXPLAINED"
"824980","695611","2026-07-05","home","last5StartsPitchCountAvg","93","95.2","2.200000000000003","824986|823208|824989","AVAILABLE_IN_LINEAGE_SOURCE","LAST_STARTS","DATE_ONLY","UNEXPLAINED"
"824980","695611","2026-07-05","home","last5AppearancesPitchCountAvg","93","95.2","2.200000000000003","824986|823208|824989","AVAILABLE_IN_LINEAGE_SOURCE","LAST_APPEARANCES","DATE_ONLY","UNEXPLAINED"
"824983","650644","2026-07-04","home","last3AppearancesKs3","2","3","1","824011|823210|824664","AVAILABLE_IN_LINEAGE_SOURCE","LAST_APPEARANCES","DATE_ONLY","UNEXPLAINED"
"824983","650644","2026-07-04","home","last3AppearancesBf3","20","13","7","824011|823210|824664","AVAILABLE_IN_LINEAGE_SOURCE","LAST_APPEARANCES","DATE_ONLY","UNEXPLAINED"
"824983","650644","2026-07-04","home","last5AppearancesBfAvg","20.6","18.8","1.8000000000000007","824011|823210|824664","AVAILABLE_IN_LINEAGE_SOURCE","LAST_APPEARANCES","DATE_ONLY","UNEXPLAINED"
"824983","650644","2026-07-04","home","last5AppearancesPitchCountAvg","76","70.2","5.799999999999997","824011|823210|824664","AVAILABLE_IN_LINEAGE_SOURCE","LAST_APPEARANCES","DATE_ONLY","UNEXPLAINED"
"824986","695611","2026-06-29","home","last3StartsKs3","6","3","3","823208|824989|824183","AVAILABLE_IN_LINEAGE_SOURCE","LAST_STARTS","DATE_ONLY","UNEXPLAINED"
"824986","695611","2026-06-29","home","last3StartsIp3","5","6.333333333333333","1.333333333333333","823208|824989|824183","AVAILABLE_IN_LINEAGE_SOURCE","LAST_STARTS","DATE_ONLY","UNEXPLAINED"
"824986","695611","2026-06-29","home","last3StartsBf3","21","24","3","823208|824989|824183","AVAILABLE_IN_LINEAGE_SOURCE","LAST_STARTS","DATE_ONLY","UNEXPLAINED"
"824986","695611","2026-06-29","home","last5StartsPitchCountAvg","92","94.6","2.5999999999999943","823208|824989|824183","AVAILABLE_IN_LINEAGE_SOURCE","LAST_STARTS","DATE_ONLY","UNEXPLAINED"
"824986","695611","2026-06-29","home","pitchesLast3Starts","279","300","21","823208|824989|824183","AVAILABLE_IN_LINEAGE_SOURCE","LAST_STARTS","DATE_ONLY","UNEXPLAINED"
"824986","695611","2026-06-29","home","last3AppearancesKs3","6","3","3","823208|824989|824183","AVAILABLE_IN_LINEAGE_SOURCE","LAST_APPEARANCES","DATE_ONLY","UNEXPLAINED"
"824986","695611","2026-06-29","home","last3AppearancesIp3","5","6.333333333333333","1.333333333333333","823208|824989|824183","AVAILABLE_IN_LINEAGE_SOURCE","LAST_APPEARANCES","DATE_ONLY","UNEXPLAINED"
"824986","695611","2026-06-29","home","last3AppearancesBf3","21","24","3","823208|824989|824183","AVAILABLE_IN_LINEAGE_SOURCE","LAST_APPEARANCES","DATE_ONLY","UNEXPLAINED"
"824986","695611","2026-06-29","home","last5AppearancesPitchCountAvg","92","94.6","2.5999999999999943","823208|824989|824183","AVAILABLE_IN_LINEAGE_SOURCE","LAST_APPEARANCES","DATE_ONLY","UNEXPLAINED"
"825039","593958","2026-08-26","home","last3StartsKs1","4","5","1","824884|825050|823351","AVAILABLE_IN_LINEAGE_SOURCE","LAST_STARTS","DATE_ONLY","UNEXPLAINED"
"825039","593958","2026-08-26","home","last3StartsKs2","5","9","4","824884|825050|823351","AVAILABLE_IN_LINEAGE_SOURCE","LAST_STARTS","DATE_ONLY","UNEXPLAINED"
"825039","593958","2026-08-26","home","last3StartsKs3","9","2","7","824884|825050|823351","AVAILABLE_IN_LINEAGE_SOURCE","LAST_STARTS","DATE_ONLY","UNEXPLAINED"
"825039","593958","2026-08-26","home","last3StartsIp2","6","7","1","824884|825050|823351","AVAILABLE_IN_LINEAGE_SOURCE","LAST_STARTS","DATE_ONLY","UNEXPLAINED"
"825039","593958","2026-08-26","home","last3StartsIp3","7","8","1","824884|825050|823351","AVAILABLE_IN_LINEAGE_SOURCE","LAST_STARTS","DATE_ONLY","UNEXPLAINED"
"825039","593958","2026-08-26","home","last3StartsBf1","22","23","1","824884|825050|823351","AVAILABLE_IN_LINEAGE_SOURCE","LAST_STARTS","DATE_ONLY","UNEXPLAINED"
"825039","593958","2026-08-26","home","last3StartsBf2","23","28","5","824884|825050|823351","AVAILABLE_IN_LINEAGE_SOURCE","LAST_STARTS","DATE_ONLY","UNEXPLAINED"
"825039","593958","2026-08-26","home","last5StartsBfAvg","26","24.4","1.6000000000000014","824884|825050|823351","AVAILABLE_IN_LINEAGE_SOURCE","LAST_STARTS","DATE_ONLY","UNEXPLAINED"
"825039","593958","2026-08-26","home","last5StartsPitchCountAvg","103","96.4","6.599999999999994","824884|825050|823351","AVAILABLE_IN_LINEAGE_SOURCE","LAST_STARTS","DATE_ONLY","UNEXPLAINED"
"825039","593958","2026-08-26","home","pitchesLastStart","99","96","3","824884|825050|823351","AVAILABLE_IN_LINEAGE_SOURCE","LAST_STARTS","DATE_ONLY","UNEXPLAINED"
"825039","593958","2026-08-26","home","pitchesLast3Starts","310","316","6","824884|825050|823351","AVAILABLE_IN_LINEAGE_SOURCE","LAST_STARTS","DATE_ONLY","UNEXPLAINED"
"825039","593958","2026-08-26","home","daysSinceLastStart","5","11","6","824884|825050|823351","AVAILABLE_IN_LINEAGE_SOURCE","LAST_STARTS","DATE_ONLY","UNEXPLAINED"
"825057","593958","2026-07-19","home","last3AppearancesKs1","5","0","5","823443|823927|825061","AVAILABLE_IN_LINEAGE_SOURCE","LAST_APPEARANCES","DATE_ONLY","UNEXPLAINED"
"825057","593958","2026-07-19","home","last3AppearancesKs2","3","5","2","823443|823927|825061","AVAILABLE_IN_LINEAGE_SOURCE","LAST_APPEARANCES","DATE_ONLY","UNEXPLAINED"
"825057","593958","2026-07-19","home","last3AppearancesKs3","1","3","2","823443|823927|825061","AVAILABLE_IN_LINEAGE_SOURCE","LAST_APPEARANCES","DATE_ONLY","UNEXPLAINED"
"825057","593958","2026-07-19","home","last3AppearancesIp1","6","1","5","823443|823927|825061","AVAILABLE_IN_LINEAGE_SOURCE","LAST_APPEARANCES","DATE_ONLY","UNEXPLAINED"
"825057","593958","2026-07-19","home","last3AppearancesIp3","7","6","1","823443|823927|825061","AVAILABLE_IN_LINEAGE_SOURCE","LAST_APPEARANCES","DATE_ONLY","UNEXPLAINED"
"825057","593958","2026-07-19","home","last3AppearancesBf1","25","3","22","823443|823927|825061","AVAILABLE_IN_LINEAGE_SOURCE","LAST_APPEARANCES","DATE_ONLY","UNEXPLAINED"
"825057","593958","2026-07-19","home","last3AppearancesBf2","23","25","2","823443|823927|825061","AVAILABLE_IN_LINEAGE_SOURCE","LAST_APPEARANCES","DATE_ONLY","UNEXPLAINED"
"825057","593958","2026-07-19","home","last3AppearancesBf3","26","23","3","823443|823927|825061","AVAILABLE_IN_LINEAGE_SOURCE","LAST_APPEARANCES","DATE_ONLY","UNEXPLAINED"
"825057","593958","2026-07-19","home","last5AppearancesKsAvg","3.8","2.8","1","823443|823927|825061","AVAILABLE_IN_LINEAGE_SOURCE","LAST_APPEARANCES","DATE_ONLY","UNEXPLAINED"
"825057","593958","2026-07-19","home","last5AppearancesIpAvg","6.5","5.333333333333334","1.166666666666666","823443|823927|825061","AVAILABLE_IN_LINEAGE_SOURCE","LAST_APPEARANCES","DATE_ONLY","UNEXPLAINED"
"825057","593958","2026-07-19","home","last5AppearancesBfAvg","25.2","20.4","4.800000000000001","823443|823927|825061","AVAILABLE_IN_LINEAGE_SOURCE","LAST_APPEARANCES","DATE_ONLY","UNEXPLAINED"
"825057","593958","2026-07-19","home","last5AppearancesPitchCountAvg","95","76.6","18.400000000000006","823443|823927|825061","AVAILABLE_IN_LINEAGE_SOURCE","LAST_APPEARANCES","DATE_ONLY","UNEXPLAINED"
"825061","593958","2026-07-05","home","last5StartsBfAvg","23.6","25.4","1.7999999999999972","825065|823043|825072","AVAILABLE_IN_LINEAGE_SOURCE","LAST_STARTS","DATE_ONLY","UNEXPLAINED"
"825061","593958","2026-07-05","home","last5StartsPitchCountAvg","93","94.8","1.7999999999999972","825065|823043|825072","AVAILABLE_IN_LINEAGE_SOURCE","LAST_STARTS","DATE_ONLY","UNEXPLAINED"
"825061","593958","2026-07-05","home","last5AppearancesBfAvg","23.6","25.4","1.7999999999999972","825065|823043|825072","AVAILABLE_IN_LINEAGE_SOURCE","LAST_APPEARANCES","DATE_ONLY","UNEXPLAINED"
"825061","593958","2026-07-05","home","last5AppearancesPitchCountAvg","93","94.8","1.7999999999999972","825065|823043|825072","AVAILABLE_IN_LINEAGE_SOURCE","LAST_APPEARANCES","DATE_ONLY","UNEXPLAINED"
"825062","703615","2026-07-03","home","last3StartsKs1","4","3","1","825067","AVAILABLE_IN_LINEAGE_SOURCE","LAST_STARTS","DATE_ONLY","UNEXPLAINED"
"825062","703615","2026-07-03","home","last3StartsBf1","23","18","5","825067","AVAILABLE_IN_LINEAGE_SOURCE","LAST_STARTS","DATE_ONLY","UNEXPLAINED"
"825062","703615","2026-07-03","home","last5StartsBfAvg","20.5","18","2.5","825067","AVAILABLE_IN_LINEAGE_SOURCE","LAST_STARTS","DATE_ONLY","UNEXPLAINED"
"825062","703615","2026-07-03","home","last5StartsPitchCountAvg","71","62","9","825067","AVAILABLE_IN_LINEAGE_SOURCE","LAST_STARTS","DATE_ONLY","UNEXPLAINED"
"825062","703615","2026-07-03","home","pitchesLastStart","80","62","18","825067","AVAILABLE_IN_LINEAGE_SOURCE","LAST_STARTS","DATE_ONLY","UNEXPLAINED"
"825062","703615","2026-07-03","home","pitchesLast3Starts","142","62","80","825067","AVAILABLE_IN_LINEAGE_SOURCE","LAST_STARTS","DATE_ONLY","UNEXPLAINED"
"825062","703615","2026-07-03","home","daysSinceLastStart","6","12","6","825067","AVAILABLE_IN_LINEAGE_SOURCE","LAST_STARTS","DATE_ONLY","UNEXPLAINED"
"825063","518876","2026-07-04","home","last5StartsPitchCountAvg","87","91.8","4.799999999999997","822959|823040|825070","AVAILABLE_IN_LINEAGE_SOURCE","LAST_STARTS","DATE_ONLY","UNEXPLAINED"
"825063","518876","2026-07-04","home","last5AppearancesPitchCountAvg","87","91.8","4.799999999999997","822959|823040|825070","AVAILABLE_IN_LINEAGE_SOURCE","LAST_APPEARANCES","DATE_ONLY","UNEXPLAINED"
"825065","593958","2026-06-29","home","last3StartsKs3","3","5","2","823043|825072|825075","AVAILABLE_IN_LINEAGE_SOURCE","LAST_STARTS","DATE_ONLY","UNEXPLAINED"
"825065","593958","2026-06-29","home","last3StartsIp3","2.7","6.333333333333333","3.633333333333333","823043|825072|825075","AVAILABLE_IN_LINEAGE_SOURCE","LAST_STARTS","DATE_ONLY","UNEXPLAINED"
"825065","593958","2026-06-29","home","last3StartsBf3","15","25","10","823043|825072|825075","AVAILABLE_IN_LINEAGE_SOURCE","LAST_STARTS","DATE_ONLY","UNEXPLAINED"
"825065","593958","2026-06-29","home","last5StartsBfAvg","23.2","25.2","2","823043|825072|825075","AVAILABLE_IN_LINEAGE_SOURCE","LAST_STARTS","DATE_ONLY","UNEXPLAINED"
"825065","593958","2026-06-29","home","last5StartsPitchCountAvg","94","95.4","1.4000000000000057","823043|825072|825075","AVAILABLE_IN_LINEAGE_SOURCE","LAST_STARTS","DATE_ONLY","UNEXPLAINED"
"825065","593958","2026-06-29","home","pitchesLast3Starts","280","287","7","823043|825072|825075","AVAILABLE_IN_LINEAGE_SOURCE","LAST_STARTS","DATE_ONLY","UNEXPLAINED"
"825065","593958","2026-06-29","home","last3AppearancesKs3","3","5","2","823043|825072|825075","AVAILABLE_IN_LINEAGE_SOURCE","LAST_APPEARANCES","DATE_ONLY","UNEXPLAINED"
"825065","593958","2026-06-29","home","last3AppearancesIp3","2.7","6.333333333333333","3.633333333333333","823043|825072|825075","AVAILABLE_IN_LINEAGE_SOURCE","LAST_APPEARANCES","DATE_ONLY","UNEXPLAINED"
"825065","593958","2026-06-29","home","last3AppearancesBf3","15","25","10","823043|825072|825075","AVAILABLE_IN_LINEAGE_SOURCE","LAST_APPEARANCES","DATE_ONLY","UNEXPLAINED"
"825065","593958","2026-06-29","home","last5AppearancesBfAvg","23.2","25.2","2","823043|825072|825075","AVAILABLE_IN_LINEAGE_SOURCE","LAST_APPEARANCES","DATE_ONLY","UNEXPLAINED"
"825065","593958","2026-06-29","home","last5AppearancesPitchCountAvg","94","95.4","1.4000000000000057","823043|825072|825075","AVAILABLE_IN_LINEAGE_SOURCE","LAST_APPEARANCES","DATE_ONLY","UNEXPLAINED"